index,sheet_row,sku,status,render_sku,brand,model
1,3,RM1103,exact,RM1103,Richard Mille,Richard Mille RM 11-03 Flyback Chrono Rose Gold
2,4,G5,exact,G5,Rolex,Rolex Day-date 40 228396tbr Platinum Arabic Dial Diamond Bezel
3,5,G3,exact,G3,Patek Philippe,Patek Philippe Aquanaut Chronograph 5968a Black Dial Orange Strap
4,6,G2,exact,G2,Rolex,Rolex Cosmograph Daytona 116519ln Meteorite Dial White Gold
5,7,G4,exact,G4,Audemars Piguet,Audemars Piguet Royal Oak Chronograph 26331or Rose Gold Brown Dial
6,8,WWN116508-0013,exact,WWN116508-0013,Rolex,Rolex Cosmograph Daytona Yellow Gold Automatic Green Dial John Mayer Men's Watch 116508-0013
7,9,G6,exact,G6,Rolex,Rolex Day-date 40 228235 Olive Green Dial Everose President
8,10,WW196,exact,WW196,Breitling,Breitling Navitimer Automatic 41MM Cream Dial 18K Rose Gold Men's
9,11,WWNG0A46020,exact,WWNG0A46020,Piaget,Piaget Polo Date 18K Rose Gold Diamond Bezel Women's Watch G0A46020
10,12,IWC-IW5030-08,exact,IWC-IW5030-08,IWC,Pilots Watches — CER BP PC TG LAKE TAHOE 46-BLK NUM-STRAP
11,13,G0,exact,G0,Rolex,Rolex Cosmograph Daytona 116500ln White Panda Dial Steel Ceramic
12,14,W1101,exact,W1101,Breitling,Breitling RB0139211G1R1 Navitimer B01 Chronograph 41MM Rose Gold M
13,15,G1,exact,G1,Rolex,Rolex Submariner Hulk 116610lv Green Dial Green Bezel 2017
14,16,WW68,exact,WW68,Omega,Omega Speedmaster Moonwatch Professional 42MM Green Leather Men's
15,17,WWN101924,exact,WWN101924,Bulgari,Bulgari Serpenti Tubogas Quartz White Dial Diamond Bezel 18K Yellow Gold Women's Watch 101924
16,18,WWNG0A46023,exact,WWNG0A46023,Piaget,Piaget Polo Date Diamond White Dial 18kt Rose Gold Leather Strap Women's Watch G0A46023
17,19,WWN275378-5008,exact,WWN275378-5008,Chopard,Chopard Happy Sport Automatic 33mm Rose Gold Diamond Dial Rose Gold Women's Watch 275378-5008
18,20,BREI-R17375211B1S1,exact,BREI-R17375211B1S1,Breitling,RG SO AUTO42-BLK IX-BLK CER-BLK DPIV-DB
19,21,WWNM126710BLRO-0002,exact,WWNM126710BLRO-0002,Rolex,Rolex GMT Master ll Pepsi Bezel Oyster Bracelet Men's Watch M126710BLRO-0002
20,22,WWN103146,exact,WWN103146,Bulgari,Bulgari Serpenti Seduttori 18kt Rose Gold Diamond Bezel Women's Watch 103146
21,23,WWNG0A43010,exact,WWNG0A43010,Piaget,Piaget Polo Date Automatic White Dial 18K Rose Gold Blue Leather Strap Men's Watch G0A43010
22,24,W12,exact,W12,Breitling,BREITLING Navitimer B19 Chronograph Perpetual Calendar 43MM Blue D
23,25,CART-WJHY0006,exact,CART-WJHY0006,Cartier,Hypnose — RG HYPNOSE37X33-SLV-DIAM BEZ-STRAP
24,26,WW965,exact,WW965,Piaget,Piaget Dancer 18K White Gold 31MM Quartz Men's Watch G0a03331
25,27,WWN301.PB.131.RX,exact,WWN301.PB.131.RX,Hublot,Hublot Big Bang 44mm Chronograph Black Dial 18k Rose Gold Rubber Strap Men's Watch 301.PB.131.RX
26,28,CART-WJ300570,exact,CART-WJ300570,Cartier,Himalia — WG HIMALIA 16-BLK-DIA BEZCASE-STRAP
27,29,CART-W69002Z2,exact,CART-W69002Z2,Cartier,Ballon Bleu — RG B.BLEU QTZ 28-SLV ROM-BRC
28,30,WWN161926-1001,exact,WWN161926-1001,Chopard,Chopard L.U.C Quattro 18kt White Gold Silver Dial Black Leather Men's Watch 161926-1001
29,31,WW65,exact,WW65,Omega,Omega Speedmaster Moonwatch Professional 42MM Sedna Gold Two-tone
30,32,WW66,exact,WW66,Omega,Omega Speedmaster Moonwatch Professional 42MM Silver Dial
31,33,WW449,exact,WW449,Breitling,Breitling Navitimer B01 Chronograph Automatic 41MM Blue Dial
32,34,WWNG0A47027,exact,WWNG0A47027,Piaget,Piaget Polo Date Automatic Blue Dial Diamond Bezel Steel Women's Watch G0A47027
33,35,WW721,exact,WW721,Omega,Omega De Ville Prestige 36.8mm Auto Ss Men's Watch
34,36,WWN298609-3003,exact,WWN298609-3003,Chopard,Chopard Alpine Eagle XL Chrono Automatic Blue Dial Rubber Strap Men's Watch 298609-3003
35,37,WWN525.CF.0130.RX.ORL19,exact,WWN525.CF.0130.RX.ORL19,Hublot,Hublot Classic Fusion Aerofusion Limited Edition Skeleton Dial Red Rubber Strap Men's Watch 525.CF.0130.RX.ORL19
36,38,WWNM126610LN-0001,exact,WWNM126610LN-0001,Rolex,Rolex Submariner Black Dial Date Oystersteel Men's Watch M126610LN-0001
37,39,BREI-EB0134101M1E1,exact,BREI-EB0134101M1E1,Breitling,TI CHRMT B01 42-GRY IX-BLK SUBS-RLX BRC
38,40,WWNM126610LV-0002,exact,WWNM126610LV-0002,Rolex,"Rolex Submariner Date ""Starbucks"" Stainless Steel Men's Watch M126610LV-0002"
39,41,WWN278615-6001,exact,WWN278615-6001,Chopard,Chopard Happy Sport Chronograph Automatic Rose Gold Diamond Dial Leather Strap Women's Watch 278615-6001
40,42,IWC-IW5004-33,exact,IWC-IW5004-33,IWC,Pilots Watches — SS BIG PILO ALI LE 46-BLK RED IX-STRAP
41,43,G7,exact,G7,Rolex,Rolex Submariner Date 116610ln Black Dial Black Bezel Steel 2011
42,44,WWN311.63.44.51.99.001,exact,WWN311.63.44.51.99.001,Omega,Omega Speedmaster Dark Side of the Moon Meteorite Grey Dial Leather Strap Men's Watch 311.63.44.51.99.001
43,45,WWN275378-5005,exact,WWN275378-5005,Chopard,Chopard Happy Sport Automatic 33mm Floating Diamonds 18kt Rose Gold Leather Strap Women's Watch 275378-5005
44,46,WW715,exact,WW715,Omega,Omega Seamaster Diver 300 Co-axial 42MM 18K Ss Men's Watch
45,47,WWN304.30.43.52.01.001,exact,WWN304.30.43.52.01.001,Omega,Omega Speedmaster Moonphase Co-Axial Master Chronometer Chronograph  Black Dial Stainless Steel Men's Watch 304.30.43.52.01.001
46,48,W1251,exact,W1251,Omega,OMEGA Seamaster Blue Dial 18K Yellow Gold 42MM Men's Watch 210.20.
47,49,WW69,exact,WW69,Omega,Omega Seamaster Diver 300M 18K Rose Gold 42MM Green Titanium
48,50,WWNM126300-0006,exact,WWNM126300-0006,Rolex,Rolex Datejust 41 Stainless Steel White Dial Men's Watch M126300-0006
49,51,BREI-SB04452A1C1X1,exact,BREI-SB04452A1C1X1,Breitling,BLKcer SPR AVI B04 CHR F4U 46-BLUE-BLK MIL-DB
50,52,CART-WJBL0008,exact,CART-WJBL0008,Cartier,Ballon Bleu — RG BALLON BLANC30-SLV-TB
51,53,WW720,exact,WW720,Omega,Omega Seamaster Diver 300M Co-axial Master 42MM Ss Men's Watch
52,54,WWN103068,exact,WWN103068,Bulgari,Bulgari Octo Finissimo Grey Chronograph Dial Ttanium  Men's Watch 103068
53,55,BREI-YB04451A1B1A1,exact,BREI-YB04451A1B1A1,Breitling,SS SPR AVI B04 CHR GMT MOSQ46-BLK-SLV SUB-PILOT BRC
54,56,WWNM79310-0001,exact,WWNM79310-0001,Tudor,"Tudor Black Bay Chrono Yellow and Black ""Bumblebee"" Dial Steel Men's Watch M79310-0001"
55,57,BREI-AB04453A1B1A1,exact,BREI-AB04453A1B1A1,Breitling,SS CLS AVI CHR GMT MUSTANG 45-BLK NUM-PILOT
56,58,IWC-IW3879-07,exact,IWC-IW3879-07,IWC,Pilots Watches — BRZ PILOT MR PORTER LE 41-BLK-STRAP
57,59,BREI-A17356531C1P1,exact,BREI-A17356531C1P1,Breitling,SS CHRMT AUTO36-BLUE IX-LAB DIAM BEZ-BLUE ALG-DB
58,60,WW719,exact,WW719,Omega,Omega Seamaster Diver 300M James Bond 007 Edition 42MM Titanium
59,61,BREI-AB04451A1C1X1,exact,BREI-AB04451A1C1X1,Breitling,SS SPR AVI CHR GMT CORSAIR46-BLUE-BLK LTH-DB
60,62,WW67,exact,WW67,Omega,Omega Speedmaster Moonwatch Professional 42MM Silver Dial Leather
61,63,BREI-A17356531C1S1,exact,BREI-A17356531C1S1,Breitling,SS CHRMT AUTO36-BLUE IX-LAB DIAM BEZ-BLUE RLX RUB-DB
62,64,BREI-EB0134101M1S1,exact,BREI-EB0134101M1S1,Breitling,TI CHRMT B01 42-GRY IX-BLK SUBS-BLK RLX-DB
63,65,W1247,exact,W1247,Omega,OMEGA Moonphase Co-Axial Master 44.25MM Leather Men's Watch 304.33
64,66,WWNG0A49022,exact,WWNG0A49022,Piaget,Piaget Polo Field Automatic Green Dial Steel Men's Watch G0A49022
65,67,BREI-SB01472A1B1X1,exact,BREI-SB01472A1B1X1,Breitling,CER AVG B01 CHR NM BLDHDS44-GRY-BLK SUB-BLK MIL-DB
66,68,WWNM224270-0001,exact,WWNM224270-0001,Rolex,Rolex Explorer 40 Black Dial Oystersteel Oyster Bracelet Men's Watch M224270-0001
67,69,WW824,exact,WW824,Omega,Omega Speedmaster Moonwatch Co-axial Chrono 42MM Ss Men's Watch
68,70,WWN311.92.44.51.01.005,exact,WWN311.92.44.51.01.005,Omega,Omega Speedmaster Dark Side of the Moon Chronograph Black Nylon Strap Men's Watch 311.92.44.51.01.005
69,71,WWN298617-3001,exact,WWN298617-3001,Chopard,Chopard Alpine Eagle 33 Automatic Blue Dial Steel Women's Watch 298617-3001
70,72,BREI-SB01474A1C1X1,exact,BREI-SB01474A1C1X1,Breitling,BLKcer AVG B01 CHR US NV ACAD 44-BLUE IX-BLK SUBS-BLUE MIL-DB
71,73,BREI-EB0148101B1E1,exact,BREI-EB0148101B1E1,Breitling,TI SPR AVG B01 CHR46-BLK IX-PROFIII BRC
72,74,BREI-EB0148101C1E1,exact,BREI-EB0148101C1E1,Breitling,TI SPR AVG B01 CHR46-BLUE IX-BLK SUB-PRFIII BRC
73,75,BREI-SB01473A1B1X1,exact,BREI-SB01473A1B1X1,Breitling,CER AVG B01 CHR NM DEVILS44-BLK-BLK MILT-DB
74,76,WWNG0A48022,exact,WWNG0A48022,Piaget,Piaget Polo Date Field Automatic Green Dial Rubber Strap Men's Watch G0A48022
75,77,BREI-AB0145371L1A1,exact,BREI-AB0145371L1A1,Breitling,SS PREM B01 CHR42-GRN NUM-NAVI BRC
76,78,BREI-AB0134101C1A1,exact,BREI-AB0134101C1A1,Breitling,SS CHRMT B01 42-BLU IX-BLK SUBS-RLX BRC
77,79,WL7,exact,WL7,Panerai,PANERAI Luminor Quaranta BiTempo Automatic 40MM Green Dial SS Men'
78,80,W1240,exact,W1240,Omega,OMEGA Seamaster James Bond 007 Edition 42MM Titanium Men's Watch 2
79,81,BREI-AB0930F51H1P1,exact,BREI-AB0930F51H1P1,Breitling,SS PREM B09 CHR40-CHP NUM-BRW ALG-DB
80,82,BREI-AB0162121B1A1,exact,BREI-AB0162121B1A1,Breitling,SS SOH CHR 44-BLK IX-SLV SUBS-BLK CER-OC BRC
81,83,WWNG0A43081-CD,exact,WWNG0A43081-CD,Piaget,Piaget Possession 18kt Rose Gold Custom Double Row Diamond Bezel Women's Watch G0A43081-CD
82,84,BREI-SB0148101B1X1,exact,BREI-SB0148101B1X1,Breitling,CER SPR AVG CHR NM46-BLK CARB-GRN MIL-DB
83,85,BREI-SB0146101B1X1,exact,BREI-SB0146101B1X1,Breitling,CER AVG B01 CHR NM42-CARB-TAN MIL-DB
84,86,WWN278608-6013,exact,WWN278608-6013,Chopard,Chopard Happy Sport Automatic 33mm Mother of Pearl Diamond Dial 18K Rose Gold Bezel Blue Leather Strap Women's Watch 278608-6013
85,87,BREI-AB0134101G1A1,exact,BREI-AB0134101G1A1,Breitling,SS CHRMT B01 42-SLV-BLK SUBS-RLX BRC
86,88,WL12,exact,WL12,Panerai,PANERAI Radiomir 1940 3Days GMT Acciaio 45MM AUTO Men's Watch PAM0
87,89,W1252,exact,W1252,Omega,OMEGA Constellation 18k Yellow Gold 29MM Women's Watch 131.20.29.2
88,90,WW278,exact,WW278,Tag Heuer,Tag Heuer Carrera Chronograph Extreme Sport 44MM Titanium Blue
89,91,BREI-AB0162121G1A1,exact,BREI-AB0162121G1A1,Breitling,SS SOH B01 CHR44-SLV IX-BLK SUBS-BLK CER-OC BRC
90,92,WWNG0A50301,exact,WWNG0A50301,Piaget,Piaget Sixtie Silver Dial 18kt Rose Gold & Steel Women's Watch G0A50301
91,93,WWN215.92.46.21.01.001,exact,WWN215.92.46.21.01.001,Omega,Omega Seamaster Planet Ocean 6000M Co-Axial Master Chronometer 45.5 mm Automatic Black Dial Fabric Strap Men's Watch 215.92.46.21.01.001
92,94,BREI-AB0134101K1A1,exact,BREI-AB0134101K1A1,Breitling,SS CHRMT B01 42-COPPER IX-BLK SUBS-SS RLX BRC
93,95,WWNCDW2150.FC8360,exact,WWNCDW2150.FC8360,Tag Heuer,Tag Heuer Monaco Chronograph Black Dial Leather Strap Men's Watch CDW2150.FC8360
94,96,BREI-AB0145221B1P1,exact,BREI-AB0145221B1P1,Breitling,SS PREM B01 CHR 42-BLK NUM-BLK ALG-DB
95,97,BREI-AB0145371L1P2,exact,BREI-AB0145371L1P2,Breitling,SS PREM B01 CHR42-GRN NUM-GRN ALG-DB
96,98,BREI-AB0145171C1P1,exact,BREI-AB0145171C1P1,Breitling,SS PREM B01 CHR 42-BLUE NUM-BRW ALG-DB
97,99,WW70,exact,WW70,Omega,Omega Seamaster Planet Ocean 600M 42MM Black Dial Rubber Men's
98,100,BREI-AB01342B1B3A1,exact,BREI-AB01342B1B3A1,Breitling,SS CHRMT B01 NFL FALCONS 42-BLK IX-SLV SUBS-RLX BRC
99,101,WWN274189-5001-CD,exact,WWN274189-5001-CD,Chopard,Chopard Happy Sport 30mm 18kt Rose Gold Customs Diamond Bezel Women's Watch 274189-5001-CD
100,102,W1243,exact,W1243,Omega,OMEGA De Ville Prestige AUTO SS 36.8MM Men's Watch 424.25.37.20.58
101,103,BREI-AB01342B1B4A1,exact,BREI-AB01342B1B4A1,Breitling,SS CHRMT B01 NFL SAINTS 42-BLK IX-SLV SUBS-RLX BRC
102,104,BREI-AB01342B1B5A1,exact,BREI-AB01342B1B5A1,Breitling,SS CHRMT B01 NFL PANTH 42-BLK IX-SLV SUBS-RLX BRC
103,105,WWNQ1248420,exact,WWNQ1248420,Jaeger LeCoultre,Jaeger LeCoultre Master Ultra Thin Moon Silver Dial Leather Strap Women's Watch Q1248420
104,106,BREI-AB01342B1B6A1,exact,BREI-AB01342B1B6A1,Breitling,SS CHRMT NFL BROWNS 42-BRW IX-SLV SUBS-SS RLX BRC
105,107,WWNCBS2016.EB0430,exact,WWNCBS2016.EB0430,Tag Heuer,Tag Heuer Carrera Chronograph Seafarer Beige Dial Stainless Steel Men's Watch CBS2016.EB0430
106,108,BREI-AB0162121B1S1,exact,BREI-AB0162121B1S1,Breitling,SS SOH B01 CHR44-BLK IX-SLV SUB-BLK CER-BLK AERO-DB
107,109,WWNG0A48390-CD2,exact,WWNG0A48390-CD2,Piaget,Piaget Possession Silver Dial Custom Double Row Diamond Bezel Steel Women's Watch G0A48390-CD2
108,110,BREI-AB01342B1C6A1,exact,BREI-AB01342B1C6A1,Breitling,SS CHRMT B01 NFL TITANS 42-DK BLUE IX-SLV SUBS-RLX BRC
109,111,WW374,exact,WW374,Omega,Omega De Ville Hour Vision Automatic Ss 41MM Brown Dial Men's
110,112,BREI-EB0148101B1X1,exact,BREI-EB0148101B1X1,Breitling,TI SPR AVG B01 CHR46-BLK IX-BLK MIL-DB
111,113,BREI-AB0134101G1S2,exact,BREI-AB0134101G1S2,Breitling,SS CHRMT B01 42-SLV IX-BLK SUBS-BLK RLX-DB
112,114,CART-W1527951,exact,CART-W1527951,Cartier,Ronde — YG RONDE 34-SLV ROM-STRAP
113,115,CART-W15X5856,exact,CART-W15X5856,Cartier,Diabolo — YG DIABOLO 27-SLV ROM-STRAP
114,116,WWN361.SX.1270.RX.1104,exact,WWN361.SX.1270.RX.1104,Hublot,Hublot Big Bang 38mm Black Dial Diamond Bezel Rubber Strap Men's Watch 361.SX.1270.RX.1104
115,117,BREI-AB0162121G1S1,exact,BREI-AB0162121G1S1,Breitling,SS SOH CHR 44-SLV IX-BLK SUBS-BLK CER-BLK AERO RUB-DB
116,118,BREI-AB01342B1B3S1,exact,BREI-AB01342B1B3S1,Breitling,SS CHRMT B01 NFL FALCONS 42-BLK IX-SLV SUBS-BLK RLX RUB-DB
117,119,WWNG0A50300,exact,WWNG0A50300,Piaget,Piaget Sixtie Silver Dial Diamond Bezel Steel Women's Watch G0A50300
118,120,BREI-U13313121B1A1,exact,BREI-U13313121B1A1,Breitling,S/RG SOH CHR 44-BLK IX-RG/BLK CER BEZ-OC BRC
119,121,BREI-AB01342B1B4S1,exact,BREI-AB01342B1B4S1,Breitling,SS CHRMT NFL SAINTS 42-BLK IX-SLV SUBS-BLK RLX RUB-DB
120,122,BREI-AB01342B1B5S1,exact,BREI-AB01342B1B5S1,Breitling,SS CHRMT NFL PANTHERS 42-BLK IX-SLV SUBS-BLK RLX RUB-DB
121,123,WL11,exact,WL11,Panerai,PANERAI Luminor Due 3 Days 45MM Automatic Men's Watch PAM00674
122,124,BREI-AB01342B1B6S1,exact,BREI-AB01342B1B6S1,Breitling,SS CHRMT B01 NFL BROWNS 42-BRWN IX-SLV SUBS-BLK RLX RUB-DB
123,125,WWN103075,exact,WWN103075,Bulgari,Bulgari Octo Velocissimo Automatic Black Steel Rubber Strap Men's Watch 103075
124,126,W1238,exact,W1238,Omega,OMEGA De Ville Prestige AUTO 32.7MM MOP Dial Leather Women's Watch
125,127,BREI-AB01342B1C2S1,exact,BREI-AB01342B1C2S1,Breitling,SS CHRMT B01 NFL COLTS 42-BLUE IX-SLV SUBS-BLK RLX RUB-DB
126,128,BREI-AB01342B1C6S1,exact,BREI-AB01342B1C6S1,Breitling,SS CHRMT NFL TITANS 42-DK BLUE-SLV SUBS-BLK RLX RUB-DB
127,129,BREI-AB0162121C1S1,exact,BREI-AB0162121C1S1,Breitling,SS SOH B01 CHR44-BLUE-BLK SUB-BLK AERO-DB
128,130,BREI-AB01342B1C8S1,exact,BREI-AB01342B1C8S1,Breitling,SS CHRMT B01 NFL CHARGERS 42-BLUE IX-SLV SUBS-BLK RLX RUB-DB
129,131,W2127,exact,W2127,TAG Heuer,TAG HEUER Monaco AUTO 39MM SS Blue Dial Men's Watch CBL2111.BA0644
130,132,WW574,exact,WW574,Omega,Omega Seamaster Aqua Terra Shades Automatic 38MM Men's Watch
131,133,CART-W4CL0005,exact,CART-W4CL0005,Cartier,Cle De Cartier — SS CLE DE CARTIER31-SLV-DB
132,134,BREI-M13313101C1S1,exact,BREI-M13313101C1S1,Breitling,BLKss SOH CHR 44-BLUE IX-BLK CER-BLK AERO RUB-DB
133,135,BREI-AB01762A1L1A1,exact,BREI-AB01762A1L1A1,Breitling,SS TOP TIME B01 FORD MUSTANG 41-GRN IX-BLK SUBS-OC BRC
134,136,WWN332.10.41.51.01.002,exact,WWN332.10.41.51.01.002,Omega,Omega Speedmaster Pilot Chronograph Black Dial Stainless Steel Men's Watch 332.10.41.51.01.002
135,137,WWNCDW2181.FC8360,exact,WWNCDW2181.FC8360,Tag Heuer,Tag Heuer Monaco Chronograph Blue Dial Leather Strap Men's Watch CDW2181.FC8360
136,138,WL8,exact,WL8,Panerai,PANERAI Radiomir 3 Days Acciaio 47MM Special Edition Watch PAM0079
137,139,BREI-UB2030121B1A1,exact,BREI-UB2030121B1A1,Breitling,S/RG SOH B20 44-BLK IX-RG/BLK CER-SS OC BRC
138,140,W2100,exact,W2100,TAG Heuer,TAG HEUER Carrera AUTO 43MM CHRONO SS Black Dial Men's Watch CV2A1
139,141,WL10,exact,WL10,Panerai,PANERAI Radiomir 1940 47MM SS Limited Edition Brown LTHR Watch PAM
140,142,WWNPAM01218,exact,WWNPAM01218,Panerai,Panerai Luminor Chrono Automatic White Dial Leather Strap Men's Watch PAM01218
141,143,BREI-AB01763A1C1A1,exact,BREI-AB01763A1C1A1,Breitling,SS TOP TIME B01 SHELBY COBRA 41-BLUE IX-SLV SUBS-OC BRC
142,144,W2103,exact,W2103,TAG Heuer,TAG HEUER Carrera Porsche Orange Racing AUTO 44MM Leather Men's Wa
143,145,BREI-AB01765A1B1A1,exact,BREI-AB01765A1B1A1,Breitling,SS TOP TIME B01 DEUS 41-BLK IX-SLV SUBS-OC BRC
144,146,BREI-AB01765A1B1X1,exact,BREI-AB01765A1B1X1,Breitling,SS TT B01 DEUS 41-BLK IX-SLV SUB-BLK LTH-DB
145,147,W2128,exact,W2128,TAG Heuer,TAG HEUER Monaco 39MM CHRONO AUTO Men's Watch CBL2113.FC6177
146,148,WWN102954,exact,WWN102954,Bulgari,Bulgari Lvcea Automatic Mother of Pearl Diamond Dial 18kt Rose Gold & Steel Women's Watch 102954
147,149,BREI-A24315101B1A1,exact,BREI-A24315101B1A1,Breitling,SS AVG CHR GMT45-BLK-GRY SUBS-PROFIII BRC
148,150,WW71,exact,WW71,Omega,Omega Seamaster Diver 300M Automatic 42MM Black Dial Rubber Men's
149,151,W1237,exact,W1237,Omega,OMEGA Seamaster Aqua Terra 38MM SS Summer Blue Dial Men's Watch 22
150,152,W1256,exact,W1256,Omega,OMEGA Seamaster Auto 42 MM Blue Dial SS Men's Watch 210.30.42.20.0
151,153,WWN168619-3005,exact,WWN168619-3005,Chopard,Chopard Mille Miglia Classic Chronograph Automatic Silver Dial Black Leather Strap Men's Watch 168619-3005
152,154,WWN278582-3002,exact,WWN278582-3002,Chopard,Chopard Happy Sport Medium 36mm White Floating Diamond Dial Steel Women's Watch 278582-3002
153,155,W268,exact,W268,TAG Heuer,TAG HEUER Carrera Chronograph SS 39MM Blue Dial Men's Watch CBS221
154,156,IWC-IW3717-12,exact,IWC-IW3717-12,IWC,Pilots Watches — SS PILOT SPITFIRE CHR LAUR 42-BLUE NUM-STRAP
155,157,BREI-E10379351B1E1,exact,BREI-E10379351B1E1,Breitling,TI SO SPR DIVE46-BLK/GRY-BLK CER-PRFIII BRC
156,158,WWN388531-3003-CD,exact,WWN388531-3003-CD,Chopard,Chopard Imperiale Automatic 40mm Custom Diamond Bezel Women's Watch 388531-3003-CD
157,159,WWN215.33.44.22.01.001,exact,WWN215.33.44.22.01.001,Omega,Omega Seamaster Planet Ocean 600M GMT Black Dial Rubber & Leather Strap Men's Watch 215.33.44.22.01.001
158,160,WW375,exact,WW375,Omega,Omega Seamaster Olympic Timekeeper 39.5mm Men's Watch
159,161,WW917,exact,WW917,Omega,Omega Seamaster Automatic Ss 42MM Black Dial Men's Watch
160,162,WWN102691,exact,WWN102691,Bulgari,Bulgari Lvcea Brown Diamond Dial 18kt Rose Gold & Steel Women's Watch 102691
161,163,BREI-E10379D31L1E1,exact,BREI-E10379D31L1E1,Breitling,TI SO SPR DIVER46-GRN/BLK CAMO-TI PRF III BRC
162,164,WWNCBS2011.FC6529,exact,WWNCBS2011.FC6529,Tag Heuer,Tag Heuer Carrera Chronosprint X Porsche Special Edition Automatic Silver Dial Leather Strap Men's Watch CBS2011.FC6529
163,165,BREI-AB0146101B1A1,exact,BREI-AB0146101B1A1,Breitling,SS AVG B01 CHR42-BLK IX-PROF III BRC
164,166,BREI-AB0146101C1A1,exact,BREI-AB0146101C1A1,Breitling,SS AVG B01 CHR42-BLUE IX-BLK SUBS-PROFIII BRC
165,167,W1258,exact,W1258,Omega,OMEGA Constellation Co-Axial 39MM Gray Dial Men's Watch 131.10.39.
166,168,W1253,exact,W1253,Omega,OMEGA Constellation Co-Axial AUTO 39MM SLVR Dial Men's Watch 131.1
167,169,W2109,exact,W2109,TAG Heuer,TAG HEUER Autavia Chronometer Flyback AUTO 42MM Men's Watch CBE511
168,170,BREI-A10380101A4A1,exact,BREI-A10380101A4A1,Breitling,SS CHRMT AUTO36-MOP IX/DIA-SS RLX BRC
169,171,W2104,exact,W2104,TAG Heuer,TAG HEUER Carrera Porsche Special Edition AUTO 44MM SS Men's Watch
170,172,IWC-IW3261-04,exact,IWC-IW3261-04,IWC,Pilots Watches — SS PILOTS UTC ST.EXUP LE44-BRWN-STRAP
171,173,W1259,exact,W1259,Omega,OMEGA Constellation DOUBLE EAGLE 41MM CHRONO BLK Dial Watch 1519.5
172,174,BREI-AB0147101A1A1,exact,BREI-AB0147101A1A1,Breitling,SS AVG B01 CHR 44-BG IX-BLK SUBS-PROF III BRC
173,175,BREI-A24315101C1A1,exact,BREI-A24315101C1A1,Breitling,SS AVG CHR GMT45-BLUE-BLK SUBS-BRC
174,176,WWN210.22.42.20.01.002,exact,WWN210.22.42.20.01.002,Omega,Omega Seamaster Diver 300M Black Dial 18K Rose Gold Rubber Strap Men's Watch 210.22.42.20.01.002
175,177,WWN215.30.46.51.01.002,exact,WWN215.30.46.51.01.002,Omega,Omega Seamaster Planet Ocean 600M Chronograph 45.5mm Black Dial Stainless Steel Men's Watch 215.30.46.51.01.002
176,178,W2117,exact,W2117,TAG Heuer,TAG HEUER Aquaracer Professional 1000 Superdiver 45MM Men's Watch
177,179,BREI-A13313121B1A1,exact,BREI-A13313121B1A1,Breitling,SS SOH CHR44-BLK-BLK CER-OC BRC
178,180,CR215.30.44.21.01.002,exact,CR215.30.44.21.01.002,Omega,Omega Seamaster Planet Ocean Stainless Steel Black Dial Automatic Diver's 215.30.44.21.01.002 600M Men's Watch
179,181,BREI-A10320101A1A1,exact,BREI-A10320101A1A1,Breitling,SS CHRMT 36-MOP IX/LAB DIA-RLX BRC
180,182,BREI-A24315101B1X1,exact,BREI-A24315101B1X1,Breitling,SS AVG CHR GMT45-BLK-GRY SUBS-BLK MILIT-TG
181,183,BREI-UB2030121B1S1,exact,BREI-UB2030121B1S1,Breitling,S/RG SOH B20 44-BLK IX-RG/BLK CER-BLK AERO CLS-DB
182,184,WWNG0A48390,exact,WWNG0A48390,Piaget,Piaget Possession 34mm Silver Diamond Dial Steel Women's Watch G0A48390
183,185,WWN435.13.40.22.01.001,exact,WWN435.13.40.22.01.001,Omega,Omega De Ville Tresor Black Dial Leather Strap Men's Watch 435.13.40.22.01.001
184,186,WWNG0A48080,exact,WWNG0A48080,Piaget,Piaget Possession 29mm Silver Dial Diamond Bezel Leather Strap Women's Watch G0A48080
185,187,BREI-UB2010121B1S1,exact,BREI-UB2010121B1S1,Breitling,S/RG SOH B20 42-BLK IX-RG/BLK CER-BLK AERO RUB-DB
186,188,IWC-IW3881-03,exact,IWC-IW3881-03,IWC,Pilots Watches — SS PILOT CHR 41-GRN NUM-STRAP
187,189,W1246,exact,W1246,Omega,OMEGA Speedmaster Co-Axial CHRONO 38MM Leather Men's Watch 324.32.
188,190,WWNSBGH353G,exact,WWNSBGH353G,Grand Seiko,Grand Seiko Heritage Collection Automatic Blue Dial Stainless Steel Men's Watch SBGH353G
189,191,WWN103897,exact,WWN103897,Bulgari,Bulgari BVLGARI BVLGARI Quartz 26mm 18kt Yellow Gold Leather Strap Women's Watch 103897
190,192,W264,exact,W264,TAG Heuer,TAG HEUER Formula 1 Chronograph x Oracle Red Bull Racing 44MM Blue
191,193,W1261,exact,W1261,Omega,OMEGA Seamaster 42MM Auto Blue Dial Men's Watch 210.32.42.20.03.00
192,194,CART-W4CL0006,exact,CART-W4CL0006,Cartier,Cle De Cartier — SS CLE DE CARTIER35-SLVrom-DIAM BEZ-STRAP
193,195,CART-W5310006,exact,CART-W5310006,Cartier,Tank — SRG TANK ANG 47X36-SVL ROM-BRC
194,196,BREI-A24315101C1X1,exact,BREI-A24315101C1X1,Breitling,SS AVG CHR GMT45-BLUE-BLK SUB-BLUE MIL-TG
195,197,BREI-E10379D31L1S1,exact,BREI-E10379D31L1S1,Breitling,TI SO SPR DIVER46-GRN/BLK-GRN CER-GRN DPIV-DB
196,198,BREI-AB0146101L1X1,exact,BREI-AB0146101L1X1,Breitling,SS AVG B01 CHR42-GRN-BLK SUB-GRN MIL-DB
197,199,BREI-A13313121B1S1,exact,BREI-A13313121B1S1,Breitling,SS SOHII CHR44-BLK-BLK CER-BLK AC-DB
198,200,IWC-IW4590-01,exact,IWC-IW4590-01,IWC,Portofino — SS PORTOF MOON37-MOP DIAIX-DIA BEZ-STRAP
199,201,WL17,exact,WL17,Chopard,CHOPARD Happy Sport 30MM 7 Floating Diamonds Women's Watch 278496-
200,202,BREI-AB3112361L1S1,exact,BREI-AB3112361L1S1,Breitling,SS SOH B31 44-GRN IX-GRN CER-GRN AERO-DB
201,203,W1260,exact,W1260,Omega,OMEGA Seamaster 42MM Gray Dial Rubber Men's Watch 210.32.42.20.06.
202,204,BREI-A13317101C1X1,exact,BREI-A13317101C1X1,Breitling,SS AVG CHR45-BLUE-BLUE MIL-TG
203,205,BREI-A17395211A1P5,exact,BREI-A17395211A1P5,Breitling,SS NAVI AUTO35-MOP DIAM-RED ALG-TG
204,206,BREI-A37330121A1A1,exact,BREI-A37330121A1A1,Breitling,SS GALACTIC36-MOP DIAM-PILOT BRC
205,207,BREI-A13313161C1S1,exact,BREI-A13313161C1S1,Breitling,SS SOH CHR 44-BLUE IX-SS/BLUE CER-BLUE AERO-DB
206,208,BREI-AB2030121B1A1,exact,BREI-AB2030121B1A1,Breitling,SS SOH B20 44-BLK IX-BLK CER-OC BRC
207,209,BREI-AB2030161C1A1,exact,BREI-AB2030161C1A1,Breitling,SS SOH B20 44-BLUE IX-BLUE CER-OC BRC
208,210,BREI-AB2010121B1A1,exact,BREI-AB2010121B1A1,Breitling,SS SOH B20 42-BLK IX-BLK CER-OC BRC
209,211,WWN585.NX.1170.NX,exact,WWN585.NX.1170.NX,Hublot,Hublot Classic Fusion Automatic 33mm Black Dial Titanium Women's Watch 585.NX.1170.NX
210,212,WWN388563-3005,exact,WWN388563-3005,Chopard,Chopard Imperiale Automatic 29mm Silver Dial Leather Strap Women's Watch 388563-3005
211,213,BREI-A13313161C1A1,exact,BREI-A13313161C1A1,Breitling,SS SOH CHR 44-BLUE IX-SS/BLUE CER-OC BRC
212,214,CART-WSBB0021,exact,CART-WSBB0021,Cartier,Ballon Bleu — SS B.BLEU MOON 37-SLV ROM-BRC
213,215,WWN278582-3001S,exact,WWN278582-3001S,Chopard,Chopard Happy Sport Medium 36mm Floating Diamond Dial Black Satin Strap Women's Watch 278582-3001S
214,216,WWNCBL2111.FC6453,exact,WWNCBL2111.FC6453,Tag Heuer,Tag Heuer Monaco Chronograph Automatic Blue Dial Leather Strap Men's Watch CBL2111.FC6453
215,217,BREI-A17378211B1A1,exact,BREI-A17378211B1A1,Breitling,SS SO AUTO46-BLK-BLK CER-PROFIII BRC
216,218,WWNCBN2A1F.BA0643,exact,WWNCBN2A1F.BA0643,Tag Heuer,Tag Heuer Carrera Chronograph Porsche Special Edition Automatic Grey Dial Steel Men's Watch CBN2A1F.BA0643
217,219,BREI-AB2020121B1S1,exact,BREI-AB2020121B1S1,Breitling,SS SOH B20 46-BLK IX-BLK CER-BLK AERO CLS-DB
218,220,BREI-A17376211B1A1,exact,BREI-A17376211B1A1,Breitling,SS SO AUTO44-BLK-BLK CER-PRFIII BRC
219,221,BREI-AB2020121L1S1,exact,BREI-AB2020121L1S1,Breitling,SS SOH B20 46-GRN IX-BLK CER-BLK AERO RUB-DB
220,222,BREI-AB2030121B1S1,exact,BREI-AB2030121B1S1,Breitling,SS SOH B20 44-BLK IX-BLK CER-BLK AERO-DB
221,223,IWC-IW3768-05,exact,IWC-IW3768-05,IWC,Aquatimer — SS AQ CHR COUSTEAU 44-BLUE-STRAP
222,224,WL16,exact,WL16,Tudor,TUDOR Black Bay CHRONO AUTO 41MM Fabric Strap Men's Watch M79360N-
223,225,BREI-A17395361L1P2,exact,BREI-A17395361L1P2,Breitling,SS NAVI AUTO35-MINT GRN-GRN ALG-DP
224,226,WWN310.32.42.50.01.001,exact,WWN310.32.42.50.01.001,Omega,Omega Speedmaster Professional Moonwatch Black Dial Nylon Strap Men's Watch 310.32.42.50.01.001
225,227,BREI-A32320101B1A1,exact,BREI-A32320101B1A1,Breitling,SS AVG GMT44-BLK-PRFIII BRC
226,228,WWN215.33.44.21.01.001,exact,WWN215.33.44.21.01.001,Omega,Omega Seamaster Planet Ocean 600M 43.5mm Black Dial Leather Strap Men's Watch 215.33.44.21.01.001
227,229,WWNCBS2212.BA0048,exact,WWNCBS2212.BA0048,Tag Heuer,Tag Heuer Carrera Chronograph Blue Dial Stainless Steel Men's Watch CBS2212.BA0048
228,230,BREI-AB2030161C1S1,exact,BREI-AB2030161C1S1,Breitling,SS SOH B20 44-BLUE IX-BLUE CER-BLUE AERO-DB
229,231,CART-W6920034,exact,CART-W6920034,Cartier,Ballon Bleu — SRG B.BLEU28-PINK MOP ROM-BRC
230,232,BREI-V17319101B1X1,exact,BREI-V17319101B1X1,Breitling,BLKti AVG SEA NM45-BLK NUM-BLK MILIT-TG
231,233,BREI-A17377211A1A1,exact,BREI-A17377211A1A1,Breitling,SS SO AUTO36-WHT-WHT CER-PROFIII BRC
232,234,WWN102703,exact,WWN102703,Bulgari,Bulgari Octo Roma Automatic Silver Dial 18k Rose Gold Leather Strap Men's Watch 102703
233,235,BREI-A17378211B1S1,exact,BREI-A17378211B1S1,Breitling,SS SO AUTO46-BLK-BLK CER-BLK DPIV-DB
234,236,BREI-A17395361L1P1,exact,BREI-A17395361L1P1,Breitling,SS NAVI AUTO35-MINT GRN-GRN ALG-TG
235,237,BREI-A32395101C1X2,exact,BREI-A32395101C1X2,Breitling,SS AVG GMT45-BLUE-BLUE MILIT-DB
236,238,BREI-AB0147101L1X1,exact,BREI-AB0147101L1X1,Breitling,SS AVG B01 CHR 44-GRN IX-BLK SUBS-GRN MIL-DB
237,239,CR210.32.42.20.10.001,exact,CR210.32.42.20.10.001,Omega,Omega Seamaster Rubber Strap Green Dial Automatic Diver's 210.32.42.20.10.001 300M Men's Watch
238,240,CR210.32.42.20.03.001,exact,CR210.32.42.20.03.001,Omega,Omega Seamaster Rubber Strap Blue Dial Automatic Diver's 210.32.42.20.03.001 300M Men's Watch
239,241,WWNM79360N-0013,exact,WWNM79360N-0013,Tudor,Tudor Black Bay Chrono Chronograph Black Dial Stainless Steel Men's Watch M79360N-0013
240,242,WWNCBS2216.BA0048,exact,WWNCBS2216.BA0048,Tag Heuer,Tag Heuer Carrera Chronograph Silver Dial Stainless Steel Men's Watch CBS2216.BA0048
241,243,CRA32320101C1A1,exact,CRA32320101C1A1,Breitling,Breitling Avenger GMT Stainless Steel Blue Dial Automatic Diver's A32320101C1A1 300M Men's Watch
242,244,IWC-IW3910-10,exact,IWC-IW3910-10,IWC,Portofino — SS PORTOF CHR 42-BLK IXROM-BRC
243,245,WWNR77320E61A1P1,exact,WWNR77320E61A1P1,Breitling,Breitling Navitimer 32 18kt Rose Gold Pearl Diamond Dial Leather Strap Women's Watch R77320E61A1P1
244,246,W1130,exact,W1130,Breitling,BREITLING Superocean Heritage B20 Automatic 42MM Black Rubber Men'
245,247,WWNAB0134101L2A1,exact,WWNAB0134101L2A1,Breitling,Breitling Chronomat B01 42 Chronograph Automatic Green Dial Steel Men's Watch AB0134101L2A1
246,248,WWNA77310591A1A1,exact,WWNA77310591A1A1,Breitling,Breitling Chronomat Quartz 32 Diamond Dial & Bezel Steel Women's Watch A77310591A1A1
247,249,WWNM79360N-0012,exact,WWNM79360N-0012,Tudor,Tudor Black Bay Chrono White Dial Stainless Steel Men's Watch M79360N-0012
248,250,IWC-IW3231-01,exact,IWC-IW3231-01,IWC,Aquatimer — SS VINT AQ 44-BLK IX-STRAP
249,251,W153,exact,W153,Breitling,BREITLING Chronomat SS 32MM Diamond MOP Dial Women's Watch A773101
250,252,W262,exact,W262,TAG Heuer,TAG HEUER Formula 1 Chronograph 44MM Black/Pink Dial Titanium Rubb
251,253,W1368,exact,W1368,Longines,LONGINES Pilot Majetek Pioneer Edition Automatic 43MM Titanium Men
252,254,WWNG0A47090,exact,WWNG0A47090,Piaget,Piaget Possession Diamond Dial Blue Leather Strap Women's Watch G0A47090
253,255,WW352,exact,WW352,Breitling,Breitling Avenger Automatic 42MM Anthracite Leather Men's Watch
254,256,W1214,exact,W1214,Breitling,BREITLING Navitimer AUTO 41MM Blue Dial Leather Men's Watch A17329
255,257,WWN278590-3001S-CD,exact,WWN278590-3001S-CD,Chopard,Chopard Happy Sport 30mm Diamond White Dial Leather Strap Women's Watch 278590-3001S-CD
256,258,CR210.32.42.20.01.001,exact,CR210.32.42.20.01.001,Omega,Omega Seamaster Rubber Strap Black Dial Automatic Diver's 210.32.42.20.01.001 300M Men's Watch
257,259,WWN210.32.42.20.01.003,exact,WWN210.32.42.20.01.003,Omega,Omega Seamaster Diver 300M Automatic Black Dial Rubber Strap Men's Watch 210.32.42.20.01.003
258,260,WWN278582-3001,exact,WWN278582-3001,Chopard,Chopard Happy Sport Medium 36mm White Diamond Dial Rubber Strap Women's Watch 278582-3001
259,261,WWN388563-3006,exact,WWN388563-3006,Chopard,Chopard Imperiale Automatic 29mm Mother of Pearl Dial Steel Women's Watch 388563-3006
260,262,W1215,exact,W1215,Breitling,BREITLING Superocean AUTO 42MM Green Dial Rubber Men's Watch N1737
261,263,WWN220.10.41.21.01.001,exact,WWN220.10.41.21.01.001,Omega,Omega Seamaster Aqua Terra 150m Master Co-Axial Black Dial Stainless Steel Men's Watch 220.10.41.21.01.001
262,264,CR01-400-7778-7150-07-7-20-01TLC,exact,CR01-400-7778-7150-07-7-20-01TLC,Oris,Oris ProPilot X Titanium Multicolor Dial Automatic 01-400-7778-7150-07-7-20-01TLC 100M Men's Watch
263,265,WWN102043,exact,WWN102043,Bulgari,Bulgari Black Chronograph Automatic Men's Watch 102043
264,266,W1103,exact,W1103,Breitling,BREITLING Chronomat Automatic SS 36MM Blue Dial Unisex Watch A1038
265,267,WWNM25610TNL-0001,exact,WWNM25610TNL-0001,Tudor,Tudor Pelagos Left Hand Diver Automatic Black Dial Titanium Men's Watch M25610TNL-0001
266,268,IWC-IW3878-04,exact,IWC-IW3878-04,IWC,Pilots Watches — SS SPITFIRE CHR43-GRY-BRC
267,269,WW466,exact,WW466,Breitling,Breitling Avenger Automatic Gmt 44MM Black Dial Men's Watch
268,270,W117,exact,W117,Breitling,BREITLING Superocean Automatic 46MM Super Diver Titanium Men's Wat
269,271,WWNM79643-0002,exact,WWNM79643-0002,Tudor,Tudor Black Bay 36 Automatic Silver Dial Steel and Gold Women's Watch M79643-0002
270,272,WWNAB3114101L1A1,exact,WWNAB3114101L1A1,Breitling,Breitling Chronomat B31 Automatic 40 Green Dial Stainless Steel Men's Watch AB3114101L1A1
271,273,WWNA10320101A1A1,exact,WWNA10320101A1A1,Breitling,Breitling Chronomat Automatic 36 Mother of Pearl Diamond Dial Stainless Steel Women's Watch A10320101A1A1
272,274,W1133,exact,W1133,Breitling,BREITLING Chronomat Quartz SS 32MM Green Dial Women's Watch A77310
273,275,BREI-X823109C1B1S1,exact,BREI-X823109C1B1S1,Breitling,BRTlgt END PRO STANFORD44-BLK-BLK DP III-TG
274,276,IWC-IW3282-01,exact,IWC-IW3282-01,IWC,Pilots Watches — SS PILOTS MARK XX 40-BLK NUM-STRAP
275,277,IWC-IW3270-10,exact,IWC-IW3270-10,IWC,Pilots Watches — SS MARK XVIII LPP ED 40-BLUE-STRAP
276,278,IWC-IW3910-08,exact,IWC-IW3910-08,IWC,Portofino — SS PORTOF CHR42-BLK IXROM-STRAP
277,279,WWN210.32.42.20.03.001,exact,WWN210.32.42.20.03.001,Omega,Omega Seamaster Diver 300M Blue Dial Rubber Strap Men's Watch 210.32.42.20.03.001
278,280,WWNAB0145371L1A1,exact,WWNAB0145371L1A1,Breitling,Breitling Premier B01 Chronograph 42 Green Dial Stainless Steel Men's Watch AB0145371L1A1
279,281,W1138,exact,W1138,Breitling,BREITLING Superocean SS Automatic 36MM White Dial Women's Watch A1
280,282,WW61,exact,WW61,Breitling,Breitling Avenger Automatic Gmt 44MM Blue Dial Men's Watch
281,283,CRCBZ2084.FT8097,exact,CRCBZ2084.FT8097,Tag Heuer,Tag Heuer Formula 1 Chronograph Rubber Strap Black Dial Automatic Diver's CBZ2084.FT8097 200M Men's Watch
282,284,WWN324.30.38.50.02.001,exact,WWN324.30.38.50.02.001,Omega,Omega Speedmaster Co-Axial Chronograph 38mm Silver Dial Stainless Steel Men's Watch 324.30.38.50.02.001
283,285,WWNM79833MN-0003,exact,WWNM79833MN-0003,Tudor,Tudor Black Bay GMT S&G Automatic Black Dial Leather Strap Men's Watch M79833MN-0003
284,286,W182,exact,W182,Breitling,BREITLING Superocean Automatic Stainless Steel 46MM Black Dial Men
285,287,IWC-IW3783-03,exact,IWC-IW3783-03,IWC,Portofino — SS PORTF CHR 41-BLK IX-STRAP
286,288,W1191,exact,W1191,Breitling,BREITLING Superocean Automatic Chronometer 44MM Men's Watch A17376
287,289,W183,exact,W183,Breitling,BREITLING Chronomat Quartz 28MM Pink MOP Dial SS Women's Watch A72
288,290,W258,exact,W258,TAG Heuer,TAG HEUER Formula 1 Chronograph Automatic 44MM Black/Red Titanium
289,291,W189,exact,W189,Breitling,BREITLING Chronomat Quartz 28MM 12 Diamond Blue MOP Dial Women's W
290,292,W1184,exact,W1184,Breitling,BREITLING Superocean Automatic 36MM White Unisex Watch A17377211A1
291,293,W1383,exact,W1383,Longines,LONGINES Conquest Automatic 42MM Two-Tone 18K Rose Gold Men's Watc
292,294,CR01-400-7778-7158-07-7-20-01TLC,exact,CR01-400-7778-7158-07-7-20-01TLC,Oris,Oris Propilot X Calibre 400 Titanium Salmon Dial Automatic 01-400-7778-7158-07-7-20-01TLC 100M Unisex Watch
293,295,CR01-473-7786-4065-07-5-19-22FC,exact,CR01-473-7786-4065-07-5-19-22FC,Oris,Oris Big Crown Pointer Date Leather Strap Blue Dial Automatic 01-473-7786-4065-07-5-19-22FC Men's Watch
294,296,CART-W3140005,exact,CART-W3140005,Cartier,Pasha — SS PASHA SEA CHR37-SLV IXNUM-RUB BRC
295,297,WWN278590-3001S,exact,WWN278590-3001S,Chopard,Chopard Happy Sport 30mm White Floating Diamond Dial Satin Strap Women's Watch 278590-3001S
296,298,WWN103540,exact,WWN103540,Bulgari,Bulgari BVLGARI BVLGARI 41mm Black Dial Steel Men's Watch 103540
297,299,BREI-X82310D91B1S1,exact,BREI-X82310D91B1S1,Breitling,BRlt ENDUR 44-BLK-RED DP3-TG
298,300,W286,exact,W286,TAG Heuer,TAG HEUER Aquaracer Professional 300 GMT 42MM Blue Dial Rubber Men
299,301,W1484,exact,W1484,Longines,LONGINES Spirit Zulu Time Automatic 39MM Anthracite Dial Men's Wat
300,302,WWNCV201AP.FC6429,exact,WWNCV201AP.FC6429,Tag Heuer,Tag Heuer Carrera Chronograph Automatic Black Dial Leather Strap Men's Watch CV201AP.FC6429
301,303,W1114,exact,W1114,Breitling,BREITLING Avenger Automatic SS 42MM Green Dial Men's Watch A173281
302,304,WWNAB3113A71C1A1,exact,WWNAB3113A71C1A1,Breitling,Breitling Top Time B31 Automatic Blue Dial Stainless Steel Men's Watch AB3113A71C1A1
303,305,W122,exact,W122,Breitling,BREITLING Superocean Automatic 44MM Green Dial Rubber Men's Watch
304,306,WWN434.10.40.20.02.001,exact,WWN434.10.40.20.02.001,Omega,Omega De Ville Prestige Co-Axial Master Chronometer 40mm Silver Dial Stainless Steel Men's Watch 434.10.40.20.02.001
305,307,WWNAB01766A1A1A1,exact,WWNAB01766A1A1A1,Breitling,Breitling Top Time B01 Ford Thunderbird Automatic Chronograph White Dial Steel Men's Watch AB01766A1A1A1
306,308,CR01-771-7791-4054-07-6-20-01,exact,CR01-771-7791-4054-07-6-20-01,Oris,Oris Divers Sixty-Five Chronograph Leather Strap Black Dial Automatic 01-771-7791-4054-07-6-20-01 100M Men's Watch
307,309,CART-W3107199,exact,CART-W3107199,Cartier,Pasha — SS PASHA C GMT35-WHT MOP-DB
308,310,WWN102564,exact,WWN102564,Bulgari,Bulgari Lvcea Automatic Blue Diamond Dial Steel Women's Watch 102564
309,311,WWNM79680-0002,exact,WWNM79680-0002,Tudor,Tudor Black Bay 41 Automatic Blue Dial Steel Men's Watch M79680-0002
310,312,WWNM7943A1A0NU-0002,exact,WWNM7943A1A0NU-0002,Tudor,Tudor Black Bay 68 Automatic Silver Dial Stainless Steel Men's Watch M7943A1A0NU-0002
311,313,CRWBP208B.BF0631,exact,CRWBP208B.BF0631,Tag Heuer,Tag Heuer Aquaracer Professional Date Titanium Green Dial Automatic Diver's WBP208B.BF0631 300M Men's Watch
312,314,WWNCV201AR.BA0715,exact,WWNCV201AR.BA0715,Tag Heuer,Tag Heuer Carrera Calibre 16 Chronograph Automatic Blue Dial Stainless Steel Men's Watch CV201AR.BA0715
313,315,CART-WSCL0005,exact,CART-WSCL0005,Cartier,Cle De Cartier — SS CLE31-SILV ROM-BRC
314,316,WWNWBP5182.BF0010,exact,WWNWBP5182.BF0010,Tag Heuer,Tag Heuer Aquaracer Professional 500 Date Limited Edition Black Dial Titanium Men's Watch WBP5182.BF0010
315,317,WWNL8.126.5.79.7,exact,WWNL8.126.5.79.7,Longines,Longines Primaluna Moonphase Automatic Ivory Dial 18k Yellow Gold & Steel Women's Watch L8.126.5.79.7
316,318,WWN103868,exact,WWN103868,Bulgari,Bulgari Bulgari Aluminum Chronograph Black Dial Rubber Strap Men's Watch 103868
317,319,CART-W31030H3,exact,CART-W31030H3,Cartier,Pasha — SS PASHA SEA CHR 38-SLV-BRC
318,320,CART-W69010Z4,exact,CART-W69010Z4,Cartier,Ballon Bleu — SS B.BLEU28-SILV-BRAC
319,321,WWNA32310171C1P1,exact,WWNA32310171C1P1,Breitling,Breitling Navitimer Automatic 41 GMT Blue Dial Leather Strap Men's Watch A32310171C1P1
320,322,CART-WSTA0065,exact,CART-WSTA0065,Cartier,Tank — SS TANK FRANC 25X21-SLV ROM-BRC
321,323,W2106,exact,W2106,TAG Heuer,TAG HEUER Aquaracer 36MM AUTO Diamond SS Women's Watch WBP231K.BA0
322,324,CRCAZ2012.BA0876,exact,CRCAZ2012.BA0876,Tag Heuer,Tag Heuer Formula 1 Chronograph Automatic Tachymeter CAZ2012.BA0876 Men's Watch
323,325,W2132,exact,W2132,TAG Heuer,TAG HEUER Aquaracer 32MM MOP Diamond Dial Women's Watch WBD1322.BB
324,326,W1352,exact,W1352,Longines,LONGINES Conquest Chronograph SS 42MM Silver Dial Men's Watch L3.8
325,327,WWNA17329371L1A1,exact,WWNA17329371L1A1,Breitling,Breitling Navitimer Automatic 41 Green Dial Stainless Steel Men's Watch A17329371L1A1
326,328,WWNAB3111241B1S1,exact,WWNAB3111241B1S1,Breitling,Breitling Superocean Heritage Automatic 42 Black Dial Rubber Strap Men's Watch AB3111241B1S1
327,329,WWNA173265A1K1P2,exact,WWNA173265A1K1P2,Breitling,Breitling Navitimer Automatic 41 Red Dial Leather Strap Men's Watch A173265A1K1P2
328,330,WW675,exact,WW675,Longines,Longines Master Collection Automatic Ss 38.5mm Yellow-gold
329,331,WWN104234,exact,WWN104234,Bulgari,Bulgari Aluminium Chronograph Blue Dial Rubber Strap Men's Watch 104234
330,332,W1351,exact,W1351,Longines,LONGINES Conquest Chronograph 42MM Silver Dial Rubber Men's Watch
331,333,WWNA17375E71G1A1,exact,WWNA17375E71G1A1,Breitling,Breitling Superocean Automatic 42 Silver Dial Stainless Steel Men's Watch A17375E71G1A1
332,334,WWNCBN2A1AA.FT6228,exact,WWNCBN2A1AA.FT6228,Tag Heuer,Tag Heuer Carrera Chronograph Day-Date Automatic Black Dial Rubber Strap Men's Watch CBN2A1AA.FT6228
333,335,W2131,exact,W2131,TAG Heuer,TAG HEUER Aquaracer 300M Automatic 43MM Men's Watch WBP201A.BA0632
334,336,CR01-400-7772-4054-07-5-20-82,exact,CR01-400-7772-4054-07-5-20-82,Oris,Oris Divers Sixty Five 12H Leather Strap Black Dial Automatic 01 400 7772 4054-07 5 20 82 100M Men's Watch
335,337,WW341,exact,WW341,Breitling,Breitling Endurance Pro 38MM Purple Rubber Unisex Watch
336,338,WWNWBN2319.BA0001,exact,WWNWBN2319.BA0001,Tag Heuer,Tag Heuer Carrera Date Automatic Diamond Purple Dial Stainless Steel Women's Watch WBN2319.BA0001
337,339,WWN428.17.26.60.04.009,exact,WWN428.17.26.60.04.009,Omega,Omega De Ville Tresor MinI White Dial Diamond Case Leather Strap Women's Watch 428.17.26.60.04.009
338,340,TAG-NRCANN,exact,TAG-NRCANN,Tag Heuer,Tag Heuer Aquaracer Professional 300 Grey Dial Automatic Diver's WBP201C.BA0632 300M Men's Watch
339,341,WWNWAR1115.FC6392,exact,WWNWAR1115.FC6392,Tag Heuer,Tag Heuer Carrera Quartz Grey Dial Diamond Bezel Leather Strap Women's Watch WAR1115.FC6392
340,342,WWNWBN231B.BA0001,exact,WWNWBN231B.BA0001,Tag Heuer,Tag Heuer Carrera Date Automatic Silver Diamond Dial Steel Women's Watch WBN231B.BA0001
341,343,WWNWDA2114.BA0043,exact,WWNWDA2114.BA0043,Tag Heuer,Tag Heuer Carrera Date Twin-Time Automatic Green Dial Stainless Steel Men's Watch WDA2114.BA0043
342,344,WWNA10380101C1A1,exact,WWNA10380101C1A1,Breitling,Breitling Chronomat Automatic 36 Blue Dial Stainless Steel Women's Watch A10380101C1A1
343,345,WWNA17329161C1P1,exact,WWNA17329161C1P1,Breitling,Breitling Navitimer Automatic 41 Blue Dial Leather Strap Men's Watch A17329161C1P1
344,346,WW134,exact,WW134,Longines,Longines Master Collection Moonphase Automatic 40MM Blue Diamond
345,347,WWNL8.124.4.87.6-CD,exact,WWNL8.124.4.87.6-CD,Longines,Longines Primaluna Custom Diamond  Mother of Pearl Diamond Dial Women's Watch L8.124.4.87.6-CD
346,348,WL15,exact,WL15,Tudor,TUDOR Royal Black Diamond Dial 34MM SS Women's Watch M28400-0004
347,349,WWNA233803A1B1A1,exact,WWNA233803A1B1A1,Breitling,Breitling Classic Avi Chronograph 42 P-51 Mustang Black Dial Steel Bracelet Men's Watch A233803A1B1A1
348,350,CART-W25065Z5,exact,CART-W25065Z5,Cartier,Santos — SS SANT DEMOIS 26-SLV ROM-BRC
349,351,CART-W62016V3,exact,CART-W62016V3,Cartier,Roadster — SS ROAD37-SLV ROM-BRC
350,352,CRWBN2113.BA0639,exact,CRWBN2113.BA0639,Tag Heuer,Tag Heuer Carrera Stainless Steel Black Dial Automatic WBN2113.BA0639 100M Men's Watch
351,353,CRWBN2012.BA0640,exact,CRWBN2012.BA0640,Tag Heuer,Tag Heuer Carrera Stainless Steel Blue Dial Automatic WBN2012.BA0640 100M Men's Watch
352,354,CART-W6701010,exact,CART-W6701010,Cartier,Ronde — SS RONDE SOLO42-SLV ROM-STRAP
353,355,WW682,exact,WW682,Longines,Longines Elegant Automatic Ss 37MM White Dial Two-tone Unisex
354,356,WWNE10379351B1E1,exact,WWNE10379351B1E1,Breitling,Breitling Superocean Automatic 46 Super Diver Black Dial Titanium Men's Watch E10379351B1E1
355,357,CART-W250295A,exact,CART-W250295A,Cartier,Panthere — SS PANTH 25X30-SILV ROM-YG BEZ-STRAP
356,358,WWNWDA2111.BA0043,exact,WWNWDA2111.BA0043,Tag Heuer,Tag Heuer Carrera Day-Date Automatic Black Dial Stainless Steel Men's Watch WDA2111.BA0043
357,359,W1104,exact,W1104,Breitling,BREITLING Endurance Pro Chronometer Quartz 44MM Black Rubber Men's
358,360,WWNL3.821.4.93.6,exact,WWNL3.821.4.93.6,Longines,Longines Spirit Flyback Automatic Chronograph Blue Dial Stainless Steel Men's Watch L3.821.4.93.6
359,361,WWNA17376A31L1A1,exact,WWNA17376A31L1A1,Breitling,Breitling Superocean Automatic 44 Green Dial Stainless Steel Men's Watch A17376A31L1A1
360,362,WWNCAZ2012.BA0970,exact,WWNCAZ2012.BA0970,Tag Heuer,Tag Heuer Formula 1 Automatic Chronograph Grey Dial Ceramic & Stainless Steel Men's Watch CAZ2012.BA0970
361,363,WWNM91451-0009,exact,WWNM91451-0009,Tudor,Tudor 1926 36mm Midsize Two-Tone 18K Rose Gold & Steel Women's Watch M91451-0009
362,364,WWNWDA2115.BA0043,exact,WWNWDA2115.BA0043,Tag Heuer,Tag Heuer Carrera Day-Date Automatic Green Dial Stainless Steel Men's Watch WDA2115.BA0043
363,365,WWNA17376211B1A1,exact,WWNA17376211B1A1,Breitling,Breitling Superocean Automatic 44 Black Dial Stainless Steel Men's Watch A17376211B1A1
364,366,WWN424.10.40.20.02.002,exact,WWN424.10.40.20.02.002,Omega,Omega De Ville Prestige Co-Axial 39.5mm Automatic Silver Dial Steel Men's Watch 424.10.40.20.02.002
365,367,CART-WE110007,exact,CART-WE110007,Cartier,Tank — SS TANK FRANC QTZ 25X30-SLV DIA-BRC
366,368,WWNA77330121A2A1,exact,WWNA77330121A2A1,Breitling,Breitling Premier Lady 32 Mother of Pearl Dial Stainless Steel Women's Watch A77330121A2A1
367,369,TUDO-W2139,exact,TUDO-W2139,Tudor,Tudor Glamour Date Silver Diamond-Set Dial Stainless Steel Unisex Watch M51000-0004
368,370,WWNA77320D91K1P1,exact,WWNA77320D91K1P1,Breitling,Breitling Navitimer 32 Pink Pearl Diamond Dial Leather Strap Women's Watch A77320D91K1P1
369,371,W1392,exact,W1392,Longines,LONGINES HydroConquest GMT Automatic 41MM Brown Dial Men's Watch L
370,372,TAG-A10771,exact,TAG-A10771,Tag Heuer,TAG Heuer Carrera Stainless Steel Turquoise Blue Dial Automatic WBN2316.BA0001 Women's Watch
371,373,WWNA17377211C1A1,exact,WWNA17377211C1A1,Breitling,Breitling Superocean Automatic 36 Turquoise Dial Stainless Steel Unisex Watch A17377211C1A1
372,374,WWNA17378E71C1S1,exact,WWNA17378E71C1S1,Breitling,Breitling Superocean Automatic 46 Blue Dial Rubber Strap Men's Watch A17378E71C1S1
373,375,W1282,exact,W1282,Longines,LONGINES Record Automatic 40MM White Dial Leather Men's Watch L2.8
374,376,WW866,exact,WW866,Tag Heuer,Tag Heuer Formula 1 43MM Chrono Quartz Men's Watch Caz101ag.ba0842
375,377,CART-W3140026,exact,CART-W3140026,Cartier,Pasha — SS  MISS PASHA 27-PNK IXNUM-STRAP
376,378,CART-N10796,exact,CART-N10796,Cartier,Cartier Ronde Must De Cartier Silver Dial Leather Strap Women's Watch WSRN0030
377,379,W1112,exact,W1112,Breitling,BREITLING Endurance Pro IRONMAN Edition Chronometer Quartz 44MM Re
378,380,W1355,exact,W1355,Longines,LONGINES Spirit Zulu Time Chronometer 39MM Black Dial Leather Men'
379,381,W2113,exact,W2113,TAG Heuer,TAG HEUER Formula 1 X Red Bull Racing Quartz 43MM SS Men's Watch C
380,382,W1389,exact,W1389,Longines,LONGINES Symphonette Quartz SS Oval MOP 56 Diamond Women's Watch L
381,383,W1125,exact,W1125,Breitling,BREITLING Endurance Pro Chronograph Quartz 38MM White Rubber Women
382,384,WWNWAY1396.BH0717,exact,WWNWAY1396.BH0717,Tag Heuer,Tag Heuer Aquaracer Lady 300M 35MM White Ceramic Diamond Women's Watch WAY1396.BH0717
383,385,WWNA17376211L2S1,exact,WWNA17376211L2S1,Breitling,Breitling Superocean Automatic 44 Turquoise Dial Rubber Strap Men's Watch A17376211L2S1
384,386,WWN103963,exact,WWN103963,Bulgari,Bulgari Bulgari Aluminum Pepsi GMT White Dial Rubber Strap Men's Watch 103963
385,387,W1292,exact,W1292,Longines,LONGINES Mini DolceVita Quartz 21.5MM White Dial Diamond Women's W
386,388,W1100,exact,W1100,Breitling,BREITLING Endurance Pro 38MM Red Rubber Ladies Watch X83310D91B2S1
387,389,WW117,exact,WW117,Longines,Longines Master Collection Moonphase Automatic 42MM 13 Diamond
388,390,WW683,exact,WW683,Longines,Longines Elegant Automatic Ss 37MM Black Dial Two-tone Unisex
389,391,W227,exact,W227,Hamilton,HAMILTON Ventura Edge Dune Limited Edition Men's Watch H24624330
390,392,WWNWBE5116.FC8266,exact,WWNWBE5116.FC8266,Tag Heuer,Tag Heuer Autavia Calibre 5 Chronometer Automatic Blue Dial Leather Strap Men's Watch WBE5116.FC8266
391,393,W1293,exact,W1293,Longines,LONGINES Symphonette Quartz 34MM Silver Dial 56 Diamond Bezel Leat
392,394,WWNA17375211B1S1,exact,WWNA17375211B1S1,Breitling,Breitling Superocean Automatic 42 Black Dial Rubber Strap Men's Watch A17375211B1S1
393,395,WWNL5.255.5.89.7,exact,WWNL5.255.5.89.7,Longines,Longines DolceVita Quartz Diamond Rose Gold & Steel Women's Watch L5.255.5.89.7
394,396,WWNWBC2111.BA0603,exact,WWNWBC2111.BA0603,Tag Heuer,Tag Heuer Link Automatic Silver Dial Stainless Steel Men's Watch WBC2111.BA0603
395,397,WWNL3.835.4.72.6,exact,WWNL3.835.4.72.6,Longines,Longines Conquest Automatic Chronograph Silver Dial Stainless Steel Men's Watch L3.835.4.72.6
396,398,WWNWBN2012.BA0640,exact,WWNWBN2012.BA0640,Tag Heuer,Tag Heuer Carrera Calibre 5 Day-Date Automatic Blue Dial Stainless Steel Men's Watch WBN2012.BA0640
397,399,W1382,exact,W1382,Longines,LONGINES Conquest GMT Automatic SS 42MM Silver Dial Men's Watch L2
398,400,WWNL3.821.4.53.9,exact,WWNL3.821.4.53.9,Longines,Longines Spirit Flyback Chronograph Black Dial Fabric Strap Men's Watch L3.821.4.53.9
399,401,WWNA77320171C1P1,exact,WWNA77320171C1P1,Breitling,Breitling Navitimer 32 Blue Mother of Pearl Diamond Dial Leather Strap Women's Watch A77320171C1P1
400,402,WW311,exact,WW311,Tag Heuer,Tag Heuer Connected Calibre E4 Golf Edition 42MM Titanium
401,403,WWNWBN2312.BA0001,exact,WWNWBN2312.BA0001,Tag Heuer,Tag Heuer Carrera Date Automatic Green Dial Stainless Steel Women's Watch WBN2312.BA0001
402,404,WWNWBN2112.BA0639,exact,WWNWBN2112.BA0639,Tag Heuer,Tag Heuer Carrera Date Automatic Blue Dial Stainless Steel Men's Watch WBN2112.BA0639
403,405,W1308,exact,W1308,Longines,LONGINES Bella Arti 19MM Diamond Bezel MOP Dial Leather Band Women
404,406,TAG-A10829,exact,TAG-A10829,Tag Heuer,Tag Heuer Formula 1 Automatic WAZ2011.BA0843 Men's Watch
405,407,WWNWBN2313.BA0001,exact,WWNWBN2313.BA0001,Tag Heuer,Tag Heuer Carrera Date Automatic Pink Dial Stainless Steel Women's Watch WBN2313.BA0001
406,408,WWN01 400 7772 4054-07 5 20 82,exact,WWN01 400 7772 4054-07 5 20 82,Oris,Oris Divers Sixty-Five 12H Calibre 400 Automatic Black Dial Leather Strap Men's Watch 01 400 7772 4054-07 5 20 82
407,409,WWN01 400 7790 4135-07 4 23 45EB,exact,WWN01 400 7790 4135-07 4 23 45EB,Oris,Oris Aquis Date Calibre 400 Automatic Blue Dial Rubber Strap Men's Watch 01 400 7790 4135-07 4 23 45EB
408,410,WWNL3.764.4.16.6,exact,WWNL3.764.4.16.6,Longines,Longines Legend Diver Automatic White Dial Stainless Steel Men's Watch L3.764.4.16.6
409,411,WWNL2.830.4.93.0,exact,WWNL2.830.4.93.0,Longines,Longines Heritage Classic Chrono Automatic Silver Dial Leather Strap Men's Watch L2.830.4.93.0
410,412,W235,exact,W235,Hamilton,HAMILTON Jazzmaster Performer 42MM AUTO Leather Men's Watch H36606
411,413,WW138,exact,WW138,Longines,Longines Hydroconquest Automatic 43MM Green Dial Two-tone Women's
412,414,W215,exact,W215,Hamilton,HAMILTON Jazzmaster Performer AutoChrono 42MM Anthracite Dial Leat
413,415,OMEG-WL42,exact,OMEG-WL42,Omega,Omega De Ville Prestige Quartz 30mm Rose Dial Stainless Steel Women's Watch 434.10.30.60.02.001
414,416,W1454,exact,W1454,Longines,LONGINES Conquest V.H.P. 36MM MOP Diamond Women's Watch L3.316.0.8
415,417,WWNX82310D51B1S2,exact,WWNX82310D51B1S2,Breitling,Breitling Endurance Pro 44 Chronograph Black Dial Breitlight Rubber Strap Men's Watch X82310D51B1S2
416,418,W1269,exact,W1269,Longines,LONGINES Record Chronograph SS 40MM Black Dial Men's Watch L2.921.
417,419,WW684,exact,WW684,Longines,Longines Elegant Automatic 37MM Black Dial Leather Men's Watch
418,420,WWNL6.141.4.77.6-CD,exact,WWNL6.141.4.77.6-CD,Longines,Longines Equestrian Boucle Diamond Dial Custom Diamond Bezel Steel Women's Watch L6.141.4.77.6-CD
419,421,W1273,exact,W1273,Longines,LONGINES Master Moonphase Automatic 40MM Blue Dial Leather Men's W
420,422,WW746,exact,WW746,Longines,Longines 1832 Automatic 40MM Beige Dial Leather Men's Watch
421,423,W1511,exact,W1511,Longines,LONGINES Heritage CHRONO Automatic 40MM Silver Dial Leather Men's
422,424,WWNX82310E51B1S2,exact,WWNX82310E51B1S2,Breitling,Breitling Professional Endurance Pro Chronograph Black Dial Rubber Strap Men's Watch X82310E51B1S2
423,425,W1528,exact,W1528,Longines,LONGINES Master Collection 42MM Blue Dial Leather Men's Watch L2.9
424,426,W1485,exact,W1485,Longines,LONGINES HydroConquest GMT 41MM AUTO Green Dial Men's Watch L3.790
425,427,WWNL3.812.4.63.6,exact,WWNL3.812.4.63.6,Longines,Longines Spirit Zulu Time Automatic Grey Dial Stainless Steel Men's Watch L3.812.4.63.6
426,428,CRH38446730,exact,CRH38446730,Hamilton,Hamilton American Classic Intra Matic Chronograph Leather Strap Black Dial Automatic H38446730 100M Men's Watch
427,429,WWNWAY208D.FC8221,exact,WWNWAY208D.FC8221,Tag Heuer,Tag Heuer Aquaracer 300M 43MM Automatic Blue Dial Fabric Strap Men's Watch WAY208D.FC8221
428,430,WWNL3.802.4.60.6,exact,WWNL3.802.4.60.6,Longines,Longines Spirit Zulu Time Anthracite Dial Steel Men's Watch L3.802.4.60.6
429,431,W1529,exact,W1529,Longines,LONGINES Master Collection AUTO Blue Dial Leather Men's Watch L2.9
430,432,WWNL3.802.4.63.6,exact,WWNL3.802.4.63.6,Longines,Longines Spirit Zulu Time Grey Dial Stainless Steel Men's Watch L3.802.4.63.6
431,433,CR01-733-7771-4055-07-3-19-02S,exact,CR01-733-7771-4055-07-3-19-02S,Oris,Oris Divers Sixty-Five Cotton Candy Textile Strap Blue Dial Automatic 01-733-7771-4055-07-3-19-02S 100M Unisex Watch
432,434,WWNL3.802.4.93.2,exact,WWNL3.802.4.93.2,Longines,Longines Spirit Zulu Time Blue Dial Leather Strap Men's Watch L3.802.4.93.2
433,435,WWNL3.774.1.50.2,exact,WWNL3.774.1.50.2,Longines,Longines Legend Diver Automatic Green Dial Leather Strap Men's Watch L3.774.1.50.2
434,436,WWNWAR1113.FC6392,exact,WWNWAR1113.FC6392,Tag Heuer,Tag Heuer Carrera Quartz Special Edition Black Dial Leather Strap Women's Watch WAR1113.FC6392
435,437,WWNL5.755.4.87.6-CD,exact,WWNL5.755.4.87.6-CD,Longines,Longines DolceVita Quartz Custom Diamond Mother of Pearl Dial Stainless Steel Women's Watch L5.755.4.87.6-CD
436,438,WWNL4.709.4.88.6-CD,exact,WWNL4.709.4.88.6-CD,Longines,Longines La Grande Classique Quartz 33mm Custom Diamond Mother of Pearl Dial Stainless Steel Women's Watch L4.709.4.88.6-CD
437,439,WWNWBP1118.BA0047,exact,WWNWBP1118.BA0047,Tag Heuer,Tag Heuer Aquaracer Professional 200 Solargraph Green Dial Stainless Steel Men's Watch WBP1118.BA0047
438,440,WWNWBG1312.BA0758,exact,WWNWBG1312.BA0758,Tag Heuer,Tag Heuer Carrera Quartz Mother of Pearl Diamond Dial Women's Watch WBG1312.BA0758
439,441,CRH32205890,exact,CRH32205890,Hamilton,Hamilton Jazzmaster Open Heart Leather Automatic H32205890 Women's Watch
440,442,W1360,exact,W1360,Longines,LONGINES Conquest Automatic 41MM Blue Dial Rubber Men's Watch L3.8
441,443,CRH76409530,exact,CRH76409530,Hamilton,Hamilton Khaki Aviation Pilot Pioneer Chronograph Leather Strap Black Dial Mechanical H76409530 100M Men's Watch
442,444,W1307,exact,W1307,Longines,LONGINES GMT HydroConquest Automatic 41MM Brown Dial Men's Watch L
443,445,WWNL1.649.4.72.6,exact,WWNL1.649.4.72.6,Longines,Longines Conquest Heritage Automatic Silver Dial Stainless Steel Men's Watch L1.649.4.72.6
444,446,WWN01 733 7755 4154-Set RS,exact,WWN01 733 7755 4154-Set RS,Oris,Oris Aquis Depth Gauge Black Dial Rubber Strap Men's Watch 01 733 7755 4154-Set RS
445,447,WWNWBD1111.BA0928,exact,WWNWBD1111.BA0928,Tag Heuer,Tag Heuer Aquaracer 300M 41MM White Dial Stainless Steel Men's Watch WBD1111.BA0928
446,448,WW745,exact,WW745,Longines,Longines Conquest V.h.p. Quartz Ss 42MM Silver Dial Men's Watch
447,449,W211,exact,W211,Hamilton,HAMILTON Khaki Aviation X-Wind 44MM Blue Dial Leather Men's Watch
448,450,WWNCAZ101AW.BA0842,exact,WWNCAZ101AW.BA0842,Tag Heuer,Tag Heuer Formula 1 Indy 500 Chronograph Special Edition Black Dial Stainless Steel Men's Watch CAZ101AW.BA0842
449,451,WW936,exact,WW936,Longines,Longines Mens La Grande Classique De Longines Automatic 36MM
450,452,W1463,exact,W1463,Longines,LONGINES 1832 Automatic CHRONO 42MM Beige Dial Men's Watch L4.829.
451,453,WWN01 733 7755 4154-Set MB,exact,WWN01 733 7755 4154-Set MB,Oris,Oris Aquis Depth Gauge Automatic Black Dial Steel Men's Watch 01 733 7755 4154-Set MB
452,454,WWNWAZ2011.BA0842,exact,WWNWAZ2011.BA0842,Tag Heuer,Tag Heuer Formula 1 Automatic Grey Dial Stainless Steel Men's Watch WAZ2011.BA0842
453,455,W226,exact,W226,Hamilton,HAMILTON Ventura XXL Bright Dune Limited Edition Men's Watch H2461
454,456,WWNL3.774.4.70.2,exact,WWNL3.774.4.70.2,Longines,Longines Legend Diver Automatic Grey Dial Nylon Strap Men's Watch L3.774.4.70.2
455,457,WWNL2.828.4.73.0,exact,WWNL2.828.4.73.0,Longines,Longines Heritage Classic Silver Dial Leather Strap Men's Watch L2.828.4.73.0
456,458,CRH38416711,exact,CRH38416711,Hamilton,Hamilton Intra-Matic H38416711 Tachymeter Automatic Men's Watch
457,459,WWNL3.790.4.96.9,exact,WWNL3.790.4.96.9,Longines,Longines HydroConquest GMT Blue Dial Rubber Strap Men's Watch L3.790.4.96.9
458,460,WWNM049.527.33.081.00,exact,WWNM049.527.33.081.00,Mido,Mido Multifort Chronograph Special Edition Grey Dial Stainless Steel Men's Watch M049.527.33.081.00
459,461,WWNCAZ101AT.BA0842,exact,WWNCAZ101AT.BA0842,Tag Heuer,Tag Heuer Formula 1 X Gulf Special Edition Chronograph Blue Dial Steel Men's Watch CAZ101AT.BA0842
460,462,W1295,exact,W1295,Longines,LONGINES Evidenza Automatic SS 30MM Petroleum Dial Women's Watch L
461,463,TAG-011.00,exact,TAG-011.00,Tag Heuer,Tag Heuer Formula 1 Chronograph Quartz Tachymeter 200M CAZ1010.BA0842 Men's Watch
462,464,WWN01 400 7763 4157-07 8 24 09PEB,exact,WWN01 400 7763 4157-07 8 24 09PEB,Oris,Oris Aquis Date Automatic Green Dial Ceramic Bezel Steel Men's Watch 01 400 7763 4157-07 8 24 09PEB
463,465,WWNL4.523.0.97.6,exact,WWNL4.523.0.97.6,Longines,Longines La Grande Classique Quartz Diamond Blue Dial Stainless Steel Women's Watch L4.523.0.97.6
464,466,WWNL6.141.0.77.6,exact,WWNL6.141.0.77.6,Longines,Longines Equestrian Diamond Mother of Pearl Dial Steel Women's Watch L6.141.0.77.6
465,467,W1525,exact,W1525,Longines,LONGINES Heritage Skin Diver 42MM AUTO BLK Dial LTHR Men's Watch L
466,468,WWNL8.124.4.87.6,exact,WWNL8.124.4.87.6,Longines,Longines Primaluna Automatic White Mother of Pearl Diamond Dial Steel Women's Watch L8.124.4.87.6
467,469,WWNWBY111G.BA0042,exact,WWNWBY111G.BA0042,Tag Heuer,Tag Heuer Formula 1 Solargraph X Indy 500 Limited Edition Black Dial Stainless Steel Men's Watch WBY111G.BA0042
468,470,WW626,exact,WW626,Longines,Longines Conquest V.h.p Quartz 41MM Silver Dial Men's Watch
469,471,WWN01 400 7769 4125-07 4 22 75FC,exact,WWN01 400 7769 4125-07 4 22 75FC,Oris,Oris Aquis Aquispro Date Calibre 400 Automatic Blue Dial Rubber Strap Men's Watch 01 400 7769 4125-07 4 22 75FC
470,472,W1297,exact,W1297,Longines,LONGINES Record Automatic 40MM Blue Dial SS Men's Watch L2.821.4.9
471,473,LONG-WW877,exact,LONG-WW877,Longines,Longines Legend Diver Automatic Brown Dial Leather Strap Men's Watch L3.774.4.60.2
472,474,LONG-W2216,exact,LONG-W2216,Longines,Longines Spirit Automatic Ivory Dial Stainless Steel Men's Watch L3.811.4.73.6
473,475,WWN01 400 7763 4135-07 8 24 09PEB,exact,WWN01 400 7763 4135-07 8 24 09PEB,Oris,Oris Aquis Date Automatic Blue Dial Ceramic Bezel Steel Men's Watch 01 400 7763 4135-07 8 24 09PEB
474,476,WWNL2.819.4.93.2,exact,WWNL2.819.4.93.2,Longines,Longines Heritage Military Limited Edition Ivory Dial Leather Strap Men's Watch L2.819.4.93.2
475,477,WWNL3.820.4.73.2,exact,WWNL3.820.4.73.2,Longines,Longines Spirit Chronograph 42mm Silver Dial Leather Strap Men's Watch L3.820.4.73.2
476,478,LONG-105353,exact,LONG-105353,Longines,Longines Heritage Chronograph Automatic Silver Dial Leather Strap Men's Watch L2.827.4.73.0
477,479,CRH24655331,exact,CRH24655331,Hamilton,Hamilton Ventura XXL Automatic H24655331 Men's Watch
478,480,TAG-NBMNIB,exact,TAG-NBMNIB,Tag Heuer,Tag Heuer Formula 1 200M WAZ1112.BA0875 Men's Watch
479,481,BREI-W2239,exact,BREI-W2239,Breitling,Breitling Endurance Pro 38 Chronograph Black Dial Rubber Strap Unisex Watch X83310D41B1S1
480,482,WWNL3.820.4.73.6,exact,WWNL3.820.4.73.6,Longines,Longines Spirit Chronograph Automatic Silver Dial Stainless Steel Men's Watch L3.820.4.73.6
481,483,WWN01 751 7761 4187-SET,exact,WWN01 751 7761 4187-SET,Oris,Oris Big Crown ProPilot Limited Edition Okavango Air Rescue Automatic Green Dial Fabric Strap Men's Watch 01 751 7761 4187-SET
482,484,WWN01 400 7769 4154-07 4 22 74FC,exact,WWN01 400 7769 4154-07 4 22 74FC,Oris,Oris Aquis Date Automatic Grey Dial Rubber Strap Men's Watch 01 400 7769 4154-07 4 22 74FC
483,485,WWN01 400 7769 4127-07 4 22 77FC,exact,WWN01 400 7769 4127-07 4 22 77FC,Oris,Oris Aquis Date Calibre 400 Automatic Green Dial Rubber Strap Men's Watch 01 400 7769 4127-07 4 22 77FC
484,486,LONG-164153,exact,LONG-164153,Longines,Longines Conquest Automatic Pink Dial Stainless Steel Women's Watch L3.430.4.99.6
485,487,WWNM005.614.36.051.22,exact,WWNM005.614.36.051.22,Mido,Mido Multifort Special Edition Chronograph Black Dial Leather Strap Men's Watch M005.614.36.051.22
486,488,WW672,exact,WW672,Longines,Longines Conquest V.h.p Quartz Ss 43MM Blue Dial Men's Watch
487,489,WWNL4.523.0.90.2,exact,WWNL4.523.0.90.2,Longines,Longines La Grande Classique Quartz 29mm Blue Dial Diamond Bezel Steel  Women's Watch L4.523.0.90.2
488,490,WW480,exact,WW480,Longines,Longines La Grande Classique 36MM Silver Dial Unisex Watch
489,491,WWN01 771 7744 4354-07 5 21 45,exact,WWN01 771 7744 4354-07 5 21 45,Oris,Oris Divers Sixty-Five Chronograph Automatic Black Dial Leather Strap Men's Watch 01 771 7744 4354-07 5 21 45
490,492,WWNWAZ1010.FT8024,exact,WWNWAZ1010.FT8024,Tag Heuer,Tag Heuer Formula 1 Quartz Blue Dial Rubber Strap Men's Watch WAZ1010.FT8024
491,493,W251,exact,W251,Hamilton,HAMILTON Jazzmaster Brown Leather Automatic Men's Watch H32635511
492,494,WWN2410.48.67.1199,exact,WWN2410.48.67.1199,Eterna,Eterna Contessa Mother of Pearl Dial Diamond Bezel Leather Strap Women's Watch 2410.48.67.1199
493,495,WWNL2.821.4.11.6,exact,WWNL2.821.4.11.6,Longines,Longines Record Chronometer White Dial Stainless Steel Men's Watch L2.821.4.11.6
494,496,LONG-WL29,exact,LONG-WL29,Longines,Longines Spirit Prestige Edition Automatic Black Dial Stainless Steel Men's Watch L3.811.4.53.9
495,497,WWNWBY1163.FT8113,exact,WWNWBY1163.FT8113,Tag Heuer,Tag Heuer Formula 1 Solargraph Limited Edition Blue Dial Rubber Strap Men's Watch WBY1163.FT8113
496,498,WWNL3.720.4.72.6,exact,WWNL3.720.4.72.6,Longines,Longines Conquest Automatic Silver Dial Stainless Steel Men's Watch L3.720.4.72.6
497,499,W273,exact,W273,TAG Heuer,TAG HEUER Connected Calibre E4 x Oracle Red Bull Racing Edition 45
498,500,WWNCAZ1010.BA0842,exact,WWNCAZ1010.BA0842,Tag Heuer,Tag Heuer Formula 1 Quartz Chronograph Black Dial Stainless Steel Men's Watch CAZ1010.BA0842
499,501,WWNL4.974.3.37.7,exact,WWNL4.974.3.37.7,Longines,Longines Flagship Automatic Gold Tone Diamond Dial Yellow Gold PVD Steel Unisex Watch L4.974.3.37.7
500,502,WWNWAZ1010.BA0842,exact,WWNWAZ1010.BA0842,Tag Heuer,Tag Heuer Formula 1 Quartz Blue Dial Stainless Steel Men's Watch WAZ1010.BA0842
501,503,WWNL3.430.4.02.6,exact,WWNL3.430.4.02.6,Longines,Longines Conquest Automatic Green Dial Stainless Steel Women's Watch L3.430.4.02.6
502,504,WW312,exact,WW312,Tag Heuer,Tag Heuer Connected Calibre E4 Golf Edition 45MM Titanium
503,505,LONG-WL71,exact,LONG-WL71,Longines,LONGINES Conquest V.H.P. Quartz 42MM Men's Watch L3.717.2.96.9 / L
504,506,WWNWBY1112.BA0042,exact,WWNWBY1112.BA0042,Tag Heuer,Tag Heuer Formula 1 Solargraph Blue Dial Stainless Steel Men's Watch WBY1112.BA0042
505,507,W20,exact,W20,Hamilton,HAMILTON Khaki Aviation X-Wind Automatic 45MM Green Dial Leather M
506,508,W253,exact,W253,Hamilton,HAMILTON Khaki Navy Frogman AUTO SS 42MM Black Dial Watch H7760513
507,509,W1280,exact,W1280,Longines,LONGINES DolceVita Quartz 20MM Silver Flinque Dial Gray Leather Wo
508,510,WWNL8.111.4.87.6,exact,WWNL8.111.4.87.6,Longines,Longines Primaluna Automatic 26.5mm White Mother of Pearl Diamond Dial Steel Women's Watch L8.111.4.87.6
509,511,LONG-051.00,exact,LONG-051.00,Longines,Longines Elegant Collection Silver Diamond Dial Steel Women's Watch L4.911.4.77.6
510,512,W1343,exact,W1343,Longines,LONGINES PrimaLuna Quartz 26.5MM Blue 11 Diamond Dial Women's Watc
511,513,LONG-000001,exact,LONG-000001,Longines,LONGINES DolceVita Quartz SS 37MM Black 13 Diamond Dial Women's Wa
512,514,W246,exact,W246,Hamilton,HAMILTON Jazzmaster Inter-Matic 42MM Brown Dial Men's Watch H38735
513,515,W1534,exact,W1534,Longines,LONGINES Flagship SS 38.5MM Automatic Men's Watch L48994216 / L4.8
514,516,W1462,exact,W1462,Longines,LONGINES Conquest Classic 36MM MOP Dial Women's Watch L2.387.0.87.
515,517,W212,exact,W212,Hamilton,HAMILTON Khaki Field Murph Automatic 42MM Black Leather Men's Watc
516,518,W213,exact,W213,Hamilton,HAMILTON Khaki Navy GMT Automatic 43MM Silver Dial Men's Watch H82
517,519,LONG-W1711,exact,LONG-W1711,Longines,LONGINES Flagship Automatic 26MM Women's Watch L4.274.4.52.6 / L42
518,520,W239,exact,W239,Hamilton,HAMILTON Khaki Aviation Converter 42MM AUTO BLK Dial Men's Watch H
519,521,LONG-W2182,exact,LONG-W2182,Longines,LONGINES DolceVita Automatic SS 28.2x47MM Silver Dial Men's Watch
520,522,WWNH32506730,exact,WWNH32506730,Hamilton,Hamilton Jazzmaster Auto Chrono Black Dial Leather Strap Men's Watch H32506730
521,523,WWN01 733 7730 4157-07 8 24 05PEB,exact,WWN01 733 7730 4157-07 8 24 05PEB,Oris,Oris Aquis Date Automatic Green Dial Stainless Steel Men's Watch 01 733 7730 4157-07 8 24 05PEB
522,524,LONG-WW725,exact,LONG-WW725,Longines,LONGINES Elegant Automatic 39MM White Dial Black Leather Men's Wat
523,525,W231,exact,W231,Hamilton,HAMILTON Khaki Field Titanium AUTO 42MM Blue Dial Men's Watch H705
524,526,W1346,exact,W1346,Longines,LONGINES Elegant Automatic SS 39MM White Dial Men's Watch L4.910.4
525,527,WWNWAZ1110.FT8023,exact,WWNWAZ1110.FT8023,Tag Heuer,Tag Heuer Formula 1 Quartz Date Black Dial Rubber Strap Men's Watch WAZ1110.FT8023
526,528,LONG-WL80,exact,LONG-WL80,Longines,Longines Legend Diver Automatic Beige Dial Fabric Strap Unisex Watch L3.374.4.30.2
527,529,WWN01 733 7707 4053-07 5 20 89,exact,WWN01 733 7707 4053-07 5 20 89,Oris,Oris Divers Sixty-Five Automatic Grey Dial Leather Strap Men's Watch 01 733 7707 4053-07 5 20 89
528,530,WWNL2.708.4.78.3,exact,WWNL2.708.4.78.3,Longines,Longines Master Power Reserve Automatic Silver Dial Leather Strap Men's Watch L2.708.4.78.3
529,531,WWNL2.142.4.60.6,exact,WWNL2.142.4.60.6,Longines,Longines Evidenza Automatic Green Dial Stainless Steel Women's Watch L2.142.4.60.6
530,532,WWNL4.512.2.37.8,exact,WWNL4.512.2.37.8,Longines,Longines La Grande Classique Quartz Gold Tone Diamond Dial Yellow Gold PVD Steel Women's Watch L4.512.2.37.8
531,533,WWNL2.821.4.96.6,exact,WWNL2.821.4.96.6,Longines,Longines Record Chronometer Blue Dial Stainless Steel Men's Watch L2.821.4.96.6
532,534,W1366,exact,W1366,Longines,LONGINES DolceVita Automatic 47MM Leather Men's Watch L57674730 /
533,535,W1433,exact,W1433,Longines,LONGINES Dolce Vita Quartz 25.8x42MM Women's Watch L5.755.4.57.6 /
534,536,CRH35405741,exact,CRH35405741,Hamilton,Hamilton American Classic Pan Europ Automatic H35405741 Men's Watch
535,537,WWNH24655331,exact,WWNH24655331,Hamilton,Hamilton Ventura XXL Automatic Black Dial Rubber Strap Men's Watch H24655331
536,538,WWN01 733 7731 4135-07 4 18 64FC,exact,WWN01 733 7731 4135-07 4 18 64FC,Oris,Oris Aquis Date Automatic Blue Dial Rubber Strap Women's Watch 01 733 7731 4135-07 4 18 64FC
537,539,W1503,exact,W1503,Longines,LONGINES Conquest CHRONO SS 44MM Black Dial Men's Watch L3.727.4.6
538,540,WWNWAZ1110.BA0875,exact,WWNWAZ1110.BA0875,Tag Heuer,Tag Heuer Formula 1 Quartz Black Dial Stainless Steel Men's Watch WAZ1110.BA0875
539,541,WWNL2.142.4.96.2,exact,WWNL2.142.4.96.2,Longines,Longines Evidenza Automatic Blue Dial Leather Strap Women's Watch L2.142.4.96.2
540,542,WWNL2.142.4.76.2,exact,WWNL2.142.4.76.2,Longines,Longines Evidenza Automatic Silver Dial Leather Strap Women's Watch L2.142.4.76.2
541,543,WW882,exact,WW882,Mido,Mido Multifort 42MM Auto Silver Dial Men's Watch
542,544,W250,exact,W250,Hamilton,HAMILTON Jazzmaster Automatic Beige Dial Men's Watch H32635521
543,545,W216,exact,W216,Hamilton,HAMILTON Jazzmaster Open Heart Automatic 42MM Blue Dial Leather Me
544,546,LONG-N10329,exact,LONG-N10329,Longines,LONGINES Elegant Collection SS 37MM Grey Dial Unisex Watch L4.810.
545,547,W1489,exact,W1489,Longines,LONGINES Classic Automatic 40MM Black Dial Leather Men's Watch L4.
546,548,W255,exact,W255,Hamilton,HAMILTON Jazzmaster Automatic SS 42MM Silver Dial Men's Watch H425
547,549,CR96K117,exact,CR96K117,Bulova,Bulova CURV High Precision 10th Anniversary Edition Chronograph Brown Dial Quartz 96K117 Men's Watch With Extra Strap
548,550,WWNL3.811.4.53.0,exact,WWNL3.811.4.53.0,Longines,Longines Spirit Automatic Black Dial Leather Strap Men's Watch L3.811.4.53.0
549,551,WWNM026.608.11.051.00,exact,WWNM026.608.11.051.00,Mido,Mido Ocean Star 600 Chronometer Black Dial Steel Men's Watch M026.608.11.051.00
550,552,W1311,exact,W1311,Longines,LONGINES DolceVita Quartz SS 27MM Black Diamond Dial Women's Watch
551,553,W1459,exact,W1459,Longines,LONGINES DolceVita Quartz 25MM MOP Dial Women's Watch L5.755.4.87.
552,554,W1372,exact,W1372,Longines,LONGINES DolceVita Automatic 28.2x47MM Silver Dial Blue Leather Me
553,555,W1430,exact,W1430,Longines,LONGINES V.H.P. Chronograph 42MM Men's Watch L3.717.4.96.6 / L3717
554,556,LONG-W1701,exact,LONG-W1701,Longines,LONGINES DolceVita Quartz 20MM Red Dial Leather Women's Watch L5.2
555,557,W1339,exact,W1339,Longines,LONGINES DolceVita Quartz 23MM White Dial Women's Watch L5.512.4.1
556,558,WWNL3.374.4.90.2,exact,WWNL3.374.4.90.2,Longines,Longines Legend Diver Automatic Blue Dial Steel  Unisex Watch L3.374.4.90.2
557,559,W1349,exact,W1349,Longines,LONGINES Elegant Automatic SS 34.5MM White Dial Women's Watch L4.8
558,560,W1296,exact,W1296,Longines,LONGINES PrimaLuna Quartz 30MM Blue MOP Dial SS Women's Watch L8.1
559,561,W1301,exact,W1301,Longines,LONGINES Presence Automatic 34.5MM White Dial Two-Tone Women's Wat
560,562,WWNL3.811.4.73.2,exact,WWNL3.811.4.73.2,Longines,Longines Spirit Automatic Silver Dial Leather Strap Men's Watch L3.811.4.73.2
561,563,CRSF-M1B-01M,exact,CRSF-M1B-01M,Seven Friday,Sevenfriday M-Series Urban Explorer Automatic M1B/01M SF-M1B-01M Men's Watch
562,564,WWNL2.330.4.93.0,exact,WWNL2.330.4.93.0,Longines,Longines Heritage Classic Tuxedo Automatic Black Dial Leather Strap Men's Watch L2.330.4.93.0
563,565,LONG-W1659,exact,LONG-W1659,Longines,LONGINES Presence Automatic SS 38.5MM Champagne Dial Men's Watch L
564,566,LONG-WL73,exact,LONG-WL73,Longines,Longines DolceVita Quartz Mini Silver Dial Black Leather Strap Women's Watch L5.200.4.71.2
565,567,WWNL8.113.4.71.6,exact,WWNL8.113.4.71.6,Longines,Longines Primaluna Automatic 30mm Ivory Dial Stainless Steel Women's Watch L8.113.4.71.6
566,568,WWNM026.608.11.041.01,exact,WWNM026.608.11.041.01,Mido,Mido Ocean Star 600 Chronometer Blue Dial Steel Men's Watch M026.608.11.041.01
567,569,LONG-000147,exact,LONG-000147,Longines,LONGINES DolceVita Quartz SS 23MM Blue Dial Women's Watch L5.512.4
568,570,W225,exact,W225,Hamilton,HAMILTON Navy Scuba Automatic 43MM Men's Watch H82525160
569,571,W274,exact,W274,TAG Heuer,TAG HEUER Connected Calibre E4 42MM Titanium Smartwatch SBR8081.BT
570,572,HAMI-081.00,exact,HAMI-081.00,Hamilton,Hamilton Khaki Pilot Automatic H64615735 Men's Watch
571,573,W1277,exact,W1277,Longines,LONGINES DolceVita Quartz 23MM Blue Dial Leather Women's Watch L5.
572,574,WWNH24614330,exact,WWNH24614330,Hamilton,Hamilton Ventura XXL Bright Dune Black Dial Rubber Strap Men's Watch H24614330
573,575,WWN01 733 7720 4057-07 5 21 02,exact,WWN01 733 7720 4057-07 5 21 02,Oris,Oris Divers Sixty-Five Automatic 42mm Green Dial Leather Strap Men's Watch 01 733 7720 4057-07 5 21 02
574,576,WWN01 733 7747 4055-07 5 17 45,exact,WWN01 733 7747 4055-07 5 17 45,Oris,Oris Divers Sixty-Five Automatic Blue Dial Leather Strap Unisex Watch 01 733 7747 4055-07 5 17 45
575,577,WWN01 733 7720 4057-07 5 21 45,exact,WWN01 733 7720 4057-07 5 21 45,Oris,Oris Divers Sixty-Five Automatic Green Dial Leather Strap Men's Watch 01 733 7720 4057-07 5 21 45
576,578,W1302,exact,W1302,Longines,LONGINES Presence Automatic 38.5MM White Dial Two-Tone Men's Watch
577,579,W1357,exact,W1357,Longines,LONGINES Conquest Quartz SS 30MM 11 Diamond White MOP Women's Watc
578,580,W1514,exact,W1514,Longines,LONGINES Symphonette Quartz MOP Dial SS Women's Watch L2.305.4.83.
579,581,W1338,exact,W1338,Longines,LONGINES DolceVita Quartz 20MM White Dial Women's Watch L5.255.4.1
580,582,LONG-WL25,exact,LONG-WL25,Longines,Longines DolceVita Quartz Mother of Pearl Diamond Dial Stainless Steel Women's Watch L5.258.4.87.6
581,583,WWN01 733 7770 4150-SET,exact,WWN01 733 7770 4150-SET,Oris,Oris Aquis Date Upcycle Edition Multicolored Dial Steel Unisex Watch 01 733 7770 4150-SET
582,584,WWNL2.822.4.56.2,exact,WWNL2.822.4.56.2,Longines,Longines Heritage Skin Diver Black Dial Leather Strap Men's Watch L2.822.4.56.2
583,585,W1276,exact,W1276,Longines,LONGINES DolceVita Quartz 20MM Blue Dial Leather Women's Watch L5.
584,586,W1548,exact,W1548,Longines,LONGINES Flagship Automatic SS 36MM Men's Watch L4.774.4.12.6
585,587,HAMI-X009K2,exact,HAMI-X009K2,Hamilton,Hamilton Khaki Aviation X-Wind Chronograph Quartz GMT H77912335 Men's Watch
586,588,WWNL4.826.4.52.0,exact,WWNL4.826.4.52.0,Longines,Longines Heritage 1832 Automatic Black Dial Leather Strap Men's Watch L4.826.4.52.0
587,589,W243,exact,W243,Hamilton,HAMILTON Khaki Field Murph 42MM AUTO Black Dial Men's Watch H70605
588,590,WWNL3.782.3.06.7,exact,WWNL3.782.3.06.7,Longines,Longines HydroConquest Automatic Green Dial Two-Tone Yellow Gold PVD Stainless Steel Men's Watch L3.782.3.06.7
589,591,W248,exact,W248,Hamilton,HAMILTON Khaki Aviation Pilot 42MM AUTO Day Date Men's Watch H6461
590,592,WWNM026.629.37.291.00,exact,WWNM026.629.37.291.00,Mido,Mido Ocean Star GMT Automatic Black Dial Rubber Strap Men's Watch M026.629.37.291.00
591,593,WWNH82565930,exact,WWNH82565930,Hamilton,Hamilton Khaki Navy Scuba Auto GMT Black Dial Fabric Strap Men's Watch H82565930
592,594,CR98A325,exact,CR98A325,Bulova,Bulova Mil Ships 150th Anniversary Special Edition Blue Dial Automatic Diver's 98A325 200M Men's Watch
593,595,LONG-413314,exact,LONG-413314,Longines,Longines Primaluna Moonphase Mother of Pearl Diamond Dial Stainless Steel Women's Watch L8.115.4.87.6
594,596,WWNL5.755.4.87.6,exact,WWNL5.755.4.87.6,Longines,Longines Dolcevita Quartz Diamond Dial Steel  Women's Watch L5.755.4.87.6
595,597,WWNL3.370.3.87.6,exact,WWNL3.370.3.87.6,Longines,Longines HydroConquest Quartz White Mother of Pearl Diamond Dial Two-Tone Steel Women's Watch L3.370.3.87.6
596,598,WWNL5.255.4.75.2,exact,WWNL5.255.4.75.2,Longines,Longines DolceVita Quartz White Dial Leather Strap Women's Watch L5.255.4.75.2
597,599,W1547,exact,W1547,Longines,LONGINES Presence 34.5MM Automatic Two-Tone Women's Watch L4.821.2
598,600,W1279,exact,W1279,Longines,LONGINES Equestrian Quartz SS 22MM Silver Flinque Dial Women's Wat
599,601,W249,exact,W249,Hamilton,HAMILTON Jazzmaster Automatic Black Leather Men's Watch H32635731
600,602,W236,exact,W236,Hamilton,HAMILTON American Classic PSR Digital Black SS Men's Watch H524041
601,603,CRINV47900,exact,CRINV47900,Invicta,Invicta Racing Chronograph Stainless Steel Red Dial Quartz 47900 Men's Watch
602,604,LONG-000141,exact,LONG-000141,Longines,LONGINES Presence Automatic 40MM White Dial Leather Men's Watch L4
603,605,W245,exact,W245,Hamilton,HAMILTON Khaki Pilot 44MM CHRONO Black Dial Men's Watch H76722131
604,606,LONG--45001,exact,LONG--45001,Longines,LONGINES HydroConquest 41MM Blue Dial 2Tone Men's Watch L3.740.3.9
605,607,WWN01 733 7770 4157-07 8 18 05P,exact,WWN01 733 7770 4157-07 8 18 05P,Oris,Oris Aquis Date Green Mother of Pearl Dial Stainless Steel Unisex Watch 01 733 7770 4157-07 8 18 05P
606,608,WWNM049.307.33.296.00,exact,WWNM049.307.33.296.00,Mido,Mido Multifort Automatic Brown Diamond Dial Rose Gold PVD Steel Women's Watch M049.307.33.296.00
607,609,WWNL4.330.4.11.2,exact,WWNL4.330.4.11.2,Longines,Longines Elegant Collection Moonphase White Dial Leather Strap Women's Watch L4.330.4.11.2
608,610,LONG-W1632,exact,LONG-W1632,Longines,Longines La Grande Classique Quartz Blue Mother of Pearl Diamond Dial Leather Strap Women's Watch L4.512.4.81.2
609,611,WWNL4.812.4.11.2,exact,WWNL4.812.4.11.2,Longines,Longines Elegant Automatic White Dial Leather Strap Men's Watch L4.812.4.11.2
610,612,WWNM038.431.11.061.00,exact,WWNM038.431.11.061.00,Mido,Mido Multifort M Chronometer Automatic Black Dial Steel Men's Watch M038.431.11.061.00
611,613,WWNL3.370.4.87.6,exact,WWNL3.370.4.87.6,Longines,Longines HydroConquest Quartz Mother of Pearl Diamond Dial Steel Women's Watch L3.370.4.87.6
612,614,WWNL2.387.0.87.6,exact,WWNL2.387.0.87.6,Longines,Longines Conquest Classic Mother of Pearl Diamond Dial & Bezel 36mm Women's Watch L2.387.0.87.6
613,615,WWNH76719530,exact,WWNH76719530,Hamilton,Hamilton Khaki Aviation Pilot Pioneer Mechanical Small Seconds Black Dial Leather Strap Men's Watch H76719530
614,616,WWNM0266291104100,exact,WWNM0266291104100,Mido,Mido Ocean Star GMT Blue Dial Steel Men's Watch M0266291104100
615,617,WWNL3.841.4.56.6,exact,WWNL3.841.4.56.6,Longines,Longines HydroConquest Automatic Black Dial Stainless Steel Men's Watch L3.841.4.56.6
616,618,WWNL4.827.4.92.2,exact,WWNL4.827.4.92.2,Longines,Longines Heritage 1832 Automatic Beige Dial Leather Strap Men's Watch L4.827.4.92.2
617,619,LONG-WW517,exact,LONG-WW517,Longines,Longines La Grande Classique Quartz Mother of Pearl Dial Diamond Steel Women's Watch L4.709.4.88.6
618,620,WWNSBR8A80.BT6261,exact,WWNSBR8A80.BT6261,Tag Heuer,Tag Heuer Connected Calibre E4 - 45mm Digital Dial Black Rubber Strap Men's Watch SBR8A80.BT6261
619,621,LONG-W1555,exact,LONG-W1555,Longines,Longines DolceVita Automatic Silver Dial Leather Strap Men's Watch L5.767.4.73.0
620,622,WWNM038.431.11.041.00,exact,WWNM038.431.11.041.00,Mido,Mido Multifort M Chronometer 1 Automatic Blue Dial Steel Men's Watch M038.431.11.041.00
621,623,WWNM049.526.37.291.00,exact,WWNM049.526.37.291.00,Mido,Mido Multifort TV Big Date Automatic Brown Dial Rubber Strap Men's Watch M049.526.37.291.00
622,624,W256,exact,W256,Hamilton,HAMILTON Khaki Field King SS Automatic Men's Watch H64455133
623,625,WWNH82555150,exact,WWNH82555150,Hamilton,Hamilton Khaki Navy Scuba Auto GMT Silver Dial Stainless Steel Men's Watch H82555150
624,626,WWNM031.631.33.061.00,exact,WWNM031.631.33.061.00,Mido,Mido Commander Icone Grey Dial Black Steel Men's Watch M031.631.33.061.00
625,627,W1537,exact,W1537,Longines,LONGINES Conquest Quartz 43MM Men's Watch L3.760.4.76.5
626,628,LONG-WW705,exact,LONG-WW705,Longines,Longines La Grande Classique Automatic 38mm White Dial Leather Strap Men's Watch L4.918.4.11.2
627,629,WWNL4.899.3.21.7,exact,WWNL4.899.3.21.7,Longines,Longines Flagship Automatic White Dial Two-Tone Steel Men's Watch L4.899.3.21.7
628,630,W28,exact,W28,Hamilton,HAMILTON Khaki Field Automatic SS 42MM Green Dial Men's Watch H706
629,631,LONG-W1641,exact,LONG-W1641,Longines,LONGINES Presence 23.5MM Silver Dial Women's Watch L4.220.4.72.2
630,632,HAMI-241991,exact,HAMI-241991,Hamilton,Hamilton American Classic Intra-Matic H38455731 Men's Watch
631,633,HAMI-05-81E,exact,HAMI-05-81E,Hamilton,Hamilton Jazzmaster Viewmatic Automatic Swiss Made H32455557 Men's
632,634,W241,exact,W241,Hamilton,HAMILTON Square Black Dial Stainless Steel Vintage Watch H000032S
633,635,CRH32515535,exact,CRH32515535,Hamilton,Hamilton Jazzmaster Automatic Viewmatic Classic H32515535 Men's Wa
634,636,HAMI-241978,exact,HAMI-241978,Hamilton,Hamilton Jazzmaster Viematic H32715531 Men's Watch
635,637,CRH32612735,exact,CRH32612735,Hamilton,Hamilton Jazzmaster Chronograph Quartz H32612735 Men's Watch
636,638,CRH32612555,exact,CRH32612555,Hamilton,Hamilton Jazzmaster Quartz Chronograph H32612555 Men's Watch
637,639,CRH64515337,exact,CRH64515337,Hamilton,Hamilton Khaki Scuba Automatic H64515337 Men's Watch
638,640,HAMI-81.00~,exact,HAMI-81.00~,Hamilton,Hamilton Khaki Office Automatic Swiss Made H70365983 Men's Watch
639,641,CRH37451141,exact,CRH37451141,Hamilton,Hamilton Jazzmaster Seaview H37451141 Women's Watch
640,642,CR97B223,exact,CR97B223,Bulova,Bulova Super Seville Gold Tone Stainless Steel White Dial Quartz 9
641,643,CR96B251,exact,CR96B251,Bulova,Bulova Special Edition Moon Apollo Lunar Pilot Chronograph Black D
642,644,CR96B439,exact,CR96B439,Bulova,Bulova Classic Super Seville 262kHz Precisionist Stainless Steel G
643,645,HAMI-041.00,exact,HAMI-041.00,Hamilton,Hamilton American Classic Bagley Quartz H12341555 Women's Watch
644,646,CR96B401,exact,CR96B401,Bulova,Bulova Classic Precisionist Jet Star Stainless Steel Red Dial Quar
645,647,CR96B433,exact,CR96B433,Bulova,Bulova Marine Star Precisionist Stainless Steel Blue Dial Quartz D
646,648,CR98A227,exact,CR98A227,Bulova,Bulova Marine Star 98A227 Automatic 200M Men's Watch
647,649,HAMI-421.00,exact,HAMI-421.00,Hamilton,Hamilton Khaki Pilot Pioneer Chronograph H76512133 Men's Watch
648,650,HAMI-251.CB,exact,HAMI-251.CB,Hamilton,Hamilton Jazzmaster Quartz H32451641 Men's Watch
649,651,W2261,exact,W2261,Seiko,Seiko Black Dial Silver Stainless Steel Women's Watch SUJE25
650,652,W2262,exact,W2262,Seiko,Seiko Vivace MOP Dial Silver SS Women's Watch SUJ281
651,653,W2265,exact,W2265,Seiko,Seiko Black Dial Silver-tone SS Women's Watch SUJE79
652,654,CRH68411133,exact,CRH68411133,Hamilton,Hamilton Khaki H68411133 Men's Watch
653,655,CR96A225,exact,CR96A225,Bulova,Bulova Lunar Pilot Special Edition Chronograph Black Dial Quartz 9
654,656,HAMI-02R00B,exact,HAMI-02R00B,Hamilton,Hamilton Khaki Pilot Quartz H64611555 Men's Watch
655,657,W1646,exact,W1646,Tissot,TISSOT PR 100 Quartz 40MM SS Blue Dial Men's Watch T150.410.11.041
656,658,W2268,exact,W2268,Seiko,Seiko Black Dial Two-tone SS Women's Watch SUJF10
657,659,W1592,exact,W1592,Tissot,TISSOT PR 100 Quartz 40MM Gray Dial Stainless Steel Men's Watch T1
658,660,W2259,exact,W2259,Seiko,Seiko 21MM Black Dial S-Steel Bracelet Women's Watch SXGN15
659,661,W2260,exact,W2260,Seiko,Seiko Le Grand Sport 27MM MOP Dial S-Steel Women's Watch SXDE83
660,662,W2249,exact,W2249,Seiko,SEIKO 27MM White MOP Dial SS Women's Watch SXDE22
661,663,W1678,exact,W1678,Tissot,TISSOT Classic Dream 42MM QTZ Brown Leather Men's Watch T129.410.3
662,664,W2258,exact,W2258,Seiko,Seiko 25MM Black Dial S-Steel Bracelet Women's Watch SXDA44
663,665,W2310,exact,W2310,Citizen,CITIZEN Serano Eco Drive MOP Dial SS Women's Watch EP5830-56D
664,666,W1645,exact,W1645,Tissot,TISSOT PR 100 Quartz 34MM SS Blue Dial Women's Watch T150.210.11.0
665,667,HAMI-241916,exact,HAMI-241916,Hamilton,Hamilton Khaki Navy H64451533 Men's Watch
666,668,W2304,exact,W2304,Citizen,CITIZEN Allura Eco-Drive 27mm White Dial Diamond Accent SS Women's
667,669,CR98A304,exact,CR98A304,Bulova,Bulova Classic Sutton Leather Strap Silver Skeleton Dial Automatic
668,670,W1557,exact,W1557,Tissot,TISSOT Chrono L Quartz 42MM Blue Dial Leather Men's Watch T116.417
669,671,W1649,exact,W1649,Tissot,TISSOT PR 100 QTZ 40MM Silver Dial BRN Leather Men's Watch T150.41
670,672,W1593,exact,W1593,Tissot,TISSOT PR 100 Quartz 40MM White Dial Leather Men's Watch T150.410.
671,673,CR98A302,exact,CR98A302,Bulova,Bulova Marine Star Stainless Steel Open Heart Blue Dial Automatic
672,674,HAMI-PF24K1,exact,HAMI-PF24K1,Hamilton,Hamilton Broadway Quartz H43311735 Men's Watch
673,675,W1597,exact,W1597,Tissot,TISSOT PR 100 Quartz Jungfraubahn SS 34MM Blue Dial Women's Watch
674,676,W1601,exact,W1601,Tissot,TISSOT Ballade Quartz 40MM SS Blue Dial Men's Watch T156.410.22.04
675,677,W2244,exact,W2244,Seiko,SEIKO Alarm Chronograph Tachymeter 42MM Men's Watch SNA163
676,678,CR96B472,exact,CR96B472,Bulova,Bulova Jet Star Stainless Steel Grey Dial Quartz 96B472 Men's Watc
677,679,W2267,exact,W2267,Seiko,Seiko Silver Dial Stainless Steel Women's Watch SUJF09
678,680,W2266,exact,W2266,Seiko,Seiko Coutura Collection MOP Dial S-Steel Bracelet Women's Watch S
679,681,W1673,exact,W1673,Tissot,TISSOT Bellissima 26MM Small Lady Pink Leather Strap Women's Watch
680,682,W2257,exact,W2257,Seiko,Seiko Le Grand Sport 25MM MOP Dial S-Steel Bracelet Women's Watch
681,683,HAMI-05004W,exact,HAMI-05004W,Hamilton,Hamilton Khaki H68311133 Men's Watch
682,684,CR97A182,exact,CR97A182,Bulova,Bulova Surveyor Gold Tone Stainless Steel Open Heart Champagne Dia
683,685,CR98A283,exact,CR98A283,Bulova,Bulova Classic Sutton Black Skeleton Dial Automatic 98A283 Men's W
684,686,W1600,exact,W1600,Tissot,TISSOT Ballade Quartz 40MM Blue Dial SS Men's Watch T156.410.11.04
685,687,W1616,exact,W1616,Tissot,TISSOT Ballade Quartz 40MM Green Dial Men's Watch T156.410.11.091.
686,688,CR98B432,exact,CR98B432,Bulova,Bulova Racer Chronograph Stainless Steel Blue Dial Quartz 98B432 1
687,689,W2295,exact,W2295,Citizen,Citizen Noblia MOP Dial LTHR Strap Women's Watch 1060098
688,690,CR96A187,exact,CR96A187,Bulova,Bulova Classic 96A187 Automatic Men's Watch
689,691,CR98A272,exact,CR98A272,Bulova,Bulova Marine Star Open Heart Black Dial Automatic Diver's 98A272
690,692,CR98B422,exact,CR98B422,Bulova,Bulova Surveyor Stainless Steel Burgundy Dial Automatic 98B422 Men
691,693,CR98A224,exact,CR98A224,Bulova,Bulova Maquina 98A224 Automatic Men's Watch
692,694,CR98A179,exact,CR98A179,Bulova,Bulova Classic 98A179 Automatic Men's Watch
693,695,HAMI-53.00~,exact,HAMI-53.00~,Hamilton,Hamilton Jazzmaster Quartz H32341975 Women's Watch
694,696,CR96A208,exact,CR96A208,Bulova,Bulova Classic Skeleton Black Dial Stainless Steel Automatic 96A20
695,697,HAMI-P837J1,exact,HAMI-P837J1,Hamilton,Hamilton Jazzmaster Thinline Quartz H38541513 Men's Watch
696,698,W2294,exact,W2294,Citizen,Citizen Solar-Tech Silver Dial Stainless Steel Men's Watch AP8120-
697,699,W2287,exact,W2287,Citizen,Citizen MOP Dial Silver-tone Women's Watch EP8090-54D
698,700,W2293,exact,W2293,Citizen,CITIZEN Blue Dial Titanium Women's Watch EU1390-58L
699,701,CR96B256,exact,CR96B256,Bulova,Bulova Marine Star 96B256 Quartz Chronograph Men's Watch
700,702,HAMI-03L10B,exact,HAMI-03L10B,Hamilton,Hamilton Khaki H68311533 Men's Watch
701,703,W2296,exact,W2296,Citizen,NOBLIA 24MM MOP Dial LTHR Strap Women's Watch 102545
702,704,W2264,exact,W2264,Seiko,Seiko Chronograph White Dial Stainless Steel Women's Watch SNDZ25
703,705,W1610,exact,W1610,Tissot,TISSOT PR 100 Quartz SS 40MM Black Dial Men's Watch T150.410.11.05
704,706,W1551,exact,W1551,Tissot,TISSOT PR 100 Quartz Stainless Steel 40MM Green Dial Men's Watch T
705,707,W1672,exact,W1672,Tissot,TISSOT Classic Dream 42MM S-Steel Silver Dial Men's Watch T129.410
706,708,W2263,exact,W2263,Seiko,Seiko Chronograph Stainless Steel Black Dial Men's Watch SNAD35
707,709,W2256,exact,W2256,Seiko,Seiko Coutura 28MM Black MOP Dial S-Steel Bracelet Women's Watch S
708,710,CR98A177,exact,CR98A177,Bulova,Bulova Classic 98A177 Automatic Men's Watch
709,711,HAMI-CRU617,exact,HAMI-CRU617,Hamilton,Hamilton Jazzmaster Quartz H32441551 Men's Watch
710,712,W2292,exact,W2292,Citizen,CITIZEN Silver Dial Stainless Steel Women's Watch EL1540-53A
711,713,W2291,exact,W2291,Citizen,CITIZEN Silver Dial Titanium Women's Watch EL1550-50A
712,714,CR97A138,exact,CR97A138,Bulova,Bulova Classic Sutton Skeleton White Dial Leather Strap Automatic
713,715,CRH38411783,exact,CRH38411783,Hamilton,Hamilton Jazzmaster Thinline Small Second Quartz H38411783 Men's W
714,716,CRZ76802,exact,CRZ76802,Zeppelin,Zeppelin 100 Years ED.1 Germany Made 7680-2 76802 Men's Watch
715,717,CR96A269,exact,CR96A269,Bulova,Bulova Sutton Open Heart Black Dial Leather Strap Automatic 96A269
716,718,WW229,exact,WW229,Luminox,Luminox Leatherback Sea Turtle Giant X Volition 44MM Blue Dial
717,719,HAMI-00-1A3,exact,HAMI-00-1A3,Hamilton,Hamilton Khaki Filed Quartz Swiss Made H68201193 Men's Watch
718,720,CR96A275,exact,CR96A275,Bulova,Bulova Classic Surveyor Stainless Steel Blue Open Heart Dial Autom
719,721,W2255,exact,W2255,Seiko,Seiko White Dial Two-tone SS Women's Watch SUJD34
720,722,W2254,exact,W2254,Seiko,Seiko White Dial Gold-tone Stainless Steel Women's Watch SXDB48
721,723,W2248,exact,W2248,Seiko,SEIKO 26MM White Dial Two-tone SS Women's Watch SXDC21P1
722,724,W2288,exact,W2288,Citizen,Citizen Elegance Gold Dial Stainless Steel Women's Watch EK6764-55
723,725,W2289,exact,W2289,Citizen,CITIZEN Elegance Gold Dial Two-tone SS Men's Watch BI0124-57PZ
724,726,W2253,exact,W2253,Seiko,Seiko VIVACE White Dial 24MM Two-tone Women's Watch SUJ279
725,727,CRZ76901,exact,CRZ76901,Zeppelin,Zeppelin Series 100 Years ED.1 Germany Made 7690-1 76901 Men's Wat
726,728,CR96P250,exact,CR96P250,Bulova,Bulova Sutton Diamond Accents Stainless Steel Light Blue Dial Quar
727,729,WW566,exact,WW566,Seiko,Seiko 5 Sports Field Gmt Automatic 39.4mm Men's Watch Ssk025
728,730,BULO-2006M9,exact,BULO-2006M9,Bulova,Bulova Classic Sutton Diamond Accent Stainless Steel Blue Dial Qua
729,731,W2251,exact,W2251,Seiko,Seiko White Dial Two-tone S-Steel Men's Watch SGE778P1
730,732,W2252,exact,W2252,Seiko,Seiko Coutura Silver Dial Stainless Steel Women's Watch SUJE83
731,733,WW953,exact,WW953,Movado,Movado Museum Classic Quartz Black Dial 0607626
732,734,WW554,exact,WW554,Seiko,Seiko Alarm Chronograph Tachymeter 42MM Men's Watch Sna163
733,735,WW952,exact,WW952,Tissot,Tissot Everytime 40MM Quartz White Dial
734,736,CRSRP169K1,exact,CRSRP169K1,Seiko,Seiko 5 Sports Automatic SRP169K1 SRP169K SRP169 Mens Watch
735,737,CREQS-940DB-1B,exact,CREQS-940DB-1B,Casio,Casio Edifice Chronograph Analog Solar Powered EQS-940DB-1B EQS940
736,738,CRRA-WK0002E,exact,CRRA-WK0002E,Orient,Orient Bambino Leather Strap Pale Green Dial Solar RA-WK0002E Men'
737,739,CRRA-WK0004L,exact,CRRA-WK0004L,Orient,Orient Bambino Leather Strap Black Dial Solar RA-WK0004L Men's Wat
738,740,CRSRP355K1,exact,CRSRP355K1,Seiko,Seiko 5 Sports Automatic SRP355 SRP355K1 SRP355K Men's Watch
739,741,CRSRPB91K1,exact,CRSRPB91K1,Seiko,Seiko 5 Sports Automatic SRPB91 SRPB91K1 SRPB91K Men's Watch
740,742,CRSNZG83J1,exact,CRSNZG83J1,Seiko,Seiko 5 Sports Automatic SNZG83 SNZG83J1 SNZG83J Men's Watch
741,743,CRSNZH51K1,exact,CRSNZH51K1,Seiko,Seiko 5 Sports Automatic SNZH51K1 SNZH51 SNZH51K Men's Watch
742,744,CRSRP483K1,exact,CRSRP483K1,Seiko,Seiko 5 Sports Automatic Monster SRP483 SRP483K1 SRP483K Men's Wat
743,745,W2286,exact,W2286,Citizen,Citizen Black Dial SS Women's Watch EK4640-59E
744,746,CRRF273SND253P1,exact,CRRF273SND253P1,Seiko,Refurbished Seiko Flightmaster Pilot Slide Rule Chronograph SND253
745,747,CRSRP601K1,exact,CRSRP601K1,Seiko,Seiko 5 Sports Automatic SRP601 SRP601K1 SRP601K Men's Watch
746,748,CRF20671-1,exact,CRF20671-1,Festina,Festina Chrono Bike Rubber Strap Blue Dial Quartz F20671-1 100M Me
747,749,CRSRPB89K1,exact,CRSRPB89K1,Seiko,Seiko 5 Sports Automatic SRPB89 SRPB89K1 SRPB89K Men's Watch
748,750,CRSRP343K1,exact,CRSRP343K1,Seiko,Seiko 5 Sports Automatic SRP343 SRP343K1 SRP343K Men's Watch
749,751,CRF20670-6,exact,CRF20670-6,Festina,Festina Chrono Bike Chronograph Stainless Steel Black Dial Quartz
750,752,WW791,exact,WW791,Citizen,Citizen Solar-tech Silver Dial Stainless Steel Men's Watch
751,753,CRSRP629K1,exact,CRSRP629K1,Seiko,Seiko 5 Sports Automatic SRP629 SRP629K1 SRP629K Men's Watch
752,754,CRSRP625K1,exact,CRSRP625K1,Seiko,Seiko 5 Sports Automatic SRP625K1 SRP625K Men's Watch
753,755,CRSRP621K1,exact,CRSRP621K1,Seiko,Seiko 5 Sports Automatic SRP621K1 SRP621K Men's Watch
754,756,CRSRP623K1,exact,CRSRP623K1,Seiko,Seiko 5 Sports Automatic SRP623 SRP623K1 SRP623K Men's Watch
755,757,CRRA-AK0506S10B,exact,CRRA-AK0506S10B,Orient,Orient Altair Three Stars Automatic RA-AK0506S10B Men's Watch
756,758,CRBN0100-42E,exact,CRBN0100-42E,Citizen,Citizen Promaster Marine Diver's Eco-Drive 200M BN0100-42E Men's W
757,759,CRSRP341K1,exact,CRSRP341K1,Seiko,Seiko 5 Sports Automatic SRP341 SRP341K1 SRP341K Men's Watch
758,760,CRNY0040-09W,exact,CRNY0040-09W,Citizen,Citizen Promaster Automatic Diver's NY0040-09W Men's Watch
759,761,CRGBD-200UU-1,exact,CRGBD-200UU-1,Casio,Casio G-Shock G-Squad Mobile link Digital Quartz GBD-200UU-1 GBD20
760,762,CRSRP219J1,exact,CRSRP219J1,Seiko,Seiko 5 Sports Automatic Japan Made SRP219 SRP219J1 SRP219J Men's
761,763,CRRA-AC0002S10B,exact,CRRA-AC0002S10B,Orient,Orient Classic Bambino Automatic RA-AC0002S10B Men's Watch
762,764,CRSRPB86K1.G,exact,CRSRPB86K1.G,Seiko,Seiko 5 Sports Automatic SRPB86 SRPB86K1 SRPB86K Men's Watch
763,765,CRNY0045-05EB,exact,CRNY0045-05EB,Citizen,Citizen Diver Promaster Automatic Gold NY0045-05E 21 Jewels Watch
764,766,CRSRP357K2,exact,CRSRP357K2,Seiko,Seiko 5 Sports Automatic SRP357K2
765,767,CREFR-S108D-7A,exact,CREFR-S108D-7A,Casio,Casio Edifice Stainless Steel White Dial Quartz EFR-S108D-7A EFRS1
766,768,CRSRPB79K1,exact,CRSRPB79K1,Seiko,Seiko 5 Sports Automatic SRPB79 SRPB79K1 SRPB79K Men's Watch
767,769,CRSRPB81K1,exact,CRSRPB81K1,Seiko,Seiko 5 Sports Automatic SRPB81 SRPB81K1 SRPB81K Men's Watch
768,770,CRECB-10D-2A,exact,CRECB-10D-2A,Casio,Casio Edifice World Time Mobile Link ECB-10D-2A ECB10D-2 100M Men'
769,771,CREFB-730D-2AV,exact,CREFB-730D-2AV,Casio,Casio Edifice Analog Chronograph Stainless Steel Blue Dial Quartz
770,772,CRF20463-2,exact,CRF20463-2,Festina,Festina Sport Chronograph Stainless Steel Blue Dial Quartz F20463-
771,773,WW790,exact,WW790,Citizen,Citizen Elegance Gold Dial Two-tone Ss Men's Watch Bi0124-57pz
772,774,WW774,exact,WW774,Seiko,Seiko White Dial Two-tone S-steel Men's Watch Sge778p1
773,775,CREFR-S108D-1A,exact,CREFR-S108D-1A,Casio,Casio Edifice Slim Line Black Dial Quartz EFR-S108D-1A 100M Men's
774,776,CRER24008B,exact,CRER24008B,Orient,Orient Bambino Collection Black Dial ER24008B Men's Watch
775,777,CRER2400EW,exact,CRER2400EW,Orient,Orient Bambino Version 2 Automatic FER2400EW0 ER2400EW Men's Watch
776,778,CREM75003B,exact,CREM75003B,Orient,Orient Mako Automatic Diver EM75003B Men's Watch
777,779,CRA1100D-1,exact,CRA1100D-1,Casio,Casio Vintage Digital Stainless Steel Quartz A1100D-1 Unisex Watch
778,780,CREFR-S108D-3A,exact,CREFR-S108D-3A,Casio,Casio Edifice Sapphire Crystal Analog Stainless Steel Green Dial Q
779,781,CRSSC433P1,exact,CRSSC433P1,Seiko,Seiko Solar Chronograph Alarm SSC433 SSC433P1 SSC433P Men's Watch
780,782,CRPRJ-B001-5,exact,CRPRJ-B001-5,Casio,Casio Pro Trek Analog Digital Smartphone Link Grey Dial Tough Sola
781,783,CRSRP619K1,exact,CRSRP619K1,Seiko,Seiko 5 Sports Automatic SRP619 SRP619K1 SRP619K Men's Watch
782,784,CRFEM65001MW,exact,CRFEM65001MW,Orient,Orient Mako Automatic FEM65001MW EM65001M
783,785,CRFEM65006D,exact,CRFEM65006D,Orient,Orient Mako Automatic FEM65006D EM65006D
784,786,CRGA-2000-1A9,exact,CRGA-2000-1A9,Casio,Casio G-Shock Carbon Core Guard Digital Analog Black Dial Quartz G
785,787,CRER2400BW,exact,CRER2400BW,Orient,Orient Bambino Collection White Dial ER2400BW Men's Watch
786,788,CRER2400CN,exact,CRER2400CN,Orient,Orient Bambino Collection Cream Dial ER2400CN Men's Watch
787,789,CRFEM65001MV,exact,CRFEM65001MV,Orient,Orient Mako Automatic Diver's Orange Dial FEM65001MV Men's Watch
788,790,CRFEM65004M,exact,CRFEM65004M,Orient,Orient Mako Automatic Divers 200M FEM65004M EM65004M Men's Watch
789,791,CRRF526SSB377P1,exact,CRRF526SSB377P1,Seiko,Refurbished Seiko Chronograph Quartz SSB377 SSB377P1 SSB377P 100M
790,792,CRF20692-2,exact,CRF20692-2,Festina,Festina Timeless Chronograph Leather Strap Blue Dial Quartz F20692
791,793,CRER2400JW,exact,CRER2400JW,Orient,Orient Bambino Automatic FER2400JW0 ER2400JW Men's Watch
792,794,E79767927295,exact,E79767927295,Casio,Casio Ef-527d-1av
793,795,CRAR11723,exact,CRAR11723,Emporio Armani,Emporio Armani Stainless Steel Mother Of Pearl Dial Quartz AR11723 Women's Watch
794,796,CREM1220-58X,exact,CREM1220-58X,Citizen,Citizen Eco-Drive  Analog Stainless Steel Pink Dial Solar EM1220-58X Women's Watch
795,797,CRFEM6500AM9,exact,CRFEM6500AM9,Orient,Orient Ray Collection Diver Automatic FEM6500AM9 Men's Watch
796,798,CRSRPA93J1,exact,CRSRPA93J1,Seiko,Seiko 5 Sports Limited Edition Automatic Japan Made SRPA93 SRPA93J
797,799,CRU864,exact,CRU864,Refurbished,Refurbished Casio Edifice Analog Digital Smartphone Link Stainless Steel Black Dial Quartz ECB-10DC-1A 100M Men's Watch
798,800,CRSNZ453J1,exact,CRSNZ453J1,Seiko,Seiko 5 Sports Automatic 23 Jewels Japan Made SNZ453 SNZ453J1 SNZ4
799,801,CR1038EF102V-WHT-V02,exact,CR1038EF102V-WHT-V02,RATIO,Ratio FreeDiver Version 02 Helium Safe 1000M Sapphire Quartz White Dial 1038EF102V-WHT-V02 Men's Watch
800,802,CR1038EF102V-ORG-V02,exact,CR1038EF102V-ORG-V02,RATIO,Ratio FreeDiver Version 02 Helium Safe 1000M Sapphire Quartz Orange Dial 1038EF102V-ORG-V02 Men's Watch
801,803,CR1038EF102V-GRN-V02,exact,CR1038EF102V-GRN-V02,RATIO,Ratio FreeDiver Version 02 Helium Safe 1000M Sapphire Quartz Mint Green Dial 1038EF102V-GRN-V02 Men's Watch
802,804,CR1038EF102V-BLK-V02,exact,CR1038EF102V-BLK-V02,RATIO,Ratio FreeDiver Version 02 Helium Safe 1000M Sapphire Quartz Black Dial 1038EF102V-BLK-V02 Men's Watch
803,805,CRAV-4011-0C,exact,CRAV-4011-0C,AVI-8,AVI-8 Hawker Hurricane Classic Chronograph Cream Beige Dial Quartz AV-4011-0C Men's Watch
804,806,CRGA-110-1A,exact,CRGA-110-1A,Casio,Casio G-Shock World Time Analog Digital GA-110-1A GA110-1A Men's W
805,807,CRBN0100-26E,exact,CRBN0100-26E,Citizen,Citizen Eco-Drive Promaster Diver BN0100-26E Men's Watch
806,808,CREW2621-75M,exact,CREW2621-75M,Citizen,Citizen Elegance Stainless Steel Blue Dial Eco-Drive EW2621-75M 100M Women's Watch
807,809,CREW2621-75A,exact,CREW2621-75A,Citizen,Citizen Elegance Stainless Steel White Dial Eco-Drive EW2621-75A 100M Women's Watch
808,810,WW611,exact,WW611,Seiko,Seiko Quartz 35MM White Dial Ss Women's Watch Srl045p1
809,811,CRAN3700-89Z,exact,CRAN3700-89Z,Citizen,Citizen Bullhead Chronograph Stainless Steel Orange Dial Quartz AN3700-89Z Men's Watch
810,812,CRAN8194-51L,exact,CRAN8194-51L,Citizen,Citizen Chronograph Two Tone Stainless Steel Blue Dial Quartz AN8194-51L 100M Men's Watch
811,813,CREFR-539DE-2AV,exact,CREFR-539DE-2AV,Casio,Casio Edifice Analog Standard Chronograph Stainless Steel Blue Dial Quartz EFR-539DE-2AV 100M Men's Watch
812,814,CRFAC00007W0,exact,CRFAC00007W0,Orient,Orient 2nd Generation Bambino Version 2 Automatic FAC00007W0 Men's
813,815,CREP6040-02E,exact,CREP6040-02E,Citizen,Citizen Eco-Drive Promaster Diver's EP6040-02E Women's Watch
814,816,CRGA-2100-1A2,exact,CRGA-2100-1A2,Casio,Casio G-Shock Neon Accent Analog Digital Quartz GA-2100-1A2 GA2100
815,817,CRSRP635K1,exact,CRSRP635K1,Seiko,Seiko 5 Sports Automatic SRP635 SRP635K1 SRP635K Men's Watch
816,818,CREQS-940NL-1A,exact,CREQS-940NL-1A,Casio,Casio Edifice Nighttime Drive Series Analog Chronograph Black Dial Solar EQS-940NL-1A 100M Men's Watch
817,819,CRBGA-290FL-7A,exact,CRBGA-290FL-7A,Casio,Casio Baby-G Analog Digital Resin Strap Multicolor Dial Quartz BGA
818,820,CRSAB0C006B9,exact,CRSAB0C006B9,Orient,Orient 3 Star SAB0C006B9 Automatic Japan Made Men's Watch
819,821,CRFS6155,exact,CRFS6155,Fossil,Fossil Machine Big Tic Analog Digital Stainless Steel Black Dial Quartz FS6155 Unisex Watch
820,822,CRFS6154,exact,CRFS6154,Fossil,Fossil Everett Chronograph Stainless Steel Blue Dial Quartz FS6154 Men's Watch
821,823,CRAW1880-55X,exact,CRAW1880-55X,Citizen,Citizen Eco-Drive Stainless Steel Green Dial Solar AW1880-55X 100M Men's Watch
822,824,CRERA-130D-3A,exact,CRERA-130D-3A,Casio,Casio Edifice Analog Digital Stainless Steel Green Dial Quartz ERA-130D-3A 100M Men's Watch
823,825,CRERA-130D-1A,exact,CRERA-130D-1A,Casio,Casio Edifice Analog Digital Stainless Steel Black Dial Quartz ERA-130D-1A 100M Men's Watch
824,826,CRAW1881-52L,exact,CRAW1881-52L,Citizen,Citizen Eco-Drive Stainless Steel Blue Dial Solar AW1881-52L 100M Men's Watch
825,827,CRRF1670SNKC51J1,exact,CRRF1670SNKC51J1,Refurbished,Refurbished Seiko 5 Date-Day Stainless Steel Blue Dial 21 Jewels Automatic SNKC51J1 Men's Watch
826,828,CRRF1598SNKE57J1,exact,CRRF1598SNKE57J1,Refurbished,Refurbished Seiko 5 Automatic 21 Jewels Japan Made SNKE57 SNKE57J1 SNKE57J Men's Watch
827,829,CREM0411-71A,exact,CREM0411-71A,Citizen,Citizen Elegance Stainless Steel White Dial Eco-Drive EM0411-71A Women's Watch
828,830,CRRF701SNK563J1,exact,CRRF701SNK563J1,Refurbished,Refurbished Seiko 5 Automatic Japan Made SNK563 SNK563J1 SNK563J Men's Watch
829,831,CRRF446SNK375J1,exact,CRRF446SNK375J1,Refurbished,Refurbished Seiko 5 Automatic Japan Made 21 Jewels SNK375 SNK375J1 SNK375J Men's Watch
830,832,CRRF210-SNKC51J1,exact,CRRF210-SNKC51J1,Refurbished,Refurbished Seiko Stainless Steel Blue Dial Automatic SNKC51J1 Men's Watch
831,833,CRES5323,exact,CRES5323,Fossil,Fossil Raquel Rose Gold Tone Stainless Steel Brown Mother Of Pearl Dial Quartz ES5323 Women's Watch
832,834,CRU579,exact,CRU579,Refurbished,Refurbished Michael Kors Runway Rose Gold Tone MK3197 Women's Watch
833,835,CRSNKC51J1,exact,CRSNKC51J1,Seiko,Seiko 5 Date-Day Stainless Steel Blue Dial 21 Jewels Automatic SNKC51J1 Men's Watch
834,836,CRSRP750K1,exact,CRSRP750K1,Seiko,Seiko 5 Sports Automatic 24 Jewels 100M SRP750 SRP750K1 SRP750K Me
835,837,CRER2400KA,exact,CRER2400KA,Orient,Orient Bambino Classic Automatic ER2400KA Men's Watch
836,838,CRU578,exact,CRU578,Refurbished,Refurbished Armani Exchange Cayde Grey Dial Quartz AX2722 Men's Watch
837,839,CRRF1214GBD-300-7,exact,CRRF1214GBD-300-7,Refurbished,Refurbished Casio G-Shock G-Squad Digital Smartphone Link White Bio-Based Resin Quartz GBD-300-7 200M Men's Watch
838,840,CRRF1129SYMK44K1,exact,CRRF1129SYMK44K1,Refurbished,Refurbished Seiko 5 Automatic 21 SYMK44 SYMK44K1 SYMK44K Women's Watch
839,841,CRRF1004NR1Q003W0,exact,CRRF1004NR1Q003W0,Refurbished,Refurbished Orient Automatic NR1Q003W0 NR1Q003W Womens Watch
840,842,CRBM7620-83M,exact,CRBM7620-83M,Citizen,Citizen Eco-Drive Stainless Steel Blue Dial BM7620-83M 100M Men's Watch
841,843,CRAN3660-73X,exact,CRAN3660-73X,Citizen,Citizen Tsuno Bullhead Chronograph Stainless Steel Green Dial Quartz AN3660-73X Men's Watch
842,844,CRF20698-2,exact,CRF20698-2,Festina,Festina Titanium Analog Blue Dial Quartz F20698-2 100M Men's Watch
843,845,CRFAC0000BW0,exact,CRFAC0000BW0,Orient,Orient 2nd Generation Bambino Classic Automatic FAC0000BW0 AC0000B
844,846,CRF16820-4,exact,CRF16820-4,Festina,Festina Timeless Chronograph Stainless Steel Black Dial Quartz F16
845,847,CRBA-110XBE-7A,exact,CRBA-110XBE-7A,Casio,Casio Baby-G Analog Digital Quartz BA-110XBE-7A BA110XBE-7 100M Wo
846,848,CREM70004W,exact,CREM70004W,Orient,Orient 3 Stars EM70004W Mens Watch
847,849,CREFR-575D-4A,exact,CREFR-575D-4A,Casio,Casio Edifice Analog Chronograph Stainless Steel Red Dial Quartz EFR-575D-4A 100M Men's Watch
848,850,WW610,exact,WW610,Seiko,Seiko Quartz 35MM Black Dial Ss Women's Watch Srl049p1
849,851,CRG-7900-1D,exact,CRG-7900-1D,Casio,Casio G-Shock G-7900-1D G7900-1D Digital Sports Men's Watch
850,852,CRES5485,exact,CRES5485,Fossil,Fossil Harlow Stainless Steel Satin Cream Dial Quartz ES5485 Women's Watch
851,853,CRF20668-5,exact,CRF20668-5,Festina,Festina Timeless Chronograph Stainless Steel Blue Dial Quartz F20668-5 100M Men's Watch
852,854,CRR3253518513,exact,CRR3253518513,Sector,Sector No Limits Stainless Steel Blue Dial Quartz R3253518513 Women's Watch With Git Set
853,855,CRRF1398MTP-E510D-1A1V,exact,CRRF1398MTP-E510D-1A1V,Refurbished,Refurbished Casio Standard Analog Chronograph Stainless Steel Black Dial Quartz MTP-E510D-1A1V Men's Watch
854,856,CRRF378GA-700-1B,exact,CRRF378GA-700-1B,Refurbished,Refurbished Casio G-Shock Analog Digital GA-700-1B GA700-1B Men's Watch
855,857,CRMTP-B195D-3AV,exact,CRMTP-B195D-3AV,Casio,Casio Analog Stainless Steel Green Dial Quartz MTP-B195D-3AV Men's Watch
856,858,CRMTP-B195D-2AV,exact,CRMTP-B195D-2AV,Casio,Casio Analog Stainless Steel Blue Dial Quartz MTP-B195D-2AV Men's Watch
857,859,CRMTP-B195D-1AV,exact,CRMTP-B195D-1AV,Casio,Casio Analog Stainless Steel Black Dial Quartz MTP-B195D-1AV Men's Watch
858,860,CRAN8230-59E,exact,CRAN8230-59E,Citizen,Citizen Chronograph Stainless Steel Black Dial Quartz AN8230-59E 100M Men's Watch
859,861,CRMTP-B190D-7BV,exact,CRMTP-B190D-7BV,Casio,Casio Standard Analog Stainless Steel White Dial Quartz MTP-B190D-7BV Men's Watch
860,862,CRMTP-B190D-1BV,exact,CRMTP-B190D-1BV,Casio,Casio Standard Analog Stainless Steel Black Dial Quartz MTP-B190D-1BV Men's Watch
861,863,CRRF1283GA-2000S-1,exact,CRRF1283GA-2000S-1,Refurbished,Refurbished Casio G-Shock Standard Analog Digital Quartz GA-2000S-1 GA2000S-1 200M Men's Watch
862,864,CRRF855INV8930OB,exact,CRRF855INV8930OB,Refurbished,Refurbished Invicta Automatic Pro Diver 200M Blue Dial 8930OB Men's Watch
863,865,CRGA-2100VB-1A,exact,CRGA-2100VB-1A,Casio,Casio G-Shock Analog Digital Black Dial Quartz GA-2100VB-1A GA2100
864,866,CRFEM7P00CB,exact,CRFEM7P00CB,Orient,Orient Automatic Three Star FEM7P00CB Men's Watch
865,867,CRGA-2000S-1,exact,CRGA-2000S-1,Casio,Casio G-Shock Standard Analog Digital Quartz GA-2000S-1 GA2000S-1
866,868,CRRA-AK0505L10B,exact,CRRA-AK0505L10B,Orient,Orient Altair Three Star Automatic RA-AK0505L10B Men's Watch
867,869,CREM70001W,exact,CREM70001W,Orient,Orient 3 Stars EM70001W Mens Watch
868,870,CREM70002B,exact,CREM70002B,Orient,Orient 3 Stars EM70002B Mens Watch
869,871,CRES5469,exact,CRES5469,Fossil,Fossil Raquel Mini Stainless Steel White Dial Quartz ES5469 Women's Watch
870,872,CRRF1639SNKE54K1,exact,CRRF1639SNKE54K1,Refurbished,Refurbished Seiko 5 Automatic 21 Jewels SNKE54 SNKE54K1 SNKE54K Men's Watch
871,873,CRES5361,exact,CRES5361,Fossil,Fossil Harlow Gold Tone Stainless Steel Cream Dial Quartz ES5361 Women's Watch
872,874,CRFS6104,exact,CRFS6104,Fossil,Fossil Everett Chronograph Stainless Steel Blue Dial Quartz FS6104 Men's Watch
873,875,CRFS6092,exact,CRFS6092,Fossil,Fossil Blue GMT Stainless Steel Black Dial Quartz FS6092 100M Men's watch
874,876,CRFS6045,exact,CRFS6045,Fossil,Fossil Sport Tourer Chronograph Stainless Steel Black Dial Quartz FS6045 Men's Watch
875,877,CRRTF034,exact,CRRTF034,RATIO,Ratio FreeDiver Sapphire Stainless Steel Yellow Dial Quartz RTF034 200M Men's Watch
876,878,CRRTF033,exact,CRRTF033,RATIO,Ratio FreeDiver Sapphire Stainless Steel Blue Dial Quartz RTF033 200M Men's Watch
877,879,CRF20560-5,exact,CRF20560-5,Festina,Festina Timeless Chronograph Stainless Steel Black Dial Quartz F20560-5 100M Men's Watch
878,880,CRRA-AB0E10S19B,exact,CRRA-AB0E10S19B,Orient,Orient 3 Star White Dial Automatic RA-AB0E10S19B 100M Men's Watch
879,881,CRGA-110HR-1A,exact,CRGA-110HR-1A,Casio,Casio G-Shock Special Color Shock Resistant Analog Digital GA-110H
880,882,CREFV-620D-1A4V,exact,CREFV-620D-1A4V,Casio,Casio Edifice Chronograph Analog Quartz EFV-620D-1A4V EFV620D-1A4
881,883,CRU616,exact,CRU616,Refurbished,Refurbished Sector 230 Black Dial Two Tone Stainless Steel Quartz R3253161019 100M Men's Watch
882,884,CRRF1495SNK621K1,exact,CRRF1495SNK621K1,Refurbished,Refurbished Seiko 5 Automatic 21 Jewels SNK621 SNK621K1 SNK621K Men's Watch
883,885,CRGA-100-1A1,exact,CRGA-100-1A1,Casio,Casio G-Shock GA-100-1A1 GA100-1A1 Shock Resistant 200M Men's Watc
884,886,CRFS6161,exact,CRFS6161,Fossil,Fossil Crosby Two Tone Stainless Steel Blue Dial Quartz FS6161 Men's Watch
885,887,CRRF1494SNKE51K1,exact,CRRF1494SNKE51K1,Refurbished,Refurbished Seiko 5 Automatic SNKE51 SNKE51K1 SNKE51K Men's Watch
886,888,CRRF1451SNK615K1,exact,CRRF1451SNK615K1,Refurbished,Refurbished Seiko 5 Sports Automatic SNK615 SNK615K1 SNK615K Men's Watch
887,889,CRRF1341SNK623K1,exact,CRRF1341SNK623K1,Refurbished,Refurbished Seiko 5 Automatic SNK623 SNK623K1 SNK623K Men's Watch
888,890,CRES5425,exact,CRES5425,Fossil,Fossil Harlow Croco Leather Cream Dial Quartz ES5425 Women's Watch
889,891,CRFS6121,exact,CRFS6121,Fossil,Fossil Crosby Stainless Steel Blue Dial Quartz FS6121 Men's Watch
890,892,CRRTF039,exact,CRRTF039,RATIO,Ratio FreeDiver Sapphire Stainless Steel Green Dial Quartz RTF039 200M Men's Watch
891,893,CRRTF035,exact,CRRTF035,RATIO,Ratio FreeDiver Sapphire Stainless Steel Orange Dial Quartz RTF035 200M Men's Watch
892,894,CRF20560-1,exact,CRF20560-1,Festina,Festina Timeless Chronograph Stainless Steel Silver Dial Quartz F20560-1 100M Men's Watch
893,895,CRF20751-2,exact,CRF20751-2,Festina,Festina Ceramic Pink Dial Quartz F20751-2 Women's Watch
894,896,CRF20742-3,exact,CRF20742-3,Festina,Festina Timeless Chronograph Stainless Steel Black Dial Quartz F20742-3 100M Men's Watch
895,897,CRRF1399EFR-S108D-3A,exact,CRRF1399EFR-S108D-3A,Refurbished,Refurbished Casio Edifice Sapphire Crystal Analog Stainless Steel Green Dial Quartz EFR-S108D-3A 100M Men's Watch
896,898,CRBLS-100DS-4AV,exact,CRBLS-100DS-4AV,Casio,Casio Beside Analog Stainless Steel Pink Mother of Pearl Dial Quartz BLS-100DS-4AV Women's Watch
897,899,CRES5386,exact,CRES5386,Fossil,Fossil Harlow Rose Gold Tone Stainless Steel Cream Dial Quartz ES5386 Women's Watch
898,900,CRFS6032,exact,CRFS6032,Fossil,Fossil Blue Dive Stainless Steel Black Dial Quartz FS6032 100M Men's Watch
899,901,CRFEM7J00AW9,exact,CRFEM7J00AW9,Orient,Orient Automatic Starfish FEM7J00AW9
900,902,CRF20622-P,exact,CRF20622-P,Festina,Festina Boyfriend Stainless Steel Turquoise Dial Quartz F20622-P W
901,903,CRSKW3159,exact,CRSKW3159,Skagen,Skagen Mellem Lille Stainless Steel Silver Dial Quartz SKW3159 Women's Watch
902,904,CREM70005D,exact,CREM70005D,Orient,Orient 3 Stars EM70005D Men's Watch
903,905,CRSAB0C005C8,exact,CRSAB0C005C8,Orient,Orient 3 Star SAB0C005C8 Automatic Japan Made Men's Watch
904,906,CREM70005B,exact,CREM70005B,Orient,Orient 3 Stars EM70005B Mens Watch
905,907,CREM70002D,exact,CREM70002D,Orient,Orient 3 Stars EM70002D Mens Watch
906,908,CREM7P006B,exact,CREM7P006B,Orient,Orient Classic Automatic Three Star EM7P006B Men's Watch
907,909,CRRA-AB0E10S19A,exact,CRRA-AB0E10S19A,Orient,Orient Deneb Tri Star White Dial Automatic RA-AB0E10S19A Men's Wat
908,910,CREM7P00EC,exact,CREM7P00EC,Orient,Orient Automatic Three Star EM7P00EC Men's Watch
909,911,CREM70002W,exact,CREM70002W,Orient,Orient 3 Stars EM70002W Mens Watch
910,912,CRFS6122,exact,CRFS6122,Fossil,Fossil Crosby Stainless Steel Grey Dial Quartz FS6122 Men's Watch
911,913,CRRF1409MTP-B180D-3AV,exact,CRRF1409MTP-B180D-3AV,Refurbished,Refurbished Casio Standard Analog Stainless Steel Green Dial Quartz MTP-B180D-3AV Men's Watch
912,914,CRRF1405W-217HM-7BV,exact,CRRF1405W-217HM-7BV,Refurbished,Refurbished Casio W-217HM-7BV Chronograph Quartz Men's Watch
913,915,CRRF1404MTP-B145G-9AV,exact,CRRF1404MTP-B145G-9AV,Refurbished,Refurbished Casio Standard Analog Gold Tone Stainless Steel Gold Dial Quartz MTP-B145G-9AV Unisex Watch
914,916,CRRF1403MTP-RS100D-1A,exact,CRRF1403MTP-RS100D-1A,Refurbished,Refurbished Casio Standard Analog Stainless Steel Black Dial Solar Powered MTP-RS100D-1A Men's Watch
915,917,CRRF1402MTP-1302D-7A1V,exact,CRRF1402MTP-1302D-7A1V,Refurbished,Refurbished Casio Analog Quartz MTP-1302D-7A1V MTP1302D-7A1V Men's Watch
916,918,CRRF1400GA-140-1A4,exact,CRRF1400GA-140-1A4,Refurbished,Refurbished Casio G-Shock GA-140-1A4 Shock Resistance Quartz 200M Men's Watch
917,919,CRRF1397MTD-135D-7AV,exact,CRRF1397MTD-135D-7AV,Refurbished,Refurbished Casio Standard Analog Stainless Steel White Dial Quartz MTD-135D-7AV Men's Watch
918,920,CRBI5110-54X,exact,CRBI5110-54X,Citizen,Citizen Stainless Steel Green Dial Quartz BI5110-54X Men's Watch
919,921,CRMTP-B146D-2AV,exact,CRMTP-B146D-2AV,Casio,Casio Standard Analog Stainless Steel Blue Dial Quartz MTP-B146D-2AV Men's Watch
920,922,CRLTP-B170D-7BV,exact,CRLTP-B170D-7BV,Casio,Casio Standard Analog Stainless Steel Silver Dial Quartz LTP-B170D-7BV Women's Watch
921,923,CRLTP-B170D-4BV,exact,CRLTP-B170D-4BV,Casio,Casio Standard Analog Stainless Steel Pink Dial Quartz LTP-B170D-4BV Women's Watch
922,924,CRLTP-B170D-2BV,exact,CRLTP-B170D-2BV,Casio,Casio Standard Analog Stainless Steel Blue Dial Quartz LTP-B170D-2BV Women's Watch
923,925,CRLTP-B170D-1BV,exact,CRLTP-B170D-1BV,Casio,Casio Standard Analog Stainless Steel Black Dial Quartz LTP-B170D-1BV Women's Watch
924,926,CRMTP-E510D-5AV,exact,CRMTP-E510D-5AV,Casio,Casio Chronograph Analog Stainless Steel Brown Dial Quartz MTP-E510D-5AV Men's Watch
925,927,CRMTP-E510D-2A2V,exact,CRMTP-E510D-2A2V,Casio,Casio Analog Chronograph Stainless Steel Blue Dial Quartz MTP-E510D-2A2V Men's Watch
926,928,CRSAB0C007W9,exact,CRSAB0C007W9,Orient,Orient 3 Star SAB0C007W9 Automatic Japan Made Men's Watch
927,929,CRDW-9052-1VDR,exact,CRDW-9052-1VDR,Casio,Casio G-Shock DW-9052-1VDR DW9052-1VDR Men's Watch
928,930,CRSAB0C004B9,exact,CRSAB0C004B9,Orient,Orient 3 Star SAB0C004B9 Automatic Japan Made Men's Watch
929,931,CRSAB0C002W9,exact,CRSAB0C002W9,Orient,Orient 3 Star SAB0C002W9 Automatic Japan Made Men's Watch
930,932,CRMTP-B315D-7AV,exact,CRMTP-B315D-7AV,Casio,Casio Analog Stainless Steel Silver Dial Quartz MTP-B315D-7AV Men's Watch
931,933,CRMTP-B315D-1AV,exact,CRMTP-B315D-1AV,Casio,Casio Analog Stainless Steel Black Dial Quartz MTP-B315D-1AV Men's Watch
932,934,CRF20707-3,exact,CRF20707-3,Festina,Festina Classic Stainless Steel Grey Dial Quartz F20707-3 Men's Wa
933,935,CRBG-169U-1C,exact,CRBG-169U-1C,Casio,Casio Baby-G Digital Resin Strap Pink Dial Quartz BG-169U-1C 200M
934,936,CRBGA-15K-4A,exact,CRBGA-15K-4A,Casio,Casio Baby-G Plus Analog Resin Strap Pastel Pink Dial Quartz BGA-1
935,937,CRABL-100WE-1B,exact,CRABL-100WE-1B,Casio,Casio Vintage Digital Smartphone Link Stainless Steel Quartz ABL-1
936,938,CRAMW-880D-1A,exact,CRAMW-880D-1A,Casio,Casio Enticer World Time Telememo Analog Digital AMW-880D-1A AMW88
937,939,CRFAB0000EB,exact,CRFAB0000EB,Orient,Orient 3 Star Automatic FAB0000EB Analog Men's Watch
938,940,CRMTP-B210D-7AV,exact,CRMTP-B210D-7AV,Casio,Casio Standard Analog Stainless Steel White Dial Quartz MTP-B210D-7AV Men's Watch
939,941,CRMTP-B210D-2A2V,exact,CRMTP-B210D-2A2V,Casio,Casio Standard Analog Stainless Steel Navy Blue Dial Quartz MTP-B210D-2A2V Men's Watch
940,942,CRMTP-B210D-2A1V,exact,CRMTP-B210D-2A1V,Casio,Casio Standard Analog Stainless Steel Teal Blue Dial Quartz MTP-B210D-2A1V Men's Watch
941,943,CRMTP-B210D-1AV,exact,CRMTP-B210D-1AV,Casio,Casio Standard Analog Stainless Steel Black Dial Quartz MTP-B210D-1AV Men's Watch
942,944,CRBGA-10-3A,exact,CRBGA-10-3A,Casio,Casio Baby-G Analog Playful Hearts Series Green Dial Quartz BGA-10
943,945,CRAMW-870D-1A,exact,CRAMW-870D-1A,Casio,Casio Analog Digital World Time Stainless Steel AMW-870D-1A AMW870
944,946,CRFAB0000DK9,exact,CRFAB0000DK9,Orient,Orient 3 Star Crystal Automatic FAB0000DK9 Men's Watch
945,947,CRBGA-10D-6A,exact,CRBGA-10D-6A,Casio,Casio Baby-G Analog Resin Strap Purple Dial Quartz BGA-10D-6A 100M
946,948,CRRF1207EFR-552D-2A,exact,CRRF1207EFR-552D-2A,Refurbished,Refurbished Casio Edifice Analog Standard Chronograph Stainless Steel Blue Dial Quartz EFR-552D-2A 100M Men's Watch
947,949,CRAMW-880D-3AV,exact,CRAMW-880D-3AV,Casio,Casio Analog Digital Stainless Steel Green Dial Quartz AMW-880D-3A
948,950,CRBGA-10D-2A1,exact,CRBGA-10D-2A1,Casio,Casio Baby-G Analog Resin Blue Dial Quartz BGA-10D-2A1 100M Women'
949,951,CRMTP-M307D-3BV,exact,CRMTP-M307D-3BV,Casio,Casio Standard Analog Stainless Steel Green And White Dial Quartz MTP-M307D-3BV Men's Watch
950,952,CRMTP-M307D-2BV,exact,CRMTP-M307D-2BV,Casio,Casio Standard Analog Stainless Steel Blue And White Dial Quartz MTP-M307D-2BV Men's Watch
951,953,CRMTP-M306D-2AV,exact,CRMTP-M306D-2AV,Casio,Casio Standard Analog Stainless Steel Blue Dial Quartz MTP-M306D-2AV Men's Watch
952,954,CRDW-9052-2VDR,exact,CRDW-9052-2VDR,Casio,Casio G-Shock Illuminator DW-9052-2VDR DW9052-2VDR 200M Digital Me
953,955,CRAQ-800EG-9A,exact,CRAQ-800EG-9A,Casio,Casio Vintage Analog Digital Gold Ion Plated Stainless Steel Beige
954,956,CRDBC-611-1DF,exact,CRDBC-611-1DF,Casio,Casio Digital Stainless Steel Data Bank Multi-Lingual DBC-611-1DF
955,957,CRBGA-15K-7A,exact,CRBGA-15K-7A,Casio,Casio Baby-G Plus Analog Resin White Dial Quartz BGA-15K-7A 100M Women's Watch With Convertible Holder
956,958,CRA168WEGB-1B,exact,CRA168WEGB-1B,Casio,Casio Vintage Alarm Digital A168WEGB-1B Unisex Watch
957,959,CREFV-160D-4AV,exact,CREFV-160D-4AV,Casio,Casio Edifice Analog Stainless Steel Red Dial Quartz EFV-160D-4AV 100M Men's Watch
958,960,CRMTP-B215D-2AV,exact,CRMTP-B215D-2AV,Casio,Casio Analog Stainless Steel Blue Dial Quartz MTP-B215D-2AV Men's Watch
959,961,CRBGA-15K-6A,exact,CRBGA-15K-6A,Casio,Casio Baby-G Plus Analog Resin Purple Dial Quartz BGA-15K-6A 100M Women's Watch With Convertible Holder
960,962,CRF16477-1,exact,CRF16477-1,Festina,Festina Classic Leather Strap White Dial Quartz F16477-1 Women's W
961,963,CRAMW-880D-2A1V,exact,CRAMW-880D-2A1V,Casio,Casio Analog Digital Combination Stainless Steel Blue Dial Quartz AMW-880D-2A1V Men's Watch
962,964,CRRF913AMW-880D-1A,exact,CRRF913AMW-880D-1A,Refurbished,Refurbished Casio Enticer World Time Telememo Analog Digital AMW-880D-1A AMW880D-1 Men's Watch
963,965,CRMTS-115D-8AV,exact,CRMTS-115D-8AV,Casio,Casio Standard Analog Stainless Steel Grey Dial Quartz MTS-115D-8AV Men's Watch
964,966,CRMTS-115D-1AV,exact,CRMTS-115D-1AV,Casio,Casio Standard Analog Stainless Steel Black Dial Quartz MTS-115D-1AV Men's Watch
965,967,CRBGA-10D-2A2,exact,CRBGA-10D-2A2,Casio,Casio Baby-G Analog Resin Blue Dial Quartz BGA-10D-2A2 100M Women's Watch
966,968,EAMDV-106B-2A,exact,EAMDV-106B-2A,Casio,MDV-106B Duro/Blue
967,969,EATRT-110H-1A,exact,EATRT-110H-1A,Casio,TRT-110H Black
968,970,EAMDV-106B-1A1,exact,EAMDV-106B-1A1,Casio,MDV-106B Duro
969,971,EAMDV-106G-1A,exact,EAMDV-106G-1A,Casio,MDV-106G Duro/Gold
970,972,EAMDV-106DD-1A2,exact,EAMDV-106DD-1A2,Casio,MDV-106DD Duro
971,973,EAMDV-106-1A,exact,EAMDV-106-1A,Casio,MDV-106 Duro/Black-Silver
972,974,CRRF385MTD-130D-7AV,exact,CRRF385MTD-130D-7AV,Refurbished,Refurbished Casio Standard Analog Stainless Steel Silver Dial Quartz MTD-130D-7AV 100M Men's Watch
973,975,CRRF1415LA670WGA-9DF,exact,CRRF1415LA670WGA-9DF,Refurbished,Refurbished Casio Digital Stainless Steel Alarm Timer LA670WGA-9DF LA670WGA-9 Women's Watch
974,976,CRRF1412A500WGA-1DF,exact,CRRF1412A500WGA-1DF,Refurbished,Refurbished Casio Digital Stainless Steel World Time A500WGA-1DF A500WGA-1 Men's Watch
975,977,CRAQ-230A-2A1,exact,CRAQ-230A-2A1,Casio,Casio Vintage Analog Digital Turquoise Blue Dial Quartz AQ-230A-2A1 Unisex Watch
976,978,EASGW-100B-3V,exact,EASGW-100B-3V,Casio,SGW-100B Black
977,979,EASGW-100-1V,exact,EASGW-100-1V,Casio,SGW-100 Black
978,980,CRRF1227AQ-800EG-9A,exact,CRRF1227AQ-800EG-9A,Refurbished,Refurbished Casio Vintage Analog Digital Gold Ion Plated Stainless Steel Beige Dial Quartz AQ-800EG-9A Unisex Watch
979,981,CR50218PPN607,exact,CR50218PPN607,Westar,Westar Profile Stainless Steel Silver Dial Quartz 50218PPN607 Men's Watch
980,982,CR50218SPN607,exact,CR50218SPN607,Westar,Westar Profile Stainless Steel Silver Dial Quartz 50218SPN607 Men's Watch
981,983,CR00135CBN111,exact,CR00135CBN111,Westar,Westar Zing Crystal Accents Two Tone Stainless Steel White Mother Of Pearl Dial Quartz 00135CBN111 Women's Watch
982,984,CR00127PPN611,exact,CR00127PPN611,Westar,Westar Zing Crystal Accents Rose Gold Tone Stainless Steel White Mother Of Pearl Dial Quartz 00127PPN611 Women's Watch
983,985,CR90250SBN903,exact,CR90250SBN903,Westar,Westar Activ Sports Stainless Steel Black Dial Quartz 90250SBN903 100M Men's Watch
984,986,CRRF1265A700WG-9A,exact,CRRF1265A700WG-9A,Refurbished,Refurbished Casio Youth Vintage A700WG-9A Alarm Chronograph Quartz Men's Watch
985,987,CRRF1413LA-11WR-5A,exact,CRRF1413LA-11WR-5A,Refurbished,Refurbished Casio Vintage Youth Digital LA-11WR-5A LA11WR-5A Women's Watch
986,988,CR40210GPN107,exact,CR40210GPN107,Westar,Westar Profile Gold Tone Stainless Steel White Dial Quartz 40210GPN107 Women's Watch
987,989,CR40218STN102,exact,CR40218STN102,Westar,Westar Profile Two Tone Stainless Steel Light Champagne Dial Quartz 40218STN102 Women's Watch
988,990,CR40215SPN607,exact,CR40215SPN607,Westar,Westar Profile Two Tone Stainless Steel Silver Dial Quartz 40215SPN607 Women's Watch
989,991,CR40215PPN607,exact,CR40215PPN607,Westar,Westar Profile Rose Gold Tone Stainless Steel Silver Dial Quartz 40215PPN607 Women's Watch
990,992,CR00127STN111,exact,CR00127STN111,Westar,Westar Zing Crystal Accents Stainless Steel White Mother Of Pearl Dial Quartz 00127STN111 Women's Watch
991,993,CRRF934AQ-230A-1DHDF,exact,CRRF934AQ-230A-1DHDF,Refurbished,Refurbished Casio Youth Quartz Analog Digital AQ-230A-1DHDF AQ230A-1DHDF Unisex Watch
992,994,CRRF921A700WM-7A,exact,CRRF921A700WM-7A,Refurbished,Refurbished Casio Youth Vintage Daily Alarm Quartz A-700WM-7A A700WM-7A 100M Women's Watch
993,995,CR50247BZZ103,exact,CR50247BZZ103,Westar,Westar Profile Gold Tone Stainless Steel Black Dial Quartz 50247BZZ103 Men's Watch
994,996,EAWV-200A-1AV,exact,EAWV-200A-1AV,Casio,WV-200A
995,997,CR50215STN104,exact,CR50215STN104,Westar,Westar Profile Stainless Steel Blue Dial Quartz 50215STN104 Men's Watch
996,998,CR50215STN102,exact,CR50215STN102,Westar,Westar Profile Stainless Steel Light Champagne Dial Quartz 50215STN102 Men's Watch
997,999,CR50247STN101,exact,CR50247STN101,Westar,Westar Profile Stainless Steel Mesh White Dial Quartz 50247STN101 Men's Watch
998,1000,EAMTP-1170N-7A,exact,EAMTP-1170N-7A,Casio,MTP-1170N Silver-Tone
999,1001,EAMTP-V002L-5B3,exact,EAMTP-V002L-5B3,Casio,MTP-V002L Gents
1000,1002,EAMTP-4500D-1AV,exact,EAMTP-4500D-1AV,Casio,MTP-4500D
1001,1003,EAMTP-V002GL-7B,exact,EAMTP-V002GL-7B,Casio,MTP-V002GL Gents
1002,1004,EAMTP-VD03D-3A1,exact,EAMTP-VD03D-3A1,Casio,MTP-VD03D Silver
1003,1005,EAMTP-VT01GL-3B,exact,EAMTP-VT01GL-3B,Casio,MTP-VT01GL Gents
1004,1006,EAMTP-VD01BL-2B,exact,EAMTP-VD01BL-2B,Casio,MTP-VD01BL Gents Enticer
1005,1007,EAMTP-V006G-7B,exact,EAMTP-V006G-7B,Casio,MTP-V006G Gold-Tone
1006,1008,EAMTP-1314L-8A,exact,EAMTP-1314L-8A,Casio,MTP-1314L Gents Enticer
1007,1009,EAMTP-V004G-9B,exact,EAMTP-V004G-9B,Casio,MTP-V004G Gold-Tone
1008,1010,EAMTP-1183G-7A,exact,EAMTP-1183G-7A,Casio,MTP-1183G Gold-Tone
1009,1011,EAMTP-VD03L-5A,exact,EAMTP-VD03L-5A,Casio,MTP-VD03L Gents
1010,1012,EAMTP-VT01G-1B,exact,EAMTP-VT01G-1B,Casio,MTP-VT01G Gold-Tone
1011,1013,EAMTP-V005L-1A,exact,EAMTP-V005L-1A,Casio,MTP-V005L Gents
1012,1014,EAMTP-VD01D-2B,exact,EAMTP-VD01D-2B,Casio,MTP-VD01D Silver
1013,1015,EAMTP-V004L-7A,exact,EAMTP-V004L-7A,Casio,MTP-V004L Gents
1014,1016,EAMTP-VD03B-1A,exact,EAMTP-VD03B-1A,Casio,MTP-VD03B Black
1015,1017,EAMTP-VD02D-1E,exact,EAMTP-VD02D-1E,Casio,MTP-VD02D Silver
1016,1018,EAMTP-VD01SG-9B,exact,EAMTP-VD01SG-9B,Casio,MTP-VD01SG Silver-Gold
1017,1019,EAMTP-1303D-1A,exact,EAMTP-1303D-1A,Casio,MTP-1303D Silver
1018,1020,EAMTP-V001GL-9B,exact,EAMTP-V001GL-9B,Casio,MTP-V001GL Gents
1019,1021,CR00128STN111,exact,CR00128STN111,Westar,Westar Zing Crystal Accents Stainless Steel Mesh White Mother Of Pearl Dial Quartz 00128STN11 Women's Watch
1020,1022,CRRF927A500WA-7DF,exact,CRRF927A500WA-7DF,Refurbished,Refurbished Casio Alarm World Time Digital A500WA-7DF Men's Watch
1021,1023,CRRF922A500WA-1DF,exact,CRRF922A500WA-1DF,Refurbished,Refurbished Casio Alarm World Time Digital A500WA-1DF Men's Watch
1022,1024,EAMCW-100H-1A3V,exact,EAMCW-100H-1A3V,Casio,MCW-100H
1023,1025,EAMCW-200H-1A,exact,EAMCW-200H-1A,Casio,MCW-200H Black
1024,1026,EAAQ-S810WC-7BV,exact,EAAQ-S810WC-7BV,Casio,AQ-S810WC White
1025,1027,EAMCW-200H-1AV,exact,EAMCW-200H-1AV,Casio,MCW-200H
1026,1028,EAAQ-S810W-1A4V,exact,EAAQ-S810W-1A4V,Casio,AQ-S810W
1027,1029,EAAQ-230A-1D,exact,EAAQ-230A-1D,Casio,AQ-230A Black/Analog-Digital
1028,1030,CRRF1223MQ-24G-9E,exact,CRRF1223MQ-24G-9E,Refurbished,Refurbished Casio Analog Gold Tone Stainless Steel Champagne Dial Quartz MQ-24G-9E Men's Watch
1029,1031,EAAE-2000WD-1AV,exact,EAAE-2000WD-1AV,Casio,AE-2000WD White
1030,1032,EALTP-V004D-7B2,exact,EALTP-V004D-7B2,Casio,LTP-V004D Gold
1031,1033,EAAE-1500WHC-1A,exact,EAAE-1500WHC-1A,Casio,AE-1500WHC White
1032,1034,EAAEQ-110W-2AV,exact,EAAEQ-110W-2AV,Casio,AEQ-110W
1033,1035,EAAE-2000W-1AV,exact,EAAE-2000W-1AV,Casio,AE-2000W White
1034,1036,EALTP-V005L-1B,exact,EALTP-V005L-1B,Casio,LTP-V005L Ladies
1035,1037,EAAE-1300WH-8AV,exact,EAAE-1300WH-8AV,Casio,AE-1300WH White
1036,1038,EALTP-VT01L-7B3,exact,EALTP-VT01L-7B3,Casio,LTP-VT01L Ladies
1037,1039,EALTP-1165N-1C,exact,EALTP-1165N-1C,Casio,LTP-1165N Silver-Tone
1038,1040,EAAE-1000W-2AV,exact,EAAE-1000W-2AV,Casio,AE-1000W Blue
1039,1041,EALTP-VT01G-2B,exact,EALTP-VT01G-2B,Casio,LTP-VT01G Gold-Tone
1040,1042,EALTP-1241D-4A2,exact,EALTP-1241D-4A2,Casio,LTP-1241D Silver
1041,1043,EALTP-V005G-7A,exact,EALTP-V005G-7A,Casio,LTP-V005G Gold-Tone
1042,1044,EAAE-1500WH-1AV,exact,EAAE-1500WH-1AV,Casio,AE-1500WH White
1043,1045,EALTP-V004SG-9A,exact,EALTP-V004SG-9A,Casio,LTP-V004SG Silver-Gold
1044,1046,EAAE-1000W-1A3,exact,EAAE-1000W-1A3,Casio,AE-1000W Black
1045,1047,EALTP-V007L-1E,exact,EALTP-V007L-1E,Casio,LTP-V007L Ladies
1046,1048,EALTP-1094Q-7B5,exact,EALTP-1094Q-7B5,Casio,LTP-1094Q Ladies
1047,1049,EALTP-1128A-7A,exact,EALTP-1128A-7A,Casio,LTP-1128A Gold
1048,1050,EAAE-1200WHD-1A,exact,EAAE-1200WHD-1A,Casio,AE-1200WHD White
1049,1051,EALTP-1129N-7A,exact,EALTP-1129N-7A,Casio,LTP-1129N Silver-Tone
1050,1052,EALTP-1094E-1A,exact,EALTP-1094E-1A,Casio,LTP-1094E Ladies
1051,1053,EAAE-1600H-1A,exact,EAAE-1600H-1A,Casio,AE-1600H White
1052,1054,EAAEQ-110W-1AV,exact,EAAEQ-110W-1AV,Casio,AEQ-110W Black
1053,1055,EAAE-1000WD-1A,exact,EAAE-1000WD-1A,Casio,AE-1000WD Black
1054,1056,EALTP-V001D-1B,exact,EALTP-V001D-1B,Casio,LTP-V001D Silver
1055,1057,EAAE-1400WH-3A,exact,EAAE-1400WH-3A,Casio,AE-1400WH White
1056,1058,EAB640WC-5A,exact,EAB640WC-5A,Casio,B640WC Black/Digital
1057,1059,EAAW-90H-7B,exact,EAAW-90H-7B,Casio,AW-90H
1058,1060,EAAW-80V-5BV,exact,EAAW-80V-5BV,Casio,AW-80V
1059,1061,EAAW-81D-2AV,exact,EAAW-81D-2AV,Casio,AW-81D
1060,1062,EAAW-80D-1AV,exact,EAAW-80D-1AV,Casio,AW-80D
1061,1063,EAAW-80-1AV,exact,EAAW-80-1AV,Casio,AW-80
1062,1064,EAB640WD-1A,exact,EAB640WD-1A,Casio,B640WD White/Digital
1063,1065,CRRF919A178WA-1ADF,exact,CRRF919A178WA-1ADF,Refurbished,Refurbished Casio Digital Stainless Steel Alarm Chrono Dual Time A178WA-1ADF A178WA-1A Men's Watch
1064,1066,EAMW-240B-3B,exact,EAMW-240B-3B,Casio,MW-240B
1065,1067,EAMWD-100HD-1A,exact,EAMWD-100HD-1A,Casio,MWD-100HD Black
1066,1068,EAMWD-100H-1A,exact,EAMWD-100H-1A,Casio,MWD-100H Black
1067,1069,EAMWA-100HD-1A,exact,EAMWA-100HD-1A,Casio,MWA-100HD
1068,1070,EAMW-620H-1A,exact,EAMW-620H-1A,Casio,MW-620H
1069,1071,EAW-218HC-8A,exact,EAW-218HC-8A,Casio,W-218HC Earth/Camo
1070,1072,EAW-201-1AV,exact,EAW-201-1AV,Casio,W-201 White/Analog
1071,1073,EAW-735H-1A,exact,EAW-735H-1A,Casio,W-735H Black
1072,1074,EAW-217H-3B,exact,EAW-217H-3B,Casio,W-217H Camo/Analog
1073,1075,EAW-212H-1AV,exact,EAW-212H-1AV,Casio,W-212H Black
1074,1076,EAW-218H-1A,exact,EAW-218H-1A,Casio,W-218H Black
1075,1077,EAW-218H-2A,exact,EAW-218H-2A,Casio,W-218H White/Analog
1076,1078,EAW-217HM-9A,exact,EAW-217HM-9A,Casio,W-217HM White/Analog
1077,1079,EAW-218HC-2A,exact,EAW-218HC-2A,Casio,W-218HC Earth/Brown
1078,1080,EAW-218H-8A,exact,EAW-218H-8A,Casio,W-218H Camo
1079,1081,EAW-800H-1AV,exact,EAW-800H-1AV,Casio,W-800H White/Analog
1080,1082,EAW-96H-1BV,exact,EAW-96H-1BV,Casio,W-96H Black/Analog
1081,1083,EAW-219H-1A,exact,EAW-219H-1A,Casio,W-219H Black
1082,1084,EAW-217H-1A,exact,EAW-217H-1A,Casio,W-217H White/Analog
1083,1085,EAW-96H-1AV,exact,EAW-96H-1AV,Casio,W-96H White/Analog
1084,1086,EAW-218HB-3A,exact,EAW-218HB-3A,Casio,W-218HB Black
1085,1087,EAW-218HM-5B,exact,EAW-218HM-5B,Casio,W-218HM Black
1086,1088,EAW-218HD-1A,exact,EAW-218HD-1A,Casio,W-218HD Black
1087,1089,EAW-736H-1A,exact,EAW-736H-1A,Casio,W-736H Black
1088,1090,EAW-219HC-2B,exact,EAW-219HC-2B,Casio,W-219HC Black
1089,1091,EAW-219HD-1A,exact,EAW-219HD-1A,Casio,W-219HD Black
1090,1092,EAW-735H-1B,exact,EAW-735H-1B,Casio,W-735H Blue
1091,1093,EAW-219HB-3A,exact,EAW-219HB-3A,Casio,W-219HB Black
1092,1094,EAF-91W-3H,exact,EAF-91W-3H,Casio,F-91W Green/Digital
1093,1095,EAF-105W-1AV,exact,EAF-105W-1AV,Casio,F-105W White/Digital
1094,1096,EAF-91W-1,exact,EAF-91W-1,Casio,F-91W White/Digital
1095,1097,EAF-94WA-8,exact,EAF-94WA-8,Casio,F-94WA White/Digital
1096,1098,EAF-91WM-1B,exact,EAF-91WM-1B,Casio,F-91WM White/Digital
1097,1099,EAF-201WA-1AV,exact,EAF-201WA-1AV,Casio,F-201WA White/Digital
1098,1100,EAF-91WS-2C,exact,EAF-91WS-2C,Casio,F-91WS White/Digital
1099,1101,EAF-91WG-9Q,exact,EAF-91WG-9Q,Casio,F-91WG Gold/Digital
1100,1102,EAMQ-24-1B3,exact,EAMQ-24-1B3,Casio,MQ-24
1101,1103,EAMQ-76-1A,exact,EAMQ-76-1A,Casio,MQ-76
1102,1104,EAMQ-71-2B,exact,EAMQ-71-2B,Casio,MQ-71
1103,1105,EAMQ-38-1A,exact,EAMQ-38-1A,Casio,MQ-38
1104,1106,ROLEX-AVERY-278240,exact,ROLEX-AVERY-278240,Rolex,Datejust 31 Oystersteel Silver Diamond
1105,1107,ROLEX-AVERY-279174,exact,ROLEX-AVERY-279174,Rolex,Lady-Datejust 28 Steel/WG Silver Roman
1106,1108,ROLEX-AVERY-126200,exact,ROLEX-AVERY-126200,Rolex,Datejust 36 Steel Silver Roman
1107,1109,ROLEX-AVERY-126200-Blue,exact,ROLEX-AVERY-126200-Blue,Rolex,Datejust 36 Steel Blue Fluted-Motif
1108,1110,ROLEX-AVERY-126000,exact,ROLEX-AVERY-126000,Rolex,Oyster Perpetual 36 Silver
1109,1111,ROLEX-AVERY-124300,exact,ROLEX-AVERY-124300,Rolex,Oyster Perpetual 41 Silver
1110,1112,ROLEX-AVERY-277200,exact,ROLEX-AVERY-277200,Rolex,Oyster Perpetual 31 Silver
1111,1113,ROLEX-AVERY-126300,exact,ROLEX-AVERY-126300,Rolex,Datejust 41 Steel Silver Roman
1112,1114,ROLEX-AVERY-126300-Blue,exact,ROLEX-AVERY-126300-Blue,Rolex,Datejust 41 Steel Blue Sunray
1113,1115,ROLEX-AVERY-126334,exact,ROLEX-AVERY-126334,Rolex,Datejust 41 Steel/WG Blue Jubilee
1114,1116,ROLEX-AVERY-124270,exact,ROLEX-AVERY-124270,Rolex,Explorer 36 Steel Black
1115,1117,ROLEX-AVERY-224270,exact,ROLEX-AVERY-224270,Rolex,Explorer 40 Steel Black
1116,1118,ROLEX-AVERY-126900,exact,ROLEX-AVERY-126900,Rolex,Air-King 40 Steel Black
1117,1119,ROLEX-AVERY-116903,exact,ROLEX-AVERY-116903,Rolex,Datejust 41 Steel/YG Champagne
1118,1120,ROLEX-AVERY-278344RBR,exact,ROLEX-AVERY-278344RBR,Rolex,Datejust 31 Steel/YG Diamond Bezel
1119,1121,ROLEX-AVERY-126610LN,exact,ROLEX-AVERY-126610LN,Rolex,Submariner Date 41 Black Ceramic
1120,1122,ROLEX-AVERY-124060,exact,ROLEX-AVERY-124060,Rolex,Submariner No-Date 41 Steel
1121,1123,ROLEX-AVERY-126610LV,exact,ROLEX-AVERY-126610LV,Rolex,"Submariner ""Starbucks"" Green Bezel"
1122,1124,ROLEX-AVERY-126603,exact,ROLEX-AVERY-126603,Rolex,Sea-Dweller 43 Two-Tone
1123,1125,ROLEX-AVERY-126600,exact,ROLEX-AVERY-126600,Rolex,Sea-Dweller 43 Steel
1124,1126,ROLEX-AVERY-126713GRNR,exact,ROLEX-AVERY-126713GRNR,Rolex,"GMT-Master II ""Root Beer"" TT"
1125,1127,ROLEX-AVERY-126622,exact,ROLEX-AVERY-126622,Rolex,Yacht-Master 40 Rolesium
1126,1128,ROLEX-AVERY-126710BLNR,exact,ROLEX-AVERY-126710BLNR,Rolex,"GMT-Master II ""Batman"""
1127,1129,ROLEX-AVERY-126710BLRO,exact,ROLEX-AVERY-126710BLRO,Rolex,"GMT-Master II ""Pepsi"""
1128,1130,ROLEX-AVERY-336934,exact,ROLEX-AVERY-336934,Rolex,Sky-Dweller 42 Two-Tone
1129,1131,IWC-IW5030-08-v2,exact,IWC-IW5030-08-v2,IWC,Pilots Watches — CER BP PC TG LAKE TAHOE 46-BLK NUM-STRAP
1130,1132,IWC-IW3449-03,exact,IWC-IW3449-03,IWC,Ingenieur — SS INGEN PC 41-BLUE IX-BRC
1131,1133,IWC-IW5463-04,exact,IWC-IW5463-04,IWC,Portugieser — RG PORTUG TOURB43-CHP-DB
1132,1134,IWC-IW5447-05,exact,IWC-IW5447-05,IWC,Portugieser — RG PORTUG TOURB43-BLK
1133,1135,IWC-IW3446-02,exact,IWC-IW3446-02,IWC,Portofino — RG PORTOF PC 40-SLV IXROM-STRAP
1134,1136,IWC-IW3791-05,exact,IWC-IW3791-05,IWC,Pilots Watches — RG PILOTS PC 46-GRY-STRAP
1135,1137,BREI-W19,exact,BREI-W19,Breitling,BREITLING Super Chronomat B01 Automatic 44MM Brown Dial 18K Rose G
1136,1138,IWC-IW5030-01,exact,IWC-IW5030-01,IWC,Pilots Watches — CER BP PC RODEO46-BLUE-STRAP
1137,1139,IWC-IW5032-03,exact,IWC-IW5032-03,IWC,Portugieser — WG PORTUG PC 44-BLUE NUM-STRAP
1138,1140,IWC-IW5164-09,exact,IWC-IW5164-09,IWC,Portofino — RG PORTOF MOON 45-SLV IX-STRAP
1139,1141,IWC-IW5023-07,exact,IWC-IW5023-07,IWC,Portugieser — WG PORTUG PC44.2-GRY NUM-STRAP
1140,1142,IWC-IW5022-18,exact,IWC-IW5022-18,IWC,Portugieser — WG PORTUG PC 42-GREY NUM-STRAP
1141,1143,BREI-R17375211B1S1-v2,exact,BREI-R17375211B1S1-v2,Breitling,RG SO AUTO42-BLK IX-BLK CER-BLK DPIV-DB
1142,1144,IWC-IW5022-13,exact,IWC-IW5022-13,IWC,Portugieser — RG PORTUG PC 42-SLV NUM-STRAP
1143,1145,IWC-IW5033-07,exact,IWC-IW5033-07,IWC,Portugieser — SS PORTG PC SHANGHAI ED 44-SLV NUM-STRAP
1144,1146,IWC-IW5004-20,exact,IWC-IW5004-20,IWC,Pilots Watches — WG PILOTS46-BRWN-DB
1145,1147,IWC-IW3442-03,exact,IWC-IW3442-03,IWC,Portugieser — SS PORTUG PC 42-SLV NUM-STRAP
1146,1148,IWC-IW5010-12,exact,IWC-IW5010-12,IWC,Pilots Watches — SS BP RIGHT HANDER LE 46-GRY NUM-STRAP
1147,1149,IWC-IW3956-01,exact,IWC-IW3956-01,IWC,Pilots Watches — CER PILOTS46-GRN-TB
1148,1150,BREI-WW195,exact,BREI-WW195,Breitling,Breitling Navitimer Automatic Gmt 41MM Green Dial 18K Rose Gold
1149,1151,IWC-IW3894-09,exact,IWC-IW3894-09,IWC,Pilots Watches — CER PILOTS CHR TG MIRAM LE 41.9-BLUE-STRAP
1150,1152,IWC-IW3289-04,exact,IWC-IW3289-04,IWC,Ingenieur — TI INGEN AUTO40-GREY IX-BRC
1151,1153,IWC-IW5004-33-v2,exact,IWC-IW5004-33-v2,IWC,Pilots Watches — SS BIG PILO ALI LE 46-BLK RED IX-STRAP
1152,1154,OMEG-WWN311.63.44.51.99.001,exact,OMEG-WWN311.63.44.51.99.001,Omega,Omega Speedmaster Dark Side of the Moon Meteorite Grey Dial Leather Strap Men's Watch 311.63.44.51.99.001
1153,1155,IWC-IW3955-05,exact,IWC-IW3955-05,IWC,Pilots Watches — CERAT PILOT TIMEZONER TG 46-BLK NUM-STRAP
1154,1156,OMEG-WWN304.30.43.52.01.001,exact,OMEG-WWN304.30.43.52.01.001,Omega,Omega Speedmaster Moonphase Co-Axial Master Chronometer Chronograph  Black Dial Stainless Steel Men's Watch 304.30.43.52.01.001
1155,1157,IWC-IW5010-14,exact,IWC-IW5010-14,IWC,Pilots Watches — SS BIG PILOTS LAS VEGAS46.2-SLV-DB
1156,1158,IWC-IW5101-07,exact,IWC-IW5101-07,IWC,Portofino — RG PORTOF HW 8DAY 45-SLV IXROM-STRAP
1157,1159,IWC-IW3756-03,exact,IWC-IW3756-03,IWC,GST — TI GST PC43-BLACK DIAL-BRAC
1158,1160,BREI-WWNR17329F41G1P1,exact,BREI-WWNR17329F41G1P1,Breitling,Breitling Navitimer Automatic 41 18kt Rose Gold Leather Strap Men's Watch R17329F41G1P1
1159,1161,IWC-IW5009-08,exact,IWC-IW5009-08,IWC,Pilots Watches — SS BP LPP 46-BLUE IXNUM-STRAP
1160,1162,BREI-EB0134101M1E1-v2,exact,BREI-EB0134101M1E1-v2,Breitling,TI CHRMT B01 42-GRY IX-BLK SUBS-RLX BRC
1161,1163,BREI-W1123,exact,BREI-W1123,Breitling,BREITLING Chronomat B01 Automatic SS 42MM Blue Dial Men's Watch UB
1162,1164,TUDR-WWNM79310-0001,exact,TUDR-WWNM79310-0001,Tudor,"Tudor Black Bay Chrono Yellow and Black ""Bumblebee"" Dial Steel Men's Watch M79310-0001"
1163,1165,BREI-SB04452A1C1X1-v2,exact,BREI-SB04452A1C1X1-v2,Breitling,BLKcer SPR AVI B04 CHR F4U 46-BLUE-BLK MIL-DB
1164,1166,IWC-IW3879-07-v2,exact,IWC-IW3879-07-v2,IWC,Pilots Watches — BRZ PILOT MR PORTER LE 41-BLK-STRAP
1165,1167,BREI-WW102,exact,BREI-WW102,Breitling,Breitling Classic Avi Super Avi B04 Chronograph Gmt Ss 46MM P-51
1166,1168,BREI-W135,exact,BREI-W135,Breitling,BREITLING Super Chronomat 38MM 18K Rose Gold Diamond Bezel Green L
1167,1169,BREI-WW595,exact,BREI-WW595,Breitling,Breitling Super Avi B04 Gmt 46 Mosquito Ss Leather Men's Watch
1168,1170,BREI-YB04451A1B1A1-v2,exact,BREI-YB04451A1B1A1-v2,Breitling,SS SPR AVI B04 CHR GMT MOSQ46-BLK-SLV SUB-PILOT BRC
1169,1171,BREI-W126,exact,BREI-W126,Breitling,BREITLING Chronomat Automatic 36MM Diamond Bezel Women's Watch G10
1170,1172,BREI-W112,exact,BREI-W112,Breitling,BREITLING Chronomat Quartz 32MM MOP Diamond Dial Two-Tone Women's
1171,1173,BREI-AB04453A1B1A1-v2,exact,BREI-AB04453A1B1A1-v2,Breitling,SS CLS AVI CHR GMT MUSTANG 45-BLK NUM-PILOT
1172,1174,BREI-W1115,exact,BREI-W1115,Breitling,BREITLING Super Chronomat B01 44MM Green Dial Rubber Men's Watch U
1173,1175,OMEG-WWN311.92.44.51.01.005,exact,OMEG-WWN311.92.44.51.01.005,Omega,Omega Speedmaster Dark Side of the Moon Chronograph Black Nylon Strap Men's Watch 311.92.44.51.01.005
1174,1176,BREI-A17356531C1P1-v2,exact,BREI-A17356531C1P1-v2,Breitling,SS CHRMT AUTO36-BLUE IX-LAB DIAM BEZ-BLUE ALG-DB
1175,1177,BREI-W123,exact,BREI-W123,Breitling,BREITLING Premier B15 Duograph 42MM Blue Dial Leather Men's Watch
1176,1178,BREI-WW416,exact,BREI-WW416,Breitling,Breitling Avenger B01 Chronograph 44MM Black Leather Men's Watch
1177,1179,BREI-AB04451A1C1X1-v2,exact,BREI-AB04451A1C1X1-v2,Breitling,SS SPR AVI CHR GMT CORSAIR46-BLUE-BLK LTH-DB
1178,1180,BREI-W1156,exact,BREI-W1156,Breitling,BREITLING Chronomat B01 42MM 18K Rose Gold Bezel Rubber Men's Watc
1179,1181,BREI-W118,exact,BREI-W118,Breitling,BREITLING Super Chronomat 38MM Green Rubber Men's Watch U17356531L
1180,1182,BREI-W111,exact,BREI-W111,Breitling,BREITLING Chronomat Quartz 32MM Blue MOP Diamond Bezel Women's Wat
1181,1183,BREI-W1102,exact,BREI-W1102,Breitling,BREITLING Chronomat B01 Triumph 42MM Leather Men's Watch TB0134101
1182,1184,BREI-A17356531C1S1-v2,exact,BREI-A17356531C1S1-v2,Breitling,SS CHRMT AUTO36-BLUE IX-LAB DIAM BEZ-BLUE RLX RUB-DB
1183,1185,BREI-W1223,exact,BREI-W1223,Breitling,BREITLING Super Chronomat B01 SS 44MM Black Dial Men's Watch AB013
1184,1186,BREI-WW231,exact,BREI-WW231,Breitling,Breitling Avenger B01 Night Mission Chronograph 42MM Leather
1185,1187,BREI-WW404,exact,BREI-WW404,Breitling,Breitling Super Avenger B01 Chronograph 46MM Blue Dial Leather
1186,1188,BREI-SB01472A1B1X1-v2,exact,BREI-SB01472A1B1X1-v2,Breitling,CER AVG B01 CHR NM BLDHDS44-GRY-BLK SUB-BLK MIL-DB
1187,1189,BREI-W191,exact,BREI-W191,Breitling,BREITLING Chronomat 28MM MOP Dial 18K Rose Gold Diamond Bezel Wome
1188,1190,BREI-W17,exact,BREI-W17,Breitling,BREITLING Superocean Heritage B01 Chronograph 42MM Black Rubber Me
1189,1191,OMEG-WWN215.92.46.21.01.001,exact,OMEG-WWN215.92.46.21.01.001,Omega,Omega Seamaster Planet Ocean 6000M Co-Axial Master Chronometer 45.5 mm Automatic Black Dial Fabric Strap Men's Watch 215.92.46.21.01.001
1190,1192,BREI-W1116,exact,BREI-W1116,Breitling,BREITLING Chronomat B01 42MM Green Dial Rubber Men's Watch UB01341
1191,1193,BREI-EB0148101B1E1-v2,exact,BREI-EB0148101B1E1-v2,Breitling,TI SPR AVG B01 CHR46-BLK IX-PROFIII BRC
1192,1194,BREI-EB0148101C1E1-v2,exact,BREI-EB0148101C1E1-v2,Breitling,TI SPR AVG B01 CHR46-BLUE IX-BLK SUB-PRFIII BRC
1193,1195,BREI-SB01473A1B1X1-v2,exact,BREI-SB01473A1B1X1-v2,Breitling,CER AVG B01 CHR NM DEVILS44-BLK-BLK MILT-DB
1194,1196,BREI-W1216,exact,BREI-W1216,Breitling,BREITLING Navitimer B01 CHRONO SS 46MM Green Dial Men's Watch AB01
1195,1197,BREI-W1200,exact,BREI-W1200,Breitling,BREITLING Navitimer B01 CHRONO 46MM SS Blue Dial Men's Watch AB013
1196,1198,BREI-W1131,exact,BREI-W1131,Breitling,BREITLING Navitimer B01 Automatic Chronograph 41MM Silver Dial Men
1197,1199,BREI-W1199,exact,BREI-W1199,Breitling,BREITLING Navitimer B01 CHRONO 43MM SS Silver Dial Men's Watch AB0
1198,1200,OMEG-W1221,exact,OMEG-W1221,Omega,OMEGA De Ville Prestige AUTO SS 36.8MM Men's Watch 424.25.37.20.58
1199,1201,BREI-AB0930F51H1P1-v2,exact,BREI-AB0930F51H1P1-v2,Breitling,SS PREM B09 CHR40-CHP NUM-BRW ALG-DB
1200,1202,BREI-SB0148101B1X1-v2,exact,BREI-SB0148101B1X1-v2,Breitling,CER SPR AVG CHR NM46-BLK CARB-GRN MIL-DB
1201,1203,BREI-W136,exact,BREI-W136,Breitling,BREITLING Super AVI B04 P-51 Mustang Chronograph 46MM Black Dial L
1202,1204,BREI-W125,exact,BREI-W125,Breitling,BREITLING Super AVI B04 P-51 Mustang Chronograph 46MM Black Dial L
1203,1205,BREI-W1206,exact,BREI-W1206,Breitling,BREITLING Chronomat B01 AUTO 42MM SS Grey Dial Men's Watch EB01341
1204,1206,BREI-SB0146101B1X1-v2,exact,BREI-SB0146101B1X1-v2,Breitling,CER AVG B01 CHR NM42-CARB-TAN MIL-DB
1205,1207,BREI-AB0134101C1A1-v2,exact,BREI-AB0134101C1A1-v2,Breitling,SS CHRMT B01 42-BLU IX-BLK SUBS-RLX BRC
1206,1208,BREI-AB0134101G1A1-v2,exact,BREI-AB0134101G1A1-v2,Breitling,SS CHRMT B01 42-SLV-BLK SUBS-RLX BRC
1207,1209,BREI-AB0134101K1A1-v2,exact,BREI-AB0134101K1A1-v2,Breitling,SS CHRMT B01 42-COPPER IX-BLK SUBS-SS RLX BRC
1208,1210,BREI-AB0162121G1A1-v2,exact,BREI-AB0162121G1A1-v2,Breitling,SS SOH B01 CHR44-SLV IX-BLK SUBS-BLK CER-OC BRC
1209,1211,BREI-AB0162121B1A1-v2,exact,BREI-AB0162121B1A1-v2,Breitling,SS SOH CHR 44-BLK IX-SLV SUBS-BLK CER-OC BRC
1210,1212,BREI-W195,exact,BREI-W195,Breitling,BREITLING Chronomat Automatic Diamond 36MM Green Dial Bezel Unisex
1211,1213,BREI-EB0148101B1X1-v2,exact,BREI-EB0148101B1X1-v2,Breitling,TI SPR AVG B01 CHR46-BLK IX-BLK MIL-DB
1212,1214,BREI-AB0134101G1S2-v2,exact,BREI-AB0134101G1S2-v2,Breitling,SS CHRMT B01 42-SLV IX-BLK SUBS-BLK RLX-DB
1213,1215,BREI-AB0134101L2S1,exact,BREI-AB0134101L2S1,Breitling,SS CHRMT B01 42-GRN IX-BLK SUBS-GRN RLX-DB
1214,1216,BREI-AB0162121C1S1-v2,exact,BREI-AB0162121C1S1-v2,Breitling,SS SOH B01 CHR44-BLUE-BLK SUB-BLK AERO-DB
1215,1217,BREI-AB0162121B1S1-v2,exact,BREI-AB0162121B1S1-v2,Breitling,SS SOH B01 CHR44-BLK IX-SLV SUB-BLK CER-BLK AERO-DB
1216,1218,BREI-AB0162121G1S1-v2,exact,BREI-AB0162121G1S1-v2,Breitling,SS SOH CHR 44-SLV IX-BLK SUBS-BLK CER-BLK AERO RUB-DB
1217,1219,BREI-W1124,exact,BREI-W1124,Breitling,BREITLING Chronomat Quartz 32MM Diamond MOP Dial Women's Watch U77
1218,1220,BREI-AB01342B1B3S1-v2,exact,BREI-AB01342B1B3S1-v2,Breitling,SS CHRMT B01 NFL FALCONS 42-BLK IX-SLV SUBS-BLK RLX RUB-DB
1219,1221,BREI-AB01342B1B4S1-v2,exact,BREI-AB01342B1B4S1-v2,Breitling,SS CHRMT NFL SAINTS 42-BLK IX-SLV SUBS-BLK RLX RUB-DB
1220,1222,BREI-AB01342B1B5S1-v2,exact,BREI-AB01342B1B5S1-v2,Breitling,SS CHRMT NFL PANTHERS 42-BLK IX-SLV SUBS-BLK RLX RUB-DB
1221,1223,BREI-AB01342B1B6S1-v2,exact,BREI-AB01342B1B6S1-v2,Breitling,SS CHRMT B01 NFL BROWNS 42-BRWN IX-SLV SUBS-BLK RLX RUB-DB
1222,1224,BREI-AB01342B1C2S1-v2,exact,BREI-AB01342B1C2S1-v2,Breitling,SS CHRMT B01 NFL COLTS 42-BLUE IX-SLV SUBS-BLK RLX RUB-DB
1223,1225,BREI-AB01342B1C6S1-v2,exact,BREI-AB01342B1C6S1-v2,Breitling,SS CHRMT NFL TITANS 42-DK BLUE-SLV SUBS-BLK RLX RUB-DB
1224,1226,BREI-AB01342B1C8S1-v2,exact,BREI-AB01342B1C8S1-v2,Breitling,SS CHRMT B01 NFL CHARGERS 42-BLUE IX-SLV SUBS-BLK RLX RUB-DB
1225,1227,BREI-AB01342B1C9S1,exact,BREI-AB01342B1C9S1,Breitling,SS CHRMT B01 RAMS 42-BLUE IX-SLV SUBS-BLK RLX RUB-DB
1226,1228,BREI-AB01342B1CBS1,exact,BREI-AB01342B1CBS1,Breitling,SS CHRMT NFL TEXANS 42-DK BLUE IX-SLV SUBS-BLK RLX RUB-DB
1227,1229,BREI-AB01342B1K2S1,exact,BREI-AB01342B1K2S1,Breitling,SS CHRMT NFL RAVENS 42-PRP IX-SLV SUBS-BLK RLX RUB-DB
1228,1230,BREI-AB01342B1K3S1,exact,BREI-AB01342B1K3S1,Breitling,SS CHRMT NFL COMMAND 42-BURG IX-SLV SUBS-BLK RLX RUB-DB
1229,1231,BREI-AB01342B1K6S1,exact,BREI-AB01342B1K6S1,Breitling,SS CHRMT NFL CARDINALS 42-RED IX-SLV SUBS-BLK RLX RUB-DB
1230,1232,BREI-AB01342B1K7S1,exact,BREI-AB01342B1K7S1,Breitling,SS CHRMT B01 NFL BUCCAN 42-RED IX-SLV SUBS-BLK RLX RUB-DB
1231,1233,BREI-AB01342B1L5S1,exact,BREI-AB01342B1L5S1,Breitling,SS CHRMT B01 NFL JETS 42-GRN IX-SLV SUBS-BLK RLX RUB-DB
1232,1234,BREI-AB01342B1O1S1,exact,BREI-AB01342B1O1S1,Breitling,SS CHRMT B01 NFL BENGALS 42-ORG IX-SLV SUBS-BLK RLX RUB-DB
1233,1235,BREI-W159,exact,BREI-W159,Breitling,BREITLING Top Time B01 Racing Automatic 38MM Black Dial Leather Me
1234,1236,BREI-U13313121B1A1-v2,exact,BREI-U13313121B1A1-v2,Breitling,S/RG SOH CHR 44-BLK IX-RG/BLK CER BEZ-OC BRC
1235,1237,BREI-W128,exact,BREI-W128,Breitling,BREITLING Lady Premier Automatic 36MM Green Dial Diamond Bezel Wom
1236,1238,BREI-WWNTB0134101M1X1,exact,BREI-WWNTB0134101M1X1,Breitling,Breitling Chronomat B01 42 Triumph Limited Edition Chronograph Grey Dial Leather Strap Men's Watch TB0134101M1X1
1237,1239,BREI-W1204,exact,BREI-W1204,Breitling,BREITLING Super Avi B04 GMT CHRONO 46 Mosquito Night Fighter Men's
1238,1240,OMEG-W1178,exact,OMEG-W1178,Omega,OMEGA De Ville Prestige AUTO 32.7MM MOP Dial Leather Women's Watch
1239,1241,BREI-W185,exact,BREI-W185,Breitling,BREITLING Super Avi B04 Chronograph GMT 46MM Tribute to Vought F4U
1240,1242,BREI-W1179,exact,BREI-W1179,Breitling,BREITLING Super Avi B04 Chronograph GMT 46MM Tribute to Vought F4U
1241,1243,BREI-WW381,exact,BREI-WW381,Breitling,Breitling Superocean Automatic Titanium 46MM Super Diver Men's
1242,1244,BREI-W127,exact,BREI-W127,Breitling,BREITLING Chronomat Automatic GMT 40MM Blue Dial Rubber Men's Watc
1243,1245,BREI-W1202,exact,BREI-W1202,Breitling,BREITLING Super Avi B04 CHRONO GMT 46 Mosquito SS Men's Watch YB04
1244,1246,BREI-W1180,exact,BREI-W1180,Breitling,BREITLING Super Avi B04 CHRONO GMT 46 Mosquito SS Men's Watch YB04
1245,1247,OMEG-WWN332.10.41.51.01.002,exact,OMEG-WWN332.10.41.51.01.002,Omega,Omega Speedmaster Pilot Chronograph Black Dial Stainless Steel Men's Watch 332.10.41.51.01.002
1246,1248,BREI-W1203,exact,BREI-W1203,Breitling,BREITLING Superocean AUTO 42MM Rubber Men's Watch U17375211B1S1
1247,1249,BREI-W1163,exact,BREI-W1163,Breitling,BREITLING Top Time B01 Ford Mustang Automatic 41MM Green Dial Men'
1248,1250,BREI-M13313101C1S1-v2,exact,BREI-M13313101C1S1-v2,Breitling,BLKss SOH CHR 44-BLUE IX-BLK CER-BLK AERO RUB-DB
1249,1251,BREI-W140,exact,BREI-W140,Breitling,BREITLING Premier B09 Chronograph 40MM Champagne Dial Leather Men'
1250,1252,BREI-W1164,exact,BREI-W1164,Breitling,BREITLING Top Time B01 Chevrolet Corvette Automatic 41MM Red Dial
1251,1253,BREI-AB01762A1L1A1-v2,exact,BREI-AB01762A1L1A1-v2,Breitling,SS TOP TIME B01 FORD MUSTANG 41-GRN IX-BLK SUBS-OC BRC
1252,1254,BREI-AB01763A1C1A1-v2,exact,BREI-AB01763A1C1A1-v2,Breitling,SS TOP TIME B01 SHELBY COBRA 41-BLUE IX-SLV SUBS-OC BRC
1253,1255,BREI-AB01765A1B1A1-v2,exact,BREI-AB01765A1B1A1-v2,Breitling,SS TOP TIME B01 DEUS 41-BLK IX-SLV SUBS-OC BRC
1254,1256,BREI-W1167,exact,BREI-W1167,Breitling,BREITLING Premier B01 Automatic Chronograph 42MM Peach Dial Men's
1255,1257,BREI-W1162,exact,BREI-W1162,Breitling,BREITLING Top Time B01 Triumph Automatic 41MM Blue Dial Men's Watc
1256,1258,BREI-A24315101B1A1-v2,exact,BREI-A24315101B1A1-v2,Breitling,SS AVG CHR GMT45-BLK-GRY SUBS-PROFIII BRC
1257,1259,OMEG-WWN215.33.44.22.01.001,exact,OMEG-WWN215.33.44.22.01.001,Omega,Omega Seamaster Planet Ocean 600M GMT Black Dial Rubber & Leather Strap Men's Watch 215.33.44.22.01.001
1258,1260,BREI-W10,exact,BREI-W10,Breitling,BREITLING Top Time B01 Deus Automatic 41MM Black Dial Leather Men'
1259,1261,BREI-AB01765A1B1X1-v2,exact,BREI-AB01765A1B1X1-v2,Breitling,SS TT B01 DEUS 41-BLK IX-SLV SUB-BLK LTH-DB
1260,1262,BREI-E10379351B1E1-v2,exact,BREI-E10379351B1E1-v2,Breitling,TI SO SPR DIVE46-BLK/GRY-BLK CER-PRFIII BRC
1261,1263,BREI-E10379D31L1E1-v2,exact,BREI-E10379D31L1E1-v2,Breitling,TI SO SPR DIVER46-GRN/BLK CAMO-TI PRF III BRC
1262,1264,BREI-W130,exact,BREI-W130,Breitling,BREITLING Lady Premier Quartz 32MM Blue Dial Diamond Bezel Women's
1263,1265,BREI-WW814,exact,BREI-WW814,Breitling,BREITLING Lady Premier Quartz 32MM Blue Dial Diamond Bezel Women's
1264,1266,BREI-WWNAB0136251B1A2 UTC,exact,BREI-WWNAB0136251B1A2 UTC,Breitling,Breitling Super Chronomat B01 44 Automatic UTC Module Black Dial Steel Men's Watch AB0136251B1A2 UTC
1265,1267,BREI-AB0146101B1A1-v2,exact,BREI-AB0146101B1A1-v2,Breitling,SS AVG B01 CHR42-BLK IX-PROF III BRC
1266,1268,BREI-AB0146101C1A1-v2,exact,BREI-AB0146101C1A1-v2,Breitling,SS AVG B01 CHR42-BLUE IX-BLK SUBS-PROFIII BRC
1267,1269,BREI-WW408,exact,BREI-WW408,Breitling,Breitling Avenger B01 Chronograph 42MM Green Dial Leather
1268,1270,BREI-W1245,exact,BREI-W1245,Breitling,Breitling Avenger B01 Chronograph 42MM Green Dial Leather
1269,1271,OMEG-WWN210.22.42.20.01.002,exact,OMEG-WWN210.22.42.20.01.002,Omega,Omega Seamaster Diver 300M Black Dial 18K Rose Gold Rubber Strap Men's Watch 210.22.42.20.01.002
1270,1272,OMEG-WWN215.30.46.51.01.002,exact,OMEG-WWN215.30.46.51.01.002,Omega,Omega Seamaster Planet Ocean 600M Chronograph 45.5mm Black Dial Stainless Steel Men's Watch 215.30.46.51.01.002
1271,1273,BREI-AB0147101A1A1-v2,exact,BREI-AB0147101A1A1-v2,Breitling,SS AVG B01 CHR 44-BG IX-BLK SUBS-PROF III BRC
1272,1274,BREI-A24315101C1A1-v2,exact,BREI-A24315101C1A1-v2,Breitling,SS AVG CHR GMT45-BLUE-BLK SUBS-BRC
1273,1275,BREI-A13313121B1A1-v2,exact,BREI-A13313121B1A1-v2,Breitling,SS SOH CHR44-BLK-BLK CER-OC BRC
1274,1276,BREI-A13313161C1A1-v2,exact,BREI-A13313161C1A1-v2,Breitling,SS SOH CHR 44-BLUE IX-SS/BLUE CER-OC BRC
1275,1277,BREI-WWNA10380591A1A1,exact,BREI-WWNA10380591A1A1,Breitling,Breitling Chronomat Automatic 36 White Dial Diamond Bezel Steel Women's Watch A10380591A1A1
1276,1278,BREI-W154,exact,BREI-W154,Breitling,BREITLING Chronomat SS 28MM Diamond Black MOP Dial Women's Watch A
1277,1279,BREI-WW868,exact,BREI-WW868,Breitling,BREITLING Chronomat SS 28MM Diamond Black MOP Dial Women's Watch A
1278,1280,BREI-A24315101B1X1-v2,exact,BREI-A24315101B1X1-v2,Breitling,SS AVG CHR GMT45-BLK-GRY SUBS-BLK MILIT-TG
1279,1281,BREI-UB2030121B1S1-v2,exact,BREI-UB2030121B1S1-v2,Breitling,S/RG SOH B20 44-BLK IX-RG/BLK CER-BLK AERO CLS-DB
1280,1282,OMEG-WWN435.13.40.22.01.001,exact,OMEG-WWN435.13.40.22.01.001,Omega,Omega De Ville Tresor Black Dial Leather Strap Men's Watch 435.13.40.22.01.001
1281,1283,BREI-W1218,exact,BREI-W1218,Breitling,BREITLING Superocean Heritage CHRONO AUTO 44MM Men's Watch M133132
1282,1284,BREI-UB2010121B1S1-v2,exact,BREI-UB2010121B1S1-v2,Breitling,S/RG SOH B20 42-BLK IX-RG/BLK CER-BLK AERO RUB-DB
1283,1285,BREI-AB0146101L1X1-v2,exact,BREI-AB0146101L1X1-v2,Breitling,SS AVG B01 CHR42-GRN-BLK SUB-GRN MIL-DB
1284,1286,BREI-AB0147101L1X1-v2,exact,BREI-AB0147101L1X1-v2,Breitling,SS AVG B01 CHR 44-GRN IX-BLK SUBS-GRN MIL-DB
1285,1287,BREI-A37330121A1A1-v2,exact,BREI-A37330121A1A1-v2,Breitling,SS GALACTIC36-MOP DIAM-PILOT BRC
1286,1288,BREI-A13313161C1S1-v2,exact,BREI-A13313161C1S1-v2,Breitling,SS SOH CHR 44-BLUE IX-SS/BLUE CER-BLUE AERO-DB
1287,1289,BREI-A13313121B1S1-v2,exact,BREI-A13313121B1S1-v2,Breitling,SS SOHII CHR44-BLK-BLK CER-BLK AC-DB
1288,1290,OMEG-W1161,exact,OMEG-W1161,Omega,OMEGA Seamaster 42MM Auto Blue Dial Men's Watch 210.32.42.20.03.00
1289,1291,BREI-W116,exact,BREI-W116,Breitling,BREITLING Premier B01 Chronograph SS 42MM Green Dial Men's Watch A
1290,1292,BREI-A24315101C1X1-v2,exact,BREI-A24315101C1X1-v2,Breitling,SS AVG CHR GMT45-BLUE-BLK SUB-BLUE MIL-TG
1291,1293,BREI-WWNA10380591L1A1,exact,BREI-WWNA10380591L1A1,Breitling,Breitling Chronomat Automatic 36 Green Dial Diamond Bezel Steel Women's Watch A10380591L1A1
1292,1294,BREI-E10379D31L1S1-v2,exact,BREI-E10379D31L1S1-v2,Breitling,TI SO SPR DIVER46-GRN/BLK-GRN CER-GRN DPIV-DB
1293,1295,BREI-W16,exact,BREI-W16,Breitling,BREITLING Superocean Heritage B31 Automatic SS 40MM Black Dial Men
1294,1296,BREI-WW388,exact,BREI-WW388,Breitling,Breitling Superocean Automatic Ss 44MM Green Dial Men's Watch
1295,1297,BREI-WW465,exact,BREI-WW465,Breitling,Breitling Avenger Automatic Gmt 44MM Blue Dial Men's Watch
1296,1298,BREI-WW624,exact,BREI-WW624,Breitling,Breitling Navitimer Auto 41MM Black Leather Men's Watch
1297,1299,BREI-W1207,exact,BREI-W1207,Breitling,BREITLING Navitimer AUTO GMT 41MM SS Beige Dial Men's Watch A32310
1298,1300,BREI-WWNA17356531C1A1,exact,BREI-WWNA17356531C1A1,Breitling,Breitling Super Chronomat Automatic 38 Ice Blue Dial Diamond Bezel Steel Women's Watch A17356531C1A1
1299,1301,BREI-W1220,exact,BREI-W1220,Breitling,BREITLING Chronomat AUTO 36MM SS MOP Dial Women's Watch A10380101A
1300,1302,BREI-WW340,exact,BREI-WW340,Breitling,Breitling Navitimer Automatic 36MM Green Dial Unisex Watch
1301,1303,BREI-W2102,exact,BREI-W2102,Breitling,Breitling Navitimer Automatic 36MM Green Dial Unisex Watch
1302,1304,BREI-A17395211A1P5-v2,exact,BREI-A17395211A1P5-v2,Breitling,SS NAVI AUTO35-MOP DIAM-RED ALG-TG
1303,1305,BREI-A13317101C1X1-v2,exact,BREI-A13317101C1X1-v2,Breitling,SS AVG CHR45-BLUE-BLUE MIL-TG
1304,1306,BREI-W14,exact,BREI-W14,Breitling,BREITLING Classic AVI Chronograph Mosquito 42MM Black Dial Leather
1305,1307,BREI-W146,exact,BREI-W146,Breitling,Breitling AB01762A1L1X1 Top Time B01 Ford Mustang 41mm Green Dial
1306,1308,BREI-W2133,exact,BREI-W2133,Breitling,Breitling AB01762A1L1X1 Top Time B01 Ford Mustang 41mm Green Dial
1307,1309,BREI-AB2030121B1A1-v2,exact,BREI-AB2030121B1A1-v2,Breitling,SS SOH B20 44-BLK IX-BLK CER-OC BRC
1308,1310,BREI-AB2030161C1A1-v2,exact,BREI-AB2030161C1A1-v2,Breitling,SS SOH B20 44-BLUE IX-BLUE CER-OC BRC
1309,1311,BREI-W1219,exact,BREI-W1219,Breitling,BREITLING Superocean Heritage II AUTO 44MM CHRONO SS Men's Watch A
1310,1312,BREI-W2101,exact,BREI-W2101,Breitling,BREITLING Superocean Heritage II AUTO 44MM CHRONO SS Men's Watch A
1311,1313,BREI-W1208,exact,BREI-W1208,Breitling,BREITLING Navitimer AUTO 41MM SS Blue Dial Men's Watch A17329161C1
1312,1314,OMEG-WWN310.32.42.50.01.001,exact,OMEG-WWN310.32.42.50.01.001,Omega,Omega Speedmaster Professional Moonwatch Black Dial Nylon Strap Men's Watch 310.32.42.50.01.001
1313,1315,BREI-W193,exact,BREI-W193,Breitling,BREITLING Avenger Automatic Night Mission 42MM Black Leather Men's
1314,1316,BREI-AB2010121B1A1-v2,exact,BREI-AB2010121B1A1-v2,Breitling,SS SOH B20 42-BLK IX-BLK CER-OC BRC
1315,1317,OMEG-WWN215.33.44.21.01.001,exact,OMEG-WWN215.33.44.21.01.001,Omega,Omega Seamaster Planet Ocean 600M 43.5mm Black Dial Leather Strap Men's Watch 215.33.44.21.01.001
1316,1318,BREI-W1137,exact,BREI-W1137,Breitling,BREITLING Navitimer Automatic SS 41MM Green Dial Men's Watch A1732
1317,1319,BREI-WW512,exact,BREI-WW512,Breitling,Breitling Avenger Auto Chronometer Ss 42MM Men's Watch
1318,1320,BREI-WW511,exact,BREI-WW511,Breitling,Breitling Avenger Automatic 42MM Blue Dial Men's Watch
1319,1321,BREI-W1210,exact,BREI-W1210,Breitling,BREITLING Avenger B01 CHRONO 44MM Green Dial Men's Watch AB0147101
1320,1322,BREI-WW387,exact,BREI-WW387,Breitling,Breitling Navitimer Automatic Gmt 41MM Brown Leather Men's Watch
1321,1323,BREI-W2126,exact,BREI-W2126,Breitling,Breitling Navitimer Automatic Gmt 41MM Brown Leather Men's Watch
1322,1324,BREI-WWNA77330671C1A1,exact,BREI-WWNA77330671C1A1,Breitling,Breitling Premier Lady 32 Diamond Blue Dial Stainless steel Women's Watch A77330671C1A1
1323,1325,BREI-A17378211B1A1-v2,exact,BREI-A17378211B1A1-v2,Breitling,SS SO AUTO46-BLK-BLK CER-PROFIII BRC
1324,1326,BREI-AB2020121B1S1-v2,exact,BREI-AB2020121B1S1-v2,Breitling,SS SOH B20 46-BLK IX-BLK CER-BLK AERO CLS-DB
1325,1327,BREI-A17376211B1A1-v2,exact,BREI-A17376211B1A1-v2,Breitling,SS SO AUTO44-BLK-BLK CER-PRFIII BRC
1326,1328,BREI-AB2020121L1S1-v2,exact,BREI-AB2020121L1S1-v2,Breitling,SS SOH B20 46-GRN IX-BLK CER-BLK AERO RUB-DB
1327,1329,TUDR-WWNM79360N-0013,exact,TUDR-WWNM79360N-0013,Tudor,Tudor Black Bay Chrono Chronograph Black Dial Stainless Steel Men's Watch M79360N-0013
1328,1330,BREI-WWNR77320E61A1P1,exact,BREI-WWNR77320E61A1P1,Breitling,Breitling Navitimer 32 18kt Rose Gold Pearl Diamond Dial Leather Strap Women's Watch R77320E61A1P1
1329,1331,BREI-AB2030121B1S1-v2,exact,BREI-AB2030121B1S1-v2,Breitling,SS SOH B20 44-BLK IX-BLK CER-BLK AERO-DB
1330,1332,BREI-AB2030161C1S1-v2,exact,BREI-AB2030161C1S1-v2,Breitling,SS SOH B20 44-BLUE IX-BLUE CER-BLUE AERO-DB
1331,1333,BREI-A17377211A1A1-v2,exact,BREI-A17377211A1A1-v2,Breitling,SS SO AUTO36-WHT-WHT CER-PROFIII BRC
1332,1334,BREI-A32320101B1A1-v2,exact,BREI-A32320101B1A1-v2,Breitling,SS AVG GMT44-BLK-PRFIII BRC
1333,1335,IWC-IW3910-10-v2,exact,IWC-IW3910-10-v2,IWC,Portofino — SS PORTOF CHR 42-BLK IXROM-BRC
1334,1336,IWC-IW3282-01-v2,exact,IWC-IW3282-01-v2,IWC,Pilots Watches — SS PILOTS MARK XX 40-BLK NUM-STRAP
1335,1337,IWC-IW3574-10,exact,IWC-IW3574-10,IWC,Portofino — SS PORTF COMME MOI 34-SLV EMB DIAIXROM-STRAP
1336,1338,BREI-WWNAB0134101L2A1,exact,BREI-WWNAB0134101L2A1,Breitling,Breitling Chronomat B01 42 Chronograph Automatic Green Dial Steel Men's Watch AB0134101L2A1
1337,1339,BREI-WWNA77310591A1A1,exact,BREI-WWNA77310591A1A1,Breitling,Breitling Chronomat Quartz 32 Diamond Dial & Bezel Steel Women's Watch A77310591A1A1
1338,1340,TUDR-WWNM79360N-0012,exact,TUDR-WWNM79360N-0012,Tudor,Tudor Black Bay Chrono White Dial Stainless Steel Men's Watch M79360N-0012
1339,1341,BREI-A17378211B1S1-v2,exact,BREI-A17378211B1S1-v2,Breitling,SS SO AUTO46-BLK-BLK CER-BLK DPIV-DB
1340,1342,BREI-V17319101B1X1-v2,exact,BREI-V17319101B1X1-v2,Breitling,BLKti AVG SEA NM45-BLK NUM-BLK MILIT-TG
1341,1343,BREI-W1158,exact,BREI-W1158,Breitling,Breitling Avenger Automatic 42MM Anthracite Leather Men's Watch
1342,1344,BREI-A17395361L1P2-v2,exact,BREI-A17395361L1P2-v2,Breitling,SS NAVI AUTO35-MINT GRN-GRN ALG-DP
1343,1345,OMEG-WWN210.32.42.20.01.003,exact,OMEG-WWN210.32.42.20.01.003,Omega,Omega Seamaster Diver 300M Automatic Black Dial Rubber Strap Men's Watch 210.32.42.20.01.003
1344,1346,BREI-W2115,exact,BREI-W2115,Breitling,BREITLING Superocean AUTO 42MM Green Dial Rubber Men's Watch N1737
1345,1347,IWC-IW3910-08-v2,exact,IWC-IW3910-08-v2,IWC,Portofino — SS PORTOF CHR42-BLK IXROM-STRAP
1346,1348,IWC-IW3240-06,exact,IWC-IW3240-06,IWC,Pilots Watches — SS PILOTS 36-SLV NUM-BRAC
1347,1349,OMEG-WWN220.10.41.21.01.001,exact,OMEG-WWN220.10.41.21.01.001,Omega,Omega Seamaster Aqua Terra 150m Master Co-Axial Black Dial Stainless Steel Men's Watch 220.10.41.21.01.001
1348,1350,IWC-IW3270-10-v2,exact,IWC-IW3270-10-v2,IWC,Pilots Watches — SS MARK XVIII LPP ED 40-BLUE-STRAP
1349,1351,IWC-IW3783-03-v2,exact,IWC-IW3783-03-v2,IWC,Portofino — SS PORTF CHR 41-BLK IX-STRAP
1350,1352,TUDR-WWNM25610TNL-0001,exact,TUDR-WWNM25610TNL-0001,Tudor,Tudor Pelagos Left Hand Diver Automatic Black Dial Titanium Men's Watch M25610TNL-0001
1351,1353,BREI-A17395361L1P1-v2,exact,BREI-A17395361L1P1-v2,Breitling,SS NAVI AUTO35-MINT GRN-GRN ALG-TG
1352,1354,TUDR-WWNM79643-0002,exact,TUDR-WWNM79643-0002,Tudor,Tudor Black Bay 36 Automatic Silver Dial Steel and Gold Women's Watch M79643-0002
1353,1355,BREI-WWNAB3114101L1A1,exact,BREI-WWNAB3114101L1A1,Breitling,Breitling Chronomat B31 Automatic 40 Green Dial Stainless Steel Men's Watch AB3114101L1A1
1354,1356,BREI-WWNA10320101A1A1,exact,BREI-WWNA10320101A1A1,Breitling,Breitling Chronomat Automatic 36 Mother of Pearl Diamond Dial Stainless Steel Women's Watch A10320101A1A1
1355,1357,BREI-W113,exact,BREI-W113,Breitling,BREITLING Navitimer Quartz SS 32MM MOP Diamond Dial Women's Watch
1356,1358,BREI-A32395101C1X2-v2,exact,BREI-A32395101C1X2-v2,Breitling,SS AVG GMT45-BLUE-BLUE MILIT-DB
1357,1359,OMEG-WWN210.32.42.20.03.001,exact,OMEG-WWN210.32.42.20.03.001,Omega,Omega Seamaster Diver 300M Blue Dial Rubber Strap Men's Watch 210.32.42.20.03.001
1358,1360,BREI-WWNAB0145371L1A1,exact,BREI-WWNAB0145371L1A1,Breitling,Breitling Premier B01 Chronograph 42 Green Dial Stainless Steel Men's Watch AB0145371L1A1
1359,1361,BREI-WW14,exact,BREI-WW14,Breitling,Breitling Avenger Automatic Gmt 44MM Black Dial Men's Watch
1360,1362,BREI-W156,exact,BREI-W156,Breitling,Breitling Avenger Automatic Gmt 44MM Blue Dial Men's Watch
1361,1363,TUDR-WWNM79833MN-0003,exact,TUDR-WWNM79833MN-0003,Tudor,Tudor Black Bay GMT S&G Automatic Black Dial Leather Strap Men's Watch M79833MN-0003
1362,1364,OMEG-WWN324.30.38.50.02.001,exact,OMEG-WWN324.30.38.50.02.001,Omega,Omega Speedmaster Co-Axial Chronograph 38mm Silver Dial Stainless Steel Men's Watch 324.30.38.50.02.001
1363,1365,BREI-W2119,exact,BREI-W2119,Breitling,BREITLING Chronomat Quartz 28MM 12 Diamond Blue MOP Dial Women's W
1364,1366,LONG-W141,exact,LONG-W141,Longines,LONGINES Conquest Automatic 42MM Two-Tone 18K Rose Gold Men's Watc
1365,1367,BREI-W138,exact,BREI-W138,Breitling,BREITLING Navitimer Quartz 32MM MOP Diamond Dial Leather Women's W
1366,1368,BREI-WWNAB3113A71C1A1,exact,BREI-WWNAB3113A71C1A1,Breitling,Breitling Top Time B31 Automatic Blue Dial Stainless Steel Men's Watch AB3113A71C1A1
1367,1369,OMEG-WWN434.10.40.20.02.001,exact,OMEG-WWN434.10.40.20.02.001,Omega,Omega De Ville Prestige Co-Axial Master Chronometer 40mm Silver Dial Stainless Steel Men's Watch 434.10.40.20.02.001
1368,1370,BREI-WWNAB01766A1A1A1,exact,BREI-WWNAB01766A1A1A1,Breitling,Breitling Top Time B01 Ford Thunderbird Automatic Chronograph White Dial Steel Men's Watch AB01766A1A1A1
1369,1371,TUDR-WWNM79680-0002,exact,TUDR-WWNM79680-0002,Tudor,Tudor Black Bay 41 Automatic Blue Dial Steel Men's Watch M79680-0002
1370,1372,TUDR-WWNM7943A1A0NU-0002,exact,TUDR-WWNM7943A1A0NU-0002,Tudor,Tudor Black Bay 68 Automatic Silver Dial Stainless Steel Men's Watch M7943A1A0NU-0002
1371,1373,LONG-WWNL8.126.5.79.7,exact,LONG-WWNL8.126.5.79.7,Longines,Longines Primaluna Moonphase Automatic Ivory Dial 18k Yellow Gold & Steel Women's Watch L8.126.5.79.7
1372,1374,BREI-WWNA32310171C1P1,exact,BREI-WWNA32310171C1P1,Breitling,Breitling Navitimer Automatic 41 GMT Blue Dial Leather Strap Men's Watch A32310171C1P1
1373,1375,BREI-WWNA17329371L1A1,exact,BREI-WWNA17329371L1A1,Breitling,Breitling Navitimer Automatic 41 Green Dial Stainless Steel Men's Watch A17329371L1A1
1374,1376,BREI-WWNAB3111241B1S1,exact,BREI-WWNAB3111241B1S1,Breitling,Breitling Superocean Heritage Automatic 42 Black Dial Rubber Strap Men's Watch AB3111241B1S1
1375,1377,BREI-WWNA173265A1K1P2,exact,BREI-WWNA173265A1K1P2,Breitling,Breitling Navitimer Automatic 41 Red Dial Leather Strap Men's Watch A173265A1K1P2
1376,1378,BREI-WWNA17375E71G1A1,exact,BREI-WWNA17375E71G1A1,Breitling,Breitling Superocean Automatic 42 Silver Dial Stainless Steel Men's Watch A17375E71G1A1
1377,1379,LONG-W2118,exact,LONG-W2118,Longines,LONGINES Conquest Chronograph 42MM Silver Dial Rubber Men's Watch
1378,1380,OMEG-WWN428.17.26.60.04.009,exact,OMEG-WWN428.17.26.60.04.009,Omega,Omega De Ville Tresor MinI White Dial Diamond Case Leather Strap Women's Watch 428.17.26.60.04.009
1379,1381,BREI-WWNA10380101C1A1,exact,BREI-WWNA10380101C1A1,Breitling,Breitling Chronomat Automatic 36 Blue Dial Stainless Steel Women's Watch A10380101C1A1
1380,1382,BREI-WWNA17329161C1P1,exact,BREI-WWNA17329161C1P1,Breitling,Breitling Navitimer Automatic 41 Blue Dial Leather Strap Men's Watch A17329161C1P1
1381,1383,BREI-WWNA233803A1B1A1,exact,BREI-WWNA233803A1B1A1,Breitling,Breitling Classic Avi Chronograph 42 P-51 Mustang Black Dial Steel Bracelet Men's Watch A233803A1B1A1
1382,1384,BREI-WWNE10379351B1E1,exact,BREI-WWNE10379351B1E1,Breitling,Breitling Superocean Automatic 46 Super Diver Black Dial Titanium Men's Watch E10379351B1E1
1383,1385,BREI-WWNA17376A31L1A1,exact,BREI-WWNA17376A31L1A1,Breitling,Breitling Superocean Automatic 44 Green Dial Stainless Steel Men's Watch A17376A31L1A1
1384,1386,TUDR-WWNM91451-0009,exact,TUDR-WWNM91451-0009,Tudor,Tudor 1926 36mm Midsize Two-Tone 18K Rose Gold & Steel Women's Watch M91451-0009
1385,1387,BREI-WWNA17376211B1A1,exact,BREI-WWNA17376211B1A1,Breitling,Breitling Superocean Automatic 44 Black Dial Stainless Steel Men's Watch A17376211B1A1
1386,1388,OMEG-WWN424.10.40.20.02.002,exact,OMEG-WWN424.10.40.20.02.002,Omega,Omega De Ville Prestige Co-Axial 39.5mm Automatic Silver Dial Steel Men's Watch 424.10.40.20.02.002
1387,1389,BREI-WWNA77330121A2A1,exact,BREI-WWNA77330121A2A1,Breitling,Breitling Premier Lady 32 Mother of Pearl Dial Stainless Steel Women's Watch A77330121A2A1
1388,1390,BREI-WWNA77320D91K1P1,exact,BREI-WWNA77320D91K1P1,Breitling,Breitling Navitimer 32 Pink Pearl Diamond Dial Leather Strap Women's Watch A77320D91K1P1
1389,1391,BREI-WWNA17377211C1A1,exact,BREI-WWNA17377211C1A1,Breitling,Breitling Superocean Automatic 36 Turquoise Dial Stainless Steel Unisex Watch A17377211C1A1
1390,1392,TUDR-WWNM51000-0004,exact,TUDR-WWNM51000-0004,Tudor,Tudor Glamour Date Silver Diamond-Set Dial Stainless Steel Unisex Watch M51000-0004
1391,1393,BREI-WWNA17378E71C1S1,exact,BREI-WWNA17378E71C1S1,Breitling,Breitling Superocean Automatic 46 Blue Dial Rubber Strap Men's Watch A17378E71C1S1
1392,1394,BREI-WWNA17376211L2S1,exact,BREI-WWNA17376211L2S1,Breitling,Breitling Superocean Automatic 44 Turquoise Dial Rubber Strap Men's Watch A17376211L2S1
1393,1395,BREI-WWNA17375211B1S1,exact,BREI-WWNA17375211B1S1,Breitling,Breitling Superocean Automatic 42 Black Dial Rubber Strap Men's Watch A17375211B1S1
1394,1396,LONG-WWNL5.255.5.89.7,exact,LONG-WWNL5.255.5.89.7,Longines,Longines DolceVita Quartz Diamond Rose Gold & Steel Women's Watch L5.255.5.89.7
1395,1397,LONG-WWNL3.821.4.53.9,exact,LONG-WWNL3.821.4.53.9,Longines,Longines Spirit Flyback Chronograph Black Dial Fabric Strap Men's Watch L3.821.4.53.9
1396,1398,BREI-WWNA77320171C1P1,exact,BREI-WWNA77320171C1P1,Breitling,Breitling Navitimer 32 Blue Mother of Pearl Diamond Dial Leather Strap Women's Watch A77320171C1P1
1397,1399,BREI-WWNX82310D51B1S2,exact,BREI-WWNX82310D51B1S2,Breitling,Breitling Endurance Pro 44 Chronograph Black Dial Breitlight Rubber Strap Men's Watch X82310D51B1S2
1398,1400,LONG-W297,exact,LONG-W297,Longines,Longines Elegant Automatic 37MM Black Dial Leather Men's Watch
1399,1401,LONG-W2120,exact,LONG-W2120,Longines,Longines 1832 Automatic 40MM Beige Dial Leather Men's Watch
1400,1402,BREI-WWNX82310E51B1S2,exact,BREI-WWNX82310E51B1S2,Breitling,Breitling Professional Endurance Pro Chronograph Black Dial Rubber Strap Men's Watch X82310E51B1S2
1401,1403,LONG-WWNL3.812.4.63.6,exact,LONG-WWNL3.812.4.63.6,Longines,Longines Spirit Zulu Time Automatic Grey Dial Stainless Steel Men's Watch L3.812.4.63.6
1402,1404,OMEG-WWN434.10.30.60.02.001,exact,OMEG-WWN434.10.30.60.02.001,Omega,Omega De Ville Prestige Quartz 30mm Rose Dial Stainless Steel Women's Watch 434.10.30.60.02.001
1403,1405,LONG-WWNL1.649.4.72.6,exact,LONG-WWNL1.649.4.72.6,Longines,Longines Conquest Heritage Automatic Silver Dial Stainless Steel Men's Watch L1.649.4.72.6
1404,1406,LONG-W2121,exact,LONG-W2121,Longines,Longines Mens La Grande Classique De Longines Automatic 36MM
1405,1407,LONG-WWNL3.774.4.70.2,exact,LONG-WWNL3.774.4.70.2,Longines,Longines Legend Diver Automatic Grey Dial Nylon Strap Men's Watch L3.774.4.70.2
1406,1408,LONG-WWNL8.124.4.87.6,exact,LONG-WWNL8.124.4.87.6,Longines,Longines Primaluna Automatic White Mother of Pearl Diamond Dial Steel Women's Watch L8.124.4.87.6
1407,1409,LONG-WWNL3.811.4.73.6,exact,LONG-WWNL3.811.4.73.6,Longines,Longines Spirit Automatic Ivory Dial Stainless Steel Men's Watch L3.811.4.73.6
1408,1410,LONG-WWNL2.827.4.73.0,exact,LONG-WWNL2.827.4.73.0,Longines,Longines Heritage Chronograph Automatic Silver Dial Leather Strap Men's Watch L2.827.4.73.0
1409,1411,BREI-WWNX83310D41B1S1,exact,BREI-WWNX83310D41B1S1,Breitling,Breitling Endurance Pro 38 Chronograph Black Dial Rubber Strap Unisex Watch X83310D41B1S1
1410,1412,LONG-WW672,exact,LONG-WW672,Longines,Longines Conquest V.h.p Quartz Ss 43MM Blue Dial Men's Watch
1411,1413,LONG-WW480,exact,LONG-WW480,Longines,Longines La Grande Classique 36MM Silver Dial Unisex Watch
1412,1414,LONG-WWNL4.974.3.37.7,exact,LONG-WWNL4.974.3.37.7,Longines,Longines Flagship Automatic Gold Tone Diamond Dial Yellow Gold PVD Steel Unisex Watch L4.974.3.37.7
1413,1415,LONG-WWNL8.111.4.87.6,exact,LONG-WWNL8.111.4.87.6,Longines,Longines Primaluna Automatic 26.5mm White Mother of Pearl Diamond Dial Steel Women's Watch L8.111.4.87.6
1414,1416,LONG-WWNL4.911.4.77.6,exact,LONG-WWNL4.911.4.77.6,Longines,Longines Elegant Collection Silver Diamond Dial Steel Women's Watch L4.911.4.77.6
1415,1417,LONG-W1534,exact,LONG-W1534,Longines,LONGINES Flagship SS 38.5MM Automatic Men's Watch L48994216 / L4.8
1416,1418,LONG-W1462,exact,LONG-W1462,Longines,LONGINES Conquest Classic 36MM MOP Dial Women's Watch L2.387.0.87.
1417,1419,LONG-WWNL3.374.4.30.2,exact,LONG-WWNL3.374.4.30.2,Longines,Longines Legend Diver Automatic Beige Dial Fabric Strap Unisex Watch L3.374.4.30.2
1418,1420,LONG-WWNL2.708.4.78.3,exact,LONG-WWNL2.708.4.78.3,Longines,Longines Master Power Reserve Automatic Silver Dial Leather Strap Men's Watch L2.708.4.78.3
1419,1421,LONG-W1427,exact,LONG-W1427,Longines,LONGINES Symphonette Quartz Oval Women's Watch L2.306.4.71.6 / L23
1420,1422,LONG-WWNL5.255.4.71.5,exact,LONG-WWNL5.255.4.71.5,Longines,Longines DolceVita Quartz Silver Dial Leather Strap Women's Watch L5.255.4.71.5
1421,1423,LONG-W1313,exact,LONG-W1313,Longines,LONGINES Symphonette Quartz SS 29MM Silver Dial Women's Watch L2.3
1422,1424,LONG-WWNL4.825.4.52.0,exact,LONG-WWNL4.825.4.52.0,Longines,Longines The Longines 1832 Classic Automatic Black Dial Leather Strap Men's Watch L4.825.4.52.0
1423,1425,LONG-WWNL8.116.4.71.6,exact,LONG-WWNL8.116.4.71.6,Longines,Longines Primaluna Moonphase Ivory Dial Stainless Steel Women's Watch L8.116.4.71.6
1424,1426,LONG-WWNL6.141.4.71.6,exact,LONG-WWNL6.141.4.71.6,Longines,Longines Equestrian Silver Roman Dial Stainless Steel  Women's Watch L6.141.4.71.6
1425,1427,LONG-W1546,exact,LONG-W1546,Longines,LONGINES Presence 35MM AUTO Stainless Steel Men's Watch L48214116
1426,1428,LONG-WW758,exact,LONG-WW758,Longines,Longines Conquest Quartz Ss 43MM Black Lthr Men's Watch
1427,1429,LONG-W1474,exact,LONG-W1474,Longines,Longines Conquest Quartz Ss 43MM Black Lthr Men's Watch
1428,1430,CART-W62025V3,exact,CART-W62025V3,Cartier,Roadster — SS ROAD39-SLV ROM-BRC
1429,1431,CART-W7100015,exact,CART-W7100015,Cartier,Calibre De Cartier — SS CALIBRE42-SILV ROMIX-BRAC
1430,1432,LONG-WWNL3.830.4.62.6,exact,LONG-WWNL3.830.4.62.6,Longines,Longines Conquest Automatic Brown Dial Stainless Steel Men's Watch L3.830.4.62.6
1431,1433,LONG-WWNL3.812.4.63.2,exact,LONG-WWNL3.812.4.63.2,Longines,Longines Spirit Zulu Time Grey Dial Leather Strap Men's Watch L3.812.4.63.2
1432,1434,LONG-WWNL3.811.4.93.0,exact,LONG-WWNL3.811.4.93.0,Longines,Longines Spirit Automatic 42mm Blue Dial Leather Strap Men's Watch L3.811.4.93.0
1433,1435,LONG-WWNL3.781.4.96.6,exact,LONG-WWNL3.781.4.96.6,Longines,Longines HydroConquest Automatic 41mm Blue Dial Stainless Steel Men's Watch L3.781.4.96.6
1434,1436,LONG-WWNL3.410.4.93.0,exact,LONG-WWNL3.410.4.93.0,Longines,Longines Spirit Automatic Blue Dial Leather Strap Men's Watch L3.410.4.93.0
1435,1437,LONG-WWNL3.810.4.03.2,exact,LONG-WWNL3.810.4.03.2,Longines,Longines Spirit Automatic Green Dial Leather Strap Men's Watch L3.810.4.03.2
1436,1438,LONG-WWNL3.410.4.63.2,exact,LONG-WWNL3.410.4.63.2,Longines,Longines Spirit Automatic Champagne Dial Leather Strap Men's Watch L3.410.4.63.2
1437,1439,LONG-WWNL2.816.4.53.2,exact,LONG-WWNL2.816.4.53.2,Longines,Longines Heritage Avigation Big Eye Chronograph Black Dial Leather Strap Men's Watch L2.816.4.53.2
1438,1440,LONG-WWNL4.274.0.87.6,exact,LONG-WWNL4.274.0.87.6,Longines,Longines Flagship Automatic Mother of Pearl Diamond  Women's Watch L4.274.0.87.6
1439,1441,LONG-WWNL2.828.4.53.2,exact,LONG-WWNL2.828.4.53.2,Longines,Longines Heritage Classic Black Dial Leather Strap Men's Watch L2.828.4.53.2
1440,1442,LONG-WWNL3.374.4.40.2,exact,LONG-WWNL3.374.4.40.2,Longines,Longines Legend Diver Automatic Burgundy Dial Fabric Strap Unisex Watch L3.374.4.40.2
1441,1443,LONG-W1380,exact,LONG-W1380,Longines,Longines Symphonette MOP Diamond Dial Women's Watch L2.305.4.87.0
1442,1444,LONG-W1325,exact,LONG-W1325,Longines,LONGINES DolceVita Quartz SS 20MM Blue Dial Women's Watch L5.255.4
1443,1445,LONG-W1521,exact,LONG-W1521,Longines,LONGINES HydroConquest AUTO 43MM Gray Dial Rubber Men's Watch L3.7
1444,1446,LONG-W1541,exact,LONG-W1541,Longines,LONGINES HydroConquest Quartz 41MM Black Dial SS Men's Watch L3.74
1445,1447,LONG-W1327,exact,LONG-W1327,Longines,LONGINES Lyre Automatic 38.5MM Champagne Dial Men's Watch L4.960.2
1446,1448,LONG-W1545,exact,LONG-W1545,Longines,LONGINES Flagship Automatic 36MM Unisex Watch L4.774.4.57.6
1447,1449,LONG-W1309,exact,LONG-W1309,Longines,LONGINES Flagship Automatic SS 38.5MM Black Dial Men's Watch L4.97
1448,1450,LONG-WWNL2.821.4.96.4,exact,LONG-WWNL2.821.4.96.4,Longines,Longines Record Blue Dial Blue Leather Strap Men's Watch L2.821.4.96.4
1449,1451,LONG-WWNL2.820.4.96.6,exact,LONG-WWNL2.820.4.96.6,Longines,Longines Record Chronometer Automatic Blue Dial Stainless Steel Men's Watch L2.820.4.96.6
1450,1452,BREI-AB01342B1CBA1,exact,BREI-AB01342B1CBA1,Breitling,SS CHRMT B01 NFL TEXANS 42-DK BLUE IX-SLV SUBS-RLX BRC
1451,1453,BREI-AB01342B1K2A1,exact,BREI-AB01342B1K2A1,Breitling,SS CHRMT B01 NFL RAVENS 42-PURP IX-SLV SUBS-RLX BRC
1452,1454,BREI-AB01342B1K3A1,exact,BREI-AB01342B1K3A1,Breitling,SS CHRMT B01 NFL COMMAND 42-BURG IX-SLV SUBS-RLX BRC
1453,1455,BREI-AB01342B1K6A1,exact,BREI-AB01342B1K6A1,Breitling,SS CHRMT B01 NFL CARDINALS 42-RED IX-SLV SUBS-RLX BRC
1454,1456,BREI-AB01342B1O2A1,exact,BREI-AB01342B1O2A1,Breitling,SS CHRMT B01 NFL BRONCOS 42-ORG IX-SLV SUBS-RLX BRC
1455,1457,IWC-IW3950-01,exact,IWC-IW3950-01,IWC,Pilots Watches — SS PILOT TIMEZONER CHR46-BLK-STRAP
1456,1458,IWC-IW3297-01,exact,IWC-IW3297-01,IWC,Pilots Watches — TI BP SPITFIRE43-BLK DIAL-STRAP
1457,1459,IWC-IW3795-05,exact,IWC-IW3795-05,IWC,Aquatimer — BLKrubSS AQ CHR LA CUMBRE 44-BLK IX-STRAP
1458,1460,IWC-IW3914-05,exact,IWC-IW3914-05,IWC,Portofino — SS PORTOF CHR 39-GRN IX-STRAP
1459,1461,IWC-IW3780-01,exact,IWC-IW3780-01,IWC,Pilots Watches — SS PILOTS CHR 43-BLK IXNUM-STRAP
1460,1462,IWC-IW3879-02,exact,IWC-IW3879-02,IWC,Pilots Watches — BRZ PILOT CHR SPTFIRE 41-GRN NUM-STRAP
1461,1463,IWC-IW3583-05,exact,IWC-IW3583-05,IWC,Portugieser — SS PORTUG 40-BLUE NUM-STRAP
1462,1464,IWC-IW3910-23,exact,IWC-IW3910-23,IWC,Portofino — SS PORTOF CHR 150YRS 42-BLUE IXROM-STRAP
1463,1465,IWC-IW5001-09,exact,IWC-IW5001-09,IWC,Portugieser — SS PORTUG 7DAY-BLK NUM-STRAP
1464,1466,IWC-IW5001-14,exact,IWC-IW5001-14,IWC,Portugieser — SS PORTUG 7 DAY 42.3-SLV NUM-STRAP
1465,1467,IWC-IW3878-06,exact,IWC-IW3878-06,IWC,Pilots Watches — SS PILOTS ST EXUP43-BRW NUM-SLV SUB-STRAP
1466,1468,IWC-IW5004-01,exact,IWC-IW5004-01,IWC,Pilots Watches — SS BIG PILOT 46-BLK IXNUM-STRAP
1467,1469,IWC-IW3907-01,exact,IWC-IW3907-01,IWC,Portugieser — SS PORTG YC CHR 44.6-BLUE NUM-BRC
1468,1470,IWC-IW3778-05,exact,IWC-IW3778-05,IWC,Pilots Watches — SS PILOTS DBL CHR PS ED46-GRY NUM-STRAP
1469,1471,IWC-IW3777-26,exact,IWC-IW3777-26,IWC,Pilots Watches — SS PILOTS CHRONO43-GRN-TB
1470,1472,LONG-W1300,exact,LONG-W1300,Longines,LONGINES Lyre Automatic SS 35MM Blue Dial Unisex Watch L4.860.4.92
1471,1473,LONG-WW647,exact,LONG-WW647,Longines,LONGINES Lyre Automatic SS 35MM Blue Dial Unisex Watch L4.860.4.92
1472,1474,LONG-W1434,exact,LONG-W1434,Longines,LONGINES Flagship Automatic 30MM Women's Watch L4.374.4.92.6 / L43
1473,1475,LONG-W1435,exact,LONG-W1435,Longines,LONGINES Flagship Automatic Diamond 30MM Women's Watch L4.374.4.27
1474,1476,LONG-W1461,exact,LONG-W1461,Longines,LONGINES Conquest Classic 36MM Black Dial Women's Watch L2.387.0.5
1475,1477,LONG-WW557,exact,LONG-WW557,Longines,Longines Conquest Collection V.h.p. 43MM Men's Watch
1476,1478,LONG-WW756,exact,LONG-WW756,Longines,Longines Presence 38.5mm White Dial Leather Men's Watch
1477,1479,LONG-W1365,exact,LONG-W1365,Longines,LONGINES DolceVita Automatic 27.7X 43.8 MM Black Leather Men's Wat
1478,1480,LONG-W1497,exact,LONG-W1497,Longines,LONGINES Record 38.5MM AUTO SS Blue Dial Men's Watch L28204966 / L
1479,1481,LONG-W1478,exact,LONG-W1478,Longines,LONGINES Record 38.5MM AUTO SS Blue Dial Men's Watch L28204966 / L
1480,1482,LONG-W1335,exact,LONG-W1335,Longines,LONGINES Evidenza Automatic 26MM Grey Dial Leather Women's Watch L
1481,1483,LONG-W1264,exact,LONG-W1264,Longines,LONGINES Elegant Collection Automatic 41MM White Dial Leather Men'
1482,1484,LONG-W1495,exact,LONG-W1495,Longines,LONGINES La Grande Automatic SS 37MM Blue Dial Men's Watch L4.810.
1483,1485,LONG-W1396,exact,LONG-W1396,Longines,LONGINES Heritage Classic Automatic 38.5MM Tuxedo Men's Watch L2.3
1484,1486,LONG-W1348,exact,LONG-W1348,Longines,LONGINES Symphonette Quartz 21MM MOP Dial 18K Rose Gold Women's Wa
1485,1487,LONG-W1426,exact,LONG-W1426,Longines,LONGINES Symphonette Quartz MOP 18K Rose Gold Women's Watch L2.306
1486,1488,LONG-W1395,exact,LONG-W1395,Longines,LONGINES Elegant Collection 13 Diamond 34.5MM Silver Unisex Watch
1487,1489,LONG-W1266,exact,LONG-W1266,Longines,LONGINES Evidenza Automatic 30MM Red Dial Leather Women's Watch L2
1488,1490,LONG-W1265,exact,LONG-W1265,Longines,LONGINES Evidenza Automatic 30MM Green Dial Leather Women's Watch
1489,1491,LONG-W1425,exact,LONG-W1425,Longines,LONGINES Record Automatic 26MM 12 Diamond Leather Women's Watch L2
1490,1492,LONG-W1270,exact,LONG-W1270,Longines,LONGINES Presence Automatic SS 38MM White Dial Men's Watch L4.904.
1491,1493,IWC-IW5001-07,exact,IWC-IW5001-07,IWC,Portugieser — SS PORTUG 7DAY 42.3MM-SLV -STRAP
1492,1494,IWC-IW3910-31,exact,IWC-IW3910-31,IWC,Portofino — SS PORTOF CHRONO42-SILV-STRAP
1493,1495,IWC-IW3574-08,exact,IWC-IW3574-08,IWC,Portofino — SS PORTOF 34-SLV PLAT IXROMDIA-STRAP
1494,1496,IWC-IW3583-10,exact,IWC-IW3583-10,IWC,Portugieser — SS PORTUG 40-GRN NUM-STRAP
1495,1497,IWC-IW3583-13,exact,IWC-IW3583-13,IWC,Portugieser — SS PORTUG AUTO 40-SALM NUM-STRAP
1496,1498,IWC-IW3881-20,exact,IWC-IW3881-20,IWC,Pilots Watches — SS PILOT CHR LPP 31-BLUE NUM-STRAP
1497,1499,CART-WR000251,exact,CART-WR000251,Cartier,Ronde — WG RONDE29-SLV ROM-DIAM BEZ-STRAP
1498,1500,CART-W4BB0015,exact,CART-W4BB0015,Cartier,Ballon Bleu — SS B.BLEU 28-SLV ROM-DIA BEZ-BRC
1499,1501,CART-W1011258,exact,CART-W1011258,Cartier,Tank — SS TANK BASC36X24-SLV-STRAP
1500,1502,CART-W2PA0009,exact,CART-W2PA0009,Cartier,Pasha — SYG PASHA 41-SLV-BRC
1501,1503,CART-W2SA0017,exact,CART-W2SA0017,Cartier,Santos — SRG SANTOS DUMONT 46X33-SLV ROM-RG BEZ-STRAP
1502,1504,CART-W5310028,exact,CART-W5310028,Cartier,Tank — YG TANK ANG 30X22-SLV ROM-STRAP
1503,1505,CART-W6800251,exact,CART-W6800251,Cartier,Ronde — RG RONDE LC 36-SLV ROM-STRAP
1504,1506,CART-WGCL0013,exact,CART-WGCL0013,Cartier,Cle De Cartier — RG CLE 35-SLV ROM-STRAP
1505,1507,CART-WJBB0019,exact,CART-WJBB0019,Cartier,Ballon Bleu — RG B.BLEU 28-SLV DIAROM-STRAP
1506,1508,LONG-W1526,exact,LONG-W1526,Longines,LONGINES HydroConquest 41MM AUTO Green Rubber Strap Men's Watch L3
1507,1509,LONG-W1502,exact,LONG-W1502,Longines,LONGINES Elegant AUTO 37MM Blue Dial Leather Men's Watch L4.810.4.
1508,1510,LONG-W1377,exact,LONG-W1377,Longines,LONGINES Record Automatic 40MM Silver Dial Brown Leather Men's Wat
1509,1511,LONG-W1358,exact,LONG-W1358,Longines,LONGINES HydroConquest Automatic SS 39MM Black Dial Men's Watch L3
1510,1512,LONG-W1532,exact,LONG-W1532,Longines,LONGINES Conquest Automatic SS 43MM Black Dial Men's Watch L3.782.
1511,1513,LONG-W1455,exact,LONG-W1455,Longines,LONGINES Silver Arrow Automatic 38.5MM Leather Men's Watch L2.834.
1512,1514,LONG-W1363,exact,LONG-W1363,Longines,LONGINES Record Automatic SS 38.5MM Black Diamond Dial Men's Watch
1513,1515,LONG-W1322,exact,LONG-W1322,Longines,LONGINES HydroConquest Quartz 32MM MOP 11 Diamond Dial Women's Wat
1514,1516,LONG-W1334,exact,LONG-W1334,Longines,LONGINES Evidenza Automatic 26MM Blue Dial Leather Women's Watch L
1515,1517,LONG-W1326,exact,LONG-W1326,Longines,LONGINES PrimaLuna Automatic 26.5MM Blue MOP Diamond Dial Women's
1516,1518,CART-83784647,exact,CART-83784647,Cartier,Panthere — YG PANTH VEND 24-SLV ROM-BRC
1517,1519,CART-W2020067,exact,CART-W2020067,Cartier,Santos — RG SANTOS-DUMONT38-SLV-DB
1518,1520,CART-WB520008,exact,CART-WB520008,Cartier,Baignoire — WG BAIG 31X24-SLV ROM-DIA BEZ-STRAP
1519,1521,CART-WB7019K2,exact,CART-WB7019K2,Cartier,Tank — YG TANK AMERIC 22X41-SLV ROM-DIA BEZ-BRC
1520,1522,CART-WB7044L1,exact,CART-WB7044L1,Cartier,Tank — WG TANK AMER 24X19-SLV ROM-DIA BEZ-BRC
1521,1523,CART-WF8001B9,exact,CART-WF8001B9,Cartier,Cougar — YG COUGAR 26-SLV ROM-DIA BEZ-BRC
1522,1524,CART-WG40033J,exact,CART-WG40033J,Cartier,Ballerine — WG BALLARINE23X14-SLV-DIA BEZ-BRC
1523,1525,CART-WG600010,exact,CART-WG600010,Cartier,Captive — YG CAPTIVE35-SLV
1524,1526,CART-WG600010-v2,exact,CART-WG600010-v2,Cartier,Captive — YG CAPTIVE35-SLV
1525,1527,CART-WA50703I,exact,CART-WA50703I,Cartier,Tortue — RG TORTUE28X34-SLV ROM-DIA BEZ-BRC
1526,1528,CART-W2601356,exact,CART-W2601356,Cartier,Tank — WG TANK AMER 37X27-SLV ROM-STRAP
1527,1529,CART-WA301356,exact,CART-WA301356,Cartier,Tank — WG TANK DIVAN 39X30-SLV ROM-DIA BEZ-STRAP
1528,1530,CART-W15364W3,exact,CART-W15364W3,Cartier,Tank — WG TANK ALLONGEE 21X14-SLV-BRC
1529,1531,CART-WJ11932G,exact,CART-WJ11932G,Cartier,Pasha — WG PASHA32-SLV-DB
1530,1532,CART-WR000651,exact,CART-WR000651,Cartier,Ronde — RG RONDE 36-SLV ROM-DIA BEZ-STRAP
1531,1533,CART-WR000651-v2,exact,CART-WR000651-v2,Cartier,Ronde — RG RONDE 36-SLV ROM-DIA BEZ-STRAP
1532,1534,CART-81750353,exact,CART-81750353,Cartier,Pasha — YG PASHA 38-SLV IXROM-STRAP
1533,1535,CART-WE5002X2,exact,CART-WE5002X2,Cartier,Roadster — WG ROAD 36X30-SILV ROM-DIA BEZ-BRC
1534,1536,CART-WR000351,exact,CART-WR000351,Cartier,Ronde — RG RONDE 29-SLV ROM-DIA BEZ-STRAP
1535,1537,CART-WE902030,exact,CART-WE902030,Cartier,Ballon Bleu — SRG B.BLEU 28-SLV DI-BRC
1536,1538,CART-WSSA0017,exact,CART-WSSA0017,Cartier,Santos — SADLC SANTOS CHR43.3-SLV-STRAP
1537,1539,CART-W1556361,exact,CART-W1556361,Cartier,Tortue — WG TORTUE SM 30X24-SLV ROM-STRAP
1538,1540,CART-WR000151,exact,CART-WR000151,Cartier,Ronde — YG RONDE LOUIS 29-SLV ROM-DIA BEZ-STRAP
1539,1541,CART-W1537238,exact,CART-W1537238,Cartier,Lanieres — RG LANIERES 16X21-SLV IXROM-STRAP
1540,1542,CART-W6920003,exact,CART-W6920003,Cartier,Ballon Bleu — SS BB CHR 42-SLV ROM-STRAP
1541,1543,CART-WA503851,exact,CART-WA503851,Cartier,Tortue — WG TORTUE LM34.5-SILV ROM-DIA BEZL  LUGS
1542,1544,CART-WA503851-v2,exact,CART-WA503851-v2,Cartier,Tortue — WG TORTUE LM34.5-SILV ROM-DIA BEZL  LUGS
1543,1545,CART-WA503851-v3,exact,CART-WA503851-v3,Cartier,Tortue — WG TORTUE LM34.5-SILV ROM-DIA BEZL  LUGS
1544,1546,CART-WE900151,exact,CART-WE900151,Cartier,Ballon Bleu — YG B.BLEU 28-SLV ROM-DIA BEZ-STRAP
1545,1547,CART-WE900251,exact,CART-WE900251,Cartier,Ballon Bleu — RG B.BLEU 29-SLV ROM-DIA BEZ-STRAP
1546,1548,CART-WE900251-v2,exact,CART-WE900251-v2,Cartier,Ballon Bleu — RG B.BLEU 29-SLV ROM-DIA BEZ-STRAP
1547,1549,CART-WA301571,exact,CART-WA301571,Cartier,Tank — WG TANK DIVAN31X20-SLV
1548,1550,CART-WE900651,exact,CART-WE900651,Cartier,Ballon Bleu — WG BB 36-SLV ROM-DIA BEZ-STRAP
1549,1551,CART-WE900651-v2,exact,CART-WE900651-v2,Cartier,Ballon Bleu — WG BB 36-SLV ROM-DIA BEZ-STRAP
1550,1552,CART-WG800014,exact,CART-WG800014,Cartier,Delices — WG DELICES 36-SLV ROM-DIA BEZ-STRAP
1551,1553,CART-W6920089,exact,CART-W6920089,Cartier,Ballon Bleu — RG B.BLEU 40-GREY ROM-STRAP
1552,1554,CART-W6920089-v2,exact,CART-W6920089-v2,Cartier,Ballon Bleu — RG B.BLEU 40-GREY ROM-STRAP
1553,1555,CART-WE902063,exact,CART-WE902063,Cartier,Ballon Bleu — RG B.BLEU 33-SLV DIA-STRAP
1554,1556,CART-WB706131,exact,CART-WB706131,Cartier,Tank — WG TANK AMERI19X35-PAV SAP-DB
1555,1557,CART-WA601051,exact,CART-WA601051,Cartier,Navette — YG NAVETTE 31X25-SLV ROM-DIA BEZ-STRAP
