index,sku,filename,brand,model,distributor,defect,source_path
1,WW101,WW101.png,IWC,Iwc 18K Portuguese Perpetual Calendar Automatic Leather Men's,WatchWarehouse,"canvas,caseW-high,bboxH-high; PASS_CONTENT from legacy catalog black-background review; human full-resolution review: strong perspective with curled strap and visible underside",/Users/averyandon/Documents/Codex/2026-09-03/i-need-you-to-edit-and/work/gembreak-images/watches-only/WW101.png
2,WW68,WW68.png,Omega,Omega Speedmaster Moonwatch Professional 42MM Green Leather Men's,WatchWarehouse,"canvas,caseW-high,bboxH-high; PASS_CONTENT from legacy catalog black-background review; human full-resolution review: strong perspective with curled strap",/Users/averyandon/Documents/Codex/2026-09-03/i-need-you-to-edit-and/work/gembreak-images/watches-only/WW68.png
3,W12,W12.png,Breitling,BREITLING Navitimer B19 Chronograph Perpetual Calendar 43MM Blue D,WatchWarehouse,"canvas,caseW-high; PASS_CONTENT from legacy catalog black-background review; human full-resolution review: strong perspective with visible strap underside",/Users/averyandon/Documents/Codex/2026-09-03/i-need-you-to-edit-and/work/gembreak-images/watches-only/W12.png
4,WW967,WW967.png,Cartier,Cartier Rotonde 42MM 18K Rose Gold Alligator Strp Men's Watch,WatchWarehouse,"canvas,caseW-high; PASS_CONTENT from legacy catalog black-background review; human full-resolution review: strong perspective with curled strap",/Users/averyandon/Documents/Codex/2026-09-03/i-need-you-to-edit-and/work/gembreak-images/watches-only/WW967.png
5,WW965,WW965.png,Piaget,Piaget Dancer 18K White Gold 31MM Quartz Men's Watch G0a03331,WatchWarehouse,"canvas,caseW-high,bboxH-high; PASS_CONTENT from legacy catalog black-background review; human full-resolution review: strong perspective with looped bracelet",/Users/averyandon/Documents/Codex/2026-09-03/i-need-you-to-edit-and/work/gembreak-images/watches-only/WW965.png
6,WW972,WW972.png,Cartier,Cartier Ballon Bleu Lg 42MM 18K Rosegold Brn Lthr Men's Watch,WatchWarehouse,"canvas,caseW-high,bboxH-high; PASS_CONTENT from legacy catalog black-background review; human full-resolution review: strong perspective with curled strap",/Users/averyandon/Documents/Codex/2026-09-03/i-need-you-to-edit-and/work/gembreak-images/watches-only/WW972.png
7,WW65,WW65.png,Omega,Omega Speedmaster Moonwatch Professional 42MM Sedna Gold Two-tone,WatchWarehouse,"canvas,caseW-high,bboxH-high; PASS_CONTENT from legacy catalog black-background review; human full-resolution review: possible severe bracelet distortion",/Users/averyandon/Documents/Codex/2026-09-03/i-need-you-to-edit-and/work/gembreak-images/watches-only/WW65.png
8,WW66,WW66.png,Omega,Omega Speedmaster Moonwatch Professional 42MM Silver Dial,WatchWarehouse,"canvas,caseW-high,bboxH-high; PASS_CONTENT from legacy catalog black-background review; human full-resolution review: possible severe bracelet distortion",/Users/averyandon/Documents/Codex/2026-09-03/i-need-you-to-edit-and/work/gembreak-images/watches-only/WW66.png
9,WW721,WW721.png,Omega,Omega De Ville Prestige 36.8mm Auto Ss Men's Watch,WatchWarehouse,"canvas,caseW-high,case-centre-y; PASS_CONTENT from legacy catalog black-background review; human full-resolution review: head-only presentation with bracelet or strap missing",/Users/averyandon/Documents/Codex/2026-09-03/i-need-you-to-edit-and/work/gembreak-images/watches-only/WW721.png
10,WW195,WW195.png,Breitling,Breitling Navitimer Automatic Gmt 41MM Green Dial 18K Rose Gold,WatchWarehouse,"canvas,caseW-high,bboxH-high; PASS_CONTENT from legacy catalog black-background review; human full-resolution review: strong perspective with visible strap underside",/Users/averyandon/Documents/Codex/2026-09-03/i-need-you-to-edit-and/work/gembreak-images/watches-only/WW195.png
11,WL14,WL14.png,IWC,IWC Big Pilot 46MM Automatic Black Dial Leather Men's Watch IW5004,WatchWarehouse,"canvas,caseW-high; PASS_CONTENT from legacy catalog black-background review; human full-resolution review: strong perspective with curled strap",/Users/averyandon/Documents/Codex/2026-09-03/i-need-you-to-edit-and/work/gembreak-images/watches-only/WL14.png
12,WW715,WW715.png,Omega,Omega Seamaster Diver 300 Co-axial 42MM 18K Ss Men's Watch,WatchWarehouse,"canvas,caseW-high,bboxH-high; PASS_CONTENT from legacy catalog black-background review; human full-resolution review: strong perspective with looped bracelet",/Users/averyandon/Documents/Codex/2026-09-03/i-need-you-to-edit-and/work/gembreak-images/watches-only/WW715.png
13,WW69,WW69.png,Omega,Omega Seamaster Diver 300M 18K Rose Gold 42MM Green Titanium,WatchWarehouse,"canvas,caseW-high,bboxH-high; PASS_CONTENT from legacy catalog black-background review; human full-resolution review: strong perspective with curled strap",/Users/averyandon/Documents/Codex/2026-09-03/i-need-you-to-edit-and/work/gembreak-images/watches-only/WW69.png
14,WW720,WW720.png,Omega,Omega Seamaster Diver 300M Co-axial Master 42MM Ss Men's Watch,WatchWarehouse,"canvas,caseW-high,bboxH-high; PASS_CONTENT from legacy catalog black-background review; human full-resolution review: strong perspective with looped bracelet",/Users/averyandon/Documents/Codex/2026-09-03/i-need-you-to-edit-and/work/gembreak-images/watches-only/WW720.png
15,WW719,WW719.png,Omega,Omega Seamaster Diver 300M James Bond 007 Edition 42MM Titanium,WatchWarehouse,"canvas,caseW-high,bboxH-high; PASS_CONTENT from legacy catalog black-background review; human full-resolution review: angled presentation with looped mesh bracelet",/Users/averyandon/Documents/Codex/2026-09-03/i-need-you-to-edit-and/work/gembreak-images/watches-only/WW719.png
16,WW595,WW595.png,Breitling,Breitling Super Avi B04 Gmt 46 Mosquito Ss Leather Men's Watch,WatchWarehouse,"canvas,caseW-high,bboxH-high; PASS_CONTENT from legacy catalog black-background review; human full-resolution review: strap and case presentation appears damaged or heavily distorted",/Users/averyandon/Documents/Codex/2026-09-03/i-need-you-to-edit-and/work/gembreak-images/watches-only/WW595.png
17,WW67,WW67.png,Omega,Omega Speedmaster Moonwatch Professional 42MM Silver Dial Leather,WatchWarehouse,"canvas,caseW-high; PASS_CONTENT from legacy catalog black-background review; human full-resolution review: strong perspective with curled strap",/Users/averyandon/Documents/Codex/2026-09-03/i-need-you-to-edit-and/work/gembreak-images/watches-only/WW67.png
18,W1247,W1247.png,Omega,OMEGA Moonphase Co-Axial Master 44.25MM Leather Men's Watch 304.33,WatchWarehouse,"canvas,caseW-high,bboxH-high; PASS_CONTENT from legacy catalog black-background review; human full-resolution review: strong perspective with curled strap",/Users/averyandon/Documents/Codex/2026-09-03/i-need-you-to-edit-and/work/gembreak-images/watches-only/W1247.png
19,WW824,WW824.png,Omega,Omega Speedmaster Moonwatch Co-axial Chrono 42MM Ss Men's Watch,WatchWarehouse,"canvas,caseW-high,bboxH-high; PASS_CONTENT from legacy catalog black-background review; human full-resolution review: strong perspective with looped bracelet",/Users/averyandon/Documents/Codex/2026-09-03/i-need-you-to-edit-and/work/gembreak-images/watches-only/WW824.png
20,WW416,WW416.png,Breitling,Breitling Avenger B01 Chronograph 44MM Black Leather Men's Watch,WatchWarehouse,"canvas,caseW-high,bboxH-high; PASS_CONTENT from legacy catalog black-background review; human full-resolution review: strong perspective with curled strap and visible underside",/Users/averyandon/Documents/Codex/2026-09-03/i-need-you-to-edit-and/work/gembreak-images/watches-only/WW416.png
21,W118,W118.png,Breitling,BREITLING Super Chronomat 38MM Green Rubber Men's Watch U17356531L,WatchWarehouse,"canvas,caseW-high,bboxH-high; PASS_CONTENT from legacy catalog black-background review; human full-resolution review: strong perspective with curled strap",/Users/averyandon/Documents/Codex/2026-09-03/i-need-you-to-edit-and/work/gembreak-images/watches-only/W118.png
22,W111,W111.png,Breitling,BREITLING Chronomat Quartz 32MM Blue MOP Diamond Bezel Women's Wat,WatchWarehouse,"canvas,caseW-high,bboxH-high; PASS_CONTENT from legacy catalog black-background review; human full-resolution review: strong perspective with looped bracelet",/Users/averyandon/Documents/Codex/2026-09-03/i-need-you-to-edit-and/work/gembreak-images/watches-only/W111.png
23,W1102,W1102.png,Breitling,BREITLING Chronomat B01 Triumph 42MM Leather Men's Watch TB0134101,WatchWarehouse,"canvas,caseW-high,bboxH-high; PASS_CONTENT from legacy catalog black-background review; human full-resolution review: visible strap holes and curled strap underside",/Users/averyandon/Documents/Codex/2026-09-03/i-need-you-to-edit-and/work/gembreak-images/watches-only/W1102.png
24,WL7,WL7.png,Panerai,PANERAI Luminor Quaranta BiTempo Automatic 40MM Green Dial SS Men',WatchWarehouse,"canvas,caseW-high,bboxH-high; PASS_CONTENT from legacy catalog black-background review; human full-resolution review: strong perspective with looped bracelet",/Users/averyandon/Documents/Codex/2026-09-03/i-need-you-to-edit-and/work/gembreak-images/watches-only/WL7.png
25,W1240,W1240.png,Omega,OMEGA Seamaster James Bond 007 Edition 42MM Titanium Men's Watch 2,WatchWarehouse,"canvas,caseW-high,bboxH-high; PASS_CONTENT from legacy catalog black-background review; human full-resolution review: exposed NATO keeper hardware",/Users/averyandon/Documents/Codex/2026-09-03/i-need-you-to-edit-and/work/gembreak-images/watches-only/W1240.png
26,W1223,W1223.png,Breitling,BREITLING Super Chronomat B01 SS 44MM Black Dial Men's Watch AB013,WatchWarehouse,"canvas,caseW-high,bboxH-high; PASS_CONTENT from legacy catalog black-background review; human full-resolution review: possible extra or malformed secondary watch component",/Users/averyandon/Documents/Codex/2026-09-03/i-need-you-to-edit-and/work/gembreak-images/watches-only/W1223.png
27,WW231,WW231.png,Breitling,Breitling Avenger B01 Night Mission Chronograph 42MM Leather,WatchWarehouse,"canvas,caseW-high,bboxH-high; PASS_CONTENT from legacy catalog black-background review; human full-resolution review: strong perspective with curled strap",/Users/averyandon/Documents/Codex/2026-09-03/i-need-you-to-edit-and/work/gembreak-images/watches-only/WW231.png
28,WW404,WW404.png,Breitling,Breitling Super Avenger B01 Chronograph 46MM Blue Dial Leather,WatchWarehouse,"canvas,caseW-high,bboxH-high; PASS_CONTENT from legacy catalog black-background review; human full-resolution review: strong perspective with curled strap",/Users/averyandon/Documents/Codex/2026-09-03/i-need-you-to-edit-and/work/gembreak-images/watches-only/WW404.png
29,W1252,W1252.png,Omega,OMEGA Constellation 18k Yellow Gold 29MM Women's Watch 131.20.29.2,WatchWarehouse,"canvas,caseW-high,bboxH-high; PASS_CONTENT from legacy catalog black-background review; human full-resolution review: strong perspective with looped bracelet",/Users/averyandon/Documents/Codex/2026-09-03/i-need-you-to-edit-and/work/gembreak-images/watches-only/W1252.png
30,WW278,WW278.png,Tag Heuer,Tag Heuer Carrera Chronograph Extreme Sport 44MM Titanium Blue,WatchWarehouse,"canvas,caseW-high,bboxH-high; PASS_CONTENT from legacy catalog black-background review; human full-resolution review: strong perspective with curled strap",/Users/averyandon/Documents/Codex/2026-09-03/i-need-you-to-edit-and/work/gembreak-images/watches-only/WW278.png
31,WWN215.92.46.21.01.001,WWN215.92.46.21.01.001.png,Omega,Omega Seamaster Planet Ocean 6000M Co-Axial Master Chronometer 45.5 mm Automatic Black Dial Fabric Strap Men's Watch 215.92.46.21.01.001,WatchWarehouse,caseW-high; PASS_CONTENT from 544-watch individual black-background review; human full-resolution review: exposed NATO keeper hardware,/Users/averyandon/Documents/Codex/2026-09-03/i-need-you-to-edit-and/work/gembreak-images/watches-only/WWN215.92.46.21.01.001.png
32,W1131,W1131.png,Breitling,BREITLING Navitimer B01 Automatic Chronograph 41MM Silver Dial Men,WatchWarehouse,"canvas,caseW-high,bboxH-low,case-centre-y; PASS_CONTENT from legacy catalog black-background review; human full-resolution review: head-only presentation with bracelet or strap missing",/Users/averyandon/Documents/Codex/2026-09-03/i-need-you-to-edit-and/work/gembreak-images/watches-only/W1131.png
33,WW70,WW70.png,Omega,Omega Seamaster Planet Ocean 600M 42MM Black Dial Rubber Men's,WatchWarehouse,"canvas,caseW-high,bboxH-high; PASS_CONTENT from legacy catalog black-background review; human full-resolution review: strong perspective with curled strap",/Users/averyandon/Documents/Codex/2026-09-03/i-need-you-to-edit-and/work/gembreak-images/watches-only/WW70.png
34,W1199,W1199.png,Breitling,BREITLING Navitimer B01 CHRONO 43MM SS Silver Dial Men's Watch AB0,WatchWarehouse,"canvas,caseW-high,bboxH-high; PASS_CONTENT from legacy catalog black-background review; human full-resolution review: strong perspective with looped bracelet",/Users/averyandon/Documents/Codex/2026-09-03/i-need-you-to-edit-and/work/gembreak-images/watches-only/W1199.png
35,W1243,W1243.png,Omega,OMEGA De Ville Prestige AUTO SS 36.8MM Men's Watch 424.25.37.20.58,WatchWarehouse,"canvas,caseW-high,bboxH-high; PASS_CONTENT from legacy catalog black-background review; human full-resolution review: strong perspective with looped bracelet",/Users/averyandon/Documents/Codex/2026-09-03/i-need-you-to-edit-and/work/gembreak-images/watches-only/W1243.png
36,W136,W136.png,Breitling,BREITLING Super AVI B04 P-51 Mustang Chronograph 46MM Black Dial L,WatchWarehouse,"canvas,caseW-high,bboxH-high; PASS_CONTENT from legacy catalog black-background review; human full-resolution review: strong perspective with curled strap and visible underside",/Users/averyandon/Documents/Codex/2026-09-03/i-need-you-to-edit-and/work/gembreak-images/watches-only/W136.png
37,W1206,W1206.png,Breitling,BREITLING Chronomat B01 AUTO 42MM SS Grey Dial Men's Watch EB01341,WatchWarehouse,"canvas,caseW-high,bboxH-high; PASS_CONTENT from legacy catalog black-background review; human full-resolution review: strong perspective with looped bracelet",/Users/averyandon/Documents/Codex/2026-09-03/i-need-you-to-edit-and/work/gembreak-images/watches-only/W1206.png
38,WW374,WW374.png,Omega,Omega De Ville Hour Vision Automatic Ss 41MM Brown Dial Men's,WatchWarehouse,"canvas,caseW-high,bboxH-high; PASS_CONTENT from legacy catalog black-background review; human full-resolution review: strong perspective with looped bracelet",/Users/averyandon/Documents/Codex/2026-09-03/i-need-you-to-edit-and/work/gembreak-images/watches-only/WW374.png
39,WL1,WL1.png,Cartier,CARTIER Ballon Bleu de Cartier AUTO 40MM SS Silver Dial Men's Watc,WatchWarehouse,"canvas,caseW-high,bboxH-high; PASS_CONTENT from legacy catalog black-background review; human full-resolution review: strong perspective with looped bracelet",/Users/averyandon/Documents/Codex/2026-09-03/i-need-you-to-edit-and/work/gembreak-images/watches-only/WL1.png
40,W159,W159.png,Breitling,BREITLING Top Time B01 Racing Automatic 38MM Black Dial Leather Me,WatchWarehouse,caseW-low; PASS_CONTENT from legacy catalog black-background review; human full-resolution review: visible strap holes and exposed keeper hardware,/Users/averyandon/Documents/Codex/2026-09-03/i-need-you-to-edit-and/work/gembreak-images/watches-only/W159.png
41,W128,W128.png,Breitling,BREITLING Lady Premier Automatic 36MM Green Dial Diamond Bezel Wom,WatchWarehouse,"canvas,caseW-high,bboxH-high; PASS_CONTENT from legacy catalog black-background review; human full-resolution review: strong perspective with curled strap and visible underside",/Users/averyandon/Documents/Codex/2026-09-03/i-need-you-to-edit-and/work/gembreak-images/watches-only/W128.png
42,WWNTB0134101M1X1,WWNTB0134101M1X1.png,Breitling,Breitling Chronomat B01 42 Triumph Limited Edition Chronograph Grey Dial Leather Strap Men's Watch TB0134101M1X1,WatchWarehouse,caseW-high; PASS_CONTENT from 544-watch individual black-background review; human full-resolution review: visible strap holes,/Users/averyandon/Documents/Codex/2026-09-03/i-need-you-to-edit-and/work/gembreak-images/watches-only/WWNTB0134101M1X1.png
43,WL11,WL11.png,Panerai,PANERAI Luminor Due 3 Days 45MM Automatic Men's Watch PAM00674,WatchWarehouse,"canvas,caseW-high; PASS_CONTENT from legacy catalog black-background review; human full-resolution review: strong perspective with curled strap",/Users/averyandon/Documents/Codex/2026-09-03/i-need-you-to-edit-and/work/gembreak-images/watches-only/WL11.png
44,W1204,W1204.png,Breitling,BREITLING Super Avi B04 GMT CHRONO 46 Mosquito Night Fighter Men's,WatchWarehouse,"canvas,caseW-high,bboxH-high; PASS_CONTENT from legacy catalog black-background review; human full-resolution review: strong perspective with curled strap and visible underside",/Users/averyandon/Documents/Codex/2026-09-03/i-need-you-to-edit-and/work/gembreak-images/watches-only/W1204.png
45,W1178,W1178.png,Omega,OMEGA De Ville Prestige AUTO 32.7MM MOP Dial Leather Women's Watch,WatchWarehouse,"canvas,caseW-high,bboxH-high; PASS_CONTENT from legacy catalog black-background review; human full-resolution review: strong perspective with looped bracelet",/Users/averyandon/Documents/Codex/2026-09-03/i-need-you-to-edit-and/work/gembreak-images/watches-only/W1178.png
46,WW574,WW574.png,Omega,Omega Seamaster Aqua Terra Shades Automatic 38MM Men's Watch,WatchWarehouse,"canvas,caseW-high,bboxH-high; PASS_CONTENT from legacy catalog black-background review; human full-resolution review: strong perspective with looped bracelet",/Users/averyandon/Documents/Codex/2026-09-03/i-need-you-to-edit-and/work/gembreak-images/watches-only/WW574.png
47,W1180,W1180.png,Breitling,BREITLING Super Avi B04 CHRONO GMT 46 Mosquito SS Men's Watch YB04,WatchWarehouse,"canvas,caseW-high,bboxH-high; PASS_CONTENT from legacy catalog black-background review; human full-resolution review: strong perspective with curled strap",/Users/averyandon/Documents/Codex/2026-09-03/i-need-you-to-edit-and/work/gembreak-images/watches-only/W1180.png
48,WL8,WL8.png,Panerai,PANERAI Radiomir 3 Days Acciaio 47MM Special Edition Watch PAM0079,WatchWarehouse,"canvas,caseW-high,bboxH-high; PASS_CONTENT from legacy catalog black-background review; human full-resolution review: strong perspective with curled strap and visible underside",/Users/averyandon/Documents/Codex/2026-09-03/i-need-you-to-edit-and/work/gembreak-images/watches-only/WL8.png
49,W1203,W1203.png,Breitling,BREITLING Superocean AUTO 42MM Rubber Men's Watch U17375211B1S1,WatchWarehouse,"canvas,caseW-high,bboxH-low,case-centre-y; PASS_CONTENT from legacy catalog black-background review; human full-resolution review: head-only presentation with bracelet or strap substantially missing",/Users/averyandon/Documents/Codex/2026-09-03/i-need-you-to-edit-and/work/gembreak-images/watches-only/W1203.png
50,WL10,WL10.png,Panerai,PANERAI Radiomir 1940 47MM SS Limited Edition Brown LTHR Watch PAM,WatchWarehouse,"canvas,caseW-high,bboxH-high; PASS_CONTENT from legacy catalog black-background review; human full-resolution review: strong perspective with curled strap and visible underside",/Users/averyandon/Documents/Codex/2026-09-03/i-need-you-to-edit-and/work/gembreak-images/watches-only/WL10.png
51,W1163,W1163.png,Breitling,BREITLING Top Time B01 Ford Mustang Automatic 41MM Green Dial Men',WatchWarehouse,"canvas,caseW-high,bboxH-high; PASS_CONTENT from legacy catalog black-background review; human full-resolution review: strong perspective with looped mesh bracelet",/Users/averyandon/Documents/Codex/2026-09-03/i-need-you-to-edit-and/work/gembreak-images/watches-only/W1163.png
52,WW825,WW825.png,TAG Heuer,TAG HEUER Carrera Porsche Orange Racing AUTO 44MM Leather Men's Wa,WatchWarehouse,"canvas,caseW-high,bboxH-high; PASS_CONTENT from legacy catalog black-background review; human full-resolution review: strong perspective with curled strap",/Users/averyandon/Documents/Codex/2026-09-03/i-need-you-to-edit-and/work/gembreak-images/watches-only/WW825.png
53,W1164,W1164.png,Breitling,BREITLING Top Time B01 Chevrolet Corvette Automatic 41MM Red Dial,WatchWarehouse,"canvas,caseW-high,bboxH-high; PASS_CONTENT from legacy catalog black-background review; human full-resolution review: strong perspective with looped mesh bracelet",/Users/averyandon/Documents/Codex/2026-09-03/i-need-you-to-edit-and/work/gembreak-images/watches-only/W1164.png
54,W1150,W1150.png,TAG Heuer,TAG HEUER Monaco 39MM CHRONO AUTO Men's Watch CBL2113.FC6177,WatchWarehouse,"canvas,caseW-high,bboxH-high; PASS_CONTENT from legacy catalog black-background review; human full-resolution review: strong perspective with looped bracelet",/Users/averyandon/Documents/Codex/2026-09-03/i-need-you-to-edit-and/work/gembreak-images/watches-only/W1150.png
55,W1167,W1167.png,Breitling,BREITLING Premier B01 Automatic Chronograph 42MM Peach Dial Men's,WatchWarehouse,"canvas,caseW-high,bboxH-high; PASS_CONTENT from legacy catalog black-background review; human full-resolution review: strong perspective with curled strap and visible underside",/Users/averyandon/Documents/Codex/2026-09-03/i-need-you-to-edit-and/work/gembreak-images/watches-only/W1167.png
56,WW71,WW71.png,Omega,Omega Seamaster Diver 300M Automatic 42MM Black Dial Rubber Men's,WatchWarehouse,"canvas,caseW-high,bboxH-high; PASS_CONTENT from legacy catalog black-background review; human full-resolution review: strong perspective with curled rubber strap",/Users/averyandon/Documents/Codex/2026-09-03/i-need-you-to-edit-and/work/gembreak-images/watches-only/WW71.png
57,W1237,W1237.png,Omega,OMEGA Seamaster Aqua Terra 38MM SS Summer Blue Dial Men's Watch 22,WatchWarehouse,"canvas,caseW-high,bboxH-high; PASS_CONTENT from legacy catalog black-background review; human full-resolution review: strong perspective with looped bracelet",/Users/averyandon/Documents/Codex/2026-09-03/i-need-you-to-edit-and/work/gembreak-images/watches-only/W1237.png
58,W268,W268.png,TAG Heuer,TAG HEUER Carrera Chronograph SS 39MM Blue Dial Men's Watch CBS221,WatchWarehouse,"canvas,caseW-high,bboxH-high; PASS_CONTENT from legacy catalog black-background review; human full-resolution review: bracelet appears heavily distorted and angled",/Users/averyandon/Documents/Codex/2026-09-03/i-need-you-to-edit-and/work/gembreak-images/watches-only/W268.png
59,W1162,W1162.png,Breitling,BREITLING Top Time B01 Triumph Automatic 41MM Blue Dial Men's Watc,WatchWarehouse,"canvas,caseW-high,bboxH-high; PASS_CONTENT from legacy catalog black-background review; human full-resolution review: strong perspective with looped mesh bracelet",/Users/averyandon/Documents/Codex/2026-09-03/i-need-you-to-edit-and/work/gembreak-images/watches-only/W1162.png
60,WW917,WW917.png,Omega,Omega Seamaster Automatic Ss 42MM Black Dial Men's Watch,WatchWarehouse,"canvas,caseW-high,bboxH-high; PASS_CONTENT from legacy catalog black-background review; human full-resolution review: strong perspective with looped bracelet",/Users/averyandon/Documents/Codex/2026-09-03/i-need-you-to-edit-and/work/gembreak-images/watches-only/WW917.png
61,W10,W10.png,Breitling,BREITLING Top Time B01 Deus Automatic 41MM Black Dial Leather Men',WatchWarehouse,"canvas,caseW-high,bboxH-high; PASS_CONTENT from legacy catalog black-background review; human full-resolution review: visible strap holes and curled strap underside",/Users/averyandon/Documents/Codex/2026-09-03/i-need-you-to-edit-and/work/gembreak-images/watches-only/W10.png
62,W130,W130.png,Breitling,BREITLING Lady Premier Quartz 32MM Blue Dial Diamond Bezel Women's,WatchWarehouse,"canvas,caseW-high,bboxH-low,case-centre-y; FAIL_CONTENT: incomplete bracelet; lower bracelet is missing; human full-resolution review: incomplete product image; lower bracelet missing",/Users/averyandon/Documents/Codex/2026-09-03/i-need-you-to-edit-and/work/gembreak-images/watches-only/W130.png
63,WW814,WW814.png,Breitling,BREITLING Lady Premier Quartz 32MM Blue Dial Diamond Bezel Women's,WatchWarehouse,"canvas,caseW-high,bboxH-high; PASS_CONTENT from legacy catalog black-background review; human full-resolution review: strong perspective with looped bracelet",/Users/averyandon/Documents/Codex/2026-09-03/i-need-you-to-edit-and/work/gembreak-images/watches-only/WW814.png
64,WW408,WW408.png,Breitling,Breitling Avenger B01 Chronograph 42MM Green Dial Leather,WatchWarehouse,"canvas,caseW-high,bboxH-high; PASS_CONTENT from legacy catalog black-background review; human full-resolution review: strong perspective with curled strap and visible underside",/Users/averyandon/Documents/Codex/2026-09-03/i-need-you-to-edit-and/work/gembreak-images/watches-only/WW408.png
65,W1245,W1245.png,Breitling,Breitling Avenger B01 Chronograph 42MM Green Dial Leather,WatchWarehouse,"canvas,caseW-high,bboxH-high; PASS_CONTENT from legacy catalog black-background review; human full-resolution review: strong perspective with looped bracelet",/Users/averyandon/Documents/Codex/2026-09-03/i-need-you-to-edit-and/work/gembreak-images/watches-only/W1245.png
66,WW868,WW868.png,Breitling,BREITLING Chronomat SS 28MM Diamond Black MOP Dial Women's Watch A,WatchWarehouse,"canvas,caseW-high,bboxH-high; PASS_CONTENT from legacy catalog black-background review; human full-resolution review: strong perspective with looped bracelet",/Users/averyandon/Documents/Codex/2026-09-03/i-need-you-to-edit-and/work/gembreak-images/watches-only/WW868.png
67,W1218,W1218.png,Breitling,BREITLING Superocean Heritage CHRONO AUTO 44MM Men's Watch M133132,WatchWarehouse,"canvas,caseW-high,bboxH-high; PASS_CONTENT from legacy catalog black-background review; human full-resolution review: exposed NATO keeper hardware and curled strap",/Users/averyandon/Documents/Codex/2026-09-03/i-need-you-to-edit-and/work/gembreak-images/watches-only/W1218.png
68,WWN103897,WWN103897.png,Bulgari,Bulgari BVLGARI BVLGARI Quartz 26mm 18kt Yellow Gold Leather Strap Women's Watch 103897,WatchWarehouse,caseW-low; PASS_CONTENT from 544-watch individual black-background review; human full-resolution review: severely zoomed-out full-strap presentation,/Users/averyandon/Documents/Codex/2026-09-03/i-need-you-to-edit-and/work/gembreak-images/watches-only/WWN103897.png
69,W264,W264.png,TAG Heuer,TAG HEUER Formula 1 Chronograph x Oracle Red Bull Racing 44MM Blue,WatchWarehouse,"canvas,caseW-high,bboxH-high; PASS_CONTENT from legacy catalog black-background review; human full-resolution review: strong perspective with looped bracelet",/Users/averyandon/Documents/Codex/2026-09-03/i-need-you-to-edit-and/work/gembreak-images/watches-only/W264.png
70,W11,W11.png,Cartier,CARTIER Panthere de Cartier SLVR Dial Women's Bracelete Watch WSPN,WatchWarehouse,"canvas,caseW-high,bboxH-high; PASS_CONTENT from legacy catalog black-background review; human full-resolution review: visible strap holes",/Users/averyandon/Documents/Codex/2026-09-03/i-need-you-to-edit-and/work/gembreak-images/watches-only/W11.png
71,W116,W116.png,Breitling,BREITLING Premier B01 Chronograph SS 42MM Green Dial Men's Watch A,WatchWarehouse,"canvas,caseW-high,bboxH-high; PASS_CONTENT from legacy catalog black-background review; human full-resolution review: strong perspective with looped bracelet",/Users/averyandon/Documents/Codex/2026-09-03/i-need-you-to-edit-and/work/gembreak-images/watches-only/W116.png
72,WW447,WW447.png,Breitling,Breitling Avenger B01 Chronograph Automatic 44MM Tan Dial,WatchWarehouse,"canvas,caseW-high,bboxH-high; PASS_CONTENT from legacy catalog black-background review; human full-resolution review: strong perspective with looped bracelet",/Users/averyandon/Documents/Codex/2026-09-03/i-need-you-to-edit-and/work/gembreak-images/watches-only/WW447.png
73,WW573,WW573.png,Omega,Omega Seamaster Aqua Terra Shades Automatic 38MM Men's Watch,WatchWarehouse,"canvas,caseW-high,bboxH-high; PASS_CONTENT from legacy catalog black-background review; human full-resolution review: strong perspective with looped bracelet",/Users/averyandon/Documents/Codex/2026-09-03/i-need-you-to-edit-and/work/gembreak-images/watches-only/WW573.png
74,WW465,WW465.png,Breitling,Breitling Avenger Automatic Gmt 44MM Blue Dial Men's Watch,WatchWarehouse,"canvas,caseW-high,bboxH-high; PASS_CONTENT from legacy catalog black-background review; human full-resolution review: strong perspective with looped bracelet",/Users/averyandon/Documents/Codex/2026-09-03/i-need-you-to-edit-and/work/gembreak-images/watches-only/WW465.png
75,WW624,WW624.png,Breitling,Breitling Navitimer Auto 41MM Black Leather Men's Watch,WatchWarehouse,"canvas,caseW-high,bboxH-high; PASS_CONTENT from legacy catalog black-background review; human full-resolution review: strong perspective with curled strap and visible underside",/Users/averyandon/Documents/Codex/2026-09-03/i-need-you-to-edit-and/work/gembreak-images/watches-only/WW624.png
76,W1207,W1207.png,Breitling,BREITLING Navitimer AUTO GMT 41MM SS Beige Dial Men's Watch A32310,WatchWarehouse,"canvas,caseW-high,bboxH-high; PASS_CONTENT from legacy catalog black-background review; human full-resolution review: strong perspective with looped bracelet",/Users/averyandon/Documents/Codex/2026-09-03/i-need-you-to-edit-and/work/gembreak-images/watches-only/W1207.png
77,W1220,W1220.png,Breitling,BREITLING Chronomat AUTO 36MM SS MOP Dial Women's Watch A10380101A,WatchWarehouse,"canvas,caseW-high,bboxH-high; PASS_CONTENT from legacy catalog black-background review; human full-resolution review: strong perspective with looped bracelet",/Users/averyandon/Documents/Codex/2026-09-03/i-need-you-to-edit-and/work/gembreak-images/watches-only/W1220.png
78,WW340,WW340.png,Breitling,Breitling Navitimer Automatic 36MM Green Dial Unisex Watch,WatchWarehouse,"canvas,caseW-high,bboxH-high; PASS_CONTENT from legacy catalog black-background review; human full-resolution review: strong perspective with curled strap and visible underside",/Users/averyandon/Documents/Codex/2026-09-03/i-need-you-to-edit-and/work/gembreak-images/watches-only/WW340.png
79,WWN388563-3005,WWN388563-3005.png,Chopard,Chopard Imperiale Automatic 29mm Silver Dial Leather Strap Women's Watch 388563-3005,WatchWarehouse,caseW-low; PASS_CONTENT from 544-watch individual black-background review; human full-resolution review: severely zoomed-out full-strap presentation,/Users/averyandon/Documents/Codex/2026-09-03/i-need-you-to-edit-and/work/gembreak-images/watches-only/WWN388563-3005.png
80,W1219,W1219.png,Breitling,BREITLING Superocean Heritage II AUTO 44MM CHRONO SS Men's Watch A,WatchWarehouse,"canvas,caseW-high,bboxH-high; PASS_CONTENT from legacy catalog black-background review; human full-resolution review: strong perspective with looped mesh bracelet",/Users/averyandon/Documents/Codex/2026-09-03/i-need-you-to-edit-and/work/gembreak-images/watches-only/W1219.png
81,W1208,W1208.png,Breitling,BREITLING Navitimer AUTO 41MM SS Blue Dial Men's Watch A17329161C1,WatchWarehouse,"canvas,caseW-high,bboxH-high; PASS_CONTENT from legacy catalog black-background review; human full-resolution review: strong perspective with looped bracelet",/Users/averyandon/Documents/Codex/2026-09-03/i-need-you-to-edit-and/work/gembreak-images/watches-only/W1208.png
82,WWN310.32.42.50.01.001,WWN310.32.42.50.01.001.png,Omega,Omega Speedmaster Professional Moonwatch Black Dial Nylon Strap Men's Watch 310.32.42.50.01.001,WatchWarehouse,caseW-high; PASS_CONTENT from 544-watch individual black-background review; human full-resolution review: exposed NATO keeper hardware,/Users/averyandon/Documents/Codex/2026-09-03/i-need-you-to-edit-and/work/gembreak-images/watches-only/WWN310.32.42.50.01.001.png
83,W1137,W1137.png,Breitling,BREITLING Navitimer Automatic SS 41MM Green Dial Men's Watch A1732,WatchWarehouse,"canvas,caseW-high,bboxH-high; PASS_CONTENT from legacy catalog black-background review; human full-resolution review: bracelet and cutout appear visibly damaged",/Users/averyandon/Documents/Codex/2026-09-03/i-need-you-to-edit-and/work/gembreak-images/watches-only/W1137.png
84,WW512,WW512.png,Breitling,Breitling Avenger Auto Chronometer Ss 42MM Men's Watch,WatchWarehouse,"canvas,caseW-high,bboxH-high; PASS_CONTENT from legacy catalog black-background review; human full-resolution review: possible excessive bracelet perspective",/Users/averyandon/Documents/Codex/2026-09-03/i-need-you-to-edit-and/work/gembreak-images/watches-only/WW512.png
85,WW511,WW511.png,Breitling,Breitling Avenger Automatic 42MM Blue Dial Men's Watch,WatchWarehouse,"canvas,caseW-high,bboxH-high; PASS_CONTENT from legacy catalog black-background review; human full-resolution review: possible excessive bracelet perspective",/Users/averyandon/Documents/Codex/2026-09-03/i-need-you-to-edit-and/work/gembreak-images/watches-only/WW511.png
86,WW387,WW387.png,Breitling,Breitling Navitimer Automatic Gmt 41MM Brown Leather Men's Watch,WatchWarehouse,"canvas,caseW-high,bboxH-high,case-centre-x; PASS_CONTENT from legacy catalog black-background review; human full-resolution review: strong perspective with curled strap and visible underside",/Users/averyandon/Documents/Codex/2026-09-03/i-need-you-to-edit-and/work/gembreak-images/watches-only/WW387.png
87,W262,W262.png,TAG Heuer,TAG HEUER Formula 1 Chronograph 44MM Black/Pink Dial Titanium Rubb,WatchWarehouse,"canvas,caseW-high,bboxH-high; PASS_CONTENT from legacy catalog black-background review; human full-resolution review: strong perspective with curled strap",/Users/averyandon/Documents/Codex/2026-09-03/i-need-you-to-edit-and/work/gembreak-images/watches-only/W262.png
88,W1368,W1368.png,Longines,LONGINES Pilot Majetek Pioneer Edition Automatic 43MM Titanium Men,WatchWarehouse,"canvas,caseW-high,bboxH-high; PASS_CONTENT from legacy catalog black-background review; human full-resolution review: strong perspective with curled strap",/Users/averyandon/Documents/Codex/2026-09-03/i-need-you-to-edit-and/work/gembreak-images/watches-only/W1368.png
89,WW352,WW352.png,Breitling,Breitling Avenger Automatic 42MM Anthracite Leather Men's Watch,WatchWarehouse,"canvas,caseW-high; PASS_CONTENT from legacy catalog black-background review; human full-resolution review: strong perspective with curled strap and visible underside",/Users/averyandon/Documents/Codex/2026-09-03/i-need-you-to-edit-and/work/gembreak-images/watches-only/WW352.png
90,W1158,W1158.png,Breitling,Breitling Avenger Automatic 42MM Anthracite Leather Men's Watch,WatchWarehouse,canvas; PASS_CONTENT from legacy catalog black-background review; human full-resolution review: visible strap holes,/Users/averyandon/Documents/Codex/2026-09-03/i-need-you-to-edit-and/work/gembreak-images/watches-only/W1158.png
91,W1103,W1103.png,Breitling,BREITLING Chronomat Automatic SS 36MM Blue Dial Unisex Watch A1038,WatchWarehouse,"canvas,caseW-high,bboxH-high; PASS_CONTENT from legacy catalog black-background review; human full-resolution review: strong perspective with looped bracelet",/Users/averyandon/Documents/Codex/2026-09-03/i-need-you-to-edit-and/work/gembreak-images/watches-only/W1103.png
92,WW466,WW466.png,Breitling,Breitling Avenger Automatic Gmt 44MM Black Dial Men's Watch,WatchWarehouse,"canvas,caseW-high,bboxH-high; PASS_CONTENT from legacy catalog black-background review; human full-resolution review: strong perspective with looped bracelet",/Users/averyandon/Documents/Codex/2026-09-03/i-need-you-to-edit-and/work/gembreak-images/watches-only/WW466.png
93,W117,W117.png,Breitling,BREITLING Superocean Automatic 46MM Super Diver Titanium Men's Wat,WatchWarehouse,"canvas,caseW-high,bboxH-high; PASS_CONTENT from legacy catalog black-background review; human full-resolution review: strong perspective with curled strap",/Users/averyandon/Documents/Codex/2026-09-03/i-need-you-to-edit-and/work/gembreak-images/watches-only/W117.png
94,WL19,WL19.png,Montblanc,MONTBLANC Star Classique 39MM Automatic Brown Leather Men's Watch,WatchWarehouse,"canvas,caseW-high; PASS_CONTENT from legacy catalog black-background review; human full-resolution review: strong perspective with curled strap and visible buckle hardware",/Users/averyandon/Documents/Codex/2026-09-03/i-need-you-to-edit-and/work/gembreak-images/watches-only/WL19.png
95,WW61,WW61.png,Breitling,Breitling Avenger Automatic Gmt 44MM Blue Dial Men's Watch,WatchWarehouse,"canvas,caseW-high,bboxH-high; PASS_CONTENT from legacy catalog black-background review; human full-resolution review: strong perspective with curled strap and visible underside",/Users/averyandon/Documents/Codex/2026-09-03/i-need-you-to-edit-and/work/gembreak-images/watches-only/WW61.png
96,WW14,WW14.png,Breitling,Breitling Avenger Automatic Gmt 44MM Black Dial Men's Watch,WatchWarehouse,"canvas,caseW-high,bboxH-high; PASS_CONTENT from legacy catalog black-background review; human full-resolution review: strong perspective with curled strap and visible underside",/Users/averyandon/Documents/Codex/2026-09-03/i-need-you-to-edit-and/work/gembreak-images/watches-only/WW14.png
97,W1191,W1191.png,Breitling,BREITLING Superocean Automatic Chronometer 44MM Men's Watch A17376,WatchWarehouse,"canvas,caseW-high,bboxH-high; PASS_CONTENT from legacy catalog black-background review; human full-resolution review: strong perspective with curled rubber strap",/Users/averyandon/Documents/Codex/2026-09-03/i-need-you-to-edit-and/work/gembreak-images/watches-only/W1191.png
98,W280,W280.png,TAG Heuer,TAG HEUER Formula 1 Chronograph Automatic 44MM Black/Red Titanium,WatchWarehouse,"canvas,caseW-high,bboxH-high; PASS_CONTENT from legacy catalog black-background review; human full-resolution review: possible bracelet or cutout damage at upper edge",/Users/averyandon/Documents/Codex/2026-09-03/i-need-you-to-edit-and/work/gembreak-images/watches-only/W280.png
99,W1184,W1184.png,Breitling,BREITLING Superocean Automatic 36MM White Unisex Watch A17377211A1,WatchWarehouse,"canvas,caseW-high,bboxH-high; PASS_CONTENT from legacy catalog black-background review; human full-resolution review: head-only presentation with severe clipping or missing strap",/Users/averyandon/Documents/Codex/2026-09-03/i-need-you-to-edit-and/work/gembreak-images/watches-only/W1184.png
100,W1383,W1383.png,Longines,LONGINES Conquest Automatic 42MM Two-Tone 18K Rose Gold Men's Watc,WatchWarehouse,"canvas,caseW-high,bboxH-high; PASS_CONTENT from legacy catalog black-background review; human full-resolution review: strong perspective with looped bracelet",/Users/averyandon/Documents/Codex/2026-09-03/i-need-you-to-edit-and/work/gembreak-images/watches-only/W1383.png
101,W141,W141.png,Longines,LONGINES Conquest Automatic 42MM Two-Tone 18K Rose Gold Men's Watc,WatchWarehouse,caseW-low; PASS_CONTENT from legacy catalog black-background review; human full-resolution review: visible strap holes,/Users/averyandon/Documents/Codex/2026-09-03/i-need-you-to-edit-and/work/gembreak-images/watches-only/W141.png
102,W286,W286.png,TAG Heuer,TAG HEUER Aquaracer Professional 300 GMT 42MM Blue Dial Rubber Men,WatchWarehouse,"canvas,caseW-high,bboxH-high; PASS_CONTENT from legacy catalog black-background review; human full-resolution review: strong perspective with curled rubber strap",/Users/averyandon/Documents/Codex/2026-09-03/i-need-you-to-edit-and/work/gembreak-images/watches-only/W286.png
103,W1484,W1484.png,Longines,LONGINES Spirit Zulu Time Automatic 39MM Anthracite Dial Men's Wat,WatchWarehouse,caseW-low; PASS_CONTENT from legacy catalog black-background review; human full-resolution review: exposed NATO keeper hardware,/Users/averyandon/Documents/Codex/2026-09-03/i-need-you-to-edit-and/work/gembreak-images/watches-only/W1484.png
104,W1114,W1114.png,Breitling,BREITLING Avenger Automatic SS 42MM Green Dial Men's Watch A173281,WatchWarehouse,"canvas,caseW-high,bboxH-high; PASS_CONTENT from legacy catalog black-background review; human full-resolution review: strong perspective with looped bracelet",/Users/averyandon/Documents/Codex/2026-09-03/i-need-you-to-edit-and/work/gembreak-images/watches-only/W1114.png
105,W122,W122.png,Breitling,BREITLING Superocean Automatic 44MM Green Dial Rubber Men's Watch,WatchWarehouse,"canvas,caseW-high,bboxH-high; PASS_CONTENT from legacy catalog black-background review; human full-resolution review: strong perspective with curled rubber strap",/Users/averyandon/Documents/Codex/2026-09-03/i-need-you-to-edit-and/work/gembreak-images/watches-only/W122.png
106,W1352,W1352.png,Longines,LONGINES Conquest Chronograph SS 42MM Silver Dial Men's Watch L3.8,WatchWarehouse,"canvas,caseW-high,bboxH-high; PASS_CONTENT from legacy catalog black-background review; human full-resolution review: strong perspective with looped bracelet",/Users/averyandon/Documents/Codex/2026-09-03/i-need-you-to-edit-and/work/gembreak-images/watches-only/W1352.png
107,WW675,WW675.png,Longines,Longines Master Collection Automatic Ss 38.5mm Yellow-gold,WatchWarehouse,"canvas,caseW-high,bboxH-high; PASS_CONTENT from legacy catalog black-background review; human full-resolution review: strong perspective with looped bracelet",/Users/averyandon/Documents/Codex/2026-09-03/i-need-you-to-edit-and/work/gembreak-images/watches-only/WW675.png
108,WW341,WW341.png,Breitling,Breitling Endurance Pro 38MM Purple Rubber Unisex Watch,WatchWarehouse,"canvas,caseW-high,bboxH-high; PASS_CONTENT from legacy catalog black-background review; human full-resolution review: strong perspective with curled strap",/Users/averyandon/Documents/Codex/2026-09-03/i-need-you-to-edit-and/work/gembreak-images/watches-only/WW341.png
109,WWN428.17.26.60.04.009,WWN428.17.26.60.04.009.png,Omega,Omega De Ville Tresor MinI White Dial Diamond Case Leather Strap Women's Watch 428.17.26.60.04.009,WatchWarehouse,caseW-low; PASS_CONTENT from 544-watch individual black-background review; human full-resolution review: severely zoomed-out full-strap presentation,/Users/averyandon/Documents/Codex/2026-09-03/i-need-you-to-edit-and/work/gembreak-images/watches-only/WWN428.17.26.60.04.009.png
110,WL15,WL15.png,Tudor,TUDOR Royal Black Diamond Dial 34MM SS Women's Watch M28400-0004,WatchWarehouse,"canvas,caseW-high,bboxH-high; PASS_CONTENT from legacy catalog black-background review; human full-resolution review: strong perspective with looped bracelet",/Users/averyandon/Documents/Codex/2026-09-03/i-need-you-to-edit-and/work/gembreak-images/watches-only/WL15.png
111,WW714,WW714.png,Movado,Movado Museum Sports Edition 38MM Ss Black Dial Unisex Watch,WatchWarehouse,"canvas,caseW-high,bboxH-high; PASS_CONTENT from legacy catalog black-background review; human full-resolution review: strong perspective with full looped bracelet",/Users/averyandon/Documents/Codex/2026-09-03/i-need-you-to-edit-and/work/gembreak-images/watches-only/WW714.png
112,W1104,W1104.png,Breitling,BREITLING Endurance Pro Chronometer Quartz 44MM Black Rubber Men's,WatchWarehouse,"canvas,caseW-high,bboxH-high; PASS_CONTENT from legacy catalog black-background review; human full-resolution review: strong perspective with curled strap and visible underside",/Users/averyandon/Documents/Codex/2026-09-03/i-need-you-to-edit-and/work/gembreak-images/watches-only/W1104.png
113,W265,W265.png,Longines,LONGINES HydroConquest GMT Automatic 41MM Brown Dial Men's Watch L,WatchWarehouse,"canvas,caseW-high,bboxH-high; PASS_CONTENT from legacy catalog black-background review; human full-resolution review: strong perspective with looped bracelet",/Users/averyandon/Documents/Codex/2026-09-03/i-need-you-to-edit-and/work/gembreak-images/watches-only/W265.png
114,W1282,W1282.png,Longines,LONGINES Record Automatic 40MM White Dial Leather Men's Watch L2.8,WatchWarehouse,"canvas,caseW-high,bboxH-high; PASS_CONTENT from legacy catalog black-background review; human full-resolution review: strong perspective with curled strap and visible underside",/Users/averyandon/Documents/Codex/2026-09-03/i-need-you-to-edit-and/work/gembreak-images/watches-only/W1282.png
115,WW866,WW866.png,Tag Heuer,Tag Heuer Formula 1 43MM Chrono Quartz Men's Watch Caz101ag.ba0842,WatchWarehouse,"canvas,caseW-high,bboxH-high; PASS_CONTENT from legacy catalog black-background review; human full-resolution review: strong perspective with looped bracelet",/Users/averyandon/Documents/Codex/2026-09-03/i-need-you-to-edit-and/work/gembreak-images/watches-only/WW866.png
116,W295,W295.png,Longines,LONGINES Spirit Zulu Time Chronometer 39MM Black Dial Leather Men',WatchWarehouse,canvas; PASS_CONTENT from legacy catalog black-background review; human full-resolution review: strong perspective with full looped bracelet,/Users/averyandon/Documents/Codex/2026-09-03/i-need-you-to-edit-and/work/gembreak-images/watches-only/W295.png
117,W1100,W1100.png,Breitling,BREITLING Endurance Pro 38MM Red Rubber Ladies Watch X83310D91B2S1,WatchWarehouse,"canvas,caseW-high,bboxH-high; PASS_CONTENT from legacy catalog black-background review; human full-resolution review: strong perspective with curled rubber strap",/Users/averyandon/Documents/Codex/2026-09-03/i-need-you-to-edit-and/work/gembreak-images/watches-only/W1100.png
118,WW117,WW117.png,Longines,Longines Master Collection Moonphase Automatic 42MM 13 Diamond,WatchWarehouse,"canvas,bboxH-high; PASS_CONTENT from legacy catalog black-background review; human full-resolution review: strong perspective with curled strap and visible underside",/Users/averyandon/Documents/Codex/2026-09-03/i-need-you-to-edit-and/work/gembreak-images/watches-only/WW117.png
119,W1293,W1293.png,Longines,LONGINES Symphonette Quartz 34MM Silver Dial 56 Diamond Bezel Leat,WatchWarehouse,"canvas,bboxH-low,case-centre-x,case-centre-y; PASS_CONTENT from legacy catalog black-background review; human full-resolution review: head-only or incomplete strap presentation",/Users/averyandon/Documents/Codex/2026-09-03/i-need-you-to-edit-and/work/gembreak-images/watches-only/W1293.png
120,W1382,W1382.png,Longines,LONGINES Conquest GMT Automatic SS 42MM Silver Dial Men's Watch L2,WatchWarehouse,"canvas,caseW-high,bboxH-high; PASS_CONTENT from legacy catalog black-background review; human full-resolution review: strong perspective with looped bracelet",/Users/averyandon/Documents/Codex/2026-09-03/i-need-you-to-edit-and/work/gembreak-images/watches-only/W1382.png
121,WWNL3.821.4.53.9,WWNL3.821.4.53.9.png,Longines,Longines Spirit Flyback Chronograph Black Dial Fabric Strap Men's Watch L3.821.4.53.9,WatchWarehouse,FAIL_CONTENT: exposed NATO keeper hardware does not match the approved presentation; human full-resolution review: full NATO strap hardware visible,/Users/averyandon/Documents/Codex/2026-09-03/i-need-you-to-edit-and/work/gembreak-images/watches-only/WWNL3.821.4.53.9.png
122,W1308,W1308.png,Longines,LONGINES Bella Arti 19MM Diamond Bezel MOP Dial Leather Band Women,WatchWarehouse,"canvas,caseW-high,bboxH-high; PASS_CONTENT from legacy catalog black-background review; human full-resolution review: strong perspective with curled strap and visible underside",/Users/averyandon/Documents/Codex/2026-09-03/i-need-you-to-edit-and/work/gembreak-images/watches-only/W1308.png
123,WWN01 400 7772 4054-07 5 20 82,WWN01 400 7772 4054-07 5 20 82.png,Oris,Oris Divers Sixty-Five 12H Calibre 400 Automatic Black Dial Leather Strap Men's Watch 01 400 7772 4054-07 5 20 82,WatchWarehouse,caseW-low; PASS_CONTENT from 544-watch individual black-background review; human full-resolution review: severely zoomed-out full-strap presentation,/Users/averyandon/Documents/Codex/2026-09-03/i-need-you-to-edit-and/work/gembreak-images/watches-only/WWN01 400 7772 4054-07 5 20 82.png
124,W235,W235.png,Hamilton,HAMILTON Jazzmaster Performer 42MM AUTO Leather Men's Watch H36606,WatchWarehouse,"canvas,caseW-high,bboxH-high; PASS_CONTENT from legacy catalog black-background review; human full-resolution review: visible strap holes and strong perspective",/Users/averyandon/Documents/Codex/2026-09-03/i-need-you-to-edit-and/work/gembreak-images/watches-only/W235.png
125,W261,W261.png,Hamilton,HAMILTON Jazzmaster Performer 42MM AUTO Leather Men's Watch H36606,WatchWarehouse,"canvas,bboxH-high; PASS_CONTENT from legacy catalog black-background review; human full-resolution review: upper bracelet and cutout appear visibly damaged",/Users/averyandon/Documents/Codex/2026-09-03/i-need-you-to-edit-and/work/gembreak-images/watches-only/W261.png
126,W299,W299.png,Longines,LONGINES Conquest V.H.P. 36MM MOP Diamond Women's Watch L3.316.0.8,WatchWarehouse,"canvas,caseW-high,bboxH-high; PASS_CONTENT from legacy catalog black-background review; human full-resolution review: strong perspective with looped bracelet",/Users/averyandon/Documents/Codex/2026-09-03/i-need-you-to-edit-and/work/gembreak-images/watches-only/W299.png
127,W1269,W1269.png,Longines,LONGINES Record Chronograph SS 40MM Black Dial Men's Watch L2.921.,WatchWarehouse,"canvas,caseW-high,bboxH-high; PASS_CONTENT from legacy catalog black-background review; human full-resolution review: strong perspective with looped bracelet",/Users/averyandon/Documents/Codex/2026-09-03/i-need-you-to-edit-and/work/gembreak-images/watches-only/W1269.png
128,W259,W259.png,Tissot,TISSOT Telemeter 1938 Heritage 42MM Black Dial Men's Watch T142.46,WatchWarehouse,"canvas,caseW-high,bboxH-high; PASS_CONTENT from legacy catalog black-background review; human full-resolution review: upper bracelet and cutout appear visibly damaged",/Users/averyandon/Documents/Codex/2026-09-03/i-need-you-to-edit-and/work/gembreak-images/watches-only/W259.png
129,WW684,WW684.png,Longines,Longines Elegant Automatic 37MM Black Dial Leather Men's Watch,WatchWarehouse,"canvas,caseW-high; PASS_CONTENT from legacy catalog black-background review; human full-resolution review: strong perspective with curled strap and visible underside",/Users/averyandon/Documents/Codex/2026-09-03/i-need-you-to-edit-and/work/gembreak-images/watches-only/WW684.png
130,W297,W297.png,Longines,Longines Elegant Automatic 37MM Black Dial Leather Men's Watch,WatchWarehouse,"canvas,caseW-high,bboxH-high; PASS_CONTENT from legacy catalog black-background review; human full-resolution review: strong perspective with looped bracelet",/Users/averyandon/Documents/Codex/2026-09-03/i-need-you-to-edit-and/work/gembreak-images/watches-only/W297.png
131,WW746,WW746.png,Longines,Longines 1832 Automatic 40MM Beige Dial Leather Men's Watch,WatchWarehouse,"canvas,caseW-high,bboxH-high; PASS_CONTENT from legacy catalog black-background review; human full-resolution review: strong perspective with curled strap and visible underside",/Users/averyandon/Documents/Codex/2026-09-03/i-need-you-to-edit-and/work/gembreak-images/watches-only/WW746.png
132,W277,W277.png,Rado,RADO Anatom Jubile Quartz 23MM Black Dial Diamond Women's Watch R1,WatchWarehouse,"canvas,caseW-high,bboxH-high; PASS_CONTENT from legacy catalog black-background review; human full-resolution review: strong perspective with looped bracelet",/Users/averyandon/Documents/Codex/2026-09-03/i-need-you-to-edit-and/work/gembreak-images/watches-only/W277.png
133,W1528,W1528.png,Longines,LONGINES Master Collection 42MM Blue Dial Leather Men's Watch L2.9,WatchWarehouse,"canvas,caseW-high,bboxH-high; PASS_CONTENT from legacy catalog black-background review; human full-resolution review: strong perspective with curled strap and visible underside",/Users/averyandon/Documents/Codex/2026-09-03/i-need-you-to-edit-and/work/gembreak-images/watches-only/W1528.png
134,W1485,W1485.png,Longines,LONGINES HydroConquest GMT 41MM AUTO Green Dial Men's Watch L3.790,WatchWarehouse,"caseW-low,bboxH-high; PASS_CONTENT from legacy catalog black-background review; human full-resolution review: exposed NATO keeper hardware",/Users/averyandon/Documents/Codex/2026-09-03/i-need-you-to-edit-and/work/gembreak-images/watches-only/W1485.png
135,WWNWAY208D.FC8221,WWNWAY208D.FC8221.png,Tag Heuer,Tag Heuer Aquaracer 300M 43MM Automatic Blue Dial Fabric Strap Men's Watch WAY208D.FC8221,WatchWarehouse,FAIL_CONTENT: exposed NATO keeper and buckle hardware does not match the approved presentation; human full-resolution review: full NATO strap hardware visible,/Users/averyandon/Documents/Codex/2026-09-03/i-need-you-to-edit-and/work/gembreak-images/watches-only/WWNWAY208D.FC8221.png
136,W1529,W1529.png,Longines,LONGINES Master Collection AUTO Blue Dial Leather Men's Watch L2.9,WatchWarehouse,"canvas,caseW-high,bboxH-high; PASS_CONTENT from legacy catalog black-background review; human full-resolution review: strong perspective with curled strap and visible underside",/Users/averyandon/Documents/Codex/2026-09-03/i-need-you-to-edit-and/work/gembreak-images/watches-only/W1529.png
137,WW812,WW812.png,Tissot,Tissot Prx Auto 42MM Chrono S-steel Blue Dial Men's Watch,WatchWarehouse,"canvas,caseW-high,bboxH-high; PASS_CONTENT from legacy catalog black-background review; human full-resolution review: strong perspective with looped bracelet",/Users/averyandon/Documents/Codex/2026-09-03/i-need-you-to-edit-and/work/gembreak-images/watches-only/WW812.png
138,WL55,WL55.png,Gucci,GUCCI G-Timeless AUTO 40MM SS Silver Dial Two-Tone Men's Watch YA1,WatchWarehouse,"canvas,bboxH-high; PASS_CONTENT from legacy catalog black-background review; human full-resolution review: strong perspective with looped bracelet and possible cutout damage",/Users/averyandon/Documents/Codex/2026-09-03/i-need-you-to-edit-and/work/gembreak-images/watches-only/WL55.png
139,WL40,WL40.png,Gucci,GUCCI Dive Automatic Stainless Steel 40MM Green Dial Men's Watch Y,WatchWarehouse,"canvas,caseW-high,bboxH-high; PASS_CONTENT from legacy catalog black-background review; human full-resolution review: upper bracelet and cutout appear visibly damaged",/Users/averyandon/Documents/Codex/2026-09-03/i-need-you-to-edit-and/work/gembreak-images/watches-only/WL40.png
140,WW745,WW745.png,Longines,Longines Conquest V.h.p. Quartz Ss 42MM Silver Dial Men's Watch,WatchWarehouse,"canvas,caseW-high,bboxH-high; PASS_CONTENT from legacy catalog black-background review; human full-resolution review: strong perspective with looped bracelet",/Users/averyandon/Documents/Codex/2026-09-03/i-need-you-to-edit-and/work/gembreak-images/watches-only/WW745.png
141,WW572,WW572.png,Rado,RADO Centrix Quartz SS 35MM 3 Diamond Two-Tone Women's Watch R3003,WatchWarehouse,"canvas,caseW-high,bboxH-high; PASS_CONTENT from legacy catalog black-background review; human full-resolution review: upper bracelet appears clipped or damaged",/Users/averyandon/Documents/Codex/2026-09-03/i-need-you-to-edit-and/work/gembreak-images/watches-only/WW572.png
142,WL46,WL46.png,Gucci,GUCCI Dive Automatic SS 40MM Black Dial Nylon Strap Men's Watch YA,WatchWarehouse,canvas; PASS_CONTENT from legacy catalog black-background review; human full-resolution review: exposed NATO keeper and loose-tail hardware,/Users/averyandon/Documents/Codex/2026-09-03/i-need-you-to-edit-and/work/gembreak-images/watches-only/WL46.png
143,WL53,WL53.png,Gucci,GUCCI Dive AUTO 40MM Stainless Steel Orange Dial Men's Watch YA136,WatchWarehouse,"canvas,caseW-high,bboxH-high; PASS_CONTENT from legacy catalog black-background review; human full-resolution review: strong perspective with looped bracelet",/Users/averyandon/Documents/Codex/2026-09-03/i-need-you-to-edit-and/work/gembreak-images/watches-only/WL53.png
144,WL56,WL56.png,Gucci,GUCCI G-Timeless AUTO 40MM Stainless Steel Blue Dial Men's Watch Y,WatchWarehouse,"canvas,bboxH-high; PASS_CONTENT from legacy catalog black-background review; human full-resolution review: strong perspective with looped bracelet",/Users/averyandon/Documents/Codex/2026-09-03/i-need-you-to-edit-and/work/gembreak-images/watches-only/WL56.png
145,WL38,WL38.png,Gucci,GUCCI Dive 40MM Automatic S-Steel Black Dial Men's Watch YA136353A,WatchWarehouse,"canvas,caseW-high,bboxH-high; PASS_CONTENT from legacy catalog black-background review; human full-resolution review: strong perspective with looped bracelet",/Users/averyandon/Documents/Codex/2026-09-03/i-need-you-to-edit-and/work/gembreak-images/watches-only/WL38.png
146,W1295,W1295.png,Longines,LONGINES Evidenza Automatic SS 30MM Petroleum Dial Women's Watch L,WatchWarehouse,"canvas,caseW-high,bboxH-high; PASS_CONTENT from legacy catalog black-background review; human full-resolution review: strong perspective with looped bracelet",/Users/averyandon/Documents/Codex/2026-09-03/i-need-you-to-edit-and/work/gembreak-images/watches-only/W1295.png
147,CR801313BUCBUICO,CR801313BUCBUICO.png,Edox,Edox Skydiver Limited Special Blue Dial Automatic Diver's 80131 3BUC BUICO 300M Men's Watch With Extra Strap,Creation Watches,caseW-low; PASS_CONTENT from 544-watch individual black-background review; human full-resolution review: severely zoomed-out full-strap presentation,/Users/averyandon/Documents/Codex/2026-09-03/i-need-you-to-edit-and/work/gembreak-images/watches-only/CR801313BUCBUICO.png
148,WL54,WL54.png,Gucci,GUCCI Dive AUTO 40MM SS Silver Dial Turquoise Rubber Men's Watch Y,WatchWarehouse,"canvas,caseW-high,bboxH-high; PASS_CONTENT from legacy catalog black-background review; human full-resolution review: strong perspective with looped NATO strap",/Users/averyandon/Documents/Codex/2026-09-03/i-need-you-to-edit-and/work/gembreak-images/watches-only/WL54.png
149,WW626,WW626.png,Longines,Longines Conquest V.h.p Quartz 41MM Silver Dial Men's Watch,WatchWarehouse,"canvas,caseW-high; PASS_CONTENT from legacy catalog black-background review; human full-resolution review: strong perspective with full looped bracelet",/Users/averyandon/Documents/Codex/2026-09-03/i-need-you-to-edit-and/work/gembreak-images/watches-only/WW626.png
150,W1266,W1266.png,Longines,LONGINES Evidenza Automatic 30MM Red Dial Leather Women's Watch L2,WatchWarehouse,"canvas,caseW-high,bboxH-high; PASS_CONTENT from legacy catalog black-background review; human full-resolution review: strong perspective with curled strap and visible underside",/Users/averyandon/Documents/Codex/2026-09-03/i-need-you-to-edit-and/work/gembreak-images/watches-only/W1266.png
151,W1265,W1265.png,Longines,LONGINES Evidenza Automatic 30MM Green Dial Leather Women's Watch,WatchWarehouse,"canvas,caseW-high,bboxH-high; PASS_CONTENT from legacy catalog black-background review; human full-resolution review: strong perspective with curled strap and visible underside",/Users/averyandon/Documents/Codex/2026-09-03/i-need-you-to-edit-and/work/gembreak-images/watches-only/W1265.png
152,WW877,WW877.png,Gucci,Gucci G-timeless 36MM Ss Silver Dial Slim Unisex Watch Ya1264153,WatchWarehouse,"canvas,caseW-high,bboxH-high; PASS_CONTENT from legacy catalog black-background review; human full-resolution review: strong perspective with looped bracelet",/Users/averyandon/Documents/Codex/2026-09-03/i-need-you-to-edit-and/work/gembreak-images/watches-only/WW877.png
153,WL60,WL60.png,Gucci,GUCCI Dive 40MM Automatic Dark Grey Dial Rubber Men's Watch YA1363,WatchWarehouse,"canvas,caseW-high,bboxH-high; PASS_CONTENT from legacy catalog black-background review; human full-resolution review: strong perspective with looped NATO strap",/Users/averyandon/Documents/Codex/2026-09-03/i-need-you-to-edit-and/work/gembreak-images/watches-only/WL60.png
154,WL58,WL58.png,Gucci,GUCCI G-Timeless AUTO 40MM Black Dial Leather Men's Watch YA126365,WatchWarehouse,"canvas,bboxH-high; PASS_CONTENT from legacy catalog black-background review; human full-resolution review: strong perspective with curled strap",/Users/averyandon/Documents/Codex/2026-09-03/i-need-you-to-edit-and/work/gembreak-images/watches-only/WL58.png
155,W298,W298.png,Gucci,GUCCI G-Timeless AUTO 40MM Black Dial Leather Men's Watch YA126365,WatchWarehouse,"canvas,caseW-high,bboxH-high; PASS_CONTENT from legacy catalog black-background review; human full-resolution review: upper bracelet and cutout appear visibly damaged",/Users/averyandon/Documents/Codex/2026-09-03/i-need-you-to-edit-and/work/gembreak-images/watches-only/W298.png
156,WWN01 400 7763 4135-07 8 24 09PEB,WWN01 400 7763 4135-07 8 24 09PEB.png,Oris,Oris Aquis Date Automatic Blue Dial Ceramic Bezel Steel Men's Watch 01 400 7763 4135-07 8 24 09PEB,WatchWarehouse,caseW-low; PASS_CONTENT from 544-watch individual black-background review; human full-resolution review: severely zoomed-out full-bracelet presentation,/Users/averyandon/Documents/Codex/2026-09-03/i-need-you-to-edit-and/work/gembreak-images/watches-only/WWN01 400 7763 4135-07 8 24 09PEB.png
157,WL76,WL76.png,Gucci,GUCCI 25H 38MM Quartz Stainless Steel Gold Dial Men's Watch YA1634,WatchWarehouse,"canvas,caseW-high,bboxH-high; PASS_CONTENT from legacy catalog black-background review; human full-resolution review: strong perspective with looped bracelet",/Users/averyandon/Documents/Codex/2026-09-03/i-need-you-to-edit-and/work/gembreak-images/watches-only/WL76.png
158,W1326,W1326.png,Longines,LONGINES PrimaLuna Automatic 26.5MM Blue MOP Diamond Dial Women's,WatchWarehouse,"canvas,caseW-high,bboxH-low,case-centre-y; FAIL_CONTENT: incomplete bracelet; lower bracelet is missing; human full-resolution review: incomplete product image; lower bracelet missing",/Users/averyandon/Documents/Codex/2026-09-03/i-need-you-to-edit-and/work/gembreak-images/watches-only/W1326.png
159,CRH77616533,CRH77616533.png,Hamilton,Hamilton Khaki X-Wind Automatic Chronograph H77616533 Men's Watch,Creation Watches,caseW-high; PASS_CONTENT from 544-watch individual black-background review; human full-resolution review: large exposed strap rivets,/Users/averyandon/Documents/Codex/2026-09-03/i-need-you-to-edit-and/work/gembreak-images/watches-only/CRH77616533.png
160,WWNL3.374.4.40.2,WWNL3.374.4.40.2.png,Longines,Longines Legend Diver Automatic Burgundy Dial Fabric Strap Unisex Watch L3.374.4.40.2,WatchWarehouse,caseW-low; PASS_CONTENT from 544-watch individual black-background review; human full-resolution review: exposed NATO keeper hardware,/Users/averyandon/Documents/Codex/2026-09-03/i-need-you-to-edit-and/work/gembreak-images/watches-only/WWNL3.374.4.40.2.png
161,WL70,WL70.png,Gucci,GUCCI 25H Quartz 30MM Stainless Steel Brass Dial Women's Watch YA1,WatchWarehouse,"canvas,bboxH-high; PASS_CONTENT from legacy catalog black-background review; human full-resolution review: strong perspective with looped bracelet",/Users/averyandon/Documents/Codex/2026-09-03/i-need-you-to-edit-and/work/gembreak-images/watches-only/WL70.png
162,WWNL2.828.4.53.2,WWNL2.828.4.53.2.png,Longines,Longines Heritage Classic Black Dial Leather Strap Men's Watch L2.828.4.53.2,WatchWarehouse,caseW-low; PASS_CONTENT from 544-watch individual black-background review; human full-resolution review: severely zoomed-out full-strap presentation,/Users/averyandon/Documents/Codex/2026-09-03/i-need-you-to-edit-and/work/gembreak-images/watches-only/WWNL2.828.4.53.2.png
163,W1426,W1426.png,Longines,LONGINES Symphonette Quartz MOP 18K Rose Gold Women's Watch L2.306,WatchWarehouse,"canvas,caseW-high,bboxH-high; PASS_CONTENT from legacy catalog black-background review; human full-resolution review: strong perspective with looped bracelet",/Users/averyandon/Documents/Codex/2026-09-03/i-need-you-to-edit-and/work/gembreak-images/watches-only/W1426.png
164,W1348,W1348.png,Longines,LONGINES Symphonette Quartz 21MM MOP Dial 18K Rose Gold Women's Wa,WatchWarehouse,"canvas,caseW-high,bboxH-high; PASS_CONTENT from legacy catalog black-background review; human full-resolution review: strong perspective with looped bracelet",/Users/averyandon/Documents/Codex/2026-09-03/i-need-you-to-edit-and/work/gembreak-images/watches-only/W1348.png
165,WL72,WL72.png,Gucci,GUCCI Grip 27MM Quartz Black Leather Women's Watch YA157506,WatchWarehouse,"canvas,bboxH-high; PASS_CONTENT from legacy catalog black-background review; human full-resolution review: strong perspective with curled strap and visible underside",/Users/averyandon/Documents/Codex/2026-09-03/i-need-you-to-edit-and/work/gembreak-images/watches-only/WL72.png
166,WWN01 751 7761 4187-SET,WWN01 751 7761 4187-SET.png,Oris,Oris Big Crown ProPilot Limited Edition Okavango Air Rescue Automatic Green Dial Fabric Strap Men's Watch 01 751 7761 4187-SET,WatchWarehouse,FAIL_CONTENT: exposed NATO keeper hardware does not match the approved presentation; human full-resolution review: full NATO strap hardware visible,/Users/averyandon/Documents/Codex/2026-09-03/i-need-you-to-edit-and/work/gembreak-images/watches-only/WWN01 751 7761 4187-SET.png
167,WW672,WW672.png,Longines,Longines Conquest V.h.p Quartz Ss 43MM Blue Dial Men's Watch,WatchWarehouse,"canvas,caseW-high,bboxH-high; PASS_CONTENT from legacy catalog black-background review; human full-resolution review: strong perspective with looped bracelet",/Users/averyandon/Documents/Codex/2026-09-03/i-need-you-to-edit-and/work/gembreak-images/watches-only/WW672.png
168,W1396,W1396.png,Longines,LONGINES Heritage Classic Automatic 38.5MM Tuxedo Men's Watch L2.3,WatchWarehouse,"canvas,caseW-high,bboxH-high; PASS_CONTENT from legacy catalog black-background review; human full-resolution review: strong perspective with curled strap and visible underside",/Users/averyandon/Documents/Codex/2026-09-03/i-need-you-to-edit-and/work/gembreak-images/watches-only/W1396.png
169,WW483,WW483.png,Longines,Longines La Grande Classique 33MM 12 Diamond Blue Dial Unisex,WatchWarehouse,canvas; PASS_CONTENT from legacy catalog black-background review; human full-resolution review: strong perspective with curled strap,/Users/averyandon/Documents/Codex/2026-09-03/i-need-you-to-edit-and/work/gembreak-images/watches-only/WW483.png
170,WW480,WW480.png,Longines,Longines La Grande Classique 36MM Silver Dial Unisex Watch,WatchWarehouse,"canvas,caseW-high,bboxH-high; PASS_CONTENT from legacy catalog black-background review; human full-resolution review: strong perspective with curled strap and visible underside",/Users/averyandon/Documents/Codex/2026-09-03/i-need-you-to-edit-and/work/gembreak-images/watches-only/WW480.png
171,WW650,WW650.png,Longines,Longines La Grande Classique 37MM Blue Dial Unisex Watch,WatchWarehouse,"canvas,caseW-high,bboxH-high; PASS_CONTENT from legacy catalog black-background review; human full-resolution review: strong perspective with curled strap and visible underside",/Users/averyandon/Documents/Codex/2026-09-03/i-need-you-to-edit-and/work/gembreak-images/watches-only/WW650.png
172,WL92,WL92.png,Gucci,GUCCI Dive 45MM SS BLK Matte Dial Rotating Bezel Men's Watch YA136,WatchWarehouse,"canvas,caseW-high,bboxH-high; PASS_CONTENT from legacy catalog black-background review; human full-resolution review: strong perspective with looped bracelet",/Users/averyandon/Documents/Codex/2026-09-03/i-need-you-to-edit-and/work/gembreak-images/watches-only/WL92.png
173,WL78,WL78.png,Gucci,GUCCI 25H 34MM Quartz Gold Dial SS Women's Watch YA163403,WatchWarehouse,"canvas,caseW-high,bboxH-high; PASS_CONTENT from legacy catalog black-background review; human full-resolution review: strong perspective with looped bracelet",/Users/averyandon/Documents/Codex/2026-09-03/i-need-you-to-edit-and/work/gembreak-images/watches-only/WL78.png
174,W251,W251.png,Hamilton,HAMILTON Jazzmaster Brown Leather Automatic Men's Watch H32635511,WatchWarehouse,"canvas,caseW-high,bboxH-high; PASS_CONTENT from legacy catalog black-background review; human full-resolution review: strong perspective with curled strap and visible underside",/Users/averyandon/Documents/Codex/2026-09-03/i-need-you-to-edit-and/work/gembreak-images/watches-only/W251.png
175,WW976,WW976.png,Gucci,GUCCI Model 2000 Quartz 30MM Black Leather Women's Watch YA167505,WatchWarehouse,"canvas,caseW-high,bboxH-high; PASS_CONTENT from legacy catalog black-background review; human full-resolution review: strong perspective with curled rubber strap",/Users/averyandon/Documents/Codex/2026-09-03/i-need-you-to-edit-and/work/gembreak-images/watches-only/WW976.png
176,WL65,WL65.png,Gucci,GUCCI 25H 34MM QTZ SS Golden Brass Dial White LTHR Unisex Watch YA,WatchWarehouse,"canvas,caseW-high,bboxH-high; PASS_CONTENT from legacy catalog black-background review; human full-resolution review: strong perspective with curled strap",/Users/averyandon/Documents/Codex/2026-09-03/i-need-you-to-edit-and/work/gembreak-images/watches-only/WL65.png
177,WW556,WW556.png,Longines,Longines Conquest Collection V.h.p Quartz 42MM Men's Watch,WatchWarehouse,"canvas,caseW-high,bboxH-high; PASS_CONTENT from legacy catalog black-background review; human full-resolution review: upper bracelet and cutout appear visibly damaged",/Users/averyandon/Documents/Codex/2026-09-03/i-need-you-to-edit-and/work/gembreak-images/watches-only/WW556.png
178,WL84,WL84.png,Gucci,"GUCCI G-Frame Quartz White, Red, Blue MOP Dial Gold PVD Watch YA14",WatchWarehouse,"canvas,caseW-high,bboxH-high; PASS_CONTENT from legacy catalog black-background review; human full-resolution review: strong perspective with looped mesh bracelet",/Users/averyandon/Documents/Codex/2026-09-03/i-need-you-to-edit-and/work/gembreak-images/watches-only/WL84.png
179,WW312,WW312.png,Tag Heuer,Tag Heuer Connected Calibre E4 Golf Edition 45MM Titanium,WatchWarehouse,"canvas,caseW-high,bboxH-high; PASS_CONTENT from legacy catalog black-background review; human full-resolution review: strong perspective with curled smartwatch strap",/Users/averyandon/Documents/Codex/2026-09-03/i-need-you-to-edit-and/work/gembreak-images/watches-only/WW312.png
180,WL71,WL71.png,Gucci,GUCCI Dive 45MM Quartz S-Steel Black Rubber Men's Watch YA136204B,WatchWarehouse,"canvas,caseW-high,bboxH-high; PASS_CONTENT from legacy catalog black-background review; human full-resolution review: strong perspective with curled rubber strap",/Users/averyandon/Documents/Codex/2026-09-03/i-need-you-to-edit-and/work/gembreak-images/watches-only/WL71.png
181,W1502,W1502.png,Longines,LONGINES Elegant AUTO 37MM Blue Dial Leather Men's Watch L4.810.4.,WatchWarehouse,"canvas,caseW-high,bboxH-high; PASS_CONTENT from legacy catalog black-background review; human full-resolution review: strong perspective with curled strap and visible underside",/Users/averyandon/Documents/Codex/2026-09-03/i-need-you-to-edit-and/work/gembreak-images/watches-only/W1502.png
182,WL77,WL77.png,Gucci,GUCCI GG2570 29MM SS Diamond White Dial Women's Watch YA142504,WatchWarehouse,"canvas,bboxH-high; PASS_CONTENT from legacy catalog black-background review; human full-resolution review: strong perspective with looped bracelet",/Users/averyandon/Documents/Codex/2026-09-03/i-need-you-to-edit-and/work/gembreak-images/watches-only/WL77.png
183,W1468,W1468.png,Movado,MOVADO Sports Edition Stainless Steel Blue Dial Women's Watch 0604,WatchWarehouse,"canvas,caseW-high,bboxH-high; PASS_CONTENT from legacy catalog black-background review; human full-resolution review: strong perspective with looped bracelet",/Users/averyandon/Documents/Codex/2026-09-03/i-need-you-to-edit-and/work/gembreak-images/watches-only/W1468.png
184,W20,W20.png,Hamilton,HAMILTON Khaki Aviation X-Wind Automatic 45MM Green Dial Leather M,WatchWarehouse,"caseW-high,bboxH-high,case-centre-x; PASS_CONTENT from legacy catalog black-background review; human full-resolution review: large exposed strap rivets",/Users/averyandon/Documents/Codex/2026-09-03/i-need-you-to-edit-and/work/gembreak-images/watches-only/W20.png
185,W1280,W1280.png,Longines,LONGINES DolceVita Quartz 20MM Silver Flinque Dial Gray Leather Wo,WatchWarehouse,"canvas,caseW-high,bboxH-high; PASS_CONTENT from legacy catalog black-background review; human full-resolution review: strong perspective with curled strap",/Users/averyandon/Documents/Codex/2026-09-03/i-need-you-to-edit-and/work/gembreak-images/watches-only/W1280.png
186,W1312,W1312.png,Longines,LONGINES DolceVita Quartz SS 37MM Black 13 Diamond Dial Women's Wa,WatchWarehouse,"canvas,caseW-high,bboxH-high; PASS_CONTENT from legacy catalog black-background review; human full-resolution review: strong perspective with looped bracelet",/Users/averyandon/Documents/Codex/2026-09-03/i-need-you-to-edit-and/work/gembreak-images/watches-only/W1312.png
187,WL31,WL31.png,Gucci,GUCCI Model 2000 Quartz 24MM Black Leather Women's Watch YA167503,WatchWarehouse,"canvas,caseW-low; PASS_CONTENT from legacy catalog black-background review; human full-resolution review: strong perspective with curled strap",/Users/averyandon/Documents/Codex/2026-09-03/i-need-you-to-edit-and/work/gembreak-images/watches-only/WL31.png
188,W246,W246.png,Hamilton,HAMILTON Jazzmaster Inter-Matic 42MM Brown Dial Men's Watch H38735,WatchWarehouse,"canvas,caseW-high; PASS_CONTENT from legacy catalog black-background review; human full-resolution review: strong perspective with full looped leather strap",/Users/averyandon/Documents/Codex/2026-09-03/i-need-you-to-edit-and/work/gembreak-images/watches-only/W246.png
189,W1534,W1534.png,Longines,LONGINES Flagship SS 38.5MM Automatic Men's Watch L48994216 / L4.8,WatchWarehouse,"canvas,caseW-high,bboxH-high; PASS_CONTENT from legacy catalog black-background review; human full-resolution review: strong perspective with looped bracelet",/Users/averyandon/Documents/Codex/2026-09-03/i-need-you-to-edit-and/work/gembreak-images/watches-only/W1534.png
190,WL50,WL50.png,Hamilton,HAMILTON Khaki Field Murph Automatic 42MM Black Leather Men's Watc,WatchWarehouse,"canvas,caseW-low,bboxH-high; PASS_CONTENT from legacy catalog black-background review; human full-resolution review: strong perspective with looped bracelet",/Users/averyandon/Documents/Codex/2026-09-03/i-need-you-to-edit-and/work/gembreak-images/watches-only/WL50.png
191,W1543,W1543.png,Longines,LONGINES Flagship Automatic 26MM Women's Watch L4.274.4.52.6 / L42,WatchWarehouse,"canvas,caseW-high,bboxH-high; PASS_CONTENT from legacy catalog black-background review; human full-resolution review: strong perspective with looped bracelet",/Users/averyandon/Documents/Codex/2026-09-03/i-need-you-to-edit-and/work/gembreak-images/watches-only/W1543.png
192,W239,W239.png,Hamilton,HAMILTON Khaki Aviation Converter 42MM AUTO BLK Dial Men's Watch H,WatchWarehouse,"canvas,caseW-high,bboxH-high; PASS_CONTENT from legacy catalog black-background review; human full-resolution review: strong perspective with looped bracelet",/Users/averyandon/Documents/Codex/2026-09-03/i-need-you-to-edit-and/work/gembreak-images/watches-only/W239.png
193,W1294,W1294.png,Hamilton,HAMILTON Khaki Aviation Converter 42MM AUTO BLK Dial Men's Watch H,WatchWarehouse,"canvas,caseW-high,bboxH-high; PASS_CONTENT from legacy catalog black-background review; human full-resolution review: strap appears severely distorted",/Users/averyandon/Documents/Codex/2026-09-03/i-need-you-to-edit-and/work/gembreak-images/watches-only/W1294.png
194,W1395,W1395.png,Longines,LONGINES Elegant Collection 13 Diamond 34.5MM Silver Unisex Watch,WatchWarehouse,"canvas,caseW-high,bboxH-high; PASS_CONTENT from legacy catalog black-background review; human full-resolution review: strong perspective with looped bracelet",/Users/averyandon/Documents/Codex/2026-09-03/i-need-you-to-edit-and/work/gembreak-images/watches-only/W1395.png
195,WW184,WW184.png,Tissot,Tissot Prx Automatic Ss 38MM Damascus Leather Men's Watch,WatchWarehouse,"canvas,caseW-high; PASS_CONTENT from legacy catalog black-background review; human full-resolution review: strong perspective with curled strap",/Users/averyandon/Documents/Codex/2026-09-03/i-need-you-to-edit-and/work/gembreak-images/watches-only/WW184.png
196,WW488,WW488.png,Longines,LONGINES DolceVita Automatic SS 28.2x47MM Silver Dial Men's Watch,WatchWarehouse,"canvas,caseW-high,bboxH-high; PASS_CONTENT from legacy catalog black-background review; human full-resolution review: strong perspective with looped bracelet",/Users/averyandon/Documents/Codex/2026-09-03/i-need-you-to-edit-and/work/gembreak-images/watches-only/WW488.png
197,W1263,W1263.png,Longines,LONGINES Flagship Automatic SS 35MM White Diamond Dial Women's Wat,WatchWarehouse,"canvas,caseW-high,bboxH-high; PASS_CONTENT from legacy catalog black-background review; human full-resolution review: strong perspective with looped bracelet",/Users/averyandon/Documents/Codex/2026-09-03/i-need-you-to-edit-and/work/gembreak-images/watches-only/W1263.png
198,WWNH32506730,WWNH32506730.png,Hamilton,Hamilton Jazzmaster Auto Chrono Black Dial Leather Strap Men's Watch H32506730,WatchWarehouse,FAIL_CONTENT: case is not dead-on; visible three-quarter perspective; human full-resolution review: watch shown around a display cushion/support,/Users/averyandon/Documents/Codex/2026-09-03/i-need-you-to-edit-and/work/gembreak-images/watches-only/WWNH32506730.png
199,WW725,WW725.png,Tissot,Tissot Chemin Des Tourelles Auto 39MM Ss Two-tone Men's Watch,WatchWarehouse,"canvas,caseW-high,bboxH-low,case-centre-y; PASS_CONTENT from legacy catalog black-background review; human full-resolution review: strong perspective with looped bracelet",/Users/averyandon/Documents/Codex/2026-09-03/i-need-you-to-edit-and/work/gembreak-images/watches-only/WW725.png
200,W231,W231.png,Hamilton,HAMILTON Khaki Field Titanium AUTO 42MM Blue Dial Men's Watch H705,WatchWarehouse,"canvas,caseW-high,bboxH-high; PASS_CONTENT from legacy catalog black-background review; human full-resolution review: strong perspective with full looped strap",/Users/averyandon/Documents/Codex/2026-09-03/i-need-you-to-edit-and/work/gembreak-images/watches-only/W231.png
201,W1364,W1364.png,Longines,LONGINES Elegant Automatic 39MM White Dial Black Leather Men's Wat,WatchWarehouse,"canvas,caseW-high,bboxH-high; PASS_CONTENT from legacy catalog black-background review; human full-resolution review: strong perspective with full looped strap",/Users/averyandon/Documents/Codex/2026-09-03/i-need-you-to-edit-and/work/gembreak-images/watches-only/W1364.png
202,W1346,W1346.png,Longines,LONGINES Elegant Automatic SS 39MM White Dial Men's Watch L4.910.4,WatchWarehouse,"canvas,caseW-high,bboxH-high; PASS_CONTENT from legacy catalog black-background review; human full-resolution review: strong perspective with looped bracelet",/Users/averyandon/Documents/Codex/2026-09-03/i-need-you-to-edit-and/work/gembreak-images/watches-only/W1346.png
203,WL90,WL90.png,Hamilton,HAMILTON Khaki Field Titanium AUTO 42MM Blue Dial Men's Watch H705,WatchWarehouse,"canvas,caseW-high,bboxH-high; PASS_CONTENT from legacy catalog black-background review; human full-resolution review: strong perspective with looped bracelet",/Users/averyandon/Documents/Codex/2026-09-03/i-need-you-to-edit-and/work/gembreak-images/watches-only/WL90.png
204,WL80,WL80.png,Gucci,GUCCI Grip 38MM Quartz SS GG-Engraved Grey Dial Unisex Watch YA157,WatchWarehouse,"canvas,caseW-high,bboxH-high; PASS_CONTENT from legacy catalog black-background review; human full-resolution review: strong perspective with looped bracelet",/Users/averyandon/Documents/Codex/2026-09-03/i-need-you-to-edit-and/work/gembreak-images/watches-only/WL80.png
205,WL83,WL83.png,Gucci,GUCCI G-Frame 21MMx34MM Green/Red MOP Dial Mesh Bracelet Watch YA1,WatchWarehouse,"canvas,bboxH-high; PASS_CONTENT from legacy catalog black-background review; human full-resolution review: strong perspective with looped mesh bracelet",/Users/averyandon/Documents/Codex/2026-09-03/i-need-you-to-edit-and/work/gembreak-images/watches-only/WL83.png
206,W1366,W1366.png,Longines,LONGINES DolceVita Automatic 47MM Leather Men's Watch L57674730 /,WatchWarehouse,"canvas,caseW-high; PASS_CONTENT from legacy catalog black-background review; human full-resolution review: strong perspective with curled strap and visible underside",/Users/averyandon/Documents/Codex/2026-09-03/i-need-you-to-edit-and/work/gembreak-images/watches-only/W1366.png
207,W1433,W1433.png,Longines,LONGINES Dolce Vita Quartz 25.8x42MM Women's Watch L5.755.4.57.6 /,WatchWarehouse,"canvas,caseW-high,bboxH-high; PASS_CONTENT from legacy catalog black-background review; human full-resolution review: strong perspective with looped bracelet",/Users/averyandon/Documents/Codex/2026-09-03/i-need-you-to-edit-and/work/gembreak-images/watches-only/W1433.png
208,WL27,WL27.png,Longines,LONGINES DolceVita Automatic 47MM Leather Men's Watch L57674730 /,WatchWarehouse,"canvas,caseW-high,bboxH-high; PASS_CONTENT from legacy catalog black-background review; human full-resolution review: strong perspective with looped bracelet",/Users/averyandon/Documents/Codex/2026-09-03/i-need-you-to-edit-and/work/gembreak-images/watches-only/WL27.png
209,WWNH24655331,WWNH24655331.png,Hamilton,Hamilton Ventura XXL Automatic Black Dial Rubber Strap Men's Watch H24655331,WatchWarehouse,caseW-low; FAIL_CONTENT: case is not dead-on; visible three-quarter perspective; human full-resolution review: severe zoom-out with full unrolled strap and buckle visible,/Users/averyandon/Documents/Codex/2026-09-03/i-need-you-to-edit-and/work/gembreak-images/watches-only/WWNH24655331.png
210,WW373,WW373.png,Tissot,Tissot Prx Powermatic 80 Carbon Automatic 40MM Men's Watch,WatchWarehouse,"canvas,caseW-high,bboxH-high; PASS_CONTENT from legacy catalog black-background review; human full-resolution review: strong perspective with full looped strap",/Users/averyandon/Documents/Codex/2026-09-03/i-need-you-to-edit-and/work/gembreak-images/watches-only/WW373.png
211,WL87,WL87.png,Gucci,GUCCI GG2570 40MM Quartz Stainless Steel BLK Dial Men's Watch YA14,WatchWarehouse,"canvas,caseW-high,bboxH-high; PASS_CONTENT from legacy catalog black-background review; human full-resolution review: upper bracelet and cutout appear visibly damaged",/Users/averyandon/Documents/Codex/2026-09-03/i-need-you-to-edit-and/work/gembreak-images/watches-only/WL87.png
212,WL52,WL52.png,Hamilton,HAMILTON Jazzmaster Automatic Beige Dial Men's Watch H32635521,WatchWarehouse,"canvas,caseW-low,bboxH-high; PASS_CONTENT from legacy catalog black-background review; human full-resolution review: strong perspective with looped bracelet",/Users/averyandon/Documents/Codex/2026-09-03/i-need-you-to-edit-and/work/gembreak-images/watches-only/WL52.png
213,W1470,W1470.png,Longines,LONGINES Elegant Collection SS 37MM Grey Dial Unisex Watch L4.810.,WatchWarehouse,"canvas,bboxH-high; PASS_CONTENT from legacy catalog black-background review; human full-resolution review: strong perspective with looped bracelet",/Users/averyandon/Documents/Codex/2026-09-03/i-need-you-to-edit-and/work/gembreak-images/watches-only/W1470.png
214,WL61,WL61.png,Hamilton,HAMILTON Jazzmaster Automatic SS 42MM Silver Dial Men's Watch H425,WatchWarehouse,"canvas,bboxH-high; PASS_CONTENT from legacy catalog black-background review; human full-resolution review: strong perspective with looped bracelet and possible cutout damage",/Users/averyandon/Documents/Codex/2026-09-03/i-need-you-to-edit-and/work/gembreak-images/watches-only/WL61.png
215,W1311,W1311.png,Longines,LONGINES DolceVita Quartz SS 27MM Black Diamond Dial Women's Watch,WatchWarehouse,"canvas,caseW-high,bboxH-high; PASS_CONTENT from legacy catalog black-background review; human full-resolution review: strong perspective with looped bracelet",/Users/averyandon/Documents/Codex/2026-09-03/i-need-you-to-edit-and/work/gembreak-images/watches-only/W1311.png
216,W1459,W1459.png,Longines,LONGINES DolceVita Quartz 25MM MOP Dial Women's Watch L5.755.4.87.,WatchWarehouse,"canvas,caseW-high,bboxH-high; PASS_CONTENT from legacy catalog black-background review; human full-resolution review: strong perspective with looped bracelet",/Users/averyandon/Documents/Codex/2026-09-03/i-need-you-to-edit-and/work/gembreak-images/watches-only/W1459.png
217,W1372,W1372.png,Longines,LONGINES DolceVita Automatic 28.2x47MM Silver Dial Blue Leather Me,WatchWarehouse,"canvas,caseW-high,bboxH-high; PASS_CONTENT from legacy catalog black-background review; human full-resolution review: strap and cutout appear visibly damaged",/Users/averyandon/Documents/Codex/2026-09-03/i-need-you-to-edit-and/work/gembreak-images/watches-only/W1372.png
218,W1329,W1329.png,Longines,LONGINES DolceVita Quartz 20MM Red Dial Leather Women's Watch L5.2,WatchWarehouse,"canvas,caseW-high,bboxH-high; PASS_CONTENT from legacy catalog black-background review; human full-resolution review: strong perspective with curled strap and visible underside",/Users/averyandon/Documents/Codex/2026-09-03/i-need-you-to-edit-and/work/gembreak-images/watches-only/W1329.png
219,W1339,W1339.png,Longines,LONGINES DolceVita Quartz 23MM White Dial Women's Watch L5.512.4.1,WatchWarehouse,"canvas,caseW-high,bboxH-high; PASS_CONTENT from legacy catalog black-background review; human full-resolution review: strong perspective with looped bracelet",/Users/averyandon/Documents/Codex/2026-09-03/i-need-you-to-edit-and/work/gembreak-images/watches-only/W1339.png
220,W1539,W1539.png,Longines,LONGINES DolceVita Quartz 23MM White Dial Women's Watch L5.512.4.1,WatchWarehouse,"canvas,caseW-high,bboxH-high; PASS_CONTENT from legacy catalog black-background review; human full-resolution review: strong perspective with curled strap",/Users/averyandon/Documents/Codex/2026-09-03/i-need-you-to-edit-and/work/gembreak-images/watches-only/W1539.png
221,W1349,W1349.png,Longines,LONGINES Elegant Automatic SS 34.5MM White Dial Women's Watch L4.8,WatchWarehouse,"canvas,caseW-high,bboxH-low,case-centre-y; PASS_CONTENT from legacy catalog black-background review; human full-resolution review: head-only or incomplete bracelet presentation",/Users/averyandon/Documents/Codex/2026-09-03/i-need-you-to-edit-and/work/gembreak-images/watches-only/W1349.png
222,W1301,W1301.png,Longines,LONGINES Presence Automatic 34.5MM White Dial Two-Tone Women's Wat,WatchWarehouse,"canvas,caseW-high,bboxH-high; PASS_CONTENT from legacy catalog black-background review; human full-resolution review: strong perspective with looped bracelet",/Users/averyandon/Documents/Codex/2026-09-03/i-need-you-to-edit-and/work/gembreak-images/watches-only/W1301.png
223,WW557,WW557.png,Longines,Longines Conquest Collection V.h.p. 43MM Men's Watch,WatchWarehouse,"canvas,caseW-high,bboxH-high; PASS_CONTENT from legacy catalog black-background review; human full-resolution review: bracelet and cutout appear visibly damaged",/Users/averyandon/Documents/Codex/2026-09-03/i-need-you-to-edit-and/work/gembreak-images/watches-only/WW557.png
224,WL64,WL64.png,Gucci,GUCCI 25H 38MM Quartz Silver Brass Dial Leather Unisex Watch YA163,WatchWarehouse,"canvas,caseW-high,bboxH-high; PASS_CONTENT from legacy catalog black-background review; human full-resolution review: strong perspective with looped strap and visible underside",/Users/averyandon/Documents/Codex/2026-09-03/i-need-you-to-edit-and/work/gembreak-images/watches-only/WL64.png
225,W1350,W1350.png,Longines,LONGINES Presence Automatic SS 38.5MM Champagne Dial Men's Watch L,WatchWarehouse,"canvas,caseW-high,bboxH-high; PASS_CONTENT from legacy catalog black-background review; human full-resolution review: strong perspective with distorted or looped bracelet",/Users/averyandon/Documents/Codex/2026-09-03/i-need-you-to-edit-and/work/gembreak-images/watches-only/W1350.png
226,W1380,W1380.png,Longines,Longines Symphonette MOP Diamond Dial Women's Watch L2.305.4.87.0,WatchWarehouse,"canvas,caseW-low,bboxH-high,case-centre-x; PASS_CONTENT from legacy catalog black-background review; human full-resolution review: strong perspective with looped strap",/Users/averyandon/Documents/Codex/2026-09-03/i-need-you-to-edit-and/work/gembreak-images/watches-only/W1380.png
227,W1325,W1325.png,Longines,LONGINES DolceVita Quartz SS 20MM Blue Dial Women's Watch L5.255.4,WatchWarehouse,"canvas,caseW-high,bboxH-high; PASS_CONTENT from legacy catalog black-background review; human full-resolution review: strong perspective with looped bracelet and visible clasp",/Users/averyandon/Documents/Codex/2026-09-03/i-need-you-to-edit-and/work/gembreak-images/watches-only/W1325.png
228,WL51,WL51.png,Longines,LONGINES DolceVita Quartz SS 23MM Blue Dial Women's Watch L5.512.4,WatchWarehouse,"canvas,bboxH-high; PASS_CONTENT from legacy catalog black-background review; human full-resolution review: strong perspective with looped bracelet and visible clasp",/Users/averyandon/Documents/Codex/2026-09-03/i-need-you-to-edit-and/work/gembreak-images/watches-only/WL51.png
229,WW647,WW647.png,Longines,LONGINES Lyre Automatic SS 35MM Blue Dial Unisex Watch L4.860.4.92,WatchWarehouse,"canvas,caseW-high; PASS_CONTENT from legacy catalog black-background review; human full-resolution review: strong perspective with looped bracelet",/Users/averyandon/Documents/Codex/2026-09-03/i-need-you-to-edit-and/work/gembreak-images/watches-only/WW647.png
230,WW588,WW588.png,Tissot,TISSOT Chemin Des Tourelles Squelette 39MM Men's Watch T139.836.11,WatchWarehouse,"canvas,caseW-high,bboxH-high; PASS_CONTENT from legacy catalog black-background review; human full-resolution review: watch is over-cropped at image bounds",/Users/averyandon/Documents/Codex/2026-09-03/i-need-you-to-edit-and/work/gembreak-images/watches-only/WW588.png
231,W1277,W1277.png,Longines,LONGINES DolceVita Quartz 23MM Blue Dial Leather Women's Watch L5.,WatchWarehouse,"canvas,caseW-high,bboxH-high; PASS_CONTENT from legacy catalog black-background review; human full-resolution review: strong perspective with looped strap",/Users/averyandon/Documents/Codex/2026-09-03/i-need-you-to-edit-and/work/gembreak-images/watches-only/W1277.png
232,WWN01 733 7720 4057-07 5 21 02,WWN01 733 7720 4057-07 5 21 02.png,Oris,Oris Divers Sixty-Five Automatic 42mm Green Dial Leather Strap Men's Watch 01 733 7720 4057-07 5 21 02,WatchWarehouse,caseW-low; PASS_CONTENT from 544-watch individual black-background review; human full-resolution review: severely zoomed-out full-strap presentation,/Users/averyandon/Documents/Codex/2026-09-03/i-need-you-to-edit-and/work/gembreak-images/watches-only/WWN01 733 7720 4057-07 5 21 02.png
233,W1357,W1357.png,Longines,LONGINES Conquest Quartz SS 30MM 11 Diamond White MOP Women's Watc,WatchWarehouse,"canvas,caseW-high,bboxH-high; PASS_CONTENT from legacy catalog black-background review; human full-resolution review: strong perspective with looped bracelet",/Users/averyandon/Documents/Codex/2026-09-03/i-need-you-to-edit-and/work/gembreak-images/watches-only/W1357.png
234,W1327,W1327.png,Longines,LONGINES Lyre Automatic 38.5MM Champagne Dial Men's Watch L4.960.2,WatchWarehouse,"canvas,caseW-high,bboxH-high,case-centre-x; PASS_CONTENT from legacy catalog black-background review; human full-resolution review: strong perspective with looped bracelet",/Users/averyandon/Documents/Codex/2026-09-03/i-need-you-to-edit-and/work/gembreak-images/watches-only/W1327.png
235,W1514,W1514.png,Longines,LONGINES Symphonette Quartz MOP Dial SS Women's Watch L2.305.4.83.,WatchWarehouse,"canvas,caseW-high,bboxH-high; PASS_CONTENT from legacy catalog black-background review; human full-resolution review: strong perspective with looped bracelet",/Users/averyandon/Documents/Codex/2026-09-03/i-need-you-to-edit-and/work/gembreak-images/watches-only/W1514.png
236,W1328,W1328.png,Gucci,GUCCI G-Frame Quartz 14x34MM Black Dial Leather Women's Watch YA12,WatchWarehouse,"canvas,caseW-high,bboxH-high; PASS_CONTENT from legacy catalog black-background review; human full-resolution review: strong perspective with curved strap",/Users/averyandon/Documents/Codex/2026-09-03/i-need-you-to-edit-and/work/gembreak-images/watches-only/W1328.png
237,WWN01 733 7770 4150-SET,WWN01 733 7770 4150-SET.png,Oris,Oris Aquis Date Upcycle Edition Multicolored Dial Steel Unisex Watch 01 733 7770 4150-SET,WatchWarehouse,caseW-low; PASS_CONTENT from 544-watch individual black-background review; human full-resolution review: incomplete or disconnected bracelet presentation,/Users/averyandon/Documents/Codex/2026-09-03/i-need-you-to-edit-and/work/gembreak-images/watches-only/WWN01 733 7770 4150-SET.png
238,WWN01 733 7732 4135-07 5 21 10FC,WWN01 733 7732 4135-07 5 21 10FC.png,Oris,Oris Aquis Date Automatic 39mm Blue Dial Leather Strap Men's Watch 01 733 7732 4135-07 5 21 10FC,WatchWarehouse,FAIL_CONTENT: case is not dead-on; visible three-quarter perspective; human full-resolution review: strong three-quarter perspective,/Users/averyandon/Documents/Codex/2026-09-03/i-need-you-to-edit-and/work/gembreak-images/watches-only/WWN01 733 7732 4135-07 5 21 10FC.png
239,WWN01 733 7732 4157-07 5 21 10FC,WWN01 733 7732 4157-07 5 21 10FC.png,Oris,Oris Aquis Date Automatic 39mm Green Dial Leather Strap Men's Watch 01 733 7732 4157-07 5 21 10FC,WatchWarehouse,FAIL_CONTENT: case is not dead-on; visible three-quarter perspective; human full-resolution review: strong three-quarter perspective,/Users/averyandon/Documents/Codex/2026-09-03/i-need-you-to-edit-and/work/gembreak-images/watches-only/WWN01 733 7732 4157-07 5 21 10FC.png
240,W1276,W1276.png,Longines,LONGINES DolceVita Quartz 20MM Blue Dial Leather Women's Watch L5.,WatchWarehouse,"canvas,caseW-high,bboxH-high; PASS_CONTENT from legacy catalog black-background review; human full-resolution review: strong perspective with looped strap",/Users/averyandon/Documents/Codex/2026-09-03/i-need-you-to-edit-and/work/gembreak-images/watches-only/W1276.png
241,WWN01 733 7707 4357-07 5 20 45,WWN01 733 7707 4357-07 5 20 45.png,Oris,Oris Divers Sixty-Five Green Dial Brown Leather Strap Men's Watch 01 733 7707 4357-07 5 20 45,WatchWarehouse,caseW-low; PASS_CONTENT from 544-watch individual black-background review; human full-resolution review: severely zoomed-out full-strap presentation,/Users/averyandon/Documents/Codex/2026-09-03/i-need-you-to-edit-and/work/gembreak-images/watches-only/WWN01 733 7707 4357-07 5 20 45.png
242,WL23,WL23.png,Gucci,GUCCI G-Frame Quartz SS 14x18MM Black Dial Leather Women's Watch Y,WatchWarehouse,"canvas,caseW-low,bboxH-high; PASS_CONTENT from legacy catalog black-background review; human full-resolution review: strong perspective with looped strap",/Users/averyandon/Documents/Codex/2026-09-03/i-need-you-to-edit-and/work/gembreak-images/watches-only/WL23.png
243,W243,W243.png,Hamilton,HAMILTON Khaki Field Murph 42MM AUTO Black Dial Men's Watch H70605,WatchWarehouse,"canvas,bboxH-high; PASS_CONTENT from legacy catalog black-background review; human full-resolution review: strong perspective with looped strap and visible underside",/Users/averyandon/Documents/Codex/2026-09-03/i-need-you-to-edit-and/work/gembreak-images/watches-only/W243.png
244,W2281,W2281.png,Seiko,SEIKO Premier Kinetic Direct Drive SS 42MM Black Dial Men's Watch,WatchWarehouse,"canvas,caseW-high; PASS_CONTENT from legacy catalog black-background review; human full-resolution review: strong perspective with looped bracelet",/Users/averyandon/Documents/Codex/2026-09-03/i-need-you-to-edit-and/work/gembreak-images/watches-only/W2281.png
245,W248,W248.png,Hamilton,HAMILTON Khaki Aviation Pilot 42MM AUTO Day Date Men's Watch H6461,WatchWarehouse,"canvas,caseW-high,bboxH-high; PASS_CONTENT from legacy catalog black-background review; human full-resolution review: strong perspective with looped strap and visible underside",/Users/averyandon/Documents/Codex/2026-09-03/i-need-you-to-edit-and/work/gembreak-images/watches-only/W248.png
246,WWNH82565930,WWNH82565930.png,Hamilton,Hamilton Khaki Navy Scuba Auto GMT Black Dial Fabric Strap Men's Watch H82565930,WatchWarehouse,FAIL_CONTENT: exposed NATO keeper hardware does not match the approved presentation; human full-resolution review: full NATO strap hardware visible,/Users/averyandon/Documents/Codex/2026-09-03/i-need-you-to-edit-and/work/gembreak-images/watches-only/WWNH82565930.png
247,W1270,W1270.png,Longines,LONGINES Presence Automatic SS 38MM White Dial Men's Watch L4.904.,WatchWarehouse,"canvas,caseW-high,bboxH-high; PASS_CONTENT from legacy catalog black-background review; human full-resolution review: strong perspective with looped bracelet and possible cutout damage",/Users/averyandon/Documents/Codex/2026-09-03/i-need-you-to-edit-and/work/gembreak-images/watches-only/W1270.png
248,WW701,WW701.png,Tissot,Tissot Prx Powermatic 80 40MM Ss Champagne Dial Men's Watch,WatchWarehouse,"canvas,caseW-high,bboxH-high; PASS_CONTENT from legacy catalog black-background review; human full-resolution review: watch is over-cropped at image bounds",/Users/averyandon/Documents/Codex/2026-09-03/i-need-you-to-edit-and/work/gembreak-images/watches-only/WW701.png
249,WW519,WW519.png,Tissot,Tissot Prx Ufo Robot Grendizer Automatic 40MM Men's Watch,WatchWarehouse,"canvas,caseW-high,bboxH-high; PASS_CONTENT from legacy catalog black-background review; human full-resolution review: watch is over-cropped at image bounds",/Users/averyandon/Documents/Codex/2026-09-03/i-need-you-to-edit-and/work/gembreak-images/watches-only/WW519.png
250,WW335,WW335.png,Tissot,Tissot Prx Powermatic 80 40MM Blue Dial Rose Gold Pvd Men's Watch,WatchWarehouse,"canvas,caseW-high,bboxH-high; PASS_CONTENT from legacy catalog black-background review; human full-resolution review: watch is over-cropped at image bounds",/Users/averyandon/Documents/Codex/2026-09-03/i-need-you-to-edit-and/work/gembreak-images/watches-only/WW335.png
251,W1379,W1379.png,Tissot,Tissot Prx Powermatic 80 40MM Ss Champagne Dial Men's Watch,WatchWarehouse,"canvas,caseW-high,bboxH-high; PASS_CONTENT from legacy catalog black-background review; human full-resolution review: strong perspective with looped bracelet",/Users/averyandon/Documents/Codex/2026-09-03/i-need-you-to-edit-and/work/gembreak-images/watches-only/W1379.png
252,W1279,W1279.png,Longines,LONGINES Equestrian Quartz SS 22MM Silver Flinque Dial Women's Wat,WatchWarehouse,"canvas,caseW-low,bboxH-high,case-centre-x; PASS_CONTENT from legacy catalog black-background review; human full-resolution review: bracelet and cutout appear visibly malformed",/Users/averyandon/Documents/Codex/2026-09-03/i-need-you-to-edit-and/work/gembreak-images/watches-only/W1279.png
253,W249,W249.png,Hamilton,HAMILTON Jazzmaster Automatic Black Leather Men's Watch H32635731,WatchWarehouse,"canvas,caseW-high,bboxH-high; PASS_CONTENT from legacy catalog black-background review; human full-resolution review: strong perspective with looped strap and visible underside",/Users/averyandon/Documents/Codex/2026-09-03/i-need-you-to-edit-and/work/gembreak-images/watches-only/W249.png
254,W236,W236.png,Hamilton,HAMILTON American Classic PSR Digital Black SS Men's Watch H524041,WatchWarehouse,"canvas,bboxH-high; PASS_CONTENT from legacy catalog black-background review; human full-resolution review: strong perspective with looped bracelet",/Users/averyandon/Documents/Codex/2026-09-03/i-need-you-to-edit-and/work/gembreak-images/watches-only/W236.png
255,CRH70605732,CRH70605732.png,Hamilton,Hamilton Khaki Field Murph Leather Strap Black Dial Automatic H70605732 100M Men's Watch With Extra Bracelet,Creation Watches,caseW-high; PASS_CONTENT from 544-watch individual black-background review; human full-resolution review: head-only or incomplete strap presentation,/Users/averyandon/Documents/Codex/2026-09-03/i-need-you-to-edit-and/work/gembreak-images/watches-only/CRH70605732.png
256,W1281,W1281.png,Longines,LONGINES Presence Automatic 40MM White Dial Leather Men's Watch L4,WatchWarehouse,"canvas,caseW-high,bboxH-high; PASS_CONTENT from legacy catalog black-background review; human full-resolution review: strong perspective with looped strap",/Users/averyandon/Documents/Codex/2026-09-03/i-need-you-to-edit-and/work/gembreak-images/watches-only/W1281.png
257,W245,W245.png,Hamilton,HAMILTON Khaki Pilot 44MM CHRONO Black Dial Men's Watch H76722131,WatchWarehouse,"canvas,caseW-high,bboxH-high; PASS_CONTENT from legacy catalog black-background review; human full-resolution review: strong perspective with looped bracelet",/Users/averyandon/Documents/Codex/2026-09-03/i-need-you-to-edit-and/work/gembreak-images/watches-only/W245.png
258,W1527,W1527.png,Tissot,TISSOT Chemin Des Tourelles Skeleton 39MM Men's Watch T139.836.36.,WatchWarehouse,"canvas,caseW-high,bboxH-high; PASS_CONTENT from legacy catalog black-background review; human full-resolution review: strong perspective with looped strap and visible underside",/Users/averyandon/Documents/Codex/2026-09-03/i-need-you-to-edit-and/work/gembreak-images/watches-only/W1527.png
259,W1313,W1313.png,Longines,LONGINES Symphonette Quartz SS 29MM Silver Dial Women's Watch L2.3,WatchWarehouse,"canvas,caseW-high,bboxH-high; PASS_CONTENT from legacy catalog black-background review; human full-resolution review: head-only or incomplete bracelet presentation",/Users/averyandon/Documents/Codex/2026-09-03/i-need-you-to-edit-and/work/gembreak-images/watches-only/W1313.png
260,W2283,W2283.png,Seiko,SEIKO Sportura Kinetic Direct Drive SS 42MM Men's Watch SRG005,WatchWarehouse,"canvas,caseW-high; PASS_CONTENT from legacy catalog black-background review; human full-resolution review: strong perspective with looped bracelet",/Users/averyandon/Documents/Codex/2026-09-03/i-need-you-to-edit-and/work/gembreak-images/watches-only/W2283.png
261,W1427,W1427.png,Longines,LONGINES Symphonette Quartz Oval Women's Watch L2.306.4.71.6 / L23,WatchWarehouse,"canvas,caseW-high,bboxH-low,case-centre-y; FAIL_CONTENT: incomplete bracelet; lower bracelet is missing; human full-resolution review: head-only or incomplete bracelet presentation",/Users/averyandon/Documents/Codex/2026-09-03/i-need-you-to-edit-and/work/gembreak-images/watches-only/W1427.png
262,WL28,WL28.png,Tissot,TISSOT Le Locle Automatic 39.3MM Green Dial Rose Gold Men's Watch,WatchWarehouse,"canvas,caseW-high,bboxH-high; PASS_CONTENT from legacy catalog black-background review; human full-resolution review: strong perspective with looped bracelet",/Users/averyandon/Documents/Codex/2026-09-03/i-need-you-to-edit-and/work/gembreak-images/watches-only/WL28.png
263,CRH24411142,CRH24411142.png,Hamilton,Hamilton Ventura Stainless Steel Blue Dial Quartz H24411142 Men's Watch,Creation Watches,caseW-low; PASS_CONTENT from 544-watch individual black-background review; human full-resolution review: severely zoomed-out and side-facing presentation,/Users/averyandon/Documents/Codex/2026-09-03/i-need-you-to-edit-and/work/gembreak-images/watches-only/CRH24411142.png
264,W256,W256.png,Hamilton,HAMILTON Khaki Field King SS Automatic Men's Watch H64455133,WatchWarehouse,"canvas,caseW-high,bboxH-high; PASS_CONTENT from legacy catalog black-background review; human full-resolution review: strong perspective with looped bracelet and cutout artifacts",/Users/averyandon/Documents/Codex/2026-09-03/i-need-you-to-edit-and/work/gembreak-images/watches-only/W256.png
265,W1567,W1567.png,Tissot,TISSOT Visodate Automatic SS 39MM Black Dial Men's Watch T157.407.,WatchWarehouse,"canvas,caseW-high,bboxH-high; PASS_CONTENT from legacy catalog black-background review; human full-resolution review: strong perspective with looped bracelet",/Users/averyandon/Documents/Codex/2026-09-03/i-need-you-to-edit-and/work/gembreak-images/watches-only/W1567.png
266,WW783,WW783.png,Seiko,Seiko Lassale Black Dial Stainless Steel Men's Watch Czy237,WatchWarehouse,"canvas,caseW-high,bboxH-high; PASS_CONTENT from legacy catalog black-background review; human full-resolution review: strong perspective with looped bracelet",/Users/averyandon/Documents/Codex/2026-09-03/i-need-you-to-edit-and/work/gembreak-images/watches-only/WW783.png
267,W2311,W2311.png,Citizen,CITIZEN U.S. Open 25th Anniversary 42MM LTMD Edition Men's Watch A,WatchWarehouse,"canvas,caseW-high,bboxH-high; PASS_CONTENT from legacy catalog black-background review; human full-resolution review: strong perspective with looped bracelet",/Users/averyandon/Documents/Codex/2026-09-03/i-need-you-to-edit-and/work/gembreak-images/watches-only/W2311.png
268,W1546,W1546.png,Longines,LONGINES Presence 35MM AUTO Stainless Steel Men's Watch L48214116,WatchWarehouse,"canvas,caseW-high,bboxH-low,case-centre-y; FAIL_CONTENT: incomplete bracelet; lower bracelet is missing; human full-resolution review: head-only or incomplete bracelet presentation",/Users/averyandon/Documents/Codex/2026-09-03/i-need-you-to-edit-and/work/gembreak-images/watches-only/W1546.png
269,WW693,WW693.png,Movado,MOVADO Bold Evolution 38MM S-Steel Blue Dial Women's Watch 3600790,WatchWarehouse,"canvas,caseW-high,bboxH-high; PASS_CONTENT from legacy catalog black-background review; human full-resolution review: strong perspective with looped bracelet",/Users/averyandon/Documents/Codex/2026-09-03/i-need-you-to-edit-and/work/gembreak-images/watches-only/WW693.png
270,W28,W28.png,Hamilton,HAMILTON Khaki Field Automatic SS 42MM Green Dial Men's Watch H706,WatchWarehouse,"canvas,caseW-high,bboxH-high; PASS_CONTENT from legacy catalog black-background review; human full-resolution review: strong perspective with looped bracelet and visible protective film",/Users/averyandon/Documents/Codex/2026-09-03/i-need-you-to-edit-and/work/gembreak-images/watches-only/W28.png
271,WL89,WL89.png,Gucci,GUCCI Quartz Stainless Steel White Dial Bracelet Women's Watch 600,WatchWarehouse,"canvas,caseW-low,bboxH-high; PASS_CONTENT from legacy catalog black-background review; human full-resolution review: open-clasp bracelet presentation with hardware dominating frame",/Users/averyandon/Documents/Codex/2026-09-03/i-need-you-to-edit-and/work/gembreak-images/watches-only/WL89.png
272,W234,W234.png,Hamilton,HAMILTON Khaki Navy Scuba 37MM Quartz Green Dial Men's Watch H8224,WatchWarehouse,"canvas,caseW-high,bboxH-high; PASS_CONTENT from legacy catalog black-background review; human full-resolution review: full-strap presentation with buckle and hardware visible",/Users/averyandon/Documents/Codex/2026-09-03/i-need-you-to-edit-and/work/gembreak-images/watches-only/W234.png
273,W2279,W2279.png,Seiko,Seiko Sportura Black Dial LTHR Strap Men's Watch SRW899,WatchWarehouse,"canvas,caseW-high; PASS_CONTENT from legacy catalog black-background review; human full-resolution review: strong perspective with looped strap",/Users/averyandon/Documents/Codex/2026-09-03/i-need-you-to-edit-and/work/gembreak-images/watches-only/W2279.png
274,W2277,W2277.png,Seiko,Seiko Sportura Solar 45MM Black Dial Chrono SS Bracelet Men's Watc,WatchWarehouse,"canvas,caseW-high; PASS_CONTENT from legacy catalog black-background review; human full-resolution review: strong perspective with looped bracelet",/Users/averyandon/Documents/Codex/2026-09-03/i-need-you-to-edit-and/work/gembreak-images/watches-only/W2277.png
275,W233,W233.png,Hamilton,HAMILTON American Classic Boulton M Green Leather Women's Watch H1,WatchWarehouse,"canvas,caseW-high,bboxH-high; PASS_CONTENT from legacy catalog black-background review; human full-resolution review: strong perspective with full looped strap",/Users/averyandon/Documents/Codex/2026-09-03/i-need-you-to-edit-and/work/gembreak-images/watches-only/W233.png
276,WW826,WW826.png,Tissot,Tissot Prx 39.5mm Quartz S-steel Gold Dial Men's Watch,WatchWarehouse,"canvas,caseW-high,bboxH-high; PASS_CONTENT from legacy catalog black-background review; human full-resolution review: watch is over-cropped at image bounds",/Users/averyandon/Documents/Codex/2026-09-03/i-need-you-to-edit-and/work/gembreak-images/watches-only/WW826.png
277,WW793,WW793.png,Citizen,Citizen Noblia Cream Dial Gold-tone Ss Women's Watch Sz1212,WatchWarehouse,"canvas,caseW-high,bboxH-high; PASS_CONTENT from legacy catalog black-background review; human full-resolution review: strong perspective with looped bracelet",/Users/averyandon/Documents/Codex/2026-09-03/i-need-you-to-edit-and/work/gembreak-images/watches-only/WW793.png
278,W2312,W2312.png,Citizen,CITIZEN PCAT Limited Edition Eco Drive Black Dial Strap Men's Watc,WatchWarehouse,"canvas,caseW-high; PASS_CONTENT from legacy catalog black-background review; human full-resolution review: strong perspective with looped bracelet",/Users/averyandon/Documents/Codex/2026-09-03/i-need-you-to-edit-and/work/gembreak-images/watches-only/W2312.png
279,WW285,WW285.png,Tissot,Tissot Seastar 1000 Quartz Chronograph 38MM Gray-black Dial Men's,WatchWarehouse,"canvas,caseW-high; PASS_CONTENT from legacy catalog black-background review; human full-resolution review: strong perspective with looped strap",/Users/averyandon/Documents/Codex/2026-09-03/i-need-you-to-edit-and/work/gembreak-images/watches-only/WW285.png
280,W2297,W2297.png,Citizen,CITIZEN Eco Drive Black Dial S-Steel Men's Watch CB0000-57E,WatchWarehouse,"canvas,caseW-high,bboxH-high; PASS_CONTENT from legacy catalog black-background review; human full-resolution review: strong perspective with looped bracelet",/Users/averyandon/Documents/Codex/2026-09-03/i-need-you-to-edit-and/work/gembreak-images/watches-only/W2297.png
281,CRJY0080-62E,CRJY0080-62E.png,Citizen,Citizen Promaster Skyhawk Titanium Eco-Drive Radio Controlled Worl,Creation Watches,"canvas,caseW-high,bboxH-high; PASS_CONTENT from legacy catalog black-background review; human full-resolution review: strong perspective with looped bracelet",/Users/averyandon/Documents/Codex/2026-09-03/i-need-you-to-edit-and/work/gembreak-images/watches-only/CRJY0080-62E.png
282,CRT120.410.22.051.01,CRT120.410.22.051.01.png,Tissot,Tissot SeaStar 1000 Two Tone Stainless Steel Black Dial Quartz Div,Creation Watches,"canvas,caseW-high,bboxH-low,case-centre-y; FAIL_CONTENT: head-only presentation; matching bracelet is missing; human full-resolution review: watch head has no visible strap or bracelet",/Users/averyandon/Documents/Codex/2026-09-03/i-need-you-to-edit-and/work/gembreak-images/watches-only/CRT120.410.22.051.01.png
283,CRH82315931,CRH82315931.png,Hamilton,Hamilton Khaki Scuba H82315931 Automatic Analog Men's Watch,Creation Watches,"canvas,caseW-low,bboxH-high; PASS_CONTENT from legacy catalog black-background review; human full-resolution review: severely zoomed-out full-strap presentation with hardware visible",/Users/averyandon/Documents/Codex/2026-09-03/i-need-you-to-edit-and/work/gembreak-images/watches-only/CRH82315931.png
284,CRH82305931,CRH82305931.png,Hamilton,Hamilton Khaki Navy Scuba Automatic H82305931 Men's Watch,Creation Watches,"canvas,caseW-low,bboxH-high; PASS_CONTENT from legacy catalog black-background review; human full-resolution review: severely zoomed-out full-strap presentation with hardware visible",/Users/averyandon/Documents/Codex/2026-09-03/i-need-you-to-edit-and/work/gembreak-images/watches-only/CRH82305931.png
285,CRH24251391,CRH24251391.png,Hamilton,Hamilton Ventura Quartz H24251391 Women's Watch,Creation Watches,"canvas,caseW-low,bboxH-high; PASS_CONTENT from legacy catalog black-background review; human full-resolution review: strong side-facing presentation",/Users/averyandon/Documents/Codex/2026-09-03/i-need-you-to-edit-and/work/gembreak-images/watches-only/CRH24251391.png
286,CRJY8149-05E,CRJY8149-05E.png,Citizen,Citizen Promaster Skyhawk A-T Leather Strap Black Dial Eco-Drive D,Creation Watches,"canvas,caseW-low,bboxH-high; PASS_CONTENT from legacy catalog black-background review; human full-resolution review: head-only or incomplete strap presentation",/Users/averyandon/Documents/Codex/2026-09-03/i-need-you-to-edit-and/work/gembreak-images/watches-only/CRJY8149-05E.png
287,CRBN2037-11E,CRBN2037-11E.png,Citizen,Citizen PROMASTER Eco-Drive BN2037-11E Limited Edition 200M Men's,Creation Watches,"canvas,caseW-high,bboxH-high; PASS_CONTENT from legacy catalog black-background review; human full-resolution review: strong perspective with looped strap",/Users/averyandon/Documents/Codex/2026-09-03/i-need-you-to-edit-and/work/gembreak-images/watches-only/CRBN2037-11E.png
288,CRH77612133,CRH77612133.png,Hamilton,Hamilton Khaki ETO Chronograph H77612133 Men's Watch,Creation Watches,"canvas,caseW-low,bboxH-high; PASS_CONTENT from legacy catalog black-background review; human full-resolution review: watch is over-cropped at image bounds",/Users/averyandon/Documents/Codex/2026-09-03/i-need-you-to-edit-and/work/gembreak-images/watches-only/CRH77612133.png
289,W240,W240.png,Hamilton,HAMILTON Square Black Dial Leather 28 X 34MM Quartz Vintage Watch,WatchWarehouse,"canvas,caseW-low; PASS_CONTENT from legacy catalog black-background review; human full-resolution review: strong perspective with looped strap",/Users/averyandon/Documents/Codex/2026-09-03/i-need-you-to-edit-and/work/gembreak-images/watches-only/W240.png
290,W2274,W2274.png,Seiko,Seiko Coutura MOP Dial SS Bracelet Women's Watch SRKZ91,WatchWarehouse,bboxH-high; PASS_CONTENT from legacy catalog black-background review; human full-resolution review: strong perspective with looped bracelet,/Users/averyandon/Documents/Codex/2026-09-03/i-need-you-to-edit-and/work/gembreak-images/watches-only/W2274.png
291,CRBJ2105-51E,CRBJ2105-51E.png,Citizen,Citizen Eco-Drive Divers Promaster BJ2105-51E,Creation Watches,"canvas,caseW-high; PASS_CONTENT from legacy catalog black-background review; human full-resolution review: strong perspective with looped bracelet",/Users/averyandon/Documents/Codex/2026-09-03/i-need-you-to-edit-and/work/gembreak-images/watches-only/CRBJ2105-51E.png
292,CRBY3006-53E,CRBY3006-53E.png,Citizen,Citizen Promaster Geo Trekker Radio Controlled Stainless Steel Bla,Creation Watches,"canvas,caseW-high,bboxH-high; PASS_CONTENT from legacy catalog black-background review; human full-resolution review: strong perspective with looped bracelet",/Users/averyandon/Documents/Codex/2026-09-03/i-need-you-to-edit-and/work/gembreak-images/watches-only/CRBY3006-53E.png
293,WW542,WW542.png,Seiko,Seiko 5 Sports Skx Series Automatic 42.5mm Men's Watch Ssk036,WatchWarehouse,"canvas,caseW-high; PASS_CONTENT from legacy catalog black-background review; human full-resolution review: strong perspective with looped strap",/Users/averyandon/Documents/Codex/2026-09-03/i-need-you-to-edit-and/work/gembreak-images/watches-only/WW542.png
294,CRRF1050SUN065P1,CRRF1050SUN065P1.png,Seiko,Refurbished Seiko Prospex Kinetic GMT Diver's PADI Edition SUN065,Creation Watches,"canvas,caseW-high,bboxH-high; PASS_CONTENT from legacy catalog black-background review; human full-resolution review: over-cropped head-dominant presentation",/Users/averyandon/Documents/Codex/2026-09-03/i-need-you-to-edit-and/work/gembreak-images/watches-only/CRRF1050SUN065P1.png
295,CRXS.3590.NSF.SET,CRXS.3590.NSF.SET.png,Luminox,Luminox Navy Seal Foundation Chronograph Black Dial Quartz Diver's,Creation Watches,"canvas,caseW-low; PASS_CONTENT from legacy catalog black-background review; human full-resolution review: head-only or incomplete strap presentation",/Users/averyandon/Documents/Codex/2026-09-03/i-need-you-to-edit-and/work/gembreak-images/watches-only/CRXS.3590.NSF.SET.png
296,CR96B251,CR96B251.png,Bulova,Bulova Special Edition Moon Apollo Lunar Pilot Chronograph Black D,Creation Watches,"canvas,caseW-low,bboxH-high; PASS_CONTENT from legacy catalog black-background review; human full-resolution review: watch is over-cropped at image bounds",/Users/averyandon/Documents/Codex/2026-09-03/i-need-you-to-edit-and/work/gembreak-images/watches-only/CR96B251.png
297,CRAS4050-51E,CRAS4050-51E.png,Citizen,Citizen Promaster Sky Pilot Titanium Eco-Drive Radio Controlled Ch,Creation Watches,"canvas,caseW-high,bboxH-high; PASS_CONTENT from legacy catalog black-background review; human full-resolution review: strong perspective with looped bracelet",/Users/averyandon/Documents/Codex/2026-09-03/i-need-you-to-edit-and/work/gembreak-images/watches-only/CRAS4050-51E.png
298,WW268,WW268.png,Seiko,Seiko 5 Sports Skx Automatic 42.5 Mm Black Dial Ss Men's Watch,WatchWarehouse,"canvas,caseW-high,bboxH-high; PASS_CONTENT from legacy catalog black-background review; human full-resolution review: over-cropped head-dominant presentation",/Users/averyandon/Documents/Codex/2026-09-03/i-need-you-to-edit-and/work/gembreak-images/watches-only/WW268.png
299,CRCB5009-55E,CRCB5009-55E.png,Citizen,Citizen Promaster Sky Eco-Drive Radio Controlled Perpetual Diver's,Creation Watches,"canvas,caseW-high,bboxH-high; PASS_CONTENT from legacy catalog black-background review; human full-resolution review: strong perspective with looped bracelet",/Users/averyandon/Documents/Codex/2026-09-03/i-need-you-to-edit-and/work/gembreak-images/watches-only/CRCB5009-55E.png
300,CRCB5925-82X,CRCB5925-82X.png,Citizen,Citizen Promaster Land Chronograph Radio-Controlled Eco-Drive CB59,Creation Watches,"canvas,caseW-high,bboxH-high; PASS_CONTENT from legacy catalog black-background review; human full-resolution review: strong perspective with looped bracelet",/Users/averyandon/Documents/Codex/2026-09-03/i-need-you-to-edit-and/work/gembreak-images/watches-only/CRCB5925-82X.png
301,WW600,WW600.png,Tissot,Tissot Prx Quartz 35MM Ss Pink Dial Womens Watch,WatchWarehouse,"canvas,caseW-high,bboxH-high; PASS_CONTENT from legacy catalog black-background review; human full-resolution review: strong perspective with looped bracelet and over-cropping",/Users/averyandon/Documents/Codex/2026-09-03/i-need-you-to-edit-and/work/gembreak-images/watches-only/WW600.png
302,CRT120.210.22.051.01,CRT120.210.22.051.01.png,Tissot,Tissot Seastar 1000 Gold Tone Stainless Steel Black Dial Quartz Di,Creation Watches,"canvas,caseW-high,bboxH-high; PASS_CONTENT from legacy catalog black-background review; human full-resolution review: strong perspective with looped bracelet and over-cropping",/Users/averyandon/Documents/Codex/2026-09-03/i-need-you-to-edit-and/work/gembreak-images/watches-only/CRT120.210.22.051.01.png
303,CRH11411115,CRH11411115.png,Hamilton,Hamilton Ardmore American Classic Diamond Accents Quartz H11411115,Creation Watches,"canvas,caseW-high,bboxH-high; PASS_CONTENT from legacy catalog black-background review; human full-resolution review: strong perspective with looped bracelet",/Users/averyandon/Documents/Codex/2026-09-03/i-need-you-to-edit-and/work/gembreak-images/watches-only/CRH11411115.png
304,CRH64455933,CRH64455933.png,Hamilton,Hamilton Khaki King Automatic H64455933 Men's Watch,Creation Watches,"caseW-low,case-centre-x; PASS_CONTENT from legacy catalog black-background review; human full-resolution review: full-strap presentation with end hardware visible",/Users/averyandon/Documents/Codex/2026-09-03/i-need-you-to-edit-and/work/gembreak-images/watches-only/CRH64455933.png
305,CRRF454SSA421J1,CRRF454SSA421J1.png,Seiko,Refurbished Seiko Presage Sakura By Night Zen Garden Open Heart Di,Creation Watches,"canvas,caseW-high,bboxH-high; PASS_CONTENT from legacy catalog black-background review; human full-resolution review: strong perspective with looped strap",/Users/averyandon/Documents/Codex/2026-09-03/i-need-you-to-edit-and/work/gembreak-images/watches-only/CRRF454SSA421J1.png
306,CRBN1024-01E,CRBN1024-01E.png,Citizen,Citizen Promaster Rubber Strap Black Dial Eco-Drive Diver's BN1024,Creation Watches,"canvas,caseW-high,bboxH-high; PASS_CONTENT from legacy catalog black-background review; human full-resolution review: visible CreationWatches text at bottom and over-cropped presentation",/Users/averyandon/Documents/Codex/2026-09-03/i-need-you-to-edit-and/work/gembreak-images/watches-only/CRBN1024-01E.png
307,CRCB5037-17X,CRCB5037-17X.png,Citizen,Citizen Promaster Land Radio Controlled Chronograph Eco-Drive CB50,Creation Watches,"canvas,caseW-high,bboxH-high; PASS_CONTENT from legacy catalog black-background review; human full-resolution review: strong perspective with looped strap",/Users/averyandon/Documents/Codex/2026-09-03/i-need-you-to-edit-and/work/gembreak-images/watches-only/CRCB5037-17X.png
308,CRSEL09004W0,CRSEL09004W0.png,Orient,Orient Star Automatic Power Reserve Japan Made SEL09004W0 Men's Wa,Creation Watches,"canvas,caseW-high,bboxH-high; PASS_CONTENT from legacy catalog black-background review; human full-resolution review: strong perspective with looped strap",/Users/averyandon/Documents/Codex/2026-09-03/i-need-you-to-edit-and/work/gembreak-images/watches-only/CRSEL09004W0.png
309,CRH11221550,CRH11221550.png,Hamilton,Hamilton American Classic Ardmore Leather Strap Silver Dial Quartz,Creation Watches,"canvas,caseW-low,bboxH-high; PASS_CONTENT from legacy catalog black-background review; human full-resolution review: severely narrow and zoomed-out watch presentation",/Users/averyandon/Documents/Codex/2026-09-03/i-need-you-to-edit-and/work/gembreak-images/watches-only/CRH11221550.png
310,CRH76512133,CRH76512133.png,Hamilton,Hamilton Khaki Pilot Pioneer Chronograph H76512133 Men's Watch,Creation Watches,"canvas,caseW-low,bboxH-high; PASS_CONTENT from legacy catalog black-background review; human full-resolution review: watch is over-cropped at image bounds",/Users/averyandon/Documents/Codex/2026-09-03/i-need-you-to-edit-and/work/gembreak-images/watches-only/CRH76512133.png
311,CRBN2036-14E,CRBN2036-14E.png,Citizen,Citizen Divers Promaster BN2036-14E Eco-Drive 200M Men's Watch,Creation Watches,"canvas,caseW-high,bboxH-high; PASS_CONTENT from legacy catalog black-background review; human full-resolution review: strong perspective with looped strap",/Users/averyandon/Documents/Codex/2026-09-03/i-need-you-to-edit-and/work/gembreak-images/watches-only/CRBN2036-14E.png
312,CRRA-AA0823L,CRRA-AA0823L.png,Orient,Orient Kamasu 75th Blue Automatic 200M Diver watch,Creation Watches,bboxH-low; PASS_CONTENT from legacy catalog black-background review; human full-resolution review: strong perspective with looped bracelet,/Users/averyandon/Documents/Codex/2026-09-03/i-need-you-to-edit-and/work/gembreak-images/watches-only/CRRA-AA0823L.png
313,CRSDK05003W,CRSDK05003W.png,Orient,Orient Star Automatic Open Heart Power Reserve Japan Made SDK05003,Creation Watches,"canvas,caseW-high; PASS_CONTENT from legacy catalog black-background review; human full-resolution review: strong perspective with looped strap",/Users/averyandon/Documents/Codex/2026-09-03/i-need-you-to-edit-and/work/gembreak-images/watches-only/CRSDK05003W.png
314,CRXS.3581,CRXS.3581.png,Luminox,Luminox Navy Seal XS.3581 Quartz Chronograph 200M Men's Watch,Creation Watches,"canvas,caseW-high,bboxH-high; PASS_CONTENT from legacy catalog black-background review; human full-resolution review: strong perspective with looped strap",/Users/averyandon/Documents/Codex/2026-09-03/i-need-you-to-edit-and/work/gembreak-images/watches-only/CRXS.3581.png
315,CRVIC241916,CRVIC241916.png,Victorinox,Victorinox Alliance XS Blue Dial Stainless Steel Quartz 241916 100,Creation Watches,"canvas,caseW-high,bboxH-high; PASS_CONTENT from legacy catalog black-background review; human full-resolution review: strong perspective with looped bracelet",/Users/averyandon/Documents/Codex/2026-09-03/i-need-you-to-edit-and/work/gembreak-images/watches-only/CRVIC241916.png
316,CRJR4065-09E,CRJR4065-09E.png,Citizen,Citizen Promaster Marine Yacht Timer Eco-Drive JR4065-09E 200M Div,Creation Watches,"canvas,caseW-high,bboxH-high; PASS_CONTENT from legacy catalog black-background review; human full-resolution review: strong perspective with looped strap",/Users/averyandon/Documents/Codex/2026-09-03/i-need-you-to-edit-and/work/gembreak-images/watches-only/CRJR4065-09E.png
317,CRBN4049-11E,CRBN4049-11E.png,Citizen,Citizen Promaster Altichron Land Eco-Drive BN4049-11E 200M Diver's,Creation Watches,"canvas,caseW-high,bboxH-high; PASS_CONTENT from legacy catalog black-background review; human full-resolution review: strong perspective with looped strap",/Users/averyandon/Documents/Codex/2026-09-03/i-need-you-to-edit-and/work/gembreak-images/watches-only/CRBN4049-11E.png
318,CR98A304,CR98A304.png,Bulova,Bulova Classic Sutton Leather Strap Silver Skeleton Dial Automatic,Creation Watches,"canvas,caseW-high,bboxH-high; PASS_CONTENT from legacy catalog black-background review; human full-resolution review: strong perspective with looped strap",/Users/averyandon/Documents/Codex/2026-09-03/i-need-you-to-edit-and/work/gembreak-images/watches-only/CR98A304.png
319,CRBJ2127-16E,CRBJ2127-16E.png,Citizen,Citizen Promaster Aqualand Diver Eco-Drive Chronograph BJ2127-16E,Creation Watches,"canvas,caseW-high,bboxH-high; PASS_CONTENT from legacy catalog black-background review; human full-resolution review: strong perspective with looped strap",/Users/averyandon/Documents/Codex/2026-09-03/i-need-you-to-edit-and/work/gembreak-images/watches-only/CRBJ2127-16E.png
320,CRSRPF24K1,CRSRPF24K1.png,Seiko,Seiko 5 Sports Street Fighter Zangief Limited Edition Automatic SR,Creation Watches,"canvas,caseW-high,bboxH-high; PASS_CONTENT from legacy catalog black-background review; human full-resolution review: full-strap presentation with end hardware visible",/Users/averyandon/Documents/Codex/2026-09-03/i-need-you-to-edit-and/work/gembreak-images/watches-only/CRSRPF24K1.png
321,CRSRPF67K1,CRSRPF67K1.png,Seiko,Seiko 5 Sports Sarada Uchiha Limited Edition Automatic SRPF67 SRPF,Creation Watches,"canvas,caseW-high,bboxH-high; PASS_CONTENT from legacy catalog black-background review; human full-resolution review: strong perspective with full strap and hardware visible",/Users/averyandon/Documents/Codex/2026-09-03/i-need-you-to-edit-and/work/gembreak-images/watches-only/CRSRPF67K1.png
322,CR98A283,CR98A283.png,Bulova,Bulova Classic Sutton Black Skeleton Dial Automatic 98A283 Men's W,Creation Watches,"canvas,caseW-high,bboxH-high; PASS_CONTENT from legacy catalog black-background review; human full-resolution review: strong perspective with looped strap",/Users/averyandon/Documents/Codex/2026-09-03/i-need-you-to-edit-and/work/gembreak-images/watches-only/CR98A283.png
323,CRCB5034-91W,CRCB5034-91W.png,Citizen,Citizen Promaster Radio Controlled Chronograph Diver's Eco-Drive C,Creation Watches,"canvas,caseW-high,bboxH-high; PASS_CONTENT from legacy catalog black-background review; human full-resolution review: strong perspective with looped bracelet",/Users/averyandon/Documents/Codex/2026-09-03/i-need-you-to-edit-and/work/gembreak-images/watches-only/CRCB5034-91W.png
324,CRSDA02002W,CRSDA02002W.png,Orient,Orient Star Automatic Open Heart SDA02002W Men's Watch,Creation Watches,FAIL_CONTENT: visible retailer or product-tag text overlays the bracelet; human full-resolution review: visible SAPPHIRE CRYSTAL retailer overlay across bracelet,/Users/averyandon/Documents/Codex/2026-09-03/i-need-you-to-edit-and/work/gembreak-images/watches-only/CRSDA02002W.png
325,CRH82201931,CRH82201931.png,Hamilton,Hamilton Khaki Navy Scuba Quartz H82201931 100M Men's Watch,Creation Watches,"canvas,caseW-low,bboxH-high; PASS_CONTENT from legacy catalog black-background review; human full-resolution review: severely narrow full-strap presentation with hardware visible",/Users/averyandon/Documents/Codex/2026-09-03/i-need-you-to-edit-and/work/gembreak-images/watches-only/CRH82201931.png
326,W2295,W2295.png,Citizen,Citizen Noblia MOP Dial LTHR Strap Women's Watch 1060098,WatchWarehouse,"canvas,caseW-low,bboxH-high; PASS_CONTENT from legacy catalog black-background review; human full-resolution review: strong perspective with looped strap and visible underside",/Users/averyandon/Documents/Codex/2026-09-03/i-need-you-to-edit-and/work/gembreak-images/watches-only/W2295.png
327,CRSRPK65K1,CRSRPK65K1.png,Seiko,Seiko 5 Sports SKX Series Checker Flag Special Edition Petrol Blue,Creation Watches,"canvas,caseW-high,bboxH-high; PASS_CONTENT from legacy catalog black-background review; human full-resolution review: strong perspective with looped bracelet",/Users/averyandon/Documents/Codex/2026-09-03/i-need-you-to-edit-and/work/gembreak-images/watches-only/CRSRPK65K1.png
328,CRT129.410.16.053.00~,CRT129.410.16.053.00~.png,Tissot,Tissot Classic Dream Quartz T129.410.16.053.00 T1294101605300 Men',Creation Watches,"canvas,caseW-high; PASS_CONTENT from legacy catalog black-background review; human full-resolution review: over-cropped head-dominant presentation",/Users/averyandon/Documents/Codex/2026-09-03/i-need-you-to-edit-and/work/gembreak-images/watches-only/CRT129.410.16.053.00~.png
329,W2294,W2294.png,Citizen,Citizen Solar-Tech Silver Dial Stainless Steel Men's Watch AP8120-,WatchWarehouse,"canvas,bboxH-high; PASS_CONTENT from legacy catalog black-background review; human full-resolution review: strong perspective with looped bracelet",/Users/averyandon/Documents/Codex/2026-09-03/i-need-you-to-edit-and/work/gembreak-images/watches-only/W2294.png
330,W2287,W2287.png,Citizen,Citizen MOP Dial Silver-tone Women's Watch EP8090-54D,WatchWarehouse,"caseW-low,bboxH-high; PASS_CONTENT from legacy catalog black-background review; human full-resolution review: strong perspective with looped bracelet",/Users/averyandon/Documents/Codex/2026-09-03/i-need-you-to-edit-and/work/gembreak-images/watches-only/W2287.png
331,W2293,W2293.png,Citizen,CITIZEN Blue Dial Titanium Women's Watch EU1390-58L,WatchWarehouse,"canvas,bboxH-high; PASS_CONTENT from legacy catalog black-background review; human full-resolution review: strong perspective with looped bracelet",/Users/averyandon/Documents/Codex/2026-09-03/i-need-you-to-edit-and/work/gembreak-images/watches-only/W2293.png
332,CRSRPF23K1,CRSRPF23K1.png,Seiko,Seiko 5 Sports Street Fighter Blanka Limited Edition Automatic SRP,Creation Watches,"canvas,caseW-high,bboxH-high; PASS_CONTENT from legacy catalog black-background review; human full-resolution review: strong perspective with full strap and hardware visible",/Users/averyandon/Documents/Codex/2026-09-03/i-need-you-to-edit-and/work/gembreak-images/watches-only/CRSRPF23K1.png
333,W2296,W2296.png,Citizen,NOBLIA 24MM MOP Dial LTHR Strap Women's Watch 102545,WatchWarehouse,"canvas,bboxH-high; PASS_CONTENT from legacy catalog black-background review; human full-resolution review: strong perspective with looped strap and visible underside",/Users/averyandon/Documents/Codex/2026-09-03/i-need-you-to-edit-and/work/gembreak-images/watches-only/W2296.png
334,W2292,W2292.png,Citizen,CITIZEN Silver Dial Stainless Steel Women's Watch EL1540-53A,WatchWarehouse,"canvas,bboxH-high; PASS_CONTENT from legacy catalog black-background review; human full-resolution review: strong perspective with looped bracelet",/Users/averyandon/Documents/Codex/2026-09-03/i-need-you-to-edit-and/work/gembreak-images/watches-only/W2292.png
335,CRT122.210.11.033.00~,CRT122.210.11.033.00~.png,Tissot,Tissot Carson Premium T122.210.11.033.00 T1222101103300 Quartz Wom,Creation Watches,"canvas,caseW-high,bboxH-low,case-centre-y; FAIL_CONTENT: incomplete bracelet; lower bracelet is missing; human full-resolution review: watch head has no visible strap or bracelet",/Users/averyandon/Documents/Codex/2026-09-03/i-need-you-to-edit-and/work/gembreak-images/watches-only/CRT122.210.11.033.00~.png
336,CRVIC241847,CRVIC241847.png,Victorinox,Victorinox Fieldforce Leather White Dial Quartz 241847 100M Men's,Creation Watches,"canvas,caseW-high,bboxH-high; PASS_CONTENT from legacy catalog black-background review; human full-resolution review: strong perspective with looped strap",/Users/averyandon/Documents/Codex/2026-09-03/i-need-you-to-edit-and/work/gembreak-images/watches-only/CRVIC241847.png
337,CRBJ2040-55E,CRBJ2040-55E.png,Citizen,Citizen Aqualand Diver Promaster Sea BJ2040-55E Watch,Creation Watches,"canvas,caseW-high,bboxH-high; PASS_CONTENT from legacy catalog black-background review; human full-resolution review: strong perspective with looped bracelet and over-cropping",/Users/averyandon/Documents/Codex/2026-09-03/i-need-you-to-edit-and/work/gembreak-images/watches-only/CRBJ2040-55E.png
338,CRGG-1000-1A3,CRGG-1000-1A3.png,Casio,Casio G-Shock Mudmaster Analog Digital Twin Sensor GG-1000-1A3 GG1,Creation Watches,"canvas,caseW-high,bboxH-high; PASS_CONTENT from legacy catalog black-background review; human full-resolution review: strong perspective with over-cropped strap",/Users/averyandon/Documents/Codex/2026-09-03/i-need-you-to-edit-and/work/gembreak-images/watches-only/CRGG-1000-1A3.png
339,CRRA-AC0K05G00B,CRRA-AC0K05G00B.png,Orient,Orient Triton 70th Anniversary Limited Edition Automatic Diver's R,Creation Watches,caseW-low; PASS_CONTENT from legacy catalog black-background review; human full-resolution review: full-strap presentation with end hardware visible,/Users/averyandon/Documents/Codex/2026-09-03/i-need-you-to-edit-and/work/gembreak-images/watches-only/CRRA-AC0K05G00B.png
340,CRBX1010-53E,CRBX1010-53E.png,Citizen,Citizen Promaster Nighthawk World Time Eco-Drive BX1010-53E 200M M,Creation Watches,"canvas,caseW-high,bboxH-high; PASS_CONTENT from legacy catalog black-background review; human full-resolution review: strong perspective with looped bracelet",/Users/averyandon/Documents/Codex/2026-09-03/i-need-you-to-edit-and/work/gembreak-images/watches-only/CRBX1010-53E.png
341,CRAB4010-56E,CRAB4010-56E.png,Citizen,Citizen Promaster Stainless Steel Black Dial Quartz AB4010-56E 100,Creation Watches,"canvas,caseW-high,bboxH-high; PASS_CONTENT from legacy catalog black-background review; human full-resolution review: strong perspective with looped bracelet",/Users/averyandon/Documents/Codex/2026-09-03/i-need-you-to-edit-and/work/gembreak-images/watches-only/CRAB4010-56E.png
342,CRBJ7017-09E,CRBJ7017-09E.png,Citizen,Citizen Nighthawk Promaster Eco-Drive Pilot BJ7017-09E Men's Watch,Creation Watches,"canvas,caseW-high,bboxH-high; PASS_CONTENT from legacy catalog black-background review; human full-resolution review: strong perspective with looped strap",/Users/averyandon/Documents/Codex/2026-09-03/i-need-you-to-edit-and/work/gembreak-images/watches-only/CRBJ7017-09E.png
343,CRSSA317K1,CRSSA317K1.png,Seiko,Seiko 5 Sports Limited Addition Automatic SSA317 SSA317K1 SSA317K,Creation Watches,"canvas,caseW-high,bboxH-high; PASS_CONTENT from legacy catalog black-background review; human full-resolution review: strong perspective with looped bracelet",/Users/averyandon/Documents/Codex/2026-09-03/i-need-you-to-edit-and/work/gembreak-images/watches-only/CRSSA317K1.png
344,CRBJ7070-57E,CRBJ7070-57E.png,Citizen,Citizen Promaster Pilot Eco-Drive GMT 200M BJ7070-57E Men's Watch,Creation Watches,"canvas,caseW-high,bboxH-high; PASS_CONTENT from legacy catalog black-background review; human full-resolution review: strong perspective with looped bracelet",/Users/averyandon/Documents/Codex/2026-09-03/i-need-you-to-edit-and/work/gembreak-images/watches-only/CRBJ7070-57E.png
345,CRRA-WK0006S,CRRA-WK0006S.png,Orient,Orient Bambino 75th Anniversary Limited Edition White Dial Solar R,Creation Watches,"canvas,caseW-high,bboxH-high; PASS_CONTENT from legacy catalog black-background review; human full-resolution review: head-only or incomplete strap presentation",/Users/averyandon/Documents/Codex/2026-09-03/i-need-you-to-edit-and/work/gembreak-images/watches-only/CRRA-WK0006S.png
346,CRSRP785K1,CRSRP785K1.png,Seiko,Seiko 5 Sports Automatic Limited Edition SRP785 SRP785K1 SRP785K M,Creation Watches,"canvas,caseW-high,bboxH-high; PASS_CONTENT from legacy catalog black-background review; human full-resolution review: strong perspective with looped strap",/Users/averyandon/Documents/Codex/2026-09-03/i-need-you-to-edit-and/work/gembreak-images/watches-only/CRSRP785K1.png
347,CRRF70-SRPG61K1,CRRF70-SRPG61K1.png,Seiko,Refurbished Seiko 5 Sports Grey Dial Automatic SRPG61K1 100M Men's,Creation Watches,FAIL_CONTENT: exposed NATO keeper hardware does not match the approved presentation; human full-resolution review: full-strap presentation with end hardware visible,/Users/averyandon/Documents/Codex/2026-09-03/i-need-you-to-edit-and/work/gembreak-images/watches-only/CRRF70-SRPG61K1.png
348,WW566,WW566.png,Seiko,Seiko 5 Sports Field Gmt Automatic 39.4mm Men's Watch Ssk025,WatchWarehouse,"canvas,caseW-high,bboxH-high; PASS_CONTENT from legacy catalog black-background review; human full-resolution review: full-strap presentation with end hardware visible",/Users/averyandon/Documents/Codex/2026-09-03/i-need-you-to-edit-and/work/gembreak-images/watches-only/WW566.png
349,CR96P245,CR96P245.png,Bulova,Bulova Classic Sutton Diamond Accent Stainless Steel Blue Dial Qua,Creation Watches,"canvas,caseW-high,bboxH-high; PASS_CONTENT from legacy catalog black-background review; human full-resolution review: strong perspective with looped bracelet",/Users/averyandon/Documents/Codex/2026-09-03/i-need-you-to-edit-and/work/gembreak-images/watches-only/CR96P245.png
350,WW953,WW953.png,Movado,Movado Museum Classic Quartz Black Dial 0607626,WatchWarehouse,"canvas,caseW-high,bboxH-high; PASS_CONTENT from legacy catalog black-background review; human full-resolution review: strong perspective with looped bracelet",/Users/averyandon/Documents/Codex/2026-09-03/i-need-you-to-edit-and/work/gembreak-images/watches-only/WW953.png
351,WW554,WW554.png,Seiko,Seiko Alarm Chronograph Tachymeter 42MM Men's Watch Sna163,WatchWarehouse,"canvas,caseW-high,bboxH-high; PASS_CONTENT from legacy catalog black-background review; human full-resolution review: strong perspective with looped bracelet",/Users/averyandon/Documents/Codex/2026-09-03/i-need-you-to-edit-and/work/gembreak-images/watches-only/WW554.png
352,WW952,WW952.png,Tissot,Tissot Everytime 40MM Quartz White Dial,WatchWarehouse,"canvas,caseW-high,bboxH-high; PASS_CONTENT from legacy catalog black-background review; human full-resolution review: strong perspective with looped bracelet",/Users/averyandon/Documents/Codex/2026-09-03/i-need-you-to-edit-and/work/gembreak-images/watches-only/WW952.png
353,WW950,WW950.png,Seiko,Seiko 5 Sports Automatic SRPD55K1 Black Dial,WatchWarehouse,"canvas,caseW-high,bboxH-high; PASS_CONTENT from legacy catalog black-background review; human full-resolution review: strong perspective with looped bracelet",/Users/averyandon/Documents/Codex/2026-09-03/i-need-you-to-edit-and/work/gembreak-images/watches-only/WW950.png
354,CRSRPB91K1,CRSRPB91K1.png,Seiko,Seiko 5 Sports Automatic SRPB91 SRPB91K1 SRPB91K Men's Watch,Creation Watches,"canvas,caseW-high,bboxH-high; PASS_CONTENT from legacy catalog black-background review; human full-resolution review: strong perspective with looped bracelet",/Users/averyandon/Documents/Codex/2026-09-03/i-need-you-to-edit-and/work/gembreak-images/watches-only/CRSRPB91K1.png
355,CRSRPB83K1,CRSRPB83K1.png,Seiko,Seiko 5 Sports Automatic SRPB83 SRPB83K1 SRPB83K Men's Watch,Creation Watches,"canvas,caseW-high,bboxH-high; PASS_CONTENT from legacy catalog black-background review; human full-resolution review: strong perspective with looped bracelet",/Users/averyandon/Documents/Codex/2026-09-03/i-need-you-to-edit-and/work/gembreak-images/watches-only/CRSRPB83K1.png
356,CRSRPB93K1,CRSRPB93K1.png,Seiko,Seiko 5 Sports Automatic SRPB93 SRPB93K1 SRPB93K Men's Watch,Creation Watches,"canvas,caseW-high,bboxH-high; PASS_CONTENT from legacy catalog black-background review; human full-resolution review: strong perspective with looped bracelet",/Users/averyandon/Documents/Codex/2026-09-03/i-need-you-to-edit-and/work/gembreak-images/watches-only/CRSRPB93K1.png
357,CRF20671-1,CRF20671-1.png,Festina,Festina Chrono Bike Rubber Strap Blue Dial Quartz F20671-1 100M Me,Creation Watches,"canvas,caseW-high,bboxH-high; PASS_CONTENT from legacy catalog black-background review; human full-resolution review: strong perspective with looped strap",/Users/averyandon/Documents/Codex/2026-09-03/i-need-you-to-edit-and/work/gembreak-images/watches-only/CRF20671-1.png
358,CRSRPB89K1,CRSRPB89K1.png,Seiko,Seiko 5 Sports Automatic SRPB89 SRPB89K1 SRPB89K Men's Watch,Creation Watches,"canvas,caseW-high,bboxH-high; PASS_CONTENT from legacy catalog black-background review; human full-resolution review: strong perspective with looped bracelet",/Users/averyandon/Documents/Codex/2026-09-03/i-need-you-to-edit-and/work/gembreak-images/watches-only/CRSRPB89K1.png
359,WW791,WW791.png,Citizen,Citizen Solar-tech Silver Dial Stainless Steel Men's Watch,WatchWarehouse,"canvas,caseW-high,bboxH-high; PASS_CONTENT from legacy catalog black-background review; human full-resolution review: strong perspective with looped bracelet",/Users/averyandon/Documents/Codex/2026-09-03/i-need-you-to-edit-and/work/gembreak-images/watches-only/WW791.png
360,CRBN0100-42E,CRBN0100-42E.png,Citizen,Citizen Promaster Marine Diver's Eco-Drive 200M BN0100-42E Men's W,Creation Watches,"canvas,caseW-high,bboxH-high; PASS_CONTENT from legacy catalog black-background review; human full-resolution review: strong perspective with looped strap",/Users/averyandon/Documents/Codex/2026-09-03/i-need-you-to-edit-and/work/gembreak-images/watches-only/CRBN0100-42E.png
361,CRSRP219J1,CRSRP219J1.png,Seiko,Seiko 5 Sports Automatic Japan Made SRP219 SRP219J1 SRP219J Men's,Creation Watches,"canvas,caseW-high,bboxH-high; PASS_CONTENT from legacy catalog black-background review; human full-resolution review: strong perspective with looped strap",/Users/averyandon/Documents/Codex/2026-09-03/i-need-you-to-edit-and/work/gembreak-images/watches-only/CRSRP219J1.png
362,CRSRPB86K1.G,CRSRPB86K1.G.png,Seiko,Seiko 5 Sports Automatic SRPB86 SRPB86K1 SRPB86K Men's Watch,Creation Watches,"canvas,caseW-high,bboxH-high; PASS_CONTENT from legacy catalog black-background review; human full-resolution review: strong perspective with looped strap",/Users/averyandon/Documents/Codex/2026-09-03/i-need-you-to-edit-and/work/gembreak-images/watches-only/CRSRPB86K1.G.png
363,CREFR-S108D-7A,CREFR-S108D-7A.png,Casio,Casio Edifice Stainless Steel White Dial Quartz EFR-S108D-7A EFRS1,Creation Watches,"canvas,caseW-high,bboxH-high; PASS_CONTENT from legacy catalog black-background review; human full-resolution review: strong perspective with looped bracelet",/Users/averyandon/Documents/Codex/2026-09-03/i-need-you-to-edit-and/work/gembreak-images/watches-only/CREFR-S108D-7A.png
364,CRSRPB79K1,CRSRPB79K1.png,Seiko,Seiko 5 Sports Automatic SRPB79 SRPB79K1 SRPB79K Men's Watch,Creation Watches,"canvas,caseW-high; PASS_CONTENT from legacy catalog black-background review; human full-resolution review: strong perspective with looped bracelet",/Users/averyandon/Documents/Codex/2026-09-03/i-need-you-to-edit-and/work/gembreak-images/watches-only/CRSRPB79K1.png
365,CRSRPB81K1,CRSRPB81K1.png,Seiko,Seiko 5 Sports Automatic SRPB81 SRPB81K1 SRPB81K Men's Watch,Creation Watches,"canvas,caseW-high,bboxH-high; PASS_CONTENT from legacy catalog black-background review; human full-resolution review: strong perspective with looped bracelet",/Users/averyandon/Documents/Codex/2026-09-03/i-need-you-to-edit-and/work/gembreak-images/watches-only/CRSRPB81K1.png
366,CRECB-10D-2A,CRECB-10D-2A.png,Casio,Casio Edifice World Time Mobile Link ECB-10D-2A ECB10D-2 100M Men',Creation Watches,"canvas,caseW-high,bboxH-high; PASS_CONTENT from legacy catalog black-background review; human full-resolution review: strong perspective with looped bracelet",/Users/averyandon/Documents/Codex/2026-09-03/i-need-you-to-edit-and/work/gembreak-images/watches-only/CRECB-10D-2A.png
367,CRF20463-2,CRF20463-2.png,Festina,Festina Sport Chronograph Stainless Steel Blue Dial Quartz F20463-,Creation Watches,"canvas,caseW-high,bboxH-high; PASS_CONTENT from legacy catalog black-background review; human full-resolution review: strong perspective with looped bracelet",/Users/averyandon/Documents/Codex/2026-09-03/i-need-you-to-edit-and/work/gembreak-images/watches-only/CRF20463-2.png
368,WW790,WW790.png,Citizen,Citizen Elegance Gold Dial Two-tone Ss Men's Watch Bi0124-57pz,WatchWarehouse,"canvas,caseW-high,bboxH-high; PASS_CONTENT from legacy catalog black-background review; human full-resolution review: strong perspective with looped bracelet",/Users/averyandon/Documents/Codex/2026-09-03/i-need-you-to-edit-and/work/gembreak-images/watches-only/WW790.png
369,WW774,WW774.png,Seiko,Seiko White Dial Two-tone S-steel Men's Watch Sge778p1,WatchWarehouse,"canvas,caseW-high,bboxH-high; PASS_CONTENT from legacy catalog black-background review; human full-resolution review: strong perspective with looped bracelet",/Users/averyandon/Documents/Codex/2026-09-03/i-need-you-to-edit-and/work/gembreak-images/watches-only/WW774.png
370,CREFR-S108D-1A,CREFR-S108D-1A.png,Casio,Casio Edifice Slim Line Black Dial Quartz EFR-S108D-1A 100M Men's,Creation Watches,"canvas,caseW-high,bboxH-low; PASS_CONTENT from legacy catalog black-background review; human full-resolution review: strong perspective with looped bracelet",/Users/averyandon/Documents/Codex/2026-09-03/i-need-you-to-edit-and/work/gembreak-images/watches-only/CREFR-S108D-1A.png
371,CREFR-S108D-3A,CREFR-S108D-3A.png,Casio,Casio Edifice Sapphire Crystal Analog Stainless Steel Green Dial Q,Creation Watches,"canvas,caseW-high,bboxH-high; PASS_CONTENT from legacy catalog black-background review; human full-resolution review: strong perspective with looped bracelet",/Users/averyandon/Documents/Codex/2026-09-03/i-need-you-to-edit-and/work/gembreak-images/watches-only/CREFR-S108D-3A.png
372,CRCEM75001BR,CRCEM75001BR.png,Orient,Orient Mako Automatic Black Dial - CreationWatches,Creation Watches,"canvas,caseW-high,bboxH-high; PASS_CONTENT from legacy catalog black-background review; human full-resolution review: strong perspective with looped bracelet",/Users/averyandon/Documents/Codex/2026-09-03/i-need-you-to-edit-and/work/gembreak-images/watches-only/CRCEM75001BR.png
373,CRPRJ-B001-5,CRPRJ-B001-5.png,Casio,Casio Pro Trek Analog Digital Smartphone Link Grey Dial Tough Sola,Creation Watches,"canvas,caseW-high,bboxH-high; PASS_CONTENT from legacy catalog black-background review; human full-resolution review: strong perspective with looped strap",/Users/averyandon/Documents/Codex/2026-09-03/i-need-you-to-edit-and/work/gembreak-images/watches-only/CRPRJ-B001-5.png
374,E79767927295,E79767927295.png,Casio,Casio Ef-527d-1av,Eastern (Casio),"canvas,caseW-high,bboxH-high; PASS_CONTENT from legacy catalog black-background review; human full-resolution review: strong perspective with looped bracelet",/Users/averyandon/Documents/Codex/2026-09-03/i-need-you-to-edit-and/work/gembreak-images/watches-only/E79767927295.png
375,CRRF600SNKK98K1,CRRF600SNKK98K1.png,Refurbished,Refurbished Seiko 5 Automatic 21 Jewels SNKK98 SNKK98K1 SNKK98K Men's Watch,Creation Watches,FAIL_CONTENT: watch is shown at a strong angle with a curved bracelet; human full-resolution review: strong perspective with looped bracelet,/Users/averyandon/Documents/Codex/2026-09-03/i-need-you-to-edit-and/work/gembreak-images/watches-only/CRRF600SNKK98K1.png
376,CRRF410SNKL28K1,CRRF410SNKL28K1.png,Refurbished,Refurbished Seiko 5 Automatic 21 Jewels SNKL28 SNKL28K1 SNKL28K Men's Watch,Creation Watches,FAIL_CONTENT: watch is shown at a strong angle with a curved bracelet; human full-resolution review: strong perspective with looped bracelet,/Users/averyandon/Documents/Codex/2026-09-03/i-need-you-to-edit-and/work/gembreak-images/watches-only/CRRF410SNKL28K1.png
377,CRSRPA93J1,CRSRPA93J1.png,Seiko,Seiko 5 Sports Limited Edition Automatic Japan Made SRPA93 SRPA93J,Creation Watches,"canvas,caseW-high,bboxH-high; PASS_CONTENT from legacy catalog black-background review; human full-resolution review: full-strap presentation with end hardware visible",/Users/averyandon/Documents/Codex/2026-09-03/i-need-you-to-edit-and/work/gembreak-images/watches-only/CRSRPA93J1.png
378,CRU864,CRU864.png,Refurbished,Refurbished Casio Edifice Analog Digital Smartphone Link Stainless Steel Black Dial Quartz ECB-10DC-1A 100M Men's Watch,Creation Watches,caseW-high; PASS_CONTENT from 424-watch black-background review; human full-resolution review: strong perspective with looped bracelet,/Users/averyandon/Documents/Codex/2026-09-03/i-need-you-to-edit-and/work/gembreak-images/watches-only/CRU864.png
379,CRGM-5600GC-1,CRGM-5600GC-1.png,Casio,Casio G-Shock Digital Grunge Camouflage Series Grey Dial Quartz GM-5600GC-1 200M Men's Watch,Creation Watches,caseW-low; PASS_CONTENT from 424-watch black-background review; human full-resolution review: strong perspective with looped strap,/Users/averyandon/Documents/Codex/2026-09-03/i-need-you-to-edit-and/work/gembreak-images/watches-only/CRGM-5600GC-1.png
380,CRAV-4011-0C,CRAV-4011-0C.png,AVI-8,AVI-8 Hawker Hurricane Classic Chronograph Cream Beige Dial Quartz AV-4011-0C Men's Watch,Creation Watches,caseW-low; PASS_CONTENT from 424-watch black-background review; human full-resolution review: severely zoomed-out full-strap presentation,/Users/averyandon/Documents/Codex/2026-09-03/i-need-you-to-edit-and/work/gembreak-images/watches-only/CRAV-4011-0C.png
381,CRRF1730SNZG13J1,CRRF1730SNZG13J1.png,Refurbished,Refurbished Seiko 5 Sports SNZG13 SNZG13J1 SNZG13J Automatic Analog Men's Watch,Creation Watches,caseW-high; PASS_CONTENT from 424-watch black-background review; human full-resolution review: strong perspective with looped bracelet,/Users/averyandon/Documents/Codex/2026-09-03/i-need-you-to-edit-and/work/gembreak-images/watches-only/CRRF1730SNZG13J1.png
382,CRRF1688SNKL57K1,CRRF1688SNKL57K1.png,Refurbished,Refurbished Seiko 5 Automatic White Dial SNKL57 SNKL57K1 SNKL57K Men's Watch,Creation Watches,FAIL_CONTENT: watch is shown at a strong angle; human full-resolution review: strong perspective with looped bracelet,/Users/averyandon/Documents/Codex/2026-09-03/i-need-you-to-edit-and/work/gembreak-images/watches-only/CRRF1688SNKL57K1.png
383,CRRF1613SNXS79J1,CRRF1613SNXS79J1.png,Refurbished,Refurbished Seiko 5 Automatic Japan Made SNXS79 SNXS79J1 SNXS79J Men's Watch,Creation Watches,caseW-low; PASS_CONTENT from 424-watch black-background review; human full-resolution review: strong perspective with looped bracelet,/Users/averyandon/Documents/Codex/2026-09-03/i-need-you-to-edit-and/work/gembreak-images/watches-only/CRRF1613SNXS79J1.png
384,CRRF1292SNXS80K1,CRRF1292SNXS80K1.png,Refurbished,Refurbished Seiko 5 Automatic SNXS80 SNXS80K1 SNXS80K Men's Watch,Creation Watches,caseW-low; PASS_CONTENT from 424-watch black-background review; human full-resolution review: strong perspective with looped bracelet,/Users/averyandon/Documents/Codex/2026-09-03/i-need-you-to-edit-and/work/gembreak-images/watches-only/CRRF1292SNXS80K1.png
385,CRRF1136SNKN55J1,CRRF1136SNKN55J1.png,Refurbished,Refurbished Seiko 5 Automatic Japan Made SNKN55 SNKN55J1 SNKN55J Men's Watch,Creation Watches,FAIL_CONTENT: watch is shown at a strong angle; human full-resolution review: strong perspective with looped bracelet,/Users/averyandon/Documents/Codex/2026-09-03/i-need-you-to-edit-and/work/gembreak-images/watches-only/CRRF1136SNKN55J1.png
386,CRFAC00007W0,CRFAC00007W0.png,Orient,Orient 2nd Generation Bambino Version 2 Automatic FAC00007W0 Men's,Creation Watches,"canvas,caseW-high,bboxH-high; PASS_CONTENT from legacy catalog black-background review; human full-resolution review: strong perspective with looped strap",/Users/averyandon/Documents/Codex/2026-09-03/i-need-you-to-edit-and/work/gembreak-images/watches-only/CRFAC00007W0.png
387,CRSRP635K1,CRSRP635K1.png,Seiko,Seiko 5 Sports Automatic SRP635 SRP635K1 SRP635K Men's Watch,Creation Watches,"canvas,caseW-low,bboxH-high; PASS_CONTENT from legacy catalog black-background review; human full-resolution review: severely zoomed-out full-strap presentation",/Users/averyandon/Documents/Codex/2026-09-03/i-need-you-to-edit-and/work/gembreak-images/watches-only/CRSRP635K1.png
388,CRRF1527SNKL86K1,CRRF1527SNKL86K1.png,Refurbished,Refurbished Seiko 5 Automatic 21 Jewels SNKL86 SNKL86K1 SNKL86K Men's Watch,Creation Watches,FAIL_CONTENT: watch is shown at a strong angle; human full-resolution review: strong perspective with looped bracelet,/Users/averyandon/Documents/Codex/2026-09-03/i-need-you-to-edit-and/work/gembreak-images/watches-only/CRRF1527SNKL86K1.png
389,CRRF1122SNK366K1,CRRF1122SNK366K1.png,Refurbished,Refurbished Seiko 5 Automatic 21 Jewels SNK366 SNK366K1 SNK366K Men's Watch,Creation Watches,FAIL_CONTENT: watch is shown at a strong angle; human full-resolution review: strong perspective with looped bracelet,/Users/averyandon/Documents/Codex/2026-09-03/i-need-you-to-edit-and/work/gembreak-images/watches-only/CRRF1122SNK366K1.png
390,CRRF209-SNKK84K1,CRRF209-SNKK84K1.png,Refurbished,Refurbished Seiko 5 White Dial Automatic 21 Jewels SNKK84K1 Men's Watch,Creation Watches,caseW-low; PASS_CONTENT from 424-watch black-background review; human full-resolution review: strong perspective with looped bracelet,/Users/averyandon/Documents/Codex/2026-09-03/i-need-you-to-edit-and/work/gembreak-images/watches-only/CRRF209-SNKK84K1.png
391,CREQS-940NL-1A,CREQS-940NL-1A.png,Casio,Casio Edifice Nighttime Drive Series Analog Chronograph Black Dial Solar EQS-940NL-1A 100M Men's Watch,Creation Watches,PASS_CONTENT from 424-watch black-background review; pending v2 candidate recheck; human full-resolution review: strong perspective with looped strap,/Users/averyandon/Documents/Codex/2026-09-03/i-need-you-to-edit-and/work/gembreak-images/watches-only/CREQS-940NL-1A.png
392,CRGA-2100-7A7,CRGA-2100-7A7.png,Casio,Casio G-Shock Tone-on-Tone Analog Digital Resin Strap White Dial Q,Creation Watches,"canvas,caseW-high,bboxH-high; PASS_CONTENT from legacy catalog black-background review; human full-resolution review: strong perspective with looped strap",/Users/averyandon/Documents/Codex/2026-09-03/i-need-you-to-edit-and/work/gembreak-images/watches-only/CRGA-2100-7A7.png
393,CRRF1728SNK567J1,CRRF1728SNK567J1.png,Refurbished,Refurbished Seiko 5 Automatic Japan Made SNK567 SNK567J1 SNK567J Men's Watch,Creation Watches,caseW-low; PASS_CONTENT from 424-watch black-background review; human full-resolution review: strong perspective with looped bracelet,/Users/averyandon/Documents/Codex/2026-09-03/i-need-you-to-edit-and/work/gembreak-images/watches-only/CRRF1728SNK567J1.png
394,CRRF1725SNKE01K1,CRRF1725SNKE01K1.png,Refurbished,Refurbished Seiko 5 Automatic SNKE01 SNKE01K1 SNKE01K Men's Watch,Creation Watches,caseW-low; PASS_CONTENT from 424-watch black-background review; human full-resolution review: strong perspective with looped bracelet,/Users/averyandon/Documents/Codex/2026-09-03/i-need-you-to-edit-and/work/gembreak-images/watches-only/CRRF1725SNKE01K1.png
395,CRRF1670SNKC51J1,CRRF1670SNKC51J1.png,Refurbished,Refurbished Seiko 5 Date-Day Stainless Steel Blue Dial 21 Jewels Automatic SNKC51J1 Men's Watch,Creation Watches,caseW-low; PASS_CONTENT from 424-watch black-background review; human full-resolution review: strong perspective with looped bracelet,/Users/averyandon/Documents/Codex/2026-09-03/i-need-you-to-edit-and/work/gembreak-images/watches-only/CRRF1670SNKC51J1.png
396,CRRF1598SNKE57J1,CRRF1598SNKE57J1.png,Refurbished,Refurbished Seiko 5 Automatic 21 Jewels Japan Made SNKE57 SNKE57J1 SNKE57J Men's Watch,Creation Watches,FAIL_CONTENT: watch is shown at a strong angle; human full-resolution review: strong perspective with looped bracelet,/Users/averyandon/Documents/Codex/2026-09-03/i-need-you-to-edit-and/work/gembreak-images/watches-only/CRRF1598SNKE57J1.png
397,CRRF1533SNKD99K1,CRRF1533SNKD99K1.png,Refurbished,Refurbished Seiko 5 Automatic SNKD99 SNKD99K1 SNKD99K Men's Watch,Creation Watches,caseW-low; PASS_CONTENT from 424-watch black-background review; human full-resolution review: strong perspective with looped bracelet,/Users/averyandon/Documents/Codex/2026-09-03/i-need-you-to-edit-and/work/gembreak-images/watches-only/CRRF1533SNKD99K1.png
398,CRRF701SNK563J1,CRRF701SNK563J1.png,Refurbished,Refurbished Seiko 5 Automatic Japan Made SNK563 SNK563J1 SNK563J Men's Watch,Creation Watches,caseW-low; PASS_CONTENT from 424-watch black-background review; human full-resolution review: strong perspective with looped bracelet,/Users/averyandon/Documents/Codex/2026-09-03/i-need-you-to-edit-and/work/gembreak-images/watches-only/CRRF701SNK563J1.png
399,CRRF446SNK375J1,CRRF446SNK375J1.png,Refurbished,Refurbished Seiko 5 Automatic Japan Made 21 Jewels SNK375 SNK375J1 SNK375J Men's Watch,Creation Watches,caseW-low; PASS_CONTENT from 424-watch black-background review; human full-resolution review: strong perspective with looped bracelet,/Users/averyandon/Documents/Codex/2026-09-03/i-need-you-to-edit-and/work/gembreak-images/watches-only/CRRF446SNK375J1.png
400,CRU579,CRU579.png,Refurbished,Refurbished Michael Kors Runway Rose Gold Tone MK3197 Women's Watch,Creation Watches,caseW-high; PASS_CONTENT from 424-watch black-background review; human full-resolution review: strong perspective with looped bracelet,/Users/averyandon/Documents/Codex/2026-09-03/i-need-you-to-edit-and/work/gembreak-images/watches-only/CRU579.png
401,CRSNKC51J1,CRSNKC51J1.png,Seiko,Seiko 5 Date-Day Stainless Steel Blue Dial 21 Jewels Automatic SNKC51J1 Men's Watch,Creation Watches,caseW-low; PASS_CONTENT from 424-watch black-background review; human full-resolution review: strong perspective with looped bracelet,/Users/averyandon/Documents/Codex/2026-09-03/i-need-you-to-edit-and/work/gembreak-images/watches-only/CRSNKC51J1.png
402,CRU578,CRU578.png,Refurbished,Refurbished Armani Exchange Cayde Grey Dial Quartz AX2722 Men's Watch,Creation Watches,FAIL_CONTENT: watch is shown at a strong angle; human full-resolution review: strong perspective with looped bracelet,/Users/averyandon/Documents/Codex/2026-09-03/i-need-you-to-edit-and/work/gembreak-images/watches-only/CRU578.png
403,CRRF1683SNXS79K1,CRRF1683SNXS79K1.png,Refurbished,Refurbished Seiko 5 Automatic SNXS79 SNXS79K1 SNXS79K Men's Watch,Creation Watches,FAIL_CONTENT: watch is shown at a strong angle; human full-resolution review: strong perspective with looped bracelet,/Users/averyandon/Documents/Codex/2026-09-03/i-need-you-to-edit-and/work/gembreak-images/watches-only/CRRF1683SNXS79K1.png
404,CRRF1004NR1Q003W0,CRRF1004NR1Q003W0.png,Refurbished,Refurbished Orient Automatic NR1Q003W0 NR1Q003W Womens Watch,Creation Watches,caseW-high; PASS_CONTENT from 424-watch black-background review; human full-resolution review: strong perspective with full looped strap,/Users/averyandon/Documents/Codex/2026-09-03/i-need-you-to-edit-and/work/gembreak-images/watches-only/CRRF1004NR1Q003W0.png
405,WW610,WW610.png,Seiko,Seiko Quartz 35MM Black Dial Ss Women's Watch Srl049p1,WatchWarehouse,"canvas,caseW-high,bboxH-high; PASS_CONTENT from legacy catalog black-background review; human full-resolution review: strong perspective with looped bracelet",/Users/averyandon/Documents/Codex/2026-09-03/i-need-you-to-edit-and/work/gembreak-images/watches-only/WW610.png
406,CRR3253518513,CRR3253518513.png,Sector,Sector No Limits Stainless Steel Blue Dial Quartz R3253518513 Women's Watch With Git Set,Creation Watches,caseW-low; PASS_CONTENT from 424-watch black-background review; human full-resolution review: strong perspective with looped mesh bracelet,/Users/averyandon/Documents/Codex/2026-09-03/i-need-you-to-edit-and/work/gembreak-images/watches-only/CRR3253518513.png
407,CRRF1558SNKK94K1,CRRF1558SNKK94K1.png,Refurbished,Refurbished Seiko 5 Automatic 21 Jewels SNKK94 SNKK94K1 SNKK94K Men's Watch,Creation Watches,"bboxH-low,case-centre-x; PASS_CONTENT from 424-watch black-background review; human full-resolution review: strong side-facing presentation with looped bracelet",/Users/averyandon/Documents/Codex/2026-09-03/i-need-you-to-edit-and/work/gembreak-images/watches-only/CRRF1558SNKK94K1.png
408,CRRF1438SNKL58K1,CRRF1438SNKL58K1.png,Refurbished,Refurbished Seiko 5 Automatic White Dial SNKL58 SNKL58K1 SNKL58K Men's Watch,Creation Watches,FAIL_CONTENT: watch is shown at a strong angle; human full-resolution review: strong perspective with looped bracelet,/Users/averyandon/Documents/Codex/2026-09-03/i-need-you-to-edit-and/work/gembreak-images/watches-only/CRRF1438SNKL58K1.png
409,CRRF378GA-700-1B,CRRF378GA-700-1B.png,Refurbished,Refurbished Casio G-Shock Analog Digital GA-700-1B GA700-1B Men's Watch,Creation Watches,"caseW-high,bboxH-low; PASS_CONTENT from 424-watch black-background review; human full-resolution review: strong perspective with looped strap",/Users/averyandon/Documents/Codex/2026-09-03/i-need-you-to-edit-and/work/gembreak-images/watches-only/CRRF378GA-700-1B.png
410,CRRF1283GA-2000S-1,CRRF1283GA-2000S-1.png,Refurbished,Refurbished Casio G-Shock Standard Analog Digital Quartz GA-2000S-1 GA2000S-1 200M Men's Watch,Creation Watches,"caseW-high,bboxH-low; PASS_CONTENT from 424-watch black-background review; human full-resolution review: strong perspective with full looped strap",/Users/averyandon/Documents/Codex/2026-09-03/i-need-you-to-edit-and/work/gembreak-images/watches-only/CRRF1283GA-2000S-1.png
411,CRRF855INV8930OB,CRRF855INV8930OB.png,Refurbished,Refurbished Invicta Automatic Pro Diver 200M Blue Dial 8930OB Men's Watch,Creation Watches,caseW-high; PASS_CONTENT from 424-watch black-background review; human full-resolution review: strong perspective with looped bracelet,/Users/averyandon/Documents/Codex/2026-09-03/i-need-you-to-edit-and/work/gembreak-images/watches-only/CRRF855INV8930OB.png
412,CRGA-2100VB-1A,CRGA-2100VB-1A.png,Casio,Casio G-Shock Analog Digital Black Dial Quartz GA-2100VB-1A GA2100,Creation Watches,"canvas,caseW-high,bboxH-high; PASS_CONTENT from legacy catalog black-background review; human full-resolution review: strong perspective with looped strap",/Users/averyandon/Documents/Codex/2026-09-03/i-need-you-to-edit-and/work/gembreak-images/watches-only/CRGA-2100VB-1A.png
413,CRRF1639SNKE54K1,CRRF1639SNKE54K1.png,Refurbished,Refurbished Seiko 5 Automatic 21 Jewels SNKE54 SNKE54K1 SNKE54K Men's Watch,Creation Watches,FAIL_CONTENT: watch is shown at a strong angle; human full-resolution review: strong perspective with looped bracelet,/Users/averyandon/Documents/Codex/2026-09-03/i-need-you-to-edit-and/work/gembreak-images/watches-only/CRRF1639SNKE54K1.png
414,CRF20560-5,CRF20560-5.png,Festina,Festina Timeless Chronograph Stainless Steel Black Dial Quartz F20560-5 100M Men's Watch,Creation Watches,caseW-high; PASS_CONTENT from 424-watch black-background review; human full-resolution review: strong perspective with looped bracelet,/Users/averyandon/Documents/Codex/2026-09-03/i-need-you-to-edit-and/work/gembreak-images/watches-only/CRF20560-5.png
415,CRGA-110HR-1A,CRGA-110HR-1A.png,Casio,Casio G-Shock Special Color Shock Resistant Analog Digital GA-110H,Creation Watches,"canvas,caseW-high,bboxH-high; PASS_CONTENT from legacy catalog black-background review; human full-resolution review: strong perspective with looped strap",/Users/averyandon/Documents/Codex/2026-09-03/i-need-you-to-edit-and/work/gembreak-images/watches-only/CRGA-110HR-1A.png
416,CREFV-620D-1A4V,CREFV-620D-1A4V.png,Casio,Casio Edifice Chronograph Analog Quartz EFV-620D-1A4V EFV620D-1A4,Creation Watches,"canvas,caseW-high,bboxH-high; PASS_CONTENT from legacy catalog black-background review; human full-resolution review: strong perspective with looped bracelet",/Users/averyandon/Documents/Codex/2026-09-03/i-need-you-to-edit-and/work/gembreak-images/watches-only/CREFV-620D-1A4V.png
417,CRU616,CRU616.png,Refurbished,Refurbished Sector 230 Black Dial Two Tone Stainless Steel Quartz R3253161019 100M Men's Watch,Creation Watches,FAIL_CONTENT: watch is shown at a strong angle with a curved bracelet; human full-resolution review: strong perspective with looped bracelet,/Users/averyandon/Documents/Codex/2026-09-03/i-need-you-to-edit-and/work/gembreak-images/watches-only/CRU616.png
418,CRRF1597SNKL66K1,CRRF1597SNKL66K1.png,Refurbished,Refurbished Seiko 5 Sports Automatic Black Dial SNKL66 SNKL66K1 SNKL66K Men's Watch,Creation Watches,caseW-low; PASS_CONTENT from 424-watch black-background review; human full-resolution review: strong perspective with looped bracelet,/Users/averyandon/Documents/Codex/2026-09-03/i-need-you-to-edit-and/work/gembreak-images/watches-only/CRRF1597SNKL66K1.png
419,CRRF1495SNK621K1,CRRF1495SNK621K1.png,Refurbished,Refurbished Seiko 5 Automatic 21 Jewels SNK621 SNK621K1 SNK621K Men's Watch,Creation Watches,caseW-low; PASS_CONTENT from 424-watch black-background review; human full-resolution review: strong perspective with looped bracelet,/Users/averyandon/Documents/Codex/2026-09-03/i-need-you-to-edit-and/work/gembreak-images/watches-only/CRRF1495SNK621K1.png
420,CRGA-100-1A1,CRGA-100-1A1.png,Casio,Casio G-Shock GA-100-1A1 GA100-1A1 Shock Resistant 200M Men's Watc,Creation Watches,"canvas,caseW-high,bboxH-high; PASS_CONTENT from legacy catalog black-background review; human full-resolution review: strong perspective with looped strap",/Users/averyandon/Documents/Codex/2026-09-03/i-need-you-to-edit-and/work/gembreak-images/watches-only/CRGA-100-1A1.png
421,CRRF1494SNKE51K1,CRRF1494SNKE51K1.png,Refurbished,Refurbished Seiko 5 Automatic SNKE51 SNKE51K1 SNKE51K Men's Watch,Creation Watches,caseW-low; PASS_CONTENT from 424-watch black-background review; human full-resolution review: strong perspective with looped bracelet,/Users/averyandon/Documents/Codex/2026-09-03/i-need-you-to-edit-and/work/gembreak-images/watches-only/CRRF1494SNKE51K1.png
422,CRRF1451SNK615K1,CRRF1451SNK615K1.png,Refurbished,Refurbished Seiko 5 Sports Automatic SNK615 SNK615K1 SNK615K Men's Watch,Creation Watches,caseW-low; PASS_CONTENT from 424-watch black-background review; human full-resolution review: strong perspective with looped bracelet,/Users/averyandon/Documents/Codex/2026-09-03/i-need-you-to-edit-and/work/gembreak-images/watches-only/CRRF1451SNK615K1.png
423,CRRF1341SNK623K1,CRRF1341SNK623K1.png,Refurbished,Refurbished Seiko 5 Automatic SNK623 SNK623K1 SNK623K Men's Watch,Creation Watches,caseW-low; PASS_CONTENT from 424-watch black-background review; human full-resolution review: strong perspective with looped bracelet,/Users/averyandon/Documents/Codex/2026-09-03/i-need-you-to-edit-and/work/gembreak-images/watches-only/CRRF1341SNK623K1.png
424,CRRF1153SNKP15K1,CRRF1153SNKP15K1.png,Refurbished,Refurbished Seiko 5 Automatic White Dial SNKP15 SNKP15K1 SNKP15K Men's Watch,Creation Watches,caseW-high; PASS_CONTENT from 424-watch black-background review; human full-resolution review: strong perspective with looped bracelet,/Users/averyandon/Documents/Codex/2026-09-03/i-need-you-to-edit-and/work/gembreak-images/watches-only/CRRF1153SNKP15K1.png
425,CRF20560-1,CRF20560-1.png,Festina,Festina Timeless Chronograph Stainless Steel Silver Dial Quartz F20560-1 100M Men's Watch,Creation Watches,caseW-high; PASS_CONTENT from 424-watch black-background review; human full-resolution review: strong perspective with looped bracelet,/Users/averyandon/Documents/Codex/2026-09-03/i-need-you-to-edit-and/work/gembreak-images/watches-only/CRF20560-1.png
426,CRGA-140-1A4,CRGA-140-1A4.png,Casio,Casio G-Shock GA-140-1A4 Shock Resistance Quartz 200M Men's Watch,Creation Watches,"canvas,caseW-high,bboxH-high; PASS_CONTENT from legacy catalog black-background review; human full-resolution review: strong perspective with looped strap",/Users/averyandon/Documents/Codex/2026-09-03/i-need-you-to-edit-and/work/gembreak-images/watches-only/CRGA-140-1A4.png
427,CREFR-526D-3A,CREFR-526D-3A.png,Casio,Casio Edifice Analog Standard Chronograph Stainless Steel Green Di,Creation Watches,"canvas,caseW-high,bboxH-high; PASS_CONTENT from legacy catalog black-background review; human full-resolution review: strong perspective with overly cropped bracelet",/Users/averyandon/Documents/Codex/2026-09-03/i-need-you-to-edit-and/work/gembreak-images/watches-only/CREFR-526D-3A.png
428,CREFR-526L-7AV,CREFR-526L-7AV.png,Casio,Casio Edifice Chronograph Quartz EFR-526L-7AV Men's Watch,Creation Watches,"canvas,caseW-high,bboxH-high; PASS_CONTENT from legacy catalog black-background review; human full-resolution review: strong perspective with looped leather strap",/Users/averyandon/Documents/Codex/2026-09-03/i-need-you-to-edit-and/work/gembreak-images/watches-only/CREFR-526L-7AV.png
429,CRGA-100-1A2,CRGA-100-1A2.png,Casio,Casio G-Shock World Time Alarm GA-100-1A2 GA-100 Men's Watch,Creation Watches,"canvas,caseW-high,bboxH-high; PASS_CONTENT from legacy catalog black-background review; human full-resolution review: strong perspective with looped strap",/Users/averyandon/Documents/Codex/2026-09-03/i-need-you-to-edit-and/work/gembreak-images/watches-only/CRGA-100-1A2.png
430,CRGA-100-1A4,CRGA-100-1A4.png,Casio,Casio G-Shock Velocity Analog Digital Black Dial Quartz GA-100-1A4,Creation Watches,"canvas,caseW-high,bboxH-high; PASS_CONTENT from legacy catalog black-background review; human full-resolution review: strong perspective with looped strap",/Users/averyandon/Documents/Codex/2026-09-03/i-need-you-to-edit-and/work/gembreak-images/watches-only/CRGA-100-1A4.png
431,CRG-7900A-4C,CRG-7900A-4C.png,Casio,Casio G-Shock G-Rescue Moon Tide G-7900A-4C G7900A-4C Men's Watch,Creation Watches,"canvas,caseW-high,bboxH-high; PASS_CONTENT from legacy catalog black-background review; human full-resolution review: strong perspective with looped strap",/Users/averyandon/Documents/Codex/2026-09-03/i-need-you-to-edit-and/work/gembreak-images/watches-only/CRG-7900A-4C.png
432,CRGA-700-4A,CRGA-700-4A.png,Casio,Casio G-Shock Analog Digital 200M GA-700-4A GA700-4A Men's Watch,Creation Watches,"canvas,caseW-high,bboxH-high; PASS_CONTENT from legacy catalog black-background review; human full-resolution review: strong perspective with looped strap",/Users/averyandon/Documents/Codex/2026-09-03/i-need-you-to-edit-and/work/gembreak-images/watches-only/CRGA-700-4A.png
433,CRGA-B2100MF-1A,CRGA-B2100MF-1A.png,Casio,Casio G-Shock Analog Digital Smartphone Link Multi Fluorescent Accents Series Tough Solar GA-B2100MF-1A 200M Men's Watch,Creation Watches,FAIL_CONTENT: case is not dead-on; visible three-quarter perspective; human full-resolution review: strong perspective with looped strap,/Users/averyandon/Documents/Codex/2026-09-03/i-need-you-to-edit-and/work/gembreak-images/watches-only/CRGA-B2100MF-1A.png
434,CRGA-700-1B,CRGA-700-1B.png,Casio,Casio G-Shock Analog Digital GA-700-1B GA700-1B Men's Watch,Creation Watches,"canvas,caseW-high,bboxH-high; PASS_CONTENT from legacy catalog black-background review; human full-resolution review: strong perspective with looped strap",/Users/averyandon/Documents/Codex/2026-09-03/i-need-you-to-edit-and/work/gembreak-images/watches-only/CRGA-700-1B.png
435,CRG-7900-2D,CRG-7900-2D.png,Casio,Casio G-Shock G-7900-2D G7900-2D Rescue Sport Men's Watch,Creation Watches,"canvas,caseW-high,bboxH-high; PASS_CONTENT from legacy catalog black-background review; human full-resolution review: strong perspective with looped strap",/Users/averyandon/Documents/Codex/2026-09-03/i-need-you-to-edit-and/work/gembreak-images/watches-only/CRG-7900-2D.png
436,CRBGA-280-1A,CRBGA-280-1A.png,Casio,Casio Baby-G World Time Analog Digital BGA-280-1A BGA280-1 100M Wo,Creation Watches,"canvas,caseW-high,bboxH-high; PASS_CONTENT from legacy catalog black-background review; human full-resolution review: strong perspective with looped strap",/Users/averyandon/Documents/Codex/2026-09-03/i-need-you-to-edit-and/work/gembreak-images/watches-only/CRBGA-280-1A.png
437,CRRF1405W-217HM-7BV,CRRF1405W-217HM-7BV.png,Refurbished,Refurbished Casio W-217HM-7BV Chronograph Quartz Men's Watch,Creation Watches,FAIL_CONTENT: watch and strap are shown at a strong angle; human full-resolution review: strong side-facing presentation with looped bracelet,/Users/averyandon/Documents/Codex/2026-09-03/i-need-you-to-edit-and/work/gembreak-images/watches-only/CRRF1405W-217HM-7BV.png
438,CRRF1400GA-140-1A4,CRRF1400GA-140-1A4.png,Refurbished,Refurbished Casio G-Shock GA-140-1A4 Shock Resistance Quartz 200M Men's Watch,Creation Watches,"caseW-high,bboxH-low; PASS_CONTENT from 424-watch black-background review; human full-resolution review: strong perspective with looped strap",/Users/averyandon/Documents/Codex/2026-09-03/i-need-you-to-edit-and/work/gembreak-images/watches-only/CRRF1400GA-140-1A4.png
439,CRGMA-S110VW-4A,CRGMA-S110VW-4A.png,Casio,Casio G-Shock Analog Digital Virtual Worlds Translucent Pink Multicolor Dial Quartz GMA-S110VW-4A 200M Women's Watch,Creation Watches,"caseW-high,bboxH-low; PASS_CONTENT from 424-watch black-background review; human full-resolution review: strong perspective with looped transparent strap",/Users/averyandon/Documents/Codex/2026-09-03/i-need-you-to-edit-and/work/gembreak-images/watches-only/CRGMA-S110VW-4A.png
440,CRGMA-S110VW-2A,CRGMA-S110VW-2A.png,Casio,Casio G-Shock Analog Digital Translucent Light Blue Multicolor Dial Quartz GMA-S110VW-2A 200M Women's Watch,Creation Watches,caseW-high; PASS_CONTENT from 424-watch black-background review; human full-resolution review: strong perspective with looped transparent strap,/Users/averyandon/Documents/Codex/2026-09-03/i-need-you-to-edit-and/work/gembreak-images/watches-only/CRGMA-S110VW-2A.png
441,CRDW-9052-1VDR,CRDW-9052-1VDR.png,Casio,Casio G-Shock DW-9052-1VDR DW9052-1VDR Men's Watch,Creation Watches,"canvas,caseW-high,bboxH-high; PASS_CONTENT from legacy catalog black-background review; human full-resolution review: strong perspective with looped strap",/Users/averyandon/Documents/Codex/2026-09-03/i-need-you-to-edit-and/work/gembreak-images/watches-only/CRDW-9052-1VDR.png
442,CRGA-2300-1A,CRGA-2300-1A.png,Casio,Casio G-Shock Analog Digital Black Resin Black Dial Quartz GA-2300-1A 200M Men's Watch,Creation Watches,caseW-low; PASS_CONTENT from 424-watch black-background review; human full-resolution review: strong perspective with looped strap,/Users/averyandon/Documents/Codex/2026-09-03/i-need-you-to-edit-and/work/gembreak-images/watches-only/CRGA-2300-1A.png
443,CRAMW-880D-1A,CRAMW-880D-1A.png,Casio,Casio Enticer World Time Telememo Analog Digital AMW-880D-1A AMW88,Creation Watches,"canvas,caseW-high,bboxH-high; PASS_CONTENT from legacy catalog black-background review; human full-resolution review: strong perspective with looped bracelet",/Users/averyandon/Documents/Codex/2026-09-03/i-need-you-to-edit-and/work/gembreak-images/watches-only/CRAMW-880D-1A.png
444,CRAMW-870D-1A,CRAMW-870D-1A.png,Casio,Casio Analog Digital World Time Stainless Steel AMW-870D-1A AMW870,Creation Watches,"canvas,caseW-high,bboxH-high; PASS_CONTENT from legacy catalog black-background review; human full-resolution review: strong perspective with looped bracelet",/Users/averyandon/Documents/Codex/2026-09-03/i-need-you-to-edit-and/work/gembreak-images/watches-only/CRAMW-870D-1A.png
445,CRDBC-611-1DF,CRDBC-611-1DF.png,Casio,Casio Digital Stainless Steel Data Bank Multi-Lingual DBC-611-1DF,Creation Watches,"canvas,caseW-high,bboxH-high; PASS_CONTENT from legacy catalog black-background review; human full-resolution review: strong perspective with looped bracelet",/Users/averyandon/Documents/Codex/2026-09-03/i-need-you-to-edit-and/work/gembreak-images/watches-only/CRDBC-611-1DF.png
446,CRA168WEGB-1B,CRA168WEGB-1B.png,Casio,Casio Vintage Alarm Digital A168WEGB-1B Unisex Watch,Creation Watches,"canvas,caseW-high,bboxH-high; PASS_CONTENT from legacy catalog black-background review; human full-resolution review: strong perspective with looped bracelet",/Users/averyandon/Documents/Codex/2026-09-03/i-need-you-to-edit-and/work/gembreak-images/watches-only/CRA168WEGB-1B.png
447,CRGMD-S5600NC-9,CRGMD-S5600NC-9.png,Casio,Casio G-Shock Nature's Colour Series Digital Blue Dial Quartz GMD-S5600NC-9 200M Women's Watch,Creation Watches,caseW-high; PASS_CONTENT from 424-watch black-background review; human full-resolution review: strong perspective with looped strap,/Users/averyandon/Documents/Codex/2026-09-03/i-need-you-to-edit-and/work/gembreak-images/watches-only/CRGMD-S5600NC-9.png
448,CRGMA-S2100NC-4A,CRGMA-S2100NC-4A.png,Casio,Casio G-Shock Nature's Colour Series Analog Digital Yellow Dial Quartz GMA-S2100NC-4A 200M Women's Watch,Creation Watches,PASS_CONTENT from 424-watch black-background review; pending v2 candidate recheck; human full-resolution review: strong perspective with looped strap,/Users/averyandon/Documents/Codex/2026-09-03/i-need-you-to-edit-and/work/gembreak-images/watches-only/CRGMA-S2100NC-4A.png
449,CRRF913AMW-880D-1A,CRRF913AMW-880D-1A.png,Refurbished,Refurbished Casio Enticer World Time Telememo Analog Digital AMW-880D-1A AMW880D-1 Men's Watch,Creation Watches,PASS_CONTENT from 424-watch black-background review; pending v2 candidate recheck; human full-resolution review: strong perspective with looped bracelet,/Users/averyandon/Documents/Codex/2026-09-03/i-need-you-to-edit-and/work/gembreak-images/watches-only/CRRF913AMW-880D-1A.png
450,E4971850742333,E4971850742333.png,Casio,Casio A-168wg-9wdf,Eastern (Casio),"canvas,caseW-high,bboxH-high; PASS_CONTENT from legacy catalog black-background review; human full-resolution review: strong perspective with looped bracelet",/Users/averyandon/Documents/Codex/2026-09-03/i-need-you-to-edit-and/work/gembreak-images/watches-only/E4971850742333.png
451,CRRF1415LA670WGA-9DF,CRRF1415LA670WGA-9DF.png,Refurbished,Refurbished Casio Digital Stainless Steel Alarm Timer LA670WGA-9DF LA670WGA-9 Women's Watch,Creation Watches,caseW-low; PASS_CONTENT from 424-watch black-background review; human full-resolution review: strong side-facing presentation with looped bracelet,/Users/averyandon/Documents/Codex/2026-09-03/i-need-you-to-edit-and/work/gembreak-images/watches-only/CRRF1415LA670WGA-9DF.png
452,E4971850965169,E4971850965169.png,Casio,Casio B640wc-5adf,Eastern (Casio),"canvas,caseW-high,bboxH-high; PASS_CONTENT from legacy catalog black-background review; human full-resolution review: strong perspective with looped bracelet",/Users/averyandon/Documents/Codex/2026-09-03/i-need-you-to-edit-and/work/gembreak-images/watches-only/E4971850965169.png
453,CRMTP-1370D-7A2,CRMTP-1370D-7A2.png,Casio,Casio Classic Analog Stainless Steel Silver Dial Quartz MTP-1370D-7A2 Men's Watch,Creation Watches,PASS_CONTENT from 424-watch black-background review; pending v2 candidate recheck; human full-resolution review: strong perspective with looped bracelet,/Users/averyandon/Documents/Codex/2026-09-03/i-need-you-to-edit-and/work/gembreak-images/watches-only/CRMTP-1370D-7A2.png
454,CRMTP-1375D-1AV,CRMTP-1375D-1AV.png,Casio,Casio Enticer Analog Stainless Steel Black Dial Quartz MTP-1375D-1AV Men's Watch,Creation Watches,caseW-high; PASS_CONTENT from 424-watch black-background review; human full-resolution review: strong perspective with looped bracelet,/Users/averyandon/Documents/Codex/2026-09-03/i-need-you-to-edit-and/work/gembreak-images/watches-only/CRMTP-1375D-1AV.png
455,CR90250SBN903,CR90250SBN903.png,Westar,Westar Activ Sports Stainless Steel Black Dial Quartz 90250SBN903 100M Men's Watch,Creation Watches,FAIL_CONTENT: case and bracelet are visibly presented in three-quarter perspective; human full-resolution review: strong perspective with full looped bracelet,/Users/averyandon/Documents/Codex/2026-09-03/i-need-you-to-edit-and/work/gembreak-images/watches-only/CR90250SBN903.png
456,CRRF1265A700WG-9A,CRRF1265A700WG-9A.png,Refurbished,Refurbished Casio Youth Vintage A700WG-9A Alarm Chronograph Quartz Men's Watch,Creation Watches,caseW-low; PASS_CONTENT from 424-watch black-background review; human full-resolution review: strong perspective with looped bracelet,/Users/averyandon/Documents/Codex/2026-09-03/i-need-you-to-edit-and/work/gembreak-images/watches-only/CRRF1265A700WG-9A.png
457,CR40210GPN107,CR40210GPN107.png,Westar,Westar Profile Gold Tone Stainless Steel White Dial Quartz 40210GPN107 Women's Watch,Creation Watches,caseW-low; PASS_CONTENT from 424-watch black-background review; human full-resolution review: strong perspective with full looped bracelet,/Users/averyandon/Documents/Codex/2026-09-03/i-need-you-to-edit-and/work/gembreak-images/watches-only/CR40210GPN107.png
458,E79767766085,E79767766085.png,Casio,Casio Ef-305-1av,Eastern (Casio),"canvas,caseW-high,bboxH-high; PASS_CONTENT from legacy catalog black-background review; human full-resolution review: strong perspective with strap largely outside frame",/Users/averyandon/Documents/Codex/2026-09-03/i-need-you-to-edit-and/work/gembreak-images/watches-only/E79767766085.png
459,CRRF921A700WM-7A,CRRF921A700WM-7A.png,Refurbished,Refurbished Casio Youth Vintage Daily Alarm Quartz A-700WM-7A A700WM-7A 100M Women's Watch,Creation Watches,caseW-low; PASS_CONTENT from 424-watch black-background review; human full-resolution review: strong perspective with looped mesh bracelet,/Users/averyandon/Documents/Codex/2026-09-03/i-need-you-to-edit-and/work/gembreak-images/watches-only/CRRF921A700WM-7A.png
460,EAWV-58A-1AV,EAWV-58A-1AV.png,Casio,WV-58A,Eastern Watch Co,"canvas,caseW-high,bboxH-high; PASS_CONTENT from legacy catalog black-background review; human full-resolution review: strong perspective with looped strap",/Users/averyandon/Documents/Codex/2026-09-03/i-need-you-to-edit-and/work/gembreak-images/watches-only/EAWV-58A-1AV.png
461,EAWV-58DA-1AV,EAWV-58DA-1AV.png,Casio,WV-58DA,Eastern Watch Co,"canvas,caseW-high,bboxH-high; PASS_CONTENT from legacy catalog black-background review; human full-resolution review: strong perspective with looped bracelet",/Users/averyandon/Documents/Codex/2026-09-03/i-need-you-to-edit-and/work/gembreak-images/watches-only/EAWV-58DA-1AV.png
462,EAMTP-1170N-7A,EAMTP-1170N-7A.png,Casio,MTP-1170N Silver-Tone,Eastern Watch Co,"canvas,caseW-high,bboxH-high; PASS_CONTENT from legacy catalog black-background review; human full-resolution review: strong perspective with looped bracelet",/Users/averyandon/Documents/Codex/2026-09-03/i-need-you-to-edit-and/work/gembreak-images/watches-only/EAMTP-1170N-7A.png
463,EAMTP-4500D-1AV,EAMTP-4500D-1AV.png,Casio,MTP-4500D,Eastern Watch Co,"canvas,caseW-high,bboxH-high; PASS_CONTENT from legacy catalog black-background review; human full-resolution review: strong perspective with bracelet largely outside frame",/Users/averyandon/Documents/Codex/2026-09-03/i-need-you-to-edit-and/work/gembreak-images/watches-only/EAMTP-4500D-1AV.png
464,EAMTP-1303D-1A,EAMTP-1303D-1A.png,Casio,MTP-1303D Silver,Eastern Watch Co,"canvas,caseW-high,bboxH-high; PASS_CONTENT from legacy catalog black-background review; human full-resolution review: strong perspective with looped bracelet",/Users/averyandon/Documents/Codex/2026-09-03/i-need-you-to-edit-and/work/gembreak-images/watches-only/EAMTP-1303D-1A.png
465,E4971850930778,E4971850930778.png,Casio,Casio Mtp-1314d-2av,Eastern (Casio),"canvas,caseW-high,bboxH-high; PASS_CONTENT from legacy catalog black-background review; human full-resolution review: strong perspective with looped bracelet",/Users/averyandon/Documents/Codex/2026-09-03/i-need-you-to-edit-and/work/gembreak-images/watches-only/E4971850930778.png
466,E79767968786,E79767968786.png,Casio,Casio Ae-1200whd-1avcf,Eastern (Casio),"canvas,caseW-high,bboxH-high; PASS_CONTENT from legacy catalog black-background review; human full-resolution review: strong perspective with looped bracelet",/Users/averyandon/Documents/Codex/2026-09-03/i-need-you-to-edit-and/work/gembreak-images/watches-only/E79767968786.png
467,E4971850906537,E4971850906537.png,Casio,Casio Ae-1200whb-3bv,Eastern (Casio),"canvas,caseW-high,bboxH-high; PASS_CONTENT from legacy catalog black-background review; human full-resolution review: full fabric strap and hardware presentation contrary to catalog crop",/Users/averyandon/Documents/Codex/2026-09-03/i-need-you-to-edit-and/work/gembreak-images/watches-only/E4971850906537.png
468,EAAE-2000WD-1AV,EAAE-2000WD-1AV.png,Casio,AE-2000WD White,Eastern Watch Co,"canvas,caseW-high,bboxH-high; PASS_CONTENT from legacy catalog black-background review; human full-resolution review: strong perspective with curved strap",/Users/averyandon/Documents/Codex/2026-09-03/i-need-you-to-edit-and/work/gembreak-images/watches-only/EAAE-2000WD-1AV.png
469,EALTP-1128A-7A,EALTP-1128A-7A.png,Casio,LTP-1128A Gold,Eastern Watch Co,"canvas,caseW-high,bboxH-high; PASS_CONTENT from legacy catalog black-background review; human full-resolution review: strong perspective with looped bracelet",/Users/averyandon/Documents/Codex/2026-09-03/i-need-you-to-edit-and/work/gembreak-images/watches-only/EALTP-1128A-7A.png
470,EAAW-80V-5BV,EAAW-80V-5BV.png,Casio,AW-80V,Eastern Watch Co,"canvas,caseW-high,bboxH-high; PASS_CONTENT from legacy catalog black-background review; human full-resolution review: strong perspective with full strap and buckle hardware visible",/Users/averyandon/Documents/Codex/2026-09-03/i-need-you-to-edit-and/work/gembreak-images/watches-only/EAAW-80V-5BV.png
471,E4971850906506,E4971850906506.png,Casio,Casio Ae-1200whb-1bv,Eastern (Casio),"canvas,caseW-high,bboxH-high; PASS_CONTENT from legacy catalog black-background review; human full-resolution review: full fabric strap and buckle presentation contrary to catalog crop",/Users/averyandon/Documents/Codex/2026-09-03/i-need-you-to-edit-and/work/gembreak-images/watches-only/E4971850906506.png
472,EADB-36-1AV,EADB-36-1AV.png,Casio,DB-36,Eastern Watch Co,"canvas,caseW-high,bboxH-high; PASS_CONTENT from legacy catalog black-background review; human full-resolution review: strong perspective with full curved strap",/Users/averyandon/Documents/Codex/2026-09-03/i-need-you-to-edit-and/work/gembreak-images/watches-only/EADB-36-1AV.png
473,EALA-11WL-4A,EALA-11WL-4A.png,Casio,LA-11WL Ladies,Eastern Watch Co,"canvas,caseW-high,bboxH-low,case-centre-y; PASS_CONTENT from legacy catalog black-background review; human full-resolution review: incomplete product image with lower strap missing",/Users/averyandon/Documents/Codex/2026-09-03/i-need-you-to-edit-and/work/gembreak-images/watches-only/EALA-11WL-4A.png
474,EALA-11WB-1,EALA-11WB-1.png,Casio,LA-11WB White/Digital,Eastern Watch Co,"canvas,caseW-high,bboxH-high; PASS_CONTENT from legacy catalog black-background review; human full-resolution review: strong perspective with full curved strap",/Users/averyandon/Documents/Codex/2026-09-03/i-need-you-to-edit-and/work/gembreak-images/watches-only/EALA-11WB-1.png
475,EAFT-500WC-1BV,EAFT-500WC-1BV.png,Casio,FT-500WC,Eastern Watch Co,"canvas,caseW-high,bboxH-high; PASS_CONTENT from legacy catalog black-background review; human full-resolution review: strong perspective with full curved strap",/Users/averyandon/Documents/Codex/2026-09-03/i-need-you-to-edit-and/work/gembreak-images/watches-only/EAFT-500WC-1BV.png
476,EAFT-500WV-3BV,EAFT-500WV-3BV.png,Casio,FT-500WV,Eastern Watch Co,"canvas,caseW-high,bboxH-high; PASS_CONTENT from legacy catalog black-background review; human full-resolution review: strong perspective with full curved strap",/Users/averyandon/Documents/Codex/2026-09-03/i-need-you-to-edit-and/work/gembreak-images/watches-only/EAFT-500WV-3BV.png
477,EADBC-32-1A,EADBC-32-1A.png,Casio,DBC-32,Eastern Watch Co,"canvas,caseW-high,bboxH-high; PASS_CONTENT from legacy catalog black-background review; human full-resolution review: strong perspective with curved strap",/Users/averyandon/Documents/Codex/2026-09-03/i-need-you-to-edit-and/work/gembreak-images/watches-only/EADBC-32-1A.png
478,EAHDA-600B-1BV,EAHDA-600B-1BV.png,Casio,HDA-600B Cloth/Velcro Band,Eastern Watch Co,"canvas,caseW-high,bboxH-high; PASS_CONTENT from legacy catalog black-background review; human full-resolution review: strong perspective with curved strap",/Users/averyandon/Documents/Codex/2026-09-03/i-need-you-to-edit-and/work/gembreak-images/watches-only/EAHDA-600B-1BV.png
479,EAEF-305-1AV,EAEF-305-1AV.png,Casio,EF-305,Eastern Watch Co,"canvas,caseW-high,bboxH-high; PASS_CONTENT from legacy catalog black-background review; human full-resolution review: strong perspective with curved strap",/Users/averyandon/Documents/Codex/2026-09-03/i-need-you-to-edit-and/work/gembreak-images/watches-only/EAEF-305-1AV.png
480,EALRW-200H-1BV,EALRW-200H-1BV.png,Casio,LRW-200H Ladies,Eastern Watch Co,"canvas,caseW-high,bboxH-high; PASS_CONTENT from legacy catalog black-background review; human full-resolution review: strong perspective with curved strap",/Users/averyandon/Documents/Codex/2026-09-03/i-need-you-to-edit-and/work/gembreak-images/watches-only/EALRW-200H-1BV.png
481,EAA-171WE-1A,EAA-171WE-1A.png,Casio,A-171WE White/Digital,Eastern Watch Co,"canvas,caseW-high,bboxH-high; PASS_CONTENT from legacy catalog black-background review; human full-resolution review: strong perspective with looped bracelet",/Users/averyandon/Documents/Codex/2026-09-03/i-need-you-to-edit-and/work/gembreak-images/watches-only/EAA-171WE-1A.png
482,EAA-158WEA-9,EAA-158WEA-9.png,Casio,A-158WEA White/Digital,Eastern Watch Co,"canvas,caseW-high,bboxH-high; PASS_CONTENT from legacy catalog black-background review; human full-resolution review: strong perspective with looped bracelet",/Users/averyandon/Documents/Codex/2026-09-03/i-need-you-to-edit-and/work/gembreak-images/watches-only/EAA-158WEA-9.png
483,EALF20W-8A,EALF20W-8A.png,Casio,LF20W Black,Eastern Watch Co,"canvas,caseW-high,bboxH-high; PASS_CONTENT from legacy catalog black-background review; human full-resolution review: strong perspective with full curved strap",/Users/averyandon/Documents/Codex/2026-09-03/i-need-you-to-edit-and/work/gembreak-images/watches-only/EALF20W-8A.png
484,EAA-700WE-1A,EAA-700WE-1A.png,Casio,A-700WE White/Digital,Eastern Watch Co,"canvas,caseW-high,bboxH-high; PASS_CONTENT from legacy catalog black-background review; human full-resolution review: strong perspective with looped bracelet",/Users/averyandon/Documents/Codex/2026-09-03/i-need-you-to-edit-and/work/gembreak-images/watches-only/EAA-700WE-1A.png
485,EAA-178WA-1A,EAA-178WA-1A.png,Casio,A-178WA White/Digital,Eastern Watch Co,"canvas,caseW-high,bboxH-high; PASS_CONTENT from legacy catalog black-background review; human full-resolution review: strong perspective with looped bracelet",/Users/averyandon/Documents/Codex/2026-09-03/i-need-you-to-edit-and/work/gembreak-images/watches-only/EAA-178WA-1A.png
486,EAA-178WGA-1A,EAA-178WGA-1A.png,Casio,A-178WGA Gold/Digital,Eastern Watch Co,"canvas,caseW-high,bboxH-high; PASS_CONTENT from legacy catalog black-background review; human full-resolution review: strong perspective with looped bracelet",/Users/averyandon/Documents/Codex/2026-09-03/i-need-you-to-edit-and/work/gembreak-images/watches-only/EAA-178WGA-1A.png
487,EAA-168WA-1,EAA-168WA-1.png,Casio,A-168WA White/Digital,Eastern Watch Co,"canvas,caseW-high,bboxH-high; PASS_CONTENT from legacy catalog black-background review; human full-resolution review: strong perspective with looped bracelet",/Users/averyandon/Documents/Codex/2026-09-03/i-need-you-to-edit-and/work/gembreak-images/watches-only/EAA-168WA-1.png
488,EAA-168WG-9,EAA-168WG-9.png,Casio,A-168WG Gold/Digital,Eastern Watch Co,"canvas,caseW-high,bboxH-high; PASS_CONTENT from legacy catalog black-background review; human full-resolution review: strong perspective with looped bracelet",/Users/averyandon/Documents/Codex/2026-09-03/i-need-you-to-edit-and/work/gembreak-images/watches-only/EAA-168WG-9.png
489,EALRW-200HS-2E,EALRW-200HS-2E.png,Casio,LRW-200HS Ladies,Eastern Watch Co,"canvas,caseW-high,bboxH-high; PASS_CONTENT from legacy catalog black-background review; human full-resolution review: strong perspective with looped transparent bracelet",/Users/averyandon/Documents/Codex/2026-09-03/i-need-you-to-edit-and/work/gembreak-images/watches-only/EALRW-200HS-2E.png
490,E4971850965138,E4971850965138.png,Casio,Casio B640wd-1avdf,Eastern (Casio),"canvas,caseW-high,bboxH-high; PASS_CONTENT from legacy catalog black-background review; human full-resolution review: strong perspective with looped bracelet",/Users/averyandon/Documents/Codex/2026-09-03/i-need-you-to-edit-and/work/gembreak-images/watches-only/E4971850965138.png
491,EALWS-2200H-1A,EALWS-2200H-1A.png,Casio,LWS-2200H Ladies Runner,Eastern Watch Co,"canvas,caseW-high,bboxH-high; PASS_CONTENT from legacy catalog black-background review; human full-resolution review: full curved strap presentation contrary to straight catalog crop",/Users/averyandon/Documents/Codex/2026-09-03/i-need-you-to-edit-and/work/gembreak-images/watches-only/EALWS-2200H-1A.png
492,EAMRW-230H-1E1,EAMRW-230H-1E1.png,Casio,MRW-230H,Eastern Watch Co,"canvas,caseW-high,bboxH-high; PASS_CONTENT from legacy catalog black-background review; human full-resolution review: full curved strap presentation contrary to straight catalog crop",/Users/averyandon/Documents/Codex/2026-09-03/i-need-you-to-edit-and/work/gembreak-images/watches-only/EAMRW-230H-1E1.png
493,EAMRW-210HB-5B,EAMRW-210HB-5B.png,Casio,MRW-210HB Velcro,Eastern Watch Co,"canvas,caseW-high,bboxH-high; PASS_CONTENT from legacy catalog black-background review; human full-resolution review: full strap and buckle presentation contrary to catalog crop",/Users/averyandon/Documents/Codex/2026-09-03/i-need-you-to-edit-and/work/gembreak-images/watches-only/EAMRW-210HB-5B.png
494,EAWS-2000H-2AV,EAWS-2000H-2AV.png,Casio,WS-2000H Black,Eastern Watch Co,"canvas,caseW-high,bboxH-high; PASS_CONTENT from legacy catalog black-background review; human full-resolution review: full curved strap presentation contrary to straight catalog crop",/Users/averyandon/Documents/Codex/2026-09-03/i-need-you-to-edit-and/work/gembreak-images/watches-only/EAWS-2000H-2AV.png
495,EAMRW-210HB-1B,EAMRW-210HB-1B.png,Casio,MRW-210HB,Eastern Watch Co,"canvas,caseW-high,bboxH-high; PASS_CONTENT from legacy catalog black-background review; human full-resolution review: full strap and buckle presentation contrary to catalog crop",/Users/averyandon/Documents/Codex/2026-09-03/i-need-you-to-edit-and/work/gembreak-images/watches-only/EAMRW-210HB-1B.png
496,EAMRW-200HD-1B,EAMRW-200HD-1B.png,Casio,MRW-200HD,Eastern Watch Co,"canvas,caseW-high,bboxH-high; PASS_CONTENT from legacy catalog black-background review; human full-resolution review: strong perspective with looped bracelet",/Users/averyandon/Documents/Codex/2026-09-03/i-need-you-to-edit-and/work/gembreak-images/watches-only/EAMRW-200HD-1B.png
497,EAMRW-210H-1A,EAMRW-210H-1A.png,Casio,MRW-210H,Eastern Watch Co,"canvas,caseW-high,bboxH-high; PASS_CONTENT from legacy catalog black-background review; human full-resolution review: full curved strap presentation contrary to straight catalog crop",/Users/averyandon/Documents/Codex/2026-09-03/i-need-you-to-edit-and/work/gembreak-images/watches-only/EAMRW-210H-1A.png
498,EALQ-139E-7A,EALQ-139E-7A.png,Casio,LQ-139E Ladies,Eastern Watch Co,"canvas,caseW-low,bboxH-high,case-centre-x; PASS_CONTENT from legacy catalog black-background review; human full-resolution review: severe zoom-out with undersized product",/Users/averyandon/Documents/Codex/2026-09-03/i-need-you-to-edit-and/work/gembreak-images/watches-only/EALQ-139E-7A.png
499,EALQ-139B-1B,EALQ-139B-1B.png,Casio,LQ-139B Ladies,Eastern Watch Co,"canvas,caseW-low,bboxH-high,case-centre-x; PASS_CONTENT from legacy catalog black-background review; human full-resolution review: severe zoom-out with undersized product",/Users/averyandon/Documents/Codex/2026-09-03/i-need-you-to-edit-and/work/gembreak-images/watches-only/EALQ-139B-1B.png
500,EAMRW-200H-1BV,EAMRW-200H-1BV.png,Casio,MRW-200H,Eastern Watch Co,"canvas,caseW-high,bboxH-high; PASS_CONTENT from legacy catalog black-background review; human full-resolution review: full curved strap presentation contrary to straight catalog crop",/Users/averyandon/Documents/Codex/2026-09-03/i-need-you-to-edit-and/work/gembreak-images/watches-only/EAMRW-200H-1BV.png
501,E889232368535,E889232368535.png,Casio,Casio Mw-240b-5bvcf,Eastern (Casio),"canvas,caseW-high,bboxH-high; PASS_CONTENT from legacy catalog black-background review; human full-resolution review: full strap and buckle presentation contrary to catalog crop",/Users/averyandon/Documents/Codex/2026-09-03/i-need-you-to-edit-and/work/gembreak-images/watches-only/E889232368535.png
502,E889232261072,E889232261072.png,Casio,Casio F-91ws-4cf,Eastern (Casio),"canvas,caseW-high,bboxH-high; PASS_CONTENT from legacy catalog black-background review; human full-resolution review: strong perspective with looped transparent bracelet",/Users/averyandon/Documents/Codex/2026-09-03/i-need-you-to-edit-and/work/gembreak-images/watches-only/E889232261072.png
503,E79767759384,E79767759384.png,Casio,Casio A-178wa-1acf,Eastern (Casio),"canvas,caseW-high,bboxH-high; PASS_CONTENT from legacy catalog black-background review; human full-resolution review: strong perspective with looped bracelet",/Users/averyandon/Documents/Codex/2026-09-03/i-need-you-to-edit-and/work/gembreak-images/watches-only/E79767759384.png
504,E79767541255,E79767541255.png,Casio,Casio A-168wa-1q,Eastern (Casio),"canvas,caseW-high,bboxH-high; PASS_CONTENT from legacy catalog black-background review; human full-resolution review: strong perspective with looped bracelet",/Users/averyandon/Documents/Codex/2026-09-03/i-need-you-to-edit-and/work/gembreak-images/watches-only/E79767541255.png
505,EAMW-240B-3B,EAMW-240B-3B.png,Casio,MW-240B,Eastern Watch Co,"canvas,caseW-high,bboxH-high; PASS_CONTENT from legacy catalog black-background review; human full-resolution review: full strap and buckle presentation contrary to catalog crop",/Users/averyandon/Documents/Codex/2026-09-03/i-need-you-to-edit-and/work/gembreak-images/watches-only/EAMW-240B-3B.png
506,EAMWD-100HD-1A,EAMWD-100HD-1A.png,Casio,MWD-100HD Black,Eastern Watch Co,"canvas,caseW-high,bboxH-high; PASS_CONTENT from legacy catalog black-background review; human full-resolution review: strong perspective with looped bracelet",/Users/averyandon/Documents/Codex/2026-09-03/i-need-you-to-edit-and/work/gembreak-images/watches-only/EAMWD-100HD-1A.png
507,EAMWA-100HD-1A,EAMWA-100HD-1A.png,Casio,MWA-100HD,Eastern Watch Co,"canvas,caseW-high,bboxH-high; PASS_CONTENT from legacy catalog black-background review; human full-resolution review: strong perspective with looped bracelet",/Users/averyandon/Documents/Codex/2026-09-03/i-need-you-to-edit-and/work/gembreak-images/watches-only/EAMWA-100HD-1A.png
508,EAW-201-1AV,EAW-201-1AV.png,Casio,W-201 White/Analog,Eastern Watch Co,"canvas,caseW-high,bboxH-high; PASS_CONTENT from legacy catalog black-background review; human full-resolution review: strong side-facing presentation with curved strap",/Users/averyandon/Documents/Codex/2026-09-03/i-need-you-to-edit-and/work/gembreak-images/watches-only/EAW-201-1AV.png
509,EAW-212H-1AV,EAW-212H-1AV.png,Casio,W-212H Black,Eastern Watch Co,"canvas,caseW-high,bboxH-high; PASS_CONTENT from legacy catalog black-background review; human full-resolution review: strong perspective with curved strap",/Users/averyandon/Documents/Codex/2026-09-03/i-need-you-to-edit-and/work/gembreak-images/watches-only/EAW-212H-1AV.png
510,EAW-800H-1AV,EAW-800H-1AV.png,Casio,W-800H White/Analog,Eastern Watch Co,"canvas,caseW-high,bboxH-high; PASS_CONTENT from legacy catalog black-background review; human full-resolution review: strong perspective with curved strap",/Users/averyandon/Documents/Codex/2026-09-03/i-need-you-to-edit-and/work/gembreak-images/watches-only/EAW-800H-1AV.png
511,EAW-96H-1BV,EAW-96H-1BV.png,Casio,W-96H Black/Analog,Eastern Watch Co,"canvas,caseW-high,bboxH-high; PASS_CONTENT from legacy catalog black-background review; human full-resolution review: strong perspective with curved strap",/Users/averyandon/Documents/Codex/2026-09-03/i-need-you-to-edit-and/work/gembreak-images/watches-only/EAW-96H-1BV.png
512,EAW-218HB-3A,EAW-218HB-3A.png,Casio,W-218HB Black,Eastern Watch Co,"canvas,caseW-high,bboxH-high; PASS_CONTENT from legacy catalog black-background review; human full-resolution review: full fabric strap presentation contrary to catalog crop",/Users/averyandon/Documents/Codex/2026-09-03/i-need-you-to-edit-and/work/gembreak-images/watches-only/EAW-218HB-3A.png
513,EAW-219HB-3A,EAW-219HB-3A.png,Casio,W-219HB Black,Eastern Watch Co,"canvas,caseW-high,bboxH-high; PASS_CONTENT from legacy catalog black-background review; human full-resolution review: full fabric strap presentation contrary to catalog crop",/Users/averyandon/Documents/Codex/2026-09-03/i-need-you-to-edit-and/work/gembreak-images/watches-only/EAW-219HB-3A.png
514,E889232140810,E889232140810.png,Casio,Casio F-91wm-9acf,Eastern (Casio),"canvas,caseW-high,bboxH-high; PASS_CONTENT from legacy catalog black-background review; human full-resolution review: strong side-facing presentation with full looped strap",/Users/averyandon/Documents/Codex/2026-09-03/i-need-you-to-edit-and/work/gembreak-images/watches-only/E889232140810.png
515,E889232382340,E889232382340.png,Casio,Casio W-218hm-7avcf,Eastern (Casio),"canvas,caseW-high,bboxH-high; PASS_CONTENT from legacy catalog black-background review; human full-resolution review: strong perspective with looped bracelet",/Users/averyandon/Documents/Codex/2026-09-03/i-need-you-to-edit-and/work/gembreak-images/watches-only/E889232382340.png
516,E79767246402,E79767246402.png,Casio,Casio A-158wa-1r,Eastern (Casio),"canvas,caseW-high,bboxH-high; PASS_CONTENT from legacy catalog black-background review; human full-resolution review: strong perspective with looped bracelet",/Users/averyandon/Documents/Codex/2026-09-03/i-need-you-to-edit-and/work/gembreak-images/watches-only/E79767246402.png
517,E889232187587,E889232187587.png,Casio,Casio F-91wm-3acf,Eastern (Casio),"canvas,caseW-high,bboxH-high; PASS_CONTENT from legacy catalog black-background review; human full-resolution review: strong side-facing presentation with full looped strap",/Users/averyandon/Documents/Codex/2026-09-03/i-need-you-to-edit-and/work/gembreak-images/watches-only/E889232187587.png
518,E889232140780,E889232140780.png,Casio,Casio F-91wm-7acf,Eastern (Casio),"canvas,caseW-high,bboxH-high; PASS_CONTENT from legacy catalog black-background review; human full-resolution review: strong side-facing presentation with full looped strap",/Users/averyandon/Documents/Codex/2026-09-03/i-need-you-to-edit-and/work/gembreak-images/watches-only/E889232140780.png
519,E4971850798682,E4971850798682.png,Casio,Casio F-91w-3hdg,Eastern (Casio),"canvas,caseW-high,bboxH-high; PASS_CONTENT from legacy catalog black-background review; human full-resolution review: strong perspective with full looped strap",/Users/averyandon/Documents/Codex/2026-09-03/i-need-you-to-edit-and/work/gembreak-images/watches-only/E4971850798682.png
520,E79767246280,E79767246280.png,Casio,Casio F-91w-1x,Eastern (Casio),"canvas,caseW-high,bboxH-high; PASS_CONTENT from legacy catalog black-background review; human full-resolution review: strong side-facing presentation with full looped strap",/Users/averyandon/Documents/Codex/2026-09-03/i-need-you-to-edit-and/work/gembreak-images/watches-only/E79767246280.png
