sku,filename,human_classification,allowed_to_change,sha256_before
RM1103,RM1103.png,acceptable variation,False,820699f61205392a1331239333ab5d794391424076f57e4db925c49c5a48cb33
G5,G5.png,acceptable variation,False,6feca5e6fe7c9798ab5515d8f6eabfc9deec1e78f0fb225c61622bb1dc566cea
G3,G3.png,acceptable variation,False,b907ee7c63a5fd28f12f0a72df418e3cec7b29f5864d2be61f1af7b8de899201
G2,G2.png,acceptable variation,False,4fb2592c3cdb9e351a3f7f3a9cb17036897a8fe4c9c9a8edf2dd39626cf55c14
G4,G4.png,acceptable variation,False,f0bb1141b9a7a2126416a5904e15fdcf2d19cc2a33325425d28a2ec900ab8baa
WWN116508-0013,WWN116508-0013.png,approved,False,861fb3b8e408f4e698428e2cf2fffbc738292c1e0eacc713a785ea04b3479b62
G6,G6.png,acceptable variation,False,1d637e63dedc6e8c3a66864818d12a7cbb9cb780cbf21db9b9c62fe3bd50ba9c
WW196,WW196.png,acceptable variation,False,5c2301f5af18968e246821de4ba7e68b067cf9ce5dc711b0f312db15e9445ace
WWNG0A46020,WWNG0A46020.png,approved,False,a33d20a5aafc6f678a2b45b7d0986db5fcdb6bafae0f6f684693d0b9c6e5daef
WW101,WW101.png,true failure,True,ee0edb3186de46915a93abd45ce4f58b95bdc5ec23116cf869cf2ff1a3525a5f
G0,G0.png,acceptable variation,False,dc8021ea98cfb3012173085eb8f5f89bb1cf0cb1252794ab0913efda7e6d0a46
W1101,W1101.png,acceptable variation,False,b8c6db3116be41e6fc7434ee839abb8529fd103a22d290eb6929ef07ea5e3436
G1,G1.png,acceptable variation,False,e0a8fb8591a430772365854a2023af4a506e5ade689ec1fa864060ae43e34c76
WW68,WW68.png,true failure,True,22f14da6a022f7e823151c4f02e9a7e48f81ea512039be047cd6b677923a0f23
WWN101924,WWN101924.png,acceptable variation,False,c55b7f61e023654f2be46e4c8892ab4f97a42b3579a02a4c24f050ec5154cd61
WWNG0A46023,WWNG0A46023.png,approved,False,8d59f637395c1b8b80e758b8c380882be3400e543ffa6351ac84883d0fe6a009
WWN275378-5008,WWN275378-5008.png,acceptable variation,False,c45a34b13631cbebe96ca2e8179a88be3a503cc3dc94e73d2d4d751378a2cd64
W19,W19.png,approved,False,88713780ec569a9b33b50ca1dae32d6691a916d173dae0566356085e5f2e6485
WWNM126710BLRO-0002,WWNM126710BLRO-0002.png,approved,False,d0d79f41e424dd2b604c4d390a69e2af6bab210775dfebd4ee42be15bfca8992
WWN103146,WWN103146.png,acceptable variation,False,bcd083e6c8dc64b67c9102278e29770c078c34a48bb3ad1caa8a5d4a389381e5
WWNG0A43010,WWNG0A43010.png,approved,False,7620c1c802fa8e6d606aea8ce99545b49ad5ce6523a901ae794b6d936fabab45
W12,W12.png,true failure,True,0bcaeb3c03460acc8188fb6a20eabfc7da017dc89c6bb8dbd92a3f252b42b058
WW967,WW967.png,true failure,True,66601da3515b0d42b0eadc0c124e3155b86591f264e7e9533c3a4a93d37806a1
WW965,WW965.png,true failure,True,e81a119adb5904e0291ab1925488424c74002b6dd55477984c05f9ad48b44f54
WWN301.PB.131.RX,WWN301.PB.131.RX.png,acceptable variation,False,b1becf77c5a5c457b9e5d655a3af487fa471d35c18856c8b933909f68ef13389
WW971,WW971.png,acceptable variation,False,2c4df2fb71708ea576e62a3441d25f00f4a15adf6b575afa7c75c3585662a1a8
WW972,WW972.png,true failure,True,68241f449a12ebe648013d4e7d6a81f9b5081ab42fd3225859043a04ac3afb9a
WWN161926-1001,WWN161926-1001.png,acceptable variation,False,90caaa6dd67ceb1d3c9a1cc229ecaf9ad38c9b10647929156f7dd810ee78db0d
WW65,WW65.png,true failure,True,7c35ee01daedba42baf6f3043af2a8bf68e789f2f2911fd88ccdde8e3817e185
WW66,WW66.png,true failure,True,512beec76cdbc58102c23a27c6a805761f18f8c66bb4a624a6a18b5a3a48abf1
WW449,WW449.png,acceptable variation,False,7960273bc469b3f670a75729b177940a7dd097704e3aa6426864dcbe678fa2a9
WWNG0A47027,WWNG0A47027.png,approved,False,3ced080abb0d3c7231f6266f723bcf12332f889b3d33b361ff889fc65efc6f78
WW721,WW721.png,true failure,True,ae7bcaa82dd1d763ae2a4cb5dbf256a18b7a18e0431a7e360b56a70aacf4d0e9
WWN298609-3003,WWN298609-3003.png,approved,False,43871c230a44147623fcd208875556474f1e07dea3678ff2633f3dbfc8c04793
WWN525.CF.0130.RX.ORL19,WWN525.CF.0130.RX.ORL19.png,approved,False,cbc06c8232eb2e627334c54e9098472c6a2e71810d36864e30614a1480ab3550
WWNM126610LN-0001,WWNM126610LN-0001.png,approved,False,51a524225e36b021d06ce7c2f4e248f771921327f43e54e5effc9b2bf552081a
WW195,WW195.png,true failure,True,efbc4f0a330feaa3b64b848c8f7dfcfa36e6bb4be0a0561f568432d0ff8936c0
WWNM126610LV-0002,WWNM126610LV-0002.png,approved,False,6e38bd908fea051072999db9ecd962c303220ba4329a38e539ef6b4c512a8580
WWN278615-6001,WWN278615-6001.png,approved,False,014699974f60abda7d56e973b243c232e3a7358a42ce1348b30041ed6de25f5e
WL14,WL14.png,true failure,True,3bc2c7ea6e4101f7f2d5d0bfa2b12b8164280d7f07ee25d9e472a0628f33ffe1
G7,G7.png,acceptable variation,False,7b6a95b43d286830187d83366d8aede0deab1f17c77f632a3c0df414bfe91265
WWN311.63.44.51.99.001,WWN311.63.44.51.99.001.png,acceptable variation,False,431ff5dc7a0da267e6f2a8c3ef5f3b4ddb5f0cf43b81dbcc0aa9ae0eaf589c5b
WWN275378-5005,WWN275378-5005.png,acceptable variation,False,9770278e3d8d580a2ed31b5664775feb84b7d3f7719c103a53f813b357a2a106
WW715,WW715.png,true failure,True,26111b19085bda3ccb94df9bb0049d7b66eb74fcf33a2b3a1c9a7b8b5cade936
WWN304.30.43.52.01.001,WWN304.30.43.52.01.001.png,approved,False,f93472577e28b780d60b00413a5a7cf98ced371bcde53fd1099afa77e51578dc
W1251,W1251.png,approved,False,562bdb326df7fc3ba4eba38b1a67dd45bd9f8ce9d5edcc646984dbebc7d150b7
WW69,WW69.png,true failure,True,1e2dc07b63eb4bf48942fa06ac135b74adf0f3d4f9b596d4423f5fd441033cfe
WWNM126300-0006,WWNM126300-0006.png,approved,False,5e77176432b89046b499bac1d22fcd160630dd50864bb9857c63030c06f340a3
WWNR17329F41G1P1,WWNR17329F41G1P1.png,acceptable variation,False,c865c8522faf6d1403498c452f1ab22ca025b8f40cbf57b5f2dc94e541c3ba2e
WL2,WL2.png,acceptable variation,False,5cd826871e95971564191447b2dd47258b50a7a243560e1dcefd4aa5171ee20c
WW720,WW720.png,true failure,True,6d897659a77bbb4fa41455b75144b93faf726640fc124a7145812b5f83b3b0c3
WWN103068,WWN103068.png,acceptable variation,False,c77f941064d2fae05f3b43c9729d3fb9e2f022b6538a4145ff5d7a85277eca83
W1123,W1123.png,acceptable variation,False,346892b60a8441c157ad4caba514db3896676590734a575c8dacc3a1a06843ed
WWNM79310-0001,WWNM79310-0001.png,acceptable variation,False,2a27c7444949679bb2d4793bfd311fb18734ec1032dd34f73d7bdc1100607b53
WW102,WW102.png,acceptable variation,False,0718f6517a82ef30b6f3d5bf74e21324da6f94892470c69938943f238f3b6aaf
WWNV 43 SC SKULL LOES VAN DELFT NR BR (NR),WWNV 43 SC SKULL LOES VAN DELFT NR BR (NR).png,approved,False,b268c1481338057e2b5a70cbb4ef6d39aa3b80bf3ce88926cbcc3eda15f58f91
W135,W135.png,acceptable variation,False,c5a1c9bbaed4c32dc8711afc77d9baaf8cfdf1d3801c439a6cc973a450836f95
WW719,WW719.png,true failure,True,b34fce77f700e589f30194714ffcaea495e8b827f1f263287802c872fbf66371
WW595,WW595.png,true failure,True,ac17dafcca289850cc3aecabdff16994bcb5ebd54bddd319cc02179733101abf
WW67,WW67.png,true failure,True,0da3f69c9cc5cc077b0a88bb3afdcd00137834205da108c7e0019635f2563284
W126,W126.png,acceptable variation,False,d810efd45dd05391964cda699089d145087918b1e4d8d9fc3b03db4ffae71f2a
W112,W112.png,acceptable variation,False,ecf75c2b36975e64037e4df5e441501543168a27a8df07cde41b153794805b37
W1247,W1247.png,true failure,True,21155ab4d0f603f7af8606d8e74558c62fac67776b5160e4309931d35d33d6dd
WWNG0A49022,WWNG0A49022.png,approved,False,1f763dd285571983993bf73c579b17bc672f3a111d1160b254c2d7d5e432f7b7
W1115,W1115.png,acceptable variation,False,cfa1c5130a71075ba638eba3fcdd5be34fed6dfde4d0197939d155fdfa024ca1
WWNM224270-0001,WWNM224270-0001.png,approved,False,83b9af0339a70038113ab57da066094d916dc084e12ed5dd56364f25aefa1ca2
WW824,WW824.png,true failure,True,5cca370936d2c98084e0df4937b3aee87ee60a71c37155d15e4645ebedd2e0e3
WWN311.92.44.51.01.005,WWN311.92.44.51.01.005.png,acceptable variation,False,62298ff4ad4cf16131cf7152eee94c5cb6af26f26b195f8d7b03505b945e0415
WWN298617-3001,WWN298617-3001.png,approved,False,dd416a40ed64971fd58a020d2ab2f88c45fb5a8c6e14425401109fa06b43bf9d
W123,W123.png,acceptable variation,False,0e3821cf9a86d8a6cff2812ac598ff0e3462ccb137758a2dfa9cb3efc389b35d
WW416,WW416.png,true failure,True,040d68cae600f272572eaeebe4c0d40dfea7efca2bac811b64814d3412917fa1
W1156,W1156.png,acceptable variation,False,adf7779e3b431bb864e7ce945cf054d954855750a72bfd782cff808cd65d4062
W118,W118.png,true failure,True,8a2a19ba80040a80deebb90ce3f6d45de570f5de6ad6fc26723780106f05558c
WWNG0A48022,WWNG0A48022.png,approved,False,f627b512ff32476900fc51b92047a69cbd10023e53c245625ef7fb04d4e158b1
W111,W111.png,true failure,True,d07463785bb1bd76245f283ad67847e43d2d6ea46839e4461fd9a671f94ffced
W1102,W1102.png,true failure,True,c82593a3ecdab93b8a3b03fb4c94ba4229e470b35351be9deaf0bc2b461a45df
WL7,WL7.png,true failure,True,51d8a80294664f359e30b087b17da796fc22f2473af293154b030ddf4cb28841
W1240,W1240.png,true failure,True,40c0537cb535d4f3f57f7dda69c14cf44bf9c89e93e8ce6fd8281fde7a6524af
W1223,W1223.png,true failure,True,347bbd40bb9c7147667d68522b87b2d04c20f64dd2135164dba705fa9eac9b45
WWN03.3400.3610/39.C910,WWN03.3400.3610-39.C910.png,approved,False,b404371ee3275a24ac956f6a3023c51f92bde3a2ee23bb60c0559fb2b0a01e86
WWNG0A43081-CD,WWNG0A43081-CD.png,approved,False,a152e6ca8d787c40d0b0269fde82312be1ce14a7a3df5f6efcc381aaa18b515b
WW231,WW231.png,true failure,True,6c8bd590587ce7e575285a6c3d56f5e709e4d0e48c74ce3df8566f491b747355
WW404,WW404.png,true failure,True,401b99f4fc528552eab67381fbdab80741f84d0b432434b8cfb9d7a84863caad
WWN278608-6013,WWN278608-6013.png,acceptable variation,False,a79492d698b84b9901e89345834b55ba2f032afd3a33511554d8bdfa52978606
W191,W191.png,acceptable variation,False,e881e77ad1f682901a2bc9648bbd4b719be948cfa5ecca8acca85c3cb4451b0c
WL12,WL12.png,acceptable variation,False,31c42baf352796eb8ab417f6f844c2ea1c6b93c18889a22dbac528acba7595c2
W1252,W1252.png,true failure,True,034550ac83b248ee06501d6d224774b67005f625a0fa955355de96811965ad7a
WW278,WW278.png,true failure,True,390fbb2367773a0339a0fd349b17e97ab2ab1a9b5f149a84dd5ad80ad7d58936
W17,W17.png,approved,False,e3488d8dda8180f0b31d7c59306f53697f8abce253edfc9d322e0f19c05f889f
WWNG0A50301,WWNG0A50301.png,acceptable variation,False,df64c295d57bf2b7bbc7f8815b73d366906c9458873cf9c3b63ff06703dfcd3d
WWN215.92.46.21.01.001,WWN215.92.46.21.01.001.png,true failure,True,a0d82b1d4e8e71293c5b2d6edcaebb41ea7698572ede75359b3595e47b73a817
W1116,W1116.png,acceptable variation,False,35d5d463fa3e54b5357b8c1d06f42245dc64941aeaad047193eac055d863fa8f
WWNCDW2150.FC8360,WWNCDW2150.FC8360.png,acceptable variation,False,cd31d8eb604319b7118d59fb8b51e9fff5dae7b0907dae129d1ddb3a2e9f5336
W1216,W1216.png,acceptable variation,False,7d9b6e9084b5b75e72d4c7c096b0594b94282d7047f866bbf1fc1e6057dcc297
W1200,W1200.png,acceptable variation,False,2a45347eec7808d73850cc45cbd8e6fb9b30f79009d32a497c7c68af4d49f8a1
W1131,W1131.png,true failure,True,e75aaf5ffabcba20f09c48b985b7404cbcaea59ca0d39c669a5b072dc48d546f
WW70,WW70.png,true failure,True,48434f5b274ed7a73ddaf86bcb4a06513fbc4b3bbf66dd6d14bfb5fae4b47371
W1199,W1199.png,true failure,True,eddcdeede70b5046c5fd13554111cbf4ce9db3a61ed098170f1c5ba49af579a9
WWN274189-5001-CD,WWN274189-5001-CD.png,acceptable variation,False,fcb1a85231e868faaedbc9c36f094b121bbf2bcbd03ebe821d506a8d773bf564
W1243,W1243.png,true failure,True,42a113d83fd3fc2e31db9155612a48d9b50ecaee478ece7532c5af0b0cf403d4
W1221,W1221.png,acceptable variation,False,4b52bdf9901cbcb6c3cddc5df6f7df8085ab6e2bb20fb43761b8af821fd1f169
W136,W136.png,true failure,True,83660c768ec18e0a0576078d0d2ab4cd17163e66ec3b40541b2579513b19b9db
W125,W125.png,acceptable variation,False,99978189f142b4c44a24218070aea1cd6e2dfbcf1e29cdd140e3aabaaf20785b
WWNQ1248420,WWNQ1248420.png,approved,False,80a79c412bd0b06392e21b634cd92f0d18e4c75b0089d2a3555cae6731c0f01b
W1206,W1206.png,true failure,True,244e9df86095cb00c1243df729b3f736987a28d590bb8d6504695a9e90f3a6bf
WWNCBS2016.EB0430,WWNCBS2016.EB0430.png,approved,False,2c79454f2b5b2dffea35bb9c7b72a7154bfd42616f0f809ab547c7a2015857f7
WWN8880 SC DT AC,WWN8880 SC DT AC.png,acceptable variation,False,bfd847c1b070b2c72d77751e4cc74adcda318a5d5fabc7e10df065f3affe5c5f
WWNG0A48390-CD2,WWNG0A48390-CD2.png,acceptable variation,False,b210759771bab3759ac1596166cd3447c44d3f08474df2dc241af1553037482f
W195,W195.png,acceptable variation,False,3f054b4a17c99742d82d4f1d05cb131d3f1ec0eb8356bf9e96a4bda4504e50eb
WW374,WW374.png,true failure,True,72078f66598d80e69ad3f1cd5639ede06012054d0ea50ee32b52cfef70b71ac3
WW405,WW405.png,acceptable variation,False,acfd4e7936f413c551a732e6c7904345c4511c8529ab08c4dd6b5c9cc3c1d492
W1209,W1209.png,acceptable variation,False,7af43b51f7e927ac5757e68fa3e1650dca7b81d91701ad4f9a40e6345794e539
WL1,WL1.png,true failure,True,bd04a868196ef72d7f37c39f3371024ed2c29a190b53d3b5221e8b5a54802b85
WL0,WL0.png,acceptable variation,False,4dff8f68145d05fa26d7e769fccde2389123407426d946056bc65287d9dd6de6
WWN361.SX.1270.RX.1104,WWN361.SX.1270.RX.1104.png,acceptable variation,False,59f1b1fbf99c0694d825f931c862217cf8f78eb940414033c89930738aeaa443
WWNH6402,WWNH6402.png,acceptable variation,False,db193c58d5b8541f5815ee87007d1c2f7aab7eeda94faa0c1f692a8fe9a9cc31
W1124,W1124.png,acceptable variation,False,fcfc5f7909a45e9dd4b48ad9daf311bf0684dd2e7cd1b8ac6f2c81c71831bb5c
WWNG0A50300,WWNG0A50300.png,acceptable variation,False,e043d703496006787d2d962ac2ad0decad2f737e09b947d4a755255bf3532a6b
W159,W159.png,true failure,True,96c60ace46452c5670ba2c2cce71792ba6d16849d73f2c36f8fa888a585ee759
W128,W128.png,true failure,True,1376b82449186e60f877f67a6b74f967c5647684025fab64b7287ba139feec3c
WWNTB0134101M1X1,WWNTB0134101M1X1.png,true failure,True,df0f5bacb7c2bf6e57e4d45d12fb538c7f8ec83eedf9c0c31fb07144361bc22b
WL11,WL11.png,true failure,True,c2b5d9ea96943260e7a54589578a0e4318bb38fa4cf495ecb45cf1965772310c
W1222,W1222.png,acceptable variation,False,eb50c9cb68c12ee9d2f986dbf7e9393187266ef0f0ba52e0b51206a24aa5618c
W1204,W1204.png,true failure,True,c4d86599aecff708d00ec38b965235427051429aa69f8ffb0e14c4ec193e27e9
WWN103075,WWN103075.png,approved,False,edb2c6fdfce041651ef72fd82007687764544de6792d7b2ac54661a0231bc595
W1238,W1238.png,acceptable variation,False,12410ad053b91824655b1b8964df9562b42cbf7447f5838370e6ae1ba66ba748
W1178,W1178.png,true failure,True,c774f52f3c409046cd3acb825372cd54b9ce4fffd75347d7839d66644fb9a87d
W185,W185.png,approved,False,140e7e62b6e563d58146246c0e6202398bca8046edfbfa310123fa609eedf3da
W1179,W1179.png,acceptable variation,False,e58dd038df64a92f94e7b95dd2cd367b474b236fffe829a956e84d47625ad631
WW381,WW381.png,acceptable variation,False,af3c5241f7507191746afe289f7fe7aa9af1a36e7cc453fa05b5a7ba8fddb4fb
W127,W127.png,acceptable variation,False,75aa9d6771975e4465e2c7dda25ab99517d02b34461f22d6ff1f17fbedb2aa11
W2127,W2127.png,acceptable variation,False,9bffeb424d93725fd0c493759d9709621a5a748b85ae9508b81e6f16a77e210a
WW574,WW574.png,true failure,True,ec6280d9531cb0da47ceece73bc049dcc36ec07801cdb902d90c39cfe91a09dd
WWNWSBB0048-CD2,WWNWSBB0048-CD2.png,acceptable variation,False,b586f95218d9de013fc501bae250aac63df6a708611c009658f08ef095cfd919
W1202,W1202.png,acceptable variation,False,bd0fecbf5c6b125fcc818e80095bb097ce3bfe12a8327ceb0a5948eea5a52ba4
W1180,W1180.png,true failure,True,9a7519053076a45cf51e2e935dee4a9e74c8097c909af1f06c8523dcba6bca7a
WWN332.10.41.51.01.002,WWN332.10.41.51.01.002.png,approved,False,8acc9f59b54b121eb68095cc8d7a6ad217d5d521647b646b3cb9fc973e353d4d
WWNCDW2181.FC8360,WWNCDW2181.FC8360.png,acceptable variation,False,b93b55dc464248962d8c9ccad6d29a142725b9152f10b017d625527e46a173a5
WL8,WL8.png,true failure,True,dd939c352cf3d293e8b0d46c4f37aa80756243deea34f5b724f9e831a5060f1d
W1203,W1203.png,true failure,True,e9a84320957fa8f08534c47e6e2c8bfe78ef01b1738c31d2cd93b77bf67bf43d
W2100,W2100.png,approved,False,654e8abae35cabf441fa6e18ae81e511da7e249d138f9a5cb6471795d06259aa
WL10,WL10.png,true failure,True,5c9425f842a40a83f1ca3117640fcae0feb42b2c784b1bafd11e4a8b75879f3d
WWNPAM01218,WWNPAM01218.png,acceptable variation,False,78c3341e844b55d9542b9300012602fba76df1f7a950177af6020318eb8b6e5b
W1163,W1163.png,true failure,True,a3e44d58942225df53dbae3e9bff95fe329522ef057ce92ece1a4ad8898a52c0
W2103,W2103.png,approved,False,808b4da4a87c81fe8c475a7aa2bffffaa33aaeb74b40d4c45479fe4a567a64e8
WW825,WW825.png,true failure,True,166a9819b28f80581b75b46bf55aeb3ed390bc07accbf730d9a8bc9c69d2d7f6
W140,W140.png,acceptable variation,False,cf079aa5468964eaffdace04d7050fe47b12c646ff58f7f49b6c94e1c4ed2694
W1164,W1164.png,true failure,True,b3b374002f24212370e555e721cb0fbb2b9a1056382ac848412c648c927fdff7
W2128,W2128.png,acceptable variation,False,916a66e3731d3317a9ad068924d49f135f4a53a7f5963e06d3ea6b480667113c
W1150,W1150.png,true failure,True,bc5a7bfde3e0b56abe58e69203943f8d49f2b69818faf691add9dc1432058bcd
WWN102954,WWN102954.png,acceptable variation,False,234e72aa7ff6421b0f195b15d52fe1bb0a67ccd745a3e11320533f66fc01d925
W1167,W1167.png,true failure,True,a4b1308137cce2f7824e1dd37e41d76584a0e764c600b1c02a60a8896378a083
WW71,WW71.png,true failure,True,bc1b885bd6e275dfe23fdd3497de2e58b776979c9c9287bdbb86a6c86c2333b1
W1237,W1237.png,true failure,True,27c3f19ab0fa27fe07de8c5bf53885ea6a6889a33348d99d29dcaa710a875eef
W1256,W1256.png,acceptable variation,False,84ae3addffe16511e742d0d4703063e768c257c9017c536ffd9070bdd10465d0
WWN168619-3005,WWN168619-3005.png,approved,False,f7e76ab1613959ccc36ef253dc7970d9a95083717dd2ebdd728a45ee855014e8
WWN278582-3002,WWN278582-3002.png,approved,False,c496f7e4a7a4585e206314e7abfd5040e6f5b88040085a40e03945c6ba15ba5e
W268,W268.png,true failure,True,18936358bc40bf1390eb10b608eda0094416a9100270b0f9b5e7753315be0ad8
W1151,W1151.png,acceptable variation,False,69dfce0e4e75567eca315abead9c52ebeddd07a7e31c7d092d01a0b3beb443a7
WWNIW329303,WWNIW329303.png,acceptable variation,False,7f1ccadf4b16bbc059d7582a789e8aa2175038bf17e6520f1811edfecbec2155
W1162,W1162.png,true failure,True,ed42cb673f003cada8a1d5bc8ff6e6aaef35aa0f688497ddbc37e912604bd2aa
WWN388531-3003-CD,WWN388531-3003-CD.png,approved,False,deb0f5de7dd1c0c01fc8983ab63cb131c875ff90c77085a7811c63b9fc80902a
WWN215.33.44.22.01.001,WWN215.33.44.22.01.001.png,approved,False,2be8403eb2585779e8b6986c0c6478c2198cc8edc150d28354f6e0825d1d25b4
WW375,WW375.png,acceptable variation,False,6c889cbbdce55dfc6d050dd412ee53d8783710ad63d64dfd7a7f463ef60d8d1e
WW917,WW917.png,true failure,True,014e16c17c881560cff9c43f2686d2d973ea2f285abfb3265f7740f93f803ccc
WWN102691,WWN102691.png,acceptable variation,False,7199f771b88ff41298aa188801675252e9fb2be8f672ec89f0a4c9be26954d9d
W10,W10.png,true failure,True,ed929a2de6e23de0431543861699ddaf81711f5a5a26fafc67a428afecef1ba5
WWNCBS2011.FC6529,WWNCBS2011.FC6529.png,approved,False,dff033791b56901aaf9daffd27b48c879f31b99dec72236d0a0cf6a027bb215c
W130,W130.png,true failure,True,22e35386fb36436aab28d9ceccbea17098728e937d0177c4b797bc493908735e
WW814,WW814.png,true failure,True,3944ad570b405cd03a1334435d9a67fe4297e9276f62e1c23e689e88de579d1c
W1258,W1258.png,acceptable variation,False,fc5040439cb72af835964719aabaf426a2af702e53c3f9d9072a3c5ac2767172
W1253,W1253.png,acceptable variation,False,41898e6130f0c8f35b7d5ee65039760b15ee443a96b928b83d3e139a4da6b733
W2109,W2109.png,acceptable variation,False,a2d31b75c6a32f062db679f704528f84be813b07e259deec9203f5275408debd
WWNAB0136251B1A2 UTC,WWNAB0136251B1A2 UTC.png,acceptable variation,False,f282073d51f6b69331426ef28471445719d15a2cae48c7460c56f45ab5d2a072
W2104,W2104.png,acceptable variation,False,89ca81256524274044ae1f48d11c7bcf6047f535797bf66ff039b2eebe1c7f3a
WWNIW458101-CD,WWNIW458101-CD.png,acceptable variation,False,b30880c1233158acb4bcc7ea1ea4f38a79a367190fcb42da817c8a93530f2597
W1259,W1259.png,approved,False,6b6dd872ac7857d9479a763f93f4e3a3694855afb890e213c50581c810860a5f
WW408,WW408.png,true failure,True,4e5e7d02c60ebdd45796beb71d4e8dd8a76e544d79018281402adb83263eccd9
W1245,W1245.png,true failure,True,93f377ef0491480476507e33a66f0229ef50ddf4c0310602da0f905acd4d079e
WWN210.22.42.20.01.002,WWN210.22.42.20.01.002.png,acceptable variation,False,587f34082b28b975c592dde36000228d4cfb586564581665b78c7d4846ca7b86
WWN215.30.46.51.01.002,WWN215.30.46.51.01.002.png,approved,False,0982e6cf9bc92cd8b874728e73f339526d35f8118a696d13ce0237f378a631c0
W2117,W2117.png,acceptable variation,False,08667fb20f752a093451ae46e270a8bf3beaf1268fe665d6299cc09d996f6108
WW314,WW314.png,acceptable variation,False,4f8f0b0369084d3ad3bca19c0fae057bf3e9d6ae1709e68e348abcb238ca4c1c
CR215.30.44.21.01.002,CR215.30.44.21.01.002.png,approved,False,b32968b1f62a8ede9731678ac875462e146c49ca252a7d1fcadbe2c9e9f37d53
WWNA10380591A1A1,WWNA10380591A1A1.png,approved,False,7499e53bfa2e66a741f6200fe2215e0ca0c0bd71489f8f12b0bdccdec00dbad7
W154,W154.png,acceptable variation,False,e55190f04bae687abf73d579cb55fb5bd4bfe343ab1293fc3f8f00d9345310a6
WW868,WW868.png,true failure,True,a74ff3b2398c89e8047614779d68e0f27036aad359c5def554496f8c63da9ba6
WWNG0A48390,WWNG0A48390.png,acceptable variation,False,880b2e6937b1743c018caf16aa280e0e8900ff12789980c49c385bd69a9e5699
WWN435.13.40.22.01.001,WWN435.13.40.22.01.001.png,approved,False,b87e3ea567577177808bc8d7360af591dc4c8873382522e43bbe93a40127721a
WWNG0A48080,WWNG0A48080.png,approved,False,237c544e1e1f044629312264a4747e5af9e92c8de7c685e5e1ad79b189c321b0
W1218,W1218.png,true failure,True,c55fbcaccc01c1e2faaf4eb2fac862f4d34dcc43c9d8909f33db3a606ed96af1
CRIW358304,CRIW358304.png,approved,False,3d7bfb0ce4533cf210ae14cfe5d02427b818c2e3e575289b9ee0abee6b866e10
W1246,W1246.png,acceptable variation,False,30327c8623b324fb628dc833afc07e68760d09cbac3aae9a69d5f82f9cbdce37
WWNSBGH353G,WWNSBGH353G.png,acceptable variation,False,01cc88dfaa4ddeba4ae464fa510de240fb5bcd10deb9a7556e2daac81cccf673
WWN103897,WWN103897.png,true failure,True,78bb952b277eed18d930c98e0381c8346e8e29ec6e5a969534f8a76adaee4cf3
W264,W264.png,true failure,True,6fb2ca2df4424d42f0ca93a130bc840c30a2b0c2c7f9590b18a4bd5d27bb2686
W1261,W1261.png,acceptable variation,False,19bad7980e8943adad87906df67e41b7fa3af355ae7a316ee99043e4db3fad5a
W1161,W1161.png,acceptable variation,False,fc0188d7b68e3b71941e853c24f9b15205aa61fe2835b6129dd8f1d2be1acdc4
WL3,WL3.png,acceptable variation,False,0c2d5823cabfa975d1806c1af2caa07b0ec19937e564d524688ddef22a121f06
W11,W11.png,true failure,True,c80c331309bf68f77faa0b8dc836e6f6a0ce84325135aaaa8818e1e825261058
W116,W116.png,true failure,True,9aa3f7d6fc1609a90f6f7932a15c19dad52017f6541d1786227469c968e3a9ac
WWNA10380591L1A1,WWNA10380591L1A1.png,acceptable variation,False,f6bb18069de936386ceca8486f64ea3fed6b32a7fb82c4613ae26bcc8ec17325
WW447,WW447.png,true failure,True,5a4534b393427b46849f38670aa15c5d699dd657742769d93c30bd1089c23fd0
WW573,WW573.png,true failure,True,fa9fd6ff91706160c7d8ddd489dbfe47644c34ac0cf1642612513d3180f0b45a
W16,W16.png,approved,False,27b1304d3b41071c41cd7d304f4822846545f3a2a639fa308fff7d039b0be2b8
CRIW391029,CRIW391029.png,acceptable variation,False,d88c01e430d28f08e06eda27a32927936c2f8ae64312c698a3eb89745fa2c633
WL17,WL17.png,acceptable variation,False,7d5e89d5d4bb3aa53fdd27f098c221a27926748bf46bf9876cb5e7979e2cbc38
WW388,WW388.png,acceptable variation,False,b958b7cfe7a73796c74fa091ef9f4cc2c3fe3b1f3292aadf9585318d2c3d5507
W1260,W1260.png,acceptable variation,False,82022e4fc092fffc60ab2b4719e08ad75e358fde924a9b2e8c282bc1c0c487ee
WW465,WW465.png,true failure,True,8f73fbd1ed12314000bf8f2893d53f94568962c601d555045b21461f7ae84315
WW624,WW624.png,true failure,True,24916df371eb54a73d34dd02ffccd77b4c9ebe7df8dc669d2c8e522985fbfe13
W1207,W1207.png,true failure,True,fbda85d73bef0b7fed6ac0a5b4d60e55c59b662bf41601403abff3c04764f5df
WWNA17356531C1A1,WWNA17356531C1A1.png,approved,False,f8672c79c2abb65a621a6fbbfee8685d8698ad6dca02b204af4e1b5d6dc74bf6
W1220,W1220.png,true failure,True,8c0b98a478d655c3d3096326335f081e0744a4e5f1ff0225cee756d9f2855980
WW340,WW340.png,true failure,True,28246b82053f966c95f22ab9bbcd613faa2388c5262506352be91de307b8a8f0
W2102,W2102.png,acceptable variation,False,025d17d71eec6f3717fce9c1d92e99bcf6d37a45c5f4459b6285f1728ba31f09
WWN585.NX.1170.NX,WWN585.NX.1170.NX.png,acceptable variation,False,87dd5c11d1853d58fb745961058530fb6a2e25e171c4ab9eeb0a6344688cfe3c
WWN388563-3005,WWN388563-3005.png,true failure,True,1dae4d8d032e495e3f8c5e1bdec8ac9dd856dabf794089b52bf27c9a19d86add
WWNV 45 SC DT YACHT NR,WWNV 45 SC DT YACHT NR.png,approved,False,e2d3cbb6097a85121336b3fe3840ceddad67a935dbd043dd036a1ae605ae81cb
WWNW4TA0031,WWNW4TA0031.png,acceptable variation,False,f4d3c6e2f2fb80611081ac9d6cbaa290745c5fd90ae65419d680c2ee8d8978c9
WWN278582-3001S,WWN278582-3001S.png,acceptable variation,False,f777b2a671deacc33820576bf26c8e767c7deb673c572a5b37ea93a93c71e088
WWNCBL2111.FC6453,WWNCBL2111.FC6453.png,approved,False,c74ec5cca3ccc5998cfddb228114eeaee82ba9db58e552ed7a350ca061b0a493
W14,W14.png,acceptable variation,False,38a082ce2af863dd9a769735541eee172318e826ed7820a4c0b17fa34039cb8c
WWNCBN2A1F.BA0643,WWNCBN2A1F.BA0643.png,approved,False,171554e0df5375791c15ce3583422cf52f8220bbf3e996d134ae433aaa04a6c7
W146,W146.png,acceptable variation,False,bb11fe4a465ee2c4ac512d8690586e2f4606b3c1150cd539bb9079ee2119aa51
W2133,W2133.png,acceptable variation,False,1dfecb2e406434410876e039583cafb64d71a13ff8c14f29a4b5a3a7138f51df
W1219,W1219.png,true failure,True,05c5a53c7c7e7ae7854f27a4204e5be8f6d3865f24ee8ccbafe31d8a3a317c4c
W2101,W2101.png,acceptable variation,False,ffb5b3e70c7765accf2638f02c97c0ece2c48fba0bf19d85699e0d6e4e656824
WWNV 45 SC DT RCG AC JA,WWNV 45 SC DT RCG AC JA.png,acceptable variation,False,c02cb6fd79ba28e74f3c4fc6b84eb940e239852a6bcb1276e34c04b7413366e0
WL16,WL16.png,acceptable variation,False,fce292c03dfdceee0676fdc3a0f1e1eba875cced8c879fda091c9a4366d81191
W1208,W1208.png,true failure,True,4f399585772c9d1aab6efcaa148869ad5306bddf2ed26a356a1d3ab10311ca7d
WWN310.32.42.50.01.001,WWN310.32.42.50.01.001.png,true failure,True,a455258741b1e4753437a4ad8f9ff0b7f4d7ae6e5d1b1fe078f3ba76b4c8638a
W193,W193.png,acceptable variation,False,f40673525585ef4d8dea1dfa2706e9c22631bb869ef4c33ce1108ddc52b0c53a
WWN215.33.44.21.01.001,WWN215.33.44.21.01.001.png,acceptable variation,False,7fed4b95076b677170d33017fa69c48cbe1e1d7ea15e142917b431144072377c
WWNCBS2212.BA0048,WWNCBS2212.BA0048.png,approved,False,f88dc14c80d00339a00ee412358bae4ea78ae76bea5aaa803457e88a340e8f61
W1137,W1137.png,true failure,True,ad61b30fb8e71edba55e7625139e309a416e18c25930d9c38d172eda6ba4f8cb
WWNWSTA0105-CD,WWNWSTA0105-CD.png,acceptable variation,False,6bef0a368872450243c66dcd8691570edb2488367a095158e94fa12f384c6558
WW512,WW512.png,true failure,True,59e707709d278824a0b3a18d4071719a5ee5f089b0a9b6c3fdca7df7767b7a85
WW511,WW511.png,true failure,True,4f7080f8e4ebd8c67e305e8c353b4ab559442dacc73c1a6729f2d922e2903ed1
WWN102703,WWN102703.png,approved,False,21c16d449eef042e6a6d760bab93e2c4383a98812b2a4103206bc12440e6a634
W1210,W1210.png,acceptable variation,False,983e9d7427fb761211ff62c696d02a8de26afc8320ed898e0426ce40669f9cff
WW387,WW387.png,true failure,True,f4451bc69250ad0631ebf3b862f54bcadbcf3e90d78a86f2734d18d2f658b7c8
W2126,W2126.png,acceptable variation,False,23ac7909e2d628e8f594072df1d1b5b6e6b1d8896d42bad2f4e0d05ba8d32489
WWNA77330671C1A1,WWNA77330671C1A1.png,approved,False,0785d74ea116511730adc900ebd8fb7fa101d362c7c2a67bec5c4447d5bb064d
CR210.32.42.20.10.001,CR210.32.42.20.10.001.png,acceptable variation,False,b5a329da263350fe4da61ede4fe94dd4d732c15487060da0f410bba05148ee6d
CR210.32.42.20.03.001,CR210.32.42.20.03.001.png,acceptable variation,False,0651f56e15bbc97accac6e60ed4d4e5191574b50dd2f5210db481e276894cea3
WWNM79360N-0013,WWNM79360N-0013.png,approved,False,1c5ab8c516589858cca22341bc16feb845ff2386fe21484b7cb48c69168ee60b
WWNCBS2216.BA0048,WWNCBS2216.BA0048.png,approved,False,091f40d24ab9931b7f0f16b6a9b784f9c23fc40f1e6796e6f739368c59ed8db3
CRA32320101C1A1,CRA32320101C1A1.png,acceptable variation,False,cac30fec5bc125910141774afaada88c17c5609b407369a54bc8ea29f9fe67e8
WWN830.20.101.20,WWN830.20.101.20.png,acceptable variation,False,1f42def1f165388f2462718b7b6116b029ce6e65a713d9732dfbf4a4a9249172
WWNR77320E61A1P1,WWNR77320E61A1P1.png,approved,False,195a3558780b4c1cf05224fed87393d6ac69edae0e49a12567182472c7eab46a
W1130,W1130.png,acceptable variation,False,f9f325508d89c3053325e3068d595d9fb0b82e9b25705be724cdbf7e46174741
WWNAB0134101L2A1,WWNAB0134101L2A1.png,acceptable variation,False,286b0979852e0a3291bbb2c6f0ff0ad8f8fd81ffec1399abef8720f048d409f0
WWNA77310591A1A1,WWNA77310591A1A1.png,acceptable variation,False,281adcd58615c695b72c50681fb2857b21db7db1dfb1ccdeddea0fcd01ec79e5
WWNM79360N-0012,WWNM79360N-0012.png,approved,False,afee87c41059acea84bec61f43a0b25781d844284df9eddf23df93fe5d71f0c5
WL18,WL18.png,acceptable variation,False,64bcd94770dada2806abb0604b876ace7ecc4c11c7d87bd4f4bc33d51ee59d55
W153,W153.png,acceptable variation,False,cb18adb0129bcdee25f99e9d3ae1ec9c0c724b501a393aa21f884d92d7ea18af
W262,W262.png,true failure,True,070edd664ad768f062788be6ae16a65efd5ef939398f211d6e19a2de7852fe77
W1368,W1368.png,true failure,True,7323939177fa204155c0a8be6067dd18e899baedef4cf314066f19c2d889c69a
WWNG0A47090,WWNG0A47090.png,approved,False,4e04bf8ca9d2db46ddeaa7804cc9b528de78ddd4275e8361b9b8cb2fe528c22a
WW352,WW352.png,true failure,True,cda2726355616da325e1ff7bcb04fa49d94b833e003d645cf47945ef993c60b5
W1158,W1158.png,true failure,True,2f2b086ac188ca2c1ddf33d223e548efde867214670686bd47285c66d3d18f0c
W1214,W1214.png,approved,False,3e636fffb5fc5114c0269bd09b350875d85ca3b672addbe75eaf749fc2a52541
WWN278590-3001S-CD,WWN278590-3001S-CD.png,approved,False,6852c879f4a90ed44755ca807c3645707bb921c286fd0a3f6616ace1525bfd5d
CR210.32.42.20.01.001,CR210.32.42.20.01.001.png,acceptable variation,False,5801fc98c2a99f725ae0d4bef9218a284587587b1adc766ecfa657a77010e3b7
WWN210.32.42.20.01.003,WWN210.32.42.20.01.003.png,acceptable variation,False,f26230a2e7f6807886d44a2da2322232cbf3ee8b779488ebc7c04b04856d6131
WWN278582-3001,WWN278582-3001.png,approved,False,700cfa193153e8298534ddf36ccd6572c9ce7ff3b0fcbc59562dfb1804eaafac
WWN388563-3006,WWN388563-3006.png,approved,False,81218c599d337358ddeb6153936f9a4975a9881388e2e1d22221b40e7ce02579
W1215,W1215.png,acceptable variation,False,3cfc533084f2dc3a9a703f94047c71f4e64257d025e5fa6e430aa6b86dd380df
W2115,W2115.png,acceptable variation,False,084f31716848795efb77b682058b684f6c8e764ad3a53a733e47355912503b0f
WWN220.10.41.21.01.001,WWN220.10.41.21.01.001.png,acceptable variation,False,059d8d37a10659c84cf33791c5b0545e54a73d440113519251d2125a2f4c03d3
CR01-400-7778-7150-07-7-20-01TLC,CR01-400-7778-7150-07-7-20-01TLC.png,approved,False,8203159614cf3690284ae411cbbd3403008a6f65d6726bfb1e20b4b75c63abb1
WWN102043,WWN102043.png,approved,False,c5da1703b91c6816b15bcb8b858acede322c8ab987bbed08e45164526a9dd15f
W1103,W1103.png,true failure,True,5e9dea3dbafa466ed253a845600961d97ab24a8fdc29f76d78176c90274304a1
WWNM25610TNL-0001,WWNM25610TNL-0001.png,acceptable variation,False,78299a7131ed248e2ac01d3f281230061ebde74d2c3dc66c39a4d54708b596ba
W2166,W2166.png,acceptable variation,False,ea2b387ffd707f0ea40ed3b296b8d3784062b8b214a738b92a31cd04990f2b6e
WW466,WW466.png,true failure,True,1de64c7b279f1e3891ea12e846909d66183bcefa17eee59796be1787c444bc15
W117,W117.png,true failure,True,6e812898a544c54bd72d43d62f6aec4005fdb9db4f58310128be207e388b2390
WWNM79643-0002,WWNM79643-0002.png,approved,False,912bcfc35cd392e82fd25c506f31d9c80d34364c4eba6a77acfeb25db51c88d2
WWNAB3114101L1A1,WWNAB3114101L1A1.png,approved,False,a3e1d0a4b88bada64ad5cc1856e148be522f096c997ef618f3c26d9a8f260f28
WWNA10320101A1A1,WWNA10320101A1A1.png,approved,False,1343e2ab2cde7c403d6d92a72d88a12676b01d29eda4d7e16b49b1f2aea060cc
W1133,W1133.png,acceptable variation,False,af60b1ab978142e17ac87ca104e59710a9f1c0685ab6e67a88736e7cba1597aa
W113,W113.png,acceptable variation,False,be7e3c93222a48703865ecf5b9bc2898ee6228622ed178ccc550a57c9cf80d2c
WL19,WL19.png,true failure,True,39bf530b01ab8dfee6bb41bd172eda63a863799812cad3ac7835ed0821713ff8
CRIW356502,CRIW356502.png,approved,False,bdbcf25c86e4fe51c18eafa402595a27d43806e7ecd4dc4e3fe72b45706055c3
W2178,W2178.png,approved,False,170255f5b0be5334d2f7313d51a1dc42d38c172aa0fbca79bbd15214c87304f4
WWN210.32.42.20.03.001,WWN210.32.42.20.03.001.png,acceptable variation,False,558288aaf99d73be9edd2f7c0d834995bc5892da9551e5a8ce2ff18340a5ea65
WWNAB0145371L1A1,WWNAB0145371L1A1.png,approved,False,675afce7b6aea390a3a8be895153bc1aa589c334ff6b57ff123e7528af4f7cd3
W1138,W1138.png,approved,False,f623e2a0ba527a7a52a25d94fb149116624cf55a71c92027eed42d33bd08fb13
WW61,WW61.png,true failure,True,a7d786089bc1396e0beac286c7bbb0705a4333326dba1e797b9f3ae17af5233d
WW14,WW14.png,true failure,True,de31564ccdf158554d93e5fd975c0e24499e36fa2c672233a61d661a86127bfa
W156,W156.png,acceptable variation,False,568b0554cb1421641688280d00eed6cd72d83d9f47b30dab4efc87b8b3f4520e
CRCBZ2084.FT8097,CRCBZ2084.FT8097.png,acceptable variation,False,733fdd56e7c0756544a425bb9f0dda7de98dfc39e00c82a0a70ddf06d13df900
WWN324.30.38.50.02.001,WWN324.30.38.50.02.001.png,approved,False,727b7ef7957bddc047ed8e2db02b1c1b0958d57bdab6d7ebb555c9881814e525
WWNM79833MN-0003,WWNM79833MN-0003.png,approved,False,ce45153cac9c8d01dd563a05012a00c7934f497e165ad652dc3932cd18ff6efe
W182,W182.png,approved,False,a941a0c7c31137766328f514ae4c546701cb7907043db4c145959018dd3c751f
W2156,W2156.png,acceptable variation,False,33413546ca2eeb7dc5ac70e3099788e7c13c4b34ecac9ef7ecc35400209a4540
W1191,W1191.png,true failure,True,f169aa258e72ba7244548388c26e86e5f824b3f7fa976298c93aa5469c00647b
W183,W183.png,acceptable variation,False,85a1c1873fea2e01f6abbe9d28d74a3d3b8de51d78b808f640630fe0c40d267a
W258,W258.png,acceptable variation,False,1ec0147a2b975f40d5b4bf2ffc0513ffe092865cc74bb04fb0043f80b1b89b01
W280,W280.png,true failure,True,97d985e400dfcca72cde1b2707bd33f5c217619f59b0a49def1e3c86026128a8
W189,W189.png,acceptable variation,False,be76e6a9de6f6e9d6673f3e99f9ec8507ef68f577dd708bb9c711f1d5ee30291
W2119,W2119.png,acceptable variation,False,ea3fd41d1b2badaaec4867b564e41a744d1e365184154b78f5f756ce46c12922
W1184,W1184.png,true failure,True,1775b10b420fc5c0c454e172bfb45e4ce70dd441c54144b90c7b1859da6b5406
W1383,W1383.png,true failure,True,18ad216287b4d8c1ed8b0a56e42ef4265a649420a31a719fff8d54db70dcca42
W141,W141.png,true failure,True,c3391bb54410505088dfcba908706bbe917069c3ffc7cb57df98d646881b0ebf
CR01-400-7778-7158-07-7-20-01TLC,CR01-400-7778-7158-07-7-20-01TLC.png,approved,False,e9a8adca4e89e9cdbaa320486f225bd0cbe2a6dab02ea6e7183190c26143dca3
CR01-473-7786-4065-07-5-19-22FC,CR01-473-7786-4065-07-5-19-22FC.png,approved,False,d8c2a270b222eb038e2dd6287dd63c8f3a1cb26b2197930b6c7ad1035ecbc9bc
WWN10199,WWN10199.png,approved,False,53633b60972e287d97fe912f2061faa6c254404ef3e5cd51c0ee5878a3b41ff0
WWN278590-3001S,WWN278590-3001S.png,approved,False,2fc4ee8847ed2a965dfba9b21303e7322bd38771e725b3bda79758cc194bea3a
WWN103540,WWN103540.png,approved,False,3766a999b25469e71cf86e238a36ae4b8dfdf5d5cce66dc8094270d23aceae37
W138,W138.png,acceptable variation,False,0d4f8327001b19ac67f32cb0237b7ca7f11c556a54407a4c6e0f104b98ad87e2
W286,W286.png,true failure,True,43d8f8fbca34a052a47d36cddcc1097ffa55d3410b822654d0a26038c333819c
W1484,W1484.png,true failure,True,d69aa7e7bd24a0be566eee2ce0bb58f79379131c386ad9680ab088b30a09b561
WWNCV201AP.FC6429,WWNCV201AP.FC6429.png,acceptable variation,False,7b512600767e2ab053414ade5a6f340ae91820d23a8e3809fcdc34fe2618cf3f
W1114,W1114.png,true failure,True,769af517e6956e8bb6819e8876062a5e7a0c5a7271d5dff669c12642f79db7a0
WWNAB3113A71C1A1,WWNAB3113A71C1A1.png,acceptable variation,False,ec92961437293a42b8b176bb65630818e47ff3168fdbff53ef26b32e86643caa
W122,W122.png,true failure,True,f4764349c9d81aca36187449a060a77dfb51a972838424bd8bb16c2b68a4dae7
WWN434.10.40.20.02.001,WWN434.10.40.20.02.001.png,approved,False,d8aa5b418e50d965f52fe6347c4c7c8b63d9b36c99ab9eae8791edaad4da0435
WWNAB01766A1A1A1,WWNAB01766A1A1A1.png,approved,False,35ddfa65dda68d4f93acc9bef9f7566b0ad9c1e43907b921d2da6a3997bcff49
CR01-771-7791-4054-07-6-20-01,CR01-771-7791-4054-07-6-20-01.png,approved,False,1a594e0607a2e6ff9bd0d76abab2b1a2f83279b6f3c48dae0a25eee4cdc2da8b
W2141,W2141.png,approved,False,23e28dc63481b8f577ae4682aa8c9676c91ec7d905e3dc28525814ea08badb1a
WWN102564,WWN102564.png,acceptable variation,False,4a5102b17e3870f3c19366a541a4166a3376d04c2e39f1a03d4ad0fd76f47e51
WWNM79680-0002,WWNM79680-0002.png,acceptable variation,False,583782563cc928613e355ce8339888eaf6f64bc49633a9039b7a23224fdc2809
WWNM7943A1A0NU-0002,WWNM7943A1A0NU-0002.png,approved,False,cd304f04c1ced2a3dba7ebc6ba10f424119d1651e9872b222404d580e4f7f3da
CRWBP208B.BF0631,CRWBP208B.BF0631.png,acceptable variation,False,1456e31837fa917c628dd39bc404b42b18ecfa14a3e1438342cf22032a8cecd6
WWNCV201AR.BA0715,WWNCV201AR.BA0715.png,acceptable variation,False,d5cd6e2a7def098caff93aecb04375bec0b4a283116dd7aca6a4444fa0ed8740
WWNBR0394-RS20/SRB,WWNBR0394-RS20-SRB.png,approved,False,19133363900bf356b09dac56238233ab5101df8491e6b448d7d574ba19a7df62
WWNWBP5182.BF0010,WWNWBP5182.BF0010.png,approved,False,db9e4f5d443075419cda5d60a08f248ab82496b32de19c145d653a268a500f40
WWNL8.126.5.79.7,WWNL8.126.5.79.7.png,acceptable variation,False,c83b0c13f3396b102af570ae9a1d947fc13fac0d9e841026dce09abc3dc37eef
WWN103868,WWN103868.png,acceptable variation,False,78358d1f66458fe8dead264fd270fea945950831f784e92db4c4a70e31c8572a
W2181,W2181.png,acceptable variation,False,b20ca8eed207f14a8ebd7c92c1a32634bc7b0f4c9b1b08931ef140c7c3d13eff
W18,W18.png,acceptable variation,False,f3f8f8fce537fd6065bf0bd8a3f2d95e5e51143c4782a944c28d23cdac03c3e9
WWNA32310171C1P1,WWNA32310171C1P1.png,acceptable variation,False,33f7da2ea0d38c3a7b06e8e08734c4e12a0d0153e1ec959179f6db95192e5b6d
WWNWSTA0107,WWNWSTA0107.png,acceptable variation,False,52467512d9cda1d8b4071bdc96ab518986225c9e5d5c8ccbcdc96666064d0dc0
W2106,W2106.png,acceptable variation,False,c84cf07ba7711a38b19590dad896ce495f81a412e6e57183a6ef1621ce592f2e
CRCAZ2012.BA0876,CRCAZ2012.BA0876.png,acceptable variation,False,708d52218c9c6b8de257bae80872a2220138e1a030fbc312b187eabefdbdf1d6
W2132,W2132.png,acceptable variation,False,6a80b8fe87dda8a01b34fe831ffc104f89375458a48dfa07a2334a77505aa5e3
W1352,W1352.png,true failure,True,3f7fb00694fac5cea4534a16c43b281d86a53d73861ea1e2937c0b6278b15903
WWNA17329371L1A1,WWNA17329371L1A1.png,acceptable variation,False,ecbfe43e731ae7568ddd87ef5c8e823b0c2d7b1ae14bf8b2c593cbd7e67acec6
WWNAB3111241B1S1,WWNAB3111241B1S1.png,acceptable variation,False,9d814f1267fe09d6ba8bc284d442ba521bf82507641ecc1c8dcddfafd5e80886
WWNA173265A1K1P2,WWNA173265A1K1P2.png,approved,False,aa4491f1481c15f63b225d591e37b299943120d6446f4b8e29545b53cd22f459
WW675,WW675.png,true failure,True,084b368f0f6ddef3b433a3b5afa99a0be988587da6e13dc09924c1f0a08e765e
WWN104234,WWN104234.png,approved,False,46ff7662959bfdfe00799c7bb023f7ac19bc1cd9c11f47d7cdfa3d832e324b57
W1351,W1351.png,approved,False,6ccb13e90ddab3c04bb0a76aab11a9708c2abe4fe3986afa2d17f2f6b0f9d8f2
W2118,W2118.png,acceptable variation,False,28279e70f91c34d72076bae22ae66bdf4b74ac831830e5470414bc8675c8581b
WWNA17375E71G1A1,WWNA17375E71G1A1.png,acceptable variation,False,06e74c3cec0d1c9fa7640f8889c78996182cfb7c1fb553566cb3f8b862431a76
WWNCBN2A1AA.FT6228,WWNCBN2A1AA.FT6228.png,acceptable variation,False,44dad4416e5b0872ccc8c5ed9ae5f19e0bce02a00e3215c046eec607ee962545
W2131,W2131.png,approved,False,b7e08eca102d900fe3ddcc94baba91cdec2053ac013c99d9b88ee308c115be08
CR01-400-7772-4054-07-5-20-82,CR01-400-7772-4054-07-5-20-82.png,approved,False,aa2c23ba96e0fb30ea08b334b65cd98470789c7e0c880518d27c53613cc0fe45
WW341,WW341.png,true failure,True,c2f95b2fc7e22f8a56a67b25e2863e82815879f19431b6c3ee43406d250914ff
WWNWBN2319.BA0001,WWNWBN2319.BA0001.png,acceptable variation,False,55fc3766db64d1b68f63310864ce1e7564b18413fd6bd91184a385819da22216
WWN428.17.26.60.04.009,WWN428.17.26.60.04.009.png,true failure,True,21daed4402eb0777551452481bc51d8ab2d892a46aef2869f05b96b2f06a5e8c
CR011283NRCANN,CR011283NRCANN.png,acceptable variation,False,afceb9e68d3532ef1a48780a120803213eef343d7f8fda8eea499baa0e2aabe2
CR011283NOCABUIDN,CR011283NOCABUIDN.png,acceptable variation,False,4e9b49d460b2eb717179f9b77b8502d2de45e1e1d45da45252656a31832db1ea
WWNWAR1115.FC6392,WWNWAR1115.FC6392.png,approved,False,a9bbea6f8158a8a5f214dba38bb494d1ee16a4c41c1e89a0ecb8eae74b4107c5
WWNWBN231B.BA0001,WWNWBN231B.BA0001.png,acceptable variation,False,edbaf4b827ff7d0a2c830d8aa989be17275166f25025b65620c8a5376d497351
WWNWDA2114.BA0043,WWNWDA2114.BA0043.png,approved,False,d530ece78ed783127bda7402832cd5904c52404787136d70a7d6d0c454338429
WWNA10380101C1A1,WWNA10380101C1A1.png,acceptable variation,False,1aae7c3a61029a5098e63eb6e928939e939f56b3b8847f795f60744b8cdab26a
WWNA17329161C1P1,WWNA17329161C1P1.png,approved,False,14ec3fa8ccd090de7ff44b35db8b12600284185ccf6d0d7effa086eaf89def28
WW134,WW134.png,acceptable variation,False,b8696938677f7a0f35e672822f9401f6d3b794d557c5cb1af15bbd6bf12c232e
WWNL8.124.4.87.6-CD,WWNL8.124.4.87.6-CD.png,acceptable variation,False,f8e0d4b2e8ae6851598688830178b1e7d9947f183ecd85b0207d975f930ff215
WL15,WL15.png,true failure,True,814c82911157990e7fb143af0a7b8ffe91597e20a3e13b6ae8bef21c2d24ac69
CRWBP201C.BA0632,CRWBP201C.BA0632.png,approved,False,6afcf16cb540fd5a108e3897fb0f882701b5369b05c4d635eb070c468f129f15
WW714,WW714.png,true failure,True,db96b0ce8e8bfa615d557ee49ac6c66981a3a52670b74c542bc2f8ee931335b8
WWNA233803A1B1A1,WWNA233803A1B1A1.png,approved,False,4147478cc815ee4ba1ce1db6abb53a87870545f90beaf5cc638698356374b0d5
WWN10682,WWN10682.png,approved,False,a7c5335cd09961bbce7916f94c59d5be727133828f0a6548d99c1c84ec9d4d65
WWN10761,WWN10761.png,approved,False,67fa58b0cb0573ad5c05a514e7c9446d5ce6ada805185c06ae3b446cac563e59
CRWBN2113.BA0639,CRWBN2113.BA0639.png,approved,False,edef96ae6e62351f349d886674ccd06e67c4b4eb7c6e2abe4e6ff6817c841464
CRWBN2012.BA0640,CRWBN2012.BA0640.png,approved,False,45514ff0512774236007f5cc90f7a9e9c7fb1e7d6aed11eac3ae2432ca7a1ea6
WWNR10200152,WWNR10200152.png,acceptable variation,False,5a54869e513eccb82e579ca879fea965b9fb3e55d0694f6067ff366e85c58910
WW682,WW682.png,acceptable variation,False,5c89ca584921e0e460de08ce8914f02d4802dc82fe29b2b79bb1dc6557d05e43
WWNE10379351B1E1,WWNE10379351B1E1.png,acceptable variation,False,1af8ccd994d2f30ef49e7fbcb06f654c638c58af405a87380d1149c45ce3a59f
WWNR10201712,WWNR10201712.png,acceptable variation,False,112dfb9124b70e5a2febc4bac6c7d6e3b4fb43aa9b6f4741b902d49c3c237cdb
WWNWDA2111.BA0043,WWNWDA2111.BA0043.png,approved,False,42d7910ca1f8ed2cd1f3e36df87470a1f1eac4177a0b623d07bcc5d4ee52fc09
W1104,W1104.png,true failure,True,2c6aac9f60cb783f7fcb9a2807bd4efa311407f6c38f969ea7ffefa5ab2df3c3
WWNL3.821.4.93.6,WWNL3.821.4.93.6.png,approved,False,1643350597418f6a7511dbcfd28901190b598b6298920b7fac5570fbbaab7668
WWNA17376A31L1A1,WWNA17376A31L1A1.png,approved,False,dbef661d2e57ffa0c28f17582fa00803fc75927276d950e5c8901ebe47bc25de
WWNCAZ2012.BA0970,WWNCAZ2012.BA0970.png,approved,False,9357b4a9af57fc9bb5edf5968e7c11b8ae70cfca949ac9dcd6b95a8e835e7911
WWNM91451-0009,WWNM91451-0009.png,approved,False,d8c550807ce312e5b368f348c3e7c4fe0d42c0e37a5c0498631ba518569fa1f9
WWNWDA2115.BA0043,WWNWDA2115.BA0043.png,approved,False,d3dcc1efec9b3d33e10f09dbfca4b2d29d3d4ceca43dee122b278c5b3a692078
WWNA17376211B1A1,WWNA17376211B1A1.png,acceptable variation,False,6af2b5f7099c1354bbf1a0ff168284b57a732bbd310137b99a9518c2465a9dcb
WWN424.10.40.20.02.002,WWN424.10.40.20.02.002.png,approved,False,a55f83911e253343ac6d61ba949cc55b978984037e6aa10dde80c4c9afdd2f97
W2179,W2179.png,acceptable variation,False,2726b0198917aeccdd8f65106978a551de2adc108843df43c1900a726d993efe
WWNA77330121A2A1,WWNA77330121A2A1.png,approved,False,22d50ab8b8f36efa44828a73203c8b578bc1cd13eeac7609ad99f37bbdcfdfd7
W2139,W2139.png,acceptable variation,False,d4304736e15434e312d9d3b8342a21613e279aac8db3fa6f2d728ee35610bf55
WWNR32150162,WWNR32150162.png,approved,False,7148e994998a35357a4dbae403eb25421fc4b33fb094fec494a2dcbbe9c0bce6
WWNA77320D91K1P1,WWNA77320D91K1P1.png,approved,False,1583b6d64380b407479e36765865b70ceb98988851a715e754fed80cd92130cf
W1392,W1392.png,acceptable variation,False,e031ccd99e066c30c2bff782a724eb15db4ac919af8505682a0bc2a6626d27b5
W265,W265.png,true failure,True,73acab65722769883a5cd83a2ec91df1fb396731d1e5e3e1c27dc9e173aac8f9
CRM0A10771,CRM0A10771.png,approved,False,51b125bb2723c489166bd991c62ed370fc67f90c6bca34cc96828a920dcf0f65
WWNA17377211C1A1,WWNA17377211C1A1.png,approved,False,954dd2ef4126d9ede8c568cd8a1b5f47809cf0d561c0b385d38b7bfb2ee7973f
WWNM51000-0004,WWNM51000-0004.png,acceptable variation,False,98173bc1b99b18ece686e860c58226efcf2e9d9a687c243676f1a929788f23e9
W2153,W2153.png,approved,False,5010a444c52708319360a3a0de40c9c595c8c4b684a070848e18f439e62b12bb
WWNA17378E71C1S1,WWNA17378E71C1S1.png,acceptable variation,False,a2d4df78002f4bf94f334e9fa653deaf80be573cd4f3f50748754c542711a6ac
WWN10822,WWN10822.png,acceptable variation,False,73a457ccd2dd795d7a942a7e0c5a720f0b1bf96d0a5fb15c2e3195d4333f6178
W1282,W1282.png,true failure,True,c05edb43bce7a67335c85314e1849179d060811f99b0bf9d7b4363dad0900bb4
WW866,WW866.png,true failure,True,d5e1cd75a28187f9789a7fd846adf822ad3c7e01868d93602070a69edbb3677e
WWNWSRN0030,WWNWSRN0030.png,acceptable variation,False,5481b99781ef0fc9f4aedde2589cb96919fc3c1a5d57291e57e86d269c262f22
WWN10796,WWN10796.png,acceptable variation,False,95113cda4a3ec27b03f484ce978f48c723f0e5ca6cbb7d7be712a5ed98348e59
W1112,W1112.png,acceptable variation,False,7408866308bfe9740a2642f5585cc7944559f7b3a0504e7cfc4c2dde3db2ef26
W1355,W1355.png,approved,False,a02c91b1b192dfc589a9371102ad8e7663d900a63016573a34298ec1174babe7
W295,W295.png,true failure,True,c86668dc47df94940b923a1cef52462463b5a9aa941870c2d790343927281a8f
W2113,W2113.png,approved,False,8e2797990fd9272d1fc875bf21559ca0190171dbb2f5024bb68974445e6dd17e
W1389,W1389.png,acceptable variation,False,493310b029a840fd261550089eb7ff96000c55b3b597d6462f402e45ce399073
W1125,W1125.png,acceptable variation,False,cd301a96487de0f5151e53777257cdaee9027066f2cd82bee88279b1e843e9d3
CRWBN2316.BA0001,CRWBN2316.BA0001.png,acceptable variation,False,412cbd2b39a33355812fccc23a6b4fe5556a1e19f90459c296f49ef04dfc0e56
WWNWAY1396.BH0717,WWNWAY1396.BH0717.png,acceptable variation,False,afa4d45a2dc42d0dda8bd05d6ae04099f2dab6c404ee35f1978107b818cae1e3
WWNA17376211L2S1,WWNA17376211L2S1.png,approved,False,59ae1dd474f7df1640329eac322655bf19bbb5afb4628e0090ab99ab97200a13
WWN103963,WWN103963.png,approved,False,341c5896c4280f30fe71d3e48711bfd2c022c3767e547291002ae780c071e710
W1292,W1292.png,acceptable variation,False,a9e3d9371b97dace8ec22762bbead3f76d468f8711431e1be3a443f13620f94c
W1100,W1100.png,true failure,True,f0e795943f9b755247400eb10ec2c3ec2825b99e68e07020876dc0cf8f219bca
WW117,WW117.png,true failure,True,e00944c3d72a4baecbb1795eb1a519cfff56e81c6316ac97c1050c0909a703bb
WW683,WW683.png,acceptable variation,False,77b5acda404bdb5606ca6f1c6ef282f2b32e055293cac3d1d0f430eefea70362
WWNR32145208,WWNR32145208.png,approved,False,c9ad6ab198f28c14663c3dcab374b652c3db80e7183d5f8b0948e39d285b3caa
W227,W227.png,approved,False,5fd1ebcaa28570c419c432129dcbac04fa2344c835af5f816a28ebe9c6b227dd
WWNWBE5116.FC8266,WWNWBE5116.FC8266.png,approved,False,bb775e0a41452ab2b0d7c359d97e1c2b39535d79aff6344e5550d1cba65d1019
WWN10001,WWN10001.png,acceptable variation,False,aa2c8013e1d23aa55880e98461203ee1f6a1dcee257e92bde1ba3f6ddae14d91
W1293,W1293.png,true failure,True,e5c090c7e6cfd23cf8d5f2214de7f6068a37372069b32541e4cda7288d21f8d3
CRM0A10524,CRM0A10524.png,acceptable variation,False,0e05ef5c8af9383a00230b96aded259b2ecdb80f81bc8d087e8a3a890c0e338b
WWNA17375211B1S1,WWNA17375211B1S1.png,approved,False,f4dfc0fa59337f96c5b6b5b8251d228aab8aab9e5758c3bebe6ec09cc709a1c4
WWNR32128202,WWNR32128202.png,approved,False,644b3a8d3ab9875f8f655ca2d7af0da04a6bba73ac931f0d432376850e5ac84e
WWNL5.255.5.89.7,WWNL5.255.5.89.7.png,acceptable variation,False,deef8f6071e3fe006ef63fd7d5cbded5f5ddef81f19ef4ebae811ce5da37690e
WWN10765,WWN10765.png,acceptable variation,False,805da8fb0803b2bc3c96defb8577587180feec795ecebaf4c40882fd6cff5976
WWNWBC2111.BA0603,WWNWBC2111.BA0603.png,acceptable variation,False,31f7f475daaa96c616f5bae16e5db06a997cba83b805c092f7956fefc00c3ad5
W2163,W2163.png,acceptable variation,False,8b6bda0a3dfce489659a41469982255aba61f352d4a38d588f56976af77ece67
WWNL3.835.4.72.6,WWNL3.835.4.72.6.png,approved,False,1516d4e1e0073acdfbaf6c9a467bd7b7384827046801ef595559b4c054336170
WWNWBN2012.BA0640,WWNWBN2012.BA0640.png,approved,False,aabfc27281bc295afd72da8edabee22845ee038293f562e7e141831c43d5c5dc
WWN10625,WWN10625.png,acceptable variation,False,170b40a3d89329ce3fa34b6876eaa9ac60919be96eb6c371e4285ceb931c662d
W2174,W2174.png,acceptable variation,False,5154b825e9a641f209c7dc65ba58ceec422008e26f600e5b75e556ac2371f0ac
W2175,W2175.png,acceptable variation,False,721132e927fe574dd7a6ad30ad169b2c843c3b8d1c0a1445fc96c70ec31391c2
WWNR32127162,WWNR32127162.png,approved,False,8a941f4780bf37114b5cb340f7a3c581f57ac2a03ccc68f34dec35a210d316c9
W1382,W1382.png,true failure,True,1ebeaae3c9058a9a690deabcd0640976fd144aae5eb6404192a8056618dc72f1
WWNL3.821.4.53.9,WWNL3.821.4.53.9.png,true failure,True,6b62bcff8c904e24c7115c33288c2c8e3d0febb2d0fdc17168c17fe25e1bbbae
WWNA77320171C1P1,WWNA77320171C1P1.png,approved,False,70fc1f59e5d74cc63b2659ced7e7daa111cccf100549280c9817168d454ac3a5
WW311,WW311.png,acceptable variation,False,2d400abfe95fdc6eb474db8aa4b3fcfdb215e59f14d799f7da06a3cb833dcddf
W2114,W2114.png,approved,False,79be97b516de9a25f435486bf6e0e3d5c802e8e6baed378428117e8a2df74593
CR797.10.101.10,CR797.10.101.10.png,approved,False,0f96e557b32ade7d73b601c2040756d34e9e5859d94249ca6eadbe6ef2e800eb
WWN10715,WWN10715.png,approved,False,a581b84d93167e57e371ce9f05576270030da13b6236a5e28ea09f17ed269a61
W2173,W2173.png,acceptable variation,False,cb558ceb25ea601911fb40d43d774148f14e8f6763069228462e5ca8541c2376
WWNWBN2312.BA0001,WWNWBN2312.BA0001.png,acceptable variation,False,8a23a782d9122c2d1f1f07f17e84eccd347cb48a2d095074e725f9ea80a7520d
WWN10735,WWN10735.png,approved,False,05fcdfc200990121df72a0d4e767e6d7f2a79ce8e52a837dce00f90247c88bc4
WWNWBN2112.BA0639,WWNWBN2112.BA0639.png,approved,False,8c144920f33266ed3ea2ebc9aa673fc327647d4234199d28e4d73b841b38b32c
W1308,W1308.png,true failure,True,f1f3faab52ad8e28916084fad049879a4745deb2f91680812547e858ea967078
CRM0A10829,CRM0A10829.png,approved,False,ad19203efec41f424e9b5d0c805e0dfb075d3d263f2326c87c8973ccf2425788
WWNR32144202,WWNR32144202.png,acceptable variation,False,a02cf6125d85a9c83e94ed58af2e88ccdd86317c47c8a556eafd1fc40e270789
WWNWBN2313.BA0001,WWNWBN2313.BA0001.png,approved,False,d225714fa0a4ac7a9eeb62d0d48bcc6b3a1020359ad29d26aa3cecc8da35b430
WWN01 400 7772 4054-07 5 20 82,WWN01 400 7772 4054-07 5 20 82.png,true failure,True,3bac346275d63dc0d6a613961ca8c27b86cb41693fa4d66d1d91e783c0770bb9
WWN01 400 7790 4135-07 4 23 45EB,WWN01 400 7790 4135-07 4 23 45EB.png,acceptable variation,False,ade684c9f8a260e61760057f68d15a555f4e326f4d4188bc9a58a8499ce8ca33
WWNL3.764.4.16.6,WWNL3.764.4.16.6.png,approved,False,26374d8b20df08a137f6ab922dc4fa0bfb4710b8c67249253f0c687cb60f14e5
W2142,W2142.png,acceptable variation,False,97793c7bb2698f408871e9530183642427afcfbe64cce935430a52bc35c43f4e
W2164,W2164.png,acceptable variation,False,f32bfec1c239306d2a031811cea59dfd0a829acf0055174a8b272c7a7ae9375e
WWNL2.830.4.93.0,WWNL2.830.4.93.0.png,approved,False,b056f9d465d4a7d854fb3a9ba82c359c32bca427348fe0d7a6aaab74bdcd5000
W235,W235.png,true failure,True,83cfd5654b6adc8337a52826dd262321e5e63db11cbd2a1ee159bbc623c63c4f
W261,W261.png,true failure,True,5765ba146a14b6b992747d4dd228c5efd86107440e8014f8c5e8afc7bdf33110
WW138,WW138.png,acceptable variation,False,ef9413b2549e6d71613d8e1a13aa93f914b14ceb315bcce2f78a43e54ef426be
W215,W215.png,acceptable variation,False,ffc4da059f775870bf7b2eb4c3174e22d9d8e148ab47287d5a3e1995d39659ac
W2112,W2112.png,acceptable variation,False,93c5cbbebfe8f8ebff0fc0628e2a6022a7c74d642a3342e66326035d3bc87481
WL42,WL42.png,acceptable variation,False,e0da9a6e1e3e85e0751086c982673c91c978f9fa64c1dc5e13d65eedb591a8ee
W1454,W1454.png,acceptable variation,False,216754c891ad8e99b8eca8fa57cd6092184e424986645d350bec6b20403a803b
W299,W299.png,true failure,True,920a4375bc8f6547631a61ce754ed3d04e5cc37442936b105a40fc3aecb603bb
WWNX82310D51B1S2,WWNX82310D51B1S2.png,acceptable variation,False,2bb82f76a3566fdb8ba7fd457a2f977741e7e14bfae7996fd11a2c39bfcddddc
W1269,W1269.png,true failure,True,1de43cfcfc6024b9d58b3a1529b12e23d947b76f9e85ed326b572a838408b9ed
W2107,W2107.png,acceptable variation,False,4103b5ed9393400b4a39e69e1c1bf6c561ccb3dd6a34f18a1ad9b013540b485e
W1684,W1684.png,acceptable variation,False,fef08c83fd7ecdd18fa1d8aa002f5609f482aef5153fefd3b79e0b23f66371ec
W259,W259.png,true failure,True,4f05168556aaee5cf51a56b391342ef745bd151d85c084d66a3662e5b66fe5f5
W2155,W2155.png,acceptable variation,False,cb87b3ec350703f17da896fab337185a55ffbd70320e929bd3afd84ff8e8b76c
W2125,W2125.png,acceptable variation,False,47feb13b46a2d3a93f9218682a88d2e417218325b998c697c6fc141ea87a7e06
WW684,WW684.png,true failure,True,7f7a595fe72e8f54a43a2b1841b2a46e5705cf3ab75d3cd93f840cafdfe25e05
W297,W297.png,true failure,True,0933a8eab7e27de9fac4dc76940a96da436b9b6cda457bf4a8ceccd97e038fb6
WWN10623,WWN10623.png,approved,False,f6b28f4918404ed0709c0f8ea8923952a1f0f4a244980297d839e4796e8971f3
WWNR27174712,WWNR27174712.png,acceptable variation,False,bb00efc9329e072f4ff1db7b78affe96377a0aea0e7c42cb4b47cf1bfacff73d
WWNL6.141.4.77.6-CD,WWNL6.141.4.77.6-CD.png,acceptable variation,False,ced834c274c9964b58c67c9c419106961527dda95a60be8c14219133a4595ace
W1273,W1273.png,acceptable variation,False,8ff0d16d7f5d79df0afde120b3bfb30c4d4496ea58de8ececc325ed164ba57cc
WW746,WW746.png,true failure,True,5fd3fb4733f20394bd9c507dd1f9bf04ec3cb4e961a3379ae07deb097330691c
W2120,W2120.png,acceptable variation,False,a1fe467241d4f5ead9c6ce377ffd170d16f0d537579ff52467ad08da6c2dc3aa
W2176,W2176.png,acceptable variation,False,22237b662597183268ca92249527abff8c3c5afef58d7c66a9ddd239512007ed
W2105,W2105.png,acceptable variation,False,ad9e17a38c46af883815a1205efdd6494280d9e0e3af34b0d992f3bf65193c58
W1511,W1511.png,acceptable variation,False,3540187d3279946e4042822d829b2a6e1b53e040af5322fe177cbf439043289a
WWNX82310E51B1S2,WWNX82310E51B1S2.png,acceptable variation,False,e8c5d1617762d2d47a4a20730e05b74c1aadc4daafce0207dcd3de9744e7be09
W2143,W2143.png,acceptable variation,False,0be356afa060842f6324e861c3d85126d94c4ca424c77c5ae1b68ecdeb630757
W277,W277.png,true failure,True,65abce608dbd09e7f7d6a079c49e859a38b8ee634ebbb0ed9e596ffee3e4667d
W1528,W1528.png,true failure,True,5e7ae752ae03e672f6450e6a2442bb0b579cbee3e78146f3052f7601fcbc15eb
W1485,W1485.png,true failure,True,bb11a53c0305f7d7fdb91ed3f7856f3131bc452b909ae780ec4af5e0e60330e2
WWNL3.812.4.63.6,WWNL3.812.4.63.6.png,approved,False,51af19e336504ec147db5f0a7f2805c89163eb7933bdf29193df0b8717499808
CRH38446730,CRH38446730.png,acceptable variation,False,552d6d8ba04292fa4e5824a2d024439558075ba786859483fd3e84f0b5990d62
WWN10658,WWN10658.png,approved,False,1e34cae3a9982af2d3dbaac44cec75e744589125043cc97f3f3a8fcaeae21b6e
WWNWAY208D.FC8221,WWNWAY208D.FC8221.png,true failure,True,5da7cb547af6762db2db80b801d5b8324eb035a4f4a0fdfa370e68b8a6dbd1a4
WWNL3.802.4.60.6,WWNL3.802.4.60.6.png,approved,False,807da529d165aad69b949ba013306e1342860225272dcaa1468dee1c17650221
WL35,WL35.png,acceptable variation,False,c39029cad600d0dfa75a7932bc8ddf791bb89468be7346c5e9e27eab6e28093b
W2122,W2122.png,acceptable variation,False,1c31a13680f29cfddaa3599ee832c12374eb554a1164ba328e127f5c15cc2807
WL37,WL37.png,approved,False,752b90294a336f42f2ae84c394b2438874ce2e25d4accd4681d8f273a8c675f9
W1675,W1675.png,acceptable variation,False,f2cc77e296ee4a7e49ad90bb7db21494729b621263907a2169c3e84d84e22759
W2123,W2123.png,acceptable variation,False,84a5c632eae806832195492b1b299557ac55ccc1992f750852c3e82d4ab4ebd7
WWNR32256712,WWNR32256712.png,acceptable variation,False,7fdb1486ab1649ea662cd052c73dfc3718471e8f962ee442dc4bc6de2424a43d
W1529,W1529.png,true failure,True,929a3136c42c71ea2de403cf36085e35fa35d10aaf16a9123e54a6709d8010f4
WWNL3.802.4.63.6,WWNL3.802.4.63.6.png,approved,False,1b73c4682f3d3a1cdd3ffed5639a829f51dfcf055dd4e2806351770f30d22cf6
WW812,WW812.png,true failure,True,020f46131f146b67ff1de25ad29af0289427cc8939ad20852a29fee5991e3206
WWN434.10.30.60.02.001,WWN434.10.30.60.02.001.png,acceptable variation,False,3fd7cea1bddb397311e69afc0ea0b15d28dc9ec4f48e94e0f8d7284ac13ec6ed
W1677,W1677.png,acceptable variation,False,b2ecdd2e6eaff2739e91b5a13cc25004ad23fb2281c5cda83c01213023ee0c92
CR01-733-7771-4055-07-3-19-02S,CR01-733-7771-4055-07-3-19-02S.png,acceptable variation,False,cbdfe5b6c88effefe577f78da6ee145b9beb8152e6ba2a988fd3459dc7abc8fd
CRWAZ2011.BA0843,CRWAZ2011.BA0843.png,approved,False,3a0aeb1a1033cb5e0fe13f695227bedc7704b129accd67f43b07aefe71fac86c
WWNL3.802.4.93.2,WWNL3.802.4.93.2.png,approved,False,62acaaa5e614ceff7d8fd5864458a4eac89b90580425c6fdde6342369465761a
W2138,W2138.png,acceptable variation,False,0726a358e237ceb5ac9ab1c9c5989a97f475150bf7b8b6cb66294ffc2e735bc2
W2169,W2169.png,acceptable variation,False,3c0ba775c202abf96ed2bf8ef77912f05157995aa04e1ca044f903e492283dcf
WWNR32033902,WWNR32033902.png,acceptable variation,False,a4f3f92a462666aca8b796adf3dff9ed98d99d0756e97cfb1efb214b0022ef29
W1549,W1549.png,acceptable variation,False,401c72e94cb7b1a0eae33a408dd878394bc833dce194b04ba25cee2c664f7f80
WWNL3.774.1.50.2,WWNL3.774.1.50.2.png,approved,False,f298a9a4bbee9df3cc5f67ce8eaad1fa974d7e98ea68b0f5e0279f80eef49efc
WWNR27073722,WWNR27073722.png,acceptable variation,False,fb0085c2f7fec0790ecf5aae3da6c46028390920c0d4b23c78f4943a1f9d8e24
WWNWAR1113.FC6392,WWNWAR1113.FC6392.png,approved,False,490058aeb8b6f1d08da50d0c763481f9f5b8e1aa5a3ac09f3955fa82768f09bb
WWNMWW06A000777,WWNMWW06A000777.png,acceptable variation,False,15ad959ca99a3f3809e8e30c06767792de953a0e14d039180646a9fd52add75c
WWNMWW33B000003,WWNMWW33B000003.png,acceptable variation,False,7a9ebad42ebc5748b517737df5d44feda1c348b63e0a3bc0d8c30ed535659641
WWNL5.755.4.87.6-CD,WWNL5.755.4.87.6-CD.png,acceptable variation,False,a6e2dac579aa70c3848c4c9d2d507406ed21ad594089c50890e403de56d1dd3e
WWNL4.709.4.88.6-CD,WWNL4.709.4.88.6-CD.png,acceptable variation,False,bde35717199c40b6b3dbfd344801cabf28b28088539c897dee726a275d2b8b6b
WWNWBP1118.BA0047,WWNWBP1118.BA0047.png,approved,False,8c1eb9e5377ceef26223a19b75c65fba3330ca67b172945bde0af5bd97976578
WWNL3.812.4.63.2,WWNL3.812.4.63.2.png,approved,False,b883ec5301b6a12c13e2a438ab28fd957a731f17db2d65e2d420b83cbee84988
WWNWBG1312.BA0758,WWNWBG1312.BA0758.png,acceptable variation,False,58fca1d7115e9ff497b8ebf7d11fdb4eb11c8cf566e6f1c1970cd12a1bf69f31
CR830.10.351.21,CR830.10.351.21.png,approved,False,9b0af6296b4a7d02313e825783ff03decb68d262fa6450f82684522d0c61f7f6
W1523,W1523.png,acceptable variation,False,76ce62b187fae8046cb2cdb38d5dc69927cef6f209250da3ce314374db968205
WWNR27073752,WWNR27073752.png,acceptable variation,False,f0d393b39f268c1d66178272aaebd28a2cfcd713c4bf8e51e93d924512d857cb
WWNR27073712,WWNR27073712.png,acceptable variation,False,66a4f7159efd37056e3f358a0e5ceaad2eadb60de1f673365f26f1ef256b8150
CRH32205890,CRH32205890.png,acceptable variation,False,c2d85efa644abc731a455d46be857bfd61e6d5fad7741d4f99b3ceaf9551da6e
W1360,W1360.png,acceptable variation,False,9fad3b6f21f79dce5ef62b87bc50fe149aafc6e5d4c8a2417693586992bc7f92
WWN10365,WWN10365.png,approved,False,2d7410ae97e091367b8235538c079fa10316fe5b4dcc3ab4bae5a4246c86fc6c
WWNL4.274.0.87.6,WWNL4.274.0.87.6.png,acceptable variation,False,ffb488146c42b945b90864e53e835f57938fd57d956368dd84adf989fe4e6585
WL55,WL55.png,true failure,True,5817d4cd918d3664dd885f6009f9fd48ccccd68c2ba000ffed5584aedc1d6623
CRH76409530,CRH76409530.png,approved,False,6d74650605961ae35d20250c645c29dcab997e21900abb56e95420b8503e52bb
WWNR32021102,WWNR32021102.png,approved,False,9d8315f15f914ed159c18db69d9e3120b20fac955c1c1fdb3c7c57a1ee9a4597
WWNR27083712,WWNR27083712.png,acceptable variation,False,d16bd81dc8d12927893b485fd6427d2d121cd6292c7aeffd19aa46ae65933e73
W2140,W2140.png,acceptable variation,False,2b92c90cdc31081a7ddb2b6489da73b41ad9c98d498f70ab61a8b0a0ac019bb2
W1307,W1307.png,acceptable variation,False,0fdd7cbbfbbe6251d0dd04d2afcd32ece978e8c0971619b89fe9a52cd032f9d1
WWNL1.649.4.72.6,WWNL1.649.4.72.6.png,approved,False,a53f281f13697c49bbca242393be029ced0f366dbe61af07a53a1edc20e0a973
WWN01 733 7755 4154-Set RS,WWN01 733 7755 4154-Set RS.png,acceptable variation,False,63aaa01525b3021208afd45d75800433d66c03f92089cfb57deb679ac88e4037
WWNL2.816.4.53.2,WWNL2.816.4.53.2.png,approved,False,dd33015224a914d8aee540578652049686783202248997b8d9f41fe1ae530707
WL40,WL40.png,true failure,True,d27c28f4e9d793af477f6ef7ae70ed1dd2a9a26cde2f77ed220fe5ece989ab40
WWNWBD1111.BA0928,WWNWBD1111.BA0928.png,acceptable variation,False,cd467adc8e6e6968cd6444d1f9c716eb9a7b83a7ccb6287642bb8c739420c42a
WW745,WW745.png,true failure,True,291f61af922ee2efe3b517c8647712402f1b91184eef84997467413e24dda5c9
W211,W211.png,acceptable variation,False,06cf3de8e70f35388f4230e66d2991b0a7cb01b683be0f2ac568fa6f0fd95e89
WWNCAZ101AW.BA0842,WWNCAZ101AW.BA0842.png,approved,False,b5a342af966410bc262b499bd76f7afd49f421d125b9d62f6c4c97dcef429179
WW936,WW936.png,acceptable variation,False,e33a6f53ee24c0f656e26cedd84c8f8d3aa58bc11d4d0babb34b7c25cc00a34f
W2121,W2121.png,acceptable variation,False,11409862cb6e9dbc9bb0deec67854872f07e88850a485a6e650ab28fecf64073
W1463,W1463.png,approved,False,a8b67eaa159bb8baa557b0fd22547ab41f65ec157d96886f173b37811b8c667a
WWN10356-CD,WWN10356-CD.png,acceptable variation,False,e9b021f2d2c73c08ec14f3eee87bd7c8fe1bfd9a195e418d90210328caa48822
W2159,W2159.png,acceptable variation,False,0838679bb4c446cffa087e623c7691413fe70cd336da167507201483e52d3597
WW572,WW572.png,true failure,True,eea2cfcc18fc66ac2d340a133f1109ab7597d7d74e6f4bbe38ed98275b001d5c
WW900,WW900.png,acceptable variation,False,d9d7c7ab81b6bc2eb2e13e92c5a046920c1556a71ce5794660092adaf0d21a9f
WWN01 733 7755 4154-Set MB,WWN01 733 7755 4154-Set MB.png,approved,False,335a3e1a794c319901f676b0bb816492f5d5a4fbc2d1e0755b4b397d0138bf43
WWNWAZ2011.BA0842,WWNWAZ2011.BA0842.png,approved,False,83cbf9380e092b2d9ccd4c58c9070184ef68721faedd63d5769a99edc8ee7766
WL46,WL46.png,true failure,True,57397bdfc88f1c0356d5600bdf0d8ab3dc3a01e5dca81c541a2214c590c41f02
WL53,WL53.png,true failure,True,e5c9402bc0b056171a1b865e01f23e924182574dcdd3a5b73c6a57f1935bfccb
W2158,W2158.png,acceptable variation,False,0e579f62c217dc8f8d1ba631f9e54e0f6313669fa95637b5cc182dc37c0a3654
W226,W226.png,acceptable variation,False,73881a85cb77e2c749e0ce9ad65cd3038d9302fb71b37e055270924d2d22dfc5
WL36,WL36.png,acceptable variation,False,c95b9ba3c2aad5275a8985c67ac03d5b3aeea0e21840aed607a1837abd896697
WWNL3.774.4.70.2,WWNL3.774.4.70.2.png,acceptable variation,False,3ea7c2cf08980610e673f9e7353cb9282405a63d7a4f7b15b94cbac90081005e
W1358,W1358.png,acceptable variation,False,ee99c751ba4bba5b15ae45af16fd9a516ef23cff232f41e2d1a0b6dd5dcb625e
WWN10468,WWN10468.png,approved,False,6539f2a3d81175b1bf97c7bcc677aaf7ebdd128c4d07dd378ad4078840029a73
WWNL2.828.4.73.0,WWNL2.828.4.73.0.png,approved,False,e8e9cc0abea8495baf9f867778ce350af25479ac10f3c5c7b9ba5f48fe9eb3bb
WWNR32139708,WWNR32139708.png,approved,False,f894916841939379b743f46bbf956cb7bc9247677b4feb92e4828b010d008033
CRH38416711,CRH38416711.png,acceptable variation,False,733ac042255826010eb1af4f3b71614430753066b6566789dae0590d9772fcae
WWNL3.790.4.96.9,WWNL3.790.4.96.9.png,approved,False,0d66505d713a6c78c34efff870d93d64dae9c32aa53e493b7bc3b35b3b10f719
WL56,WL56.png,true failure,True,7a76694968d887836958c7328d35379bd5acd7e097e49ac498cc0820704ce4b2
WWNM049.527.33.081.00,WWNM049.527.33.081.00.png,acceptable variation,False,202683a2034e25ed5a5425e0fe55c556d2878a6b6d61781d0f029fe32e22e2ae
WL38,WL38.png,true failure,True,8d9089e483e4dd7a73b4c4b5110793de152e154c0d40d294d968422f3bcb13f7
WWNCAZ101AT.BA0842,WWNCAZ101AT.BA0842.png,acceptable variation,False,84fd3758dec8cff0340c677d0211c0cc884627ac98ea1d935e2d040311a9f67e
W1295,W1295.png,true failure,True,8a58c8ff97f9271a4d3a66b1115e34f69f6dbb2f2d35933ef5e3d65f20ba7068
CRT149.462.11.011.00,CRT149.462.11.011.00.png,acceptable variation,False,21db2adea3d2ebae97aeac39f6222e28c723aa3021c3290e01c8b94927b6ab69
CR801313BUCBUICO,CR801313BUCBUICO.png,true failure,True,6ebe18d85b38793cb1baec895bd3dba2aa8f1b929ad337829b1610ff800647a3
WWN01 400 7763 4157-07 8 24 09PEB,WWN01 400 7763 4157-07 8 24 09PEB.png,approved,False,1476d416f886df69a9151f3de164f38cf8af841107a64da0995b86bf3d0097f4
WWNL4.523.0.97.6,WWNL4.523.0.97.6.png,acceptable variation,False,8f418e08331a0490030a043c0f2a37c591959a14b49cab804f86a9e2156a2c02
WWN10829,WWN10829.png,acceptable variation,False,bafd49e322ecfa1aecfaf4f66363a45476bbe9741c690544f130985a55faf30e
WWNL6.141.0.77.6,WWNL6.141.0.77.6.png,acceptable variation,False,4b846d47ba1e071383986135afc8487850534c617efdeff58f93e317309be7af
WWNR27123012,WWNR27123012.png,acceptable variation,False,850017c59aeed6547650055c31a124e7d26c1e1d5ffe857f96822f629f63c48a
WL54,WL54.png,true failure,True,b4ffce3db3867ef671d50a0af5729cde2299d80216004d57a1e8948513ba2ed8
W1525,W1525.png,acceptable variation,False,25112a32dc3188461c783b5119fe3bb6be42b5ffee03d6246b30d2da0bdf1f96
W2172,W2172.png,acceptable variation,False,ace975883b7cfbacb255a740385d2a3ab235f374e546621afab38ceaa59ac902
WWNL8.124.4.87.6,WWNL8.124.4.87.6.png,approved,False,735d0c258e2cbc029dc49f3db870b0250d09973726a2c07338dc5b2cbeaa0149
WWNWBY111G.BA0042,WWNWBY111G.BA0042.png,approved,False,78cb7e6defe37eff87f5283de699707b777490c7b0386385a21e7424834db874
W2151,W2151.png,acceptable variation,False,d9ac45fb9b50a2bb8a0de1b7e0dc4aaaf2d81826c9caf67c932ef16e307bbfb7
W2110,W2110.png,acceptable variation,False,08ed2f50b7776d1f1101cb849706474c8d48ee48eaabaa51b4298c93e86561ed
WW626,WW626.png,true failure,True,e8909da6689d7140062d991fc18f8a6f755f8d2ac8eadb0c44fd49cc736b8c06
WW678,WW678.png,acceptable variation,False,d200d37b752d062d893d5b5e2bc6e95218c8e4afd9cf43146d53c0e88aeb2d24
CR80126357RNMNIRB,CR80126357RNMNIRB.png,approved,False,b959c00c1d09668e4d5312b6912488468a93ffccbab13c89a07f8b230eca18d7
WWNMWW06A000776,WWNMWW06A000776.png,acceptable variation,False,949f0dd4142d14a47b9b38fc91d08024ebd15f57a3755c9ac9b6a4bf6d1255e2
WWNR27083202,WWNR27083202.png,approved,False,e2444c7ffd294b4cfbff2c986251785b16f1362bcf9a6b153f70c8d3feb5c511
WL43,WL43.png,acceptable variation,False,5cacce723e3cdea66278c325a27d363f20c31b3df64ccc9a82dbfbc4fc5ddf01
WL39,WL39.png,acceptable variation,False,2b0f7805ab3dd135305c093f5043079001f4ece8aec71db9dec11ac82d63dc1e
WWN01 400 7769 4125-07 4 22 75FC,WWN01 400 7769 4125-07 4 22 75FC.png,acceptable variation,False,b26e0b30b0d76a3ee8919845eae454af058865cb51aa2e335c7c57d1a913c3ae
WL32,WL32.png,acceptable variation,False,d4d7fc891f1995106104287965a0ec263e2e23a3fec26d987bcca044ab27cf5f
W1532,W1532.png,acceptable variation,False,29cf83ab2971f7eeb367bfa174b5f2be3bc3a1350be3bd4f1235dcd791789b22
CRRE-BT0006L,CRRE-BT0006L.png,approved,False,a9f3a952e9c9d258c5760ed996e874960512739ecd25874e4aabf5e60a8614e2
CR85303357GNNGN,CR85303357GNNGN.png,acceptable variation,False,b8e493527e392a68ddeae6959efd7837d7b6aae4af2fe2706a1ad4f295137c0f
W1266,W1266.png,true failure,True,99733f0674414060cfb35ceaf5be189f214b96f2f0fb4d0217b3c3110ee5405c
W1265,W1265.png,true failure,True,72d7ddb591f7ac985fef88656cd6dea0b5397367bd01ec6260f019793881f720
CRRE-BT0005S,CRRE-BT0005S.png,acceptable variation,False,33152f26c336f60c8034a658d099d0f154d1b50f3c6003aca1e64935f3a4ea62
W1297,W1297.png,acceptable variation,False,fe07f09c7ef70353dff7300cfa5f14f7a3142d0cee8410ae90926ddd721e6b4e
WWNR32136323,WWNR32136323.png,approved,False,20257e2df180dce12c1c6fed5c99f45e784bd235421e90428f87c449e730eac0
WW877,WW877.png,true failure,True,70df6ec3ce1136b03d00e9ee107a62257b7ca24ac7ff4ef2f0a82e27234fbc28
W2177,W2177.png,acceptable variation,False,641a588e12d0f28fad38ccbbb654aaf92121c49d85394d343515bb92df499030
WWNL3.774.4.60.2,WWNL3.774.4.60.2.png,approved,False,9b4b723a218c7a5df1444db562ec5e19a73dc25c3922fdcc4507c50c9cdf28d2
CRCAZ1010.BA0842,CRCAZ1010.BA0842.png,acceptable variation,False,8cbe999d0f058ddb4067536a2ced67fcdb191ad61865877adfb7642b702a2f90
WWNR27073012,WWNR27073012.png,acceptable variation,False,ca80e2dee7d3e8f6f930d66ed58ac1deffab630041134c41c7abd9e0a63a5b77
WL60,WL60.png,true failure,True,abe36dfbf8e1f3ffc21a12ef1bd39e30e9ee2717345afc0372bfd2329fa690c6
WWNR30008302,WWNR30008302.png,approved,False,3a610d97ec4b649803da88da133b87a485c44f5ec8d102f08b2f82ba931d8012
WWNR30013302,WWNR30013302.png,acceptable variation,False,23d9f5a6ab1e50509ee03b234775f94feeebb437f2f2f416f8feebadb374ca0b
WWNR27107742,WWNR27107742.png,acceptable variation,False,b115d2fc4140c86ed8134dae33ea4ffca0c8f5ac6969e122c09194ac7f09be4c
W2216,W2216.png,acceptable variation,False,5a90022ceb15e935099701662417a174698790f59e2a66ecd9657516a1f7aa0b
WWNR27178205,WWNR27178205.png,acceptable variation,False,7eede30bd843d30b0029a3bd1c972fc7fc9de47e1587941462cb44d31dc6adfa
WWNR32137203,WWNR32137203.png,approved,False,910bdaa12c82812b3cb95e733e118dfed6577380e5d21abe7331a036be2a0d54
WWNR32505019,WWNR32505019.png,approved,False,247a4fe74ed0444ed018dacf7ad30c97a021ec1f5dd59144fd73daf2d67d7ece
WL58,WL58.png,true failure,True,4b17a86c21fdab8909ebd935291371357177ba191236bb516070befb854a7cbb
W298,W298.png,true failure,True,ea44274b5841d5dd8cf03c9dc956142b8c2e2c974e914a58e7812f547fb14ac1
WWN01 400 7763 4135-07 8 24 09PEB,WWN01 400 7763 4135-07 8 24 09PEB.png,true failure,True,af8283a3dfcbe7fd59e81e5fb5ec275b1bceb3d6cc0a230c8682b14294a0f7e4
CRRE-BT0007L,CRRE-BT0007L.png,approved,False,5284c2325651cd15dc02929bc89d8f56b5c8f9bca8dd76e8283fc131194fc337
WWNL3.811.4.73.6,WWNL3.811.4.73.6.png,approved,False,630c773ed32c472a3f746358c2f239a8195ef817630eb2f2485dee9eb44b7442
W1334,W1334.png,acceptable variation,False,3852c64d1082ed05e276320414643269aaf31637876fce17f3e3bb0b661f1818
WWNR32505318,WWNR32505318.png,approved,False,1f35b4960fa3a8cf905b40a9bee7efba22c2f4fe13558c78d5435e49e1bf838d
W2149,W2149.png,acceptable variation,False,c9863f8fb5dfe87f5c906b22215e36d60731c81b15d7d2c5fbbc878a0e66a219
W1495,W1495.png,acceptable variation,False,c349f27715524c06a29eea9d841b5dae99475fc96bd562b1f638db52411a38fe
WWNMWW33B000002,WWNMWW33B000002.png,acceptable variation,False,a1a87af9a7795c68ba38869d15d74c0f7aeb58cffa51ab7d111021c583938e95
WWNR27115012,WWNR27115012.png,acceptable variation,False,b2c671882742fec4cc9eed0198fb5f1f7a7fc0a7eab83ae6d646e1d388aa2114
W1455,W1455.png,acceptable variation,False,59224ac0b7c2bdadf740e190d0bb51714eaa1f6311e9389bb378a23d9ee6615f
WW902,WW902.png,acceptable variation,False,a28ff72e88c1e0ef3cc3357fd2a4b45672cbe5a1414bdf9ff34de8104bf6dc2d
W1363,W1363.png,approved,False,26f146ed081a0521b0b8d81fa18a650487b779c6c71e4c83a27b27882523578f
CRT149.459.21.051.00,CRT149.459.21.051.00.png,approved,False,4e21b27e92dbffe250d830342493d1744a7a154e9b06c68d8d8093c2fb9a0903
CRH78505330,CRH78505330.png,approved,False,9cbccb8a6865ec8ebebb81b5a56f8537d028b6e3e6ac41a1fd3602206a099f65
WWNL2.819.4.93.2,WWNL2.819.4.93.2.png,approved,False,7dbf48503990a016fa1e61f900ef78b094efbf40d3d1e2b2559f8427d2e8f000
WWNL3.820.4.73.2,WWNL3.820.4.73.2.png,approved,False,d73c130fe96a775a25cb7909edfab0c928f08dfe0c84d8f1c43ec973ba75b084
WWNR32138153,WWNR32138153.png,approved,False,c81bb937a41a51ade05eed315d4bb9f62892442e066be12ece90becd880f8cc2
W2165,W2165.png,acceptable variation,False,13abda70b4a530dd6004ac559d20b09cd9aecc5029e02e04389d94fecd90821f
W2198,W2198.png,acceptable variation,False,a880dc737a6296842eb7522cd5d0276b89b5e65db33a44aa75273c7fd2ab793e
WWNR32138303,WWNR32138303.png,acceptable variation,False,94322b2a3a9787ba5779dd614322fddf5eed5a446a618f3cc5f9d7cdbf768d58
WL76,WL76.png,true failure,True,3b37c8b2495d4a1af403d02bef9c36088fed691ecc300c320d54bfe62bf4859c
WWNR32105353,WWNR32105353.png,approved,False,35e9d2dbfc089aceaae9dc892a282bfcf038a1f71818d12e4092d74f0dc0810b
CRNB6060-58X,CRNB6060-58X.png,acceptable variation,False,274043743704729130932f223845d9fb68d6e4f19faaa3341ef65ab5bdb41abd
WWNMWW06A000775,WWNMWW06A000775.png,acceptable variation,False,a2da57d1e0030354545ed331b3a3888b1db2350fe5ee1d9f03ae32c244c218d3
WWNMWW06V000122,WWNMWW06V000122.png,acceptable variation,False,7c8051f2c908a1d47a7aafbb6b89b57f6f5d71f07274a25d8bdd2b077770b312
CRH24625330,CRH24625330.png,acceptable variation,False,1eb536147f77c47178092e6c7624c0e9c60dc4db2fcdd6eeafdfa3c3c2300ccf
WWNR20250712,WWNR20250712.png,acceptable variation,False,16a09e15ae4f9e9a486de6056b36fe223938afa8dad845592faee9a9deedcaf6
CRH24655331,CRH24655331.png,acceptable variation,False,417fdd1cfd79ad01a1d0055395fcb1cf585e47b65bc3010d74415c2194eeecee
WWNMWW21B000138,WWNMWW21B000138.png,approved,False,fa55ae332fb49a2fc5e35478ddc2e5e50306ead5fde08e3d46951bd978fc27ea
WWNL2.827.4.73.0,WWNL2.827.4.73.0.png,approved,False,84bef43cdd2b2da62bd7d3ddfcf38e720caf8b1debb98bb97e8b7991986df196
W1324,W1324.png,acceptable variation,False,d8441694f2a71afe0305c2fe2f7a5b900118a5d5ec83818acba036f9b8c10bb3
W1326,W1326.png,true failure,True,8ba312ee6b2499fd8c88b92c86ae2be4abc5c562ffd6bcfd4d3528685a9ec16b
WL69,WL69.png,acceptable variation,False,b7587d75ee4d6241241323493958ca376befdd7866e0a6723a3bb15ec57b136c
CR801283NBMNIB,CR801283NBMNIB.png,acceptable variation,False,dc3b39dbe018e4b44f4fbc662fd505d2d5a3569eab9b4863e09f0e7a0fc95c0f
WWN10619,WWN10619.png,approved,False,829ec6cbd76f6404bf5eeb7f1340608917f962bb4eb9b5c09dd6ff621613d666
W2239,W2239.png,acceptable variation,False,235c3d0e5407bbf63e98431376fd488bfe55ec435fb38b2ba515ff50b917750f
CRT930.007.46.296.00,CRT930.007.46.296.00.png,acceptable variation,False,f5d2c76471ab4ba79a57e96ceb60e63249587cfefa3e097c3447eca8b1578f6f
CRH77616533,CRH77616533.png,true failure,True,7fa9e822d7c0c65aba9d34600453ea06495d251194c71742db4b4c41e4de7d78
WWNR30211152,WWNR30211152.png,acceptable variation,False,ddd633eee2ef1e1f0689b458cb7ea86ae7d92c84d46bf245116024a9b3474c49
WWNX83310D41B1S1,WWNX83310D41B1S1.png,acceptable variation,False,7ad5c82f39957e79176d474d630c4ad173713c91094118e538e6198909f97b61
W2195,W2195.png,acceptable variation,False,06cf20e02d6c9c0981ec496d649f6119dbcf445d9b6e65c1dcefd6dc3702bd42
WWNL3.820.4.73.6,WWNL3.820.4.73.6.png,approved,False,6ae3328ae8d1487d5d41386406713cb64134f37a7f579544cb3b789fba2696e7
WWNL3.374.4.40.2,WWNL3.374.4.40.2.png,true failure,True,08bec039ce7354cd334dcec10d36ae6f10140c2462b82de1f4fc1a3e4c487606
WL70,WL70.png,true failure,True,7659e7adcfc05cba6a46829c001babb2e9a77ede9eed1d60783f82e33bda8849
W2241,W2241.png,approved,False,92c9fb1b5bf210192ad7384d510f8d848ed88117c7b1a3526b023b9bdd64600b
W2135,W2135.png,approved,False,f0a4ddeaec36bc7dc82bc0f9e917b0876517b6144716f23cbfbbe30a2c1f404e
W1264,W1264.png,acceptable variation,False,2c97cd57cdb5088f554c57be27a9ae828db5042eee6141fbf0306be5bb08778c
WWNR12169209,WWNR12169209.png,acceptable variation,False,ceb10776cc84f41dbf487d844de6a101dbb28d413acfb282ba35ff00cfff5bd7
WWNMWW06G000014,WWNMWW06G000014.png,acceptable variation,False,477dadef521e4235610ae77a7b82fc0d025f28a1fcf40098de00fd0ca0bbbdae
WWNL2.828.4.53.2,WWNL2.828.4.53.2.png,true failure,True,946ebe87dcad3dee14f12c3599248fc14b78a7e15806a456ca900e8d0933a783
W2217,W2217.png,acceptable variation,False,e462e42ccdce18ab2eea448af8b81836f95d7eee414bc1238472e99a029a276f
W1426,W1426.png,true failure,True,8fed572ccb47ea2fb7d15b06816276b649cd759ddb5d60f7de473ef6cfdb8312
W1348,W1348.png,true failure,True,a2796d65ad18230116b9d6bc3ace9047d795595a54fd441bb916338fc07c6f95
WL72,WL72.png,true failure,True,cd95a1aa3ac49ae05a95df23d52e0e0da1cc6315a68c719779651015bc44efcc
WWN01 751 7761 4187-SET,WWN01 751 7761 4187-SET.png,true failure,True,2608a4b6524db73ed6becd31b0b14be35de949cd04a0a5f225c012f364fff0dd
WWN01 400 7769 4154-07 4 22 74FC,WWN01 400 7769 4154-07 4 22 74FC.png,approved,False,69dbd7e87c0d662290bb625d513d95eb498e5284429bcc2f0a2a15b7fd47c168
WWN01 400 7769 4127-07 4 22 77FC,WWN01 400 7769 4127-07 4 22 77FC.png,acceptable variation,False,bef18a022eceacdb64d9a2be8141bb388f62550801c37c7b7486e4038943fe9d
WWNR12164153,WWNR12164153.png,acceptable variation,False,8d9a0ea25503c66d11d586684e31a711e6bfa2f3c33be0498eb498efa53c3ab2
WWNR30012202,WWNR30012202.png,acceptable variation,False,02d55777c10ca040c87e5100ab41bdfec76b12c8464a894887f7e2cbcb05e91a
WWNL3.430.4.99.6,WWNL3.430.4.99.6.png,approved,False,465a2a3c41d3b7d8d960e64b3461b7adaf7d779da1b775a2eabaf7b748645089
WWNM005.614.36.051.22,WWNM005.614.36.051.22.png,approved,False,14c82f42f9ffdb143ee58b394956d0e50ad8bc0f458be224b5202af5b676babc
WW672,WW672.png,true failure,True,004f411b40be419b9dc975f161017ff649121cb74a195e942503317d5dd2c222
CR804.10.131S.26,CR804.10.131S.26.png,approved,False,52b091f15c3e80e96e817821b45bd885272a32affd055849e33030e0a782d656
W1335,W1335.png,acceptable variation,False,705fe336d3bf550c36ca6ae7335c53bf698c28db95c74c144b82aa4261f59425
W1396,W1396.png,true failure,True,509ea5c92d5fbba17169880b8b35f42fbeb19f8289b458696d4dab1cb1680606
WWNL4.523.0.90.2,WWNL4.523.0.90.2.png,acceptable variation,False,f82f7133fe7f8c725817ec6cbce85a0ff8385f816c698dd2a3aa3f0fed3f1bd1
W1520,W1520.png,acceptable variation,False,b8f3af9193e6684a7d0b585b814d4a6df1aa1d6a257a06d8f069c3a71fb60106
WW483,WW483.png,true failure,True,d8b7be74850614dcc57493851f14499d01aff200e13e995cda81a0c07d05db20
WW480,WW480.png,true failure,True,3b3b7196e5eb924feeb9367051b29389dd8f649ec8d5ecf74b5a63a82b746137
WW650,WW650.png,true failure,True,37dfe9d8591b93d25f7febe876463a3b2427f1da07df575cacab79b189589897
WWN01 771 7744 4354-07 5 21 45,WWN01 771 7744 4354-07 5 21 45.png,acceptable variation,False,08b8c5f5b9d397144fbfeabdc68d361c4dd843ad72dc6c33850a10609fdbe51f
WWNWAZ1010.FT8024,WWNWAZ1010.FT8024.png,acceptable variation,False,2acb93a5022c06b6b8d45f1b1904cd9a6e6e3e1150f8e7f994c182cbf4451cc0
W2225,W2225.png,acceptable variation,False,3aeb66d470dbb3690a9baa8ab72fab59c2f35b3bc8cc645d106f2e39f19d5210
WL92,WL92.png,true failure,True,49f429a0e68c9fed012a1e8a9d9b65130d2ac52670af1c4541784710e71b754c
WL78,WL78.png,true failure,True,94abdd53fc950f05cab5c86ccf7e13bd600f175b24abaee7d5d27d5d15d4c896
CR38003TINBUGNBU,CR38003TINBUGNBU.png,acceptable variation,False,6a8c35ff74b366d41c9f6008ba10b159063e7abc01e254cfbfed702ee33dd9c2
CRH24614330,CRH24614330.png,acceptable variation,False,9671a4a086bb46d646f9b07228adb8638cdc939fb5022667ba60e8e9c6dc2b10
W251,W251.png,true failure,True,0712a0d5dea972ee64ad3070ce8ee89350b61799f2f861a1b1cc614ee1996e54
WWN2410.48.67.1199,WWN2410.48.67.1199.png,acceptable variation,False,e585dd48b392ff5051d9842e0796091d022a71a2ba4fd17e789c274bc5c45644
WWNL2.821.4.11.6,WWNL2.821.4.11.6.png,approved,False,0125b1c412cf56dbe012cc0c9dd3e52217ec2b71b5ac5db9fc405972f1feaaa1
W2167,W2167.png,acceptable variation,False,d6880fb89fdf53e1fb2e4d1f0a18c1da1467c4e0c1ea7bae1ca0ee18f51395b3
WL29,WL29.png,acceptable variation,False,2798b35ec2561f0fa80a3e77117bb0d9f93e4524880b6b16a350683a642987bf
WW976,WW976.png,true failure,True,c08683e1bf4db1f3b7b33948bee176511f6340f59be5d404d9171be841e710d1
WWNMWW33B000010,WWNMWW33B000010.png,acceptable variation,False,419603cbe8ffb38412b5a7227320bd25bc4517612457255ed3c01a0aebfb5d51
WWNWBY1163.FT8113,WWNWBY1163.FT8113.png,approved,False,d8f92c99790fc0e0ac942528e9fffae9c46a714225558b126482c4548d6984c2
CRWAZ1112.BA0875,CRWAZ1112.BA0875.png,approved,False,4702513918fe90d18f79e369ff90e7f241d0af253c4f0bfe70e17a8c4e4309ed
WWN5280-STS-45001,WWN5280-STS-45001.png,acceptable variation,False,2b86755f3fe96fbbebe04003d769c61c933b345e371ec48cd91c1239cc8e891e
WWNL3.811.4.53.9,WWNL3.811.4.53.9.png,approved,False,ed5bda3acb17b17ac91c02b0c9c56e12b4c2bcc5936ed56a17366ad7d85419bf
WWNMWW30B000001,WWNMWW30B000001.png,acceptable variation,False,8e9970d0f2eac1cce22865dbd00b8efba7a689879f87f31910cd4ea41e54c4f3
WWNL3.830.4.62.6,WWNL3.830.4.62.6.png,approved,False,fe373eac32b2faf7903cfd974a80d2b217ffdca8d12cb84638e445a6d3087222
W2154,W2154.png,acceptable variation,False,2d0a109efc1c4413ce2612b4b13e6d7831cf633f25d8beaaf86ce1028febefb0
W1473,W1473.png,acceptable variation,False,3193f449489452c18153dfe656d15e04d023fddbc4ed4211b5c575533fcb93c2
WWNR27080702,WWNR27080702.png,acceptable variation,False,0a4a4f2c3f3dd6962207ce0b54a2c430ebfad4fa874d2bda9c8205137025c2e4
W1425,W1425.png,acceptable variation,False,4e5c00cba29237acb38c56dc88e9d9394ff2793829cc1cdb2404eacf473fed33
WL65,WL65.png,true failure,True,3e06422c700cd28eb98ad519a5941488ba5d2c91be5d34ef413a374c608b2f3b
W1526,W1526.png,acceptable variation,False,954459836cc40856cab6b05f97a92aefc06ec12e7793af8c0a43c32d8561c795
WWNR27096662,WWNR27096662.png,acceptable variation,False,01663525903e22b66c2b5cf96c87c28cd8b8b2a9f9f7b0d0b6baf60d9f048568
WWN10708,WWN10708.png,approved,False,e93be00565d97ac5102b1251ee1b3eb18fd00deb876b30571a6da4ee38e423a4
WW556,WW556.png,true failure,True,c19d51ee19ce61924a0f3ff55d2e0d1ffe795a6ee488756a3f38ca072469719f
WWNL3.720.4.72.6,WWNL3.720.4.72.6.png,approved,False,e877aa28c44304f3e25bed70ad3fe130d729a346745eb2867faefb04a43c8f8f
WW756,WW756.png,acceptable variation,False,cea7efdd6044acea3d12e330f7ac4e02c294a93a17c571a3259e9940ac059992
W1461,W1461.png,acceptable variation,False,f9a521aa687c7a7a596a1c65ae6464cd2778305377846c920ae78460976b3fa6
W273,W273.png,acceptable variation,False,8e7dd5da4fb5dfea352c0aca9b156af3a4d01843a72ba60befc0d52daf2c61ab
WWNCAZ1010.BA0842,WWNCAZ1010.BA0842.png,approved,False,594e80f72d41c94d9079840ae30d3b0cb00694e0f537db3fb811fc05b5f9a958
W2147,W2147.png,acceptable variation,False,0c4134d5d802c989b15ea1e564d83a02effecb32a55aa062c3301aa0fa61bef1
W2148,W2148.png,acceptable variation,False,8af93b1941d6dfc35e7de71c30c8eade14fae01c839223b2d3c4a143ee838691
W1496,W1496.png,acceptable variation,False,d969b7571f743c343195166e05ca3a87a12b9f86aee915ac6c15a8be60d42a07
WWNL4.974.3.37.7,WWNL4.974.3.37.7.png,acceptable variation,False,496e05f9515bbd0dc589bfad41bc83344acb64f714945a9681a23f3f8c951470
WWNWAZ1010.BA0842,WWNWAZ1010.BA0842.png,acceptable variation,False,9011611ff605ca324c069168ac775c9cb0ba2eefff1d19c70b9acca6ac8e3061
WW885,WW885.png,acceptable variation,False,f9436a9ad751490b611777fc1a7816a05db3862b2d22ebd3dbfaa9d47db9d495
WL84,WL84.png,true failure,True,0823a48ced1b574955cae6be09ed63ce8829eca7eadcd26e0657ebc2b1d15914
W2146,W2146.png,acceptable variation,False,4b5c915adabdf6aee87d5574b1dcec821f48d06bbe1a1e463a966a16f61f41b0
W1365,W1365.png,acceptable variation,False,109570594022ce46149b57cdc43adc1fe6709a757d6c2255068e23c6f37ccf56
W1497,W1497.png,acceptable variation,False,3c92962a4746840cde985735ed272e1e08a1acb39c41db28cce630bbc7664c6a
W1478,W1478.png,acceptable variation,False,cdc946c71f3544f07c1859bbb403b0da55b9afcca3e9ed19081442343e765c00
WWNL3.430.4.02.6,WWNL3.430.4.02.6.png,acceptable variation,False,456fdf494444105716e70a1a7826ba28bdfeea96ab4be7e7845bf7456057430f
WW312,WW312.png,true failure,True,2f6cd025094abe408675003bca7cd8b5ebd99e5cb6c20c90465347fcfd376b92
WL71,WL71.png,true failure,True,35ce074fc59415d8f05060dd7ae6f037752e97267dcdbcde1231c79725080879
W2144,W2144.png,acceptable variation,False,41c04ca4d0fb45d2bc5ecfca4c76d52dd300e6e0b622896dd3b5b72868f7acab
W2152,W2152.png,acceptable variation,False,fba03d21d96fe251b4accbb609e76e2586fe5380f4a2460d73fa42aa3079a889
WWNR30017302,WWNR30017302.png,acceptable variation,False,e69bc321bbc64d295f424e8a0cfb4e74738203beedcb08c7ca0ce0987a6a1ad0
W1436,W1436.png,acceptable variation,False,7b80c52102940cb5f1d90086518d5ae67f84b47924bc76a70da714fc9d14d89d
W1502,W1502.png,true failure,True,77c845b65877cdd2b532eb503150e17a23dae22677addca4c704a4c0a946394c
W1377,W1377.png,approved,False,17906d6714f469da128cc30796d3a01058301e502c5dff259c04db902a289e43
WWNWBY1112.BA0042,WWNWBY1112.BA0042.png,approved,False,09565404a847a78a86892ab1527a6dfbcc332034e36c35ce7ed316d7edbea8d9
WL77,WL77.png,true failure,True,635b2ace6b80a32f36915fa86ff39b94973acfea28c0f743c85adaa48b083ead
W2221,W2221.png,acceptable variation,False,cafcc37e26e3ddd6d294343eb6291ad94fa6f3604345978e46250dec2734bd5e
WL59,WL59.png,acceptable variation,False,2c4d25fd85d0d5d2edc5c7809b256e86231a4f0508ec5fd1e75aad40a0ab39a6
WL21,WL21.png,acceptable variation,False,3dd4ca6c4ee4ef65c65550b148f0a42e69bd0d65e5cf8fe3710f32514489ecf0
W1468,W1468.png,true failure,True,ac72903d4d1e6d28ff3aa927c954ee766826d415044ae41317436e94be1a5d44
W20,W20.png,true failure,True,b428c3e21fed82d038597eb48251a2eab97fc8fc326818007f32fdedc8de760f
CRH76709530,CRH76709530.png,approved,False,bb3299a11aba016bc58180076080fc906838eef2f9912553d73a06e74329ee10
W253,W253.png,acceptable variation,False,b5b98095f99de41abf4fcb4510402fa87daa2267d8030434258c527b59e289a0
W1280,W1280.png,true failure,True,0384926fdfa8cce6b7847991ade834d8d50669c44ae261309f495a9b25a788ab
WWNL8.111.4.87.6,WWNL8.111.4.87.6.png,acceptable variation,False,ae0579dc7e7b6617a6104a9a842ff3d21837dc324f1bb2df923b2586ecacc1e5
WL26,WL26.png,acceptable variation,False,622e26759c2b5499e8331286ea3c30fe7e34fdac8296148bec5a554a927ca5c6
W1521,W1521.png,approved,False,c29a3c17964778c7a57adb5d33f7b84966463ef8a01b4b911817b75f2df8b57f
WWNT149.459.21.051.00,WWNT149.459.21.051.00.png,approved,False,5d0e0f8346aa7651d4cb93cc650c483010955464a9d0a08bc8cc113b1af9b375
WWNL4.911.4.77.6,WWNL4.911.4.77.6.png,approved,False,9aa5c1f788490c01bc587264673bb5c8975496a0c80753c554d8be2cabd2953e
W1347,W1347.png,acceptable variation,False,e2a722b40e59f04d4b296eb83eb8a892c14f6bbc757da9e8e35cf6d33d521023
W1343,W1343.png,acceptable variation,False,c2f9255e9402fbe9b2727e98fc8f2d7b48ed7a45938a12ecebe8724b0a20fdae
W2218,W2218.png,acceptable variation,False,b391da7699df91b7936e5410b7db38cbfe26839a7b4cdd9c272765d47b6a2fe4
W1312,W1312.png,true failure,True,7dbc5b2bf206dbb1ea1bc13b0940f1a1b70e5c8e94eee7d6b3b026e85e17a879
WL31,WL31.png,true failure,True,a3cd9c80c3662b334dfaf0bc074c446c0e7268d032df7b90b24a36335b132824
W2193,W2193.png,acceptable variation,False,bde5448314c659a0b91e40dac8d743754a2c5d2fc969759b14d46144eeb0bcd9
WL30,WL30.png,acceptable variation,False,917432fa2556eea36bb5b777013504efafeede287a46b0e933e3d0ea2c6f647a
WWNR12162153,WWNR12162153.png,acceptable variation,False,a39f83e39ef7f1ff6aab5408f94494de1f8975b9d0075ae9551db41053f9c1d1
WWNMWW06D000171,WWNMWW06D000171.png,acceptable variation,False,af22405279c9845d29bd6808bd5a92f198fe61e67de2de285f561ec7cebadd7f
WWNMWW21H000001,WWNMWW21H000001.png,acceptable variation,False,78683a1e53dd9a2dd789ebb38b5946dd67bef516b06ff8a1360fc1e63fc81ce8
W246,W246.png,true failure,True,37c239cf451f99ed5dcd67a4dd45e86635c22685853136729806bdb1652a037f
W1534,W1534.png,true failure,True,f59ece7615e419fafd9ad3aecd2c239360b5b040861c7b3ff8ab2c9e3cf4f2c6
W1462,W1462.png,acceptable variation,False,a22e60d64da91de315e7b0d4e4b70c581a1394c6eed4822371c2c3fb0be54848
CRXS.3101.H,CRXS.3101.H.png,approved,False,f9944232f56dfa69ddc13a4f81e687762459166b631e7d26b9aab14b5325d706
WWNMWW06A000780,WWNMWW06A000780.png,acceptable variation,False,8174400724564523fff259a5ffa9f94a47ef480c06c922123982710e4acb50be
W212,W212.png,acceptable variation,False,042a69c7e5b131c6441c9a89a483eca309e69e9c9d7468edb8b0c828847fd32d
WL50,WL50.png,true failure,True,60fb78f40b074eb8d947f769c36121ae2d5b49bbe1650f82ac79546d51090381
W213,W213.png,acceptable variation,False,c21f89806e03f81814e1c46ef63208e59c4e16626dba29c970a28b336c25e65c
W1711,W1711.png,acceptable variation,False,6a53885ab3176c04e39d792976941824a56f20359388235db8ebc8923686a494
W1543,W1543.png,true failure,True,de7ddc2ac707921d43630dbcec52acaaf6006f62454538256a844bff34563d6c
WL49,WL49.png,acceptable variation,False,0c803381c7c0d0ddfc3c10d98bfd463496d5fb4e44e883ab76a1505f0ff8a8a1
WWN10473,WWN10473.png,acceptable variation,False,0096493f7b21998c5e85bc23cbfc1e2874ce92cc60fd51d404b3b4776961a71e
W1700,W1700.png,acceptable variation,False,7d9735b9844114b15c4389b7feb19923755413343aa7f023a275b7adfdf817c7
CRT930.007.46.261.00,CRT930.007.46.261.00.png,approved,False,744358579591c9fc78372ec076a09cc483bfac4079ef7e3ba0a3cc89cc830cf0
W239,W239.png,true failure,True,65cf79200ddd6d803abc686d331c46ec75836ad4f0c13b472b0a8760bb783435
W1294,W1294.png,true failure,True,12ce7aecfe5c012e8054c95f49e71476d787d711890c76d689cca7495c73796f
W1395,W1395.png,true failure,True,1ece34c0508af9f354805eda0886053cb0b1288eba6a401dc37455a5b85cbf75
WW184,WW184.png,true failure,True,ad38497bf748bf72078a506d922e006ca3aca28ae2b9fa31d8cacf4bf9853907
W2182,W2182.png,acceptable variation,False,8a08f8c15f0798d7d5d26de3cea16ff9cc5353af5a737a168765fe32b1ecf136
W2160,W2160.png,acceptable variation,False,260deb5300de69fae65766c5a463d8358c8ff09bd2dca90c028e2aaebab06836
W1378,W1378.png,acceptable variation,False,23eaa8496f141351fdcdf2fd857f6456b11c0b23f634631948d2db9e88378575
WW488,WW488.png,true failure,True,04d35a2c1b8c88cffdd044398348c7969bf5a03dc815f4a8edb71c23e100bb8f
W1263,W1263.png,true failure,True,d8c1f5b8d46a7582dcee95b5d5aeb11d419d073491d2d9014f01791f5d283923
W1322,W1322.png,acceptable variation,False,b6ba40fdfdcff116a69492f10f5ccbc7d85c41331eef2547f47aec1ec1a2f8b2
WWN01 733 7766 4157-07 8 22 05PEB,WWN01 733 7766 4157-07 8 22 05PEB.png,approved,False,a336659e2f2c8b16c395f63365c41e5a89e711c3b8dab6fe0b8a7ba1a5752d3e
WWN01 733 7730 4135-07 8 24 05PEB,WWN01 733 7730 4135-07 8 24 05PEB.png,approved,False,b45367de7db125acab6efdcc93e90873e06d0c19f1fad971a28d8dac0ea9e649
WWNH32506730,WWNH32506730.png,true failure,True,85be55c2e72abedeb3865d3946ba5338d933b7d80a848aba3f1e90fd6ef1470c
CR862.10.351.10,CR862.10.351.10.png,acceptable variation,False,e92b09b5ad20a0bcb75dc9f9dbe2c9c9ec6a40c2d5af502c8204e6a0c45c2dd0
WWN01 733 7730 4157-07 8 24 05PEB,WWN01 733 7730 4157-07 8 24 05PEB.png,approved,False,631a28596e621e9076aece4bb82f6c60cf0015da5cad0fcedd463eeebee0ad0c
CRXS.0921,CRXS.0921.png,acceptable variation,False,8a152bb5df746da8f6912ae0c664acee194d5f846fb5caa08ea0fc028cdc396e
WWNR30039712,WWNR30039712.png,acceptable variation,False,7950ff33ff046f73720116dd1f3a91b0ac7b34858bfebbc13a62f371ac693d95
WWNR12171653,WWNR12171653.png,acceptable variation,False,63fe38cb7b9342d7a3cdde1ae2e41caed55020c9ac94c9bb25144926195c3c74
CRH82555150,CRH82555150.png,approved,False,2d5014bfaa560e9aed437882d3817f0dbc6068ad89dfe8834d966c3aea05617c
WW725,WW725.png,true failure,True,fb40f4fa40fb101cc1f55feb110d0dbf9a0e8daa6c9c7c1851c15623c8560c40
W231,W231.png,true failure,True,b96bb1b60f3f14cef19ecc8d41391057730b4fcda6a4cc92d3c8f5e2891a3d6e
W1364,W1364.png,true failure,True,6c4f2c2603fe97ad858b81b2781f972a5d81850e2baf1dd3ea3f1efd6ab2b072
W1346,W1346.png,true failure,True,3c4319ba1146d278b11b61b4c4444bc02d6fa2d71be52a55ccb12b7d6760f881
WL90,WL90.png,true failure,True,8dc22b5d246d6cbffb5b876ba409f474f0d43bb2335d1176e7d6137aeb7b81a3
WWNWAZ1110.FT8023,WWNWAZ1110.FT8023.png,acceptable variation,False,20e63537a0a8894e4a12ef53306f2f39c548e781f58ec898a3573807a761486c
WL80,WL80.png,true failure,True,a4ec5ba1df32c198eae16c2c1b9f55c9fd4f4e005a062270d3a0461500804783
CRRE-AU0502S,CRRE-AU0502S.png,approved,False,5f98658b1c6e89f47bb485473319e6ef28838556d2fea3ff6759c7670ab5bb1e
WWN01 733 7707 4053-07 5 20 89,WWN01 733 7707 4053-07 5 20 89.png,acceptable variation,False,b87f7778782cae42e98942eeb45a50f55bbf8f027639522f83275c482a62e4af
WWNL3.374.4.30.2,WWNL3.374.4.30.2.png,acceptable variation,False,a777fb8c8f6e6017706ed6ea03fcb5653da2bc78dbd81ab4b69f3b1d1880eaeb
WWNL2.708.4.78.3,WWNL2.708.4.78.3.png,approved,False,fb432998a2b54c2761cc4e02ff9ff711ec8da70aba7c59a698ac2d48901c8352
WWN8070,WWN8070.png,acceptable variation,False,d228c8f8d406c51477edeecccebf0f109d06c114752f4d16829787c0eabc90d3
WWN10613,WWN10613.png,approved,False,c5f6b1c3c01ce4c1f3e46d8af6bb1f450df4fae4468e1000d12f649e2ba95b4f
WWNL2.142.4.60.6,WWNL2.142.4.60.6.png,acceptable variation,False,8d963c2493fb006f910ac0aa038f4125f11b152dd8ac58a12cca1bb4a6b7af55
WWNL4.512.2.37.8,WWNL4.512.2.37.8.png,acceptable variation,False,8574e202f5e737f3f3839221472b845b001f25601748e3bf5af8101cd710f16b
WL83,WL83.png,true failure,True,01eb2762328c4867c107a728c4de5e631266fa68667463e1579c1dd2de9f1a00
WWNL2.821.4.96.6,WWNL2.821.4.96.6.png,approved,False,114e9fc67b1e2dd3b41c470e3eebad6ba4a97bf5bcff0bd8e1174666332821ec
WWNR30018152,WWNR30018152.png,approved,False,e601affb893ec9bfc7d670745fe5602710ffbaba2311329437e23ef2d6cf1dae
W1366,W1366.png,true failure,True,14a1c0913a6e3544031d28246697505ad9f488209e386455373d7dbb1f1a8164
W1433,W1433.png,true failure,True,952229db38c65fb90ac2d9c09c571df68ae14e592c97b1ab649497968f1a1d33
WL27,WL27.png,true failure,True,be43a3b6d06a4d576870b9d4504794635f6f273aecb5783bb1e18552d28d9c7d
CRH35405741,CRH35405741.png,acceptable variation,False,537a415eedefeb6a556ce5a7f1c10650f1d158368f761ce6d107e35992368ae2
WWNH24655331,WWNH24655331.png,true failure,True,d97581bcba25e0b20cdd5dc89bdca94cad86386422367c924e6ea1e3c6927a1d
WWN01 733 7731 4135-07 4 18 64FC,WWN01 733 7731 4135-07 4 18 64FC.png,approved,False,4e2793a82813fe16f29550d41b5cd3d93c2686c7ec9aff3a64cb5fed17c7ced0
WL75,WL75.png,acceptable variation,False,5ee8646e22edece0e53e83e01f82e3687e4b3294d6b06469be2499ee0a30cbfa
W1541,W1541.png,acceptable variation,False,6ba970009c39026d4e36b3c0d0ae9c7356806ce8600a1fe8a538457922c6b550
WW121,WW121.png,acceptable variation,False,f14c68c45eb5c722ab6de50da0f52d41c23b97937dd639ff97bbfbf18ae0ad1c
WW373,WW373.png,true failure,True,bd68aa63d2949e278fc41f9ef1ac0a4c80cf63f238e435923f69cfcded42994c
W1503,W1503.png,acceptable variation,False,3eadbab72073f6edf56c2a1b52e843c52757e82ab0a8bf8daccb4d3470750230
WWNWAZ1110.BA0875,WWNWAZ1110.BA0875.png,acceptable variation,False,f334c62a9327ef9e566f65f897e10ab9a2120265fccf8190398053244248cc01
WWNL2.142.4.96.2,WWNL2.142.4.96.2.png,acceptable variation,False,8b54d4493b31d7e8e7d2c16e4915d48b1789b0ee596b86c670b3bfb4b5bd7386
WWNL2.142.4.76.2,WWNL2.142.4.76.2.png,approved,False,8f49f94005af86e33259c9bbbe46665b693f6de9a55aab54613c9a962b5316cc
WL87,WL87.png,true failure,True,2bc2369eadd7073ed5732810d02bf1d32830b01f6304248e8d1003c2d3edd33d
WW882,WW882.png,acceptable variation,False,016a10a2422893d27783efb4e3a585daf2cfe33e2f385b49b685c46c9d1db762
W250,W250.png,acceptable variation,False,6856748807160a1dfc5aea561b14d9587e24f8f8f82900d680e07008b84a5f50
WL52,WL52.png,true failure,True,c5b5d7c2758778463a152dc2ce5b64f6df8dd99fa88660a75c3c6d7769c83253
W216,W216.png,acceptable variation,False,01dc8efd74178cd6b5b9ea772efa03754b69657d10254e9c3a866a533a9a80ed
WWN10329,WWN10329.png,approved,False,7d7b1b6d6c1917edadcb23114a2279e2624396e924646a263fb61066428c116e
W1470,W1470.png,true failure,True,7292ae3099ec17e06c0444b5d511213f43603420fc3fe6df0004479610bbcf3a
W1489,W1489.png,acceptable variation,False,dffe9125116f27bb105d946c4bc2d86f33f8c831cdfa0bc319a26d76daa70a3d
W255,W255.png,acceptable variation,False,6ac40a008141f465f4e3bca26614a745575b44604d5750bd66f69b824027cde3
WL61,WL61.png,true failure,True,65f6bbb39783d297ffb07b72236d22553234ac36d6f4d89b60f3b8b12ad75405
CR96K117,CR96K117.png,acceptable variation,False,d8a8e153d432b0474f82baf00d5ee1694e7b6c45f7fa1d9c24068850c7d01fd3
WWNL3.811.4.53.0,WWNL3.811.4.53.0.png,approved,False,3bc3438819c171df2579aa076e0c90e9d2dc7fc99dff21730223e1d508589956
WWNM026.608.11.051.00,WWNM026.608.11.051.00.png,approved,False,569157c580c794f0003c45f844096a09c8307fc91c168225ec4b204f33148abe
W1309,W1309.png,acceptable variation,False,e5593f92c8bf3d6588b6659c0a0ffaa8302799d7ff9bbd0cb6c6a6b128a4dd20
W1311,W1311.png,true failure,True,16585b116e571b9a094468f75a29f4917e19ec55335938078ff8306ae9423094
W1459,W1459.png,true failure,True,264ac9176912469bbda93c27c50c49c9c6e14b2dc6ee454729ba38f8d77cf532
W1372,W1372.png,true failure,True,899bd77ecaf3d25e49a053dfa49dc6114f1e54d910af10dd6980a363dda4b255
W1430,W1430.png,acceptable variation,False,5ae39af0fccd0fd739fe70d3655440f34e2209d12e6feaa304b209daa67d3292
W1701,W1701.png,acceptable variation,False,c0e508589ebf98abde80cfd516ebb2d6ef35a7908676f771e62b61cb4f7a2b69
WWNR48903723,WWNR48903723.png,approved,False,4286b5ccf4132c6a3d77568f5f7f78255be7086523dc0b43a2494a6b51b85a84
W1329,W1329.png,true failure,True,1a7c6b7df2c1914a59accba492b4597741998aa62dfd92f17a32f7d3d15f9c72
W1339,W1339.png,true failure,True,2f889717365e4870bad8053d037c94c5194df5ff9ce4f7d84ca28c76e760f112
W1539,W1539.png,true failure,True,62821f52fe640a66850772dd89cfb2a605a460fd2b893ac284bbc178b49c68c6
WWNL3.374.4.90.2,WWNL3.374.4.90.2.png,approved,False,a735b9f27d660ee0d8d2618a99bf6f11f6e3b71b55141a788897627ce0fef86b
W1349,W1349.png,true failure,True,1614f9ec72095f16da3045607b12ec2b2515c9f8f5c6f29be7d320142479fcc7
W1296,W1296.png,acceptable variation,False,c77115ee235e3753cc69aaa0728149972f525358fa69928491f98f110dd639a7
W1301,W1301.png,true failure,True,e27b6f2e0c1997e3eca2b41887283b2ab8cd544298f64eda67f0078f111d6434
WWNL3.811.4.93.0,WWNL3.811.4.93.0.png,acceptable variation,False,e0652fbcb5a36cf2e222688d92c68d22269d0545517702cfb01011a0d7b6f9e1
WWNL3.781.4.96.6,WWNL3.781.4.96.6.png,approved,False,18f5916d7a35d47b88fe97cf82d5ba60fb0667e74040540ecdfdcb37ad159550
WW557,WW557.png,true failure,True,dba3c6dd9f92a63b638d13a4b0d50e829f7e063a1b760d181715583046d59d46
W2199,W2199.png,acceptable variation,False,725ead8c1a073a145c6d40dd4f031003fdf025a5d2f160b8ad9f8db9a7fd736f
WWNL3.811.4.73.2,WWNL3.811.4.73.2.png,approved,False,b6215df0b289af03527e2c60617f8646be5c8a2598ffac86b75e4449e29a99ca
CRSF-M1B-01M,CRSF-M1B-01M.png,acceptable variation,False,34242951a6d62e5989d33943b44764f74db67e12b8be0b55fe27faf75f858c55
WWNL2.330.4.93.0,WWNL2.330.4.93.0.png,approved,False,45e78d48b95069d4702bd7c6e3429292fe8015b0cd8806cf1d52240a9411bfcc
WWNR48903733,WWNR48903733.png,approved,False,ede646cc5f6c39e80e361aa3abc947af06155ec03e4879896117d3d4b1eca0db
W1717,W1717.png,acceptable variation,False,6def94c67d8e7f0fc3caa70de18583d831ec93f943c5563d009f7142bd7c5af9
CRH64655941,CRH64655941.png,approved,False,5afc98aa6af3f11e23bb36b251757439c388dd2b01d3e591e7b4012daa55e0da
CRXS.3104,CRXS.3104.png,approved,False,3a976dd23cd9a09d31c851dd71d5307bd5e1cfd38b1c4c6120c1ca456a8e6fcb
WWNMWW06E000146,WWNMWW06E000146.png,acceptable variation,False,446c639309d94cae066501cc2bbada1ffb481ce1afb1de6c48ed39e0612ac943
WWNMWW06V000042,WWNMWW06V000042.png,acceptable variation,False,12b41a1c2eced63fc2e82e1bf6f0a75e3e4fc33a7bf813cf671f1ee3295b37c5
WWNMWW06T000147,WWNMWW06T000147.png,acceptable variation,False,7a227ab8475ea2be181d0b5dc815454e8491a79c86c39c5bd9dfcbf0d4eb42e6
W1659,W1659.png,acceptable variation,False,d2ddb5d92fe2cd13cbacbe057a6a2c617f62d1460348df9fd0f02569237a3482
WL64,WL64.png,true failure,True,0f3a2d1f8068a3d5458cd4a824a6796471ab86695d3bfdf8f956a9097a028ca3
W1350,W1350.png,true failure,True,bedcbeef88c5227e92a92890447f3283cdb6b0703e42fab507771ded9a3f7545
W1538,W1538.png,acceptable variation,False,3267b8e6b043c0657dbad99844af9504828c550ee21bd30b463e90556fbe2f69
W1380,W1380.png,true failure,True,f41818a8e5af58c6675a9b6850d19ae25b357384aa938047badcd8fb1169bde5
W1325,W1325.png,true failure,True,5a4830e954cb3907f78c36ded5aed1ebb79e200286496bd0d41a64f16c1f9cd8
WL73,WL73.png,acceptable variation,False,91894ec90e6389ba26b5955aabe5ba5071d1a9c3763b905ca48f6c9616219a77
WWNL5.200.4.71.2,WWNL5.200.4.71.2.png,acceptable variation,False,175668dccd5cd67f80f6d60de55957b380be7a17ce6b7af69f39aba0f541801d
WWNL8.113.4.71.6,WWNL8.113.4.71.6.png,approved,False,a2422135055123e6d7ebb5be1a8ad7db9879fc023cc6680a244235806a596d2b
WWNR27238712,WWNR27238712.png,acceptable variation,False,be33cd25ff379b2d563d4d1a765ebc62768785b9932fa686a2c3fd17b694bf97
WWNR48903703,WWNR48903703.png,acceptable variation,False,0c044195714fdc9545473f9c2f82998114853d27dd51a9e34663a6b4f52a8768
WWNM026.608.11.041.01,WWNM026.608.11.041.01.png,approved,False,c3c67653eca35ba681fcfb3a4a6d6980067b2cb6a8cab5dd66ead85c6e4cac1d
WWNMWW06E000147,WWNMWW06E000147.png,acceptable variation,False,dd0d0f91474163f465a9728d939341f9455e1563cd214dbd7384ce1d28b42cd1
WWN2731-ST-50001,WWN2731-ST-50001.png,approved,False,71909feb1dea34d6f9b2d2b9df69e8fab473394538796134bebca4613c51f8b6
W1278,W1278.png,acceptable variation,False,92fcd6d56c44402582f81f749b2a8b979e62537004490eac915e589f0600dd04
W225,W225.png,approved,False,9f6ee6edafc0909fa66f937d92a4bdbddf0ad6f914251a492f9681eee905c536
W1300,W1300.png,acceptable variation,False,78ab93fa1af21bfa31d49e8223378b80ed9b91e091220b4dceada7a14b65fbb2
WL51,WL51.png,true failure,True,93003b1719b2dc2602800a57ed02c040392a4f4332b46307cc3df1693f6dffa1
WW647,WW647.png,true failure,True,1fac509cef9604433501cc666fe83b9504a24cb0aa1ca66dd17aa28b3c8b420d
W1635,W1635.png,acceptable variation,False,578385b448e38c695444224aed89c5f91a673c26b88a350875c27113abd4dc00
W274,W274.png,acceptable variation,False,c6f3fc7bf6ca6d4e1e1027d3a3d989476d19741e25b5604d579de820fe438eff
W2282,W2282.png,acceptable variation,False,b37dd71257d9d87c30891ca90474aeeac24c422a823713875ac0b9dd8dc87ed1
WW588,WW588.png,true failure,True,33d8075be7f83bc4e65f6e0269e3e742b6af0b16b3c73ec3813a3b0668be4a2a
WL67,WL67.png,acceptable variation,False,d72686285f164a07e2f2c6446a271ed87eee6e61c63f120fbd664391c6345db8
CRT127.407.11.081.00,CRT127.407.11.081.00.png,approved,False,e4966545453db731b6c5acc9f0f3453d7d6d51100b3310e3078ecc42fd0edd9c
W1277,W1277.png,true failure,True,ac45d04f30beba848df1265a23ffaf4156536f814338ebbfb21698298ab02d01
WWNH24614330,WWNH24614330.png,acceptable variation,False,9671a4a086bb46d646f9b07228adb8638cdc939fb5022667ba60e8e9c6dc2b10
CRH64615735,CRH64615735.png,approved,False,8eaef541555d16124cf668ea771ad7658d28eae6ce9619268ba7577777596e18
WWNL3.410.4.93.0,WWNL3.410.4.93.0.png,approved,False,133c71829091fddb996f647f6b1d97dd8aa4872679efcf2a75600bf38c2c5e47
WWN01 733 7720 4057-07 5 21 02,WWN01 733 7720 4057-07 5 21 02.png,true failure,True,0e26a9f2489796819bb502a7e39c7a68ca0576da92aaa733da24e8b8f1af5fb4
WWNL3.810.4.03.2,WWNL3.810.4.03.2.png,approved,False,43bf9caf06915a9fbf9b7a44a94590a9714a97a2ef9e60b764d5b69b97364c7f
WWNL3.410.4.63.2,WWNL3.410.4.63.2.png,approved,False,7b0b7d60a22ad7efedbf71cfe425081dccd5a540282d5f5c9491e75034c1568c
WWN01 733 7747 4055-07 5 17 45,WWN01 733 7747 4055-07 5 17 45.png,approved,False,8d48a5cd954f501567f57cdaa82556d726be129f54d9934bced094a5464bbe79
WWN01 733 7720 4057-07 5 21 45,WWN01 733 7720 4057-07 5 21 45.png,acceptable variation,False,8f5f16bf4715ff1f0ee5e23398086c74956f41db24925c8982e12b88dd0682c5
WWN10683,WWN10683.png,approved,False,e9336c96adfab9681816a369ef74d5dfacf459266723594bfbdc86ad41b191d1
W1302,W1302.png,acceptable variation,False,38b1f4718c3f202f3906b3f4e89561a19c0dd473a4bb5d348e77a6953834eecd
W1357,W1357.png,true failure,True,5e214d77fe1ecd2b179b380c7bde4f78a8890857bd1f6f42144ab633bac27ca7
WL22,WL22.png,acceptable variation,False,a9e19b5a8130e711dc9df363656002b493a1d118f486b7b0afe21b1fc5a4338b
WWNR27072012,WWNR27072012.png,acceptable variation,False,f1cd5bbbdd1acb18a320530e9c423a97339649553c600ee0d9b2f491ae1244bc
W1327,W1327.png,true failure,True,144c74700d7d1c71d263cb7d1f50f5d758a22f782524d91a34af86b69c4afd6e
W1545,W1545.png,acceptable variation,False,1569780511225466d3fbc27724b2a3e10c6499b01d8a1614d91fc1592cbeef1d
W1514,W1514.png,true failure,True,292c34a969f3254d67c7231accafe8428427e2dc63e4577d4db811c7d8be2806
W1338,W1338.png,acceptable variation,False,fca3a6595ac49ccc619361568d78eb7a1bef273a6b3a80bcda6e98ea3d5da865
W2196,W2196.png,acceptable variation,False,37a17e7ce95d090b4322fd8ab80c3648d1638846d738225ce14b7c5fe76e08a6
WL25,WL25.png,acceptable variation,False,e099ccbc2f6e44b6cab3d6c623121e8e0d4ff842d7b70fd16000aa5c72873316
W1328,W1328.png,true failure,True,52bcce262609024773febeeb76e34140562ee6815a6ef244d7577d6dea3ccdb1
WWNR32259153,WWNR32259153.png,approved,False,2ebcde483b4de2519655f34cd0e961d6a2d04a460046baba42e821532074524a
CRRE-AV0B08L00B,CRRE-AV0B08L00B.png,approved,False,cd491558d9deba30389fc3be197cf81c4b5052f3e94fe4a4ba508036bf870e20
WWNL5.258.4.87.6,WWNL5.258.4.87.6.png,acceptable variation,False,2b5c6f38e598bdb4082153451ecf970725ea108ecc440187f34e91b6591be303
W1713,W1713.png,acceptable variation,False,f3a99fb71bd892a9c8c22b10eefb20ae9f7a253a6b0e7f71e76fb8275bcad477
WWN01 733 7770 4150-SET,WWN01 733 7770 4150-SET.png,true failure,True,4dd82572ca3a4ad3f9cf8562189d2bdb6bc15ec0b0eedba105f39b8171d97aa6
CRT120.607.17.441.00,CRT120.607.17.441.00.png,acceptable variation,False,9e2df618b381a75fbe628b4b56a87b12b5c0c7f0eae777ab5a2f41fbf9fe9e57
WWN01 733 7732 4135-07 5 21 10FC,WWN01 733 7732 4135-07 5 21 10FC.png,true failure,True,a5ac308f3f4ee15e686d8c337a8f8741a08c865927c3566e46af80aa861c8a03
WWN01 733 7732 4157-07 5 21 10FC,WWN01 733 7732 4157-07 5 21 10FC.png,true failure,True,8b5a776c6492aee89a93697cd40eefae9a9de093d810e6f8c198f402080bc810
WWNL2.822.4.56.2,WWNL2.822.4.56.2.png,approved,False,150aa00a647ff41f018cf2fc67eaf19059fdcf23a03d2c46597f7acf5edf7900
W1276,W1276.png,true failure,True,53d9917b3fc2d9b435e3b866c9c721638faceb6d3c0898668fc35d42d5e19f8a
WWNR12161253,WWNR12161253.png,acceptable variation,False,5dee8d3f1ed7efce6b543ddfe9d1cb395d4b446b5648f02c120d9989a9469e11
WL74,WL74.png,acceptable variation,False,27b69de2803747ece85bb768f11cb6b906795baf2b0ecfbd1dfa5a11c16f51d0
W2211,W2211.png,acceptable variation,False,438ff8cfc7af6ec5a3e5231a98c048e6e7c7e8965d22cc81b5deb8bb2916eed3
W1428,W1428.png,acceptable variation,False,4a45b4677f1b95f0e3bc4524a6980c7cf89eaf2388994dbe36f9c1612a60ff77
W2168,W2168.png,acceptable variation,False,57ed3e661f665f4019ee4827478f4b370bd5903e87ed85b9bffd95669de03ad4
W1488,W1488.png,acceptable variation,False,093b956088d136c2918eac49103819623aa9afd9096fc30996dbad6991c1a80e
W1595,W1595.png,acceptable variation,False,1fd09bb18b6838c20e0ba586ac8fc850e630d04f820f7b65fb1373d25e17d964
WL48,WL48.png,acceptable variation,False,00a0d98cef307bc3231544554d45595f7faf1867c0616182e645317b330c945b
W1434,W1434.png,acceptable variation,False,03ffe70c3fe6625b48062b9fdeca1a33384906a416b3be2d86a6fcf713060287
W1548,W1548.png,acceptable variation,False,e784cbcb6056156d4205457aca67cc2f13972f768d36a5856e560310fbd9abbe
CRRF1526SKX009K2,CRRF1526SKX009K2.png,acceptable variation,False,f0d7b9c57d2275a2a5226345fc3cd81e13da7cdd591b4b3f217df3caf03c92b7
CRRF540SKX007K2,CRRF540SKX007K2.png,approved,False,08c0c8011f322c0d1ce363a7aca5ed5f53f36eff9c2f82c24d372c44f126d7c5
CRU1091,CRU1091.png,approved,False,11d93e87493beaf5195f47eac154ecc5160454eebf55f28779cd3350adcd53e4
CRH77912335,CRH77912335.png,acceptable variation,False,f1a1ba19762c8fc977f0d473d1d32b6a8d9d5c983a5d239b0daf816f284808a4
CRSKX009K2,CRSKX009K2.png,approved,False,bb93cf9fe249f8012cc1b8607fe1edd35a6c35b5af01ce75a988c652a8bf7209
WWN01 733 7770 4155-07 8 18 05P,WWN01 733 7770 4155-07 8 18 05P.png,acceptable variation,False,0ff1bdd9d7d40a39580b9cd79e6d10fef61232a85421ea7a2f2820a6cf4c7963
WWN01 733 7707 4357-07 5 20 45,WWN01 733 7707 4357-07 5 20 45.png,true failure,True,cb5f9f63419f0d762a24f158234e9029f7a358c77e419a1ddf980c87c884be6a
WWN01 733 7770 4158-07 8 18 05P,WWN01 733 7770 4158-07 8 18 05P.png,approved,False,45b5b4eb65dc635ae696b394279d6a633d6dfde7a437a5a46f444659470c7e84
W1435,W1435.png,acceptable variation,False,1948dc092bde7459568d43c67eabab0a0cdad1d5b781a31cffa529082891ebe1
WL23,WL23.png,true failure,True,1d833e67e765b577b7e5b34f7f2e86f5d9772b9693408478e6e4c7a320b0da6c
CRXS.3101,CRXS.3101.png,acceptable variation,False,2072333d619120e377940f258b10122691d2a0b01133583c1b87a32fa1efb50c
WWNL4.826.4.52.0,WWNL4.826.4.52.0.png,approved,False,23d62101028315e136931ce75bb9f03964978ab766de6429c8b991dc199471b4
CR799.10.131.10,CR799.10.131.10.png,approved,False,aeffaf665fdd43abf32b7d792fe711b5c70d44306066c2581c1b481f182511da
CR799.10.101.10,CR799.10.101.10.png,acceptable variation,False,78f53d9d7e4fe910fe0ffcd2607ccbc95b0449c4e09528c5af03e4ca17ea04e3
CR799.10.351.10,CR799.10.351.10.png,approved,False,12d47cdeec52a1d8c5fe6a7d08545e61b59776b3009babb463ec2daf2d994717
CR799.10.241.10,CR799.10.241.10.png,approved,False,3a4701a29ec107caf5e097a16f3b8a0de37cab48dc5041255eefb8b6bb11fe58
W243,W243.png,true failure,True,750fd26d7a90bd2d9852bc7532b45f30de88578df0bd7c36a33a1419e2afcc44
WWNL3.782.3.06.7,WWNL3.782.3.06.7.png,approved,False,f9c9dba86c133dfad8eec92859fc505c030370ce32b51b1f64acb7b20ab3130e
WW941,WW941.png,acceptable variation,False,86f2609cbbd9c3741b2d24e97820eee105d09fbf4a1c8fa240747e077a39feb5
W2281,W2281.png,true failure,True,8436fd5389516ec359bf7fbcdb851946ee91683c014bf4fe690614cc02c4f822
W248,W248.png,true failure,True,f38fe148dd607002fbcf68cbeb6a808bad32e66b74c57906c32aeed5e3996024
WWN2280-PC5-80001,WWN2280-PC5-80001.png,acceptable variation,False,d98e0c205866671c5fb588339a91e734cf20cd183929080edc56685168d0d432
CRT120.607.11.041.00,CRT120.607.11.041.00.png,acceptable variation,False,a21615169979cf4ac3bf4fed07d90255d6ce923b624cec08c8715307346d1b02
WWNL2.821.4.96.4,WWNL2.821.4.96.4.png,approved,False,ad47ca9b7be73c0da8af04b5389c7472a89c6a5a965dbd32917c0b11bf0df965
WWNL2.820.4.96.6,WWNL2.820.4.96.6.png,approved,False,4496238db9324049068a01535f8b1221f5a591cc93ac7c2a414cf88ea4de1d0a
WWNM026.629.37.291.00,WWNM026.629.37.291.00.png,approved,False,d77af69da0c699409c409e322ba7ada34318cbf37fc2ac4f73739d50354de5ea
CRAV0106-01L,CRAV0106-01L.png,acceptable variation,False,9f721dfa6a3cd7543446fc1ef9b5a232cfc2e861c41c6ba28351f724a60fe981
WWNH82565930,WWNH82565930.png,true failure,True,3f63e57cf819771f4e5393afb5b83e11d88b48108a97517595452955d9565e9c
WWNR30021152,WWNR30021152.png,acceptable variation,False,a694808f2831045d211016f4d0d3e7bb01ff5b2ebcdcaf6059294a3e243d656c
W1270,W1270.png,true failure,True,b91402db1a4984d2568f2388fbdf5c46ada5b79d78488f939812982689b24726
W1681,W1681.png,acceptable variation,False,61f2ed13f7162426ab0ca47bc965a371e43da2d32670ab86718e1880749486d6
CR799.10.201.32,CR799.10.201.32.png,acceptable variation,False,3099e0354c229114e7987af4d87a63e31096081d855a10634335e879187c1186
CR98A325,CR98A325.png,acceptable variation,False,c60b8989ff989b1b3ad3abcd064ce48bfa9c581072f254517f307419b0700552
WWNR12413314,WWNR12413314.png,acceptable variation,False,b84dcebccd67e3d72d139f9ebb4134d5d4250378937100b0ec3446e3b469eefd
WWNL8.115.4.87.6,WWNL8.115.4.87.6.png,acceptable variation,False,cad8f38f69eadc4ddad9c8d28eec474d08dde431adc967766bcb5383c242fb2e
WWNL5.755.4.87.6,WWNL5.755.4.87.6.png,acceptable variation,False,02ebe608ceeb84d74b355202ec2b180adce1f991795ae132df4f3b0b518d99bd
WWNL3.370.3.87.6,WWNL3.370.3.87.6.png,acceptable variation,False,ed7e23f093bd2e0a24d552f9f5f980f795da1ac019ea129310099ead788194cd
WWNL5.255.4.75.2,WWNL5.255.4.75.2.png,acceptable variation,False,4df42ad4374e73b01c7fdbc2db557281ba62c62b04df8d0249cbba0e4c3edd29
WWNMWW06G000045,WWNMWW06G000045.png,acceptable variation,False,274b62d83995fb33c76288c4b67c97ddfd246fd64f244ae2cf95894a310bb9ef
WWNR48903153,WWNR48903153.png,acceptable variation,False,d01fd346bcc13db832a617686e4e06be683d28f2ffbf59f752e5bd7bd60ca259
WWNR12160253,WWNR12160253.png,acceptable variation,False,ac36dbcdc689b5ee5391f1b20725638eb3b2da6d0a1d029d888933f6f615d691
WW701,WW701.png,true failure,True,b5e9749f534f59ba83e8d4da41a19a8a4da80a4f02ef06d201044d8cd60b1ec1
WW519,WW519.png,true failure,True,6a73f6f3a92fc4b83632513c612098eb2f0c8745a53308c0ae192b95d1ecf492
WW758,WW758.png,acceptable variation,False,473e6eadf2807f8ba991996f082c8f1e20ff613371239475f3372adc4ffa5f9c
WW335,WW335.png,true failure,True,f9e25c5314c66231ae2d8726825769c56052e4756736874245dd226903908adf
W1379,W1379.png,true failure,True,8e6f14319cf8fdab2165d12e8d09efbda1db2a6294e0f3082b5197c90d6266a6
W1508,W1508.png,acceptable variation,False,199525f1377108bb184e36fb8345d95e8d0e34b648906aa985865579de65e672
W1474,W1474.png,acceptable variation,False,56faf79f9d5576cb3f6773179958fb9c08b04bdca8d85469ad1266b73108bd0b
WWNMWW06A000778,WWNMWW06A000778.png,acceptable variation,False,1bc7195a41aa25b95d6a355a13955c8af4208d551ec4be0718df52b8dfd88d3a
W1547,W1547.png,acceptable variation,False,dffa77d1fa8705d1ce115f47cff25d25935748391c7a0f456c26866c39c1fc9c
W1279,W1279.png,true failure,True,c3a8de259bdd165ff9f2de619846d6e11b70a4a8b31c6662901831a16fdb8458
W2161,W2161.png,acceptable variation,False,d0d95fb9769fc8705c3417853530c0b8e77fc2ad01ba1bd5a2935b18b9570754
W2162,W2162.png,acceptable variation,False,cd2bc5b46929a208b5300660444df5f382febde19502cd3f820b57b24ed911ba
W249,W249.png,true failure,True,023336e46ad44271ab44ed7c66eb43abcba55b5bf71fdcaef7d749b6a738884b
W236,W236.png,true failure,True,e67af66b3a7e290e422c082c426cac37e04ab8a0c128c1a22a092811816fc260
CRNB6044-54L,CRNB6044-54L.png,acceptable variation,False,796cdffb33da9f3f9f09d18356ea954f27d18207e270b0521cc7a548c43db425
CRSFK001J1,CRSFK001J1.png,approved,False,965d6ca80310fc195b6b071fb73442add82795103a3790b78f2a6f07c6a4c73e
CRH64615135,CRH64615135.png,approved,False,a3565f73fca806b92e01c46d0832e77ee50c5074775908cc94ecce691aaf206b
CRH70605732,CRH70605732.png,true failure,True,b192f8a5586e3a4b6580be25b41accc6186c85f73159cf9020d6daf2da82bda9
CRNB6025-59H,CRNB6025-59H.png,approved,False,8ef799cfaf2733c6ede4553ab65175f1b5e8214fe24fae9da967d97cdcae41c5
CRINV47900,CRINV47900.png,acceptable variation,False,1444b4a7f8f826403636954f70a92284957371d51bc5c00a20c10df839391d8b
CRH70545140,CRH70545140.png,approved,False,a1b05da428aee9e22d85dc3da107c43863e432a6aea8a7e391f42b454e6f5164
CRXS.3862,CRXS.3862.png,approved,False,5e24d7a675399a4dc35d4c34be68c782d6f66cd4d8cfcd0869aa2646a23fbf14
CRXS.3875,CRXS.3875.png,acceptable variation,False,df95e09e819014f7bc14b0d9c88cf94021cbd4fbe305940802ac34064d7da495
CRXS.3863,CRXS.3863.png,acceptable variation,False,3a9ca493a522a32c823686fc19504b9a29727492a9d324687b1f843870bf8aaa
WWNMWW06T000141,WWNMWW06T000141.png,acceptable variation,False,3c6a096b0dd80a9bb367f26341bc42bf804f436231a8d67c868ccef62a227246
W2212,W2212.png,acceptable variation,False,5984b1a0e8aa8b680ba6e4c4bd9576184ccc0154f23ec76f2ff6ed4b138e00ad
W1281,W1281.png,true failure,True,fd5b6ccc2ba3b8c3c79768e4d66041780aba6982c5f13b94cd4daf48cb74795c
W1475,W1475.png,acceptable variation,False,26694dc432deedce836b16d655c52a5c81520b138f74024d15371341ad848645
CRH82515130,CRH82515130.png,acceptable variation,False,26f1a8fe74b6ae083a0ca66cd739036c125c7fa0f98b7b946ad26ec0944319df
WWNR48903103,WWNR48903103.png,approved,False,be291c47b70c781ea03c75be9b7dedfe8e7b6518f57e30c23612bec38e51691f
WWNMWW33B000008,WWNMWW33B000008.png,acceptable variation,False,f6e8dbdb140eadf6445d899cdf340488961478c7d66f6c0e81422cdd468e4fcd
WWNT139.462.11.038.00,WWNT139.462.11.038.00.png,approved,False,2b41506d3709108397d756008679142351950fb71c4dadfeb61688c25d76c3df
W245,W245.png,true failure,True,28b49892c21feb8ba165bb23d42e13f949454218d8972015666f41754b055a33
W1530,W1530.png,acceptable variation,False,6e990733fe398bd3cbf356ddf8c0efd1471990b1e2147a9eb88e777fe8834e3c
WWN2925-PC5-45001,WWN2925-PC5-45001.png,approved,False,474eac804733be06ee420d57b60ad24c0bcbe7f22cfc0fa9b077d35afe19cf70
WWN01 733 7770 4157-07 8 18 05P,WWN01 733 7770 4157-07 8 18 05P.png,approved,False,538fc2fae5272bf92cfd8fbf7bdb61e5eb600caadba6b2f7bd3c4f10f54e2ab7
WWNM049.307.33.296.00,WWNM049.307.33.296.00.png,acceptable variation,False,995d8ec22899d2e4ba9b7f40e5d9dce75e41a3b3039471a7540190ae28adea05
WWNL4.330.4.11.2,WWNL4.330.4.11.2.png,approved,False,bd484dac3bfa6540f871367889d52505c28f6afcc3b19cb100533986d7f14e73
WWNL6.141.4.71.6,WWNL6.141.4.71.6.png,acceptable variation,False,caae4c482e103b884d4d5ea043ebe62e1d215c39ee69ba035e888a2e34dcbed0
W1632,W1632.png,approved,False,29cd26d00903807113d28078db1f2f1937aa8af40dd9c419315014d71d4520e1
W1619,W1619.png,acceptable variation,False,f374ce76382786bb59a1e8560fc55f65cdc81981a8e8bbbed88325c02e0f94d7
W1709,W1709.png,acceptable variation,False,65f11976a9d931960ee5b6821e21d089e0ae39dae364399981732a3f72fbb321
W1527,W1527.png,true failure,True,14cdab8a5631a962aa0d6a7451c111d7d5a93e83faae7b35897a1b1c06a49877
WWN10767,WWN10767.png,approved,False,1c17b19f25f8e82d7a904ecd474a647ffb35f2fd6c102404be644a6b3e186207
WWNL4.512.4.81.2,WWNL4.512.4.81.2.png,acceptable variation,False,6b26df4dffa51d188e2e622b8f11f2f2e590155a125ecd129db6da0f7301c41e
WWN10766,WWN10766.png,approved,False,445b06c6ce6fd965c11a580fff242f57730a124687fd9ccf22dfd29bc74082d6
WWNL4.812.4.11.2,WWNL4.812.4.11.2.png,approved,False,e9a6814e7ac042ac9a832f7fb61f52763f9567b2df455bed7b4db5f2b4f45d0e
WWNMWW06G000012,WWNMWW06G000012.png,acceptable variation,False,9df04b62ab68d8f4496b1809f8f07c56a3b4200a2e5e5a4d22b9b8d071a16048
WWNM038.431.11.061.00,WWNM038.431.11.061.00.png,approved,False,c02da0c386dbbcfecf9889dbc7a471368b51b1b7ceea966a3097ffc4db2bd1bf
WWNL3.370.4.87.6,WWNL3.370.4.87.6.png,acceptable variation,False,7b29bb4c54b18acd104d101000da8d633113cfc9456d841731dd99964361f8ad
WWNL2.387.0.87.6,WWNL2.387.0.87.6.png,acceptable variation,False,d255896e721c33fad0a2fff515f7c3712a9d2a719e645174b9b70f0988bbd71c
W1313,W1313.png,true failure,True,08509cab35d3c965cb58114a572c260eb19bd4961009058102b52d1143e87e45
W1683,W1683.png,acceptable variation,False,558fbd45bdd96d32542605c2985f2eaca0c0caf108d19eebc50b026cded8f26b
WWNH76719530,WWNH76719530.png,approved,False,46f8fd114a715f5ba7fe347e3a79a1cdc34816147be068633102070f3c4f6509
CRH70205140,CRH70205140.png,acceptable variation,False,2c8a7a2956dd672a418f0a15a86f501030b3ac10b807cda38b8f7bbfb8a96a9d
WWNL5.255.4.71.5,WWNL5.255.4.71.5.png,acceptable variation,False,7c90168d306d77d3c74c2e4fb11a61e80cb3295297bf0c27f6beecce1e81e3bb
WWNM0266291104100,WWNM0266291104100.png,approved,False,0b8b1f33a971236b61a3be824ef09beda6f368abcc11fa9c445378f28c35a97c
WWNL3.841.4.56.6,WWNL3.841.4.56.6.png,approved,False,1d05d26a44e23878b32d516874fcafa9493b80cbb50c76b0abfeae9564a5815f
W2238,W2238.png,acceptable variation,False,bd35d0305f436dde071312675553f6ac45d05426d20da38cf408bea5da72426d
W2283,W2283.png,true failure,True,b6a57c5762f50fd0ab7e72bacc4d9d4c44fcf848fb4dda210cf5d2d76c4c4f8a
WWNYA1264153,WWNYA1264153.png,acceptable variation,False,808408010159a5d5844c688f207b096fc567c92bbc2c969e19bc963c31ea0374
WWNR12160303,WWNR12160303.png,acceptable variation,False,30fcf0c47e1d6e431d039e466c0a90c4eaf89f4d98308597e57905625a0b690c
W2185,W2185.png,acceptable variation,False,53add7037abbe7f84e694f38b9f15277cae0d01fb74e24ee26ea63c4557fc573
W1427,W1427.png,true failure,True,3dcf81f16c1267b16ec25accea6cfa8161a4d181ad908a9bee17537f6d6a303f
WWNL4.827.4.92.2,WWNL4.827.4.92.2.png,acceptable variation,False,7ae19f1e91fa6c802731d544e084fa96ff014da5fa1b8cf6a28b84f7cf477971
W1580,W1580.png,approved,False,407dad368e474c044bbb612a4de64dc555c7899a0a6ac9179d19ed7f4523a0db
WL28,WL28.png,true failure,True,ba408558b4ef838608388293e6cec1f5f2574fef12ef465544cc4e5c5565d8c5
CRSFJ007P1,CRSFJ007P1.png,approved,False,3fc5555629c8a0b9c66708f7a62d761595193b28148d44add05870b15d2d4391
WW517,WW517.png,acceptable variation,False,933bd11afc629bfebda465a621daf4a14ac8b523980a924bf2895161333a4ede
WW828,WW828.png,acceptable variation,False,8936ac2c9d16cd090a92e62cb43cb3dfeaf21c6bd4ad76d4fda5ae0c767c458d
CRH76255810,CRH76255810.png,approved,False,c24082f0cae10a9a35b38fc7f0bb02b051c01b2e68610ef68114050d6e24ce3c
CRRE-AV0132L,CRRE-AV0132L.png,approved,False,1685d9cfeeb0cca78cb4d9d491f14fb39c4ed7e5c438fbc82871afd6f1774aac
WWNL4.709.4.88.6,WWNL4.709.4.88.6.png,acceptable variation,False,e748e41df7f9f659c76823476aa0f80605b5a42bafa06e64f9f3d0d8b5d46f3b
WL88,WL88.png,acceptable variation,False,30565169a7a9712a1ed6042459b64ba692bb09d425ca62c9748cdc668eab82d7
W2187,W2187.png,acceptable variation,False,4d9decf4c440b77bcb3e81df1f5b839430f6d212b9975ddbcab9cc310d77c53b
WWNSBR8A80.BT6261,WWNSBR8A80.BT6261.png,acceptable variation,False,f767d0d0920f92d778596f7138c5191ffb11d6c91e080ac2d897215b13de7a2b
WWN10382,WWN10382.png,approved,False,40e1b067f9f2a714131dd1e4cc3fed2cb0e6eae2d68a67563aab620478f13458
W1643,W1643.png,acceptable variation,False,241c542e44884d5c71b61e30b68ddea597d56c0f994f56a0719ed4242dd6276f
CRH24411142,CRH24411142.png,true failure,True,affc621bfa791a8d86a53dee1d738fd7d865924b7f3cce26aa2fcb6a61ae7f3a
CRH32215170,CRH32215170.png,acceptable variation,False,798c70bb4b2d0dfc19b7a101abea8f707a2bb345f0e9627152c57d0c32ce5b87
CRH82525160,CRH82525160.png,approved,False,3e809fda01effd00efe07f4fc35c59b120b2b756824549ce6723ed569ac1916c
CRH82505150,CRH82505150.png,approved,False,24699ac0929d2bcf145966e0bdea1a4f575edd628bea15b5ff20b03b47657067
CRH82505140,CRH82505140.png,acceptable variation,False,fbf8a7667de24c425340776a1fdcb8538fe0717467838f7b95c9aad6589a95fe
W1555,W1555.png,approved,False,cfb27f3c84d75e286f80fb061a5f9da3945fd0bdeac9f33cef113736d5e1c1f6
WWNM038.431.11.041.00,WWNM038.431.11.041.00.png,approved,False,9d22998ce6ee1322b1ed712140cd4107ce84da59b50a3a525550254dc66a752d
W1584,W1584.png,approved,False,31c1611a371cae3254fd6856d1c6bdf160dc946e7fde27b7732ac1f93fc3dc7c
W1612,W1612.png,acceptable variation,False,5eb458cc698221b3efeba193269b1a394ca58df599cd61230a6fd3681bde2686
W1685,W1685.png,acceptable variation,False,4e2aec9048b99ea255aeda292aeb4404a5c8e8f688b5fc64eac5fe621cd355bf
WWNM049.526.37.291.00,WWNM049.526.37.291.00.png,approved,False,f999cb5c18fc66c69583722c18477fc12d669bb166eab51368d9d1fd379e0b0e
W256,W256.png,true failure,True,ab9b79935b27ae4a5431b09d5ae4978117ca2e90f31ddbcb2e7ae1d15185658a
W1567,W1567.png,true failure,True,e9d5c7b6f3e3cc78a55c9b133baf2fc21b1e2c60dc0ba758cc61d10e051e4bdf
WWNH82555150,WWNH82555150.png,acceptable variation,False,de89ae2224f817adc05604dcc92a7ba28d6d3728c88fc18220c7ee1fa06512e0
W2242,W2242.png,acceptable variation,False,731cdb6b49a9774cb996989b0520f825ab87d62b073ea83c31f05072f544e39f
W2243,W2243.png,acceptable variation,False,92493782773299769cc282998871d15e4adace5b5a045b75ada83707f4fa59ba
W1633,W1633.png,acceptable variation,False,9847730e3043627cad87b773fe04edd504222520fa5774b2edc0e4359fadaa6d
CRH70205830,CRH70205830.png,approved,False,a4c5133bb1852f54c3752afda62a1e89d419335263b4aa25fd1df018d5bee083
WWNL5.767.4.73.0,WWNL5.767.4.73.0.png,acceptable variation,False,85196e195c472a51009c00776cfbd4899c73550ae21827c203d09c09c7d07aae
WWNM031.631.33.061.00,WWNM031.631.33.061.00.png,approved,False,67b9a3b953ff4ccb7b3aaef6f4460e56c9906a92e5a73336a7c0708c5cb8d854
W1537,W1537.png,approved,False,4039841c8d5a83f7607b20488099048722473a377fd9bb291373092308c355ae
W1429,W1429.png,acceptable variation,False,f1abfc54896cac8cac2d9189681026bb3596e283a2948f52171651b654245594
CRU886,CRU886.png,acceptable variation,False,60a862ae0c27eca0d97426feaecdeaa9b68cf7ddc64cbdea2ee573832287ff6b
CRGWG-2000-1A1,CRGWG-2000-1A1.png,acceptable variation,False,e4999679fd4ec4239aebb221d177832ede6163540e82c9a892b2756a70f3a9ec
CRH76305140,CRH76305140.png,approved,False,de6fc044fab957c239971b6c5f059810cfa0b9175aa25016bf8223637c9adc1e
CRH36215140,CRH36215140.png,acceptable variation,False,9bf60b143da1ce293f3eda3c6bd2c881071f87929880e93b8e49c314e3ce65b3
CRH64635140,CRH64635140.png,approved,False,a997eba7a42c941035c5cd895e6d5153ff0d5f9824d09eb05cf30bb0760d744e
CRH36205110,CRH36205110.png,acceptable variation,False,26e62f3990a6f9dd5fa0e4ce5a969f0570778c407916b87218466b6913f85210
CRH70315130,CRH70315130.png,acceptable variation,False,59ca24443c4e7381ba9f65254460e76e5bba25192c028a7bb8b12d5be538151d
CRH70225130,CRH70225130.png,acceptable variation,False,63eb499e15ce6d89f2d4177058709bc9d1b2c2e10dcf3fd6fe7bebd0e6ce9f56
CRH36205130,CRH36205130.png,acceptable variation,False,dba4af38c0c83b5f6a1db3f5e0e3961f12103339f44f8bc93233eb8988378716
CRH70545540,CRH70545540.png,approved,False,97da0c3166984a84be78db2126bb143500aca2e760caa3ad50a0168c0c57921a
CRH70215880,CRH70215880.png,approved,False,e34a4d829997634f076eacd32e4037cc7b2c1223e192e2a50ebfcd339170cf36
CRRE-AU0601B,CRRE-AU0601B.png,approved,False,48e1438917fc86f028023c8820639b38ada3590e34f1b6444186a002b202f3a3
WWNL4.825.4.52.0,WWNL4.825.4.52.0.png,approved,False,dd3360e9a111954ab42a445894e3e909014863051d8c2861b417a34cee9db551
WWNL8.116.4.71.6,WWNL8.116.4.71.6.png,approved,False,c089c10908fe4ae1173ad320158f34fccc9c719a1759ec3db918c5d31e3fa57b
W1642,W1642.png,approved,False,00cbdc4277ff0df46edf44a053140b0077dd5486c76335bdec74fa8298172fdf
CRH32515135,CRH32515135.png,approved,False,85302f03818c9da18638e22e9e5a09f95befbb12befe6e0223c54e3703afadb4
W1588,W1588.png,acceptable variation,False,52298b2f43562e0a0a9944ca49006a1d5713a84c5064a92c3d8d4e76d6154402
CRH69459510,CRH69459510.png,acceptable variation,False,027860d9f018893ec86c7e67ed2f698e5559a7748d3e54f9a77f866bcfbeba23
CRT127.407.11.041.01,CRT127.407.11.041.01.png,approved,False,24dfc0138725ce67db050cb5925a1a35c21794f9868d9f2b912e07d4f56b7c34
WW783,WW783.png,true failure,True,dc75c38d33cdcda67b6c5fa61b6b99a8cbbf483576c50b8ae64b18dd60b17f39
W2311,W2311.png,true failure,True,cb8471620b2ad8e7f1123c1cce77bee86c32d46640ef711f43b10aad76b85261
W2203,W2203.png,approved,False,1e883aae430d3b85a8f6d283ecb5644ac6ecbeeb23dab734e76a17ee09ea0273
W1546,W1546.png,true failure,True,792b7760b0247161d996b17e85d1b9ed5f864736c93b179f955a75373b4f0751
WW693,WW693.png,true failure,True,f5f4769bdb983b0f045641d392a33a7c3ea33d649ca761143201b732331f7c8d
W1676,W1676.png,acceptable variation,False,095ec10e6eb70e40bfa79b57e134bced938697ab2907a5f6fd7251aad4093e5a
W1686,W1686.png,acceptable variation,False,db03c6171e3e56b37ea96587c2cb681285f0c43f079865277506d56411d6dd02
WW705,WW705.png,acceptable variation,False,2e71965dc7a12149ee5d063ebe468213962f71fc4fd1bf1e71822ca2673cbba3
W2184,W2184.png,acceptable variation,False,44a97b609b2bb12ac33c81e362c98d8d696b892824542d7e91475baf546aadf1
WWNL4.918.4.11.2,WWNL4.918.4.11.2.png,acceptable variation,False,3dadfb9c95c38b4669151408a06c7d3f1b8bc0c62d53a306fcd6c7dfe80fcfe3
WWNL4.899.3.21.7,WWNL4.899.3.21.7.png,acceptable variation,False,3f4e439c9b44293160ee87563c25f3669c4e07d3ccd8e4562ffa96435512d465
W28,W28.png,true failure,True,0f780b3da85442508118c2289bab89440e6cba6bb1e49d61153ea1f2e6fc8f99
CRSPB467J1,CRSPB467J1.png,approved,False,cd14ccf47f69d6e30206456d9396e0ab117a2be3b85ecb47fb0766dc630a076d
CRSPB465J1,CRSPB465J1.png,acceptable variation,False,7a9a52ad90a207a98ded21658b86aaf97c05e80ad51bfad3f5415711dbc84c49
CRNB6026-56L,CRNB6026-56L.png,approved,False,6e05c510fbfccabcb7f8043de4ccca8afcd3c78d355ff264a4aa324a093320b4
WL89,WL89.png,true failure,True,910c5efad48d8d5848d895481f84c6433ac5ace1269d6a4e67e3448c0efac2ee
W1639,W1639.png,acceptable variation,False,6d4d93357c88f4c600e6a230fc8932ce418e7aebc2515d26a61d1552e054b554
W2202,W2202.png,approved,False,4a1abf30917c8e2cfc64a40c4994556a7b2c9d334d43bb6ad6c9697f5a3344dd
W2233,W2233.png,acceptable variation,False,1a953aaab042992fccd98c606ec09345271fd53ac87b87c14ad4940fcc3daf76
W2205,W2205.png,approved,False,b1f041c9d6356919e55d40cc7e3dca010b48c1de8f6de2f46ad772a092100b91
W234,W234.png,true failure,True,98b452f24ae3de730aea293ec11c1f974eccbe0eee59c4f1dbb49df0c04a0664
W2279,W2279.png,true failure,True,6616c3bb5a7b2d4d8d9963c513d0ab3e9aaddb594061578c3e9534f12815250e
W2206,W2206.png,acceptable variation,False,926e71490c0f66a65c47ee44698fae99985f7a75e50c6e45659c3282b4412fdd
W2278,W2278.png,acceptable variation,False,12257088d6e97c11e0fa2ee25f3f4c9f366628cdd18e33d99eef4c1bdd485ed5
W1647,W1647.png,acceptable variation,False,fac205dfcebbe67d48c74b0d01632e755d41dc0ea5f9d06efb7a00c3a412102f
W2245,W2245.png,acceptable variation,False,fed8b2b689ef0793065b855a55585deea32434ba7b924a4f1c0d357eaf90aa64
W1564,W1564.png,acceptable variation,False,5e2fb1306a57952f851b583a0f2208226b1847506de09a28b8ca99cdb16f98d2
W221,W221.png,acceptable variation,False,c64793bc900a439b087d5f9644bf7cb977395014f890e3e970aa97ec43c8ca17
W1679,W1679.png,acceptable variation,False,956ddc581e33370ecd01efd7e15755a59e75a53b1599b589720a724afaed544c
W2277,W2277.png,true failure,True,93a4746f033783d0a56e48df719fd8cdbd5c20dce3841ec670970e0a4a66f8fe
W2188,W2188.png,approved,False,91d48f53e4ae7755d2e624ed0e8ba6ed7ad6949ef1c6642ceae6f58221ad9382
W233,W233.png,true failure,True,b2680f09703cd887ed60c97b501023531fe5e6caef3fe598f9e46fa21c1daf5d
W1710,W1710.png,acceptable variation,False,c3cb8fed7c3356cae745907d9c70075d11943a18610c30709846a282fe27962c
W1680,W1680.png,approved,False,f1e2291066ba9019d11252512956abcd7f98bf3de6cb8c1b1f9c49b021830e64
W2192,W2192.png,acceptable variation,False,4fcdd487011e4fac42bafcbffd6b9baeea5ad9f2c32721cea4543704881fd1ba
WW826,WW826.png,true failure,True,35bce8ad828f0c842a848ca7e082e40b02af28f89d3387cd12f904777581be02
W1641,W1641.png,approved,False,aae18ade496cbfb8ecd1ffcd844598526164e1b0ac4a47f3526cf076348d1b79
W1630,W1630.png,acceptable variation,False,6a700631e0a2c8cca02ab276a3ba8a761608a6a7541bacc75b89549379bfbd30
WW793,WW793.png,true failure,True,c1bbe7861596045ded1d8391e8046cde3b5bf081ad1342b25ccbdf2450b0957b
W1569,W1569.png,acceptable variation,False,66c582d7d894370fea7702f7f36cf595446a105aef60403fab597d237879c8a8
W1570,W1570.png,acceptable variation,False,12ceb5061def39f39ce8fbf40fdcdefa10bb10865ab4d643c736fbe629efe397
W1611,W1611.png,approved,False,fa6df0aa29f3376b8a24533036afb465a6bf842c4f5f11efd6568b0e5d094cc2
W254,W254.png,acceptable variation,False,1a7e92ea5a280e1bc6053abdf03a20cbc495c0359c4bbf0ad76ff5cded1e51ac
W1702,W1702.png,acceptable variation,False,684bdb821984be0235a6a86f08f67129e70fd5b50d84b504fa6d357faa384a5e
W2228,W2228.png,acceptable variation,False,8510ed2cd461d5f2ba5d736ef3a34581fede569612d01bd379a0cfd171f96ea8
W1552,W1552.png,approved,False,242899322d6a1e9bf9ac3b858410f1cb0dabc5662b3adb0d64bd81f96bd9c942
W1674,W1674.png,approved,False,0c8ab1439fafe96252e6758f858e4bb6a4e9670260fcba98e2e8a1b470a771c7
W2276,W2276.png,acceptable variation,False,7862e85120f8b8e45cf5dd0c26e159946b3a5eb809fae1018c2a15af668c2c33
W1575,W1575.png,acceptable variation,False,96e3e826b7f2a8c2d6864d5606b67688a1d66c28314b4068836fff0419d090a8
W2190,W2190.png,acceptable variation,False,a188a465caba7e5e0190a46827571a5ec6d0e70fda1e826479f5c9924ce14a4c
W2189,W2189.png,acceptable variation,False,d8c208278769302b63b2f935d7bffeafd043a00980ebfd42f0426f8ce0cee008
W1576,W1576.png,acceptable variation,False,2341f4cf468074a91aa8ede3e83814011d5bf17ebb983da427beb89ace3a2f7a
W2312,W2312.png,true failure,True,e1e3ddf5af04f829cbb42b86d8a633b9ab4341e2c6505ebe63ce05c3d79e09c1
WW285,WW285.png,true failure,True,4cda6d646ea85a430d97b26e664047ed53e545c8ed5b837ddd7e46c41b1e9bcb
W1465,W1465.png,acceptable variation,False,5ae0595af987d3b13d6d982e1c39868e96716b337532ba977aeae0e495ee6fca
W2302,W2302.png,acceptable variation,False,2992c65a9e081eacc294ae770f78b63f18bdcc2fbb3b71fe0cc3a91c729ff0f2
W2301,W2301.png,acceptable variation,False,679ace6657b2e9e012be74d5f5cb1282d2429a9c7bcba43f0502249f6dff11a6
W2234,W2234.png,acceptable variation,False,730c0640d33857522cc29505f0a4f1e6d201c4f4df3a96aaa58a61d0585827d0
W2230,W2230.png,acceptable variation,False,95bde67135bc459de7624659c2058d5d693f565d992aade9228492aef7764f9b
W2275,W2275.png,acceptable variation,False,d2427af8c8163f31fa82a320821dedc046052c230b62559f993354b4572e8d6a
CRVIC241991,CRVIC241991.png,approved,False,315d1a4928dd09d482ef74bf4ed0e69dc6f37143dcf5892640d40622a65463cc
W2297,W2297.png,true failure,True,d16f7bbb393513a1224696ac4e059118d17c55df448ab9a8d0bc8477fb02e2cc
CRH38455731,CRH38455731.png,acceptable variation,False,bc9a5736b02dbb7b7a82c8e253a5e9c2b1a0ffc1a850f41d7523ad09867adad7
W1687,W1687.png,acceptable variation,False,2341cfa7d155125a0732a4e94483eeb3dbf57936414d20f796db65f47eede9b1
W1670,W1670.png,acceptable variation,False,d4f2af844cf9cd5c588fe0df91e5fbcde9df993bdb3f086f7a337f33312ccc51
CRJV2000-51L,CRJV2000-51L.png,acceptable variation,False,ae24b75e7a7032c396955ad54a60a5082b16908fc23e25b1b1a3532cd443f8dd
W1572,W1572.png,acceptable variation,False,cfef6547f0869c48c92cc6c99e1e3d36d6ec295fc65060802e05386a49741d77
W2183,W2183.png,acceptable variation,False,1e4bbbb2c80818efbf83be25ace10c802810b20402ce53965cd27571a8df4ca0
W1571,W1571.png,acceptable variation,False,4207ce9fd59aef826fe2f722aeba016f34e9c52067805be85b48543fbff84e6a
CRJV1007-07E,CRJV1007-07E.png,acceptable variation,False,7d9dde681d926d783b33dee560863222b3975c0885b78dab245beb1bcaf40170
CRNY0105-81E,CRNY0105-81E.png,acceptable variation,False,db6f0a2cdd9499330124db1d3536d66b41b88bec821ca51ba6a5353bcc709cf1
CRBN4026-09F,CRBN4026-09F.png,acceptable variation,False,9f926269553fa49e4cc8ee5bf82242ad8acc90d140a856139501d94814affb42
W241,W241.png,acceptable variation,False,b05d84d3acf7618bf657440d5fa1d3f75c5fc7187e3c2e591bd20f447a60e8ff
CRVIC241843,CRVIC241843.png,acceptable variation,False,b93323641b7a95993f65f5e2c2f1d079c186f6ca74ee30263ce3932cbe3a865e
CRJY0080-62E,CRJY0080-62E.png,true failure,True,f0981f94cd98549c2ceb3e5917424c5cb1d8a07d3273828ae522910d95792b0b
CRH907ATNV.-.MT,CRH907ATNV.-.MT.png,acceptable variation,False,205863e40fa47ca2fc41c8f9db31b0572e5fbb01a48a2cf74064ba45ed33a62a
CRH32455557,CRH32455557.png,acceptable variation,False,6c8173c40e585382fbe35227bfb41f4f241348af12400826c261d87f0be22163
CRRE-AU0307E00B,CRRE-AU0307E00B.png,approved,False,01bb603e61374760d5966c23f64cdbf788e146727464bb95194ebb790be75e9c
CRH901ATN.-.MT,CRH901ATN.-.MT.png,acceptable variation,False,16948a3de6d9914009217ad3af594ac3ffc57a1e76ddb73d0babff77198dd5d7
W2300,W2300.png,acceptable variation,False,db306252c32b524e34dc3c9314f82a6dbc65556b6948b3834d29902e5f2698e3
CRH32515535,CRH32515535.png,acceptable variation,False,e4a2cecb009b7859a62cf52a14e8ea3c264a21f4ba52db55ce385a4b0a75a2ad
CRJV1005-02W,CRJV1005-02W.png,acceptable variation,False,2c03ddd50d3c07f6ff6e656f3d1f8c4874c30a4de1bfe3fac241a20abbd6051c
CRT120.417.17.041.00,CRT120.417.17.041.00.png,acceptable variation,False,7d32435b0015bca2767a6e57b87adf588f247cf97bf09421de8e46b756fb82cc
CRVIC242009,CRVIC242009.png,approved,False,40a85abcb83867edf4fb759d6859a7ac579caa3548639aa5b7902892919243c3
CRVIC241978,CRVIC241978.png,approved,False,e2cfe61d06ad62d1e14b57c483142d662da7dc8741ab61691d701bd7f7f26c20
CRT149.417.22.051.01,CRT149.417.22.051.01.png,acceptable variation,False,7b34b8a4288b123ae37e59ecda02604bbacb6174528052a8ddf21bfbd75d97c9
CRBJ2167-03E,CRBJ2167-03E.png,acceptable variation,False,859f2ac4cd7b6aac8e4a0a3f75f56b67a7f7a6a69a281c0c106ae1f11fb5bdee
CRH32715531,CRH32715531.png,acceptable variation,False,bb03c492429dae58800d68f39ab7279c224aa7864fa4020d4990fee73ac343f1
CRT41.1.183.33~,CRT41.1.183.33~.png,acceptable variation,False,6b4fade75314065540871f421a4f9d73eab42a6b6de93d0d949926397050a44e
CRH32612735,CRH32612735.png,acceptable variation,False,2661213d90f0842080fe397e3a02bda4781446d653a05208209a8d2b5f4f48ea
CRH32612555,CRH32612555.png,acceptable variation,False,120c9be4e9d1d588d524866432a7d106d1be1aa49bf5c790a614ce5492b8615f
W2204,W2204.png,acceptable variation,False,7dd3e4d278623b9cee06b9b22cc09954b2481646791a13b038442392bcbf4ec3
CRJY8078-01L,CRJY8078-01L.png,acceptable variation,False,1e7a6664f956047ca30c90b376bb2c7062270bab92a315bb175f32b2fa195654
CRVIC241860,CRVIC241860.png,acceptable variation,False,025261f786311ec5e29729fa9ff775fcf0be1101e45c55428545d8dba69bbb97
CRVIC241946,CRVIC241946.png,acceptable variation,False,7f36fccedc9fbde9c39cbdff9f44e19917b70d0c50fd4e1917818655cbf75c20
W1628,W1628.png,acceptable variation,False,72ec00e77cf108f84f4d7aa9518ce814ded7485dbb9245e403eb5d7716bab518
CRJV2006-55H,CRJV2006-55H.png,acceptable variation,False,0fc689c14fdeaffb71aa1db5cfcd6ab59c6cd50071f3832d7cf302ffe44ed652
W1651,W1651.png,acceptable variation,False,4680939a36e67cb4cd31de527680fc8357a3575fd42bfa29104f14a527ca1932
W1671,W1671.png,acceptable variation,False,cbb29766f0233cfa5726f9585af6d879888c219354ac57a2d5032ffd914eb0d4
W1693,W1693.png,acceptable variation,False,7d534be2d6f42acb55414387df0b1e34df258bedb848c267813292b80e19dd3e
CRH64515337,CRH64515337.png,acceptable variation,False,afaae4da5fc82bc1c478b633708fd85028b3e3bf78658464ea7e68b0898f084c
CRRF74-SNE587,CRRF74-SNE587.png,approved,False,7bca7c0d4c3936e62005ce7a6578d48e46abc800ceee4b049a23450c67c7c72b
CRT120.410.22.051.01,CRT120.410.22.051.01.png,true failure,True,57ced7d9a97bbf6ac9b11438c2726a231d6629bfa71e3a4fbaea79a9e148108d
CRH82315931,CRH82315931.png,true failure,True,788ab821a9b868fb52b0cd79e72601ea6fb476a29e3393331e920758cea761c5
CRCB5004-59W,CRCB5004-59W.png,acceptable variation,False,ce7a1e8ce698f6d61d9a09ed26d49dd4a7ea9840f50a04fcb57d4c176f2d32d6
CRAT8300-58L,CRAT8300-58L.png,acceptable variation,False,0a8a4f92ec2866bbd35fe77a4fa782696dd7c5f22f20f47785973625e5da4934
W1578,W1578.png,acceptable variation,False,c61b438fc70ff76fccc5df1d8bab6007db2f187bbcc9f57b4aae0259d58c3ff0
CRH82305931,CRH82305931.png,true failure,True,72cb4d9f32a39919a9dbfc24a2f7308bea14bb49dfc5442b7610f576eadbde6a
CRJY8085-14H,CRJY8085-14H.png,acceptable variation,False,23e80090c49c9b1be1f4307ca1c296107dbf063a9b863975dfa9b3d985986e9e
WW820,WW820.png,acceptable variation,False,a6992a2c029bceb51425b2dbb8cb1bbde24c78076cbecced61b1eee2890f3a1d
CRH24251391,CRH24251391.png,true failure,True,b5d5c199d420e2f0b8e24b235043754166b57666fafc237a2a6565f02c41f5e5
CRH1810ATAN.-.MT,CRH1810ATAN.-.MT.png,acceptable variation,False,7d3ddfd6d79937b65419961b57bf071d921ff20d264be6f246817723b3d70eeb
W1573,W1573.png,acceptable variation,False,1963443a92b32b4df0a6c0cb0d344f29537ed34aa8b6f9513f3785bae67e65fc
CRJY8084-17H,CRJY8084-17H.png,acceptable variation,False,ec024a6b201ec9220a1df23fb61451ab84c2cff8b891579269a496435e8b3dba
CRJY8149-05E,CRJY8149-05E.png,true failure,True,8a44d716efeeb0548c7ee1ea42bd5c83cacfddeb30d68c13a92b67dc4ba4338a
CRVIC241861,CRVIC241861.png,acceptable variation,False,0576ad78344e1f3a3424a9151ab786a44acbe2723518e229d59203a8e70886e6
CRGPR-H1000-1,CRGPR-H1000-1.png,acceptable variation,False,47c0ed02523f50dcef0ca583e192219790061b06baf72bb21be40b65d0ce89fa
CRSDJ00001B0,CRSDJ00001B0.png,acceptable variation,False,158b3ccfde54548e8a8f0fb26568b733ac45570c097d69874bbaab32954b6299
WW627,WW627.png,acceptable variation,False,4a75df5f40c0264f430ef5f065ac7aa6da9bcaa4bc6bd8f78115b41e13d46d7d
CRT127.410.44.081.00~,CRT127.410.44.081.00~.png,acceptable variation,False,219fdbfc8a5e6ef8062895a85a62f01134b1eb0254d8b0c5866dc18758b8ca23
CRBN2037-11E,CRBN2037-11E.png,true failure,True,b4c63b65746926f891299b3fe047e6afe773973d9f8fabae33dee2ee56d2a21e
WW802,WW802.png,acceptable variation,False,87eb90240758fba2963b25dda0b1b65a6ed1e3963638d1b7dacb296d9ab4a8a5
W1654,W1654.png,acceptable variation,False,4643c54a5c39b0168a7532a89b247ec02bdac25ac790cbac6762bca667342361
CRH70365983,CRH70365983.png,acceptable variation,False,ad194a39f866364585bfbf59f71d9dd5461eee063364416be1a22b2f098b931a
CRH37451141,CRH37451141.png,acceptable variation,False,b743e540da56f0e51b7d8c3e66cf40ff74c83302bc03c7389d70bbe4e1fffcd1
CRXS.3001.H,CRXS.3001.H.png,acceptable variation,False,a988e3086320ba706dcf59204408bd836933e51d3be61056af2157a4f06f7529
W1554,W1554.png,acceptable variation,False,6ae09089b293d9980aa563c49c9e6adf8eca875eace82643e63b9457f3fdb297
W1606,W1606.png,acceptable variation,False,067ade60ce90ce4effd097ca36ea9e382053152f4f1df72aaeb79ec4a37c4a25
CRH76525751,CRH76525751.png,acceptable variation,False,8b8a070e0c0d8771af7b538cc73322b2b8a182d0ed7e44027950d4b4d3c70828
CRRF832SRH014P1,CRRF832SRH014P1.png,acceptable variation,False,4310d091cb8c102307105cfc71e38aa860aa3a3e16d24171a4ec19c6b0397110
CR97B223,CR97B223.png,acceptable variation,False,75fd30afa9d89ead415c7dcb5da4b9670eaa3dc561dfc3d83e73fdfed3e174c4
CRH77612133,CRH77612133.png,true failure,True,a1515381489d80b4f0d423380c645a0465a88d8004ba0b5c018fad9f1a99fc16
W240,W240.png,true failure,True,30c93472e82a6e57ae0af4bfc91703c1f9cfe1f22ff1031531ed9a94e0e11570
W1622,W1622.png,acceptable variation,False,127544324718837b937464b0d3c6987f5bfce0f80db6da2360e5c4d726215e16
W1586,W1586.png,acceptable variation,False,86be969160e8ce9884cdbacf69182095b036f2f6fb296ac87c31fa6c91d71f95
CRRE-AT0107S00B,CRRE-AT0107S00B.png,approved,False,723a572380f285329a08096aaaf51e418bd255bafc7a2663c7eac933ac04cd6b
W2274,W2274.png,true failure,True,ed67eba7b86c7051ef4ca0156819358ce23b38b510c4aa357fc0e910b544f0bc
CRBJ2105-51E,CRBJ2105-51E.png,true failure,True,bcb35ec089ea09ab165798090a12dcf92d4a74c31db65562630e6ddc355bd745
W1585,W1585.png,acceptable variation,False,3095df35b1f789a41ee29c0739b4a9e35f9c4dafc3c2ddc6660463afc4d04d4b
CRBY3006-53E,CRBY3006-53E.png,true failure,True,2e890aa5bc8b1b520b913350b07f3253a1d70ddc43fef9d936b39fbb429d22e4
CRT120.410.33.091.00,CRT120.410.33.091.00.png,acceptable variation,False,fce3d2c236f04566afc42441f150c8690e89ed678ba0df4f064cc221dccc0d20
CRH64515133,CRH64515133.png,acceptable variation,False,2738e37ae2658f359141b4d8877a44b3b055cf2dcf0f4818b851d00ef5207dc3
WW542,WW542.png,true failure,True,9d244e6f933118c35ed85f2ea312978f239dc25255f0afeccdf84dba0bb15123
W1667,W1667.png,acceptable variation,False,f57b0aa855ab8605a8d1b317d0b91e9ce21843ac7c000300128b314ff29d3b38
WW702,WW702.png,acceptable variation,False,5b6857a224d8cff33fa00d992054fba7bb7f2e2f8d3dd6c6dc65f1a5404749f9
W2273,W2273.png,acceptable variation,False,08ff76ebd62f5704784254e04eab4d1ab46ec4817c17887d688674386e730cf7
CRRF1050SUN065P1,CRRF1050SUN065P1.png,true failure,True,bab73a4d9b60ff05185bf57794dcd94123ac74ed6a640d861c7af93e47722865
W1553,W1553.png,approved,False,d218051d38eb7694c04c4c6a29016e50e0dcabc4a2b9175377f480df03bc710c
CRXS.3122,CRXS.3122.png,acceptable variation,False,b935b7df0d974678aa1cea352f4263e7d5103b0239cf53c5690d5389f1fd21e6
CRBJ8055-04X,CRBJ8055-04X.png,acceptable variation,False,40e7d1cd4887437fc6c53dcbdb4553a7317e239121aab80007312e09b201cdf1
CRXS.3590.NSF.SET,CRXS.3590.NSF.SET.png,true failure,True,d5783e1c73cf7c2e25e26b9ae15531fafa415a55371e67163a8f42f19347ba2b
CRVIC241897,CRVIC241897.png,acceptable variation,False,5190099372a61d701477edb7d928bb65a20c6a050c7229912ed832921db23064
CR96B251,CR96B251.png,true failure,True,33e3e898cc2b718a973e557852b5c91270db6beca75d24ca9274b3946e65c1c3
CRVIC241778,CRVIC241778.png,acceptable variation,False,d4351c97ed029c645b498a16484462dc260702e43fbc3a414aaec3327475794b
CRT116.617.22.091.00~,CRT116.617.22.091.00~.png,acceptable variation,False,dd1233b0c6bdec4b0dc6cf29a87d610b3675e09c50364c771fb39dbcb9d94a17
CRVIC241869,CRVIC241869.png,approved,False,c97d9c83203b992c05f547eed3a51db1fb6b2da7117626491632f437164f4950
CRBN1025-08L,CRBN1025-08L.png,acceptable variation,False,fc62f8c42a6165bbaced4894052cbf1f65a8fccd677b021a9a74072736d76ff6
CRAS4050-51E,CRAS4050-51E.png,true failure,True,6bd90473d73d1c116b089fe5fdccb2a174ea2b6c22eee50b1cd52fc1afb390d4
W2272,W2272.png,acceptable variation,False,174b8d0dfb94bb8c4e9b5e3b16391ff5f3e7dbfbb502922746c4dce6a5074b1c
W1708,W1708.png,acceptable variation,False,9b7b6711829989d0b2ca36a02b032b68f5a000967b47db6556c3f820f24f1890
W2307,W2307.png,acceptable variation,False,ed4eea3a35511436838e3ab7d067ff7667cb960ec1c61e37b27d25968878b7a7
CRXS.3141,CRXS.3141.png,acceptable variation,False,a59a904e4464c54e59b00f8a6121aea8da75c5d559480df543d449fa34bc9136
WW268,WW268.png,true failure,True,d4ed4f945e0446147adbca2fb80eb813b87d73556fa22a4064c7966c86c1d772
CRBN0156-56E,CRBN0156-56E.png,acceptable variation,False,1d12f3f243da267227c6c97166dc90fb801bcdb54a954342c517c7d7664c0ce7
CRCB5009-55E,CRCB5009-55E.png,true failure,True,a4486c027fca1ffb433471780bf3c4795fb4942af6b70d52d2aeb17963421a8f
W2299,W2299.png,acceptable variation,False,8300a88127538d70152985ec21b596ef131bf6985619155bd2629a368fa29d97
CRVIC242007,CRVIC242007.png,acceptable variation,False,f04717d2c9f6f607d688580dbb4267e69ed575d143d88f76af654a7733708551
CRVIC241934,CRVIC241934.png,acceptable variation,False,77f475901143a1110340019b3329e3b6579f81e4d7a601ac2fec4cd773b737bf
CRVIC242014,CRVIC242014.png,approved,False,a6b7e6247e7671173475b8b37c0730b186c6ea8348200e3f001fc9a23fee09d8
CRCB5925-82X,CRCB5925-82X.png,true failure,True,888127026363badacab20de0253be866e64925c0bf9c9f865bbff9c9ac7d1549
CR96B439,CR96B439.png,acceptable variation,False,f94e23a235b40da61ed9c21306431ae764b331970fb99af9d36c3567317c68ec
CRVIC241733,CRVIC241733.png,acceptable variation,False,d4073734edd02179969d86eb2f9f9b19aa4a84ae22909585bfe5f3111513173c
WW600,WW600.png,true failure,True,1795ab9c8948b2890d649fe5aa40a55a42fe3b0fe78793a2b6971e5d11c4ab07
CRT149.417.11.041.00,CRT149.417.11.041.00.png,acceptable variation,False,738b24623eeb3c5cccff35a7da5aadfd5776013ef6e31586cee1902649bdfa65
CRSDJ00002W0,CRSDJ00002W0.png,acceptable variation,False,8f4eeffd7e1012eb50630b755d06b77eb2c552ec5047a813e4b6b87b3c396341
CRT120.210.22.051.01,CRT120.210.22.051.01.png,true failure,True,5b94159ba78e477c51cf2772dea62a8ae9d4d6cbf0c91ed02eb05ad1667a5555
CRRE-AU0304L00B,CRRE-AU0304L00B.png,approved,False,02e0c5acda11da4b354017ddc620862ef81dc8ede3cd11aeadf1027fee6cf42f
CRGM-B2100BD-1A,CRGM-B2100BD-1A.png,acceptable variation,False,1ea849313954214bd2ae69389d5292aa66cf235110392dc3f1715d447db5b165
CRCB5860-86E,CRCB5860-86E.png,acceptable variation,False,6ac056fe2e3622ab4556f32a6984a82203c96943ff84718885239e050fc4cd2a
CRH12341555,CRH12341555.png,acceptable variation,False,9e711784feb793d6b579d9aef2aa31c8e22c2bac7ecccbcfb9efc3b31ffb525d
CRVIC242047,CRVIC242047.png,acceptable variation,False,c83873279ec235a701395aceff26d49547fb9ece963326bc038e52e58d94fb97
CRVIC241696,CRVIC241696.png,approved,False,89814109709b153a27d43629b4592b7542c46607aeaf2b020d61a853661f08a0
CRCB5848-57L,CRCB5848-57L.png,acceptable variation,False,f68ef84270a00b07a247143779876b9cc82ac7c8c3ae17f8873675c7af6572c0
CRH11411115,CRH11411115.png,true failure,True,5b8c4c5df2b53eff0141cd4a04f5fc3937547cd121fc5a4a31b6eee622bb2245
W1591,W1591.png,acceptable variation,False,fee4e2ae02ef4dbdb1162b5a08081ec89ee39df640542711666f7b2760067838
CRBJ8055-04E,CRBJ8055-04E.png,acceptable variation,False,4f2bb371553b91e17bf56ce77bc15316198c8be5ad8386832bdd8a95b5ffae97
W1558,W1558.png,acceptable variation,False,7576ac57d5235669c030e54fc54e7650644a428a31f14a987488a9ef6f4b46ef
CRRE-AU0303B00B,CRRE-AU0303B00B.png,approved,False,410917dcc212065ae86cdc77b8faf17fd793ad9b166b6b8fa506e284d2db4ef3
W2271,W2271.png,acceptable variation,False,bdd43638af74cf2b3e5caa954c9f48d0e9363618e2795e0bfb0d21e326ac1a9a
W1560,W1560.png,acceptable variation,False,fcf35a37fce06fb01d51537a459fda72494f983b22cafb5ada8bcfc33614f485
W2270,W2270.png,acceptable variation,False,1b799a0aea30392a6969d91fa055f3993f1ef3845d87a715adeb881369bff17c
CRXA.6442.H,CRXA.6442.H.png,acceptable variation,False,db8c38d6bed24e8b8cccea620be4edfbda80e5dcb0bc1c2cae15c0b09dd4a172
CRJR3034-59E,CRJR3034-59E.png,acceptable variation,False,2b846350bf2e778a22993d1620c593d460bf119c3edba3a91692b8668af7fc7d
CRBN2038-01L,CRBN2038-01L.png,acceptable variation,False,b8474a4ba908793b177ded44a4ce2a2c9811304992c47515437d967cbca44e09
CRH64455933,CRH64455933.png,true failure,True,a6d41007db0bcd1f746ffc7b3ad8637eb81bfb73ae9fb3b539a939c0db558380
CRRA-AC0L07L00B,CRRA-AC0L07L00B.png,acceptable variation,False,cb968b6ce9da38a49503ca442cc51d310088f2a4b2d1ba453f8c522a2fc53600
CRVIC241844,CRVIC241844.png,acceptable variation,False,487804f982f8f434c255bb45c110df101fbb04140464143e3dc0d3b36460d8ee
W2191,W2191.png,acceptable variation,False,f5a41c72e9791e261383eeb819ccea62362d9e76b3e579dd275f889c5912f37d
W1690,W1690.png,acceptable variation,False,0ed287869fd73d876b9712c30550261511602d38d17975cd318ac3e7489312cc
W1598,W1598.png,acceptable variation,False,7388eb4b5a9f97f9d414fe547f692c96db4343a6c64c8c8946745fd3b67047ea
CRRF454SSA421J1,CRRF454SSA421J1.png,true failure,True,7468a8427bbf477c66baba1af30696c3cb1fdcf10149ff873b516001c8942474
CRBN1024-01E,CRBN1024-01E.png,true failure,True,8ef5025c5734a379a6c846620268e621b253b32865a1ff57351ddfaa12894197
W1562,W1562.png,approved,False,830bca2c33e856a07a685dd144e36783b0784a1dfa5bb8d1b9d9859517de701f
W1650,W1650.png,approved,False,63faae4ba16679b815cd840009e07b042b0baf1442a84a18635287dff4cb30a2
W1692,W1692.png,acceptable variation,False,a0ae5ca72f9e88c9c22d678d2a1903bcf94c948892cd5b267e7898918c1b4f38
CRRF1577SRPG57K1,CRRF1577SRPG57K1.png,acceptable variation,False,f8858a351ed00cba69297a17d63a2212a2a898f18609d8bbea865bc4f343b290
CRVIC241787,CRVIC241787.png,approved,False,7010d7d1fa576e36b9169dcba30ca3099ff66d20f9cd8380ecba76cbd4651ee0
CRH64511133,CRH64511133.png,acceptable variation,False,c60f5ad57da9347b3d6a7a9b8003a1c1cc29eb33f237d6bc511e65232562ae26
CRXB.3717,CRXB.3717.png,acceptable variation,False,5e551d217d2686b28a683d7646fb1ea5a323bc63e530020838681f28eb9c45cd
CR96B401,CR96B401.png,acceptable variation,False,2d1182968c508ee1514976c4372b07bc8901cfa97935cfe32c3efe2f27e5387d
W1703,W1703.png,acceptable variation,False,5133a47a39d52cb14c4f84f42654629f6f85b404c207fe1e3e0f3a34f5e6dee7
CRRF375SNP089P1,CRRF375SNP089P1.png,acceptable variation,False,8a7766bbf7674b524455bd6b2126808987d64ae7d9ef6ee0b5c516e43892b208
CRVIC241928,CRVIC241928.png,acceptable variation,False,b41bd8fd03eff9a2af842fed62f7f333627a8f2cd532bd1f3426e0353223548f
CRRF421SRPF77K1,CRRF421SRPF77K1.png,acceptable variation,False,d3e2c953642fd58e7e3aa27382cad2d9793f92fed5dab1617e2fdcb4e6fd567b
CRCB5037-17X,CRCB5037-17X.png,true failure,True,003545ee46edd215e11031a87b9f9119270a5ff682a0d794deda57e67a578c5f
CR96B433,CR96B433.png,acceptable variation,False,d2d1b7362a41ce82727057215f6afcedb5d0c1c7779af4d78013d39f8daaaf07
CRXS.3581.BO,CRXS.3581.BO.png,acceptable variation,False,b97719def14c91627d7cf226f3cf7b414ff8c3d505ab82e82564ea6ef56bbbe2
W1599,W1599.png,acceptable variation,False,04dda944ff0ff7876a1f721d98a8f6668d61643561d0b2be1590e73e3e2f727f
W1704,W1704.png,acceptable variation,False,2e905a6864514070f01a93ee8d058e874ff291bb4b3a141eb9568380684a899f
CRSEL09004W0,CRSEL09004W0.png,true failure,True,23fbdfdf3f96f32efdbf14c7ad0f31e7c0f6d3cad7ccf477cdd3f7e72a32627b
CRMA9004-21E,CRMA9004-21E.png,acceptable variation,False,b6374fec6fbde209ce774ae805526d48d45fa0a9803874e1498714e92d3f689a
CR98A227,CR98A227.png,acceptable variation,False,43781a7d0c602be0e9b16b85e42a9bd2f4d7289c89885a7a4cd5984be56c16ac
CRH11221550,CRH11221550.png,true failure,True,921e940c4cad1e917347db01299649f4c2b030674f1ed061377966fc087cbff9
W1565,W1565.png,acceptable variation,False,1ea9ec6cd8fc9d7e142c3761554d812361e270f494fc6a469ce3205dddff36e4
CRT137.410.11.421.00,CRT137.410.11.421.00.png,acceptable variation,False,f9c1a2a53e03d4270fd3c5d68c246313e041d236741d865e01d7a1a2decb5d1b
CRH76512133,CRH76512133.png,true failure,True,7644639bd3acce111396d86c853ef838a1537c03455ea57c07a0d967d13fc2d5
CRXS.3124M,CRXS.3124M.png,acceptable variation,False,337fc9a59701705ef5d21afb14bc695a345f8b02ed1ff03ab2e8e6e3853a5591
W1631,W1631.png,acceptable variation,False,0f5112024f2262056ae6ad3fa90f5607a3a8ec47cc26c328798b1990d2bf649f
W1561,W1561.png,approved,False,7635dc992227289b8e62b1a33076fb068733cd715e5881ef1538de497e490085
W2269,W2269.png,acceptable variation,False,e1ab8b9b0d0a98824bac731713881d50e98419893b28f5cf4641f1392be1b4c4
CRXS.3251.CB,CRXS.3251.CB.png,acceptable variation,False,d1be88a5ff22b7d607803d1c2900073440893c4f6a66e62abd0b3a4bfff8de25
CRBN2036-14E,CRBN2036-14E.png,true failure,True,bf87cca389ede2eed2474acc007a4e29d48a678234907040ba841a0ea0bea4a2
CRVIC241855,CRVIC241855.png,approved,False,34e3bc62ac55204d329e71c81d63caae096506b9bed1d7b830dfb1603d1c9803
CRRA-AA0823L,CRRA-AA0823L.png,true failure,True,833b78c106b87106438239ca9fac15b4f09ce0041e274c3457d91234e2b51565
CRRF51-SSC783P1,CRRF51-SSC783P1.png,acceptable variation,False,8169b7c6e115569d1cfd0ff728d92fbc458877946e46f7f42b79200540029b4d
CRT150.210.11.041.00,CRT150.210.11.041.00.png,acceptable variation,False,8c134c2313630c15f30e75c1dd1b7ad2f10cca4522b4a671e1cefe7a5df57878
CRXL.1977,CRXL.1977.png,acceptable variation,False,fe05ed030a16b94f8640aba6b44608807bd6242e6ac864897fd507cee46340b7
CRVIC241756,CRVIC241756.png,approved,False,d876ac81a1b97850b8cd4ca5bd8cb4cad8e347f45d5ea8a17648e25145c6a5e9
W2261,W2261.png,acceptable variation,False,29b0571f25e6e38fd87f46b4e6c872c603f8619e3256c3baf41464667337541b
W2262,W2262.png,acceptable variation,False,b157c104eec6a6d1065e990052035947b4a61533065518e7654586c1cc513226
CRH32451641,CRH32451641.png,acceptable variation,False,55705ab1a0640b9c921e3defcbc8f7db396aaf5ab3dc946822fddd4e0a01f66f
CRXL.1961,CRXL.1961.png,acceptable variation,False,8c199602cd0fe15a6db6fbe4c1984e2cf7854d2c20d48eabc8824c22b3ee5d56
W2265,W2265.png,acceptable variation,False,e5baee6859aa9e3174cf1dd57146ae935a3833759486e06abe490de9b53da536
CRSDK05003W,CRSDK05003W.png,true failure,True,d99e8d29056125caf4be0181751f00bc311e96eb1e196993fdeab626b9b36079
CRH68411133,CRH68411133.png,acceptable variation,False,15d40b5aec49de63936de14af3b1e4cb12d413962679bb23628b410ad22874c3
CRJR3080-51L,CRJR3080-51L.png,acceptable variation,False,93ebd32e74b8010e5e27a3db784e9d1b221e2bde1da72cdfe3eeb1be5f130b19
CRH32451731,CRH32451731.png,acceptable variation,False,72b10532421c46b561a8e16b6956ce4c379a33872d28eaed83eb5b9805d99a73
CRRF470SNA411P1,CRRF470SNA411P1.png,acceptable variation,False,8b5102fedea64e6cb3767ee9ae689cd6cb7ff7d1b0109e67e3bd55f4cd84f4eb
CR96A225,CR96A225.png,acceptable variation,False,ea54a4c7dcb9ccdc211ed95f486d623989ff81ab2646227b6b1caf6c560bb174
CRBJ8057-17X,CRBJ8057-17X.png,acceptable variation,False,9c6e622f3c6732e6bacb1d1b3227799d8d26b1c917be3f7d992e2eecc45755f0
CRXS.3581,CRXS.3581.png,true failure,True,766a7ece6d107886fdcd5adff74af7799ad6e5cf1225728e5a4d5cdb45695a67
CRRA-AC0L02R00B,CRRA-AC0L02R00B.png,acceptable variation,False,57ba76ff4061755eb8e5382350c86c5f049385cce07d36d4e8fbd6e4eef22d13
CRH64611555,CRH64611555.png,acceptable variation,False,f0a1cb02c61f8f24d9a8c34e5594c7557ce02ec0dfcbf181f1bd7080bf62a837
W1646,W1646.png,acceptable variation,False,6514b012177c9f95b0df1a9a6017f91f81179429bc009cb1fa4a1d716d1d8bad
W2268,W2268.png,acceptable variation,False,77e734513c58e9731c331872ba1532651b5a07767fefe3e500b28d6f46506181
W1592,W1592.png,acceptable variation,False,f030c8f28f38f2a80c274545d5d8cefcdb962133485b82da708612960f42a934
W2259,W2259.png,acceptable variation,False,4743e14ba384e88b1c927f319a6a7ef89d0ee7375fd7a11b721febf5943e0f23
W2260,W2260.png,acceptable variation,False,241c176d12d685beba803b006c51034ff8d92b58eba0c1973ea1af85c6205bbf
W2249,W2249.png,acceptable variation,False,69b9dbd79edf3c917c3461fe0b7b7890a91423f559a1126f0905cedd88705a15
CRXS.3253.CB,CRXS.3253.CB.png,acceptable variation,False,b17806bf64790080ba212dcc64dbe1e57471305f9995b529cbabafadcf8ea848
CRSRP839J1,CRSRP839J1.png,acceptable variation,False,bb77252559f6d98c561b7fc9af16f616ed4ae17d9f3830c3e42ff22f11139b2f
W1678,W1678.png,acceptable variation,False,76a5d735d6daf8d52eac8a5fd3b59b998d255198787f01d0f3c496c7a4475a52
CRAL0000-04E,CRAL0000-04E.png,acceptable variation,False,5925f2265cf02d0312aaece26129e706730cefd81bd50f061d28dc4627631595
W2258,W2258.png,acceptable variation,False,036382914349d19c240a428c7414bd2df549b591d9fce815d51c68b248521eb4
W2310,W2310.png,acceptable variation,False,a9da81115adba1fe404521dbf68ddad6eb0e37e891259dd6e85059cef49f789a
W1645,W1645.png,acceptable variation,False,ec74d4f67f4a328f5ff1582693f1a9b072bdb17aefc401c13618e73faa5154e3
CRH43311985,CRH43311985.png,acceptable variation,False,921869b38f04e25d76ecad22c4f7212149e07a2bba2583f4ed6ac09c46df9f32
CRT137.210.11.111.00,CRT137.210.11.111.00.png,acceptable variation,False,aa0baeb7b00ec9a988ea2c4e84e5f93458946aac85c81d63fafe89ed455a1694
CRRF572SRPB46J1,CRRF572SRPB46J1.png,acceptable variation,False,a2713854ff6f71cd882bfaa0899c0b546bc364217f412c94700a9c15c27deb4f
CRPRW-61D-2,CRPRW-61D-2.png,acceptable variation,False,6ca81bae212fd91c8c1ae9a9eac2264170dc1ddc80e373dfabf4d6d6043d5b90
CRVIC241916,CRVIC241916.png,true failure,True,e107767b1e6186f76e286bac3d4a672bba1432f108d74842afc76249540eb17f
CRJR4065-09E,CRJR4065-09E.png,true failure,True,16bdd1b8562df05bfcbd7c0f6143ab8b779a99f309b6bfa9c6579e27d155dc78
CRBN4049-11E,CRBN4049-11E.png,true failure,True,78d24d389269032b0bb031cb7a59c090b84c42454ea5c30684471edbadb59229
CRCA4660-61A,CRCA4660-61A.png,acceptable variation,False,c7543d1215bf3e42518f080fde261955ac7576844d77fc3abd8db8a1e5ad739e
CRPRW-6900YB-3,CRPRW-6900YB-3.png,acceptable variation,False,02fad4836ffd7cee14709132e0b23353c841fa6623aba26a84d96c1a8b8f3950
CRH64451533,CRH64451533.png,acceptable variation,False,ef3f36841155f5ea169adbd6faea20bc4cf0aa832a41310d8b5cd43ffb65fc99
W2304,W2304.png,acceptable variation,False,57f36d278fab53dcb2750eea4644e6b65353232455b703d91b25bdd30690a34e
CRXS.3010.EVO.S,CRXS.3010.EVO.S.png,acceptable variation,False,70474c0b15fa4fb9a00a5d811077279a816ed9d872220704afc3d3f15117fbf0
CRXS.3013.EVO.S,CRXS.3013.EVO.S.png,acceptable variation,False,de69aa19cc09a2e6cf97224440c41ff4fa7ee42f245aaa500e0898f7fa2ef75f
CR98A304,CR98A304.png,true failure,True,077d70a7af701eefdcfbea35aa6f60701b92817f0d39b2f736e6aecc8249c39c
CRRA-AA0822L19B,CRRA-AA0822L19B.png,approved,False,b9ab80b9655bf585104c8212173e903f6b3b6233725fa1ebbdb65cd5cfc1805f
W1557,W1557.png,acceptable variation,False,0b883356b421b89cd3e6c2f859880019f2c365022ee0940c6714f88facaf46e2
W1649,W1649.png,acceptable variation,False,f93bdcca033e487ccc2e4f39dd63ca37aef0fc24b284c3a1caca7b07bf815d37
W1593,W1593.png,acceptable variation,False,32a56c31dd435000aecb027fd6f90b968d85ce12ab1959ab26ef0cf19b379b98
CRT127.410.11.051.00,CRT127.410.11.051.00.png,acceptable variation,False,d5ffeae92d26982db7dbe99145f375ac845bfcf814fb1c34ab68e7b999a51aaa
CR98A302,CR98A302.png,acceptable variation,False,af1e2acbd952974b9ad37fb644a5fc3868256235ce35b24c2a755a9dac8fabc7
CRVIC241871,CRVIC241871.png,approved,False,c5837272899b4e60520030556d55fbac027b3e391b5692200ddcee85ba4d59f4
CRBJ2127-16E,CRBJ2127-16E.png,true failure,True,b002917affe0ac5e8fde075e209e7b2f22f266bcee601a583652e9db0c1b2e05
CRNY0164-65X,CRNY0164-65X.png,acceptable variation,False,003c6502f820d8acefefddc7180868886f2925f16480086a3eb65722297828c3
CRSRPF24K1,CRSRPF24K1.png,true failure,True,3f375935cdfb80541840c2decbf0cff0c2ca7eefe8a6b1f2606afbc312c8c482
CRT129.210.11.053.00~,CRT129.210.11.053.00~.png,acceptable variation,False,1c2ce5921b9f17696f8cc7b68c76f7c4c0369a1fd3acdc5ef0830b787e9a0630
CRSRPK89K1,CRSRPK89K1.png,acceptable variation,False,7be82f79d34a6c3f5edd9e41cfd39a05ba78a9a91bba0aaa8cb8e903780f3c84
CRH43311735,CRH43311735.png,acceptable variation,False,fa09f5984603b5b0dd5481c6737796f753314bf405f228961a723548690b0704
CRJP1010-00W,CRJP1010-00W.png,acceptable variation,False,6c9ddfbf9e1806566ac2ff0f07906197a21d9ec6d69d44dbd1eeeabb84713836
CRH32451581,CRH32451581.png,acceptable variation,False,f8723fe440629efe79606e93b12f4f37278008dbfd4c95be02fe1fa1f79f9a41
CRSRPF67K1,CRSRPF67K1.png,true failure,True,afe8c68a307cf2acaeabf5a5d139c9eb63adaff11d98bb2851e2a194982e86d2
CRVIC241846,CRVIC241846.png,acceptable variation,False,d4fea7434465666aab0a7831bb36914f035fa0f494326b4719884a24629babaa
W1597,W1597.png,acceptable variation,False,fcc0ba8f907d27a22be8944a8470a8c631e0a526515717785cba091a16993f64
CRRA-AA0007A09B,CRRA-AA0007A09B.png,acceptable variation,False,560730d771fe4ea58bfe39a8cfe34ada2d104fb06ba2ca41e14577b9cf3e199a
CRH64451133,CRH64451133.png,acceptable variation,False,014078a1949488477f999592505c20d91308719ccd663f2e2eff3ec1be13891d
W1601,W1601.png,acceptable variation,False,71e838724b09b976450971d878900f0cdd2b5aa4c6463ab7cbf5fa633c37f539
CRNY0160-66E,CRNY0160-66E.png,acceptable variation,False,79904d0e4cb96e370e52b51f578059f757b6d3a2a4fb42c03407eb618fc628f1
CRXS.3601.BO.NSF,CRXS.3601.BO.NSF.png,acceptable variation,False,acaffc6b11a2dc4a31cd78aa5873510be13da7d70fab456d0aecfe602125a869
CRXA.9521,CRXA.9521.png,acceptable variation,False,d12eb8b433d12cecf4e157e34579e7fb0410787b036f63a63a2f25456d93ab89
W2244,W2244.png,acceptable variation,False,a516481cb4614ff9dadc225bc366fc7f21a129f0eaeeae4a0bb5415096146402
CR96B472,CR96B472.png,acceptable variation,False,7e58fa7b9d31c199cbd2c377aa27f2163bd194762d0d4897baecebf9616464ae
CRJV0007-02E,CRJV0007-02E.png,approved,False,f3cf42709426fb4d8c410020717910135e3251938f4d4560e79310519c03d271
CRH38411580,CRH38411580.png,acceptable variation,False,7fd5e1cc248f7129d3cf2b2383d483f663d47b957e962af5dafde3e156c1e41b
CRRA-AA0821S19B,CRRA-AA0821S19B.png,approved,False,a66549feb69599397093be54613ae3201120ba13f85386ac9da30e0a967aaffd
CRJP2000-67L,CRJP2000-67L.png,acceptable variation,False,3bb9ee93b67194453f11d47fc3f0dd6a55359d2581b8f3ad450f6ffadb988ab5
W2267,W2267.png,acceptable variation,False,e154b61a4a645ab76a5b80dc12b96373065ede3af254685794dac4706a7427fc
W2266,W2266.png,acceptable variation,False,49dcb1875816eb04f011de241922ec89f4b5d2a280b41bdf176f59b6b4aad9b8
CRNY0129-58L,CRNY0129-58L.png,acceptable variation,False,a3067cf7be611816b803d68fe43525ee0a514284f0de92847041ace9717a7f44
CRRA-AA0813R19B,CRRA-AA0813R19B.png,approved,False,8a9a466d193cb23eab438e58ff8e09af02d69d767ce7c293673e6e787d89769a
CRSRPK13K1,CRSRPK13K1.png,acceptable variation,False,b3249cf87191e90170b0612e575d4fcc9fb0465c463a0955725e58c1038279f3
W1673,W1673.png,acceptable variation,False,3295fd34e73c60404a2799a07d88144fc42d3f34520d0558da75a61936be2e8a
CRRA-AA0003R19B,CRRA-AA0003R19B.png,acceptable variation,False,7f2c45d6af41763b7768086d1ead04dde468f50134c932b942cc4c9a34df34ed
W2257,W2257.png,acceptable variation,False,3f8d34603857e2f4f49b87ce933fa76fc07e6f8cb91c9d8cd599a523b705265c
CREL05004W,CREL05004W.png,acceptable variation,False,7a6ddb5c2ebec29a3e1192dc30a22e53585765544b645ce3d0271f152c76456e
CR97A182,CR97A182.png,acceptable variation,False,0caa15e4a21eb46ca4ce385217088d7261018ff6618e084d3195a3e27a57578a
CRH68311133,CRH68311133.png,acceptable variation,False,837846784b252f4bade7fd3b8fb7e56cbdc55fc132497a5d6731c938a91150e3
CR98A283,CR98A283.png,true failure,True,8ee2b87343abeda52caefe1ca3c79871f27f4cefaa20d1bca75e3449d41bcff0
CRCB5034-91W,CRCB5034-91W.png,true failure,True,88ce137ae136bd9ac4d3ac3075d857a11faf214a292505d5296b74d9b0d185ea
W1600,W1600.png,acceptable variation,False,f1a0877485d356772187e35627ef192be79390fbf3ff48088fac2b2ad0a6bcbb
W1616,W1616.png,acceptable variation,False,d68166ed8f969ae78d2b389a0f20e230ca342458c8d4876887f8612658e6861e
CR98B432,CR98B432.png,acceptable variation,False,bd61e572f37d641b66657d833103ea4ccd4b6177798cbdda5c9b5f0e57edbbcf
CRRE-ND0014L00B,CRRE-ND0014L00B.png,acceptable variation,False,2a06df4d2af9c4728a2ac7052509f835b88ff4103fd2b5613c3a5e1b151855a2
CRPRW-6900YL-5,CRPRW-6900YL-5.png,acceptable variation,False,78164826469ae95e9c8a71765bb2ace99366dd248fdf12160e7760eb004629f4
CRSDA02002W,CRSDA02002W.png,true failure,True,4650a773f75ece550223b5dc15e80e5be0ae064cf69670ef74d9f1071ba02386
CRPRW-6900Y-1,CRPRW-6900Y-1.png,acceptable variation,False,5160a5fc77211aa6ca9a1fed3af6bb6bc9edb7a61d5ff64a6648d57ae53f1fb1
CRVIC241930,CRVIC241930.png,acceptable variation,False,0fb4d68d4e63ceb97b6779456f2d565ced211c865ca783e3846b4f208030d8f8
CRBJ8058-06L,CRBJ8058-06L.png,acceptable variation,False,f1b64e73637b7f2e1e7f18e5b17c7b099b353f228231997f609c0b2250688986
CRH82201931,CRH82201931.png,true failure,True,43814e7e4670a80557415586804c71dab7ec0e6b7fff4d5a11df9af8f32ec755
CRT122.210.16.033.00~,CRT122.210.16.033.00~.png,acceptable variation,False,366e595cc6681a4c043279ec667c742194d9c2cbbd7ce621c091c194d10c7eba
CRH32261197,CRH32261197.png,acceptable variation,False,24da1306b28d9994aa42485924ef824260c3199cdbd63725da8929cfeb6d6c1d
CRH64511733,CRH64511733.png,approved,False,291c6d1b05e0ca3a98dd8cb857fbfcc608b537fcaf5cf8117bb1ae0584d4288e
W2295,W2295.png,true failure,True,4ab3ccbbe43a96c8c9f41521ce050455d36f726c8f274f00d60fcf58287d54e8
CRSRPK65K1,CRSRPK65K1.png,true failure,True,316d978cbe33bb84bf3cc30c5b384c76a574e529b5b7baf94d75f9f3cf3ed4cf
CRRA-AC0Q08S,CRRA-AC0Q08S.png,acceptable variation,False,889198ab88c8a957b22f1087c3cade40452ae1362f14c9704d03c5996ad0c75b
CRRA-AA0E02E19B,CRRA-AA0E02E19B.png,approved,False,c206ca6c57862fe0fb7033af6f293d3c72d3d5b38c2a33824b27fbb3dcedbcb9
CR96A187,CR96A187.png,acceptable variation,False,59e7d77100b069c28bdc326deff3f0f959ea2342c1bd9729022399fe84c11899
CR98A272,CR98A272.png,acceptable variation,False,79a9ffa4a499d80f2b9903c1d0f32efd5b380bf18b6551268f4326f36e06f795
CRJW0149-10L,CRJW0149-10L.png,approved,False,23c74b32f1892c89b3da1eef3e46ea2d7e03e8529f2e98dae68fb29d93de205d
CRXL.1971.SET,CRXL.1971.SET.png,acceptable variation,False,119beb2be6857fb21a7bb03643380d067fb9c3162751d03a07225bf04f9e7f61
CRRA-AC0Q12L,CRRA-AC0Q12L.png,acceptable variation,False,5e81d452fe0bd8e1d4469c649b3ffe26bdc346dbffe185b0408eccddda55359b
CRRA-AA0810N19B,CRRA-AA0810N19B.png,approved,False,6934e96e0f679465fdb86548e5201e54730d3e1110e8cf82c624b317f7541491
CRBN0167-50H,CRBN0167-50H.png,acceptable variation,False,f5240d4bdb0599a3ab97bcd155a7f3540f099cbe32f2c0dd4134db4b28221125
CR98B422,CR98B422.png,acceptable variation,False,43027ceb727526734cfda74ceab1eb6b57cb043a258dec1f07719fa618321292
CR98A224,CR98A224.png,acceptable variation,False,038d845e147c4891723419e1481479cca527b6b957eff37463e3b6b3e9eeea42
CRH32341975,CRH32341975.png,acceptable variation,False,1d1a7b87364ac0c1a010a871ecd2d464b04634983bc0eafba6060ab3baa4372e
CRRA-AA0004E19B,CRRA-AA0004E19B.png,acceptable variation,False,7ef320b5d0f8ff42c544837b8fdf77691a845091abb4e942faf95f32de87517f
CR98A179,CR98A179.png,acceptable variation,False,a630c3ff4d13fdd40c4feacfae1ca22e6dac2cdf35732fa8f80839bf1bb3524c
CRNY0168-64A,CRNY0168-64A.png,acceptable variation,False,f26ca394fef6bc40904392d05c93cb138844548d4d9e1275c048f2b3739ac09f
CRVIC241749,CRVIC241749.png,approved,False,72520e4f8c80ff780dd86b38903d2abcb4407f8f9afdf77eb11fed4c5f4c8e7f
CRVIC241904,CRVIC241904.png,acceptable variation,False,0d9dc39de2911beef00fe017dd29900e6b56980da0ca6940090eafc87a140c3c
CRT129.410.16.053.00~,CRT129.410.16.053.00~.png,true failure,True,b79d6767f4ae9ac38e18f83e7fcc1079f9796d9f85cae30fbc930d2916344ff1
CR96A208,CR96A208.png,acceptable variation,False,b696de7cf7e588dd161c55544d439ae879e0febc16d350b4ed0be5535d828593
CRRF733SRP837J1,CRRF733SRP837J1.png,approved,False,7fd3fc7bdde7ec6bc7958e170c0257e15794f5431396e59514b09acad941381a
CRVIC241474,CRVIC241474.png,acceptable variation,False,c5ceb86f291445c21c4fe119700f9a39a34a0b56335ef59be498b938245c6059
CRH38541513,CRH38541513.png,acceptable variation,False,0262fb302e1880a3743811e2b6062e75d4fccccb4e36476316d7c337ff9de55d
W2294,W2294.png,true failure,True,69120281a03602da742642cd0c79c1fec9df7cb873f259295063a62ab80fe5a5
W2287,W2287.png,true failure,True,e0a4e95dc8e5cceb812706a6a8dd98c6e4a94226898fdf4f4647582f7163efc7
W2293,W2293.png,true failure,True,2cc1d43195a3852fdc458bddb4ae0536f1bee645c75c52795e2054a7accbb357
CRSRPF23K1,CRSRPF23K1.png,true failure,True,135c39a85d64a99b689268cffe80b41644324d061cd3f5da1000944fd98a1d33
CR96B256,CR96B256.png,acceptable variation,False,1a73c6462a3eaf1f6dd920a7db5cafd70d37a5777dfefa64bdf194ca934404e6
CRRA-AA0812L19B,CRRA-AA0812L19B.png,acceptable variation,False,a15e80cb1d75d9da9bcfa69e771c316e32080171cd273d58d527f3fd45621ca2
CRBJ7006-56L,CRBJ7006-56L.png,acceptable variation,False,4ad4cbf1f02fd4ba21e93e96ad8b046833631aad5d1f99c7e10b154c1cd67ba7
CRRA-AC0K03L10B,CRRA-AC0K03L10B.png,approved,False,91f2456cc3c845a203d7035eb245d6f61ced83f9acc4f98551351f7f6898bd37
CRBJ7138-04E,CRBJ7138-04E.png,acceptable variation,False,96fd396096e9c3e8c5a4786f0ac2e20c44a7294895822c08849552b2a6a8a3f9
CRH68311533,CRH68311533.png,acceptable variation,False,a7a8cc9a3696b0a232b8a8746992280615b4d4fdcfd0ce3cd8937e62020c8149
CRRA-AA0815L19B,CRRA-AA0815L19B.png,approved,False,bd607a7aafab27459938b21c8f4be277bb9d99251e8f41f95c6a127c7dbbb7d8
CRRA-AA0E04Y09B,CRRA-AA0E04Y09B.png,acceptable variation,False,bec04e50abe9f7b36af0d956ae4e0b1a25445141fccf453567d1ea5ac22891f8
CRRA-AA0002L19B,CRRA-AA0002L19B.png,acceptable variation,False,1759e4201702f25f9733f248eab79d1cf1b197a0e083e2e08d5e44b936f09f95
CRBL5571-09L,CRBL5571-09L.png,acceptable variation,False,0f3af94335bff626a9690fffbdeefc71fbdda6f164993471be76542a7f7f2afd
CRPRW-61ANS-3,CRPRW-61ANS-3.png,acceptable variation,False,7cb1486d688297febe7021ecab330c321f5bafc9d17fa50ee5f100c77b4ae3e5
CRJP2000-08E,CRJP2000-08E.png,acceptable variation,False,281971ed8a6123670f56d8df5b65fcc032d3b87d6231bb4bb3bffb775c33f388
W2296,W2296.png,true failure,True,2d0562773681df67344d6a884cd19340f877e7be747f4b7c033f87d3ac9ae1fa
W2264,W2264.png,acceptable variation,False,e10a56c92c28b5598ef1814bab03d6544b28b11dd0ac20207353fb868e45eb93
W1610,W1610.png,acceptable variation,False,f6cd55d5e8f72069ce34cd22a69a0f3bb38c4cbc9cff4d00b9443ab0536f4801
CRBN0238-02L,CRBN0238-02L.png,acceptable variation,False,c750d4159087f958eb49374802ef42abbbf8bbcf84ae3cf288f5f39a06d908ee
W1551,W1551.png,acceptable variation,False,5a23bdde3f6509f95a5a8b3c648c6259ad4600053a56c4d5f07725ae76192978
W1672,W1672.png,approved,False,9c4bcfb96af8018f6332a1cbb1ec2eb71b67753357e7253af3ed89e047f779d3
W2263,W2263.png,acceptable variation,False,e032e13c2f0a5f8bc777c58411ed573a40a5b4dd0a75d5e54894e3aaa1ad28b2
W2256,W2256.png,acceptable variation,False,141b5136deac771810917169d4fabbe4cabfd197e21ca4cac2e5e70d61f28a8d
CRT150.210.11.041.01,CRT150.210.11.041.01.png,acceptable variation,False,9dfda79e9050e18cd313b3bba88af83267caf9b881cb436f64c1f0e02bc65ebd
CRCB5841-05E,CRCB5841-05E.png,acceptable variation,False,5cd83e76a5e40cc9a6ebc1ed898667adb0957896385aa606047cf9a5ecbb3315
CRRA-AA0814R19B,CRRA-AA0814R19B.png,acceptable variation,False,2eea7a3b37ff3c7536ad07f440a6a8958d8e2fe414c0d476fd2cdc153b636516
CRH32411555,CRH32411555.png,acceptable variation,False,5a5e7ff80ddc71edab15ee3b923817fd3190f70d88775881ad999e373b5e260e
CRJP1010-00L,CRJP1010-00L.png,acceptable variation,False,82e5ea88f61d0a0d8a5b593ae116ffd73423d448fe27cafc30136fe39aa46110
CR98A177,CR98A177.png,acceptable variation,False,3b9f48b7bfa3b53b1247252bf2e27e4cf8c4be9f8c6cb315c2ba7237dc4bbc64
CRU617,CRU617.png,acceptable variation,False,d4fea7434465666aab0a7831bb36914f035fa0f494326b4719884a24629babaa
CRAL0050-57L,CRAL0050-57L.png,acceptable variation,False,19908b8a64532389bcad1d41b035f3ae7a4104838562acd4bd85e3e6c6e40de5
W2292,W2292.png,true failure,True,a7e3a734a8682e55dc38b4ea43e58620d7db3da7114ffe540bc0ade3bccad105
CRAL0050-57A,CRAL0050-57A.png,acceptable variation,False,f8b54c6b5030cdcf0a3f1c7ac078a169e3c426d692e071396f7015bebdf1d90f
W2291,W2291.png,acceptable variation,False,a598c62a7c60aa74e587d73bc4c5d68a29109a473753fb7b0b773148005f96f0
CR97A138,CR97A138.png,acceptable variation,False,2a085650a15ce89b06bfe746b6d671ee9be2e90a66e97ce75d86e90bfed4d230
CRAL0050-57E,CRAL0050-57E.png,acceptable variation,False,c7c4a1965064b3d74b7c76db362a066ec127ad330f489652c0f5703671e9846e
CRT122.210.11.033.00~,CRT122.210.11.033.00~.png,true failure,True,d7f0824f314eb904f8a13fd1dc025d89e9759b7fd8fddd1e23110b63ea7442d6
CRH32441551,CRH32441551.png,acceptable variation,False,d51e1937a8a4384a900ba2a9f35092d908c9ec58e04c43a5750bf3153c14eba4
CRH32451181,CRH32451181.png,acceptable variation,False,b5f6d6827bff81209377f35bd1a5e1619cb1f9b7c0da4c835bd7ccf74415c798
CRVIC241856,CRVIC241856.png,acceptable variation,False,1e5b866b9d648f1d0313a490040ec502f39e9ca50490ba3760f5a494f013e732
CRPRW-61LD-3,CRPRW-61LD-3.png,acceptable variation,False,82f0bd40264f255aa082e41f2c7a8eb935a23b81e94d5d9674b59db04bb4bfe4
CRRA-AC0M16S,CRRA-AC0M16S.png,acceptable variation,False,bf7a30810f5ff5a84485d3b6a1f23802d89b9a0b6fbb52530c15b5d83da9f379
CRRA-AC0Q11E,CRRA-AC0Q11E.png,approved,False,7182c4f1a7c92cd07b5744df2fa06c74a12c8704947ea6a89768601552e448ef
CRRA-AC0Q09R,CRRA-AC0Q09R.png,approved,False,f856967f239ac337351c1b0d99b83bfd4408a01d0811d1f27d488290c250e0d9
CRRA-AC0Q10N,CRRA-AC0Q10N.png,approved,False,3a3cad8275e865dcae15bc90cd3d73f973251ef10dea47638a4f823cd84ae07c
CRH38411783,CRH38411783.png,acceptable variation,False,de94ed830d1938766d808962b7c5fe7f8c703ba20351f9ed91ee720d8918fbdd
CRRA-AA0820R19B,CRRA-AA0820R19B.png,approved,False,27cd00de86e4be8e4a2de99407830b60f5a81a31b58cdfec12f68d666acf46f9
CRGST-B400BB-1A,CRGST-B400BB-1A.png,acceptable variation,False,4664e6ec29acbd509232e2408623bb08328b82f4e073a8a0e36ad58ca11a06ee
CRVIC241698,CRVIC241698.png,acceptable variation,False,ce28aa868dfa925b9ca719d342b7320989f4f4abee527a120cea639e583ec462
CRVIC241848,CRVIC241848.png,acceptable variation,False,d5ba6008371d2eaa8ddbc1eb574ac1e6f2ead8f4ceb812ce267ba6123c6e1c94
CRJP2007-17W,CRJP2007-17W.png,acceptable variation,False,97a6b24597025ec5380ddc03a0282c483c5017d7f495525b620ed1329b0bbd8e
CRBN0159-15X,CRBN0159-15X.png,acceptable variation,False,2ed0a1691e4db61e49f86b9a40c5a3e06519c09fcffa874b6d46d0a9980d3c44
CRSSC359P1,CRSSC359P1.png,approved,False,c8634be1835afa23d9a63e570ab5d781d302c9e50e13ae2335ea37cab6d94bc2
CRRA-AC0Q01B10B,CRRA-AC0Q01B10B.png,approved,False,31503dec7847731519fa225ee5bbebd700ddda9b2a128f63189ccddcf934e5e4
CRVIC241847,CRVIC241847.png,true failure,True,3b1f9b9078f53423f25b348cb5e21a9ddeb465a3af2848db7dd9e94c1df89ea9
CRPRG-340T-7,CRPRG-340T-7.png,acceptable variation,False,532113a4c0492b7c325c19d7976422180f99de86158b9fe508a35d4f1b42edec
CRBN0195-54E,CRBN0195-54E.png,acceptable variation,False,5c8323cdb587bae1248edff285949297c117de8bd9c1f5bc8cc4f85022e183df
CREO2027-50Z,CREO2027-50Z.png,acceptable variation,False,9bf30afa35082556810e043c321b937d7048feab73eafb61df32700da835e411
CRZ76802,CRZ76802.png,acceptable variation,False,c207051402adcf9afd9c74a84356718571c8e3acdc235918db4cb1288e1de276
CRBJ2040-55E,CRBJ2040-55E.png,true failure,True,4df61611a9e2dcecb3f24f4ef3b523725c7876e459b458b2de6b712378f2a037
CRBJ7135-02E,CRBJ7135-02E.png,acceptable variation,False,8a09ba876ff5e9d0089277a5109b52e233a6049150af57dd82799fca2b896fa3
CR96A269,CR96A269.png,acceptable variation,False,89dfdd8b3ba4b0c3b17456d7df37f408bc494a2e658a1d168ffd92ded063573d
WW229,WW229.png,acceptable variation,False,452cde6c44501b0ce1e206efbe42dc9aa01a34cc79b136216a99b62370c2ad8b
CRGG-1000-1A3,CRGG-1000-1A3.png,true failure,True,df8e1bf5db23f419b26e4c5cae53b079788a037cb84b069afcddd206fb73bcbc
CRRA-AC0K05G00B,CRRA-AC0K05G00B.png,true failure,True,5bb97654d0c6a6fffb1f84743f334524e6ebb27d9258b4ef0c684fd4cf796c83
CR96A275,CR96A275.png,acceptable variation,False,9e1139cc38613b9cb913ea6271d0cfca6c1eca4a7700a8c15b509bbde7e1fdf7
CRRA-AC0009S10B,CRRA-AC0009S10B.png,approved,False,fad6d0b0b265c3fedd692ecb0df698a71381c176e64f94dd3101d1c0c3edbb09
CRNY0098-84E,CRNY0098-84E.png,acceptable variation,False,2a0fe5e804b89b5704a3cc6a3b9253c55f545f16f2cfdf22c35ac4bc2744eaff
CRRA-AG0028L10B,CRRA-AG0028L10B.png,acceptable variation,False,e274edee1864bd27677e5210e7b085b197b17eaafef2e31cb3e09301eeaa566d
CRNY0120-01E,CRNY0120-01E.png,approved,False,ecc31cd03f6fc1b482a73808396db844e95d3b06bf15e5c08df5de5e89d92b0a
CRRA-AC0008S10B,CRRA-AC0008S10B.png,acceptable variation,False,bcbb471edbc6efad3750b9c84f9a56a9ab054930f012ffff0d164f09f2aef88e
CRBX1010-53E,CRBX1010-53E.png,true failure,True,0328078c7d91a60700c24836b89d8d2157a6747411e44edb5901b2787421c02a
CRH68201193,CRH68201193.png,acceptable variation,False,8706021ec2f29da7eb0425309f17e7febc60d200f1ae967972eb224ed3c40a08
CRJP1060-01W,CRJP1060-01W.png,acceptable variation,False,1cce44b43835b6c33555984889d095ab9ef9bc486a62febc4b4e69c9ead143c5
CRXS.0333,CRXS.0333.png,acceptable variation,False,4a72475664b6c144a88d1a3a574f8b0b0b65f18de5e15bacbdc0a733db438698
CRBN0162-02X,CRBN0162-02X.png,acceptable variation,False,55abe87ff3252a42c999c0a418ebda6a8b659a3343eaa8104362229f7dcc6a3f
CRRA-AP0106S,CRRA-AP0106S.png,approved,False,1cd1970d309c1f891df51a0dc5e5c917582ecfb75461d63c674fc87ffcea2968
CRRA-WK0003G,CRRA-WK0003G.png,acceptable variation,False,436eb23c37bb47252539f65e2571acfc19ac150fc8d3a142da8d81e517697be2
CRRA-AS0101S10B,CRRA-AS0101S10B.png,acceptable variation,False,435d1758d4bd5434bbb288abb69f832e5ddf8f02679ab0d11bf43c4f45748d37
CRXS.0330,CRXS.0330.png,acceptable variation,False,5fa607be7bc5a8811617c0b3a5751604a01388370c86419f4b31d854a4b50c10
CRAB4010-56E,CRAB4010-56E.png,true failure,True,f5d3912650a72ef5b3d0bad269637894069f5b208e72f15d71513142279024e7
W2255,W2255.png,acceptable variation,False,a1bbba001c3bd68dae1502d01809a1f45b38f46a2c732eee490eff2983641100
W2254,W2254.png,acceptable variation,False,032dfc1802ec4882f454f4ce1d35ac9bf3929767976f3935ae64bf4d95a4c018
W2248,W2248.png,acceptable variation,False,7a7ab1730c68ceb78791f85becac4c5c7ed8ff08541b07197191cd0610e66aaf
CRRA-TX0206L,CRRA-TX0206L.png,approved,False,fc1177958acc319c4d98d4eefd968a7de189bd59825dc0af5e4dd8618e14eadb
CRNY0129-07L,CRNY0129-07L.png,acceptable variation,False,5b459b2286695e75231e8e0be79e38a1457bf4ff19355257992d68c759566f6b
CRXS.0301.BO.L,CRXS.0301.BO.L.png,acceptable variation,False,f31dd0f650c496fece81f15c7cad179e66c7422a428c968477edef2881ab1edb
W2288,W2288.png,acceptable variation,False,1681f16c634cbeda1e6cd5bc7bcc7ef47461c1ea508a993122985f53bb131997
CRCA0715-03E,CRCA0715-03E.png,acceptable variation,False,77fd4c6820942209be243c479315c7e602366294befd723e0557eed0b3bc1426
CRH455SK.-.MT,CRH455SK.-.MT.png,acceptable variation,False,e6fda47798d274f0ae7d47087e6cafae41f97cb95cef93f88b9b02f10ca44c64
W2289,W2289.png,acceptable variation,False,6ae8254adea5d61e5c365ea271668026c99fb7a1c1d02abee289ee0c56fc6ec4
CRNY0121-09X,CRNY0121-09X.png,approved,False,6a0e93042f28979b9bf21c40bec65a4b0e7382ac340093b5779cc5629550425f
CRRA-AC0Q07V10B,CRRA-AC0Q07V10B.png,acceptable variation,False,3e4bd57d5e87fab80dc79d6111283ce5ed940b6f1f4638a2d5b4de370fe53ff2
CRRA-AC0M10L,CRRA-AC0M10L.png,approved,False,e7b55d2d0079a1a9262c485926a1a0ca3e1cea8fb84c0941ed067b8706c488d6
CRRA-AP0101B,CRRA-AP0101B.png,approved,False,edbdf265d1d08e389161ff5824141b1f2998a74d7ca0dad9d37a40f694d1d743
CRRF1135SRPE72K1,CRRF1135SRPE72K1.png,acceptable variation,False,59f0f9984fe48b335fc00516c4659b54d1c771fb2b1b0eeb73af4cfe9b36b0d7
CRRA-AC0M11Y,CRRA-AC0M11Y.png,acceptable variation,False,d96c1c54e855663aa4bf4377a3a3e71d877eb463180def120e5c6f58203e830e
CRRA-TX0203S10B,CRRA-TX0203S10B.png,approved,False,470d2162c634212a069b0d43d8af57ba8f6fdf9b906dc6add58af9c5825bc6e0
CRBX1010-02E,CRBX1010-02E.png,acceptable variation,False,727300c921128fc65d0bc0b6053cec1cc40ecdf40e4a183971d690c9141355a8
CRNY0110-13E,CRNY0110-13E.png,acceptable variation,False,a842e4d8e5481ca2fb98df7dd9f7528f0364681b45a251884cfaef4d947eca60
CRRA-TX0202B10B,CRRA-TX0202B10B.png,acceptable variation,False,a6575b45f2f76a019043f14172f09f7a7453bdc9f296663bb967e5ca17bb442a
CRRA-AC0M09E,CRRA-AC0M09E.png,approved,False,cae4e045ff49846b6d2ba2284c92fd0dabc8c48855016fdf460a1fcbbcfa1178
W2253,W2253.png,acceptable variation,False,e8c11a2f6d38b98521214a0ae1879270d7515a0abdf3abcca445efedc15b5ea9
CRRA-AA0E03L09C,CRRA-AA0E03L09C.png,acceptable variation,False,f782d1bb79d77bba4a4d3efe1bb25ff06655c075b6581e417b47748adc6f7cd3
CRBJ7017-09E,CRBJ7017-09E.png,true failure,True,5abc6066b70813c39efe73543564cf4bbc98322d1e09194083bbecdce6440ada
CRNY0139-11E,CRNY0139-11E.png,acceptable variation,False,38c8d8f9fe9f33d60742a33f8049504482d556905277aa385bae3a54282301d0
CRFAA02004B9,CRFAA02004B9.png,acceptable variation,False,64f825add820a8b64a6636bd456f6312739bd7f32c175a8c27faa6c3e3946488
CRZ76901,CRZ76901.png,acceptable variation,False,6616afdfdc0c0be5a3de607f06f189c59d48264970c6cd648f6bfc1cb6f3c004
CRNY0084-89E,CRNY0084-89E.png,acceptable variation,False,6adaf2b670d7eccdd615076a705b09521906be5ae886c8c26aef67a6d9268828
CRRF229SRE004K1,CRRF229SRE004K1.png,acceptable variation,False,cc71711c9ae6d4d15c3d431d1086e46812a96a5d8e551ec2cf5e9d54d20f986e
CRRF708SNA414P1,CRRF708SNA414P1.png,acceptable variation,False,b77b517549397abff48889f38aefc2df8760f598949c2189bc5c16a0fb98fe74
CRGG-1000-1A,CRGG-1000-1A.png,acceptable variation,False,2adefaf46c8131b927f490808e5668c7bf9bd26d6e5919dbf0f1d577534886bd
CRRA-AK0702Y,CRRA-AK0702Y.png,acceptable variation,False,f058c759bd8390902a3d86622292b8ef7d50ff316ffabeb515d92b3bd9dcd60c
CRRA-AC0M03S10B,CRRA-AC0M03S10B.png,acceptable variation,False,824580896de90c9829818f168296bfadcbd2cf8092b53e26eef2341d39562598
CRH810PBRI.-.MT,CRH810PBRI.-.MT.png,acceptable variation,False,3537c609b019689b1a8ebd9abe30391a827e0a15f78ece0212ba1ab12998cef4
CRSSA317K1,CRSSA317K1.png,true failure,True,cf8ea6cd7b54f1daacc32452a6162451010f5f95208d2acec7e40633652c6866
CRNY0040-17L,CRNY0040-17L.png,acceptable variation,False,b9b8c7064da0c81e7cd5e49ea683c88cf02be996683ac02a4bbfee0662d070af
CRRA-AK0705R10B,CRRA-AK0705R10B.png,approved,False,fe16043cfc25e50e8b02e11ea2fcb7bfade57adfa813d8de724854d79cdf0ab8
CRRA-AA0E03L19B,CRRA-AA0E03L19B.png,acceptable variation,False,19db9e8a3967a163c327586d3b63e93ea5ca706adb960bff434899d33c8028d6
CRRA-AK0701S10B,CRRA-AK0701S10B.png,approved,False,20297e618607087ad51352af57a4882789ec2c28c4313ffab404e43e5af5094d
CRRF803SRPG47K1,CRRF803SRPG47K1.png,acceptable variation,False,935a25492b9c4f11ca83ac103ffcc15def9542425f8f51fd7adaefe46b52bebb
CRSRP307K1,CRSRP307K1.png,acceptable variation,False,1f01813a2b5bc44009787bc81cfd63a9f9a09e0a610f84cd8005bfc89b272deb
CRFAC08002F0,CRFAC08002F0.png,approved,False,d623178c94f628e134ff7de09eb466587cba22e1c8fa04ad5ef53451bd9c300c
CRFAA02009D9,CRFAA02009D9.png,approved,False,facf5c19671e1e0fb3fcf28489d6f176ae3e5a867bbd7ebb2e63e77aa4b002c3
CRBJ7070-57E,CRBJ7070-57E.png,true failure,True,463690a05a0d8ec463e7d8e64abadb2aa96840650793a7cb88bdaf0e2a8c102c
CRFAC00002W0,CRFAC00002W0.png,approved,False,d693acc902bc0112cda28c31bd5be1c3ffe5529bfe33d870f520a3a6ec31e51a
CRRF502SRPH21K1,CRRF502SRPH21K1.png,acceptable variation,False,fca4c1f5d90cbeb687aff110d020b23305e250394ba451ded32cfe5c57dc2faa
CRRA-AC0024L,CRRA-AC0024L.png,approved,False,3dc7fc73702c080252a67239dac8efa88aba152bfaeeb164e2a88ce3e78b95ee
CRRA-AC0M15Y,CRRA-AC0M15Y.png,acceptable variation,False,e1b5a43a39b9fae7bf53b139ab8cc83cbf103ac31c91c016a22bd3eea96c59bb
CRFAA02008D9,CRFAA02008D9.png,acceptable variation,False,dcc709250af652aec4af16e69327cf59b82890974334dbf4d68417118e97f77e
CRSRP309K1,CRSRP309K1.png,acceptable variation,False,43c7f6b7e43880f4ef4e2143dd5b9c9cf7caff2701395c9619040c8222045b19
CRSRP313K2,CRSRP313K2.png,acceptable variation,False,949470a342fbb97a25bfedda6057c5a8393d4261c666d73722e64cfe42351884
CRNY0040-09E,CRNY0040-09E.png,acceptable variation,False,282cb41acb99e6ef1751058fd9df6f31a03d4c002b06c845d502022dfb08d0bf
CRRA-AC0004S10B,CRRA-AC0004S10B.png,acceptable variation,False,fa03b7720d84cdd563298449c46f32f98778c6a59c05cffec24a7da8f631e11b
CRRA-WK0006S,CRRA-WK0006S.png,true failure,True,3338ff5c107737580569667c5cb3cc526803fd01db23f7f5d8f14ace14717671
CRRA-AC0M02B10B,CRRA-AC0M02B10B.png,acceptable variation,False,56cf4ef32db4f9abfe2af050991447d40a8b835562cc82768d19a5381363e6e2
CRSRP785K1,CRSRP785K1.png,true failure,True,02493654fd8a9e5ac941af189dca67200a23dfc5a48943e8f20be9d278a11e13
CRRF70-SRPG61K1,CRRF70-SRPG61K1.png,true failure,True,f09a4a20fcc3f8d53e9cf7b15eb5e205d2e50fa76b66d8d835f3e1baa4aa48dc
CRRA-AC0022S10B,CRRA-AC0022S10B.png,approved,False,ea791f0a556e05fc9417e9b740252bb0cdddf6a4727953cc37c16a25d760317b
CRRA-AA0D02R0HC,CRRA-AA0D02R0HC.png,approved,False,92ab23a4f884e96adb927a092d21fb7c296a8c2910a3c0679c5aebfd3d9c4d16
CRRA-AA0916L19B,CRRA-AA0916L19B.png,approved,False,0c8e2107bdd6b269b33ab4c22a5de8feba0a12cf9a17ff185d06fd58e243bb21
CRRA-AC0008S00C,CRRA-AC0008S00C.png,acceptable variation,False,50b98604ee115c45052af041a57201da24106728c5bb81bf0cb795b787ef9ebf
CR96P250,CR96P250.png,acceptable variation,False,11f0973721e0e24b49bfc8b6f56304a58d6a122735a95801f4566e9bbe7a2fba
CRSRP551J1,CRSRP551J1.png,acceptable variation,False,8d09c06255bf46b727c19583555ddb748519537b0f0431154c5bc4afc04073e8
WW566,WW566.png,true failure,True,076db8ae1c2ea807bfa6c57c097a7c96249150a17c59e6cd02d1678772037464
CRFAA02006M9,CRFAA02006M9.png,acceptable variation,False,92b505f3580ed262e195af1477cf1180c85658019826abe6f9b4c1cb60167c8a
CRRA-AC0P04Y10B,CRRA-AC0P04Y10B.png,acceptable variation,False,ffb5c0bfbff6a7380c4b765c43078b972ccccb71f43af0e72e2972bd64a40c2a
W2251,W2251.png,acceptable variation,False,796d464075282cdd02cb370cbf312821e66ecf113acf6f91a266a64c09d5ffdf
CR96P245,CR96P245.png,true failure,True,51de5da2f9617e7c95fddf0458116212bc04be84cd1e2addcbc1bcb53b9835f9
CRRA-AA0B03L19B,CRRA-AA0B03L19B.png,approved,False,3aa04763a1f4cdb0638b0af49f88088b307a086b8de1bfc2d640d3a9425b31a8
CRFAA02007B9,CRFAA02007B9.png,acceptable variation,False,46d2ce78be3e890ca511884b5ded0589cd431f3d769446cb17f3a716b15d57d3
W2252,W2252.png,acceptable variation,False,44cfaca813849ad1c160a6147fac6d38d5c8f576cbaea90ad5d8ad0db2b5135c
CRSRP539J1,CRSRP539J1.png,acceptable variation,False,9026dfb6167f7bd12b342de07ef48a16619560444001acb4b874be7152d1608f
WW953,WW953.png,true failure,True,ae0919e95c21dcbc9d5f7ef6a038a317bd5ff1779f9be2135efb6d17372f5e0f
CRRA-AC0021L10B,CRRA-AC0021L10B.png,approved,False,bf221e70094ba99d7a49a7daebd5abbe16d04b5b7c589c569852b98db32fa930
CRFAC08001T0,CRFAC08001T0.png,acceptable variation,False,c617ac1005036041d2b1dcce157b042e2c9dbf9c9330b7055e40fdb8087099cc
CRBN0100-51E,CRBN0100-51E.png,acceptable variation,False,15351db25a09123224f822e7a16e7c24c312fdb2ce6abb92322d3eb73a8c11bf
CRSRP281J1,CRSRP281J1.png,approved,False,44da30bcfdab0c44a1ee33d6de81f3a252ab95c1b1e4e85698563354aea94b04
CRH411AV.-.MT,CRH411AV.-.MT.png,acceptable variation,False,f18e1af43847e58559c7d71092f7df5da4e59af7a2102511f91bae7a34a05748
CRSRP555J1,CRSRP555J1.png,acceptable variation,False,104224ecaac19a541284dfc15fd299ff2549f585b17ae4d7ee188799e6c7f3d0
CRSAA02009D3,CRSAA02009D3.png,approved,False,32c6368929a689853233f778991337e75c16a6f05019c24ee8bf60149efa7ebf
CRSRP363K1,CRSRP363K1.png,acceptable variation,False,6523d982cb63ce989d009ffb83420b1983658e453f680232381cf5d4913cab5f
CRECB-900GL-1A,CRECB-900GL-1A.png,acceptable variation,False,e1c5e7361a131783e21016eb798a14eec7355f482b4752b5c87340c410edfacd
CREFS-S570D-1A,CREFS-S570D-1A.png,acceptable variation,False,8df3477193fe878ce4e2667ca0b955b87ad4476dce35d49c01b5a3e7e00daa19
CRSNE107P1,CRSNE107P1.png,acceptable variation,False,62e8bb854340c1e8bac32adbdbf41e91fae6b0b906bee897b8e171a56607adc0
CRFAC09004D0,CRFAC09004D0.png,acceptable variation,False,8b49a7274540c28a207cb5de7bede5933b60d720bf1ae8177e68bbfcd83be661
WW554,WW554.png,true failure,True,928995f9d2a5a43653a064f29cb0ee7ad2292a034675dd3dfbb488e582acf933
CRSRP417K1,CRSRP417K1.png,acceptable variation,False,0d8312ff98b07b7498d7a00147cdd02766deab7b22adea368648c8e8e3dbcbb0
CRSRP473K1,CRSRP473K1.png,acceptable variation,False,27a0f8089854eeec3cbc672827098b2d9188daa79200de7f8ceab4e8ec6aa3cd
CRSRP548J1,CRSRP548J1.png,acceptable variation,False,aefbcf5cc54d84300f6648ccadb1f69d52c395c0bfef494eebffe02f487858b8
CRRA-AA0008B09C,CRRA-AA0008B09C.png,acceptable variation,False,7ec2a25acac561c712c5ad9afff2eff44ac485b5c38e365f540c2105666049eb
CRJP1095-15X,CRJP1095-15X.png,acceptable variation,False,c96570e764b28d8c8f3068b48cb50089671fb0e11b6eab8ee437dd1e079c7650
CRPRG-340-1,CRPRG-340-1.png,acceptable variation,False,45ddbe91d37218548d96ec82f1b5cb766637582b500bdacc609df0064d0264c4
CRSRP215J2,CRSRP215J2.png,approved,False,27d94a2647fdadce47c3ce203d43682a8b44748e9dcb12fad385dbcac707f0d0
CRSRP603K1,CRSRP603K1.png,acceptable variation,False,4045d9a0086e87e3615e7bc3d3b5450e5e452820ea62503193daed6c5c083300
CRSRP345K1,CRSRP345K1.png,acceptable variation,False,dab89036a58be401278855b889e501f4ec950cbcd36e0a7d36da798f6b223954
CRSAA02002D3,CRSAA02002D3.png,approved,False,3e9a4108d706249f8e6c4f06fd9cead6a85a99ea2c10d60580e8e0d912e4dbd2
CRRF479SSB413P1,CRRF479SSB413P1.png,acceptable variation,False,361b6e45d7cbf8a3f01851fd879aba18544a0a1de9164f1317ff76b960dc95cb
CRRA-AA0B03L19A,CRRA-AA0B03L19A.png,approved,False,b90229a9d2d9c21b2b5326dd225ee01455e7d29a67e1396fe0bf3df7e6e8585e
WW952,WW952.png,true failure,True,e49e72e53f542480752c5b7942456f1f305284bde82253e41c81fe819c9d7a21
CRSRP631K1,CRSRP631K1.png,acceptable variation,False,c42f56f33a1bbf4ba1949d780a69a6e63f913c90c8919f56e1ef33fc9835b0a4
CREFS-S570D-5A,CREFS-S570D-5A.png,acceptable variation,False,441d3c4069145b0e9291d618e597c8fdfbb0c43bf04463d8e8a000994bf4e183
CRSRP440K1,CRSRP440K1.png,acceptable variation,False,d2f753a35b3591ad9b116c2fa3d1b0bdd657c8f960169eca702d22ce0eabe39c
CRSRP475K1,CRSRP475K1.png,acceptable variation,False,2733c458081c81346ee3793cb5a82825f117b0774777ed57aeb79f4fd515af4b
CRRA-WK0001S,CRRA-WK0001S.png,acceptable variation,False,a62aa0eadbd966fa780dff0a5f474cda9f5eff4f95d1a3100a8346775d707253
CRSRP615K1,CRSRP615K1.png,acceptable variation,False,92e10552e2304db6cac6d161676e4b8090dcfb521d9c9894b3d0d24cc8539628
CRSRP438K1,CRSRP438K1.png,acceptable variation,False,6595cd4fd7078ae3076b1774e49561266371311bd32ed1c5f57f23df5faa01a8
CRSRP599K1,CRSRP599K1.png,acceptable variation,False,4679bb6ed83e83113780ae01078619499b501b9818e5e05786d54140087a9a9e
CRSRP169K1,CRSRP169K1.png,acceptable variation,False,5d8300cc2ad4516cc644ec97e10cfe7be0bb998ee416fcb4c974cc9b88dfea62
CREQS-940DB-1B,CREQS-940DB-1B.png,acceptable variation,False,004a7fc2811f3ad4f4b42b4ef9012e312e09c5777f3ad4a7551da4f039d125c3
WW950,WW950.png,true failure,True,705a2fb8325535459a6a257013fc1a66be38daed578c018c429fdc28b7561c64
CRRA-WK0002E,CRRA-WK0002E.png,acceptable variation,False,5f3172c4b7b884ab6c88aa4d70d51dd6c796cc1430f5c6730cf6dced45c5dc73
CRRA-WK0004L,CRRA-WK0004L.png,approved,False,82436808bc1fe584cc943ad5d0364336ddee0c2156145e72ef5440ef3a2acbf2
CRSRP355K1,CRSRP355K1.png,acceptable variation,False,b2f76de669929b5990fcc1d0ceb1f41ac2b175ae06f242079f5013c66748072f
CRSRPB91K1,CRSRPB91K1.png,true failure,True,54832b7ad62da936f5ade559c17c0985d8f3401e75419454ac58e42bbb04a785
CRSRP201K1,CRSRP201K1.png,acceptable variation,False,0097f47688259786fb2ce0b328a456c11c9bebe604f4db48496b01b86498fd16
CRSRP607K1,CRSRP607K1.png,acceptable variation,False,b17d19bec2887ea20f29d30667d17d5576e75a15ceb03fc8da8d5815fb5ffc76
CRSRPB83K1,CRSRPB83K1.png,true failure,True,844c5c77d35325d2275b1e8b8df0c18c491c5a7df7ca81d1776ceaf68a5bf516
CRSRPB93K1,CRSRPB93K1.png,true failure,True,0538d920ded612eb6ba9f564a0003b9fab662e53dc559e10ced7d46e66344d4f
CRSNZG83J1,CRSNZG83J1.png,approved,False,ae4e7d5a74b7e9aeae1843da81447e35e38a9d4fc182853da740c15d4ee808a7
CRSNZH51K1,CRSNZH51K1.png,acceptable variation,False,df6ab253f6e5556fcff6e1fe8719340749bcb9e562f0736e2a39d886eaba5159
CRSRP279K1,CRSRP279K1.png,acceptable variation,False,10c55530fc83e80439527ec5eedcb9e8564959bba6bb27aa2f748e88294335c5
CRSRP483K1,CRSRP483K1.png,approved,False,a9614cc50da7ebd932969aa3747392b3d579765072c03538de15939bbcbeaea6
W2286,W2286.png,acceptable variation,False,72370f738f6140132c9379066adf0db01847a672a1f3759a33f15644483b152b
CRRF273SND253P1,CRRF273SND253P1.png,acceptable variation,False,6b4685603f4f27f8e9bdeea7c67823b6fefeade318c9ba993efb4bafa882047f
CRSRP601K1,CRSRP601K1.png,acceptable variation,False,dc2746b5c5cc124fc42f7fa7f4f099376b18d915c8e4a2cdd906278898b9f716
CRF20671-1,CRF20671-1.png,true failure,True,2974cbbf1b519f191148019c625f62e99727985a05e14b17b1232f583708e5aa
CRSRPB89K1,CRSRPB89K1.png,true failure,True,c9c692feb3e206f1e66f5f259f05ef7e333b3a290b4eafeae054f6f76cea1faf
CRSRP343K1,CRSRP343K1.png,acceptable variation,False,050d35ee1e0308ca6e04fecbd178ae562348374e803e132ac45128886640780e
CRF20670-6,CRF20670-6.png,acceptable variation,False,4b950b02d4224c276bf84fc4981e59d0a1bc6b456e10917336c91af020d0c55c
WW791,WW791.png,true failure,True,fcb73ea5d6ea4c98ba6a586b557c6b3e69023ba286160fabeeff5f0576e0438c
CRSRP629K1,CRSRP629K1.png,acceptable variation,False,7c370c69cd277cc4f572b1dee104a62720d44d1320f76826301fb944bbbeea0a
CRSRP625K1,CRSRP625K1.png,acceptable variation,False,2615b70f325f610cf5dad9bd16c8cbbc388e694595f70f5166e98e6de72edac6
CRSRP621K1,CRSRP621K1.png,acceptable variation,False,d4781ad6b7197a95ff0cef21a63a3d126d049829a0da8c41a27fb885bfed4e1f
CRSRP623K1,CRSRP623K1.png,acceptable variation,False,74b747a67eb70af56e01d462e62547e66c104f9b30905576e39a54fdc7608ccc
CRRA-AK0506S10B,CRRA-AK0506S10B.png,approved,False,1b2b070319b38974ce371331f181c2a8b93e55f355558699ef7bd08ddd65abc7
CRBN0100-42E,CRBN0100-42E.png,true failure,True,73b2b8f99003e4c83ca8a9a2491d2c03caf20c8613171b030adbaa69e2b9bffa
CRSRP341K1,CRSRP341K1.png,acceptable variation,False,1b45c0234aa087abe868f58c1a4395d07da2f9d0fd5bb46eb6bd3a612aad1dcc
CRNY0040-09W,CRNY0040-09W.png,approved,False,b78afde5fc4f380ee16c6cb72db1518fb0c8466102b84f52412c307c14a6928d
CRGBD-200UU-1,CRGBD-200UU-1.png,acceptable variation,False,482b4618684aae0dccbcffb09049bccb959e0507446f36b979dbf26c38589f01
CRSRP219J1,CRSRP219J1.png,true failure,True,2a89fe1072d7980553f180370c69d9cb4e82be1a00cc47cac4ae5c5943979f75
CRRA-AC0002S10B,CRRA-AC0002S10B.png,approved,False,f349ad999ca1fbd2a3cb409022cc0833ec4119ebdbd70e7a69864f50d3ecd194
CRSRPB86K1.G,CRSRPB86K1.G.png,true failure,True,8af9c043876a557eed11a06d8ad942eb3eecec4a0f3ebacafc6f1246094cc751
CRNY0045-05EB,CRNY0045-05EB.png,acceptable variation,False,16a02f2a2b5b1cacefc4357ceb76890be2afc7b0d29b407e9b6e4d5fd4fe46d5
CRSRP357K2,CRSRP357K2.png,acceptable variation,False,1bcb81a92f393684ed2cc0be3ebdbbc62c34b4f80faa26da1b60eb54ab291e8b
CREFR-S108D-7A,CREFR-S108D-7A.png,true failure,True,f5b02205ff3f9cb68b8ea14b17f31b2c27a32a4dd6f8f69ed37ece5691fe188c
CRSRPB79K1,CRSRPB79K1.png,true failure,True,f1e5534fae0dd2e39504158ba0a76a3ea93f91dca7ab5c58b2cb553587f010fe
CRSRPB81K1,CRSRPB81K1.png,true failure,True,7b357ce2c5c9a09649d21aef19941659dcfc9236186461e165199bcd84d6a252
CRECB-10D-2A,CRECB-10D-2A.png,true failure,True,e8fdbccb5fdd922b1b18cb3a85ca866acab16602b6fe3de056c6e8d50c647b45
CREFB-730D-2AV,CREFB-730D-2AV.png,acceptable variation,False,3ef84af28469782640c88d574c2ca29f18cb15b395d1430abbb9a0c35f63fea9
CRF20463-2,CRF20463-2.png,true failure,True,06b5c47f259115cfe3f180985bca988f14d3d5eceea6afcd3fd1a94e9af8f620
WW790,WW790.png,true failure,True,98337a9cfa8bf1fc5e7daa22fc6abc67f41ab5da653286733ece94d901cdd765
WW774,WW774.png,true failure,True,dcca70bc71b410341a7179ae09ce2fbd29fd6fb0fc096aa81239faaeadd024d5
CREFR-S108D-1A,CREFR-S108D-1A.png,true failure,True,7d7a7033a9d7c1250ac9495ef7cbc43ab87b7de6f0667d6b9f448c9ae591418d
CRER24008B,CRER24008B.png,acceptable variation,False,3a16b47ef3515bf227df63aa3bae9ff6759122ed289e1edcc3232742c61f8c33
CRSYMJ45K1,CRSYMJ45K1.png,acceptable variation,False,eaab622c796e7dcd3a580e99f59f1d90c50202947824e0c09f59b4d47b99de1c
CRER2400EW,CRER2400EW.png,acceptable variation,False,d498388cce0f041f2ba76c8c3c03e08cebac2ca1c8de48960b852d16055c0128
CREM75003B,CREM75003B.png,acceptable variation,False,a6751e3db062986ce5152c3afbc4ccc670139d194ae9b64d8a39755f8fdfd022
CRA1100D-1,CRA1100D-1.png,acceptable variation,False,610acc87cef63aff0bbd339485e9ae69521b819af72c6e1ae29aecb4fe35b8ff
CREFR-S108D-3A,CREFR-S108D-3A.png,true failure,True,33310a5228f6ad1c1bc3b6ab2fdfb5fcb047c80601503fa4b29a1cbbce794d1f
CRSSC433P1,CRSSC433P1.png,approved,False,4b7b6462a8e75246d35da9b93ee2079dc30202169e46860c6b2575d9db98ce3e
CRCEM75001BR,CRCEM75001BR.png,true failure,True,f8e9e4baf87777e72478d9526ecbc147157e3bc9955d20e15af259d805f1505e
CRPRJ-B001-5,CRPRJ-B001-5.png,true failure,True,27e7f44d65cb4d7f282cff9af082adee3b43ddb63616a54b906bc02ca17bf2a9
CRSRP619K1,CRSRP619K1.png,acceptable variation,False,1dc62d93be35da3db51cb9271a2d5099f35cf319b0460b731efc04766b29764e
CRFEM65001MW,CRFEM65001MW.png,approved,False,cbd875cfaafeeae173ee34c1bcb40ae29537e3e51027260b8c2a35d9fd6d4a0c
CRFEM65006D,CRFEM65006D.png,acceptable variation,False,50d5f4d842b8cbd6465f9775eda5aed6fc6b1e64b086bce77bbad05773e20f87
CRGA-2000-1A9,CRGA-2000-1A9.png,acceptable variation,False,242e13d091fd1e66cd52613365c638ce10a7c09d9b01f2dfabe498ade59349ed
CRER2400BW,CRER2400BW.png,acceptable variation,False,5cd866bd759cc2a99ba571a29b859f0ae60b48b85117d6feffc065ec99a98524
CRER2400CN,CRER2400CN.png,acceptable variation,False,94d1b33523f35663bf38aa5c2261e7b5f237d1ed34dcd728a40cd43b64bdd2a7
CRFEM65001MV,CRFEM65001MV.png,approved,False,ab62e825a0703f29a5ffaf5da5b8e22d87e6affb28ce78495020b2022d954a4a
CRFEM65004M,CRFEM65004M.png,acceptable variation,False,8871c21bc7aec1d35b33ef3b34f3840a5ba449cafe424e066076c4671f52ded1
CRRF526SSB377P1,CRRF526SSB377P1.png,acceptable variation,False,05f9789f05efd0d03d19843c241fada7ea781b9544e7bfbc9e83e8a0aef44fa7
CRF20692-2,CRF20692-2.png,acceptable variation,False,80c61ef523c0c5ea072c4fa7e06a6a1004928deb6729f8e2ba660c97b2f1bcbd
CRER2400JW,CRER2400JW.png,acceptable variation,False,0c4e5b29c09b33b460a29f47264820285583baa11d0ec698e3342563749bad69
E79767927295,E79767927295.png,true failure,True,f320871ad6fdcb1901939f0d710ce1287150dba51b0e1ce9b6a4893153ac084d
CRAR11723,CRAR11723.png,acceptable variation,False,94a7e2882e43d304910982217c46d36398fa3fbf179864f0b9341083da489ef2
CREM1220-58X,CREM1220-58X.png,acceptable variation,False,3c663e05989814cf5d40b3bc55fde9270fcf462300b6138b51a753b9b7b2401e
CRRF600SNKK98K1,CRRF600SNKK98K1.png,true failure,True,d62d92cc0be26e9a38314c85d848d025fb9f061ce4a7168dc7f9b89634417186
CRRF410SNKL28K1,CRRF410SNKL28K1.png,true failure,True,748f3630a9fe7582319137201aa2dcc6282a12a8cde610a8cf025655b588d3a7
CRFEM6500AM9,CRFEM6500AM9.png,acceptable variation,False,4dbd936465c9914358b71b501af51845f4cc9677acd5aa2a0c2812604292d604
CRSRPA93J1,CRSRPA93J1.png,true failure,True,04bb0f8214677d6dc9dd396fdc151ad2dad98af16d259cdbd5862d2002d021c9
CRU864,CRU864.png,true failure,True,2edfa15532fdf1527981e00bf7428896c81fb323832d5a5a4e47fdae570ad5bc
CRSNZ453J1,CRSNZ453J1.png,acceptable variation,False,b31c01e4a2b0d7abfc61037b311e853ec88dc2fdd120d2e2d35c7dc516418b92
CRGM-5600GC-1,CRGM-5600GC-1.png,true failure,True,4e0af1e8b00f678c9658a233f8086121aa1c71dd4b7e24337e0529686d6b3879
CR1038EF102V-WHT-V02,CR1038EF102V-WHT-V02.png,approved,False,8acc38858c4f90d26171ecc38f9263bd25e6e6683e5ab639d93f73dc3bd88c71
CR1038EF102V-ORG-V02,CR1038EF102V-ORG-V02.png,approved,False,a1954096c6f3628a59907424d611562a57f24037e3bac372546c6838e46b60c8
CR1038EF102V-GRN-V02,CR1038EF102V-GRN-V02.png,approved,False,e598c9c703d9b80a39bd7e5902823937a616d4148dacf6e3b9e39eb06901772d
CR1038EF102V-BLK-V02,CR1038EF102V-BLK-V02.png,approved,False,0bcbce76bef96c0050d064f4b120396995d17c631089a68ac9b52ae40a259459
CRAV-4011-0C,CRAV-4011-0C.png,true failure,True,c9ab1f10cc2ca67ea977074853ef0c476ea2560e58d4378779258249ea855881
CREFR-574DC-2AV,CREFR-574DC-2AV.png,approved,False,bdb0942a23d5ded64103a1ad0b3416a007f0e27a25d51091f179bcf3fdbc58a4
CRGA-110-1A,CRGA-110-1A.png,acceptable variation,False,93ddb6e4a12066c5401d6b6e69a069f394ddcc36f52bf4a6d4bc79af26b5ac50
CRBN0100-26E,CRBN0100-26E.png,approved,False,3b2a0966441ca4fdf4abb9d1605c9a9a487d56803e0a56ddd4300678a9e919ad
CREW2621-75M,CREW2621-75M.png,acceptable variation,False,4aa5e4ba8269bf608de804ac9624d4f747e95606b6935ab981a7c4f94a4bc438
CREW2621-75A,CREW2621-75A.png,acceptable variation,False,a891bd1eeac6c205fb907322218e2165dceee36a3d413f4ec5149c4578335945
WW611,WW611.png,acceptable variation,False,6907cfc1c122c87c3bd046f2a1accd05b1508e586f5b4d8e84630439c0bab32a
CRAN3700-89Z,CRAN3700-89Z.png,acceptable variation,False,bd18f235e24a0e45a974a4b9d9e564a698b43a283fe655e945f8e27aa6e6268e
CRAN8194-51L,CRAN8194-51L.png,acceptable variation,False,e2caa58bc293d3905144804c25f06e0c5656a54387fcdcdabf1e82ca53e5ae56
CRRF1730SNZG13J1,CRRF1730SNZG13J1.png,true failure,True,425b0d5ec86caeff087135a878f87a9e575c6ac2fca0cfe00e0720a67a8ad1d4
CRRF1688SNKL57K1,CRRF1688SNKL57K1.png,true failure,True,c4ab0f740cce8f5dd908930f3d89da39a8fee280a74d1cd36e814d6e93497328
CRRF1613SNXS79J1,CRRF1613SNXS79J1.png,true failure,True,9f8338fb3f58297ef1f5eb5ea0da6decd08a50614353967bee9b3578a0761459
CRRF1292SNXS80K1,CRRF1292SNXS80K1.png,true failure,True,03da79b4e9aee5afb266b39e4355679c7faf46a001b50f3f15d98b8a66594b5b
CRRF1136SNKN55J1,CRRF1136SNKN55J1.png,true failure,True,9d338c4d05aa12dc624188e5a3c9467d60d5acca32903da3f7cb37c3c10ea556
CREFR-539DE-2AV,CREFR-539DE-2AV.png,acceptable variation,False,a063f3d6f2044e2c04f9f2f3803b73f53ed78da817b61c573024779d93d9b020
CRFAC00007W0,CRFAC00007W0.png,true failure,True,e5b48cc5cbffce542a9c4458081d0ed8064908586e2a7bbee0f681faca26da94
CRDW-5000R-1A,CRDW-5000R-1A.png,approved,False,43a4a3aa1715053703bc8f70e0de4a05bc9d0f67402e08989191669d17d87616
CREP6040-02E,CREP6040-02E.png,acceptable variation,False,b1e5f32fbd25a1e1d2011d865c30d02bb676a414714f2329d299bee74f2724ff
CRGA-2100-1A2,CRGA-2100-1A2.png,acceptable variation,False,be6a9d8a0d51c88a61e471b528c8cb2383bd4db49bc196bdb10d6d1295d77067
CRSRP635K1,CRSRP635K1.png,true failure,True,a9c95d5d636fc44ee4b7ae6cf7f6249fc9993af5e8a5bd4033f47a1f143ee74b
CRRF1527SNKL86K1,CRRF1527SNKL86K1.png,true failure,True,8ebea46841053360a1ffe56f879b85ffac7ea9f61d79178cccf09a74dd4571e8
CRRF1122SNK366K1,CRRF1122SNK366K1.png,true failure,True,a220b3f0af23132ab3b27b012a8cace61e44e9955ea64a1868623e8a62c4cac0
CRRF209-SNKK84K1,CRRF209-SNKK84K1.png,true failure,True,f5571465d3f5cb631475e7a79b7a479490618e088cd2a6d2c55e8c011ee749f2
CREQS-940NL-1A,CREQS-940NL-1A.png,true failure,True,e2ec52cf03d1c3c6584568e35b5f44faeb005098ee3f03869df4f64d41244f9a
CRBGA-290FL-7A,CRBGA-290FL-7A.png,acceptable variation,False,ed644a3e0a109ce141e966fb55c6605002e9efb4cf35361fe7588bc5e7e1b63a
CRGA-2100-1A,CRGA-2100-1A.png,acceptable variation,False,093efde3d96df3b91df6b80c04620696d1bd711511d34ef8068263390e5ac2a7
CRSAB0C006B9,CRSAB0C006B9.png,acceptable variation,False,2c75c9145dbad6de808422f0a1386d2c8acc64ed247e1792f50129f7d08b952e
CRGA-2100-7A7,CRGA-2100-7A7.png,true failure,True,da1b37f9885ca45d314f9a2a5ba2e269c92eff3ac604a4cea144221df7caf06b
CRGA-2100-1A1,CRGA-2100-1A1.png,acceptable variation,False,219dd57f8ca5efdb248dd4bddecb88fbefe4b0c70d782663bff9337689f4a245
CRFS6155,CRFS6155.png,approved,False,010326ce5f73e00ee84311fe28da6b34b4c5020b36d6fe1781e1acaffee46fb3
CRFS6154,CRFS6154.png,approved,False,543a62b41eef4b1f3dd67957bc8f68e85e3560f42c55c03fa57b79931997853d
CRAW1880-55X,CRAW1880-55X.png,approved,False,3a9d311de8f5fbad67dd7b5c3d2dbd790aff055fc0be3c5603da2c7c76a35d86
CRERA-130D-3A,CRERA-130D-3A.png,approved,False,6d0f0d2cb94a3ccb6ac58b5e77b6e27a130ed18ac7c7c76c48fea2805da96abf
CRERA-130D-1A,CRERA-130D-1A.png,approved,False,0878a951da0a6ad6159298e7fe019db88e03f0d4f79a5d7d5b273b2686f91e30
CRAW1881-52L,CRAW1881-52L.png,approved,False,4ba0b37bc1e7c672e8f6a2a68d3f0021816625100a780829f41d4ae09cb825c0
CRRF1740SNXS73K1,CRRF1740SNXS73K1.png,acceptable variation,False,3c3ae59ee964a14197bc43f928e96dd01cee7a7e5796eff108532c7b46d19980
CRRF1728SNK567J1,CRRF1728SNK567J1.png,true failure,True,88cd818d58782834c7f0b96392186498c1de299a2cbd4f75e53eb6d06147b98c
CRRF1725SNKE01K1,CRRF1725SNKE01K1.png,true failure,True,2a118aa723995895efcf55a896d9712e3f637f58eaf26224ecb1701cbb6ba7e4
CRRF1670SNKC51J1,CRRF1670SNKC51J1.png,true failure,True,6ab78d745dd455fc5245dfd3e86b63af542c4e3c2c68ac63f7087216863adf0a
CRRF1598SNKE57J1,CRRF1598SNKE57J1.png,true failure,True,2ede36c1ef955415c797437fe12350281066a57a0e44a21da819e0ddc8aead74
CRRF1533SNKD99K1,CRRF1533SNKD99K1.png,true failure,True,23ec8b945cc1e149572e1f88165b930045f73ad4e9cac785b2e78455895b4b75
CREM0411-71A,CREM0411-71A.png,acceptable variation,False,cbafc6cebc7360f9d6a4f33884f998fe7020f4346311bd8c39db4f78c270ca8f
CRGM-2110SH-7A,CRGM-2110SH-7A.png,approved,False,c8d7a4e90bcb6c8a75dfc5ef658d300497074cd54dbd27413c18b6b2cc1d964a
CRRF701SNK563J1,CRRF701SNK563J1.png,true failure,True,0f79250694015917c924d021fa63824d921ff7128c7490eb8a76ea43d1322379
CRRF446SNK375J1,CRRF446SNK375J1.png,true failure,True,65b1f5f6e2343f514753dbf82ee50b7f69061c0ee411ef82553bbf6387ac97d7
CRRF210-SNKC51J1,CRRF210-SNKC51J1.png,acceptable variation,False,0e8f2f24819ab1820070f9a41a2b51dbd1ef5258e7335911b3aff8a2b76496ff
CRES5323,CRES5323.png,acceptable variation,False,e338b0ed544e72fbe7b27a9e2b583c9f2b5795f04367dd9862bf0ba9e814a715
CRU579,CRU579.png,true failure,True,7c29003ccf3c273d97fb7ecfe2cdea8dd2bb5288c949bbdc316348c3712752a4
CRSNKC51J1,CRSNKC51J1.png,true failure,True,6ab78d745dd455fc5245dfd3e86b63af542c4e3c2c68ac63f7087216863adf0a
CRSRP750K1,CRSRP750K1.png,acceptable variation,False,05114330f7766e74f45524746cd7d607d94d87c186553a417796f95f618be7d5
CRER2400KA,CRER2400KA.png,approved,False,684c203a1a5fc3ce7cedc4896a1ef20cc11bfc471841db80b47291cf53f6b101
CRU578,CRU578.png,true failure,True,7d26469bcf4e0802fd668afb8a1016a2a8cd051dc302571042195d4d604e94e2
CRRF1683SNXS79K1,CRRF1683SNXS79K1.png,true failure,True,1d35470cde3cf1bfa284eb7a4399308eb98758a6ec9310239ec5a14c83a788c2
CRRF1214GBD-300-7,CRRF1214GBD-300-7.png,approved,False,dc9dd643665475f18ae5f9373b41037fef3083d40e02f7f68c875623d21620bf
CRRF1129SYMK44K1,CRRF1129SYMK44K1.png,acceptable variation,False,1bc6b67e441d967f5e40fdba27e2362cab7b2be573926caaeb79a47c5c76d49c
CRRF1004NR1Q003W0,CRRF1004NR1Q003W0.png,true failure,True,63ed20db16e421bde7582406bac789a8fbe45f45a57e9c1eb0322e084d278662
CRGBD-300-7,CRGBD-300-7.png,approved,False,dc9dd643665475f18ae5f9373b41037fef3083d40e02f7f68c875623d21620bf
CRGBD-300-1,CRGBD-300-1.png,approved,False,b480f8401d7eabdb04dc6c38105a2a197e25e080b17be00acc7abf4f56526dc5
CRBM7620-83M,CRBM7620-83M.png,acceptable variation,False,19bf08a184e5607ecea265ea8c5858ab5739abcb282f48344b6560cbe313ac33
CRAN3660-73X,CRAN3660-73X.png,acceptable variation,False,332b01b71f02449022912d0e74fd9da61ecff46c40f7ee0e3091d37151dd59c0
CRF20698-2,CRF20698-2.png,approved,False,3461f7cf5f5990e9c87b6f331d708a9ae506832df9f12e28c45c8214637a4563
CRFAC0000BW0,CRFAC0000BW0.png,acceptable variation,False,d3f741e62c422af413c84ca19d764b4d08b25aab22de44eab3b6a56b04a09c31
CRF16820-4,CRF16820-4.png,acceptable variation,False,972aaf3fb79940295dffdbed328fa1b1fdfa9820216d4fd785a65e031e2e550b
CRBA-110XBE-7A,CRBA-110XBE-7A.png,acceptable variation,False,9e449f23a0495493913b116a10167c14b2d0bd9adaac2921c82e5789f634c32a
CREFB-710SG-2AV,CREFB-710SG-2AV.png,acceptable variation,False,42090f831bf7a0caaf906b87b9b5463d79f3524092d963cd5010e5651bf39c7e
CREFB-710SG-1AV,CREFB-710SG-1AV.png,approved,False,03cc21de9bd21570fd04b098032ac0da18da82231fa304428a9a1c82454558cc
CREM70004W,CREM70004W.png,acceptable variation,False,b2589be26243972206daed64f5a4eca6cfa62d51c35e611646807cc3ad7c4621
CREFR-575D-4A,CREFR-575D-4A.png,acceptable variation,False,3e4374817e958472fd869e3fc796625f25b66c987e0a45260c2c0798ad3cfe18
WW610,WW610.png,true failure,True,03a536295dfd272d7bff8791a2532eb42eee75b4cd8d20160d59f5bb83eaf9eb
CRG-7900-1D,CRG-7900-1D.png,acceptable variation,False,ec54fe1afd3fa91015812f356473f2c394918340232544b07a207295fe85cf58
CRES5485,CRES5485.png,acceptable variation,False,50fe7ea6558ddbc5ee7686fbe94b9c0914003c626c1825d03422ff1e72dd5961
CRF20668-5,CRF20668-5.png,acceptable variation,False,feadbfc8e5f2b77e79dea9e9e94e1e7812e1ae912fdae853e1c6cf7cc7444373
CRR3253518513,CRR3253518513.png,true failure,True,7dde403b893ce419bdbef4ce988415d48b976ae23929839611072267249d4008
CRRF1558SNKK94K1,CRRF1558SNKK94K1.png,true failure,True,753bbc6a5c35ade8a9c97db95de36686ca2c621d821cecf15fc4a53b7d4c99fe
CRRF1438SNKL58K1,CRRF1438SNKL58K1.png,true failure,True,cae911000f1610e2cd2c6621829ce5cedc4b5dcd48a1883e3650883cadf8efc6
CRRF1398MTP-E510D-1A1V,CRRF1398MTP-E510D-1A1V.png,acceptable variation,False,045b293a5724bf1ee79b6bf960e34225ef4a2fc3200e6634b7ebfd5df3552d2e
CRGM-S2110-1A7,CRGM-S2110-1A7.png,approved,False,1a9b64da9a2a629293af9cd53f278548baa7fb75b8dc3092fdb4009d8dfb6c4c
CRGM-S2110-1A1,CRGM-S2110-1A1.png,approved,False,c901f2398a55b09dd2ed5c5f88be558d118451d35d00fbad506c225a81fc83c5
CRRF378GA-700-1B,CRRF378GA-700-1B.png,true failure,True,dc203cbf6730e7394252fb3c90c4693c2bce318fb20b05161a0e0061f05bca5b
CRMTP-B195D-3AV,CRMTP-B195D-3AV.png,acceptable variation,False,f512386858ad2926d9ac8a668d62a8a155a03f617c4a6419eaaac94cc828838a
CRMTP-B195D-2AV,CRMTP-B195D-2AV.png,acceptable variation,False,7e5cbd1df5d25e514ff8350d144b94715d3b0ecddae7e81e4521d1bd03cbddc0
CRMTP-B195D-1AV,CRMTP-B195D-1AV.png,acceptable variation,False,34bea086f56dd0658223dd58dd30566790e473645f74e02ec8138fc45d59e9ea
CRAN8230-59E,CRAN8230-59E.png,approved,False,10a6000520d9316d853c2eedfadb73f8eb32bf78b3a2a8de5c8efcdebd0a0ed2
CRMTP-B190D-7BV,CRMTP-B190D-7BV.png,acceptable variation,False,0225d9760e77ae9a1bdddd77158f31a9a41db8cd25a0a28732dc4ad87ddccf5b
CRMTP-B190D-1BV,CRMTP-B190D-1BV.png,acceptable variation,False,da199cbd1e4d0d1855275fb8473ed0a29cfcd3a08b26b8d47f56d1ee0105ed9b
CREFB-730D-7AV,CREFB-730D-7AV.png,acceptable variation,False,6c3c78681a4f314803b5150fb443ceac1b2ee7664b3ae199df783bdf4a5ff83c
CRRF1283GA-2000S-1,CRRF1283GA-2000S-1.png,true failure,True,5f39933ea972f414aec18c5eb6099fac2a1c24fa75e656360fce2eaeb93795f1
CRRF855INV8930OB,CRRF855INV8930OB.png,true failure,True,8fc113c04de86245a2f4b10b2ec3684e1c757bb709a3f6cf6b9a349b600cb8e3
CRGA-2100VB-1A,CRGA-2100VB-1A.png,true failure,True,2d9f8c6e53cfcacafe8e811cb5b66c6165ea39f50a37e6c664fb4afd9e20757b
CRFEM7P00CB,CRFEM7P00CB.png,acceptable variation,False,1f216f623043d29cd137ffe1f900ae4225b0822cedce7f8a4020ed2615947590
CRGA-2000S-1,CRGA-2000S-1.png,acceptable variation,False,5b8843c990df68d5483670fd5d2b15bc9bbbc92f1a01a6cb216ab948a3696954
CRRA-AK0505L10B,CRRA-AK0505L10B.png,acceptable variation,False,125099d9d92a62110edf737fe2d9432e4d8368b0f79dcb74e9902c425a6f9066
CREM70001W,CREM70001W.png,acceptable variation,False,769cb483c551e970c6ed92e28535e55fcef206e2bcaf741f6f2b30b0d72cc866
CREM70002B,CREM70002B.png,acceptable variation,False,e616c27dfe5abd901e99effdcbed22aa47141d92eff7ac86c0c26da50ddde36e
CRMTP-M305D-7A,CRMTP-M305D-7A.png,acceptable variation,False,f6fbe7f8ee3c420b61f72f8989fd1509961b4a32d1b913212d416bd5df265131
CRES5469,CRES5469.png,acceptable variation,False,75483f99ce5024eb0aa20204f4760c5ae392b633eaf73c46ff893851fc22d095
CRRF1639SNKE54K1,CRRF1639SNKE54K1.png,true failure,True,73fd0003ef4e01830b3c8eae581d171a874d10bc6781d0dff44be17867067b80
CRES5361,CRES5361.png,acceptable variation,False,3f4956b569830adba385f30cf04dab5bf0662250c8fd6417e95c2f71cedad3db
CRFS6104,CRFS6104.png,approved,False,b9beeb594ec8b5b4f1d51b231018134109cfa7d23ff0c44525b4a501f301cfc6
CRFS6092,CRFS6092.png,approved,False,4d8281ea1c0cc9dff3604d6020e21cc348fddbe6ab3a536436886265c5d69db4
CRU1071,CRU1071.png,acceptable variation,False,9cf181f62ae35780cf1500da96e7226a1531d4daaecaa3b709373fc94e692add
CRFS6045,CRFS6045.png,approved,False,61e6a8bcfc7af35edf9bc96cd1055968133e70276a081ed07e639db276ea8baa
CRRTF034,CRRTF034.png,approved,False,0e095aff103ecbe27838932c56e1555133dc35314fdcead573aabd5b13a25a3d
CRRTF033,CRRTF033.png,approved,False,09b91cc71c848a7636f69487eb7dff8c1335e86e015cacf108af2081234abf82
CRF20560-5,CRF20560-5.png,true failure,True,ce51fa64fbb08e7853bc0cdf3ccc741ad2d23526d288a3698747cda93a6e809e
CRRA-AB0E10S19B,CRRA-AB0E10S19B.png,acceptable variation,False,c30717b015a99ac6e2ea847774df8f72c010fb21d64d5478c26f04deaff08642
CRGA-110HR-1A,CRGA-110HR-1A.png,true failure,True,4810bc45ed375bb684c7503cfbb516f3fedd47665aeec1497dbde14e3af27c3d
CREFV-620D-1A4V,CREFV-620D-1A4V.png,true failure,True,b7f702afb355aab60a148f7bf78df024f1c4ddd495a4d3f240af0574fc96d096
CRU616,CRU616.png,true failure,True,421477cbbe5b50c2cb72574ede0d7c336f044173b6e8c4a19f470bceb5009b08
CRRF1597SNKL66K1,CRRF1597SNKL66K1.png,true failure,True,6cae1f6832ce7440871f6e12935142002dcdd7bed29c4a26290e42ba5da3197d
CRRF1495SNK621K1,CRRF1495SNK621K1.png,true failure,True,2951f59a5a8e3ba21f2e467931d01b04c9e4c5335b44d758ddb6f67445016ab5
CRBMS-300D-7AV,CRBMS-300D-7AV.png,acceptable variation,False,2b37301eda34b96b9c18ec8a06e1d43803411b760fb0e3eafd1898cb24b5ce59
CRBMS-300D-2AV,CRBMS-300D-2AV.png,acceptable variation,False,c31418b7864cc8f8abaa188e4db5530b1547d7106d24e979778fb080bb285105
CRBMS-300D-1AV,CRBMS-300D-1AV.png,acceptable variation,False,f60f97f4d636e1e0ec084593c52f1e772cc1aad1b924afb22af008c1af349c2e
CRGMA-S120SA-7A1,CRGMA-S120SA-7A1.png,acceptable variation,False,f8a6721f0c1f063511ba27628a07cfa0d92cf72093ee4feb77fe61c8c0ce4622
CRECB-30DC-1B,CRECB-30DC-1B.png,approved,False,7b889f0684b583b0b2a4471e154108c4aa3ce88ec958e26ce557444fe4a05dfc
CRECB-30DB-1A,CRECB-30DB-1A.png,approved,False,2512104fd7178d8d087107fb1d089e6feebfb2d400a221448087499f221adb01
CRGA-100-1A1,CRGA-100-1A1.png,true failure,True,2e12eb14812d20aa80ef41719c365a7b1b80604f220a600bd7be792940b85fb3
CRA1100G-5,CRA1100G-5.png,acceptable variation,False,f0b9e725254ea6153deb2fe85cf813698e065a3a189ab986e13732b989ca1949
CREFR-574DE-7AV,CREFR-574DE-7AV.png,approved,False,16cff7d128a2d5cf533a74e9efa2e90671ea14dac77eb4b2502a4936ded363f3
CRFS6161,CRFS6161.png,approved,False,641b08fab9eff1ca942986677812ea372ad56f99ba71296929702bfb55837bbc
CRGBX-100-2A,CRGBX-100-2A.png,approved,False,f886649c1b8611d2c6f313e9abe55c3dda4543f89dd8f0bc9bb80c1f7065bc8c
CRRF1494SNKE51K1,CRRF1494SNKE51K1.png,true failure,True,2655fcc73d13cc61130daa28f52ed7919b3ca25373fc9f98cdb6425af845c8f9
CRRF1451SNK615K1,CRRF1451SNK615K1.png,true failure,True,3166d50981f08fe81d63ad9039ef2ce82304d037dadb1a0140070d31aa4c1094
CRRF1341SNK623K1,CRRF1341SNK623K1.png,true failure,True,1f03e4ae3dc4f0a3f77301ee07c53d75dd9b9b976353cf270b8470de0a2c5796
CRBMS-100D-8AV,CRBMS-100D-8AV.png,acceptable variation,False,da74ae244a6bdb0334e31698dded749b2c12bc84156a69fcbf98f709d1300569
CRBMS-100D-7AV,CRBMS-100D-7AV.png,acceptable variation,False,a93fb8cc6c80c3b772f0b32699749420a8dcfc4c6a566fb972fe4129407b6573
CRBMS-100D-1AV,CRBMS-100D-1AV.png,acceptable variation,False,2f9c4c618b16dda309af35472308160c01f2f27f07c2e0faa590715bca35694e
CRES5425,CRES5425.png,acceptable variation,False,8baa0733e97a01cb636b6950c8d875a69f9eabd04e33754ca58c026477f8e71d
CRGA-B010-3A,CRGA-B010-3A.png,acceptable variation,False,d04b75f9a0a88232e81f885e38aa1aa8d9cb01ea60c20c3ae8fd7c048acf80ca
CRGA-B010-1A,CRGA-B010-1A.png,acceptable variation,False,7e445285f10e654652bc0dc97cf06a5d80eb831373cb005155b5e1b822ce29b0
CRGA-B010-1A1,CRGA-B010-1A1.png,acceptable variation,False,25dfebcbdce5400f158cd81352d16d32820331bfaeada796f31d29338aa1d370
CRFS6121,CRFS6121.png,acceptable variation,False,594aa7c15f84a5b928456f86284a8bb06e5ad75a0e18217105e239fea47feff6
CRECB-S10D-2A,CRECB-S10D-2A.png,acceptable variation,False,ae91947cc870c1c694ea35dcad58e3d1f0d5a6db367aca8279d1eeff3af0785e
CRRTF039,CRRTF039.png,approved,False,9cf6b28be297e8f10230682bc985c3cc6c3a046bfaa30a41712603e6f45e4fb8
CRRTF035,CRRTF035.png,approved,False,2602c28141c46c69f76cd0e8168c19b24b32b2ec0c80064a321f5a3b6e0c0a13
CRRF1153SNKP15K1,CRRF1153SNKP15K1.png,true failure,True,2d05f1dc7934018282a013f6352a2973d01bb239aed5a47ecbb31855bdc086e5
CREFB-730D-3AV,CREFB-730D-3AV.png,acceptable variation,False,285b6ee8dac3d65c7bfa262b48b1f29f474a09593852a51ff11715887aaf43e2
CREFB-730D-2BV,CREFB-730D-2BV.png,acceptable variation,False,45c6db3140562dde16988c6103904111814ff9ec23e5e99220032d041dbcabac
CRPRJ-B001-1,CRPRJ-B001-1.png,approved,False,29bae633ffb8eca1f22b398fd89244ea1d78fe96d772647783137bbc7cd664ef
CRF20560-1,CRF20560-1.png,true failure,True,ac62da2716cd8492d5af6435b384d2b797355c1ec354f819cc6a4acf096dd911
CRF20751-2,CRF20751-2.png,acceptable variation,False,04b2b7b987c977e46174d95eab4a54f48c65f5aac1b4e2b5df0a950dc349809d
CRF20742-3,CRF20742-3.png,acceptable variation,False,d37d4dcdfac906ece69cddb624f0df1b4fb6f58aa62f20b8f8fd3d7afb55a14f
CRRF1399EFR-S108D-3A,CRRF1399EFR-S108D-3A.png,acceptable variation,False,47f5c44af741ca68276ca5daddc1f2cdacb34cc47692f915e51ca59f43bb8e50
CRBLS-100DS-4AV,CRBLS-100DS-4AV.png,acceptable variation,False,a445bb75d5187f8947891eaf937f9b0734bd4d958dc5833a60ba7d9abaa95df5
CRBLS-100DS-2AV,CRBLS-100DS-2AV.png,acceptable variation,False,29f66488c6a894d025ce6608b58583e791c90c91148ded530cdc18708a8ac53e
CRES5386,CRES5386.png,acceptable variation,False,c26211170ca1362c345134d70441375b7621c0bbb03f051af4589eeb3c81a6fc
CRFS6032,CRFS6032.png,approved,False,af947afa016bba5308a2b7c74fdd2043a0c51feaa8da9c875f01ffb70c70f391
CREFR-S108D-2A,CREFR-S108D-2A.png,acceptable variation,False,436371fbc9d2f86f9386b043aef02b86b169127829a24ac9b46261908615efab
CRGA-140-1A4,CRGA-140-1A4.png,true failure,True,115d7b7b2b463d4df8696aeabd168d06be7ae4ed1faf53276778eaae7291fe5d
CRFEM7J00AW9,CRFEM7J00AW9.png,approved,False,b39aa89b149be60132460a66209dd2ae210b2457994896f5ed463f5115e5cc42
CREFR-526D-3A,CREFR-526D-3A.png,true failure,True,f066a43d2539b47e5ca336a1d21bff0ccd84cd1647a4ef40ba97dc1bb81decdd
CRF20622-P,CRF20622-P.png,acceptable variation,False,12f107dfd171dc9c6113f05144dd6b520d65256853d0c4f8036759f43ed2a6f1
CREFV-640D-1A,CREFV-640D-1A.png,acceptable variation,False,5236365d06f2de053b2862f4edd2315fa1dfcca6bb34e64a9c25ea9c3aa8a1c0
CREFR-526L-7AV,CREFR-526L-7AV.png,true failure,True,054ed65408e63520a267bd08a1fcd2ea11fcb4b35c8568bc0e52ca31b4a17d4e
CRGA-100-1A2,CRGA-100-1A2.png,true failure,True,fbdce28f3eacb27a2c7bf2213dad391a5bde857b0b1d1d99a338427ac000ca50
CRGA-100-1A4,CRGA-100-1A4.png,true failure,True,3c997ae482153f046766db33180b5d3ebd2c4843bd3242bda93a23f040d87639
CREFV-640L-2A,CREFV-640L-2A.png,acceptable variation,False,efbdba54eff96bf477a5292ecfbc431faef41398e295e9a63e234d0618e64bd2
CRGA-B2100BEG-1A,CRGA-B2100BEG-1A.png,acceptable variation,False,9afc0c26471e26af43e2ea7104e8865231a01e8e063088383891b4e42de2b4a9
CRSKW3159,CRSKW3159.png,acceptable variation,False,46e03e504d58059875e2fe06eb5926117c54259c61322fb4db1eac2ee3bb8d4a
CRMTP-B185D-7AV,CRMTP-B185D-7AV.png,acceptable variation,False,82c001da39cf74ff309084933eea1e8f476643f4c681a3c13857171f4ecc34bc
CRMTP-B185D-2A1V,CRMTP-B185D-2A1V.png,acceptable variation,False,5b35756bb2524e724144560cfdd9c846290d0795d8441f58412139457f805f5a
CRMTP-B185D-1AV,CRMTP-B185D-1AV.png,acceptable variation,False,17f83a06d30214815b6cc5c2e6da44383e000bb0853ce9390d117e8fbf8488ab
CRMTP-M305D-7A2V,CRMTP-M305D-7A2V.png,approved,False,428f4c49912a351b6d2af01cf1dd8b7e64a29c1a1a7fb9951cad104bc80ad373
CRMTP-M305D-1A2V,CRMTP-M305D-1A2V.png,acceptable variation,False,6d90ef8be4bdbe0ce80783a8a80a197a24bfffd92625be9e7b2b43efc7713975
CREM70005D,CREM70005D.png,acceptable variation,False,da881a4568ed952e02eb536e13ef7396fa01db87a07d95ae0a425fcd122eeeea
CRG-7900A-4C,CRG-7900A-4C.png,true failure,True,5c7fa1bf709288258f41b02f4632ec6d6b8b5f3d3b68d39bd0a01f854aa9fbc0
CRSAB0C005C8,CRSAB0C005C8.png,acceptable variation,False,db83eea59267f6b9d2a82e8230d5d0707ec52574baba5ff20bdb81e647deff64
CRGA-700-4A,CRGA-700-4A.png,true failure,True,65160e924386d97e95d5be2f699749c1af0048e3d1eb17f2a842d8411eb8e9a7
CREFB-109D-5AV,CREFB-109D-5AV.png,acceptable variation,False,e0c2cbe82e5614bb59ae438efcd716b762f40cb259399ab6200161255a0e4446
CREFB-109D-3AV,CREFB-109D-3AV.png,acceptable variation,False,50145b0080f26c849a4de64f86d006477957dcb1f0cc01ee6b4417a98625b854
CRERA-130D-2A,CRERA-130D-2A.png,approved,False,e39e3096b54b0861f91a0da7bd92540ac6ec79653de379120270dd99c6ceb3f9
CRBLS-100D-7AV,CRBLS-100D-7AV.png,acceptable variation,False,47c6ae3b538fb0e677f30dedd00502bc907c197c8838b99f53b81ff2b916f50d
CRBLS-100D-1AV,CRBLS-100D-1AV.png,acceptable variation,False,deecb1c42cbda7ed3c445f05f6ac6a74ba6f0475793425d0c9c8bef9d0268235
CRGA-B2100MF-1A,CRGA-B2100MF-1A.png,true failure,True,0a8ab6d0344eb3e6b2bd1dcae14d8bf524d611409ce2db8ad13cf4c8f0cb9af6
CRGA-B2100FC-3A,CRGA-B2100FC-3A.png,acceptable variation,False,a1c5f396273ccd72af40e318f7d1774aeea02b1f1d9e0609af1edf44c691aa09
CREM70005B,CREM70005B.png,acceptable variation,False,ab437964f9d325fc860654b97589e2c4576c8c0ac49b019ab038d36df1e40e6e
CRGA-700-1B,CRGA-700-1B.png,true failure,True,9cd66b612bbee4fe234dda51316660ddb3e155660144eee73b6c32422eba1385
CREM70002D,CREM70002D.png,acceptable variation,False,fd04e8148c9be0f194c88fbe887a7695bdc92655b97fdca1e7fc3433190384ee
CREM7P006B,CREM7P006B.png,approved,False,dc02c9d4a8431406eb02feec6ff061cf945dcada299b5e2337ecefe68f13d54a
CRRA-AB0E10S19A,CRRA-AB0E10S19A.png,acceptable variation,False,163caf549a9be6ba4421ab1bcf76cb74e80020a2b60d68f3ca8c1bba20cd48a5
CREM7P00EC,CREM7P00EC.png,approved,False,f615956a459e30c7a41c5502d583a4ccbdc2404b9d11f778f686935c63eb34f9
CRGMA-S140-7A,CRGMA-S140-7A.png,acceptable variation,False,def1868bff7b2ade94959cd517ec1066a450b459b425539d3976e8952b7e5c44
CRGMA-S140-2A2,CRGMA-S140-2A2.png,acceptable variation,False,228ca4d657008a267ca260565733270f30792fb3da61d42867e79603fb42b4a6
CREM70002W,CREM70002W.png,approved,False,13210bdadbc1e53fa3e9cdfecaaca9b7684222b6d258d6f5fd7afd9054fcdafd
CRMTP-M305L-7A,CRMTP-M305L-7A.png,acceptable variation,False,a6e72722d412a90a68f3bac2f666e0e6436b0c0258b259ecdc6c1aca62f8080a
CRG-7900-2D,CRG-7900-2D.png,true failure,True,3f53d87d545048ae5ff6975f08cd46fd31cf81cf2818450d524e4acfc77e943d
CRFS6122,CRFS6122.png,approved,False,f963a3f8b153da6f487c50bf636c7a8b07d06dd56a2dd315767d75a58735c7c5
CRBGA-280-1A,CRBGA-280-1A.png,true failure,True,871e56d6dde79a8ad5e30fb14bc446ec7c77cedae2ccfd596939f5f0151d6d1b
CRMDV-107D-1A1,CRMDV-107D-1A1.png,acceptable variation,False,c3a81a70ab79a80e246a7c5d531c747e05b48f9bba79b07e7fb0c0037b669df4
CRDW-6900RL-1,CRDW-6900RL-1.png,acceptable variation,False,9b5b17b6529383df60c0bb032a45842cc7fdf3c8eee4bbecf75e318facc937b5
CRRF1409MTP-B180D-3AV,CRRF1409MTP-B180D-3AV.png,acceptable variation,False,f1a32dbf07078711058691ea005088a2bcb705be1dda9542453ac9cba47195f6
CRRF1405W-217HM-7BV,CRRF1405W-217HM-7BV.png,true failure,True,6261323893522aeeff9997622c97138a1f2df0f54fb92efd456671efeb40568d
CRRF1404MTP-B145G-9AV,CRRF1404MTP-B145G-9AV.png,approved,False,e10728c3a46deb092d4fa8f4b121e3b37c74b5f1893947bedb522e970b35488f
CRRF1403MTP-RS100D-1A,CRRF1403MTP-RS100D-1A.png,approved,False,a9972a9a9f5099de9e4906317599538ed26d9a96d38d96e00d59eaef1aa9f18d
CRRF1402MTP-1302D-7A1V,CRRF1402MTP-1302D-7A1V.png,acceptable variation,False,b379dcde5093d54b824d9d11902dd0b5e5f4c0f2110f8d0c1f3262ae7353bd58
CRRF1400GA-140-1A4,CRRF1400GA-140-1A4.png,true failure,True,ba60713b19a37f03826ce86a5e8ad8406354571682bee04a13e39ef0ad2ac77b
CRRF1397MTD-135D-7AV,CRRF1397MTD-135D-7AV.png,acceptable variation,False,8cfee5f23061aa1357e0c0e28b580c46dfb5bc8faadc3d0b3d3ca0a71ebf2426
CRMTP-B195RG-2AV,CRMTP-B195RG-2AV.png,acceptable variation,False,0a44849a2c73d87dc0415a4a4f601c8afa5c852888a57249055f22247a8f2fc4
CRMTP-B195D-7AV,CRMTP-B195D-7AV.png,acceptable variation,False,0cbbe109c3c62cc0f57c1f3e7f5f5746fcbfba91055eed07f442a9b0f714ec45
CRBI5110-54X,CRBI5110-54X.png,approved,False,2dab0a7faa7f135297ef85134d71003513a6fb85a73b3a55ec6a1f90cd11ef58
CRGMA-S140PP-4A,CRGMA-S140PP-4A.png,acceptable variation,False,75044a3ccfa6435d0993f33706aece005170f0f6f72315e109bfc6bf5720531f
CRMTP-B146D-2AV,CRMTP-B146D-2AV.png,acceptable variation,False,536e7e863725b72293e10b913efc2dcc627bc2f245f5719835f50088adc2bee9
CRMTP-E735D-1AV,CRMTP-E735D-1AV.png,acceptable variation,False,dc2bad7d4ac72b549c52f4afc5d7de8b4dbaf3bca2f11da4d3e586d7cf53ae83
CRMTP-E735B-7AV,CRMTP-E735B-7AV.png,acceptable variation,False,5e448084e21ad5a3ebf9f824ae99c3d6f6b033a65834347d2548068805921aea
CRLTP-B170D-7BV,CRLTP-B170D-7BV.png,acceptable variation,False,8fc55ab241c1da4d7dde6637735e00dc23f2fd576992140ec9a0dc18bdd16d2e
CRLTP-B170D-4BV,CRLTP-B170D-4BV.png,acceptable variation,False,79a81ff71a75c9de8cf2221baa61d9764eea3572dd17ae444332bf8c17e8bedf
CRLTP-B170D-2BV,CRLTP-B170D-2BV.png,acceptable variation,False,ff2abfc302c084f5d7abbdf37ddba866d9727ac607b0d1c8e2b6bac9a02471dc
CRLTP-B170D-1BV,CRLTP-B170D-1BV.png,acceptable variation,False,b15cd1fac0bd581eec4b976179d55659ab9191040d19a65b86b1df6eebdd1c1e
CREFV-640D-3AV,CREFV-640D-3AV.png,acceptable variation,False,4c3cacb43785360389f9ea2c5721a32a184bf383097a40d3f141baa2096381c1
CREFV-640D-2BV,CREFV-640D-2BV.png,acceptable variation,False,2e99593720c47b8e43a96cfa0d35642c03469b84d1749beb922033aac7d7865d
CRGMA-S110VW-4A,CRGMA-S110VW-4A.png,true failure,True,455692c9cd63d5fbc3a350de48bade78f618c3a30da24c64d691c4be282ddddc
CRGMA-S110VW-2A,CRGMA-S110VW-2A.png,true failure,True,85b4d5acb936c80b016cc0e8d2dd3d223b19784bd11bdcce38a768394d3431bc
CRGA-110AS-5A,CRGA-110AS-5A.png,acceptable variation,False,83c8b43f1c92437b8238f2ae496ce2515ece793784673fa0d39610bc9cd4bddf
CRGMA-P2110SC-4A,CRGMA-P2110SC-4A.png,approved,False,712fc715a735cf181fe39e11c6dc2078f2d535967509a69f34cfb2b2e51b411d
CRGMA-P2110SC-2A,CRGMA-P2110SC-2A.png,approved,False,be36550e359d6c81b0dd5f690222a9b10ecede4fbdc15f644f059776690421ea
CRMTP-E510D-5AV,CRMTP-E510D-5AV.png,approved,False,4a2e430cdcf776af10bc843081587892697ce1a505b36e18c114c520b750cb8d
CRMTP-E510D-2A2V,CRMTP-E510D-2A2V.png,approved,False,4157b1ab6ad65d34a75fe63b037b8cafed99413d9e6706684dcb4484963cc0a3
CRSAB0C007W9,CRSAB0C007W9.png,acceptable variation,False,207d6cd46870802b1403ee965db181ac7c541c8849efeab88cb5cb169f39a713
CRDW-9052-1VDR,CRDW-9052-1VDR.png,true failure,True,7109b32c4e9fbd22a5d30247861df994364c1cbfcf2748640927b4b073915ede
CRSAB0C004B9,CRSAB0C004B9.png,approved,False,bb062f56bd0c4542a707e663d9a5c670e2ed51147f6dbf87f7d9cfaab015a26f
CRSAB0C002W9,CRSAB0C002W9.png,approved,False,580bb8118a37b8688ab1080f98c1ae5939572724e8dfe4776bd5975dfc7e095d
CRMTP-B315D-7AV,CRMTP-B315D-7AV.png,acceptable variation,False,c50039bc6e0d4179c29760059b9850c522180f2d87f7215b13c19b278459328e
CRMTP-B315D-1AV,CRMTP-B315D-1AV.png,acceptable variation,False,c0bfd66e6a0f4f4bb74a79b3f4f4da3efc636a96d82c11595cac94915d5e6555
CREFV-650L-7AV,CREFV-650L-7AV.png,approved,False,f3a89bab124b040beb891ffe99f573d8bc8243a3e6314fffc1b8622ea21cedac
CRGA-110RL-1A,CRGA-110RL-1A.png,acceptable variation,False,7a90b1ddccbccdf354e3c282316b26b79a64974872c8ad6e422a8374f4416819
CRABL-100WEGG-1B,CRABL-100WEGG-1B.png,approved,False,f944d29f2f9b5cd4a34e01dda423f9d0786901d8c47c51fc250cfa8d5ae27610
CRGA-2300-1A,CRGA-2300-1A.png,true failure,True,46e6c90fba8b2158694ab66dd70a71c252efff87983ee4e9513ca8a7623de3dc
CRF20707-3,CRF20707-3.png,acceptable variation,False,8ffe9291d9918160cbfef279bbf1186d5fd2b23297f03ffedc475a16a643cd5f
CRBG-169U-1C,CRBG-169U-1C.png,acceptable variation,False,cba8daaa98d804ddd2c01c708a6ff778189303786a50137c9deca17bb9039dae
CRBGA-15K-4A,CRBGA-15K-4A.png,acceptable variation,False,629811bb2bc5ac0c07391548f1589bbdea3027b415f804d72ab525ab56c3e702
CREFB-109D-7AV,CREFB-109D-7AV.png,acceptable variation,False,e05d22d1e455f653f30f36ab13953133152127d06e964f3541d49fc02e51f1f4
CREFB-109D-1AV,CREFB-109D-1AV.png,acceptable variation,False,e4c6c7b884fc8bb73b74c9acb0d805ed70ad5beba1399b4fdfb3f2d474156d33
CRABL-100WE-1B,CRABL-100WE-1B.png,acceptable variation,False,ac82be38d233b800fa3dc2344ade49b290bc58a355410afa4d3f142549c3880d
CRAMW-880D-1A,CRAMW-880D-1A.png,true failure,True,4cca922122a1e30918ce257fbdfb57cfff35f067a6f1e7993186cbd32a71312d
CRFAB0000EB,CRFAB0000EB.png,acceptable variation,False,286ffedfdfa1cd5c744236ab66a85bf4bafd21e15c63cbd1473c99845783d8a3
CREFV-160D-2BV,CREFV-160D-2BV.png,acceptable variation,False,e5432d128c5968aca85558af941c2603e1b21910a23b0776d228dec353b9f26c
CRMTP-B210D-7AV,CRMTP-B210D-7AV.png,acceptable variation,False,55824ac4fbda770f18831ea8e0e063b592de624f9567d3f46ecf86688e75c3cd
CRMTP-B210D-2A2V,CRMTP-B210D-2A2V.png,acceptable variation,False,bfa8d5ec5f7498e85352a5a002a3f4b1026a5dc53195abafdb7883aab27afc22
CRMTP-B210D-2A1V,CRMTP-B210D-2A1V.png,acceptable variation,False,56abc39aeef92e74f38f5f1b718eb69eee99c1722bc1393b9e4d95d31aa8155a
CRMTP-B210D-1AV,CRMTP-B210D-1AV.png,acceptable variation,False,817e0cc4bde4cf425e04a6cf983e1ddaaf773f1b18dab58f7d4b1e66cc4bc7a2
CREFV-C120D-1A4,CREFV-C120D-1A4.png,approved,False,c90c5b0883de178fa046fdf728ae2adb21288eca2a9632d3d86b11f86220817d
CREFB-109D-2AV,CREFB-109D-2AV.png,acceptable variation,False,e16c2b11746c53b66335672dbeaa7f66b1e9afaff898cfdf5f9267ef08a44bb1
CREFV-650D-3A,CREFV-650D-3A.png,approved,False,99082f0d9946b2361310b6033bfa0e26b5aaa18e4ba7b8e50e3d418692654f74
CRBGA-10-3A,CRBGA-10-3A.png,acceptable variation,False,d53524b909b5a9152b5ce23e088cb6bff24e58e701a11524f06c35612c265b58
CRGMA-P2100PP-4A,CRGMA-P2100PP-4A.png,approved,False,89b671ca3b2eee88757db097f9bced72b68ec2fd74e3efc87d036419210f3865
CRMTS-RS100D-3AV,CRMTS-RS100D-3AV.png,acceptable variation,False,8c079f224b32e95e2abc19fb8dcf35c8f1c05b1f1feccb0b2df6bd8a9c874419
CRMTS-RS100D-2AV,CRMTS-RS100D-2AV.png,acceptable variation,False,127860f31fc2b3ef614a8e81c7d3ca4d8c3afa7bbb34e0588fa88d51e1747439
CREFV-C120D-1A,CREFV-C120D-1A.png,approved,False,2e235d85ca90bbf6e6bbecc1218b0a71e1f5d85a58f7d7ad49ebbefcc2a48764
CRAMW-870D-1A,CRAMW-870D-1A.png,true failure,True,1806ca00d3b55bb7f3f007761827ec2938c8a506bd6c7a80b2c6f5af08432b58
CRFAB0000DK9,CRFAB0000DK9.png,acceptable variation,False,d9c24f9e43918310879aa5bafd795ccf315fba9d9054374b0e16ee48d2655d13
CRBGA-10D-6A,CRBGA-10D-6A.png,acceptable variation,False,95e90679a44683a4c811be9e717126e12ce2bc9dc171ef117a9b6cdd96d4f0cb
CRRF1207EFR-552D-2A,CRRF1207EFR-552D-2A.png,approved,False,307dda4a3e92db76f7aa2e761dd416981fdc707b1815a2d48d54da26e0832cce
CREFR-552D-2A,CREFR-552D-2A.png,approved,False,307dda4a3e92db76f7aa2e761dd416981fdc707b1815a2d48d54da26e0832cce
CREFR-526D-2A,CREFR-526D-2A.png,approved,False,11aca258bbd282f433cf58cf69c8382f03661620361dee9668c079666bf37ed3
CRAMW-880D-3AV,CRAMW-880D-3AV.png,acceptable variation,False,e7c119e0d4b9945c24d9437d746a9baab0eb4f7e3d5945aa4546b93eff3426d6
CRBGA-10D-2A1,CRBGA-10D-2A1.png,acceptable variation,False,d2bdd22b4dbf0513682bc7e87b134bdcea5dd49d34017c141d51b7a21b468558
CRMTP-M307D-3BV,CRMTP-M307D-3BV.png,acceptable variation,False,5d5f3a93b6b24fa1ee3ced75a37cf373eede9dd8c076f8e515aaa6b8c331571a
CRMTP-M307D-2BV,CRMTP-M307D-2BV.png,acceptable variation,False,ccee39cf73de555a1825c73fd1fdb986ab0842dba7ae45878db75071bd3dc5dd
CRMTP-M307D-1BV,CRMTP-M307D-1BV.png,acceptable variation,False,cb50864639cd46a9e15541de0c971e7dd4123080374530f37b7013bc9546be94
CRMTP-M306M-8AV,CRMTP-M306M-8AV.png,approved,False,13a5b2432dce61ec06a3f413392ba059dd1319ca046150a782e4f213dd00bc88
CRMTP-M306M-1AV,CRMTP-M306M-1AV.png,approved,False,d438a389bf42a007a071c6a4161bc0e6c22b26be0dbb7ab1746140f7dad2dcbf
CRMTP-M306D-7AV,CRMTP-M306D-7AV.png,acceptable variation,False,3e8e88b934d9c222835d3d72ab8ec9a68b3578721b0113b922f4f4544211be46
CRMTP-M306D-2AV,CRMTP-M306D-2AV.png,acceptable variation,False,8acd132ee600ab652f0e222fa6e4cc7d33a32d9a4773bb4b3d72b2ddfeea517a
CRMTP-M306D-1AV,CRMTP-M306D-1AV.png,acceptable variation,False,dc66f715f4406b07891cba6c587842ec0da8fa220b2b35bd7543f59b7e3d0c42
CRDW-9052-2VDR,CRDW-9052-2VDR.png,acceptable variation,False,2c19e2d74aa3d01f366557b583944614135a4dcdf3251da6a6b7c90a5b809b30
CRGMA-S140PG-1A,CRGMA-S140PG-1A.png,acceptable variation,False,4793122b72f90ad5031d51b2a5e6e60b528215861770942d9a2915129ae27c40
CRAQ-800EG-9A,CRAQ-800EG-9A.png,acceptable variation,False,61446e2a635e342edf0ef844f5be32a41d76ef288c3b0999c6ab202e6d57de82
CRDBC-611-1DF,CRDBC-611-1DF.png,true failure,True,3b7fbd6d35ec76088ad225db6136707c877526ef16695d5080a993f33567a961
CRBGA-15K-7A,CRBGA-15K-7A.png,acceptable variation,False,2b90da389ffd01b9a7399d5ef19df6001b2b241d8e9f51b511b8d829fc70a2e7
CRA168WEGB-1B,CRA168WEGB-1B.png,true failure,True,4b3d5a6a9eb0b50ea766bfdc9c420bf090d04e2fbda2b58dea6e8295a0cccc9e
CREFV-160D-4AV,CREFV-160D-4AV.png,acceptable variation,False,404c891689f6d70dc20627ec77319f6c98e80b0d3c3d65467c0e3b0dd47df92f
CRGA-100BEG-1A,CRGA-100BEG-1A.png,acceptable variation,False,4e761dd9cc9fed589136519ddad475946b0a7dad9945853185103786077ff910
CRMTP-B215D-2AV,CRMTP-B215D-2AV.png,acceptable variation,False,0398d87e8bc29f43aed8a22a0fdf05776da3ee7ffd84f58489944298a4797723
CRMTP-B190G-9BV,CRMTP-B190G-9BV.png,acceptable variation,False,6a0533051d4edeaf6f218c97d159fe448f8e097d3174e491d44f63671255b163
CREFV-160D-2A,CREFV-160D-2A.png,acceptable variation,False,efce16380b8461720dfb70cb84e9b6afb8623b704a773f67afc486b7df1e8324
CREFV-160D-1A,CREFV-160D-1A.png,acceptable variation,False,60ca6336b23c39672f360532555ff1782eeabc5d96d5717b0ab67990b66a7093
CRGMD-B300SC-4,CRGMD-B300SC-4.png,acceptable variation,False,54117d73d5e75f101c700aff2820b9c9c7bae7eb3e68d30dc63774f484e9d0f0
CRGMD-B300-4,CRGMD-B300-4.png,acceptable variation,False,2bbfbf0bd4f0001ad3a8c169233e0e9e02baf8df9ab3ca55d599642e422a8682
CRGMD-S5600NC-9,CRGMD-S5600NC-9.png,true failure,True,7390cf0693c7673f782d92cd7f497f71693361d65c2d7a9f84dddda399e6b2e0
CRGMA-S2100NC-4A,CRGMA-S2100NC-4A.png,true failure,True,16062ef5dbbfafb102e3f5c75942dc1bcacf2f293805f45d4705ef7223a5dc59
CREFV-650D-1A,CREFV-650D-1A.png,approved,False,f887272f3eaf7da00c2cf52fd688247d07c4b0570799ba9507b5d09550b9ce0f
CRBGA-15K-6A,CRBGA-15K-6A.png,approved,False,e10998a7901d5c04d0b3275abd7e333da333f611b92181f66fa9dc4b05eae176
CRGMA-S140PG-7A,CRGMA-S140PG-7A.png,acceptable variation,False,c5171da985e4eb367eae89afa7ea420650b8bd982719079526e5a99678d7ebcb
CREFV-160D-7A,CREFV-160D-7A.png,acceptable variation,False,de15135e92d7510cf73e57af4e41e59909301c8f0ed82169d7bae7169b44f5e6
CREFV-160D-3A,CREFV-160D-3A.png,acceptable variation,False,ddd5992d45aef4219bfaa7eb651336f0e9a5e3c2fe6834f75ec60781a34d52d5
CRABL-100WEG-9A,CRABL-100WEG-9A.png,approved,False,17a0af3487c2bb9f2d858bd666ca655157dcbf0980412ca2464a3837bb84f93d
CRF16477-1,CRF16477-1.png,acceptable variation,False,e9d5ed86acd67b558fe2ecfe54b1a5170a14154d9bd54fd028ef4b7fa68a1509
CRA130WEG-9A,CRA130WEG-9A.png,acceptable variation,False,e6b05b27210dc06d21280397b0d7ef3b2309e1a071b5c04683a7d275411c8547
CRAMW-880D-9AV,CRAMW-880D-9AV.png,acceptable variation,False,f131a3f19dcc3a5bead4e5db5c8dd38c5e1db372f8abd58d3e49f165e8d57b06
CRAMW-880D-2A1V,CRAMW-880D-2A1V.png,acceptable variation,False,c357e7e8bcfe544f349c3f919b4e9b8bc32dc288a695d6aed136713638d3bde7
CRMTD-125D-3AV,CRMTD-125D-3AV.png,acceptable variation,False,33d81e90a975e6a26b1e7d3cef212abe9cb5f804c474e58352f569c9c3bfa96b
CRGD-010BEG-1,CRGD-010BEG-1.png,acceptable variation,False,7cd5d347e11fa1b20f344e6d92280e8d267cd83be8f55cdf9c91b998e842c18e
CRGA-700BEG-1A,CRGA-700BEG-1A.png,acceptable variation,False,f9e8e5486735670b0567d9d6b48ae6de95f0d97eb273a46d1116c54f1a1f7fbe
CRMTP-B190SG-9BV,CRMTP-B190SG-9BV.png,acceptable variation,False,97d64d167be8792e8675f155f1a8868018f5f8d68717121d221e60d3de4647fd
CRRF913AMW-880D-1A,CRRF913AMW-880D-1A.png,true failure,True,00efaf4d748654d806d673543baed1152ffc692e158d6016b21d84eae6f1b581
CRMTS-115D-8AV,CRMTS-115D-8AV.png,acceptable variation,False,95a8515cf6e83133c3ac770d30bb9fc786f22ac135b96e887987cbfa17208ac1
CRMTS-115D-7AV,CRMTS-115D-7AV.png,acceptable variation,False,727e8ad076c2c909c35ddb6ea1b77d95196bfcae046274008d3f05776df93c94
CRMTS-115D-1AV,CRMTS-115D-1AV.png,acceptable variation,False,bd151664823d01ffa02ce76bb00bea4ab8fec3dc5bfc667186b2fed5711512b5
CRMTP-B185B-7AV,CRMTP-B185B-7AV.png,acceptable variation,False,47c1a2d1c36f783de248235c1b9a89bb7236c717e5e1b1ec546239f0058b499a
CRMTD-125D-7AV,CRMTD-125D-7AV.png,approved,False,5ad286c88859cf0cde45d71f4ef7c67d45810bd4a3472447cf20de26fc0b2fa2
CRMTD-125D-2A3V,CRMTD-125D-2A3V.png,approved,False,13b5d2231ecba61969dc1a30af1f65f588d37c37e0d3b935e92deab81ca80cd0
CRMTD-125D-1A3V,CRMTD-125D-1A3V.png,approved,False,424e2ce023facd2effa5c63a9948896f2102447bc9ec921f3f9c2ef378dd5665
CRMDV-107D-8AV,CRMDV-107D-8AV.png,acceptable variation,False,7da414192d88b3ba401401b454ad7b2c96eab632f711e33a1c8f81c3c5dd3dd1
CRGMA-P2100BB-1A,CRGMA-P2100BB-1A.png,approved,False,cc28035c4980ba81a28ed86ac421309ea304fc079011abecca6bafc8403e02ee
CRBGA-10D-2A2,CRBGA-10D-2A2.png,acceptable variation,False,3b304ddf9c3eb2a62a805fa323834a7e4afd1f98bc98b0bafb1ae18c78384398
CRMDV-107D-1A2,CRMDV-107D-1A2.png,acceptable variation,False,e4e9aab99ed6c39d3ef347e379e2c720f49073ddc68aaa64b5243b5b22e4c0da
EAMDV-106B-2A,EAMDV-106B-2A.png,acceptable variation,False,6f235faadb14a4a76949b67907264268b3b34c602584df45bfb5669b5ab0cbc9
EATRT-110H-1A,EATRT-110H-1A.png,acceptable variation,False,bb1e671e2ba865fa65ad4df8d6c0e17d5989f675f70f0064ca935a9180ff731e
EAMDV-106B-1A1,EAMDV-106B-1A1.png,acceptable variation,False,122710835acf5868e7f6c2b00c42f407052b30bb7d878877170d1ddb322b6059
EAMDV-106G-1A,EAMDV-106G-1A.png,acceptable variation,False,98f890b3a3519850dc80a0cebe43e42d7c10b7a46b225dfb5681039c827b4fae
EAMDV-106DD-1A2,EAMDV-106DD-1A2.png,acceptable variation,False,181f10b040443c659b01d3fec2081c9a91879b16f8febe20ec082e8217850ffc
EAMDV-106-1A,EAMDV-106-1A.png,acceptable variation,False,3451c4b82053fa44e0c3083184da49ab421b9eb9531400fd9cbaf484463e67a1
CRRF385MTD-130D-7AV,CRRF385MTD-130D-7AV.png,acceptable variation,False,434b7124906065d66b6f56f92b81b108c38ed8620e2b4f030d0d6bfb5b16ea1a
CRMTP-E515D-8AV,CRMTP-E515D-8AV.png,acceptable variation,False,2d69a78336480caff396d7e02cd56efa9aae7757738be9fa8329b6aef54e8261
CRMTP-E515D-2A1V,CRMTP-E515D-2A1V.png,acceptable variation,False,2d92943528da7d98c5fafe238b7328096fa2887135bf4cacbe780153ed375e6d
CRMTP-E510D-7AV,CRMTP-E510D-7AV.png,acceptable variation,False,5a2e7149eb2583eacb52ca40fdfe73013852855b65cbaacd2b53e01b3e834343
CRMTP-E510D-1A1V,CRMTP-E510D-1A1V.png,acceptable variation,False,045b293a5724bf1ee79b6bf960e34225ef4a2fc3200e6634b7ebfd5df3552d2e
CRMDV-10D-1A2,CRMDV-10D-1A2.png,acceptable variation,False,b10ae2b5a9d21b89155ae17d353f49a98fa187c54a997fa17a3c438f3a61ebfd
E4971850742333,E4971850742333.png,true failure,True,b773590083ce5b8ca2efe4a07fc6739c3319ac0b3cd7c12a5101eae32c27217d
CRRF1415LA670WGA-9DF,CRRF1415LA670WGA-9DF.png,true failure,True,ef25b7c0afc9abaf2721dbc53b450d4c8448304ecc20dc720d255cdd2d399fbc
CRRF1412A500WGA-1DF,CRRF1412A500WGA-1DF.png,acceptable variation,False,e6625ee5db9af6c6cc6d45ad6c60c48dc66126714124960efa2d4c27b35aec14
CRMTP-1303DD-7AV,CRMTP-1303DD-7AV.png,acceptable variation,False,62df918c5bb1b68fd61a3ed31e88bb62a200cb18e2193cb983f9d6b0310c9334
CRBGA-10-6A,CRBGA-10-6A.png,acceptable variation,False,9e516be693ba5a93f7cb7829c923ea154a96e628fa035372d5a1e65bc181635d
CRMTD-140D-2AV,CRMTD-140D-2AV.png,approved,False,d22907515d37d242871399d2bfd8fe0ab51216cdac89b0d55afcb42a8d1890f5
CRMTD-140D-1AV,CRMTD-140D-1AV.png,approved,False,a9a617829b3246b1a66d599d8ce917107d354c0f703d14dd47539b7edf289f13
CRMTP-E735D-7AV,CRMTP-E735D-7AV.png,acceptable variation,False,99c1aca92950619b531ad3b9957d7197280e4001d1235d87a19dee08e4372c20
CRAMW-870DA-2A2V,CRAMW-870DA-2A2V.png,acceptable variation,False,55d9e717b640cc34dcb95104fedcdbfc98f473614b05633464ff33dcf002335f
CRABL-100WE-1A,CRABL-100WE-1A.png,approved,False,8817b541d91e17c35e3084fa07ddbff1d6a68d3ed9b9be310099b4ed2b88a87d
CRMTP-B145G-9AV,CRMTP-B145G-9AV.png,acceptable variation,False,e10728c3a46deb092d4fa8f4b121e3b37c74b5f1893947bedb522e970b35488f
CRAQ-230A-2A1,CRAQ-230A-2A1.png,acceptable variation,False,6886566c1696369dce3e74862925e022a7c0df29d80db9ccd4c8e235176c2814
CRDW-5600RL-1,CRDW-5600RL-1.png,approved,False,21d85260e9a7afa333bbf0b5a3f47b8e4c6454c9a7a35454569c4dbf26297ee4
CRGMD-S5610PP-4,CRGMD-S5610PP-4.png,approved,False,eff998b99d5b291e5f8076ab5e18b4855972a6e92bd9e736f9c9dd485c99d6bd
CRMTP-B146D-7AV,CRMTP-B146D-7AV.png,acceptable variation,False,65f7239727e82a057d5c2a41274086b458bc42c59190bf59a07b61e333850380
CRMTP-B146D-1AV,CRMTP-B146D-1AV.png,acceptable variation,False,ce5efdd4b6a7bb40ff9a67b46505c438b5e19cd1e829e0a22690f74081f62cee
CRMDV-10D-1A1,CRMDV-10D-1A1.png,approved,False,7ea86820216f16461d50294f6e3ba5fd408de0897bea9ec6707832159d726f67
CRCA-500WE-1A,CRCA-500WE-1A.png,acceptable variation,False,acdd7a1b5cf8e0844995c4b3d26ff2ee7ad14678a157a0d9d99d62c39f1980ba
CRMTD-135D-2AV,CRMTD-135D-2AV.png,acceptable variation,False,2e7b14378d7f958088650b64637604feea6e6d89a8834b4a7a0430413afe5700
CRMDV-107D-3,CRMDV-107D-3.png,acceptable variation,False,4fd8fa2fa1662e172f6dbf56ebbb64400c9c8c2b161dbff6e2d77f9e24062998
E4971850965169,E4971850965169.png,true failure,True,5d276e79b5e9a7fd01e0c27269125c85de824bf9db809b4e680404abf5a7db42
CRMTP-B145SG-7AV,CRMTP-B145SG-7AV.png,acceptable variation,False,055e62d4ddcb2b433d6d253072bc9d914f12e7a094fac142d2d6d1114b563b10
CRMTP-B145SG-1AV,CRMTP-B145SG-1AV.png,acceptable variation,False,ac3fdeaca77a3523db8055783f2bf5d0dfa692d7f21def2dceb9b326de21ed0f
CRAQ-240EG-9A,CRAQ-240EG-9A.png,acceptable variation,False,627860d05429b746cc4c2feaae881dcf53fbf31b6185f59c6956ad28e10138e7
CRMTP-1370G-1AV,CRMTP-1370G-1AV.png,acceptable variation,False,4c95b14ae75af391e43593ab2cdda4e12be2c71f5ca6a877730a49464bb0bd61
CRMDV-107D-7AV,CRMDV-107D-7AV.png,acceptable variation,False,97ecb01056cce736bf4e0d809dd93e64edf095e3357383f631f6ab3fdc17570a
EASGW-100B-3V,EASGW-100B-3V.png,acceptable variation,False,4c7f07d0d0b2195fac64a19b03c705f82a0a6389343da2eac95bc72f1a347747
EASGW-100-1V,EASGW-100-1V.png,acceptable variation,False,9d62603d70785283178e931b203fad54880c0cc0cd2e55306fa79e5281c8c445
CRA130WE-7A,CRA130WE-7A.png,acceptable variation,False,0cf7054abb610907094da624abaf7c93cfdc4292b0e170223a7dda1c2b541a1c
CRA159WEVJ-7,CRA159WEVJ-7.png,acceptable variation,False,0e79a0ba38fb9d41f5b42dbbd7aa2e584dde2ed84f23c494d3cdeeaf54781e5a
CRA159WEVJ-2,CRA159WEVJ-2.png,acceptable variation,False,3a81f4a6449e92dcf6b846b333730391283de1450b42bbbca324edc6ff2a9782
CRMTP-VT05D-7E,CRMTP-VT05D-7E.png,acceptable variation,False,6bcbb7e7a9409eb34b0140746e48aeb1dff62ea5e2dffc6968ec261e19ae7b22
CRMTP-VT05D-2E,CRMTP-VT05D-2E.png,acceptable variation,False,0054083319787ff8a9f835c944db1116142bbab0c7dacb2124add83e122c65c6
CRMTP-VT05D-1E,CRMTP-VT05D-1E.png,acceptable variation,False,60ce83643def349933bfe5b83965bbde24ea3568a6745300c3916ecd2a7b1980
CRAQ-230EGG-3A,CRAQ-230EGG-3A.png,acceptable variation,False,9b121c11c70cbd70edd88a947ffc52a3853721516d24ab14be871727a00b80de
CRBGA-10-7A,CRBGA-10-7A.png,acceptable variation,False,a2d6449d05f5e990eea8e758c5e5d09fa4f481682daf0428a519a0d6483c8ccc
CRBGA-10-4A,CRBGA-10-4A.png,acceptable variation,False,e06f50890d81c978f17c5410bc07af05624184c5c026a5abcf854d8cb9d80d06
CRLTP-B166D-2AV,CRLTP-B166D-2AV.png,acceptable variation,False,f18bf32066abe08a52dd98f70fb575da6ec83bf5b61ebc659df5d8f83b14c573
CRA130WE-1A,CRA130WE-1A.png,acceptable variation,False,d4413701fe450ab4969326d9382cd2ec185c7da80a07d6b3a0a41e698ddd394d
CRAMW-870DA-3AV,CRAMW-870DA-3AV.png,approved,False,4f93f121cd85fffb56fbeedd7147e5afa0641b1a3fe44124b12a42ed7b508015
CRAMW-870DA-2A1V,CRAMW-870DA-2A1V.png,acceptable variation,False,03ee5a3c0c74295084df9423a01187a7f89bc15d856ae516adee2a2304c0af84
CRMDV-107D-3A2V,CRMDV-107D-3A2V.png,acceptable variation,False,da40b78347faa33182f0d7af2f60945a274c4af64c35f92cd995a70741b29297
CRMTP-B180D-7AV,CRMTP-B180D-7AV.png,acceptable variation,False,fab97cc8450f228f0a1d8e0bbd4c9d0c00893974267a558897f6725243dce006
CRMTP-B180D-3AV,CRMTP-B180D-3AV.png,acceptable variation,False,f1a32dbf07078711058691ea005088a2bcb705be1dda9542453ac9cba47195f6
CRMTP-1374D-7A2V,CRMTP-1374D-7A2V.png,acceptable variation,False,47e0f1e95aca3addaa7effa765e5e4ceecf71f1cf0e73f1ed39b930869c5d44e
CRMTP-1374D-2A3V,CRMTP-1374D-2A3V.png,acceptable variation,False,68f653d025a9242e70c433d76305dcc6cc9bb279365b87d980863580ea356081
CRMTP-1374D-1A3V,CRMTP-1374D-1A3V.png,acceptable variation,False,965d3873b2f40bf84f7005844386d9614f3e7d1ccf8d986d320f3b2593176dda
CRRF1227AQ-800EG-9A,CRRF1227AQ-800EG-9A.png,acceptable variation,False,ed4fbf16703f2998e0cc1dbd94ea8e80fa1632a80d696ba6b237f7bd73f7e6e7
CRMTP-VT03D-1B,CRMTP-VT03D-1B.png,acceptable variation,False,985ad98a0e3f73fd35f0ef27f68c6a38c7438fa6d27905e284fbdd9819411c52
CRMTP-1370D-7A2,CRMTP-1370D-7A2.png,true failure,True,a74bf19e97c3ce9ca693885c6143d35d4f56632630dcc85a4f08cfb3b7ade9f8
CR50218PPN607,CR50218PPN607.png,acceptable variation,False,af235ecea721c8407b060fdf0d21fb7e59fe39e21b1af7aad547dd105106bf2f
CRMTP-B140D-7A,CRMTP-B140D-7A.png,approved,False,c6692488594e58a79172aac132019a32fcc0e818bf3d7c9a438101281bd96cbb
CRMTP-B140D-2A,CRMTP-B140D-2A.png,approved,False,751bfc7b3d8b16e6e063bae946a4947bdc33bfcee26aa015b58833fbb71a0e56
CRMTP-B140D-1A,CRMTP-B140D-1A.png,approved,False,dc9c90fee633992408ec7967603c3ed92132ec4bcd609cade96fc76d1e9a22b2
CR50218SPN607,CR50218SPN607.png,acceptable variation,False,baf339e225ca54da991c4079ac8ddaba5e75f083871998ee0ffc406d4478c096
CRMTP-1303DD-1AV,CRMTP-1303DD-1AV.png,acceptable variation,False,a1e20b4c07bbd042c4b899acea70f5d56bb827ce2be72bd3ecec722bcafadecc
CRA168WEPC-7A,CRA168WEPC-7A.png,acceptable variation,False,3f4c3206fb86cffac5b83cb8c0f9ce95c293415d1af65f17751ad384e0bfc51b
CRMTP-B180D-2AV,CRMTP-B180D-2AV.png,acceptable variation,False,9465e26b9efbc1c8896d6b2165757f3fb0faacdebbc8da79350ecb871bae6566
CRMTP-B180D-1A2V,CRMTP-B180D-1A2V.png,acceptable variation,False,5ebe14e05ec630b9f38cf058b566eb4bce2d05bafad853fe595bb74a03642bfe
CRMTP-B180D-1A1V,CRMTP-B180D-1A1V.png,acceptable variation,False,e42912a9dd4a2321e51e5bd4c7b9ac7d21680f31fac0ee0a73dddf1b04fc093c
CR40218CBN107,CR40218CBN107.png,acceptable variation,False,9fa7a7e75f1d3ab3b3a2c7c9a7bce5ab9b5e5ed6512e4557ff4697fcf7cb9ab6
CR40218SPN607,CR40218SPN607.png,acceptable variation,False,4c17d8a75c9ab9ffb0d629424da45322714eed95c4591df50180bfa8cd6ac9b2
CR50218CBN107,CR50218CBN107.png,acceptable variation,False,6c8c6f713cd90e57626a18bc69e6f63efe59dd09a58c3d50c46917bcc156dbc1
CR00135CBN111,CR00135CBN111.png,acceptable variation,False,d24c1815c8c12950de8da5bfa46c333f2c523b646f7bbb41d375b58db109d21d
CRMTP-B145D-4AV,CRMTP-B145D-4AV.png,approved,False,64ab95337460224f09eb3c1e4d114556fe16b0b82d6e4518ea8d6586ac5183dd
CRMTP-B145D-4A2V,CRMTP-B145D-4A2V.png,acceptable variation,False,b369d55b5e8afe6884595fb80bde4a7ae8bbf9102ddfff26bb51a7a8f181a18f
CRMTP-B145D-3AV,CRMTP-B145D-3AV.png,approved,False,60992f6211057aaf726239b98c33fe628e4abe56d7b2e230987c6030860b2aa7
CR00127PPN611,CR00127PPN611.png,approved,False,a7586fba237b4c1583d0ddeea47dfd3b1ff0875a9ccdfb44ca1d05874c23b05a
CRMTP-VD03B-3A,CRMTP-VD03B-3A.png,acceptable variation,False,982ea9581541262b17fffe94bff431d76c861e2927a8033cf1125e6338906c0b
CRMTP-B145D-7B,CRMTP-B145D-7B.png,acceptable variation,False,307cb344eaea82fc2f95c2f9d1491e7c147a310a7721711b23c65c013a34a3e3
CRAQ-240E-7A,CRAQ-240E-7A.png,acceptable variation,False,2c3f7466e9ec39440e24af141216b8dd6890a8831685f27a0546c2412e524e70
CRAQ-230GA-5A,CRAQ-230GA-5A.png,acceptable variation,False,19a25d23d4fabfe98d2645f109577925e4d858160b1d0430f879aa33b051e257
CRA700WEVG-9A,CRA700WEVG-9A.png,acceptable variation,False,3c9701c64ce6c4b3300238e54a8983e0d8038d572b1273a71cf3bdf454b9ef01
CRMTP-1375D-1AV,CRMTP-1375D-1AV.png,true failure,True,5d25db70b07829e90f7fc8093db67fca46ddfe3513ebc53dc3023958b13e82c1
CRMTP-B145D-2A2,CRMTP-B145D-2A2.png,acceptable variation,False,044df602d6ab9360cdaa9b1683420b0315eef9bfc873fa84246ea6672805f3a7
CR90250SBN903,CR90250SBN903.png,true failure,True,327d4be382d00ee78ee1dec6922a6a2383493cdacb8ef95c8b43c0d7a3ffd8a7
CRRF1265A700WG-9A,CRRF1265A700WG-9A.png,true failure,True,84c7ba84ddf40475f2d0afd6b056395d82e815e96fd3b99f3ed3e82e63ecfe88
CR50218STN104,CR50218STN104.png,acceptable variation,False,1842128eb7d4e9c7c74cda3ca8bd7f38c0c56d29d5ae312df9e7a053ab59b2a6
CR50218STN102,CR50218STN102.png,acceptable variation,False,51d406d6c37fc6be228d592fa25199d62a202a6b4448089c96d709e619fc6e21
CRRF1413LA-11WR-5A,CRRF1413LA-11WR-5A.png,acceptable variation,False,3b2364875d5ccc548d1818fc54e4e5be702eedb3cda5888a76f15063fbada447
CR40210GPN107,CR40210GPN107.png,true failure,True,3a5779808f04c985476478907c676d51a767374fef678f147753c45cf22cc8cf
CRUTP-1302PD-1AV,CRUTP-1302PD-1AV.png,acceptable variation,False,6d8a36169141ac114bba4c224375d2d5b011e963309784dd76bb1d86363ec907
CRAQ-240E-3A,CRAQ-240E-3A.png,acceptable variation,False,5253ea4d1f1c66d23ba9082dd6395c2af04e735d65925a351ef8eb7fd4fc6125
CRLTP-1234DS-4A,CRLTP-1234DS-4A.png,acceptable variation,False,f9e375b5e78d384978c99932f13e96f3c05b22c35b55b9dc042afacd5abb7b1f
CRLTP-1234DS-2A,CRLTP-1234DS-2A.png,acceptable variation,False,e5541123c6259801c8734efc0803f7b4002ad17974d342b270ef6a303e31eda6
CRLTP-1302DS-2AV,CRLTP-1302DS-2AV.png,acceptable variation,False,ea603f06400f1d7c20a4954018d1a6ad5c28363622975647ed492920a538dc82
CR40218STN102,CR40218STN102.png,acceptable variation,False,26ab4aaebf507d7ef5ff5c152255a93211282c9719726b5b0973df584d332f0a
CR40215SPN607,CR40215SPN607.png,acceptable variation,False,456907b7a342f0ca7422c06faf9f931b9c9528db9f0598236b66c862c5e1d35b
CR40215PPN607,CR40215PPN607.png,acceptable variation,False,a140b84adfeb495c0142203be47b199a8381ec575073fc671221c09baec837cf
CR50220PPN607,CR50220PPN607.png,approved,False,e2aa01b6d849d2e29f7808e8e903e83849b48ecd5ddefdba996fe13d09bf74f8
CR50215SPN607,CR50215SPN607.png,approved,False,f73fbb0a777051c34bb33a9823f21938942b5aec319c1d438f7f9f0d061ac496
CR50215PPN607,CR50215PPN607.png,approved,False,8cf94078261907f18c0515fbb79acaa06e3494d5011c8dc3174b1caade62d1e1
CR50215PPN601,CR50215PPN601.png,approved,False,e450bbdf63f2e6b341f102f77b260f4f7355a5c9b53fe60d7d9b39c73b954649
CR40220PPN607,CR40220PPN607.png,approved,False,3cc6839b42805147fa378ee62cdc871479d7a3b316cb3e85ccfd8d045618247f
CR40218STN104,CR40218STN104.png,acceptable variation,False,4b49071160be934e658cb4409e9d7ed4764cac709682741f3693eee4718e3ec0
CRMTP-VT04D-1E,CRMTP-VT04D-1E.png,acceptable variation,False,ff0f81c519af7b1c1e608bd9908e42d805fb705ad3e6753db4f7c1e097f4541d
CRMTP-VD03B-2A,CRMTP-VD03B-2A.png,acceptable variation,False,bfcac4976903b59aa5c8e0a32603d376b58dcdfecba2485ee6a1ab3bcebed3a0
CRMTP-VD03D-2A,CRMTP-VD03D-2A.png,acceptable variation,False,ca04b5a8539eb19d8ab757a457752a067c0654d2a1f2570c49fe65acf7fa0cab
CRMTP-1375D-2A1,CRMTP-1375D-2A1.png,acceptable variation,False,a6eabdd6b056ac05c3d5a0bcaf1b32e55fe4cda03c7c78d439ff519881890c7a
CR50229STN803,CR50229STN803.png,acceptable variation,False,f8eda04d1cc243d08d36425e5faab738cbddd035058d9813f0c4ca0f50b27ed0
E889232374659,E889232374659.png,acceptable variation,False,94fb07582e01592c2feeb5c59ddb99734d9e15fecdefd01ea53141c1c8c151eb
CR00127STN111,CR00127STN111.png,approved,False,b3a982e4f85e49f93c2d9b7bfcb5ab300f8eb5b2e650186a9c4264c5af65f8a7
E79767442149,E79767442149.png,acceptable variation,False,d2b699401b66a9c2c24e0fdd00156e113118f9179cbafdcb792b78584812a4be
E889232376592,E889232376592.png,acceptable variation,False,18b38fbca7cb62db279cccc75ef7915d5e53c162f700bf1a1aae756c5496413e
E79767766085,E79767766085.png,true failure,True,ce6d08000b1152ae54d8bfea11138c516ea1d8be68559a364049cf036de5c319
CRMTP-VT06D-7B,CRMTP-VT06D-7B.png,acceptable variation,False,811e68f9e3b30787e676d7f0c99dc6c3e80d5947205d4b86b0fdf7c4589c9169
CRMTP-VT05G-7E,CRMTP-VT05G-7E.png,acceptable variation,False,bacf8311675d9c0f66802f63248f1bf73b5926812f7cc86369ec3d20fbdd2c64
CRMTP-VT05G-1E,CRMTP-VT05G-1E.png,acceptable variation,False,a6728c1b6f48d87525c587580b3f12787f26f3299c66dfa13d6bb328170e9106
CRAQ-240E-7A2,CRAQ-240E-7A2.png,acceptable variation,False,96c4714c89c691b5f140bc90526cebbbc1754bc15b568b0e385c65d6260eb7ec
CRAQ-240E-4A,CRAQ-240E-4A.png,acceptable variation,False,6ed4621015a685689c945f5eef53a1ae85ca8ae6ed43233739538f4f4b19a5dc
CRAQ-240E-2A,CRAQ-240E-2A.png,acceptable variation,False,5aff94515ea5168dfa554829082cc54ccac407abaeb5c04f3c35ad6e04e363a5
CRRF934AQ-230A-1DHDF,CRRF934AQ-230A-1DHDF.png,acceptable variation,False,74aee6329b3fa78332bb7eb6c5bc5d5c9baefb288bd517db57495485c37f1732
CRRF921A700WM-7A,CRRF921A700WM-7A.png,true failure,True,ef1b6fa604c05d6a9fdc9e1f6a8a55f2cfbd974078227b0c113661496cb52cb8
CRLTP-1303DD-4AV,CRLTP-1303DD-4AV.png,acceptable variation,False,ecefc96bd3129aed00b560c4b2ca31fa3d0ad76e598d8295f83e38930c1579d8
CRLTP-1303DD-2AV,CRLTP-1303DD-2AV.png,acceptable variation,False,a6a754c1c6e08ccf6c55a7cfe543b9c27a3551b622ced6f96ce59dc985f62fd7
CRLTP-1303DD-1AV,CRLTP-1303DD-1AV.png,acceptable variation,False,71feb6008568acb1569cf1053e6d809737e4ab0d310b4456b106d91b6f8b6ee6
CRAQ-230A-3AMQY,CRAQ-230A-3AMQY.png,acceptable variation,False,dd41f97aaa0b8f227a188bd9fe40a0fa591e675dd0fca7b581282b1dcfd9eed4
CRA700WEV-7A,CRA700WEV-7A.png,acceptable variation,False,504ecbb2f6dfc94cd216de8280583d2a7ff6866eb352601d90cf64e63165a03f
CRMTP-VD03D-2A2,CRMTP-VD03D-2A2.png,acceptable variation,False,aaaf681aa9bad1c7f6d856dc7614818c842969808b624f31dc94a4be6f14cb83
CRAQ-230A-7A,CRAQ-230A-7A.png,acceptable variation,False,c855cfe32bd2332775eb79c1ca626ad23c20d671ba09b8bc6932ecc6cabfa335
CR50247GGN107,CR50247GGN107.png,approved,False,3c7cc80d932c377bb3f730400bd39c487267f418b20e25bc489282fad8a6d36b
CR50247BZZ106,CR50247BZZ106.png,approved,False,35aa3aeb32aa15fad7f41f13a1f5ed01097f443809c3c4262ddb9ce861819f8d
CR50247BZZ103,CR50247BZZ103.png,approved,False,908b25bb601210e6cea1924775ba6a5f88ab4cf0dd7624d46d89fee798897988
CR50247BBN306,CR50247BBN306.png,approved,False,b5efe8b4eac6ec7029ab4729ed5fde15d731daba3a41c5936f26b13ee0911e5e
CRMTP-1381D-8AV,CRMTP-1381D-8AV.png,acceptable variation,False,37e6e9decd8db7ccfcfb908882576be8b0b2ef6c42414c6f03c457b2f8da554b
CRMTP-1381D-2AV,CRMTP-1381D-2AV.png,acceptable variation,False,6f1b43d7eca4a6bf71629cf774a2bf76c649eebe0cb074a87a4f4297c3fb007a
CRMTP-1302DS-1AV,CRMTP-1302DS-1AV.png,acceptable variation,False,54b7e9b3e2f30f81b78ea95a84b4c0cfa3ac2a8bc473da9eacff231d43f188a0
CRLTP-1302DD-4A2V,CRLTP-1302DD-4A2V.png,acceptable variation,False,c0c8644e8d27bb4fdd0a643081ff30d66deac6a0db131c317bc550cd0a286bd8
CRLTP-1234DD-7A,CRLTP-1234DD-7A.png,acceptable variation,False,626de485b4cc9d623dfee3d5018402fdd9aea9664e9957762c71ca19b9623d5f
CRLTP-1234DD-5A,CRLTP-1234DD-5A.png,acceptable variation,False,feee4fa4e59e9a0c084d60c2c8af52ee52f566b650a6be9ee41f5226ec9628d8
CRLTP-1234DD-4A,CRLTP-1234DD-4A.png,acceptable variation,False,9ac92bf783187b9ca0cde4719ec6c6e0166b15a78a65b3d0bc61bdabd029bd81
CRLTP-1234DD-2A,CRLTP-1234DD-2A.png,acceptable variation,False,e8646acaa0477ecd46b87f70890573dc1492b8fc038e52bbeb5d1b2e90c97b1c
CRLTP-1234DD-1A,CRLTP-1234DD-1A.png,acceptable variation,False,127b95e1c84db8c039d65031dc988c054e44c78fd3d25a2ec75a8aa398067336
CRMTP-1302DD-9AV,CRMTP-1302DD-9AV.png,approved,False,ef2d165029861510a7c7afc0ec99a7c3aa7824c1cbf79f5a7c9af260bbdd0dc3
CRMTP-1302DD-5AV,CRMTP-1302DD-5AV.png,approved,False,e1011cd05ed11b25c107511ae698f19f5345bbf0ecf97a183bd1c6a22d954756
EAWV-200A-1AV,EAWV-200A-1AV.png,acceptable variation,False,261751096034338177fd87459f0f22178eb35928554825c6601a46f23d269fa6
EAWV-58A-1AV,EAWV-58A-1AV.png,true failure,True,a535d20fed8380b01a947cf43c03e4ace73e5f3621c144e8a03bcb1c477adf2c
EACA-53WF-2B,EACA-53WF-2B.png,acceptable variation,False,193cefb43df8907836354328c111b2ca3b15263059d723dbde02a3ddb76b2671
EAWV-58DA-1AV,EAWV-58DA-1AV.png,true failure,True,c76401f8982888b6e489fdf852b8bf815816a8ace266de87c8850af8a6873e4e
EACA-53W-1,EACA-53W-1.png,acceptable variation,False,fc84b8c801605d95838766ed5c2dd7f5dabebdd3282b79436152f1351bc1d6dd
CRMTP-VT04D-8E,CRMTP-VT04D-8E.png,acceptable variation,False,8bdc13953cc3ba82398b02030dc5544c606e1608f84d11a596028b9fbc8db6c0
CRMTP-VT03D-7B,CRMTP-VT03D-7B.png,acceptable variation,False,04616f42aee78ae6169756225162842432237c4daa49cf026c3ca77323e33f73
CR50215STN104,CR50215STN104.png,acceptable variation,False,551952610d6b2704d33cec085c5bf9e373efe82fe928c15ee5c95d69f109f8b6
CR50215STN102,CR50215STN102.png,approved,False,75255f8a428565d7bfd7a3278c5f655421fd0dcaf5b6492b804aa545627f0570
CR50247STN101,CR50247STN101.png,approved,False,42ed2b2c49b436f7de2f1139216efd4d479024619e15284782dd06cd1a4368ec
CRUTP-1302PD-7AV,CRUTP-1302PD-7AV.png,acceptable variation,False,b03cf31d7b12599254e71ef30d82e013881fd0f0b8511623cedb0e84189cad2f
CRUTP-1302PD-3A1V,CRUTP-1302PD-3A1V.png,acceptable variation,False,6f4d98d8ab9182be64d50a73dcbd57963b78d62056767119366bb2c14eed5668
CRUTP-1302PD-2A2V,CRUTP-1302PD-2A2V.png,acceptable variation,False,d93327332a3a87f71cd78e5589fb715e835e09ab79b38720c6bf2f0155fb813a
CRUTP-1302PD-2A1V,CRUTP-1302PD-2A1V.png,acceptable variation,False,76b1675d5a57bc6995f2258801897310442feb163315f49c9cf9bf6d14cbf8bb
CRLTP-VT04D-4A,CRLTP-VT04D-4A.png,acceptable variation,False,08c4e44762af465852d6d0c8523c0176ff3e406df5d4f38efe8c288e17f15b25
CRLTP-VT04D-1A,CRLTP-VT04D-1A.png,acceptable variation,False,3809a804c05954a091e80fd7db45f8db4417571d20146a1219861f929f74dc4a
CR50215STN101,CR50215STN101.png,acceptable variation,False,b8eeaa538ab295e16875a93af3bf6a72d989d8b950f096adaac5f4d81044e01f
CRMTP-1370D-7A3V,CRMTP-1370D-7A3V.png,acceptable variation,False,1dc15ac14db14cacceb75c6972bf9233b582475a8e6cb17139249909f9734e9a
CRMTP-1370D-2A2V,CRMTP-1370D-2A2V.png,acceptable variation,False,cffdf0f4751d624a05794e3088f33f6a148394ff5600b1eaa04d5ec82a88a422
CRMTP-1302DA-7AV,CRMTP-1302DA-7AV.png,acceptable variation,False,91881aea49f3302c1c64a34f464001aee0149ff613987c31e7a94ebcb847f9b4
CRMTP-1302DA-3AV,CRMTP-1302DA-3AV.png,acceptable variation,False,c39505d48a43be916d464932a92990ab6bde162e6690caec5afbf9ce10b9a43d
CRMTP-1302DA-2A1V,CRMTP-1302DA-2A1V.png,acceptable variation,False,a975ba154b213152ecf72e4455fa1a29a7582c845cd28921a84485a18c9e00f2
CRLTP-V009G-7E,CRLTP-V009G-7E.png,acceptable variation,False,532dc457fe87eb4ecf4e0ce7490d7cde057a54b068112e7a8eff51f833d11ea8
CRAQ-230GG-9A,CRAQ-230GG-9A.png,acceptable variation,False,05f5b8b0433342cf85ecde5607f2515684611bfccad410179b4effc24de96561
CRMTP-1302D-1A1,CRMTP-1302D-1A1.png,acceptable variation,False,968f6f29a75910f393bed2cf660757e7d82b48932e905dc58999fc35b05d02b9
EAMTP-1170N-7A,EAMTP-1170N-7A.png,true failure,True,6fe3803663c16ae459aac41ddd41a65ad20dc189d9fc4290ff3e09f2401aa919
EAMTP-V002L-5B3,EAMTP-V002L-5B3.png,acceptable variation,False,64aec62d7f422568b0a81294209ab9ac9401959b1969155ac616ff16018cd914
EAMTP-4500D-1AV,EAMTP-4500D-1AV.png,true failure,True,a30ede4eb9edd834a54c5da928d7174d476239ac8763845cbcd7422972f885c6
EAMTP-V002GL-7B,EAMTP-V002GL-7B.png,acceptable variation,False,83fced29846ee4f21e7bf988e4e0777307ae793a99dda8f8048c729336e91b1b
EAMTP-VD03D-3A1,EAMTP-VD03D-3A1.png,acceptable variation,False,13f7cb7c029247d4cfd537577a5c1dfca3d54964802023d1330d32bc98bb66f5
EAMTP-VT01GL-3B,EAMTP-VT01GL-3B.png,acceptable variation,False,347398a0ee5bf79e9ccaae499c27168594ea4a2b65622d13589b411a679f06d5
EAMTP-VD01BL-2B,EAMTP-VD01BL-2B.png,acceptable variation,False,8129d5f255dd5ca24adbf81a391b80c1f3a8c6a54df2c5a68d5342dadefce705
EAMTP-V006G-7B,EAMTP-V006G-7B.png,acceptable variation,False,d4bebdf303f6b6360cbb003a69b9875ff134854f199638d4962c73be7e3765ff
EAMTP-1314L-8A,EAMTP-1314L-8A.png,acceptable variation,False,f52003e965757de518c384dbea13e50d634ae2ab28b9e58d370f3b39006c1de7
EAMTP-VT01L-7B2,EAMTP-VT01L-7B2.png,acceptable variation,False,7514ee61c7f76a7e2354363fa56af0cdcd32075f59c5595215a20a3d2f616aa1
EAMTP-V004G-9B,EAMTP-V004G-9B.png,acceptable variation,False,02f47a51d8fad71dbd73f54a1ba2becf414a5f0c3d975180869adc5f69e73808
EAMTP-1183G-7A,EAMTP-1183G-7A.png,acceptable variation,False,6f6745f830fe5be8e70b9156bcdcf063c64472317e8c68ab7f0b91789466115c
EAMTP-VD03L-5A,EAMTP-VD03L-5A.png,acceptable variation,False,cee8e109b7f989d20732a9d8bc166013fce0e06cb42e57e0496807bb482ffbe0
EAMTP-VT01G-1B,EAMTP-VT01G-1B.png,acceptable variation,False,0a6ea0e08e9b264d7471d5d4411a8e520c52d6a61ccef7c08940d5da14b6bb26
EAMTP-V005L-1A,EAMTP-V005L-1A.png,acceptable variation,False,79d3809a09b07d9f5fb6edd023891e7c8b1dd05990517805a74dc9a6c5d747e3
EAMTP-VD01D-2B,EAMTP-VD01D-2B.png,acceptable variation,False,62a7c1256ebcb7d86f6f59445262dd2a500bcf003bdcd88427ed37a3319dcc08
EAMTP-V004L-7A,EAMTP-V004L-7A.png,acceptable variation,False,ba2c880a599136e1897453c69229c3371504af6a2130adf7f78c8ad0d46814ea
EAMTP-VD03B-1A,EAMTP-VD03B-1A.png,acceptable variation,False,338942a466d423e8ce02633a891550b6ed0b83bf250835fb020fbc756be467b2
EAMTP-VD02D-1E,EAMTP-VD02D-1E.png,acceptable variation,False,6e34dc99109b234fcdcf49e587d8999e0d72df0461601218dbab89b781e15b09
EAMTP-VD01SG-9B,EAMTP-VD01SG-9B.png,acceptable variation,False,5ace727700bc891723dbdb7d60f7da12745d5a497bf60b15fbb6aada5ee5e2a2
EAMTP-1303D-1A,EAMTP-1303D-1A.png,true failure,True,2f00b1bdff234d39edcd3ee9894c9cda25c4e4a2efc36da1c91d95e90496b029
EAMTP-V001GL-9B,EAMTP-V001GL-9B.png,acceptable variation,False,6e674db0774fd02387892dac82aa54e8e15c292e55a8862cfe7203bbab1eb98e
CR40215STN102,CR40215STN102.png,acceptable variation,False,17ce4e32461074e570d70757381cf3a634bad955eb511d2c8c7b1a810ef295b8
CR50247STN104,CR50247STN104.png,approved,False,862ca43cb69bf09addde7f640bc091db32a5906e9c2dfdce6cd0c34042cf7d96
CR00128STN111,CR00128STN111.png,approved,False,e674e076d282d33a1a80f2b0574d796dae90a47c2383fe0fb0231738e9492073
E4971850930778,E4971850930778.png,true failure,True,278d490ca1b578d43823faa000b6952fc6a0929930469cc898efebb7dbba521d
E889232341903,E889232341903.png,acceptable variation,False,1a6ccf2bb9ab80375306f060269f59a4c87abccb59655d7a8d26256365d342d8
E79767968786,E79767968786.png,true failure,True,ea7c0d01fbd8a217caf101e801d15f608ee1383bd32626f6f99f96fbdddb26ba
E889232317731,E889232317731.png,acceptable variation,False,d8bc2e80158d280801d307fd889c67abd1390bd400b56cad52346f0a41bdb03a
E889232341873,E889232341873.png,acceptable variation,False,c2e24621c185c0ebf4941c9ace08c3232e63acbbd2e69b4115675972b0da7d9d
E889232112275,E889232112275.png,acceptable variation,False,a0fdf03aed758b5587ffed7e8dc1c068ea9cb4c90f6a19e1febe923eefb0231a
E889232251257,E889232251257.png,acceptable variation,False,d92bb73c825de514a6a6acd9505d254016acbcfe30e42b1fa0a447395f815814
CRMTP-VT06D-1B,CRMTP-VT06D-1B.png,acceptable variation,False,e83a0ef31392a827f6df907b659b4d6c94a726ac936762546d6d6cb90e2ce394
CRRF927A500WA-7DF,CRRF927A500WA-7DF.png,acceptable variation,False,7a802440d94a2e282862c7dce97ed559a339ffc9891de2cf343e908079847aa4
CRRF922A500WA-1DF,CRRF922A500WA-1DF.png,acceptable variation,False,aa0a63a562158d61caa7d6a2dd69581bbb88f79465b94c87eaf3b74ac849e30d
CRAQ-230A-4AMQY,CRAQ-230A-4AMQY.png,acceptable variation,False,9b407179eb6648a44ee1bad5047c548cf84d529c8801c5c43006ed62ea0b7dee
CRMTP-VT01DM-1A,CRMTP-VT01DM-1A.png,acceptable variation,False,518883138e81fb8955cd0b5e3fdbc19f117add8801f1e7c312b5a64430f21183
CRMTP-VD01D-3E2V,CRMTP-VD01D-3E2V.png,acceptable variation,False,f69ae5f8fb2d6283cb0d701bc6d64391c713f5bedb7395e5222e15250af542a8
CRMTP-VD01D-3BV,CRMTP-VD01D-3BV.png,acceptable variation,False,f98967ee895a5ea6e540c1c46575411b2f1502cea9a265889128b4ac4e5d9f07
CRMTP-1302D-7B,CRMTP-1302D-7B.png,acceptable variation,False,5f32e8393611cd7a0003ad02f25295e02f192fa4b51d5e28220e2a2751c98ad6
CRLTP-V009D-7E,CRLTP-V009D-7E.png,acceptable variation,False,a63dcbc3dd3906b74241bc4353b65f85c1c3e8f812137ea0de3d3aa9fbaf0b55
CRLTP-V009D-2E,CRLTP-V009D-2E.png,acceptable variation,False,ba4ae2663cd08718f753f6e5ee0dc26e8eab096915982174e2864ac9f6510aa5
EAMCW-100H-1A3V,EAMCW-100H-1A3V.png,acceptable variation,False,a7d3ad3b751ce6ae309bcc7e4e6d7ab0bbd19f66d90db166048a5100b7cc50d9
EAMCW-200H-1A,EAMCW-200H-1A.png,acceptable variation,False,8b5f810b4e2210cc859fa245575da08fe4a3596f9becb09a53d81928ce3dbb2d
EAAQ-230GA-9B,EAAQ-230GA-9B.png,acceptable variation,False,8dc5a97ff3460f9f1660983b145c2d93a82c073a8366fab5632159ae2c438615
EAAQ-S810WC-7BV,EAAQ-S810WC-7BV.png,acceptable variation,False,23f8a72d205a267a7317b9534c0e045daa89ccf28c01950a1f90d723693e740e
EAMCW-200H-1AV,EAMCW-200H-1AV.png,acceptable variation,False,e66f986a2a8ad80c50fcbfa6b821d2cfe6f0b4171b759f6613941c26bed648ad
EAAQ-S810W-1A4V,EAAQ-S810W-1A4V.png,acceptable variation,False,363cb704a6b80ca4c4c511d6fea27beb811b51197330c0b40d9873afcc90491b
E4971850906537,E4971850906537.png,true failure,True,e529c153b2fad1783e61fec061b7de3ff343d4353156f54274eb07b0fd7b9731
EAAQ-230A-1D,EAAQ-230A-1D.png,acceptable variation,False,0b703273bb792c6c04861901162b4ca70ddd4a7b826cb9d67396a88184036ef8
CRMQ-24DA-3A,CRMQ-24DA-3A.png,acceptable variation,False,9f9e7448b1b1783aa26f4432bf62a8beeacb5904e825054dfadfb93b546946a9
CRMQ-24DA-2A,CRMQ-24DA-2A.png,acceptable variation,False,dbe0f042d73cb30a388e88bc90748888f260e23aa5a3c5bd3693a369d15ba006
CRMQ-24DA-1A,CRMQ-24DA-1A.png,acceptable variation,False,1ff08e49eb23b62e39be83e3465b4038f1e903c0dab0df2eeb12773dfef58028
CRRF1223MQ-24G-9E,CRRF1223MQ-24G-9E.png,acceptable variation,False,bc0aa18f2533fae1e6e55b47150742bf54608be39324cfda72f6b48e29af550f
CRAQ-230A-9AMQY,CRAQ-230A-9AMQY.png,acceptable variation,False,ff66725fe26f5eaa9ec0f85450ded9dd5c7cfe4c0802871af32e492f1ced9b47
CRMQ-24G-9E,CRMQ-24G-9E.png,acceptable variation,False,bc0aa18f2533fae1e6e55b47150742bf54608be39324cfda72f6b48e29af550f
EAAE-2000WD-1AV,EAAE-2000WD-1AV.png,true failure,True,d4235a2c11a5ddad98388c1d202d3a9ea721bfcf467b1266b670f2bb3e2e67ab
EALTP-V004D-7B2,EALTP-V004D-7B2.png,acceptable variation,False,d158276012790e983ca348b0a9639a97ff77f7416bb577a465e1067811a2a599
EAAE-1500WHC-1A,EAAE-1500WHC-1A.png,acceptable variation,False,4a65ca2ba35e8c34e667ffdaddf790af15d980abd8dcee2d116be5910b7e15d6
EAAEQ-110W-2AV,EAAEQ-110W-2AV.png,acceptable variation,False,42e45e5675c60d8dc9df5448517c75d1f9e9324961b1d50e0e2753620598464b
EAAE-2000W-1AV,EAAE-2000W-1AV.png,acceptable variation,False,aa7e2898a9bec0ea19e7e20ddeba3cdba557f11f31589801c4e86f599ade4fa6
EALTP-V005L-1B,EALTP-V005L-1B.png,acceptable variation,False,8c1b5e221cbac97e4462aeb4b4a563d841ab46d003675da27ed4981155b2ea9b
EAAE-1300WH-8AV,EAAE-1300WH-8AV.png,acceptable variation,False,0069f41db5d6d2ae9452382e01c6cc349ab2bb24496facd5796b9e61719ceec8
EALTP-VT01L-7B3,EALTP-VT01L-7B3.png,acceptable variation,False,d885779d4a51c9ceaafffbd920170f9b7ee21a3eb0a460eab7c4de669cccf56f
EALTP-1165N-1C,EALTP-1165N-1C.png,acceptable variation,False,547204e78d602b140fc0ecbad695017ac628f133e95b34d15d52052b10eefa07
EAAE-1000W-2AV,EAAE-1000W-2AV.png,acceptable variation,False,fccd9a6f226bbbd85d80f630c6aeb2735db62f1b7a34a14e2587494f34c83064
EAAE-1500WHX-1A,EAAE-1500WHX-1A.png,acceptable variation,False,7ed1a20adc76d04edd1a07065c238ea5b60e4a554a8f23b8ffbbbaaf8b172cc4
EALTP-VT01G-2B,EALTP-VT01G-2B.png,acceptable variation,False,76c81ea3c875b3baf92a588d2c1847ebc566df468b6197b78a50c519633459c0
EALTP-1241D-4A2,EALTP-1241D-4A2.png,acceptable variation,False,5053498608c0cf17c731f3df7054e626394b48588f32870235f35dbee4f96dca
EALTP-V005G-7A,EALTP-V005G-7A.png,acceptable variation,False,3090e0a4c2101b1d369d01883762c6abf2c11d78b804d05175ee33f4bc70bc1f
EAAE-1500WH-1AV,EAAE-1500WH-1AV.png,acceptable variation,False,b15e6364332952ba3e74af88aed4dc76b93cd9433518b03116852386a3d8b870
EALTP-V004SG-9A,EALTP-V004SG-9A.png,acceptable variation,False,d98043411c30c40013b4afebd8dc9d2e57a96107fd3c6334e48bdfa9dffa8420
EAAE-1000W-1A3,EAAE-1000W-1A3.png,acceptable variation,False,6e2f83e237553d4b41c71d851fc024cbd248ed832070e4d08364191f7aae9a08
EALTP-V007L-1E,EALTP-V007L-1E.png,acceptable variation,False,684134ee6fce85d53a208b6f2ddde558b4e2d43ebf8705a6c4c43cc0dccfbd6f
EALTP-1094Q-7B5,EALTP-1094Q-7B5.png,acceptable variation,False,86e25d2acdf85c0fdaa1a2f19b4c55a3621ea8e1dc66b25ee52d40591a54640f
EALTP-1128A-7A,EALTP-1128A-7A.png,true failure,True,fb4dd56a7e756d2c874f8cdc39314096a0a43368a10da81079ddd001934929eb
EAAE-1200WHD-1A,EAAE-1200WHD-1A.png,acceptable variation,False,380ba7323916ef6939259858a31862d9241d41fa347d34f50e35eb6309b50dd3
EALTP-1129N-7A,EALTP-1129N-7A.png,acceptable variation,False,d62360bd3299fac3d4dd68a7e76f6f49fd0eb99b422c268595f3646b7b764c60
EALTP-1094E-1A,EALTP-1094E-1A.png,acceptable variation,False,b707e969f172a55a9002691772501120beee7a6d7e6e7b9f66859514d3207a1f
EAAE-1600H-1A,EAAE-1600H-1A.png,acceptable variation,False,080838ef2c2e9f43cc3a248ebd581a17d4494d5c244617bb9ea1b1fbef1965ee
EAAEQ-110W-1AV,EAAEQ-110W-1AV.png,acceptable variation,False,e17f3b7982d1ae3ebff583b488e88942e665d61551a3ba6ac8b68b6853635fb5
EAAE-1000WD-1A,EAAE-1000WD-1A.png,acceptable variation,False,81caa27810aeb2dce16e6452735a6117b8148126b06650ff9e389c55cc61582d
EALTP-V001D-1B,EALTP-V001D-1B.png,acceptable variation,False,753a3f8be3562e51601217ac35734555a013d6acafcc725c7617efe48c86e499
EAAE-1400WH-3A,EAAE-1400WH-3A.png,acceptable variation,False,25152d5be2d5c0fbc834b9a4c290730ce1a11db1693e0785467122da78300720
EALTP-V002D-1A,EALTP-V002D-1A.png,acceptable variation,False,c61fe336345f9e5c2e3b6b83fa05f26adb5d2ae9e66199d9f24cfab981a8f7c9
EAAEQ-100W-1AV,EAAEQ-100W-1AV.png,acceptable variation,False,1d9640379f4df6f0873f737224c8f187f45cc1644fc80302cb6312226cd2faac
EAAEQ-120W-1A,EAAEQ-120W-1A.png,acceptable variation,False,d346eb0d6eafa38044478bfc181107f3824d8c9f98994b5017a61b197cf803c0
EAAE-1200WH-1A,EAAE-1200WH-1A.png,acceptable variation,False,e20d8bd6707af678b7866223ee718dfa3cd203c6d3bdbc30b1d42c0528c0cb50
EALTP-1275D-7B,EALTP-1275D-7B.png,acceptable variation,False,4ded009d5ecd2db3bf746ed68637684b503a14f9aa4554846aac74628fd087b2
EALTP-1215A-1A,EALTP-1215A-1A.png,acceptable variation,False,75fded337aa5bc24be4ec01f3bea32722c5dbd34ced2bd7cc1a3bc7d632c4742
EALTP-V007D-1B,EALTP-V007D-1B.png,acceptable variation,False,0f3f26d15b85ba86dc9dbd7da08f150cb73019bf25d9d67fee47b0571d1ef612
EAAE-1700H-1A,EAAE-1700H-1A.png,acceptable variation,False,9ef45afc3893852fecca12b3d0460fd0f57262992231350f0f49b2718d3c5bca
EAAE-1000W-3AV,EAAE-1000W-3AV.png,acceptable variation,False,f0a2920e00bd1f7c63d8d2d241ae03c5da495182cd007d04dcb1d31188ac9114
EAAE-1000W-4BV,EAAE-1000W-4BV.png,acceptable variation,False,49be450e75e8b811351f306dc66f94077f0633a1aea6e678f5a593140e861c4e
EALTP-VT01GL-9B2,EALTP-VT01GL-9B2.png,acceptable variation,False,d556ef3f8b2277c439f896bf12f909624cab351dc564717dabdcc2abf501afda
EALTP-1170G-7A,EALTP-1170G-7A.png,acceptable variation,False,20a9fd3ac4fcc7f05c89ffc45ae78011c1a9a004ec115dec4cc45d18962344c7
EALTP-V006G-9B,EALTP-V006G-9B.png,acceptable variation,False,de3769ea5436eab4cea0591ae3c6271a17c6c41520358a81926016cf6b2c8895
EALTP-V007SG-9E,EALTP-V007SG-9E.png,acceptable variation,False,9ba7a7e81689945cca0d72f2c0851d1158cce8569837d214008d03d9c2729d51
EALTP-1314D-1A,EALTP-1314D-1A.png,acceptable variation,False,231e624f1e27179e9cf8557c57a38072992b35638a07fc1ab18b2792d38a6402
EALTP-V002L-7B,EALTP-V002L-7B.png,acceptable variation,False,f340872d4ca2c404b0c265a86e7f5bf089cc20513225fbca593f9eba4ce040d5
EALTP-V002G-9A,EALTP-V002G-9A.png,acceptable variation,False,f2eb3cd587cd5327e453afc9033d619aed9fc0a9040c20f55b2cf68dd1f939f2
EAB640WC-5A,EAB640WC-5A.png,acceptable variation,False,9be9bc4e787d917a3ca5d365c5b7b3e47c7923d55cbe5f991375f4fa9c6fe884
EAAW-90H-7B,EAAW-90H-7B.png,acceptable variation,False,2d3e157180cea1eb5b92c8fd09ed6f6c1e4fce306e22978c5b757b2067d40ba5
EAAW-80V-5BV,EAAW-80V-5BV.png,true failure,True,c3781eda54ddfd1720aeb28dcec902a4f964ee70ed8065b6adb83d47ecad9df4
EAB650WD-1A,EAB650WD-1A.png,acceptable variation,False,c6d93edb2403bfe52819a9ec70edd82ac004a98dd9c178effc2696b1fcb11d63
EAAW-81D-2AV,EAAW-81D-2AV.png,acceptable variation,False,f782a5567c71885216853ed8ad5dcfadfab7e9684b40fabd78ae92cad13bfe59
EAAW-80D-1AV,EAAW-80D-1AV.png,acceptable variation,False,8b271cf94774bd334efbb2bca536b2b8201dbb5ebe5558025e6bd1a2549fbed3
EAAW-80-1AV,EAAW-80-1AV.png,acceptable variation,False,48ca4cd3f9bd18e5b60e2e6ad65500fcd86ceed42b596ca0b56604d9488e2c06
EAB640WD-1A,EAB640WD-1A.png,acceptable variation,False,5c8d6417ff9f18ca59a0697f6ae7e116e7f82df13fdc6955bf132c355b2f91b7
E4971850906506,E4971850906506.png,true failure,True,c29b3619e90e485dbb2afc0c6948e09c939843ce098ea4cdaa3571ce872d29fc
CRA158WEA-7,CRA158WEA-7.png,approved,False,ddb1eb015c32271085f175314831063b9895472e1d9ecc531146b726f543b2d9
CRA158WEA-2,CRA158WEA-2.png,approved,False,b570cd98400ebe69a4d97c3f8d518546b3cdb5ec4745fb5e82f8e3fb0df140bf
CRA158WEA-1,CRA158WEA-1.png,approved,False,08c67c2208433b760f1ae0874a0b1d7a9c5eae08b02d34907b063a6ab25cd931
CRW-218HD-3AV,CRW-218HD-3AV.png,acceptable variation,False,14ef807497db6c3069aef94358268e131b24e000795bcd8ba3659b0fe67eac16
CRRF919A178WA-1ADF,CRRF919A178WA-1ADF.png,approved,False,5501f187f975e47781b7099b6d6cff97ad5986bb012d126cff6485110af54852
CRMTP-VD01D-2BV,CRMTP-VD01D-2BV.png,acceptable variation,False,a5a927b967e0a413ebcadd6ad754c141c7c66a0303c2fffcc2ff787c06e736b0
EAHDC-700-1A,EAHDC-700-1A.png,acceptable variation,False,bca5208d06558d91a371e4b9aea2fe69aefd2428b0374e180d8b1d101446561a
EADB-36-1AV,EADB-36-1AV.png,true failure,True,3c98c48763e2404922e588bb47c551990f985291cbf43dd3c4134f561fa505ff
EALA-11WL-4A,EALA-11WL-4A.png,true failure,True,07c4c1a5213fb1a3f9c9aecde663727dff800d5e06490006c98af42a34fa8742
EALA-670WA-1,EALA-670WA-1.png,acceptable variation,False,28fd49b73830375aa4b7d5109f4444b77225865c8cfa0190a563230ec02f81d9
EALA-11WB-1,EALA-11WB-1.png,true failure,True,1da7619f0736aa875633fa0033790f812b11c8f3893c8ea29b49a4e530f7f311
EAHS-3V-1R,EAHS-3V-1R.png,unrenderable,False,1df59c64b14ee9822b16159c6433fb4b36a9e5fc59152d53e2dddb13831a2c41
EAFT-500WC-1BV,EAFT-500WC-1BV.png,true failure,True,b9c123d36c38d1baeb37c3fe295619dfce8397efa6fa9107397c433e1fc79829
EALA-670WG-1,EALA-670WG-1.png,acceptable variation,False,cab84607e57831f32d67881c21f59512676dd03bd78e27963e0f98c049f9da1f
EAFT-500WV-3BV,EAFT-500WV-3BV.png,true failure,True,9ee0ae0a1f7dc480a62a0f8bfddcf20f2ee5ce77fcad681e42c41ba6ac09f641
EADBC-32-1A,EADBC-32-1A.png,true failure,True,e105d08e76a6f28761b1eb6063df0b9b40120e666632459bbf9ced4a1697f47d
EALA-20WH-1A,EALA-20WH-1A.png,acceptable variation,False,5619e9f4b35821b7b7ed765d592cde89ffb52412b8270ba39f3af194968e7563
EADBC-32D-1A,EADBC-32D-1A.png,acceptable variation,False,d9450c1865371eba7854081709fc2b78c7191c451b4cde6f282afee8efe50272
EAHDA-600B-1BV,EAHDA-600B-1BV.png,true failure,True,47e4bed930cf82c5f982ecefdd8020030add1c08f4162c9b7db980cd3ec02fa8
EAEF-305-1AV,EAEF-305-1AV.png,true failure,True,55d49eeb2083d2ff0f1eff05b7430b597f07f97e4590bfbade3a9adcb2a9fbcc
EASRT-300C-1V,EASRT-300C-1V.png,acceptable variation,False,4d6456d2c2dc2deb32ba91774641d41bad102ed8752963d618d6fd4268c193a0
EASTR-300-1C,EASTR-300-1C.png,acceptable variation,False,d2efa18408ba4acd7091593c97ebbc868b96c694ebea0fb584a9a9436d0b1c9e
E889232221786,E889232221786.png,acceptable variation,False,28a82a07d976c914a939160932e4eb53e7fbf8f54c6fba7af48733ccddf0ff15
E889232300764,E889232300764.png,acceptable variation,False,7244e7f23b448662d2589c1b02aabaf729ea2f5184994dca20afefd7fe128a3a
EADW-291H-9A,EADW-291H-9A.png,acceptable variation,False,ea6b2e5537061db6d5b363c1a85fcbaaf2b2b85b699e95a4282bc008fbae63ea
EAA500WGA-1D,EAA500WGA-1D.png,acceptable variation,False,19efe8bf2e4b39ac9b37b0e75ce6844c3bfe3cbc89a932f14155a4e3d9e1c54f
EAA-159WA-N1,EAA-159WA-N1.png,acceptable variation,False,daa08745f0009f31296686c5c69d437b8699f6785549d71c95a3fba047fa00f4
EALF-30W-1A,EALF-30W-1A.png,acceptable variation,False,bd62fdd66e633175636a5ea9322204fc5970d2fb9244dce7de90b449e79c0a66
EALRW-200H-1BV,EALRW-200H-1BV.png,true failure,True,54cd172c2c6517d97b8e794b281117a5bfc311c619558d13958241340d2ac3ac
EADW-291HX-1A,EADW-291HX-1A.png,acceptable variation,False,0f78d657762eaff1b7963eb119803ca9f5f461b2a254ab1b35b426ddd9b2d04a
EAA-158WA-1,EAA-158WA-1.png,acceptable variation,False,1b3881b7fb425e472fb48974fb098c7dbd169a44db9eb08aea29768f3bc9e551
EAA-171WE-1A,EAA-171WE-1A.png,true failure,True,d439252e4129bcacaf2ddd097caab6a040169b8bacaf8988873049ca2e623027
EAA-158WEA-9,EAA-158WEA-9.png,true failure,True,77d01d74afcb9b905b08e044e29bdd95172e576fc16af49b709cbd015cbba73f
EALF-30W-2A,EALF-30W-2A.png,acceptable variation,False,79569930e609762dbd3f28cb82a59735a66b727af9738e133b0d91861a86810c
EALF20W-8A,EALF20W-8A.png,true failure,True,7df32dfae3c8294da8a520a54b0028136d2231bacb2afbec08fbab57a8f5b64f
EALF-20W-1A,EALF-20W-1A.png,acceptable variation,False,deb9f9169ebbb28818f7f1c533d52fdf6fcae2ab85662ba782f69481252b3d91
EALRW-200H-4E3V,EALRW-200H-4E3V.png,acceptable variation,False,feb3e460bf08ff8c83764f8b3d5caf227d96b5949852f477d87bf1e483eb789d
EAA-700WE-1A,EAA-700WE-1A.png,true failure,True,62e04e08ad3e416b446885fe1332617480eb0998f62dc58988a1ef66b8c762d2
EALW-204-1B,EALW-204-1B.png,acceptable variation,False,e70cd74e5701efcd0a4125695a5ef855dd7fbce65803590a3a39fff6abbc99f0
EAA-178WA-1A,EAA-178WA-1A.png,true failure,True,bd6bfe5eedd1580a10d61ec7f9a70ab99478f1792a6927ffb1037e5775dfeb7f
EAA-178WGA-1A,EAA-178WGA-1A.png,true failure,True,f15164dbee7bb13d4acd68c1ee2f8c52226ca4eb088628b5f1f0e199777fce87
EAA-168WA-1,EAA-168WA-1.png,true failure,True,e26f08520c9f2f6960a1e5af59e9fe02049025c555c3ed1dd25f23fa3536c441
EAA-168WG-9,EAA-168WG-9.png,true failure,True,4a795f8a1c40d8e7535a31cb4968279a54c4bee855732232d8707301c11854dd
EALRW-200HS-2E,EALRW-200HS-2E.png,true failure,True,fdcf3603bb1cb16d5bc66bc7959f1db49da612d2c9ea1a0a9fd169bb5aca3dac
EALW-204-4A,EALW-204-4A.png,acceptable variation,False,18dca4401a0070b8f1961cf943dbaec971869213bc02a6a3b59a90e6d4364428
EALW-204-1A,EALW-204-1A.png,acceptable variation,False,aee0f58e5b398468bd8fb8f010c6cce70fd57d27f7f9736b0d5dfde5713dd3fc
CRLTP-V007D-7B,CRLTP-V007D-7B.png,acceptable variation,False,88994adf50e9b728cae963a9002643843b0c2165989d3c84588f49a3f44f8dfc
CRMTP-V004D-7C,CRMTP-V004D-7C.png,acceptable variation,False,35d6d02e0720463c5c52844890a10ad3d332fe4e730b2f706e5f69f5c529bf82
CRMTP-V004D-1C,CRMTP-V004D-1C.png,acceptable variation,False,be7cfb156884c671658eea3b11af5daa4e10a582b8b3ea89afeff544cc80ca65
E4971850965138,E4971850965138.png,true failure,True,4257ec99e94cc3f2c7726be96cecb384ae02f65f72a2e41da1037343262a44a3
EALWS-2200H-1A,EALWS-2200H-1A.png,true failure,True,dadbfb46ce15d3b14f97b112f756b2bf9f38a5857a11bc7e0b745c1feedc026c
EAMRW-230H-1E1,EAMRW-230H-1E1.png,true failure,True,1a37e71d73c1d4de77d3106aa2f3a347e29917f3bd2bd9e13c5a2fb3fd9b5f50
EAMRW-210HB-5B,EAMRW-210HB-5B.png,true failure,True,8c1fbc47c86fe7d3619f9ea31f03b8198f83bd88aa79add19e7aa92e68d75ee5
EAWS-1600H-1A,EAWS-1600H-1A.png,acceptable variation,False,b7d890437f33559c975fbada379e647610539762876ea5a0eca2227dcd1b9b4a
EAWS-2000H-2AV,EAWS-2000H-2AV.png,true failure,True,cfcb103374397d3df94a8dd2441abe1b962f284b19e7cc2a8a64995052a8bb45
EAWS-1200H-1A,EAWS-1200H-1A.png,acceptable variation,False,b3eba62d6965199ec4dafe69d8f49a10ca79144a1fc0b4fc9cd5e7a22b164bb6
EAWS-1000H-1AV,EAWS-1000H-1AV.png,acceptable variation,False,23f784a4dae3e5d010777bea0d63ea2cb81ff88d8ba1705b53b82f8204aa9b3d
EAMRW-210HB-1B,EAMRW-210HB-1B.png,true failure,True,60dea2c90d5afa3b43afd1de1de06e6ca00634705332daf30ae20a056fc61f41
EAWS-1400H-1A,EAWS-1400H-1A.png,acceptable variation,False,1b78edd2c5e4d72300965edc5a5827dca3e2f0174e4d24a3a8c9900e5b642e42
EAWS-1700H-1A,EAWS-1700H-1A.png,acceptable variation,False,ecd228ce0324df2c1e1a804173618c7aab0b4f686bebae0d9d79d3f9d48a8dc1
EAWS-B1000-1AV,EAWS-B1000-1AV.png,acceptable variation,False,a1ed4faa3c4e9444ee6f5c0d8485509aceec8e1ac6c2c23aebac27cef7b6befe
EAMRW-200HD-1B,EAMRW-200HD-1B.png,true failure,True,7c2027c801daf99efca64064b91fbc00bb0d52656c8b395fc8a7881d250bad06
EAWS-1300H-1A,EAWS-1300H-1A.png,acceptable variation,False,b2c83f3de097bb759705a61090e180f551dd923cce2da4d5e90e6b3ef26406c7
EALQ-139A-1B3,EALQ-139A-1B3.png,acceptable variation,False,f5d006f6799b4657158b161cf093dcf18b834d7246f25ff8c87da68bf4cf8044
EALQ-142E-1A,EALQ-142E-1A.png,acceptable variation,False,6c0f85b0e38e6f8c8a313e5cb65f6dd1e035b4dc2eb0f8a2fd15fb4787277594
EAMRW-210H-1A,EAMRW-210H-1A.png,true failure,True,37ad0bf1cbdb45cebc34a437dbd3d04d61b888db48c5205a90f6ccd169267032
EALWS-1200H-7A2,EALWS-1200H-7A2.png,acceptable variation,False,fe39e2ec8eaffdee53f57fd06664779b42fa97cbb81a43c57cd4f8d34dcc0406
EAWS-1500H-1A,EAWS-1500H-1A.png,acceptable variation,False,4faf7f14ec3ba76011a19d7367cc23c41a2610c0a16b3bbf6799fade1bb1f3f5
EALQ-139E-7A,EALQ-139E-7A.png,true failure,True,2908a73ba4c12261c5d5f39a37f933b80c41329a321cbac32550ff7ab2c5a49c
EALQ-139B-1B,EALQ-139B-1B.png,true failure,True,dae93340b7eacdabd4725422fbf99591746e4a80545a08b6045a8f6ef401c7f8
EAMRW-200H-1BV,EAMRW-200H-1BV.png,true failure,True,ee6007783fb57b85b8dcb7cd2775c638146a6df5116ff4b2390371d6a822a972
EAWS-1800-1A,EAWS-1800-1A.png,acceptable variation,False,c8a3813e29553fdb5b4fd0dd2ed1061c01c6256cdae8ade3857d7eb0f4eafcb1
E889232261041,E889232261041.png,acceptable variation,False,068e96b80f82aafcd65524cdc0b0dae834a180d18ab31fc2d50b50f334b1147c
E889232368535,E889232368535.png,true failure,True,a43eeb0c9be9a27ba84526f999fde5a635338f624eec2a47d3db498a574a13ae
E889232261072,E889232261072.png,true failure,True,5bc5f590d6ce462b844d68cec3140ede65babed4426277c1dae999f4785a894e
E79767759384,E79767759384.png,true failure,True,b15fea642832f41170e6d82e3f4b09c518f833c432bdcaa32f6856f53e23065e
E889232261102,E889232261102.png,acceptable variation,False,cb01938775ce24ba0f4981fe4fed70117bd1b0e2edd6d0bc23c57c2569f829ac
E79767944391,E79767944391.png,acceptable variation,False,1b52719509bb289471a76eaae8d9c4608203855d2e1812da1320ad0e62c8c2a3
E889232102375,E889232102375.png,acceptable variation,False,36a54b63bd5cf3c4c65a0cb677ce67d3a5a6298862616bb55fc38bff3613dbb5
E79767541255,E79767541255.png,true failure,True,8150ab3a8c017fc53d9f53f3dc6e9f915e37ea3abc3dc7a6cbb54bc50b427327
E889232267838,E889232267838.png,acceptable variation,False,05a565fb9465986a4d8b0a6296457250563a6f113a5ea54f57da683dfdececb2
E79767968724,E79767968724.png,acceptable variation,False,a0758beff4b197d95de3daf4eabf61ce7ba4e1c9f006b090af68c8c6ebb382cf
E889232213002,E889232213002.png,acceptable variation,False,8d524429343d80bfd44501c05683f8676b9e80b82c6dd3b63f5844f7258cb195
EAMW-240B-3B,EAMW-240B-3B.png,true failure,True,33794d2ce0e140c7250a2e86b7f092f20c94175c0fe624b1fb3ce93e027600fc
EAMWD-100HD-1A,EAMWD-100HD-1A.png,true failure,True,2bc458e08c3d50f4a745ddbe4f2e8f7c0d6aa128a3512c43e70acfab54a51ae7
EAMW-240-1BV,EAMW-240-1BV.png,acceptable variation,False,cde3a390a700db4799a03474af1b49a818b4210d4469191020b6fe77ad826ee0
EAMWD-100H-1A,EAMWD-100H-1A.png,acceptable variation,False,cdb992ede1d933efaff42dd7e5d8d1679f61e6f7f2c218c7cbeba09b7a94c5fe
EAMWA-100HD-1A,EAMWA-100HD-1A.png,true failure,True,dd43d0fb0bbe2fa43299f084725ef87c223ea50a16d97db2bb51ae0318c43053
EAMW-620H-1A,EAMW-620H-1A.png,acceptable variation,False,643da91c59fbcccf57627926ca0d8932a73a0ca98cf5620b2d91ddc26329c02d
EAMWA-100H-1A2,EAMWA-100H-1A2.png,acceptable variation,False,c43a3e42aae3ab69f7fa3b2cdbf63c7d2db8e2bf434b1a45cad0f4924914fa28
EAMWQ-100-1A,EAMWQ-100-1A.png,acceptable variation,False,3a2bddd9b940d5971394d6999a68c3c508893573adf37cc0c91ac86ada4c9d68
EAW-218HC-8A,EAW-218HC-8A.png,acceptable variation,False,25dbf5716461900d505f85b3296f16c23cedbebcee2743bd1c3180f0b12101a1
EAW-201-1AV,EAW-201-1AV.png,true failure,True,fbb7a6bf4b9760a3729c7919adc79bdfee1c9f8c8db7c172d75da631777a8d6a
EAW-218HC-4A,EAW-218HC-4A.png,acceptable variation,False,7469f31d911cb7306e04efa282599f7a0b37218ab492043454e9e8c1761a94a1
EAW-735H-1A,EAW-735H-1A.png,acceptable variation,False,18dfd869220167591df4e2d7e2159e360d2a7fb1414cb6d415df76740c0af9b7
EAW-217H-3B,EAW-217H-3B.png,acceptable variation,False,d06c7c0caa89c8660fed2395c96cbdab0dcae6e03e7be905ef3de819313dfc81
EAW-212H-1AV,EAW-212H-1AV.png,true failure,True,b8a03e7f86987d848fa18a8ab8ade5ea86fb5c8267f10293cc5cf1653ea4219f
EAW-218H-1A,EAW-218H-1A.png,acceptable variation,False,974c404ba413ff5cb7a456c160f5783b03000d9124bd0bbe48fc926138477b1e
EAW-218H-2A,EAW-218H-2A.png,acceptable variation,False,713ccccc8c33d69c7dccc23c6970ece4f85dd9ea087ef7aa11f65f6740e44011
EAW-217HM-9A,EAW-217HM-9A.png,acceptable variation,False,c66953e369f6ae54e8c616d633cda99a95492ab01bee00e3f1623a59c7d8287d
EAW-218HC-2A,EAW-218HC-2A.png,acceptable variation,False,c9072882c0d988c29a142e6d81021fda3a740643c7d99c59268d4a1fed3acde6
EAW-218H-8A,EAW-218H-8A.png,acceptable variation,False,f0e165bfc134f1485ae6bc755d4061b010e0a25804222e44548b276c45d7785a
EAW-800H-1AV,EAW-800H-1AV.png,true failure,True,95d9c4693fbc2e7d3a1360a953f6f0c1d3c4e74a46afb23ba847d8b83fc76d53
EAW-96H-1BV,EAW-96H-1BV.png,true failure,True,0689a6d4b8743524c0482a5ded4dc8d26cc9ce0524a1af407607fb816bd36c09
EAW-219H-1A,EAW-219H-1A.png,acceptable variation,False,f36ba845471385495dad9f0a183d18372876194d539125a74297d7c11a183dd7
EAW-217H-1A,EAW-217H-1A.png,acceptable variation,False,fc2c877760763fbad2323fedb8059f1b54a3c3904b674c394fe2a3c15f749391
EAW-96H-1AV,EAW-96H-1AV.png,acceptable variation,False,1a216fecdde5c055aca8ac2c7edee28512a40047db07781d16efb3d7d9cbc779
EAW-218HB-3A,EAW-218HB-3A.png,true failure,True,ccf4fd88d3b35ceac7432742a3fd28e0b2eb543603b56d8fa2cbf6df77443be6
EAW-218HM-5B,EAW-218HM-5B.png,acceptable variation,False,42aec7e299df377c0438318e4b3ac15444b7986ba28fe1dc50cb0691c8eb7257
EAW-218HD-1A,EAW-218HD-1A.png,acceptable variation,False,3ad9a668807eb860170dd0036525cde4b87968a711a162579cb0a978fcee401c
EAW-736H-1A,EAW-736H-1A.png,acceptable variation,False,6cf084bb59ef367d8e0cbfd64a6b7925b6a0eaca8f730c3d8f610b67974def02
EAW-219HC-2B,EAW-219HC-2B.png,acceptable variation,False,3cb96c278bfa57ad71e5f6e987ad415528c0ea517f9378b09080587a1e87203e
EAW-219HD-1A,EAW-219HD-1A.png,acceptable variation,False,a660d5af297ab2d9899ff1ea3715ac00006df380bde7fd707811d5b82e2229a3
EAW-735H-1B,EAW-735H-1B.png,acceptable variation,False,5854e8459c210cebfb95ef2e5a2b27bc93e366fd5a2721adb41769c2ba0471a7
EAW-219HB-3A,EAW-219HB-3A.png,true failure,True,fa45901da23b2891ad3d9aed328c02ca80af4e9c9637419d67e522cbe0cbd3ef
E889232373201,E889232373201.png,acceptable variation,False,a165d6e2f6379014f0eb5eb46e3bf1f44fe6a574204dcdeeb2df645034c4825f
E79767433994,E79767433994.png,acceptable variation,False,ebac104541d2496c374079cd2cd6cb7a0c1d463a21fa66cfa8c2fde6d921926f
E889232140810,E889232140810.png,true failure,True,3e4795bdaf95cf8bec2cee6a687c53415fb46de8144e0682d110102d35203fb3
E889232192789,E889232192789.png,acceptable variation,False,b63a24a3a42d776a2a93ae1c912d4386c8cac3ebe4ef1e9e6f8378665a39c5bc
E79767542085,E79767542085.png,acceptable variation,False,cf7c69a7123bca42070527796f4027ff4ab154385a38b09eb8b3177810af085d
E889232192819,E889232192819.png,acceptable variation,False,981521bcecd172922f08888f3702beab47b6944a2df255ae746dd05cf864da69
E889232382340,E889232382340.png,true failure,True,f553fecfaac1be01c3a8a571a45dfc3b47a3da914e4a00ff71a063de6f1c359d
E889232317038,E889232317038.png,acceptable variation,False,46ef769a91c49e6263dece43a77e7b6aede0cd9b8b28dc74b412539a5786d372
E79767246402,E79767246402.png,true failure,True,726a3d4866290c0c24a798ea852c6c6a08bfcfb6f997a588d57d3d129a039f7f
E889232373232,E889232373232.png,acceptable variation,False,2d038284c0e93ef273cb0ff335318958a6d5b9b98d7b5a80fe0d371910499d3c
E889232187587,E889232187587.png,true failure,True,6bef475b10f0d338c3c68fb2937a46085ba6a0acde6ffab7796f2d9ab946ef29
E889232382319,E889232382319.png,acceptable variation,False,284bf24d5081e59840a3a3f01bba549369bf16974ef2e4b2721890081c858c76
E889232192727,E889232192727.png,acceptable variation,False,0bb23aee3b6e73256e4faa7a32dfc4fda20d3c698eb8a7894b1c8840ff6b297c
E889232187525,E889232187525.png,acceptable variation,False,8395e504124ad27503cd73b5e4fa8dc2fda9fb5938c6031dcba445c55dae2ff4
E889232140780,E889232140780.png,true failure,True,76daa4d361c11a130cb6aa4ccb98e98ceb191eb4c4e3c9fc343e2c14e89694f5
EAF-91W-3H,EAF-91W-3H.png,acceptable variation,False,a7c30f256a1033df94438cb64b6e2f8a00b2f82e101950a9dc1d881f1aca460d
EAF-105W-1AV,EAF-105W-1AV.png,acceptable variation,False,8010f898776383a488baa9e45af8fae4594a23bc7099a960bb3c6017d05c1044
EAF-91W-1,EAF-91W-1.png,acceptable variation,False,f3a27aefbdbaafb2d7b0a88242ab035b488a654339abc8776f89608d2dacf044
EAF-94WA-8,EAF-94WA-8.png,acceptable variation,False,9965259e7b9b05df1f465501ebc95060a7c151cf7a9c35b20c897503e05feff4
E4971850798682,E4971850798682.png,true failure,True,624e80faba3ec494fa7a6ccd8c20b11162cb49529e41ecf967ea99b6c89db919
EAF-91WM-1B,EAF-91WM-1B.png,acceptable variation,False,c7908c59281b57d9da82c2919af3bf39baa29fdd69b3b11b72a27f079ec5041b
EAF-201WA-1AV,EAF-201WA-1AV.png,acceptable variation,False,7acf5c78df75fec4478bf5fcc0b14593d92207b7e609f6dd523f5a0e7b661c2c
EAF-91WS-2C,EAF-91WS-2C.png,acceptable variation,False,be60e47936aa1dfd8ebbf4a9d6ddaf175475af4983a8a72ab5f944886b936505
EAF-91WG-9Q,EAF-91WG-9Q.png,acceptable variation,False,01ffe462d4872d75796092a40107ba80a5e1ea3875d953085cf27b2e5c24c881
E4971850565895,E4971850565895.png,acceptable variation,False,a0b09e7e837e6c7e4d8a1abc7c159c6288fb6485589e6ae968b6cbdc23b40684
E79767949082,E79767949082.png,acceptable variation,False,df4f4e819decc1f8559a41551f971601950ee24664d3e722e81db718bee1e3b4
E79767246280,E79767246280.png,true failure,True,44e3501db44545e439b41b05a985c046c9ac1de4dcae3e83ee03a337df453059
EAMQ-24-1B3,EAMQ-24-1B3.png,acceptable variation,False,483291d5fc61c7137097afd93195b9e483324373a2fe4584661e36e316d3744d
EAMQ-76-1A,EAMQ-76-1A.png,acceptable variation,False,35c4181ad0f5ff72f2ff00309c8528e67c3492943217dcacea8aa46059a4515f
EAMQ-71-2B,EAMQ-71-2B.png,acceptable variation,False,676b651df855468a385c62180199cb254debb99dda1f60f2c2e98395c466ecce
EAMQ-38-1A,EAMQ-38-1A.png,acceptable variation,False,1ccf464662106df26b9eb38c100e2f95f06ceacc3018d141e2d8c2cd1da8df2e
