sku,filename,caseW,bboxH,cxRatio,cyRatio,canvas,color_mode,extra_chunks,pass_technical_geometry,dial_graft,registration_inliers,source_sha256,final_sha256,visual_review,visual_notes,repair_method,metric_warnings
WW101,WW101.png,0.780273,0.856771,0.499512,0.500000,1024x1536,RGBA,,True,applied,197,ee0edb3186de46915a93abd45ce4f58b95bdc5ec23116cf869cf2ff1a3525a5f,6b3ad3b9112392d8eaaa07dd27b74db53ef622cc14587634ce2017b095b6dd02,PASS,"Passed individual black-background contact-sheet review; correct product, front-facing presentation, complete compact bracelet/strap, transparent background, and no visible watermark or loose fastening hardware.",higgsfield-primary-render,
WW68,WW68.png,0.779297,0.877604,0.500000,0.500000,1024x1536,RGBA,,True,applied,148,22f14da6a022f7e823151c4f02e9a7e48f81ea512039be047cd6b677923a0f23,6ecbf3f62038aa4749706cfbb7dcebcb0de2b292671cac895a64601160a1f9e7,PASS,"Passed individual black-background contact-sheet review; correct product, front-facing presentation, complete compact bracelet/strap, transparent background, and no visible watermark or loose fastening hardware.",higgsfield-primary-render,
W12,W12.png,0.778320,0.911458,0.499512,0.500000,1024x1536,RGBA,,True,applied,235,0bcaeb3c03460acc8188fb6a20eabfc7da017dc89c6bb8dbd92a3f252b42b058,ae63a8dee950e4182a213076a15ed443669a8f648ed858fba45c07ae8448ff8e,PASS,"Passed individual black-background contact-sheet review; correct product, front-facing presentation, complete compact bracelet/strap, transparent background, and no visible watermark or loose fastening hardware.",higgsfield-primary-render,
WW967,WW967.png,0.780273,0.911458,0.500488,0.500000,1024x1536,RGBA,,True,applied,222,66601da3515b0d42b0eadc0c124e3155b86591f264e7e9533c3a4a93d37806a1,cdcb9a859a321c276c3cad7bdb29103287809185f38dfce727d0e152f3aa4f54,PASS,"Passed individual black-background contact-sheet review; correct product, front-facing presentation, complete compact bracelet/strap, transparent background, and no visible watermark or loose fastening hardware.",higgsfield-primary-render,
WW965,WW965.png,0.780273,0.911458,0.499512,0.500000,1024x1536,RGBA,,True,applied,20,e81a119adb5904e0291ab1925488424c74002b6dd55477984c05f9ad48b44f54,0edc103738ce9dbdc944fa3a6fce7757d3028dde44ddd7184e19be14e8632fc1,PASS,"Passed individual black-background contact-sheet review; correct product, front-facing presentation, complete compact bracelet/strap, transparent background, and no visible watermark or loose fastening hardware.",higgsfield-primary-render,
WW972,WW972.png,0.780273,0.895182,0.500488,0.499674,1024x1536,RGBA,,True,applied,219,68241f449a12ebe648013d4e7d6a81f9b5081ab42fd3225859043a04ac3afb9a,df7596308cd2a0a1ffb39688debfa2c2a2a3ab2def82f47272ba9319be4fa24a,PASS,"Passed individual black-background contact-sheet review; correct product, front-facing presentation, complete compact bracelet/strap, transparent background, and no visible watermark or loose fastening hardware.",higgsfield-primary-render,
WW65,WW65.png,0.780273,0.869141,0.500488,0.500326,1024x1536,RGBA,,True,applied,180,7c35ee01daedba42baf6f3043af2a8bf68e789f2f2911fd88ccdde8e3817e185,31145920270662b429a87c721de4dcc8ee326613c2d33f53b2390144e66330af,PASS,"Passed individual black-background contact-sheet review; correct product, front-facing presentation, complete compact bracelet/strap, transparent background, and no visible watermark or loose fastening hardware.",higgsfield-primary-render,
WW66,WW66.png,0.780273,0.867839,0.500488,0.499674,1024x1536,RGBA,,True,applied,132,512beec76cdbc58102c23a27c6a805761f18f8c66bb4a624a6a18b5a3a48abf1,8e32e8aa9ac2f6c58d81a374e4d5dd0b732423dd528bbaa77d30649fdce12d5d,PASS,"Passed individual black-background contact-sheet review; correct product, front-facing presentation, complete compact bracelet/strap, transparent background, and no visible watermark or loose fastening hardware.",higgsfield-primary-render,
WW721,WW721.png,0.780273,0.861979,0.500488,0.500000,1024x1536,RGBA,,True,skipped-after-visual-artifact,,ae7bcaa82dd1d763ae2a4cb5dbf256a18b7a18e0431a7e360b56a70aacf4d0e9,20d1c0e2d81fdfaa666941fc69632297e8d04d52af8050a7328385b78c34cf6f,PASS,Visual QA found a false-positive projective dial graft; retained the clean generated render without the graft.,normalize-clean-higgsfield-raw-without-dial-graft,
WW195,WW195.png,0.779297,0.863281,0.500000,0.500000,1024x1536,RGBA,,True,applied,240,efbc4f0a330feaa3b64b848c8f7dfcfa36e6bb4be0a0561f568432d0ff8936c0,89c201fb9f4c2a2041de3b03631f2371a9220ad76eb5031aa2e576c19bd35037,PASS,"Passed individual black-background contact-sheet review; correct product, front-facing presentation, complete compact bracelet/strap, transparent background, and no visible watermark or loose fastening hardware.",higgsfield-primary-render,
WL14,WL14.png,0.779297,0.911458,0.500000,0.500000,1024x1536,RGBA,,True,applied,206,3bc2c7ea6e4101f7f2d5d0bfa2b12b8164280d7f07ee25d9e472a0628f33ffe1,82e42fe50aa06c4815b09e821b01451b4a48ae273bb8c33027fabaffce9164a6,PASS,"Passed individual black-background contact-sheet review; correct product, front-facing presentation, complete compact bracelet/strap, transparent background, and no visible watermark or loose fastening hardware.",higgsfield-primary-render,
WW715,WW715.png,0.780273,0.852865,0.500000,0.500000,1024x1536,RGBA,,True,applied,62,26111b19085bda3ccb94df9bb0049d7b66eb74fcf33a2b3a1c9a7b8b5cade936,5eb35b07897471e5db3dec185712032d90f5851b8c60565b67f90c102faf6054,PASS,"Passed individual black-background contact-sheet review; correct product, front-facing presentation, complete compact bracelet/strap, transparent background, and no visible watermark or loose fastening hardware.",higgsfield-primary-render,
WW69,WW69.png,0.780273,0.907552,0.500000,0.500000,1024x1536,RGBA,,True,applied,164,1e2dc07b63eb4bf48942fa06ac135b74adf0f3d4f9b596d4423f5fd441033cfe,4dc334dc4639ae487558db8056a7e9f677719be7bdc1f9b2ed808bce7322eabf,PASS,"Passed individual black-background contact-sheet review; correct product, front-facing presentation, complete compact bracelet/strap, transparent background, and no visible watermark or loose fastening hardware.",higgsfield-primary-render,
WW720,WW720.png,0.780273,0.872396,0.500000,0.500000,1024x1536,RGBA,,True,applied,181,6d897659a77bbb4fa41455b75144b93faf726640fc124a7145812b5f83b3b0c3,223023136e62dc769a2e2b2e6b5e37107388dc33cf211635ce1f80f51b3aa235,PASS,"Passed individual black-background contact-sheet review; correct product, front-facing presentation, complete compact bracelet/strap, transparent background, and no visible watermark or loose fastening hardware.",higgsfield-primary-render,
WW719,WW719.png,0.780273,0.858724,0.500000,0.500326,1024x1536,RGBA,,True,applied,151,b34fce77f700e589f30194714ffcaea495e8b827f1f263287802c872fbf66371,2b8c282f4fc6e493994ef4a90578a9efa4864a42431425a15a8388e222a04e43,PASS,"Passed individual black-background contact-sheet review; correct product, front-facing presentation, complete compact bracelet/strap, transparent background, and no visible watermark or loose fastening hardware.",higgsfield-primary-render,
WW595,WW595.png,0.779297,0.899740,0.500488,0.500000,1024x1536,RGBA,,True,applied,416,ac17dafcca289850cc3aecabdff16994bcb5ebd54bddd319cc02179733101abf,a070ed80f7fd1220b1816a5e1bfe4f87aa6407fbe6a0bffb9b15714e5419ef91,PASS,"Passed individual black-background contact-sheet review; correct product, front-facing presentation, complete compact bracelet/strap, transparent background, and no visible watermark or loose fastening hardware.",higgsfield-primary-render,
WW67,WW67.png,0.780273,0.893229,0.500488,0.500000,1024x1536,RGBA,,True,applied,189,0da3f69c9cc5cc077b0a88bb3afdcd00137834205da108c7e0019635f2563284,ec4bd6d4be07cd12494ede17b3d673e03f4ddea5f040b58cd4038ec096f8d250,PASS,"Passed individual black-background contact-sheet review; correct product, front-facing presentation, complete compact bracelet/strap, transparent background, and no visible watermark or loose fastening hardware.",higgsfield-primary-render,
W1247,W1247.png,0.780273,0.911458,0.499512,0.500000,1024x1536,RGBA,,True,applied,244,21155ab4d0f603f7af8606d8e74558c62fac67776b5160e4309931d35d33d6dd,80b470cd655ee4fe0a919f99946c0710ac75b639ae5dd6359d94891be48a3b05,PASS,"Passed individual black-background contact-sheet review; correct product, front-facing presentation, complete compact bracelet/strap, transparent background, and no visible watermark or loose fastening hardware.",higgsfield-primary-render,
WW824,WW824.png,0.780273,0.895182,0.500488,0.499674,1024x1536,RGBA,,True,applied,159,5cca370936d2c98084e0df4937b3aee87ee60a71c37155d15e4645ebedd2e0e3,c45825c418d40db0fc7b09833fb2f2c25790d78364466085c7051965af121f50,PASS,"Passed individual black-background contact-sheet review; correct product, front-facing presentation, complete compact bracelet/strap, transparent background, and no visible watermark or loose fastening hardware.",higgsfield-primary-render,
WW416,WW416.png,0.780273,0.899089,0.499512,0.500326,1024x1536,RGBA,,True,applied,382,040d68cae600f272572eaeebe4c0d40dfea7efca2bac811b64814d3412917fa1,efeef22194c14ecaf4e782d75d2c588149ac82dc78fc5bcc6ab99d9b9a3373e5,PASS,"Passed individual black-background contact-sheet review; correct product, front-facing presentation, complete compact bracelet/strap, transparent background, and no visible watermark or loose fastening hardware.",higgsfield-primary-render,
W118,W118.png,0.781250,0.884115,0.500000,0.500000,1024x1536,RGBA,,True,applied,52,8a2a19ba80040a80deebb90ce3f6d45de570f5de6ad6fc26723780106f05558c,f3785560d4d51ab2331d1f54fe1c910036238cdbddc9c3bbdee80cc4633fcb6d,PASS,"Passed individual black-background contact-sheet review; correct product, front-facing presentation, complete compact bracelet/strap, transparent background, and no visible watermark or loose fastening hardware.",higgsfield-primary-render,
W111,W111.png,0.779297,0.911458,0.500000,0.500000,1024x1536,RGBA,,True,applied,38,d07463785bb1bd76245f283ad67847e43d2d6ea46839e4461fd9a671f94ffced,9a181c382fa59c6b4f148bc34db11516cd875f021e6db639700d9c01605e13d0,PASS,"Passed individual black-background contact-sheet review; correct product, front-facing presentation, complete compact bracelet/strap, transparent background, and no visible watermark or loose fastening hardware.",higgsfield-primary-render,
W1102,W1102.png,0.780273,0.911458,0.500488,0.500000,1024x1536,RGBA,,True,applied,294,c82593a3ecdab93b8a3b03fb4c94ba4229e470b35351be9deaf0bc2b461a45df,d25f41350962921dca43ef805b1349fa7b9924e2b08e1888693519ed23dc4a01,PASS,"Passed individual black-background contact-sheet review; correct product, front-facing presentation, complete compact bracelet/strap, transparent background, and no visible watermark or loose fastening hardware.",higgsfield-primary-render,
WL7,WL7.png,0.781250,0.911458,0.500000,0.500000,1024x1536,RGBA,,True,applied,154,51d8a80294664f359e30b087b17da796fc22f2473af293154b030ddf4cb28841,eedddeab484347c5c68532d8ee93fe6b6ce18a23b9fd6959ade0fd5bc78317c4,PASS,"Passed individual black-background contact-sheet review; correct product, front-facing presentation, complete compact bracelet/strap, transparent background, and no visible watermark or loose fastening hardware.",higgsfield-primary-render,
W1240,W1240.png,0.780273,0.821615,0.499512,0.500000,1024x1536,RGBA,,True,skipped-after-visual-retry,,40c0537cb535d4f3f57f7dda69c14cf44bf9c89e93e8ce6fd8281fde7a6524af,f530f422ecc839c13969681614ee94c0b347067c2e433dad50f6d49e4fa67e5d,PASS,"Full-resolution targeted retry accepted on black: corrected visible hardware, strap tail, protective film, or product identity using the exact SKU reference; source-dial graft deliberately skipped to avoid reintroducing the defect.",higgsfield-targeted-visual-retry,bboxH-low
W1223,W1223.png,0.780273,0.882161,0.500488,0.499674,1024x1536,RGBA,,True,applied,251,347bbd40bb9c7147667d68522b87b2d04c20f64dd2135164dba705fa9eac9b45,6c0ae0bc52d26b89344c026f8e8306ff56a7fb4f363d3f67993f50dc41b052a3,PASS,"Passed individual black-background contact-sheet review; correct product, front-facing presentation, complete compact bracelet/strap, transparent background, and no visible watermark or loose fastening hardware.",higgsfield-primary-render,
WW231,WW231.png,0.780273,0.889974,0.499512,0.500326,1024x1536,RGBA,,True,applied,342,6c8bd590587ce7e575285a6c3d56f5e709e4d0e48c74ce3df8566f491b747355,95a9eb7112a04e03c6544eaed2b7f05c5e0e041b908b31b2d734a40cad8a09dc,PASS,"Passed individual black-background contact-sheet review; correct product, front-facing presentation, complete compact bracelet/strap, transparent background, and no visible watermark or loose fastening hardware.",higgsfield-primary-render,
WW404,WW404.png,0.780273,0.874349,0.500488,0.499674,1024x1536,RGBA,,True,applied,270,401b99f4fc528552eab67381fbdab80741f84d0b432434b8cfb9d7a84863caad,25d09b342f1f1a2eff117015d9c27b602538da6697eea0113db87b3db9a3aa64,PASS,"Passed individual black-background contact-sheet review; correct product, front-facing presentation, complete compact bracelet/strap, transparent background, and no visible watermark or loose fastening hardware.",higgsfield-primary-render,
W1252,W1252.png,0.780273,0.911458,0.500488,0.500000,1024x1536,RGBA,,True,applied,44,034550ac83b248ee06501d6d224774b67005f625a0fa955355de96811965ad7a,369818d426b7e08a751bfa8e36eaa3080b08c49c9adf84de22cf0a16ba1bea9f,PASS,"Passed individual black-background contact-sheet review; correct product, front-facing presentation, complete compact bracelet/strap, transparent background, and no visible watermark or loose fastening hardware.",higgsfield-primary-render,
WW278,WW278.png,0.779297,0.879557,0.500000,0.500326,1024x1536,RGBA,,True,applied,349,390fbb2367773a0339a0fd349b17e97ab2ab1a9b5f149a84dd5ad80ad7d58936,00f3d1d49a4690e9d3b662ac39b3e29bc6b3d34e80ce9aac36ebec7b95534212,PASS,"Passed individual black-background contact-sheet review; correct product, front-facing presentation, complete compact bracelet/strap, transparent background, and no visible watermark or loose fastening hardware.",higgsfield-primary-render,
WWN215.92.46.21.01.001,WWN215.92.46.21.01.001.png,0.780273,0.850911,0.500488,0.499674,1024x1536,RGBA,,True,skipped-after-visual-retry,,a0d82b1d4e8e71293c5b2d6edcaebb41ea7698572ede75359b3595e47b73a817,0316ac60b3b2d59b75d3966dd7c865e8541f686c457361b88e434f6b87a15861,PASS,"Full-resolution targeted retry accepted on black: corrected visible hardware, strap tail, protective film, or product identity using the exact SKU reference; source-dial graft deliberately skipped to avoid reintroducing the defect.",higgsfield-targeted-visual-retry,
W1131,W1131.png,0.780273,0.911458,0.499512,0.500000,1024x1536,RGBA,,True,applied,374,e75aaf5ffabcba20f09c48b985b7404cbcaea59ca0d39c669a5b072dc48d546f,edb31d02e434d5889055df4e512bfab1ee79045684c1b27ecaeebc92714cca11,PASS,"Passed individual black-background contact-sheet review; correct product, front-facing presentation, complete compact bracelet/strap, transparent background, and no visible watermark or loose fastening hardware.",higgsfield-primary-render,
WW70,WW70.png,0.780273,0.911458,0.499512,0.500000,1024x1536,RGBA,,True,applied,109,48434f5b274ed7a73ddaf86bcb4a06513fbc4b3bbf66dd6d14bfb5fae4b47371,0089422c41cfb85619f2d7ffc9b1cb0689468ea2e6b85d983dd781ad80ba571e,PASS,"Passed individual black-background contact-sheet review; correct product, front-facing presentation, complete compact bracelet/strap, transparent background, and no visible watermark or loose fastening hardware.",higgsfield-primary-render,
W1199,W1199.png,0.780273,0.911458,0.500000,0.500000,1024x1536,RGBA,,True,applied,388,eddcdeede70b5046c5fd13554111cbf4ce9db3a61ed098170f1c5ba49af579a9,8a47666f2ff1f42b6b57ca8d9655ee8a7924a25ebb729a8c06d271b6a820218f,PASS,"Passed individual black-background contact-sheet review; correct product, front-facing presentation, complete compact bracelet/strap, transparent background, and no visible watermark or loose fastening hardware.",higgsfield-primary-render,
W1243,W1243.png,0.780273,0.911458,0.500488,0.500000,1024x1536,RGBA,,True,applied,29,42a113d83fd3fc2e31db9155612a48d9b50ecaee478ece7532c5af0b0cf403d4,ef595afc61e734e894f7a47309c78cc23b37e89be0c5f505efeba18c26fdad8b,PASS,"Passed individual black-background contact-sheet review; correct product, front-facing presentation, complete compact bracelet/strap, transparent background, and no visible watermark or loose fastening hardware.",higgsfield-primary-render,
W136,W136.png,0.781250,0.900391,0.500000,0.499674,1024x1536,RGBA,,True,applied,292,83660c768ec18e0a0576078d0d2ab4cd17163e66ec3b40541b2579513b19b9db,2841e54863fdff00d286ff9ea8858db7481bf61c012fa1d461c63b0de4e77c96,PASS,"Passed individual black-background contact-sheet review; correct product, front-facing presentation, complete compact bracelet/strap, transparent background, and no visible watermark or loose fastening hardware.",higgsfield-primary-render,
W1206,W1206.png,0.780273,0.911458,0.500488,0.500000,1024x1536,RGBA,,True,applied,145,244e9df86095cb00c1243df729b3f736987a28d590bb8d6504695a9e90f3a6bf,888b1948b99e61de7d7ee4e6bd288ccaa26f02c4fecffa8c462bd75326f3d01f,PASS,"Passed individual black-background contact-sheet review; correct product, front-facing presentation, complete compact bracelet/strap, transparent background, and no visible watermark or loose fastening hardware.",higgsfield-primary-render,
WW374,WW374.png,0.780273,0.876302,0.500488,0.500000,1024x1536,RGBA,,True,applied,83,72078f66598d80e69ad3f1cd5639ede06012054d0ea50ee32b52cfef70b71ac3,c2705d042f6eed50b37b253e81f81cb954dcfe1da892dfd4ef70334ad502455d,PASS,"Passed individual black-background contact-sheet review; correct product, front-facing presentation, complete compact bracelet/strap, transparent background, and no visible watermark or loose fastening hardware.",higgsfield-primary-render,
WL1,WL1.png,0.780273,0.911458,0.499512,0.500000,1024x1536,RGBA,,True,applied,146,bd04a868196ef72d7f37c39f3371024ed2c29a190b53d3b5221e8b5a54802b85,cb7557b1e1ccd86240ccd8055ee30476e3f825fb1a34b8c8801e8874c3d9cfa0,PASS,"Passed individual black-background contact-sheet review; correct product, front-facing presentation, complete compact bracelet/strap, transparent background, and no visible watermark or loose fastening hardware.",higgsfield-primary-render,
W159,W159.png,0.779297,0.911458,0.500000,0.500000,1024x1536,RGBA,,True,applied,461,96c60ace46452c5670ba2c2cce71792ba6d16849d73f2c36f8fa888a585ee759,3a103e4dc71aeee37e2ee897cad3d754a6e2dc0e371b5937f9c0fc0117f2eaf5,PASS,"Passed individual black-background contact-sheet review; correct product, front-facing presentation, complete compact bracelet/strap, transparent background, and no visible watermark or loose fastening hardware.",higgsfield-primary-render,
W128,W128.png,0.779297,0.911458,0.500000,0.500000,1024x1536,RGBA,,True,applied,80,1376b82449186e60f877f67a6b74f967c5647684025fab64b7287ba139feec3c,5cf5a8a2247392811355142accfdfe547698cfe47302be05ec5789ea80632bf2,PASS,"Passed individual black-background contact-sheet review; correct product, front-facing presentation, complete compact bracelet/strap, transparent background, and no visible watermark or loose fastening hardware.",higgsfield-primary-render,
WWNTB0134101M1X1,WWNTB0134101M1X1.png,0.780273,0.911458,0.500488,0.500000,1024x1536,RGBA,,True,applied,428,df0f5bacb7c2bf6e57e4d45d12fb538c7f8ec83eedf9c0c31fb07144361bc22b,d2c27901ee889a609043ab34e3ab807376fd66f4acef0f0bd5ad1b8f3a8bd969,PASS,"Passed individual black-background contact-sheet review; correct product, front-facing presentation, complete compact bracelet/strap, transparent background, and no visible watermark or loose fastening hardware.",higgsfield-primary-render,
WL11,WL11.png,0.781250,0.856120,0.500000,0.499674,1024x1536,RGBA,,True,applied,160,c2b5d9ea96943260e7a54589578a0e4318bb38fa4cf495ecb45cf1965772310c,be3f967c300075b61f9827aceae3334af2a37e64891ae76b3350b3e7f91e48c8,PASS,"Passed individual black-background contact-sheet review; correct product, front-facing presentation, complete compact bracelet/strap, transparent background, and no visible watermark or loose fastening hardware.",higgsfield-primary-render,
W1204,W1204.png,0.779297,0.898438,0.500000,0.500000,1024x1536,RGBA,,True,applied,324,c4d86599aecff708d00ec38b965235427051429aa69f8ffb0e14c4ec193e27e9,853d2a54b5148e6625ffbd058bb0449bffc76f65b7a0cab353232a2635d5039c,PASS,"Passed individual black-background contact-sheet review; correct product, front-facing presentation, complete compact bracelet/strap, transparent background, and no visible watermark or loose fastening hardware.",higgsfield-primary-render,
W1178,W1178.png,0.779297,0.911458,0.500000,0.500000,1024x1536,RGBA,,True,applied,183,c774f52f3c409046cd3acb825372cd54b9ce4fffd75347d7839d66644fb9a87d,d747e64757a796e0831a319bd40d6de6483ed015b13bfaced518f103747698d4,PASS,"Passed individual black-background contact-sheet review; correct product, front-facing presentation, complete compact bracelet/strap, transparent background, and no visible watermark or loose fastening hardware.",higgsfield-primary-render,
WW574,WW574.png,0.780273,0.911458,0.499512,0.500000,1024x1536,RGBA,,True,applied,71,ec6280d9531cb0da47ceece73bc049dcc36ec07801cdb902d90c39cfe91a09dd,a5844164df6dc2b55cb15fff83588f512390d8ea92a3765d3da02847bfaad470,PASS,"Passed individual black-background contact-sheet review; correct product, front-facing presentation, complete compact bracelet/strap, transparent background, and no visible watermark or loose fastening hardware.",higgsfield-primary-render,
W1180,W1180.png,0.780273,0.905599,0.499512,0.499674,1024x1536,RGBA,,True,applied,239,9a7519053076a45cf51e2e935dee4a9e74c8097c909af1f06c8523dcba6bca7a,0381e4531ab8ac3c9e87fb5f42ec9390d686a92222aa794a196bd20dbcdd925b,PASS,"Passed individual black-background contact-sheet review; correct product, front-facing presentation, complete compact bracelet/strap, transparent background, and no visible watermark or loose fastening hardware.",higgsfield-primary-render,
WL8,WL8.png,0.781250,0.856771,0.500000,0.500000,1024x1536,RGBA,,True,applied,50,dd939c352cf3d293e8b0d46c4f37aa80756243deea34f5b724f9e831a5060f1d,e1e87a7b24e86f2eb537f4be095b4615feb48731c7abe138b2435de0db524ca9,PASS,"Passed individual black-background contact-sheet review; correct product, front-facing presentation, complete compact bracelet/strap, transparent background, and no visible watermark or loose fastening hardware.",higgsfield-primary-render,
W1203,W1203.png,0.780273,0.885417,0.500488,0.500000,1024x1536,RGBA,,True,applied,287,e9a84320957fa8f08534c47e6e2c8bfe78ef01b1738c31d2cd93b77bf67bf43d,1f545b4f8e150ab49693946629cd9bcd321c365e533acb58cc45fecbaa923316,PASS,"Passed individual black-background contact-sheet review; correct product, front-facing presentation, complete compact bracelet/strap, transparent background, and no visible watermark or loose fastening hardware.",higgsfield-primary-render,
WL10,WL10.png,0.779297,0.851562,0.500000,0.500000,1024x1536,RGBA,,True,applied,110,5c9425f842a40a83f1ca3117640fcae0feb42b2c784b1bafd11e4a8b75879f3d,791cce4dbdde1d03f8bbd2651784606e558de45c3beb1c572b877220eb884b53,PASS,"Passed individual black-background contact-sheet review; correct product, front-facing presentation, complete compact bracelet/strap, transparent background, and no visible watermark or loose fastening hardware.",higgsfield-primary-render,
W1163,W1163.png,0.779297,0.911458,0.500000,0.500000,1024x1536,RGBA,,True,applied,264,a3e44d58942225df53dbae3e9bff95fe329522ef057ce92ece1a4ad8898a52c0,a78daa705ad60607caa370fe5431e57be0c83a081f518284b53b660fa7e0da91,PASS,"Passed individual black-background contact-sheet review; correct product, front-facing presentation, complete compact bracelet/strap, transparent background, and no visible watermark or loose fastening hardware.",higgsfield-primary-render,
WW825,WW825.png,0.780273,0.870443,0.499512,0.500326,1024x1536,RGBA,,True,applied,114,166a9819b28f80581b75b46bf55aeb3ed390bc07accbf730d9a8bc9c69d2d7f6,63bee2adc2997f737da80d0dd66f342ca9faaa4c2ad573cc5d05d4a3cf8a93ff,PASS,"Passed individual black-background contact-sheet review; correct product, front-facing presentation, complete compact bracelet/strap, transparent background, and no visible watermark or loose fastening hardware.",higgsfield-primary-render,
W1164,W1164.png,0.780273,0.911458,0.500488,0.500000,1024x1536,RGBA,,True,applied,344,b3b374002f24212370e555e721cb0fbb2b9a1056382ac848412c648c927fdff7,ecd94d9e5c9dea74b0992938ef2189f12d164a118691e4868c8dbf4aec9ace91,PASS,"Passed individual black-background contact-sheet review; correct product, front-facing presentation, complete compact bracelet/strap, transparent background, and no visible watermark or loose fastening hardware.",higgsfield-primary-render,
W1150,W1150.png,0.779297,0.911458,0.500000,0.500000,1024x1536,RGBA,,True,applied,230,bc5a7bfde3e0b56abe58e69203943f8d49f2b69818faf691add9dc1432058bcd,b3e2d7c20031fb5fc39562d5a0f09392d5deec6d1d784c1901603cf366711980,PASS,"Passed individual black-background contact-sheet review; correct product, front-facing presentation, complete compact bracelet/strap, transparent background, and no visible watermark or loose fastening hardware.",higgsfield-primary-render,
W1167,W1167.png,0.779297,0.878906,0.500000,0.500000,1024x1536,RGBA,,True,applied,183,a4b1308137cce2f7824e1dd37e41d76584a0e764c600b1c02a60a8896378a083,91c6cbb71fc46bae7e72e6e934d68508b0ba833e92e5006bd1803c2748fce543,PASS,"Passed individual black-background contact-sheet review; correct product, front-facing presentation, complete compact bracelet/strap, transparent background, and no visible watermark or loose fastening hardware.",higgsfield-primary-render,
WW71,WW71.png,0.779297,0.905599,0.500488,0.500326,1024x1536,RGBA,,True,applied,207,bc1b885bd6e275dfe23fdd3497de2e58b776979c9c9287bdbb86a6c86c2333b1,ef6cbd1585b52cb0c265e90113d913e43aba405d6eb7eb45a8c48221005023e8,PASS,"Passed individual black-background contact-sheet review; correct product, front-facing presentation, complete compact bracelet/strap, transparent background, and no visible watermark or loose fastening hardware.",higgsfield-primary-render,
W1237,W1237.png,0.780273,0.911458,0.499512,0.500000,1024x1536,RGBA,,True,applied,26,27c3f19ab0fa27fe07de8c5bf53885ea6a6889a33348d99d29dcaa710a875eef,a293ed1ce9651d4b41afc1f7c6e4cb68c7c70b1792af948926de6b7fed1e876d,PASS,"Passed individual black-background contact-sheet review; correct product, front-facing presentation, complete compact bracelet/strap, transparent background, and no visible watermark or loose fastening hardware.",higgsfield-primary-render,
W268,W268.png,0.780273,0.868490,0.500488,0.500000,1024x1536,RGBA,,True,applied,251,18936358bc40bf1390eb10b608eda0094416a9100270b0f9b5e7753315be0ad8,a372940125f050c4e06a08995c116f9e906332ad269b8e37299dd90aa041f40f,PASS,"Passed individual black-background contact-sheet review; correct product, front-facing presentation, complete compact bracelet/strap, transparent background, and no visible watermark or loose fastening hardware.",higgsfield-primary-render,
W1162,W1162.png,0.781250,0.911458,0.500000,0.500000,1024x1536,RGBA,,True,applied,389,ed42cb673f003cada8a1d5bc8ff6e6aaef35aa0f688497ddbc37e912604bd2aa,19f36732d72b7c92a9097711df3514ec7abda57ad7957b50af84127cccaabbe2,PASS,"Passed individual black-background contact-sheet review; correct product, front-facing presentation, complete compact bracelet/strap, transparent background, and no visible watermark or loose fastening hardware.",higgsfield-primary-render,
WW917,WW917.png,0.780273,0.906250,0.500000,0.500000,1024x1536,RGBA,,True,applied,168,014e16c17c881560cff9c43f2686d2d973ea2f285abfb3265f7740f93f803ccc,c91d5c06d84d45faf48fa265114bdb0218e200bff9b2d72216eacce5b66ea881,PASS,"Passed individual black-background contact-sheet review; correct product, front-facing presentation, complete compact bracelet/strap, transparent background, and no visible watermark or loose fastening hardware.",higgsfield-primary-render,
W10,W10.png,0.779297,0.911458,0.500000,0.500000,1024x1536,RGBA,,True,applied,265,ed929a2de6e23de0431543861699ddaf81711f5a5a26fafc67a428afecef1ba5,d8d4a7e3dca58c473540b9678c3a68b5bb9d6a1a59e862d3dda43c85c6715015,PASS,"Passed individual black-background contact-sheet review; correct product, front-facing presentation, complete compact bracelet/strap, transparent background, and no visible watermark or loose fastening hardware.",higgsfield-primary-render,
W130,W130.png,0.780273,0.873047,0.499512,0.499674,1024x1536,RGBA,,True,applied,67,22e35386fb36436aab28d9ceccbea17098728e937d0177c4b797bc493908735e,b7e44ef227ca11a971dddd504f416269ba57bfa319e72c8851cc81a321aeab24,PASS,"Passed individual black-background contact-sheet review; correct product, front-facing presentation, complete compact bracelet/strap, transparent background, and no visible watermark or loose fastening hardware.",higgsfield-primary-render,
WW814,WW814.png,0.780273,0.888672,0.499512,0.500326,1024x1536,RGBA,,True,applied,199,3944ad570b405cd03a1334435d9a67fe4297e9276f62e1c23e689e88de579d1c,4a40f084adafb2240d0a24be6a86c0f5ac1cc2015624e906dc03519b5ca8e0d8,PASS,"Passed individual black-background contact-sheet review; correct product, front-facing presentation, complete compact bracelet/strap, transparent background, and no visible watermark or loose fastening hardware.",higgsfield-primary-render,
WW408,WW408.png,0.780273,0.908203,0.500488,0.499674,1024x1536,RGBA,,True,applied,238,4e5e7d02c60ebdd45796beb71d4e8dd8a76e544d79018281402adb83263eccd9,3a98e07c5a5558f596753fdfdc4d4e3755c02ab90f90914426ec4075253e7875,PASS,"Passed individual black-background contact-sheet review; correct product, front-facing presentation, complete compact bracelet/strap, transparent background, and no visible watermark or loose fastening hardware.",higgsfield-primary-render,
W1245,W1245.png,0.780273,0.911458,0.500000,0.500000,1024x1536,RGBA,,True,applied,134,93f377ef0491480476507e33a66f0229ef50ddf4c0310602da0f905acd4d079e,d7ac2e66505d51663691d8e3c322e5c062a09290751b96d5ade20babdd8bfa7c,PASS,"Passed individual black-background contact-sheet review; correct product, front-facing presentation, complete compact bracelet/strap, transparent background, and no visible watermark or loose fastening hardware.",higgsfield-primary-render,
WW868,WW868.png,0.780273,0.851562,0.500000,0.500000,1024x1536,RGBA,,True,applied,298,a74ff3b2398c89e8047614779d68e0f27036aad359c5def554496f8c63da9ba6,410be26add4909fb89c429917cb2b70d19cfb60eaef625c1c52de98c7702abea,PASS,"Passed individual black-background contact-sheet review; correct product, front-facing presentation, complete compact bracelet/strap, transparent background, and no visible watermark or loose fastening hardware.",higgsfield-primary-render,
W1218,W1218.png,0.780273,0.813151,0.499512,0.500326,1024x1536,RGBA,,True,skipped-after-visual-retry,,c55fbcaccc01c1e2faaf4eb2fac862f4d34dcc43c9d8909f33db3a606ed96af1,c3dadf90510c7f57d6628a18835672f1e386a02d9b6f846cba03335ff658ce4c,PASS,"Full-resolution targeted retry accepted on black: corrected visible hardware, strap tail, protective film, or product identity using the exact SKU reference; source-dial graft deliberately skipped to avoid reintroducing the defect.",higgsfield-targeted-visual-retry,bboxH-low
WWN103897,WWN103897.png,0.780273,0.911458,0.499512,0.500000,1024x1536,RGBA,,True,applied,43,78bb952b277eed18d930c98e0381c8346e8e29ec6e5a969534f8a76adaee4cf3,08c12f7d92780b75db76e036918bc942afea0228dd6dac2452d0b505a4064410,PASS,"Passed individual black-background contact-sheet review; correct product, front-facing presentation, complete compact bracelet/strap, transparent background, and no visible watermark or loose fastening hardware.",higgsfield-primary-render,
W264,W264.png,0.779297,0.874349,0.500000,0.500326,1024x1536,RGBA,,True,applied,531,6fb2ca2df4424d42f0ca93a130bc840c30a2b0c2c7f9590b18a4bd5d27bb2686,972b0dc34524758b7fca229253f2ab3d995cc0ca1dddfbdb10f062998053c90d,PASS,"Passed individual black-background contact-sheet review; correct product, front-facing presentation, complete compact bracelet/strap, transparent background, and no visible watermark or loose fastening hardware.",higgsfield-primary-render,
W11,W11.png,0.780273,0.876302,0.500488,0.500000,1024x1536,RGBA,,True,applied,265,c80c331309bf68f77faa0b8dc836e6f6a0ce84325135aaaa8818e1e825261058,4ec6cc60416e2041e504cd9af0b76c158588596d912937c1b7ecadcae002bc4c,PASS,"Passed individual black-background contact-sheet review; correct product, front-facing presentation, complete compact bracelet/strap, transparent background, and no visible watermark or loose fastening hardware.",higgsfield-primary-render,
W116,W116.png,0.780273,0.880208,0.500488,0.500000,1024x1536,RGBA,,True,applied,188,9aa3f7d6fc1609a90f6f7932a15c19dad52017f6541d1786227469c968e3a9ac,11516584c63fdd6bb196b919c38f69bd52ed848f69fbcdd66cfd3995406f1cb0,PASS,"Passed individual black-background contact-sheet review; correct product, front-facing presentation, complete compact bracelet/strap, transparent background, and no visible watermark or loose fastening hardware.",higgsfield-primary-render,
WW447,WW447.png,0.780273,0.884766,0.499512,0.500326,1024x1536,RGBA,,True,applied,244,5a4534b393427b46849f38670aa15c5d699dd657742769d93c30bd1089c23fd0,fe0219130b5c35a28460dad83d1d182c0f997dd5c7dd4ec0484c37dbd4f7c9bb,PASS,"Passed individual black-background contact-sheet review; correct product, front-facing presentation, complete compact bracelet/strap, transparent background, and no visible watermark or loose fastening hardware.",higgsfield-primary-render,
WW573,WW573.png,0.781250,0.865885,0.500000,0.500000,1024x1536,RGBA,,True,applied,113,fa9fd6ff91706160c7d8ddd489dbfe47644c34ac0cf1642612513d3180f0b45a,90c65c93fbe2ad72f17569110282f4658aad2b09b17ff6170e5577df01031cab,PASS,"Passed individual black-background contact-sheet review; correct product, front-facing presentation, complete compact bracelet/strap, transparent background, and no visible watermark or loose fastening hardware.",higgsfield-primary-render,
WW465,WW465.png,0.780273,0.854818,0.500488,0.500326,1024x1536,RGBA,,True,applied,311,8f73fbd1ed12314000bf8f2893d53f94568962c601d555045b21461f7ae84315,b5c04e8a0ceab1237bbbec0187ae62b36764909db582c5bb4a7d93e30a90747d,PASS,"Passed individual black-background contact-sheet review; correct product, front-facing presentation, complete compact bracelet/strap, transparent background, and no visible watermark or loose fastening hardware.",higgsfield-primary-render,
WW624,WW624.png,0.779297,0.911458,0.500000,0.500000,1024x1536,RGBA,,True,applied,317,24916df371eb54a73d34dd02ffccd77b4c9ebe7df8dc669d2c8e522985fbfe13,3597bad23a991d64e825408eb29512be286838a3b9b84f2e98b7bae93b0eda89,PASS,"Passed individual black-background contact-sheet review; correct product, front-facing presentation, complete compact bracelet/strap, transparent background, and no visible watermark or loose fastening hardware.",higgsfield-primary-render,
W1207,W1207.png,0.780273,0.851562,0.500488,0.500000,1024x1536,RGBA,,True,applied,319,fbda85d73bef0b7fed6ac0a5b4d60e55c59b662bf41601403abff3c04764f5df,73563bd7147879d7b5f12f97b81213fa96f5f24c9d60cd80756c2caa0f89fa28,PASS,"Passed individual black-background contact-sheet review; correct product, front-facing presentation, complete compact bracelet/strap, transparent background, and no visible watermark or loose fastening hardware.",higgsfield-primary-render,
W1220,W1220.png,0.780273,0.853516,0.500488,0.499674,1024x1536,RGBA,,True,applied,127,8c0b98a478d655c3d3096326335f081e0744a4e5f1ff0225cee756d9f2855980,8bd2c781cf062b7e4d683e2ff80057273dd6f1fdc5510bb33080d19d9c89efbf,PASS,"Passed individual black-background contact-sheet review; correct product, front-facing presentation, complete compact bracelet/strap, transparent background, and no visible watermark or loose fastening hardware.",higgsfield-primary-render,
WW340,WW340.png,0.780273,0.894531,0.500488,0.500000,1024x1536,RGBA,,True,applied,82,28246b82053f966c95f22ab9bbcd613faa2388c5262506352be91de307b8a8f0,116fa23f361d202fd6db09364ee9dc4f3fc175548e0f19fdddc5e2f8059bb893,PASS,"Passed individual black-background contact-sheet review; correct product, front-facing presentation, complete compact bracelet/strap, transparent background, and no visible watermark or loose fastening hardware.",higgsfield-primary-render,
WWN388563-3005,WWN388563-3005.png,0.779297,0.911458,0.500000,0.500000,1024x1536,RGBA,,True,applied,71,1dae4d8d032e495e3f8c5e1bdec8ac9dd856dabf794089b52bf27c9a19d86add,85e3ce442e949c070d17deaf330dd27106b7b71ab5da507219f13693f4da6394,PASS,"Passed individual black-background contact-sheet review; correct product, front-facing presentation, complete compact bracelet/strap, transparent background, and no visible watermark or loose fastening hardware.",higgsfield-primary-render,
W1219,W1219.png,0.781250,0.911458,0.500000,0.500000,1024x1536,RGBA,,True,applied,263,05c5a53c7c7e7ae7854f27a4204e5be8f6d3865f24ee8ccbafe31d8a3a317c4c,c7443f6d5064bb50745e6ae71110b51cd8073d967ecdad3441cbbf512a4cc246,PASS,"Passed individual black-background contact-sheet review; correct product, front-facing presentation, complete compact bracelet/strap, transparent background, and no visible watermark or loose fastening hardware.",higgsfield-primary-render,
W1208,W1208.png,0.781250,0.865885,0.500000,0.500000,1024x1536,RGBA,,True,applied,383,4f399585772c9d1aab6efcaa148869ad5306bddf2ed26a356a1d3ab10311ca7d,8622640162f31a6959e4d7fb1f7729687dbaf73f1e53196f486a00ff88a8154c,PASS,"Passed individual black-background contact-sheet review; correct product, front-facing presentation, complete compact bracelet/strap, transparent background, and no visible watermark or loose fastening hardware.",higgsfield-primary-render,
WWN310.32.42.50.01.001,WWN310.32.42.50.01.001.png,0.781250,0.876302,0.500000,0.500000,1024x1536,RGBA,,True,skipped-after-visual-retry,,a455258741b1e4753437a4ad8f9ff0b7f4d7ae6e5d1b1fe078f3ba76b4c8638a,1b903547248d46d623d2b1bdcc5934a296c737ed8043a11750b4e81e8ba60e53,PASS,"Full-resolution targeted retry accepted on black: corrected visible hardware, strap tail, protective film, or product identity using the exact SKU reference; source-dial graft deliberately skipped to avoid reintroducing the defect.",higgsfield-targeted-visual-retry,
W1137,W1137.png,0.780273,0.887370,0.500488,0.499674,1024x1536,RGBA,,True,applied,444,ad61b30fb8e71edba55e7625139e309a416e18c25930d9c38d172eda6ba4f8cb,0c8b9ad2461323072b90c3848dcc0d9c4c5efcd05ccc86dbd0997ba90dd499c1,PASS,"Passed individual black-background contact-sheet review; correct product, front-facing presentation, complete compact bracelet/strap, transparent background, and no visible watermark or loose fastening hardware.",higgsfield-primary-render,
WW512,WW512.png,0.781250,0.873047,0.500000,0.500326,1024x1536,RGBA,,True,applied,168,59e707709d278824a0b3a18d4071719a5ee5f089b0a9b6c3fdca7df7767b7a85,434a0ff2f6136050f73abacbf50fc54bb0496a49757008cef508a472b74bda96,PASS,"Passed individual black-background contact-sheet review; correct product, front-facing presentation, complete compact bracelet/strap, transparent background, and no visible watermark or loose fastening hardware.",higgsfield-primary-render,
WW511,WW511.png,0.781250,0.911458,0.500000,0.500000,1024x1536,RGBA,,True,applied,129,4f7080f8e4ebd8c67e305e8c353b4ab559442dacc73c1a6729f2d922e2903ed1,d9d87010c4f7e6dd0cf6439e08e500989298bebf5ed85afe816c6993d68236e6,PASS,"Passed individual black-background contact-sheet review; correct product, front-facing presentation, complete compact bracelet/strap, transparent background, and no visible watermark or loose fastening hardware.",higgsfield-primary-render,
WW387,WW387.png,0.780273,0.911458,0.499512,0.500000,1024x1536,RGBA,,True,applied,404,f4451bc69250ad0631ebf3b862f54bcadbcf3e90d78a86f2734d18d2f658b7c8,ec9b19e7f508cc34b99c93bb2a35489e8732042b67fd1069680b75b5e598de04,PASS,"Passed individual black-background contact-sheet review; correct product, front-facing presentation, complete compact bracelet/strap, transparent background, and no visible watermark or loose fastening hardware.",higgsfield-primary-render,
W262,W262.png,0.778320,0.855469,0.499512,0.500000,1024x1536,RGBA,,True,applied,514,070edd664ad768f062788be6ae16a65efd5ef939398f211d6e19a2de7852fe77,495ddb0e19654a56c07151a3fae550fc3264cefc2be8c08c07a5188ea3eb3dfc,PASS,"Passed individual black-background contact-sheet review; correct product, front-facing presentation, complete compact bracelet/strap, transparent background, and no visible watermark or loose fastening hardware.",higgsfield-primary-render,
W1368,W1368.png,0.781250,0.870443,0.500000,0.499674,1024x1536,RGBA,,True,applied,126,7323939177fa204155c0a8be6067dd18e899baedef4cf314066f19c2d889c69a,9c20a448ee1aba4620dd8f6b9e188d5eb10fb23c93de9d6340b5a4acfce61f26,PASS,"Passed individual black-background contact-sheet review; correct product, front-facing presentation, complete compact bracelet/strap, transparent background, and no visible watermark or loose fastening hardware.",higgsfield-primary-render,
WW352,WW352.png,0.779297,0.854167,0.500000,0.500000,1024x1536,RGBA,,True,applied,128,cda2726355616da325e1ff7bcb04fa49d94b833e003d645cf47945ef993c60b5,a0d948b0e13542d7b310359959718c77994e91ca5118a456d019b21975c31844,PASS,"Passed individual black-background contact-sheet review; correct product, front-facing presentation, complete compact bracelet/strap, transparent background, and no visible watermark or loose fastening hardware.",higgsfield-primary-render,
W1158,W1158.png,0.781250,0.856120,0.500000,0.499674,1024x1536,RGBA,,True,applied,209,2f2b086ac188ca2c1ddf33d223e548efde867214670686bd47285c66d3d18f0c,32b938b54b3138858a70a23f7108e7ca4a888e613a24d368a21f7bec24a83f51,PASS,"Passed individual black-background contact-sheet review; correct product, front-facing presentation, complete compact bracelet/strap, transparent background, and no visible watermark or loose fastening hardware.",higgsfield-primary-render,
W1103,W1103.png,0.779297,0.891927,0.500000,0.500000,1024x1536,RGBA,,True,applied,170,5e9dea3dbafa466ed253a845600961d97ab24a8fdc29f76d78176c90274304a1,c635460ac42b2dd29b76f470627c413bf87609b853c8d5836518d7df405938c2,PASS,"Passed individual black-background contact-sheet review; correct product, front-facing presentation, complete compact bracelet/strap, transparent background, and no visible watermark or loose fastening hardware.",higgsfield-primary-render,
WW466,WW466.png,0.781250,0.897786,0.500000,0.499674,1024x1536,RGBA,,True,applied,315,1de64c7b279f1e3891ea12e846909d66183bcefa17eee59796be1787c444bc15,cbfa8a6fde61be7ed2e9fee2d5057fa5e647f55b1a6076784838499253f6b911,PASS,"Passed individual black-background contact-sheet review; correct product, front-facing presentation, complete compact bracelet/strap, transparent background, and no visible watermark or loose fastening hardware.",higgsfield-primary-render,
W117,W117.png,0.781250,0.878906,0.500000,0.500000,1024x1536,RGBA,,True,applied,290,6e812898a544c54bd72d43d62f6aec4005fdb9db4f58310128be207e388b2390,eb5463c0c8101138fa5e9a72fad8a5f3e6168bce4c83a85069d17116655efdef,PASS,"Passed individual black-background contact-sheet review; correct product, front-facing presentation, complete compact bracelet/strap, transparent background, and no visible watermark or loose fastening hardware.",higgsfield-primary-render,
WL19,WL19.png,0.781250,0.889974,0.500000,0.500326,1024x1536,RGBA,,True,applied,92,39bf530b01ab8dfee6bb41bd172eda63a863799812cad3ac7835ed0821713ff8,a702f39e21d8a172665129f89f72f9265fb16e2105656e2de5fd195fc7409d26,PASS,"Passed individual black-background contact-sheet review; correct product, front-facing presentation, complete compact bracelet/strap, transparent background, and no visible watermark or loose fastening hardware.",higgsfield-primary-render,
WW61,WW61.png,0.780273,0.911458,0.500488,0.500000,1024x1536,RGBA,,True,applied,184,a7d786089bc1396e0beac286c7bbb0705a4333326dba1e797b9f3ae17af5233d,e04e2ac431c7e75e79a727062d823cf0ded51b124f829f8b5c2c66b55bad1dfb,PASS,"Passed individual black-background contact-sheet review; correct product, front-facing presentation, complete compact bracelet/strap, transparent background, and no visible watermark or loose fastening hardware.",higgsfield-primary-render,
WW14,WW14.png,0.779297,0.880859,0.500000,0.499674,1024x1536,RGBA,,True,applied,231,de31564ccdf158554d93e5fd975c0e24499e36fa2c672233a61d661a86127bfa,117506b44963549ad31b00c88926acc70cab87b85ecd86cc921175182cc0fe22,PASS,"Passed individual black-background contact-sheet review; correct product, front-facing presentation, complete compact bracelet/strap, transparent background, and no visible watermark or loose fastening hardware.",higgsfield-primary-render,
W1191,W1191.png,0.779297,0.882812,0.500000,0.500000,1024x1536,RGBA,,True,applied,294,f169aa258e72ba7244548388c26e86e5f824b3f7fa976298c93aa5469c00647b,634f853e3835e9a1bbfa4574b44c011b3c0f20fa3863bf9f687ec00b39223e3b,PASS,"Passed individual black-background contact-sheet review; correct product, front-facing presentation, complete compact bracelet/strap, transparent background, and no visible watermark or loose fastening hardware.",higgsfield-primary-render,
W280,W280.png,0.779297,0.870443,0.500000,0.499674,1024x1536,RGBA,,True,applied,308,97d985e400dfcca72cde1b2707bd33f5c217619f59b0a49def1e3c86026128a8,b49973e72f32342b932413c9c3bb6bac1d9a26d3fe02b71702b3e990080d96a0,PASS,"Passed individual black-background contact-sheet review; correct product, front-facing presentation, complete compact bracelet/strap, transparent background, and no visible watermark or loose fastening hardware.",higgsfield-primary-render,
W1184,W1184.png,0.780273,0.901042,0.500488,0.500000,1024x1536,RGBA,,True,applied,243,1775b10b420fc5c0c454e172bfb45e4ce70dd441c54144b90c7b1859da6b5406,6c878e33b57970a6b068a01f2912d974bd6d1f941848c9bff0b75edaae3b9b56,PASS,"Passed individual black-background contact-sheet review; correct product, front-facing presentation, complete compact bracelet/strap, transparent background, and no visible watermark or loose fastening hardware.",higgsfield-primary-render,
W1383,W1383.png,0.779297,0.898438,0.500000,0.500000,1024x1536,RGBA,,True,applied,116,18ad216287b4d8c1ed8b0a56e42ef4265a649420a31a719fff8d54db70dcca42,c5972208eb2f14c05e26807fe2e98c1ca258725fb7f0dab9f6c54cd31c383c16,PASS,"Passed individual black-background contact-sheet review; correct product, front-facing presentation, complete compact bracelet/strap, transparent background, and no visible watermark or loose fastening hardware.",higgsfield-primary-render,
W141,W141.png,0.779297,0.911458,0.500000,0.500000,1024x1536,RGBA,,True,applied,233,c3391bb54410505088dfcba908706bbe917069c3ffc7cb57df98d646881b0ebf,2b425c6a8e5335699e4d5ad2ef83c088d334d62ae8a2e17eb8d2a1240bafc2d7,PASS,"Passed individual black-background contact-sheet review; correct product, front-facing presentation, complete compact bracelet/strap, transparent background, and no visible watermark or loose fastening hardware.",higgsfield-primary-render,
W286,W286.png,0.780273,0.863281,0.500488,0.500000,1024x1536,RGBA,,True,applied,160,43d8f8fbca34a052a47d36cddcc1097ffa55d3410b822654d0a26038c333819c,d6ad241b19c6659ce314074d97866df9f4d28c79763be69ac913a87c2204c7fb,PASS,"Passed individual black-background contact-sheet review; correct product, front-facing presentation, complete compact bracelet/strap, transparent background, and no visible watermark or loose fastening hardware.",higgsfield-primary-render,
W1484,W1484.png,0.781250,0.911458,0.500000,0.500000,1024x1536,RGBA,,True,skipped-after-visual-retry,,d69aa7e7bd24a0be566eee2ce0bb58f79379131c386ad9680ab088b30a09b561,5661c981140ae9eb05b5435b21c6173b575722a27f50b3b82735cd2e4fe98fab,PASS,"Full-resolution targeted retry accepted on black: corrected visible hardware, strap tail, protective film, or product identity using the exact SKU reference; source-dial graft deliberately skipped to avoid reintroducing the defect.",higgsfield-targeted-visual-retry,
W1114,W1114.png,0.779297,0.871745,0.500000,0.499674,1024x1536,RGBA,,True,applied,118,769af517e6956e8bb6819e8876062a5e7a0c5a7271d5dff669c12642f79db7a0,288c0731e1826b8fd612dabd38ba809544149f39fc747154344eb7f4d8e7e15c,PASS,"Passed individual black-background contact-sheet review; correct product, front-facing presentation, complete compact bracelet/strap, transparent background, and no visible watermark or loose fastening hardware.",higgsfield-primary-render,
W122,W122.png,0.780273,0.855469,0.499512,0.500000,1024x1536,RGBA,,True,applied,271,f4764349c9d81aca36187449a060a77dfb51a972838424bd8bb16c2b68a4dae7,7bf7f0af2903fe23c53b6294004fd659c4765cdf4af6a5f8f276472333bdbf5f,PASS,"Passed individual black-background contact-sheet review; correct product, front-facing presentation, complete compact bracelet/strap, transparent background, and no visible watermark or loose fastening hardware.",higgsfield-primary-render,
W1352,W1352.png,0.778320,0.869792,0.499512,0.500000,1024x1536,RGBA,,True,applied,229,3f7fb00694fac5cea4534a16c43b281d86a53d73861ea1e2937c0b6278b15903,603021e459120bfe96285fceb2f7f1e959513c7303c0d5834fc3016eceba5815,PASS,"Passed individual black-background contact-sheet review; correct product, front-facing presentation, complete compact bracelet/strap, transparent background, and no visible watermark or loose fastening hardware.",higgsfield-primary-render,
WW675,WW675.png,0.781250,0.911458,0.500000,0.500000,1024x1536,RGBA,,True,applied,97,084b368f0f6ddef3b433a3b5afa99a0be988587da6e13dc09924c1f0a08e765e,e6948c80f4d99ded4c1e3d3023fb2d5156949de2ce19d994c3f55ee0ce7fcafe,PASS,"Passed individual black-background contact-sheet review; correct product, front-facing presentation, complete compact bracelet/strap, transparent background, and no visible watermark or loose fastening hardware.",higgsfield-primary-render,
WW341,WW341.png,0.780273,0.850911,0.499512,0.499674,1024x1536,RGBA,,True,applied,340,c2f95b2fc7e22f8a56a67b25e2863e82815879f19431b6c3ee43406d250914ff,94b17968616f56f3a7f0d57b3eefa9b1fc0b390a09d7a1f42feeab4ee497dbda,PASS,"Passed individual black-background contact-sheet review; correct product, front-facing presentation, complete compact bracelet/strap, transparent background, and no visible watermark or loose fastening hardware.",higgsfield-primary-render,
WWN428.17.26.60.04.009,WWN428.17.26.60.04.009.png,0.780273,0.911458,0.500488,0.500000,1024x1536,RGBA,,True,skipped-after-visual-retry,,21daed4402eb0777551452481bc51d8ab2d892a46aef2869f05b96b2f06a5e8c,e8d4bc29b10b8bebfad46c10e46aae1fcbab28a3fb0688a42cb91545062db2ae,PASS,"Full-resolution targeted retry accepted on black: corrected visible hardware, strap tail, protective film, or product identity using the exact SKU reference; source-dial graft deliberately skipped to avoid reintroducing the defect.",higgsfield-targeted-visual-retry,
WL15,WL15.png,0.779297,0.911458,0.500000,0.500000,1024x1536,RGBA,,True,applied,116,814c82911157990e7fb143af0a7b8ffe91597e20a3e13b6ae8bef21c2d24ac69,8782ac6b57dbfd15a20f5e1f1e44a4f19d5c8c06e1fef93c94407ae704604b96,PASS,"Passed individual black-background contact-sheet review; correct product, front-facing presentation, complete compact bracelet/strap, transparent background, and no visible watermark or loose fastening hardware.",higgsfield-primary-render,
WW714,WW714.png,0.780273,0.911458,0.499512,0.500000,1024x1536,RGBA,,True,registration-failed,11,db96b0ce8e8bfa615d557ee49ac6c66981a3a52670b74c542bc2f8ee931335b8,7a2c964f116202b46c6215b30c9c7a5722dbbddfc8864ed6f4491d01274e53f6,PASS,"Passed individual black-background contact-sheet review; correct product, front-facing presentation, complete compact bracelet/strap, transparent background, and no visible watermark or loose fastening hardware.",higgsfield-primary-render,
W1104,W1104.png,0.779297,0.911458,0.500000,0.500000,1024x1536,RGBA,,True,applied,326,2c6aac9f60cb783f7fcb9a2807bd4efa311407f6c38f969ea7ffefa5ab2df3c3,25edf1bdcdab4df08138524d426058a183cf621f201414bbfad110fe20361af5,PASS,"Passed individual black-background contact-sheet review; correct product, front-facing presentation, complete compact bracelet/strap, transparent background, and no visible watermark or loose fastening hardware.",higgsfield-primary-render,
W265,W265.png,0.781250,0.901042,0.500000,0.500000,1024x1536,RGBA,,True,applied,158,73acab65722769883a5cd83a2ec91df1fb396731d1e5e3e1c27dc9e173aac8f9,b04132249492a4f719cb2ee486e913510f0470885b8149b428a7573ce3360363,PASS,"Passed individual black-background contact-sheet review; correct product, front-facing presentation, complete compact bracelet/strap, transparent background, and no visible watermark or loose fastening hardware.",higgsfield-primary-render,
W1282,W1282.png,0.781250,0.889974,0.500000,0.500326,1024x1536,RGBA,,True,applied,124,c05edb43bce7a67335c85314e1849179d060811f99b0bf9d7b4363dad0900bb4,2660b58d2053ed9823f433557d2c55cd4074fcfad8ef4aa2bcd07285ad1421f9,PASS,"Passed individual black-background contact-sheet review; correct product, front-facing presentation, complete compact bracelet/strap, transparent background, and no visible watermark or loose fastening hardware.",higgsfield-primary-render,
WW866,WW866.png,0.779297,0.861328,0.500000,0.500326,1024x1536,RGBA,,True,applied,262,d5e1cd75a28187f9789a7fd846adf822ad3c7e01868d93602070a69edbb3677e,f24b53803fde2ff1df6279e6d7ba8ba924885e9b73083ff462baa48cc6ba44c6,PASS,"Passed individual black-background contact-sheet review; correct product, front-facing presentation, complete compact bracelet/strap, transparent background, and no visible watermark or loose fastening hardware.",higgsfield-primary-render,
W295,W295.png,0.780273,0.898438,0.500000,0.500000,1024x1536,RGBA,,True,skipped-after-visual-retry,,c86668dc47df94940b923a1cef52462463b5a9aa941870c2d790343927281a8f,4fca85125cba7cbd5ed4ff4953f67425ebe6193dcc55d433e41a48a58c9ee084,PASS,"Full-resolution targeted retry accepted on black: corrected visible hardware, strap tail, protective film, or product identity using the exact SKU reference; source-dial graft deliberately skipped to avoid reintroducing the defect.",higgsfield-targeted-visual-retry,
W1100,W1100.png,0.781250,0.852214,0.500000,0.499674,1024x1536,RGBA,,True,applied,347,f0e795943f9b755247400eb10ec2c3ec2825b99e68e07020876dc0cf8f219bca,ccc4e151bdc52cc51807502db24b220f0364168acdfa0331658f0aa0bebe402b,PASS,"Passed individual black-background contact-sheet review; correct product, front-facing presentation, complete compact bracelet/strap, transparent background, and no visible watermark or loose fastening hardware.",higgsfield-primary-render,
WW117,WW117.png,0.779297,0.911458,0.500000,0.500000,1024x1536,RGBA,,True,applied,92,e00944c3d72a4baecbb1795eb1a519cfff56e81c6316ac97c1050c0909a703bb,64aa0a9367253da4bcfcfcc1de28d810e4703c86dab129a97cb411726994868c,PASS,"Passed individual black-background contact-sheet review; correct product, front-facing presentation, complete compact bracelet/strap, transparent background, and no visible watermark or loose fastening hardware.",higgsfield-primary-render,
W1293,W1293.png,0.779297,0.911458,0.499512,0.500000,1024x1536,RGBA,,True,applied,115,e5c090c7e6cfd23cf8d5f2214de7f6068a37372069b32541e4cda7288d21f8d3,428d155ff0b047224a7089d6d445c4dcdc8f7a500bc974e0b27bbf54f5e5aedd,PASS,"Passed individual black-background contact-sheet review; correct product, front-facing presentation, complete compact bracelet/strap, transparent background, and no visible watermark or loose fastening hardware.",higgsfield-primary-render,
W1382,W1382.png,0.779297,0.911458,0.500000,0.500000,1024x1536,RGBA,,True,applied,107,1ebeaae3c9058a9a690deabcd0640976fd144aae5eb6404192a8056618dc72f1,68c1737861f23442bf7c03b65a830e9f57fe9ec99ee484398d38961baa59725e,PASS,"Passed individual black-background contact-sheet review; correct product, front-facing presentation, complete compact bracelet/strap, transparent background, and no visible watermark or loose fastening hardware.",higgsfield-primary-render,
WWNL3.821.4.53.9,WWNL3.821.4.53.9.png,0.779297,0.858724,0.500000,0.500326,1024x1536,RGBA,,True,applied,505,6b62bcff8c904e24c7115c33288c2c8e3d0febb2d0fdc17168c17fe25e1bbbae,711ad5528f1e6fd5e1baa82e4274c694ad63aa9b9bf87dfe2520abd30dcbbf44,PASS,"Passed individual black-background contact-sheet review; correct product, front-facing presentation, complete compact bracelet/strap, transparent background, and no visible watermark or loose fastening hardware.",higgsfield-primary-render,
W1308,W1308.png,0.780273,0.911458,0.499512,0.500000,1024x1536,RGBA,,True,applied,75,f1f3faab52ad8e28916084fad049879a4745deb2f91680812547e858ea967078,d1289bd4745cca17bc8028bbb7228609da60c1077a5cfe3efac1a5485255f546,PASS,"Passed individual black-background contact-sheet review; correct product, front-facing presentation, complete compact bracelet/strap, transparent background, and no visible watermark or loose fastening hardware.",higgsfield-primary-render,
WWN01 400 7772 4054-07 5 20 82,WWN01 400 7772 4054-07 5 20 82.png,0.780273,0.911458,0.500488,0.500000,1024x1536,RGBA,,True,applied,75,3bac346275d63dc0d6a613961ca8c27b86cb41693fa4d66d1d91e783c0770bb9,3bbefd1dfc2de258d094e4e59b83ea4c72621eab4d5fe0436c0d3b5861927a23,PASS,"Passed individual black-background contact-sheet review; correct product, front-facing presentation, complete compact bracelet/strap, transparent background, and no visible watermark or loose fastening hardware.",higgsfield-primary-render,
W235,W235.png,0.779297,0.858724,0.500000,0.499674,1024x1536,RGBA,,True,applied,271,83cfd5654b6adc8337a52826dd262321e5e63db11cbd2a1ee159bbc623c63c4f,b581cf4bbdbde1bc5f6b661dba5d845eb652f80d61152a9105b9fc2ab65968bf,PASS,"Passed individual black-background contact-sheet review; correct product, front-facing presentation, complete compact bracelet/strap, transparent background, and no visible watermark or loose fastening hardware.",higgsfield-primary-render,
W261,W261.png,0.780273,0.893229,0.499512,0.500000,1024x1536,RGBA,,True,applied,112,5765ba146a14b6b992747d4dd228c5efd86107440e8014f8c5e8afc7bdf33110,1ee8e08615f5d92baeef77c4c1a979ee8ce499d151663a32a25776892addb1c9,PASS,"Passed individual black-background contact-sheet review; correct product, front-facing presentation, complete compact bracelet/strap, transparent background, and no visible watermark or loose fastening hardware.",higgsfield-primary-render,
W299,W299.png,0.779297,0.911458,0.500000,0.500000,1024x1536,RGBA,,True,applied,71,920a4375bc8f6547631a61ce754ed3d04e5cc37442936b105a40fc3aecb603bb,9ee5f2ae0615b56664f8731ca55b6de50f817cfce332216b4a251fbbaa998421,PASS,"Passed individual black-background contact-sheet review; correct product, front-facing presentation, complete compact bracelet/strap, transparent background, and no visible watermark or loose fastening hardware.",higgsfield-primary-render,
W1269,W1269.png,0.780273,0.876953,0.499512,0.500326,1024x1536,RGBA,,True,applied,243,1de43cfcfc6024b9d58b3a1529b12e23d947b76f9e85ed326b572a838408b9ed,876b363360f9d48895869dd8fb6567686bdf27677f5b8a554283ca9464f88d61,PASS,"Passed individual black-background contact-sheet review; correct product, front-facing presentation, complete compact bracelet/strap, transparent background, and no visible watermark or loose fastening hardware.",higgsfield-primary-render,
W259,W259.png,0.779297,0.880208,0.500000,0.500000,1024x1536,RGBA,,True,applied,142,4f05168556aaee5cf51a56b391342ef745bd151d85c084d66a3662e5b66fe5f5,9ad0b1362cf1aee574fa362ca0f83b439a83ef0c202aef26dea8e9c583201b1c,PASS,"Passed individual black-background contact-sheet review; correct product, front-facing presentation, complete compact bracelet/strap, transparent background, and no visible watermark or loose fastening hardware.",higgsfield-primary-render,
WW684,WW684.png,0.780273,0.911458,0.499512,0.500000,1024x1536,RGBA,,True,applied,52,7f7a595fe72e8f54a43a2b1841b2a46e5705cf3ab75d3cd93f840cafdfe25e05,d506501a293a677ba2152fb1743c662d004682debaad52ed1e4d3185cec18547,PASS,"Passed individual black-background contact-sheet review; correct product, front-facing presentation, complete compact bracelet/strap, transparent background, and no visible watermark or loose fastening hardware.",higgsfield-primary-render,
W297,W297.png,0.780273,0.911458,0.499512,0.500000,1024x1536,RGBA,,True,applied,53,0933a8eab7e27de9fac4dc76940a96da436b9b6cda457bf4a8ceccd97e038fb6,04bc9e6ebf5d543b5d8949ae207110b93ff12e10fdaeee532aad565db4087bec,PASS,"Passed individual black-background contact-sheet review; correct product, front-facing presentation, complete compact bracelet/strap, transparent background, and no visible watermark or loose fastening hardware.",higgsfield-primary-render,
WW746,WW746.png,0.779297,0.911458,0.500000,0.500000,1024x1536,RGBA,,True,skipped-after-visual-artifact,,5fd3fb4733f20394bd9c507dd1f9bf04ec3cb4e961a3379ae07deb097330691c,fd02cb188beae616dde69dcd21dfc14645b6dd70b1e55f7f1d2717eef81acb39,PASS,Visual QA found a false-positive projective dial graft; retained the clean generated render without the graft.,normalize-clean-higgsfield-raw-without-dial-graft,
W277,W277.png,0.779297,0.911458,0.500000,0.500000,1024x1536,RGBA,,True,applied,59,65abce608dbd09e7f7d6a079c49e859a38b8ee634ebbb0ed9e596ffee3e4667d,bea1148bf31d89a1bc780e56f0331d63a6c8903eb757a3cea0d83594857184eb,PASS,"Passed individual black-background contact-sheet review; correct product, front-facing presentation, complete compact bracelet/strap, transparent background, and no visible watermark or loose fastening hardware.",higgsfield-primary-render,
W1528,W1528.png,0.781250,0.891276,0.500000,0.500326,1024x1536,RGBA,,True,applied,106,5e7ae752ae03e672f6450e6a2442bb0b579cbee3e78146f3052f7601fcbc15eb,fbd0ff9f5da3327d01474d47480ca108fd4ef779e5356145c891dba7f1506f4f,PASS,"Passed individual black-background contact-sheet review; correct product, front-facing presentation, complete compact bracelet/strap, transparent background, and no visible watermark or loose fastening hardware.",higgsfield-primary-render,
W1485,W1485.png,0.780273,0.911458,0.500000,0.500000,1024x1536,RGBA,,True,skipped-after-visual-retry,,bb11a53c0305f7d7fdb91ed3f7856f3131bc452b909ae780ec4af5e0e60330e2,a318b1489cbdca0fa68b3299d671698e39362265fad37fc0514e73e1ef1e49e4,PASS,"Full-resolution targeted retry accepted on black: corrected visible hardware, strap tail, protective film, or product identity using the exact SKU reference; source-dial graft deliberately skipped to avoid reintroducing the defect.",higgsfield-targeted-visual-retry,
WWNWAY208D.FC8221,WWNWAY208D.FC8221.png,0.780273,0.911458,0.500488,0.500000,1024x1536,RGBA,,True,applied,341,5da7cb547af6762db2db80b801d5b8324eb035a4f4a0fdfa370e68b8a6dbd1a4,4492145c831ed8437c56acfe9ea32c15f6b74c16d94965d06dcf9fba0c3df3ee,PASS,"Passed individual black-background contact-sheet review; correct product, front-facing presentation, complete compact bracelet/strap, transparent background, and no visible watermark or loose fastening hardware.",higgsfield-primary-render,
W1529,W1529.png,0.779297,0.857422,0.500000,0.500326,1024x1536,RGBA,,True,applied,96,929a3136c42c71ea2de403cf36085e35fa35d10aaf16a9123e54a6709d8010f4,158d91da943cdce953a8724140eb68f2d443ea11a0a513b54b784513536e5297,PASS,"Passed individual black-background contact-sheet review; correct product, front-facing presentation, complete compact bracelet/strap, transparent background, and no visible watermark or loose fastening hardware.",higgsfield-primary-render,
WW812,WW812.png,0.780273,0.879557,0.500488,0.499674,1024x1536,RGBA,,True,applied,144,020f46131f146b67ff1de25ad29af0289427cc8939ad20852a29fee5991e3206,82a1fd9a1b3eb01aa9e16bdce3fe3ec5d7931b1d7141459c7643a7f1bc06a996,PASS,"Passed individual black-background contact-sheet review; correct product, front-facing presentation, complete compact bracelet/strap, transparent background, and no visible watermark or loose fastening hardware.",higgsfield-primary-render,
WL55,WL55.png,0.780273,0.911458,0.500488,0.500000,1024x1536,RGBA,,True,applied,61,5817d4cd918d3664dd885f6009f9fd48ccccd68c2ba000ffed5584aedc1d6623,09368406ac3cd140f6e13df850327a034d10cd51237562dbebdfb88af7919248,PASS,"Passed individual black-background contact-sheet review; correct product, front-facing presentation, complete compact bracelet/strap, transparent background, and no visible watermark or loose fastening hardware.",higgsfield-primary-render,
WL40,WL40.png,0.779297,0.888672,0.500000,0.500326,1024x1536,RGBA,,True,applied,226,d27c28f4e9d793af477f6ef7ae70ed1dd2a9a26cde2f77ed220fe5ece989ab40,4afde0a27ae7876d74a5dfdb4fda60f7e37e7861b46a2401610096fad9dda2ef,PASS,"Passed individual black-background contact-sheet review; correct product, front-facing presentation, complete compact bracelet/strap, transparent background, and no visible watermark or loose fastening hardware.",higgsfield-primary-render,
WW745,WW745.png,0.781250,0.854818,0.500000,0.500326,1024x1536,RGBA,,True,applied,137,291f61af922ee2efe3b517c8647712402f1b91184eef84997467413e24dda5c9,13b8b8884d84f08061871557be03ed21f1e684b74c753c81948727651b28c2a5,PASS,"Passed individual black-background contact-sheet review; correct product, front-facing presentation, complete compact bracelet/strap, transparent background, and no visible watermark or loose fastening hardware.",higgsfield-primary-render,
WW572,WW572.png,0.779297,0.868490,0.500000,0.500000,1024x1536,RGBA,,True,applied,312,eea2cfcc18fc66ac2d340a133f1109ab7597d7d74e6f4bbe38ed98275b001d5c,ca07104c8fd2ee94b9deb80d9dc385830f9233572088662b78e9410c6ec2df40,PASS,"Passed individual black-background contact-sheet review; correct product, front-facing presentation, complete compact bracelet/strap, transparent background, and no visible watermark or loose fastening hardware.",higgsfield-primary-render,
WL46,WL46.png,0.779297,0.911458,0.500000,0.500000,1024x1536,RGBA,,True,skipped-after-visual-retry,,57397bdfc88f1c0356d5600bdf0d8ab3dc3a01e5dca81c541a2214c590c41f02,83aa13324b3a938df98a84211b003fbd191600789306c9cc0489aae1d475ff50,PASS,"Full-resolution targeted retry accepted on black: corrected visible hardware, strap tail, protective film, or product identity using the exact SKU reference; source-dial graft deliberately skipped to avoid reintroducing the defect.",higgsfield-targeted-visual-retry,
WL53,WL53.png,0.779297,0.863281,0.500488,0.500000,1024x1536,RGBA,,True,applied,95,e5c9402bc0b056171a1b865e01f23e924182574dcdd3a5b73c6a57f1935bfccb,7dd3d93643cf45449e2c1d821e6d190e183b97f85b675cf06a82f74f080342ba,PASS,"Passed individual black-background contact-sheet review; correct product, front-facing presentation, complete compact bracelet/strap, transparent background, and no visible watermark or loose fastening hardware.",higgsfield-primary-render,
WL56,WL56.png,0.780273,0.908203,0.499512,0.499674,1024x1536,RGBA,,True,applied,44,7a76694968d887836958c7328d35379bd5acd7e097e49ac498cc0820704ce4b2,ece52d9dab829ebbd4e48f5eaf294aee686cbce1edc333273895ed8083e63318,PASS,"Passed individual black-background contact-sheet review; correct product, front-facing presentation, complete compact bracelet/strap, transparent background, and no visible watermark or loose fastening hardware.",higgsfield-primary-render,
WL38,WL38.png,0.780273,0.861328,0.499512,0.499674,1024x1536,RGBA,,True,applied,211,8d9089e483e4dd7a73b4c4b5110793de152e154c0d40d294d968422f3bcb13f7,395bd9eb0ebd66e740cbbba39ca5f7bc3394e92556a8d829f302f33e11cbb80a,PASS,"Passed individual black-background contact-sheet review; correct product, front-facing presentation, complete compact bracelet/strap, transparent background, and no visible watermark or loose fastening hardware.",higgsfield-primary-render,
W1295,W1295.png,0.780273,0.911458,0.499512,0.500000,1024x1536,RGBA,,True,applied,92,8a58c8ff97f9271a4d3a66b1115e34f69f6dbb2f2d35933ef5e3d65f20ba7068,bd57fc8129efa21f3a3a7324c57ea68e71412294cb01d887e0b38df2f316ee4e,PASS,"Passed individual black-background contact-sheet review; correct product, front-facing presentation, complete compact bracelet/strap, transparent background, and no visible watermark or loose fastening hardware.",higgsfield-primary-render,
CR801313BUCBUICO,CR801313BUCBUICO.png,0.780273,0.911458,0.500488,0.500000,1024x1536,RGBA,,True,applied,76,6ebe18d85b38793cb1baec895bd3dba2aa8f1b929ad337829b1610ff800647a3,d98444a7f29d210c9f33e0d0506594d031d660fcabe3d3cd45c98b9f609d0f3c,PASS,"Passed individual black-background contact-sheet review; correct product, front-facing presentation, complete compact bracelet/strap, transparent background, and no visible watermark or loose fastening hardware.",higgsfield-primary-render,
WL54,WL54.png,0.781250,0.854167,0.500000,0.500000,1024x1536,RGBA,,True,applied,48,b4ffce3db3867ef671d50a0af5729cde2299d80216004d57a1e8948513ba2ed8,f6abb25be22b30d588beebe4298202b8a4d30b8d1408d8f43748d1d744efd434,PASS,"Passed individual black-background contact-sheet review; correct product, front-facing presentation, complete compact bracelet/strap, transparent background, and no visible watermark or loose fastening hardware.",higgsfield-primary-render,
WW626,WW626.png,0.781250,0.908203,0.500000,0.499674,1024x1536,RGBA,,True,applied,130,e8909da6689d7140062d991fc18f8a6f755f8d2ac8eadb0c44fd49cc736b8c06,d957444b620c381188bd19c40b5e5a414d66b0553dff1fc2e1e6557059d03ddb,PASS,"Passed individual black-background contact-sheet review; correct product, front-facing presentation, complete compact bracelet/strap, transparent background, and no visible watermark or loose fastening hardware.",higgsfield-primary-render,
W1266,W1266.png,0.779297,0.911458,0.500000,0.500000,1024x1536,RGBA,,True,applied,43,99733f0674414060cfb35ceaf5be189f214b96f2f0fb4d0217b3c3110ee5405c,10d739dcacbee5e9f91506cfb4ef57a11906356575f10c5361d3ccaaa5dba532,PASS,"Passed individual black-background contact-sheet review; correct product, front-facing presentation, complete compact bracelet/strap, transparent background, and no visible watermark or loose fastening hardware.",higgsfield-primary-render,
W1265,W1265.png,0.781250,0.911458,0.500000,0.500000,1024x1536,RGBA,,True,applied,76,72d7ddb591f7ac985fef88656cd6dea0b5397367bd01ec6260f019793881f720,ec370bc87c0ea56fc161f3623a831b7e42acde23bb3348c379cd8fbf05fbc043,PASS,"Passed individual black-background contact-sheet review; correct product, front-facing presentation, complete compact bracelet/strap, transparent background, and no visible watermark or loose fastening hardware.",higgsfield-primary-render,
WW877,WW877.png,0.779297,0.911458,0.500000,0.500000,1024x1536,RGBA,,True,applied,41,70df6ec3ce1136b03d00e9ee107a62257b7ca24ac7ff4ef2f0a82e27234fbc28,4404933e4e62f341cec41f046a3764d3a57901f2cd30cbd6d412fe54db3d6a3f,PASS,"Passed individual black-background contact-sheet review; correct product, front-facing presentation, complete compact bracelet/strap, transparent background, and no visible watermark or loose fastening hardware.",higgsfield-primary-render,
WL60,WL60.png,0.779297,0.911458,0.500000,0.500000,1024x1536,RGBA,,True,applied,68,abe36dfbf8e1f3ffc21a12ef1bd39e30e9ee2717345afc0372bfd2329fa690c6,6d6dc5a16357e69c62fd15f02622103707b63bb548f60cf27fc5bdcbdefe5532,PASS,"Passed individual black-background contact-sheet review; correct product, front-facing presentation, complete compact bracelet/strap, transparent background, and no visible watermark or loose fastening hardware.",higgsfield-primary-render,
WL58,WL58.png,0.780273,0.909505,0.499512,0.500326,1024x1536,RGBA,,True,applied,72,4b17a86c21fdab8909ebd935291371357177ba191236bb516070befb854a7cbb,706cb3a25ec416a7f82babedeb64b4f6a24e329f6b50f858a0824a8019e70ff0,PASS,"Passed individual black-background contact-sheet review; correct product, front-facing presentation, complete compact bracelet/strap, transparent background, and no visible watermark or loose fastening hardware.",higgsfield-primary-render,
W298,W298.png,0.780273,0.880208,0.500488,0.500000,1024x1536,RGBA,,True,applied,317,ea44274b5841d5dd8cf03c9dc956142b8c2e2c974e914a58e7812f547fb14ac1,8f92cc940245c3b63e7264fb35481eb97bd01d21bf71c4ca2cc9202ea93623db,PASS,"Passed individual black-background contact-sheet review; correct product, front-facing presentation, complete compact bracelet/strap, transparent background, and no visible watermark or loose fastening hardware.",higgsfield-primary-render,
WWN01 400 7763 4135-07 8 24 09PEB,WWN01 400 7763 4135-07 8 24 09PEB.png,0.780273,0.911458,0.499512,0.500000,1024x1536,RGBA,,True,applied,238,af8283a3dfcbe7fd59e81e5fb5ec275b1bceb3d6cc0a230c8682b14294a0f7e4,b70cc8da45b30424122271c821fc730a4433cd4ca29ba937e07254d827d00a5b,PASS,"Passed individual black-background contact-sheet review; correct product, front-facing presentation, complete compact bracelet/strap, transparent background, and no visible watermark or loose fastening hardware.",higgsfield-primary-render,
WL76,WL76.png,0.780273,0.911458,0.499512,0.500000,1024x1536,RGBA,,True,skipped-after-visual-artifact,,3b37c8b2495d4a1af403d02bef9c36088fed691ecc300c320d54bfe62bf4859c,085ed23afbb15421ea1dffe9f38fca15d4231145108862553fcacbfc195c80cf,PASS,Visual QA found a false-positive projective dial graft; retained the clean generated render without the graft.,normalize-clean-higgsfield-raw-without-dial-graft,
W1326,W1326.png,0.780273,0.911458,0.499512,0.500000,1024x1536,RGBA,,True,applied,85,8ba312ee6b2499fd8c88b92c86ae2be4abc5c562ffd6bcfd4d3528685a9ec16b,c929d46fa5312d98343437cb23268989b21ccf287ef8bbc61484447c7179d524,PASS,"Passed individual black-background contact-sheet review; correct product, front-facing presentation, complete compact bracelet/strap, transparent background, and no visible watermark or loose fastening hardware.",higgsfield-primary-render,
CRH77616533,CRH77616533.png,0.780273,0.899089,0.500000,0.500326,1024x1536,RGBA,,True,applied,494,7fa9e822d7c0c65aba9d34600453ea06495d251194c71742db4b4c41e4de7d78,877fcbb1ccee3b1b93f6f65adeac76f6764ed35b8eb7c15698cd01f136c4896a,PASS,"Passed individual black-background contact-sheet review; correct product, front-facing presentation, complete compact bracelet/strap, transparent background, and no visible watermark or loose fastening hardware.",higgsfield-primary-render,
WWNL3.374.4.40.2,WWNL3.374.4.40.2.png,0.780273,0.911458,0.500000,0.500000,1024x1536,RGBA,,True,skipped-after-visual-retry,,08bec039ce7354cd334dcec10d36ae6f10140c2462b82de1f4fc1a3e4c487606,89c0825b0a32b62fa25ed052d9bd3906b46fa8677fbadadd9a434276e12f97ed,PASS,"Full-resolution targeted retry accepted on black: corrected visible hardware, strap tail, protective film, or product identity using the exact SKU reference; source-dial graft deliberately skipped to avoid reintroducing the defect.",higgsfield-targeted-visual-retry,
WL70,WL70.png,0.779297,0.911458,0.500000,0.500000,1024x1536,RGBA,,True,applied,13,7659e7adcfc05cba6a46829c001babb2e9a77ede9eed1d60783f82e33bda8849,f9a58a8a0a458523cde387a812e47295f8bb74f0caa053785bafa4e5259277a8,PASS,"Passed individual black-background contact-sheet review; correct product, front-facing presentation, complete compact bracelet/strap, transparent background, and no visible watermark or loose fastening hardware.",higgsfield-primary-render,
WWNL2.828.4.53.2,WWNL2.828.4.53.2.png,0.781250,0.911458,0.500000,0.500000,1024x1536,RGBA,,True,applied,50,946ebe87dcad3dee14f12c3599248fc14b78a7e15806a456ca900e8d0933a783,ac7273cff6c571d1f45e6e00bd669171ff8d72a5ea06606c5641446b8371a387,PASS,"Passed individual black-background contact-sheet review; correct product, front-facing presentation, complete compact bracelet/strap, transparent background, and no visible watermark or loose fastening hardware.",higgsfield-primary-render,
W1426,W1426.png,0.780273,0.911458,0.499512,0.500000,1024x1536,RGBA,,True,applied,81,8fed572ccb47ea2fb7d15b06816276b649cd759ddb5d60f7de473ef6cfdb8312,5d7a275f5dcc2cd066d5f69e78d0cce3e96f441cfb8e7f34492054a99b004846,PASS,"Passed individual black-background contact-sheet review; correct product, front-facing presentation, complete compact bracelet/strap, transparent background, and no visible watermark or loose fastening hardware.",higgsfield-primary-render,
W1348,W1348.png,0.781250,0.911458,0.500000,0.500000,1024x1536,RGBA,,True,applied,13,a2796d65ad18230116b9d6bc3ace9047d795595a54fd441bb916338fc07c6f95,5bdeb729de2db0863d7841208cf6442ab957d0ad4e314e6aa91c0c95596a7375,PASS,"Passed individual black-background contact-sheet review; correct product, front-facing presentation, complete compact bracelet/strap, transparent background, and no visible watermark or loose fastening hardware.",higgsfield-primary-render,
WL72,WL72.png,0.780273,0.911458,0.499512,0.500000,1024x1536,RGBA,,True,applied,16,cd95a1aa3ac49ae05a95df23d52e0e0da1cc6315a68c719779651015bc44efcc,a7001719b73e857e4366dd1e3f5448325b9ac9e872ba5a96446ba66e5d6c9b1f,PASS,"Passed individual black-background contact-sheet review; correct product, front-facing presentation, complete compact bracelet/strap, transparent background, and no visible watermark or loose fastening hardware.",higgsfield-primary-render,
WWN01 751 7761 4187-SET,WWN01 751 7761 4187-SET.png,0.780273,0.860677,0.499512,0.500000,1024x1536,RGBA,,True,applied,419,2608a4b6524db73ed6becd31b0b14be35de949cd04a0a5f225c012f364fff0dd,5c578aeecea1bb2e6a8db5d0c692113fed8339179e23a1a7d1c222bec2683827,PASS,"Passed individual black-background contact-sheet review; correct product, front-facing presentation, complete compact bracelet/strap, transparent background, and no visible watermark or loose fastening hardware.",higgsfield-primary-render,
WW672,WW672.png,0.780273,0.861328,0.500488,0.499674,1024x1536,RGBA,,True,applied,105,004f411b40be419b9dc975f161017ff649121cb74a195e942503317d5dd2c222,6e69b2b1a5970ad298dfb7036a8ea4a039657d204e6d3a51b22f1e97d79a1e01,PASS,"Passed individual black-background contact-sheet review; correct product, front-facing presentation, complete compact bracelet/strap, transparent background, and no visible watermark or loose fastening hardware.",higgsfield-primary-render,
W1396,W1396.png,0.779297,0.882812,0.500000,0.500000,1024x1536,RGBA,,True,applied,133,509ea5c92d5fbba17169880b8b35f42fbeb19f8289b458696d4dab1cb1680606,b81ecdb5d8cc8e397ae903e5c042e0e0f6463a6d12a0d27c8df3e77a18e8f0e3,PASS,"Passed individual black-background contact-sheet review; correct product, front-facing presentation, complete compact bracelet/strap, transparent background, and no visible watermark or loose fastening hardware.",higgsfield-primary-render,
WW483,WW483.png,0.779297,0.911458,0.500000,0.500000,1024x1536,RGBA,,True,applied,24,d8b7be74850614dcc57493851f14499d01aff200e13e995cda81a0c07d05db20,5714329baffb3a4d57d3eb3bb3927e74bce292a5f0576e91d96489f5268e19a7,PASS,"Passed individual black-background contact-sheet review; correct product, front-facing presentation, complete compact bracelet/strap, transparent background, and no visible watermark or loose fastening hardware.",higgsfield-primary-render,
WW480,WW480.png,0.779297,0.911458,0.500000,0.500000,1024x1536,RGBA,,True,applied,21,3b3b7196e5eb924feeb9367051b29389dd8f649ec8d5ecf74b5a63a82b746137,1118dd78e9b07c45522cc82290932d879666e989c4433fcda7cada53898eec78,PASS,"Passed individual black-background contact-sheet review; correct product, front-facing presentation, complete compact bracelet/strap, transparent background, and no visible watermark or loose fastening hardware.",higgsfield-primary-render,
WW650,WW650.png,0.779297,0.911458,0.500000,0.500000,1024x1536,RGBA,,True,applied,35,37dfe9d8591b93d25f7febe876463a3b2427f1da07df575cacab79b189589897,995f129d3622633ac6ab446e3a87b5dbe42e6cfb9c0685d11f3d34e22045b068,PASS,"Passed individual black-background contact-sheet review; correct product, front-facing presentation, complete compact bracelet/strap, transparent background, and no visible watermark or loose fastening hardware.",higgsfield-primary-render,
WL92,WL92.png,0.780273,0.911458,0.499512,0.500000,1024x1536,RGBA,,True,applied,299,49f429a0e68c9fed012a1e8a9d9b65130d2ac52670af1c4541784710e71b754c,ebce21fc47afc054eaff0298d5d5d2c04455c2bc89e542e6cba2c31733043cfb,PASS,"Passed individual black-background contact-sheet review; correct product, front-facing presentation, complete compact bracelet/strap, transparent background, and no visible watermark or loose fastening hardware.",higgsfield-primary-render,
WL78,WL78.png,0.779297,0.911458,0.500000,0.500000,1024x1536,RGBA,,True,skipped-after-visual-artifact,,94abdd53fc950f05cab5c86ccf7e13bd600f175b24abaee7d5d27d5d15d4c896,aa3ec6953b075f426d29b90ade388d53e9183181ef577fcc08d04387057cec8b,PASS,Visual QA found a false-positive projective dial graft; retained the clean generated render without the graft.,normalize-clean-higgsfield-raw-without-dial-graft,
W251,W251.png,0.780273,0.911458,0.499512,0.500000,1024x1536,RGBA,,True,applied,53,0712a0d5dea972ee64ad3070ce8ee89350b61799f2f861a1b1cc614ee1996e54,bcee536a3ed7cd269ab48ef28281a161d6f1854820adca1e459f18ba85f26129,PASS,"Passed individual black-background contact-sheet review; correct product, front-facing presentation, complete compact bracelet/strap, transparent background, and no visible watermark or loose fastening hardware.",higgsfield-primary-render,
WW976,WW976.png,0.780273,0.863281,0.500488,0.500000,1024x1536,RGBA,,True,applied,339,c08683e1bf4db1f3b7b33948bee176511f6340f59be5d404d9171be841e710d1,41efadcf8e8f4b973074fb268411f0553e301213d1bd245c9539acc62d01b357,PASS,"Passed individual black-background contact-sheet review; correct product, front-facing presentation, complete compact bracelet/strap, transparent background, and no visible watermark or loose fastening hardware.",higgsfield-primary-render,
WL65,WL65.png,0.780273,0.911458,0.499512,0.500000,1024x1536,RGBA,,True,applied,23,3e06422c700cd28eb98ad519a5941488ba5d2c91be5d34ef413a374c608b2f3b,f3fcf83109660c8e4741bd42fa5f994eb5d8c9d1e295deb52e97460052b40393,PASS,"Passed individual black-background contact-sheet review; correct product, front-facing presentation, complete compact bracelet/strap, transparent background, and no visible watermark or loose fastening hardware.",higgsfield-primary-render,
WW556,WW556.png,0.780273,0.856120,0.499512,0.499674,1024x1536,RGBA,,True,applied,175,c19d51ee19ce61924a0f3ff55d2e0d1ffe795a6ee488756a3f38ca072469719f,2bcf7433ef1ef63c91bef54caad85f0a81ba8296f0a655bdfa3732db980fedaa,PASS,"Passed individual black-background contact-sheet review; correct product, front-facing presentation, complete compact bracelet/strap, transparent background, and no visible watermark or loose fastening hardware.",higgsfield-primary-render,
WL84,WL84.png,0.780273,0.911458,0.500488,0.500000,1024x1536,RGBA,,True,applied,16,0823a48ced1b574955cae6be09ed63ce8829eca7eadcd26e0657ebc2b1d15914,341349ae082425b23c0bf438465b6fba1594f14e4ff97ac51f761509f546f643,PASS,"Passed individual black-background contact-sheet review; correct product, front-facing presentation, complete compact bracelet/strap, transparent background, and no visible watermark or loose fastening hardware.",higgsfield-primary-render,
WW312,WW312.png,0.779297,0.863281,0.500000,0.500000,1024x1536,RGBA,,True,applied,302,2f6cd025094abe408675003bca7cd8b5ebd99e5cb6c20c90465347fcfd376b92,0658a94bb63d34f3ef9682c29e80c947ff55ced1e3ff7c7ff305593a70a6d110,PASS,"Passed individual black-background contact-sheet review; correct product, front-facing presentation, complete compact bracelet/strap, transparent background, and no visible watermark or loose fastening hardware.",higgsfield-primary-render,
WL71,WL71.png,0.780273,0.911458,0.500488,0.500000,1024x1536,RGBA,,True,applied,278,35ce074fc59415d8f05060dd7ae6f037752e97267dcdbcde1231c79725080879,5eaee753311a6fd3ec60ee294b50da118bda28df1962d67e57ed72b44a3cf5ef,PASS,"Passed individual black-background contact-sheet review; correct product, front-facing presentation, complete compact bracelet/strap, transparent background, and no visible watermark or loose fastening hardware.",higgsfield-primary-render,
W1502,W1502.png,0.780273,0.901693,0.500488,0.499674,1024x1536,RGBA,,True,applied,88,77c845b65877cdd2b532eb503150e17a23dae22677addca4c704a4c0a946394c,84db1ddbf152c7c98146f7a4b10c65653feaf7cc9a0c1baea4f41df96606327d,PASS,"Passed individual black-background contact-sheet review; correct product, front-facing presentation, complete compact bracelet/strap, transparent background, and no visible watermark or loose fastening hardware.",higgsfield-primary-render,
WL77,WL77.png,0.780273,0.911458,0.499512,0.500000,1024x1536,RGBA,,True,applied,21,635b2ace6b80a32f36915fa86ff39b94973acfea28c0f743c85adaa48b083ead,c4586e1998bc0d28baa3e7c411c14c29a04382ac1b65c968aa64a2980e532a34,PASS,"Passed individual black-background contact-sheet review; correct product, front-facing presentation, complete compact bracelet/strap, transparent background, and no visible watermark or loose fastening hardware.",higgsfield-primary-render,
W1468,W1468.png,0.781250,0.911458,0.500000,0.500000,1024x1536,RGBA,,True,applied,88,ac72903d4d1e6d28ff3aa927c954ee766826d415044ae41317436e94be1a5d44,638a2107e122b240dfd489de508ce87717b61c34c85943378a1427f1dc270cf2,PASS,"Passed individual black-background contact-sheet review; correct product, front-facing presentation, complete compact bracelet/strap, transparent background, and no visible watermark or loose fastening hardware.",higgsfield-primary-render,
W20,W20.png,0.780273,0.892578,0.500000,0.499674,1024x1536,RGBA,,True,applied,508,b428c3e21fed82d038597eb48251a2eab97fc8fc326818007f32fdedc8de760f,3e44bfe9135315886b44c1f720c2f86fa5ab20f81813af0854fe4b994f86a650,PASS,"Passed individual black-background contact-sheet review; correct product, front-facing presentation, complete compact bracelet/strap, transparent background, and no visible watermark or loose fastening hardware.",higgsfield-primary-render,
W1280,W1280.png,0.780273,0.911458,0.500000,0.500000,1024x1536,RGBA,,True,applied,92,0384926fdfa8cce6b7847991ade834d8d50669c44ae261309f495a9b25a788ab,0242a7ff890eaaa2617fccd3a57b95bec47f37dd6ecf3ac55e3cfc494fd21318,PASS,"Passed individual black-background contact-sheet review; correct product, front-facing presentation, complete compact bracelet/strap, transparent background, and no visible watermark or loose fastening hardware.",higgsfield-primary-render,
W1312,W1312.png,0.780273,0.911458,0.499512,0.500000,1024x1536,RGBA,,True,applied,36,7dbc5b2bf206dbb1ea1bc13b0940f1a1b70e5c8e94eee7d6b3b026e85e17a879,b134e262f75d9d6cdf860204c71184bb189e3c8131a9f366842019b00bd47512,PASS,"Passed individual black-background contact-sheet review; correct product, front-facing presentation, complete compact bracelet/strap, transparent background, and no visible watermark or loose fastening hardware.",higgsfield-primary-render,
WL31,WL31.png,0.780273,0.911458,0.500488,0.500000,1024x1536,RGBA,,True,applied,52,a3cd9c80c3662b334dfaf0bc074c446c0e7268d032df7b90b24a36335b132824,7239d2c55b1ce454cf4fc430df24680ee5668cc0bb1a7a321f4530a48425e077,PASS,"Passed individual black-background contact-sheet review; correct product, front-facing presentation, complete compact bracelet/strap, transparent background, and no visible watermark or loose fastening hardware.",higgsfield-primary-render,
W246,W246.png,0.780273,0.911458,0.500488,0.500000,1024x1536,RGBA,,True,applied,101,37c239cf451f99ed5dcd67a4dd45e86635c22685853136729806bdb1652a037f,a0f1653711ee29884b119c1a553eb3abbc1f6c46125af7c3d25b7f6d8a916cfa,PASS,"Passed individual black-background contact-sheet review; correct product, front-facing presentation, complete compact bracelet/strap, transparent background, and no visible watermark or loose fastening hardware.",higgsfield-primary-render,
W1534,W1534.png,0.780273,0.911458,0.500488,0.500000,1024x1536,RGBA,,True,applied,182,f59ece7615e419fafd9ad3aecd2c239360b5b040861c7b3ff8ab2c9e3cf4f2c6,fe1c3a887e344b3c7665c44ff7d64f1041a08393da822420c5abab3e5ae1d8db,PASS,"Passed individual black-background contact-sheet review; correct product, front-facing presentation, complete compact bracelet/strap, transparent background, and no visible watermark or loose fastening hardware.",higgsfield-primary-render,
WL50,WL50.png,0.781250,0.911458,0.500000,0.500000,1024x1536,RGBA,,True,applied,57,60fb78f40b074eb8d947f769c36121ae2d5b49bbe1650f82ac79546d51090381,401962e71803589f8246b15f440e3bcde1cd63e36d6dd539b61c91cedd271d5e,PASS,"Passed individual black-background contact-sheet review; correct product, front-facing presentation, complete compact bracelet/strap, transparent background, and no visible watermark or loose fastening hardware.",higgsfield-primary-render,
W1543,W1543.png,0.781250,0.911458,0.500000,0.500000,1024x1536,RGBA,,True,applied,40,de7ddc2ac707921d43630dbcec52acaaf6006f62454538256a844bff34563d6c,c85df97a94e528bd11a3d069888be44054c20fb3af3bb944f5397cab631f12d3,PASS,"Passed individual black-background contact-sheet review; correct product, front-facing presentation, complete compact bracelet/strap, transparent background, and no visible watermark or loose fastening hardware.",higgsfield-primary-render,
W239,W239.png,0.780273,0.899740,0.499512,0.500000,1024x1536,RGBA,,True,applied,219,65cf79200ddd6d803abc686d331c46ec75836ad4f0c13b472b0a8760bb783435,604ba98188084129e694e9d77d06ed89ad56e195e068f9e327672b8846ceb241,PASS,"Passed individual black-background contact-sheet review; correct product, front-facing presentation, complete compact bracelet/strap, transparent background, and no visible watermark or loose fastening hardware.",higgsfield-primary-render,
W1294,W1294.png,0.779297,0.911458,0.500000,0.500000,1024x1536,RGBA,,True,applied,40,12ce7aecfe5c012e8054c95f49e71476d787d711890c76d689cca7495c73796f,643aa3dbc1d3d52c74b4dc3c6f9de061cc5110211e78a2cbac5c65408a3d9abf,PASS,"Passed individual black-background contact-sheet review; correct product, front-facing presentation, complete compact bracelet/strap, transparent background, and no visible watermark or loose fastening hardware.",higgsfield-primary-render,
W1395,W1395.png,0.780273,0.911458,0.500488,0.500000,1024x1536,RGBA,,True,applied,37,1ece34c0508af9f354805eda0886053cb0b1288eba6a401dc37455a5b85cbf75,b9b295fc39f8024e2c9a877c8d64b6bfb777885ac5c2a790f2e621fb09eb4aff,PASS,"Passed individual black-background contact-sheet review; correct product, front-facing presentation, complete compact bracelet/strap, transparent background, and no visible watermark or loose fastening hardware.",higgsfield-primary-render,
WW184,WW184.png,0.780273,0.899740,0.500488,0.500000,1024x1536,RGBA,,True,applied,170,ad38497bf748bf72078a506d922e006ca3aca28ae2b9fa31d8cacf4bf9853907,99e5c1818a9180e8a11c149854c04f929dee62f055d35f7c57f6de03e846a379,PASS,"Passed individual black-background contact-sheet review; correct product, front-facing presentation, complete compact bracelet/strap, transparent background, and no visible watermark or loose fastening hardware.",higgsfield-primary-render,
WW488,WW488.png,0.779297,0.911458,0.500000,0.500000,1024x1536,RGBA,,True,applied,45,04d35a2c1b8c88cffdd044398348c7969bf5a03dc815f4a8edb71c23e100bb8f,e5475f174fad1429f5395fd0ea23ab45aaf71727b9d7aac2209039fab29879ea,PASS,"Passed individual black-background contact-sheet review; correct product, front-facing presentation, complete compact bracelet/strap, transparent background, and no visible watermark or loose fastening hardware.",higgsfield-primary-render,
W1263,W1263.png,0.781250,0.911458,0.500000,0.500000,1024x1536,RGBA,,True,applied,26,d8c1f5b8d46a7582dcee95b5d5aeb11d419d073491d2d9014f01791f5d283923,13c6b32465b018dff63deb49e67ac9069ee2014c3762869e3288fc29626249ab,PASS,"Passed individual black-background contact-sheet review; correct product, front-facing presentation, complete compact bracelet/strap, transparent background, and no visible watermark or loose fastening hardware.",higgsfield-primary-render,
WWNH32506730,WWNH32506730.png,0.779297,0.856771,0.500000,0.500000,1024x1536,RGBA,,True,applied,165,85be55c2e72abedeb3865d3946ba5338d933b7d80a848aba3f1e90fd6ef1470c,d275fa17a44a86c421259fb362ed5652f622a567f920c4d32e1fdb34760322c5,PASS,"Passed individual black-background contact-sheet review; correct product, front-facing presentation, complete compact bracelet/strap, transparent background, and no visible watermark or loose fastening hardware.",higgsfield-primary-render,
WW725,WW725.png,0.779297,0.867188,0.500000,0.500000,1024x1536,RGBA,,True,applied,65,fb40f4fa40fb101cc1f55feb110d0dbf9a0e8daa6c9c7c1851c15623c8560c40,43515972138941f9f8b74ce9db748090e35ae09b668c82145fc7e81d80248c86,PASS,"Passed individual black-background contact-sheet review; correct product, front-facing presentation, complete compact bracelet/strap, transparent background, and no visible watermark or loose fastening hardware.",higgsfield-primary-render,
W231,W231.png,0.780273,0.861979,0.499512,0.500000,1024x1536,RGBA,,True,applied,233,b96bb1b60f3f14cef19ecc8d41391057730b4fcda6a4cc92d3c8f5e2891a3d6e,14f5d6dfdfc29a1ecac2db43145c64a272f408ac77b747396a45242d4ece432c,PASS,"Passed individual black-background contact-sheet review; correct product, front-facing presentation, complete compact bracelet/strap, transparent background, and no visible watermark or loose fastening hardware.",higgsfield-primary-render,
W1364,W1364.png,0.780273,0.911458,0.499512,0.500000,1024x1536,RGBA,,True,applied,70,6c4f2c2603fe97ad858b81b2781f972a5d81850e2baf1dd3ea3f1efd6ab2b072,285460c278ce39eaeb9e26668330fb738c0649436fec8bd40e929329bd862300,PASS,"Passed individual black-background contact-sheet review; correct product, front-facing presentation, complete compact bracelet/strap, transparent background, and no visible watermark or loose fastening hardware.",higgsfield-primary-render,
W1346,W1346.png,0.780273,0.911458,0.499512,0.500000,1024x1536,RGBA,,True,applied,53,3c4319ba1146d278b11b61b4c4444bc02d6fa2d71be52a55ccb12b7d6760f881,0272d2247ab65ae5c7b7b063de991769979fc54c3a07312ae82793cfde1c8420,PASS,"Passed individual black-background contact-sheet review; correct product, front-facing presentation, complete compact bracelet/strap, transparent background, and no visible watermark or loose fastening hardware.",higgsfield-primary-render,
WL90,WL90.png,0.780273,0.911458,0.499512,0.500000,1024x1536,RGBA,,True,applied,62,8dc22b5d246d6cbffb5b876ba409f474f0d43bb2335d1176e7d6137aeb7b81a3,238c1ba5bc26014dd3c0a6438bc90b819354f5f32cb241036aaca7e5b266f23a,PASS,"Passed individual black-background contact-sheet review; correct product, front-facing presentation, complete compact bracelet/strap, transparent background, and no visible watermark or loose fastening hardware.",higgsfield-primary-render,
WL80,WL80.png,0.779297,0.910156,0.500000,0.500000,1024x1536,RGBA,,True,applied,59,a4ec5ba1df32c198eae16c2c1b9f55c9fd4f4e005a062270d3a0461500804783,885a2251ab09432e490f1c0a4855a339fbad825c76a76e1ba433a551032d7daa,PASS,"Passed individual black-background contact-sheet review; correct product, front-facing presentation, complete compact bracelet/strap, transparent background, and no visible watermark or loose fastening hardware.",higgsfield-primary-render,
WL83,WL83.png,0.778320,0.911458,0.500000,0.500000,1024x1536,RGBA,,True,applied,37,01eb2762328c4867c107a728c4de5e631266fa68667463e1579c1dd2de9f1a00,4c77844fedd2b09daf942dea0043a1b17c0e641a25b1ed4738ca87061a37580f,PASS,"Passed individual black-background contact-sheet review; correct product, front-facing presentation, complete compact bracelet/strap, transparent background, and no visible watermark or loose fastening hardware.",higgsfield-primary-render,
W1366,W1366.png,0.780273,0.911458,0.499512,0.500000,1024x1536,RGBA,,True,applied,82,14a1c0913a6e3544031d28246697505ad9f488209e386455373d7dbb1f1a8164,e5dc97ea3912b3ae171c6b6e644e49780a31841dcac90711bbc451118f9ae9b9,PASS,"Passed individual black-background contact-sheet review; correct product, front-facing presentation, complete compact bracelet/strap, transparent background, and no visible watermark or loose fastening hardware.",higgsfield-primary-render,
W1433,W1433.png,0.781250,0.911458,0.500000,0.500000,1024x1536,RGBA,,True,applied,37,952229db38c65fb90ac2d9c09c571df68ae14e592c97b1ab649497968f1a1d33,83339b2107838897ae5a080e726ff9ce281f56a945ff4e1ea8a2d5bc0efb28a9,PASS,"Passed individual black-background contact-sheet review; correct product, front-facing presentation, complete compact bracelet/strap, transparent background, and no visible watermark or loose fastening hardware.",higgsfield-primary-render,
WL27,WL27.png,0.779297,0.911458,0.500488,0.500000,1024x1536,RGBA,,True,applied,44,be43a3b6d06a4d576870b9d4504794635f6f273aecb5783bb1e18552d28d9c7d,165e9daf838b88d42975bc2b260836a8284df44f7536a18d024a0c9cb7655faa,PASS,"Passed individual black-background contact-sheet review; correct product, front-facing presentation, complete compact bracelet/strap, transparent background, and no visible watermark or loose fastening hardware.",higgsfield-primary-render,
WWNH24655331,WWNH24655331.png,0.779297,0.911458,0.500000,0.500000,1024x1536,RGBA,,True,applied,46,d97581bcba25e0b20cdd5dc89bdca94cad86386422367c924e6ea1e3c6927a1d,dad8b54e5a610c9561db0ee9e6e0b2129784aeb43bcf3dd832d1af9f88c70073,PASS,"Passed individual black-background contact-sheet review; correct product, front-facing presentation, complete compact bracelet/strap, transparent background, and no visible watermark or loose fastening hardware.",higgsfield-primary-render,
WW373,WW373.png,0.781250,0.863932,0.500000,0.500326,1024x1536,RGBA,,True,applied,74,bd68aa63d2949e278fc41f9ef1ac0a4c80cf63f238e435923f69cfcded42994c,99e93d93b4b0c1b125cb0f15172cce55c0da9391dcc7abf2d075a45458f0c27b,PASS,"Passed individual black-background contact-sheet review; correct product, front-facing presentation, complete compact bracelet/strap, transparent background, and no visible watermark or loose fastening hardware.",higgsfield-primary-render,
WL87,WL87.png,0.780273,0.911458,0.499512,0.500000,1024x1536,RGBA,,True,applied,62,2bc2369eadd7073ed5732810d02bf1d32830b01f6304248e8d1003c2d3edd33d,3fa62ebc94c284cbc361cb9c528f707c3084bf286559d6fabbb538e3edb0d758,PASS,"Passed individual black-background contact-sheet review; correct product, front-facing presentation, complete compact bracelet/strap, transparent background, and no visible watermark or loose fastening hardware.",higgsfield-primary-render,
WL52,WL52.png,0.780273,0.911458,0.499512,0.500000,1024x1536,RGBA,,True,applied,28,c5b5d7c2758778463a152dc2ce5b64f6df8dd99fa88660a75c3c6d7769c83253,18db8bab0a5312ca99473ba4000b47dbb1c3d233872713734f3722cadc97c26b,PASS,"Passed individual black-background contact-sheet review; correct product, front-facing presentation, complete compact bracelet/strap, transparent background, and no visible watermark or loose fastening hardware.",higgsfield-primary-render,
W1470,W1470.png,0.780273,0.911458,0.500488,0.500000,1024x1536,RGBA,,True,applied,45,7292ae3099ec17e06c0444b5d511213f43603420fc3fe6df0004479610bbcf3a,532b616bd8697f172b17aa3fe62ee300235b35c237171a3998977cf15ee8249a,PASS,"Passed individual black-background contact-sheet review; correct product, front-facing presentation, complete compact bracelet/strap, transparent background, and no visible watermark or loose fastening hardware.",higgsfield-primary-render,
WL61,WL61.png,0.780273,0.911458,0.499512,0.500000,1024x1536,RGBA,,True,applied,73,65f6bbb39783d297ffb07b72236d22553234ac36d6f4d89b60f3b8b12ad75405,005bf2dbec827f42c39526fd2fa60ec738c4e99dbd96150acaa4f41c24d7f2b1,PASS,"Passed individual black-background contact-sheet review; correct product, front-facing presentation, complete compact bracelet/strap, transparent background, and no visible watermark or loose fastening hardware.",higgsfield-primary-render,
W1311,W1311.png,0.780273,0.911458,0.500488,0.500000,1024x1536,RGBA,,True,applied,23,16585b116e571b9a094468f75a29f4917e19ec55335938078ff8306ae9423094,79818e6054ccd7abaab258472a38fe54b8ab3fd952ec47509cd57d19cffafbb7,PASS,"Passed individual black-background contact-sheet review; correct product, front-facing presentation, complete compact bracelet/strap, transparent background, and no visible watermark or loose fastening hardware.",higgsfield-primary-render,
W1459,W1459.png,0.779297,0.911458,0.500000,0.500000,1024x1536,RGBA,,True,applied,14,264ac9176912469bbda93c27c50c49c9c6e14b2dc6ee454729ba38f8d77cf532,ab6444b96c906d152c011ff32f950e65d7f299228fa47fb51f0a2047ee65e8f2,PASS,"Passed individual black-background contact-sheet review; correct product, front-facing presentation, complete compact bracelet/strap, transparent background, and no visible watermark or loose fastening hardware.",higgsfield-primary-render,
W1372,W1372.png,0.782227,0.911458,0.499512,0.500000,1024x1536,RGBA,,True,applied,79,899bd77ecaf3d25e49a053dfa49dc6114f1e54d910af10dd6980a363dda4b255,ed6a3633d3fa911474be8bd7f165fbcdcdc11a5f3f3cdf7f3cd5f05606934527,PASS,"Passed individual black-background contact-sheet review; correct product, front-facing presentation, complete compact bracelet/strap, transparent background, and no visible watermark or loose fastening hardware.",higgsfield-primary-render,
W1329,W1329.png,0.778320,0.911458,0.500488,0.500000,1024x1536,RGBA,,True,registration-failed,11,1a7c6b7df2c1914a59accba492b4597741998aa62dfd92f17a32f7d3d15f9c72,c4438881db9e400ddbf3d2e5577c9d3e34f432214dc0b193be584f1adbab468e,PASS,"Passed individual black-background contact-sheet review; correct product, front-facing presentation, complete compact bracelet/strap, transparent background, and no visible watermark or loose fastening hardware.",higgsfield-primary-render,
W1339,W1339.png,0.781250,0.911458,0.500000,0.500000,1024x1536,RGBA,,True,applied,15,2f889717365e4870bad8053d037c94c5194df5ff9ce4f7d84ca28c76e760f112,cebbf6e28f1c6d6534959a507821fe50a2a557513250e8a5d7defa605ef7bced,PASS,"Passed individual black-background contact-sheet review; correct product, front-facing presentation, complete compact bracelet/strap, transparent background, and no visible watermark or loose fastening hardware.",higgsfield-primary-render,
W1539,W1539.png,0.780273,0.911458,0.499512,0.500000,1024x1536,RGBA,,True,applied,50,62821f52fe640a66850772dd89cfb2a605a460fd2b893ac284bbc178b49c68c6,55d917bc40f49cb0e0047e473f1112821585b5dac08158d346ef3fdd6d2c8a28,PASS,"Passed individual black-background contact-sheet review; correct product, front-facing presentation, complete compact bracelet/strap, transparent background, and no visible watermark or loose fastening hardware.",higgsfield-primary-render,
W1349,W1349.png,0.780273,0.910807,0.499512,0.499674,1024x1536,RGBA,,True,applied,82,1614f9ec72095f16da3045607b12ec2b2515c9f8f5c6f29be7d320142479fcc7,a6e585b5416ce4ffa729564d1881f2cc60973d530edfdadb8976841d4d1b6459,PASS,"Passed individual black-background contact-sheet review; correct product, front-facing presentation, complete compact bracelet/strap, transparent background, and no visible watermark or loose fastening hardware.",higgsfield-primary-render,
W1301,W1301.png,0.780273,0.911458,0.499512,0.500000,1024x1536,RGBA,,True,applied,148,e27b6f2e0c1997e3eca2b41887283b2ab8cd544298f64eda67f0078f111d6434,8ae043fa4199e30ef397d3c0cedb52f0120f790d3321157d8be3aee8b68faf15,PASS,"Passed individual black-background contact-sheet review; correct product, front-facing presentation, complete compact bracelet/strap, transparent background, and no visible watermark or loose fastening hardware.",higgsfield-primary-render,
WW557,WW557.png,0.781250,0.852865,0.500000,0.500000,1024x1536,RGBA,,True,applied,87,dba3c6dd9f92a63b638d13a4b0d50e829f7e063a1b760d181715583046d59d46,e4d91aef9693c77e4dd5ea3d11db16c84945b23d62e4b1d2dee05b803c60e0d2,PASS,"Passed individual black-background contact-sheet review; correct product, front-facing presentation, complete compact bracelet/strap, transparent background, and no visible watermark or loose fastening hardware.",higgsfield-primary-render,
WL64,WL64.png,0.781250,0.911458,0.500000,0.500000,1024x1536,RGBA,,True,skipped-after-visual-artifact,,0f3a2d1f8068a3d5458cd4a824a6796471ab86695d3bfdf8f956a9097a028ca3,06add56f4a958e7e3ea16100122124c71fa30d8893c49e431b695e25da07360e,PASS,Visual QA found a false-positive projective dial graft; retained the clean generated render without the graft.,normalize-clean-higgsfield-raw-without-dial-graft,
W1350,W1350.png,0.779297,0.911458,0.500000,0.500000,1024x1536,RGBA,,True,applied,13,bedcbeef88c5227e92a92890447f3283cdb6b0703e42fab507771ded9a3f7545,0165b71926ac9290d5714483f04d6bcc8ab8215a0fdbc7d1e62bcab6e3fa6b8d,PASS,"Passed individual black-background contact-sheet review; correct product, front-facing presentation, complete compact bracelet/strap, transparent background, and no visible watermark or loose fastening hardware.",higgsfield-primary-render,
W1380,W1380.png,0.781250,0.911458,0.500000,0.500000,1024x1536,RGBA,,True,registration-failed,7,f41818a8e5af58c6675a9b6850d19ae25b357384aa938047badcd8fb1169bde5,9df224a7d3d2baa102c06cd8ffc1dad149569570c90540bdaeeed7b4aecf85b4,PASS,"Passed individual black-background contact-sheet review; correct product, front-facing presentation, complete compact bracelet/strap, transparent background, and no visible watermark or loose fastening hardware.",higgsfield-primary-render,
W1325,W1325.png,0.779297,0.911458,0.500000,0.500000,1024x1536,RGBA,,True,applied,17,5a4830e954cb3907f78c36ded5aed1ebb79e200286496bd0d41a64f16c1f9cd8,fb87eb747961e54a9b69a9be52bdbf7bc2032e373454290e3b5cae8eb7ed8ecd,PASS,"Passed individual black-background contact-sheet review; correct product, front-facing presentation, complete compact bracelet/strap, transparent background, and no visible watermark or loose fastening hardware.",higgsfield-primary-render,
WL51,WL51.png,0.779297,0.911458,0.500000,0.500000,1024x1536,RGBA,,True,skipped-after-visual-retry,,93003b1719b2dc2602800a57ed02c040392a4f4332b46307cc3df1693f6dffa1,f9998e3cfa454fc2aff35950bc1c358bdf9984af688615b1d186a12084ed62d0,PASS,"Full-resolution targeted retry accepted on black: corrected visible hardware, strap tail, protective film, or product identity using the exact SKU reference; source-dial graft deliberately skipped to avoid reintroducing the defect.",higgsfield-targeted-visual-retry,
WW647,WW647.png,0.780273,0.911458,0.499512,0.500000,1024x1536,RGBA,,True,applied,126,1fac509cef9604433501cc666fe83b9504a24cb0aa1ca66dd17aa28b3c8b420d,bce944d61d007f4e49d9de19c02bed943df7660424ae8e83b6e4d8d2b171437e,PASS,"Passed individual black-background contact-sheet review; correct product, front-facing presentation, complete compact bracelet/strap, transparent background, and no visible watermark or loose fastening hardware.",higgsfield-primary-render,
WW588,WW588.png,0.779297,0.911458,0.500000,0.500000,1024x1536,RGBA,,True,applied,94,33d8075be7f83bc4e65f6e0269e3e742b6af0b16b3c73ec3813a3b0668be4a2a,ab80a8d5902b44e58443911f60378a2ccf17d553243a3cd82913270ce0569a8d,PASS,"Passed individual black-background contact-sheet review; correct product, front-facing presentation, complete compact bracelet/strap, transparent background, and no visible watermark or loose fastening hardware.",higgsfield-primary-render,
W1277,W1277.png,0.781250,0.911458,0.499512,0.500000,1024x1536,RGBA,,True,applied,29,ac45d04f30beba848df1265a23ffaf4156536f814338ebbfb21698298ab02d01,f0c6343f640dbcfe9a38325288fae1b9a8b9f4ff3ce23846b63793eea0701635,PASS,"Passed individual black-background contact-sheet review; correct product, front-facing presentation, complete compact bracelet/strap, transparent background, and no visible watermark or loose fastening hardware.",higgsfield-primary-render,
WWN01 733 7720 4057-07 5 21 02,WWN01 733 7720 4057-07 5 21 02.png,0.779297,0.911458,0.500000,0.500000,1024x1536,RGBA,,True,applied,147,0e26a9f2489796819bb502a7e39c7a68ca0576da92aaa733da24e8b8f1af5fb4,4515e07156cac66c2bed182e101c91d33ae8472563c5060fca31fb73b89a847d,PASS,"Passed individual black-background contact-sheet review; correct product, front-facing presentation, complete compact bracelet/strap, transparent background, and no visible watermark or loose fastening hardware.",higgsfield-primary-render,
W1357,W1357.png,0.780273,0.911458,0.499512,0.500000,1024x1536,RGBA,,True,applied,23,5e214d77fe1ecd2b179b380c7bde4f78a8890857bd1f6f42144ab633bac27ca7,73e2542a0b94898f50e0d229670668df2f57dbf6e0e483e5ef9e4f9d17ef1156,PASS,"Passed individual black-background contact-sheet review; correct product, front-facing presentation, complete compact bracelet/strap, transparent background, and no visible watermark or loose fastening hardware.",higgsfield-primary-render,
W1327,W1327.png,0.781250,0.911458,0.500000,0.500000,1024x1536,RGBA,,True,applied,17,144c74700d7d1c71d263cb7d1f50f5d758a22f782524d91a34af86b69c4afd6e,88138a1fb11ec3528d375c2f208a076df826b8956ef4aa3e01d579b19a7078d9,PASS,"Passed individual black-background contact-sheet review; correct product, front-facing presentation, complete compact bracelet/strap, transparent background, and no visible watermark or loose fastening hardware.",higgsfield-primary-render,
W1514,W1514.png,0.782227,0.911458,0.499512,0.500000,1024x1536,RGBA,,True,applied,53,292c34a969f3254d67c7231accafe8428427e2dc63e4577d4db811c7d8be2806,d1d740e5385cae5b499c6fe2dd6a0fd02b86c971ac8ad2dcb451a115ec1a6975,PASS,"Passed individual black-background contact-sheet review; correct product, front-facing presentation, complete compact bracelet/strap, transparent background, and no visible watermark or loose fastening hardware.",higgsfield-primary-render,
W1328,W1328.png,0.780273,0.858073,0.500488,0.500000,1024x1536,RGBA,,True,applied,144,52bcce262609024773febeeb76e34140562ee6815a6ef244d7577d6dea3ccdb1,3cf8df18fd4e3f36da4584589db1af3674413a9ded9823795d859aba5a97ecf7,PASS,"Passed individual black-background contact-sheet review; correct product, front-facing presentation, complete compact bracelet/strap, transparent background, and no visible watermark or loose fastening hardware.",higgsfield-primary-render,
WWN01 733 7770 4150-SET,WWN01 733 7770 4150-SET.png,0.780273,0.911458,0.500488,0.500000,1024x1536,RGBA,,True,applied,190,4dd82572ca3a4ad3f9cf8562189d2bdb6bc15ec0b0eedba105f39b8171d97aa6,bfd21e95101e9fee7c4cb5a241e5e05b03bad3337e04bfab8edee8c2c4e814c5,PASS,"Passed individual black-background contact-sheet review; correct product, front-facing presentation, complete compact bracelet/strap, transparent background, and no visible watermark or loose fastening hardware.",higgsfield-primary-render,
WWN01 733 7732 4135-07 5 21 10FC,WWN01 733 7732 4135-07 5 21 10FC.png,0.780273,0.897135,0.499512,0.500000,1024x1536,RGBA,,True,applied,147,a5ac308f3f4ee15e686d8c337a8f8741a08c865927c3566e46af80aa861c8a03,a48fdb7e1f81059ae92dd56986148f3d66c986f3b3daf8f92e32cdcdc930045c,PASS,"Passed individual black-background contact-sheet review; correct product, front-facing presentation, complete compact bracelet/strap, transparent background, and no visible watermark or loose fastening hardware.",higgsfield-primary-render,
WWN01 733 7732 4157-07 5 21 10FC,WWN01 733 7732 4157-07 5 21 10FC.png,0.779297,0.911458,0.500000,0.500000,1024x1536,RGBA,,True,applied,158,8b5a776c6492aee89a93697cd40eefae9a9de093d810e6f8c198f402080bc810,e2a0c76f6dd581afc937e8f765e140d2ac22849c80ab9eadfbe0de09515ce014,PASS,"Passed individual black-background contact-sheet review; correct product, front-facing presentation, complete compact bracelet/strap, transparent background, and no visible watermark or loose fastening hardware.",higgsfield-primary-render,
W1276,W1276.png,0.780273,0.911458,0.500000,0.500000,1024x1536,RGBA,,True,applied,23,53d9917b3fc2d9b435e3b866c9c721638faceb6d3c0898668fc35d42d5e19f8a,31a94ac68d29bde62f5f71cb5eaf575065b26a7a3677790ec9509d92d64ba453,PASS,"Passed individual black-background contact-sheet review; correct product, front-facing presentation, complete compact bracelet/strap, transparent background, and no visible watermark or loose fastening hardware.",higgsfield-primary-render,
WWN01 733 7707 4357-07 5 20 45,WWN01 733 7707 4357-07 5 20 45.png,0.781250,0.911458,0.500000,0.500000,1024x1536,RGBA,,True,applied,149,cb5f9f63419f0d762a24f158234e9029f7a358c77e419a1ddf980c87c884be6a,14c007beb30a84ab1445fda62fe6b8bb012b481ed12823c102c3e9395845322a,PASS,"Passed individual black-background contact-sheet review; correct product, front-facing presentation, complete compact bracelet/strap, transparent background, and no visible watermark or loose fastening hardware.",higgsfield-primary-render,
WL23,WL23.png,0.780273,0.911458,0.500488,0.500000,1024x1536,RGBA,,True,applied,19,1d833e67e765b577b7e5b34f7f2e86f5d9772b9693408478e6e4c7a320b0da6c,76bc1a020a8923c335ebed39b8ec7755615c0efcdd71b5ef269daad963cbd7b6,PASS,"Passed individual black-background contact-sheet review; correct product, front-facing presentation, complete compact bracelet/strap, transparent background, and no visible watermark or loose fastening hardware.",higgsfield-primary-render,
W243,W243.png,0.780273,0.911458,0.499512,0.500000,1024x1536,RGBA,,True,applied,146,750fd26d7a90bd2d9852bc7532b45f30de88578df0bd7c36a33a1419e2afcc44,7094591315498cbbd2a8e12a7edab90f8a76f2d54a2ec1432e624b3a5e47226b,PASS,"Passed individual black-background contact-sheet review; correct product, front-facing presentation, complete compact bracelet/strap, transparent background, and no visible watermark or loose fastening hardware.",higgsfield-primary-render,
W2281,W2281.png,0.781250,0.908854,0.500000,0.500000,1024x1536,RGBA,,True,applied,236,8436fd5389516ec359bf7fbcdb851946ee91683c014bf4fe690614cc02c4f822,2f2738751691d55cc622791cb988035205c10240ccd96427a0aa3b0c8748111f,PASS,"Passed individual black-background contact-sheet review; correct product, front-facing presentation, complete compact bracelet/strap, transparent background, and no visible watermark or loose fastening hardware.",higgsfield-primary-render,
W248,W248.png,0.780273,0.911458,0.499512,0.500000,1024x1536,RGBA,,True,applied,397,f38fe148dd607002fbcf68cbeb6a808bad32e66b74c57906c32aeed5e3996024,ba27bc3dc7d0a29df5b9a73a7b1d6440ca61503ef5791f483298708e0fa85b5d,PASS,"Passed individual black-background contact-sheet review; correct product, front-facing presentation, complete compact bracelet/strap, transparent background, and no visible watermark or loose fastening hardware.",higgsfield-primary-render,
WWNH82565930,WWNH82565930.png,0.779297,0.911458,0.500000,0.500000,1024x1536,RGBA,,True,applied,362,3f63e57cf819771f4e5393afb5b83e11d88b48108a97517595452955d9565e9c,c2145a1cc38278b50c7403d86986757a505eea1928f47a6674fb9cc580ccfa33,PASS,"Passed individual black-background contact-sheet review; correct product, front-facing presentation, complete compact bracelet/strap, transparent background, and no visible watermark or loose fastening hardware.",higgsfield-primary-render,
W1270,W1270.png,0.780273,0.911458,0.499512,0.500000,1024x1536,RGBA,,True,applied,115,b91402db1a4984d2568f2388fbdf5c46ada5b79d78488f939812982689b24726,a8783864ae65185d9f04f9b01c2934363a44dfa4365e84491a59de173f61a6a7,PASS,"Passed individual black-background contact-sheet review; correct product, front-facing presentation, complete compact bracelet/strap, transparent background, and no visible watermark or loose fastening hardware.",higgsfield-primary-render,
WW701,WW701.png,0.779297,0.911458,0.500000,0.500000,1024x1536,RGBA,,True,applied,82,b5e9749f534f59ba83e8d4da41a19a8a4da80a4f02ef06d201044d8cd60b1ec1,32b8d3a7cabd95dbcb4aadb5631111d5cfd87e8675f22bfc81b30bb5a04b9bf0,PASS,"Passed individual black-background contact-sheet review; correct product, front-facing presentation, complete compact bracelet/strap, transparent background, and no visible watermark or loose fastening hardware.",higgsfield-primary-render,
WW519,WW519.png,0.780273,0.888021,0.499512,0.500000,1024x1536,RGBA,,True,applied,195,6a73f6f3a92fc4b83632513c612098eb2f0c8745a53308c0ae192b95d1ecf492,2318a6dcdc08ab3ca1b513457e09af893f4429631b50d7422d196713c7036e1b,PASS,"Passed individual black-background contact-sheet review; correct product, front-facing presentation, complete compact bracelet/strap, transparent background, and no visible watermark or loose fastening hardware.",higgsfield-primary-render,
WW335,WW335.png,0.780273,0.911458,0.500488,0.500000,1024x1536,RGBA,,True,applied,164,f9e25c5314c66231ae2d8726825769c56052e4756736874245dd226903908adf,43953c6ec7f6774f64509700b5f7803f763a89cafdb1cdddd06e660f5d599c8f,PASS,"Passed individual black-background contact-sheet review; correct product, front-facing presentation, complete compact bracelet/strap, transparent background, and no visible watermark or loose fastening hardware.",higgsfield-primary-render,
W1379,W1379.png,0.779297,0.911458,0.500000,0.500000,1024x1536,RGBA,,True,applied,38,8e6f14319cf8fdab2165d12e8d09efbda1db2a6294e0f3082b5197c90d6266a6,98e64c4d60840d0eb7aa4b0351dd78b7e6bf6d11b4e580c905375aa6ed73fe0d,PASS,"Passed individual black-background contact-sheet review; correct product, front-facing presentation, complete compact bracelet/strap, transparent background, and no visible watermark or loose fastening hardware.",higgsfield-primary-render,
W1279,W1279.png,0.778320,0.911458,0.499512,0.500000,1024x1536,RGBA,,True,applied,109,c3a8de259bdd165ff9f2de619846d6e11b70a4a8b31c6662901831a16fdb8458,404f86f760f7eb92158c6f90e513374e730b5e2323a49a8bc22a6d0fc309f489,PASS,"Passed individual black-background contact-sheet review; correct product, front-facing presentation, complete compact bracelet/strap, transparent background, and no visible watermark or loose fastening hardware.",higgsfield-primary-render,
W249,W249.png,0.781250,0.889974,0.500000,0.500326,1024x1536,RGBA,,True,applied,116,023336e46ad44271ab44ed7c66eb43abcba55b5bf71fdcaef7d749b6a738884b,a001cf9f2ca512934d7f6e8a70ff4775a6e1b50ec56c3acd4b76410e4c1d20f7,PASS,"Passed individual black-background contact-sheet review; correct product, front-facing presentation, complete compact bracelet/strap, transparent background, and no visible watermark or loose fastening hardware.",higgsfield-primary-render,
W236,W236.png,0.780273,0.911458,0.500000,0.500000,1024x1536,RGBA,,True,applied,17,e67af66b3a7e290e422c082c426cac37e04ab8a0c128c1a22a092811816fc260,d2216f7092028a33bbd9682c5effbc58622d668b084c9844c9987090d3773ed3,PASS,"Passed individual black-background contact-sheet review; correct product, front-facing presentation, complete compact bracelet/strap, transparent background, and no visible watermark or loose fastening hardware.",higgsfield-primary-render,
CRH70605732,CRH70605732.png,0.780273,0.856771,0.500488,0.500000,1024x1536,RGBA,,True,applied,333,b192f8a5586e3a4b6580be25b41accc6186c85f73159cf9020d6daf2da82bda9,0809c3fc1ddf42ae2bcf157c4ff99e7e38bd4ed467e2764830a72fd0b39dbb41,PASS,"Passed individual black-background contact-sheet review; correct product, front-facing presentation, complete compact bracelet/strap, transparent background, and no visible watermark or loose fastening hardware.",higgsfield-primary-render,
W1281,W1281.png,0.781250,0.911458,0.500000,0.500000,1024x1536,RGBA,,True,applied,30,fd5b6ccc2ba3b8c3c79768e4d66041780aba6982c5f13b94cd4daf48cb74795c,2235231073f4057198211dae7de0895573bb481f1af4947f2513b1873e4e804e,PASS,"Passed individual black-background contact-sheet review; correct product, front-facing presentation, complete compact bracelet/strap, transparent background, and no visible watermark or loose fastening hardware.",higgsfield-primary-render,
W245,W245.png,0.780273,0.876302,0.499512,0.500000,1024x1536,RGBA,,True,applied,231,28b49892c21feb8ba165bb23d42e13f949454218d8972015666f41754b055a33,cc3ecb94c9bda75e6614cd0b0e0c4be702ae2bd5fa54ac39b5f68b6e59a104c5,PASS,"Passed individual black-background contact-sheet review; correct product, front-facing presentation, complete compact bracelet/strap, transparent background, and no visible watermark or loose fastening hardware.",higgsfield-primary-render,
W1527,W1527.png,0.779297,0.911458,0.500000,0.500000,1024x1536,RGBA,,True,applied,42,14cdab8a5631a962aa0d6a7451c111d7d5a93e83faae7b35897a1b1c06a49877,521614cf95582a0eb5537124711cd519ef674db092a6f441e6c17a7a0b4e0524,PASS,"Passed individual black-background contact-sheet review; correct product, front-facing presentation, complete compact bracelet/strap, transparent background, and no visible watermark or loose fastening hardware.",higgsfield-primary-render,
W1313,W1313.png,0.781250,0.911458,0.500000,0.500000,1024x1536,RGBA,,True,applied,110,08509cab35d3c965cb58114a572c260eb19bd4961009058102b52d1143e87e45,94748df2a1f46451d277483104ae1ea65f796e345206f1978ad1a2153786a1ec,PASS,"Passed individual black-background contact-sheet review; correct product, front-facing presentation, complete compact bracelet/strap, transparent background, and no visible watermark or loose fastening hardware.",higgsfield-primary-render,
W2283,W2283.png,0.780273,0.860677,0.499512,0.500000,1024x1536,RGBA,,True,applied,208,b6a57c5762f50fd0ab7e72bacc4d9d4c44fcf848fb4dda210cf5d2d76c4c4f8a,b279673b2d533a154085352982ed9e429cf933c20b0e8a94ec2c0459b3fd6bee,PASS,"Passed individual black-background contact-sheet review; correct product, front-facing presentation, complete compact bracelet/strap, transparent background, and no visible watermark or loose fastening hardware.",higgsfield-primary-render,
W1427,W1427.png,0.780273,0.911458,0.499512,0.500000,1024x1536,RGBA,,True,applied,101,3dcf81f16c1267b16ec25accea6cfa8161a4d181ad908a9bee17537f6d6a303f,afc52f8c16fe09b5efdaf2aef460398191dc745b3d84a637f8d64157b693997b,PASS,"Passed individual black-background contact-sheet review; correct product, front-facing presentation, complete compact bracelet/strap, transparent background, and no visible watermark or loose fastening hardware.",higgsfield-primary-render,
WL28,WL28.png,0.779297,0.911458,0.500000,0.500000,1024x1536,RGBA,,True,applied,43,ba408558b4ef838608388293e6cec1f5f2574fef12ef465544cc4e5c5565d8c5,fb4214cd7bd727a16eb0eee533c631991e5ff1600b5ff04af2d8a2062a2a0402,PASS,"Passed individual black-background contact-sheet review; correct product, front-facing presentation, complete compact bracelet/strap, transparent background, and no visible watermark or loose fastening hardware.",higgsfield-primary-render,
CRH24411142,CRH24411142.png,0.781250,0.911458,0.500000,0.500000,1024x1536,RGBA,,True,applied,48,affc621bfa791a8d86a53dee1d738fd7d865924b7f3cce26aa2fcb6a61ae7f3a,59c05f0ae18771d3bbae41bfaca94b9dd31e528fd2743eb5f389dc333c2e8408,PASS,"Passed individual black-background contact-sheet review; correct product, front-facing presentation, complete compact bracelet/strap, transparent background, and no visible watermark or loose fastening hardware.",higgsfield-primary-render,
W256,W256.png,0.781250,0.850911,0.500000,0.500326,1024x1536,RGBA,,True,applied,120,ab9b79935b27ae4a5431b09d5ae4978117ca2e90f31ddbcb2e7ae1d15185658a,9ae934266eb2661bfbd95825237fc8fa69445588de8be245d78d0d6af900ad77,PASS,"Passed individual black-background contact-sheet review; correct product, front-facing presentation, complete compact bracelet/strap, transparent background, and no visible watermark or loose fastening hardware.",higgsfield-primary-render,
W1567,W1567.png,0.779297,0.899740,0.500000,0.500000,1024x1536,RGBA,,True,applied,52,e9d5c7b6f3e3cc78a55c9b133baf2fc21b1e2c60dc0ba758cc61d10e051e4bdf,3718e7e75839430be6ace26619925ba33dc6ab32ad6a3ffd8bb0daae4a28fdb0,PASS,"Passed individual black-background contact-sheet review; correct product, front-facing presentation, complete compact bracelet/strap, transparent background, and no visible watermark or loose fastening hardware.",higgsfield-primary-render,
WW783,WW783.png,0.779297,0.911458,0.500000,0.500000,1024x1536,RGBA,,True,applied,15,dc75c38d33cdcda67b6c5fa61b6b99a8cbbf483576c50b8ae64b18dd60b17f39,d459aafd177bfbfd5708266452816d2b8ba344b72a5e94c649aef2a4933dbcb8,PASS,"Passed individual black-background contact-sheet review; correct product, front-facing presentation, complete compact bracelet/strap, transparent background, and no visible watermark or loose fastening hardware.",higgsfield-primary-render,
W2311,W2311.png,0.781250,0.878255,0.500000,0.499674,1024x1536,RGBA,,True,applied,102,cb8471620b2ad8e7f1123c1cce77bee86c32d46640ef711f43b10aad76b85261,43425be2e5fec78e9818721d9539d4821dd0e14944fcf07ebc22b43a39115d8e,PASS,"Passed individual black-background contact-sheet review; correct product, front-facing presentation, complete compact bracelet/strap, transparent background, and no visible watermark or loose fastening hardware.",higgsfield-primary-render,
W1546,W1546.png,0.781250,0.911458,0.500000,0.500000,1024x1536,RGBA,,True,applied,56,792b7760b0247161d996b17e85d1b9ed5f864736c93b179f955a75373b4f0751,fba5ffa0dc6bb0c7b3b6fa76182c8a70642be6b36ea95f52d5b60cd3811ca1ce,PASS,"Passed individual black-background contact-sheet review; correct product, front-facing presentation, complete compact bracelet/strap, transparent background, and no visible watermark or loose fastening hardware.",higgsfield-primary-render,
WW693,WW693.png,0.780273,0.865885,0.499512,0.500000,1024x1536,RGBA,,True,applied,79,f5f4769bdb983b0f045641d392a33a7c3ea33d649ca761143201b732331f7c8d,3be700e9620429ae0a019556cc7203658c2cb7280420be704d9d37c3546d8656,PASS,"Passed individual black-background contact-sheet review; correct product, front-facing presentation, complete compact bracelet/strap, transparent background, and no visible watermark or loose fastening hardware.",higgsfield-primary-render,
W28,W28.png,0.781250,0.911458,0.500000,0.500000,1024x1536,RGBA,,True,skipped-after-visual-retry,,0f780b3da85442508118c2289bab89440e6cba6bb1e49d61153ea1f2e6fc8f99,064d9264048d03e368e2850548a5ee12817c619bdf8f8890b774270a1d7c4e35,PASS,"Full-resolution targeted retry accepted on black: corrected visible hardware, strap tail, protective film, or product identity using the exact SKU reference; source-dial graft deliberately skipped to avoid reintroducing the defect.",higgsfield-targeted-visual-retry,
WL89,WL89.png,0.779297,0.911458,0.500000,0.500000,1024x1536,RGBA,,True,registration-failed,7,910c5efad48d8d5848d895481f84c6433ac5ace1269d6a4e67e3448c0efac2ee,4419159d1ea004598f3048820de3e72f2baa880058e22f5e76bf34315bb9daa1,PASS,"Passed individual black-background contact-sheet review; correct product, front-facing presentation, complete compact bracelet/strap, transparent background, and no visible watermark or loose fastening hardware.",higgsfield-primary-render,
W234,W234.png,0.780273,0.911458,0.499512,0.500000,1024x1536,RGBA,,True,applied,181,98b452f24ae3de730aea293ec11c1f974eccbe0eee59c4f1dbb49df0c04a0664,b057b6e4a305eff3ec7df748cdf0a02ad31fb4733e44a4fa9b9d9c819663eeef,PASS,"Passed individual black-background contact-sheet review; correct product, front-facing presentation, complete compact bracelet/strap, transparent background, and no visible watermark or loose fastening hardware.",higgsfield-primary-render,
W2279,W2279.png,0.780273,0.891927,0.500488,0.500000,1024x1536,RGBA,,True,applied,181,6616c3bb5a7b2d4d8d9963c513d0ab3e9aaddb594061578c3e9534f12815250e,9719c5b28b2533e7d583bf4eda63cef0f724fafa8c5479c4d07fd0624728381d,PASS,"Passed individual black-background contact-sheet review; correct product, front-facing presentation, complete compact bracelet/strap, transparent background, and no visible watermark or loose fastening hardware.",higgsfield-primary-render,
W2277,W2277.png,0.779297,0.911458,0.500000,0.500000,1024x1536,RGBA,,True,applied,378,93a4746f033783d0a56e48df719fd8cdbd5c20dce3841ec670970e0a4a66f8fe,d9c704b74acc2029f1941fdc3fa56d602d3f18b9ad3b6f472c67754e0b12f5b8,PASS,"Passed individual black-background contact-sheet review; correct product, front-facing presentation, complete compact bracelet/strap, transparent background, and no visible watermark or loose fastening hardware.",higgsfield-primary-render,
W233,W233.png,0.780273,0.911458,0.500488,0.500000,1024x1536,RGBA,,True,applied,117,b2680f09703cd887ed60c97b501023531fe5e6caef3fe598f9e46fa21c1daf5d,15a6ae5673c12a4d887719a60bf87eb38623c7e92d216b88bff0cb13b7ce8651,PASS,"Passed individual black-background contact-sheet review; correct product, front-facing presentation, complete compact bracelet/strap, transparent background, and no visible watermark or loose fastening hardware.",higgsfield-primary-render,
WW826,WW826.png,0.780273,0.911458,0.500488,0.500000,1024x1536,RGBA,,True,applied,62,35bce8ad828f0c842a848ca7e082e40b02af28f89d3387cd12f904777581be02,4071446e6e7a2cf14aeeb4bc925a602964b6e14530b1ba306beb47345ad70619,PASS,"Passed individual black-background contact-sheet review; correct product, front-facing presentation, complete compact bracelet/strap, transparent background, and no visible watermark or loose fastening hardware.",higgsfield-primary-render,
WW793,WW793.png,0.781250,0.911458,0.500000,0.500000,1024x1536,RGBA,,True,registration-failed,5,c1bbe7861596045ded1d8391e8046cde3b5bf081ad1342b25ccbdf2450b0957b,e6ea7af1fc58af825942d17258810c1647349adf75e14a8bdf63385aa0e87518,PASS,"Passed individual black-background contact-sheet review; correct product, front-facing presentation, complete compact bracelet/strap, transparent background, and no visible watermark or loose fastening hardware.",higgsfield-primary-render,
W2312,W2312.png,0.780273,0.862630,0.500488,0.499674,1024x1536,RGBA,,True,applied,247,e1e3ddf5af04f829cbb42b86d8a633b9ab4341e2c6505ebe63ce05c3d79e09c1,512aa2dcbdd1d4466a16e4b62b3b90ce7882a6e4ed244435551ff584af160278,PASS,"Passed individual black-background contact-sheet review; correct product, front-facing presentation, complete compact bracelet/strap, transparent background, and no visible watermark or loose fastening hardware.",higgsfield-primary-render,
WW285,WW285.png,0.779297,0.911458,0.500000,0.500000,1024x1536,RGBA,,True,applied,96,4cda6d646ea85a430d97b26e664047ed53e545c8ed5b837ddd7e46c41b1e9bcb,7755cfa4b62c4ede1dc48361dc98a48cc6682a75f5a6d00f299aff7ee51b3fea,PASS,"Passed individual black-background contact-sheet review; correct product, front-facing presentation, complete compact bracelet/strap, transparent background, and no visible watermark or loose fastening hardware.",higgsfield-primary-render,
W2297,W2297.png,0.781250,0.911458,0.500000,0.500000,1024x1536,RGBA,,True,applied,263,d16f7bbb393513a1224696ac4e059118d17c55df448ab9a8d0bc8477fb02e2cc,582b5a712c884e05c6a5de47a8ce7fbec6c1a741bbd137dfbdf6fdbd9d190845,PASS,"Passed individual black-background contact-sheet review; correct product, front-facing presentation, complete compact bracelet/strap, transparent background, and no visible watermark or loose fastening hardware.",higgsfield-primary-render,
CRJY0080-62E,CRJY0080-62E.png,0.779297,0.875000,0.500000,0.500000,1024x1536,RGBA,,True,applied,673,f0981f94cd98549c2ceb3e5917424c5cb1d8a07d3273828ae522910d95792b0b,22d37b814119b3029e6f2e7480998944209d39382cd8699bb35f338b1fda2adb,PASS,"Passed individual black-background contact-sheet review; correct product, front-facing presentation, complete compact bracelet/strap, transparent background, and no visible watermark or loose fastening hardware.",higgsfield-primary-render,
CRT120.410.22.051.01,CRT120.410.22.051.01.png,0.779297,0.873047,0.500000,0.500326,1024x1536,RGBA,,True,applied,183,57ced7d9a97bbf6ac9b11438c2726a231d6629bfa71e3a4fbaea79a9e148108d,b3ec89289472df39eed2b278d296ceb72728ae7b926d0f4c04a719c658c28d42,PASS,"Passed individual black-background contact-sheet review; correct product, front-facing presentation, complete compact bracelet/strap, transparent background, and no visible watermark or loose fastening hardware.",higgsfield-primary-render,
CRH82315931,CRH82315931.png,0.780273,0.911458,0.499512,0.500000,1024x1536,RGBA,,True,skipped-after-visual-retry,,788ab821a9b868fb52b0cd79e72601ea6fb476a29e3393331e920758cea761c5,ce68e7e945fe6d5bdfc75d243dc23b725b71a379ce9c4c89aa3dc8bc664b8a70,PASS,"Full-resolution targeted retry accepted on black: corrected visible hardware, strap tail, protective film, or product identity using the exact SKU reference; source-dial graft deliberately skipped to avoid reintroducing the defect.",higgsfield-targeted-visual-retry,
CRH82305931,CRH82305931.png,0.780273,0.911458,0.499512,0.500000,1024x1536,RGBA,,True,skipped-after-visual-retry,,72cb4d9f32a39919a9dbfc24a2f7308bea14bb49dfc5442b7610f576eadbde6a,b4a6fc6568297956f118cd715d3a4ed30f8ebb6b37d0e32f3d8cbb109718da83,PASS,"Full-resolution targeted retry accepted on black: corrected visible hardware, strap tail, protective film, or product identity using the exact SKU reference; source-dial graft deliberately skipped to avoid reintroducing the defect.",higgsfield-targeted-visual-retry,
CRH24251391,CRH24251391.png,0.780273,0.911458,0.499512,0.500000,1024x1536,RGBA,,True,applied,44,b5d5c199d420e2f0b8e24b235043754166b57666fafc237a2a6565f02c41f5e5,17df976dfcc7fecc993dae45dca954247f0bd91bfcaba9d8a6eb4e81ddcbae1b,PASS,"Passed individual black-background contact-sheet review; correct product, front-facing presentation, complete compact bracelet/strap, transparent background, and no visible watermark or loose fastening hardware.",higgsfield-primary-render,
CRJY8149-05E,CRJY8149-05E.png,0.781250,0.911458,0.500000,0.500000,1024x1536,RGBA,,True,applied,634,8a44d716efeeb0548c7ee1ea42bd5c83cacfddeb30d68c13a92b67dc4ba4338a,5f5b40802e1806a732d00efefcdec88d903eba8ccdaed4d3fa505d142750c90e,PASS,"Passed individual black-background contact-sheet review; correct product, front-facing presentation, complete compact bracelet/strap, transparent background, and no visible watermark or loose fastening hardware.",higgsfield-primary-render,
CRBN2037-11E,CRBN2037-11E.png,0.779297,0.909505,0.500488,0.499674,1024x1536,RGBA,,True,applied,201,b4c63b65746926f891299b3fe047e6afe773973d9f8fabae33dee2ee56d2a21e,df43f15fa16f78f11082f804292d573f58cbaab0af6903e249b93f9b66688b10,PASS,"Passed individual black-background contact-sheet review; correct product, front-facing presentation, complete compact bracelet/strap, transparent background, and no visible watermark or loose fastening hardware.",higgsfield-primary-render,
CRH77612133,CRH77612133.png,0.780273,0.886068,0.500000,0.499674,1024x1536,RGBA,,True,applied,371,a1515381489d80b4f0d423380c645a0465a88d8004ba0b5c018fad9f1a99fc16,9f9f408c29a16dc0acddc4a0f148feec54e7697074c916a7333267ccdabb2447,PASS,"Passed individual black-background contact-sheet review; correct product, front-facing presentation, complete compact bracelet/strap, transparent background, and no visible watermark or loose fastening hardware.",higgsfield-primary-render,
W240,W240.png,0.779297,0.911458,0.500488,0.500000,1024x1536,RGBA,,True,applied,64,30c93472e82a6e57ae0af4bfc91703c1f9cfe1f22ff1031531ed9a94e0e11570,230d613d82a909cf4ab85961795abddfc821b94ada8e74b1d275b2e57771767f,PASS,"Passed individual black-background contact-sheet review; correct product, front-facing presentation, complete compact bracelet/strap, transparent background, and no visible watermark or loose fastening hardware.",higgsfield-primary-render,
W2274,W2274.png,0.779297,0.910807,0.500000,0.500326,1024x1536,RGBA,,True,applied,253,ed67eba7b86c7051ef4ca0156819358ce23b38b510c4aa357fc0e910b544f0bc,e86598a0b5aa4f906585b2bc5bd618733c178bc384d1d7f501ce8c040bc64314,PASS,"Passed individual black-background contact-sheet review; correct product, front-facing presentation, complete compact bracelet/strap, transparent background, and no visible watermark or loose fastening hardware.",higgsfield-primary-render,
CRBJ2105-51E,CRBJ2105-51E.png,0.778320,0.911458,0.500488,0.500000,1024x1536,RGBA,,True,applied,160,bcb35ec089ea09ab165798090a12dcf92d4a74c31db65562630e6ddc355bd745,df1c3bd0c0979b93f24a2857745a55c1a65d8b74a44c8999ca636edf1f26fa13,PASS,"Passed individual black-background contact-sheet review; correct product, front-facing presentation, complete compact bracelet/strap, transparent background, and no visible watermark or loose fastening hardware.",higgsfield-primary-render,
CRBY3006-53E,CRBY3006-53E.png,0.781250,0.856120,0.500000,0.500326,1024x1536,RGBA,,True,applied,660,2e890aa5bc8b1b520b913350b07f3253a1d70ddc43fef9d936b39fbb429d22e4,0b018d77e26861ff3ed6e01839b1dcf1502e342e037874c6708556c5483b5725,PASS,"Passed individual black-background contact-sheet review; correct product, front-facing presentation, complete compact bracelet/strap, transparent background, and no visible watermark or loose fastening hardware.",higgsfield-primary-render,
WW542,WW542.png,0.780273,0.911458,0.500000,0.500000,1024x1536,RGBA,,True,applied,209,9d244e6f933118c35ed85f2ea312978f239dc25255f0afeccdf84dba0bb15123,edb167023f66316fad82f75c705520d3d9575e91de1cfa9d064a727839589e39,PASS,"Passed individual black-background contact-sheet review; correct product, front-facing presentation, complete compact bracelet/strap, transparent background, and no visible watermark or loose fastening hardware.",higgsfield-primary-render,
CRRF1050SUN065P1,CRRF1050SUN065P1.png,0.779297,0.911458,0.500000,0.500000,1024x1536,RGBA,,True,applied,292,bab73a4d9b60ff05185bf57794dcd94123ac74ed6a640d861c7af93e47722865,537c272467c8a497695e22ec6c67a65b83f4ecffb518fc325fb7ca132edafce1,PASS,"Passed individual black-background contact-sheet review; correct product, front-facing presentation, complete compact bracelet/strap, transparent background, and no visible watermark or loose fastening hardware.",higgsfield-primary-render,
CRXS.3590.NSF.SET,CRXS.3590.NSF.SET.png,0.780273,0.911458,0.499512,0.500000,1024x1536,RGBA,,True,applied,437,d5783e1c73cf7c2e25e26b9ae15531fafa415a55371e67163a8f42f19347ba2b,7a80f9c40892265d1ac26ae05978de2cac05caf2c95a3dab86a1445a5c19d46a,PASS,"Passed individual black-background contact-sheet review; correct product, front-facing presentation, complete compact bracelet/strap, transparent background, and no visible watermark or loose fastening hardware.",higgsfield-primary-render,
CR96B251,CR96B251.png,0.781250,0.911458,0.500000,0.500000,1024x1536,RGBA,,True,applied,343,33e3e898cc2b718a973e557852b5c91270db6beca75d24ca9274b3946e65c1c3,e54bbd11d5cd44fea13fa259759f1dd28b0c8cf41eb8c1652883ad2eb429dfd6,PASS,"Passed individual black-background contact-sheet review; correct product, front-facing presentation, complete compact bracelet/strap, transparent background, and no visible watermark or loose fastening hardware.",higgsfield-primary-render,
CRAS4050-51E,CRAS4050-51E.png,0.780273,0.897135,0.500488,0.500000,1024x1536,RGBA,,True,applied,553,6bd90473d73d1c116b089fe5fdccb2a174ea2b6c22eee50b1cd52fc1afb390d4,c65ef37459ab66fa71a98b3cf83b7d4795eff5bc7c5f761ae544fa7b81629afe,PASS,"Passed individual black-background contact-sheet review; correct product, front-facing presentation, complete compact bracelet/strap, transparent background, and no visible watermark or loose fastening hardware.",higgsfield-primary-render,
WW268,WW268.png,0.780273,0.856771,0.499512,0.500000,1024x1536,RGBA,,True,applied,131,d4ed4f945e0446147adbca2fb80eb813b87d73556fa22a4064c7966c86c1d772,46bfe2537cf746d5cb22ed9f60e251ab55bfa5325f0a116d628d8ebbccb62a3a,PASS,"Passed individual black-background contact-sheet review; correct product, front-facing presentation, complete compact bracelet/strap, transparent background, and no visible watermark or loose fastening hardware.",higgsfield-primary-render,
CRCB5009-55E,CRCB5009-55E.png,0.780273,0.894531,0.500488,0.500000,1024x1536,RGBA,,True,applied,693,a4486c027fca1ffb433471780bf3c4795fb4942af6b70d52d2aeb17963421a8f,e5fc7f926831d4b0e846b090411ebe7c16cd5e820d0452abf99108f6f26392c5,PASS,"Passed individual black-background contact-sheet review; correct product, front-facing presentation, complete compact bracelet/strap, transparent background, and no visible watermark or loose fastening hardware.",higgsfield-primary-render,
CRCB5925-82X,CRCB5925-82X.png,0.779297,0.867188,0.500000,0.500000,1024x1536,RGBA,,True,applied,326,888127026363badacab20de0253be866e64925c0bf9c9f865bbff9c9ac7d1549,0da2088e70ae85775dd82d4025ac5d0a9e2f2e59eae506a510727d84969ef487,PASS,"Passed individual black-background contact-sheet review; correct product, front-facing presentation, complete compact bracelet/strap, transparent background, and no visible watermark or loose fastening hardware.",higgsfield-primary-render,
WW600,WW600.png,0.780273,0.911458,0.500488,0.500000,1024x1536,RGBA,,True,applied,37,1795ab9c8948b2890d649fe5aa40a55a42fe3b0fe78793a2b6971e5d11c4ab07,04dadb5a02c8ec79d7d75f974ab6bb96cd01fcf55f550be77132906c341c5366,PASS,"Passed individual black-background contact-sheet review; correct product, front-facing presentation, complete compact bracelet/strap, transparent background, and no visible watermark or loose fastening hardware.",higgsfield-primary-render,
CRT120.210.22.051.01,CRT120.210.22.051.01.png,0.781250,0.901042,0.500000,0.500000,1024x1536,RGBA,,True,applied,128,5b94159ba78e477c51cf2772dea62a8ae9d4d6cbf0c91ed02eb05ad1667a5555,1bdc304853e509544369f75beab1260ba647530e58d57abdacdc899ed84cbafe,PASS,"Passed individual black-background contact-sheet review; correct product, front-facing presentation, complete compact bracelet/strap, transparent background, and no visible watermark or loose fastening hardware.",higgsfield-primary-render,
CRH11411115,CRH11411115.png,0.781250,0.911458,0.500000,0.500000,1024x1536,RGBA,,True,applied,28,5b8c4c5df2b53eff0141cd4a04f5fc3937547cd121fc5a4a31b6eee622bb2245,4336b2fec9ed958d37b8d0b9c23b506425840feda5a1d96b24f17fff74a07f74,PASS,"Passed individual black-background contact-sheet review; correct product, front-facing presentation, complete compact bracelet/strap, transparent background, and no visible watermark or loose fastening hardware.",higgsfield-primary-render,
CRH64455933,CRH64455933.png,0.780273,0.911458,0.499512,0.500000,1024x1536,RGBA,,True,applied,309,a6d41007db0bcd1f746ffc7b3ad8637eb81bfb73ae9fb3b539a939c0db558380,3a9c5a9a023ff8e8fad97a249d6b360057b8c492583dc07dd5a5cba51a0be061,PASS,"Passed individual black-background contact-sheet review; correct product, front-facing presentation, complete compact bracelet/strap, transparent background, and no visible watermark or loose fastening hardware.",higgsfield-primary-render,
CRRF454SSA421J1,CRRF454SSA421J1.png,0.779297,0.911458,0.500000,0.500000,1024x1536,RGBA,,True,applied,163,7468a8427bbf477c66baba1af30696c3cb1fdcf10149ff873b516001c8942474,63d3b2b903011435d007efe370ca1354857a05b174413d91304d3b99fc90e6e9,PASS,"Passed individual black-background contact-sheet review; correct product, front-facing presentation, complete compact bracelet/strap, transparent background, and no visible watermark or loose fastening hardware.",higgsfield-primary-render,
CRBN1024-01E,CRBN1024-01E.png,0.780273,0.911458,0.500488,0.500000,1024x1536,RGBA,,True,applied,327,8ef5025c5734a379a6c846620268e621b253b32865a1ff57351ddfaa12894197,3018fbf402120a9bc5fbb0048ad4e62ee8dc750cdc0c1ac3b4f06b828b02e4b3,PASS,"Passed individual black-background contact-sheet review; correct product, front-facing presentation, complete compact bracelet/strap, transparent background, and no visible watermark or loose fastening hardware.",higgsfield-primary-render,
CRCB5037-17X,CRCB5037-17X.png,0.780273,0.904297,0.500488,0.499674,1024x1536,RGBA,,True,applied,394,003545ee46edd215e11031a87b9f9119270a5ff682a0d794deda57e67a578c5f,0f6f85d98bbdcc72c70c8bb3a93903aa12759403204ce58391b27a93812f2687,PASS,"Passed individual black-background contact-sheet review; correct product, front-facing presentation, complete compact bracelet/strap, transparent background, and no visible watermark or loose fastening hardware.",higgsfield-primary-render,
CRSEL09004W0,CRSEL09004W0.png,0.780273,0.881510,0.499512,0.500000,1024x1536,RGBA,,True,applied,143,23fbdfdf3f96f32efdbf14c7ad0f31e7c0f6d3cad7ccf477cdd3f7e72a32627b,5ec6ffc081de4e2a38e37a40c9336f0cba172a4fc255cb5f063ca2d4ba571d55,PASS,"Passed individual black-background contact-sheet review; correct product, front-facing presentation, complete compact bracelet/strap, transparent background, and no visible watermark or loose fastening hardware.",higgsfield-primary-render,
CRH11221550,CRH11221550.png,0.781250,0.911458,0.500000,0.500000,1024x1536,RGBA,,True,applied,54,921e940c4cad1e917347db01299649f4c2b030674f1ed061377966fc087cbff9,c940c8882c71bd5f2655cb6b12987b85c5044ec60714db2b690289eff90fa94d,PASS,"Passed individual black-background contact-sheet review; correct product, front-facing presentation, complete compact bracelet/strap, transparent background, and no visible watermark or loose fastening hardware.",higgsfield-primary-render,
CRH76512133,CRH76512133.png,0.781250,0.911458,0.500000,0.500000,1024x1536,RGBA,,True,applied,252,7644639bd3acce111396d86c853ef838a1537c03455ea57c07a0d967d13fc2d5,3284e232d3d5e4df49d889062adb3861686b2a66b0db0b035e4050179b0988f5,PASS,"Passed individual black-background contact-sheet review; correct product, front-facing presentation, complete compact bracelet/strap, transparent background, and no visible watermark or loose fastening hardware.",higgsfield-primary-render,
CRBN2036-14E,CRBN2036-14E.png,0.780273,0.903646,0.500488,0.500000,1024x1536,RGBA,,True,applied,378,bf87cca389ede2eed2474acc007a4e29d48a678234907040ba841a0ea0bea4a2,a6183f9500b4e99389aa65f56fb078140273cbaae25bda25a1a91cb06a7d2534,PASS,"Passed individual black-background contact-sheet review; correct product, front-facing presentation, complete compact bracelet/strap, transparent background, and no visible watermark or loose fastening hardware.",higgsfield-primary-render,
CRRA-AA0823L,CRRA-AA0823L.png,0.780273,0.865234,0.499512,0.500326,1024x1536,RGBA,,True,applied,424,833b78c106b87106438239ca9fac15b4f09ce0041e274c3457d91234e2b51565,af68a1a43ca1abb1683a1a67ac96760f2c5dcee3467441f3ba94dd3fe5d9c02f,PASS,"Passed individual black-background contact-sheet review; correct product, front-facing presentation, complete compact bracelet/strap, transparent background, and no visible watermark or loose fastening hardware.",higgsfield-primary-render,
CRSDK05003W,CRSDK05003W.png,0.780273,0.867188,0.499512,0.500000,1024x1536,RGBA,,True,applied,145,d99e8d29056125caf4be0181751f00bc311e96eb1e196993fdeab626b9b36079,c55d34ac0a8acd10403948a7c0f9c57a627f52ec4c3e2c568378175044496917,PASS,"Passed individual black-background contact-sheet review; correct product, front-facing presentation, complete compact bracelet/strap, transparent background, and no visible watermark or loose fastening hardware.",higgsfield-primary-render,
CRXS.3581,CRXS.3581.png,0.780273,0.875000,0.500488,0.500000,1024x1536,RGBA,,True,applied,252,766a7ece6d107886fdcd5adff74af7799ad6e5cf1225728e5a4d5cdb45695a67,16e6291ca11a87a7a2d947645ace6656c73d9e0e22e9ba286858b6cedff6f130,PASS,"Passed individual black-background contact-sheet review; correct product, front-facing presentation, complete compact bracelet/strap, transparent background, and no visible watermark or loose fastening hardware.",higgsfield-primary-render,
CRVIC241916,CRVIC241916.png,0.780273,0.911458,0.499512,0.500000,1024x1536,RGBA,,True,registration-failed,6,e107767b1e6186f76e286bac3d4a672bba1432f108d74842afc76249540eb17f,131fdb87b0149bdf5b7a6322c25b780327ad8c0c10e9e28d0d9deb2458354494,PASS,"Passed individual black-background contact-sheet review; correct product, front-facing presentation, complete compact bracelet/strap, transparent background, and no visible watermark or loose fastening hardware.",higgsfield-primary-render,
CRJR4065-09E,CRJR4065-09E.png,0.780273,0.852214,0.499512,0.499674,1024x1536,RGBA,,True,applied,601,16bdd1b8562df05bfcbd7c0f6143ab8b779a99f309b6bfa9c6579e27d155dc78,68eb241f54cc9f893202d95a856cb3c6c355ab3d5403f944ccc924f806303523,PASS,"Passed individual black-background contact-sheet review; correct product, front-facing presentation, complete compact bracelet/strap, transparent background, and no visible watermark or loose fastening hardware.",higgsfield-primary-render,
CRBN4049-11E,CRBN4049-11E.png,0.780273,0.884766,0.500000,0.500326,1024x1536,RGBA,,True,applied,421,78d24d389269032b0bb031cb7a59c090b84c42454ea5c30684471edbadb59229,12baa74c4100c5ede423a7904290de86ed1c5cd7247bad5cb01b9ad69597d604,PASS,"Passed individual black-background contact-sheet review; correct product, front-facing presentation, complete compact bracelet/strap, transparent background, and no visible watermark or loose fastening hardware.",higgsfield-primary-render,
CR98A304,CR98A304.png,0.779297,0.911458,0.500000,0.500000,1024x1536,RGBA,,True,applied,550,077d70a7af701eefdcfbea35aa6f60701b92817f0d39b2f736e6aecc8249c39c,d35e9b7e70fcade164f233cbd4f5932e07aad0f216e2520533cf1d9e9d4d60ac,PASS,"Passed individual black-background contact-sheet review; correct product, front-facing presentation, complete compact bracelet/strap, transparent background, and no visible watermark or loose fastening hardware.",higgsfield-primary-render,
CRBJ2127-16E,CRBJ2127-16E.png,0.781250,0.911458,0.500000,0.500000,1024x1536,RGBA,,True,applied,451,b002917affe0ac5e8fde075e209e7b2f22f266bcee601a583652e9db0c1b2e05,90396b3d09aa619bd4eb036540e22cd29c3145ba59f59257b363f5cc4602dc10,PASS,"Passed individual black-background contact-sheet review; correct product, front-facing presentation, complete compact bracelet/strap, transparent background, and no visible watermark or loose fastening hardware.",higgsfield-primary-render,
CRSRPF24K1,CRSRPF24K1.png,0.779297,0.899089,0.499512,0.500326,1024x1536,RGBA,,True,skipped-after-visual-retry,,3f375935cdfb80541840c2decbf0cff0c2ca7eefe8a6b1f2606afbc312c8c482,28b9fcb600133bda9a72231d75a20d6f299a1924214841e9025221003db778dd,PASS,"Full-resolution targeted retry accepted on black: corrected visible hardware, strap tail, protective film, or product identity using the exact SKU reference; source-dial graft deliberately skipped to avoid reintroducing the defect.",higgsfield-targeted-visual-retry,
CRSRPF67K1,CRSRPF67K1.png,0.780273,0.858724,0.500488,0.499674,1024x1536,RGBA,,True,skipped-after-visual-retry,,afe8c68a307cf2acaeabf5a5d139c9eb63adaff11d98bb2851e2a194982e86d2,c5a405496856e1c5fa0a4d6e556e3eafe93a9e258508658ebc6e506a9f1bb3ff,PASS,"Full-resolution targeted retry accepted on black: corrected visible hardware, strap tail, protective film, or product identity using the exact SKU reference; source-dial graft deliberately skipped to avoid reintroducing the defect.",higgsfield-targeted-visual-retry,
CR98A283,CR98A283.png,0.780273,0.911458,0.499512,0.500000,1024x1536,RGBA,,True,applied,345,8ee2b87343abeda52caefe1ca3c79871f27f4cefaa20d1bca75e3449d41bcff0,c72831b8797f295921db7334e4829a083fc64922e8f58e4f7df4c6fa8390621a,PASS,"Passed individual black-background contact-sheet review; correct product, front-facing presentation, complete compact bracelet/strap, transparent background, and no visible watermark or loose fastening hardware.",higgsfield-primary-render,
CRCB5034-91W,CRCB5034-91W.png,0.779297,0.888021,0.500000,0.500000,1024x1536,RGBA,,True,applied,465,88ce137ae136bd9ac4d3ac3075d857a11faf214a292505d5296b74d9b0d185ea,309d6f03549012c1d722da962b9bd6b740dea50318197e5bf3723ff0b3318bf4,PASS,"Passed individual black-background contact-sheet review; correct product, front-facing presentation, complete compact bracelet/strap, transparent background, and no visible watermark or loose fastening hardware.",higgsfield-primary-render,
CRSDA02002W,CRSDA02002W.png,0.781250,0.911458,0.500000,0.500000,1024x1536,RGBA,,True,applied,238,4650a773f75ece550223b5dc15e80e5be0ae064cf69670ef74d9f1071ba02386,b8c68fa74cf6d2b99eed6db5b021263eac06da2b7a5bef91a3db7287c3d05e9b,PASS,"Passed individual black-background contact-sheet review; correct product, front-facing presentation, complete compact bracelet/strap, transparent background, and no visible watermark or loose fastening hardware.",higgsfield-primary-render,
CRH82201931,CRH82201931.png,0.781250,0.911458,0.500000,0.500000,1024x1536,RGBA,,True,applied,239,43814e7e4670a80557415586804c71dab7ec0e6b7fff4d5a11df9af8f32ec755,f7c68305f292f79f282b077a1fbd2d6e35813d9bfd615604ed7c9294d9e4e9a7,PASS,"Passed individual black-background contact-sheet review; correct product, front-facing presentation, complete compact bracelet/strap, transparent background, and no visible watermark or loose fastening hardware.",higgsfield-primary-render,
W2295,W2295.png,0.781250,0.911458,0.500000,0.500000,1024x1536,RGBA,,True,registration-failed,6,4ab3ccbbe43a96c8c9f41521ce050455d36f726c8f274f00d60fcf58287d54e8,dd5877994cced8804ea76a1ca19ed1936ad70c4866b3cdf0f4c642bc85bb3ae2,PASS,"Passed individual black-background contact-sheet review; correct product, front-facing presentation, complete compact bracelet/strap, transparent background, and no visible watermark or loose fastening hardware.",higgsfield-primary-render,
CRSRPK65K1,CRSRPK65K1.png,0.780273,0.875651,0.500000,0.499674,1024x1536,RGBA,,True,applied,234,316d978cbe33bb84bf3cc30c5b384c76a574e529b5b7baf94d75f9f3cf3ed4cf,82eeacdba832e0e4fab76896c4e4017b0db00b6241e557b59c86d954a3f9040b,PASS,"Passed individual black-background contact-sheet review; correct product, front-facing presentation, complete compact bracelet/strap, transparent background, and no visible watermark or loose fastening hardware.",higgsfield-primary-render,
CRT129.410.16.053.00~,CRT129.410.16.053.00~.png,0.780273,0.862630,0.500488,0.499674,1024x1536,RGBA,,True,applied,194,b79d6767f4ae9ac38e18f83e7fcc1079f9796d9f85cae30fbc930d2916344ff1,7b623345b8ec69fee9a0913ae567b2f65a8e159297c375c3ab347786403ab0f8,PASS,"Passed individual black-background contact-sheet review; correct product, front-facing presentation, complete compact bracelet/strap, transparent background, and no visible watermark or loose fastening hardware.",higgsfield-primary-render,
W2294,W2294.png,0.780273,0.911458,0.499512,0.500000,1024x1536,RGBA,,True,registration-failed,4,69120281a03602da742642cd0c79c1fec9df7cb873f259295063a62ab80fe5a5,1f867e89a080394a9241de22411ace124e222c77782f951c193797231a280af4,PASS,"Passed individual black-background contact-sheet review; correct product, front-facing presentation, complete compact bracelet/strap, transparent background, and no visible watermark or loose fastening hardware.",higgsfield-primary-render,
W2287,W2287.png,0.780273,0.911458,0.500488,0.500000,1024x1536,RGBA,,True,applied,76,e0a4e95dc8e5cceb812706a6a8dd98c6e4a94226898fdf4f4647582f7163efc7,b169bb7884993c8eddb295ab37aba7508a228d466a85f4fef78f4857881c2a89,PASS,"Passed individual black-background contact-sheet review; correct product, front-facing presentation, complete compact bracelet/strap, transparent background, and no visible watermark or loose fastening hardware.",higgsfield-primary-render,
W2293,W2293.png,0.780273,0.911458,0.500488,0.500000,1024x1536,RGBA,,True,applied,21,2cc1d43195a3852fdc458bddb4ae0536f1bee645c75c52795e2054a7accbb357,b3bfe3765d386d3f93df65d3a47e15be195e81b64813c6e584b99bc01e662406,PASS,"Passed individual black-background contact-sheet review; correct product, front-facing presentation, complete compact bracelet/strap, transparent background, and no visible watermark or loose fastening hardware.",higgsfield-primary-render,
CRSRPF23K1,CRSRPF23K1.png,0.780273,0.836589,0.500000,0.500326,1024x1536,RGBA,,True,skipped-after-visual-retry,,135c39a85d64a99b689268cffe80b41644324d061cd3f5da1000944fd98a1d33,4e16ba1fb35f1c23e8087fbc8c25fe0f175807195c29b6acea34e1b30204dfb1,PASS,"Full-resolution targeted retry accepted on black: corrected visible hardware, strap tail, protective film, or product identity using the exact SKU reference; source-dial graft deliberately skipped to avoid reintroducing the defect.",higgsfield-targeted-visual-retry,bboxH-low
W2296,W2296.png,0.780273,0.911458,0.499512,0.500000,1024x1536,RGBA,,True,registration-failed,0,2d0562773681df67344d6a884cd19340f877e7be747f4b7c033f87d3ac9ae1fa,b56ecdc8872155b300dd14caf98886a98a695637b23ba14ae8f78b2ba49a9769,PASS,"Passed individual black-background contact-sheet review; correct product, front-facing presentation, complete compact bracelet/strap, transparent background, and no visible watermark or loose fastening hardware.",higgsfield-primary-render,
W2292,W2292.png,0.778320,0.911458,0.500488,0.500000,1024x1536,RGBA,,True,applied,20,a7e3a734a8682e55dc38b4ea43e58620d7db3da7114ffe540bc0ade3bccad105,54a06815d7a16cdb91212f0e8300b33ce2f666f32136714044cd4e8231888833,PASS,"Passed individual black-background contact-sheet review; correct product, front-facing presentation, complete compact bracelet/strap, transparent background, and no visible watermark or loose fastening hardware.",higgsfield-primary-render,
CRT122.210.11.033.00~,CRT122.210.11.033.00~.png,0.781250,0.911458,0.500000,0.500000,1024x1536,RGBA,,True,applied,89,d7f0824f314eb904f8a13fd1dc025d89e9759b7fd8fddd1e23110b63ea7442d6,5696eaded060dc388680de85da29cd23a0b34800df9f70246cc1aaa0d074bce7,PASS,"Passed individual black-background contact-sheet review; correct product, front-facing presentation, complete compact bracelet/strap, transparent background, and no visible watermark or loose fastening hardware.",higgsfield-primary-render,
CRVIC241847,CRVIC241847.png,0.780273,0.911458,0.499512,0.500000,1024x1536,RGBA,,True,applied,241,3b1f9b9078f53423f25b348cb5e21a9ddeb465a3af2848db7dd9e94c1df89ea9,664145e130ecf9254c329b60832540ad129e82ac20a1ed4a773aac64250a2d37,PASS,"Passed individual black-background contact-sheet review; correct product, front-facing presentation, complete compact bracelet/strap, transparent background, and no visible watermark or loose fastening hardware.",higgsfield-primary-render,
CRBJ2040-55E,CRBJ2040-55E.png,0.781250,0.856120,0.500000,0.500326,1024x1536,RGBA,,True,applied,190,4df61611a9e2dcecb3f24f4ef3b523725c7876e459b458b2de6b712378f2a037,56eac9c7b5043042716a83ecead0b9adb8ec3a53c48c06c86a6c25fa79a7e731,PASS,"Passed individual black-background contact-sheet review; correct product, front-facing presentation, complete compact bracelet/strap, transparent background, and no visible watermark or loose fastening hardware.",higgsfield-primary-render,
CRGG-1000-1A3,CRGG-1000-1A3.png,0.780273,0.895833,0.499512,0.500000,1024x1536,RGBA,,True,applied,326,df8e1bf5db23f419b26e4c5cae53b079788a037cb84b069afcddd206fb73bcbc,88136d0125ecf1d2440483867968ce131f9fc06be2cd45e1c2f75f99e0143a45,PASS,"Passed individual black-background contact-sheet review; correct product, front-facing presentation, complete compact bracelet/strap, transparent background, and no visible watermark or loose fastening hardware.",higgsfield-primary-render,
CRRA-AC0K05G00B,CRRA-AC0K05G00B.png,0.779297,0.911458,0.499512,0.500000,1024x1536,RGBA,,True,skipped-after-visual-retry,,5bb97654d0c6a6fffb1f84743f334524e6ebb27d9258b4ef0c684fd4cf796c83,5b497d7948aed75ae204662e54c6779f13fdf342a98bc1bad3b9c142c7145797,PASS,"Full-resolution targeted retry accepted on black: corrected visible hardware, strap tail, protective film, or product identity using the exact SKU reference; source-dial graft deliberately skipped to avoid reintroducing the defect.",higgsfield-targeted-visual-retry,
CRBX1010-53E,CRBX1010-53E.png,0.779297,0.911458,0.500000,0.500000,1024x1536,RGBA,,True,applied,380,0328078c7d91a60700c24836b89d8d2157a6747411e44edb5901b2787421c02a,0b410b4ce14273c6cee837fde79c964e9d8331809ba712542a5fa97d1c9a00ba,PASS,"Passed individual black-background contact-sheet review; correct product, front-facing presentation, complete compact bracelet/strap, transparent background, and no visible watermark or loose fastening hardware.",higgsfield-primary-render,
CRAB4010-56E,CRAB4010-56E.png,0.780273,0.896484,0.499512,0.500326,1024x1536,RGBA,,True,applied,337,f5d3912650a72ef5b3d0bad269637894069f5b208e72f15d71513142279024e7,d1db92e6ddbf0b925574836d1c7a38ea04f4d5923dbd7090029371c55ef072cb,PASS,"Passed individual black-background contact-sheet review; correct product, front-facing presentation, complete compact bracelet/strap, transparent background, and no visible watermark or loose fastening hardware.",higgsfield-primary-render,
CRBJ7017-09E,CRBJ7017-09E.png,0.780273,0.911458,0.499512,0.500000,1024x1536,RGBA,,True,applied,468,5abc6066b70813c39efe73543564cf4bbc98322d1e09194083bbecdce6440ada,a0e27d72100826a78b0cb476faca164656c4786b67072fc60ce20ec807679f8b,PASS,"Passed individual black-background contact-sheet review; correct product, front-facing presentation, complete compact bracelet/strap, transparent background, and no visible watermark or loose fastening hardware.",higgsfield-primary-render,
CRSSA317K1,CRSSA317K1.png,0.781250,0.911458,0.500000,0.500000,1024x1536,RGBA,,True,applied,123,cf8ea6cd7b54f1daacc32452a6162451010f5f95208d2acec7e40633652c6866,caad1a2f47ff16285fde0b140d5d745b06c815b495b49b0dac954c1d350cba4a,PASS,"Passed individual black-background contact-sheet review; correct product, front-facing presentation, complete compact bracelet/strap, transparent background, and no visible watermark or loose fastening hardware.",higgsfield-primary-render,
CRBJ7070-57E,CRBJ7070-57E.png,0.780273,0.882161,0.500488,0.499674,1024x1536,RGBA,,True,applied,202,463690a05a0d8ec463e7d8e64abadb2aa96840650793a7cb88bdaf0e2a8c102c,1905f2d5216986be344f68ef5948d43b73cad438fedb568fc5f7aec04d2d08a1,PASS,"Passed individual black-background contact-sheet review; correct product, front-facing presentation, complete compact bracelet/strap, transparent background, and no visible watermark or loose fastening hardware.",higgsfield-primary-render,
CRRA-WK0006S,CRRA-WK0006S.png,0.781250,0.911458,0.500000,0.500000,1024x1536,RGBA,,True,applied,74,3338ff5c107737580569667c5cb3cc526803fd01db23f7f5d8f14ace14717671,ace9a81614256591493678990faacbaea54e89b815fad3cffcb784d07993af6c,PASS,"Passed individual black-background contact-sheet review; correct product, front-facing presentation, complete compact bracelet/strap, transparent background, and no visible watermark or loose fastening hardware.",higgsfield-primary-render,
CRSRP785K1,CRSRP785K1.png,0.780273,0.878255,0.499512,0.499674,1024x1536,RGBA,,True,applied,290,02493654fd8a9e5ac941af189dca67200a23dfc5a48943e8f20be9d278a11e13,6fcc776f32f74b6f96b5fa62b9b75d8816f01ef026aaac8beb77ef24324b511c,PASS,"Passed individual black-background contact-sheet review; correct product, front-facing presentation, complete compact bracelet/strap, transparent background, and no visible watermark or loose fastening hardware.",higgsfield-primary-render,
CRRF70-SRPG61K1,CRRF70-SRPG61K1.png,0.780273,0.911458,0.500488,0.500000,1024x1536,RGBA,,True,skipped-after-visual-retry,,f09a4a20fcc3f8d53e9cf7b15eb5e205d2e50fa76b66d8d835f3e1baa4aa48dc,3651e4a289b2ac16c560b0dd1edd69b89c086f11a36b18c81688b4b0513e9abc,PASS,"Full-resolution targeted retry accepted on black: corrected visible hardware, strap tail, protective film, or product identity using the exact SKU reference; source-dial graft deliberately skipped to avoid reintroducing the defect.",higgsfield-targeted-visual-retry,
WW566,WW566.png,0.780273,0.895182,0.500488,0.499674,1024x1536,RGBA,,True,skipped-after-visual-retry,,076db8ae1c2ea807bfa6c57c097a7c96249150a17c59e6cd02d1678772037464,2feb21fd799d0dcb6b9e7be20a7f9fa9dc4ff7056f7b2c923836cca228a0f67c,PASS,"Full-resolution targeted retry accepted on black: corrected visible hardware, strap tail, protective film, or product identity using the exact SKU reference; source-dial graft deliberately skipped to avoid reintroducing the defect.",higgsfield-targeted-visual-retry,
CR96P245,CR96P245.png,0.780273,0.911458,0.500000,0.500000,1024x1536,RGBA,,True,applied,31,51de5da2f9617e7c95fddf0458116212bc04be84cd1e2addcbc1bcb53b9835f9,fd1b6f289cc4256d04a9cd4e0cec7c81afc3afabcd4c5874bc5c8f288aee1c2a,PASS,"Passed individual black-background contact-sheet review; correct product, front-facing presentation, complete compact bracelet/strap, transparent background, and no visible watermark or loose fastening hardware.",higgsfield-primary-render,
WW953,WW953.png,0.779297,0.891927,0.500000,0.500000,1024x1536,RGBA,,True,applied,12,ae0919e95c21dcbc9d5f7ef6a038a317bd5ff1779f9be2135efb6d17372f5e0f,1029d236654e1ff2c0043741ae0f207c58d854f0991cb35e2c932de2c13524d3,PASS,"Passed individual black-background contact-sheet review; correct product, front-facing presentation, complete compact bracelet/strap, transparent background, and no visible watermark or loose fastening hardware.",higgsfield-primary-render,
WW554,WW554.png,0.780273,0.890625,0.499512,0.500000,1024x1536,RGBA,,True,applied,231,928995f9d2a5a43653a064f29cb0ee7ad2292a034675dd3dfbb488e582acf933,f879903a38dc299a8efedbbb6b7d06e2d077797560f15e4fb2cbb18531df60ef,PASS,"Passed individual black-background contact-sheet review; correct product, front-facing presentation, complete compact bracelet/strap, transparent background, and no visible watermark or loose fastening hardware.",higgsfield-primary-render,
WW952,WW952.png,0.779297,0.911458,0.500000,0.500000,1024x1536,RGBA,,True,applied,43,e49e72e53f542480752c5b7942456f1f305284bde82253e41c81fe819c9d7a21,92bb295cab9f8e01ff8f316dd2160a3e3e763f5cadec5d1c9766c74cd1b85cd6,PASS,"Passed individual black-background contact-sheet review; correct product, front-facing presentation, complete compact bracelet/strap, transparent background, and no visible watermark or loose fastening hardware.",higgsfield-primary-render,
WW950,WW950.png,0.780273,0.868490,0.500488,0.500000,1024x1536,RGBA,,True,applied,189,705a2fb8325535459a6a257013fc1a66be38daed578c018c429fdc28b7561c64,3b1b2dd9b54dbd975aa1d25c3865631002e0fd0b7fe5dc68fbdf053f1b509589,PASS,"Passed individual black-background contact-sheet review; correct product, front-facing presentation, complete compact bracelet/strap, transparent background, and no visible watermark or loose fastening hardware.",higgsfield-primary-render,
CRSRPB91K1,CRSRPB91K1.png,0.780273,0.861979,0.499512,0.500000,1024x1536,RGBA,,True,applied,214,54832b7ad62da936f5ade559c17c0985d8f3401e75419454ac58e42bbb04a785,aa2fbffe9556a7ea7cbdd3963268ddcaaecc4060fc29103a22e95a6a9ff881d2,PASS,"Passed individual black-background contact-sheet review; correct product, front-facing presentation, complete compact bracelet/strap, transparent background, and no visible watermark or loose fastening hardware.",higgsfield-primary-render,
CRSRPB83K1,CRSRPB83K1.png,0.779297,0.906250,0.500000,0.500000,1024x1536,RGBA,,True,applied,213,844c5c77d35325d2275b1e8b8df0c18c491c5a7df7ca81d1776ceaf68a5bf516,878c7fcc9510d52c862c6518c77e71d5981d1f87ac326fb80f58bed6f0840106,PASS,"Passed individual black-background contact-sheet review; correct product, front-facing presentation, complete compact bracelet/strap, transparent background, and no visible watermark or loose fastening hardware.",higgsfield-primary-render,
CRSRPB93K1,CRSRPB93K1.png,0.780273,0.851562,0.500488,0.500000,1024x1536,RGBA,,True,applied,168,0538d920ded612eb6ba9f564a0003b9fab662e53dc559e10ced7d46e66344d4f,068457f27ec23e39f65246e52f48767438331447de592045839505a017904824,PASS,"Passed individual black-background contact-sheet review; correct product, front-facing presentation, complete compact bracelet/strap, transparent background, and no visible watermark or loose fastening hardware.",higgsfield-primary-render,
CRF20671-1,CRF20671-1.png,0.780273,0.882161,0.500488,0.499674,1024x1536,RGBA,,True,applied,363,2974cbbf1b519f191148019c625f62e99727985a05e14b17b1232f583708e5aa,2dcedf3d22644c250b5a6a39060f4012184e931fe7bccfa86cb884e395866094,PASS,"Passed individual black-background contact-sheet review; correct product, front-facing presentation, complete compact bracelet/strap, transparent background, and no visible watermark or loose fastening hardware.",higgsfield-primary-render,
CRSRPB89K1,CRSRPB89K1.png,0.779297,0.854167,0.500000,0.500000,1024x1536,RGBA,,True,applied,212,c9c692feb3e206f1e66f5f259f05ef7e333b3a290b4eafeae054f6f76cea1faf,c8a22b50ea560e6b6c55bc2e4e6f0b9d1bb06629b4d0ac9d3bdf0b4beef66d3a,PASS,"Passed individual black-background contact-sheet review; correct product, front-facing presentation, complete compact bracelet/strap, transparent background, and no visible watermark or loose fastening hardware.",higgsfield-primary-render,
WW791,WW791.png,0.779297,0.911458,0.500000,0.500000,1024x1536,RGBA,,True,registration-failed,5,fcb73ea5d6ea4c98ba6a586b557c6b3e69023ba286160fabeeff5f0576e0438c,7a65b0dc273162491deecf71059ca8604051efaeece6e604d76c3a00c841b477,PASS,"Passed individual black-background contact-sheet review; correct product, front-facing presentation, complete compact bracelet/strap, transparent background, and no visible watermark or loose fastening hardware.",higgsfield-primary-render,
CRBN0100-42E,CRBN0100-42E.png,0.780273,0.911458,0.500488,0.500000,1024x1536,RGBA,,True,applied,318,73b2b8f99003e4c83ca8a9a2491d2c03caf20c8613171b030adbaa69e2b9bffa,d9f7dc7090682c5e36a15a0cc223a2ce8b3dfcf7b4aece6cd1a9ed791a6f9660,PASS,"Passed individual black-background contact-sheet review; correct product, front-facing presentation, complete compact bracelet/strap, transparent background, and no visible watermark or loose fastening hardware.",higgsfield-primary-render,
CRSRP219J1,CRSRP219J1.png,0.780273,0.911458,0.500488,0.500000,1024x1536,RGBA,,True,applied,275,2a89fe1072d7980553f180370c69d9cb4e82be1a00cc47cac4ae5c5943979f75,9e189e9098510cf77aaecd5ab78bbdf8e59f90db19176876b2d7364a0bba319d,PASS,"Passed individual black-background contact-sheet review; correct product, front-facing presentation, complete compact bracelet/strap, transparent background, and no visible watermark or loose fastening hardware.",higgsfield-primary-render,
CRSRPB86K1.G,CRSRPB86K1.G.png,0.780273,0.906901,0.499512,0.499674,1024x1536,RGBA,,True,applied,245,8af9c043876a557eed11a06d8ad942eb3eecec4a0f3ebacafc6f1246094cc751,3d9427464bb56d8f2be3fc6dc4370128549377b4a54bbc3ed29ffd362b0b9bea,PASS,"Passed individual black-background contact-sheet review; correct product, front-facing presentation, complete compact bracelet/strap, transparent background, and no visible watermark or loose fastening hardware.",higgsfield-primary-render,
CREFR-S108D-7A,CREFR-S108D-7A.png,0.779297,0.897135,0.500000,0.500000,1024x1536,RGBA,,True,applied,138,f5b02205ff3f9cb68b8ea14b17f31b2c27a32a4dd6f8f69ed37ece5691fe188c,acc242c1c9b9a9e35526a58b09407255f43c87b9f9e8a4c68e23d30144384224,PASS,"Passed individual black-background contact-sheet review; correct product, front-facing presentation, complete compact bracelet/strap, transparent background, and no visible watermark or loose fastening hardware.",higgsfield-primary-render,
CRSRPB79K1,CRSRPB79K1.png,0.780273,0.911458,0.499512,0.500000,1024x1536,RGBA,,True,applied,355,f1e5534fae0dd2e39504158ba0a76a3ea93f91dca7ab5c58b2cb553587f010fe,a932299fdd6a2c5e374c04d1533b141ef47f3a87db977533c35a310d4e9f6f1a,PASS,"Passed individual black-background contact-sheet review; correct product, front-facing presentation, complete compact bracelet/strap, transparent background, and no visible watermark or loose fastening hardware.",higgsfield-primary-render,
CRSRPB81K1,CRSRPB81K1.png,0.780273,0.911458,0.499512,0.500000,1024x1536,RGBA,,True,applied,272,7b357ce2c5c9a09649d21aef19941659dcfc9236186461e165199bcd84d6a252,489170f358f826e28591a19bbd6411ffd3c93815de8c5d35a38208663a69e7b6,PASS,"Passed individual black-background contact-sheet review; correct product, front-facing presentation, complete compact bracelet/strap, transparent background, and no visible watermark or loose fastening hardware.",higgsfield-primary-render,
CRECB-10D-2A,CRECB-10D-2A.png,0.780273,0.906901,0.500488,0.500326,1024x1536,RGBA,,True,applied,220,e8fdbccb5fdd922b1b18cb3a85ca866acab16602b6fe3de056c6e8d50c647b45,471b5eddbc33ed5af67dbc68cb1b9434f165fd9c4f9e9a02225a558dc9914b0b,PASS,"Passed individual black-background contact-sheet review; correct product, front-facing presentation, complete compact bracelet/strap, transparent background, and no visible watermark or loose fastening hardware.",higgsfield-primary-render,
CRF20463-2,CRF20463-2.png,0.781250,0.865885,0.500000,0.500000,1024x1536,RGBA,,True,applied,381,06b5c47f259115cfe3f180985bca988f14d3d5eceea6afcd3fd1a94e9af8f620,7a6ad179844548c0bbffb83d9b0aa9961fecfd803eb7a2970228d7c43c03b631,PASS,"Passed individual black-background contact-sheet review; correct product, front-facing presentation, complete compact bracelet/strap, transparent background, and no visible watermark or loose fastening hardware.",higgsfield-primary-render,
WW790,WW790.png,0.779297,0.911458,0.500000,0.500000,1024x1536,RGBA,,True,registration-failed,7,98337a9cfa8bf1fc5e7daa22fc6abc67f41ab5da653286733ece94d901cdd765,cf0a9031c25f4286f628a03f72bda29297012860ab0d81dfbf500a762d08d362,PASS,"Passed individual black-background contact-sheet review; correct product, front-facing presentation, complete compact bracelet/strap, transparent background, and no visible watermark or loose fastening hardware.",higgsfield-primary-render,
WW774,WW774.png,0.780273,0.911458,0.500488,0.500000,1024x1536,RGBA,,True,applied,35,dcca70bc71b410341a7179ae09ce2fbd29fd6fb0fc096aa81239faaeadd024d5,2ad80c7ea1f512f827c1fcb5f6a40dd5d71192ab79abc460f5ca9033a7f4d5a5,PASS,"Passed individual black-background contact-sheet review; correct product, front-facing presentation, complete compact bracelet/strap, transparent background, and no visible watermark or loose fastening hardware.",higgsfield-primary-render,
CREFR-S108D-1A,CREFR-S108D-1A.png,0.780273,0.891276,0.500488,0.500326,1024x1536,RGBA,,True,applied,117,7d7a7033a9d7c1250ac9495ef7cbc43ab87b7de6f0667d6b9f448c9ae591418d,97e99e49a96aa25f6d34b0e0ba49e882546548bd034d689ba9e058e3ac63bf0f,PASS,"Passed individual black-background contact-sheet review; correct product, front-facing presentation, complete compact bracelet/strap, transparent background, and no visible watermark or loose fastening hardware.",higgsfield-primary-render,
CREFR-S108D-3A,CREFR-S108D-3A.png,0.779297,0.911458,0.500000,0.500000,1024x1536,RGBA,,True,applied,148,33310a5228f6ad1c1bc3b6ab2fdfb5fcb047c80601503fa4b29a1cbbce794d1f,ff40bd0bf241c0ed2d8263bb2c43626016ccd23575ce9b4a9a81a09835e26b73,PASS,"Passed individual black-background contact-sheet review; correct product, front-facing presentation, complete compact bracelet/strap, transparent background, and no visible watermark or loose fastening hardware.",higgsfield-primary-render,
CRCEM75001BR,CRCEM75001BR.png,0.781250,0.911458,0.500000,0.500000,1024x1536,RGBA,,True,applied,178,f8e9e4baf87777e72478d9526ecbc147157e3bc9955d20e15af259d805f1505e,811e8aa3fb3749acb8cfa387452f128a478b3a0677ca913120703d42aaf16c2a,PASS,"Passed individual black-background contact-sheet review; correct product, front-facing presentation, complete compact bracelet/strap, transparent background, and no visible watermark or loose fastening hardware.",higgsfield-primary-render,
CRPRJ-B001-5,CRPRJ-B001-5.png,0.779297,0.903646,0.499512,0.500000,1024x1536,RGBA,,True,applied,109,27e7f44d65cb4d7f282cff9af082adee3b43ddb63616a54b906bc02ca17bf2a9,e02e5e55b4d98f33f290dfe048d4eece02af7803e48e75705fb41845b384a49f,PASS,"Passed individual black-background contact-sheet review; correct product, front-facing presentation, complete compact bracelet/strap, transparent background, and no visible watermark or loose fastening hardware.",higgsfield-primary-render,
E79767927295,E79767927295.png,0.780273,0.873047,0.499512,0.500326,1024x1536,RGBA,,True,applied,332,f320871ad6fdcb1901939f0d710ce1287150dba51b0e1ce9b6a4893153ac084d,b0c48385e51d6b626d6a399127fca5040f0b873dcfbfaf77bd0aed0dac4ce7c6,PASS,"Passed individual black-background contact-sheet review; correct product, front-facing presentation, complete compact bracelet/strap, transparent background, and no visible watermark or loose fastening hardware.",higgsfield-primary-render,
CRRF600SNKK98K1,CRRF600SNKK98K1.png,0.779297,0.911458,0.500000,0.500000,1024x1536,RGBA,,True,applied,35,d62d92cc0be26e9a38314c85d848d025fb9f061ce4a7168dc7f9b89634417186,ddb45708a45bdf2903992eea4e0edc4ca290cb1cce6178fa9b88e0d194a67691,PASS,"Passed individual black-background contact-sheet review; correct product, front-facing presentation, complete compact bracelet/strap, transparent background, and no visible watermark or loose fastening hardware.",higgsfield-primary-render,
CRRF410SNKL28K1,CRRF410SNKL28K1.png,0.780273,0.911458,0.500488,0.500000,1024x1536,RGBA,,True,registration-failed,10,748f3630a9fe7582319137201aa2dcc6282a12a8cde610a8cf025655b588d3a7,dbca800b57a440ab5b166d7ba6811bc8b56897bccc3268641d3f0b2e0508b363,PASS,"Passed individual black-background contact-sheet review; correct product, front-facing presentation, complete compact bracelet/strap, transparent background, and no visible watermark or loose fastening hardware.",higgsfield-primary-render,
CRSRPA93J1,CRSRPA93J1.png,0.780273,0.820964,0.499512,0.499674,1024x1536,RGBA,,True,skipped-after-visual-retry,,04bb0f8214677d6dc9dd396fdc151ad2dad98af16d259cdbd5862d2002d021c9,f5a992979fa410e8f6b2af29455d354fff81d589134386d0f604b3f6b5cb4be4,PASS,"Full-resolution targeted retry accepted on black: corrected visible hardware, strap tail, protective film, or product identity using the exact SKU reference; source-dial graft deliberately skipped to avoid reintroducing the defect.",higgsfield-targeted-visual-retry,bboxH-low
CRU864,CRU864.png,0.780273,0.908854,0.500488,0.500000,1024x1536,RGBA,,True,applied,260,2edfa15532fdf1527981e00bf7428896c81fb323832d5a5a4e47fdae570ad5bc,2026ab97fe505f6d26f3fa50c2a82b19754c688f80f5468a82d63f059e899dff,PASS,"Passed individual black-background contact-sheet review; correct product, front-facing presentation, complete compact bracelet/strap, transparent background, and no visible watermark or loose fastening hardware.",higgsfield-primary-render,
CRGM-5600GC-1,CRGM-5600GC-1.png,0.779297,0.909505,0.500000,0.500326,1024x1536,RGBA,,True,applied,235,4e0af1e8b00f678c9658a233f8086121aa1c71dd4b7e24337e0529686d6b3879,35c1c96078e071fccdb2b3671e0fc65072d662d8585d2898005b66d168fe807d,PASS,"Passed individual black-background contact-sheet review; correct product, front-facing presentation, complete compact bracelet/strap, transparent background, and no visible watermark or loose fastening hardware.",higgsfield-primary-render,
CRAV-4011-0C,CRAV-4011-0C.png,0.779297,0.885417,0.500000,0.500000,1024x1536,RGBA,,True,applied,265,c9ab1f10cc2ca67ea977074853ef0c476ea2560e58d4378779258249ea855881,ee8a32c8a817a13e0133a19919f912aa4e1e6beabc2821a5171ea05274cdfb29,PASS,"Passed individual black-background contact-sheet review; correct product, front-facing presentation, complete compact bracelet/strap, transparent background, and no visible watermark or loose fastening hardware.",higgsfield-primary-render,
CRRF1730SNZG13J1,CRRF1730SNZG13J1.png,0.780273,0.902995,0.500488,0.500326,1024x1536,RGBA,,True,applied,300,425b0d5ec86caeff087135a878f87a9e575c6ac2fca0cfe00e0720a67a8ad1d4,74b5079406286ce2d5467cfdc846c2344d1908e1ac65fa47b329f37a8d67d4d6,PASS,"Passed individual black-background contact-sheet review; correct product, front-facing presentation, complete compact bracelet/strap, transparent background, and no visible watermark or loose fastening hardware.",higgsfield-primary-render,
CRRF1688SNKL57K1,CRRF1688SNKL57K1.png,0.780273,0.911458,0.500488,0.500000,1024x1536,RGBA,,True,applied,145,c4ab0f740cce8f5dd908930f3d89da39a8fee280a74d1cd36e814d6e93497328,52e8739ce2e34bec01a7c8f4007b82f955758e111d299d46d3e6e283a4850a6a,PASS,"Passed individual black-background contact-sheet review; correct product, front-facing presentation, complete compact bracelet/strap, transparent background, and no visible watermark or loose fastening hardware.",higgsfield-primary-render,
CRRF1613SNXS79J1,CRRF1613SNXS79J1.png,0.780273,0.911458,0.499512,0.500000,1024x1536,RGBA,,True,applied,100,9f8338fb3f58297ef1f5eb5ea0da6decd08a50614353967bee9b3578a0761459,0f8c521286bb84057c3adb20ff35b32a486324c81ad70abbefb52a0d4bb776f3,PASS,"Passed individual black-background contact-sheet review; correct product, front-facing presentation, complete compact bracelet/strap, transparent background, and no visible watermark or loose fastening hardware.",higgsfield-primary-render,
CRRF1292SNXS80K1,CRRF1292SNXS80K1.png,0.780273,0.911458,0.500000,0.500000,1024x1536,RGBA,,True,skipped-after-visual-artifact,,03da79b4e9aee5afb266b39e4355679c7faf46a001b50f3f15d98b8a66594b5b,df329b0edcb23ff7e50482ebff6e6504487b7d4376597bb5e66c89f82d8ba426,PASS,Visual QA found a false-positive projective dial graft; retained the clean generated render without the graft.,normalize-clean-higgsfield-raw-without-dial-graft,
CRRF1136SNKN55J1,CRRF1136SNKN55J1.png,0.781250,0.873047,0.500000,0.500326,1024x1536,RGBA,,True,applied,164,9d338c4d05aa12dc624188e5a3c9467d60d5acca32903da3f7cb37c3c10ea556,79b67627cf284117409215a38d34de1aa0acb487cacd78e3312f2b907e6206fe,PASS,"Passed individual black-background contact-sheet review; correct product, front-facing presentation, complete compact bracelet/strap, transparent background, and no visible watermark or loose fastening hardware.",higgsfield-primary-render,
CRFAC00007W0,CRFAC00007W0.png,0.780273,0.911458,0.500488,0.500000,1024x1536,RGBA,,True,applied,95,e5b48cc5cbffce542a9c4458081d0ed8064908586e2a7bbee0f681faca26da94,2f2d0b4097953fda6e71dab06432581388ed7524a60e8e14c5d794931dfae3ac,PASS,"Passed individual black-background contact-sheet review; correct product, front-facing presentation, complete compact bracelet/strap, transparent background, and no visible watermark or loose fastening hardware.",higgsfield-primary-render,
CRSRP635K1,CRSRP635K1.png,0.780273,0.867188,0.500488,0.500000,1024x1536,RGBA,,True,applied,205,a9c95d5d636fc44ee4b7ae6cf7f6249fc9993af5e8a5bd4033f47a1f143ee74b,50534aed8e8a17730259c1c9ad83a3e991fba107c07def5c1e388ce41bf21002,PASS,"Passed individual black-background contact-sheet review; correct product, front-facing presentation, complete compact bracelet/strap, transparent background, and no visible watermark or loose fastening hardware.",higgsfield-primary-render,
CRRF1527SNKL86K1,CRRF1527SNKL86K1.png,0.779297,0.911458,0.500000,0.500000,1024x1536,RGBA,,True,registration-failed,10,8ebea46841053360a1ffe56f879b85ffac7ea9f61d79178cccf09a74dd4571e8,e48270dca202a3a1db59b1b013d7c81d63767122de9a8b6ea7cec83f456a3bab,PASS,"Passed individual black-background contact-sheet review; correct product, front-facing presentation, complete compact bracelet/strap, transparent background, and no visible watermark or loose fastening hardware.",higgsfield-primary-render,
CRRF1122SNK366K1,CRRF1122SNK366K1.png,0.780273,0.911458,0.499512,0.500000,1024x1536,RGBA,,True,applied,31,a220b3f0af23132ab3b27b012a8cace61e44e9955ea64a1868623e8a62c4cac0,59a27f2280bd56610c557b55fa845371e19c6d8be0bc895773f078868d858ab2,PASS,"Passed individual black-background contact-sheet review; correct product, front-facing presentation, complete compact bracelet/strap, transparent background, and no visible watermark or loose fastening hardware.",higgsfield-primary-render,
CRRF209-SNKK84K1,CRRF209-SNKK84K1.png,0.780273,0.911458,0.500000,0.500000,1024x1536,RGBA,,True,applied,76,f5571465d3f5cb631475e7a79b7a479490618e088cd2a6d2c55e8c011ee749f2,8a9a7fb60af0e322a75031918b29d047b3de722de8ba20ff0b95d4f7f1feefc6,PASS,"Passed individual black-background contact-sheet review; correct product, front-facing presentation, complete compact bracelet/strap, transparent background, and no visible watermark or loose fastening hardware.",higgsfield-primary-render,
CREQS-940NL-1A,CREQS-940NL-1A.png,0.780273,0.876953,0.500488,0.499674,1024x1536,RGBA,,True,applied,323,e2ec52cf03d1c3c6584568e35b5f44faeb005098ee3f03869df4f64d41244f9a,459816788d2e4375d775a4617e0b737dcb097162c74503c20d4852d802fc468d,PASS,"Passed individual black-background contact-sheet review; correct product, front-facing presentation, complete compact bracelet/strap, transparent background, and no visible watermark or loose fastening hardware.",higgsfield-primary-render,
CRGA-2100-7A7,CRGA-2100-7A7.png,0.780273,0.876953,0.500488,0.500326,1024x1536,RGBA,,True,applied,61,da1b37f9885ca45d314f9a2a5ba2e269c92eff3ac604a4cea144221df7caf06b,2d3f79986baebddbc82106d1ac4588670d4d685eaf92d07e179cca66097fe8dc,PASS,"Passed individual black-background contact-sheet review; correct product, front-facing presentation, complete compact bracelet/strap, transparent background, and no visible watermark or loose fastening hardware.",higgsfield-primary-render,
CRRF1728SNK567J1,CRRF1728SNK567J1.png,0.779297,0.911458,0.500000,0.500000,1024x1536,RGBA,,True,applied,191,88cd818d58782834c7f0b96392186498c1de299a2cbd4f75e53eb6d06147b98c,adbffd07a79df4472085eeb1d027d2fc584c261372291c35dd5f3822f3fd2a6b,PASS,"Passed individual black-background contact-sheet review; correct product, front-facing presentation, complete compact bracelet/strap, transparent background, and no visible watermark or loose fastening hardware.",higgsfield-primary-render,
CRRF1725SNKE01K1,CRRF1725SNKE01K1.png,0.781250,0.911458,0.500000,0.500000,1024x1536,RGBA,,True,applied,217,2a118aa723995895efcf55a896d9712e3f637f58eaf26224ecb1701cbb6ba7e4,95fdbbb660042bdf9e3868dc044759daa4342cc86bc4a6098a8f098df9efa758,PASS,"Passed individual black-background contact-sheet review; correct product, front-facing presentation, complete compact bracelet/strap, transparent background, and no visible watermark or loose fastening hardware.",higgsfield-primary-render,
CRRF1670SNKC51J1,CRRF1670SNKC51J1.png,0.778320,0.911458,0.500000,0.500000,1024x1536,RGBA,,True,applied,153,6ab78d745dd455fc5245dfd3e86b63af542c4e3c2c68ac63f7087216863adf0a,5bd9fb0f205126fd86033e4b69e790c61d0ecd633ad7dcd7548d7e6178a12de5,PASS,"Passed individual black-background contact-sheet review; correct product, front-facing presentation, complete compact bracelet/strap, transparent background, and no visible watermark or loose fastening hardware.",higgsfield-primary-render,
CRRF1598SNKE57J1,CRRF1598SNKE57J1.png,0.781250,0.911458,0.500000,0.500000,1024x1536,RGBA,,True,applied,172,2ede36c1ef955415c797437fe12350281066a57a0e44a21da819e0ddc8aead74,9736339005a7f6196f1378f4e8aacda59aec2f065fc13ddb70ed1bdadc6d66a5,PASS,"Passed individual black-background contact-sheet review; correct product, front-facing presentation, complete compact bracelet/strap, transparent background, and no visible watermark or loose fastening hardware.",higgsfield-primary-render,
CRRF1533SNKD99K1,CRRF1533SNKD99K1.png,0.780273,0.911458,0.500000,0.500000,1024x1536,RGBA,,True,applied,179,23ec8b945cc1e149572e1f88165b930045f73ad4e9cac785b2e78455895b4b75,581de074464687eb5334e5667cc25744251e52d7326a9b3722c5b74766ff5822,PASS,"Passed individual black-background contact-sheet review; correct product, front-facing presentation, complete compact bracelet/strap, transparent background, and no visible watermark or loose fastening hardware.",higgsfield-primary-render,
CRRF701SNK563J1,CRRF701SNK563J1.png,0.779297,0.911458,0.500000,0.500000,1024x1536,RGBA,,True,applied,219,0f79250694015917c924d021fa63824d921ff7128c7490eb8a76ea43d1322379,6843ad3d86360580ac097d3bcd88d652766e12cc578d8a2c2103b7dcd40a954f,PASS,"Passed individual black-background contact-sheet review; correct product, front-facing presentation, complete compact bracelet/strap, transparent background, and no visible watermark or loose fastening hardware.",higgsfield-primary-render,
CRRF446SNK375J1,CRRF446SNK375J1.png,0.780273,0.911458,0.500488,0.500000,1024x1536,RGBA,,True,applied,208,65b1f5f6e2343f514753dbf82ee50b7f69061c0ee411ef82553bbf6387ac97d7,1954851c751a2e83ab82a9552721acf6786b1e9ecc1736a50b3a342cd7a6320e,PASS,"Passed individual black-background contact-sheet review; correct product, front-facing presentation, complete compact bracelet/strap, transparent background, and no visible watermark or loose fastening hardware.",higgsfield-primary-render,
CRU579,CRU579.png,0.779297,0.886068,0.500488,0.499674,1024x1536,RGBA,,True,skipped-after-visual-artifact,,7c29003ccf3c273d97fb7ecfe2cdea8dd2bb5288c949bbdc316348c3712752a4,16c4d69648b98130e9bf40ca7f0d6e2cff81acb6dff02d263bf93b4d2ae52ec3,PASS,Visual QA found a false-positive projective dial graft; retained the clean generated render without the graft.,normalize-clean-higgsfield-raw-without-dial-graft,
CRSNKC51J1,CRSNKC51J1.png,0.779297,0.911458,0.500000,0.500000,1024x1536,RGBA,,True,applied,151,6ab78d745dd455fc5245dfd3e86b63af542c4e3c2c68ac63f7087216863adf0a,9728ab54db66d10eb9cb806bae3778b0b224e7f7f4b9903dcf0079e3fc403081,PASS,"Passed individual black-background contact-sheet review; correct product, front-facing presentation, complete compact bracelet/strap, transparent background, and no visible watermark or loose fastening hardware.",higgsfield-primary-render,
CRU578,CRU578.png,0.780273,0.911458,0.500488,0.500000,1024x1536,RGBA,,True,skipped-after-visual-artifact,,7d26469bcf4e0802fd668afb8a1016a2a8cd051dc302571042195d4d604e94e2,c0f69763f63121f6c24fafb38bd4ad6ca3806e71ba3ece26a9cfefd147244559,PASS,Visual QA found a false-positive projective dial graft; retained the clean generated render without the graft.,normalize-clean-higgsfield-raw-without-dial-graft,
CRRF1683SNXS79K1,CRRF1683SNXS79K1.png,0.779297,0.911458,0.500488,0.500000,1024x1536,RGBA,,True,applied,104,1d35470cde3cf1bfa284eb7a4399308eb98758a6ec9310239ec5a14c83a788c2,20b24e153213a0db9f91f6217dd04ffb69a3c13883550118bba3ced949b8db5c,PASS,"Passed individual black-background contact-sheet review; correct product, front-facing presentation, complete compact bracelet/strap, transparent background, and no visible watermark or loose fastening hardware.",higgsfield-primary-render,
CRRF1004NR1Q003W0,CRRF1004NR1Q003W0.png,0.780273,0.911458,0.499512,0.500000,1024x1536,RGBA,,True,applied,72,63ed20db16e421bde7582406bac789a8fbe45f45a57e9c1eb0322e084d278662,987458c6c0ed6f903e8720bdfdd50df12015b7d305c8c3900e69dcc107f4e53a,PASS,"Passed individual black-background contact-sheet review; correct product, front-facing presentation, complete compact bracelet/strap, transparent background, and no visible watermark or loose fastening hardware.",higgsfield-primary-render,
WW610,WW610.png,0.780273,0.911458,0.499512,0.500000,1024x1536,RGBA,,True,applied,301,03a536295dfd272d7bff8791a2532eb42eee75b4cd8d20160d59f5bb83eaf9eb,0717bfc7e4a31b47e546be3f68dee3fc9e493842efdf86d3c681e44089131642,PASS,"Passed individual black-background contact-sheet review; correct product, front-facing presentation, complete compact bracelet/strap, transparent background, and no visible watermark or loose fastening hardware.",higgsfield-primary-render,
CRR3253518513,CRR3253518513.png,0.780273,0.911458,0.499512,0.500000,1024x1536,RGBA,,True,applied,62,7dde403b893ce419bdbef4ce988415d48b976ae23929839611072267249d4008,33ba9cc2db0c5da4f1715fbbd4d04bb32d44082b9f7aabec55e6d6df91973ced,PASS,"Passed individual black-background contact-sheet review; correct product, front-facing presentation, complete compact bracelet/strap, transparent background, and no visible watermark or loose fastening hardware.",higgsfield-primary-render,
CRRF1558SNKK94K1,CRRF1558SNKK94K1.png,0.779297,0.911458,0.500000,0.500000,1024x1536,RGBA,,True,applied,17,753bbc6a5c35ade8a9c97db95de36686ca2c621d821cecf15fc4a53b7d4c99fe,aeb0f5bbcb6d550424c28e0f5dddd054e45e6c1de5dca5be3e81deb384b99ba9,PASS,"Passed individual black-background contact-sheet review; correct product, front-facing presentation, complete compact bracelet/strap, transparent background, and no visible watermark or loose fastening hardware.",higgsfield-primary-render,
CRRF1438SNKL58K1,CRRF1438SNKL58K1.png,0.780273,0.911458,0.500000,0.500000,1024x1536,RGBA,,True,applied,150,cae911000f1610e2cd2c6621829ce5cedc4b5dcd48a1883e3650883cadf8efc6,ef24df4e6417ef682815c8778d328c6443739eb92ceb7e64ed998bbbdc3caa66,PASS,"Passed individual black-background contact-sheet review; correct product, front-facing presentation, complete compact bracelet/strap, transparent background, and no visible watermark or loose fastening hardware.",higgsfield-primary-render,
CRRF378GA-700-1B,CRRF378GA-700-1B.png,0.781250,0.878906,0.500000,0.500000,1024x1536,RGBA,,True,applied,220,dc203cbf6730e7394252fb3c90c4693c2bce318fb20b05161a0e0061f05bca5b,c7eb97a44eaff24bebc1908a89c54187f844602ec37d0e3cd9e3e9ab4003d68a,PASS,"Passed individual black-background contact-sheet review; correct product, front-facing presentation, complete compact bracelet/strap, transparent background, and no visible watermark or loose fastening hardware.",higgsfield-primary-render,
CRRF1283GA-2000S-1,CRRF1283GA-2000S-1.png,0.781250,0.876953,0.500000,0.500326,1024x1536,RGBA,,True,applied,40,5f39933ea972f414aec18c5eb6099fac2a1c24fa75e656360fce2eaeb93795f1,c9615ec630f1d2ebd64a904f91de9b557c204d9d946ef595bb25b6dcfbe55ca8,PASS,"Passed individual black-background contact-sheet review; correct product, front-facing presentation, complete compact bracelet/strap, transparent background, and no visible watermark or loose fastening hardware.",higgsfield-primary-render,
CRRF855INV8930OB,CRRF855INV8930OB.png,0.780273,0.863932,0.499512,0.500326,1024x1536,RGBA,,True,applied,296,8fc113c04de86245a2f4b10b2ec3684e1c757bb709a3f6cf6b9a349b600cb8e3,9561e1042586850e6b3cd15b27e2cde8c32bc86d217b329ad42518b58a5b440b,PASS,"Passed individual black-background contact-sheet review; correct product, front-facing presentation, complete compact bracelet/strap, transparent background, and no visible watermark or loose fastening hardware.",higgsfield-primary-render,
CRGA-2100VB-1A,CRGA-2100VB-1A.png,0.780273,0.852865,0.500488,0.500000,1024x1536,RGBA,,True,applied,31,2d9f8c6e53cfcacafe8e811cb5b66c6165ea39f50a37e6c664fb4afd9e20757b,39cc7e7f77142b1089d9e5cee0eae9273b07ae5943b8be6bb7541663ed81e323,PASS,"Passed individual black-background contact-sheet review; correct product, front-facing presentation, complete compact bracelet/strap, transparent background, and no visible watermark or loose fastening hardware.",higgsfield-primary-render,
CRRF1639SNKE54K1,CRRF1639SNKE54K1.png,0.781250,0.911458,0.500488,0.500000,1024x1536,RGBA,,True,applied,125,73fd0003ef4e01830b3c8eae581d171a874d10bc6781d0dff44be17867067b80,a41ecdc8d7ef576b7d8a947ea3ce3458069c6b2cd46b0e040dde853bd090d6d0,PASS,"Passed individual black-background contact-sheet review; correct product, front-facing presentation, complete compact bracelet/strap, transparent background, and no visible watermark or loose fastening hardware.",higgsfield-primary-render,
CRF20560-5,CRF20560-5.png,0.780273,0.865885,0.500488,0.500000,1024x1536,RGBA,,True,applied,430,ce51fa64fbb08e7853bc0cdf3ccc741ad2d23526d288a3698747cda93a6e809e,c9b16bd763d5783a4f6caca3f85e5e1c921c8576367ac410ee0e7d3b95db9d81,PASS,"Passed individual black-background contact-sheet review; correct product, front-facing presentation, complete compact bracelet/strap, transparent background, and no visible watermark or loose fastening hardware.",higgsfield-primary-render,
CRGA-110HR-1A,CRGA-110HR-1A.png,0.780273,0.895182,0.499512,0.500326,1024x1536,RGBA,,True,applied,163,4810bc45ed375bb684c7503cfbb516f3fedd47665aeec1497dbde14e3af27c3d,e1902a227be2394baaccf723b913a4fd51b1b0d97efd25ac43268da02c63ba19,PASS,"Passed individual black-background contact-sheet review; correct product, front-facing presentation, complete compact bracelet/strap, transparent background, and no visible watermark or loose fastening hardware.",higgsfield-primary-render,
CREFV-620D-1A4V,CREFV-620D-1A4V.png,0.780273,0.893229,0.499512,0.500000,1024x1536,RGBA,,True,applied,387,b7f702afb355aab60a148f7bf78df024f1c4ddd495a4d3f240af0574fc96d096,43b0a4beafb455ead794263299c5c68d314c6a1a816f96ec84c81796126f4648,PASS,"Passed individual black-background contact-sheet review; correct product, front-facing presentation, complete compact bracelet/strap, transparent background, and no visible watermark or loose fastening hardware.",higgsfield-primary-render,
CRU616,CRU616.png,0.780273,0.899740,0.500488,0.500000,1024x1536,RGBA,,True,applied,224,421477cbbe5b50c2cb72574ede0d7c336f044173b6e8c4a19f470bceb5009b08,0f3f48d335f0aa28be75a9e8dd4b6c79144d2d100a291eac1261582239393d49,PASS,"Passed individual black-background contact-sheet review; correct product, front-facing presentation, complete compact bracelet/strap, transparent background, and no visible watermark or loose fastening hardware.",higgsfield-primary-render,
CRRF1597SNKL66K1,CRRF1597SNKL66K1.png,0.780273,0.911458,0.500488,0.500000,1024x1536,RGBA,,True,applied,101,6cae1f6832ce7440871f6e12935142002dcdd7bed29c4a26290e42ba5da3197d,01ea7b9e9f3f80e94ee0ffb881bd16515959a3df4e0971178b051fcf3cb079dc,PASS,"Passed individual black-background contact-sheet review; correct product, front-facing presentation, complete compact bracelet/strap, transparent background, and no visible watermark or loose fastening hardware.",higgsfield-primary-render,
CRRF1495SNK621K1,CRRF1495SNK621K1.png,0.781250,0.911458,0.500000,0.500000,1024x1536,RGBA,,True,applied,140,2951f59a5a8e3ba21f2e467931d01b04c9e4c5335b44d758ddb6f67445016ab5,cbf14974f7d96ccbfc2139fadd09b57a16a825e59d5accb9a1de00456025d55a,PASS,"Passed individual black-background contact-sheet review; correct product, front-facing presentation, complete compact bracelet/strap, transparent background, and no visible watermark or loose fastening hardware.",higgsfield-primary-render,
CRGA-100-1A1,CRGA-100-1A1.png,0.779297,0.865885,0.500000,0.500000,1024x1536,RGBA,,True,applied,79,2e12eb14812d20aa80ef41719c365a7b1b80604f220a600bd7be792940b85fb3,3d4474195a677f6abfda6f9b27237a4f740d83c0682c85aa497e5b2d80cefa06,PASS,"Passed individual black-background contact-sheet review; correct product, front-facing presentation, complete compact bracelet/strap, transparent background, and no visible watermark or loose fastening hardware.",higgsfield-primary-render,
CRRF1494SNKE51K1,CRRF1494SNKE51K1.png,0.780273,0.911458,0.499512,0.500000,1024x1536,RGBA,,True,applied,166,2655fcc73d13cc61130daa28f52ed7919b3ca25373fc9f98cdb6425af845c8f9,e077eb4900a5bf3aeced8c884225e729fc830c27fa47a3d4626c68398267d4ca,PASS,"Passed individual black-background contact-sheet review; correct product, front-facing presentation, complete compact bracelet/strap, transparent background, and no visible watermark or loose fastening hardware.",higgsfield-primary-render,
CRRF1451SNK615K1,CRRF1451SNK615K1.png,0.779297,0.911458,0.500000,0.500000,1024x1536,RGBA,,True,applied,178,3166d50981f08fe81d63ad9039ef2ce82304d037dadb1a0140070d31aa4c1094,af7fd212abb839e35263341bb513bdf624a03868fb1f6234285b2098afa6d56f,PASS,"Passed individual black-background contact-sheet review; correct product, front-facing presentation, complete compact bracelet/strap, transparent background, and no visible watermark or loose fastening hardware.",higgsfield-primary-render,
CRRF1341SNK623K1,CRRF1341SNK623K1.png,0.780273,0.911458,0.500488,0.500000,1024x1536,RGBA,,True,applied,127,1f03e4ae3dc4f0a3f77301ee07c53d75dd9b9b976353cf270b8470de0a2c5796,e4ae4ae028366368b9b6aecac3798951a9d7e26d3173af6577f0170aa931d775,PASS,"Passed individual black-background contact-sheet review; correct product, front-facing presentation, complete compact bracelet/strap, transparent background, and no visible watermark or loose fastening hardware.",higgsfield-primary-render,
CRRF1153SNKP15K1,CRRF1153SNKP15K1.png,0.780273,0.851562,0.500488,0.500000,1024x1536,RGBA,,True,applied,183,2d05f1dc7934018282a013f6352a2973d01bb239aed5a47ecbb31855bdc086e5,8afe44e915a252a8b2c0abc75bd84835816245dacb051dcf09559f1c8f6ca842,PASS,"Passed individual black-background contact-sheet review; correct product, front-facing presentation, complete compact bracelet/strap, transparent background, and no visible watermark or loose fastening hardware.",higgsfield-primary-render,
CRF20560-1,CRF20560-1.png,0.780273,0.850911,0.500488,0.499674,1024x1536,RGBA,,True,applied,432,ac62da2716cd8492d5af6435b384d2b797355c1ec354f819cc6a4acf096dd911,51a1031e9c722c4bdc20929e711f2f60ed02b732b6e60f3d919fab147c2473e8,PASS,"Passed individual black-background contact-sheet review; correct product, front-facing presentation, complete compact bracelet/strap, transparent background, and no visible watermark or loose fastening hardware.",higgsfield-primary-render,
CRGA-140-1A4,CRGA-140-1A4.png,0.779297,0.871094,0.500000,0.500000,1024x1536,RGBA,,True,applied,211,115d7b7b2b463d4df8696aeabd168d06be7ae4ed1faf53276778eaae7291fe5d,1a8c72613dc93bbb8553b406152b093a0e082645da62a8de313be48dd566b751,PASS,"Passed individual black-background contact-sheet review; correct product, front-facing presentation, complete compact bracelet/strap, transparent background, and no visible watermark or loose fastening hardware.",higgsfield-primary-render,
CREFR-526D-3A,CREFR-526D-3A.png,0.779297,0.865885,0.500000,0.500000,1024x1536,RGBA,,True,applied,276,f066a43d2539b47e5ca336a1d21bff0ccd84cd1647a4ef40ba97dc1bb81decdd,3331c0e723b1a950d0c56b9a659b58b4877d9235513d0a5a6e0f08d90ccdf8c4,PASS,"Passed individual black-background contact-sheet review; correct product, front-facing presentation, complete compact bracelet/strap, transparent background, and no visible watermark or loose fastening hardware.",higgsfield-primary-render,
CREFR-526L-7AV,CREFR-526L-7AV.png,0.780273,0.907552,0.499512,0.500000,1024x1536,RGBA,,True,applied,237,054ed65408e63520a267bd08a1fcd2ea11fcb4b35c8568bc0e52ca31b4a17d4e,7787d94ab2a6adc33b91feea0abef72efccf73862fd61e259b3706204abf8900,PASS,"Passed individual black-background contact-sheet review; correct product, front-facing presentation, complete compact bracelet/strap, transparent background, and no visible watermark or loose fastening hardware.",higgsfield-primary-render,
CRGA-100-1A2,CRGA-100-1A2.png,0.780273,0.856120,0.499512,0.500326,1024x1536,RGBA,,True,applied,136,fbdce28f3eacb27a2c7bf2213dad391a5bde857b0b1d1d99a338427ac000ca50,a98249d8c60501598d2be24039b46cc36ac41bd819ddbb78c4fce8152209e2bd,PASS,"Passed individual black-background contact-sheet review; correct product, front-facing presentation, complete compact bracelet/strap, transparent background, and no visible watermark or loose fastening hardware.",higgsfield-primary-render,
CRGA-100-1A4,CRGA-100-1A4.png,0.781250,0.862630,0.500000,0.500326,1024x1536,RGBA,,True,applied,494,3c997ae482153f046766db33180b5d3ebd2c4843bd3242bda93a23f040d87639,f13f9438f54eb7b8aad849446ac71b929c3e2ef96e2759e1b8e41e7bb531fce7,PASS,"Passed individual black-background contact-sheet review; correct product, front-facing presentation, complete compact bracelet/strap, transparent background, and no visible watermark or loose fastening hardware.",higgsfield-primary-render,
CRG-7900A-4C,CRG-7900A-4C.png,0.780273,0.903646,0.499512,0.500000,1024x1536,RGBA,,True,applied,360,5c7fa1bf709288258f41b02f4632ec6d6b8b5f3d3b68d39bd0a01f854aa9fbc0,837c13e827bb878c6bd44c1925fccce5b20653f61e01526ce83179d2c3dfcbac,PASS,"Passed individual black-background contact-sheet review; correct product, front-facing presentation, complete compact bracelet/strap, transparent background, and no visible watermark or loose fastening hardware.",higgsfield-primary-render,
CRGA-700-4A,CRGA-700-4A.png,0.780273,0.911458,0.500488,0.500000,1024x1536,RGBA,,True,applied,248,65160e924386d97e95d5be2f699749c1af0048e3d1eb17f2a842d8411eb8e9a7,ad48b80839a709aa0398d4bc6b78b6e8928028ad19e6d703bb0dae2360bb722b,PASS,"Passed individual black-background contact-sheet review; correct product, front-facing presentation, complete compact bracelet/strap, transparent background, and no visible watermark or loose fastening hardware.",higgsfield-primary-render,
CRGA-B2100MF-1A,CRGA-B2100MF-1A.png,0.781250,0.866536,0.500000,0.500326,1024x1536,RGBA,,True,applied,206,0a8ab6d0344eb3e6b2bd1dcae14d8bf524d611409ce2db8ad13cf4c8f0cb9af6,c90455952e2e9461c4e9409e8421549f9baeadd1c19dcc7e3239be3ab6f7ebf5,PASS,"Passed individual black-background contact-sheet review; correct product, front-facing presentation, complete compact bracelet/strap, transparent background, and no visible watermark or loose fastening hardware.",higgsfield-primary-render,
CRGA-700-1B,CRGA-700-1B.png,0.780273,0.911458,0.499512,0.500000,1024x1536,RGBA,,True,applied,175,9cd66b612bbee4fe234dda51316660ddb3e155660144eee73b6c32422eba1385,81588533f9830c051fcc96785662bc6753b72b646bc4ec6d0e20a14a4ccbc912,PASS,"Passed individual black-background contact-sheet review; correct product, front-facing presentation, complete compact bracelet/strap, transparent background, and no visible watermark or loose fastening hardware.",higgsfield-primary-render,
CRG-7900-2D,CRG-7900-2D.png,0.781250,0.911458,0.500000,0.500000,1024x1536,RGBA,,True,applied,405,3f53d87d545048ae5ff6975f08cd46fd31cf81cf2818450d524e4acfc77e943d,a342d99b5bbb32b4b31e68298d23702361dbbc95abf0bcc01ac9eeaac3ca7899,PASS,"Passed individual black-background contact-sheet review; correct product, front-facing presentation, complete compact bracelet/strap, transparent background, and no visible watermark or loose fastening hardware.",higgsfield-primary-render,
CRBGA-280-1A,CRBGA-280-1A.png,0.780273,0.911458,0.499512,0.500000,1024x1536,RGBA,,True,applied,112,871e56d6dde79a8ad5e30fb14bc446ec7c77cedae2ccfd596939f5f0151d6d1b,4feb24493ad6d0380f85a9398a9fdc7e4a068fef1d68f4c401cf1aceb6c6f080,PASS,"Passed individual black-background contact-sheet review; correct product, front-facing presentation, complete compact bracelet/strap, transparent background, and no visible watermark or loose fastening hardware.",higgsfield-primary-render,
CRRF1405W-217HM-7BV,CRRF1405W-217HM-7BV.png,0.781250,0.911458,0.500000,0.500000,1024x1536,RGBA,,True,applied,339,6261323893522aeeff9997622c97138a1f2df0f54fb92efd456671efeb40568d,6ce3087092bbe2e8ca9a3b7e450f6f0642d9a8636603bf2a1afbbd7aa17cc6bd,PASS,"Passed individual black-background contact-sheet review; correct product, front-facing presentation, complete compact bracelet/strap, transparent background, and no visible watermark or loose fastening hardware.",higgsfield-primary-render,
CRRF1400GA-140-1A4,CRRF1400GA-140-1A4.png,0.780273,0.898438,0.499512,0.500000,1024x1536,RGBA,,True,applied,210,ba60713b19a37f03826ce86a5e8ad8406354571682bee04a13e39ef0ad2ac77b,35a8d054448d59f71fd9dc2ac6082243e17a14cbf4b6697741724edab6070159,PASS,"Passed individual black-background contact-sheet review; correct product, front-facing presentation, complete compact bracelet/strap, transparent background, and no visible watermark or loose fastening hardware.",higgsfield-primary-render,
CRGMA-S110VW-4A,CRGMA-S110VW-4A.png,0.780273,0.854167,0.499512,0.500000,1024x1536,RGBA,,True,applied,184,455692c9cd63d5fbc3a350de48bade78f618c3a30da24c64d691c4be282ddddc,8283ff09d543398961573b66228b5cf7ae4eb2ba46b74a5760ff9d3d3ff6635f,PASS,"Passed individual black-background contact-sheet review; correct product, front-facing presentation, complete compact bracelet/strap, transparent background, and no visible watermark or loose fastening hardware.",higgsfield-primary-render,
CRGMA-S110VW-2A,CRGMA-S110VW-2A.png,0.779297,0.911458,0.500000,0.500000,1024x1536,RGBA,,True,applied,294,85b4d5acb936c80b016cc0e8d2dd3d223b19784bd11bdcce38a768394d3431bc,f5f93b15f2f9963058eed28c87a0590b69531005a1306f49f403007b0da7502f,PASS,"Passed individual black-background contact-sheet review; correct product, front-facing presentation, complete compact bracelet/strap, transparent background, and no visible watermark or loose fastening hardware.",higgsfield-primary-render,
CRDW-9052-1VDR,CRDW-9052-1VDR.png,0.779297,0.878906,0.500000,0.500000,1024x1536,RGBA,,True,applied,302,7109b32c4e9fbd22a5d30247861df994364c1cbfcf2748640927b4b073915ede,f48eb291db5aacfb0c2f6035574cb1dfbdf38ca2359a01de930eaac003165f4e,PASS,"Passed individual black-background contact-sheet review; correct product, front-facing presentation, complete compact bracelet/strap, transparent background, and no visible watermark or loose fastening hardware.",higgsfield-primary-render,
CRGA-2300-1A,CRGA-2300-1A.png,0.780273,0.911458,0.499512,0.500000,1024x1536,RGBA,,True,applied,134,46e6c90fba8b2158694ab66dd70a71c252efff87983ee4e9513ca8a7623de3dc,1ae2905f112009482a74ffc35630ebc02d4746c80f3997b4c1bef1858a3ec8d6,PASS,"Passed individual black-background contact-sheet review; correct product, front-facing presentation, complete compact bracelet/strap, transparent background, and no visible watermark or loose fastening hardware.",higgsfield-primary-render,
CRAMW-880D-1A,CRAMW-880D-1A.png,0.779297,0.908854,0.500000,0.500000,1024x1536,RGBA,,True,applied,208,4cca922122a1e30918ce257fbdfb57cfff35f067a6f1e7993186cbd32a71312d,7263ed757e1989138c63605465e83f0979447f26adb59359a0415f33177ca0b1,PASS,"Passed individual black-background contact-sheet review; correct product, front-facing presentation, complete compact bracelet/strap, transparent background, and no visible watermark or loose fastening hardware.",higgsfield-primary-render,
CRAMW-870D-1A,CRAMW-870D-1A.png,0.779297,0.881510,0.499512,0.500000,1024x1536,RGBA,,True,applied,339,1806ca00d3b55bb7f3f007761827ec2938c8a506bd6c7a80b2c6f5af08432b58,9c32310a2fea71849fc2ad901efdeb80ecbad90f0c3fe7acd55a262c1d3e694f,PASS,"Passed individual black-background contact-sheet review; correct product, front-facing presentation, complete compact bracelet/strap, transparent background, and no visible watermark or loose fastening hardware.",higgsfield-primary-render,
CRDBC-611-1DF,CRDBC-611-1DF.png,0.780273,0.911458,0.499512,0.500000,1024x1536,RGBA,,True,applied,324,3b7fbd6d35ec76088ad225db6136707c877526ef16695d5080a993f33567a961,c9b602b684c1d1a016e64fa08719dd9366408d2c9c1a9f2c19f998898586c84c,PASS,"Passed individual black-background contact-sheet review; correct product, front-facing presentation, complete compact bracelet/strap, transparent background, and no visible watermark or loose fastening hardware.",higgsfield-primary-render,
CRA168WEGB-1B,CRA168WEGB-1B.png,0.780273,0.911458,0.500000,0.500000,1024x1536,RGBA,,True,applied,144,4b3d5a6a9eb0b50ea766bfdc9c420bf090d04e2fbda2b58dea6e8295a0cccc9e,82f545e468885e4a052d6fd1fb4a82bbd67966bba7c1bb03a4eb08fbdcf06e0c,PASS,"Passed individual black-background contact-sheet review; correct product, front-facing presentation, complete compact bracelet/strap, transparent background, and no visible watermark or loose fastening hardware.",higgsfield-primary-render,
CRGMD-S5600NC-9,CRGMD-S5600NC-9.png,0.779297,0.911458,0.500000,0.500000,1024x1536,RGBA,,True,applied,138,7390cf0693c7673f782d92cd7f497f71693361d65c2d7a9f84dddda399e6b2e0,559fb34a1a8e7aa3292b404435e0747415ce42f93e15c583f12fb33d8fc1b18b,PASS,"Passed individual black-background contact-sheet review; correct product, front-facing presentation, complete compact bracelet/strap, transparent background, and no visible watermark or loose fastening hardware.",higgsfield-primary-render,
CRGMA-S2100NC-4A,CRGMA-S2100NC-4A.png,0.779297,0.911458,0.500000,0.500000,1024x1536,RGBA,,True,applied,149,16062ef5dbbfafb102e3f5c75942dc1bcacf2f293805f45d4705ef7223a5dc59,609d9ceb7e1ec186b112f65aa2928c7b927f4c865d81077853e508ad55ad6e54,PASS,"Passed individual black-background contact-sheet review; correct product, front-facing presentation, complete compact bracelet/strap, transparent background, and no visible watermark or loose fastening hardware.",higgsfield-primary-render,
CRRF913AMW-880D-1A,CRRF913AMW-880D-1A.png,0.778320,0.874349,0.500488,0.500326,1024x1536,RGBA,,True,applied,286,00efaf4d748654d806d673543baed1152ffc692e158d6016b21d84eae6f1b581,8d74f09814d7bc3ee614b66bf40a8845fdc09f7ee0f795b737f339f1d359ab29,PASS,"Passed individual black-background contact-sheet review; correct product, front-facing presentation, complete compact bracelet/strap, transparent background, and no visible watermark or loose fastening hardware.",higgsfield-primary-render,
E4971850742333,E4971850742333.png,0.779297,0.911458,0.500488,0.500000,1024x1536,RGBA,,True,applied,259,b773590083ce5b8ca2efe4a07fc6739c3319ac0b3cd7c12a5101eae32c27217d,9b3d83dcd03da3f9b87973fe4367981716cd7715f4c7f748f1e591fda0f1b2e9,PASS,"Passed individual black-background contact-sheet review; correct product, front-facing presentation, complete compact bracelet/strap, transparent background, and no visible watermark or loose fastening hardware.",higgsfield-primary-render,
CRRF1415LA670WGA-9DF,CRRF1415LA670WGA-9DF.png,0.780273,0.911458,0.500000,0.500000,1024x1536,RGBA,,True,applied,132,ef25b7c0afc9abaf2721dbc53b450d4c8448304ecc20dc720d255cdd2d399fbc,411736e560c5fbd7151e0d629443756ec89a95811f3e3e3b9a885c17c96d15e5,PASS,"Passed individual black-background contact-sheet review; correct product, front-facing presentation, complete compact bracelet/strap, transparent background, and no visible watermark or loose fastening hardware.",higgsfield-primary-render,
E4971850965169,E4971850965169.png,0.780273,0.911458,0.500488,0.500000,1024x1536,RGBA,,True,applied,150,5d276e79b5e9a7fd01e0c27269125c85de824bf9db809b4e680404abf5a7db42,5c040866ed97eca9b9b06a4f73107d9708e7030a540aeaab9bc91eb9d1de9af1,PASS,"Passed individual black-background contact-sheet review; correct product, front-facing presentation, complete compact bracelet/strap, transparent background, and no visible watermark or loose fastening hardware.",higgsfield-primary-render,
CRMTP-1370D-7A2,CRMTP-1370D-7A2.png,0.779297,0.909505,0.500000,0.499674,1024x1536,RGBA,,True,applied,165,a74bf19e97c3ce9ca693885c6143d35d4f56632630dcc85a4f08cfb3b7ade9f8,a4f55cf007524c7de2233e340e997ed5843c93101abdede18fb4a14532741ace,PASS,"Passed individual black-background contact-sheet review; correct product, front-facing presentation, complete compact bracelet/strap, transparent background, and no visible watermark or loose fastening hardware.",higgsfield-primary-render,
CRMTP-1375D-1AV,CRMTP-1375D-1AV.png,0.779297,0.854818,0.500000,0.500326,1024x1536,RGBA,,True,applied,203,5d25db70b07829e90f7fc8093db67fca46ddfe3513ebc53dc3023958b13e82c1,35d9adc17b72f98bc3bf2a4051d0185d45a1ffeff2f07c6876e18e49d33e9534,PASS,"Passed individual black-background contact-sheet review; correct product, front-facing presentation, complete compact bracelet/strap, transparent background, and no visible watermark or loose fastening hardware.",higgsfield-primary-render,
CR90250SBN903,CR90250SBN903.png,0.781250,0.893880,0.500000,0.500326,1024x1536,RGBA,,True,applied,127,327d4be382d00ee78ee1dec6922a6a2383493cdacb8ef95c8b43c0d7a3ffd8a7,18b3b672fefceded028872f31e85aa763a62a4c0a595129f3c72fc07cba9f646,PASS,"Passed individual black-background contact-sheet review; correct product, front-facing presentation, complete compact bracelet/strap, transparent background, and no visible watermark or loose fastening hardware.",higgsfield-primary-render,
CRRF1265A700WG-9A,CRRF1265A700WG-9A.png,0.781250,0.911458,0.500000,0.500000,1024x1536,RGBA,,True,applied,199,84c7ba84ddf40475f2d0afd6b056395d82e815e96fd3b99f3ed3e82e63ecfe88,8cd7cced0a78d2fc5d5f07a93a181f6098ae9b20efded4c0863a6b746f1d1ca9,PASS,"Passed individual black-background contact-sheet review; correct product, front-facing presentation, complete compact bracelet/strap, transparent background, and no visible watermark or loose fastening hardware.",higgsfield-primary-render,
CR40210GPN107,CR40210GPN107.png,0.780273,0.911458,0.500488,0.500000,1024x1536,RGBA,,True,applied,59,3a5779808f04c985476478907c676d51a767374fef678f147753c45cf22cc8cf,74f76466b377e3f8493cc774b79c55917f41f7847e15a5b8109adfbcaa668475,PASS,"Passed individual black-background contact-sheet review; correct product, front-facing presentation, complete compact bracelet/strap, transparent background, and no visible watermark or loose fastening hardware.",higgsfield-primary-render,
E79767766085,E79767766085.png,0.780273,0.911458,0.499512,0.500000,1024x1536,RGBA,,True,applied,280,ce6d08000b1152ae54d8bfea11138c516ea1d8be68559a364049cf036de5c319,911c90affb5d5fbff998d196227363c537fd4b8c6aec6f0a414783558ef376dc,PASS,"Passed individual black-background contact-sheet review; correct product, front-facing presentation, complete compact bracelet/strap, transparent background, and no visible watermark or loose fastening hardware.",higgsfield-primary-render,
CRRF921A700WM-7A,CRRF921A700WM-7A.png,0.780273,0.911458,0.499512,0.500000,1024x1536,RGBA,,True,applied,93,ef1b6fa604c05d6a9fdc9e1f6a8a55f2cfbd974078227b0c113661496cb52cb8,488293700079756498ed7381a290daac0ae05020e0c99e4849c7a3e0326f54d9,PASS,"Passed individual black-background contact-sheet review; correct product, front-facing presentation, complete compact bracelet/strap, transparent background, and no visible watermark or loose fastening hardware.",higgsfield-primary-render,
EAWV-58A-1AV,EAWV-58A-1AV.png,0.780273,0.908203,0.499512,0.500326,1024x1536,RGBA,,True,applied,174,a535d20fed8380b01a947cf43c03e4ace73e5f3621c144e8a03bcb1c477adf2c,2656297ffd3ba10ab4f0327946a2d1eea17de0642b11f445b7edab14097d3864,PASS,"Passed individual black-background contact-sheet review; correct product, front-facing presentation, complete compact bracelet/strap, transparent background, and no visible watermark or loose fastening hardware.",higgsfield-primary-render,
EAWV-58DA-1AV,EAWV-58DA-1AV.png,0.779297,0.911458,0.500000,0.500000,1024x1536,RGBA,,True,applied,158,c76401f8982888b6e489fdf852b8bf815816a8ace266de87c8850af8a6873e4e,fff61b05cbd80071992ee2648f74b36e3a2d82a83b88fa44560f4a0cb8c8eccb,PASS,"Passed individual black-background contact-sheet review; correct product, front-facing presentation, complete compact bracelet/strap, transparent background, and no visible watermark or loose fastening hardware.",higgsfield-primary-render,
EAMTP-1170N-7A,EAMTP-1170N-7A.png,0.780273,0.911458,0.500488,0.500000,1024x1536,RGBA,,True,applied,35,6fe3803663c16ae459aac41ddd41a65ad20dc189d9fc4290ff3e09f2401aa919,2e9fee1e12e685bda038fe09f742042e6ca78afe03e11413696bba9b5ce9e116,PASS,"Passed individual black-background contact-sheet review; correct product, front-facing presentation, complete compact bracelet/strap, transparent background, and no visible watermark or loose fastening hardware.",higgsfield-primary-render,
EAMTP-4500D-1AV,EAMTP-4500D-1AV.png,0.781250,0.910156,0.500000,0.500000,1024x1536,RGBA,,True,applied,31,a30ede4eb9edd834a54c5da928d7174d476239ac8763845cbcd7422972f885c6,49fe1ef6a4cfbb056994758f3ff225038bf0897a2f70a35521029975e2bbfa62,PASS,"Passed individual black-background contact-sheet review; correct product, front-facing presentation, complete compact bracelet/strap, transparent background, and no visible watermark or loose fastening hardware.",higgsfield-primary-render,
EAMTP-1303D-1A,EAMTP-1303D-1A.png,0.780273,0.911458,0.500488,0.500000,1024x1536,RGBA,,True,applied,37,2f00b1bdff234d39edcd3ee9894c9cda25c4e4a2efc36da1c91d95e90496b029,0456a2bd28a149274eff505af22f5867146ff6d374925a445f79e27674eea652,PASS,"Passed individual black-background contact-sheet review; correct product, front-facing presentation, complete compact bracelet/strap, transparent background, and no visible watermark or loose fastening hardware.",higgsfield-primary-render,
E4971850930778,E4971850930778.png,0.780273,0.911458,0.500488,0.500000,1024x1536,RGBA,,True,applied,178,278d490ca1b578d43823faa000b6952fc6a0929930469cc898efebb7dbba521d,8fe7c3af60e9f116ea7ab2e03e812f0792410d5a743d02f60c90f6750c828a26,PASS,"Passed individual black-background contact-sheet review; correct product, front-facing presentation, complete compact bracelet/strap, transparent background, and no visible watermark or loose fastening hardware.",higgsfield-primary-render,
E79767968786,E79767968786.png,0.780273,0.911458,0.499512,0.500000,1024x1536,RGBA,,True,applied,537,ea7c0d01fbd8a217caf101e801d15f608ee1383bd32626f6f99f96fbdddb26ba,8928b0211522537d5d96801edb6aa2dc3771bbf16a04ddeaba3a72a864bce759,PASS,"Passed individual black-background contact-sheet review; correct product, front-facing presentation, complete compact bracelet/strap, transparent background, and no visible watermark or loose fastening hardware.",higgsfield-primary-render,
E4971850906537,E4971850906537.png,0.779297,0.841146,0.500000,0.500000,1024x1536,RGBA,,True,skipped-after-visual-retry,,e529c153b2fad1783e61fec061b7de3ff343d4353156f54274eb07b0fd7b9731,60a4f61b42dc7b99a6e2d9c17f8ab9902a5ae43c8e30f0daf3e2f2213e763dfe,PASS,"Full-resolution targeted retry accepted on black: corrected visible hardware, strap tail, protective film, or product identity using the exact SKU reference; source-dial graft deliberately skipped to avoid reintroducing the defect.",higgsfield-targeted-visual-retry,
EAAE-2000WD-1AV,EAAE-2000WD-1AV.png,0.781250,0.893880,0.500000,0.500326,1024x1536,RGBA,,True,applied,173,d4235a2c11a5ddad98388c1d202d3a9ea721bfcf467b1266b670f2bb3e2e67ab,3421719bd224d2d533d5394dc4058b2b950c4b922c9a019cb48d2818e0d6af0c,PASS,"Passed individual black-background contact-sheet review; correct product, front-facing presentation, complete compact bracelet/strap, transparent background, and no visible watermark or loose fastening hardware.",higgsfield-primary-render,
EALTP-1128A-7A,EALTP-1128A-7A.png,0.780273,0.911458,0.499512,0.500000,1024x1536,RGBA,,True,applied,15,fb4dd56a7e756d2c874f8cdc39314096a0a43368a10da81079ddd001934929eb,959f6fbfb38092d71f4902685100dec78e7e407984f57706139aa7ad94bd6ae6,PASS,"Passed individual black-background contact-sheet review; correct product, front-facing presentation, complete compact bracelet/strap, transparent background, and no visible watermark or loose fastening hardware.",higgsfield-primary-render,
EAAW-80V-5BV,EAAW-80V-5BV.png,0.781250,0.911458,0.500000,0.500000,1024x1536,RGBA,,True,applied,71,c3781eda54ddfd1720aeb28dcec902a4f964ee70ed8065b6adb83d47ecad9df4,ee910fe3a02e22d5198727cbb10d29e798bd09beeac010cbe835b1fd14a79642,PASS,"Passed individual black-background contact-sheet review; correct product, front-facing presentation, complete compact bracelet/strap, transparent background, and no visible watermark or loose fastening hardware.",higgsfield-primary-render,
E4971850906506,E4971850906506.png,0.781250,0.911458,0.500000,0.500000,1024x1536,RGBA,,True,applied,245,c29b3619e90e485dbb2afc0c6948e09c939843ce098ea4cdaa3571ce872d29fc,b7cf3ddac1d6e4bfb4dcc1262af66ad825fa9001b96de69ca7c836ffcf2d72a1,PASS,"Passed individual black-background contact-sheet review; correct product, front-facing presentation, complete compact bracelet/strap, transparent background, and no visible watermark or loose fastening hardware.",higgsfield-primary-render,
EADB-36-1AV,EADB-36-1AV.png,0.779297,0.911458,0.500000,0.500000,1024x1536,RGBA,,True,applied,113,3c98c48763e2404922e588bb47c551990f985291cbf43dd3c4134f561fa505ff,87ad412e8695197575b3722f1d65fa33bf15303da98e5d7bda385b865ba88651,PASS,"Passed individual black-background contact-sheet review; correct product, front-facing presentation, complete compact bracelet/strap, transparent background, and no visible watermark or loose fastening hardware.",higgsfield-primary-render,
EALA-11WL-4A,EALA-11WL-4A.png,0.781250,0.911458,0.500000,0.500000,1024x1536,RGBA,,True,applied,57,07c4c1a5213fb1a3f9c9aecde663727dff800d5e06490006c98af42a34fa8742,1e4c37604cac621830142f45a9f87f469c2933a1c070ce37321a06b62fa1647c,PASS,"Passed individual black-background contact-sheet review; correct product, front-facing presentation, complete compact bracelet/strap, transparent background, and no visible watermark or loose fastening hardware.",higgsfield-primary-render,
EALA-11WB-1,EALA-11WB-1.png,0.779297,0.911458,0.500000,0.500000,1024x1536,RGBA,,True,applied,40,1da7619f0736aa875633fa0033790f812b11c8f3893c8ea29b49a4e530f7f311,3955b9fabccd35aed314d64e5c31a64f7cac9a38a2587ded294f8bd7249c3a03,PASS,"Passed individual black-background contact-sheet review; correct product, front-facing presentation, complete compact bracelet/strap, transparent background, and no visible watermark or loose fastening hardware.",higgsfield-primary-render,
EAFT-500WC-1BV,EAFT-500WC-1BV.png,0.779297,0.904948,0.499512,0.500000,1024x1536,RGBA,,True,applied,95,b9c123d36c38d1baeb37c3fe295619dfce8397efa6fa9107397c433e1fc79829,60d10424f58ffcc95401b3cf13666268ae1f1e14c99677b35e6cfbacd638241e,PASS,"Passed individual black-background contact-sheet review; correct product, front-facing presentation, complete compact bracelet/strap, transparent background, and no visible watermark or loose fastening hardware.",higgsfield-primary-render,
EAFT-500WV-3BV,EAFT-500WV-3BV.png,0.780273,0.911458,0.499512,0.500000,1024x1536,RGBA,,True,applied,133,9ee0ae0a1f7dc480a62a0f8bfddcf20f2ee5ce77fcad681e42c41ba6ac09f641,e5972f245fa94e9936bae855eb951d4a7b7c96fa7fa086fc106b0c8a117dcc00,PASS,"Passed individual black-background contact-sheet review; correct product, front-facing presentation, complete compact bracelet/strap, transparent background, and no visible watermark or loose fastening hardware.",higgsfield-primary-render,
EADBC-32-1A,EADBC-32-1A.png,0.780273,0.911458,0.500488,0.500000,1024x1536,RGBA,,True,applied,90,e105d08e76a6f28761b1eb6063df0b9b40120e666632459bbf9ced4a1697f47d,7fb5687fa5e0dc83d2cef82d306a808241a7ca8df2e6eecb978452dc431a02c6,PASS,"Passed individual black-background contact-sheet review; correct product, front-facing presentation, complete compact bracelet/strap, transparent background, and no visible watermark or loose fastening hardware.",higgsfield-primary-render,
EAHDA-600B-1BV,EAHDA-600B-1BV.png,0.780273,0.911458,0.499512,0.500000,1024x1536,RGBA,,True,applied,100,47e4bed930cf82c5f982ecefdd8020030add1c08f4162c9b7db980cd3ec02fa8,47e76dd883e8f8340e24d6151d2d481cf74c1e7d2256407aa2babef88db079f2,PASS,"Passed individual black-background contact-sheet review; correct product, front-facing presentation, complete compact bracelet/strap, transparent background, and no visible watermark or loose fastening hardware.",higgsfield-primary-render,
EAEF-305-1AV,EAEF-305-1AV.png,0.781250,0.911458,0.500000,0.500000,1024x1536,RGBA,,True,applied,51,55d49eeb2083d2ff0f1eff05b7430b597f07f97e4590bfbade3a9adcb2a9fbcc,74daf49fe02351117dcb9b720133cfe8d477dc8f13d533b9774b2f97aa7c04a3,PASS,"Passed individual black-background contact-sheet review; correct product, front-facing presentation, complete compact bracelet/strap, transparent background, and no visible watermark or loose fastening hardware.",higgsfield-primary-render,
EALRW-200H-1BV,EALRW-200H-1BV.png,0.780273,0.911458,0.499512,0.500000,1024x1536,RGBA,,True,applied,153,54cd172c2c6517d97b8e794b281117a5bfc311c619558d13958241340d2ac3ac,2598c271673ed0dbed41930537096ecbf8200aa8fbfa2a5cbd18662cdb82c699,PASS,"Passed individual black-background contact-sheet review; correct product, front-facing presentation, complete compact bracelet/strap, transparent background, and no visible watermark or loose fastening hardware.",higgsfield-primary-render,
EAA-171WE-1A,EAA-171WE-1A.png,0.780273,0.911458,0.499512,0.500000,1024x1536,RGBA,,True,applied,81,d439252e4129bcacaf2ddd097caab6a040169b8bacaf8988873049ca2e623027,c74a3314a50b9c8572bb838499bcddf19b904a4f42e9e7684849ac6e00f82b9b,PASS,"Passed individual black-background contact-sheet review; correct product, front-facing presentation, complete compact bracelet/strap, transparent background, and no visible watermark or loose fastening hardware.",higgsfield-primary-render,
EAA-158WEA-9,EAA-158WEA-9.png,0.779297,0.911458,0.499512,0.500000,1024x1536,RGBA,,True,applied,103,77d01d74afcb9b905b08e044e29bdd95172e576fc16af49b709cbd015cbba73f,fe34b33cc4108dd4d9d0f332193d1ba9cd547082fb5f5d545f37a0e56ff5a4dc,PASS,"Passed individual black-background contact-sheet review; correct product, front-facing presentation, complete compact bracelet/strap, transparent background, and no visible watermark or loose fastening hardware.",higgsfield-primary-render,
EALF20W-8A,EALF20W-8A.png,0.780273,0.911458,0.499512,0.500000,1024x1536,RGBA,,True,applied,106,7df32dfae3c8294da8a520a54b0028136d2231bacb2afbec08fbab57a8f5b64f,db06cd3f78d94546a6bc0bab0e6ec4a49d66b20ba159859916b986db39247e5a,PASS,"Passed individual black-background contact-sheet review; correct product, front-facing presentation, complete compact bracelet/strap, transparent background, and no visible watermark or loose fastening hardware.",higgsfield-primary-render,
EAA-700WE-1A,EAA-700WE-1A.png,0.779297,0.911458,0.499512,0.500000,1024x1536,RGBA,,True,applied,96,62e04e08ad3e416b446885fe1332617480eb0998f62dc58988a1ef66b8c762d2,94e15cbe460e278c46fbff6066987255892b1915e1f6a43bb31a4db6b77281dd,PASS,"Passed individual black-background contact-sheet review; correct product, front-facing presentation, complete compact bracelet/strap, transparent background, and no visible watermark or loose fastening hardware.",higgsfield-primary-render,
EAA-178WA-1A,EAA-178WA-1A.png,0.780273,0.911458,0.499512,0.500000,1024x1536,RGBA,,True,applied,84,bd6bfe5eedd1580a10d61ec7f9a70ab99478f1792a6927ffb1037e5775dfeb7f,b23e9fb59b1be43103dbb411283cbd907ac8a3f583422830e70d15c160ed5e34,PASS,"Passed individual black-background contact-sheet review; correct product, front-facing presentation, complete compact bracelet/strap, transparent background, and no visible watermark or loose fastening hardware.",higgsfield-primary-render,
EAA-178WGA-1A,EAA-178WGA-1A.png,0.779297,0.899740,0.500000,0.500000,1024x1536,RGBA,,True,applied,88,f15164dbee7bb13d4acd68c1ee2f8c52226ca4eb088628b5f1f0e199777fce87,d3c58667489c5fc93236dab3722103a4d4857b742ff835e48f4dbca1e3cd5f2e,PASS,"Passed individual black-background contact-sheet review; correct product, front-facing presentation, complete compact bracelet/strap, transparent background, and no visible watermark or loose fastening hardware.",higgsfield-primary-render,
EAA-168WA-1,EAA-168WA-1.png,0.781250,0.868490,0.500000,0.500000,1024x1536,RGBA,,True,applied,91,e26f08520c9f2f6960a1e5af59e9fe02049025c555c3ed1dd25f23fa3536c441,0c50b19d1bc4f09d9b0d8bbe75b39e80d11f7b7fac0378a0e56d01f8f1eccf80,PASS,"Passed individual black-background contact-sheet review; correct product, front-facing presentation, complete compact bracelet/strap, transparent background, and no visible watermark or loose fastening hardware.",higgsfield-primary-render,
EAA-168WG-9,EAA-168WG-9.png,0.779297,0.911458,0.499512,0.500000,1024x1536,RGBA,,True,applied,99,4a795f8a1c40d8e7535a31cb4968279a54c4bee855732232d8707301c11854dd,10bb41177a9ada76311610b9c8e26fae520386760b9671dba83c3c7595424486,PASS,"Passed individual black-background contact-sheet review; correct product, front-facing presentation, complete compact bracelet/strap, transparent background, and no visible watermark or loose fastening hardware.",higgsfield-primary-render,
EALRW-200HS-2E,EALRW-200HS-2E.png,0.780273,0.874349,0.499512,0.500326,1024x1536,RGBA,,True,applied,148,fdcf3603bb1cb16d5bc66bc7959f1db49da612d2c9ea1a0a9fd169bb5aca3dac,49d9f2855a01bba24587377fbab67a60f1e5b96c2fee9d413d4be8e356bf4a7a,PASS,"Passed individual black-background contact-sheet review; correct product, front-facing presentation, complete compact bracelet/strap, transparent background, and no visible watermark or loose fastening hardware.",higgsfield-primary-render,
E4971850965138,E4971850965138.png,0.780273,0.911458,0.500488,0.500000,1024x1536,RGBA,,True,applied,241,4257ec99e94cc3f2c7726be96cecb384ae02f65f72a2e41da1037343262a44a3,d6ccfe9ddbbe8b79f92efca5263b142bca8a249a09d5dd64034e79bc4fd8a2ac,PASS,"Passed individual black-background contact-sheet review; correct product, front-facing presentation, complete compact bracelet/strap, transparent background, and no visible watermark or loose fastening hardware.",higgsfield-primary-render,
EALWS-2200H-1A,EALWS-2200H-1A.png,0.781250,0.911458,0.500000,0.500000,1024x1536,RGBA,,True,applied,190,dadbfb46ce15d3b14f97b112f756b2bf9f38a5857a11bc7e0b745c1feedc026c,a0359a99108e72a6635e382b50da10cb2dd27ce44fefd298912125ed50b2a890,PASS,"Passed individual black-background contact-sheet review; correct product, front-facing presentation, complete compact bracelet/strap, transparent background, and no visible watermark or loose fastening hardware.",higgsfield-primary-render,
EAMRW-230H-1E1,EAMRW-230H-1E1.png,0.781250,0.911458,0.500000,0.500000,1024x1536,RGBA,,True,applied,139,1a37e71d73c1d4de77d3106aa2f3a347e29917f3bd2bd9e13c5a2fb3fd9b5f50,63ad7e090419500433d9fa8bb3f5d2045cea586a9e7655b560a651ee9c728bbd,PASS,"Passed individual black-background contact-sheet review; correct product, front-facing presentation, complete compact bracelet/strap, transparent background, and no visible watermark or loose fastening hardware.",higgsfield-primary-render,
EAMRW-210HB-5B,EAMRW-210HB-5B.png,0.781250,0.911458,0.500000,0.500000,1024x1536,RGBA,,True,applied,257,8c1fbc47c86fe7d3619f9ea31f03b8198f83bd88aa79add19e7aa92e68d75ee5,51b81407b4634a34aaa3d1d2daf93b4d2db01d7c198a32f5ac8b2c6b299564eb,PASS,"Passed individual black-background contact-sheet review; correct product, front-facing presentation, complete compact bracelet/strap, transparent background, and no visible watermark or loose fastening hardware.",higgsfield-primary-render,
EAWS-2000H-2AV,EAWS-2000H-2AV.png,0.780273,0.910807,0.500488,0.499674,1024x1536,RGBA,,True,applied,204,cfcb103374397d3df94a8dd2441abe1b962f284b19e7cc2a8a64995052a8bb45,5944f245cfc371d72527739f90027bf09f9bb69c20b8496d1d0b1e77b5bdcd92,PASS,"Passed individual black-background contact-sheet review; correct product, front-facing presentation, complete compact bracelet/strap, transparent background, and no visible watermark or loose fastening hardware.",higgsfield-primary-render,
EAMRW-210HB-1B,EAMRW-210HB-1B.png,0.780273,0.869792,0.499512,0.500000,1024x1536,RGBA,,True,applied,164,60dea2c90d5afa3b43afd1de1de06e6ca00634705332daf30ae20a056fc61f41,9682b2b48ed11f3fe4263a29e117ba70621bc6a316008d07bbe6024ab901bdb2,PASS,"Passed individual black-background contact-sheet review; correct product, front-facing presentation, complete compact bracelet/strap, transparent background, and no visible watermark or loose fastening hardware.",higgsfield-primary-render,
EAMRW-200HD-1B,EAMRW-200HD-1B.png,0.779297,0.910807,0.500000,0.500326,1024x1536,RGBA,,True,applied,165,7c2027c801daf99efca64064b91fbc00bb0d52656c8b395fc8a7881d250bad06,4bd2f324d6f07a784db2074d780b1830130b9e07742fb7836d4d5fcb9f182401,PASS,"Passed individual black-background contact-sheet review; correct product, front-facing presentation, complete compact bracelet/strap, transparent background, and no visible watermark or loose fastening hardware.",higgsfield-primary-render,
EAMRW-210H-1A,EAMRW-210H-1A.png,0.779297,0.878255,0.500000,0.500326,1024x1536,RGBA,,True,applied,159,37ad0bf1cbdb45cebc34a437dbd3d04d61b888db48c5205a90f6ccd169267032,9a9d048eaf83231e674c3a330845ddd1fbbf159bf46acf9ce1881edcde4ae7d5,PASS,"Passed individual black-background contact-sheet review; correct product, front-facing presentation, complete compact bracelet/strap, transparent background, and no visible watermark or loose fastening hardware.",higgsfield-primary-render,
EALQ-139E-7A,EALQ-139E-7A.png,0.778320,0.911458,0.500488,0.500000,1024x1536,RGBA,,True,skipped-after-visual-artifact,,2908a73ba4c12261c5d5f39a37f933b80c41329a321cbac32550ff7ab2c5a49c,f6d2b928f3b3925b91914869e1fec20035fb2d0c999c34c5e5f76ff788e2615d,PASS,Visual QA found a false-positive projective dial graft; retained the clean generated render without the graft.,normalize-clean-higgsfield-raw-without-dial-graft,
EALQ-139B-1B,EALQ-139B-1B.png,0.780273,0.911458,0.499512,0.500000,1024x1536,RGBA,,True,applied,40,dae93340b7eacdabd4725422fbf99591746e4a80545a08b6045a8f6ef401c7f8,8545f0d34f1f0c7c1db39ca5e7ef34f0bbf8d7504b5f38845e9be2ae5f015453,PASS,"Passed individual black-background contact-sheet review; correct product, front-facing presentation, complete compact bracelet/strap, transparent background, and no visible watermark or loose fastening hardware.",higgsfield-primary-render,
EAMRW-200H-1BV,EAMRW-200H-1BV.png,0.781250,0.911458,0.500000,0.500000,1024x1536,RGBA,,True,applied,127,ee6007783fb57b85b8dcb7cd2775c638146a6df5116ff4b2390371d6a822a972,d73b053e1468bbeefab7070f013c8dc40ee29f9150732ffdfca60c603d125112,PASS,"Passed individual black-background contact-sheet review; correct product, front-facing presentation, complete compact bracelet/strap, transparent background, and no visible watermark or loose fastening hardware.",higgsfield-primary-render,
E889232368535,E889232368535.png,0.780273,0.893229,0.500488,0.500000,1024x1536,RGBA,,True,skipped-after-visual-retry,,a43eeb0c9be9a27ba84526f999fde5a635338f624eec2a47d3db498a574a13ae,af5ae27c09a6404318e562dd77d7fdd04d62b2df7a2e7fc1d248426cca7f0b89,PASS,"Full-resolution targeted retry accepted on black: corrected visible hardware, strap tail, protective film, or product identity using the exact SKU reference; source-dial graft deliberately skipped to avoid reintroducing the defect.",higgsfield-targeted-visual-retry,
E889232261072,E889232261072.png,0.780273,0.911458,0.500000,0.500000,1024x1536,RGBA,,True,applied,165,5bc5f590d6ce462b844d68cec3140ede65babed4426277c1dae999f4785a894e,b582128c0034ba5964f859b32b784e5d016060c58ce38e4ca4d1a35fe5c6fde5,PASS,"Passed individual black-background contact-sheet review; correct product, front-facing presentation, complete compact bracelet/strap, transparent background, and no visible watermark or loose fastening hardware.",higgsfield-primary-render,
E79767759384,E79767759384.png,0.780273,0.853516,0.500488,0.499674,1024x1536,RGBA,,True,applied,354,b15fea642832f41170e6d82e3f4b09c518f833c432bdcaa32f6856f53e23065e,97f6fabd2eb16980a7d312ceebd52a80e0626b89e7f8eeb4fd96d40adb54234c,PASS,"Passed individual black-background contact-sheet review; correct product, front-facing presentation, complete compact bracelet/strap, transparent background, and no visible watermark or loose fastening hardware.",higgsfield-primary-render,
E79767541255,E79767541255.png,0.779297,0.876953,0.500000,0.499674,1024x1536,RGBA,,True,applied,387,8150ab3a8c017fc53d9f53f3dc6e9f915e37ea3abc3dc7a6cbb54bc50b427327,1166cca852eedc1351ceb0cca996765e715da68767da51d4482e5af30f439bb7,PASS,"Passed individual black-background contact-sheet review; correct product, front-facing presentation, complete compact bracelet/strap, transparent background, and no visible watermark or loose fastening hardware.",higgsfield-primary-render,
EAMW-240B-3B,EAMW-240B-3B.png,0.779297,0.911458,0.500000,0.500000,1024x1536,RGBA,,True,applied,151,33794d2ce0e140c7250a2e86b7f092f20c94175c0fe624b1fb3ce93e027600fc,1a73bffbaebd93c6014fd7c5ecbd71cbb117ec32eb183e8fca454883475e4412,PASS,"Passed individual black-background contact-sheet review; correct product, front-facing presentation, complete compact bracelet/strap, transparent background, and no visible watermark or loose fastening hardware.",higgsfield-primary-render,
EAMWD-100HD-1A,EAMWD-100HD-1A.png,0.780273,0.911458,0.499512,0.500000,1024x1536,RGBA,,True,applied,301,2bc458e08c3d50f4a745ddbe4f2e8f7c0d6aa128a3512c43e70acfab54a51ae7,b9339458fd7d86fdb243cdb5170a80e6924ef0ad08c21aa529e3a5bbf5b585b7,PASS,"Passed individual black-background contact-sheet review; correct product, front-facing presentation, complete compact bracelet/strap, transparent background, and no visible watermark or loose fastening hardware.",higgsfield-primary-render,
EAMWA-100HD-1A,EAMWA-100HD-1A.png,0.780273,0.899089,0.500000,0.500326,1024x1536,RGBA,,True,applied,208,dd43d0fb0bbe2fa43299f084725ef87c223ea50a16d97db2bb51ae0318c43053,21f98688a3c5f970ea7a10d217cd2a1e92383c66a2197b9a9aff18d7e489e02d,PASS,"Passed individual black-background contact-sheet review; correct product, front-facing presentation, complete compact bracelet/strap, transparent background, and no visible watermark or loose fastening hardware.",higgsfield-primary-render,
EAW-201-1AV,EAW-201-1AV.png,0.780273,0.911458,0.499512,0.500000,1024x1536,RGBA,,True,applied,119,fbb7a6bf4b9760a3729c7919adc79bdfee1c9f8c8db7c172d75da631777a8d6a,fc38e1ca4fb12aa6ff8f441516adbd0641c94787a2ab18e022a4a9f9238e9012,PASS,"Passed individual black-background contact-sheet review; correct product, front-facing presentation, complete compact bracelet/strap, transparent background, and no visible watermark or loose fastening hardware.",higgsfield-primary-render,
EAW-212H-1AV,EAW-212H-1AV.png,0.780273,0.887370,0.500488,0.499674,1024x1536,RGBA,,True,applied,112,b8a03e7f86987d848fa18a8ab8ade5ea86fb5c8267f10293cc5cf1653ea4219f,5ab03e15f0cffaf1de0830a08fa35d12b1361ae54d604ffae40e643134e22a9b,PASS,"Passed individual black-background contact-sheet review; correct product, front-facing presentation, complete compact bracelet/strap, transparent background, and no visible watermark or loose fastening hardware.",higgsfield-primary-render,
EAW-800H-1AV,EAW-800H-1AV.png,0.780273,0.872396,0.499512,0.500000,1024x1536,RGBA,,True,applied,145,95d9c4693fbc2e7d3a1360a953f6f0c1d3c4e74a46afb23ba847d8b83fc76d53,74ff3202b0a286d7590d27a2ebe304c1aa751fb57d77939e770130d4ada3ca58,PASS,"Passed individual black-background contact-sheet review; correct product, front-facing presentation, complete compact bracelet/strap, transparent background, and no visible watermark or loose fastening hardware.",higgsfield-primary-render,
EAW-96H-1BV,EAW-96H-1BV.png,0.780273,0.876302,0.500488,0.500000,1024x1536,RGBA,,True,applied,144,0689a6d4b8743524c0482a5ded4dc8d26cc9ce0524a1af407607fb816bd36c09,823d05dd6f9efe272d1f19af467c94f4ca5beaec45589a56a21b218549b079b8,PASS,"Passed individual black-background contact-sheet review; correct product, front-facing presentation, complete compact bracelet/strap, transparent background, and no visible watermark or loose fastening hardware.",higgsfield-primary-render,
EAW-218HB-3A,EAW-218HB-3A.png,0.779297,0.911458,0.500000,0.500000,1024x1536,RGBA,,True,applied,116,ccf4fd88d3b35ceac7432742a3fd28e0b2eb543603b56d8fa2cbf6df77443be6,f66f3eef638a88b1df66a7a10e3d98126c7ea31d980cb734bd1052cb0a06be01,PASS,"Passed individual black-background contact-sheet review; correct product, front-facing presentation, complete compact bracelet/strap, transparent background, and no visible watermark or loose fastening hardware.",higgsfield-primary-render,
EAW-219HB-3A,EAW-219HB-3A.png,0.781250,0.911458,0.500000,0.500000,1024x1536,RGBA,,True,applied,159,fa45901da23b2891ad3d9aed328c02ca80af4e9c9637419d67e522cbe0cbd3ef,209790627472f78815288856c3dcc9bbe07049160fb0b091e4f87e765138b263,PASS,"Passed individual black-background contact-sheet review; correct product, front-facing presentation, complete compact bracelet/strap, transparent background, and no visible watermark or loose fastening hardware.",higgsfield-primary-render,
E889232140810,E889232140810.png,0.779297,0.898438,0.500000,0.500000,1024x1536,RGBA,,True,applied,224,3e4795bdaf95cf8bec2cee6a687c53415fb46de8144e0682d110102d35203fb3,496436a7420088812a2b198adb585be5905988f0a25a8159424b52f4610dedfb,PASS,"Passed individual black-background contact-sheet review; correct product, front-facing presentation, complete compact bracelet/strap, transparent background, and no visible watermark or loose fastening hardware.",higgsfield-primary-render,
E889232382340,E889232382340.png,0.779297,0.911458,0.500000,0.500000,1024x1536,RGBA,,True,applied,423,f553fecfaac1be01c3a8a571a45dfc3b47a3da914e4a00ff71a063de6f1c359d,cfdf93be69f0d1f3a5050ddf64eaa21da0fccfc37c48147de2a5fc19f6c4add5,PASS,"Passed individual black-background contact-sheet review; correct product, front-facing presentation, complete compact bracelet/strap, transparent background, and no visible watermark or loose fastening hardware.",higgsfield-primary-render,
E79767246402,E79767246402.png,0.781250,0.911458,0.500000,0.500000,1024x1536,RGBA,,True,applied,258,726a3d4866290c0c24a798ea852c6c6a08bfcfb6f997a588d57d3d129a039f7f,5040dd4b8989f9d4cf3ba82e5224fbc428b74be21b8ff0220619b34c779d284a,PASS,"Passed individual black-background contact-sheet review; correct product, front-facing presentation, complete compact bracelet/strap, transparent background, and no visible watermark or loose fastening hardware.",higgsfield-primary-render,
E889232187587,E889232187587.png,0.780273,0.911458,0.500488,0.500000,1024x1536,RGBA,,True,applied,316,6bef475b10f0d338c3c68fb2937a46085ba6a0acde6ffab7796f2d9ab946ef29,8c32ee5c3d97fc0b8a8da0479a6cdf5c712dae77bab4a5565686b85dac61a1fc,PASS,"Passed individual black-background contact-sheet review; correct product, front-facing presentation, complete compact bracelet/strap, transparent background, and no visible watermark or loose fastening hardware.",higgsfield-primary-render,
E889232140780,E889232140780.png,0.780273,0.911458,0.499512,0.500000,1024x1536,RGBA,,True,applied,209,76daa4d361c11a130cb6aa4ccb98e98ceb191eb4c4e3c9fc343e2c14e89694f5,aa7a0e4cddc14455c6d0369313f6e0aa402ee3c68ba1172bc0d5c3ae874c4307,PASS,"Passed individual black-background contact-sheet review; correct product, front-facing presentation, complete compact bracelet/strap, transparent background, and no visible watermark or loose fastening hardware.",higgsfield-primary-render,
E4971850798682,E4971850798682.png,0.779297,0.911458,0.500488,0.500000,1024x1536,RGBA,,True,applied,234,624e80faba3ec494fa7a6ccd8c20b11162cb49529e41ecf967ea99b6c89db919,75759f1779872cee4a81d6c9b42048d3467af094a98a2098f44c9a4f6d8a72bc,PASS,"Passed individual black-background contact-sheet review; correct product, front-facing presentation, complete compact bracelet/strap, transparent background, and no visible watermark or loose fastening hardware.",higgsfield-primary-render,
E79767246280,E79767246280.png,0.780273,0.911458,0.500488,0.500000,1024x1536,RGBA,,True,applied,257,44e3501db44545e439b41b05a985c046c9ac1de4dcae3e83ee03a337df453059,424d0dac8dc7e59f4cec29e078b36af45306b0bc07bbda3bb2ffeb838cd7b2b5,PASS,"Passed individual black-background contact-sheet review; correct product, front-facing presentation, complete compact bracelet/strap, transparent background, and no visible watermark or loose fastening hardware.",higgsfield-primary-render,
