sku,filename,role,path,width,height,mode,has_alpha,corner_exact_white_fraction,corner_near_white_fraction,white_background_gate,sha256
BREI-A10320101A1A1,main.jpg,final-main,product-shots/BREI-A10320101A1A1/main.jpg,1200,1200,RGB,False,0.158447,1.0,pass,b55aeef72ab8a2de836ab0f792154f610206a73f3aca08732a7f17a4417a412d
BREI-A10380101A4A1,main.jpg,final-main,product-shots/BREI-A10380101A4A1/main.jpg,1200,1200,RGB,False,0.182861,1.0,pass,ec5029ae13e1b0eb83ed91b026d4998b9cf598010f745ea939bb8ace253fc85b
BREI-A13313121B1A1,main.jpg,final-main,product-shots/BREI-A13313121B1A1/main.jpg,1200,1200,RGB,False,0.128418,1.0,pass,e93e4b49a535dbe3827dc1fe41456c14a4ba25e95dabfb6e384ab2a99a41e695
BREI-A13313121B1A1-v2,main.jpg,final-main,product-shots/BREI-A13313121B1A1-v2/main.jpg,1200,1200,RGB,False,0.128418,1.0,pass,e93e4b49a535dbe3827dc1fe41456c14a4ba25e95dabfb6e384ab2a99a41e695
BREI-A13313121B1S1,main.jpg,final-main,product-shots/BREI-A13313121B1S1/main.jpg,1200,1200,RGB,False,0.129639,1.0,pass,d78defdf5ed1345566c473fc0c051887477e7cda067d91e8558f70812d1dd689
BREI-A13313121B1S1-v2,main.jpg,final-main,product-shots/BREI-A13313121B1S1-v2/main.jpg,1200,1200,RGB,False,0.129639,1.0,pass,d78defdf5ed1345566c473fc0c051887477e7cda067d91e8558f70812d1dd689
BREI-A13313161C1A1,main.jpg,final-main,product-shots/BREI-A13313161C1A1/main.jpg,1200,1200,RGB,False,0.147949,1.0,pass,afcaf17d67cf6e5f565f178a6854b682ea0bb0a3fac7c2c7f41549fc31d12c73
BREI-A13313161C1A1-v2,main.jpg,final-main,product-shots/BREI-A13313161C1A1-v2/main.jpg,1200,1200,RGB,False,0.147949,1.0,pass,afcaf17d67cf6e5f565f178a6854b682ea0bb0a3fac7c2c7f41549fc31d12c73
BREI-A13313161C1S1,main.jpg,final-main,product-shots/BREI-A13313161C1S1/main.jpg,1200,1200,RGB,False,0.157715,1.0,pass,bf114e32008dcac934ac46864b76841ba4d71ef247fc75f897a450a6ed98563c
BREI-A13313161C1S1-v2,main.jpg,final-main,product-shots/BREI-A13313161C1S1-v2/main.jpg,1200,1200,RGB,False,0.157715,1.0,pass,bf114e32008dcac934ac46864b76841ba4d71ef247fc75f897a450a6ed98563c
BREI-A13317101C1X1,main.jpg,final-main,product-shots/BREI-A13317101C1X1/main.jpg,1200,1200,RGB,False,0.161133,1.0,pass,88530247ec9b5f68b380c88ca9591cf54a5e7b909ab28edbc9a21fd6cdd78dee
BREI-A13317101C1X1-v2,main.jpg,final-main,product-shots/BREI-A13317101C1X1-v2/main.jpg,1200,1200,RGB,False,0.161133,1.0,pass,88530247ec9b5f68b380c88ca9591cf54a5e7b909ab28edbc9a21fd6cdd78dee
BREI-A17356531C1P1,main.jpg,final-main,product-shots/BREI-A17356531C1P1/main.jpg,1200,1200,RGB,False,0.165283,1.0,pass,c61a06c709d17fcdea07c3ae8d0ca165972ff40abaa3b2744f3804334b88610e
BREI-A17356531C1P1-v2,main.jpg,final-main,product-shots/BREI-A17356531C1P1-v2/main.jpg,1200,1200,RGB,False,0.165283,1.0,pass,c61a06c709d17fcdea07c3ae8d0ca165972ff40abaa3b2744f3804334b88610e
BREI-A17356531C1S1,main.jpg,final-main,product-shots/BREI-A17356531C1S1/main.jpg,1200,1200,RGB,False,0.154785,1.0,pass,db7a88f2e3054b0500dcfe396757e72ed49e84920f882c80a9816e6cf18c61e6
BREI-A17356531C1S1-v2,main.jpg,final-main,product-shots/BREI-A17356531C1S1-v2/main.jpg,1200,1200,RGB,False,0.154785,1.0,pass,db7a88f2e3054b0500dcfe396757e72ed49e84920f882c80a9816e6cf18c61e6
BREI-A17376211B1A1,main.jpg,final-main,product-shots/BREI-A17376211B1A1/main.jpg,1200,1200,RGB,False,0.163086,1.0,pass,5809a5a95df6dd2f6b7f643d732f7018cb012e27aea7ddceeb27653b8b8a750b
BREI-A17376211B1A1-v2,main.jpg,final-main,product-shots/BREI-A17376211B1A1-v2/main.jpg,1200,1200,RGB,False,0.163086,1.0,pass,5809a5a95df6dd2f6b7f643d732f7018cb012e27aea7ddceeb27653b8b8a750b
BREI-A17377211A1A1,main.jpg,final-main,product-shots/BREI-A17377211A1A1/main.jpg,1200,1200,RGB,False,0.179443,1.0,pass,f100dab0465c0fbc15aa5a89654ed3ec2f89ae7bfd1157c4c8948c4ed30741a7
BREI-A17377211A1A1-v2,main.jpg,final-main,product-shots/BREI-A17377211A1A1-v2/main.jpg,1200,1200,RGB,False,0.179443,1.0,pass,f100dab0465c0fbc15aa5a89654ed3ec2f89ae7bfd1157c4c8948c4ed30741a7
BREI-A17378211B1A1,main.jpg,final-main,product-shots/BREI-A17378211B1A1/main.jpg,1200,1200,RGB,False,0.157715,1.0,pass,7babccce773ebaf5e5ad913f51d26631f1f68748d09aaafa8fcec326aa4e1814
BREI-A17378211B1A1-v2,main.jpg,final-main,product-shots/BREI-A17378211B1A1-v2/main.jpg,1200,1200,RGB,False,0.157715,1.0,pass,7babccce773ebaf5e5ad913f51d26631f1f68748d09aaafa8fcec326aa4e1814
BREI-A17378211B1S1,main.jpg,final-main,product-shots/BREI-A17378211B1S1/main.jpg,1200,1200,RGB,False,0.150635,1.0,pass,add2c637ff546abb5572835e877069e339e65a9a0b32402cd12372e2dea1f792
BREI-A17378211B1S1-v2,main.jpg,final-main,product-shots/BREI-A17378211B1S1-v2/main.jpg,1200,1200,RGB,False,0.150635,1.0,pass,add2c637ff546abb5572835e877069e339e65a9a0b32402cd12372e2dea1f792
BREI-A17395211A1P5,main.jpg,final-main,product-shots/BREI-A17395211A1P5/main.jpg,1200,1200,RGB,False,0.169678,1.0,pass,fbdb0e978f71043a4dd09b3dfabf63498d98c405c1ff027e89e9440e2f38ca2c
BREI-A17395211A1P5-v2,main.jpg,final-main,product-shots/BREI-A17395211A1P5-v2/main.jpg,1200,1200,RGB,False,0.169678,1.0,pass,fbdb0e978f71043a4dd09b3dfabf63498d98c405c1ff027e89e9440e2f38ca2c
BREI-A17395361L1P1,main.jpg,final-main,product-shots/BREI-A17395361L1P1/main.jpg,1200,1200,RGB,False,0.153809,1.0,pass,9eae7d4ce9650685f501a3d738b46851059999a8923d8f53e19e43e234d729ac
BREI-A17395361L1P1-v2,main.jpg,final-main,product-shots/BREI-A17395361L1P1-v2/main.jpg,1200,1200,RGB,False,0.153809,1.0,pass,9eae7d4ce9650685f501a3d738b46851059999a8923d8f53e19e43e234d729ac
BREI-A17395361L1P2,main.jpg,final-main,product-shots/BREI-A17395361L1P2/main.jpg,1200,1200,RGB,False,0.168457,1.0,pass,4707f1f156b8d03d9f22e885d410961fafbf4f1eb07b73bc4296e982880a8df9
BREI-A17395361L1P2-v2,main.jpg,final-main,product-shots/BREI-A17395361L1P2-v2/main.jpg,1200,1200,RGB,False,0.168457,1.0,pass,4707f1f156b8d03d9f22e885d410961fafbf4f1eb07b73bc4296e982880a8df9
BREI-A24315101B1A1,main.jpg,final-main,product-shots/BREI-A24315101B1A1/main.jpg,1200,1200,RGB,False,0.162109,1.0,pass,3b514760ea5a1378c002f38250333ca44b233f99b7d2c1497538166144b83d7f
BREI-A24315101B1A1-v2,main.jpg,final-main,product-shots/BREI-A24315101B1A1-v2/main.jpg,1200,1200,RGB,False,0.162109,1.0,pass,3b514760ea5a1378c002f38250333ca44b233f99b7d2c1497538166144b83d7f
BREI-A24315101B1X1,main.jpg,final-main,product-shots/BREI-A24315101B1X1/main.jpg,1200,1200,RGB,False,0.154053,1.0,pass,b721f3acad752b48ba8578dad20da907212d942db2afc090c1cd45a9d07b57ad
BREI-A24315101B1X1-v2,main.jpg,final-main,product-shots/BREI-A24315101B1X1-v2/main.jpg,1200,1200,RGB,False,0.154053,1.0,pass,b721f3acad752b48ba8578dad20da907212d942db2afc090c1cd45a9d07b57ad
BREI-A24315101C1A1,main.jpg,final-main,product-shots/BREI-A24315101C1A1/main.jpg,1200,1200,RGB,False,0.166016,1.0,pass,eb11035a8a2dc41bb13e906c4b7615d8f1a85724ce2c9d6a32ce8550cae6b95f
BREI-A24315101C1A1-v2,main.jpg,final-main,product-shots/BREI-A24315101C1A1-v2/main.jpg,1200,1200,RGB,False,0.166016,1.0,pass,eb11035a8a2dc41bb13e906c4b7615d8f1a85724ce2c9d6a32ce8550cae6b95f
BREI-A24315101C1X1,main.jpg,final-main,product-shots/BREI-A24315101C1X1/main.jpg,1200,1200,RGB,False,0.156006,1.0,pass,eb03bb9847a4f38275f455249396bd649e728f2b2dea46f63d34dad9898cd338
BREI-A24315101C1X1-v2,main.jpg,final-main,product-shots/BREI-A24315101C1X1-v2/main.jpg,1200,1200,RGB,False,0.156006,1.0,pass,eb03bb9847a4f38275f455249396bd649e728f2b2dea46f63d34dad9898cd338
BREI-A32320101B1A1,main.jpg,final-main,product-shots/BREI-A32320101B1A1/main.jpg,1200,1200,RGB,False,0.171143,1.0,pass,ef15f5d0320613d6d72b54b66c55e4d7fe733dba0a3e465cbd903b41edcc125a
BREI-A32320101B1A1-v2,main.jpg,final-main,product-shots/BREI-A32320101B1A1-v2/main.jpg,1200,1200,RGB,False,0.171143,1.0,pass,ef15f5d0320613d6d72b54b66c55e4d7fe733dba0a3e465cbd903b41edcc125a
BREI-A32395101C1X2,main.jpg,final-main,product-shots/BREI-A32395101C1X2/main.jpg,1200,1200,RGB,False,0.163818,1.0,pass,0b3345f3c911982667e0cfff9e18af3ff706b899987b2425701567d7601d51fb
BREI-A32395101C1X2-v2,main.jpg,final-main,product-shots/BREI-A32395101C1X2-v2/main.jpg,1200,1200,RGB,False,0.163818,1.0,pass,0b3345f3c911982667e0cfff9e18af3ff706b899987b2425701567d7601d51fb
BREI-A37330121A1A1,main.jpg,final-main,product-shots/BREI-A37330121A1A1/main.jpg,1200,1200,RGB,False,0.186279,1.0,pass,82d18eff5a34e3571b1671da4ad3306a13ae10f2a4cc49e698c1e985107835a1
BREI-A37330121A1A1-v2,main.jpg,final-main,product-shots/BREI-A37330121A1A1-v2/main.jpg,1200,1200,RGB,False,0.186279,1.0,pass,82d18eff5a34e3571b1671da4ad3306a13ae10f2a4cc49e698c1e985107835a1
BREI-AB0134101C1A1,main.jpg,final-main,product-shots/BREI-AB0134101C1A1/main.jpg,1200,1200,RGB,False,0.170898,1.0,pass,b0da6623cc9c1743696b67019e9cd77c10d11ff6b56e54d2a37482712fc5d8f5
BREI-AB0134101C1A1-v2,main.jpg,final-main,product-shots/BREI-AB0134101C1A1-v2/main.jpg,1200,1200,RGB,False,0.170898,1.0,pass,b0da6623cc9c1743696b67019e9cd77c10d11ff6b56e54d2a37482712fc5d8f5
BREI-AB0134101G1A1,main.jpg,final-main,product-shots/BREI-AB0134101G1A1/main.jpg,1200,1200,RGB,False,0.172607,1.0,pass,e7ed916c1b5179ecdc6db5fc37f80f1b49c4456532955aa79cecd424e41cb0f2
BREI-AB0134101G1A1-v2,main.jpg,final-main,product-shots/BREI-AB0134101G1A1-v2/main.jpg,1200,1200,RGB,False,0.172607,1.0,pass,e7ed916c1b5179ecdc6db5fc37f80f1b49c4456532955aa79cecd424e41cb0f2
BREI-AB0134101G1S2,main.jpg,final-main,product-shots/BREI-AB0134101G1S2/main.jpg,1200,1200,RGB,False,0.159912,1.0,pass,a70d9373ba0720818c332c10289b814015b1824ca3e38d1dd67fa72a4995840f
BREI-AB0134101G1S2-v2,main.jpg,final-main,product-shots/BREI-AB0134101G1S2-v2/main.jpg,1200,1200,RGB,False,0.159912,1.0,pass,a70d9373ba0720818c332c10289b814015b1824ca3e38d1dd67fa72a4995840f
BREI-AB0134101K1A1,main.jpg,final-main,product-shots/BREI-AB0134101K1A1/main.jpg,1200,1200,RGB,False,0.162354,1.0,pass,351dd46ab3e316c8220f1bba42eb71b3ab3f6cd3bc887fe4a5faf18e6a2cb5da
BREI-AB0134101K1A1-v2,main.jpg,final-main,product-shots/BREI-AB0134101K1A1-v2/main.jpg,1200,1200,RGB,False,0.162354,1.0,pass,351dd46ab3e316c8220f1bba42eb71b3ab3f6cd3bc887fe4a5faf18e6a2cb5da
BREI-AB0134101L2S1,main.jpg,final-main,product-shots/BREI-AB0134101L2S1/main.jpg,1200,1200,RGB,False,1.0,1.0,pass,222da64996b661451ca48cbc0746ced43901f69641f246ded50cc08df07fca62
BREI-AB01342B1B3A1,main.jpg,final-main,product-shots/BREI-AB01342B1B3A1/main.jpg,1200,1200,RGB,False,0.161865,1.0,pass,c0cd0ecbf8e6191c49c1343e456a6a328bab54c4ccbf8acd566ae1bf87da5a23
BREI-AB01342B1B3S1,main.jpg,final-main,product-shots/BREI-AB01342B1B3S1/main.jpg,1200,1200,RGB,False,0.160645,1.0,pass,ae3d805b535ec4674ff16175391f65126f52f716df0cfc7b6f71d42737d266ba
BREI-AB01342B1B3S1-v2,main.jpg,final-main,product-shots/BREI-AB01342B1B3S1-v2/main.jpg,1200,1200,RGB,False,0.160645,1.0,pass,ae3d805b535ec4674ff16175391f65126f52f716df0cfc7b6f71d42737d266ba
BREI-AB01342B1B4A1,main.jpg,final-main,product-shots/BREI-AB01342B1B4A1/main.jpg,1200,1200,RGB,False,0.175537,1.0,pass,a122837ec0b2a15b61a4fdd9a642fedc533ac30bd3268db0a6e49111cdf2d446
BREI-AB01342B1B4S1,main.jpg,final-main,product-shots/BREI-AB01342B1B4S1/main.jpg,1200,1200,RGB,False,0.170898,1.0,pass,73d3a5aa7372886884cb15084bb7bb4d1a23eb155519792acdb06e7c8f6eeec3
BREI-AB01342B1B4S1-v2,main.jpg,final-main,product-shots/BREI-AB01342B1B4S1-v2/main.jpg,1200,1200,RGB,False,0.170898,1.0,pass,73d3a5aa7372886884cb15084bb7bb4d1a23eb155519792acdb06e7c8f6eeec3
BREI-AB01342B1B5A1,main.jpg,final-main,product-shots/BREI-AB01342B1B5A1/main.jpg,1200,1200,RGB,False,0.186768,1.0,pass,ef34575b80c7fa8df00748add119c5f4d627cf9929da448a704eda0caa913954
BREI-AB01342B1B5S1,main.jpg,final-main,product-shots/BREI-AB01342B1B5S1/main.jpg,1200,1200,RGB,False,0.174316,1.0,pass,1150e9da641a83cb1801284617ccf7a8f88baa2ce5f1a7dcd0b69b9ee2223fc0
BREI-AB01342B1B5S1-v2,main.jpg,final-main,product-shots/BREI-AB01342B1B5S1-v2/main.jpg,1200,1200,RGB,False,0.174316,1.0,pass,1150e9da641a83cb1801284617ccf7a8f88baa2ce5f1a7dcd0b69b9ee2223fc0
BREI-AB01342B1B6A1,main.jpg,final-main,product-shots/BREI-AB01342B1B6A1/main.jpg,1200,1200,RGB,False,0.177002,1.0,pass,3cbf9a51af137cae70f3e90e7444a5ce147b119b60b5662bc096cca9aa56de87
BREI-AB01342B1B6S1,main.jpg,final-main,product-shots/BREI-AB01342B1B6S1/main.jpg,1200,1200,RGB,False,0.158936,1.0,pass,7c844a0fde3271c69b7aaffcecbba9aa2657277ac7f331f2e2395628ba9f6e3b
BREI-AB01342B1B6S1-v2,main.jpg,final-main,product-shots/BREI-AB01342B1B6S1-v2/main.jpg,1200,1200,RGB,False,0.158936,1.0,pass,7c844a0fde3271c69b7aaffcecbba9aa2657277ac7f331f2e2395628ba9f6e3b
BREI-AB01342B1C2S1,main.jpg,final-main,product-shots/BREI-AB01342B1C2S1/main.jpg,1200,1200,RGB,False,0.166748,1.0,pass,1ea5a46a1c2352ad86a65faff353090f0a0417a9d8af859f07891e23eee0abee
BREI-AB01342B1C2S1-v2,main.jpg,final-main,product-shots/BREI-AB01342B1C2S1-v2/main.jpg,1200,1200,RGB,False,0.166748,1.0,pass,1ea5a46a1c2352ad86a65faff353090f0a0417a9d8af859f07891e23eee0abee
BREI-AB01342B1C6A1,main.jpg,final-main,product-shots/BREI-AB01342B1C6A1/main.jpg,1200,1200,RGB,False,0.162842,1.0,pass,bd4202917b37990600b4af0ac560ccd00dbf658586033cd58a65ffd934193ccb
BREI-AB01342B1C6S1,main.jpg,final-main,product-shots/BREI-AB01342B1C6S1/main.jpg,1200,1200,RGB,False,0.162354,1.0,pass,f4c8b3bebde9e0ab3b9792d515d77143ff802f408102f3bdd3741087875b1bee
BREI-AB01342B1C6S1-v2,main.jpg,final-main,product-shots/BREI-AB01342B1C6S1-v2/main.jpg,1200,1200,RGB,False,0.162354,1.0,pass,f4c8b3bebde9e0ab3b9792d515d77143ff802f408102f3bdd3741087875b1bee
BREI-AB01342B1C8S1,main.jpg,final-main,product-shots/BREI-AB01342B1C8S1/main.jpg,1200,1200,RGB,False,0.173828,1.0,pass,a0d9e4770e1b23361de29eb8930dba3e4ded7f8b70b048d3d05d10ffdb960691
BREI-AB01342B1C8S1-v2,main.jpg,final-main,product-shots/BREI-AB01342B1C8S1-v2/main.jpg,1200,1200,RGB,False,0.173828,1.0,pass,a0d9e4770e1b23361de29eb8930dba3e4ded7f8b70b048d3d05d10ffdb960691
BREI-AB01342B1C9S1,main.jpg,final-main,product-shots/BREI-AB01342B1C9S1/main.jpg,1200,1200,RGB,False,1.0,1.0,pass,6165a41223ac4c9cc3b70acd6c2e9996fb5bce6c283253802ddfeb4c45744f9c
BREI-AB01342B1CBA1,main.jpg,final-main,product-shots/BREI-AB01342B1CBA1/main.jpg,1200,1200,RGB,False,1.0,1.0,pass,7bd8f37f705511bed9827b058f72e68820568a165c645f716a4722531b24ee78
BREI-AB01342B1CBS1,main.jpg,final-main,product-shots/BREI-AB01342B1CBS1/main.jpg,1200,1200,RGB,False,1.0,1.0,pass,ee88682dec5b39c726d71212de8c67d170cf88de0904d89441f2d947c61a3b39
BREI-AB01342B1K2A1,main.jpg,final-main,product-shots/BREI-AB01342B1K2A1/main.jpg,1200,1200,RGB,False,1.0,1.0,pass,bda52bc427377d55e3eadd27b85a2bbbf8444e2f852ca4e190bbb97c95d9d1a9
BREI-AB01342B1K2S1,main.jpg,final-main,product-shots/BREI-AB01342B1K2S1/main.jpg,1200,1200,RGB,False,1.0,1.0,pass,71a4927a6a402f31a8e950ef1e0d16c7f821bbdf7894de1a3ca29a0eb1376f28
BREI-AB01342B1K3A1,main.jpg,final-main,product-shots/BREI-AB01342B1K3A1/main.jpg,1200,1200,RGB,False,1.0,1.0,pass,2beaab37521ed72f8d4bdd64c8aa506a515725b7cf7b93db55ea7568ed0e8406
BREI-AB01342B1K3S1,main.jpg,final-main,product-shots/BREI-AB01342B1K3S1/main.jpg,1200,1200,RGB,False,1.0,1.0,pass,1d56238f3a959e233fdf11b9d333bd59ce7fda3b31d72ff0117901085b3df7ba
BREI-AB01342B1K6A1,main.jpg,final-main,product-shots/BREI-AB01342B1K6A1/main.jpg,1200,1200,RGB,False,1.0,1.0,pass,c8f5f7324b795342f0427509a48c55ddf521c0b92db3f2eeaf9e2eebd2326c28
BREI-AB01342B1K6S1,main.jpg,final-main,product-shots/BREI-AB01342B1K6S1/main.jpg,1200,1200,RGB,False,1.0,1.0,pass,763fab32e342e84659e6c7110fbb0599b5001e0b8193c4496386487fbeee129a
BREI-AB01342B1K7S1,main.jpg,final-main,product-shots/BREI-AB01342B1K7S1/main.jpg,1200,1200,RGB,False,1.0,1.0,pass,e058c3de0b5cfe23a809813653a831f5e73b14c3832e90cd74e636b2f571f958
BREI-AB01342B1L5S1,main.jpg,final-main,product-shots/BREI-AB01342B1L5S1/main.jpg,1200,1200,RGB,False,1.0,1.0,pass,b49171ac0f51eaf0134e2a67ae4c7ea7ce4397927a6d503340dc246f553db980
BREI-AB01342B1O1S1,main.jpg,final-main,product-shots/BREI-AB01342B1O1S1/main.jpg,1200,1200,RGB,False,1.0,1.0,pass,015bb5bea559b289952a1ec51419c15ad1c0bbd8550fc22ff720abe539f92e4c
BREI-AB01342B1O2A1,main.jpg,final-main,product-shots/BREI-AB01342B1O2A1/main.jpg,1200,1200,RGB,False,1.0,1.0,pass,8b6bd0436b207406080c4cc1ffbf44bf014383de30713ffe01a8e3d309413cdc
BREI-AB0145171C1P1,main.jpg,final-main,product-shots/BREI-AB0145171C1P1/main.jpg,1200,1200,RGB,False,0.168457,1.0,pass,51bdb589991a2c27a7b8769ff833d3bd71e02a089dcd991cf96ef0321d36cdad
BREI-AB0145221B1P1,main.jpg,final-main,product-shots/BREI-AB0145221B1P1/main.jpg,1200,1200,RGB,False,0.148438,1.0,pass,d8255d28a1162a05b7bc7410b27c6c0841bd0586e86a534bcf4016dce68d6c84
BREI-AB0145371L1A1,main.jpg,final-main,product-shots/BREI-AB0145371L1A1/main.jpg,1200,1200,RGB,False,0.178223,1.0,pass,3131f7d783a1dbc3b402720adf4d76d84c5892171752b966fda8a8722367e98d
BREI-AB0145371L1P2,main.jpg,final-main,product-shots/BREI-AB0145371L1P2/main.jpg,1200,1200,RGB,False,0.164795,1.0,pass,617d0d986a66fb343b81c834205b187bb3f03ca4ff13aafc2fd2d81040ecb667
BREI-AB0146101B1A1,main.jpg,final-main,product-shots/BREI-AB0146101B1A1/main.jpg,1200,1200,RGB,False,0.16748,1.0,pass,6fab85c41e661bee4bf1f2277e219b5d3eab91e7ee85e712648610ffefec5f99
BREI-AB0146101B1A1-v2,main.jpg,final-main,product-shots/BREI-AB0146101B1A1-v2/main.jpg,1200,1200,RGB,False,0.16748,1.0,pass,6fab85c41e661bee4bf1f2277e219b5d3eab91e7ee85e712648610ffefec5f99
BREI-AB0146101C1A1,main.jpg,final-main,product-shots/BREI-AB0146101C1A1/main.jpg,1200,1200,RGB,False,0.171387,1.0,pass,09b1e501b0807c420106d6854381c591259f7609b7b85f6b88e806c3e791496a
BREI-AB0146101C1A1-v2,main.jpg,final-main,product-shots/BREI-AB0146101C1A1-v2/main.jpg,1200,1200,RGB,False,0.171387,1.0,pass,09b1e501b0807c420106d6854381c591259f7609b7b85f6b88e806c3e791496a
BREI-AB0146101L1X1,main.jpg,final-main,product-shots/BREI-AB0146101L1X1/main.jpg,1200,1200,RGB,False,0.156494,1.0,pass,421bc1131fd74f6d95773a9648a740c927d4dbd321a14c3742ef1cf49f917430
BREI-AB0146101L1X1-v2,main.jpg,final-main,product-shots/BREI-AB0146101L1X1-v2/main.jpg,1200,1200,RGB,False,0.156494,1.0,pass,421bc1131fd74f6d95773a9648a740c927d4dbd321a14c3742ef1cf49f917430
BREI-AB0147101A1A1,main.jpg,final-main,product-shots/BREI-AB0147101A1A1/main.jpg,1200,1200,RGB,False,0.165527,1.0,pass,7b38243a20df3b6b95bd20f011fb2edb70b5675273ae83bd4d1e6753d4bd260c
BREI-AB0147101A1A1-v2,main.jpg,final-main,product-shots/BREI-AB0147101A1A1-v2/main.jpg,1200,1200,RGB,False,0.165527,1.0,pass,7b38243a20df3b6b95bd20f011fb2edb70b5675273ae83bd4d1e6753d4bd260c
BREI-AB0147101L1X1,main.jpg,final-main,product-shots/BREI-AB0147101L1X1/main.jpg,1200,1200,RGB,False,0.152832,1.0,pass,cc01d76d61c8ae9f934b4a9b1f457650db54662f24d3c7ed81ef31f34656f081
BREI-AB0147101L1X1-v2,main.jpg,final-main,product-shots/BREI-AB0147101L1X1-v2/main.jpg,1200,1200,RGB,False,0.152832,1.0,pass,cc01d76d61c8ae9f934b4a9b1f457650db54662f24d3c7ed81ef31f34656f081
BREI-AB0162121B1A1,main.jpg,final-main,product-shots/BREI-AB0162121B1A1/main.jpg,1200,1200,RGB,False,0.147949,1.0,pass,793967505aec626b278ca7970f3cecd65805298b2ade5a145c2a60709946ab67
BREI-AB0162121B1A1-v2,main.jpg,final-main,product-shots/BREI-AB0162121B1A1-v2/main.jpg,1200,1200,RGB,False,0.147949,1.0,pass,793967505aec626b278ca7970f3cecd65805298b2ade5a145c2a60709946ab67
BREI-AB0162121B1S1,main.jpg,final-main,product-shots/BREI-AB0162121B1S1/main.jpg,1200,1200,RGB,False,0.134033,1.0,pass,ffa907cbf30dd4dd2a0a1c6c3a24dad8eccae407eb83e697f816faa874d7bd96
BREI-AB0162121B1S1-v2,main.jpg,final-main,product-shots/BREI-AB0162121B1S1-v2/main.jpg,1200,1200,RGB,False,0.134033,1.0,pass,ffa907cbf30dd4dd2a0a1c6c3a24dad8eccae407eb83e697f816faa874d7bd96
BREI-AB0162121C1S1,main.jpg,final-main,product-shots/BREI-AB0162121C1S1/main.jpg,1200,1200,RGB,False,0.132568,1.0,pass,2ea855e4e22b6151a182729ae314501feec93d2e522ec8c0f63630e8419ec0f7
BREI-AB0162121C1S1-v2,main.jpg,final-main,product-shots/BREI-AB0162121C1S1-v2/main.jpg,1200,1200,RGB,False,0.132568,1.0,pass,2ea855e4e22b6151a182729ae314501feec93d2e522ec8c0f63630e8419ec0f7
BREI-AB0162121G1A1,main.jpg,final-main,product-shots/BREI-AB0162121G1A1/main.jpg,1200,1200,RGB,False,0.148682,1.0,pass,57c84638ed77048279095ff53d36ab562dd76abbe86558c998601a4eda99aaa0
BREI-AB0162121G1A1-v2,main.jpg,final-main,product-shots/BREI-AB0162121G1A1-v2/main.jpg,1200,1200,RGB,False,0.148682,1.0,pass,57c84638ed77048279095ff53d36ab562dd76abbe86558c998601a4eda99aaa0
BREI-AB0162121G1S1,main.jpg,final-main,product-shots/BREI-AB0162121G1S1/main.jpg,1200,1200,RGB,False,0.144531,1.0,pass,a88831a6a546077da5efc4fbe15985df2bebe65053dc3383024cb9216b0a56e9
BREI-AB0162121G1S1-v2,main.jpg,final-main,product-shots/BREI-AB0162121G1S1-v2/main.jpg,1200,1200,RGB,False,0.144531,1.0,pass,a88831a6a546077da5efc4fbe15985df2bebe65053dc3383024cb9216b0a56e9
BREI-AB01762A1L1A1,main.jpg,final-main,product-shots/BREI-AB01762A1L1A1/main.jpg,1200,1200,RGB,False,0.145752,1.0,pass,f24e77ad56b63834fac0bc46ccb0ab6f530b3b07350be57a9d4dca55385cd567
BREI-AB01762A1L1A1-v2,main.jpg,final-main,product-shots/BREI-AB01762A1L1A1-v2/main.jpg,1200,1200,RGB,False,0.145752,1.0,pass,f24e77ad56b63834fac0bc46ccb0ab6f530b3b07350be57a9d4dca55385cd567
BREI-AB01763A1C1A1,main.jpg,final-main,product-shots/BREI-AB01763A1C1A1/main.jpg,1200,1200,RGB,False,0.154541,1.0,pass,18b1f3b91530263b5f59fc9cb43a66ff8fc5ce357c4b4c6a428773b81e5620ad
BREI-AB01763A1C1A1-v2,main.jpg,final-main,product-shots/BREI-AB01763A1C1A1-v2/main.jpg,1200,1200,RGB,False,0.154541,1.0,pass,18b1f3b91530263b5f59fc9cb43a66ff8fc5ce357c4b4c6a428773b81e5620ad
BREI-AB01765A1B1A1,main.jpg,final-main,product-shots/BREI-AB01765A1B1A1/main.jpg,1200,1200,RGB,False,0.171875,1.0,pass,e6e5782be8e9002a1c2ac086d05a347db65a0fad0edaffb84c9f3cff04145d9e
BREI-AB01765A1B1A1-v2,main.jpg,final-main,product-shots/BREI-AB01765A1B1A1-v2/main.jpg,1200,1200,RGB,False,0.171875,1.0,pass,e6e5782be8e9002a1c2ac086d05a347db65a0fad0edaffb84c9f3cff04145d9e
BREI-AB01765A1B1X1,main.jpg,final-main,product-shots/BREI-AB01765A1B1X1/main.jpg,1200,1200,RGB,False,0.168945,1.0,pass,95ddcfd50780e4bc29f4467387d0cb154a0e833ccd7919b9783129613a550117
BREI-AB01765A1B1X1-v2,main.jpg,final-main,product-shots/BREI-AB01765A1B1X1-v2/main.jpg,1200,1200,RGB,False,0.168945,1.0,pass,95ddcfd50780e4bc29f4467387d0cb154a0e833ccd7919b9783129613a550117
BREI-AB04451A1C1X1,main.jpg,final-main,product-shots/BREI-AB04451A1C1X1/main.jpg,1200,1200,RGB,False,0.128662,1.0,pass,1754f862a9ec48eab47f74c882d6cc1abb7c656831ec0d07d94798129ad3ae0a
BREI-AB04451A1C1X1-v2,main.jpg,final-main,product-shots/BREI-AB04451A1C1X1-v2/main.jpg,1200,1200,RGB,False,0.128662,1.0,pass,1754f862a9ec48eab47f74c882d6cc1abb7c656831ec0d07d94798129ad3ae0a
BREI-AB04453A1B1A1,main.jpg,final-main,product-shots/BREI-AB04453A1B1A1/main.jpg,1200,1200,RGB,False,0.144043,1.0,pass,aba4f7572d8968bda93d4c78feab04f86c05ee958983d7995e979002b6ce1d82
BREI-AB04453A1B1A1-v2,main.jpg,final-main,product-shots/BREI-AB04453A1B1A1-v2/main.jpg,1200,1200,RGB,False,0.144043,1.0,pass,aba4f7572d8968bda93d4c78feab04f86c05ee958983d7995e979002b6ce1d82
BREI-AB0930F51H1P1,main.jpg,final-main,product-shots/BREI-AB0930F51H1P1/main.jpg,1200,1200,RGB,False,0.165527,1.0,pass,b43592062c8ef063aec64d8c70b8924a6b6592670625584b6b4b8fba8c80da7e
BREI-AB0930F51H1P1-v2,main.jpg,final-main,product-shots/BREI-AB0930F51H1P1-v2/main.jpg,1200,1200,RGB,False,0.165527,1.0,pass,b43592062c8ef063aec64d8c70b8924a6b6592670625584b6b4b8fba8c80da7e
BREI-AB2010121B1A1,main.jpg,final-main,product-shots/BREI-AB2010121B1A1/main.jpg,1200,1200,RGB,False,0.149902,1.0,pass,e567bb1ea607635502a3e8e22b0f9c2241a815a1bef6041d30b868478e801845
BREI-AB2010121B1A1-v2,main.jpg,final-main,product-shots/BREI-AB2010121B1A1-v2/main.jpg,1200,1200,RGB,False,0.149902,1.0,pass,e567bb1ea607635502a3e8e22b0f9c2241a815a1bef6041d30b868478e801845
BREI-AB2020121B1S1,main.jpg,final-main,product-shots/BREI-AB2020121B1S1/main.jpg,1200,1200,RGB,False,0.132568,1.0,pass,99d0618d33fd5e576a7edebb56fba5712e36336df3395a7bb078b850afc7d108
BREI-AB2020121B1S1-v2,main.jpg,final-main,product-shots/BREI-AB2020121B1S1-v2/main.jpg,1200,1200,RGB,False,0.132568,1.0,pass,99d0618d33fd5e576a7edebb56fba5712e36336df3395a7bb078b850afc7d108
BREI-AB2020121L1S1,main.jpg,final-main,product-shots/BREI-AB2020121L1S1/main.jpg,1200,1200,RGB,False,0.138184,1.0,pass,67836b7155456b7935aeba689eab3ac350ed1f0abb45493e55b910a1c5581b99
BREI-AB2020121L1S1-v2,main.jpg,final-main,product-shots/BREI-AB2020121L1S1-v2/main.jpg,1200,1200,RGB,False,0.138184,1.0,pass,67836b7155456b7935aeba689eab3ac350ed1f0abb45493e55b910a1c5581b99
BREI-AB2030121B1A1,main.jpg,final-main,product-shots/BREI-AB2030121B1A1/main.jpg,1200,1200,RGB,False,0.13623,1.0,pass,7bf7101c9acacd76c7b4c7c5e9ee5e2106f22cb50c7bb5f661f85ed052858a17
BREI-AB2030121B1A1-v2,main.jpg,final-main,product-shots/BREI-AB2030121B1A1-v2/main.jpg,1200,1200,RGB,False,0.13623,1.0,pass,7bf7101c9acacd76c7b4c7c5e9ee5e2106f22cb50c7bb5f661f85ed052858a17
BREI-AB2030121B1S1,main.jpg,final-main,product-shots/BREI-AB2030121B1S1/main.jpg,1200,1200,RGB,False,0.12207,1.0,pass,cf4d91734dcb1384b7788c4fe18513d82b2e8e49199dfb4352feb77b7a7c7a22
BREI-AB2030121B1S1-v2,main.jpg,final-main,product-shots/BREI-AB2030121B1S1-v2/main.jpg,1200,1200,RGB,False,0.12207,1.0,pass,cf4d91734dcb1384b7788c4fe18513d82b2e8e49199dfb4352feb77b7a7c7a22
BREI-AB2030161C1A1,main.jpg,final-main,product-shots/BREI-AB2030161C1A1/main.jpg,1200,1200,RGB,False,0.150635,1.0,pass,10bab5d89159b15903aef6f1c9ab54fc121ba6822dfaceff23a2dbafdbf34b59
BREI-AB2030161C1A1-v2,main.jpg,final-main,product-shots/BREI-AB2030161C1A1-v2/main.jpg,1200,1200,RGB,False,0.150635,1.0,pass,10bab5d89159b15903aef6f1c9ab54fc121ba6822dfaceff23a2dbafdbf34b59
BREI-AB2030161C1S1,main.jpg,final-main,product-shots/BREI-AB2030161C1S1/main.jpg,1200,1200,RGB,False,0.146729,1.0,pass,2ac71c2e1b2165b534a8e88bc200407a84c9d88e17496bf73c4dcce028458b8e
BREI-AB2030161C1S1-v2,main.jpg,final-main,product-shots/BREI-AB2030161C1S1-v2/main.jpg,1200,1200,RGB,False,0.146729,1.0,pass,2ac71c2e1b2165b534a8e88bc200407a84c9d88e17496bf73c4dcce028458b8e
BREI-AB3112361L1S1,main.jpg,final-main,product-shots/BREI-AB3112361L1S1/main.jpg,1200,1200,RGB,False,0.149658,1.0,pass,ee5b5f4eb8c72430b4d400e4b66085496e76c7c6b3fd36b92f1edb7070996d36
BREI-E10379351B1E1,main.jpg,final-main,product-shots/BREI-E10379351B1E1/main.jpg,1200,1200,RGB,False,0.167969,1.0,pass,38e87a087ea1c18890ad740e9151026d5672cc727924e2d41ac1e9b452ea07a8
BREI-E10379351B1E1-v2,main.jpg,final-main,product-shots/BREI-E10379351B1E1-v2/main.jpg,1200,1200,RGB,False,0.167969,1.0,pass,38e87a087ea1c18890ad740e9151026d5672cc727924e2d41ac1e9b452ea07a8
BREI-E10379D31L1E1,main.jpg,final-main,product-shots/BREI-E10379D31L1E1/main.jpg,1200,1200,RGB,False,0.17041,1.0,pass,864de2429849e37a7c50aecb86920714b1f91e021a438a1cdf6ba46158b1e63c
BREI-E10379D31L1E1-v2,main.jpg,final-main,product-shots/BREI-E10379D31L1E1-v2/main.jpg,1200,1200,RGB,False,0.17041,1.0,pass,864de2429849e37a7c50aecb86920714b1f91e021a438a1cdf6ba46158b1e63c
BREI-E10379D31L1S1,main.jpg,final-main,product-shots/BREI-E10379D31L1S1/main.jpg,1200,1200,RGB,False,0.151367,1.0,pass,876c50f324c28c9c8ef8350c1350a4d40053b39398de3c89981c30d124c302ef
BREI-E10379D31L1S1-v2,main.jpg,final-main,product-shots/BREI-E10379D31L1S1-v2/main.jpg,1200,1200,RGB,False,0.151367,1.0,pass,876c50f324c28c9c8ef8350c1350a4d40053b39398de3c89981c30d124c302ef
BREI-EB0134101M1E1,main.jpg,final-main,product-shots/BREI-EB0134101M1E1/main.jpg,1200,1200,RGB,False,0.161865,1.0,pass,959ab632a54cbc82c911be858de2292104c8d7e4085c6eccaec2ab51956f1edf
BREI-EB0134101M1E1-v2,main.jpg,final-main,product-shots/BREI-EB0134101M1E1-v2/main.jpg,1200,1200,RGB,False,0.161865,1.0,pass,959ab632a54cbc82c911be858de2292104c8d7e4085c6eccaec2ab51956f1edf
BREI-EB0134101M1S1,main.jpg,final-main,product-shots/BREI-EB0134101M1S1/main.jpg,1200,1200,RGB,False,0.161133,1.0,pass,0f0b0642aaa0b5cc9fe8b89c26a2bae1e58ed79ac24a8fb53dde3fb8eb50f2d9
BREI-EB0148101B1E1,main.jpg,final-main,product-shots/BREI-EB0148101B1E1/main.jpg,1200,1200,RGB,False,0.159912,1.0,pass,f1cc6b57597e23a70d52bb7185bb1bff343540544035b1013e8e1b3b03fb4a92
BREI-EB0148101B1E1-v2,main.jpg,final-main,product-shots/BREI-EB0148101B1E1-v2/main.jpg,1200,1200,RGB,False,0.159912,1.0,pass,f1cc6b57597e23a70d52bb7185bb1bff343540544035b1013e8e1b3b03fb4a92
BREI-EB0148101B1X1,main.jpg,final-main,product-shots/BREI-EB0148101B1X1/main.jpg,1200,1200,RGB,False,0.167969,1.0,pass,4df6da33558157bacae81edfc51c1f107c432773b31980a5a40d58a87ed7fd76
BREI-EB0148101B1X1-v2,main.jpg,final-main,product-shots/BREI-EB0148101B1X1-v2/main.jpg,1200,1200,RGB,False,0.167969,1.0,pass,4df6da33558157bacae81edfc51c1f107c432773b31980a5a40d58a87ed7fd76
BREI-EB0148101C1E1,main.jpg,final-main,product-shots/BREI-EB0148101C1E1/main.jpg,1200,1200,RGB,False,0.15918,1.0,pass,0d454ae6019e48847c4e1ccd9761efe26437377cedd94f0556f49aa57b4c30a2
BREI-EB0148101C1E1-v2,main.jpg,final-main,product-shots/BREI-EB0148101C1E1-v2/main.jpg,1200,1200,RGB,False,0.15918,1.0,pass,0d454ae6019e48847c4e1ccd9761efe26437377cedd94f0556f49aa57b4c30a2
BREI-M13313101C1S1,main.jpg,final-main,product-shots/BREI-M13313101C1S1/main.jpg,1200,1200,RGB,False,0.169678,1.0,pass,7cc954eebf99c47f5d619c62e83762bc3c44459f1e8b1687398fd3692376ee52
BREI-M13313101C1S1-v2,main.jpg,final-main,product-shots/BREI-M13313101C1S1-v2/main.jpg,1200,1200,RGB,False,0.169678,1.0,pass,7cc954eebf99c47f5d619c62e83762bc3c44459f1e8b1687398fd3692376ee52
BREI-R17375211B1S1,main.jpg,final-main,product-shots/BREI-R17375211B1S1/main.jpg,1200,1200,RGB,False,0.14917,1.0,pass,b3e904c6550b182ebf99be8ea450e473cd70d447638026f899f7eb7be87bd19d
BREI-R17375211B1S1-v2,main.jpg,final-main,product-shots/BREI-R17375211B1S1-v2/main.jpg,1200,1200,RGB,False,0.14917,1.0,pass,b3e904c6550b182ebf99be8ea450e473cd70d447638026f899f7eb7be87bd19d
BREI-SB0146101B1X1,main.jpg,final-main,product-shots/BREI-SB0146101B1X1/main.jpg,1200,1200,RGB,False,0.159424,1.0,pass,75b8925e92b730be5bef063e0f25d549fbc33e35e557c3ee7e8e4c7038d335c7
BREI-SB0146101B1X1-v2,main.jpg,final-main,product-shots/BREI-SB0146101B1X1-v2/main.jpg,1200,1200,RGB,False,0.159424,1.0,pass,75b8925e92b730be5bef063e0f25d549fbc33e35e557c3ee7e8e4c7038d335c7
BREI-SB01472A1B1X1,main.jpg,final-main,product-shots/BREI-SB01472A1B1X1/main.jpg,1200,1200,RGB,False,0.137451,1.0,pass,6592feb8723e5e88c3ff1ad29c4a39ca5311123c447d80eb175f6a8f6e27348d
BREI-SB01472A1B1X1-v2,main.jpg,final-main,product-shots/BREI-SB01472A1B1X1-v2/main.jpg,1200,1200,RGB,False,0.137451,1.0,pass,6592feb8723e5e88c3ff1ad29c4a39ca5311123c447d80eb175f6a8f6e27348d
BREI-SB01473A1B1X1,main.jpg,final-main,product-shots/BREI-SB01473A1B1X1/main.jpg,1200,1200,RGB,False,0.133057,1.0,pass,23954381f5cfac3dfdef894f4ee68fbd5cd001a067fbbf648f52dc4e43c34703
BREI-SB01473A1B1X1-v2,main.jpg,final-main,product-shots/BREI-SB01473A1B1X1-v2/main.jpg,1200,1200,RGB,False,0.133057,1.0,pass,23954381f5cfac3dfdef894f4ee68fbd5cd001a067fbbf648f52dc4e43c34703
BREI-SB01474A1C1X1,main.jpg,final-main,product-shots/BREI-SB01474A1C1X1/main.jpg,1200,1200,RGB,False,0.137695,1.0,pass,cf4a2fa1f402969f1d925540205a225c77b31c1e0773dbc05a6b71ba45a3b026
BREI-SB0148101B1X1,main.jpg,final-main,product-shots/BREI-SB0148101B1X1/main.jpg,1200,1200,RGB,False,0.155029,1.0,pass,ff38f45e28b91e0f2bba500fb2e482392e6b82ac7cae5a99c81a40595a7eb656
BREI-SB0148101B1X1-v2,main.jpg,final-main,product-shots/BREI-SB0148101B1X1-v2/main.jpg,1200,1200,RGB,False,0.155029,1.0,pass,ff38f45e28b91e0f2bba500fb2e482392e6b82ac7cae5a99c81a40595a7eb656
BREI-SB04452A1C1X1,main.jpg,final-main,product-shots/BREI-SB04452A1C1X1/main.jpg,1200,1200,RGB,False,0.159668,1.0,pass,c1c184a34e3064e195df5c62b6404fcf9a7c223b3fd9562b728d468bb9dbe542
BREI-SB04452A1C1X1-v2,main.jpg,final-main,product-shots/BREI-SB04452A1C1X1-v2/main.jpg,1200,1200,RGB,False,0.159668,1.0,pass,c1c184a34e3064e195df5c62b6404fcf9a7c223b3fd9562b728d468bb9dbe542
BREI-U13313121B1A1,main.jpg,final-main,product-shots/BREI-U13313121B1A1/main.jpg,1200,1200,RGB,False,0.13916,1.0,pass,1a6ad9fff901c8e1f2074cc00622a176fc77ccb9811b538f838da80dbf3b0f40
BREI-U13313121B1A1-v2,main.jpg,final-main,product-shots/BREI-U13313121B1A1-v2/main.jpg,1200,1200,RGB,False,0.13916,1.0,pass,1a6ad9fff901c8e1f2074cc00622a176fc77ccb9811b538f838da80dbf3b0f40
BREI-UB2010121B1S1,main.jpg,final-main,product-shots/BREI-UB2010121B1S1/main.jpg,1200,1200,RGB,False,0.134766,1.0,pass,d3edb450e9b29e891dee3993b671aa7626338dfb50e61006cfcae55955360a9f
BREI-UB2010121B1S1-v2,main.jpg,final-main,product-shots/BREI-UB2010121B1S1-v2/main.jpg,1200,1200,RGB,False,0.134766,1.0,pass,d3edb450e9b29e891dee3993b671aa7626338dfb50e61006cfcae55955360a9f
BREI-UB2030121B1A1,main.jpg,final-main,product-shots/BREI-UB2030121B1A1/main.jpg,1200,1200,RGB,False,0.141602,1.0,pass,dd28000038fd9581e357cc54335ed52cc5cb2e23816536389ad7b8e6cb7ad12f
BREI-UB2030121B1S1,main.jpg,final-main,product-shots/BREI-UB2030121B1S1/main.jpg,1200,1200,RGB,False,0.147461,1.0,pass,584c4b964bf4e081dd5cc7ff2d2775132b4322a45650007e9bb878fc09db031a
BREI-UB2030121B1S1-v2,main.jpg,final-main,product-shots/BREI-UB2030121B1S1-v2/main.jpg,1200,1200,RGB,False,0.147461,1.0,pass,584c4b964bf4e081dd5cc7ff2d2775132b4322a45650007e9bb878fc09db031a
BREI-V17319101B1X1,main.jpg,final-main,product-shots/BREI-V17319101B1X1/main.jpg,1200,1200,RGB,False,0.135254,1.0,pass,3651cd0b7ed2d6529e7a7dbe6331439911e5f0749ffbb0a2cb2ba0a5dd167397
BREI-V17319101B1X1-v2,main.jpg,final-main,product-shots/BREI-V17319101B1X1-v2/main.jpg,1200,1200,RGB,False,0.135254,1.0,pass,3651cd0b7ed2d6529e7a7dbe6331439911e5f0749ffbb0a2cb2ba0a5dd167397
BREI-W10,main.jpg,final-main,product-shots/BREI-W10/main.jpg,1200,1200,RGB,False,1.0,1.0,pass,2723591313b8d1071e05449473d9f6209c7d0d800572c4c0ea217898b3f34911
BREI-W1102,main.jpg,final-main,product-shots/BREI-W1102/main.jpg,1200,1200,RGB,False,1.0,1.0,pass,f7cb4279020b88934be1901688dfbcae9e64bd39f8ff27c1dc5bc18f8e4aac6f
BREI-W111,main.jpg,final-main,product-shots/BREI-W111/main.jpg,1200,1200,RGB,False,1.0,1.0,pass,2397bee78c9110d9b928343a77e053f5fb31ab92491642567fcb4b92b54bbf1d
BREI-W1115,main.jpg,final-main,product-shots/BREI-W1115/main.jpg,1200,1200,RGB,False,1.0,1.0,pass,b409ead7f6d6a9edf05c766296419016f0f99697ae03d895b280d839f9a2d531
BREI-W1116,main.jpg,final-main,product-shots/BREI-W1116/main.jpg,1200,1200,RGB,False,1.0,1.0,pass,1b88e62cbaa8f4224cdb6a97badfac370174b1527843791f557af8fe46bb5cf7
BREI-W112,main.jpg,final-main,product-shots/BREI-W112/main.jpg,1200,1200,RGB,False,1.0,1.0,pass,3261c2b8ca12085661d1c8e5d2a86bf09a73d93f78937c94878d309110c4621d
BREI-W1123,main.jpg,final-main,product-shots/BREI-W1123/main.jpg,1200,1200,RGB,False,1.0,1.0,pass,73aabe10d957b746563d0ed5b6d0c24446c91f552ec8cf091f5cdea140ccb947
BREI-W1124,main.jpg,final-main,product-shots/BREI-W1124/main.jpg,1200,1200,RGB,False,1.0,1.0,pass,a7baa59c703cb1a177e4c48aff834ed21c336599f1621680237c24406483dd10
BREI-W113,main.jpg,final-main,product-shots/BREI-W113/main.jpg,1200,1200,RGB,False,1.0,1.0,pass,d8f8560d8eceb1dc2f3860dd33fb711c7c8fb85afc83dab8b1d85d2fb1266376
BREI-W1131,main.jpg,final-main,product-shots/BREI-W1131/main.jpg,1200,1200,RGB,False,1.0,1.0,pass,2f8f06b66af724c48cadf14a10502a938c9e6c60d01e1f8d96c4f6ca8002345c
BREI-W1137,main.jpg,final-main,product-shots/BREI-W1137/main.jpg,1200,1200,RGB,False,1.0,1.0,pass,b89ac0edba65b9d6f26e6ae5b5a5095e4c37d0abf04240220ceff051cccf7f76
BREI-W1156,main.jpg,final-main,product-shots/BREI-W1156/main.jpg,1200,1200,RGB,False,1.0,1.0,pass,5ffcc54e1f8a7bcf3cdca189eb20f15b2eed9a99ecea1149aac1c02e03621e5d
BREI-W1158,main.jpg,final-main,product-shots/BREI-W1158/main.jpg,1200,1200,RGB,False,1.0,1.0,pass,71ccc9f1140ca0751206e9d47767581232463e68afaa6e94a3212e459bc7e01e
BREI-W116,main.jpg,final-main,product-shots/BREI-W116/main.jpg,1200,1200,RGB,False,1.0,1.0,pass,e898b8534a66fde515535c3be784ee8b7a6f5146d7ee81b150f3b21dcf578415
BREI-W1162,main.jpg,final-main,product-shots/BREI-W1162/main.jpg,1200,1200,RGB,False,1.0,1.0,pass,50979d8923dedbb712bcc82d56f45a24eacc0ef0896b4adfa283e46d3c265d52
BREI-W1163,main.jpg,final-main,product-shots/BREI-W1163/main.jpg,1200,1200,RGB,False,1.0,1.0,pass,4d8a512225b0f889855b666daf77e74b3c1b25b1939ecf9986ecab2f19425ab1
BREI-W1164,main.jpg,final-main,product-shots/BREI-W1164/main.jpg,1200,1200,RGB,False,1.0,1.0,pass,5e2d4bbeeb8950a8bd849894f01bcb0300eadac03ff5218065e3f0072663b979
BREI-W1167,main.jpg,final-main,product-shots/BREI-W1167/main.jpg,1200,1200,RGB,False,1.0,1.0,pass,72b9daa38e2ea26cfbc1e0d255aeeabf549e2b9f551ae3bf44020ec8c62c9485
BREI-W1179,main.jpg,final-main,product-shots/BREI-W1179/main.jpg,1200,1200,RGB,False,1.0,1.0,pass,192e9a916605b8822e9d5c6e56cbbcd9779f4848214befbb6f37ea2059b82ff9
BREI-W118,main.jpg,final-main,product-shots/BREI-W118/main.jpg,1200,1200,RGB,False,1.0,1.0,pass,07876f339ca9699b3950fbf94b80437beb20c2d75a72890388f38b2d1b015f2b
BREI-W1180,main.jpg,final-main,product-shots/BREI-W1180/main.jpg,1200,1200,RGB,False,1.0,1.0,pass,a422ee7f992ce8c65222abbcdbba828bdfa4deb3555345d6560f42c2f94e3880
BREI-W1199,main.jpg,final-main,product-shots/BREI-W1199/main.jpg,1200,1200,RGB,False,1.0,1.0,pass,8a253269c7d32cdc02348c9ec7e5de56e3dc8aceb0562d38b4d1b48dbfcabb97
BREI-W1200,main.jpg,final-main,product-shots/BREI-W1200/main.jpg,1200,1200,RGB,False,1.0,1.0,pass,76c374be09766b62ede97423ed863c7f593942e0cc764b5bd6953125a3523885
BREI-W1202,main.jpg,final-main,product-shots/BREI-W1202/main.jpg,1200,1200,RGB,False,1.0,1.0,pass,a2b9d606d0f370a77de898d4619a3975d02e266cc41589d58f35fd49c02aa349
BREI-W1203,main.jpg,final-main,product-shots/BREI-W1203/main.jpg,1200,1200,RGB,False,1.0,1.0,pass,bd7d516120395610823beec5fa138595a0a46308c32b679eed1d3a491eec4745
BREI-W1204,main.jpg,final-main,product-shots/BREI-W1204/main.jpg,1200,1200,RGB,False,1.0,1.0,pass,c830a3c9ac370d6d500221cdf4f19193fcf670a776e4d082ada7d4ac6072ce4e
BREI-W1206,main.jpg,final-main,product-shots/BREI-W1206/main.jpg,1200,1200,RGB,False,1.0,1.0,pass,5bff24ce1b9d2f2be59a79ff18d917340220fb6a1839a67a7ad9e77c38ce22ab
BREI-W1207,main.jpg,final-main,product-shots/BREI-W1207/main.jpg,1200,1200,RGB,False,1.0,1.0,pass,bbe9686c1243b5d3ae4a4226d0c0a10c4c18115099a067b1676ca84ad35d3932
BREI-W1208,main.jpg,final-main,product-shots/BREI-W1208/main.jpg,1200,1200,RGB,False,1.0,1.0,pass,0fe09cc45f126d20fa428604591db1ecf0d321f60372e1077391beaeddf71ce5
BREI-W1210,main.jpg,final-main,product-shots/BREI-W1210/main.jpg,1200,1200,RGB,False,1.0,1.0,pass,5618a664f9ac441b06e9ea240dc437a063fd605757af6d04e78f71e88caf5bd2
BREI-W1216,main.jpg,final-main,product-shots/BREI-W1216/main.jpg,1200,1200,RGB,False,1.0,1.0,pass,a5ae7c07b7741cb7e425affcb1995ca1b62bbbd450e58d90e6a22242f40c51e1
BREI-W1218,main.jpg,final-main,product-shots/BREI-W1218/main.jpg,1200,1200,RGB,False,1.0,1.0,pass,29725864f8bde8d311f31a5232e9fe7763bdc3a094de19cb6b18465539f10ea5
BREI-W1219,main.jpg,final-main,product-shots/BREI-W1219/main.jpg,1200,1200,RGB,False,1.0,1.0,pass,5292cce9b17b4bdd1241bf59c0c6b89eef00841f47d3dd846721a56894ea28ee
BREI-W1220,main.jpg,final-main,product-shots/BREI-W1220/main.jpg,1200,1200,RGB,False,1.0,1.0,pass,e27053a79904e0676890693a3bdd65a0466bd31b38c51d8ac75903b887a8ba77
BREI-W1223,main.jpg,final-main,product-shots/BREI-W1223/main.jpg,1200,1200,RGB,False,1.0,1.0,pass,df2e03a234e96543f69d6d1aeb4e48343438542b635c4abd96df6e5ae885b29b
BREI-W123,main.jpg,final-main,product-shots/BREI-W123/main.jpg,1200,1200,RGB,False,1.0,1.0,pass,80c4821f10a02073c589a50caa57dc0a58b8a65062cf68da8871a0042b9ccd11
BREI-W1245,main.jpg,final-main,product-shots/BREI-W1245/main.jpg,1200,1200,RGB,False,1.0,1.0,pass,e662f2b3f743b63515bfc01fd7406b79ee6700500e180fa8973c30e5f244f5ce
BREI-W125,main.jpg,final-main,product-shots/BREI-W125/main.jpg,1200,1200,RGB,False,1.0,1.0,pass,549f0632034382c79b1599c74a3a39493a7ae891dad5f4a0932b0f85239f5ff9
BREI-W126,main.jpg,final-main,product-shots/BREI-W126/main.jpg,1200,1200,RGB,False,1.0,1.0,pass,8c9eefad155e985f03881ef131acfcd651a5ba1e49ae43c009185188aa3cd2e4
BREI-W127,main.jpg,final-main,product-shots/BREI-W127/main.jpg,1200,1200,RGB,False,1.0,1.0,pass,9a24af2a63b9400f18d577ded8f472b790db372122567a009b343af69f38a7cf
BREI-W128,main.jpg,final-main,product-shots/BREI-W128/main.jpg,1200,1200,RGB,False,1.0,1.0,pass,282adc4de37ce97d7246c6fbe71c10e648b490138d9e3459527f57902e261a8f
BREI-W130,main.jpg,final-main,product-shots/BREI-W130/main.jpg,1200,1200,RGB,False,1.0,1.0,pass,5be6ae04b79e92a61e121595c00eef4db1455cf92479636b4377b9187b93f82d
BREI-W135,main.jpg,final-main,product-shots/BREI-W135/main.jpg,1200,1200,RGB,False,1.0,1.0,pass,aacb87031bcc38961ac194a3dc653f36335d27d0f69588476e18de49db92a0bc
BREI-W136,main.jpg,final-main,product-shots/BREI-W136/main.jpg,1200,1200,RGB,False,1.0,1.0,pass,a564be6337b1f2cfea5b55efd219d7ac9d3efaa821061c8d2dff0f163caa84bc
BREI-W138,main.jpg,final-main,product-shots/BREI-W138/main.jpg,1200,1200,RGB,False,1.0,1.0,pass,9360445caff964b06d42cf2596d95a49f5b849787e017426eda2113d2a2f81c1
BREI-W14,main.jpg,final-main,product-shots/BREI-W14/main.jpg,1200,1200,RGB,False,1.0,1.0,pass,1f3f1a392d4e6f921fbd5c49f98ca10b561d01fb09add9c47bbaeeda1121349b
BREI-W140,main.jpg,final-main,product-shots/BREI-W140/main.jpg,1200,1200,RGB,False,1.0,1.0,pass,09c76fe91adeb52da5294e8af9a5cfa8bd663ec75a43b1e4607c88b11783c3af
BREI-W146,main.jpg,final-main,product-shots/BREI-W146/main.jpg,1200,1200,RGB,False,1.0,1.0,pass,1067c25b45ff9f2718c7df3af465e9fb7d293b96636bb19f9fa9befd4bd36964
BREI-W154,main.jpg,final-main,product-shots/BREI-W154/main.jpg,1200,1200,RGB,False,1.0,1.0,pass,aae981b5b4dd11a1237ac375a1cb935b21ebf914e33514b59cc589f032ec3eed
BREI-W156,main.jpg,final-main,product-shots/BREI-W156/main.jpg,1200,1200,RGB,False,1.0,1.0,pass,ec80d4732f129ff7b7f5315d7e06c738741dc3fa3db2ea70c08eed7f6f1f1620
BREI-W159,main.jpg,final-main,product-shots/BREI-W159/main.jpg,1200,1200,RGB,False,1.0,1.0,pass,e9570e75b142e0b7abcfee1cf9f5def97dea16f6706307528fdb0b8bb84f4915
BREI-W16,main.jpg,final-main,product-shots/BREI-W16/main.jpg,1200,1200,RGB,False,1.0,1.0,pass,0e1a64b3824376e02a6a27642eda01a22a3dcd49377677dd26003d74afc201f7
BREI-W17,main.jpg,final-main,product-shots/BREI-W17/main.jpg,1200,1200,RGB,False,1.0,1.0,pass,3e786a8dd80d130862753c4e7c5c0259a8c315dd4787691e05abcc0a4236b5e5
BREI-W185,main.jpg,final-main,product-shots/BREI-W185/main.jpg,1200,1200,RGB,False,1.0,1.0,pass,0e9aa558a0e447b5408234263dc2e669de79f50c695d76b0b0c61846e384eecb
BREI-W19,main.jpg,final-main,product-shots/BREI-W19/main.jpg,1200,1200,RGB,False,1.0,1.0,pass,9d9469d815e3e1e82fb2e45f3a0160aa787a433f457007b0da5ae6e370e98bee
BREI-W191,main.jpg,final-main,product-shots/BREI-W191/main.jpg,1200,1200,RGB,False,1.0,1.0,pass,ec2d9ffc5472991aeb96a5e7b298a21d833da0c415a287ef40c8880cfb58fce4
BREI-W193,main.jpg,final-main,product-shots/BREI-W193/main.jpg,1200,1200,RGB,False,1.0,1.0,pass,6c007b14addb7a59802a0075f728ed9e20d91364330457078fb7dd9fcaf37aef
BREI-W195,main.jpg,final-main,product-shots/BREI-W195/main.jpg,1200,1200,RGB,False,1.0,1.0,pass,77dabc2761d303c04ac6ef6332738c4a65f0c073c489bae5cd27b2100da5e835
BREI-W2101,main.jpg,final-main,product-shots/BREI-W2101/main.jpg,1200,1200,RGB,False,1.0,1.0,pass,0f83d00992bc9d13e9c7be272cd4c040f61559bdaabb19fa977b63c820a41144
BREI-W2102,main.jpg,final-main,product-shots/BREI-W2102/main.jpg,1200,1200,RGB,False,1.0,1.0,pass,8f59055fabd62366d26efe0d95b913861fa2ff71cc63a100237cb02e7b90db72
BREI-W2115,main.jpg,final-main,product-shots/BREI-W2115/main.jpg,1200,1200,RGB,False,1.0,1.0,pass,1c3cba9459cc5e4fdfe6dc552c49549eb938b7a4362473a39b127735e4ae3724
BREI-W2119,main.jpg,final-main,product-shots/BREI-W2119/main.jpg,1200,1200,RGB,False,1.0,1.0,pass,e600f6c4806072af4fa1f485e0f0a8aa0a8fb912dc8b787a44b0e08040616b23
BREI-W2126,main.jpg,final-main,product-shots/BREI-W2126/main.jpg,1200,1200,RGB,False,1.0,1.0,pass,8e358797a1e1fe66cd43adbc8562a7c0c275b3d0aec4da8acaed3db3974817a1
BREI-W2133,main.jpg,final-main,product-shots/BREI-W2133/main.jpg,1200,1200,RGB,False,1.0,1.0,pass,5cb9cf6b2f560e6cbaf50cfe9652f69967dbbb29feab3d0602d7c362d362c701
BREI-W2239,main.jpg,final-main,product-shots/BREI-W2239/main.jpg,1200,1200,RGB,False,0.161865,1.0,pass,80335a5463e30cbc56db80af0aeee38d910e3bf426cfd832f971a410ac7394e1
BREI-WW102,main.jpg,final-main,product-shots/BREI-WW102/main.jpg,1200,1200,RGB,False,1.0,1.0,pass,4761f12f009429d7f0f87f01216cb327cb0e69f155ede2868d613ba2cce208a9
BREI-WW14,main.jpg,final-main,product-shots/BREI-WW14/main.jpg,1200,1200,RGB,False,1.0,1.0,pass,3c7ee1e1ed04d6035dec1cc2992f304ab1bdf70c642deb8bb5ebd7350fb75196
BREI-WW195,main.jpg,final-main,product-shots/BREI-WW195/main.jpg,1200,1200,RGB,False,1.0,1.0,pass,91c5f466fb5d72d1758852c5695079c484c8e54a2e3077736c08a3f0cd451dad
BREI-WW231,main.jpg,final-main,product-shots/BREI-WW231/main.jpg,1200,1200,RGB,False,1.0,1.0,pass,edfc33daa83b8f56e3ae1132eaf2f09ddd66bf27d307d22794b0ce0d1faa1014
BREI-WW340,main.jpg,final-main,product-shots/BREI-WW340/main.jpg,1200,1200,RGB,False,1.0,1.0,pass,9c87da3f141d68e7cb8b917e927d3b989e9b7ea826661604c6e4d1c05ee1fa57
BREI-WW381,main.jpg,final-main,product-shots/BREI-WW381/main.jpg,1200,1200,RGB,False,1.0,1.0,pass,b77f6ceb6ebe297046700066ccfb2c40a2ee81c693fca72501a830c7de9a9977
BREI-WW387,main.jpg,final-main,product-shots/BREI-WW387/main.jpg,1200,1200,RGB,False,1.0,1.0,pass,963dbc6dd5cc05040faa640833f60dee544189a97ae766c45ce329b81cafc2fa
BREI-WW388,main.jpg,final-main,product-shots/BREI-WW388/main.jpg,1200,1200,RGB,False,1.0,1.0,pass,b03a72250ead246d93ec71f61268dec939d2b2095b18a3990fd59e620af1a8b6
BREI-WW404,main.jpg,final-main,product-shots/BREI-WW404/main.jpg,1200,1200,RGB,False,1.0,1.0,pass,f0dbf42d9302c3557c71a4735e82e9c86b1c9369572815dfa0bfbb41209cdc7c
BREI-WW408,main.jpg,final-main,product-shots/BREI-WW408/main.jpg,1200,1200,RGB,False,1.0,1.0,pass,f378ff52aa0eae1b1c06aedb8da214394f2412b03c791e5281bad7fc6869aeaa
BREI-WW416,main.jpg,final-main,product-shots/BREI-WW416/main.jpg,1200,1200,RGB,False,1.0,1.0,pass,c363b8d19ca03fe1e50b1b37df092ee39997e4575968e03d8a43e1cf10456246
BREI-WW465,main.jpg,final-main,product-shots/BREI-WW465/main.jpg,1200,1200,RGB,False,1.0,1.0,pass,6aa2badcc18da4a25e05f2fc36312906291da58e9cc8f0ab8e102c8469a5d54e
BREI-WW511,main.jpg,final-main,product-shots/BREI-WW511/main.jpg,1200,1200,RGB,False,1.0,1.0,pass,44b4bb704a6e19926a83cafd1226455358a8e973b8d8f86900157b89840923da
BREI-WW512,main.jpg,final-main,product-shots/BREI-WW512/main.jpg,1200,1200,RGB,False,1.0,1.0,pass,ceca410be1b89cf700a2d1afbd3cf0d08f990d8cb62e4cc6996c02bf15fbc5ea
BREI-WW595,main.jpg,final-main,product-shots/BREI-WW595/main.jpg,1200,1200,RGB,False,1.0,1.0,pass,16d4227c15822e441db4ce523ae27a2ac085372a76e8dc7bee75c7f366ebac15
BREI-WW624,main.jpg,final-main,product-shots/BREI-WW624/main.jpg,1200,1200,RGB,False,1.0,1.0,pass,01ae169ea375c32e1b297dfe32511053e82b46585f5d82ac40a700f377f8d2bb
BREI-WW814,main.jpg,final-main,product-shots/BREI-WW814/main.jpg,1200,1200,RGB,False,1.0,1.0,pass,27b3a85d4a94f3b58b57a86e509872badcc7a67d322b2f77987a133da7b46d69
BREI-WW868,main.jpg,final-main,product-shots/BREI-WW868/main.jpg,1200,1200,RGB,False,1.0,1.0,pass,52dd0e226064aaba8fd8ac6dd51fb3e9d3512a0bf90752e5c0ca685d05c4a8ac
BREI-WWNA10320101A1A1,main.jpg,final-main,product-shots/BREI-WWNA10320101A1A1/main.jpg,1200,1200,RGB,False,1.0,1.0,pass,75d8bb67b907388616cfeec1837af90c76b1f4466ff737f24dc7f954dc907489
BREI-WWNA10380101C1A1,main.jpg,final-main,product-shots/BREI-WWNA10380101C1A1/main.jpg,1200,1200,RGB,False,1.0,1.0,pass,6f22bbd824891271ef6a58ae2c2227fee08c4cb34212ccc1f12a2d42cd25c6fd
BREI-WWNA10380591A1A1,main.jpg,final-main,product-shots/BREI-WWNA10380591A1A1/main.jpg,1200,1200,RGB,False,1.0,1.0,pass,3fe71acb7374bf8bed3d1fb2393979e0b2430f108d54fe85cb4ad347b216c555
BREI-WWNA10380591L1A1,main.jpg,final-main,product-shots/BREI-WWNA10380591L1A1/main.jpg,1200,1200,RGB,False,1.0,1.0,pass,e469bb909b77a8de833acf0464a0d819f7716ce792d4c09a2ce99129ae1b7373
BREI-WWNA173265A1K1P2,main.jpg,final-main,product-shots/BREI-WWNA173265A1K1P2/main.jpg,1200,1200,RGB,False,1.0,1.0,pass,15b60f0ad19e593a1a24d2029411732d764e86999a25af7a0d52a46cdfec203d
BREI-WWNA17329161C1P1,main.jpg,final-main,product-shots/BREI-WWNA17329161C1P1/main.jpg,1200,1200,RGB,False,1.0,1.0,pass,f7c3a20813ffe689a637c34e8c89e7cf4160685002b703da2b24470f25b49abe
BREI-WWNA17329371L1A1,main.jpg,final-main,product-shots/BREI-WWNA17329371L1A1/main.jpg,1200,1200,RGB,False,1.0,1.0,pass,78880e3c90ef22bc41d1df1b2b5a7401789b1f89f2bd93beb2b756d581776748
BREI-WWNA17356531C1A1,main.jpg,final-main,product-shots/BREI-WWNA17356531C1A1/main.jpg,1200,1200,RGB,False,1.0,1.0,pass,9eb4fd90f8cd9ee89d521648c7c31e5e62000ad2a87d4d33712a146be07db72f
BREI-WWNA17375211B1S1,main.jpg,final-main,product-shots/BREI-WWNA17375211B1S1/main.jpg,1200,1200,RGB,False,1.0,1.0,pass,29299495a20453af1987e2f72a9f364f3616bd2ef8174ebf075f9eb8369b291b
BREI-WWNA17375E71G1A1,main.jpg,final-main,product-shots/BREI-WWNA17375E71G1A1/main.jpg,1200,1200,RGB,False,1.0,1.0,pass,66e7615078c1996e7527304ffae7e8d6ccf048627523ae90caa93ea0e5da82d3
BREI-WWNA17376211B1A1,main.jpg,final-main,product-shots/BREI-WWNA17376211B1A1/main.jpg,1200,1200,RGB,False,1.0,1.0,pass,0737160b3150d3223a76a3da27483c5c375167d8fbf5e4614d6a11d1c4668394
BREI-WWNA17376211L2S1,main.jpg,final-main,product-shots/BREI-WWNA17376211L2S1/main.jpg,1200,1200,RGB,False,1.0,1.0,pass,82c49b15931a246f3e1eace8b9a610e9e0436f0090220129fb562bd2b77b87f1
BREI-WWNA17376A31L1A1,main.jpg,final-main,product-shots/BREI-WWNA17376A31L1A1/main.jpg,1200,1200,RGB,False,1.0,1.0,pass,512ac64ed2d400443ea198ac2006e2c939b562e289a817fc96b4faa4c1af97e8
BREI-WWNA17377211C1A1,main.jpg,final-main,product-shots/BREI-WWNA17377211C1A1/main.jpg,1200,1200,RGB,False,1.0,1.0,pass,3c0d6d60f2d17fb59cdd7b1ace0c9b7d08286514d0acaa53356b497504c5b9b3
BREI-WWNA17378E71C1S1,main.jpg,final-main,product-shots/BREI-WWNA17378E71C1S1/main.jpg,1200,1200,RGB,False,1.0,1.0,pass,5343c0db367422972dd7c321e920121f1c542ae2a2f98fef5a09c815cec7e7eb
BREI-WWNA233803A1B1A1,main.jpg,final-main,product-shots/BREI-WWNA233803A1B1A1/main.jpg,1200,1200,RGB,False,1.0,1.0,pass,1c2a7d25d342163c9580f551e5266383df5f8efcf4e7468084c5ebf581e11e8b
BREI-WWNA32310171C1P1,main.jpg,final-main,product-shots/BREI-WWNA32310171C1P1/main.jpg,1200,1200,RGB,False,1.0,1.0,pass,8789c92bc1d6197a91498a6efd52406e21ee75a626f378653fd1ebc92f243c6d
BREI-WWNA77310591A1A1,main.jpg,final-main,product-shots/BREI-WWNA77310591A1A1/main.jpg,1200,1200,RGB,False,1.0,1.0,pass,f76901a592137944951ede8b3c00e4552b1bd00d3983dff59155879f28ce1d48
BREI-WWNA77320171C1P1,main.jpg,final-main,product-shots/BREI-WWNA77320171C1P1/main.jpg,1200,1200,RGB,False,1.0,1.0,pass,2ccb9d39852eee2a482e2dcfa38b059d3a056513098b55de76f5be9a70ed8ee2
BREI-WWNA77320D91K1P1,main.jpg,final-main,product-shots/BREI-WWNA77320D91K1P1/main.jpg,1200,1200,RGB,False,1.0,1.0,pass,0901fb63de5f880454a8a3f587f4ac049129d8e2733a2b3aecb15ebe5c38817d
BREI-WWNA77330121A2A1,main.jpg,final-main,product-shots/BREI-WWNA77330121A2A1/main.jpg,1200,1200,RGB,False,1.0,1.0,pass,f0ac04d7765f90ed6313fc641b68f1ce20cf9719fd5874a64ac636d478f0cf21
BREI-WWNA77330671C1A1,main.jpg,final-main,product-shots/BREI-WWNA77330671C1A1/main.jpg,1200,1200,RGB,False,1.0,1.0,pass,3d49d938e19dfd7cdbd75416a27b7bb306fc92edf0eb1ac7f277446de994903e
BREI-WWNAB0134101L2A1,main.jpg,final-main,product-shots/BREI-WWNAB0134101L2A1/main.jpg,1200,1200,RGB,False,1.0,1.0,pass,15c533687825b116b62f9ddd18413f97075a9acf8d21d70fb74214a306ef0426
BREI-WWNAB0136251B1A2 UTC,main.jpg,final-main,product-shots/BREI-WWNAB0136251B1A2 UTC/main.jpg,1200,1200,RGB,False,1.0,1.0,pass,a8de9252934ad2df88a11d07a2e5ff87e872bfc96efdcfc582299fb0bea4eece
BREI-WWNAB0145371L1A1,main.jpg,final-main,product-shots/BREI-WWNAB0145371L1A1/main.jpg,1200,1200,RGB,False,1.0,1.0,pass,52aa69d6dcfdbbd74a4febed8a67c150d67ce845f6862767f23f58e65cfd7910
BREI-WWNAB01766A1A1A1,main.jpg,final-main,product-shots/BREI-WWNAB01766A1A1A1/main.jpg,1200,1200,RGB,False,1.0,1.0,pass,e82f166103e8d63e28dcf1e45f9dee59b32211e6488ce530407a606d04e74f39
BREI-WWNAB3111241B1S1,main.jpg,final-main,product-shots/BREI-WWNAB3111241B1S1/main.jpg,1200,1200,RGB,False,1.0,1.0,pass,1a3f2bb50dd65004697dfc4be6cb934eb30cde7151efe3a16e3f2a8950ac0d41
BREI-WWNAB3113A71C1A1,main.jpg,final-main,product-shots/BREI-WWNAB3113A71C1A1/main.jpg,1200,1200,RGB,False,1.0,1.0,pass,2d4f2f378cae43f3d5426ff0b878a5d2996d4bb57224c1d653591ab03cb04f52
BREI-WWNAB3114101L1A1,main.jpg,final-main,product-shots/BREI-WWNAB3114101L1A1/main.jpg,1200,1200,RGB,False,1.0,1.0,pass,90bc7065ea606e02da1a802b20a98c2c8caa425ce7d899d241e7ba1831a07e2a
BREI-WWNE10379351B1E1,main.jpg,final-main,product-shots/BREI-WWNE10379351B1E1/main.jpg,1200,1200,RGB,False,1.0,1.0,pass,fb70a7f320d96462a42f8a4e3a5903d97c2197f80f8d00cd8acd9f4690abc98f
BREI-WWNR17329F41G1P1,main.jpg,final-main,product-shots/BREI-WWNR17329F41G1P1/main.jpg,1200,1200,RGB,False,1.0,1.0,pass,04c74d70d9093e610032896e77bfea009e096bb0367cd9d14e40f5f770368b08
BREI-WWNR77320E61A1P1,main.jpg,final-main,product-shots/BREI-WWNR77320E61A1P1/main.jpg,1200,1200,RGB,False,1.0,1.0,pass,2556cda50f072ceb8dfd1d1e3a3ff2aee02c203f4d8dcfa12ad60b11c56791ee
BREI-WWNTB0134101M1X1,main.jpg,final-main,product-shots/BREI-WWNTB0134101M1X1/main.jpg,1200,1200,RGB,False,1.0,1.0,pass,1ff26458d45ef320280744a0d3653bf84e5ce485e0e4f5c5b0fbe8ed6c8c8e99
BREI-WWNX82310D51B1S2,main.jpg,final-main,product-shots/BREI-WWNX82310D51B1S2/main.jpg,1200,1200,RGB,False,1.0,1.0,pass,b852954f643bfd80c2e6eea63c9f847e9b2fb495d19c2f13f3bb361110089ee0
BREI-WWNX82310E51B1S2,main.jpg,final-main,product-shots/BREI-WWNX82310E51B1S2/main.jpg,1200,1200,RGB,False,1.0,1.0,pass,775abd8938d3c05c3ba22f179e614fad3621761e76192d57e42b84bed72271e9
BREI-WWNX83310D41B1S1,main.jpg,final-main,product-shots/BREI-WWNX83310D41B1S1/main.jpg,1200,1200,RGB,False,1.0,1.0,pass,0fb5526de308acf85b4502060bb135bf449a2ebe745fcc38ef99685c0d9d023b
BREI-X823109C1B1S1,main.jpg,final-main,product-shots/BREI-X823109C1B1S1/main.jpg,1200,1200,RGB,False,0.147705,1.0,pass,ffe8997cca64c3314022407e8078b6d0c090da0f14d2d4242bcda5f3a9e7cae6
BREI-X82310D91B1S1,main.jpg,final-main,product-shots/BREI-X82310D91B1S1/main.jpg,1200,1200,RGB,False,0.134521,1.0,pass,79d772e14ed0b35e2e7d636545bfcfe57ccd8c816f5ff703319b07ac9edcaff8
BREI-YB04451A1B1A1,main.jpg,final-main,product-shots/BREI-YB04451A1B1A1/main.jpg,1200,1200,RGB,False,0.16748,1.0,pass,ff98eb4d9034516bd2fd86f74a2cc44e084ba4dbe67f12c3d8c33aa95ba7796c
BREI-YB04451A1B1A1-v2,main.jpg,final-main,product-shots/BREI-YB04451A1B1A1-v2/main.jpg,1200,1200,RGB,False,0.16748,1.0,pass,ff98eb4d9034516bd2fd86f74a2cc44e084ba4dbe67f12c3d8c33aa95ba7796c
BULO-2006M9,main.jpg,final-main,product-shots/BULO-2006M9/main.jpg,1200,1200,RGB,False,1.0,1.0,pass,89415e3553d87625a89aa9dc4322554ab1155b6312010993ee96d10987d1f871
CART-81750353,main.jpg,final-main,product-shots/CART-81750353/main.jpg,1200,1200,RGB,False,1.0,1.0,pass,0cdddf3cd2dd6057af66faf9741ba4636c3100414623e36f5fd87fd3ae39df3f
CART-83784647,main.jpg,final-main,product-shots/CART-83784647/main.jpg,1200,1200,RGB,False,1.0,1.0,pass,32da8d445a28780b9e9166b59c5f7cb669389bf05f66ebd803cb4b477781b8f0
CART-N10796,main.jpg,final-main,product-shots/CART-N10796/main.jpg,1200,1200,RGB,False,0.168945,1.0,pass,db8cea054ff30ddfbe7268efcbb35befc28f6116424b9402e8fed20b85bc1bd6
CART-W1011258,main.jpg,final-main,product-shots/CART-W1011258/main.jpg,1200,1200,RGB,False,1.0,1.0,pass,a2662afbeb394c6b30b3d971666f4654d91ac4cc0591431dee81984514bb27f3
CART-W1527951,main.jpg,final-main,product-shots/CART-W1527951/main.jpg,1200,1200,RGB,False,0.18042,1.0,pass,49848dea6a2f7999fed68501111228523a3e545e7dfba1afdf7d6c13e2cc95f1
CART-W15364W3,main.jpg,final-main,product-shots/CART-W15364W3/main.jpg,1200,1200,RGB,False,1.0,1.0,pass,7465e1e18806fd0c4463c3d6d388906c9d650beeee4ff6a462743fea70257de4
CART-W1537238,main.jpg,final-main,product-shots/CART-W1537238/main.jpg,1200,1200,RGB,False,1.0,1.0,pass,fd51bd9a08cc1e6e50042bce31653f9da883e60946a54248a8f39abdedf93c73
CART-W1556361,main.jpg,final-main,product-shots/CART-W1556361/main.jpg,1200,1200,RGB,False,1.0,1.0,pass,a09ff3dc98ade10d4d6a78d565f4591360e2c5f44dadaf6f1332774f1f38e1c5
CART-W15X5856,main.jpg,final-main,product-shots/CART-W15X5856/main.jpg,1200,1200,RGB,False,0.18457,1.0,pass,7bf0361e6d432fea5a85de712cee9d042533375983526d9266b4114d85a671f4
CART-W2020067,main.jpg,final-main,product-shots/CART-W2020067/main.jpg,1200,1200,RGB,False,1.0,1.0,pass,29c9d7b2d13813761746d3d37c1d1701c173c92c57f09ed0fcd535a4e80f6e50
CART-W250295A,main.jpg,final-main,product-shots/CART-W250295A/main.jpg,1200,1200,RGB,False,0.165771,1.0,pass,5f442a24c95f1c0d4872ee1d4e848d75ebbe4aafac09c88589091dedb0c59597
CART-W25065Z5,main.jpg,final-main,product-shots/CART-W25065Z5/main.jpg,1200,1200,RGB,False,0.16748,1.0,pass,ff7ce7ad03614925a83fdf9dd493ff79ce0d371732d4961ccc792fb5f9f8568f
CART-W2601356,main.jpg,final-main,product-shots/CART-W2601356/main.jpg,1200,1200,RGB,False,1.0,1.0,pass,c69624191da77bf359d504c2be7b516d0578738d529e2f25d28b415278f047ae
CART-W2PA0009,main.jpg,final-main,product-shots/CART-W2PA0009/main.jpg,1200,1200,RGB,False,1.0,1.0,pass,ec9637e288c837515fce782684b638862d7009ba2097f3950b4fc0e958f3ca87
CART-W2SA0017,main.jpg,final-main,product-shots/CART-W2SA0017/main.jpg,1200,1200,RGB,False,1.0,1.0,pass,974403762c59469ae98989dd91dc99fb9d61108d982d074025be1a97fc1bd130
CART-W31030H3,main.jpg,final-main,product-shots/CART-W31030H3/main.jpg,1200,1200,RGB,False,0.176025,1.0,pass,5b5ac7675a2d738d00b5b0d759bcb5efec8072e348ccd0a52457117b4e8b7f1c
CART-W3107199,main.jpg,final-main,product-shots/CART-W3107199/main.jpg,1200,1200,RGB,False,0.170898,1.0,pass,a2f69b7be434e5ef6860100ca8b467a8437c04ecd7ecec6d39423932b528e3f5
CART-W3140005,main.jpg,final-main,product-shots/CART-W3140005/main.jpg,1200,1200,RGB,False,0.177979,1.0,pass,748b65eaafbcb26a208af8ece86c7d8e08b68dec0d8b15bafe8e459646e0cca7
CART-W3140026,main.jpg,final-main,product-shots/CART-W3140026/main.jpg,1200,1200,RGB,False,0.16333,1.0,pass,16048f773ed44c4db406347374858729dfe362624803ad5293cb782aa82023c5
CART-W4BB0015,main.jpg,final-main,product-shots/CART-W4BB0015/main.jpg,1200,1200,RGB,False,1.0,1.0,pass,8858aa4735361e1347629ac8a14927517f4c4b93025f7f3699f66cc81342609e
CART-W4CL0005,main.jpg,final-main,product-shots/CART-W4CL0005/main.jpg,1200,1200,RGB,False,0.178955,1.0,pass,5673999731508985daf598c6637b6b41b7c35157683da1b41afac4ab76233033
CART-W4CL0006,main.jpg,final-main,product-shots/CART-W4CL0006/main.jpg,1200,1200,RGB,False,0.17041,1.0,pass,a8098878145026c7453d56b6706e8e6fb4a390fa880e596f255cac38fed0e792
CART-W5310006,main.jpg,final-main,product-shots/CART-W5310006/main.jpg,1200,1200,RGB,False,0.17041,1.0,pass,de592b718ac7f52f8b612a8a8c6f974417d078d1a59f6aae61ef8afa25feabe2
CART-W5310028,main.jpg,final-main,product-shots/CART-W5310028/main.jpg,1200,1200,RGB,False,1.0,1.0,pass,2b4f3d06714cfdad1ea072e251df846a1116ba248ae188f4a2aa6a86c1f2ee89
CART-W62016V3,main.jpg,final-main,product-shots/CART-W62016V3/main.jpg,1200,1200,RGB,False,0.177979,1.0,pass,d161cfacba878e35a3220cd87e7a3cd29ec98fb39cd910be903a7a5f690ca050
CART-W62025V3,main.jpg,final-main,product-shots/CART-W62025V3/main.jpg,1200,1200,RGB,False,1.0,1.0,pass,66b92f86aea68ace7c4d7e2440e02bccb5f9c6799d6fb09989f7aa28085bf18b
CART-W6701010,main.jpg,final-main,product-shots/CART-W6701010/main.jpg,1200,1200,RGB,False,0.143311,1.0,pass,4ed9177d1eaf9d31fcf268839b40edfa4af067b29acfa08c93daad8bbabc4dd8
CART-W6800251,main.jpg,final-main,product-shots/CART-W6800251/main.jpg,1200,1200,RGB,False,1.0,1.0,pass,45a5e46f47e73a47e56b2067a8e93aea63afa8f66ff1c63680d3a4d74976eb25
CART-W69002Z2,main.jpg,final-main,product-shots/CART-W69002Z2/main.jpg,1200,1200,RGB,False,0.16748,1.0,pass,e275225b11684a793517d6c7dbdf21ab80b70889b674aa65301f2d770dfc7bca
CART-W69010Z4,main.jpg,final-main,product-shots/CART-W69010Z4/main.jpg,1200,1200,RGB,False,0.182373,1.0,pass,f94fe21acb0d208765ccb12aea954cb30038eeb6f8599ba5587e5bd20d340919
CART-W6920003,main.jpg,final-main,product-shots/CART-W6920003/main.jpg,1200,1200,RGB,False,1.0,1.0,pass,0b6231d21270816ae95d099168e81a6db88ea51833c5fe5e743aff366d36976a
CART-W6920034,main.jpg,final-main,product-shots/CART-W6920034/main.jpg,1200,1200,RGB,False,0.169922,1.0,pass,847b36f47991632231b29e7210558f11c2ee5acd50cd9f9f076c348be37244c4
CART-W6920089,main.jpg,final-main,product-shots/CART-W6920089/main.jpg,1200,1200,RGB,False,1.0,1.0,pass,3132dffff47dda5ccad19bed5570fbbd2d2de6f876f8fa75bb381e1b1f909a4a
CART-W6920089-v2,main.jpg,final-main,product-shots/CART-W6920089-v2/main.jpg,1200,1200,RGB,False,1.0,1.0,pass,d55a6ba2da267809b4a60f67db3bcd473663107dc0b976749158a186112fd195
CART-W7100015,main.jpg,final-main,product-shots/CART-W7100015/main.jpg,1200,1200,RGB,False,1.0,1.0,pass,a02e88a4d4edb28ed599f0697cc046293dd0d24b511ede0f2d2ba19850671106
CART-WA301356,main.jpg,final-main,product-shots/CART-WA301356/main.jpg,1200,1200,RGB,False,1.0,1.0,pass,f047a0a585235bb3141b259bd25951cc3dafcc75bc0c5ced5b1a900bc9e1702c
CART-WA301571,main.jpg,final-main,product-shots/CART-WA301571/main.jpg,1200,1200,RGB,False,1.0,1.0,pass,005f07ff5c13035c41960bfd47695626230a7aee0078d96ecc74789d40e51e4f
CART-WA503851,main.jpg,final-main,product-shots/CART-WA503851/main.jpg,1200,1200,RGB,False,1.0,1.0,pass,ec839200c5184a908e298cf3f97d67f0d69b8c92ade1f8e51bdb08715ddc4154
CART-WA503851-v2,main.jpg,final-main,product-shots/CART-WA503851-v2/main.jpg,1200,1200,RGB,False,1.0,1.0,pass,ed1dc08093e086f029a7ec4453a94bc4ecc5546f840f151090e29cd19879f50a
CART-WA503851-v3,main.jpg,final-main,product-shots/CART-WA503851-v3/main.jpg,1200,1200,RGB,False,1.0,1.0,pass,3a1c2e632926ae29bb94277e9f766383c64c14fc713ce2c0b7e207f6afa7c250
CART-WA50703I,main.jpg,final-main,product-shots/CART-WA50703I/main.jpg,1200,1200,RGB,False,1.0,1.0,pass,7af6a7a8fc56326ec70a9baf83816d5707160782dace013b9d82f4d882302e43
CART-WA601051,main.jpg,final-main,product-shots/CART-WA601051/main.jpg,1200,1200,RGB,False,1.0,1.0,pass,a156f8cb2b723b08577204b5d8c5155f58f888c4fcc823884cece203f89a5da7
CART-WB520008,main.jpg,final-main,product-shots/CART-WB520008/main.jpg,1200,1200,RGB,False,1.0,1.0,pass,3ef2e6904c96e435c19f64c4d70a6adcac389e9be0496842c88eada21ba9665a
CART-WB7019K2,main.jpg,final-main,product-shots/CART-WB7019K2/main.jpg,1200,1200,RGB,False,1.0,1.0,pass,685613faa7fae195ea692eee3630a66bd05a2d6b6866a4ce451136bedb45cb6f
CART-WB7044L1,main.jpg,final-main,product-shots/CART-WB7044L1/main.jpg,1200,1200,RGB,False,1.0,1.0,pass,d248d772b536e374f2927209b31800fff6cc67a54b737a56713753fcfcc18960
CART-WB706131,main.jpg,final-main,product-shots/CART-WB706131/main.jpg,1200,1200,RGB,False,1.0,1.0,pass,4dee0e5c66eceb21349a693660d6fa1baf7679cda0f19094996957b593e771e7
CART-WE110007,main.jpg,final-main,product-shots/CART-WE110007/main.jpg,1200,1200,RGB,False,0.167236,1.0,pass,a44d7fe3475573f9fc389975c1b64c34cf4e309a7aa6df7b5c908c8d81d079b9
CART-WE5002X2,main.jpg,final-main,product-shots/CART-WE5002X2/main.jpg,1200,1200,RGB,False,1.0,1.0,pass,43e3616823e773e54a258f0af680372ca0955e05bebfdddc0cdadc72ce23b420
CART-WE900151,main.jpg,final-main,product-shots/CART-WE900151/main.jpg,1200,1200,RGB,False,1.0,1.0,pass,ed2d5b8ca40a36f1d1e8ac1d7f4bae2c9473d87d06f44972ba3e8ec2820db9cb
CART-WE900251,main.jpg,final-main,product-shots/CART-WE900251/main.jpg,1200,1200,RGB,False,1.0,1.0,pass,e613aaa26c53c8bb27682ad664eeed56be437dbfe509a5d091bb015e5e96e747
CART-WE900251-v2,main.jpg,final-main,product-shots/CART-WE900251-v2/main.jpg,1200,1200,RGB,False,1.0,1.0,pass,873b5910cd68436765060c866c38c2d511742e7d1927518bbeb909c361a70bdd
CART-WE900651,main.jpg,final-main,product-shots/CART-WE900651/main.jpg,1200,1200,RGB,False,1.0,1.0,pass,21912524e51e5c1de201763a8c1f57664a8f9cf0a597255be1ef146f4a52dd31
CART-WE900651-v2,main.jpg,final-main,product-shots/CART-WE900651-v2/main.jpg,1200,1200,RGB,False,1.0,1.0,pass,b9e14866639280095859df48800f007facbda550a340d63d1a83a6fcc5bbd005
CART-WE902030,main.jpg,final-main,product-shots/CART-WE902030/main.jpg,1200,1200,RGB,False,1.0,1.0,pass,c6a4782d9a95bc5b02579ca36f41b26db06c80a688e32b66f10c19928d9a3b70
CART-WE902063,main.jpg,final-main,product-shots/CART-WE902063/main.jpg,1200,1200,RGB,False,1.0,1.0,pass,f6ce8819b11d12d907dcb97494543c6a47f743cbb3403df8e9102805a65c6aa9
CART-WF8001B9,main.jpg,final-main,product-shots/CART-WF8001B9/main.jpg,1200,1200,RGB,False,1.0,1.0,pass,a85a54668a789e906bcdb50084ce6ea3d25244d44c2021e8057b4593ca297219
CART-WG40033J,main.jpg,final-main,product-shots/CART-WG40033J/main.jpg,1200,1200,RGB,False,1.0,1.0,pass,6128448e82eae4809004525edac0d7bd91ac5ca02f5568d5c1a33a4527350f58
CART-WG600010,main.jpg,final-main,product-shots/CART-WG600010/main.jpg,1200,1200,RGB,False,1.0,1.0,pass,e914a8cd929ce1e1974066fc5d3c28eda171ed90b38d338398c56bc14cf952d8
CART-WG600010-v2,main.jpg,final-main,product-shots/CART-WG600010-v2/main.jpg,1200,1200,RGB,False,1.0,1.0,pass,22184acb65909236b68933995efdfec5dbba6f68144d56d2f7502d1bb4cf3600
CART-WG800014,main.jpg,final-main,product-shots/CART-WG800014/main.jpg,1200,1200,RGB,False,1.0,1.0,pass,1d08aed18e1552b38faa038cbe9e9c12353565309389f9afaa73ab4f02c89a0a
CART-WGCL0013,main.jpg,final-main,product-shots/CART-WGCL0013/main.jpg,1200,1200,RGB,False,1.0,1.0,pass,7aac6c1245fafb1b713af061fb8c854df1a6346638b25d07b37a98d1d41696b1
CART-WJ11932G,main.jpg,final-main,product-shots/CART-WJ11932G/main.jpg,1200,1200,RGB,False,1.0,1.0,pass,b580c1dbd41fe5fd3ef94f77c8d46822256cbb89477e38591d0de6ac31509ccf
CART-WJ300570,main.jpg,final-main,product-shots/CART-WJ300570/main.jpg,1200,1200,RGB,False,0.161377,1.0,pass,548f41efbbb785dac0063fe84502514d07fb4d1a4f141f4a03489bba3e8f622a
CART-WJBB0019,main.jpg,final-main,product-shots/CART-WJBB0019/main.jpg,1200,1200,RGB,False,1.0,1.0,pass,ea2f6ce92f716c49097afd5d75727480638665d9a8a04f36a6164d2d5fbc9a26
CART-WJBL0008,main.jpg,final-main,product-shots/CART-WJBL0008/main.jpg,1200,1200,RGB,False,0.176025,1.0,pass,9f0cd90cf805ff164d86228f978efa0a15c3c205da7dc404bede592f7a27868e
CART-WJHY0006,main.jpg,final-main,product-shots/CART-WJHY0006/main.jpg,1200,1200,RGB,False,0.169922,1.0,pass,88a9f1f446ef8283154882294e07713583314842dd717883cdd0eae1ca3de464
CART-WR000151,main.jpg,final-main,product-shots/CART-WR000151/main.jpg,1200,1200,RGB,False,1.0,1.0,pass,9a9cb34be9c7694f45f8d3f08e394a99fef87e1680e60db3595a087cb0bd304f
CART-WR000251,main.jpg,final-main,product-shots/CART-WR000251/main.jpg,1200,1200,RGB,False,1.0,1.0,pass,6afb8041384c61b11a93ea144ffa42cb49e88154eecb0bfbde3fc52cab11d669
CART-WR000351,main.jpg,final-main,product-shots/CART-WR000351/main.jpg,1200,1200,RGB,False,1.0,1.0,pass,9636784668bf1ec40a1f9e31641b5b45b87c5bd74b13f127daf390aa604fa116
CART-WR000651,main.jpg,final-main,product-shots/CART-WR000651/main.jpg,1200,1200,RGB,False,1.0,1.0,pass,f592cce008a2839b839503bb7ea2e4fd3d8e350a8a7af5ea4d1d9ea619aa0f7a
CART-WR000651-v2,main.jpg,final-main,product-shots/CART-WR000651-v2/main.jpg,1200,1200,RGB,False,1.0,1.0,pass,7e10cb77b8f5d70361890a137a6d89e8c5801383a5259cfb44da59e74bbfe949
CART-WSBB0021,main.jpg,final-main,product-shots/CART-WSBB0021/main.jpg,1200,1200,RGB,False,0.184814,1.0,pass,3cc56011bbcb2262ac4e8d0cb90c4aae9efab1fe151a98efe3318bd88020291c
CART-WSCL0005,main.jpg,final-main,product-shots/CART-WSCL0005/main.jpg,1200,1200,RGB,False,0.188721,1.0,pass,2fb67cb7094c5a5999473aa4e1801ca61afff0b72dd4e73c142b64b9bee72176
CART-WSSA0017,main.jpg,final-main,product-shots/CART-WSSA0017/main.jpg,1200,1200,RGB,False,1.0,1.0,pass,eab2dcd08a89de4826d8edc26a884dbffb56e8d25506eae3b565ee9c263e2da1
CART-WSTA0065,main.jpg,final-main,product-shots/CART-WSTA0065/main.jpg,1200,1200,RGB,False,0.200195,1.0,pass,a1d8c372c8a2ad281d7c01715d4c482ce528869362e2ffaff856a586f17e1be8
CR00127PPN611,main.jpg,final-main,product-shots/CR00127PPN611/main.jpg,1200,1200,RGB,False,1.0,1.0,pass,1605db53fc2c34043d1c740210ea041e26aaeecdb6a8bc5e7dff539ca4488ebf
CR00127STN111,main.jpg,final-main,product-shots/CR00127STN111/main.jpg,1200,1200,RGB,False,1.0,1.0,pass,9b6f18413bc5d08c10a1fbcb16b5a1cfbaaf725c1f8008ee1e5949cbbddeaf0e
CR00128STN111,main.jpg,final-main,product-shots/CR00128STN111/main.jpg,1200,1200,RGB,False,1.0,1.0,pass,a0a3e839c57e12072f609a05bdee97edb15eab897e12529bbe2dd7065ede4c60
CR00135CBN111,main.jpg,final-main,product-shots/CR00135CBN111/main.jpg,1200,1200,RGB,False,1.0,1.0,pass,30c3c1c0fb32addca5c7d36e8ec7835d993b4aed4c18a5c77031a8671bc8e770
CR01-400-7772-4054-07-5-20-82,main.jpg,final-main,product-shots/CR01-400-7772-4054-07-5-20-82/main.jpg,1200,1200,RGB,False,1.0,1.0,pass,fd066157f14f2892e3cacaafa55ef307e2ccd261c77b9ab95ffcee709e9c2217
CR01-400-7778-7150-07-7-20-01TLC,main.jpg,final-main,product-shots/CR01-400-7778-7150-07-7-20-01TLC/main.jpg,1200,1200,RGB,False,1.0,1.0,pass,255d70d6f29d303152cf2d5e2674fbbbbf92aa94ae8d5d8e9cf6ae1ee8dc7262
CR01-400-7778-7158-07-7-20-01TLC,main.jpg,final-main,product-shots/CR01-400-7778-7158-07-7-20-01TLC/main.jpg,1200,1200,RGB,False,1.0,1.0,pass,f294efebed06cd0feba5bcdfa070ca35eb5722335e1e266dbb053fcf9e76dad3
CR01-473-7786-4065-07-5-19-22FC,main.jpg,final-main,product-shots/CR01-473-7786-4065-07-5-19-22FC/main.jpg,1200,1200,RGB,False,1.0,1.0,pass,f6031225f2ece63837b282e081ca61921ac9b648c26d73f93c92f450f332a59d
CR01-733-7771-4055-07-3-19-02S,main.jpg,final-main,product-shots/CR01-733-7771-4055-07-3-19-02S/main.jpg,1200,1200,RGB,False,1.0,1.0,pass,a3811e8652145f26d6ec2a004bec3e12d93b7069083a0cf692060fd63211a119
CR01-771-7791-4054-07-6-20-01,main.jpg,final-main,product-shots/CR01-771-7791-4054-07-6-20-01/main.jpg,1200,1200,RGB,False,1.0,1.0,pass,bcb69e71f6cbacc2da2db3bb600ffef5a1306c752656a57ab668e4f8fa86bf5b
CR011283NOCABUIDN,main.jpg,final-main,product-shots/CR011283NOCABUIDN/main.jpg,1200,1200,RGB,False,1.0,1.0,pass,8b26b0fe49e105786c5e919722b37a48665234c150aaf49c3b5d97adeb807f88
CR011283NRCANN,main.jpg,final-main,product-shots/CR011283NRCANN/main.jpg,1200,1200,RGB,False,1.0,1.0,pass,d9e180cc1820500d9844404c6caf62b7d61c63acc61b1a3d80260e62020522de
CR1038EF102V-BLK-V02,main.jpg,final-main,product-shots/CR1038EF102V-BLK-V02/main.jpg,1200,1200,RGB,False,1.0,1.0,pass,d1a2207442f7f9810c898babc5a467b543f03176780220c97ca8d9dfde0ce102
CR1038EF102V-GRN-V02,main.jpg,final-main,product-shots/CR1038EF102V-GRN-V02/main.jpg,1200,1200,RGB,False,1.0,1.0,pass,9327c8ed2c3464068193f3b85b0f2a76ff54b670598e3f57762e24ba220b5b05
CR1038EF102V-ORG-V02,main.jpg,final-main,product-shots/CR1038EF102V-ORG-V02/main.jpg,1200,1200,RGB,False,1.0,1.0,pass,b6abd98a9b1d89ab352b0b3556da6ec2cf5080d9c382b25b2fa0f4b570dc1272
CR1038EF102V-WHT-V02,main.jpg,final-main,product-shots/CR1038EF102V-WHT-V02/main.jpg,1200,1200,RGB,False,1.0,1.0,pass,26788e4709d67b45e848d3c89382c1f12506b13dde3a286bb6bb43b52af95e87
CR210.32.42.20.01.001,main.jpg,final-main,product-shots/CR210.32.42.20.01.001/main.jpg,1200,1200,RGB,False,1.0,1.0,pass,090d18b117319dc9453628153bf12b665ea226fbe325a25092cfa9c8b7c18a59
CR210.32.42.20.03.001,main.jpg,final-main,product-shots/CR210.32.42.20.03.001/main.jpg,1200,1200,RGB,False,1.0,1.0,pass,37711fb00d3f98d4bcbd93ac409f3dd63cb6b0bf2e60e4ee169a30f3a7602a10
CR210.32.42.20.10.001,main.jpg,final-main,product-shots/CR210.32.42.20.10.001/main.jpg,1200,1200,RGB,False,1.0,1.0,pass,ba5edf982d972a4281ab7c36cc65a41c5561bfcdbf3bcd5acfa9730a9bdb448f
CR215.30.44.21.01.002,main.jpg,final-main,product-shots/CR215.30.44.21.01.002/main.jpg,1200,1200,RGB,False,1.0,1.0,pass,b7e06574c1afee7e0ddadf6adff348795df34177ba80dc5f4787f3643a710283
CR38003TINBUGNBU,main.jpg,final-main,product-shots/CR38003TINBUGNBU/main.jpg,1200,1200,RGB,False,1.0,1.0,pass,4eb978410ee4ae5f61b4edcccc1336436a88e91a99dd2b657a5bacf6d023c23c
CR40210GPN107,main.jpg,final-main,product-shots/CR40210GPN107/main.jpg,1200,1200,RGB,False,1.0,1.0,pass,4fd9036e785a005ae6ba62582e5909db90880e9d9b7d1bb1584c7ffae5eb9f2a
CR40215PPN607,main.jpg,final-main,product-shots/CR40215PPN607/main.jpg,1200,1200,RGB,False,1.0,1.0,pass,ba802517fd4722f3ab0917f790c8e6eb6b979ac13ec717c363e9114017297b83
CR40215SPN607,main.jpg,final-main,product-shots/CR40215SPN607/main.jpg,1200,1200,RGB,False,1.0,1.0,pass,ca4bb6e4ecb5b588ab5b524df6156ed3f31b45e72965085ba9602784bca3ae1a
CR40215STN102,main.jpg,final-main,product-shots/CR40215STN102/main.jpg,1200,1200,RGB,False,1.0,1.0,pass,f0046e5edf3d614637303d7a5edb59cfbed4327c3b70b45aca0602adfb392546
CR40218CBN107,main.jpg,final-main,product-shots/CR40218CBN107/main.jpg,1200,1200,RGB,False,1.0,1.0,pass,c93d4a436577a4693a5072f2b56bd158144e0c64068a603b715b1b2989abc81a
CR40218SPN607,main.jpg,final-main,product-shots/CR40218SPN607/main.jpg,1200,1200,RGB,False,1.0,1.0,pass,cbbdedcd0745309df669bdd7bcdaa03b10ba9751bfe2113e1a830966522f305b
CR40218STN102,main.jpg,final-main,product-shots/CR40218STN102/main.jpg,1200,1200,RGB,False,1.0,1.0,pass,d2938c84e8971b3f9ef9fd66633dcf64512fecf03d2133abfd930d4071ef13ce
CR40218STN104,main.jpg,final-main,product-shots/CR40218STN104/main.jpg,1200,1200,RGB,False,1.0,1.0,pass,c091df273783638ee1024f56ee110a58d70fb5d3fcec9586585f0b0b6a669bdb
CR40220PPN607,main.jpg,final-main,product-shots/CR40220PPN607/main.jpg,1200,1200,RGB,False,1.0,1.0,pass,366b2d0fde88cd0da6456599037a256c1ea7099859c1dd11b39800b1b2c762f3
CR50215PPN601,main.jpg,final-main,product-shots/CR50215PPN601/main.jpg,1200,1200,RGB,False,1.0,1.0,pass,42f1e5dcafd464064e11b5a5169774d09c3790d922563830983cd22254f657d7
CR50215PPN607,main.jpg,final-main,product-shots/CR50215PPN607/main.jpg,1200,1200,RGB,False,1.0,1.0,pass,bd68a0372925c7d285c6689a145259b9cbbf4992f532bbced97661dbf55e6b24
CR50215SPN607,main.jpg,final-main,product-shots/CR50215SPN607/main.jpg,1200,1200,RGB,False,1.0,1.0,pass,31dab8b5f32670d4ea835cf35a860e940648a90d6a727e78068e6498f6e476fa
CR50215STN101,main.jpg,final-main,product-shots/CR50215STN101/main.jpg,1200,1200,RGB,False,1.0,1.0,pass,1ed55e0722169797749b5bd1d9190300b09b1d29c32a555367daf223a626579c
CR50215STN102,main.jpg,final-main,product-shots/CR50215STN102/main.jpg,1200,1200,RGB,False,1.0,1.0,pass,1d29ee526c80532368f9917ec2a373d4fa0453612157d50aa3c4474421bd4552
CR50215STN104,main.jpg,final-main,product-shots/CR50215STN104/main.jpg,1200,1200,RGB,False,1.0,1.0,pass,419508c8fd412f7dcc456682c9d90a2aa138be085db1040f5f9e6b8eae2caddb
CR50218CBN107,main.jpg,final-main,product-shots/CR50218CBN107/main.jpg,1200,1200,RGB,False,1.0,1.0,pass,db31c621904cb61fbe138a68962ca9e171fd4c5d09faf61710d439a1a84917ff
CR50218PPN607,main.jpg,final-main,product-shots/CR50218PPN607/main.jpg,1200,1200,RGB,False,1.0,1.0,pass,2dc8c07fb1249f14d233084537542e6fb60d8ac31ae50853273e4ffe31c6cc98
CR50218SPN607,main.jpg,final-main,product-shots/CR50218SPN607/main.jpg,1200,1200,RGB,False,1.0,1.0,pass,9fc30d84874d36e9a2c062b467c2f91c3dd8ac7309e237a30e29669d55d172c5
CR50218STN102,main.jpg,final-main,product-shots/CR50218STN102/main.jpg,1200,1200,RGB,False,1.0,1.0,pass,dac7fdf82b83f9bd34d3e41f693ca0ba83577c878d7157e8de3f70abc577f269
CR50218STN104,main.jpg,final-main,product-shots/CR50218STN104/main.jpg,1200,1200,RGB,False,1.0,1.0,pass,c966ec1a00c842bb064d380261c285b074c4e6f3ef3ceb829319fefdf2785087
CR50220PPN607,main.jpg,final-main,product-shots/CR50220PPN607/main.jpg,1200,1200,RGB,False,1.0,1.0,pass,e82206ac1568d91dadefac7d925f3c7f149cd53b02ec8eacd1c10137a2140a95
CR50229STN803,main.jpg,final-main,product-shots/CR50229STN803/main.jpg,1200,1200,RGB,False,1.0,1.0,pass,e07bae9b9f140f8bfe1d6ec08035d93e1760a2d6cbb563cc8b232bf244480c2c
CR50247BBN306,main.jpg,final-main,product-shots/CR50247BBN306/main.jpg,1200,1200,RGB,False,1.0,1.0,pass,3ccdc41cda2043829de4057512f6213ccc9dfaa5d8c9e566a1e5670732dd90f8
CR50247BZZ103,main.jpg,final-main,product-shots/CR50247BZZ103/main.jpg,1200,1200,RGB,False,1.0,1.0,pass,2dbbb78b7346214a6b9bd561e6e381517d72549cce35133cb4a0a6f9574ae821
CR50247BZZ106,main.jpg,final-main,product-shots/CR50247BZZ106/main.jpg,1200,1200,RGB,False,1.0,1.0,pass,1a6ec04923193caf100e872a4e7b04a2f1212696c63c129929748b0a8077a019
CR50247GGN107,main.jpg,final-main,product-shots/CR50247GGN107/main.jpg,1200,1200,RGB,False,1.0,1.0,pass,631e16cf26d187a1e03b3c271ae27e7ca80c18daafc1a995ec49f8adfe1f187c
CR50247STN101,main.jpg,final-main,product-shots/CR50247STN101/main.jpg,1200,1200,RGB,False,1.0,1.0,pass,b3d24fcf92222394ab3e3d4006f3bbe3cd8f669bbfbeeb44d9b633035adf6702
CR50247STN104,main.jpg,final-main,product-shots/CR50247STN104/main.jpg,1200,1200,RGB,False,1.0,1.0,pass,56c6eba815fad5d0313ae4e61c88dac33fee31ae718b45b3a3e9b66428a75ee5
CR797.10.101.10,main.jpg,final-main,product-shots/CR797.10.101.10/main.jpg,1200,1200,RGB,False,1.0,1.0,pass,e7015c792a0473785d05bc9dd8fbd87b8f37d52d88819b349e9485b4db376680
CR799.10.101.10,main.jpg,final-main,product-shots/CR799.10.101.10/main.jpg,1200,1200,RGB,False,1.0,1.0,pass,dad49e3c781ab3a6528836e080bc66886bbae17534dd7827710634906979863c
CR799.10.131.10,main.jpg,final-main,product-shots/CR799.10.131.10/main.jpg,1200,1200,RGB,False,1.0,1.0,pass,c1cea1214b7817db63899f154d56fd96d54410b7d9273e0943b4e1454256714a
CR799.10.201.32,main.jpg,final-main,product-shots/CR799.10.201.32/main.jpg,1200,1200,RGB,False,1.0,1.0,pass,a1ae92e7c43da5aeb19f5c18ff7fcef07e0614bea8e6b7841e82efa3317a338a
CR799.10.241.10,main.jpg,final-main,product-shots/CR799.10.241.10/main.jpg,1200,1200,RGB,False,1.0,1.0,pass,4880f9325d1e01df9bef769b7918352ccf328fe31868728099b2e910bd6c9b32
CR799.10.351.10,main.jpg,final-main,product-shots/CR799.10.351.10/main.jpg,1200,1200,RGB,False,1.0,1.0,pass,a85cd5172f0e1c2ea3a293673166f7347f0e72740de3bf6bbca4c71bb0c807f8
CR80126357RNMNIRB,main.jpg,final-main,product-shots/CR80126357RNMNIRB/main.jpg,1200,1200,RGB,False,1.0,1.0,pass,c2864b3486de7316b0685fdc68ab2900233fdd083f3bf2ff67399f3b76a65119
CR801283NBMNIB,main.jpg,final-main,product-shots/CR801283NBMNIB/main.jpg,1200,1200,RGB,False,1.0,1.0,pass,9e667da131849dcf60006e1fd3475155d21a5d52c20642e4a953350d59e0fbcc
CR801313BUCBUICO,main.jpg,final-main,product-shots/CR801313BUCBUICO/main.jpg,1200,1200,RGB,False,1.0,1.0,pass,b7bccb292e7fd7200decc622f35810b3f579338776254d9ca1f568dc5749d34a
CR804.10.131S.26,main.jpg,final-main,product-shots/CR804.10.131S.26/main.jpg,1200,1200,RGB,False,1.0,1.0,pass,ac60e23be86d58db879ce600e1cd2d0d02fd6e5118ad9a28a1b2bc72d87b9c26
CR830.10.351.21,main.jpg,final-main,product-shots/CR830.10.351.21/main.jpg,1200,1200,RGB,False,1.0,1.0,pass,e3b79b0141a5cce428e6f6b99f2aac8b1eac7c86412ee05b3a110e09210e707c
CR85303357GNNGN,main.jpg,final-main,product-shots/CR85303357GNNGN/main.jpg,1200,1200,RGB,False,1.0,1.0,pass,f0b8badeb578cefb537f089e64dce8ca9a886e81529f9e0bfe323d39dab6ad0f
CR862.10.351.10,main.jpg,final-main,product-shots/CR862.10.351.10/main.jpg,1200,1200,RGB,False,1.0,1.0,pass,33aa6def9547f0eddd7671ff62829ec004cade0ba2e9f61bf92a09001d5991c3
CR90250SBN903,main.jpg,final-main,product-shots/CR90250SBN903/main.jpg,1200,1200,RGB,False,1.0,1.0,pass,6d26f71bb954dd84de8d62eef6546cb84dc7ed73ccac326b9db6f3ff702a4cdd
CR96A187,main.jpg,final-main,product-shots/CR96A187/main.jpg,1200,1200,RGB,False,1.0,1.0,pass,ea4358c304f1c6b7954d3a625f64c117bb2859bff9365f9801f810d429c166d7
CR96A208,main.jpg,final-main,product-shots/CR96A208/main.jpg,1200,1200,RGB,False,1.0,1.0,pass,c55e0fc756e553b07249972538d044597c3f3f02dde0e13aece537e83e054799
CR96A225,main.jpg,final-main,product-shots/CR96A225/main.jpg,1200,1200,RGB,False,1.0,1.0,pass,0dd9f300922378bc299b0cf7aa12046c791376dd353cfe41bf7121b276a60c12
CR96A269,main.jpg,final-main,product-shots/CR96A269/main.jpg,1200,1200,RGB,False,1.0,1.0,pass,89f7f4fb82b4f3b07a4cc01b83bd11a37a6177a1d2461499c862c200f915bd31
CR96A275,main.jpg,final-main,product-shots/CR96A275/main.jpg,1200,1200,RGB,False,1.0,1.0,pass,a9efe1c7514d6038b996898f3e8ab0db7a51b1a9bd4b6cd81dda886df76965e1
CR96B251,main.jpg,final-main,product-shots/CR96B251/main.jpg,1200,1200,RGB,False,1.0,1.0,pass,5042d03acf2acf963edaabdfb962a5690633ac181a67900dfdb9c8a7fdbf9a22
CR96B256,main.jpg,final-main,product-shots/CR96B256/main.jpg,1200,1200,RGB,False,1.0,1.0,pass,58ee0c143c067d27cecf767b06f686d757e81dbc0c529c5a56b3541f36cd2394
CR96B401,main.jpg,final-main,product-shots/CR96B401/main.jpg,1200,1200,RGB,False,1.0,1.0,pass,8f3a1465d927120e5a7195af152b92ce667b3e2f0dde807d99e61813053b5096
CR96B433,main.jpg,final-main,product-shots/CR96B433/main.jpg,1200,1200,RGB,False,1.0,1.0,pass,b43a1517befed187d4b9a25cc4d3b6643d954c6edd4291553cd1bc12d5468ecb
CR96B439,main.jpg,final-main,product-shots/CR96B439/main.jpg,1200,1200,RGB,False,1.0,1.0,pass,065c77f5eed1c8df636d81000d782d02cb15b80ccd610190784a26fd707bfef8
CR96B472,main.jpg,final-main,product-shots/CR96B472/main.jpg,1200,1200,RGB,False,1.0,1.0,pass,591e8f93d9d2bd156357f34c7677a8e3b3514e7811829701b590d21b781b0ec7
CR96K117,main.jpg,final-main,product-shots/CR96K117/main.jpg,1200,1200,RGB,False,1.0,1.0,pass,941fa80148fec38191ff93b76b9665c8b56d437c52f3a78ab1fc57316d52e3a1
CR96P245,main.jpg,final-main,product-shots/CR96P245/main.jpg,1200,1200,RGB,False,1.0,1.0,pass,89415e3553d87625a89aa9dc4322554ab1155b6312010993ee96d10987d1f871
CR96P248,main.jpg,final-main,product-shots/CR96P248/main.jpg,1200,1200,RGB,False,1.0,1.0,pass,1d4207f716d727f8d2c0aef1cf8d79d7dc2978c9035892c125e207451298430c
CR96P250,main.jpg,final-main,product-shots/CR96P250/main.jpg,1200,1200,RGB,False,1.0,1.0,pass,0c1e8feb7f89d20931d6de72eae9edba00882f1b9ffc5dbb62ec3aee2b613474
CR97A138,main.jpg,final-main,product-shots/CR97A138/main.jpg,1200,1200,RGB,False,1.0,1.0,pass,83f94df03cf0e859981b93a3118482cd59418875bfacc44b35aa3a23078e9401
CR97A182,main.jpg,final-main,product-shots/CR97A182/main.jpg,1200,1200,RGB,False,1.0,1.0,pass,aff6bbe5943dceed9b0f1461dbde0f035d58f0e6721c0e63804881e989e5ea95
CR97B223,main.jpg,final-main,product-shots/CR97B223/main.jpg,1200,1200,RGB,False,1.0,1.0,pass,9d8ca3cd318fdad86845b561c1f7beea69d852dc74a94c1fc59b1539bed3e70a
CR98A177,main.jpg,final-main,product-shots/CR98A177/main.jpg,1200,1200,RGB,False,1.0,1.0,pass,c87706fd53e65b8c2baa59b6c6150937b38d8da65c61064cbd6ecd94cb6b8acd
CR98A179,main.jpg,final-main,product-shots/CR98A179/main.jpg,1200,1200,RGB,False,1.0,1.0,pass,a9923a0d3768d0cd9a664dffca547dba12168e48e6276c04cc346359d0986643
CR98A224,main.jpg,final-main,product-shots/CR98A224/main.jpg,1200,1200,RGB,False,1.0,1.0,pass,252fbd0a3831184420730994e6711245222b978de72525030ddcc1cab96ff8f4
CR98A227,main.jpg,final-main,product-shots/CR98A227/main.jpg,1200,1200,RGB,False,1.0,1.0,pass,d5e0a638398e7286106a719c6d199c789d27a36cdf6369452c9c6ad37b667970
CR98A272,main.jpg,final-main,product-shots/CR98A272/main.jpg,1200,1200,RGB,False,1.0,1.0,pass,edf575be8f5cbb3114a6294a21348975c9947b013896abe1e54801e9a1337641
CR98A283,main.jpg,final-main,product-shots/CR98A283/main.jpg,1200,1200,RGB,False,1.0,1.0,pass,5a5d842c4ba1c10bbb691b5daad2a4a03403c3d23edd6b8546b18b2368c4d1ad
CR98A302,main.jpg,final-main,product-shots/CR98A302/main.jpg,1200,1200,RGB,False,1.0,1.0,pass,b4fd49a990a6a1ef78f48c641a2545890a24d387922079393268831b6f42bd43
CR98A304,main.jpg,final-main,product-shots/CR98A304/main.jpg,1200,1200,RGB,False,1.0,1.0,pass,4ecb4e99c0fe15d97b062254ab3de817c1da3c7fcb6ae4547001f4ae547073c3
CR98A325,main.jpg,final-main,product-shots/CR98A325/main.jpg,1200,1200,RGB,False,1.0,1.0,pass,53f776d9a7a26f2f90149b8d555eedb7a7b4ba13c4cbfd8c7a212f4b06649b75
CR98B422,main.jpg,final-main,product-shots/CR98B422/main.jpg,1200,1200,RGB,False,1.0,1.0,pass,1b93177b53d16b138ca5d02edd653863cdcbe9e892cace6442db2336d61bd304
CR98B432,main.jpg,final-main,product-shots/CR98B432/main.jpg,1200,1200,RGB,False,1.0,1.0,pass,a5c5e6f07a99af230611043d2510af34f821b24e3bb6347c06fdd023cf6c5cde
CRA1100D-1,main.jpg,final-main,product-shots/CRA1100D-1/main.jpg,1200,1200,RGB,False,1.0,1.0,pass,9e866ecb83d3e46f6286291ff1c22a8d862f8ecdfc5bca4d6e3cc478eb3ba93b
CRA1100G-5,main.jpg,final-main,product-shots/CRA1100G-5/main.jpg,1200,1200,RGB,False,1.0,1.0,pass,7dc821ef423c40f0aa0fec74b8ac3223e1ac770dcb82c72586d3cebc48ea2121
CRA130WE-1A,main.jpg,final-main,product-shots/CRA130WE-1A/main.jpg,1200,1200,RGB,False,1.0,1.0,pass,ce2609da9fbff821e068cc5f80a7df43f73ec5fd25c42c4413dda48f09a2b2ab
CRA130WE-7A,main.jpg,final-main,product-shots/CRA130WE-7A/main.jpg,1200,1200,RGB,False,1.0,1.0,pass,384bd9549acb4a562a3dbad8a8b3524a4d11516260da9e13bcc861da0d60d4d2
CRA130WEG-9A,main.jpg,final-main,product-shots/CRA130WEG-9A/main.jpg,1200,1200,RGB,False,1.0,1.0,pass,5c8a600c1df40802dcdffd7b39930db9707c34b3600c2ea22a12c8ba891280c1
CRA158WEA-1,main.jpg,final-main,product-shots/CRA158WEA-1/main.jpg,1200,1200,RGB,False,1.0,1.0,pass,00586a77d4761404957b7dc5390180e97111f611dcd3081adb49931811f7e6ad
CRA158WEA-2,main.jpg,final-main,product-shots/CRA158WEA-2/main.jpg,1200,1200,RGB,False,1.0,1.0,pass,434306a2fd604d562c00aecd72a8c0c1da9282605b713c70b5bb684151f40c5b
CRA158WEA-7,main.jpg,final-main,product-shots/CRA158WEA-7/main.jpg,1200,1200,RGB,False,1.0,1.0,pass,b1664cc05c02199452e7924db6367a14611cc1a06bf1d725ad29f36c02234201
CRA159WEVJ-2,main.jpg,final-main,product-shots/CRA159WEVJ-2/main.jpg,1200,1200,RGB,False,1.0,1.0,pass,63658cee9ce4d1a95514687af1209fd52575c2a01f6f9f2c1ce3e0910e91002a
CRA159WEVJ-7,main.jpg,final-main,product-shots/CRA159WEVJ-7/main.jpg,1200,1200,RGB,False,1.0,1.0,pass,eab6e9bd561209a09c9720c4fa66ecccb056174ee80aea19df7dcf29e9b53f4f
CRA168WEGB-1B,main.jpg,final-main,product-shots/CRA168WEGB-1B/main.jpg,1200,1200,RGB,False,1.0,1.0,pass,3cdedad056ed221f8914e7e99729eda151e8c12fceaf4ec2722171b38e57b8b0
CRA168WEPC-7A,main.jpg,final-main,product-shots/CRA168WEPC-7A/main.jpg,1200,1200,RGB,False,1.0,1.0,pass,cbf34eefef74d6d734cef70d7be21bcc2733c4d9044ddf9c19f8c01c7e0d5ed6
CRA32320101C1A1,main.jpg,final-main,product-shots/CRA32320101C1A1/main.jpg,1200,1200,RGB,False,1.0,1.0,pass,f3b7d242c13e13082cb3b563ffe13b0ff16705720cadae07d08889751fbfbd29
CRA700WEV-7A,main.jpg,final-main,product-shots/CRA700WEV-7A/main.jpg,1200,1200,RGB,False,1.0,1.0,pass,1f677ebad120696e99ea2eba975f5296a1a5fd63850ac9efb3c1d2a80f204878
CRA700WEVG-9A,main.jpg,final-main,product-shots/CRA700WEVG-9A/main.jpg,1200,1200,RGB,False,1.0,1.0,pass,0d37fd8c87d1b4732b43282e29439b5b2203964be00bc7b40038dac1389ef1db
CRAB4010-56E,main.jpg,final-main,product-shots/CRAB4010-56E/main.jpg,1200,1200,RGB,False,1.0,1.0,pass,e5bde180ef92fe55d7ee1b3f87c27f273d75f52efb6eece0feaf03e09fd91bc9
CRABL-100WE-1A,main.jpg,final-main,product-shots/CRABL-100WE-1A/main.jpg,1200,1200,RGB,False,1.0,1.0,pass,f4187bf3be85219429e450d615dcfb779fb19027695fd749565e8e0cd90132fb
CRABL-100WE-1B,main.jpg,final-main,product-shots/CRABL-100WE-1B/main.jpg,1200,1200,RGB,False,1.0,1.0,pass,f65159339b91b8e914b4956683dd2fe6474c9d78b2c853ee9a5cea7cd8fc8412
CRABL-100WEG-9A,main.jpg,final-main,product-shots/CRABL-100WEG-9A/main.jpg,1200,1200,RGB,False,1.0,1.0,pass,01d8869994aa15226237a811ffae7f4827a8c92053412931f219a094e55a847a
CRABL-100WEGG-1B,main.jpg,final-main,product-shots/CRABL-100WEGG-1B/main.jpg,1200,1200,RGB,False,1.0,1.0,pass,ac61ed2b0a9835b052fb15f43245b5677e621d68ba136ea0b29548d24dec4649
CRAL0000-04E,main.jpg,final-main,product-shots/CRAL0000-04E/main.jpg,1200,1200,RGB,False,1.0,1.0,pass,680db89e019eb6cb48ce69efba6b30653a72bcb8f2fe40d9c1ddf1195ca174a4
CRAL0050-57A,main.jpg,final-main,product-shots/CRAL0050-57A/main.jpg,1200,1200,RGB,False,1.0,1.0,pass,c7c25e23389281dca67d5c41445d1daa15cc0a33e7276a423047120173535295
CRAL0050-57E,main.jpg,final-main,product-shots/CRAL0050-57E/main.jpg,1200,1200,RGB,False,1.0,1.0,pass,7957c451a7ec94bf6b33c87b92770cc885d34f55dad0b531bcca964b2c816210
CRAL0050-57L,main.jpg,final-main,product-shots/CRAL0050-57L/main.jpg,1200,1200,RGB,False,1.0,1.0,pass,4acc0a92080e8bc9f858a8281890d1201eac00764f42ed5f2e89fca3b2e658c3
CRAMW-870D-1A,main.jpg,final-main,product-shots/CRAMW-870D-1A/main.jpg,1200,1200,RGB,False,1.0,1.0,pass,47efdd2c5186718ce2777693595ee52c8ba558230a56f5e962d8c7518bc558a4
CRAMW-870DA-2A1V,main.jpg,final-main,product-shots/CRAMW-870DA-2A1V/main.jpg,1200,1200,RGB,False,1.0,1.0,pass,2b66c293ab37304d5be9fdd0d0319639271dd34782a7a5341dbc3c16bcdb8b00
CRAMW-870DA-2A2V,main.jpg,final-main,product-shots/CRAMW-870DA-2A2V/main.jpg,1200,1200,RGB,False,1.0,1.0,pass,55e268d50f63fa145860ba507ede1497c2d9b5bdd3d886bc8d7dd0deae1df993
CRAMW-870DA-3AV,main.jpg,final-main,product-shots/CRAMW-870DA-3AV/main.jpg,1200,1200,RGB,False,1.0,1.0,pass,8a4ae3f1d69ab1072a07f4523d13556cc65bba3cca14a1879d6a08d87c600b2e
CRAMW-880D-1A,main.jpg,final-main,product-shots/CRAMW-880D-1A/main.jpg,1200,1200,RGB,False,1.0,1.0,pass,0d936a9ac6c48861e9465648ff9cc860c6edc8c8c9315771cb44f83b8a7d9ed3
CRAMW-880D-2A1V,main.jpg,final-main,product-shots/CRAMW-880D-2A1V/main.jpg,1200,1200,RGB,False,1.0,1.0,pass,cad71e022dc84854471c84773eb57d68a7124950b5d13fc38091465d2cf4b850
CRAMW-880D-3AV,main.jpg,final-main,product-shots/CRAMW-880D-3AV/main.jpg,1200,1200,RGB,False,1.0,1.0,pass,4462556d43cba4904a5ddb93512513bfc58317f2a22be475933ccab88c9ce3ab
CRAMW-880D-9AV,main.jpg,final-main,product-shots/CRAMW-880D-9AV/main.jpg,1200,1200,RGB,False,1.0,1.0,pass,4f011a2a1b4022e8342098e2d51de905d1619226cdcd25589c78469515107a74
CRAN3660-73X,main.jpg,final-main,product-shots/CRAN3660-73X/main.jpg,1200,1200,RGB,False,1.0,1.0,pass,d12f02f10dc24efa81d177b2db17b113a296d94e62be578eb1e5db7517825427
CRAN3700-89Z,main.jpg,final-main,product-shots/CRAN3700-89Z/main.jpg,1200,1200,RGB,False,1.0,1.0,pass,82bbeeb01018853f81265500c1d205a7e5ded80427408a003aad41cc1dcacd76
CRAN8194-51L,main.jpg,final-main,product-shots/CRAN8194-51L/main.jpg,1200,1200,RGB,False,1.0,1.0,pass,34056812f7969005998557dc4fd9524f1832467cb2e398d93f52e23bfab8d5d4
CRAN8230-59E,main.jpg,final-main,product-shots/CRAN8230-59E/main.jpg,1200,1200,RGB,False,1.0,1.0,pass,0ae76ddbbec89bf6c18483dc2e8a9ebe5a968e07300631a7168cc8daa65c3f8b
CRAQ-230A-2A1,main.jpg,final-main,product-shots/CRAQ-230A-2A1/main.jpg,1200,1200,RGB,False,1.0,1.0,pass,98d418f367c9cc1ba1273f0e2d3a098c9256a51423e65910a554461e6f1cee39
CRAQ-230A-3AMQY,main.jpg,final-main,product-shots/CRAQ-230A-3AMQY/main.jpg,1200,1200,RGB,False,1.0,1.0,pass,cf3bcff077e03f64e0b13cb7019ee1cff27d85c267f9974d5b78a35773398b56
CRAQ-230A-4AMQY,main.jpg,final-main,product-shots/CRAQ-230A-4AMQY/main.jpg,1200,1200,RGB,False,1.0,1.0,pass,3b90ca8136fcc54be92829739cf1ada36de87451beb58a4b459faa6638a13e03
CRAQ-230A-7A,main.jpg,final-main,product-shots/CRAQ-230A-7A/main.jpg,1200,1200,RGB,False,1.0,1.0,pass,30ba0752bf027f72cf2c755dbefa5ea0e0e5aa31547066061e990095188736e4
CRAQ-230A-9AMQY,main.jpg,final-main,product-shots/CRAQ-230A-9AMQY/main.jpg,1200,1200,RGB,False,1.0,1.0,pass,bb1df148b81044d242486e47ba6a4acbdd0a894f57d578bcef2d494bfa8301d0
CRAQ-230EGG-3A,main.jpg,final-main,product-shots/CRAQ-230EGG-3A/main.jpg,1200,1200,RGB,False,1.0,1.0,pass,c67c13665f691a549bb948170979352a55fb84957fd2aa9c516741968989d9b4
CRAQ-230GA-5A,main.jpg,final-main,product-shots/CRAQ-230GA-5A/main.jpg,1200,1200,RGB,False,1.0,1.0,pass,c030d21d72e221d2fbcf18c7ff6cfdb554a33c5e6a9b9a3c65e9e95fdc4e3b89
CRAQ-230GG-9A,main.jpg,final-main,product-shots/CRAQ-230GG-9A/main.jpg,1200,1200,RGB,False,1.0,1.0,pass,b3dc906c6ee2d89b7ad3c2600a01327ab5abba852348702deeffaa50d1ab37e7
CRAQ-240E-2A,main.jpg,final-main,product-shots/CRAQ-240E-2A/main.jpg,1200,1200,RGB,False,1.0,1.0,pass,bd4eadc8e0b7a7254954e38207faf5e99cbcbb3d8304e002b7cdcfe98d2305ac
CRAQ-240E-3A,main.jpg,final-main,product-shots/CRAQ-240E-3A/main.jpg,1200,1200,RGB,False,1.0,1.0,pass,fa7dd0aa6533035e6f73f8aa2f23b0becc78580270e9ce80f6aad77ebe60db80
CRAQ-240E-4A,main.jpg,final-main,product-shots/CRAQ-240E-4A/main.jpg,1200,1200,RGB,False,1.0,1.0,pass,eac89fc20cb8ece9961a5ee80de052a79e5ef64a52036e4537e93706dd9056ad
CRAQ-240E-7A,main.jpg,final-main,product-shots/CRAQ-240E-7A/main.jpg,1200,1200,RGB,False,1.0,1.0,pass,12c3fa0798eedaadf895a61df164429a3595eb5c97ad428e25a56a3413202a13
CRAQ-240E-7A2,main.jpg,final-main,product-shots/CRAQ-240E-7A2/main.jpg,1200,1200,RGB,False,1.0,1.0,pass,9e2572ef6446ddf85c48220a8c479962b4ad2bcc32478b24405112ac07c00545
CRAQ-240EG-9A,main.jpg,final-main,product-shots/CRAQ-240EG-9A/main.jpg,1200,1200,RGB,False,1.0,1.0,pass,c082a1a02c016e76ed93c8112bbda89547ab915d868f8cee4347e6c45068b098
CRAQ-800EG-9A,main.jpg,final-main,product-shots/CRAQ-800EG-9A/main.jpg,1200,1200,RGB,False,1.0,1.0,pass,a7b4cbaff5ba26716c0ab7a7f7eaaa9ebb74b1d420b8357cb9f56686e18c655d
CRAR11723,main.jpg,final-main,product-shots/CRAR11723/main.jpg,1200,1200,RGB,False,1.0,1.0,pass,f41e0cae6939c95c28906facda29c4663804c9b08cfeaac1b5de2758c3660ad8
CRAS4020-44B,main.jpg,final-main,product-shots/CRAS4020-44B/main.jpg,1200,1200,RGB,False,1.0,1.0,pass,7bf31e69fc7be6d6f210dec7600fb830d4042694c1ec1b42864c30bd1e0655b9
CRAS4050-51E,main.jpg,final-main,product-shots/CRAS4050-51E/main.jpg,1200,1200,RGB,False,1.0,1.0,pass,db6eb62b119e178b254adb5249d19d757d656db5f499130e3e7c23ec2375292d
CRAS5010-51E,main.jpg,final-main,product-shots/CRAS5010-51E/main.jpg,1200,1200,RGB,False,1.0,1.0,pass,2dc98bc5527f904593bdc75fe98fddf28b1de165cecea1fc836b803d3760652e
CRAT8300-58L,main.jpg,final-main,product-shots/CRAT8300-58L/main.jpg,1200,1200,RGB,False,1.0,1.0,pass,1406997e4c99d768a7dde198fd2f54b68d29d28cebc5cca58de585b19153dfc3
CRAV-4011-0C,main.jpg,final-main,product-shots/CRAV-4011-0C/main.jpg,1200,1200,RGB,False,1.0,1.0,pass,4607b58f1609275c0cdfd253099ae50847634c347e2a84a28c960261f0222d2f
CRAV0106-01L,main.jpg,final-main,product-shots/CRAV0106-01L/main.jpg,1200,1200,RGB,False,1.0,1.0,pass,6d8b469ef50630205e1223cc3dd1809d101b4942c603bd21b7a3cbc8eb33d90b
CRAW1880-55X,main.jpg,final-main,product-shots/CRAW1880-55X/main.jpg,1200,1200,RGB,False,1.0,1.0,pass,ca5704eacf3875b5866adc81b2970fc2fcbc2a9c78b6cadb2028d46e5ac85426
CRAW1881-52L,main.jpg,final-main,product-shots/CRAW1881-52L/main.jpg,1200,1200,RGB,False,1.0,1.0,pass,4213132a089b4494c36020e6cf2d212b055bfa7bf6bca2695fbf71d41f9f4461
CRBA-110XBE-7A,main.jpg,final-main,product-shots/CRBA-110XBE-7A/main.jpg,1200,1200,RGB,False,1.0,1.0,pass,ec14b42fc144c0402a33ac28984364aa00dd16eaf493bb6c1daf3a51ab8d80b1
CRBG-169U-1C,main.jpg,final-main,product-shots/CRBG-169U-1C/main.jpg,1200,1200,RGB,False,1.0,1.0,pass,5383db5b20aeabcdf3c1425da7c526ac63ed9005d42a74b8e973857a86ed8b37
CRBGA-10-3A,main.jpg,final-main,product-shots/CRBGA-10-3A/main.jpg,1200,1200,RGB,False,1.0,1.0,pass,153cdabd5942c6e172fe7688ac54a5e4467f00bc70ffad2fdfd740c59813f6ec
CRBGA-10-4A,main.jpg,final-main,product-shots/CRBGA-10-4A/main.jpg,1200,1200,RGB,False,1.0,1.0,pass,8374e7dbba56c6328af9f8a0e56237502e72f6ee35841e254f1fb9d0d1954210
CRBGA-10-6A,main.jpg,final-main,product-shots/CRBGA-10-6A/main.jpg,1200,1200,RGB,False,1.0,1.0,pass,5d282be3ad62516cf1c4023e66678caa152d5084d7311130a24687c3a55636cb
CRBGA-10-7A,main.jpg,final-main,product-shots/CRBGA-10-7A/main.jpg,1200,1200,RGB,False,1.0,1.0,pass,61ab072b063ea9e48596127ca9deef6e0637ffff77d50033d1b9dd96d394af14
CRBGA-10D-2A1,main.jpg,final-main,product-shots/CRBGA-10D-2A1/main.jpg,1200,1200,RGB,False,1.0,1.0,pass,fdc3693e997293509ea525a30bcf4fbb4969b540aa34f67baa3a53ef07a37806
CRBGA-10D-2A2,main.jpg,final-main,product-shots/CRBGA-10D-2A2/main.jpg,1200,1200,RGB,False,1.0,1.0,pass,0bc373d09bcc2328558b262a2759b9cfcab82fb8c6ee744e0b0fde8d1038d948
CRBGA-10D-6A,main.jpg,final-main,product-shots/CRBGA-10D-6A/main.jpg,1200,1200,RGB,False,1.0,1.0,pass,0e04e2eb3b744eaeb1690a2d0a88dbdac9d260e2c3b59175819dfca771b5449e
CRBGA-15K-4A,main.jpg,final-main,product-shots/CRBGA-15K-4A/main.jpg,1200,1200,RGB,False,1.0,1.0,pass,203a3ba897be68e72bcbe0d6a5643667612cf7557a53219d4963f69b82d2f129
CRBGA-15K-6A,main.jpg,final-main,product-shots/CRBGA-15K-6A/main.jpg,1200,1200,RGB,False,1.0,1.0,pass,d369ecab4ce66f90fb9eedd586b4c8552727074b164f7d2d389ce062df17592f
CRBGA-15K-7A,main.jpg,final-main,product-shots/CRBGA-15K-7A/main.jpg,1200,1200,RGB,False,1.0,1.0,pass,4c1da5b25aaaaa1fd0a0513b7b3a4b8bfc31e191300803349eb715d709d81acc
CRBGA-280-1A,main.jpg,final-main,product-shots/CRBGA-280-1A/main.jpg,1200,1200,RGB,False,1.0,1.0,pass,2f2064492de4e67df41e351e9076feb92b384682b46ce6a3e6e95c5189049cc6
CRBGA-290FL-7A,main.jpg,final-main,product-shots/CRBGA-290FL-7A/main.jpg,1200,1200,RGB,False,1.0,1.0,pass,09e1b256bf298c3bd2d3d6fc52bb295950d0b9b9acd734abd4d0dbed5bee7292
CRBI5110-54X,main.jpg,final-main,product-shots/CRBI5110-54X/main.jpg,1200,1200,RGB,False,1.0,1.0,pass,97d0dc3ec7a454225c869f8d990cede0d00fc38cc64a85722f9f6729d2db155c
CRBJ2040-04E,main.jpg,final-main,product-shots/CRBJ2040-04E/main.jpg,1200,1200,RGB,False,1.0,1.0,pass,05c282b624e79fb040da4052c434dd6fd98105bfd085f5987eedc15722630f01
CRBJ2040-55E,main.jpg,final-main,product-shots/CRBJ2040-55E/main.jpg,1200,1200,RGB,False,1.0,1.0,pass,34cde13eeb5666deaf34a4f004d90aab487bebdea80dfdde3d101507336646f0
CRBJ2105-51E,main.jpg,final-main,product-shots/CRBJ2105-51E/main.jpg,1200,1200,RGB,False,1.0,1.0,pass,54546e24bf9fff7ac58b2b4e89abf329cd98907df30fd7800fbaf9fc19eb4485
CRBJ2110-01E,main.jpg,final-main,product-shots/CRBJ2110-01E/main.jpg,1200,1200,RGB,False,1.0,1.0,pass,9be9dd731e38611dcaf2b57ba30cb6be5e65b940df8c99acea0cbf63ae9a98af
CRBJ2119-06E,main.jpg,final-main,product-shots/CRBJ2119-06E/main.jpg,1200,1200,RGB,False,1.0,1.0,pass,a4e200510226ca7ce33f8a5e79efafd0a1d11830dbc65b7bd3be4993546a6fdc
CRBJ2120-07E,main.jpg,final-main,product-shots/CRBJ2120-07E/main.jpg,1200,1200,RGB,False,1.0,1.0,pass,4dda66ab02590e366e646108a013cec1a760e48cbf0136a0a0ea97eed0ec9c4f
CRBJ2127-16E,main.jpg,final-main,product-shots/CRBJ2127-16E/main.jpg,1200,1200,RGB,False,1.0,1.0,pass,35b409126165f09940bcd2f13a8a94a6d993558df4bbacf6169103cac01d4894
CRBJ2167-03E,main.jpg,final-main,product-shots/CRBJ2167-03E/main.jpg,1200,1200,RGB,False,1.0,1.0,pass,625291174dd3c5b336049c6d9019dd046480460006a30b96bd2b42222068c060
CRBJ7006-56L,main.jpg,final-main,product-shots/CRBJ7006-56L/main.jpg,1200,1200,RGB,False,1.0,1.0,pass,ebcba1874278cd3d0add7baef7709ed0f4aec6a94cba49e6505e5cd29927ffcb
CRBJ7010-24W,main.jpg,final-main,product-shots/CRBJ7010-24W/main.jpg,1200,1200,RGB,False,1.0,1.0,pass,0a4b457f3c0af8164272045a146872db9978fa5dfbddae3e6f2eeb7430343360
CRBJ7010-59E,main.jpg,final-main,product-shots/CRBJ7010-59E/main.jpg,1200,1200,RGB,False,1.0,1.0,pass,b38164267439a0a74d3bbfb2ca4f547270c5794fb063d7d61ecced5471ef05cf
CRBJ7017-09E,main.jpg,final-main,product-shots/CRBJ7017-09E/main.jpg,1200,1200,RGB,False,1.0,1.0,pass,4fa27140d350368b8b4f4dc73d888bab5990b53c03bce9b7106f610aef47b3a3
CRBJ7070-57E,main.jpg,final-main,product-shots/CRBJ7070-57E/main.jpg,1200,1200,RGB,False,1.0,1.0,pass,f12ada502ffbb9dcdef0cffe5a215cac51ae1df65228bdb8c545282c2086afa8
CRBJ7073-08E,main.jpg,final-main,product-shots/CRBJ7073-08E/main.jpg,1200,1200,RGB,False,1.0,1.0,pass,9ecdad5600db57647ca66fa4428ff22ca25d43b776f6acc2e2fa8f36bf4564ab
CRBJ7080-53E,main.jpg,final-main,product-shots/CRBJ7080-53E/main.jpg,1200,1200,RGB,False,1.0,1.0,pass,2957d68c427200681ac3145f8618f375822fea62d446cd073a9ad93a5d9b2624
CRBJ7086-06E,main.jpg,final-main,product-shots/CRBJ7086-06E/main.jpg,1200,1200,RGB,False,1.0,1.0,pass,ab1145665ed23ed9044153cd638893b49fa9e999f15bf53fd657e7bb4cb8c49a
CRBJ7094-59L,main.jpg,final-main,product-shots/CRBJ7094-59L/main.jpg,1200,1200,RGB,False,1.0,1.0,pass,7a05089e2eeb31afd75dca9f6d536e30e512103de4e60207f00f6fffa6978bd6
CRBJ7095-56X,main.jpg,final-main,product-shots/CRBJ7095-56X/main.jpg,1200,1200,RGB,False,1.0,1.0,pass,3a691ac500c9a76d598b769b0d9fc365c83e4785c122fa40c9332b9a467d397b
CRBJ7135-02E,main.jpg,final-main,product-shots/CRBJ7135-02E/main.jpg,1200,1200,RGB,False,1.0,1.0,pass,0e4906b6cf28e8a727c0d6c5d9bb31974e89f395705e2326a2320794ad6a2c7d
CRBJ7136-00E,main.jpg,final-main,product-shots/CRBJ7136-00E/main.jpg,1200,1200,RGB,False,1.0,1.0,pass,af9e1c0cf9d8db36c5c8f81e716d1168cf3787a2c078f921bad237a3399e41aa
CRBJ7138-04E,main.jpg,final-main,product-shots/CRBJ7138-04E/main.jpg,1200,1200,RGB,False,1.0,1.0,pass,cdca95c8263b2b527ccad3223179e9cd440603d30be386aec62870e7bcef0eaa
CRBJ8050-08E,main.jpg,final-main,product-shots/CRBJ8050-08E/main.jpg,1200,1200,RGB,False,1.0,1.0,pass,7040bd98df1eed21b9e3dedb0403fe229ba4a659c37c25877384d85da17005c7
CRBJ8055-04E,main.jpg,final-main,product-shots/CRBJ8055-04E/main.jpg,1200,1200,RGB,False,1.0,1.0,pass,fbee0c02a58f438f4794e0442971461f698448360baad1c01f58c4198bc3e3e6
CRBJ8055-04X,main.jpg,final-main,product-shots/CRBJ8055-04X/main.jpg,1200,1200,RGB,False,1.0,1.0,pass,7aaa285a05cdb59d13700ab5988adbb77acc5b7d6f1e17e9939e0c1320d72b4a
CRBJ8057-17X,main.jpg,final-main,product-shots/CRBJ8057-17X/main.jpg,1200,1200,RGB,False,1.0,1.0,pass,d248c7276989af30827a8b4dae0d3063b1af9e01c7fd3948aa6f4dc3c7cbebf0
CRBJ8058-06L,main.jpg,final-main,product-shots/CRBJ8058-06L/main.jpg,1200,1200,RGB,False,1.0,1.0,pass,03d0d47cb87aa6e98d4e3181ff2a1d370e0b7d0bf78a5c5c0c757cd25ad745a9
CRBL5571-09L,main.jpg,final-main,product-shots/CRBL5571-09L/main.jpg,1200,1200,RGB,False,1.0,1.0,pass,595056191dec1ff88454bde3579d2f9ee310d474210a5b6c5ebab6bf9c4e0af3
CRBLS-100D-1AV,main.jpg,final-main,product-shots/CRBLS-100D-1AV/main.jpg,1200,1200,RGB,False,1.0,1.0,pass,2c40bfbdfffea33258f653b6d9674c891340adc887cd496a960d515d1be31ba5
CRBLS-100D-7AV,main.jpg,final-main,product-shots/CRBLS-100D-7AV/main.jpg,1200,1200,RGB,False,1.0,1.0,pass,05b78477890fc4620855ee149ea1bd28370f5e87c6ae457f5a155895a68cedb3
CRBLS-100DS-2AV,main.jpg,final-main,product-shots/CRBLS-100DS-2AV/main.jpg,1200,1200,RGB,False,1.0,1.0,pass,1307f5806cc25252b3aebab36fa618705d5827e956b2404af887f89c83b2ceaf
CRBLS-100DS-4AV,main.jpg,final-main,product-shots/CRBLS-100DS-4AV/main.jpg,1200,1200,RGB,False,1.0,1.0,pass,46ee92a8e74129ef169f6f1cc5c453fabce357ace482aa2777464493cb59d4f0
CRBM7620-83M,main.jpg,final-main,product-shots/CRBM7620-83M/main.jpg,1200,1200,RGB,False,1.0,1.0,pass,ccc263e14fd5c7a5d7a4ce04a41665571fb2eba8859f81209888119d15725788
CRBMS-100D-1AV,main.jpg,final-main,product-shots/CRBMS-100D-1AV/main.jpg,1200,1200,RGB,False,1.0,1.0,pass,e3e0ce795ce101dc4d698ca44880577d036ac7679a1f44a1277d5b6c3bb63137
CRBMS-100D-7AV,main.jpg,final-main,product-shots/CRBMS-100D-7AV/main.jpg,1200,1200,RGB,False,1.0,1.0,pass,b0e572f26d1b84bcd9abb67db9a71817f7d4524ddaa5c11b71dfc8f025942961
CRBMS-100D-8AV,main.jpg,final-main,product-shots/CRBMS-100D-8AV/main.jpg,1200,1200,RGB,False,1.0,1.0,pass,9da0ebf2e860da78eca9a959595ff23402d28e7ffabe13785ca11acd02d0b169
CRBMS-300D-1AV,main.jpg,final-main,product-shots/CRBMS-300D-1AV/main.jpg,1200,1200,RGB,False,1.0,1.0,pass,411b1ec4fefd42988b1f4e418541d01f6ce6c078178a903efc35e991fee1aa98
CRBMS-300D-2AV,main.jpg,final-main,product-shots/CRBMS-300D-2AV/main.jpg,1200,1200,RGB,False,1.0,1.0,pass,1ee7e1f2d6dbea66c666d0645fadea4959f98c35cf523ab1953de9e77f3c5d97
CRBMS-300D-7AV,main.jpg,final-main,product-shots/CRBMS-300D-7AV/main.jpg,1200,1200,RGB,False,1.0,1.0,pass,47c7006bb576c39d24390dd07a2389a84b22e57613f7dc9c3c88e8b11e9e919a
CRBN0088-03E,main.jpg,final-main,product-shots/CRBN0088-03E/main.jpg,1200,1200,RGB,False,1.0,1.0,pass,b135ff324f7719a9f18827803b7ea2988f80568f69b790d22b426aedbb4eb04e
CRBN0100-26E,main.jpg,final-main,product-shots/CRBN0100-26E/main.jpg,1200,1200,RGB,False,1.0,1.0,pass,266726a086a650b4057bd8a224daceb34d19c1c6555c817f10fb9af7a7f02f35
CRBN0100-42E,main.jpg,final-main,product-shots/CRBN0100-42E/main.jpg,1200,1200,RGB,False,1.0,1.0,pass,e7fabd6dc06129daad2e74beca2b583237024b0233b9cbd62240182ded803f9d
CRBN0100-51E,main.jpg,final-main,product-shots/CRBN0100-51E/main.jpg,1200,1200,RGB,False,1.0,1.0,pass,edf690074ab4058b245e6209a395847637e165faceea13cd8417011fee2ee76f
CRBN0151-17L,main.jpg,final-main,product-shots/CRBN0151-17L/main.jpg,1200,1200,RGB,False,1.0,1.0,pass,61de16c1aee02aff07bcae2be092f7a0e0ed38a83adf0fa4686e99f078d4b25f
CRBN0156-56E,main.jpg,final-main,product-shots/CRBN0156-56E/main.jpg,1200,1200,RGB,False,1.0,1.0,pass,55fd4a06af670088fb45e373b41bf6b0b90a3b44b799ca319e4ca64d5c2d754b
CRBN0158-18X,main.jpg,final-main,product-shots/CRBN0158-18X/main.jpg,1200,1200,RGB,False,1.0,1.0,pass,55d9d659fc65b92e7dbd297415ed42927eff833166fb0f059b88519196b46f9a
CRBN0159-15X,main.jpg,final-main,product-shots/CRBN0159-15X/main.jpg,1200,1200,RGB,False,1.0,1.0,pass,e1fac94ac2989bafe3e4f2bfce2d6bf8dce3a89437543005708c6e95ba724ffc
CRBN0162-02X,main.jpg,final-main,product-shots/CRBN0162-02X/main.jpg,1200,1200,RGB,False,1.0,1.0,pass,8dd4c677297d1e75590d543dacb916f34cbdd60db3f4c1311678503fc933b4ca
CRBN0163-00H,main.jpg,final-main,product-shots/CRBN0163-00H/main.jpg,1200,1200,RGB,False,1.0,1.0,pass,e94a46314e1b5dbe47f3d592a437754d7f324653a3bfa241b70f9c5717326b47
CRBN0167-50H,main.jpg,final-main,product-shots/CRBN0167-50H/main.jpg,1200,1200,RGB,False,1.0,1.0,pass,66077fc7ec066c284c3bc5912462e1c127cbcd9a8eb650ca28ff1f50b34e9114
CRBN0177-05E,main.jpg,final-main,product-shots/CRBN0177-05E/main.jpg,1200,1200,RGB,False,1.0,1.0,pass,080faf8222833a69b4aa7c3e75883acc08bfb99c805842ae583484aa7cc7a01c
CRBN0194-57E,main.jpg,final-main,product-shots/CRBN0194-57E/main.jpg,1200,1200,RGB,False,1.0,1.0,pass,24f59aead8c60c508185d78d63c87cbba16150818f83af095aa875d321a007b8
CRBN0195-54E,main.jpg,final-main,product-shots/CRBN0195-54E/main.jpg,1200,1200,RGB,False,1.0,1.0,pass,159bab96d3976ecfe78141d9b49bba9afeb3d166c2fcf5c8f986e40eba9dcb26
CRBN0198-56H,main.jpg,final-main,product-shots/CRBN0198-56H/main.jpg,1200,1200,RGB,False,1.0,1.0,pass,7264829d65c8c63e89053e769c74c51ece73b866367a2d7aaf8ff69ba3d8052a
CRBN0199-53X,main.jpg,final-main,product-shots/CRBN0199-53X/main.jpg,1200,1200,RGB,False,1.0,1.0,pass,383b7885c22490e8b53025f5b17b38935215f5fc52ef79e4a381df6194c4964a
CRBN0231-01L,main.jpg,final-main,product-shots/CRBN0231-01L/main.jpg,1200,1200,RGB,False,1.0,1.0,pass,54edffe47e9774e84b6c3ec6fe8f68aace99e5fe63a54312136bf91cb77a2df3
CRBN0235-01E,main.jpg,final-main,product-shots/CRBN0235-01E/main.jpg,1200,1200,RGB,False,1.0,1.0,pass,263fff514b405af5cd53feaaa8c6fdd75a482b7db915cfc31f6fd7a3b423bcec
CRBN0238-02L,main.jpg,final-main,product-shots/CRBN0238-02L/main.jpg,1200,1200,RGB,False,1.0,1.0,pass,aab7732390227e9be3ef0f570c556a991a4c63d3f680a4df2ac820851d7221b0
CRBN1024-01E,main.jpg,final-main,product-shots/CRBN1024-01E/main.jpg,1200,1200,RGB,False,1.0,1.0,pass,fb642de19965b4212133b2d182f4ff482f422289b2a698ab3e3aa0e1344bcd2a
CRBN1025-08L,main.jpg,final-main,product-shots/CRBN1025-08L/main.jpg,1200,1200,RGB,False,1.0,1.0,pass,241b5b6c517c9cc8cacb770d7e2d8e1a5adaccbf34fb23659ec752057dec7967
CRBN2036-14E,main.jpg,final-main,product-shots/CRBN2036-14E/main.jpg,1200,1200,RGB,False,1.0,1.0,pass,50bef3f4f4b397fa922d7406b3f7576caba7295f9f86d1376eeee170b1687f1e
CRBN2037-11E,main.jpg,final-main,product-shots/CRBN2037-11E/main.jpg,1200,1200,RGB,False,1.0,1.0,pass,903025a628ce4dc9efbd0da23b13dd759c67f662a96f2ea88f654cd211fc55f1
CRBN2038-01L,main.jpg,final-main,product-shots/CRBN2038-01L/main.jpg,1200,1200,RGB,False,1.0,1.0,pass,0c1f3b9074e76cbbc01a84e2eb54e6761f7d45336e9096374a8f2aaf332dba27
CRBN4026-09F,main.jpg,final-main,product-shots/CRBN4026-09F/main.jpg,1200,1200,RGB,False,1.0,1.0,pass,0d0a5541d0234f24fd2d2d820295e2245b49242aa6fc1b6948db7a25652c4792
CRBN4044-15E,main.jpg,final-main,product-shots/CRBN4044-15E/main.jpg,1200,1200,RGB,False,1.0,1.0,pass,b75d4b4392695ac816c20ed9fbcda3e6c3d358574263b030fd5af2d46db59561
CRBN4045-12X,main.jpg,final-main,product-shots/CRBN4045-12X/main.jpg,1200,1200,RGB,False,1.0,1.0,pass,6b5d5a6cc60500a5fb7c3c4590b552805bdcb58d0a8770d74f5b5c2f54017a82
CRBN4049-11E,main.jpg,final-main,product-shots/CRBN4049-11E/main.jpg,1200,1200,RGB,False,1.0,1.0,pass,a6cb465f5e22cb7519cc3a5e2733068e8f479b5f1beb4d8341a45c76cbfdb6d4
CRBX1010-02E,main.jpg,final-main,product-shots/CRBX1010-02E/main.jpg,1200,1200,RGB,False,1.0,1.0,pass,da99e3067d055c6ceaa336ef800fdd2c79b8cd6600d90569d6ef754dad70d0c1
CRBX1010-53E,main.jpg,final-main,product-shots/CRBX1010-53E/main.jpg,1200,1200,RGB,False,1.0,1.0,pass,fc83be2f8474549af9fc0b50c5dc28badcc8d03b33332401e6e9486e85eb6aa0
CRBY3006-53E,main.jpg,final-main,product-shots/CRBY3006-53E/main.jpg,1200,1200,RGB,False,1.0,1.0,pass,59c581b274af49f4da6d65f8b658f92ab904308142d7673c46b4d6fd1a61c070
CRCA-500WE-1A,main.jpg,final-main,product-shots/CRCA-500WE-1A/main.jpg,1200,1200,RGB,False,1.0,1.0,pass,f73685b7f010e8790e38daa266a96421befd113b1a652cc631983b7bc4657667
CRCA0710-82L,main.jpg,final-main,product-shots/CRCA0710-82L/main.jpg,1200,1200,RGB,False,1.0,1.0,pass,69266dd54dffc705ab8b1312a376ed79e9791a70bf601289dfe05d46773160c3
CRCA0711-80H,main.jpg,final-main,product-shots/CRCA0711-80H/main.jpg,1200,1200,RGB,False,1.0,1.0,pass,9065cb40f8f070d0c3304fed4eb94807e00a4bbfa01e6a2374d35ebc6afe8029
CRCA0715-03E,main.jpg,final-main,product-shots/CRCA0715-03E/main.jpg,1200,1200,RGB,False,1.0,1.0,pass,4ce2be0d9f0768261b5375a1f40b5d207865abeb99ad9c6240dac640ccc50c5d
CRCA0718-13E,main.jpg,final-main,product-shots/CRCA0718-13E/main.jpg,1200,1200,RGB,False,1.0,1.0,pass,447e355a056633a8b22d1b86f025d8d7571b27f61906d212798c4e76f25a0e75
CRCA0719-53E,main.jpg,final-main,product-shots/CRCA0719-53E/main.jpg,1200,1200,RGB,False,1.0,1.0,pass,9b65e3281e76fff52e4fcb07d99c65c016509627b347aa71697f0a7af3c96e75
CRCA0820-50X,main.jpg,final-main,product-shots/CRCA0820-50X/main.jpg,1200,1200,RGB,False,1.0,1.0,pass,a755301b0f065799f5b5699eff0194721c454439e2f4dece0f13ff0468c154c1
CRCA4660-61A,main.jpg,final-main,product-shots/CRCA4660-61A/main.jpg,1200,1200,RGB,False,1.0,1.0,pass,285a4351089df1e99702e161aaf5ebb5c48cc4ab165064185c74e4aac6885a54
CRCA4664-60W,main.jpg,final-main,product-shots/CRCA4664-60W/main.jpg,1200,1200,RGB,False,1.0,1.0,pass,2cc1cc49a7ab7fe47d7cd2da5d7c4e2e345f290a715f1e610776295ee70f2dd9
CRCAZ1010.BA0842,main.jpg,final-main,product-shots/CRCAZ1010.BA0842/main.jpg,1200,1200,RGB,False,1.0,1.0,pass,a8366f0a608d16eabe458d4656341117a1e4b625963104f740aff605fdc412b0
CRCAZ2012.BA0876,main.jpg,final-main,product-shots/CRCAZ2012.BA0876/main.jpg,1200,1200,RGB,False,1.0,1.0,pass,60fbbfadb5cc32eee9de699714df5ef64f638c938e444dbda676000f171b29be
CRCB0240-11L,main.jpg,final-main,product-shots/CRCB0240-11L/main.jpg,1200,1200,RGB,False,1.0,1.0,pass,4a67dde579653f4fa10100ac16a30ca2ac2b0c0b358091720f563c4bb21b1825
CRCB5004-59W,main.jpg,final-main,product-shots/CRCB5004-59W/main.jpg,1200,1200,RGB,False,1.0,1.0,pass,1a11d8b55439f9bb18f707a000d046d4b02fc83422dbdd199aa5ad4f7da79309
CRCB5006-02L,main.jpg,final-main,product-shots/CRCB5006-02L/main.jpg,1200,1200,RGB,False,1.0,1.0,pass,be7c0d29f6fdc77bfa78ce67d23e985c3635defc2e2496fba7d5a5bcbb8ba329
CRCB5009-55E,main.jpg,final-main,product-shots/CRCB5009-55E/main.jpg,1200,1200,RGB,False,1.0,1.0,pass,7c7633c5057f226de795f684afed0f4a0a98a18a14c6956fdc5a7f9f67c4ef7d
CRCB5034-91W,main.jpg,final-main,product-shots/CRCB5034-91W/main.jpg,1200,1200,RGB,False,1.0,1.0,pass,0a3a00b3a42bbd4e6584b1a7c7f8626715c097c89031bd0703089174aa0fccce
CRCB5037-17X,main.jpg,final-main,product-shots/CRCB5037-17X/main.jpg,1200,1200,RGB,False,1.0,1.0,pass,a45f768f6f15e73ef8da9c36c9685e04656744976505032c484de1b65b658b19
CRCB5841-05E,main.jpg,final-main,product-shots/CRCB5841-05E/main.jpg,1200,1200,RGB,False,1.0,1.0,pass,bbc5bc88c6cb5448538643f6baec52d6d20e36f7c778225090164ec8cfa81bd2
CRCB5848-57L,main.jpg,final-main,product-shots/CRCB5848-57L/main.jpg,1200,1200,RGB,False,1.0,1.0,pass,f89cef8d08be3b87f06f4219c65a45b216c6a7324eb4f362243c0a0c07c99f6f
CRCB5860-86E,main.jpg,final-main,product-shots/CRCB5860-86E/main.jpg,1200,1200,RGB,False,1.0,1.0,pass,211e0e8123458d410b20346d3c333ca94a1067be479c8b75e85ee6738701c4bf
CRCB5925-82X,main.jpg,final-main,product-shots/CRCB5925-82X/main.jpg,1200,1200,RGB,False,1.0,1.0,pass,944215341573db9da3dc82b8bff00f0a8cbb7ebeb16bf6bea92d8de3640b34a8
CRCBZ2084.FT8097,main.jpg,final-main,product-shots/CRCBZ2084.FT8097/main.jpg,1200,1200,RGB,False,1.0,1.0,pass,7cf856330382ae4664eb8abf7a4d49bb753a603b2a503420ab8f81a3b4f67f93
CRCEM75001BR,main.jpg,final-main,product-shots/CRCEM75001BR/main.jpg,1200,1200,RGB,False,1.0,1.0,pass,2fe19fa366515023d84a236e80b0938816d87ae49ed88d43f5daa1c291a2247a
CRD710AN.-.MT,main.jpg,final-main,product-shots/CRD710AN.-.MT/main.jpg,1200,1200,RGB,False,1.0,1.0,pass,70c545712fc72034f491e5b47e62cc3a1045f68bbf4c17aad5f1e76c5bf1ed9d
CRD710BI.-.MT,main.jpg,final-main,product-shots/CRD710BI.-.MT/main.jpg,1200,1200,RGB,False,1.0,1.0,pass,d9c6edadd94234cc856ea563e430c36229c7ef6e27a243e3656cb4980b0a202e
CRD710PI.-.MT,main.jpg,final-main,product-shots/CRD710PI.-.MT/main.jpg,1200,1200,RGB,False,1.0,1.0,pass,e16be230974b1d37436dc3ffdbcc2a883f44be0c77d5ea0c2ed7f71df2298e9b
CRD710PRM.-.MT,main.jpg,final-main,product-shots/CRD710PRM.-.MT/main.jpg,1200,1200,RGB,False,1.0,1.0,pass,79804a40aad09695316e1696c9ae40b227d15f88c7ba8133375ca984fe2ca01d
CRD810AN.-.MT,main.jpg,final-main,product-shots/CRD810AN.-.MT/main.jpg,1200,1200,RGB,False,1.0,1.0,pass,47d8d116476c4337b3855a54beb1ba4b9b9c513091fa38b9b86a198421353d0b
CRD810BI.-.MT,main.jpg,final-main,product-shots/CRD810BI.-.MT/main.jpg,1200,1200,RGB,False,1.0,1.0,pass,05d915f382a9c57922c79c3179923ce6f6f5f94b7c5c2e3e5333b0bf866bb3e0
CRDBC-611-1DF,main.jpg,final-main,product-shots/CRDBC-611-1DF/main.jpg,1200,1200,RGB,False,1.0,1.0,pass,79f79f7ae83f3650fc36be090602b2b06e3a1025e702b300592fc7004d4d7547
CRDW-5000R-1A,main.jpg,final-main,product-shots/CRDW-5000R-1A/main.jpg,1200,1200,RGB,False,1.0,1.0,pass,15947e900de4de161dbbee5665ab1a521e88acd71b327e2e9b88c14bf52e5166
CRDW-5600RL-1,main.jpg,final-main,product-shots/CRDW-5600RL-1/main.jpg,1200,1200,RGB,False,1.0,1.0,pass,762413b5ec98e9d17a6967e21255d87ec9e9c9cd05063a678db7a253b4b24e24
CRDW-6900RL-1,main.jpg,final-main,product-shots/CRDW-6900RL-1/main.jpg,1200,1200,RGB,False,1.0,1.0,pass,f0daad9537739139fb95ba9b5ae1e1020860ecb13c982de6628f0824920a713f
CRDW-9052-1VDR,main.jpg,final-main,product-shots/CRDW-9052-1VDR/main.jpg,1200,1200,RGB,False,1.0,1.0,pass,0672076822e57d73ede6919f638e39ce6817fbd55fc9b857c5928f89b5f3b049
CRDW-9052-2VDR,main.jpg,final-main,product-shots/CRDW-9052-2VDR/main.jpg,1200,1200,RGB,False,1.0,1.0,pass,9477c91e42a6b409918907e75e04d2042a54b1b1c9d59a37200ab6b9b51f8113
CRECB-10D-2A,main.jpg,final-main,product-shots/CRECB-10D-2A/main.jpg,1200,1200,RGB,False,1.0,1.0,pass,67a1eb8f52edb0c511c299d55e290a2ccf9d71232948faa5227b5ddbcb6fe5b5
CRECB-30DB-1A,main.jpg,final-main,product-shots/CRECB-30DB-1A/main.jpg,1200,1200,RGB,False,1.0,1.0,pass,e76ae4a688958f8af80798f13e07952a01dcb6776a9f28b5a8b07ffbf0b251a8
CRECB-30DC-1B,main.jpg,final-main,product-shots/CRECB-30DC-1B/main.jpg,1200,1200,RGB,False,1.0,1.0,pass,0be4387611da46acee71f6ac68272f58bcdcb3874247bca84d58199ca8bc380b
CRECB-900GL-1A,main.jpg,final-main,product-shots/CRECB-900GL-1A/main.jpg,1200,1200,RGB,False,1.0,1.0,pass,1dba1cf446fb84bf46a500b9ed0ecff871c8d26f08e91294e3653deba50fc5e7
CRECB-S10D-2A,main.jpg,final-main,product-shots/CRECB-S10D-2A/main.jpg,1200,1200,RGB,False,1.0,1.0,pass,10cd437811ec1fc0b38c114dea525862792f79697719b703802b44b5c85050cf
CREFB-109D-1AV,main.jpg,final-main,product-shots/CREFB-109D-1AV/main.jpg,1200,1200,RGB,False,1.0,1.0,pass,aa2a4a7e8e992e736816a6b8540e0d86c39a6c5f6840c575ef7627b96489bfd8
CREFB-109D-2AV,main.jpg,final-main,product-shots/CREFB-109D-2AV/main.jpg,1200,1200,RGB,False,1.0,1.0,pass,159bec10e22992598e27813990e741c435eb7620fb8a9a6f6e4011df020b2f41
CREFB-109D-3AV,main.jpg,final-main,product-shots/CREFB-109D-3AV/main.jpg,1200,1200,RGB,False,1.0,1.0,pass,6368234f0bc2e1226b443295f89035a3a45c2c4b60cd3c7826663376e825ddc8
CREFB-109D-5AV,main.jpg,final-main,product-shots/CREFB-109D-5AV/main.jpg,1200,1200,RGB,False,1.0,1.0,pass,b4c155ea30221c3c9dfec33c1d3cf655cb946844755afc23017de0f122d6f260
CREFB-109D-7AV,main.jpg,final-main,product-shots/CREFB-109D-7AV/main.jpg,1200,1200,RGB,False,1.0,1.0,pass,8a317816f38aa0e188672e1fc1a3ad985096f0dc59777be1241b1799b282e83a
CREFB-710SG-1AV,main.jpg,final-main,product-shots/CREFB-710SG-1AV/main.jpg,1200,1200,RGB,False,1.0,1.0,pass,22b88b7a00cfa724a236c57a6f897e0ce5d884a9eb4897a9ebc254be917e528b
CREFB-710SG-2AV,main.jpg,final-main,product-shots/CREFB-710SG-2AV/main.jpg,1200,1200,RGB,False,1.0,1.0,pass,d11cdb2f7bbda2878431e00ec2c2880f0ac408a7f2f1442711f48878f8a3303e
CREFB-730D-2AV,main.jpg,final-main,product-shots/CREFB-730D-2AV/main.jpg,1200,1200,RGB,False,1.0,1.0,pass,7915b3c6cdf98a07eb1ba7dab157f34b4257ca63063e6c39cdfabca809d5cc48
CREFB-730D-2BV,main.jpg,final-main,product-shots/CREFB-730D-2BV/main.jpg,1200,1200,RGB,False,1.0,1.0,pass,036124d4651f1dc7c3470b489be476d058ddb25b7f6e1cb0e20355a3bbbce1a8
CREFB-730D-3AV,main.jpg,final-main,product-shots/CREFB-730D-3AV/main.jpg,1200,1200,RGB,False,1.0,1.0,pass,5d0448e1ef17d90f8de42ef36181b301a48b0375b9217b0f9e7cda04903bffa0
CREFB-730D-7AV,main.jpg,final-main,product-shots/CREFB-730D-7AV/main.jpg,1200,1200,RGB,False,1.0,1.0,pass,597442c8d91563dde032d6f7b50e66fb6ff1acf62132916b0a4471dc51df3c5a
CREFR-526D-2A,main.jpg,final-main,product-shots/CREFR-526D-2A/main.jpg,1200,1200,RGB,False,1.0,1.0,pass,323f9ec95170cb6df22a5bd3042a4fab37099d686e3385f03b1a9b87cc207446
CREFR-526D-3A,main.jpg,final-main,product-shots/CREFR-526D-3A/main.jpg,1200,1200,RGB,False,1.0,1.0,pass,238f96e8805aea0234bd53857382f0be3676dbebbae683617e43db109a174fab
CREFR-526L-7AV,main.jpg,final-main,product-shots/CREFR-526L-7AV/main.jpg,1200,1200,RGB,False,1.0,1.0,pass,00dbdf513808cd67627f595cc15da939986d65fbd1911e9b4a1d661cd5d0ae2f
CREFR-539DE-2AV,main.jpg,final-main,product-shots/CREFR-539DE-2AV/main.jpg,1200,1200,RGB,False,1.0,1.0,pass,a0c46b59440ff3553c90fed511672a6a7973578a0671dd843d9989127619b301
CREFR-552D-2A,main.jpg,final-main,product-shots/CREFR-552D-2A/main.jpg,1200,1200,RGB,False,1.0,1.0,pass,6338c53598f0131c0fdd0f7fd3a4c1cd94df24f194d72f4996fa26a0b37246e1
CREFR-574DC-2AV,main.jpg,final-main,product-shots/CREFR-574DC-2AV/main.jpg,1200,1200,RGB,False,1.0,1.0,pass,96d57c4ad042cdce6441e0150d81022bec3a1867069b412ec7ee466a3fad0a4f
CREFR-574DE-7AV,main.jpg,final-main,product-shots/CREFR-574DE-7AV/main.jpg,1200,1200,RGB,False,1.0,1.0,pass,ea1e08a3c96d5fedc1837715d255688b26e6acc7e19f84741d4c4286a4db6bbf
CREFR-575D-4A,main.jpg,final-main,product-shots/CREFR-575D-4A/main.jpg,1200,1200,RGB,False,1.0,1.0,pass,78d007c06a399bd2a67a94dad786ab49772000dfed02af78a129706ed921c9fe
CREFR-S108D-1A,main.jpg,final-main,product-shots/CREFR-S108D-1A/main.jpg,1200,1200,RGB,False,1.0,1.0,pass,94a6e1694e1ca02d3e913a58d33aa9b329021ba38b71702b38867389eaed7465
CREFR-S108D-2A,main.jpg,final-main,product-shots/CREFR-S108D-2A/main.jpg,1200,1200,RGB,False,1.0,1.0,pass,8e2dec2f0835846118a820808cd3845c851633293eb6ea67a862a1ef10201d9d
CREFR-S108D-3A,main.jpg,final-main,product-shots/CREFR-S108D-3A/main.jpg,1200,1200,RGB,False,1.0,1.0,pass,9b3ad6c15755a612ddae88e53aa502c6ceb235bd0fa8f7215515f3092fcc82c8
CREFR-S108D-7A,main.jpg,final-main,product-shots/CREFR-S108D-7A/main.jpg,1200,1200,RGB,False,1.0,1.0,pass,8dfe5571c3b7fa39559f2ecfdfd07721e09d995ae28fc83d6ee56920d7a1f559
CREFS-S570D-1A,main.jpg,final-main,product-shots/CREFS-S570D-1A/main.jpg,1200,1200,RGB,False,1.0,1.0,pass,ed1ecc638cb892ae7365446a2615ca8ed030d3a1eda5cb9586cb6dd19caca149
CREFS-S570D-5A,main.jpg,final-main,product-shots/CREFS-S570D-5A/main.jpg,1200,1200,RGB,False,1.0,1.0,pass,fb4f286515f1848d6cc0534f5d5530aea057c2f53eb38a26f48ea2bedfec95b8
CREFV-160D-1A,main.jpg,final-main,product-shots/CREFV-160D-1A/main.jpg,1200,1200,RGB,False,1.0,1.0,pass,ebcac48dd7016aeb50d3057a49ecc522e7d649ec0ee81ee3fd66d772ba4d316c
CREFV-160D-2A,main.jpg,final-main,product-shots/CREFV-160D-2A/main.jpg,1200,1200,RGB,False,1.0,1.0,pass,059b9ddeb19eb8cfcf4227c34e8e11409a99efaf38ddf8684090382f7b30623b
CREFV-160D-2BV,main.jpg,final-main,product-shots/CREFV-160D-2BV/main.jpg,1200,1200,RGB,False,1.0,1.0,pass,e2f5e97254007ec8b7f5023bbdaa81732cd52e2a8f3d02677e390ef63949334f
CREFV-160D-3A,main.jpg,final-main,product-shots/CREFV-160D-3A/main.jpg,1200,1200,RGB,False,1.0,1.0,pass,069e5ac86f36f48cb01a5eadb82b44916fbc1f01156117904e723db895165e6b
CREFV-160D-4AV,main.jpg,final-main,product-shots/CREFV-160D-4AV/main.jpg,1200,1200,RGB,False,1.0,1.0,pass,1d95b7e14fff450a976890e77a9bd6523965eab958bd7288078a26c81e6e61be
CREFV-160D-7A,main.jpg,final-main,product-shots/CREFV-160D-7A/main.jpg,1200,1200,RGB,False,1.0,1.0,pass,55a100a6b0d74f66653cb96b9c3f7e3bb24d81bebaa5366a4ddccf56ed38d469
CREFV-620D-1A4V,main.jpg,final-main,product-shots/CREFV-620D-1A4V/main.jpg,1200,1200,RGB,False,1.0,1.0,pass,e905d097c7db43deb1fcc6bf32540b15f48584ec6fff616b6b818a7c81a511b4
CREFV-640D-1A,main.jpg,final-main,product-shots/CREFV-640D-1A/main.jpg,1200,1200,RGB,False,1.0,1.0,pass,fb08f645cfbbed36f69faba027e0da8e7eb259e68f126f4edebb858dbb41f7b8
CREFV-640D-2BV,main.jpg,final-main,product-shots/CREFV-640D-2BV/main.jpg,1200,1200,RGB,False,1.0,1.0,pass,41a182ebb469872fe5d77dd1e6e5fbcf660660eb710e40569682b119e4f78fe0
CREFV-640D-3AV,main.jpg,final-main,product-shots/CREFV-640D-3AV/main.jpg,1200,1200,RGB,False,1.0,1.0,pass,42ad809b0a9023c8ca668bb2367434b2e1eb0a30cba46d3aee141a763bb86034
CREFV-640L-2A,main.jpg,final-main,product-shots/CREFV-640L-2A/main.jpg,1200,1200,RGB,False,1.0,1.0,pass,636c672ce12f0a4a36894f33922d71d25890753408fc5983c0ed639abc34c808
CREFV-650D-1A,main.jpg,final-main,product-shots/CREFV-650D-1A/main.jpg,1200,1200,RGB,False,1.0,1.0,pass,987917c3754a64bd81a29bd28e179087eacb6e1a8d3c6fefb8585f720ec97e01
CREFV-650D-3A,main.jpg,final-main,product-shots/CREFV-650D-3A/main.jpg,1200,1200,RGB,False,1.0,1.0,pass,570b7008c9ae182fe258f40cd2d55b9cc726afe365f5dbeaa9d829773e8bd43a
CREFV-650L-7AV,main.jpg,final-main,product-shots/CREFV-650L-7AV/main.jpg,1200,1200,RGB,False,1.0,1.0,pass,ee9f0d50538e1b5d0dd7cf47a26a19314a92209e9634b3b3d8335496f769c01b
CREFV-C120D-1A,main.jpg,final-main,product-shots/CREFV-C120D-1A/main.jpg,1200,1200,RGB,False,1.0,1.0,pass,f19f2144a5d1907150582a17407e1ad6067bcd0595481c6265bcde070a9d12a1
CREFV-C120D-1A4,main.jpg,final-main,product-shots/CREFV-C120D-1A4/main.jpg,1200,1200,RGB,False,1.0,1.0,pass,45a607cf9011a8e61d351047ed1df407a5670f5b55a8fce49cba56a46910f543
CREL05004W,main.jpg,final-main,product-shots/CREL05004W/main.jpg,1200,1200,RGB,False,1.0,1.0,pass,c2454ec7e0ecdade2c6468d18024a6ba6b5e85ed2c07dec8f2694f421fa95184
CREM0411-71A,main.jpg,final-main,product-shots/CREM0411-71A/main.jpg,1200,1200,RGB,False,1.0,1.0,pass,4da33b263e49ec420bcb7adacb4ef58848c58b18efc3da1ffb7c03ebb861d836
CREM1220-58X,main.jpg,final-main,product-shots/CREM1220-58X/main.jpg,1200,1200,RGB,False,1.0,1.0,pass,d2fa357c78d92a581b4361c83c4f0d42cc4d66aee9065c64fef5bb77b0592206
CREM70001W,main.jpg,final-main,product-shots/CREM70001W/main.jpg,1200,1200,RGB,False,1.0,1.0,pass,831c05bbab78cd8fdd46e6b2fe1efe683c36956c39e19c4e10f65d626012ee8c
CREM70002B,main.jpg,final-main,product-shots/CREM70002B/main.jpg,1200,1200,RGB,False,1.0,1.0,pass,cc0ca0f4142556744153553803a8ad9fd8e3c753445905d61e6e756f424a7048
CREM70002D,main.jpg,final-main,product-shots/CREM70002D/main.jpg,1200,1200,RGB,False,1.0,1.0,pass,a8684919ba6a47921ab0471cfa115fca21293b36d9ada92a381c45ce84b01fd5
CREM70002W,main.jpg,final-main,product-shots/CREM70002W/main.jpg,1200,1200,RGB,False,1.0,1.0,pass,dc9d6da86729700ad9fa6917ac08fe0a343781767a08f31517cb703eee7d67be
CREM70004W,main.jpg,final-main,product-shots/CREM70004W/main.jpg,1200,1200,RGB,False,1.0,1.0,pass,bf73cd864fab928fb1716296b82cfa617e78baefa2c81382a1d315017027266a
CREM70005B,main.jpg,final-main,product-shots/CREM70005B/main.jpg,1200,1200,RGB,False,1.0,1.0,pass,20689d3b37eaa2d17abac4a7d682c95d3a2c7252ed03b318895378c4a20f5121
CREM70005D,main.jpg,final-main,product-shots/CREM70005D/main.jpg,1200,1200,RGB,False,1.0,1.0,pass,2181c094ddb69f7dc18d522c962b5da2dea8fd9f1178907f8c865e91c62079b7
CREM75003B,main.jpg,final-main,product-shots/CREM75003B/main.jpg,1200,1200,RGB,False,1.0,1.0,pass,db85667034a1bcaa294008bedf717039493e8d84e11816f9777e334910a8059e
CREM7P006B,main.jpg,final-main,product-shots/CREM7P006B/main.jpg,1200,1200,RGB,False,1.0,1.0,pass,b6c6009f43a893e01c2235af13a7a64acd26117b2e45ec64744776376c2241f9
CREM7P00EC,main.jpg,final-main,product-shots/CREM7P00EC/main.jpg,1200,1200,RGB,False,1.0,1.0,pass,c3a2c045c585d93ad3da5605132ea7d4485142f36ce26813d0eea278a9f4e523
CREO2020-08E,main.jpg,final-main,product-shots/CREO2020-08E/main.jpg,1200,1200,RGB,False,1.0,1.0,pass,c75a4f1b7221dd2c1d855546c8a8773dd7b6f8e60b0bb917a132e2aa9fe450e0
CREO2021-05L,main.jpg,final-main,product-shots/CREO2021-05L/main.jpg,1200,1200,RGB,False,1.0,1.0,pass,25d0c064755a07e307bf9a7ea78d8e500116ff5cc6a360d6e9610b00bf6efe20
CREO2023-00A,main.jpg,final-main,product-shots/CREO2023-00A/main.jpg,1200,1200,RGB,False,1.0,1.0,pass,544916309e76ef99d5b3a9c7bb8f7f79ea5bd713e480878d290bb9ed614d65fc
CREO2027-09L,main.jpg,final-main,product-shots/CREO2027-09L/main.jpg,1200,1200,RGB,False,1.0,1.0,pass,633336240032530f6147f1079dcae12383566e5845a60f6aaf463ba2a78bc297
CREO2027-50Z,main.jpg,final-main,product-shots/CREO2027-50Z/main.jpg,1200,1200,RGB,False,1.0,1.0,pass,ca22ac0a6d275018112ec2224d524958b27dc71edd7d5e1d8e21fef2a807e1d3
CREP6040-02E,main.jpg,final-main,product-shots/CREP6040-02E/main.jpg,1200,1200,RGB,False,1.0,1.0,pass,09aa8fa272a97281a529ca83773b53c3fde6664147a85aa680c8a626033b7029
CREQS-940DB-1B,main.jpg,final-main,product-shots/CREQS-940DB-1B/main.jpg,1200,1200,RGB,False,1.0,1.0,pass,4608d09af69e804be9685f8b19ad0a8d29ef6c2d1534d698b790e765cc7066fc
CREQS-940NL-1A,main.jpg,final-main,product-shots/CREQS-940NL-1A/main.jpg,1200,1200,RGB,False,1.0,1.0,pass,f393c6b17395d7dc70b2d41e658743005bfb199b583b665a00bd268da9ad97cc
CRER24008B,main.jpg,final-main,product-shots/CRER24008B/main.jpg,1200,1200,RGB,False,1.0,1.0,pass,07bcd836c3a723b078297f5ade59b122488fa6e2be9a11bdd8dd17a16eb32204
CRER2400BW,main.jpg,final-main,product-shots/CRER2400BW/main.jpg,1200,1200,RGB,False,1.0,1.0,pass,f44a79dd87676ff594bc5b315d57d37c77122ff8841c714e3edf89c3d9654508
CRER2400CN,main.jpg,final-main,product-shots/CRER2400CN/main.jpg,1200,1200,RGB,False,1.0,1.0,pass,d0fbf21f4b5e6c87807aabd528a344b6c73f40631b2c55262fc1c2c122d6344c
CRER2400EW,main.jpg,final-main,product-shots/CRER2400EW/main.jpg,1200,1200,RGB,False,1.0,1.0,pass,9544cbe39c5907da7b285370f14768abec02184878cc41bd5f6edbdb7dce1e3e
CRER2400JW,main.jpg,final-main,product-shots/CRER2400JW/main.jpg,1200,1200,RGB,False,1.0,1.0,pass,12ac5ebd2ff7513a692e5bb6cef10e359282faac9c26169c3fe8cf5ec50aa36d
CRER2400KA,main.jpg,final-main,product-shots/CRER2400KA/main.jpg,1200,1200,RGB,False,1.0,1.0,pass,da8a74e7fd3c66e2386edd31d27abe75e65704c4b9dcbbc33346d68e8fb07d59
CRERA-130D-1A,main.jpg,final-main,product-shots/CRERA-130D-1A/main.jpg,1200,1200,RGB,False,1.0,1.0,pass,94c377a28f63156ec281d7e467cb7504056cca2c92eee07794c643917ed04651
CRERA-130D-2A,main.jpg,final-main,product-shots/CRERA-130D-2A/main.jpg,1200,1200,RGB,False,1.0,1.0,pass,dcea6f2d449c7ccca898f5cd470d9fded5489f28bb1a90b6db5be987e256caec
CRERA-130D-3A,main.jpg,final-main,product-shots/CRERA-130D-3A/main.jpg,1200,1200,RGB,False,1.0,1.0,pass,680c60921e0cf903b22b8ece054ca43c26dc615a3f49a4a061f577159237b7f5
CRES5323,main.jpg,final-main,product-shots/CRES5323/main.jpg,1200,1200,RGB,False,1.0,1.0,pass,ff73c8ab149773948890c0dc506015c1f703d6c5cf07b13029cbb717f6257e93
CRES5361,main.jpg,final-main,product-shots/CRES5361/main.jpg,1200,1200,RGB,False,1.0,1.0,pass,62d4f5d764d0934b9444a495a0d6a805acda122d3ac61666dec12d5210283af8
CRES5386,main.jpg,final-main,product-shots/CRES5386/main.jpg,1200,1200,RGB,False,1.0,1.0,pass,9889f91af3a7cdd89949d5e1d533be607e37c895c791d6460546d6698170bf8c
CRES5425,main.jpg,final-main,product-shots/CRES5425/main.jpg,1200,1200,RGB,False,1.0,1.0,pass,5c6a3f7dfec00f77091bb378b262951923710f044fe7f37c3153548a5351bd25
CRES5469,main.jpg,final-main,product-shots/CRES5469/main.jpg,1200,1200,RGB,False,1.0,1.0,pass,d104bb18ef054d81e7c7a3aede3eea313f9e1fb4175eaf6a00db83ef4e257636
CRES5485,main.jpg,final-main,product-shots/CRES5485/main.jpg,1200,1200,RGB,False,1.0,1.0,pass,6abc858ae3bf1c56f3008c813cabf94de69b4d61f4fdc4697d03b6fef383dbfc
CREW2621-75A,main.jpg,final-main,product-shots/CREW2621-75A/main.jpg,1200,1200,RGB,False,1.0,1.0,pass,5a597ab99fda5c79b777dc17db2a5e4b696b69ed4027835cdabae04335ed67cb
CREW2621-75M,main.jpg,final-main,product-shots/CREW2621-75M/main.jpg,1200,1200,RGB,False,1.0,1.0,pass,843d8b06a4125094c2b2821f5a94b049103756ef6b88e985dd326a3ca3efa010
CRF16477-1,main.jpg,final-main,product-shots/CRF16477-1/main.jpg,1200,1200,RGB,False,1.0,1.0,pass,3efbcad34e69e4191ae69ef6ece47e754fb4ece2722bb5dfad5484e1ddb9769e
CRF16820-4,main.jpg,final-main,product-shots/CRF16820-4/main.jpg,1200,1200,RGB,False,1.0,1.0,pass,776bc36bda59732adee18dc71d2b84b340172c78895b70d69df545802628213b
CRF20463-2,main.jpg,final-main,product-shots/CRF20463-2/main.jpg,1200,1200,RGB,False,1.0,1.0,pass,73922ceed25672a043abdd1c32ea6ec7b1d1bd70f0ce9f014f832ec2ebbdda1b
CRF20560-1,main.jpg,final-main,product-shots/CRF20560-1/main.jpg,1200,1200,RGB,False,1.0,1.0,pass,d5d9d69ee1250b317d4f3f0381bedf0d89627de7b38dc009a2019388f65b3f6f
CRF20560-5,main.jpg,final-main,product-shots/CRF20560-5/main.jpg,1200,1200,RGB,False,1.0,1.0,pass,72874ac079c35a101b10b1e6eb5ebf9d9791a56940fe8a3f32333dd13be0a188
CRF20622-P,main.jpg,final-main,product-shots/CRF20622-P/main.jpg,1200,1200,RGB,False,1.0,1.0,pass,31871f873f4d1dbddd7b6e616da1651d0f5b3ac5fea8cc68f43723a1a923b7c2
CRF20668-5,main.jpg,final-main,product-shots/CRF20668-5/main.jpg,1200,1200,RGB,False,1.0,1.0,pass,867434e8ce0b9e07abcf59fd3acfd50c52af773fc1cfec1126a40b4361f7e43b
CRF20670-6,main.jpg,final-main,product-shots/CRF20670-6/main.jpg,1200,1200,RGB,False,1.0,1.0,pass,49174ccae90645d4ae33640a347b07c5c73ca6938f91f69118db4474fe40571e
CRF20671-1,main.jpg,final-main,product-shots/CRF20671-1/main.jpg,1200,1200,RGB,False,1.0,1.0,pass,e97f6a0d24c9e03f72302fb1bd9fb59d0c61c67c888c8e51c7bf4b3a36cf52f8
CRF20692-2,main.jpg,final-main,product-shots/CRF20692-2/main.jpg,1200,1200,RGB,False,1.0,1.0,pass,460d64a1d88d63d365ab9db273decb3daa0ac489c9ba4aebeaf1a62a446f1de3
CRF20698-2,main.jpg,final-main,product-shots/CRF20698-2/main.jpg,1200,1200,RGB,False,1.0,1.0,pass,992cb97f020ea6eb95c2c4946c6fe9d441297a63d6644cb1b0f4b140c898b39f
CRF20707-3,main.jpg,final-main,product-shots/CRF20707-3/main.jpg,1200,1200,RGB,False,1.0,1.0,pass,f11b334660db2a731c3df4c29e5b58fc48527018f8de60f8ed0d0b69288c0d5e
CRF20742-3,main.jpg,final-main,product-shots/CRF20742-3/main.jpg,1200,1200,RGB,False,1.0,1.0,pass,5781e6e19be152e2306cc17acfea373091f10cf9ea2fb99c2a0c3d43d59297a6
CRF20751-2,main.jpg,final-main,product-shots/CRF20751-2/main.jpg,1200,1200,RGB,False,1.0,1.0,pass,bd1e82694fad295531758bab23f0d44a7dda390bf3bc8e2dc1a7555f9b58de01
CRFAA02004B9,main.jpg,final-main,product-shots/CRFAA02004B9/main.jpg,1200,1200,RGB,False,1.0,1.0,pass,3ae1c904a3689a028d8f71ccce67a2700145cc1219372fa530bdd524b6ce76fe
CRFAA02006M9,main.jpg,final-main,product-shots/CRFAA02006M9/main.jpg,1200,1200,RGB,False,1.0,1.0,pass,dea7b76630370a7fc9797b6f821395c6dee04f4f7b04c6952e5408d314c88708
CRFAA02007B9,main.jpg,final-main,product-shots/CRFAA02007B9/main.jpg,1200,1200,RGB,False,1.0,1.0,pass,e5ed04f1c81fb105e0c15f730c48c8765a2cb8f53095a4c28573c6a5989e6a17
CRFAA02008D9,main.jpg,final-main,product-shots/CRFAA02008D9/main.jpg,1200,1200,RGB,False,1.0,1.0,pass,d6358bb9e6b9b06495a6c3e439f646cae4eb2910f592f76a871bbd9d43980e98
CRFAA02009D9,main.jpg,final-main,product-shots/CRFAA02009D9/main.jpg,1200,1200,RGB,False,1.0,1.0,pass,227ed039a57d40baea4e4d66878566610d027397f0496ff056441f8a008e2bfe
CRFAB0000DK9,main.jpg,final-main,product-shots/CRFAB0000DK9/main.jpg,1200,1200,RGB,False,1.0,1.0,pass,014b39e8b4faf069ba0c774340654027ae9dcd2345003144bc809807edf8a667
CRFAB0000EB,main.jpg,final-main,product-shots/CRFAB0000EB/main.jpg,1200,1200,RGB,False,1.0,1.0,pass,e67dc8abbbe07a42c25f15af297b5bf2e70a8362b5abb38847bc784dac0d8ed1
CRFAC00002W0,main.jpg,final-main,product-shots/CRFAC00002W0/main.jpg,1200,1200,RGB,False,1.0,1.0,pass,692c18c62abb5077cd0e37755545f1a1a4d57c967c3ab2429090d6d50f2814b8
CRFAC00007W0,main.jpg,final-main,product-shots/CRFAC00007W0/main.jpg,1200,1200,RGB,False,1.0,1.0,pass,368868b5912ae1c3a4119afe51fe68c244541c06814943ca201f8f702ee8db9e
CRFAC0000BW0,main.jpg,final-main,product-shots/CRFAC0000BW0/main.jpg,1200,1200,RGB,False,1.0,1.0,pass,149e6a4723c95cb2d892d0f702e99b224484e459f7076aeed69dde734a6ab1f8
CRFAC08001T0,main.jpg,final-main,product-shots/CRFAC08001T0/main.jpg,1200,1200,RGB,False,1.0,1.0,pass,01c8970549452f16d3fce87fe687426f538fccda80d9f72926ac72eb7e25e89e
CRFAC08002F0,main.jpg,final-main,product-shots/CRFAC08002F0/main.jpg,1200,1200,RGB,False,1.0,1.0,pass,d1b2f60ad98c59d43426bbc7d44cdf02a76e42191349c2e677b57003ed8bde69
CRFAC09004D0,main.jpg,final-main,product-shots/CRFAC09004D0/main.jpg,1200,1200,RGB,False,1.0,1.0,pass,1ae611a2820423b232b4bab9f9d97934e6aaacb384e6f291e2baf083de38c141
CRFEM65001MV,main.jpg,final-main,product-shots/CRFEM65001MV/main.jpg,1200,1200,RGB,False,1.0,1.0,pass,10153be2e94699effa670d5fafc0563dcc36fea5dfffadd1ac844a6a42bd90d8
CRFEM65001MW,main.jpg,final-main,product-shots/CRFEM65001MW/main.jpg,1200,1200,RGB,False,1.0,1.0,pass,00b2637514fcfe76ae3cefc78f21598647e5c40e8f8ea20b4a80e632ff110ff1
CRFEM65004M,main.jpg,final-main,product-shots/CRFEM65004M/main.jpg,1200,1200,RGB,False,1.0,1.0,pass,724a1f6326d67ab74ca107ea480d593848ddebe77113a797f76b1e15aa5f6cdb
CRFEM65006D,main.jpg,final-main,product-shots/CRFEM65006D/main.jpg,1200,1200,RGB,False,1.0,1.0,pass,e130c03b127ea4255b2724931a6e01ea83eaa778d22c6854fff90045f966c5e7
CRFEM6500AM9,main.jpg,final-main,product-shots/CRFEM6500AM9/main.jpg,1200,1200,RGB,False,1.0,1.0,pass,d2ae02d6d717a4297615d1a9b913c8a6af7abf7ee13d85f11e80e1ca6d0ded01
CRFEM7J00AW9,main.jpg,final-main,product-shots/CRFEM7J00AW9/main.jpg,1200,1200,RGB,False,1.0,1.0,pass,bd7b59c99e4e25cb03e69c23d64bc611a260ad150df9a83b166fd9e1d6e736ca
CRFEM7P00CB,main.jpg,final-main,product-shots/CRFEM7P00CB/main.jpg,1200,1200,RGB,False,1.0,1.0,pass,5beb570dff262b850af1768958aca220e2adeb35df59348e1f521d16bdc5c852
CRFS6032,main.jpg,final-main,product-shots/CRFS6032/main.jpg,1200,1200,RGB,False,1.0,1.0,pass,9aea11063c2937b9ab6280b9ae1a91593acad01c084fa4e4fcc0a1a641c597e8
CRFS6045,main.jpg,final-main,product-shots/CRFS6045/main.jpg,1200,1200,RGB,False,1.0,1.0,pass,deb77820b7b1cec23d858a626aa7e48e63c0df21595aebf8b27cbde08235ecc4
CRFS6092,main.jpg,final-main,product-shots/CRFS6092/main.jpg,1200,1200,RGB,False,1.0,1.0,pass,c295f81a89e8b1ad0f10a6af08dde4135ca1514f158534d70623afdb4edadb2d
CRFS6104,main.jpg,final-main,product-shots/CRFS6104/main.jpg,1200,1200,RGB,False,1.0,1.0,pass,52477188e9c7d9274960ce7868016734f81b12752dcbc1504bc775ebd18ece9d
CRFS6121,main.jpg,final-main,product-shots/CRFS6121/main.jpg,1200,1200,RGB,False,1.0,1.0,pass,cbde718064ceb1520479c8b09f00a4f1b296a77f673de64da42753083d9e13ef
CRFS6122,main.jpg,final-main,product-shots/CRFS6122/main.jpg,1200,1200,RGB,False,1.0,1.0,pass,d7fba04c95558b856c7efebb7420e0cc5c82a9be2be0c385d8100143aa1f918f
CRFS6154,main.jpg,final-main,product-shots/CRFS6154/main.jpg,1200,1200,RGB,False,1.0,1.0,pass,4e69587eb3c44a04c2a1a4b657c7c81ad3c37b696d8bd6fc917e4b0c75b611c5
CRFS6155,main.jpg,final-main,product-shots/CRFS6155/main.jpg,1200,1200,RGB,False,1.0,1.0,pass,edfb9d84df51da1c4ade6048c3142a60793641eac6a0e6edea531c605199a919
CRFS6161,main.jpg,final-main,product-shots/CRFS6161/main.jpg,1200,1200,RGB,False,1.0,1.0,pass,3af875fd3ed03015107d97b8ce432ee7a0cb553b4d8b78d595a38d0bc543bdda
CRG-7900-1D,main.jpg,final-main,product-shots/CRG-7900-1D/main.jpg,1200,1200,RGB,False,1.0,1.0,pass,4e059331332146323701e370b00d32fbe1184f0c101c731f98b82c3e5308c60a
CRG-7900-2D,main.jpg,final-main,product-shots/CRG-7900-2D/main.jpg,1200,1200,RGB,False,1.0,1.0,pass,25cebcb4a5283f6a9ebbf94f8bd35459c136da4f974e8abeb0724515b06107b1
CRG-7900A-4C,main.jpg,final-main,product-shots/CRG-7900A-4C/main.jpg,1200,1200,RGB,False,1.0,1.0,pass,dc3dc0d873af8b8c9542c7d0021ea2b7ab4f3ff49651911736f6946d3591ac2a
CRGA-100-1A1,main.jpg,final-main,product-shots/CRGA-100-1A1/main.jpg,1200,1200,RGB,False,1.0,1.0,pass,bfc8e80eadec74b84831c00498e85dc6c7f0a9cf238daa6f533ca3ed3528c5be
CRGA-100-1A2,main.jpg,final-main,product-shots/CRGA-100-1A2/main.jpg,1200,1200,RGB,False,1.0,1.0,pass,dc2b5c9a07a0f47dfec7382cf3a6965782bebc52edea603d530a0a16687c9a88
CRGA-100-1A4,main.jpg,final-main,product-shots/CRGA-100-1A4/main.jpg,1200,1200,RGB,False,1.0,1.0,pass,3779b9fedaf83fb323b606ffc5b95ea89a76e9848a7318470bf5fd7a0e30c10b
CRGA-1000-1A,main.jpg,final-main,product-shots/CRGA-1000-1A/main.jpg,1200,1200,RGB,False,1.0,1.0,pass,26321351a0f7478729fe366ba5108bd34584da2e3f03ef5529e6d2e982a9c7e8
CRGA-100BEG-1A,main.jpg,final-main,product-shots/CRGA-100BEG-1A/main.jpg,1200,1200,RGB,False,1.0,1.0,pass,e518f53013ccf0f9b29b4a4434b426726b2d863f30f5773722950c218b946ea4
CRGA-110-1A,main.jpg,final-main,product-shots/CRGA-110-1A/main.jpg,1200,1200,RGB,False,1.0,1.0,pass,fb9b6614802f176554aad5ffb6a062c43552c2abaf447ea0af687c260751fcb3
CRGA-110AS-5A,main.jpg,final-main,product-shots/CRGA-110AS-5A/main.jpg,1200,1200,RGB,False,1.0,1.0,pass,f2e208cc3a20e9821ab60d0fed30adaf8a47e8f283ccb659c0acd2759f1c1512
CRGA-110HR-1A,main.jpg,final-main,product-shots/CRGA-110HR-1A/main.jpg,1200,1200,RGB,False,1.0,1.0,pass,9a7874ace580a6af838160f24f6543d8c6090b711730414b37cc52785f92e217
CRGA-110RL-1A,main.jpg,final-main,product-shots/CRGA-110RL-1A/main.jpg,1200,1200,RGB,False,1.0,1.0,pass,9756e36e372c3eb0fe86366ccc2dc9b80bdf979c5b40c4fd7973b7e4ea59706f
CRGA-140-1A4,main.jpg,final-main,product-shots/CRGA-140-1A4/main.jpg,1200,1200,RGB,False,1.0,1.0,pass,777788d0f66eabc0628041b85252fe6e9f7b6469af1ec08e4a3974ef8162b771
CRGA-2000-1A9,main.jpg,final-main,product-shots/CRGA-2000-1A9/main.jpg,1200,1200,RGB,False,1.0,1.0,pass,053dd80a81205eb36fbcf4cf75ad7f2f99c88829cb6a45c1fe165a54cbe612a8
CRGA-2000S-1,main.jpg,final-main,product-shots/CRGA-2000S-1/main.jpg,1200,1200,RGB,False,1.0,1.0,pass,f9dfa0aabd44cfa8fbc1562adaadcab75d95261195978757883df8454e91cb32
CRGA-2100-1A,main.jpg,final-main,product-shots/CRGA-2100-1A/main.jpg,1200,1200,RGB,False,1.0,1.0,pass,cb9c8078a73e3f3eddcbfa08c917b784715a57e5ebc5635d0fe8f0198cceadb9
CRGA-2100-1A1,main.jpg,final-main,product-shots/CRGA-2100-1A1/main.jpg,1200,1200,RGB,False,1.0,1.0,pass,2d4d490c020549d2b2ae996823c24a33b4a985c1987985bf9c3b0e2bbb96c6b3
CRGA-2100-1A2,main.jpg,final-main,product-shots/CRGA-2100-1A2/main.jpg,1200,1200,RGB,False,1.0,1.0,pass,95b24e8b3d84df808dd73dca50901f01f018f46cb428dbce6860ab42c83ee88d
CRGA-2100-7A7,main.jpg,final-main,product-shots/CRGA-2100-7A7/main.jpg,1200,1200,RGB,False,1.0,1.0,pass,6a40275178a0501fc7d62773149a328ed7717f9d591f2ee309ada2ead4fc1090
CRGA-2100VB-1A,main.jpg,final-main,product-shots/CRGA-2100VB-1A/main.jpg,1200,1200,RGB,False,1.0,1.0,pass,ecb6e50f7097c6589646d7e7f1c5a277a2da5ce66a45d3f3db4b81b7985a491c
CRGA-2300-1A,main.jpg,final-main,product-shots/CRGA-2300-1A/main.jpg,1200,1200,RGB,False,1.0,1.0,pass,31b8aedf5bbcd5cc58afb2848c0e678a7124f9bac4b4b2d31ace93b6cddc864e
CRGA-700-1B,main.jpg,final-main,product-shots/CRGA-700-1B/main.jpg,1200,1200,RGB,False,1.0,1.0,pass,6a431bb14f14a9383046dd35cedc7c02f52e43fc1dcaf9dcec1a7cb9e7ace917
CRGA-700-4A,main.jpg,final-main,product-shots/CRGA-700-4A/main.jpg,1200,1200,RGB,False,1.0,1.0,pass,49ac088a105ed85a7c66c9450d20f301832248e945fef9dc3c5cb6528b5ebcae
CRGA-700BEG-1A,main.jpg,final-main,product-shots/CRGA-700BEG-1A/main.jpg,1200,1200,RGB,False,1.0,1.0,pass,a4c742024608e890f39e847ae84212571f0993872e132821e060af6ce3c5423d
CRGA-B010-1A,main.jpg,final-main,product-shots/CRGA-B010-1A/main.jpg,1200,1200,RGB,False,1.0,1.0,pass,ed431d2a3068d9060015e50422d07e3a21f6b3042674d0e5bb1e42ae3feddac9
CRGA-B010-1A1,main.jpg,final-main,product-shots/CRGA-B010-1A1/main.jpg,1200,1200,RGB,False,1.0,1.0,pass,83dc93cc85087cae2112bd720fa9674bce017ed64ec20364933f2e7f407f89e1
CRGA-B010-3A,main.jpg,final-main,product-shots/CRGA-B010-3A/main.jpg,1200,1200,RGB,False,1.0,1.0,pass,41bfbd10329e4183f1fca8aa12cb633a23184f3711057d7f6b8cdb0a97ddce93
CRGA-B2100BEG-1A,main.jpg,final-main,product-shots/CRGA-B2100BEG-1A/main.jpg,1200,1200,RGB,False,1.0,1.0,pass,217c874fe73bc48888f196a30a6c035c78ae5b3fece44ff7026bbe3e714266d1
CRGA-B2100FC-3A,main.jpg,final-main,product-shots/CRGA-B2100FC-3A/main.jpg,1200,1200,RGB,False,1.0,1.0,pass,7a8d2adfc61cc5962dfe04aa14fefe3cfa7617f698c6345f10ccbc4cffa5973f
CRGA-B2100MF-1A,main.jpg,final-main,product-shots/CRGA-B2100MF-1A/main.jpg,1200,1200,RGB,False,1.0,1.0,pass,1e464edc61d3a08cb16ddd7ad8f925baea67b321683d980d0ebb925c26d7aa1f
CRGBD-200-2,main.jpg,final-main,product-shots/CRGBD-200-2/main.jpg,1200,1200,RGB,False,1.0,1.0,pass,1cae98e3e601efdb192d08aaf3fc04d52aab4837f181fed46a9c8d2c3463f6e6
CRGBD-200SM-1A5,main.jpg,final-main,product-shots/CRGBD-200SM-1A5/main.jpg,1200,1200,RGB,False,1.0,1.0,pass,abfb9fc030bb1d96ce37630105445204a6a19beb83bd0e8a185ff540f6b9bd67
CRGBD-200UU-1,main.jpg,final-main,product-shots/CRGBD-200UU-1/main.jpg,1200,1200,RGB,False,1.0,1.0,pass,21c79cda016c09efe3e3a5e0cbadb4746b956395081d2dc6d33e2592e4ac0866
CRGBD-300-1,main.jpg,final-main,product-shots/CRGBD-300-1/main.jpg,1200,1200,RGB,False,1.0,1.0,pass,2bf6c95ac719159a190c2c8de55d4f7b10f8c0867aac1f0248cdaf6e7e83c037
CRGBD-300-7,main.jpg,final-main,product-shots/CRGBD-300-7/main.jpg,1200,1200,RGB,False,1.0,1.0,pass,bcd16fe047de2f574677ca8727445567ffa906333bdef9ef194ca6aac1979d3b
CRGBM-2100A-1A2,main.jpg,final-main,product-shots/CRGBM-2100A-1A2/main.jpg,1200,1200,RGB,False,1.0,1.0,pass,ca83aee5035d5406ef5a03801d1b711e7e78e9b4076452a7d196504c258ed288
CRGBX-100-2A,main.jpg,final-main,product-shots/CRGBX-100-2A/main.jpg,1200,1200,RGB,False,1.0,1.0,pass,719df9effff618f319c59d9b4f6fcee36611ffe06a0776e8d5402459886e1f5f
CRGD-010BEG-1,main.jpg,final-main,product-shots/CRGD-010BEG-1/main.jpg,1200,1200,RGB,False,1.0,1.0,pass,03d8dfe86f58b2940ccd8273b290d7137fc45b740a2fd9265b558bb7ce575a42
CRGG-1000-1A,main.jpg,final-main,product-shots/CRGG-1000-1A/main.jpg,1200,1200,RGB,False,1.0,1.0,pass,4002fdbaa00197d2359b18ee77737076d17df6fad76fba220c459466d65ca2db
CRGG-1000-1A3,main.jpg,final-main,product-shots/CRGG-1000-1A3/main.jpg,1200,1200,RGB,False,1.0,1.0,pass,3301ccc382a3dc40ecfde1684c6a922eff10b711de90e0e3380f7d676cd5c26b
CRGM-2100B-3A,main.jpg,final-main,product-shots/CRGM-2100B-3A/main.jpg,1200,1200,RGB,False,1.0,1.0,pass,453fa2943fafb6fba72ef33e225a492a880f7b03438c9899b83029df84b309c3
CRGM-2100BB-1A,main.jpg,final-main,product-shots/CRGM-2100BB-1A/main.jpg,1200,1200,RGB,False,1.0,1.0,pass,0abff0629de2699233f3a1de861bd8cfd24f1d7770cdde3623f0317ca2809efa
CRGM-2110SH-7A,main.jpg,final-main,product-shots/CRGM-2110SH-7A/main.jpg,1200,1200,RGB,False,1.0,1.0,pass,7e4669db3815b3c1ef341b5e907bb08df136904a738301c0ed86e7f27b4e51d7
CRGM-5600GC-1,main.jpg,final-main,product-shots/CRGM-5600GC-1/main.jpg,1200,1200,RGB,False,1.0,1.0,pass,41d7f376a4ea0e128371c0a44da800acec04d6d47714b09228dec50c886a3321
CRGM-B2100BD-1A,main.jpg,final-main,product-shots/CRGM-B2100BD-1A/main.jpg,1200,1200,RGB,False,1.0,1.0,pass,f17b57570213fee855eefd2022afe653b92cc8613207bdc333d26cff7c3591c4
CRGM-S2110-1A1,main.jpg,final-main,product-shots/CRGM-S2110-1A1/main.jpg,1200,1200,RGB,False,1.0,1.0,pass,db9f3de2093e0d216c6159542f886131fc0e8ac0e63f1352b29278bf00705548
CRGM-S2110-1A7,main.jpg,final-main,product-shots/CRGM-S2110-1A7/main.jpg,1200,1200,RGB,False,1.0,1.0,pass,65ca052a5ea65c595bf80b09c62e1fa2ef15f92e73d47bc10d0f9691e2d29e9f
CRGMA-P2100BB-1A,main.jpg,final-main,product-shots/CRGMA-P2100BB-1A/main.jpg,1200,1200,RGB,False,1.0,1.0,pass,d2beb4b6e74e108e98d438ba54faa45728fbdbc3d404a700ab2d94bb54617aef
CRGMA-P2100PP-4A,main.jpg,final-main,product-shots/CRGMA-P2100PP-4A/main.jpg,1200,1200,RGB,False,1.0,1.0,pass,f97981646d1a8666013c44bcb020a0daf66c87fa4fd4f1aeafb7e8806ebe3b05
CRGMA-P2110SC-2A,main.jpg,final-main,product-shots/CRGMA-P2110SC-2A/main.jpg,1200,1200,RGB,False,1.0,1.0,pass,32eb4c2b1c510ad95f85dc340693160c0b285e20f7110da294ceaeec0e5402f3
CRGMA-P2110SC-4A,main.jpg,final-main,product-shots/CRGMA-P2110SC-4A/main.jpg,1200,1200,RGB,False,1.0,1.0,pass,9247458e3a7f31a1cb3ad1dce3fd33dde98f4b1ab681ac231271bc0c97f3252c
CRGMA-S110VW-2A,main.jpg,final-main,product-shots/CRGMA-S110VW-2A/main.jpg,1200,1200,RGB,False,1.0,1.0,pass,6e64c5cef2f85573731af7420c3dd94a64d089bd11a26b1aab25c697e2bdbbbc
CRGMA-S110VW-4A,main.jpg,final-main,product-shots/CRGMA-S110VW-4A/main.jpg,1200,1200,RGB,False,1.0,1.0,pass,5d064faf8e25fe993c1d391165c0d5b6775e48b01cc57338ee902c80e3d91e77
CRGMA-S120SA-7A1,main.jpg,final-main,product-shots/CRGMA-S120SA-7A1/main.jpg,1200,1200,RGB,False,1.0,1.0,pass,148cf6854eafa8bcf3e3e85ce82684088f72306b1093614f76362d6663b92716
CRGMA-S140-2A2,main.jpg,final-main,product-shots/CRGMA-S140-2A2/main.jpg,1200,1200,RGB,False,1.0,1.0,pass,fce90835245972d0ac5a777bbe3bfa1f5f6db7460bf57d1dd2b9cdcae2ae6ba8
CRGMA-S140-7A,main.jpg,final-main,product-shots/CRGMA-S140-7A/main.jpg,1200,1200,RGB,False,1.0,1.0,pass,8219f2f474235e9e5e5eb25ebb3369d57467c5c3652450554b5575c725169ba6
CRGMA-S140PG-1A,main.jpg,final-main,product-shots/CRGMA-S140PG-1A/main.jpg,1200,1200,RGB,False,1.0,1.0,pass,9e326cdf24044e2278f4916cd8b7a6528edfb6750784c9e59b2a6199f82c59d9
CRGMA-S140PG-7A,main.jpg,final-main,product-shots/CRGMA-S140PG-7A/main.jpg,1200,1200,RGB,False,1.0,1.0,pass,e06092add18467d9c1df714e747f3c29ec847c8fae92943de7246123845edf9e
CRGMA-S140PP-4A,main.jpg,final-main,product-shots/CRGMA-S140PP-4A/main.jpg,1200,1200,RGB,False,1.0,1.0,pass,0b04f8b83a9f9f1bd100500da026390104544ed6289c212e89d90ea53f47808c
CRGMA-S2100NC-4A,main.jpg,final-main,product-shots/CRGMA-S2100NC-4A/main.jpg,1200,1200,RGB,False,1.0,1.0,pass,4f309c4ee1319a7020d8e8852b59dca9a4e0f4b08b845bdfd6991ba819cf5c28
CRGMD-B300-4,main.jpg,final-main,product-shots/CRGMD-B300-4/main.jpg,1200,1200,RGB,False,1.0,1.0,pass,eabddef855fa6a424b1a5b83264f068d21bdfed0016a43a642e38db5e54cea39
CRGMD-B300SC-4,main.jpg,final-main,product-shots/CRGMD-B300SC-4/main.jpg,1200,1200,RGB,False,1.0,1.0,pass,99d1bd458cecfbef196fb6af690aef49b7879ed2db71051777a5595be282cc54
CRGMD-S5600NC-9,main.jpg,final-main,product-shots/CRGMD-S5600NC-9/main.jpg,1200,1200,RGB,False,1.0,1.0,pass,4e2f36118601f3b8f3ed599571fffd71b4e402ecad795158e2b73cba8c5e4d3b
CRGMD-S5610PP-4,main.jpg,final-main,product-shots/CRGMD-S5610PP-4/main.jpg,1200,1200,RGB,False,1.0,1.0,pass,69078f5f3c7c8544c8a1ec77f5e6ac86c7126e96fad944c8d09a4c1b71d18efb
CRGPR-H1000-1,main.jpg,final-main,product-shots/CRGPR-H1000-1/main.jpg,1200,1200,RGB,False,1.0,1.0,pass,188a146252663d933e1b96a3a6cdba46958ff0ce04369eb71c9c2bb895c591d4
CRGST-B400BB-1A,main.jpg,final-main,product-shots/CRGST-B400BB-1A/main.jpg,1200,1200,RGB,False,1.0,1.0,pass,4d37880e77d473bb18560bf01362c93f2d245b4298233d9ec8b930276a19f5c9
CRGST-S110-1A,main.jpg,final-main,product-shots/CRGST-S110-1A/main.jpg,1200,1200,RGB,False,1.0,1.0,pass,7888d3027f812c5475fd6ea631a5ab8cb7b4fc7817c80e9de632a968959f9184
CRGWG-2000-1A1,main.jpg,final-main,product-shots/CRGWG-2000-1A1/main.jpg,1200,1200,RGB,False,1.0,1.0,pass,3af65fc4d9db0ae147467a570ebf5731edcf824196857a5d6a960f363d3d46cc
CRH11221550,main.jpg,final-main,product-shots/CRH11221550/main.jpg,1200,1200,RGB,False,1.0,1.0,pass,e1e92c5f9d8f5384e5a2f2900dc39eaf08f3aa5bf29b7686b41161e736f0a345
CRH11411115,main.jpg,final-main,product-shots/CRH11411115/main.jpg,1200,1200,RGB,False,1.0,1.0,pass,deb6bd375e902f8e5c13b559f4076239aaabbd6309c6a2a70903014b62e5d893
CRH12341555,main.jpg,final-main,product-shots/CRH12341555/main.jpg,1200,1200,RGB,False,1.0,1.0,pass,284d0ea5c59c274a38471e3cb373c218d38a62aaf3ccf4a0138b7c7a9ae0a241
CRH1810ATAN.-.MT,main.jpg,final-main,product-shots/CRH1810ATAN.-.MT/main.jpg,1200,1200,RGB,False,1.0,1.0,pass,7ee3212bc6b4db43ea4f70a073bf37c17084c3004f689c757bf071f1592a1f37
CRH24251391,main.jpg,final-main,product-shots/CRH24251391/main.jpg,1200,1200,RGB,False,1.0,1.0,pass,c4ec23805d02d9f7f3045b5c231b4b25a924c1d28bb596d4e1dbce01c5700ccf
CRH24411142,main.jpg,final-main,product-shots/CRH24411142/main.jpg,1200,1200,RGB,False,1.0,1.0,pass,60ee95101b4d39fd6650f8c0a354b0f3ae144d3b3cd8b0e641803a6a247eb97a
CRH24614330,main.jpg,final-main,product-shots/CRH24614330/main.jpg,1200,1200,RGB,False,1.0,1.0,pass,058bfade99cb2e5a30bdb8eca5dd2bb37e922d892340e505361f67ebf7ce8dc5
CRH24625330,main.jpg,final-main,product-shots/CRH24625330/main.jpg,1200,1200,RGB,False,1.0,1.0,pass,4290ce85007a338ea8cec0afd4a88097c9be4a1323a04d8ede24c1b9bd9cd705
CRH24655331,main.jpg,final-main,product-shots/CRH24655331/main.jpg,1200,1200,RGB,False,1.0,1.0,pass,34a11c7d9f1951def2af12b4a3a53b3017b10565634c58e9f86dcddc739a6856
CRH32205890,main.jpg,final-main,product-shots/CRH32205890/main.jpg,1200,1200,RGB,False,1.0,1.0,pass,31515ab2c75d86ef54687f8b78c90a1680b16ef72aa0ef27fcda14baf9ef53a9
CRH32215170,main.jpg,final-main,product-shots/CRH32215170/main.jpg,1200,1200,RGB,False,1.0,1.0,pass,03d7322c4330c08b1e0cedcceb8d2d82ca286a5cdaa9312819d5b715f500e014
CRH32261197,main.jpg,final-main,product-shots/CRH32261197/main.jpg,1200,1200,RGB,False,1.0,1.0,pass,ba9b7ae5f2b5df0363caef9e822cb8c5d54ed28257eb5d721064649bea4dfb52
CRH32341975,main.jpg,final-main,product-shots/CRH32341975/main.jpg,1200,1200,RGB,False,1.0,1.0,pass,594b0e346cb94b845eb2160b720214d22d6e2ceb982d50673ec4bb2b3c30df4a
CRH32411555,main.jpg,final-main,product-shots/CRH32411555/main.jpg,1200,1200,RGB,False,1.0,1.0,pass,82e9cfe803756a4143d5dd1051e883da3b64c7afeb78bb476ed2962929026bbf
CRH32441551,main.jpg,final-main,product-shots/CRH32441551/main.jpg,1200,1200,RGB,False,1.0,1.0,pass,f2ecc5fc571c2e5703f5350af8c83a4df04a31340ccc9b45b1dface9c8414618
CRH32451181,main.jpg,final-main,product-shots/CRH32451181/main.jpg,1200,1200,RGB,False,1.0,1.0,pass,e8cf6351b39f5fd489a8a1bb94f804a915fd3a6f06604ee034cd1bf580f7db8a
CRH32451581,main.jpg,final-main,product-shots/CRH32451581/main.jpg,1200,1200,RGB,False,1.0,1.0,pass,357b9cc004f1997d07d2fffbf5435f4bafc64aab080df07148b6851a64807e13
CRH32451641,main.jpg,final-main,product-shots/CRH32451641/main.jpg,1200,1200,RGB,False,1.0,1.0,pass,1661eacccaefe8e28f0338a4832a36343fd6b4130a2b62f5be4d7d526997805c
CRH32451731,main.jpg,final-main,product-shots/CRH32451731/main.jpg,1200,1200,RGB,False,1.0,1.0,pass,0594801bb4545dbb519954aae911ca09707de0713f167492c814143e782e4bcb
CRH32455557,main.jpg,final-main,product-shots/CRH32455557/main.jpg,1200,1200,RGB,False,1.0,1.0,pass,b89eac61090ed46b33cbed1fa1aa45aa46c2bd375d01e619ea3a32375590869d
CRH32515135,main.jpg,final-main,product-shots/CRH32515135/main.jpg,1200,1200,RGB,False,1.0,1.0,pass,6282254d0e577697e70f8223baa988f725e275f11c0d1ef54dc46dc6f770e233
CRH32515535,main.jpg,final-main,product-shots/CRH32515535/main.jpg,1200,1200,RGB,False,1.0,1.0,pass,cbf764dbd58b95babbf354fd253bf50ebc59dd54163c330e35abbea794e8d36d
CRH32612555,main.jpg,final-main,product-shots/CRH32612555/main.jpg,1200,1200,RGB,False,1.0,1.0,pass,982c25402a96de997aea7c7a63f5231ba044fe195235dce1cc4b67a9b4f0c093
CRH32612735,main.jpg,final-main,product-shots/CRH32612735/main.jpg,1200,1200,RGB,False,1.0,1.0,pass,9096f37ca61de5ced5b2c4aa094cca543ab8ecd0aa343864623123a0c43544fd
CRH32715531,main.jpg,final-main,product-shots/CRH32715531/main.jpg,1200,1200,RGB,False,1.0,1.0,pass,fe005469a48e6a8a3de5b5e59d9893ee404c0af8818cf80eec326e6da4589b5a
CRH35405741,main.jpg,final-main,product-shots/CRH35405741/main.jpg,1200,1200,RGB,False,1.0,1.0,pass,c37201a02fba7413e7e53cbe63f359299f23364c06a95168eaef9643997cd9f4
CRH36205110,main.jpg,final-main,product-shots/CRH36205110/main.jpg,1200,1200,RGB,False,1.0,1.0,pass,db2b3f2391db5516b9d6c063970d27eca41ce24159e94502c84d6f62e7d74f36
CRH36205130,main.jpg,final-main,product-shots/CRH36205130/main.jpg,1200,1200,RGB,False,1.0,1.0,pass,7e7fe23b8d02b05bbac1aa5cab2b6754cbf038923e19ecdebdd6ee414a6d6201
CRH36215140,main.jpg,final-main,product-shots/CRH36215140/main.jpg,1200,1200,RGB,False,1.0,1.0,pass,ef48ea93d9e318af644b26a983895929ece0eafff7d8ad0d786a1f8d59af41f5
CRH37451141,main.jpg,final-main,product-shots/CRH37451141/main.jpg,1200,1200,RGB,False,1.0,1.0,pass,1059a2a72911ccfa2a89672134ae8cd1d26938a29c24fb9eb815fbbfcfd4bf57
CRH38411580,main.jpg,final-main,product-shots/CRH38411580/main.jpg,1200,1200,RGB,False,1.0,1.0,pass,5101cf059c1286448001cbff39ad33cd3a0120e80c98693436323af4a23910f0
CRH38411783,main.jpg,final-main,product-shots/CRH38411783/main.jpg,1200,1200,RGB,False,1.0,1.0,pass,bacae87f1326f6fd633017249d2a61a9a8758c7f72e58df3ecbd382039ca0740
CRH38416711,main.jpg,final-main,product-shots/CRH38416711/main.jpg,1200,1200,RGB,False,1.0,1.0,pass,de0f77413a3be6c9505114940970520cccfef13f28568b22e6f3f20e118cf5db
CRH38446730,main.jpg,final-main,product-shots/CRH38446730/main.jpg,1200,1200,RGB,False,1.0,1.0,pass,1c62388d490cdcaa1bbc8a8414aa7f5478e1374848d628682d0ecafb081db490
CRH38455731,main.jpg,final-main,product-shots/CRH38455731/main.jpg,1200,1200,RGB,False,1.0,1.0,pass,08e559a92b6280aaa441e0f417bc84cae825b8ef1cbfc1cc645fe08f861ee5f2
CRH38541513,main.jpg,final-main,product-shots/CRH38541513/main.jpg,1200,1200,RGB,False,1.0,1.0,pass,273f9b21cc075b01e187b5970ff1f83db74afb228375997b04f6ceaac984f8f6
CRH39515734,main.jpg,final-main,product-shots/CRH39515734/main.jpg,1200,1200,RGB,False,1.0,1.0,pass,78da97e2ec6f34b52bf55f3b99b7d622ee21f684f8a5fc455a97af962d8c5e4a
CRH411AV.-.MT,main.jpg,final-main,product-shots/CRH411AV.-.MT/main.jpg,1200,1200,RGB,False,1.0,1.0,pass,1205955e5f4ff85736a1ed8b87e7a36ac3652300569558ffbd0766bb51f19dd1
CRH43311735,main.jpg,final-main,product-shots/CRH43311735/main.jpg,1200,1200,RGB,False,1.0,1.0,pass,cf9c2193548885cc54a5d3ffa8f987d7807eeac75d037a3a6e63bc9b85410c57
CRH43311985,main.jpg,final-main,product-shots/CRH43311985/main.jpg,1200,1200,RGB,False,1.0,1.0,pass,c01381b1721739d31ae343de6f8a6e17e209788e2a7a290c98c04a38c2d1696d
CRH450APEV.-.MT,main.jpg,final-main,product-shots/CRH450APEV.-.MT/main.jpg,1200,1200,RGB,False,1.0,1.0,pass,22bae633157638e838618a7cfa6c9ab9c4a5b2150d29f77406d3ae005bd404cf
CRH450SE.-.MT,main.jpg,final-main,product-shots/CRH450SE.-.MT/main.jpg,1200,1200,RGB,False,1.0,1.0,pass,c287e50c1d857d263b1c470b53f6b543180c0afe4e9403d99d2c6d508157d5d9
CRH451PU.-.MT,main.jpg,final-main,product-shots/CRH451PU.-.MT/main.jpg,1200,1200,RGB,False,1.0,1.0,pass,4c7951b255d911ede3af05948c533df79ce5904653a21fc4c8215f985e57ab6b
CRH455SK.-.MT,main.jpg,final-main,product-shots/CRH455SK.-.MT/main.jpg,1200,1200,RGB,False,1.0,1.0,pass,7570298b5a9897abface0aaec90297477a93366e38d785650c21ef035e029f15
CRH64451133,main.jpg,final-main,product-shots/CRH64451133/main.jpg,1200,1200,RGB,False,1.0,1.0,pass,0202d28efea1fd608e01054fbca10d425340196d195ea7bcd2e171cce94b70a8
CRH64451533,main.jpg,final-main,product-shots/CRH64451533/main.jpg,1200,1200,RGB,False,1.0,1.0,pass,3c221995e60d8f65fa5e1234c902f9cd8d5a91e379d1fb47edac988fa34976e9
CRH64451823,main.jpg,final-main,product-shots/CRH64451823/main.jpg,1200,1200,RGB,False,1.0,1.0,pass,1d862b224919a0be4bc3bd44c04a2df36e9c016e2991338c2bbe629558ad581a
CRH64455933,main.jpg,final-main,product-shots/CRH64455933/main.jpg,1200,1200,RGB,False,1.0,1.0,pass,93aff49e641e7733cc37c1a5de2b10de2519b2070287dece5f6a2a015a35bf20
CRH64511133,main.jpg,final-main,product-shots/CRH64511133/main.jpg,1200,1200,RGB,False,1.0,1.0,pass,88526d72db6a48a87a9585cb75b8bca75c0d3b7bfd8688f39282443232b2ff1d
CRH64511733,main.jpg,final-main,product-shots/CRH64511733/main.jpg,1200,1200,RGB,False,1.0,1.0,pass,4aa951ab6c414279dfe0c895b647c251894983aa72930a9308a86a478c3fda95
CRH64515133,main.jpg,final-main,product-shots/CRH64515133/main.jpg,1200,1200,RGB,False,1.0,1.0,pass,3b828be59e36e9281fa170299fc318b9c934c10fac80f79ce684e0ecde5653a8
CRH64515337,main.jpg,final-main,product-shots/CRH64515337/main.jpg,1200,1200,RGB,False,1.0,1.0,pass,4ef46858dde2e5d4c1a87c9a2a2aac048b6c0958ea85399b6ee03f71da6d69f8
CRH64611535,main.jpg,final-main,product-shots/CRH64611535/main.jpg,1200,1200,RGB,False,1.0,1.0,pass,e4bdc29946d4b97f3a691788d69b02216207b0cb426e7223162011ee4da59cce
CRH64611555,main.jpg,final-main,product-shots/CRH64611555/main.jpg,1200,1200,RGB,False,1.0,1.0,pass,9842545dc999ffaa69c39d421327a664e63eafcb33b11f6f6f5eac042b398ddc
CRH64615135,main.jpg,final-main,product-shots/CRH64615135/main.jpg,1200,1200,RGB,False,1.0,1.0,pass,f106728026e1a24a97787b6b8cb06ba06d0709ebfd490b635bd7ea2d4a725575
CRH64615735,main.jpg,final-main,product-shots/CRH64615735/main.jpg,1200,1200,RGB,False,1.0,1.0,pass,913fba34ca9fc575dbcd2116ca8284e6a9771cb33e552fcf2e20a444615eea25
CRH64635140,main.jpg,final-main,product-shots/CRH64635140/main.jpg,1200,1200,RGB,False,1.0,1.0,pass,71a942c44b77b8d6d5abf5a54fb9adbc79691490a5c3ec9d290a7498cbcc067e
CRH64655941,main.jpg,final-main,product-shots/CRH64655941/main.jpg,1200,1200,RGB,False,1.0,1.0,pass,de0863cd5c40bd8c8cc160372cee51330b518c17caac1ec1d88424c36a8e2003
CRH68201143,main.jpg,final-main,product-shots/CRH68201143/main.jpg,1200,1200,RGB,False,1.0,1.0,pass,a7ae3f15598226bd520698663d7eb6c25e0311bd3235f7edc55eed350b4ba2ac
CRH68201163,main.jpg,final-main,product-shots/CRH68201163/main.jpg,1200,1200,RGB,False,1.0,1.0,pass,49066a91bf238a004f74c72a022866aa54448f95d1bb725fe39fd5ab7b532936
CRH68201193,main.jpg,final-main,product-shots/CRH68201193/main.jpg,1200,1200,RGB,False,1.0,1.0,pass,01c83ea1b74f0b552a29267e48f494e539eb170cf86fc1c2fab2e6d6726444bc
CRH68311133,main.jpg,final-main,product-shots/CRH68311133/main.jpg,1200,1200,RGB,False,1.0,1.0,pass,2137ef55516a43125400b4b5b78c06ff225162aa3f31cecd2e46ce204d2bab2c
CRH68311533,main.jpg,final-main,product-shots/CRH68311533/main.jpg,1200,1200,RGB,False,1.0,1.0,pass,16d8fc631e6a9add210e54f8e82817128896f7ab793a84255172f8b9dc1c2380
CRH68411133,main.jpg,final-main,product-shots/CRH68411133/main.jpg,1200,1200,RGB,False,1.0,1.0,pass,6ad3e021e1b5f86f3511fefd0530ce0074c2428412c43fbcae6d79df8cfb43df
CRH68411533,main.jpg,final-main,product-shots/CRH68411533/main.jpg,1200,1200,RGB,False,1.0,1.0,pass,cec87025e2b75713f4b4cc9f2f24d6a2ca021b5f21eb1d8559bed4b381dbc74c
CRH68551833,main.jpg,final-main,product-shots/CRH68551833/main.jpg,1200,1200,RGB,False,1.0,1.0,pass,bb88c717960bf43498633483c129bf580f9cf700dd71d93e79f271464252c72f
CRH69301940,main.jpg,final-main,product-shots/CRH69301940/main.jpg,1200,1200,RGB,False,1.0,1.0,pass,053c3407d1fc0b17766fd345fe9460813a8d10a2bc5fa800a3dd1a8f5be7dc85
CRH69401130,main.jpg,final-main,product-shots/CRH69401130/main.jpg,1200,1200,RGB,False,1.0,1.0,pass,88531463903fbe1cbba2ed3c7f3ae546300ff927feb0410d306f1366f079f398
CRH69419933,main.jpg,final-main,product-shots/CRH69419933/main.jpg,1200,1200,RGB,False,1.0,1.0,pass,838a591f28fa665dcdfeca18ef569aadd58825593cec99bf7082570fe866cfeb
CRH69429901,main.jpg,final-main,product-shots/CRH69429901/main.jpg,1200,1200,RGB,False,1.0,1.0,pass,e662f472dd6e33a60fa12b833264b554514520fec35ad46e39ef838bec2ddffc
CRH69429931,main.jpg,final-main,product-shots/CRH69429931/main.jpg,1200,1200,RGB,False,1.0,1.0,pass,2c898b4d20519068cdf7ee3a8f4ba7f59028fb3400719c30f70718f780bfe21b
CRH69439363,main.jpg,final-main,product-shots/CRH69439363/main.jpg,1200,1200,RGB,False,1.0,1.0,pass,34931eab59c1435cd2ae13a52b1d2df391f2b9eb14db44378ef560653198bbbe
CRH69439531,main.jpg,final-main,product-shots/CRH69439531/main.jpg,1200,1200,RGB,False,1.0,1.0,pass,7c30caba1d4c78664a457556a6a598d3ada4ecff8813b93bda8379d26723c39c
CRH69449861,main.jpg,final-main,product-shots/CRH69449861/main.jpg,1200,1200,RGB,False,1.0,1.0,pass,bf9d2b487649b7460db07c86bc9d0ca6965e8ee86bd5daa268942ce8467d78ce
CRH69459510,main.jpg,final-main,product-shots/CRH69459510/main.jpg,1200,1200,RGB,False,1.0,1.0,pass,4d8dce1ed811bd1aa618cd5091b5bd6d42cde2311562bcbb1feefdb182f8c24b
CRH69519133,main.jpg,final-main,product-shots/CRH69519133/main.jpg,1200,1200,RGB,False,1.0,1.0,pass,7550a5d1c6bd19957d208a66c6f4170564bb3d381308050b4b48200c64921908
CRH70205140,main.jpg,final-main,product-shots/CRH70205140/main.jpg,1200,1200,RGB,False,1.0,1.0,pass,0e3e4f85ac5019abbc7be5951654b2bec38c2c9e6deb6795273d1a93ad543485
CRH70205830,main.jpg,final-main,product-shots/CRH70205830/main.jpg,1200,1200,RGB,False,1.0,1.0,pass,93925b815d605410db8f4c1f8a62ec307a7c294a0313885e34045d42031138c9
CRH70215880,main.jpg,final-main,product-shots/CRH70215880/main.jpg,1200,1200,RGB,False,1.0,1.0,pass,cc699edea904d6d302b1d95f3483b9a52e9a5f822257fc1976b1225aa7ec391b
CRH70225130,main.jpg,final-main,product-shots/CRH70225130/main.jpg,1200,1200,RGB,False,1.0,1.0,pass,b27e0f04dd2967c62a509384f0a4320a2d6c6fba093b638617faae607942be3e
CRH70305193,main.jpg,final-main,product-shots/CRH70305193/main.jpg,1200,1200,RGB,False,1.0,1.0,pass,c0d1c2e04e8153eb618dbc9fe0eb2c2cab88f61c7cade3704ce14744ee000f75
CRH70315130,main.jpg,final-main,product-shots/CRH70315130/main.jpg,1200,1200,RGB,False,1.0,1.0,pass,53b60b91ae98e95ecb77374d49f251a66f1d2081d02eeb93616728a897a3816a
CRH70365983,main.jpg,final-main,product-shots/CRH70365983/main.jpg,1200,1200,RGB,False,1.0,1.0,pass,588bd360df83857a85b397a65a05353d013bcc193530a85b2f397bbd0fd774a0
CRH70545140,main.jpg,final-main,product-shots/CRH70545140/main.jpg,1200,1200,RGB,False,1.0,1.0,pass,91b80e954dcb8968d4b447e67c2cb0fdc4b1809813c551a123d523414f7123fd
CRH70545540,main.jpg,final-main,product-shots/CRH70545540/main.jpg,1200,1200,RGB,False,1.0,1.0,pass,0d7162ecdb3e9ba23b584d3ec52219922e10fd4a1e1ea351cb4eafe6c546d5c8
CRH70605193,main.jpg,final-main,product-shots/CRH70605193/main.jpg,1200,1200,RGB,False,1.0,1.0,pass,73ec07e64e799bcfa76e28590699b18cd826725e557f6a0a833669eceebdecfd
CRH70605732,main.jpg,final-main,product-shots/CRH70605732/main.jpg,1200,1200,RGB,False,1.0,1.0,pass,dc23ee7ce21ef06f342a9cd18d522cc97b2c41c9143218d92510f63af57fce54
CRH70655733,main.jpg,final-main,product-shots/CRH70655733/main.jpg,1200,1200,RGB,False,1.0,1.0,pass,0d456d567a76b45c7078704298cd7a838f089aeed9ea66c3eff5d9b54ff81b3f
CRH76255810,main.jpg,final-main,product-shots/CRH76255810/main.jpg,1200,1200,RGB,False,1.0,1.0,pass,67992e71adeb5df51ca369fea507d905656654b47c5f1a40d7de9943745ef3a2
CRH76305140,main.jpg,final-main,product-shots/CRH76305140/main.jpg,1200,1200,RGB,False,1.0,1.0,pass,50244f6af2b09c67bab08d253f791262ea383db31df61a019d3e73846ff2f129
CRH76409530,main.jpg,final-main,product-shots/CRH76409530/main.jpg,1200,1200,RGB,False,1.0,1.0,pass,05fe63a71e76ee598098f988693e9cb7c173c8b2b627321bfc751d59194cff8f
CRH76512133,main.jpg,final-main,product-shots/CRH76512133/main.jpg,1200,1200,RGB,False,1.0,1.0,pass,d61404da123252c9cd2ea8b942b161f32c4afb3fff058c7d4808cb7cb55f2ada
CRH76512733,main.jpg,final-main,product-shots/CRH76512733/main.jpg,1200,1200,RGB,False,1.0,1.0,pass,50f98ca14158e590b3005a2c841b340abe05e857bb3db64eb573c74ace1ec684
CRH76525751,main.jpg,final-main,product-shots/CRH76525751/main.jpg,1200,1200,RGB,False,1.0,1.0,pass,7a91e420ec3603c74f9438ae1b53d3fb2881e8aef9fa49f224b5d3864fe935b5
CRH76709530,main.jpg,final-main,product-shots/CRH76709530/main.jpg,1200,1200,RGB,False,1.0,1.0,pass,538eea52af282cf29a37acdaaff909cee60a15c7d0ab5693c20356c8c0a553d4
CRH77612133,main.jpg,final-main,product-shots/CRH77612133/main.jpg,1200,1200,RGB,False,1.0,1.0,pass,1e360eebfd4b6d2959a94002046380b388270025b0454a56258012c7fe666612
CRH77616533,main.jpg,final-main,product-shots/CRH77616533/main.jpg,1200,1200,RGB,False,1.0,1.0,pass,909987129402338e44828be9a5952ad6b350cdc89fed1d287d25b476e4fd3a8a
CRH77912335,main.jpg,final-main,product-shots/CRH77912335/main.jpg,1200,1200,RGB,False,1.0,1.0,pass,77eb90819933e99acc66d11a0195d35697a04175e209d37a27afee18c2b9a79b
CRH78505330,main.jpg,final-main,product-shots/CRH78505330/main.jpg,1200,1200,RGB,False,1.0,1.0,pass,41f25b09a94f73565dc5d64f6bdaf1ffc591ce9d8fb37686b013d40de309e4b3
CRH810ABR.-.MT,main.jpg,final-main,product-shots/CRH810ABR.-.MT/main.jpg,1200,1200,RGB,False,1.0,1.0,pass,853c606e60fcb50d150a7aeaea1ca799b1e2288dbabc472299e0fc5be5b1b0a7
CRH810PBRI.-.MT,main.jpg,final-main,product-shots/CRH810PBRI.-.MT/main.jpg,1200,1200,RGB,False,1.0,1.0,pass,1b7c7b9baf61334ea1cb1341244afb626fed050fe6e8df7b1a8379c4c1080ebb
CRH810PN.-.MT,main.jpg,final-main,product-shots/CRH810PN.-.MT/main.jpg,1200,1200,RGB,False,1.0,1.0,pass,84113e768d07bb93542701759d6a206610a2ed17dbe41e0dfb4bade6a5d4b3d2
CRH82201931,main.jpg,final-main,product-shots/CRH82201931/main.jpg,1200,1200,RGB,False,1.0,1.0,pass,556ea49fde4006f184d8667ae465fc5569a118d0a05ba87331ada1bd84348a9b
CRH82305931,main.jpg,final-main,product-shots/CRH82305931/main.jpg,1200,1200,RGB,False,1.0,1.0,pass,3c2dd8f61dd8adca7d6ca2b85a6fc133f0dde38f1cc0d4d6e206c14a01d15f63
CRH82315931,main.jpg,final-main,product-shots/CRH82315931/main.jpg,1200,1200,RGB,False,1.0,1.0,pass,a7b02fbbd5d595cd1a271f39b2f97a47fa7cecea438f9f565b266938c344d336
CRH82505140,main.jpg,final-main,product-shots/CRH82505140/main.jpg,1200,1200,RGB,False,1.0,1.0,pass,8915a4c4f69bf0274d818fa1db15a5009be009baa79fef5fc1c65aea05fb53b9
CRH82505150,main.jpg,final-main,product-shots/CRH82505150/main.jpg,1200,1200,RGB,False,1.0,1.0,pass,30b7f48dfadaf792289bc23ece2b4fb435a413047789468924cf5c5cd0e7de39
CRH82515130,main.jpg,final-main,product-shots/CRH82515130/main.jpg,1200,1200,RGB,False,1.0,1.0,pass,d90527f86670902699407aeb6a3cb7fd86f84c98bb235385aa76385773682258
CRH82525160,main.jpg,final-main,product-shots/CRH82525160/main.jpg,1200,1200,RGB,False,1.0,1.0,pass,757d4064ad5c263e931d1a30cf2071705a4a61d9a7453cc2ca438b0c752d64ec
CRH82555150,main.jpg,final-main,product-shots/CRH82555150/main.jpg,1200,1200,RGB,False,1.0,1.0,pass,4f2d687a4529a3539ae231f7dec81780474e06335855be08c95a0f41042ff90f
CRH901ATN.-.MT,main.jpg,final-main,product-shots/CRH901ATN.-.MT/main.jpg,1200,1200,RGB,False,1.0,1.0,pass,86fa38af804f69c3a4f60a4ff1f4669b1362b817b9be7109da5100e5e8bf75b1
CRH907ATNV.-.MT,main.jpg,final-main,product-shots/CRH907ATNV.-.MT/main.jpg,1200,1200,RGB,False,1.0,1.0,pass,e55d801f54794cf8a03fc80fd1ea112a22b278e8a0a0ac3700c7c89dacd13c21
CRINV47900,main.jpg,final-main,product-shots/CRINV47900/main.jpg,1200,1200,RGB,False,1.0,1.0,pass,01076ed063ec2cf0d61a760546498df286d87d5482782324b65caf40454fa51e
CRIW356502,main.jpg,final-main,product-shots/CRIW356502/main.jpg,1200,1200,RGB,False,1.0,1.0,pass,5a59ef192ba0e275962cbaab50068ad3289f39fb2752c32cdc728e98bac76f8f
CRIW358304,main.jpg,final-main,product-shots/CRIW358304/main.jpg,1200,1200,RGB,False,1.0,1.0,pass,3563fca37d4f592ed84670136bcafb3f8a3abd773f16dd421bdb1a85440553eb
CRIW391029,main.jpg,final-main,product-shots/CRIW391029/main.jpg,1200,1200,RGB,False,1.0,1.0,pass,221184d0c5b142fb08611d5316b7537324b1a5aa381a9b74d7ab32d123d1feba
CRJN0004-51E,main.jpg,final-main,product-shots/CRJN0004-51E/main.jpg,1200,1200,RGB,False,1.0,1.0,pass,57a3a49b58456b35f0cdaa81813efabd3348444ac332642d18e25ad872dfa86f
CRJP1010-00L,main.jpg,final-main,product-shots/CRJP1010-00L/main.jpg,1200,1200,RGB,False,1.0,1.0,pass,99f5956c237f8cf3b43d928996091f1df0d26dce9db150763724fc6fdd9b1d1e
CRJP1010-00W,main.jpg,final-main,product-shots/CRJP1010-00W/main.jpg,1200,1200,RGB,False,1.0,1.0,pass,7ef7547670187808b972f97bcfbf87db34be3155b44525f929af52b3ceb6ad52
CRJP1060-01W,main.jpg,final-main,product-shots/CRJP1060-01W/main.jpg,1200,1200,RGB,False,1.0,1.0,pass,3bf9545556580dc94aaa16a2a9c0ef3041c3b7c0a86dddce9f3ed11073e16263
CRJP1060-52E,main.jpg,final-main,product-shots/CRJP1060-52E/main.jpg,1200,1200,RGB,False,1.0,1.0,pass,4cdf957b65f7129d90736ab6481b3950074c59906f1327bd2e151507b7aeae02
CRJP1095-15X,main.jpg,final-main,product-shots/CRJP1095-15X/main.jpg,1200,1200,RGB,False,1.0,1.0,pass,a3176c8b19965e39801606dd5635e3b82c496f569747671d3fc39fb694026a26
CRJP2000-08E,main.jpg,final-main,product-shots/CRJP2000-08E/main.jpg,1200,1200,RGB,False,1.0,1.0,pass,3e768d816411e5a6683ed0136b90474c5fbf8064584da3924bde9fb0f2914029
CRJP2000-67L,main.jpg,final-main,product-shots/CRJP2000-67L/main.jpg,1200,1200,RGB,False,1.0,1.0,pass,8f4d4f07d20674f62f546aab6fcd6159b83e9f687ab1ac67ecca2b3506093067
CRJP2007-17W,main.jpg,final-main,product-shots/CRJP2007-17W/main.jpg,1200,1200,RGB,False,1.0,1.0,pass,452218b37aeee67991b061a7edaecb96afa9ee384815d7b86e95f95684a343b4
CRJR3034-59E,main.jpg,final-main,product-shots/CRJR3034-59E/main.jpg,1200,1200,RGB,False,1.0,1.0,pass,37084389bb9a77135a0e03f5316a8389e11785bbdafb0399d7471849fa970e87
CRJR3080-51L,main.jpg,final-main,product-shots/CRJR3080-51L/main.jpg,1200,1200,RGB,False,1.0,1.0,pass,4ecbbf534b6e39953bf08fd9550905b82a15812b4a62bc7c5d2910fd15920cd1
CRJR4065-09E,main.jpg,final-main,product-shots/CRJR4065-09E/main.jpg,1200,1200,RGB,False,1.0,1.0,pass,832ea8948dfc30e7458071187e52a7513053ed83716f8f440132a8f7676dfc6e
CRJV0007-02E,main.jpg,final-main,product-shots/CRJV0007-02E/main.jpg,1200,1200,RGB,False,1.0,1.0,pass,35e34119c4970a21065b001ff16caa820614bc681c8906baf4475e62652b2ade
CRJV1005-02W,main.jpg,final-main,product-shots/CRJV1005-02W/main.jpg,1200,1200,RGB,False,1.0,1.0,pass,3920e42d25c110e304f8208573a6c50dd7cb67a4d30d55237c79ed6a2cccdb33
CRJV1007-07E,main.jpg,final-main,product-shots/CRJV1007-07E/main.jpg,1200,1200,RGB,False,1.0,1.0,pass,1eb17617d51a783b56b789826e8ce4560ca8300bd78ddc27a3489d6f0985371d
CRJV2000-51L,main.jpg,final-main,product-shots/CRJV2000-51L/main.jpg,1200,1200,RGB,False,1.0,1.0,pass,a237e75f546eb6bbfa535ac4237becef77afaf39b5510742f153f29112c85715
CRJV2006-55H,main.jpg,final-main,product-shots/CRJV2006-55H/main.jpg,1200,1200,RGB,False,1.0,1.0,pass,14ea21e287c6457930f8d9cc38e68a5479562a55a790b0ae1e51b9d49a188cc7
CRJW0124-53E,main.jpg,final-main,product-shots/CRJW0124-53E/main.jpg,1200,1200,RGB,False,1.0,1.0,pass,ccffb90bc2b30bd615a14e2227b9a6eace4ff2e1a935ec1bee81be4ff27aba56
CRJW0125-00E,main.jpg,final-main,product-shots/CRJW0125-00E/main.jpg,1200,1200,RGB,False,1.0,1.0,pass,6b04d39f382ce9a67aa53b3bfd224fa158ef2ee980d69aeaf4bc59b893bf22cd
CRJW0149-10L,main.jpg,final-main,product-shots/CRJW0149-10L/main.jpg,1200,1200,RGB,False,1.0,1.0,pass,a7fb62b2f015626c9f49b99107a89b61b928839f6f81db5a1521c25b3e61e434
CRJY0080-62E,main.jpg,final-main,product-shots/CRJY0080-62E/main.jpg,1200,1200,RGB,False,1.0,1.0,pass,bbfd6f26be7b2222ca04f279c21476e93f58f3c3e2c04a50b0ee4934c14ac111
CRJY8051-08E,main.jpg,final-main,product-shots/CRJY8051-08E/main.jpg,1200,1200,RGB,False,1.0,1.0,pass,c26a41c2dd8631f5e7c7367656fe3f86c37f0d661cd9fca28aef7dafa7334f8c
CRJY8078-01L,main.jpg,final-main,product-shots/CRJY8078-01L/main.jpg,1200,1200,RGB,False,1.0,1.0,pass,cefed9f02b95bf90118340b3f55e21f9a201bb525ffdc65189f70c872e615241
CRJY8084-17H,main.jpg,final-main,product-shots/CRJY8084-17H/main.jpg,1200,1200,RGB,False,1.0,1.0,pass,f00bbb42c73cdd10a989d846f59c8c21349e64f14f87d3eb5495fa509106fc56
CRJY8085-14H,main.jpg,final-main,product-shots/CRJY8085-14H/main.jpg,1200,1200,RGB,False,1.0,1.0,pass,96f759a6f5091b1a9a9e99883e5484f02a05a1041b34a58dfad2ac3dadd4be3c
CRJY8120-58E,main.jpg,final-main,product-shots/CRJY8120-58E/main.jpg,1200,1200,RGB,False,1.0,1.0,pass,ee424e94453a696215c63d03b1096acf6abbfc1e5f357ff33f648fc7ca65c497
CRJY8147-01X,main.jpg,final-main,product-shots/CRJY8147-01X/main.jpg,1200,1200,RGB,False,1.0,1.0,pass,decfb25e16e0bedaf11183c0f5f569a36fe67eedeab351040a32266bda06b19c
CRJY8148-08L,main.jpg,final-main,product-shots/CRJY8148-08L/main.jpg,1200,1200,RGB,False,1.0,1.0,pass,a9834b05f555d1854489d4e1b85b18d07c89232fa2184d1d90c494785b05dad4
CRJY8149-05E,main.jpg,final-main,product-shots/CRJY8149-05E/main.jpg,1200,1200,RGB,False,1.0,1.0,pass,7cd53c21e61cd3b3f0602685427f33b14c48f84ca764829cf05fec9b4f1e09ac
CRJZ1061-57E,main.jpg,final-main,product-shots/CRJZ1061-57E/main.jpg,1200,1200,RGB,False,1.0,1.0,pass,903f124af801330e53def22850739271ae170085a30dd8ef027fb68dd1c0a780
CRLTP-1234DD-1A,main.jpg,final-main,product-shots/CRLTP-1234DD-1A/main.jpg,1200,1200,RGB,False,1.0,1.0,pass,7902644e4d699661228fab9b4db0e585ffd35f2faf7d92c6880dc2a9baf5771f
CRLTP-1234DD-2A,main.jpg,final-main,product-shots/CRLTP-1234DD-2A/main.jpg,1200,1200,RGB,False,1.0,1.0,pass,d96d540cb4d45b1644c954506c879343b91837f2f2b690d6d8da782e149274bb
CRLTP-1234DD-4A,main.jpg,final-main,product-shots/CRLTP-1234DD-4A/main.jpg,1200,1200,RGB,False,1.0,1.0,pass,babc7e2de25d808cef3ce6630cd9bafc0975eb82ccfb2479899829a07a2ae3c7
CRLTP-1234DD-5A,main.jpg,final-main,product-shots/CRLTP-1234DD-5A/main.jpg,1200,1200,RGB,False,1.0,1.0,pass,225f1a15a29c7f4484b8af7446b0571c4f541eafb277d433a3b83ff502cefc89
CRLTP-1234DD-7A,main.jpg,final-main,product-shots/CRLTP-1234DD-7A/main.jpg,1200,1200,RGB,False,1.0,1.0,pass,be2d52ec5f396df6e37098f24da19cf6b7a1c66ba8a35fc9cc6a91d75f63a373
CRLTP-1234DS-2A,main.jpg,final-main,product-shots/CRLTP-1234DS-2A/main.jpg,1200,1200,RGB,False,1.0,1.0,pass,be26bfb6111d0cd2e8789cffe5b0fd8448c5abe54cd7028a1476378f045ac29e
CRLTP-1234DS-4A,main.jpg,final-main,product-shots/CRLTP-1234DS-4A/main.jpg,1200,1200,RGB,False,1.0,1.0,pass,9d7b83d4bb3a7d1cbb1e63c41c65ef3783df814ef57b322298af479051aa23bf
CRLTP-1302DD-4A2V,main.jpg,final-main,product-shots/CRLTP-1302DD-4A2V/main.jpg,1200,1200,RGB,False,1.0,1.0,pass,f4f1f35e9b1d352578a2e6c9e04fc2a78c7bc878e82c4a39b9ca3c917ee946cc
CRLTP-1302DS-2AV,main.jpg,final-main,product-shots/CRLTP-1302DS-2AV/main.jpg,1200,1200,RGB,False,1.0,1.0,pass,bb82f5f6757e483831b96d5520debb49bc24077f1b4c7eeb1b3223a92bc4cfe0
CRLTP-1303DD-1AV,main.jpg,final-main,product-shots/CRLTP-1303DD-1AV/main.jpg,1200,1200,RGB,False,1.0,1.0,pass,c0a2f6933ecdebf36ecfb8cd81fe1898bc8b083ee50bec6de0efbbab780c686d
CRLTP-1303DD-2AV,main.jpg,final-main,product-shots/CRLTP-1303DD-2AV/main.jpg,1200,1200,RGB,False,1.0,1.0,pass,2fe372ebc1650aaba9e742e0dbc3b575244d6036c5b35787454a92dceb0b3b60
CRLTP-1303DD-4AV,main.jpg,final-main,product-shots/CRLTP-1303DD-4AV/main.jpg,1200,1200,RGB,False,1.0,1.0,pass,e6e69bbfb953de9cc09b28cbffa67002c6de0896fe7651605397754a27601406
CRLTP-B166D-2AV,main.jpg,final-main,product-shots/CRLTP-B166D-2AV/main.jpg,1200,1200,RGB,False,1.0,1.0,pass,9a34b47edc6c3a3d66982968801e0e270ed22868a2d11f5b9e9436cb176e5813
CRLTP-B170D-1BV,main.jpg,final-main,product-shots/CRLTP-B170D-1BV/main.jpg,1200,1200,RGB,False,1.0,1.0,pass,bdb2e0a31015cebfb3fae0e63435197691367030c74c527b0025dccf6348ec99
CRLTP-B170D-2BV,main.jpg,final-main,product-shots/CRLTP-B170D-2BV/main.jpg,1200,1200,RGB,False,1.0,1.0,pass,61d259d563837599a55933fa93ea92b73497f1ad5e8be2c3181a9bde108b38b0
CRLTP-B170D-4BV,main.jpg,final-main,product-shots/CRLTP-B170D-4BV/main.jpg,1200,1200,RGB,False,1.0,1.0,pass,c1c3f6cc556c161c20959379435a025e41dc3870b4ef982076213fcbdf0be33d
CRLTP-B170D-7BV,main.jpg,final-main,product-shots/CRLTP-B170D-7BV/main.jpg,1200,1200,RGB,False,1.0,1.0,pass,edf263432bbd9c254964d30fe46592930be0336f444f6d655e959482ead7de63
CRLTP-V007D-7B,main.jpg,final-main,product-shots/CRLTP-V007D-7B/main.jpg,1200,1200,RGB,False,1.0,1.0,pass,89814558fdc6cdb7d6a45768f8b15815e6d172600ffc80fa19317ab5a20a8d16
CRLTP-V009D-2E,main.jpg,final-main,product-shots/CRLTP-V009D-2E/main.jpg,1200,1200,RGB,False,1.0,1.0,pass,eb98112952c3ea20d4aa701e91dd9cc9a294ec73a480a9ba33f78944334aa708
CRLTP-V009D-7E,main.jpg,final-main,product-shots/CRLTP-V009D-7E/main.jpg,1200,1200,RGB,False,1.0,1.0,pass,6fffa9a80ce2b68de8302972d1a6332229fd799168adc38ece38c209005878be
CRLTP-V009G-7E,main.jpg,final-main,product-shots/CRLTP-V009G-7E/main.jpg,1200,1200,RGB,False,1.0,1.0,pass,c1e85f7ed3a5f6eca2e2ea671a79f90a17022a170453b5ae6d81fc2cde9088ca
CRLTP-VT04D-1A,main.jpg,final-main,product-shots/CRLTP-VT04D-1A/main.jpg,1200,1200,RGB,False,1.0,1.0,pass,71bb64c66f9e2becaeda7f52d4692daad10cd8892ab997f92e5386cf390ce2fc
CRLTP-VT04D-4A,main.jpg,final-main,product-shots/CRLTP-VT04D-4A/main.jpg,1200,1200,RGB,False,1.0,1.0,pass,760f4a82c7799c458617579d31b5355af5080b7421f05202e5e9fc4c7088cd9d
CRM0A10524,main.jpg,final-main,product-shots/CRM0A10524/main.jpg,1200,1200,RGB,False,1.0,1.0,pass,14a03068e74eac68907afa89acb9c87f394205f24a6c220b79ec73a30ffe59e6
CRM0A10771,main.jpg,final-main,product-shots/CRM0A10771/main.jpg,1200,1200,RGB,False,1.0,1.0,pass,1f3d29dc54879e27a66f017f7116cb685d5e2589eeacd3b5092747f44eec3db1
CRM0A10829,main.jpg,final-main,product-shots/CRM0A10829/main.jpg,1200,1200,RGB,False,1.0,1.0,pass,8b465dd0067bbfa6ffc11a318db07f2aef546ef2b4a0371d7b37f69801e5255e
CRMA9004-21E,main.jpg,final-main,product-shots/CRMA9004-21E/main.jpg,1200,1200,RGB,False,1.0,1.0,pass,0b3aaa7a78fa1a73a6bb4d5b583d173d76b34246861562e9b43b600e34a636db
CRMDV-107D-1A1,main.jpg,final-main,product-shots/CRMDV-107D-1A1/main.jpg,1200,1200,RGB,False,1.0,1.0,pass,ac39641544d6b04bb08a482a8522177a22d561115267d143d359b379d1fb44b2
CRMDV-107D-1A2,main.jpg,final-main,product-shots/CRMDV-107D-1A2/main.jpg,1200,1200,RGB,False,1.0,1.0,pass,a42beb4abf3ce5d620bd4be7d3d76285b944e067447db9cd611c999d93416c3d
CRMDV-107D-3,main.jpg,final-main,product-shots/CRMDV-107D-3/main.jpg,1200,1200,RGB,False,1.0,1.0,pass,9fb2e94e9faee87bfb26f431c50a1e47a84f527fbefa0c7ef9f134a5a31f1cc7
CRMDV-107D-3A2V,main.jpg,final-main,product-shots/CRMDV-107D-3A2V/main.jpg,1200,1200,RGB,False,1.0,1.0,pass,479d93bac6fd1dcd6217b7ba809fd4a002c25529c8b8691697bcad15f10880fc
CRMDV-107D-7AV,main.jpg,final-main,product-shots/CRMDV-107D-7AV/main.jpg,1200,1200,RGB,False,1.0,1.0,pass,f4135be7580afe0256e5a1d85619af384f2b6b104ac993b8b12ccb316e56e62b
CRMDV-107D-8AV,main.jpg,final-main,product-shots/CRMDV-107D-8AV/main.jpg,1200,1200,RGB,False,1.0,1.0,pass,ee86c9cd863559ec369fec61225bb5283e827f6d4420920f240d30a99985ee5a
CRMDV-10D-1A1,main.jpg,final-main,product-shots/CRMDV-10D-1A1/main.jpg,1200,1200,RGB,False,1.0,1.0,pass,3c095dc6bbda7dbb2a87e14f47f97b77a576d3a6d1422d24dd0a98fd6df52804
CRMDV-10D-1A2,main.jpg,final-main,product-shots/CRMDV-10D-1A2/main.jpg,1200,1200,RGB,False,1.0,1.0,pass,4a85ec4a1e4023622a597d2915963357b3caa9bbf4c0a3db4d927046ac9609e5
CRMQ-24DA-1A,main.jpg,final-main,product-shots/CRMQ-24DA-1A/main.jpg,1200,1200,RGB,False,1.0,1.0,pass,f086979d6eddf1ecc854e3b5e28d00a8a7ebaf643ecfdd278040e1c21a2ef991
CRMQ-24DA-2A,main.jpg,final-main,product-shots/CRMQ-24DA-2A/main.jpg,1200,1200,RGB,False,1.0,1.0,pass,a9c635479381d4595acbcb1ba5e9aa50e398205ac62f75c0033792fbe4b64c88
CRMQ-24DA-3A,main.jpg,final-main,product-shots/CRMQ-24DA-3A/main.jpg,1200,1200,RGB,False,1.0,1.0,pass,75be66975341be4257b6e0c23c20d04fcbc917abb91a086278f7e4ca5413eb57
CRMQ-24G-9E,main.jpg,final-main,product-shots/CRMQ-24G-9E/main.jpg,1200,1200,RGB,False,1.0,1.0,pass,4ca1af5faa9f26a3a3b88d708a0be9fad4d467321a1e259772773ac8dec723e4
CRMTD-125D-1A3V,main.jpg,final-main,product-shots/CRMTD-125D-1A3V/main.jpg,1200,1200,RGB,False,1.0,1.0,pass,dd4a2cf05a5ce2551d691aee63aa4b63baa3025061c76b6893888846ca796257
CRMTD-125D-2A3V,main.jpg,final-main,product-shots/CRMTD-125D-2A3V/main.jpg,1200,1200,RGB,False,1.0,1.0,pass,d4b3b5712556ffd91522becbf79355c765cbe05f339bd3dcc31d84c34fcd23ac
CRMTD-125D-3AV,main.jpg,final-main,product-shots/CRMTD-125D-3AV/main.jpg,1200,1200,RGB,False,1.0,1.0,pass,7ba605bd0bf3bd71fbefb55b580f5772a4ef64054b7378c67ae878c15845cd1a
CRMTD-125D-7AV,main.jpg,final-main,product-shots/CRMTD-125D-7AV/main.jpg,1200,1200,RGB,False,1.0,1.0,pass,500777ef2a9e169a6d19fd84413518c9a40ef5ff8c9247089287dd08ad672d6b
CRMTD-135D-2AV,main.jpg,final-main,product-shots/CRMTD-135D-2AV/main.jpg,1200,1200,RGB,False,1.0,1.0,pass,bd20034ce272308cc7f92f7190cd5c8b56d634b8f621611204aba3248b903619
CRMTD-140D-1AV,main.jpg,final-main,product-shots/CRMTD-140D-1AV/main.jpg,1200,1200,RGB,False,1.0,1.0,pass,4cf508d2318af6c02efff3eccdb0ced7145f2040716f7fc613907a1ba971f183
CRMTD-140D-2AV,main.jpg,final-main,product-shots/CRMTD-140D-2AV/main.jpg,1200,1200,RGB,False,1.0,1.0,pass,8fe7622aeb64a1628ba66a46a6ea53859bcca62c86ac2ab6fa287ca16beb44e6
CRMTP-1302D-1A1,main.jpg,final-main,product-shots/CRMTP-1302D-1A1/main.jpg,1200,1200,RGB,False,1.0,1.0,pass,5988e05304bf517f8960ef07f8e2240e3e65025d5d29ab8f17001c9352f83eb9
CRMTP-1302D-7B,main.jpg,final-main,product-shots/CRMTP-1302D-7B/main.jpg,1200,1200,RGB,False,1.0,1.0,pass,46faf958c54e384b1f10ae7f195becf8f1bc8804a456027e5f2ac28ba0dc9938
CRMTP-1302DA-2A1V,main.jpg,final-main,product-shots/CRMTP-1302DA-2A1V/main.jpg,1200,1200,RGB,False,1.0,1.0,pass,c4643222dd95cca934063eb4cbde0ea47bb22b9c3c1d6226302c3187539e93d1
CRMTP-1302DA-3AV,main.jpg,final-main,product-shots/CRMTP-1302DA-3AV/main.jpg,1200,1200,RGB,False,1.0,1.0,pass,e6ffef91f016a2d80a77fabb46c0d1fee441773fdce6059b2459cdbf38413e42
CRMTP-1302DA-7AV,main.jpg,final-main,product-shots/CRMTP-1302DA-7AV/main.jpg,1200,1200,RGB,False,1.0,1.0,pass,bf6403a97e19bb76ea3eef7317d13181800b6207ca80beae092001a83c586813
CRMTP-1302DD-5AV,main.jpg,final-main,product-shots/CRMTP-1302DD-5AV/main.jpg,1200,1200,RGB,False,1.0,1.0,pass,dc5c71f272b01ea34d44a0506aa52588aedded818005358d42bd1d11f5251a5a
CRMTP-1302DD-9AV,main.jpg,final-main,product-shots/CRMTP-1302DD-9AV/main.jpg,1200,1200,RGB,False,1.0,1.0,pass,333d2c2a1ff7bd90f1dd5cd3e001d5eb81dd8a7aac3fa0d8200814c3171b38f9
CRMTP-1302DS-1AV,main.jpg,final-main,product-shots/CRMTP-1302DS-1AV/main.jpg,1200,1200,RGB,False,1.0,1.0,pass,deda0c6843c44a966043eb536a179516c72c9c9e96f9fe1ad2574755c730ea35
CRMTP-1303DD-1AV,main.jpg,final-main,product-shots/CRMTP-1303DD-1AV/main.jpg,1200,1200,RGB,False,1.0,1.0,pass,12dfd32f97221a940a9e0f882556c05dddd8ecc4de9b6f23d6b99ec7605ef5e4
CRMTP-1303DD-7AV,main.jpg,final-main,product-shots/CRMTP-1303DD-7AV/main.jpg,1200,1200,RGB,False,1.0,1.0,pass,b4afe6d42f8771c54de07522da83d38f059fcfbda59d79420cf8da904dc663e8
CRMTP-1370D-2A2V,main.jpg,final-main,product-shots/CRMTP-1370D-2A2V/main.jpg,1200,1200,RGB,False,1.0,1.0,pass,b8335e87eac9526666267f54d1b16afa557974eaec62e567a8fba0d9ca60216c
CRMTP-1370D-7A2,main.jpg,final-main,product-shots/CRMTP-1370D-7A2/main.jpg,1200,1200,RGB,False,1.0,1.0,pass,15e8ef63f84ba73d0f84fc0f997e0c404f24559bf2b613085908afb0c620c926
CRMTP-1370D-7A3V,main.jpg,final-main,product-shots/CRMTP-1370D-7A3V/main.jpg,1200,1200,RGB,False,1.0,1.0,pass,0cef04415b06053e1a8eec1bcb8d4ab64fa4563e8a7b8835c57b564d923de530
CRMTP-1370G-1AV,main.jpg,final-main,product-shots/CRMTP-1370G-1AV/main.jpg,1200,1200,RGB,False,1.0,1.0,pass,fa164ca8509e95fa19a2250ed0f103cfacb791dafe5180b83b28fe4eb7970f30
CRMTP-1374D-1A3V,main.jpg,final-main,product-shots/CRMTP-1374D-1A3V/main.jpg,1200,1200,RGB,False,1.0,1.0,pass,c76bce1055aa02aa1ae008297482f932203a08e6c788d9310138fc8ad10ee6c2
CRMTP-1374D-2A3V,main.jpg,final-main,product-shots/CRMTP-1374D-2A3V/main.jpg,1200,1200,RGB,False,1.0,1.0,pass,d78d77a051a4422d0d9f09036d2b4c24eb98d6da99c72ae4da386eaa0a0c28b5
CRMTP-1374D-7A2V,main.jpg,final-main,product-shots/CRMTP-1374D-7A2V/main.jpg,1200,1200,RGB,False,1.0,1.0,pass,e0bf0f0677ee7567bd4ff4ca722815e887a0254f3b453a8db05e9337df07a67d
CRMTP-1375D-1AV,main.jpg,final-main,product-shots/CRMTP-1375D-1AV/main.jpg,1200,1200,RGB,False,1.0,1.0,pass,6b64f5a0070d336ca5cb0fd4f1cd99bc7d6c391f19e1d52f5ae4ca97b0bbafa1
CRMTP-1375D-2A1,main.jpg,final-main,product-shots/CRMTP-1375D-2A1/main.jpg,1200,1200,RGB,False,1.0,1.0,pass,4ff2e9362c0aabadf9ad1791345a6200bfa7fd1e18d66c8fc88bb74304b6de15
CRMTP-1381D-2AV,main.jpg,final-main,product-shots/CRMTP-1381D-2AV/main.jpg,1200,1200,RGB,False,1.0,1.0,pass,b0b3d01bbfd46131d132cbbe4da6bd964c8d0d045474dee4f8dde2acd4524d90
CRMTP-1381D-8AV,main.jpg,final-main,product-shots/CRMTP-1381D-8AV/main.jpg,1200,1200,RGB,False,1.0,1.0,pass,3ef1de49613b08d90605e9777863379ee273fb47fd01c240916211113abd9c44
CRMTP-B140D-1A,main.jpg,final-main,product-shots/CRMTP-B140D-1A/main.jpg,1200,1200,RGB,False,1.0,1.0,pass,d7d3abcf1c13be67d2d52c503fbec99d67ba7f6cadaedd1cfe31ddbb0aaccdef
CRMTP-B140D-2A,main.jpg,final-main,product-shots/CRMTP-B140D-2A/main.jpg,1200,1200,RGB,False,1.0,1.0,pass,5cc6b773fd39ccf33f3c1f53703b4cab97e0204250641286cff45dae6ce5d633
CRMTP-B140D-7A,main.jpg,final-main,product-shots/CRMTP-B140D-7A/main.jpg,1200,1200,RGB,False,1.0,1.0,pass,9212f667ab631eb54c47a94a7c270c96f44920ca6e40b498bb7a4a69614bac4b
CRMTP-B145D-2A2,main.jpg,final-main,product-shots/CRMTP-B145D-2A2/main.jpg,1200,1200,RGB,False,1.0,1.0,pass,b46c465d5754b4b1468ecf3e150b1a3157e020aa8f21702f828bf5e0370fc479
CRMTP-B145D-3AV,main.jpg,final-main,product-shots/CRMTP-B145D-3AV/main.jpg,1200,1200,RGB,False,1.0,1.0,pass,d4485794e2dc252b1f94540bfc0a969341f46c57b2184bc87ca378a5e67a7a3c
CRMTP-B145D-4A2V,main.jpg,final-main,product-shots/CRMTP-B145D-4A2V/main.jpg,1200,1200,RGB,False,1.0,1.0,pass,dfddd8bbefeb28217def76d8006c1ae228e1442ff87b620da01c046624600fde
CRMTP-B145D-4AV,main.jpg,final-main,product-shots/CRMTP-B145D-4AV/main.jpg,1200,1200,RGB,False,1.0,1.0,pass,76f3c3e503e9f52da6a510b76eecdd43c6c4e0daf1e8b98a525399921b111b98
CRMTP-B145D-7B,main.jpg,final-main,product-shots/CRMTP-B145D-7B/main.jpg,1200,1200,RGB,False,1.0,1.0,pass,af727e05c67cf69832f5be08d80bf3f4da362bdc97c9b8ab79a6f84065382fe5
CRMTP-B145G-9AV,main.jpg,final-main,product-shots/CRMTP-B145G-9AV/main.jpg,1200,1200,RGB,False,1.0,1.0,pass,1baf60f8eb4d988f9209d195bc48a99fa9bfbbb46203b90668cc2c124532792c
CRMTP-B145SG-1AV,main.jpg,final-main,product-shots/CRMTP-B145SG-1AV/main.jpg,1200,1200,RGB,False,1.0,1.0,pass,88132feccaf698ac64e8e598e8d8f28096e6b04fe984bc5eef1525bbcd0349a2
CRMTP-B145SG-7AV,main.jpg,final-main,product-shots/CRMTP-B145SG-7AV/main.jpg,1200,1200,RGB,False,1.0,1.0,pass,aac949b1fbba402bbda3215f515f5c667a0f7c4ac3d396641ff2b36c403ee337
CRMTP-B146D-1AV,main.jpg,final-main,product-shots/CRMTP-B146D-1AV/main.jpg,1200,1200,RGB,False,1.0,1.0,pass,6e639dcb2040f8cab7362447827ee5eeadc083481979de0c97f42a1bf66496db
CRMTP-B146D-2AV,main.jpg,final-main,product-shots/CRMTP-B146D-2AV/main.jpg,1200,1200,RGB,False,1.0,1.0,pass,c78d4a4d58bca6120f350f8719e20028bcddedcdce2797badc5b6486c4dd4df5
CRMTP-B146D-7AV,main.jpg,final-main,product-shots/CRMTP-B146D-7AV/main.jpg,1200,1200,RGB,False,1.0,1.0,pass,552930d605c7c72460a4a3104c4e4502614744d6bf66307c5d136ac08239f655
CRMTP-B180D-1A1V,main.jpg,final-main,product-shots/CRMTP-B180D-1A1V/main.jpg,1200,1200,RGB,False,1.0,1.0,pass,f2ebe0e07b3f2d7409df3f997fdca1d9762c3bbf38fbe9c7bcc4931ebd62c001
CRMTP-B180D-1A2V,main.jpg,final-main,product-shots/CRMTP-B180D-1A2V/main.jpg,1200,1200,RGB,False,1.0,1.0,pass,d4188080a10fcecf533ab6dc023146d3f53abd2994962b4e091b251fecefe924
CRMTP-B180D-2AV,main.jpg,final-main,product-shots/CRMTP-B180D-2AV/main.jpg,1200,1200,RGB,False,1.0,1.0,pass,b6db91f5ef5b9b310be6834302705d1cc4894222f5f4b527a6bedd4b2c0ef506
CRMTP-B180D-3AV,main.jpg,final-main,product-shots/CRMTP-B180D-3AV/main.jpg,1200,1200,RGB,False,1.0,1.0,pass,5d5fa727f435e2490e6d89083b79ddcad435f38218e4400cbef1d32dd160da4a
CRMTP-B180D-7AV,main.jpg,final-main,product-shots/CRMTP-B180D-7AV/main.jpg,1200,1200,RGB,False,1.0,1.0,pass,3b750048851e06bcca2dbf61a10b8f97804098497da66f9e3c7219ee0400d559
CRMTP-B185B-7AV,main.jpg,final-main,product-shots/CRMTP-B185B-7AV/main.jpg,1200,1200,RGB,False,1.0,1.0,pass,a104624aa330c772f17947ac1ac07b7e0df3750c731bb06adb1a85227ccd738f
CRMTP-B185D-1AV,main.jpg,final-main,product-shots/CRMTP-B185D-1AV/main.jpg,1200,1200,RGB,False,1.0,1.0,pass,4e58bf8935d6efe334fe83da397e475d5d2daae752702b78192a3e603c424a7a
CRMTP-B185D-2A1V,main.jpg,final-main,product-shots/CRMTP-B185D-2A1V/main.jpg,1200,1200,RGB,False,1.0,1.0,pass,a06f472beb649c5766e94d128eaa25982b3194db66748c19b923a4f2e40a2060
CRMTP-B185D-7AV,main.jpg,final-main,product-shots/CRMTP-B185D-7AV/main.jpg,1200,1200,RGB,False,1.0,1.0,pass,d03596ff6e98b16e5fc4c38f62835b253063fb4cbdc15dd4d39de48e967dc279
CRMTP-B190D-1BV,main.jpg,final-main,product-shots/CRMTP-B190D-1BV/main.jpg,1200,1200,RGB,False,1.0,1.0,pass,c824cadd28e4d3955d94da391b78fe85733ada409a4b40312cc3ee3a80088f8b
CRMTP-B190D-7BV,main.jpg,final-main,product-shots/CRMTP-B190D-7BV/main.jpg,1200,1200,RGB,False,1.0,1.0,pass,dc53c56bf262bb4f06e7afb4609dceb524a6ffe311fb6c35fa8d3fd27443a296
CRMTP-B190G-9BV,main.jpg,final-main,product-shots/CRMTP-B190G-9BV/main.jpg,1200,1200,RGB,False,1.0,1.0,pass,9890a37d502c30ce203d0acd17fe3b6b4a745666624eef1b5cb95b07de8a89c1
CRMTP-B190SG-9BV,main.jpg,final-main,product-shots/CRMTP-B190SG-9BV/main.jpg,1200,1200,RGB,False,1.0,1.0,pass,1a5c61e23b66cd17970039cbbe6ab20ee956f2a85471c19f4f5230409c5e7eb6
CRMTP-B195D-1AV,main.jpg,final-main,product-shots/CRMTP-B195D-1AV/main.jpg,1200,1200,RGB,False,1.0,1.0,pass,ebe3d0f8a9314f540a5b06c35c8f85b9034faca5b2679ddb93423edf29c94061
CRMTP-B195D-2AV,main.jpg,final-main,product-shots/CRMTP-B195D-2AV/main.jpg,1200,1200,RGB,False,1.0,1.0,pass,8b3a224b0801afe33f64af58b130e60232c726c4e9765045c814c9ff1b4cee93
CRMTP-B195D-3AV,main.jpg,final-main,product-shots/CRMTP-B195D-3AV/main.jpg,1200,1200,RGB,False,1.0,1.0,pass,8c622286556891fdb47c721888452fb979c0056714b3c2a58e3451fe553f8750
CRMTP-B195D-7AV,main.jpg,final-main,product-shots/CRMTP-B195D-7AV/main.jpg,1200,1200,RGB,False,1.0,1.0,pass,736691d39eb84e7cad16762aab640b6d63ac154e8db1d9dc9baaffdd558bfc03
CRMTP-B195RG-2AV,main.jpg,final-main,product-shots/CRMTP-B195RG-2AV/main.jpg,1200,1200,RGB,False,1.0,1.0,pass,2ec59e94a536b684df69273fde92417d0aba71076af095d22b6e2c86bd260f46
CRMTP-B210D-1AV,main.jpg,final-main,product-shots/CRMTP-B210D-1AV/main.jpg,1200,1200,RGB,False,1.0,1.0,pass,bca280c32b43d9100486d16bf8ef069fa7fc7a23beaa1fa892088d11916ab4b7
CRMTP-B210D-2A1V,main.jpg,final-main,product-shots/CRMTP-B210D-2A1V/main.jpg,1200,1200,RGB,False,1.0,1.0,pass,3f1a25aca2fe8f9e2c4ff1997ca5b59598d16f611fedaa80bcda9a092fa8a1a0
CRMTP-B210D-2A2V,main.jpg,final-main,product-shots/CRMTP-B210D-2A2V/main.jpg,1200,1200,RGB,False,1.0,1.0,pass,314b6fd09c1a24d6fc8fcb88ad7ed9fbc5342f7e75d49de343253a7a920f5852
CRMTP-B210D-7AV,main.jpg,final-main,product-shots/CRMTP-B210D-7AV/main.jpg,1200,1200,RGB,False,1.0,1.0,pass,66414d464f2c9a0c991d843d6874f1aef9017b0a7e7e3d64ee54744b14d827c0
CRMTP-B215D-2AV,main.jpg,final-main,product-shots/CRMTP-B215D-2AV/main.jpg,1200,1200,RGB,False,1.0,1.0,pass,199a98f9da9bfb7a6661d507a4e116f816307eb5aac785ba0a496b7a4376fe3a
CRMTP-B315D-1AV,main.jpg,final-main,product-shots/CRMTP-B315D-1AV/main.jpg,1200,1200,RGB,False,1.0,1.0,pass,25cfea16bad0179126ae9902a0024c9528c1ca565e02589af6a56ffe2d9574ab
CRMTP-B315D-7AV,main.jpg,final-main,product-shots/CRMTP-B315D-7AV/main.jpg,1200,1200,RGB,False,1.0,1.0,pass,d43d493827f430f52778e50b404bc2dc4da446c706701b953aebb34badb06b27
CRMTP-E510D-1A1V,main.jpg,final-main,product-shots/CRMTP-E510D-1A1V/main.jpg,1200,1200,RGB,False,1.0,1.0,pass,8d3265de6d6ebe2fe10fd62f19f11852c1f3f82266a104ef96959a80b2234c1d
CRMTP-E510D-2A2V,main.jpg,final-main,product-shots/CRMTP-E510D-2A2V/main.jpg,1200,1200,RGB,False,1.0,1.0,pass,24b85ecf5fb5e095aa395ef200cd45688407fd2de998fafc35e38fef508c3c8e
CRMTP-E510D-5AV,main.jpg,final-main,product-shots/CRMTP-E510D-5AV/main.jpg,1200,1200,RGB,False,1.0,1.0,pass,d7d80885387ff3d8ddbc41f547e9b0dd2ba3865252972bc9733004779c666fe6
CRMTP-E510D-7AV,main.jpg,final-main,product-shots/CRMTP-E510D-7AV/main.jpg,1200,1200,RGB,False,1.0,1.0,pass,c30b847362fcb2f4bd29402182c527a1cfa8c96f78d815c84638e3a11f9edab3
CRMTP-E515D-2A1V,main.jpg,final-main,product-shots/CRMTP-E515D-2A1V/main.jpg,1200,1200,RGB,False,1.0,1.0,pass,76795549c10938583f0db40cc05e881120cb0cb0080f296683f799890e8e2c1b
CRMTP-E515D-8AV,main.jpg,final-main,product-shots/CRMTP-E515D-8AV/main.jpg,1200,1200,RGB,False,1.0,1.0,pass,3367fc7e867072f6c1f0f8784510e88be5bff2510c5cf582941b817a577081aa
CRMTP-E735B-7AV,main.jpg,final-main,product-shots/CRMTP-E735B-7AV/main.jpg,1200,1200,RGB,False,1.0,1.0,pass,3f044565b6073c04bd401b7ea78367563efc7c92c001d4dc953deba7b29269be
CRMTP-E735D-1AV,main.jpg,final-main,product-shots/CRMTP-E735D-1AV/main.jpg,1200,1200,RGB,False,1.0,1.0,pass,66a72529caccf9d86abdf0fb9b0f0a6c26627a93873f2eb8f0a238fd6d7b2bb1
CRMTP-E735D-7AV,main.jpg,final-main,product-shots/CRMTP-E735D-7AV/main.jpg,1200,1200,RGB,False,1.0,1.0,pass,81369e10fe376cbe408cb65eba61f50946fbcb5ca69ce33b733234438f5373da
CRMTP-M305D-1A2V,main.jpg,final-main,product-shots/CRMTP-M305D-1A2V/main.jpg,1200,1200,RGB,False,1.0,1.0,pass,202b5f3854e7c7d11505bdd8dbe7b89648dcbefc83e7dde06546a16c0b5ab312
CRMTP-M305D-7A,main.jpg,final-main,product-shots/CRMTP-M305D-7A/main.jpg,1200,1200,RGB,False,1.0,1.0,pass,2e4a99dec7e11b3ad44f8c99732db48e18e170cd3b4c8fdfc17c3d83ff00a0d4
CRMTP-M305D-7A2V,main.jpg,final-main,product-shots/CRMTP-M305D-7A2V/main.jpg,1200,1200,RGB,False,1.0,1.0,pass,6a8a323df86497355b834fe3cd6f48c3877e8a0761eba8fa617cf76ee32f650e
CRMTP-M305L-7A,main.jpg,final-main,product-shots/CRMTP-M305L-7A/main.jpg,1200,1200,RGB,False,1.0,1.0,pass,9a67362e68de7b7bf2d1b17aec4e5db84d0fb6277a9e998eced03cc6ef466be4
CRMTP-M306D-1AV,main.jpg,final-main,product-shots/CRMTP-M306D-1AV/main.jpg,1200,1200,RGB,False,1.0,1.0,pass,b28af183c7f668e32ea86224590bc29a35e95d903ee7b1b65b22ebde72e49aef
CRMTP-M306D-2AV,main.jpg,final-main,product-shots/CRMTP-M306D-2AV/main.jpg,1200,1200,RGB,False,1.0,1.0,pass,c737d2a7d1236bfddb9633845791abba0405463a893e3adffafc9d180c33fd10
CRMTP-M306D-7AV,main.jpg,final-main,product-shots/CRMTP-M306D-7AV/main.jpg,1200,1200,RGB,False,1.0,1.0,pass,1dd25c21499fdf459a30981048066b0a20e05e7489de8a63f25adfc802b85d4b
CRMTP-M306M-1AV,main.jpg,final-main,product-shots/CRMTP-M306M-1AV/main.jpg,1200,1200,RGB,False,1.0,1.0,pass,ffaaeedd8290d3b154969fcf83dc1ab33fdf39355c871b966319258223d31907
CRMTP-M306M-8AV,main.jpg,final-main,product-shots/CRMTP-M306M-8AV/main.jpg,1200,1200,RGB,False,1.0,1.0,pass,09aaac86e82842e4e874437305a5e4e8a61d7d902aab2762a278d1dd05ad5d1b
CRMTP-M307D-1BV,main.jpg,final-main,product-shots/CRMTP-M307D-1BV/main.jpg,1200,1200,RGB,False,1.0,1.0,pass,572f63c0c2ebdea6f6458669b75a7c1795bd77bb93068912b548da41ca016606
CRMTP-M307D-2BV,main.jpg,final-main,product-shots/CRMTP-M307D-2BV/main.jpg,1200,1200,RGB,False,1.0,1.0,pass,0bc6656c262c744f575d12aaf7af0502b9c2467bb63ab1200c11c4c080b83c54
CRMTP-M307D-3BV,main.jpg,final-main,product-shots/CRMTP-M307D-3BV/main.jpg,1200,1200,RGB,False,1.0,1.0,pass,ed1287520920684dcf242d0bd8f286577ba66b26ab1845828c009357efdf324a
CRMTP-V004D-1C,main.jpg,final-main,product-shots/CRMTP-V004D-1C/main.jpg,1200,1200,RGB,False,1.0,1.0,pass,b254c76a3bb67f2515d7c6e7f0e8cca4ee281cc7e513b6aecaacc54a25ead055
CRMTP-V004D-7C,main.jpg,final-main,product-shots/CRMTP-V004D-7C/main.jpg,1200,1200,RGB,False,1.0,1.0,pass,aeaff240af9520e762b802896bfffe105caa4bfbf8ee96169aa44a67d1500c2c
CRMTP-VD01D-2BV,main.jpg,final-main,product-shots/CRMTP-VD01D-2BV/main.jpg,1200,1200,RGB,False,1.0,1.0,pass,361b90598b16a42fada38c4a5914c037f888bfb842d244a07f8491a99404489b
CRMTP-VD01D-3BV,main.jpg,final-main,product-shots/CRMTP-VD01D-3BV/main.jpg,1200,1200,RGB,False,1.0,1.0,pass,2e6d157d771e3c93122d3defbba6a584a64897dec446619c6906309d92246f14
CRMTP-VD01D-3E2V,main.jpg,final-main,product-shots/CRMTP-VD01D-3E2V/main.jpg,1200,1200,RGB,False,1.0,1.0,pass,c5e96181c689a5d9e0936360ffe19c5d1eaa7fffca230c2a0b17fabc2e6620e6
CRMTP-VD03B-2A,main.jpg,final-main,product-shots/CRMTP-VD03B-2A/main.jpg,1200,1200,RGB,False,1.0,1.0,pass,066359694c8f35827c7f3ed3faaac16ed5508cad12eeba94957457d510a88641
CRMTP-VD03B-3A,main.jpg,final-main,product-shots/CRMTP-VD03B-3A/main.jpg,1200,1200,RGB,False,1.0,1.0,pass,48b36d55ce4acf23486d7e81b42177da67bba3dfea889c2b8b5d59842d18321f
CRMTP-VD03D-2A,main.jpg,final-main,product-shots/CRMTP-VD03D-2A/main.jpg,1200,1200,RGB,False,1.0,1.0,pass,93c5ad6c9d78fc1858a6b5ec55cfe83b44ea9df7d1e49d19835c12d16ef73770
CRMTP-VD03D-2A2,main.jpg,final-main,product-shots/CRMTP-VD03D-2A2/main.jpg,1200,1200,RGB,False,1.0,1.0,pass,be499df30339aca52aaf95a271901b0caa71492a5d85b723826ee035846fbd7a
CRMTP-VT01DM-1A,main.jpg,final-main,product-shots/CRMTP-VT01DM-1A/main.jpg,1200,1200,RGB,False,1.0,1.0,pass,8fe5c0e3b32e506b1b713fcd1920071b36e459d150f8dfd316c980b6439421af
CRMTP-VT03D-1B,main.jpg,final-main,product-shots/CRMTP-VT03D-1B/main.jpg,1200,1200,RGB,False,1.0,1.0,pass,ab69ca5627ee24bab258a838923a96afabf78866a79853906a1addc8844d4fbe
CRMTP-VT03D-7B,main.jpg,final-main,product-shots/CRMTP-VT03D-7B/main.jpg,1200,1200,RGB,False,1.0,1.0,pass,a08de803491f11554fb2c3f0f34da152677592bcbb9d6658fc429ea34013707d
CRMTP-VT04D-1E,main.jpg,final-main,product-shots/CRMTP-VT04D-1E/main.jpg,1200,1200,RGB,False,1.0,1.0,pass,ad0c0e312c8ddce3fdc42ac37f93f76e278859b6374db2d124c9152364a94e50
CRMTP-VT04D-8E,main.jpg,final-main,product-shots/CRMTP-VT04D-8E/main.jpg,1200,1200,RGB,False,1.0,1.0,pass,d814ad6ff1d8476aef3da956fbbb2e7cba42e234b328b99f2e0a0b039b192d8b
CRMTP-VT05D-1E,main.jpg,final-main,product-shots/CRMTP-VT05D-1E/main.jpg,1200,1200,RGB,False,1.0,1.0,pass,5bf8cb62a7e0f88537ca546a9fc1769617a9cb7fbf4f0fdecaa4d174091363a9
CRMTP-VT05D-2E,main.jpg,final-main,product-shots/CRMTP-VT05D-2E/main.jpg,1200,1200,RGB,False,1.0,1.0,pass,8fbbcea3b17cd7fa134f2f25fdc693028073a60fef7761985fee4ff710f65d96
CRMTP-VT05D-7E,main.jpg,final-main,product-shots/CRMTP-VT05D-7E/main.jpg,1200,1200,RGB,False,1.0,1.0,pass,cae1f1e25a1cc08c9efda84bc18951f962da8de0cfed849589799807b3791185
CRMTP-VT05G-1E,main.jpg,final-main,product-shots/CRMTP-VT05G-1E/main.jpg,1200,1200,RGB,False,1.0,1.0,pass,f909c30ef7fda696b6cb6a92b91d9e1ec41543e66bed16da2d03bcbbf439d650
CRMTP-VT05G-7E,main.jpg,final-main,product-shots/CRMTP-VT05G-7E/main.jpg,1200,1200,RGB,False,1.0,1.0,pass,2ce436a405db88f616411827c4227545e59f3e0e09a096574b7d10088e4c1e23
CRMTP-VT06D-1B,main.jpg,final-main,product-shots/CRMTP-VT06D-1B/main.jpg,1200,1200,RGB,False,1.0,1.0,pass,8b365f6f5c878ce4032a997f5aca6a1897eda7fe56b12d233893fdf24354ef77
CRMTP-VT06D-7B,main.jpg,final-main,product-shots/CRMTP-VT06D-7B/main.jpg,1200,1200,RGB,False,1.0,1.0,pass,e6248e25ffdd61aecd58210977a657727638feb7b2cdafe91967fdd646985bda
CRMTS-115D-1AV,main.jpg,final-main,product-shots/CRMTS-115D-1AV/main.jpg,1200,1200,RGB,False,1.0,1.0,pass,69a54bc9232c080850b7d3769bc060b99d341ad2f0e1efc5b9104675becbdc86
CRMTS-115D-7AV,main.jpg,final-main,product-shots/CRMTS-115D-7AV/main.jpg,1200,1200,RGB,False,1.0,1.0,pass,494ca0f169fc3c4b36ab038cbd74d6d6b4c3db7583bc478e150e61b839cb9767
CRMTS-115D-8AV,main.jpg,final-main,product-shots/CRMTS-115D-8AV/main.jpg,1200,1200,RGB,False,1.0,1.0,pass,d281df584bdff5bd5b39632960c19d6100b5ab58cae03e1f4a81310ca6bece37
CRMTS-RS100D-2AV,main.jpg,final-main,product-shots/CRMTS-RS100D-2AV/main.jpg,1200,1200,RGB,False,1.0,1.0,pass,36d3dfd1e9f73ed0961d1b44de6adcaf9894e56c4aa5cb30886af05c059ee2e5
CRMTS-RS100D-3AV,main.jpg,final-main,product-shots/CRMTS-RS100D-3AV/main.jpg,1200,1200,RGB,False,1.0,1.0,pass,a0516d602e934e581983a82c3e442b18a6b14da17030d3d6a7d787b58c6c4b55
CRNB6025-59H,main.jpg,final-main,product-shots/CRNB6025-59H/main.jpg,1200,1200,RGB,False,1.0,1.0,pass,4d6cab649dad944b0fe6b774bcee63b42709e24cd9473ba18a8b175d28a3033a
CRNB6026-56L,main.jpg,final-main,product-shots/CRNB6026-56L/main.jpg,1200,1200,RGB,False,1.0,1.0,pass,02af068dc8e3c18d4119a28cb8cea43951badfb669d9795b6f19f3c2794a5b54
CRNB6044-54L,main.jpg,final-main,product-shots/CRNB6044-54L/main.jpg,1200,1200,RGB,False,1.0,1.0,pass,4b7866ee3c4057fdec7a29a5930b0bee9e61e52f12e88b055b9bf5754b5f9fbc
CRNB6060-58X,main.jpg,final-main,product-shots/CRNB6060-58X/main.jpg,1200,1200,RGB,False,1.0,1.0,pass,6db3c3427dc0dc2a3c2c12230a38cb1c0c91066d413757e11d77e3573ce58b8d
CRNJ0125-11E,main.jpg,final-main,product-shots/CRNJ0125-11E/main.jpg,1200,1200,RGB,False,1.0,1.0,pass,4e61d7889f9477ca3985cb0f0d787650d4f83b2dc8c178682d457ddcebc01723
CRNJ0129-87X,main.jpg,final-main,product-shots/CRNJ0129-87X/main.jpg,1200,1200,RGB,False,1.0,1.0,pass,fdf727b8bc2b606b254ffc1411763aa84860dc2ebcece3259426bfd6d2de1b00
CRNY0040-09E,main.jpg,final-main,product-shots/CRNY0040-09E/main.jpg,1200,1200,RGB,False,1.0,1.0,pass,ed3236e5e1319c241887d08df99f9bd54394ac35af6f157e366dec2de4315640
CRNY0040-09W,main.jpg,final-main,product-shots/CRNY0040-09W/main.jpg,1200,1200,RGB,False,1.0,1.0,pass,12ffb6bc749ac446f6a83cc98f0cc133c28fb93c07af7ce1aa8e6489556593c3
CRNY0040-17L,main.jpg,final-main,product-shots/CRNY0040-17L/main.jpg,1200,1200,RGB,False,1.0,1.0,pass,ab665aa90a85a76301c660c5257a201d9db239d8807363b4d8b43b8789571cc8
CRNY0045-05EB,main.jpg,final-main,product-shots/CRNY0045-05EB/main.jpg,1200,1200,RGB,False,1.0,1.0,pass,85f0ca51ef675f146f738537e9a7ea9518e56db2315a52ec3478b99361971718
CRNY0070-83E,main.jpg,final-main,product-shots/CRNY0070-83E/main.jpg,1200,1200,RGB,False,1.0,1.0,pass,85256732e1d385ea95a73bd509ff2f74ac5f28c9fe62927e88e5caf5fb45d9fa
CRNY0084-89E,main.jpg,final-main,product-shots/CRNY0084-89E/main.jpg,1200,1200,RGB,False,1.0,1.0,pass,87e37f5a9155b2cf7b400c9301913a25a5ebc93bae75b4b502f693c6109d9e77
CRNY0085-19E,main.jpg,final-main,product-shots/CRNY0085-19E/main.jpg,1200,1200,RGB,False,1.0,1.0,pass,55960965352c3c19c13bcef1e8fc0efb0ece6b22497ab4098982d21ffe79b3cf
CRNY0098-84E,main.jpg,final-main,product-shots/CRNY0098-84E/main.jpg,1200,1200,RGB,False,1.0,1.0,pass,759b089e8de5d6e71c062b9305bcb2fd53e6aea3d7a2bc31dea6d887ffad716b
CRNY0105-81E,main.jpg,final-main,product-shots/CRNY0105-81E/main.jpg,1200,1200,RGB,False,1.0,1.0,pass,a6707a88191107f9581b003e3d1f7e217c55c325f2fd6fad28c0bd6c32374cfe
CRNY0110-13E,main.jpg,final-main,product-shots/CRNY0110-13E/main.jpg,1200,1200,RGB,False,1.0,1.0,pass,aa2d6239d474c005431d4523eefafb89912a1b7f002532c9d13580825a5ed288
CRNY0120-01E,main.jpg,final-main,product-shots/CRNY0120-01E/main.jpg,1200,1200,RGB,False,1.0,1.0,pass,11147e0792e8ba8ba71c7bc58456d584092cae8134c460877ff6a7bc300e7ab1
CRNY0120-01X,main.jpg,final-main,product-shots/CRNY0120-01X/main.jpg,1200,1200,RGB,False,1.0,1.0,pass,83323257e92ef769a3165d7b05d97db416310f9a3379c09494698e7eb049e8f8
CRNY0121-09X,main.jpg,final-main,product-shots/CRNY0121-09X/main.jpg,1200,1200,RGB,False,1.0,1.0,pass,a13680f2d24d2382a4e7d5215796aa6df00075edb1d3dc2b6ef76c28a59bed40
CRNY0125-08W,main.jpg,final-main,product-shots/CRNY0125-08W/main.jpg,1200,1200,RGB,False,1.0,1.0,pass,8fd2e35def0a00a7ab774658277d2666f2c372bfd0420bc51d4e4e40528eb6f9
CRNY0125-83E,main.jpg,final-main,product-shots/CRNY0125-83E/main.jpg,1200,1200,RGB,False,1.0,1.0,pass,dbcc0d10dbb09e3e6a91f8ed2b7bacd53b3da56979b9cd328b8c829092dc5a77
CRNY0129-07L,main.jpg,final-main,product-shots/CRNY0129-07L/main.jpg,1200,1200,RGB,False,1.0,1.0,pass,ee36592e3f17343d3ba176c5504947e158051d1eb6f39e38ef4374db5ff8e14c
CRNY0129-58L,main.jpg,final-main,product-shots/CRNY0129-58L/main.jpg,1200,1200,RGB,False,1.0,1.0,pass,c777c0ffee86cba5df71b8ad6c9393285345b7a3d2bc966c2905d81fa7a0deed
CRNY0139-11E,main.jpg,final-main,product-shots/CRNY0139-11E/main.jpg,1200,1200,RGB,False,1.0,1.0,pass,63e3bdfd7d7ede25751ddb37894a18c763eeb94ac9bb698055d0c78441cc83af
CRNY0140-80E,main.jpg,final-main,product-shots/CRNY0140-80E/main.jpg,1200,1200,RGB,False,1.0,1.0,pass,6dfa40250b18b710cdb8034d0c5ca2cf0d6717c92845f0221ab098364d665d85
CRNY0160-66E,main.jpg,final-main,product-shots/CRNY0160-66E/main.jpg,1200,1200,RGB,False,1.0,1.0,pass,80146677f20386f087580504ea9d741e252a8ac95f271cf05ef9c1d4381f85d1
CRNY0161-63L,main.jpg,final-main,product-shots/CRNY0161-63L/main.jpg,1200,1200,RGB,False,1.0,1.0,pass,5569041c8566c317aa281f099c56833bdf61d3884e1ad749e419e95a8e5b6fee
CRNY0164-65X,main.jpg,final-main,product-shots/CRNY0164-65X/main.jpg,1200,1200,RGB,False,1.0,1.0,pass,89ab5666b4d921efbfba1014a0057c3c02ea3b6ca56a1b6e6b04b1acce012d3b
CRNY0168-64A,main.jpg,final-main,product-shots/CRNY0168-64A/main.jpg,1200,1200,RGB,False,1.0,1.0,pass,db8b4ca9219d5fdcc1ccdb33b6fb96fb7cfc920bf6897fca1f548d7383a676f4
CRPRG-340-1,main.jpg,final-main,product-shots/CRPRG-340-1/main.jpg,1200,1200,RGB,False,1.0,1.0,pass,f7a2021c404de37eb30d8d4aeb2a20562ee71981de6b250e32048c04f93fd027
CRPRG-340T-7,main.jpg,final-main,product-shots/CRPRG-340T-7/main.jpg,1200,1200,RGB,False,1.0,1.0,pass,db0af58ecd63328dca5e9226e771dd3e33a540eb13af65867cb55d704d53555f
CRPRJ-B001-1,main.jpg,final-main,product-shots/CRPRJ-B001-1/main.jpg,1200,1200,RGB,False,1.0,1.0,pass,a323e8d3c285befb551097da337c04bd8f009c2ad9fcc2df1a41fe4a4c5d4e70
CRPRJ-B001-5,main.jpg,final-main,product-shots/CRPRJ-B001-5/main.jpg,1200,1200,RGB,False,1.0,1.0,pass,cb8d3e1ecdb82938d971ac06e911fe340ee05338f471af922157bed41d0f623f
CRPRW-61ANS-3,main.jpg,final-main,product-shots/CRPRW-61ANS-3/main.jpg,1200,1200,RGB,False,1.0,1.0,pass,c1f6ce9ca5b20205a06ea9627d0706e8fe8a750128591f3259625a86298b9a57
CRPRW-61D-2,main.jpg,final-main,product-shots/CRPRW-61D-2/main.jpg,1200,1200,RGB,False,1.0,1.0,pass,ab15e2f0d93b4369fa0db7cfe8a43372543876d6d2d632a9eb97400bcc8193ea
CRPRW-61LD-3,main.jpg,final-main,product-shots/CRPRW-61LD-3/main.jpg,1200,1200,RGB,False,1.0,1.0,pass,3ea950058b8b50b0be881abf3983c870c2225fd07b037e5e4d756db67ee93e3a
CRPRW-6900Y-1,main.jpg,final-main,product-shots/CRPRW-6900Y-1/main.jpg,1200,1200,RGB,False,1.0,1.0,pass,c277b11807d6f2cfeb252a910d2b87d8c7325baefd2515cafe4c53e96ba0b79c
CRPRW-6900YB-3,main.jpg,final-main,product-shots/CRPRW-6900YB-3/main.jpg,1200,1200,RGB,False,1.0,1.0,pass,9b2da650a5133cfb4b12aa9b863be3ca92c08d6dfb42aabf8408b52e642e37f0
CRPRW-6900YL-5,main.jpg,final-main,product-shots/CRPRW-6900YL-5/main.jpg,1200,1200,RGB,False,1.0,1.0,pass,f680516da72a4ee7212dde3c36b1022cf7c94a8437c06cf46f66d62c656b9a55
CRR3253518513,main.jpg,final-main,product-shots/CRR3253518513/main.jpg,1200,1200,RGB,False,1.0,1.0,pass,44f3279a4af266343d0ec80e37021cc505d3853e48d40b137005950912f6e4a9
CRRA-AA0001B19B,main.jpg,final-main,product-shots/CRRA-AA0001B19B/main.jpg,1200,1200,RGB,False,1.0,1.0,pass,5d0d0a6f89e1e0998281e3522a8fb822a0b05cf12c86645e3052348237707579
CRRA-AA0002L19B,main.jpg,final-main,product-shots/CRRA-AA0002L19B/main.jpg,1200,1200,RGB,False,1.0,1.0,pass,514e58c9d46d8277ef30c32075a22f372aeb5c2561976d49eb11bf5c26d3b3be
CRRA-AA0003R19B,main.jpg,final-main,product-shots/CRRA-AA0003R19B/main.jpg,1200,1200,RGB,False,1.0,1.0,pass,6a8af0546ca13515a6a8663675026a556681c2d89527fddfe6561932f42fbbbe
CRRA-AA0004E19B,main.jpg,final-main,product-shots/CRRA-AA0004E19B/main.jpg,1200,1200,RGB,False,1.0,1.0,pass,6335c3f6da97985a4e59da97662ab6c7aec4045336f6fc326dc56f5599a8dbf6
CRRA-AA0005B19B,main.jpg,final-main,product-shots/CRRA-AA0005B19B/main.jpg,1200,1200,RGB,False,1.0,1.0,pass,191381c1fec224a7b2f9963de466d81ff41dd1c9e28fa813e141f9b5c1a8b564
CRRA-AA0006L19B,main.jpg,final-main,product-shots/CRRA-AA0006L19B/main.jpg,1200,1200,RGB,False,1.0,1.0,pass,fdeff6ed31c0f7000ae3d0d729eff5defe9308831709805b9a41eccb28691c14
CRRA-AA0007A09B,main.jpg,final-main,product-shots/CRRA-AA0007A09B/main.jpg,1200,1200,RGB,False,1.0,1.0,pass,eed95b4dbe9f782001b22478db6604b9f6ead08ff3fd4f45e510133a4b7eaf7f
CRRA-AA0008B09C,main.jpg,final-main,product-shots/CRRA-AA0008B09C/main.jpg,1200,1200,RGB,False,1.0,1.0,pass,1522cfc6f41eaf4d57a7b2aa8392201c8e869446022c7625e0205d15d39c2631
CRRA-AA0009L09C,main.jpg,final-main,product-shots/CRRA-AA0009L09C/main.jpg,1200,1200,RGB,False,1.0,1.0,pass,8160491df5a0e88d46d5f084e434d28f9485ae298e8689f001f18458356ea51a
CRRA-AA0009L19B,main.jpg,final-main,product-shots/CRRA-AA0009L19B/main.jpg,1200,1200,RGB,False,1.0,1.0,pass,6466884451482842a59a602585cbf58e567eb9fb56896562f9f095b6a882a4d8
CRRA-AA0010B19B,main.jpg,final-main,product-shots/CRRA-AA0010B19B/main.jpg,1200,1200,RGB,False,1.0,1.0,pass,2ee2e546b1d5bfa46f58f7bf8afc0fb30fc6aece770e3b29c47abb78f7a2b58f
CRRA-AA0011B19B,main.jpg,final-main,product-shots/CRRA-AA0011B19B/main.jpg,1200,1200,RGB,False,1.0,1.0,pass,9464241a9ebfa2e1b188b611649fe24daa45a2845482779f83c5e649042e295b
CRRA-AA0810N19B,main.jpg,final-main,product-shots/CRRA-AA0810N19B/main.jpg,1200,1200,RGB,False,1.0,1.0,pass,e9a166b999137147e32497fc0587e9d36fc43a1a23e5465163434357ec91b64b
CRRA-AA0812L19B,main.jpg,final-main,product-shots/CRRA-AA0812L19B/main.jpg,1200,1200,RGB,False,1.0,1.0,pass,68ee12a253edd06eb425775a4ba0aec1195c224ae50f7df4c1a649a60aa37bdd
CRRA-AA0813R19B,main.jpg,final-main,product-shots/CRRA-AA0813R19B/main.jpg,1200,1200,RGB,False,1.0,1.0,pass,bfc4bdcb68f95071bd6d6f45134e4e21280dc224f89447a3b70031312b0df9bd
CRRA-AA0814R19B,main.jpg,final-main,product-shots/CRRA-AA0814R19B/main.jpg,1200,1200,RGB,False,1.0,1.0,pass,d7714e70c71b1b67027ca1039aa2f5cc8a292bbf8aea554b42eee7bfe950b8cc
CRRA-AA0815L19B,main.jpg,final-main,product-shots/CRRA-AA0815L19B/main.jpg,1200,1200,RGB,False,1.0,1.0,pass,feab7c0093f8faa008f01cfb7a17b2046a08a44852a57626f291cfd8f4f67040
CRRA-AA0820R19B,main.jpg,final-main,product-shots/CRRA-AA0820R19B/main.jpg,1200,1200,RGB,False,1.0,1.0,pass,0ecb1cf0e90b9ecd4f627770b24cc1096285ccbd52cd2617aad709299034fc7c
CRRA-AA0821S19B,main.jpg,final-main,product-shots/CRRA-AA0821S19B/main.jpg,1200,1200,RGB,False,1.0,1.0,pass,a639af147286fc6cf2c8d538765d8acdc2c4f24defb94d99fd90b392fbcbf6c7
CRRA-AA0822L19B,main.jpg,final-main,product-shots/CRRA-AA0822L19B/main.jpg,1200,1200,RGB,False,1.0,1.0,pass,e4b497ba375909bddf145af44c386fdd8b2da13c23689723b7a4af1181fddb78
CRRA-AA0823L,main.jpg,final-main,product-shots/CRRA-AA0823L/main.jpg,1200,1200,RGB,False,1.0,1.0,pass,a993400d4dfe10d81dc3ee204a88809dbf6b58ef704ed6f175dc8d27cf90e940
CRRA-AA0916L19B,main.jpg,final-main,product-shots/CRRA-AA0916L19B/main.jpg,1200,1200,RGB,False,1.0,1.0,pass,b0fc18b8f54a7cdcb41951fd2dc00041594b842f998147f3c5e5f9006a9829bc
CRRA-AA0B03L19A,main.jpg,final-main,product-shots/CRRA-AA0B03L19A/main.jpg,1200,1200,RGB,False,1.0,1.0,pass,3ffc5e0d1bfb61bd90127dab945a0576795ac10e0ca0d4d6b688771129be3c44
CRRA-AA0B03L19B,main.jpg,final-main,product-shots/CRRA-AA0B03L19B/main.jpg,1200,1200,RGB,False,1.0,1.0,pass,0f099d9a823495a9cedd100d57df2b999ad75832651351a94e963220a3e8fc3d
CRRA-AA0D02R0HC,main.jpg,final-main,product-shots/CRRA-AA0D02R0HC/main.jpg,1200,1200,RGB,False,1.0,1.0,pass,0a3fc2b0fc362316bff525842443d9555fa12494fe73d2373ab28d0bf292dad1
CRRA-AA0E02E19B,main.jpg,final-main,product-shots/CRRA-AA0E02E19B/main.jpg,1200,1200,RGB,False,1.0,1.0,pass,9545e08146cf68a5e0b2e259802a5aa0f6c600d9171604cb25833a9ed16fb508
CRRA-AA0E03L09C,main.jpg,final-main,product-shots/CRRA-AA0E03L09C/main.jpg,1200,1200,RGB,False,1.0,1.0,pass,26279939452df171eb809de87ff2d526f707fcd1501316e0e5c7afa9aef00aa4
CRRA-AA0E03L19B,main.jpg,final-main,product-shots/CRRA-AA0E03L19B/main.jpg,1200,1200,RGB,False,1.0,1.0,pass,885d1d52b48169ca69192540d9dd0b4066895176b296cf057f258278a110fd51
CRRA-AA0E04Y09B,main.jpg,final-main,product-shots/CRRA-AA0E04Y09B/main.jpg,1200,1200,RGB,False,1.0,1.0,pass,edddb1cff11f1f2fb9ed5fb4769058deb0de70d9769e3ed77a76473cdf6666a7
CRRA-AB0E10S19A,main.jpg,final-main,product-shots/CRRA-AB0E10S19A/main.jpg,1200,1200,RGB,False,1.0,1.0,pass,89f109b223b1c053a2e9a562118588fa66df2fed5967791bc7516082f0ef078e
CRRA-AB0E10S19B,main.jpg,final-main,product-shots/CRRA-AB0E10S19B/main.jpg,1200,1200,RGB,False,1.0,1.0,pass,a06cf50d93fa968cbfee7cfd28e7bf8a766daca325a64b18dc3553799e42a1d4
CRRA-AC0002S10B,main.jpg,final-main,product-shots/CRRA-AC0002S10B/main.jpg,1200,1200,RGB,False,1.0,1.0,pass,99c14c83c8ed2745b7deb6e733e0b73951437a138c159fd3f0fb247eb0fcfede
CRRA-AC0004S00C,main.jpg,final-main,product-shots/CRRA-AC0004S00C/main.jpg,1200,1200,RGB,False,1.0,1.0,pass,15450346884ed26847209644ff2485dfe32cabf0923715c021c793fc0cbf2d09
CRRA-AC0004S10B,main.jpg,final-main,product-shots/CRRA-AC0004S10B/main.jpg,1200,1200,RGB,False,1.0,1.0,pass,1637110ec8acb925e98680ca1b493f53b79a982acb22b57243ef0a3a26690510
CRRA-AC0005S00C,main.jpg,final-main,product-shots/CRRA-AC0005S00C/main.jpg,1200,1200,RGB,False,1.0,1.0,pass,eefdb164d6af7a0a9ecbf5180cacf489f8c0ef8d085a8b5d8cdd7d81f6879a52
CRRA-AC0005S10B,main.jpg,final-main,product-shots/CRRA-AC0005S10B/main.jpg,1200,1200,RGB,False,1.0,1.0,pass,1bd45b3cdd96ad1275ec523fcbce0e56005f45c8b12766c806a72fbf47a2b322
CRRA-AC0006B00C,main.jpg,final-main,product-shots/CRRA-AC0006B00C/main.jpg,1200,1200,RGB,False,1.0,1.0,pass,304245e021143d9beecd3428856ff2c6078343f93279219b6ec4eb9a501735af
CRRA-AC0006B10B,main.jpg,final-main,product-shots/CRRA-AC0006B10B/main.jpg,1200,1200,RGB,False,1.0,1.0,pass,39de61d76017de640eb39f960f916532ddc37f9709d03d1caecb8f1e247b1d2f
CRRA-AC0007L00C,main.jpg,final-main,product-shots/CRRA-AC0007L00C/main.jpg,1200,1200,RGB,False,1.0,1.0,pass,6ebd63431bd8ea7504feae31a34f2e84343243108b2451ce503241c6ef4df1bf
CRRA-AC0007L10B,main.jpg,final-main,product-shots/CRRA-AC0007L10B/main.jpg,1200,1200,RGB,False,1.0,1.0,pass,9b512472987c899f701e9649ba1f24b32323b7184ce1f5998764a436853a46a7
CRRA-AC0008S00C,main.jpg,final-main,product-shots/CRRA-AC0008S00C/main.jpg,1200,1200,RGB,False,1.0,1.0,pass,078ecfec4fe4a2f463ca7458d6f80c195a63752ce3f2f8741f6ff51b1bbe44f4
CRRA-AC0008S10B,main.jpg,final-main,product-shots/CRRA-AC0008S10B/main.jpg,1200,1200,RGB,False,1.0,1.0,pass,41acdf6437aa7b02824a9f0a6addb2a00df5802c04c18abde265dda039341dd4
CRRA-AC0009S00C,main.jpg,final-main,product-shots/CRRA-AC0009S00C/main.jpg,1200,1200,RGB,False,1.0,1.0,pass,0b760337b0f3a11e4e5ab85ceb3ae3018cac9d67b5e73260ad00b772586fbf5d
CRRA-AC0009S10B,main.jpg,final-main,product-shots/CRRA-AC0009S10B/main.jpg,1200,1200,RGB,False,1.0,1.0,pass,04a1814f5973be44d132450f29ea7da22be5e97d0cef6ae86b4f5ba180bf382c
CRRA-AC0021L10B,main.jpg,final-main,product-shots/CRRA-AC0021L10B/main.jpg,1200,1200,RGB,False,1.0,1.0,pass,abd982d0edad049b07453fba67c5401ba0686380e7629e8681b3600efa795918
CRRA-AC0022S10B,main.jpg,final-main,product-shots/CRRA-AC0022S10B/main.jpg,1200,1200,RGB,False,1.0,1.0,pass,48a0406044d3a9828bdb36c7ef0222bfc16fab5966841ab115abe52bafac0d43
CRRA-AC0024L,main.jpg,final-main,product-shots/CRRA-AC0024L/main.jpg,1200,1200,RGB,False,1.0,1.0,pass,4a2df0a942ac4dc88864d6abafa6040de7ac3ebee17a58e578e42222406facb3
CRRA-AC0K03L10B,main.jpg,final-main,product-shots/CRRA-AC0K03L10B/main.jpg,1200,1200,RGB,False,1.0,1.0,pass,be321adba6cfa2fac074d58b96af0f52aa3886fc25baa426f78154b856260887
CRRA-AC0K05G00B,main.jpg,final-main,product-shots/CRRA-AC0K05G00B/main.jpg,1200,1200,RGB,False,1.0,1.0,pass,19d910b0c4db92e0ac1bbfaa8ca166a6dc94c8b05723e91935989d3fe2afd7c4
CRRA-AC0L02R00B,main.jpg,final-main,product-shots/CRRA-AC0L02R00B/main.jpg,1200,1200,RGB,False,1.0,1.0,pass,85427ff6a6d5d6fd274caa06ad140caf85b587fd849cc52aa46a86637cc45fdc
CRRA-AC0L07L00B,main.jpg,final-main,product-shots/CRRA-AC0L07L00B/main.jpg,1200,1200,RGB,False,1.0,1.0,pass,2a71ac8b00c2e5e835dcde3ac90b7951d6370fa954520a8832e9d88e5d790503
CRRA-AC0M02B10B,main.jpg,final-main,product-shots/CRRA-AC0M02B10B/main.jpg,1200,1200,RGB,False,1.0,1.0,pass,b2bfe35bd685b26ae49bc3f2c7ea99af6d2f0f040afdc5a369f2b0f8be64b25a
CRRA-AC0M03S10B,main.jpg,final-main,product-shots/CRRA-AC0M03S10B/main.jpg,1200,1200,RGB,False,1.0,1.0,pass,df6d1668683ee16f7a5ba970dc43b636c6cf69b37572fe66811b67bbf2957aa9
CRRA-AC0M09E,main.jpg,final-main,product-shots/CRRA-AC0M09E/main.jpg,1200,1200,RGB,False,1.0,1.0,pass,5f64d06d5931b4c0bf52b824a6d6730b8ccdacfb4f5b601b2f25f7f45a51a961
CRRA-AC0M10L,main.jpg,final-main,product-shots/CRRA-AC0M10L/main.jpg,1200,1200,RGB,False,1.0,1.0,pass,e6bdec4c3cc06020346de4d041aa2150ffc506df3221fe517118fcdaebed12d6
CRRA-AC0M11Y,main.jpg,final-main,product-shots/CRRA-AC0M11Y/main.jpg,1200,1200,RGB,False,1.0,1.0,pass,d62c165234a4f0d9da0980992bf77d4dd7ce71f2ffeadd675bcfdb8529ab159b
CRRA-AC0M15Y,main.jpg,final-main,product-shots/CRRA-AC0M15Y/main.jpg,1200,1200,RGB,False,1.0,1.0,pass,8b6c82e62099328a17b75ce9645dc83a9a749941b785662d35583d891367f00c
CRRA-AC0M16S,main.jpg,final-main,product-shots/CRRA-AC0M16S/main.jpg,1200,1200,RGB,False,1.0,1.0,pass,1f3234424ca4529c361e24d2bf691fe4bc21ae8066f400ccd541327309665239
CRRA-AC0P04Y10B,main.jpg,final-main,product-shots/CRRA-AC0P04Y10B/main.jpg,1200,1200,RGB,False,1.0,1.0,pass,f8a0c55c15e0a44fa584821766c2190fcb916b958ee8ac56967ead16137709e8
CRRA-AC0Q01B10B,main.jpg,final-main,product-shots/CRRA-AC0Q01B10B/main.jpg,1200,1200,RGB,False,1.0,1.0,pass,517ad71e26757d77bb10ccc672a887ec98135d23fb94c1f77152936bfc39c5c4
CRRA-AC0Q07V10B,main.jpg,final-main,product-shots/CRRA-AC0Q07V10B/main.jpg,1200,1200,RGB,False,1.0,1.0,pass,86768eb26895e43f39f6586250c292d5a49e690c8628fb65a0c097eb01286cbe
CRRA-AC0Q08S,main.jpg,final-main,product-shots/CRRA-AC0Q08S/main.jpg,1200,1200,RGB,False,1.0,1.0,pass,ddbe850527eee63b7002f5a8c11da43029991caa74b0e575f9a55bb8053d5b65
CRRA-AC0Q09R,main.jpg,final-main,product-shots/CRRA-AC0Q09R/main.jpg,1200,1200,RGB,False,1.0,1.0,pass,7b343313b93af968136f46be6bf2f65ce47bbae8f631c56c9b196b11c0cb9361
CRRA-AC0Q10N,main.jpg,final-main,product-shots/CRRA-AC0Q10N/main.jpg,1200,1200,RGB,False,1.0,1.0,pass,0336f623ce30bd2f84d7397dfc14672650b0d4236001d4908d1c08e783a71ba9
CRRA-AC0Q11E,main.jpg,final-main,product-shots/CRRA-AC0Q11E/main.jpg,1200,1200,RGB,False,1.0,1.0,pass,85cd269dc0d7e92cd0b60f7f9acbb3398b655d799863d0f572979a2a746219ed
CRRA-AC0Q12L,main.jpg,final-main,product-shots/CRRA-AC0Q12L/main.jpg,1200,1200,RGB,False,1.0,1.0,pass,2b8107c1f371937420525c6a1e8323327111f0d7a3a6f5c2828570a4ef458af6
CRRA-AG0003S00C,main.jpg,final-main,product-shots/CRRA-AG0003S00C/main.jpg,1200,1200,RGB,False,1.0,1.0,pass,8ef421729a3695c8ed11ca2f71ca24fb62608ed24c964c6de5d5f6579f743e47
CRRA-AG0026E00C,main.jpg,final-main,product-shots/CRRA-AG0026E00C/main.jpg,1200,1200,RGB,False,1.0,1.0,pass,786bcd79c4e63ce2c67ca291749bec5ac5044ee8a9d7596a399a5de6c4b47e8f
CRRA-AG0026E10B,main.jpg,final-main,product-shots/CRRA-AG0026E10B/main.jpg,1200,1200,RGB,False,1.0,1.0,pass,6aaf9f807fbb6cfa1b72aac09d04e9cd610e01c2289cd65275a02aa9929dfc0e
CRRA-AG0027Y00C,main.jpg,final-main,product-shots/CRRA-AG0027Y00C/main.jpg,1200,1200,RGB,False,1.0,1.0,pass,d02de1e75060449d8ec04a509ed9d34b2ba5bc9574c292c6fd48b8a35385468d
CRRA-AG0027Y10B,main.jpg,final-main,product-shots/CRRA-AG0027Y10B/main.jpg,1200,1200,RGB,False,1.0,1.0,pass,27dc95684989c4bb33559156f209d90fc35f448a58cf4bf698ab5d2483c31f0e
CRRA-AG0028L00C,main.jpg,final-main,product-shots/CRRA-AG0028L00C/main.jpg,1200,1200,RGB,False,1.0,1.0,pass,a2fc8d35f3642d1639bfc1d6b917cfaf496cd81bca0b94e956653e1457c77293
CRRA-AG0028L10B,main.jpg,final-main,product-shots/CRRA-AG0028L10B/main.jpg,1200,1200,RGB,False,1.0,1.0,pass,36cc4a1de3f573ccc434e13985585fd6f7d037341ae57d52d7c7367f89fa73ad
CRRA-AG0029N00C,main.jpg,final-main,product-shots/CRRA-AG0029N00C/main.jpg,1200,1200,RGB,False,1.0,1.0,pass,1a4adf69caf43caa5cadf02a589db9bfc009e5a55d4106d29eeabb8cb4a83dde
CRRA-AG0029N10B,main.jpg,final-main,product-shots/CRRA-AG0029N10B/main.jpg,1200,1200,RGB,False,1.0,1.0,pass,5ac02b0fa2e33c37f960669d12cedf5ba2698d97eec78ee939ec26b967daba20
CRRA-AK0505L10B,main.jpg,final-main,product-shots/CRRA-AK0505L10B/main.jpg,1200,1200,RGB,False,1.0,1.0,pass,f496cee5e5e8c32c40c9872aebf33e4beb2b8b8310d85acd2dbb8a947b15d53b
CRRA-AK0506S10B,main.jpg,final-main,product-shots/CRRA-AK0506S10B/main.jpg,1200,1200,RGB,False,1.0,1.0,pass,3d74fa212a4b90995db913ca0deb797b62efb60714740cd243fcb0d31e9b76f0
CRRA-AK0701S10B,main.jpg,final-main,product-shots/CRRA-AK0701S10B/main.jpg,1200,1200,RGB,False,1.0,1.0,pass,835dd31524e728d2e5cb2f365b3f7bb189990fd0269e49423d9611610a9b75cf
CRRA-AK0702Y,main.jpg,final-main,product-shots/CRRA-AK0702Y/main.jpg,1200,1200,RGB,False,1.0,1.0,pass,5a2d375ae52aeb7fab6c40ba0d70750d67be8d7ae6440007a00ab6642de4e9ba
CRRA-AK0705R10B,main.jpg,final-main,product-shots/CRRA-AK0705R10B/main.jpg,1200,1200,RGB,False,1.0,1.0,pass,b013c161d9ed8db38717183fe11ec653dc73fc274c3c27375bc224f318de0e69
CRRA-AP0101B,main.jpg,final-main,product-shots/CRRA-AP0101B/main.jpg,1200,1200,RGB,False,1.0,1.0,pass,ec1839d9a674196072bbb667da95703b273006406a649e4e5b0c189d95a4ce4e
CRRA-AP0106S,main.jpg,final-main,product-shots/CRRA-AP0106S/main.jpg,1200,1200,RGB,False,1.0,1.0,pass,5916021dbf7fe80ac51451ac541ad1ec984650eeaeac0ef9c2e56259b8157b5e
CRRA-AS0101S10B,main.jpg,final-main,product-shots/CRRA-AS0101S10B/main.jpg,1200,1200,RGB,False,1.0,1.0,pass,b8b7c838faf404d698582f02a9ca89291e9ccceecab40884c1d472090a2b088d
CRRA-TX0202B10B,main.jpg,final-main,product-shots/CRRA-TX0202B10B/main.jpg,1200,1200,RGB,False,1.0,1.0,pass,501900d4a21ac2fcbe260ce5f5cc9b3e8e6af69f78177627a4dd5759a76e9e72
CRRA-TX0203S10B,main.jpg,final-main,product-shots/CRRA-TX0203S10B/main.jpg,1200,1200,RGB,False,1.0,1.0,pass,9c3cc11f94c60b3defdde5015adea016f20b2e55898a882afe215caaae654946
CRRA-TX0206L,main.jpg,final-main,product-shots/CRRA-TX0206L/main.jpg,1200,1200,RGB,False,1.0,1.0,pass,32fd894b9b94641e5a138df7022e725ed33307460f523232349b79cc61e8a9ef
CRRA-WJ0002L,main.jpg,final-main,product-shots/CRRA-WJ0002L/main.jpg,1200,1200,RGB,False,1.0,1.0,pass,dad8a2abbb7907cea0597525b94a01afda3d17297c2b36d34a2259c6d71e8106
CRRA-WJ0003S,main.jpg,final-main,product-shots/CRRA-WJ0003S/main.jpg,1200,1200,RGB,False,1.0,1.0,pass,05b8199b4364e450a84a2cb43237bafb8d04be13f7afe7803ee6946a3997417d
CRRA-WJ0004Y,main.jpg,final-main,product-shots/CRRA-WJ0004Y/main.jpg,1200,1200,RGB,False,1.0,1.0,pass,502366e3f19fbe1fe85c515db5a6483dfb6a892b1a2e4c35f7941601cd1e0a4a
CRRA-WK0001S,main.jpg,final-main,product-shots/CRRA-WK0001S/main.jpg,1200,1200,RGB,False,1.0,1.0,pass,be07c30c3b428ea31fe92cf8ca4540d2cd9888a2da53d8ae7f7889688e892085
CRRA-WK0002E,main.jpg,final-main,product-shots/CRRA-WK0002E/main.jpg,1200,1200,RGB,False,1.0,1.0,pass,4f909e407f2825a9f1a83e3a082f477b98c7ecdafa4f5c51bfe1addef50f0902
CRRA-WK0003G,main.jpg,final-main,product-shots/CRRA-WK0003G/main.jpg,1200,1200,RGB,False,1.0,1.0,pass,15df07992522dc9d3034223814ea1dac21cccd5cae4fca2455d97d09d4fd7bc5
CRRA-WK0004L,main.jpg,final-main,product-shots/CRRA-WK0004L/main.jpg,1200,1200,RGB,False,1.0,1.0,pass,8c0f3d29f829bc51d0fca99acb4cc0f544509281f635701f232a587a39c377fc
CRRA-WK0005P,main.jpg,final-main,product-shots/CRRA-WK0005P/main.jpg,1200,1200,RGB,False,1.0,1.0,pass,e3b09cb369f060a44ff85837da458879c68a97b55e9cdf00cb810d3bdb5d5115
CRRA-WK0006S,main.jpg,final-main,product-shots/CRRA-WK0006S/main.jpg,1200,1200,RGB,False,1.0,1.0,pass,29169ab7b8fce02304962896e6df1d577498ebc3d02a70109d4ee4923754f95b
CRRE-AT0107S00B,main.jpg,final-main,product-shots/CRRE-AT0107S00B/main.jpg,1200,1200,RGB,False,1.0,1.0,pass,186e88611b17e3650b73bcaa8f0a45e425b3d393dfaf8972f50e8d1b22693df2
CRRE-AU0303B00B,main.jpg,final-main,product-shots/CRRE-AU0303B00B/main.jpg,1200,1200,RGB,False,1.0,1.0,pass,c9e7b8b1b9bd789ecf87adf595c624434bbeac63988c1a409b57ca42453d9270
CRRE-AU0304L00B,main.jpg,final-main,product-shots/CRRE-AU0304L00B/main.jpg,1200,1200,RGB,False,1.0,1.0,pass,09a126601e4e8dfe44867dcd0c2f5b4e1b3cb0106959bec03158b29ececeac03
CRRE-AU0307E00B,main.jpg,final-main,product-shots/CRRE-AU0307E00B/main.jpg,1200,1200,RGB,False,1.0,1.0,pass,a2857ab65fd788b3e36ee4ace6d72b71cf509628f3cf707bcdcf199da88980c9
CRRE-AU0502S,main.jpg,final-main,product-shots/CRRE-AU0502S/main.jpg,1200,1200,RGB,False,1.0,1.0,pass,4eff65f9cd46cfdecad169df56dc079a3174244b598530f699970c39951a6458
CRRE-AU0601B,main.jpg,final-main,product-shots/CRRE-AU0601B/main.jpg,1200,1200,RGB,False,1.0,1.0,pass,a30d24996351819b20e405067251faba5dacb9291a24e4d0dac5db0140dfd9a8
CRRE-AV0132L,main.jpg,final-main,product-shots/CRRE-AV0132L/main.jpg,1200,1200,RGB,False,1.0,1.0,pass,3a36b004f17ce97f229576ae872d0a07f5f65faa78decbb9e8fcdfbf3bde4eba
CRRE-AV0B08L00B,main.jpg,final-main,product-shots/CRRE-AV0B08L00B/main.jpg,1200,1200,RGB,False,1.0,1.0,pass,199f7d91bdbe87e335c6e33285a9b9d9ef61d39fc155808eabe8e5cf39b52565
CRRE-BT0005S,main.jpg,final-main,product-shots/CRRE-BT0005S/main.jpg,1200,1200,RGB,False,1.0,1.0,pass,48c1f40bc1924899f82bd348f85ddbd831a0b53acd524b149560e98773445101
CRRE-BT0006L,main.jpg,final-main,product-shots/CRRE-BT0006L/main.jpg,1200,1200,RGB,False,1.0,1.0,pass,1c57719472cdc261eea66c10aeba5be007a2bca4732b732f340b0b6d68609fc3
CRRE-BT0007L,main.jpg,final-main,product-shots/CRRE-BT0007L/main.jpg,1200,1200,RGB,False,1.0,1.0,pass,8a81ce270099f4c79567b087923cd352f84b4762e8f66b77948d80aae776f740
CRRE-ND0014L00B,main.jpg,final-main,product-shots/CRRE-ND0014L00B/main.jpg,1200,1200,RGB,False,1.0,1.0,pass,ce7215ff422b7762e743deb7d0edaff676e7a324a3361720fa79f784b0ed8671
CRRF1004NR1Q003W0,main.jpg,final-main,product-shots/CRRF1004NR1Q003W0/main.jpg,1200,1200,RGB,False,1.0,1.0,pass,70d89ea0b7f269a0768e718846c9e1f0cf262b07d6db9ea116b38c2c2ac52ee6
CRRF1050SUN065P1,main.jpg,final-main,product-shots/CRRF1050SUN065P1/main.jpg,1200,1200,RGB,False,1.0,1.0,pass,45983dfa56c971da082989c30e876154d1bd098b254fd265e540f99d2908c2b7
CRRF1103SRPD31K1,main.jpg,final-main,product-shots/CRRF1103SRPD31K1/main.jpg,1200,1200,RGB,False,1.0,1.0,pass,fb8c610c06bdfe644ff0295d721233879767eb7a7cb0cf99d76164a3486e096a
CRRF1122SNK366K1,main.jpg,final-main,product-shots/CRRF1122SNK366K1/main.jpg,1200,1200,RGB,False,1.0,1.0,pass,982558ba513ff7229608bdcf9dd8add64c0bf35285a062460c0f1ac864f5791d
CRRF1129SYMK44K1,main.jpg,final-main,product-shots/CRRF1129SYMK44K1/main.jpg,1200,1200,RGB,False,1.0,1.0,pass,f646d2f7f8c497a7c675d85c6aa3346ab57c30cbe6065ce7b8014c92fb242d4b
CRRF1131SRPD33K1,main.jpg,final-main,product-shots/CRRF1131SRPD33K1/main.jpg,1200,1200,RGB,False,1.0,1.0,pass,c8faf7a95739e241ab63b8ccf41809a19fe1a702e43ff6a2bc306e630e7c29b4
CRRF1135SRPE72K1,main.jpg,final-main,product-shots/CRRF1135SRPE72K1/main.jpg,1200,1200,RGB,False,1.0,1.0,pass,5c3f5a8681c0b78b6b00c0f0a373efe295eb5de276436744dbfedfb68955e81a
CRRF1136SNKN55J1,main.jpg,final-main,product-shots/CRRF1136SNKN55J1/main.jpg,1200,1200,RGB,False,1.0,1.0,pass,6c1005609d3198116e1c3e5c383edbc0a81cbc38f5cad57029741be8761b5e5a
CRRF1153SNKP15K1,main.jpg,final-main,product-shots/CRRF1153SNKP15K1/main.jpg,1200,1200,RGB,False,1.0,1.0,pass,e8dc6066a9ba11ecf5f3eeaacab302d63dce65775fc8f4f362cb73eaff69f2c8
CRRF1165SRE005K1,main.jpg,final-main,product-shots/CRRF1165SRE005K1/main.jpg,1200,1200,RGB,False,1.0,1.0,pass,eafa63c6f5a3ea06b8eee5f63c4f50b38a8766fb413eb0632ad7693d132e2051
CRRF1166SRPD21J1,main.jpg,final-main,product-shots/CRRF1166SRPD21J1/main.jpg,1200,1200,RGB,False,1.0,1.0,pass,5ce723c6264914c8df94e138f9241e186396d856dcef776cb6c23e5b860b621d
CRRF1207EFR-552D-2A,main.jpg,final-main,product-shots/CRRF1207EFR-552D-2A/main.jpg,1200,1200,RGB,False,1.0,1.0,pass,6338c53598f0131c0fdd0f7fd3a4c1cd94df24f194d72f4996fa26a0b37246e1
CRRF1214GBD-300-7,main.jpg,final-main,product-shots/CRRF1214GBD-300-7/main.jpg,1200,1200,RGB,False,1.0,1.0,pass,bcd16fe047de2f574677ca8727445567ffa906333bdef9ef194ca6aac1979d3b
CRRF1223MQ-24G-9E,main.jpg,final-main,product-shots/CRRF1223MQ-24G-9E/main.jpg,1200,1200,RGB,False,1.0,1.0,pass,4ca1af5faa9f26a3a3b88d708a0be9fad4d467321a1e259772773ac8dec723e4
CRRF1227AQ-800EG-9A,main.jpg,final-main,product-shots/CRRF1227AQ-800EG-9A/main.jpg,1200,1200,RGB,False,1.0,1.0,pass,0bed66a69de97c7b10e63459f3ee35d0f88f3afffff6277cca82d74d0ef785e2
CRRF1265A700WG-9A,main.jpg,final-main,product-shots/CRRF1265A700WG-9A/main.jpg,1200,1200,RGB,False,1.0,1.0,pass,bed678ae3cd5be5e0f4f77660bd2d59af6ba96b689c89334cb52055f5d0ee2ae
CRRF1283GA-2000S-1,main.jpg,final-main,product-shots/CRRF1283GA-2000S-1/main.jpg,1200,1200,RGB,False,1.0,1.0,pass,cb7a54fc9c07ab3dbf9e4e9c4523744cb08fc8b3bdb2d223b4793e66a43d7030
CRRF1292SNXS80K1,main.jpg,final-main,product-shots/CRRF1292SNXS80K1/main.jpg,1200,1200,RGB,False,1.0,1.0,pass,fdd30c6c18ec704809a5ad4afa62c6e0d0ec7ef063669d160594653a42c9d66a
CRRF1309SRPK33K1,main.jpg,final-main,product-shots/CRRF1309SRPK33K1/main.jpg,1200,1200,RGB,False,1.0,1.0,pass,28e04dc0fa39448868988a791f9d78334751f8bafb95829c1f49598245073f39
CRRF1341SNK623K1,main.jpg,final-main,product-shots/CRRF1341SNK623K1/main.jpg,1200,1200,RGB,False,1.0,1.0,pass,09ead6ff8c7ccff8e4fbfc2df8f2df0f1c99d338cf3840a42861c58c713d0e32
CRRF1349SRPJ35K1,main.jpg,final-main,product-shots/CRRF1349SRPJ35K1/main.jpg,1200,1200,RGB,False,1.0,1.0,pass,1e301dae4ea3fbaaecdc01d421002d18f621d1e643e299d3bab092c33809b116
CRRF1397MTD-135D-7AV,main.jpg,final-main,product-shots/CRRF1397MTD-135D-7AV/main.jpg,1200,1200,RGB,False,1.0,1.0,pass,a81ccbe38d81ded1c19508f6aa31344b8fb765772b324cc79c9723e3ca7deaf0
CRRF1398MTP-E510D-1A1V,main.jpg,final-main,product-shots/CRRF1398MTP-E510D-1A1V/main.jpg,1200,1200,RGB,False,1.0,1.0,pass,8d3265de6d6ebe2fe10fd62f19f11852c1f3f82266a104ef96959a80b2234c1d
CRRF1399EFR-S108D-3A,main.jpg,final-main,product-shots/CRRF1399EFR-S108D-3A/main.jpg,1200,1200,RGB,False,1.0,1.0,pass,bed4ad6b2f736c69397cc3fdf2d46f39191597171d02695d9f62407fb3e8f07c
CRRF1400GA-140-1A4,main.jpg,final-main,product-shots/CRRF1400GA-140-1A4/main.jpg,1200,1200,RGB,False,1.0,1.0,pass,2388a724541151a4a9a93e7fa3b6e50e605670f0097576935ff0f7313425500e
CRRF1402MTP-1302D-7A1V,main.jpg,final-main,product-shots/CRRF1402MTP-1302D-7A1V/main.jpg,1200,1200,RGB,False,1.0,1.0,pass,0fc680e085f9a750de7dd8a77869d800e1e6ecc3f920ffa77dfb89f068a08260
CRRF1403MTP-RS100D-1A,main.jpg,final-main,product-shots/CRRF1403MTP-RS100D-1A/main.jpg,1200,1200,RGB,False,1.0,1.0,pass,a2015fc0c168f0d5c1d86f976083983fcc135fd25fe7f1ed9311ecca5b6450db
CRRF1404MTP-B145G-9AV,main.jpg,final-main,product-shots/CRRF1404MTP-B145G-9AV/main.jpg,1200,1200,RGB,False,1.0,1.0,pass,1baf60f8eb4d988f9209d195bc48a99fa9bfbbb46203b90668cc2c124532792c
CRRF1405W-217HM-7BV,main.jpg,final-main,product-shots/CRRF1405W-217HM-7BV/main.jpg,1200,1200,RGB,False,1.0,1.0,pass,4fd05c944f24bf7528e439ed54f95abc5a3b799b00f8f6a9da6fe45cebb72b38
CRRF1409MTP-B180D-3AV,main.jpg,final-main,product-shots/CRRF1409MTP-B180D-3AV/main.jpg,1200,1200,RGB,False,1.0,1.0,pass,5d5fa727f435e2490e6d89083b79ddcad435f38218e4400cbef1d32dd160da4a
CRRF1412A500WGA-1DF,main.jpg,final-main,product-shots/CRRF1412A500WGA-1DF/main.jpg,1200,1200,RGB,False,1.0,1.0,pass,d8de8af24a40d1659658f125fe8b31780efcff013dfcf27724123766f5de3b6d
CRRF1413LA-11WR-5A,main.jpg,final-main,product-shots/CRRF1413LA-11WR-5A/main.jpg,1200,1200,RGB,False,1.0,1.0,pass,314c41314aec10977b927a23e897eb0fe6e902b90aebdaf6f07742a0305478b8
CRRF1415LA670WGA-9DF,main.jpg,final-main,product-shots/CRRF1415LA670WGA-9DF/main.jpg,1200,1200,RGB,False,1.0,1.0,pass,021481e9909bd897146357472c8338ddf27c43cc411e65e74b668d914e5fdea6
CRRF1438SNKL58K1,main.jpg,final-main,product-shots/CRRF1438SNKL58K1/main.jpg,1200,1200,RGB,False,1.0,1.0,pass,099677534b8ac02d6c3540ba279bb49d467831b678fbbe4069ad2326223dc626
CRRF1451SNK615K1,main.jpg,final-main,product-shots/CRRF1451SNK615K1/main.jpg,1200,1200,RGB,False,1.0,1.0,pass,027eda911170f3828cc3c3aed37d66bde16256c4d297d04519a65a17265016ec
CRRF1489SRPE05K1,main.jpg,final-main,product-shots/CRRF1489SRPE05K1/main.jpg,1200,1200,RGB,False,1.0,1.0,pass,dd52574ba23830fdbde769c1ead15b99861cce27bdeeae54724290b1edac79b0
CRRF1494SNKE51K1,main.jpg,final-main,product-shots/CRRF1494SNKE51K1/main.jpg,1200,1200,RGB,False,1.0,1.0,pass,79c2feb325b6df696b6f1f314fe5ba886d3af7e4f46d5d5533649e2df7d350ae
CRRF1495SNK621K1,main.jpg,final-main,product-shots/CRRF1495SNK621K1/main.jpg,1200,1200,RGB,False,1.0,1.0,pass,a5bf1556ab5940e912ccbd30b3c6b2b2858d9fcfa3c07aa514830306068d5187
CRRF1526SKX009K2,main.jpg,final-main,product-shots/CRRF1526SKX009K2/main.jpg,1200,1200,RGB,False,1.0,1.0,pass,0c40b33a285ac9fda5dcdc4b731622784c9945779dc1822f1c0d4f2d25a2e86d
CRRF1527SNKL86K1,main.jpg,final-main,product-shots/CRRF1527SNKL86K1/main.jpg,1200,1200,RGB,False,1.0,1.0,pass,14ffb5b18b947ccff8363ab2f5c7e9ae3f9c24bb79396d9eadbc04de6c027be4
CRRF1533SNKD99K1,main.jpg,final-main,product-shots/CRRF1533SNKD99K1/main.jpg,1200,1200,RGB,False,1.0,1.0,pass,91b361b4f73a094818c5114cc7ac813ea692043a69266eadeeda778da0dc4c7e
CRRF1558SNKK94K1,main.jpg,final-main,product-shots/CRRF1558SNKK94K1/main.jpg,1200,1200,RGB,False,1.0,1.0,pass,2319bc74753be4159360b7b9ae06eaa9316e4eb7b2d4e1915d938416ac600ae2
CRRF1566SNZ450J1,main.jpg,final-main,product-shots/CRRF1566SNZ450J1/main.jpg,1200,1200,RGB,False,1.0,1.0,pass,0d01d15d4a666d8c02cf39c7e499f522c0397cdc142eec2012925822738594b9
CRRF1574SRPK97K1,main.jpg,final-main,product-shots/CRRF1574SRPK97K1/main.jpg,1200,1200,RGB,False,1.0,1.0,pass,b6da8abd002e102f9bff9588926ed1ad1e28ff0929b48bf88222e03680e96e60
CRRF1577SRPG57K1,main.jpg,final-main,product-shots/CRRF1577SRPG57K1/main.jpg,1200,1200,RGB,False,1.0,1.0,pass,5957f5399b7a322f61f0247b6d655f55b16fe21d1c14f3c03a42b55c74469447
CRRF1597SNKL66K1,main.jpg,final-main,product-shots/CRRF1597SNKL66K1/main.jpg,1200,1200,RGB,False,1.0,1.0,pass,4c87b751a2344ef901dfad941f92ea53c0f02b0dfe7256ee68c9f46aa288a10a
CRRF1598SNKE57J1,main.jpg,final-main,product-shots/CRRF1598SNKE57J1/main.jpg,1200,1200,RGB,False,1.0,1.0,pass,77111f952a7fb19f526986b4fe5d7b9c3b7ea45952c6f783e20617435ae657b8
CRRF1613SNXS79J1,main.jpg,final-main,product-shots/CRRF1613SNXS79J1/main.jpg,1200,1200,RGB,False,1.0,1.0,pass,4c7dec80b6379b4853e91150b1526e5775ec7969c5ac983d06a4823955365217
CRRF1622SSK001K1,main.jpg,final-main,product-shots/CRRF1622SSK001K1/main.jpg,1200,1200,RGB,False,1.0,1.0,pass,ecdb322210a46e6af026ae296996ad345dd46fe7c81a46d4e89c724bc2ede5be
CRRF1639SNKE54K1,main.jpg,final-main,product-shots/CRRF1639SNKE54K1/main.jpg,1200,1200,RGB,False,1.0,1.0,pass,2aa1d23b7e96a44fe71757d7574a5e50046712ba48675562f3971856ac523942
CRRF1670SNKC51J1,main.jpg,final-main,product-shots/CRRF1670SNKC51J1/main.jpg,1200,1200,RGB,False,1.0,1.0,pass,52ea28d648734333206547a16f1e699b808faab933afd120eace2f0a54e8bf9e
CRRF1683SNXS79K1,main.jpg,final-main,product-shots/CRRF1683SNXS79K1/main.jpg,1200,1200,RGB,False,1.0,1.0,pass,7df8d09d7c8bc098101d96016d0d3afbea4ed693ec3e63a9f7dcaf86a0a40a34
CRRF1688SNKL57K1,main.jpg,final-main,product-shots/CRRF1688SNKL57K1/main.jpg,1200,1200,RGB,False,1.0,1.0,pass,141e04e0cd67c32c67408d15d0d4e0a7f847f3d48f502450d9374963aae1f9b0
CRRF1725SNKE01K1,main.jpg,final-main,product-shots/CRRF1725SNKE01K1/main.jpg,1200,1200,RGB,False,1.0,1.0,pass,e7a7dd98716908314bce0fb6dea664cedbcd8df372c31274d92fa04d6de6808c
CRRF1728SNK567J1,main.jpg,final-main,product-shots/CRRF1728SNK567J1/main.jpg,1200,1200,RGB,False,1.0,1.0,pass,f3e4ecee7259c7b8bea6dce649214b704dfe13597ef78266ae775038a2ee071b
CRRF1730SNZG13J1,main.jpg,final-main,product-shots/CRRF1730SNZG13J1/main.jpg,1200,1200,RGB,False,1.0,1.0,pass,941f3320089ba5185b53f9668559481c5bc0e8abbe50168a95900161bdf945ec
CRRF1740SNXS73K1,main.jpg,final-main,product-shots/CRRF1740SNXS73K1/main.jpg,1200,1200,RGB,False,1.0,1.0,pass,b03ce2da573214a94e34ed14763ffaa461d89a0ed54fe055b124aae699cb8823
CRRF209-SNKK84K1,main.jpg,final-main,product-shots/CRRF209-SNKK84K1/main.jpg,1200,1200,RGB,False,1.0,1.0,pass,fb61ed75f11dce9f2611c838b0951ba0ce55e818c7749da7205cd5f86cfa6b02
CRRF210-SNKC51J1,main.jpg,final-main,product-shots/CRRF210-SNKC51J1/main.jpg,1200,1200,RGB,False,1.0,1.0,pass,239f01e9540fd019d5f96ab83bf4064058b2dec167ee3a9d49e4200f7fe27e2e
CRRF215-SKX007K1,main.jpg,final-main,product-shots/CRRF215-SKX007K1/main.jpg,1200,1200,RGB,False,1.0,1.0,pass,329696cf4dc6473031f4c64586975ee6cfe67e42011d726d88e306496b8e9fe6
CRRF217-SRPG31K1,main.jpg,final-main,product-shots/CRRF217-SRPG31K1/main.jpg,1200,1200,RGB,False,1.0,1.0,pass,f92ac77bf6e355ccb8ed34acbac75dc368fb277e005a3701fa99dfe8f6abcaad
CRRF229SRE004K1,main.jpg,final-main,product-shots/CRRF229SRE004K1/main.jpg,1200,1200,RGB,False,1.0,1.0,pass,86d86bd2148daf86f734523cec19453da41149ee7bc0e645d7c23fcd9b718511
CRRF273SND253P1,main.jpg,final-main,product-shots/CRRF273SND253P1/main.jpg,1200,1200,RGB,False,1.0,1.0,pass,53af5c0e2080b129037932b8df29668f5a43492aad616d570790c88795d0c2d7
CRRF292SRPA83J1,main.jpg,final-main,product-shots/CRRF292SRPA83J1/main.jpg,1200,1200,RGB,False,1.0,1.0,pass,c52a1816153b4978e2f9831a7155e243e8ff3795f821f24c09aa2d9d09d85344
CRRF300SNE535P1,main.jpg,final-main,product-shots/CRRF300SNE535P1/main.jpg,1200,1200,RGB,False,1.0,1.0,pass,e8976dd3f28eea17e2277f464de2656edc7ca5e8c2923d930f4a4106a26553e4
CRRF329SNE435P1,main.jpg,final-main,product-shots/CRRF329SNE435P1/main.jpg,1200,1200,RGB,False,1.0,1.0,pass,08da9eab366e3e0e484a1308105d695c6e2321c66b507a8b74d040cc337b06bc
CRRF335SRPG29K1,main.jpg,final-main,product-shots/CRRF335SRPG29K1/main.jpg,1200,1200,RGB,False,1.0,1.0,pass,57bdefa5a967d7654767affbc60e6eec32f07767c068f01f140210c94a339158
CRRF366SRPD31J1,main.jpg,final-main,product-shots/CRRF366SRPD31J1/main.jpg,1200,1200,RGB,False,1.0,1.0,pass,67f67226e07cd1d112ffb5c6c7ebaaa7c2addc128808ca96ca0b9a296d5432d9
CRRF37-SRPD25J1,main.jpg,final-main,product-shots/CRRF37-SRPD25J1/main.jpg,1200,1200,RGB,False,1.0,1.0,pass,230a2fcea945be9668707661784354ce9dee8ec3fe937ffb5d01d28a464efcd1
CRRF375SNP089P1,main.jpg,final-main,product-shots/CRRF375SNP089P1/main.jpg,1200,1200,RGB,False,1.0,1.0,pass,af6ec6952607678adb5e28eeda722f6d026434e35c2eb9c4fdd6730330d3ca3e
CRRF378GA-700-1B,main.jpg,final-main,product-shots/CRRF378GA-700-1B/main.jpg,1200,1200,RGB,False,1.0,1.0,pass,060e279e46e015765e023cfd9a8f7d0615765434393a568fd0ae6c9781076da7
CRRF385MTD-130D-7AV,main.jpg,final-main,product-shots/CRRF385MTD-130D-7AV/main.jpg,1200,1200,RGB,False,1.0,1.0,pass,e0d9e0d43a92b2a1e0d4120ae634c93c7f363e3894e2ce4c294734d95e144c3d
CRRF410SNKL28K1,main.jpg,final-main,product-shots/CRRF410SNKL28K1/main.jpg,1200,1200,RGB,False,1.0,1.0,pass,c4834c713361ad2f4c5883a397a0b48557726b87710ff4c421b4e8d3aea30cda
CRRF416SKX013K2,main.jpg,final-main,product-shots/CRRF416SKX013K2/main.jpg,1200,1200,RGB,False,1.0,1.0,pass,70184c8c2b89495ff772704e533abdef6a90806f18d3e51c1551ede9dbb1ce73
CRRF421SRPF77K1,main.jpg,final-main,product-shots/CRRF421SRPF77K1/main.jpg,1200,1200,RGB,False,1.0,1.0,pass,6261f4043107407a76989ad9b6810cd50b183fff56d0bc4cd7f8b6ba55a16a78
CRRF443SRPB53K1,main.jpg,final-main,product-shots/CRRF443SRPB53K1/main.jpg,1200,1200,RGB,False,1.0,1.0,pass,e51263fce2a9cace03cdd84a41a101c38b473fb544780a36e4df9b0c12593702
CRRF446SNK375J1,main.jpg,final-main,product-shots/CRRF446SNK375J1/main.jpg,1200,1200,RGB,False,1.0,1.0,pass,d9bd4a4c4bb36f9e00a4dd0920a1af97af4e5b13cfaf2063cd9455c0a36df882
CRRF447SKX013K1,main.jpg,final-main,product-shots/CRRF447SKX013K1/main.jpg,1200,1200,RGB,False,1.0,1.0,pass,c7d220e3144b895528bdd871f6454a24027783aa5cd7a4bca350208dcf42c296
CRRF454SSA421J1,main.jpg,final-main,product-shots/CRRF454SSA421J1/main.jpg,1200,1200,RGB,False,1.0,1.0,pass,e0d28daaa55e7f42871364abcbf4a1fc0953df5ed5a6c725f293d69509b8bce7
CRRF469SSK005J1,main.jpg,final-main,product-shots/CRRF469SSK005J1/main.jpg,1200,1200,RGB,False,1.0,1.0,pass,89ecb834dea50671edbf71fcc619aabf1b5c0a259dcfa6b432ccedd00344fcb6
CRRF470SNA411P1,main.jpg,final-main,product-shots/CRRF470SNA411P1/main.jpg,1200,1200,RGB,False,1.0,1.0,pass,ba0f4e29f71fb69571a271128f2ce200a29353c12b50c8c2f5bfa38302c16ec5
CRRF471SRPD63K1,main.jpg,final-main,product-shots/CRRF471SRPD63K1/main.jpg,1200,1200,RGB,False,1.0,1.0,pass,ad57c8ad83d61f7ccb47330f021f566efea396613a74e307980d8862605184a6
CRRF479SSB413P1,main.jpg,final-main,product-shots/CRRF479SSB413P1/main.jpg,1200,1200,RGB,False,1.0,1.0,pass,706912449f9953fcbea13f0f73550c122cd179310ea9d0fdd0c4a4e9c53ab1a0
CRRF480SKX007K1,main.jpg,final-main,product-shots/CRRF480SKX007K1/main.jpg,1200,1200,RGB,False,1.0,1.0,pass,a6f1479e93e8304c6211ffb2bb265e2f5865a75223c2ef2888dc8455e9803259
CRRF502SRPH21K1,main.jpg,final-main,product-shots/CRRF502SRPH21K1/main.jpg,1200,1200,RGB,False,1.0,1.0,pass,8c90d6e80d1d1c0b32c29f5de7a21e8cabfef8abc7565decb058ed9cdd2a46ee
CRRF51-SSC783P1,main.jpg,final-main,product-shots/CRRF51-SSC783P1/main.jpg,1200,1200,RGB,False,1.0,1.0,pass,2f8e6d0761a255b3ee0b44bd85bdd0fa84413a783f14ebd831d0c9720e85ba74
CRRF526SSB377P1,main.jpg,final-main,product-shots/CRRF526SSB377P1/main.jpg,1200,1200,RGB,False,1.0,1.0,pass,d41701559ec96e3cd32b2b1ee31ba4a67bf71bf611c80eb0fbd6635d2f8b7532
CRRF540SKX007K2,main.jpg,final-main,product-shots/CRRF540SKX007K2/main.jpg,1200,1200,RGB,False,1.0,1.0,pass,ef164daf89e5da84186731490b38dfb5de12be1b34f44b98d6f0585288650bf9
CRRF572SRPB46J1,main.jpg,final-main,product-shots/CRRF572SRPB46J1/main.jpg,1200,1200,RGB,False,1.0,1.0,pass,d0a63710201c6b658295c16f42df32a0c9056630c66cdd99659bf512618b68da
CRRF600SNKK98K1,main.jpg,final-main,product-shots/CRRF600SNKK98K1/main.jpg,1200,1200,RGB,False,1.0,1.0,pass,7fb33c87adcd71b72c6d96c88cd25d70cc7d281f84d150f843d318ecfb9c916c
CRRF610SRPG15K1,main.jpg,final-main,product-shots/CRRF610SRPG15K1/main.jpg,1200,1200,RGB,False,1.0,1.0,pass,309c5b437e154a59cb492a81424951e2ba0a4a158bef3b6961ab0d54448f3103
CRRF622SRP773J1,main.jpg,final-main,product-shots/CRRF622SRP773J1/main.jpg,1200,1200,RGB,False,1.0,1.0,pass,ddca29c9857797977f3745661dba4dffcc185d75640739e8445e443fae9e3e08
CRRF624SSC615P1,main.jpg,final-main,product-shots/CRRF624SSC615P1/main.jpg,1200,1200,RGB,False,1.0,1.0,pass,932e1894f3003042b01ba16f7d5fb81cd17d69690eeee71798e3202dd0327bb2
CRRF66-SKX009K1,main.jpg,final-main,product-shots/CRRF66-SKX009K1/main.jpg,1200,1200,RGB,False,1.0,1.0,pass,1166d8daaeae564914a2a0e0780fa2465da6f5484f664614673de71de9e5862d
CRRF685SRPG63K1,main.jpg,final-main,product-shots/CRRF685SRPG63K1/main.jpg,1200,1200,RGB,False,1.0,1.0,pass,8541461b354533889ea5fb58991df200f93140074fca12094d10b9d706cadc13
CRRF690SRPG37K1,main.jpg,final-main,product-shots/CRRF690SRPG37K1/main.jpg,1200,1200,RGB,False,1.0,1.0,pass,733ca7fe3a751ae77eed72866d531d0ddde027653dc2f275f7dcecd9c5ae0f56
CRRF70-SRPG61K1,main.jpg,final-main,product-shots/CRRF70-SRPG61K1/main.jpg,1200,1200,RGB,False,1.0,1.0,pass,1a3f6baf2a42ca86b33d6fe48c265efe0d776a47f74e7e7d6b3e7b78b6505566
CRRF701SNK563J1,main.jpg,final-main,product-shots/CRRF701SNK563J1/main.jpg,1200,1200,RGB,False,1.0,1.0,pass,6292230f12ebb0d051226ee46b8fefb5d39d9e3d4fdde8e00438fbf5954d992c
CRRF708SNA414P1,main.jpg,final-main,product-shots/CRRF708SNA414P1/main.jpg,1200,1200,RGB,False,1.0,1.0,pass,ba739f4b93ef6574a6b74b0181d58cf4cdd12d2c610fbf07df454bc4c25fb593
CRRF720SNE437P1,main.jpg,final-main,product-shots/CRRF720SNE437P1/main.jpg,1200,1200,RGB,False,1.0,1.0,pass,a7ca9b62e7a053ddf9c5762d4440f0a08b8d0dd231a12fb68b7170a1ebdc77e1
CRRF733SRP837J1,main.jpg,final-main,product-shots/CRRF733SRP837J1/main.jpg,1200,1200,RGB,False,1.0,1.0,pass,fbc8b20822a68a3cc1e7bc2e573d1b694e8da75f1da4421904e9bd61a1c2d51b
CRRF737SRP781K1,main.jpg,final-main,product-shots/CRRF737SRP781K1/main.jpg,1200,1200,RGB,False,1.0,1.0,pass,028def25fa84988cc45d828a0ab0c452881ff5080b62fe2aaa1c1dff2911f452
CRRF74-SNE587,main.jpg,final-main,product-shots/CRRF74-SNE587/main.jpg,1200,1200,RGB,False,1.0,1.0,pass,0a8e3d8afa0c2276f2fbc5ea7bd591ebddeaf3964307a2ac0f139dd81690dea0
CRRF76-SNE573P1,main.jpg,final-main,product-shots/CRRF76-SNE573P1/main.jpg,1200,1200,RGB,False,1.0,1.0,pass,04d6466672ce01162a4de9fa58ddd0d39f83afa7dbe7daa66d6c74a4010f5feb
CRRF803SRPG47K1,main.jpg,final-main,product-shots/CRRF803SRPG47K1/main.jpg,1200,1200,RGB,False,1.0,1.0,pass,cb918e9be931846c3c4ae9237a39f5e937f90c44eeb6fbfeeca750b47cb7187e
CRRF832SRH014P1,main.jpg,final-main,product-shots/CRRF832SRH014P1/main.jpg,1200,1200,RGB,False,1.0,1.0,pass,7ada7c7b8fb13953b288e60fd9ae04826d9544987fe64051100940e47a11be47
CRRF855INV8930OB,main.jpg,final-main,product-shots/CRRF855INV8930OB/main.jpg,1200,1200,RGB,False,1.0,1.0,pass,fdb49d8801111345fa2cbb1da947ae08db626478b81242b875db65bf937ca463
CRRF913AMW-880D-1A,main.jpg,final-main,product-shots/CRRF913AMW-880D-1A/main.jpg,1200,1200,RGB,False,1.0,1.0,pass,263f8b20c6b4a13fc5824958ee2a4ea6428bddfb73d36a2c4294fc396cce5c2b
CRRF919A178WA-1ADF,main.jpg,final-main,product-shots/CRRF919A178WA-1ADF/main.jpg,1200,1200,RGB,False,1.0,1.0,pass,2c4ee1e4194a5c410da9d59c85627e58fe2386de18c52fce977db66068f8c1f3
CRRF921A700WM-7A,main.jpg,final-main,product-shots/CRRF921A700WM-7A/main.jpg,1200,1200,RGB,False,1.0,1.0,pass,be3875ef0658c2d314bf3ab07a1f999028f7c1cbe489c70cbabe86fe34591600
CRRF922A500WA-1DF,main.jpg,final-main,product-shots/CRRF922A500WA-1DF/main.jpg,1200,1200,RGB,False,1.0,1.0,pass,6d9e31ecb1ca10350c464066bf6c74a22a812acbd949dfb815843e025cb5b026
CRRF927A500WA-7DF,main.jpg,final-main,product-shots/CRRF927A500WA-7DF/main.jpg,1200,1200,RGB,False,1.0,1.0,pass,02386db605223a8abfa6fbc737698fea6c5b0641a7c41dcee0d4e72635ba0dec
CRRF934AQ-230A-1DHDF,main.jpg,final-main,product-shots/CRRF934AQ-230A-1DHDF/main.jpg,1200,1200,RGB,False,1.0,1.0,pass,8920a8e9e17670deecd8e167373fd793a446102f902f60a13e861b322b926de0
CRRTF033,main.jpg,final-main,product-shots/CRRTF033/main.jpg,1200,1200,RGB,False,1.0,1.0,pass,7f391711aef0112a1c14849225f6c8982261eeba987d297f6e6ca9fc61b69496
CRRTF034,main.jpg,final-main,product-shots/CRRTF034/main.jpg,1200,1200,RGB,False,1.0,1.0,pass,d005b81feeb6ca0bb933b51a36639f9205e3daa590fd413af382107ac4a7d139
CRRTF035,main.jpg,final-main,product-shots/CRRTF035/main.jpg,1200,1200,RGB,False,1.0,1.0,pass,fab16faf64695d4e04d8003495ad18f0fa4863fc863501b7f5457032b536a056
CRRTF039,main.jpg,final-main,product-shots/CRRTF039/main.jpg,1200,1200,RGB,False,1.0,1.0,pass,4c597e54be2625afe24642f1783a7ee3ece3734bd0c54fe225d2282d63a64ad2
CRSAA02002D3,main.jpg,final-main,product-shots/CRSAA02002D3/main.jpg,1200,1200,RGB,False,1.0,1.0,pass,9a3a132d9e4f588c8727509fce17326c059390e10d2070a94f67cd5dbdd25189
CRSAA02009D3,main.jpg,final-main,product-shots/CRSAA02009D3/main.jpg,1200,1200,RGB,False,1.0,1.0,pass,7bad97d9801a141aa9c31ea44150cab324700182f2097c0b9be119c9549ba474
CRSAB0C002W9,main.jpg,final-main,product-shots/CRSAB0C002W9/main.jpg,1200,1200,RGB,False,1.0,1.0,pass,a4477a2e85c569da307e72ba9b3f8ad622ec36e0624f434a37d0e032ad188e1e
CRSAB0C004B9,main.jpg,final-main,product-shots/CRSAB0C004B9/main.jpg,1200,1200,RGB,False,1.0,1.0,pass,36f294b7ffaa99da98842a6d95cd76743890fa692102a96111fe75d39d3b7368
CRSAB0C005C8,main.jpg,final-main,product-shots/CRSAB0C005C8/main.jpg,1200,1200,RGB,False,1.0,1.0,pass,d10ea1a337e41178668cb00d5eedad4636eb9a9be9c43a4e740f00ff5cd54795
CRSAB0C006B9,main.jpg,final-main,product-shots/CRSAB0C006B9/main.jpg,1200,1200,RGB,False,1.0,1.0,pass,92f9822666fae2b212f8bb33406e5bc7f268e4e8984d66eac29324eaeb684ed3
CRSAB0C007W9,main.jpg,final-main,product-shots/CRSAB0C007W9/main.jpg,1200,1200,RGB,False,1.0,1.0,pass,7067b32f5226a68845c924b468a5da00a3592a5ba7602982ac0c14854c210ebc
CRSDA02002W,main.jpg,final-main,product-shots/CRSDA02002W/main.jpg,1200,1200,RGB,False,1.0,1.0,pass,fa8d6d868fa6acb9e3ef26cc5de8db9f7bc2554f8b77057588fc0732fce0cafa
CRSDJ00001B0,main.jpg,final-main,product-shots/CRSDJ00001B0/main.jpg,1200,1200,RGB,False,1.0,1.0,pass,d0d5bf61b473e57779ec643164020183e05d5c29a834d17c14564d092c1ea376
CRSDJ00002W0,main.jpg,final-main,product-shots/CRSDJ00002W0/main.jpg,1200,1200,RGB,False,1.0,1.0,pass,7163813122f20ac92afd15ed8988b3012e0461c103826486f2fada3eb2618a63
CRSDK05003W,main.jpg,final-main,product-shots/CRSDK05003W/main.jpg,1200,1200,RGB,False,1.0,1.0,pass,3104dd07d076b99dabc8af64115297cbfdd4e495a785e0f7efd69df9444afe2a
CRSEL09004W0,main.jpg,final-main,product-shots/CRSEL09004W0/main.jpg,1200,1200,RGB,False,1.0,1.0,pass,77533fc193e3c6c75bd3a3f31c8c0e9e6023cf244fd7945025785697b6d8f446
CRSF-M1B-01M,main.jpg,final-main,product-shots/CRSF-M1B-01M/main.jpg,1200,1200,RGB,False,1.0,1.0,pass,485a158039a37c963ecf6f42c57fd868c66a4da3fefe1d65ac78262fa09c5d63
CRSFJ007P1,main.jpg,final-main,product-shots/CRSFJ007P1/main.jpg,1200,1200,RGB,False,1.0,1.0,pass,c98fceec8a56c770893a91ea6fc3da93c477364478f4ee81f16b2c00345054fc
CRSFK001J1,main.jpg,final-main,product-shots/CRSFK001J1/main.jpg,1200,1200,RGB,False,1.0,1.0,pass,876206241bf8979d0a59d163707c0de73aa74342984213f331e3bff316929f64
CRSKW3159,main.jpg,final-main,product-shots/CRSKW3159/main.jpg,1200,1200,RGB,False,1.0,1.0,pass,1e44774600b50d3175d77417e66f3d9ea29b640259deb81fd9f628d8a2005c16
CRSKX009K2,main.jpg,final-main,product-shots/CRSKX009K2/main.jpg,1200,1200,RGB,False,1.0,1.0,pass,10549d3fbfed5cb93122448fa93cdaa3498ed37bc649df38a0eb2464592be875
CRSNE107P1,main.jpg,final-main,product-shots/CRSNE107P1/main.jpg,1200,1200,RGB,False,1.0,1.0,pass,92e4ed8e6fdbfe1d04770363741697684b2392ce9a1d88c144822c1b3d7d302c
CRSNKC51J1,main.jpg,final-main,product-shots/CRSNKC51J1/main.jpg,1200,1200,RGB,False,1.0,1.0,pass,52ea28d648734333206547a16f1e699b808faab933afd120eace2f0a54e8bf9e
CRSNZ453J1,main.jpg,final-main,product-shots/CRSNZ453J1/main.jpg,1200,1200,RGB,False,1.0,1.0,pass,3ed31bbb9b3530fc84778c5d14d8bf025da45b24068429a917df1c8bcd3b816a
CRSNZG83J1,main.jpg,final-main,product-shots/CRSNZG83J1/main.jpg,1200,1200,RGB,False,1.0,1.0,pass,69fee823c4830a7412739d0a5075818126dd57a96552f8762636c4ee5fa43387
CRSNZH51K1,main.jpg,final-main,product-shots/CRSNZH51K1/main.jpg,1200,1200,RGB,False,1.0,1.0,pass,dee748b216425a80ef5a06810245baf5b396352eace1e38e5ef199945055bee9
CRSPB465J1,main.jpg,final-main,product-shots/CRSPB465J1/main.jpg,1200,1200,RGB,False,1.0,1.0,pass,e61bc27e4694811f9b643e7219b2fe0ec90f009909bc6d8206467bb8e3ac95d9
CRSPB467J1,main.jpg,final-main,product-shots/CRSPB467J1/main.jpg,1200,1200,RGB,False,1.0,1.0,pass,c4f548cf15319de1ffbe3f2a8800c7cfe2ad3a3de1bbc6bedd32921bc14e8c92
CRSRP169K1,main.jpg,final-main,product-shots/CRSRP169K1/main.jpg,1200,1200,RGB,False,1.0,1.0,pass,d71db45ae62e5fbf7fa2a9eed68a783537a251a06ba644c0fd13c9fecbb70de6
CRSRP201K1,main.jpg,final-main,product-shots/CRSRP201K1/main.jpg,1200,1200,RGB,False,1.0,1.0,pass,1a24d343f5828607b885184fc9ce592b54942bf381e5efead102908cea8cc842
CRSRP215J2,main.jpg,final-main,product-shots/CRSRP215J2/main.jpg,1200,1200,RGB,False,1.0,1.0,pass,3e481bf435b954cec41df2e0fac104ea9030db9be334e726a15a155a957b5183
CRSRP219J1,main.jpg,final-main,product-shots/CRSRP219J1/main.jpg,1200,1200,RGB,False,1.0,1.0,pass,fa036999c69f72ec53dfcb3c12a0392ddeb539b23c1f08baf68c86da1c8fe536
CRSRP279K1,main.jpg,final-main,product-shots/CRSRP279K1/main.jpg,1200,1200,RGB,False,1.0,1.0,pass,daa53cef9f9f5ac6d5fcdb079f1ab6da6ff0d97ee7f6d5f6c65d7de2d22feaf7
CRSRP281J1,main.jpg,final-main,product-shots/CRSRP281J1/main.jpg,1200,1200,RGB,False,1.0,1.0,pass,b86c66be20d11da7dffc1f5514dc911a351527f6819dd479e9a75339017bafbf
CRSRP307K1,main.jpg,final-main,product-shots/CRSRP307K1/main.jpg,1200,1200,RGB,False,1.0,1.0,pass,c5c9e6454b7a0599f98755859217df23bb900f68533b69dbfc0d96488f7f40cc
CRSRP309K1,main.jpg,final-main,product-shots/CRSRP309K1/main.jpg,1200,1200,RGB,False,1.0,1.0,pass,3847079046fadd8ecb1e2001a0945e62dffb6b04691428670f0d85e0e35518b0
CRSRP313K2,main.jpg,final-main,product-shots/CRSRP313K2/main.jpg,1200,1200,RGB,False,1.0,1.0,pass,aaac3d67af58814307a8425bf59a19aab113b4ecc3cc02f4070be3987b7fa59e
CRSRP341K1,main.jpg,final-main,product-shots/CRSRP341K1/main.jpg,1200,1200,RGB,False,1.0,1.0,pass,77bebf4f8005a9db0a278be0ffd38c509f2d512918c5e2f1a8247e6822bc6431
CRSRP343K1,main.jpg,final-main,product-shots/CRSRP343K1/main.jpg,1200,1200,RGB,False,1.0,1.0,pass,11406c108005a7818cc7840ff910e78b0d6b69648f42f25c88d1b26b3b5b8eba
CRSRP345K1,main.jpg,final-main,product-shots/CRSRP345K1/main.jpg,1200,1200,RGB,False,1.0,1.0,pass,554f0c48dbaab73ef8ee60b30294c8f508c22605737a7f7cc8993b10b8fa166b
CRSRP355K1,main.jpg,final-main,product-shots/CRSRP355K1/main.jpg,1200,1200,RGB,False,1.0,1.0,pass,818eeabb0121f650403915556d866ccb1fa15f8e5e5643500f1d82d418c07c2b
CRSRP357K2,main.jpg,final-main,product-shots/CRSRP357K2/main.jpg,1200,1200,RGB,False,1.0,1.0,pass,3134823fcf056aac9c57e3480ffea7e72504786fb0e98c842bfb3e95e1eed5d3
CRSRP363K1,main.jpg,final-main,product-shots/CRSRP363K1/main.jpg,1200,1200,RGB,False,1.0,1.0,pass,4dd8a1a65cdc75d1b4de3b032d9230cb22d84f63924ca9f9ef4b43924441b2ea
CRSRP417K1,main.jpg,final-main,product-shots/CRSRP417K1/main.jpg,1200,1200,RGB,False,1.0,1.0,pass,d20ba08497bdd739e2e0069a7ed65742813fa2989122ab9799b5a87d70e6c424
CRSRP438K1,main.jpg,final-main,product-shots/CRSRP438K1/main.jpg,1200,1200,RGB,False,1.0,1.0,pass,f540748a31ad12532e209aa13964a90fdf355185e6a8898eea988c0f313cb5e1
CRSRP440K1,main.jpg,final-main,product-shots/CRSRP440K1/main.jpg,1200,1200,RGB,False,1.0,1.0,pass,af75ca26355efacefe69d3a98c429cb9e53ea0663595e07c1776aec8d0051edf
CRSRP473K1,main.jpg,final-main,product-shots/CRSRP473K1/main.jpg,1200,1200,RGB,False,1.0,1.0,pass,3d0a3d8355914e2d701270403138a0cd850878c3af9d426a4452e77e98193334
CRSRP475K1,main.jpg,final-main,product-shots/CRSRP475K1/main.jpg,1200,1200,RGB,False,1.0,1.0,pass,95e1925a8927f8c869999d495c800881ad33b7b503a1fd67e5275387caaaf9a6
CRSRP483K1,main.jpg,final-main,product-shots/CRSRP483K1/main.jpg,1200,1200,RGB,False,1.0,1.0,pass,3b2c828f7a6cf85c13d99dd711905fadb36ec799005b5d0561f0394e5a0e264d
CRSRP539J1,main.jpg,final-main,product-shots/CRSRP539J1/main.jpg,1200,1200,RGB,False,1.0,1.0,pass,b6d74757f141fb5f5ebf1e991eb5a33f1599a888abb27911e6455f8e0e7baf53
CRSRP548J1,main.jpg,final-main,product-shots/CRSRP548J1/main.jpg,1200,1200,RGB,False,1.0,1.0,pass,89041598be1bae7512754c3c3aa35ff9135f23aeffa0adfed910e7175cd88f1e
CRSRP551J1,main.jpg,final-main,product-shots/CRSRP551J1/main.jpg,1200,1200,RGB,False,1.0,1.0,pass,4e56c34292c336eed6a7cc41feec44009add3eb1d63564becff61034d1ca970f
CRSRP555J1,main.jpg,final-main,product-shots/CRSRP555J1/main.jpg,1200,1200,RGB,False,1.0,1.0,pass,19a5cb0a678c45477f8f31ce18a1bcec8523601c621ab3aee5cdb8b553410dff
CRSRP599K1,main.jpg,final-main,product-shots/CRSRP599K1/main.jpg,1200,1200,RGB,False,1.0,1.0,pass,a79e547284bb210955c19de7de3d71cf1169b881b8c80550b46171e15fc0c96b
CRSRP601K1,main.jpg,final-main,product-shots/CRSRP601K1/main.jpg,1200,1200,RGB,False,1.0,1.0,pass,a01cbcab8abcf09f1b4d3e422b902ca357e3c773020dd1ea03a7c722e56f55e6
CRSRP603K1,main.jpg,final-main,product-shots/CRSRP603K1/main.jpg,1200,1200,RGB,False,1.0,1.0,pass,10c1e1789d1066442fc51a6cfef49e0f6db4dff928de9f95f2fcf3b6ca262e83
CRSRP607K1,main.jpg,final-main,product-shots/CRSRP607K1/main.jpg,1200,1200,RGB,False,1.0,1.0,pass,dd88a3935ae5dc43d6ea89ceb64828ae4f4305bba8b71d779961d0e0b4a24974
CRSRP615K1,main.jpg,final-main,product-shots/CRSRP615K1/main.jpg,1200,1200,RGB,False,1.0,1.0,pass,c46f61f259e332dc3ce1fc6e759e65df24ecca569534132ad294927649b42650
CRSRP619K1,main.jpg,final-main,product-shots/CRSRP619K1/main.jpg,1200,1200,RGB,False,1.0,1.0,pass,c768153eb7112dbc95f7740e9296eae4d5e89c303b307db97b28ddb4b4736bfa
CRSRP621K1,main.jpg,final-main,product-shots/CRSRP621K1/main.jpg,1200,1200,RGB,False,1.0,1.0,pass,2e3652c4f884daa741ae9bd5e10a8940b4b594ef9e79a6cddad026a6229d748d
CRSRP623K1,main.jpg,final-main,product-shots/CRSRP623K1/main.jpg,1200,1200,RGB,False,1.0,1.0,pass,954d2b615088f5374752ba4ab532d0758b4661d770746e33c642e632d568059f
CRSRP625K1,main.jpg,final-main,product-shots/CRSRP625K1/main.jpg,1200,1200,RGB,False,1.0,1.0,pass,998bbb1ba0722f58ed67355fcd4e319c73f6f4ef895d67dfa79f70940e961701
CRSRP629K1,main.jpg,final-main,product-shots/CRSRP629K1/main.jpg,1200,1200,RGB,False,1.0,1.0,pass,3e3a9c20a78954a924eff710ca89e3205095369d9fb55c767b73170db989cb5a
CRSRP631K1,main.jpg,final-main,product-shots/CRSRP631K1/main.jpg,1200,1200,RGB,False,1.0,1.0,pass,d1d587838f7d404d4c6a6372d06cdc6e88a06e5ce2abaf9686dbe4edc3c6b653
CRSRP635K1,main.jpg,final-main,product-shots/CRSRP635K1/main.jpg,1200,1200,RGB,False,1.0,1.0,pass,c293cea13914e02177e73e05a32f6b13f227e59dc5e6c4ef04b08fafff5e47b9
CRSRP750K1,main.jpg,final-main,product-shots/CRSRP750K1/main.jpg,1200,1200,RGB,False,1.0,1.0,pass,e0eeb5b9aa5182f69d021311bf90fe615287bcfe6bb35b681d1168d4a95bd3a7
CRSRP785K1,main.jpg,final-main,product-shots/CRSRP785K1/main.jpg,1200,1200,RGB,False,1.0,1.0,pass,062df8358b1e72843e72859bc2d08a12569afb1a9282e0619fa5b3cea7b7affb
CRSRP839J1,main.jpg,final-main,product-shots/CRSRP839J1/main.jpg,1200,1200,RGB,False,1.0,1.0,pass,0f8af0708f059e65dba0ff95b738c20dabda0fb68e1ef1fdca2f4ecbe86b1be4
CRSRPA93J1,main.jpg,final-main,product-shots/CRSRPA93J1/main.jpg,1200,1200,RGB,False,1.0,1.0,pass,c3528ac4e547df5bbcc1fa1a16e3caeb4c9555b3f8ea3b058a3ba1cc7d366fc3
CRSRPB79K1,main.jpg,final-main,product-shots/CRSRPB79K1/main.jpg,1200,1200,RGB,False,1.0,1.0,pass,1712b33bcce8a91f795728f458c42fbe7d949e5ba615d9f808b2aae01fdf17cd
CRSRPB81K1,main.jpg,final-main,product-shots/CRSRPB81K1/main.jpg,1200,1200,RGB,False,1.0,1.0,pass,8307472445f74e91f811abc087d93fc81d0b9870fb68865630b6d05e3e859b4c
CRSRPB83K1,main.jpg,final-main,product-shots/CRSRPB83K1/main.jpg,1200,1200,RGB,False,1.0,1.0,pass,191b6e4a69b0017ef6c66c7198bb5bb57731242203a6145d55be8ade7705ea4a
CRSRPB86K1.G,main.jpg,final-main,product-shots/CRSRPB86K1.G/main.jpg,1200,1200,RGB,False,1.0,1.0,pass,5a7e8ba827480979029e2bbc60c7e0d11c7b5092946c56861d7020588841d0f8
CRSRPB89K1,main.jpg,final-main,product-shots/CRSRPB89K1/main.jpg,1200,1200,RGB,False,1.0,1.0,pass,94b7d274024af4ff79f12dcea73d60600a0631455dd66ca26c944be49c4dc215
CRSRPB91K1,main.jpg,final-main,product-shots/CRSRPB91K1/main.jpg,1200,1200,RGB,False,1.0,1.0,pass,351675d9a503b3e6ee4bf6e9da84f004266ba8762865119b28cbab28a0ee3304
CRSRPB93K1,main.jpg,final-main,product-shots/CRSRPB93K1/main.jpg,1200,1200,RGB,False,1.0,1.0,pass,ef0cbbf89b5bca118dd9eba3d182cf423516d9ca4622faf989d2a2c00907b00d
CRSRPF23K1,main.jpg,final-main,product-shots/CRSRPF23K1/main.jpg,1200,1200,RGB,False,1.0,1.0,pass,f5c2443fc56657e08d4951787c992a1cecaed5d6687c9cd33960c1d06a93bf17
CRSRPF24K1,main.jpg,final-main,product-shots/CRSRPF24K1/main.jpg,1200,1200,RGB,False,1.0,1.0,pass,f9de5d052bd2fecd82fb20cdd5c75ee9138418448b789e4df6a295d7409c0540
CRSRPF67K1,main.jpg,final-main,product-shots/CRSRPF67K1/main.jpg,1200,1200,RGB,False,1.0,1.0,pass,99487243a3ee3f5c675fdc1e9beb1a6b1f341ed6f68d1977b7c88a40f0afaa1a
CRSRPK13K1,main.jpg,final-main,product-shots/CRSRPK13K1/main.jpg,1200,1200,RGB,False,1.0,1.0,pass,8acc18fd7b2beeeb52612052452637a2e9197e43820017aff241db77e05a49db
CRSRPK65K1,main.jpg,final-main,product-shots/CRSRPK65K1/main.jpg,1200,1200,RGB,False,1.0,1.0,pass,0b29955b19fb0cd689916f2dc4f6396dbd3e2dfe2ea3df1e1cb2f5794a3fab4d
CRSRPK89K1,main.jpg,final-main,product-shots/CRSRPK89K1/main.jpg,1200,1200,RGB,False,1.0,1.0,pass,3ea9b132d59fd325ec06208710abb70f4640796374083038e0f809137b9b7632
CRSRPK99K1,main.jpg,final-main,product-shots/CRSRPK99K1/main.jpg,1200,1200,RGB,False,1.0,1.0,pass,24ec3aa8449789f12cfeb122b9f71331b4a5b31294bdebd26972e8ad7a21c042
CRSSA317K1,main.jpg,final-main,product-shots/CRSSA317K1/main.jpg,1200,1200,RGB,False,1.0,1.0,pass,1d189e0f628a6398959f22ef8e2ddb23cb3d50e4a974b9651c631dd2c353eb79
CRSSC359P1,main.jpg,final-main,product-shots/CRSSC359P1/main.jpg,1200,1200,RGB,False,1.0,1.0,pass,4ef57e988723acb73de10d5da3a4902c3b36342021dcc0789e425c9728c549c1
CRSSC433P1,main.jpg,final-main,product-shots/CRSSC433P1/main.jpg,1200,1200,RGB,False,1.0,1.0,pass,ff80247b3eb733bd6eb18bfd118d1e383fea49f88a1c4d232d65f6916e4eefb1
CRSYMJ45K1,main.jpg,final-main,product-shots/CRSYMJ45K1/main.jpg,1200,1200,RGB,False,1.0,1.0,pass,64cb19a29e3db192e3b418428ea9a664604c339178710f5a2bbd2dfa0df87335
CRT116.617.22.091.00~,main.jpg,final-main,product-shots/CRT116.617.22.091.00~/main.jpg,1200,1200,RGB,False,1.0,1.0,pass,93a1fbb2c45c42a027760102249aea143d6f7812a74808a943dd6a067a0a1501
CRT120.210.22.051.01,main.jpg,final-main,product-shots/CRT120.210.22.051.01/main.jpg,1200,1200,RGB,False,1.0,1.0,pass,843bcb9176b08aeba557fd7c2b9ac551f648d9248e1d3f1a47e8107119c00882
CRT120.410.22.051.01,main.jpg,final-main,product-shots/CRT120.410.22.051.01/main.jpg,1200,1200,RGB,False,1.0,1.0,pass,ab6e54a5eec7fce89776bd36b7d29b1f5fdbfea67a4276de9ad646da047fcbc4
CRT120.410.33.091.00,main.jpg,final-main,product-shots/CRT120.410.33.091.00/main.jpg,1200,1200,RGB,False,1.0,1.0,pass,c57ec6f1f15cf972a0f24c82ecc3bbb4fbc2cd7b79aebbde07480c65f5b23dc6
CRT120.417.17.041.00,main.jpg,final-main,product-shots/CRT120.417.17.041.00/main.jpg,1200,1200,RGB,False,1.0,1.0,pass,3411af79f65c48c997a123870534249927756e12d5dce7119ecc1a777a82b1c9
CRT120.607.11.041.00,main.jpg,final-main,product-shots/CRT120.607.11.041.00/main.jpg,1200,1200,RGB,False,1.0,1.0,pass,9c9d5688c1cc3b98cdebd6a62bc93fde2d4465ce31dc5ae48b82baf6b512456a
CRT120.607.17.441.00,main.jpg,final-main,product-shots/CRT120.607.17.441.00/main.jpg,1200,1200,RGB,False,1.0,1.0,pass,a8405ed663dfe2802679e295714c67fd4848da30fbad1514aeebe60231f45920
CRT122.210.11.033.00~,main.jpg,final-main,product-shots/CRT122.210.11.033.00~/main.jpg,1200,1200,RGB,False,1.0,1.0,pass,ef9b92702c892ee5bf3d954150c948575ee9a416458cf765970c8de3a7d36662
CRT122.210.16.033.00~,main.jpg,final-main,product-shots/CRT122.210.16.033.00~/main.jpg,1200,1200,RGB,False,1.0,1.0,pass,d209ee808891cbf00502738e2b73afe5d2ba556415e11f0d17c30808d6ef2f67
CRT127.407.11.041.01,main.jpg,final-main,product-shots/CRT127.407.11.041.01/main.jpg,1200,1200,RGB,False,1.0,1.0,pass,095f543bdddf67cd687ea13a44285214e9aef4d42584dda939a24e07d8f6d29b
CRT127.407.11.081.00,main.jpg,final-main,product-shots/CRT127.407.11.081.00/main.jpg,1200,1200,RGB,False,1.0,1.0,pass,02fdd35b32fe76a714b473e0e401dce0f3a28a15ad66027d61da2976f9b45d85
CRT127.410.11.051.00,main.jpg,final-main,product-shots/CRT127.410.11.051.00/main.jpg,1200,1200,RGB,False,1.0,1.0,pass,32c1af985b463bd3e48f5bc89ec7a29fee74b7d94e79689fe9cdb81d475f5753
CRT127.410.44.081.00~,main.jpg,final-main,product-shots/CRT127.410.44.081.00~/main.jpg,1200,1200,RGB,False,1.0,1.0,pass,4ec8734b561ddebad86417f6d0e568a7ae894bd38f2ac258232812c0d0779c0c
CRT129.210.11.053.00~,main.jpg,final-main,product-shots/CRT129.210.11.053.00~/main.jpg,1200,1200,RGB,False,1.0,1.0,pass,e86423f66c03f5d5e1309373e4a5bc873ca080d1611c1d8b943e522c8a06805a
CRT129.410.16.053.00~,main.jpg,final-main,product-shots/CRT129.410.16.053.00~/main.jpg,1200,1200,RGB,False,1.0,1.0,pass,ff25eaed09c5c253d829f9316a89c4a290a83df6732087f646c2ade8b720cf27
CRT137.210.11.111.00,main.jpg,final-main,product-shots/CRT137.210.11.111.00/main.jpg,1200,1200,RGB,False,1.0,1.0,pass,d950ca54d50cae1f413bd41bfff9ff1b6f148d1562ebd607902ad03e09a8a662
CRT137.410.11.421.00,main.jpg,final-main,product-shots/CRT137.410.11.421.00/main.jpg,1200,1200,RGB,False,1.0,1.0,pass,6427d5d5f8aa586bcb3bc6f7e456a41b6e35a4803af0282f28cd89f42dc01df9
CRT149.417.11.041.00,main.jpg,final-main,product-shots/CRT149.417.11.041.00/main.jpg,1200,1200,RGB,False,1.0,1.0,pass,ddaf4dac5eca224e0fea590b606c084aa25fdceb3fb18ce298b61f60183cd861
CRT149.417.22.051.01,main.jpg,final-main,product-shots/CRT149.417.22.051.01/main.jpg,1200,1200,RGB,False,1.0,1.0,pass,c05db5be752386ae856b88497a3976d1ac95f272aaf4b05f9eb969bff4e7203d
CRT149.459.21.051.00,main.jpg,final-main,product-shots/CRT149.459.21.051.00/main.jpg,1200,1200,RGB,False,1.0,1.0,pass,2fc0e65dc762f89169d0fe31565314a5dfeac60658d49996d91ad2ec72410df7
CRT149.462.11.011.00,main.jpg,final-main,product-shots/CRT149.462.11.011.00/main.jpg,1200,1200,RGB,False,1.0,1.0,pass,2d43d2eee55763f29ef40d4ac388589e03458aef8d5d837cfe89bc309b29473e
CRT150.210.11.041.00,main.jpg,final-main,product-shots/CRT150.210.11.041.00/main.jpg,1200,1200,RGB,False,1.0,1.0,pass,a64370fa1d08459adb25c727b725e81478a7b95d6a00083f7f81d1897095351c
CRT150.210.11.041.01,main.jpg,final-main,product-shots/CRT150.210.11.041.01/main.jpg,1200,1200,RGB,False,1.0,1.0,pass,9c896ae31f5133d2351259795380774544df355cc7830fec7a60a24ebb09c5ec
CRT41.1.183.33~,main.jpg,final-main,product-shots/CRT41.1.183.33~/main.jpg,1200,1200,RGB,False,1.0,1.0,pass,26005e1c05c36ecd617da1fa2f26c7132e4eb0866f5cc1052108f44621ff67bb
CRT930.007.46.261.00,main.jpg,final-main,product-shots/CRT930.007.46.261.00/main.jpg,1200,1200,RGB,False,1.0,1.0,pass,6b3ed4374d016c5704275708645c19f2aba3165d5815cf1af739b6c1cd06b3f6
CRT930.007.46.296.00,main.jpg,final-main,product-shots/CRT930.007.46.296.00/main.jpg,1200,1200,RGB,False,1.0,1.0,pass,aa8db14727b191a3d4922790f3ec947dac6deec6f916fbc65a05e732511bfa0b
CRU1043,main.jpg,final-main,product-shots/CRU1043/main.jpg,1200,1200,RGB,False,1.0,1.0,pass,3e762a3d55d6989acdcaefdd14c162f5a2069d483cccdab38cc2662989a74d6e
CRU1064,main.jpg,final-main,product-shots/CRU1064/main.jpg,1200,1200,RGB,False,1.0,1.0,pass,ef8e8638a55efa14c72b8e702f3ee8701e49f783e41c37019e9b1838b9fa1abf
CRU1071,main.jpg,final-main,product-shots/CRU1071/main.jpg,1200,1200,RGB,False,1.0,1.0,pass,7face972538d3b8386286ef3359d33828cc494da9dbe7f680c0c0e3b7ca7f64b
CRU1091,main.jpg,final-main,product-shots/CRU1091/main.jpg,1200,1200,RGB,False,1.0,1.0,pass,c31b56cddfa82812d98c85bf1d895e18e3efc99b0aac8e868c5723e3708b6d83
CRU578,main.jpg,final-main,product-shots/CRU578/main.jpg,1200,1200,RGB,False,1.0,1.0,pass,e3553de8f817fa652c284567ab22dd14e2c8e7a677c3e29691ebbc35aefd7594
CRU579,main.jpg,final-main,product-shots/CRU579/main.jpg,1200,1200,RGB,False,1.0,1.0,pass,bbf59960c07e3f3709ad26bf5c3a75a2f4c15d9ab3bd8d19bd54c52aa9f2464f
CRU616,main.jpg,final-main,product-shots/CRU616/main.jpg,1200,1200,RGB,False,1.0,1.0,pass,0396d3a381daac6925a0c64bd3d24497d979f026b661dfc4f0d6a3312319a9f0
CRU617,main.jpg,final-main,product-shots/CRU617/main.jpg,1200,1200,RGB,False,1.0,1.0,pass,dc6b4fe990a44b791cbf42d93c12e9ec17eeccb4df4512ed75de7d7ec076009c
CRU864,main.jpg,final-main,product-shots/CRU864/main.jpg,1200,1200,RGB,False,1.0,1.0,pass,c844fd4b81dc0c7bb59cd7f7950dbcb9f1a8b80659a9ad724737c76aa0bc8ada
CRU886,main.jpg,final-main,product-shots/CRU886/main.jpg,1200,1200,RGB,False,1.0,1.0,pass,95e4c696fcdcf477165773534adad5a59e8dcfe904c108103694657122cae5ba
CRUTP-1302PD-1AV,main.jpg,final-main,product-shots/CRUTP-1302PD-1AV/main.jpg,1200,1200,RGB,False,1.0,1.0,pass,869ecb3f0968b7470e251c5dd550bf032155628e313efc4e899e38c795b6c87c
CRUTP-1302PD-2A1V,main.jpg,final-main,product-shots/CRUTP-1302PD-2A1V/main.jpg,1200,1200,RGB,False,1.0,1.0,pass,218a74cf41c8cccfc38031e3540ee0ea097bf6525fd118bbcb5eb8881567a2c8
CRUTP-1302PD-2A2V,main.jpg,final-main,product-shots/CRUTP-1302PD-2A2V/main.jpg,1200,1200,RGB,False,1.0,1.0,pass,83425520ac216697185bfa9de0ba4ab2d5ffdcdd9ffaf14ca27155f1b7d09e9d
CRUTP-1302PD-3A1V,main.jpg,final-main,product-shots/CRUTP-1302PD-3A1V/main.jpg,1200,1200,RGB,False,1.0,1.0,pass,48e582404363f08bc1c333a97d41641a823ecf0c8320000d96fa520a7a5678f1
CRUTP-1302PD-7AV,main.jpg,final-main,product-shots/CRUTP-1302PD-7AV/main.jpg,1200,1200,RGB,False,1.0,1.0,pass,113e3a9d21de85698c283d981b2a6e8aa3a48860e5e1a4957b969b525823e089
CRVIC241474,main.jpg,final-main,product-shots/CRVIC241474/main.jpg,1200,1200,RGB,False,1.0,1.0,pass,7b069c58d3bd5cb4d4c8e6b18f1483bc71187602fab757e935fc3698b4da4fec
CRVIC241570,main.jpg,final-main,product-shots/CRVIC241570/main.jpg,1200,1200,RGB,False,1.0,1.0,pass,7cf049b8cd27758021b5baec1b1c3dfbdeb2c0e518fb36b03f838aa9192b5927
CRVIC241688-1,main.jpg,final-main,product-shots/CRVIC241688-1/main.jpg,1200,1200,RGB,False,1.0,1.0,pass,25f3489d559c93cf0f0e2e85d455d79db2a0e95fc3510d437e42f6b2b48cbdd8
CRVIC241696,main.jpg,final-main,product-shots/CRVIC241696/main.jpg,1200,1200,RGB,False,1.0,1.0,pass,e8d5fb3b774d293b14f4ab6f7426f32eb7c90b9ce06ac5492606061d8bb92d40
CRVIC241697,main.jpg,final-main,product-shots/CRVIC241697/main.jpg,1200,1200,RGB,False,1.0,1.0,pass,61587bc5a33814dc0899642c746d998b74e3878bfd9221e95b861662c1a5c7e9
CRVIC241698,main.jpg,final-main,product-shots/CRVIC241698/main.jpg,1200,1200,RGB,False,1.0,1.0,pass,848e2dcc6d5d22afbac5bb199c66b2ed72678154ff5d2f7f2b8185a3bfc2475a
CRVIC241726,main.jpg,final-main,product-shots/CRVIC241726/main.jpg,1200,1200,RGB,False,1.0,1.0,pass,6a5a694cd5d153d4b28313e8001c221aeb3015ba021ac6b96bfdb5f7d69c904d
CRVIC241727,main.jpg,final-main,product-shots/CRVIC241727/main.jpg,1200,1200,RGB,False,1.0,1.0,pass,cd9da60e521b1ccea70f498f1c0c26f6de52b5b32c13e88ca633695a0ad34d4a
CRVIC241733,main.jpg,final-main,product-shots/CRVIC241733/main.jpg,1200,1200,RGB,False,1.0,1.0,pass,67403404e0fa14bf0cdc4df7b73acd3acd60b57637ccf6b7d7ed86dcd551af3d
CRVIC241749,main.jpg,final-main,product-shots/CRVIC241749/main.jpg,1200,1200,RGB,False,1.0,1.0,pass,ceccfba628984c2a5da1af22d41152af74e6a759fd8801916ddca73c3caa1af2
CRVIC241756,main.jpg,final-main,product-shots/CRVIC241756/main.jpg,1200,1200,RGB,False,1.0,1.0,pass,6094db6a7828aad0a802986bf2897c5a46a7418dc4d6b252657ca3bae3122fe1
CRVIC241769,main.jpg,final-main,product-shots/CRVIC241769/main.jpg,1200,1200,RGB,False,1.0,1.0,pass,405b518c928255c51c1a3950b4b5ad17f3b238d205da0f3661989388b8e63c48
CRVIC241778,main.jpg,final-main,product-shots/CRVIC241778/main.jpg,1200,1200,RGB,False,1.0,1.0,pass,d3f7f078965ffebb4f319f148dc30f5d6b3350f3909089fb31ee8cb61ce8298e
CRVIC241782,main.jpg,final-main,product-shots/CRVIC241782/main.jpg,1200,1200,RGB,False,1.0,1.0,pass,bfedf90157d04794238991f071227c1a20a17b1df551adccf2ef4785aff9a4d7
CRVIC241787,main.jpg,final-main,product-shots/CRVIC241787/main.jpg,1200,1200,RGB,False,1.0,1.0,pass,7f607d2a5cec98a3896087616b3dd2ebd79fca3f07d6e98705eed10932e8628f
CRVIC241816,main.jpg,final-main,product-shots/CRVIC241816/main.jpg,1200,1200,RGB,False,1.0,1.0,pass,9396faa4578e2e841c71f0eaf01a5277fd405bf458e59fbf6c614e0286dfaa8a
CRVIC241843,main.jpg,final-main,product-shots/CRVIC241843/main.jpg,1200,1200,RGB,False,1.0,1.0,pass,b65955b9ebddd6cf248d77eb1334b74ade996dd5acb6c201e64a8e2830be54ad
CRVIC241844,main.jpg,final-main,product-shots/CRVIC241844/main.jpg,1200,1200,RGB,False,1.0,1.0,pass,3a42dd5f9af7afeace1bcddd090adb97509e3cabb8ae47ca22315a6592e5a19f
CRVIC241846,main.jpg,final-main,product-shots/CRVIC241846/main.jpg,1200,1200,RGB,False,1.0,1.0,pass,dc6b4fe990a44b791cbf42d93c12e9ec17eeccb4df4512ed75de7d7ec076009c
CRVIC241847,main.jpg,final-main,product-shots/CRVIC241847/main.jpg,1200,1200,RGB,False,1.0,1.0,pass,25f4939b7af64b836753f9db3bec9deb90624daaa6579a505139eaad03e271d4
CRVIC241848,main.jpg,final-main,product-shots/CRVIC241848/main.jpg,1200,1200,RGB,False,1.0,1.0,pass,263f8050588a5be0418cd95c3e70424154b94937eb6b1c51b44146cf7411ecc9
CRVIC241849,main.jpg,final-main,product-shots/CRVIC241849/main.jpg,1200,1200,RGB,False,1.0,1.0,pass,402124115a6ad0ea060a8f80e088eb550c527f6044ea67b2c8a72e41f2653481
CRVIC241850,main.jpg,final-main,product-shots/CRVIC241850/main.jpg,1200,1200,RGB,False,1.0,1.0,pass,980faf5c3e4a233c50652cbab3497ff3e5543c46dd329c1336a7172c037ba8d2
CRVIC241852,main.jpg,final-main,product-shots/CRVIC241852/main.jpg,1200,1200,RGB,False,1.0,1.0,pass,f947b67c69309db4f6b180a99b7fcb2be20a7f946756bd2b1f0cc5230c6281bc
CRVIC241855,main.jpg,final-main,product-shots/CRVIC241855/main.jpg,1200,1200,RGB,False,1.0,1.0,pass,fa5a61d0dee64b6191fb1272da2066e2889551e765596652fa3bea9f5e2648ff
CRVIC241856,main.jpg,final-main,product-shots/CRVIC241856/main.jpg,1200,1200,RGB,False,1.0,1.0,pass,559eddd0a8904319cb8a5236bc244e124c5cfdba826b72db916221d56b5f77c4
CRVIC241860,main.jpg,final-main,product-shots/CRVIC241860/main.jpg,1200,1200,RGB,False,1.0,1.0,pass,9db7efc681ea623c502d31ec6b91c05587d7f7b786ad229a90a25561d578fcc5
CRVIC241861,main.jpg,final-main,product-shots/CRVIC241861/main.jpg,1200,1200,RGB,False,1.0,1.0,pass,4d57c6b2d54017217ee8b63eed930f3c45f4864ed52017cb929471d9aea2aff9
CRVIC241869,main.jpg,final-main,product-shots/CRVIC241869/main.jpg,1200,1200,RGB,False,1.0,1.0,pass,8c17c382c1bc41bdbd08317f50ee7f54f9813ac6978653424956a3004900b2fb
CRVIC241871,main.jpg,final-main,product-shots/CRVIC241871/main.jpg,1200,1200,RGB,False,1.0,1.0,pass,e7d55653744aac07733e98d1d94f024c0eb86e76eec0e20a09f215557f192ea6
CRVIC241883,main.jpg,final-main,product-shots/CRVIC241883/main.jpg,1200,1200,RGB,False,1.0,1.0,pass,d5ce0c778343f4049410a60387702811af341b3017af1b94ce72f0b5d70498a9
CRVIC241897,main.jpg,final-main,product-shots/CRVIC241897/main.jpg,1200,1200,RGB,False,1.0,1.0,pass,b7feaaa170a85cca2fde56ec82538112e06b213c4b8c318ca46183c699ada91b
CRVIC241904,main.jpg,final-main,product-shots/CRVIC241904/main.jpg,1200,1200,RGB,False,1.0,1.0,pass,644e36cfc1c5db3cc755dbaf78124ebb9c91d731fbb852e5ea680b3f3a31d1b2
CRVIC241905,main.jpg,final-main,product-shots/CRVIC241905/main.jpg,1200,1200,RGB,False,1.0,1.0,pass,9aea6109f687f8c45d745d362605300b0889d327260ac77954b05550dfecaa75
CRVIC241916,main.jpg,final-main,product-shots/CRVIC241916/main.jpg,1200,1200,RGB,False,1.0,1.0,pass,776ae702c3f943a01fc565ddcf302a1d9c968ad618a9a4037395a90cce09a208
CRVIC241918,main.jpg,final-main,product-shots/CRVIC241918/main.jpg,1200,1200,RGB,False,1.0,1.0,pass,be3aa655a1aa641fd60d4becaaf10ff695549e53f9c163039d6345c280d7c883
CRVIC241928,main.jpg,final-main,product-shots/CRVIC241928/main.jpg,1200,1200,RGB,False,1.0,1.0,pass,aff3d06a49937049dc492b830b2d6f7fd6382e7c1f9b324412d6b89d9970fb3c
CRVIC241930,main.jpg,final-main,product-shots/CRVIC241930/main.jpg,1200,1200,RGB,False,1.0,1.0,pass,0bc206a613788555fb5724672b195670f250d5642cba6498c0559c04bbfba7f4
CRVIC241934,main.jpg,final-main,product-shots/CRVIC241934/main.jpg,1200,1200,RGB,False,1.0,1.0,pass,ecf5852d125ec9379bee93a007c43fef369d22c2445eb60e49f46d1a69e1b00d
CRVIC241946,main.jpg,final-main,product-shots/CRVIC241946/main.jpg,1200,1200,RGB,False,1.0,1.0,pass,b5a54e96cda9b3be7e531d0ee3823b8d77044afdf20cdd010581ac9f52426f64
CRVIC241978,main.jpg,final-main,product-shots/CRVIC241978/main.jpg,1200,1200,RGB,False,1.0,1.0,pass,c2ee23b12a2d27463fb24959dc6dc9a87b6602bd2127475426bc7e28e5507ea5
CRVIC241991,main.jpg,final-main,product-shots/CRVIC241991/main.jpg,1200,1200,RGB,False,1.0,1.0,pass,b833819501b65e88863039846019bd572e951ce6cf716674932d2a56ede6aee5
CRVIC242007,main.jpg,final-main,product-shots/CRVIC242007/main.jpg,1200,1200,RGB,False,1.0,1.0,pass,6bc8a1b720254fdb3550e387d8439c01d3894c3bddcea440d58cd28785f3c930
CRVIC242009,main.jpg,final-main,product-shots/CRVIC242009/main.jpg,1200,1200,RGB,False,1.0,1.0,pass,2108dd1c295669df3ab7fc0cf2f6813a89bcd7408f9b7c20cf7b1a2a8077d1ca
CRVIC242014,main.jpg,final-main,product-shots/CRVIC242014/main.jpg,1200,1200,RGB,False,1.0,1.0,pass,395e2a4fa652c40f8bac549155fac75b57361247603f56e01b5103a6c2daccaa
CRVIC242040,main.jpg,final-main,product-shots/CRVIC242040/main.jpg,1200,1200,RGB,False,1.0,1.0,pass,aa87beb338671a8408dc16826ea7de354050889b103c10ccb4d9e1ca7a3f2901
CRVIC242047,main.jpg,final-main,product-shots/CRVIC242047/main.jpg,1200,1200,RGB,False,1.0,1.0,pass,601cb064b6e8ff63c4510ca025a49cd11d2e5a9e393f599b999fbf03998ecce5
CRW-218HD-3AV,main.jpg,final-main,product-shots/CRW-218HD-3AV/main.jpg,1200,1200,RGB,False,1.0,1.0,pass,ce4e6fdde9a9966d345425e40347d7fa5d3f9347146111ef676e3f263699fee5
CRWAZ1112.BA0875,main.jpg,final-main,product-shots/CRWAZ1112.BA0875/main.jpg,1200,1200,RGB,False,1.0,1.0,pass,29f827b7620ab42690f689d4dbba54353e54088618230ab2cc7e9917c15902e9
CRWAZ2011.BA0843,main.jpg,final-main,product-shots/CRWAZ2011.BA0843/main.jpg,1200,1200,RGB,False,1.0,1.0,pass,edb7d92efe467f3ee0e5b58a94fab5d62951ebe3d706254dd9fbd1359b70bb3d
CRWBN2012.BA0640,main.jpg,final-main,product-shots/CRWBN2012.BA0640/main.jpg,1200,1200,RGB,False,1.0,1.0,pass,1700f3561fee9663855b50751b6159d448a0ac65540230645df1dfcf9a609196
CRWBN2113.BA0639,main.jpg,final-main,product-shots/CRWBN2113.BA0639/main.jpg,1200,1200,RGB,False,1.0,1.0,pass,f1f39b4437785b48cd6a8546eb97453a8b8e29fd101c27a3490d5485d528e9f3
CRWBN2316.BA0001,main.jpg,final-main,product-shots/CRWBN2316.BA0001/main.jpg,1200,1200,RGB,False,1.0,1.0,pass,886fe1269374bdad42855b706cc241993f014f40e9a3ca84f737777d9e292c34
CRWBP201C.BA0632,main.jpg,final-main,product-shots/CRWBP201C.BA0632/main.jpg,1200,1200,RGB,False,1.0,1.0,pass,3857680cc1d45b67d8ae27f023894f723dae961b999d7fd0714b56b39eaa006c
CRWBP208B.BF0631,main.jpg,final-main,product-shots/CRWBP208B.BF0631/main.jpg,1200,1200,RGB,False,1.0,1.0,pass,07d85dbd60700876c2c73a8eb3cc1f50a4ed0cafc94216ea85260cb2ed5e4e17
CRXA.6442.H,main.jpg,final-main,product-shots/CRXA.6442.H/main.jpg,1200,1200,RGB,False,1.0,1.0,pass,23e6fd214de629cda5f9a6264bff5b7831ec1c70200573e82e2af28e0c642af6
CRXA.9521,main.jpg,final-main,product-shots/CRXA.9521/main.jpg,1200,1200,RGB,False,1.0,1.0,pass,bc89c6f2ad0768b9da47862eccb0ba0d780db5a04b17fe649c301b283eff4650
CRXB.3717,main.jpg,final-main,product-shots/CRXB.3717/main.jpg,1200,1200,RGB,False,1.0,1.0,pass,e4856d0c964fe0ed76107373d4fabd033c026cd5c1cd809c01a3467e71b8deed
CRXL.1961,main.jpg,final-main,product-shots/CRXL.1961/main.jpg,1200,1200,RGB,False,1.0,1.0,pass,34e998823c68cbed056d6a949b2613b496957717935d578aaddb48bf3774d3d5
CRXL.1971.SET,main.jpg,final-main,product-shots/CRXL.1971.SET/main.jpg,1200,1200,RGB,False,1.0,1.0,pass,bb95652711c35e23fc6e90b1713170f94bab6a232f5599d979e8f7f299894cff
CRXL.1977,main.jpg,final-main,product-shots/CRXL.1977/main.jpg,1200,1200,RGB,False,1.0,1.0,pass,c841cac734621d16f8ab8166cc9636a07825218a715694d80e7c486b5ed30c71
CRXS.0301.BO.L,main.jpg,final-main,product-shots/CRXS.0301.BO.L/main.jpg,1200,1200,RGB,False,1.0,1.0,pass,e39c46125d68732983366184cf0331c1706805c21e971914b3e429cf41436aa4
CRXS.0330,main.jpg,final-main,product-shots/CRXS.0330/main.jpg,1200,1200,RGB,False,1.0,1.0,pass,0d718f2ece9b50e60457632d3cfd3f51313e22faa069d86df70e15a2afcf2245
CRXS.0333,main.jpg,final-main,product-shots/CRXS.0333/main.jpg,1200,1200,RGB,False,1.0,1.0,pass,183039adb5ad26ea29ba5f1b56bc4fdc1ad138a558f300da73c94b623ed2b2ff
CRXS.0921,main.jpg,final-main,product-shots/CRXS.0921/main.jpg,1200,1200,RGB,False,1.0,1.0,pass,3a67cf845facb1678bc65aa6745a15a8f31ddfbf0640094dc36d54adf768b58a
CRXS.3001.H,main.jpg,final-main,product-shots/CRXS.3001.H/main.jpg,1200,1200,RGB,False,1.0,1.0,pass,3f0b7d9859a32beb87bb0b347755cab4b85d044ba96a8dc1b66779232c436a85
CRXS.3010.EVO.S,main.jpg,final-main,product-shots/CRXS.3010.EVO.S/main.jpg,1200,1200,RGB,False,1.0,1.0,pass,3d5048c5d79714b645a0147f041bf42a20211925bdd68a9703f284a4bbf19b47
CRXS.3013.EVO.S,main.jpg,final-main,product-shots/CRXS.3013.EVO.S/main.jpg,1200,1200,RGB,False,1.0,1.0,pass,2a0b7aba04d89e4fa387835ac9f1ebb73b435ee9519a9e7b6b327d5fba55e990
CRXS.3101,main.jpg,final-main,product-shots/CRXS.3101/main.jpg,1200,1200,RGB,False,1.0,1.0,pass,db4cb6a2562a9aad1c868c141d8164ba258ba9461bb022cd07d7237230c11f7d
CRXS.3101.H,main.jpg,final-main,product-shots/CRXS.3101.H/main.jpg,1200,1200,RGB,False,1.0,1.0,pass,88b28ed924776e5f177a9f47ffd48dc59ddf9e0d7a4f231e344a19964d6339d3
CRXS.3104,main.jpg,final-main,product-shots/CRXS.3104/main.jpg,1200,1200,RGB,False,1.0,1.0,pass,a637b9aa4f963ff3c7557de3f906f9b2f8196ba8d5a409a3800605c419a201b8
CRXS.3122,main.jpg,final-main,product-shots/CRXS.3122/main.jpg,1200,1200,RGB,False,1.0,1.0,pass,1081887babd9843d0e4264210b54ab2b281885f6c07af005e90ff75bf3c011ac
CRXS.3124M,main.jpg,final-main,product-shots/CRXS.3124M/main.jpg,1200,1200,RGB,False,1.0,1.0,pass,0e753415a968f1a0f5d8c583f9d814a9cb3636805a1db156947c9af2a36707fa
CRXS.3141,main.jpg,final-main,product-shots/CRXS.3141/main.jpg,1200,1200,RGB,False,1.0,1.0,pass,635e30e7f35041fdaac5ca1ecde094d6b1b96ac97af0d1e82ccabb90e31f7438
CRXS.3251.CB,main.jpg,final-main,product-shots/CRXS.3251.CB/main.jpg,1200,1200,RGB,False,1.0,1.0,pass,602181542d1a62eb2b5ec8ad701f1bdd3d99ad7f501d13cff71bc83b1bfac09c
CRXS.3253.CB,main.jpg,final-main,product-shots/CRXS.3253.CB/main.jpg,1200,1200,RGB,False,1.0,1.0,pass,38d357dd9026724b9a4047fdb55a5b0241411f934a43c48d638ab05634b61225
CRXS.3581,main.jpg,final-main,product-shots/CRXS.3581/main.jpg,1200,1200,RGB,False,1.0,1.0,pass,0a18e91c876aaea4a5596b8f36424779540d84a234fac79c9db924e8f7e776aa
CRXS.3581.BO,main.jpg,final-main,product-shots/CRXS.3581.BO/main.jpg,1200,1200,RGB,False,1.0,1.0,pass,77f4c3db7416fe118c0a16a1646638ad1ce4716e04ea6782cba7d24c894567d0
CRXS.3590.NSF.SET,main.jpg,final-main,product-shots/CRXS.3590.NSF.SET/main.jpg,1200,1200,RGB,False,1.0,1.0,pass,a81aef5ea77234fe0acd6daab1fbc13d71f747ca8bed9a8719df64b778038c21
CRXS.3601.BO.NSF,main.jpg,final-main,product-shots/CRXS.3601.BO.NSF/main.jpg,1200,1200,RGB,False,1.0,1.0,pass,2cf1477226531e53baf62ff210d8825bcce1746c91b696cdb72ae0c7403cba27
CRXS.3862,main.jpg,final-main,product-shots/CRXS.3862/main.jpg,1200,1200,RGB,False,1.0,1.0,pass,452bbeddf9d1b89f76d466ac3cae7a1ca6b5c586a665518b491e78ea1ebeb389
CRXS.3863,main.jpg,final-main,product-shots/CRXS.3863/main.jpg,1200,1200,RGB,False,1.0,1.0,pass,fd1dca17063e982c58ee791c3ade1dab7ca0fe0fb44a8b870d6d25def56a99a3
CRXS.3875,main.jpg,final-main,product-shots/CRXS.3875/main.jpg,1200,1200,RGB,False,1.0,1.0,pass,ac1fd068d83ea28fe53318301ad019aa6a2429496101b2d7beea1b155b0a773d
CRZ76802,main.jpg,final-main,product-shots/CRZ76802/main.jpg,1200,1200,RGB,False,1.0,1.0,pass,d043b9e1777709371488e1c1e432ace20468eb72d295e8a604867ab3a81885be
CRZ76901,main.jpg,final-main,product-shots/CRZ76901/main.jpg,1200,1200,RGB,False,1.0,1.0,pass,42298d5071df63e61265aa75adf1e3b9954fcc9520a3c4c88cf69b3f7640bb9c
E4971850565895,main.jpg,final-main,product-shots/E4971850565895/main.jpg,1200,1200,RGB,False,1.0,1.0,pass,f76387c1a5b9bf735de7659d584777197646235e1c5252486df883e9a3a8bbcb
E4971850742333,main.jpg,final-main,product-shots/E4971850742333/main.jpg,1200,1200,RGB,False,1.0,1.0,pass,9517b22fb7cc434213abbf13d5604273699c5604e639b76a43177cce2a995e0c
E4971850798682,angle-1.jpg,secondary-gallery,product-shots/E4971850798682/angle-1.jpg,1024,1024,RGB,False,0.96875,1.0,pass,c93ef0e9b73e76cf948e7ada3783b4489be917d68a64cab503526cb6b8762216
E4971850798682,angle-2.jpg,secondary-gallery,product-shots/E4971850798682/angle-2.jpg,1024,1024,RGB,False,0.984375,1.0,pass,91b1883f6a3f6d068125ae58a1943a235f2fb62fd0093c46d9e054385ab8d8a6
E4971850798682,angle-3.jpg,secondary-gallery,product-shots/E4971850798682/angle-3.jpg,1024,1024,RGB,False,1.0,1.0,pass,09ebdc9f3269d787bd056bac531ec8aa072dbefeb261a95b2a35eded4106d154
E4971850798682,angle-4.jpg,secondary-gallery,product-shots/E4971850798682/angle-4.jpg,1024,1024,RGB,False,1.0,1.0,pass,09ebdc9f3269d787bd056bac531ec8aa072dbefeb261a95b2a35eded4106d154
E4971850798682,main.jpg,final-main,product-shots/E4971850798682/main.jpg,1200,1200,RGB,False,1.0,1.0,pass,946e7b1b5e3af0ba9863d79330a74a1bde1f0311d6c1c3a3c0a61010f3b12769
E4971850906506,main.jpg,final-main,product-shots/E4971850906506/main.jpg,1200,1200,RGB,False,1.0,1.0,pass,177c1ac3d1f82b03743596a56182ac4a793f78a0b12c2871b366269d87143353
E4971850906537,main.jpg,final-main,product-shots/E4971850906537/main.jpg,1200,1200,RGB,False,1.0,1.0,pass,6eb3a33b2e45c1304f870402c00a5d09be1287cb0d2a4668ade6d195ded37dcf
E4971850930778,main.jpg,final-main,product-shots/E4971850930778/main.jpg,1200,1200,RGB,False,1.0,1.0,pass,6bda5a3954a649b8da20fce91f8d69ae7d8d26dd2a2bcf65f19ae8f25e627365
E4971850965138,main.jpg,final-main,product-shots/E4971850965138/main.jpg,1200,1200,RGB,False,1.0,1.0,pass,43a4433e85d6c5d4ede7b78e750566b6e4fc71e25f917617035c5e6326c8d78b
E4971850965169,main.jpg,final-main,product-shots/E4971850965169/main.jpg,1200,1200,RGB,False,1.0,1.0,pass,843ff82caec8866c99c67d0ebf267aaadb5c90d24ee4fb3cc26992f3223f5978
E79767246280,angle-1.jpg,secondary-gallery,product-shots/E79767246280/angle-1.jpg,1024,1024,RGB,False,1.0,1.0,pass,fb8c8eaa57a886aab27a7f35f3f1c8bf1159dd9655b2d66270174310944b080d
E79767246280,angle-2.jpg,secondary-gallery,product-shots/E79767246280/angle-2.jpg,1024,1024,RGB,False,0.984375,1.0,pass,af2f0c2877615d9e8ae4b22f9b819c1cc4161c57cfc747adda081467cf4ceedb
E79767246280,angle-3.jpg,secondary-gallery,product-shots/E79767246280/angle-3.jpg,1024,1024,RGB,False,1.0,1.0,pass,d5e096b90a863882d558c0743d676e00dbef55d3bfda8eac7d6b548480f0f267
E79767246280,angle-4.jpg,secondary-gallery,product-shots/E79767246280/angle-4.jpg,1024,1024,RGB,False,0.996094,1.0,pass,fdd77b1baddb22331ac651ef9c4e3a1ee09a20d93e089f8823bd3badab8864ee
E79767246280,main.jpg,final-main,product-shots/E79767246280/main.jpg,1200,1200,RGB,False,1.0,1.0,pass,7e7d4a4229bafc676f98eff4f3313329590a71db14ddb09375c74a8f91d78d1e
E79767246402,main.jpg,final-main,product-shots/E79767246402/main.jpg,1200,1200,RGB,False,1.0,1.0,pass,d8c8fe66681fa6284826c084172629da7e8941309fe3220d689d44b32c1ffb95
E79767433994,angle-1.jpg,secondary-gallery,product-shots/E79767433994/angle-1.jpg,1024,1024,RGB,False,1.0,1.0,pass,307a28d9c342a7384ead727debaaec45febd56c3e8c9430b2f92b679bb9f5591
E79767433994,angle-3.jpg,secondary-gallery,product-shots/E79767433994/angle-3.jpg,1024,1024,RGB,False,1.0,1.0,pass,b72933db990c3d904bedc5c2c07eeef0757925cdc3c9cf6627a59e361b4c69d0
E79767433994,main.jpg,final-main,product-shots/E79767433994/main.jpg,1200,1200,RGB,False,1.0,1.0,pass,38b935ad5b3ce18b1d6e528db4ec46f325e80f820138f931909d29fc45bdb4f6
E79767442149,main.jpg,final-main,product-shots/E79767442149/main.jpg,1200,1200,RGB,False,1.0,1.0,pass,563402e86f8011aa984dfc8ec89f88b4b2d7162d3757864ef76b97f33f9a341c
E79767541255,main.jpg,final-main,product-shots/E79767541255/main.jpg,1200,1200,RGB,False,1.0,1.0,pass,df27687245daf8a3b95cf20621183c1818e6c76338a4d9d9d8084c0005b7896c
E79767542085,angle-1.jpg,secondary-gallery,product-shots/E79767542085/angle-1.jpg,1024,1024,RGB,False,1.0,1.0,pass,20315ee7c9981f087ce0c535fe54e959dc1bb4fa7337818d47a6ad9e2f29c20b
E79767542085,angle-3.jpg,secondary-gallery,product-shots/E79767542085/angle-3.jpg,1024,1024,RGB,False,1.0,1.0,pass,953aea0182c3694bc247452fcc908b3d3f5498d7c54933a18cbaf56ffeb38936
E79767542085,main.jpg,final-main,product-shots/E79767542085/main.jpg,1200,1200,RGB,False,1.0,1.0,pass,d871eed587e6e21d01d1024935ee6870ab2c478714d3ff6810201c3d5da50c89
E79767759384,main.jpg,final-main,product-shots/E79767759384/main.jpg,1200,1200,RGB,False,1.0,1.0,pass,0e45991f9b8ec71c28de901677a8f47e64775b087b7546a161b07d8c90d9690c
E79767766085,main.jpg,final-main,product-shots/E79767766085/main.jpg,1200,1200,RGB,False,1.0,1.0,pass,f5670bd0899c455265d49bac90744e54a0ce30921e082c7971002ff41b17793f
E79767927295,main.jpg,final-main,product-shots/E79767927295/main.jpg,1200,1200,RGB,False,1.0,1.0,pass,028544688e1d4f1e0bbde882d5f69943c0cbcfe204f2e33781c6332c24108f86
E79767944391,main.jpg,final-main,product-shots/E79767944391/main.jpg,1200,1200,RGB,False,1.0,1.0,pass,36a675a849c8097b8bde3e0ff9e0c9bec34d0af4439f13045b15544af395586d
E79767949082,angle-1.jpg,secondary-gallery,product-shots/E79767949082/angle-1.jpg,1024,1024,RGB,False,1.0,1.0,pass,fb8c8eaa57a886aab27a7f35f3f1c8bf1159dd9655b2d66270174310944b080d
E79767949082,angle-2.jpg,secondary-gallery,product-shots/E79767949082/angle-2.jpg,1024,1024,RGB,False,0.984375,1.0,pass,af2f0c2877615d9e8ae4b22f9b819c1cc4161c57cfc747adda081467cf4ceedb
E79767949082,angle-3.jpg,secondary-gallery,product-shots/E79767949082/angle-3.jpg,1024,1024,RGB,False,1.0,1.0,pass,d5e096b90a863882d558c0743d676e00dbef55d3bfda8eac7d6b548480f0f267
E79767949082,angle-4.jpg,secondary-gallery,product-shots/E79767949082/angle-4.jpg,1024,1024,RGB,False,0.996094,1.0,pass,fdd77b1baddb22331ac651ef9c4e3a1ee09a20d93e089f8823bd3badab8864ee
E79767949082,main.jpg,final-main,product-shots/E79767949082/main.jpg,1200,1200,RGB,False,1.0,1.0,pass,0a194644b88412e8b0eed51542984c6ae1bfb676aa5558b775022749cda14f94
E79767968724,main.jpg,final-main,product-shots/E79767968724/main.jpg,1200,1200,RGB,False,1.0,1.0,pass,dbfc9431389516b5d72cd3da86768776490b6b11ea84175bf3151abfee930e66
E79767968786,main.jpg,final-main,product-shots/E79767968786/main.jpg,1200,1200,RGB,False,1.0,1.0,pass,28eec765d92e2b75e20f85214ae9e05d45ab0d628461e70e8a4dab68a741cbc5
E889232102375,main.jpg,final-main,product-shots/E889232102375/main.jpg,1200,1200,RGB,False,1.0,1.0,pass,953309989e8597a83c88d8c255754ca6e8bb07e41a8ed55d53312933b53158c9
E889232112275,main.jpg,final-main,product-shots/E889232112275/main.jpg,1200,1200,RGB,False,1.0,1.0,pass,2ba99544c6c7847dc9d8a132843612eee1a51c489bc3a28e3b25d222966658d9
E889232140780,angle-1.jpg,secondary-gallery,product-shots/E889232140780/angle-1.jpg,1024,1024,RGB,False,1.0,1.0,pass,10b946b6f23ce8b6c563918c2725e943b89aa66a47c42c8b7b636ed71ac417d7
E889232140780,angle-2.jpg,secondary-gallery,product-shots/E889232140780/angle-2.jpg,1024,1024,RGB,False,1.0,1.0,pass,19950d625de30dc92e58b8554f76c0b927d36d7f0b66f16f3e30e7022214b246
E889232140780,angle-3.jpg,secondary-gallery,product-shots/E889232140780/angle-3.jpg,1024,1024,RGB,False,1.0,1.0,pass,60bb9954d7f60b06441a7dfbd3760f1a9acd3e143d34a09a29519b5fbfaa96d7
E889232140780,main.jpg,final-main,product-shots/E889232140780/main.jpg,1200,1200,RGB,False,1.0,1.0,pass,d8dc308a401ae122da5aa3ed7123a4090f78b63eeba375c5d6e392e01107a467
E889232140810,angle-1.jpg,secondary-gallery,product-shots/E889232140810/angle-1.jpg,1024,1024,RGB,False,1.0,1.0,pass,56ab0d7db1480b3b29e4a8f2aacf72d0218da538cbfd2a161722234d48702a45
E889232140810,angle-2.jpg,secondary-gallery,product-shots/E889232140810/angle-2.jpg,1024,1024,RGB,False,1.0,1.0,pass,ecafe596bbccf8ae7bb8471abe4c95f68522b659a46563729886b5506554db4a
E889232140810,angle-3.jpg,secondary-gallery,product-shots/E889232140810/angle-3.jpg,1024,1024,RGB,False,1.0,1.0,pass,979ec6f2879ca002b1318a72668032699044f68bfff377727f473ebd83c3ec3c
E889232140810,main.jpg,final-main,product-shots/E889232140810/main.jpg,1200,1200,RGB,False,1.0,1.0,pass,36b4ab031f9c1b44a18e507a47e96e9f596476446456faa74bae11c3367f7293
E889232187525,angle-1.jpg,secondary-gallery,product-shots/E889232187525/angle-1.jpg,1024,1024,RGB,False,1.0,1.0,pass,7f36deccf5153a86e7a5101c9731ba1ccb40f63c756118abb7ad99f2b0fe9145
E889232187525,angle-2.jpg,secondary-gallery,product-shots/E889232187525/angle-2.jpg,1024,1024,RGB,False,1.0,1.0,pass,13b92d7ff7d1a0a5ac565616a08374a69292480fc5dab6f9bf5ca7f32aca0e0e
E889232187525,main.jpg,final-main,product-shots/E889232187525/main.jpg,1200,1200,RGB,False,1.0,1.0,pass,9d62df41c0487742b000e86bc54e1187ac027e299f6071d9a6d9ec4bff330a88
E889232187587,angle-2.jpg,secondary-gallery,product-shots/E889232187587/angle-2.jpg,1024,1024,RGB,False,0.984375,1.0,pass,03b87288ddef139f645384a8ba92c9185519787aa97e305d9eac2a55512807d2
E889232187587,angle-3.jpg,secondary-gallery,product-shots/E889232187587/angle-3.jpg,1024,1024,RGB,False,1.0,1.0,pass,48b95f5b02b6535d34a8d5948bc48a3e44596123a59976643533bf3823998009
E889232187587,angle-4.jpg,secondary-gallery,product-shots/E889232187587/angle-4.jpg,1024,1024,RGB,False,1.0,1.0,pass,90f599ade36ee1f660d14cf1df75dd57070db4380a35271015c80942a68456c8
E889232187587,main.jpg,final-main,product-shots/E889232187587/main.jpg,1200,1200,RGB,False,1.0,1.0,pass,37f9a307d551cab2d35de1d9179cb88da8553fb4c06c2bd647b7fa1c13a64090
E889232192727,angle-1.jpg,secondary-gallery,product-shots/E889232192727/angle-1.jpg,1024,1024,RGB,False,1.0,1.0,pass,62a46a8b5279a4ab54323fdb3de832775f516921f975e4eadc896d3fd212fde3
E889232192727,angle-2.jpg,secondary-gallery,product-shots/E889232192727/angle-2.jpg,1024,1024,RGB,False,1.0,1.0,pass,86aca3738447e4a5ad1386a4cb1c76d81d4657bf8f6ecd73c3d3ee89404e68ce
E889232192727,angle-3.jpg,secondary-gallery,product-shots/E889232192727/angle-3.jpg,1024,1024,RGB,False,1.0,1.0,pass,dceba3115fa621ab39144f10a24bf5cb781db8b898d58a2de7475604c355d8a1
E889232192727,main.jpg,final-main,product-shots/E889232192727/main.jpg,1200,1200,RGB,False,1.0,1.0,pass,58307e2f82a4b673dd762dd2a36e1a1bb6b83a7c59af66277321e7823001a5ec
E889232192789,main.jpg,final-main,product-shots/E889232192789/main.jpg,1200,1200,RGB,False,1.0,1.0,pass,a75d7ae2094bbfb328448146f9242a00551c77fa1c7850421205bab388f8c717
E889232192819,angle-1.jpg,secondary-gallery,product-shots/E889232192819/angle-1.jpg,1024,1024,RGB,False,1.0,1.0,pass,83864ffe1970323eb633388e8601b1858ba8bdd156fa98cf0186b135a5249def
E889232192819,angle-2.jpg,secondary-gallery,product-shots/E889232192819/angle-2.jpg,1024,1024,RGB,False,1.0,1.0,pass,c7bdbcd3e0edcb0d35bb9bcef80363d12748c325685d4567b8cc483adfdc148f
E889232192819,angle-3.jpg,secondary-gallery,product-shots/E889232192819/angle-3.jpg,1024,1024,RGB,False,1.0,1.0,pass,6964e5c4b0a5ea34db45426a651fd2f8afd84079cf0912af0265e647c5b4e94b
E889232192819,main.jpg,final-main,product-shots/E889232192819/main.jpg,1200,1200,RGB,False,1.0,1.0,pass,0ed2449e0cde01285c222d730dedc7d006e6d418aede8ed80f3006123537c9d0
E889232213002,main.jpg,final-main,product-shots/E889232213002/main.jpg,1200,1200,RGB,False,1.0,1.0,pass,e97ac742901f949e41d8e6c0d4c74b9bba1964ad5de204e59ab44a82a6d5d93e
E889232221786,main.jpg,final-main,product-shots/E889232221786/main.jpg,1200,1200,RGB,False,1.0,1.0,pass,86b53291880debf2ba1e33fbc3af8428f6d576e04cd214b99d03656e533c6ff2
E889232251257,main.jpg,final-main,product-shots/E889232251257/main.jpg,1200,1200,RGB,False,1.0,1.0,pass,4f6ccc7781d73616103364e03426468a727f447378b8515b06394232f3858db4
E889232261041,angle-1.jpg,secondary-gallery,product-shots/E889232261041/angle-1.jpg,1024,1024,RGB,False,0.75,1.0,pass,9dc925acd87f5ab97d8350ace3baab4371e9b29e1d6012ade70d528d923648ef
E889232261041,angle-2.jpg,secondary-gallery,product-shots/E889232261041/angle-2.jpg,1024,1024,RGB,False,1.0,1.0,pass,5a7d3178ddd96731fc02f95f83d572ea441375464100e7505be1556e3ca93e74
E889232261041,angle-3.jpg,secondary-gallery,product-shots/E889232261041/angle-3.jpg,1024,1024,RGB,False,1.0,1.0,pass,576470d1fe53e91da44e2f319a66ffb8fff5bbb1ece05a57428a402bbba475ef
E889232261041,angle-4.jpg,secondary-gallery,product-shots/E889232261041/angle-4.jpg,1024,1024,RGB,False,1.0,1.0,pass,8d9c3ac20f0b6eb97143ce26357c2d01cad9a95a93db6445b78bfd17873dcbfa
E889232261041,main.jpg,final-main,product-shots/E889232261041/main.jpg,1200,1200,RGB,False,1.0,1.0,pass,60d613d08783aa75d05822b04011bbf9191bb72eef3951a2ad21443ab1657a92
E889232261072,angle-1.jpg,secondary-gallery,product-shots/E889232261072/angle-1.jpg,1024,1024,RGB,False,0.75,1.0,pass,1ba968f860961ef5a09f6dc6876a96ddbbc0935dc79beda5c16c906cd0319b9e
E889232261072,angle-2.jpg,secondary-gallery,product-shots/E889232261072/angle-2.jpg,1024,1024,RGB,False,0.75,1.0,pass,822c6add197e2fc214ba1c84c6ac4fb26b7b3aceb754ca9d8bdbd7df86c4fab6
E889232261072,angle-3.jpg,secondary-gallery,product-shots/E889232261072/angle-3.jpg,1024,1024,RGB,False,0.75,1.0,pass,795a4f642512c16dbfe78bd16234fc7c6b710abdea1e3b8ebeeb595fc4c8b0d0
E889232261072,angle-4.jpg,secondary-gallery,product-shots/E889232261072/angle-4.jpg,1024,1024,RGB,False,0.75,1.0,pass,8d3e3f90945f9965d38b4485b5f99ee174df08bac03a78acad290363157e5380
E889232261072,main.jpg,final-main,product-shots/E889232261072/main.jpg,1200,1200,RGB,False,1.0,1.0,pass,69e8551e74561898857524d03a7d835a3e89bec7cf43c3eef61bc2515a63f854
E889232261102,angle-1.jpg,secondary-gallery,product-shots/E889232261102/angle-1.jpg,1024,1024,RGB,False,1.0,1.0,pass,fda72fc447347963979e8039b1088d2c5341bbe91b9e21d6a0840099424af8a6
E889232261102,angle-2.jpg,secondary-gallery,product-shots/E889232261102/angle-2.jpg,1024,1024,RGB,False,0.5,1.0,pass,0b9bb3af44effe655ae6e1840c547ba417142bd0d3dfa462fa63890999b221f2
E889232261102,angle-3.jpg,secondary-gallery,product-shots/E889232261102/angle-3.jpg,1024,1024,RGB,False,0.5,1.0,pass,0551c6f6708609a6064c9054c882a319f830236f3cd1f808ced48058ed119e78
E889232261102,main.jpg,final-main,product-shots/E889232261102/main.jpg,1200,1200,RGB,False,1.0,1.0,pass,bfeac9a309872e24e759221d87f41e01f2a080f9356506734293c6571a497ff4
E889232267838,angle-1.jpg,secondary-gallery,product-shots/E889232267838/angle-1.jpg,813,1477,RGB,False,1.0,1.0,pass,aaf469fb235e62867a3efd6efe66aba1f902aeaf879e3f35d535c904f94da3cb
E889232267838,angle-2.jpg,secondary-gallery,product-shots/E889232267838/angle-2.jpg,440,799,RGB,False,1.0,1.0,pass,bb84163efecf334aa5bad181f637b7c5f09e3022a20c06a2cd5102795bedfcc3
E889232267838,main.jpg,final-main,product-shots/E889232267838/main.jpg,1200,1200,RGB,False,1.0,1.0,pass,43636b4d11868f986aeb094944619d07f734a6947691dba70add35b54a12b674
E889232300764,main.jpg,final-main,product-shots/E889232300764/main.jpg,1200,1200,RGB,False,1.0,1.0,pass,c04305b2b654db971b9dc9e39b57a91dd23b1e9ff5bc2574e859e16ca8749d44
E889232317038,angle-2.jpg,secondary-gallery,product-shots/E889232317038/angle-2.jpg,1024,1024,RGB,False,1.0,1.0,pass,8b72bcf61f75b648d29701296b7a7ebfad1a4f799736de7cc04df987b45cdc13
E889232317038,angle-3.jpg,secondary-gallery,product-shots/E889232317038/angle-3.jpg,1024,1024,RGB,False,1.0,1.0,pass,3f4a84d7cc16ea976d5e9a78b9ecce427b1491d5afb5f5fe0441323263a50396
E889232317038,main.jpg,final-main,product-shots/E889232317038/main.jpg,1200,1200,RGB,False,1.0,1.0,pass,275586697a66075e50d3c2dbab72a87aceb059c93dd2439d3b2f2d748abc7f73
E889232317731,main.jpg,final-main,product-shots/E889232317731/main.jpg,1200,1200,RGB,False,1.0,1.0,pass,35e4ea115048f38760ca3ede46bfeae7ed3bb9998b30ac7ff3d6f7cc9ea72a71
E889232341873,main.jpg,final-main,product-shots/E889232341873/main.jpg,1200,1200,RGB,False,1.0,1.0,pass,71295a93cdfa633b9fb7e657bcc3aa275bb5334d752376baf5f8050f41dffd6b
E889232341903,main.jpg,final-main,product-shots/E889232341903/main.jpg,1200,1200,RGB,False,1.0,1.0,pass,2d61c157f21644fe25718f261e2556835d88448e4c94d7438f2b6fceca74cb7e
E889232368535,main.jpg,final-main,product-shots/E889232368535/main.jpg,1200,1200,RGB,False,1.0,1.0,pass,8fd848459466477e195ee8a5cbf4c02552556fceca8f01a7c7930a282b0ed207
E889232373201,main.jpg,final-main,product-shots/E889232373201/main.jpg,1200,1200,RGB,False,1.0,1.0,pass,6e283ae08d5176299c15e659fddc6e02eabcae84b9ad2b0d4bdd972dacad130c
E889232373232,main.jpg,final-main,product-shots/E889232373232/main.jpg,1200,1200,RGB,False,1.0,1.0,pass,7b8cbdba3dd15bf090d1fb25532ccbcaa398d5b8b4844cef03a168e264382bb6
E889232374659,main.jpg,final-main,product-shots/E889232374659/main.jpg,1200,1200,RGB,False,1.0,1.0,pass,8678c1bdecc97bfa9d2b100af282fdc085ac79090f964a2191ee6c8595ddeec2
E889232376592,main.jpg,final-main,product-shots/E889232376592/main.jpg,1200,1200,RGB,False,1.0,1.0,pass,c51c486920d67a07e055c15b4f002f77f5a716492a5a5c65ef8da95bc1deff8d
E889232382319,main.jpg,final-main,product-shots/E889232382319/main.jpg,1200,1200,RGB,False,1.0,1.0,pass,42a5bc26c5293063b9d295af2ebb5dbc15607a38a5e09872f9b9aba3cd256034
E889232382340,main.jpg,final-main,product-shots/E889232382340/main.jpg,1200,1200,RGB,False,1.0,1.0,pass,410f0938baaab9fc4f818fcc634d50971b22b8424f6a31385352a15f5679064c
EAA-158WA-1,main.jpg,final-main,product-shots/EAA-158WA-1/main.jpg,1200,1200,RGB,False,1.0,1.0,pass,3c8a220a6c1288b344190d6784943e91154f460d1ad59171f7164d1900c12107
EAA-158WEA-9,main.jpg,final-main,product-shots/EAA-158WEA-9/main.jpg,1200,1200,RGB,False,1.0,1.0,pass,e265ba4cd6a24d24d6e780c5cabdb43431b5117786b6dda4c64b18ed3a6433c4
EAA-159WA-N1,main.jpg,final-main,product-shots/EAA-159WA-N1/main.jpg,1200,1200,RGB,False,1.0,1.0,pass,c829da1be56ebabad44f01ba39454aa52a80e57b93d9ce8969e3d85473564e3c
EAA-168WA-1,main.jpg,final-main,product-shots/EAA-168WA-1/main.jpg,1200,1200,RGB,False,1.0,1.0,pass,0e6dce735b5e20c0630562f9ccfc899dd5cd55d5e493b2eb466c35f1bbd2ac83
EAA-168WG-9,main.jpg,final-main,product-shots/EAA-168WG-9/main.jpg,1200,1200,RGB,False,1.0,1.0,pass,993eec1496e5fab24de9a7e67219cdf9b2830ceb9c6be0ce1806da51810bcfb2
EAA-171WE-1A,main.jpg,final-main,product-shots/EAA-171WE-1A/main.jpg,1200,1200,RGB,False,1.0,1.0,pass,a8549411340ba7d037c197242f967510653afb36e700867ea6466d2b4bae66e0
EAA-178WA-1A,main.jpg,final-main,product-shots/EAA-178WA-1A/main.jpg,1200,1200,RGB,False,1.0,1.0,pass,7d95f4fe88d2749122ce82b9b747d8e2c535f1c94f68746cac45384ac955fa49
EAA-178WGA-1A,main.jpg,final-main,product-shots/EAA-178WGA-1A/main.jpg,1200,1200,RGB,False,1.0,1.0,pass,90e19a65772573fd86e9246e77bb9598501155976a1f7e2e1271335884ede621
EAA-700WE-1A,main.jpg,final-main,product-shots/EAA-700WE-1A/main.jpg,1200,1200,RGB,False,1.0,1.0,pass,59dbd08a0b49c3cf4f4a29a0900167f84540b0d39e2b75a73d464c4b47b1dc2d
EAA500WGA-1D,main.jpg,final-main,product-shots/EAA500WGA-1D/main.jpg,1200,1200,RGB,False,1.0,1.0,pass,f153b161e6f59e1eac6a46a268a7f47c2eef2ba753688a58561118a373c93f45
EAAE-1000W-1A3,main.jpg,final-main,product-shots/EAAE-1000W-1A3/main.jpg,1200,1200,RGB,False,1.0,1.0,pass,f6b5b014d840c809d19ed627d0ed7bbee08dc72e5d9acdd053374121d24af75d
EAAE-1000W-2AV,main.jpg,final-main,product-shots/EAAE-1000W-2AV/main.jpg,1200,1200,RGB,False,1.0,1.0,pass,78a32ef2e54488f6b8f85f50107d031b0f022df8a449f1fb272cf18e8064e294
EAAE-1000W-3AV,main.jpg,final-main,product-shots/EAAE-1000W-3AV/main.jpg,1200,1200,RGB,False,1.0,1.0,pass,fa15f3a45668706ae382f02a5145ba9644d738ed50e021efc684de7b9c92cadc
EAAE-1000W-4BV,main.jpg,final-main,product-shots/EAAE-1000W-4BV/main.jpg,1200,1200,RGB,False,1.0,1.0,pass,0de9f5d38442c26bb6457406d35e25d979b979ffd452a2df1978f82cab7b9d38
EAAE-1000WD-1A,main.jpg,final-main,product-shots/EAAE-1000WD-1A/main.jpg,1200,1200,RGB,False,1.0,1.0,pass,23ab898ac397276aa203209ea10c23564267b5505c22bef438af42fa35060218
EAAE-1200WH-1A,main.jpg,final-main,product-shots/EAAE-1200WH-1A/main.jpg,1200,1200,RGB,False,1.0,1.0,pass,88656ece2549558725648a2ae7acfd9b55e9f2f6a5ceb3c0355bef98b4d6366b
EAAE-1200WHD-1A,main.jpg,final-main,product-shots/EAAE-1200WHD-1A/main.jpg,1200,1200,RGB,False,1.0,1.0,pass,14151e6409bce9fc8c714d0d2d9d74eb3537b98dccbf524bd26ce8c060fb75ca
EAAE-1300WH-8AV,main.jpg,final-main,product-shots/EAAE-1300WH-8AV/main.jpg,1200,1200,RGB,False,1.0,1.0,pass,b4ff7c3fac734433c1b1c0b26d8794f354840084ca0659368dfa595ccc5711e2
EAAE-1400WH-3A,main.jpg,final-main,product-shots/EAAE-1400WH-3A/main.jpg,1200,1200,RGB,False,1.0,1.0,pass,3b8fdb7ac0e3c07585d989c822c2d7a022d842e6b7f20d6bf07dc05547b392f3
EAAE-1500WH-1AV,main.jpg,final-main,product-shots/EAAE-1500WH-1AV/main.jpg,1200,1200,RGB,False,1.0,1.0,pass,6490657f3677ad0a3074190e599ce28783e0f749cc46b9bd77f2508f861e5f86
EAAE-1500WHC-1A,main.jpg,final-main,product-shots/EAAE-1500WHC-1A/main.jpg,1200,1200,RGB,False,1.0,1.0,pass,61b29640b9b47d8c90f261f7d3bd85d9c1cd6571ea70c106516f47a8dc18fdca
EAAE-1500WHX-1A,main.jpg,final-main,product-shots/EAAE-1500WHX-1A/main.jpg,1200,1200,RGB,False,1.0,1.0,pass,791c3be56aaf2e830786bf24b53da4be22077aa22c738084d03e0e9e4ceef7dd
EAAE-1600H-1A,main.jpg,final-main,product-shots/EAAE-1600H-1A/main.jpg,1200,1200,RGB,False,1.0,1.0,pass,23177a01866e39a524a35dc9c16f7f6d734d8b0bc8afe7760a4e4f8d1537d12a
EAAE-1700H-1A,main.jpg,final-main,product-shots/EAAE-1700H-1A/main.jpg,1200,1200,RGB,False,1.0,1.0,pass,5028fd2cd9dc022624459b6f852f48d6c45399eccf4593bfaf4095577d8d2d1a
EAAE-2000W-1AV,main.jpg,final-main,product-shots/EAAE-2000W-1AV/main.jpg,1200,1200,RGB,False,1.0,1.0,pass,1600f81d677b7613b86d103e47ec7c109aaf7a4477be285c3f62b49678e3d77b
EAAE-2000WD-1AV,main.jpg,final-main,product-shots/EAAE-2000WD-1AV/main.jpg,1200,1200,RGB,False,1.0,1.0,pass,c7bee379aa70bb1436c4306caacddb4771b574866f043e89c5ccd967cdd2e9a1
EAAEQ-100W-1AV,main.jpg,final-main,product-shots/EAAEQ-100W-1AV/main.jpg,1200,1200,RGB,False,1.0,1.0,pass,9a4f6e7b5c005426061d8468c74cca5b938ec9d77a877e464b658073cc717f46
EAAEQ-110W-1AV,main.jpg,final-main,product-shots/EAAEQ-110W-1AV/main.jpg,1200,1200,RGB,False,1.0,1.0,pass,4e795ae8f9b25273612dcaa939fca7969a4ca875481c52d2036899cc853c35e5
EAAEQ-110W-2AV,main.jpg,final-main,product-shots/EAAEQ-110W-2AV/main.jpg,1200,1200,RGB,False,1.0,1.0,pass,71f73e442c230a3fe194ae9ee91ca589a64b057e92831ec1df5ca788b5f05845
EAAEQ-120W-1A,main.jpg,final-main,product-shots/EAAEQ-120W-1A/main.jpg,1200,1200,RGB,False,1.0,1.0,pass,25ff031c228cc0eea729d2a00d995bd54e1d84315c035e84ccc0fe6357b76fe3
EAAQ-230A-1D,main.jpg,final-main,product-shots/EAAQ-230A-1D/main.jpg,1200,1200,RGB,False,1.0,1.0,pass,b62e873986e06c4b3125bd0d6a7d95859165389e604b2c5c2f50d670f548c9a7
EAAQ-230GA-9B,main.jpg,final-main,product-shots/EAAQ-230GA-9B/main.jpg,1200,1200,RGB,False,1.0,1.0,pass,54440c848e4a7a9e8cddb630720570f22c51c178ced629bf1e12d5c659fc38e9
EAAQ-S810W-1A4V,main.jpg,final-main,product-shots/EAAQ-S810W-1A4V/main.jpg,1200,1200,RGB,False,1.0,1.0,pass,91ebe6aa1f1d4c67b7202ed22b2d3c3ceac8efc10e6b221bd281baef41a3c957
EAAQ-S810WC-7BV,main.jpg,final-main,product-shots/EAAQ-S810WC-7BV/main.jpg,1200,1200,RGB,False,1.0,1.0,pass,39587e6bc8b7a5bdc42bea8985584f3d5b5749c52755732034089420cc81030b
EAAW-80-1AV,main.jpg,final-main,product-shots/EAAW-80-1AV/main.jpg,1200,1200,RGB,False,1.0,1.0,pass,71dc687e1ff18efd48c6254062732304b4a0a989ea9567154a6d4ebaf98a83f1
EAAW-80D-1AV,main.jpg,final-main,product-shots/EAAW-80D-1AV/main.jpg,1200,1200,RGB,False,1.0,1.0,pass,634f0459092e86108579b765e926b36d0d80dd7c67b2739aceca9456ffd823cf
EAAW-80V-5BV,main.jpg,final-main,product-shots/EAAW-80V-5BV/main.jpg,1200,1200,RGB,False,1.0,1.0,pass,c57b95f61d7e5a5bc00b269e75842d9ae80dbaddad09da413e698484a6e9ed70
EAAW-81D-2AV,main.jpg,final-main,product-shots/EAAW-81D-2AV/main.jpg,1200,1200,RGB,False,1.0,1.0,pass,1a3cf200a5b49d9fa3ce16a94c99bd03dff55f27eca87d48c167278ca84becb5
EAAW-90H-7B,main.jpg,final-main,product-shots/EAAW-90H-7B/main.jpg,1200,1200,RGB,False,1.0,1.0,pass,aaef833d1179216712ca49533e0598a757f494bedb2b5d6d924202e2e93cb19a
EAB640WC-5A,main.jpg,final-main,product-shots/EAB640WC-5A/main.jpg,1200,1200,RGB,False,1.0,1.0,pass,9d9286f2bbb206f8853d02859efb388175e5b8459bbe554bbcca5bdd3b155095
EAB640WD-1A,main.jpg,final-main,product-shots/EAB640WD-1A/main.jpg,1200,1200,RGB,False,1.0,1.0,pass,c2009da627a7c9e3de23e5e9e7048e9f5d11e84a8b2d80f2affed9484d48dd85
EAB650WD-1A,main.jpg,final-main,product-shots/EAB650WD-1A/main.jpg,1200,1200,RGB,False,1.0,1.0,pass,9e31a49eeea4c037ed44c5ffcfbed5f205607d8f5aafe9dc8227a34d2f80f1f0
EACA-53W-1,main.jpg,final-main,product-shots/EACA-53W-1/main.jpg,1200,1200,RGB,False,1.0,1.0,pass,de32c7d74483a5af6716e70fcdb97052f3cdcdb6675395ad5b5b0c9366aa1fe7
EACA-53WF-2B,main.jpg,final-main,product-shots/EACA-53WF-2B/main.jpg,1200,1200,RGB,False,1.0,1.0,pass,2b7d50c3e2d98ead90f74f790a9323d91018aa5d6229b003b0d756e2b23905fc
EADB-36-1AV,main.jpg,final-main,product-shots/EADB-36-1AV/main.jpg,1200,1200,RGB,False,1.0,1.0,pass,dccc765fe0c4cc9d91d65e30b463f26e639edd088ff81439d2d9509e0254055c
EADBC-32-1A,main.jpg,final-main,product-shots/EADBC-32-1A/main.jpg,1200,1200,RGB,False,1.0,1.0,pass,905093ee117da5a1cee0f6a60e3df0293574fc2097a60763e69d6d26356e904d
EADBC-32D-1A,main.jpg,final-main,product-shots/EADBC-32D-1A/main.jpg,1200,1200,RGB,False,1.0,1.0,pass,705661ac9b597fae0a26de3969a4f8f2ba845bfce0782edf66d2f42a10df74ee
EADW-291H-9A,main.jpg,final-main,product-shots/EADW-291H-9A/main.jpg,1200,1200,RGB,False,1.0,1.0,pass,292fe73f53ec88b0db09f889947577d3097bfeec15d2635cf8c02a1470005f54
EADW-291HX-1A,main.jpg,final-main,product-shots/EADW-291HX-1A/main.jpg,1200,1200,RGB,False,1.0,1.0,pass,0db52fa64f1e8874809f1ab94e94c37bb54180132488f7e7d40ab9fe6f322583
EAEF-305-1AV,main.jpg,final-main,product-shots/EAEF-305-1AV/main.jpg,1200,1200,RGB,False,1.0,1.0,pass,20a42e430b73a4952cb46558be164c3d936624b098954a939ba866b1886dc984
EAF-105W-1AV,main.jpg,final-main,product-shots/EAF-105W-1AV/main.jpg,1200,1200,RGB,False,1.0,1.0,pass,bd8c8e3970b8c65fab1bc69ac73bcd23db0d2d1566c90d5586eb43b5ec8b140c
EAF-201WA-1AV,main.jpg,final-main,product-shots/EAF-201WA-1AV/main.jpg,1200,1200,RGB,False,1.0,1.0,pass,aa8ea1c932d371fcb990925358e73b5e4ab95aef82cf98f8724a96b6f416716e
EAF-91W-1,main.jpg,final-main,product-shots/EAF-91W-1/main.jpg,1200,1200,RGB,False,1.0,1.0,pass,73da66d429c47efa4860185c68c56531fe9c951f4ee112bad288be14c23a6fc4
EAF-91W-3H,main.jpg,final-main,product-shots/EAF-91W-3H/main.jpg,1200,1200,RGB,False,1.0,1.0,pass,0144fa20ea9ae984c4b9451b3ac90ae899a6e6152cf911e755cebbde6e46bd01
EAF-91WG-9Q,main.jpg,final-main,product-shots/EAF-91WG-9Q/main.jpg,1200,1200,RGB,False,1.0,1.0,pass,e833107aff41464e509bdd281231c4821cff8641b21c83e2121af8a44e7fd89a
EAF-91WM-1B,main.jpg,final-main,product-shots/EAF-91WM-1B/main.jpg,1200,1200,RGB,False,1.0,1.0,pass,64f0cd92fb68280f79ae249e3863b9cdd6e9b8e249e956b91c02ee7a85f0f556
EAF-91WS-2C,main.jpg,final-main,product-shots/EAF-91WS-2C/main.jpg,1200,1200,RGB,False,1.0,1.0,pass,69575ed726efd29e0b733ba20cc5c127feb451241cbfe0218ab49e9bf31e1194
EAF-94WA-8,main.jpg,final-main,product-shots/EAF-94WA-8/main.jpg,1200,1200,RGB,False,1.0,1.0,pass,ea8d9ace497518d88b3c91c09056dab113885e93000c417422b53ba1a40f6877
EAFT-500WC-1BV,main.jpg,final-main,product-shots/EAFT-500WC-1BV/main.jpg,1200,1200,RGB,False,1.0,1.0,pass,5f8e75a67137e451eb993c60aae63619f04a60c89778aa5607fca9767482a0c8
EAFT-500WV-3BV,main.jpg,final-main,product-shots/EAFT-500WV-3BV/main.jpg,1200,1200,RGB,False,1.0,1.0,pass,64a92cc0791a22d5ff39bdb7775273c5001395fb882e88921b80645ae2d29473
EAHDA-600B-1BV,main.jpg,final-main,product-shots/EAHDA-600B-1BV/main.jpg,1200,1200,RGB,False,1.0,1.0,pass,06e1e55c591d058c49202f35500aaa480cfcdd75784797fc6320aaf9d04818c7
EAHDC-700-1A,main.jpg,final-main,product-shots/EAHDC-700-1A/main.jpg,1200,1200,RGB,False,1.0,1.0,pass,b2ee2d15fcbe423dd96527ac378d3e0d4c3745ffdac2e734e8c64d8ec392f158
EALA-11WB-1,main.jpg,final-main,product-shots/EALA-11WB-1/main.jpg,1200,1200,RGB,False,1.0,1.0,pass,2d96ca76a1a77718aa13a63c186da6cb6fb3ad8a6836628ccf8088d7bc460624
EALA-11WL-4A,main.jpg,final-main,product-shots/EALA-11WL-4A/main.jpg,1200,1200,RGB,False,1.0,1.0,pass,97e78ea8a9a0fc829e7714bd957745b2af2f7f9ae620afa6233b5f5f888f4a08
EALA-20WH-1A,main.jpg,final-main,product-shots/EALA-20WH-1A/main.jpg,1200,1200,RGB,False,1.0,1.0,pass,aa5ddf61a070f2cb86dc7296f1d5e840cab5b7394d60cf972a84c26fc4874960
EALA-670WA-1,main.jpg,final-main,product-shots/EALA-670WA-1/main.jpg,1200,1200,RGB,False,1.0,1.0,pass,e553ef06d174ccb7a1d7fd447f5fd4cb577f18a6f0a6b6a58e69f4d57008f8f9
EALA-670WG-1,main.jpg,final-main,product-shots/EALA-670WG-1/main.jpg,1200,1200,RGB,False,1.0,1.0,pass,4440dfe8ed7272c13f65e7604d36ec5b58b87df2806a6b9fe7595fbebf19a172
EALF-20W-1A,main.jpg,final-main,product-shots/EALF-20W-1A/main.jpg,1200,1200,RGB,False,1.0,1.0,pass,1306af8508990a03e535acd58d68ebdf2d10ce633c8f4d8497d747b1d05372ff
EALF-30W-1A,main.jpg,final-main,product-shots/EALF-30W-1A/main.jpg,1200,1200,RGB,False,1.0,1.0,pass,09c8a321e692f2d505b9f49a478d67b25a16028f64e5fe27c18d6362e8467df6
EALF-30W-2A,main.jpg,final-main,product-shots/EALF-30W-2A/main.jpg,1200,1200,RGB,False,1.0,1.0,pass,1b3fbd299501394514484a7ff4816544e598cbcc9bf23189cd9119058c8463ab
EALF20W-8A,main.jpg,final-main,product-shots/EALF20W-8A/main.jpg,1200,1200,RGB,False,1.0,1.0,pass,830edbc25fd7f2e3a2d8c94c1528a90dc1cc32723e4e947141caa48128dae681
EALQ-139A-1B3,main.jpg,final-main,product-shots/EALQ-139A-1B3/main.jpg,1200,1200,RGB,False,1.0,1.0,pass,f4acf97ab9d17c73b2b9f0fa5cdd2f7b38361e4037fdd8a8ddd821955699434f
EALQ-139B-1B,main.jpg,final-main,product-shots/EALQ-139B-1B/main.jpg,1200,1200,RGB,False,1.0,1.0,pass,6733be3d1186f8fe9154e2fdbee1c02474c4d83f6a816785ea28640bf28dffe0
EALQ-139E-7A,main.jpg,final-main,product-shots/EALQ-139E-7A/main.jpg,1200,1200,RGB,False,1.0,1.0,pass,f4740e237f55f053821b30c6be215d4cda6f112be4ef90ad063248932c0c47a0
EALQ-142E-1A,main.jpg,final-main,product-shots/EALQ-142E-1A/main.jpg,1200,1200,RGB,False,1.0,1.0,pass,03639c695f6692e489a44250d382d214cb2c788c6a29b63fab4df6e45d614a11
EALRW-200H-1BV,main.jpg,final-main,product-shots/EALRW-200H-1BV/main.jpg,1200,1200,RGB,False,1.0,1.0,pass,5204c5a9c4c521691dfdf96538fefced7b9ea2aadda06228811ef1b88d6c6718
EALRW-200H-4E3V,main.jpg,final-main,product-shots/EALRW-200H-4E3V/main.jpg,1200,1200,RGB,False,1.0,1.0,pass,d658ffcfb91280ccf72f0fad9c2f801b64389c57006f7608ae33f433db3775d0
EALRW-200HS-2E,main.jpg,final-main,product-shots/EALRW-200HS-2E/main.jpg,1200,1200,RGB,False,1.0,1.0,pass,fc8856b0c1b57f6bb68aa941acbb80cd0a57538a82bb720768ad396392401013
EALTP-1094E-1A,main.jpg,final-main,product-shots/EALTP-1094E-1A/main.jpg,1200,1200,RGB,False,1.0,1.0,pass,3c47cf3a0a798823e5bb0ba61ee278981d36e3cc20caa688e5496d3e3bf800d9
EALTP-1094Q-7B5,main.jpg,final-main,product-shots/EALTP-1094Q-7B5/main.jpg,1200,1200,RGB,False,1.0,1.0,pass,f26c2427ef8657437dbf57649710371cd718d82202fb9385c81bb8ea4177ca88
EALTP-1128A-7A,main.jpg,final-main,product-shots/EALTP-1128A-7A/main.jpg,1200,1200,RGB,False,1.0,1.0,pass,cc16852cc1de2a08bebeb1fba55a0083da757420a5bc9c2ade06f4d56937e515
EALTP-1129N-7A,main.jpg,final-main,product-shots/EALTP-1129N-7A/main.jpg,1200,1200,RGB,False,1.0,1.0,pass,afc661973d4c5cf81d4f82cfde8198c053bbab95ac99690060064b773e341050
EALTP-1165N-1C,main.jpg,final-main,product-shots/EALTP-1165N-1C/main.jpg,1200,1200,RGB,False,1.0,1.0,pass,4ba49891d934208d06e48957ab193150d2cfa7ede2cfd31c1895eed4fc66a2c4
EALTP-1170G-7A,main.jpg,final-main,product-shots/EALTP-1170G-7A/main.jpg,1200,1200,RGB,False,1.0,1.0,pass,4deee8fef647d3146193e4d83ade79d8ad5240a7a443426088844ecf75659eae
EALTP-1215A-1A,main.jpg,final-main,product-shots/EALTP-1215A-1A/main.jpg,1200,1200,RGB,False,1.0,1.0,pass,8da90c080e93023d7748d00d5f304c33dcdb26356657e59f3b1677ad62155467
EALTP-1241D-4A2,main.jpg,final-main,product-shots/EALTP-1241D-4A2/main.jpg,1200,1200,RGB,False,1.0,1.0,pass,ac83a65ea82bdec4a4a4120e80b7ae7e2b41f9b2f9f39d8fc3bc3825ef75aac8
EALTP-1275D-7B,main.jpg,final-main,product-shots/EALTP-1275D-7B/main.jpg,1200,1200,RGB,False,1.0,1.0,pass,a42ac65214e231d60387a4199bdce8dcc295c0c786f999d76a32edd75d8388a2
EALTP-1314D-1A,main.jpg,final-main,product-shots/EALTP-1314D-1A/main.jpg,1200,1200,RGB,False,1.0,1.0,pass,51b9968791d230b42a290e22d7d49d49dc30336a36df737ad954f0212ae575ac
EALTP-V001D-1B,main.jpg,final-main,product-shots/EALTP-V001D-1B/main.jpg,1200,1200,RGB,False,1.0,1.0,pass,601a48bc7a3bfd8e69e28c2b80afc7624810e0b40d3eefbe86d08cfd25dc398b
EALTP-V002D-1A,main.jpg,final-main,product-shots/EALTP-V002D-1A/main.jpg,1200,1200,RGB,False,1.0,1.0,pass,1a4706e0a9979709964e7eeb80814901decad1746d7ccd384890d2c0c843d8f9
EALTP-V002G-9A,main.jpg,final-main,product-shots/EALTP-V002G-9A/main.jpg,1200,1200,RGB,False,1.0,1.0,pass,da61e9fb3576ed11c55e382aeac4af1393950112d04687bec64f60eca023aaad
EALTP-V002L-7B,main.jpg,final-main,product-shots/EALTP-V002L-7B/main.jpg,1200,1200,RGB,False,1.0,1.0,pass,b9811b0ee71b3ecc97f8bce55f4fdca383ee3a797aa9c7ab10215f6ac53d38bf
EALTP-V004D-7B2,main.jpg,final-main,product-shots/EALTP-V004D-7B2/main.jpg,1200,1200,RGB,False,1.0,1.0,pass,a8fe4f91a1da33d60d5ae56184c1d1969ee8dce8533ea0bdac66d9a9a1e28f0e
EALTP-V004SG-9A,main.jpg,final-main,product-shots/EALTP-V004SG-9A/main.jpg,1200,1200,RGB,False,1.0,1.0,pass,901567d77aba8491e50acf4c7933fb175709c9fd86044d1f8eeb934bbc094870
EALTP-V005G-7A,main.jpg,final-main,product-shots/EALTP-V005G-7A/main.jpg,1200,1200,RGB,False,1.0,1.0,pass,2a652266eaeaabe0f0ef04673a28656e86503d25c289917f3fc8ef6cdfe2bc6b
EALTP-V005L-1B,main.jpg,final-main,product-shots/EALTP-V005L-1B/main.jpg,1200,1200,RGB,False,1.0,1.0,pass,b96749a583ce7bc592c38b2ec6cb7e810354f8e4b30e69bec88fd6b01a0c8c23
EALTP-V006G-9B,main.jpg,final-main,product-shots/EALTP-V006G-9B/main.jpg,1200,1200,RGB,False,1.0,1.0,pass,725f82ee7efa701aec3740395c5bcac12b8940efabb51747a0f64601176fe432
EALTP-V007D-1B,main.jpg,final-main,product-shots/EALTP-V007D-1B/main.jpg,1200,1200,RGB,False,1.0,1.0,pass,59ed1500f891efe03bf05225d74c800b8669c16904e27f6bddac6f4e480c0124
EALTP-V007L-1E,main.jpg,final-main,product-shots/EALTP-V007L-1E/main.jpg,1200,1200,RGB,False,1.0,1.0,pass,05048401679140ac1fbf9ccde4de933a2279064fe68f2068fffd5e7a6aa046dc
EALTP-V007SG-9E,main.jpg,final-main,product-shots/EALTP-V007SG-9E/main.jpg,1200,1200,RGB,False,1.0,1.0,pass,6201194878d7ef8a7f4ac5f947714783aae3004e26fcb48449ad8e280df7f3b1
EALTP-VT01G-2B,main.jpg,final-main,product-shots/EALTP-VT01G-2B/main.jpg,1200,1200,RGB,False,1.0,1.0,pass,6652b636be2b71e56fdd05f0789c4962b811eb47d8811db4370176c5e9fec39b
EALTP-VT01GL-9B2,main.jpg,final-main,product-shots/EALTP-VT01GL-9B2/main.jpg,1200,1200,RGB,False,1.0,1.0,pass,a79271e652879df1fe4a999e80b10468a70f2d9ddaa3bc7570bf303d6bb8e271
EALTP-VT01L-7B3,main.jpg,final-main,product-shots/EALTP-VT01L-7B3/main.jpg,1200,1200,RGB,False,1.0,1.0,pass,f2d71d3d53a566e6712126a7305f1c665f8795f790b7e15583583006b530c07e
EALW-204-1A,main.jpg,final-main,product-shots/EALW-204-1A/main.jpg,1200,1200,RGB,False,1.0,1.0,pass,8a843bcbdb2ef90867eaee70894756baa5fa48671836ab0671db9abd83353efc
EALW-204-1B,main.jpg,final-main,product-shots/EALW-204-1B/main.jpg,1200,1200,RGB,False,1.0,1.0,pass,93c0219c41517b5efa04ddb23bc1887c969f793d177beb7c741a9fa5b4df3d87
EALW-204-4A,main.jpg,final-main,product-shots/EALW-204-4A/main.jpg,1200,1200,RGB,False,1.0,1.0,pass,45605c3a7e0e959677462c83e2174da6e5a384e06d180018d84b07e6a63af341
EALWS-1200H-7A2,main.jpg,final-main,product-shots/EALWS-1200H-7A2/main.jpg,1200,1200,RGB,False,1.0,1.0,pass,0ecbe43e9c93c0e746c52ebe27aa6a98fe64ea7e31d5503574176dd09ad77afe
EALWS-2200H-1A,main.jpg,final-main,product-shots/EALWS-2200H-1A/main.jpg,1200,1200,RGB,False,1.0,1.0,pass,3ead18f8ab93fa40ae6c29c1c86e3bb26cc6e9fc76d8b21be8c589cb94316795
EAMCW-100H-1A3V,main.jpg,final-main,product-shots/EAMCW-100H-1A3V/main.jpg,1200,1200,RGB,False,1.0,1.0,pass,b5bd3a99ca04426b29b478cda29f1dcda862aa097b1bb4dddfbd879f3b684a80
EAMCW-200H-1A,main.jpg,final-main,product-shots/EAMCW-200H-1A/main.jpg,1200,1200,RGB,False,1.0,1.0,pass,eef1e403b093c187a93dc95565dae248d176f8e45e1c4a6cf8e46d21c4da4a6f
EAMCW-200H-1AV,main.jpg,final-main,product-shots/EAMCW-200H-1AV/main.jpg,1200,1200,RGB,False,1.0,1.0,pass,d4448a418af572acc1472656eb2aeabbe5e12259e3f40f06efb574f876a4cced
EAMDV-106-1A,main.jpg,final-main,product-shots/EAMDV-106-1A/main.jpg,1200,1200,RGB,False,1.0,1.0,pass,7fa37f7afcf0c8450e4c6b49e1d32975a0113561f4684ed6b87d1fa2534cba01
EAMDV-106B-1A1,main.jpg,final-main,product-shots/EAMDV-106B-1A1/main.jpg,1200,1200,RGB,False,1.0,1.0,pass,5f5b01e015139623664e8fd599b8cddfff4c2a95084c2d51b442b7b12bf55415
EAMDV-106B-2A,main.jpg,final-main,product-shots/EAMDV-106B-2A/main.jpg,1200,1200,RGB,False,1.0,1.0,pass,1f34c79889c9b3c625eebf7d5aa0605728614c566c6cec8d8152ba986fe9aedd
EAMDV-106DD-1A2,main.jpg,final-main,product-shots/EAMDV-106DD-1A2/main.jpg,1200,1200,RGB,False,1.0,1.0,pass,070c9dd82e96412654471ecb201149e25e9a7fa9a03255baf48ab4ee7c9b400b
EAMDV-106G-1A,main.jpg,final-main,product-shots/EAMDV-106G-1A/main.jpg,1200,1200,RGB,False,1.0,1.0,pass,fe1e289ef26a5c0566a6b49bdb1f04af575c00fba479ea73a17eecdd43b3b4b7
EAMQ-24-1B3,main.jpg,final-main,product-shots/EAMQ-24-1B3/main.jpg,1200,1200,RGB,False,1.0,1.0,pass,cbc30d33635da76aaee1a6a0515f211ba6846969b7db7a98d9e93b93c590a91f
EAMQ-38-1A,main.jpg,final-main,product-shots/EAMQ-38-1A/main.jpg,1200,1200,RGB,False,1.0,1.0,pass,3b24d41f60d9afd9f53703a956c7ca9177792aae77158ba7da3f61c7127a8dcd
EAMQ-71-2B,main.jpg,final-main,product-shots/EAMQ-71-2B/main.jpg,1200,1200,RGB,False,1.0,1.0,pass,a7fa8cc52329c8ae84237f5a1a2dbe06964d42b0de0d55e73aabcf731d0c19ee
EAMQ-76-1A,main.jpg,final-main,product-shots/EAMQ-76-1A/main.jpg,1200,1200,RGB,False,1.0,1.0,pass,7a958585438d75391cc1367115ec80750a1943fd9eb07e877582ab213174d523
EAMRW-200H-1BV,main.jpg,final-main,product-shots/EAMRW-200H-1BV/main.jpg,1200,1200,RGB,False,1.0,1.0,pass,056dc9c11261535d62da9f674776dc564bba20fa532955df8e5de02c8e06204d
EAMRW-200HD-1B,main.jpg,final-main,product-shots/EAMRW-200HD-1B/main.jpg,1200,1200,RGB,False,1.0,1.0,pass,e80a36c3009e4ddc8feffb39a47b04892e989d76beef41ef85cd70832b869b26
EAMRW-210H-1A,main.jpg,final-main,product-shots/EAMRW-210H-1A/main.jpg,1200,1200,RGB,False,1.0,1.0,pass,64058997523b767281f4ec2d6765b5039faf0fe68dd5825514b43f5c34513258
EAMRW-210HB-1B,main.jpg,final-main,product-shots/EAMRW-210HB-1B/main.jpg,1200,1200,RGB,False,1.0,1.0,pass,3a49ea883d9d4daaa0cfd17b2d574fdabf16fb98b19a52cbbaf2c7625a65094d
EAMRW-210HB-5B,main.jpg,final-main,product-shots/EAMRW-210HB-5B/main.jpg,1200,1200,RGB,False,1.0,1.0,pass,587e76644a982797d11fe95c2b73bb63382a64c4f79c2ad31efaa8193ab3f1fe
EAMRW-230H-1E1,main.jpg,final-main,product-shots/EAMRW-230H-1E1/main.jpg,1200,1200,RGB,False,1.0,1.0,pass,8572d77ab7858717bd6160a6ab1cd5d4e50991d9f8292d95f34f66466ddd1a84
EAMTP-1170N-7A,main.jpg,final-main,product-shots/EAMTP-1170N-7A/main.jpg,1200,1200,RGB,False,1.0,1.0,pass,781c8005e01aafcf1d6157c2f50fc0899bc886e5e31efab0e141992eebafff30
EAMTP-1183G-7A,main.jpg,final-main,product-shots/EAMTP-1183G-7A/main.jpg,1200,1200,RGB,False,1.0,1.0,pass,e02b409b0db60a1eda986ed7e057fd6699398bf034213357ba6eb05946ec37e9
EAMTP-1303D-1A,main.jpg,final-main,product-shots/EAMTP-1303D-1A/main.jpg,1200,1200,RGB,False,1.0,1.0,pass,a66b168840aefe6c5a2939d55441291d09498f0f1e775f898897aa27897aed1d
EAMTP-1314L-8A,main.jpg,final-main,product-shots/EAMTP-1314L-8A/main.jpg,1200,1200,RGB,False,1.0,1.0,pass,86c6e678bce23c7e607a1281fa69fcc3ec9c50df8e013ed8d4d036a88e81f364
EAMTP-4500D-1AV,main.jpg,final-main,product-shots/EAMTP-4500D-1AV/main.jpg,1200,1200,RGB,False,1.0,1.0,pass,3cfddeaa06bb4798f1cca6a9909e49dca67df18f50f96a41a444199ab46c4755
EAMTP-V001GL-9B,main.jpg,final-main,product-shots/EAMTP-V001GL-9B/main.jpg,1200,1200,RGB,False,1.0,1.0,pass,6062e6759acaec1d9995de6f69992ad83a28e7d0cf0f991e380d8c0fe7c199fb
EAMTP-V002GL-7B,main.jpg,final-main,product-shots/EAMTP-V002GL-7B/main.jpg,1200,1200,RGB,False,1.0,1.0,pass,7e0ca59af81e3dd85a3188061eba56b77a270d4037c7e416ff159d044c3b7e42
EAMTP-V002L-5B3,main.jpg,final-main,product-shots/EAMTP-V002L-5B3/main.jpg,1200,1200,RGB,False,1.0,1.0,pass,453b45214a6e2a30ed3d3c968cff37bddcc43d1007d32be7a53ae9cd7e562778
EAMTP-V004G-9B,main.jpg,final-main,product-shots/EAMTP-V004G-9B/main.jpg,1200,1200,RGB,False,1.0,1.0,pass,4ed0e6330a0ac25ab2087c8dca7d9fe810a874cce63664d8c1e6b22e3ee0cf80
EAMTP-V004L-7A,main.jpg,final-main,product-shots/EAMTP-V004L-7A/main.jpg,1200,1200,RGB,False,1.0,1.0,pass,8b24ca34cba3bd5af902778846f8420eca1b59e15d0abdec7b1e081920255cb6
EAMTP-V005L-1A,main.jpg,final-main,product-shots/EAMTP-V005L-1A/main.jpg,1200,1200,RGB,False,1.0,1.0,pass,f27dee5415d9dc1f2143e19a571e6df10c6a209c5195caa21c5df06437b246f7
EAMTP-V006G-7B,main.jpg,final-main,product-shots/EAMTP-V006G-7B/main.jpg,1200,1200,RGB,False,1.0,1.0,pass,5eedc49ce3087aa097e797c9821d5cb4e01f08f1af788efcaba2cfd524da96b9
EAMTP-VD01BL-2B,main.jpg,final-main,product-shots/EAMTP-VD01BL-2B/main.jpg,1200,1200,RGB,False,1.0,1.0,pass,0d1ae1c36a516563bc135000ba0682e514c5fbab9a322e16a3602c14002fd12a
EAMTP-VD01D-2B,main.jpg,final-main,product-shots/EAMTP-VD01D-2B/main.jpg,1200,1200,RGB,False,1.0,1.0,pass,4af2533a45282e06e25cd3cd991a2d99cf69e047ab863aef5b1b350441a929ee
EAMTP-VD01SG-9B,main.jpg,final-main,product-shots/EAMTP-VD01SG-9B/main.jpg,1200,1200,RGB,False,1.0,1.0,pass,e81416ef2f8b99bafd1aa79bba8c0bb46d12515077e5d7f88960b4e080851ddd
EAMTP-VD02D-1E,main.jpg,final-main,product-shots/EAMTP-VD02D-1E/main.jpg,1200,1200,RGB,False,1.0,1.0,pass,44ababbc2f031bc02e645ae7e09e16897cf68c1966734bad187be1163fc3311b
EAMTP-VD03B-1A,main.jpg,final-main,product-shots/EAMTP-VD03B-1A/main.jpg,1200,1200,RGB,False,1.0,1.0,pass,5b0493a41f321d24504253d13f6f5d5ae23dc3e63955634d72b54a8553c008b9
EAMTP-VD03D-3A1,main.jpg,final-main,product-shots/EAMTP-VD03D-3A1/main.jpg,1200,1200,RGB,False,1.0,1.0,pass,9c64d4fdec253b026ccb6b074aa86fffe1851475ab300c5718130282edefbec6
EAMTP-VD03L-5A,main.jpg,final-main,product-shots/EAMTP-VD03L-5A/main.jpg,1200,1200,RGB,False,1.0,1.0,pass,f3acfd2192dc2faaf030948589a83e81feed93d8220fe32933ff1ce9d192d81e
EAMTP-VT01G-1B,main.jpg,final-main,product-shots/EAMTP-VT01G-1B/main.jpg,1200,1200,RGB,False,1.0,1.0,pass,72e8f4f8431c3b4996520342ed1c56ceb116716eab94b8329606bd6e9ca30ffb
EAMTP-VT01GL-3B,main.jpg,final-main,product-shots/EAMTP-VT01GL-3B/main.jpg,1200,1200,RGB,False,1.0,1.0,pass,bd91653d4f8a3f5981889f8839b70d9b8400a566b7d228830660e6b3ddf87e85
EAMTP-VT01L-7B2,main.jpg,final-main,product-shots/EAMTP-VT01L-7B2/main.jpg,1200,1200,RGB,False,1.0,1.0,pass,ba95091c122f54b9a4d68ead2eee0a793ee37bd117adbef7a2be5ef3e64d4207
EAMW-240-1BV,main.jpg,final-main,product-shots/EAMW-240-1BV/main.jpg,1200,1200,RGB,False,1.0,1.0,pass,7012039e28e83f7fe0dd5a525349b197ee618ea164079a2a7e5253cac321598b
EAMW-240B-3B,main.jpg,final-main,product-shots/EAMW-240B-3B/main.jpg,1200,1200,RGB,False,1.0,1.0,pass,e2362325d69fddeed2d117c80a8ddeb5816caf025f6f9bf6f69cda1c1507d689
EAMW-620H-1A,main.jpg,final-main,product-shots/EAMW-620H-1A/main.jpg,1200,1200,RGB,False,1.0,1.0,pass,173640f4acf2bf386ebb45b7735af9bd567084dad20b107ddb7e2c67159e5725
EAMWA-100H-1A2,main.jpg,final-main,product-shots/EAMWA-100H-1A2/main.jpg,1200,1200,RGB,False,1.0,1.0,pass,74df15db5a1369a5a3c898d4c4dca3649c9dfb047f96e1529dceb76e33ac1c76
EAMWA-100HD-1A,main.jpg,final-main,product-shots/EAMWA-100HD-1A/main.jpg,1200,1200,RGB,False,1.0,1.0,pass,87e50a6ca9f0dcf7a9031320067ecbd637dea145f56b04e091386b8c6a53c559
EAMWD-100H-1A,main.jpg,final-main,product-shots/EAMWD-100H-1A/main.jpg,1200,1200,RGB,False,1.0,1.0,pass,6e0723790b1227dddfd3bb243fba4425d5806d62bec1ba75e0cb7a4344ce8c84
EAMWD-100HD-1A,main.jpg,final-main,product-shots/EAMWD-100HD-1A/main.jpg,1200,1200,RGB,False,1.0,1.0,pass,944ad1ffcc823b34f7a7d41ac5b0d8fa50b169b985bb76f2a57424f9230c3edc
EAMWQ-100-1A,main.jpg,final-main,product-shots/EAMWQ-100-1A/main.jpg,1200,1200,RGB,False,1.0,1.0,pass,1b2a46dee59125c9ecb703ed1aec1ccaf07e140453fb18abae70861a0292dc96
EASGW-100-1V,main.jpg,final-main,product-shots/EASGW-100-1V/main.jpg,1200,1200,RGB,False,1.0,1.0,pass,a8b8e1ff0a5f4a120d0360147fa9ddcec7958cd26061ed1c5019d7f759c21725
EASGW-100B-3V,main.jpg,final-main,product-shots/EASGW-100B-3V/main.jpg,1200,1200,RGB,False,1.0,1.0,pass,feeefc1ae44e36530723ee0361ded3427a42af727e876e9b8fcbc335cee8e1e5
EASRT-300C-1V,main.jpg,final-main,product-shots/EASRT-300C-1V/main.jpg,1200,1200,RGB,False,1.0,1.0,pass,9fd2b013b90de463aff3d0f35ae92b03d33ce0a518e10b70bb9bbc37a6007236
EASTR-300-1C,main.jpg,final-main,product-shots/EASTR-300-1C/main.jpg,1200,1200,RGB,False,1.0,1.0,pass,75fa6190a0959e9ce00a1c72a5f9df107a8e37ee46dc4f17c4b1718bd237f4d1
EATRT-110H-1A,main.jpg,final-main,product-shots/EATRT-110H-1A/main.jpg,1200,1200,RGB,False,1.0,1.0,pass,1dbd92622e6f368e0e94536a7fb530f5eb1629d14faebb7c5f075c273e96229d
EAW-201-1AV,main.jpg,final-main,product-shots/EAW-201-1AV/main.jpg,1200,1200,RGB,False,1.0,1.0,pass,fb75c561ae6680e1fff988813cbfb7946e479e9a97ad5a425b55c79a65283911
EAW-212H-1AV,main.jpg,final-main,product-shots/EAW-212H-1AV/main.jpg,1200,1200,RGB,False,1.0,1.0,pass,3644d5f7e53d6b7594a54402fcafbbab036a3b8d21943fc22ef6fbb2a0b36178
EAW-217H-1A,main.jpg,final-main,product-shots/EAW-217H-1A/main.jpg,1200,1200,RGB,False,1.0,1.0,pass,3a80de0c9e00c512450ea6fa041702bd32bcf0dd8a83039ab8cb8b7060986ff6
EAW-217H-3B,main.jpg,final-main,product-shots/EAW-217H-3B/main.jpg,1200,1200,RGB,False,1.0,1.0,pass,74a81227276bb97a44c46ebda74c0b83bfb8b28054639f240b9c5587c45a0f9a
EAW-217HM-9A,main.jpg,final-main,product-shots/EAW-217HM-9A/main.jpg,1200,1200,RGB,False,1.0,1.0,pass,40a66a13a145bb8924395ebceb88ca39d1f2b8ec0ed044f49bde1d8e5db0c459
EAW-218H-1A,main.jpg,final-main,product-shots/EAW-218H-1A/main.jpg,1200,1200,RGB,False,1.0,1.0,pass,36879aa7fe0655e0fbd764a9289a905b51baff2370dc43d220387ab44e0fea78
EAW-218H-2A,main.jpg,final-main,product-shots/EAW-218H-2A/main.jpg,1200,1200,RGB,False,1.0,1.0,pass,842bde97d772481ee363edcd9e775d65290e48df3b60edd051f6079743d9b9e6
EAW-218H-8A,main.jpg,final-main,product-shots/EAW-218H-8A/main.jpg,1200,1200,RGB,False,1.0,1.0,pass,992a80b62eb4be03e397f9dddbdff968e3e7562fc7cf3d0f259cb1b941b3726c
EAW-218HB-3A,main.jpg,final-main,product-shots/EAW-218HB-3A/main.jpg,1200,1200,RGB,False,1.0,1.0,pass,aee80797aed507bb2180d325d3b945d0c5a7b2cdea052f38d639d42cf6ba53ca
EAW-218HC-2A,main.jpg,final-main,product-shots/EAW-218HC-2A/main.jpg,1200,1200,RGB,False,1.0,1.0,pass,85432da816e9a12eb0c59824022abb7506d7767349e7d8497f59e20ee9cf61a0
EAW-218HC-4A,main.jpg,final-main,product-shots/EAW-218HC-4A/main.jpg,1200,1200,RGB,False,1.0,1.0,pass,72f90ad8d27bdac4050c3e5a67c7603e99f253fa6516995ef6c9d38d749389b9
EAW-218HC-8A,main.jpg,final-main,product-shots/EAW-218HC-8A/main.jpg,1200,1200,RGB,False,1.0,1.0,pass,db7e7c16ec4af2cd97b8f0b5186d892876b12cf42e924dcca2c59977179912e6
EAW-218HD-1A,main.jpg,final-main,product-shots/EAW-218HD-1A/main.jpg,1200,1200,RGB,False,1.0,1.0,pass,eac696cecb8b7f47d38900a861f8e915984e4dfecc0ee009ab7cd9e6cb88f529
EAW-218HM-5B,main.jpg,final-main,product-shots/EAW-218HM-5B/main.jpg,1200,1200,RGB,False,1.0,1.0,pass,fceb005bb9f65cb35604b22258636e146672d80dabdd035d78f458d775e3c956
EAW-219H-1A,main.jpg,final-main,product-shots/EAW-219H-1A/main.jpg,1200,1200,RGB,False,1.0,1.0,pass,afb69c04c4a2ddcc14b0e94e69197a792929598e6ed8d4841fc92e6a5dd1f477
EAW-219HB-3A,main.jpg,final-main,product-shots/EAW-219HB-3A/main.jpg,1200,1200,RGB,False,1.0,1.0,pass,457ae6abc5f234d4c8ae34523db6d2a05d003f8e4997fbee851ed5b9281489e4
EAW-219HC-2B,main.jpg,final-main,product-shots/EAW-219HC-2B/main.jpg,1200,1200,RGB,False,1.0,1.0,pass,ff8a781d413cef5268c15525b51f3abcb9f52f8a99ef254f18ed0fa294c2ee14
EAW-219HD-1A,main.jpg,final-main,product-shots/EAW-219HD-1A/main.jpg,1200,1200,RGB,False,1.0,1.0,pass,cfe70fd83d48051161b09b485fa7261c08cecd83dd97d204e42a91856a641e2f
EAW-735H-1A,main.jpg,final-main,product-shots/EAW-735H-1A/main.jpg,1200,1200,RGB,False,1.0,1.0,pass,6e38eb5d0c4bbdb7fe7bfa8a4764ca9952ac24d82d6b927879ed8fdd8ccd2811
EAW-735H-1B,main.jpg,final-main,product-shots/EAW-735H-1B/main.jpg,1200,1200,RGB,False,1.0,1.0,pass,d6cde6b9b338fde9fe6af6b1592cf3b72242a644e29a35e56ae9a0dde597b9b4
EAW-736H-1A,main.jpg,final-main,product-shots/EAW-736H-1A/main.jpg,1200,1200,RGB,False,1.0,1.0,pass,e1c01bdb9164bc0a106c1ff7a4f5d1d85e834e811e1e5b7372ee1d2ec795f612
EAW-800H-1AV,main.jpg,final-main,product-shots/EAW-800H-1AV/main.jpg,1200,1200,RGB,False,1.0,1.0,pass,2ae2e01589a4933a2b12289584daaf3e7299f20894bb2ca557d7dcbb386cc237
EAW-96H-1AV,main.jpg,final-main,product-shots/EAW-96H-1AV/main.jpg,1200,1200,RGB,False,1.0,1.0,pass,f63efd765d5620932d359bfedf0f143d06ba9a69073b459344f46d45fdd45cce
EAW-96H-1BV,main.jpg,final-main,product-shots/EAW-96H-1BV/main.jpg,1200,1200,RGB,False,1.0,1.0,pass,fe4d6101ae331c5ce330ac2b9eb0f59fb91f819b89e061ef2caa70e6a2be2517
EAWS-1000H-1AV,main.jpg,final-main,product-shots/EAWS-1000H-1AV/main.jpg,1200,1200,RGB,False,1.0,1.0,pass,13ee2efba862c831ad1c9fb450ad7ef34d6c47ccef39be3afcb113fa3117e2ba
EAWS-1200H-1A,main.jpg,final-main,product-shots/EAWS-1200H-1A/main.jpg,1200,1200,RGB,False,1.0,1.0,pass,e6fbe3b0f6163046c743d3a2613e604444c6e87413e66282580a203a321f1431
EAWS-1300H-1A,main.jpg,final-main,product-shots/EAWS-1300H-1A/main.jpg,1200,1200,RGB,False,1.0,1.0,pass,446a9ba555de78845a9e9b304a228e1a09a68ba4fcd0971c93cf6d0a1a7c4e27
EAWS-1400H-1A,main.jpg,final-main,product-shots/EAWS-1400H-1A/main.jpg,1200,1200,RGB,False,1.0,1.0,pass,c719453e2aa9685709da64fe3aa26479bedd58da53e4c135627ac10fd3436982
EAWS-1500H-1A,main.jpg,final-main,product-shots/EAWS-1500H-1A/main.jpg,1200,1200,RGB,False,1.0,1.0,pass,30132bcbb6d0e9a62bad0bb95041198d7d2314f9a97c8d2ee6ee0f1eef8403dc
EAWS-1600H-1A,main.jpg,final-main,product-shots/EAWS-1600H-1A/main.jpg,1200,1200,RGB,False,1.0,1.0,pass,9b69f6de6097ec3ef2bf216af7d1b02be76a46fac7a34f3c98e03be781b45005
EAWS-1700H-1A,main.jpg,final-main,product-shots/EAWS-1700H-1A/main.jpg,1200,1200,RGB,False,1.0,1.0,pass,8d63f950a732e4922ead65ccc45bcc0d461d27578214626a116fd81d2592cc09
EAWS-1800-1A,main.jpg,final-main,product-shots/EAWS-1800-1A/main.jpg,1200,1200,RGB,False,1.0,1.0,pass,3cdfaddcd00400ad280ffb48ceca2d32ad3a4c1fd3029bb7c5d08b7882a4fd91
EAWS-2000H-2AV,main.jpg,final-main,product-shots/EAWS-2000H-2AV/main.jpg,1200,1200,RGB,False,1.0,1.0,pass,f112269bde0508a55ba082feaa59b7b7768f72f68a374beeaa9e171c89934924
EAWS-B1000-1AV,main.jpg,final-main,product-shots/EAWS-B1000-1AV/main.jpg,1200,1200,RGB,False,1.0,1.0,pass,2e3cde6eebbd52ccd369e9929983932c1bdff7f2e467b5fe0ad4582ce21969f4
EAWV-200A-1AV,main.jpg,final-main,product-shots/EAWV-200A-1AV/main.jpg,1200,1200,RGB,False,1.0,1.0,pass,e211667c1714a081f0dfb8aff1a5b4af09f04a0fdca32f3acaa68cd4c06bcb14
EAWV-58A-1AV,main.jpg,final-main,product-shots/EAWV-58A-1AV/main.jpg,1200,1200,RGB,False,1.0,1.0,pass,7fa13b394faf8e7f8f1183f0675646c6f020943837b1b2ab7b58837744873c13
EAWV-58DA-1AV,main.jpg,final-main,product-shots/EAWV-58DA-1AV/main.jpg,1200,1200,RGB,False,1.0,1.0,pass,0e9edcc7738bf4c468a43c45c952a05a54ee969edc4056764afd706f742eba21
G0,main.jpg,final-main,product-shots/G0/main.jpg,1200,1200,RGB,False,1.0,1.0,pass,38dba897e0d8b6b4cf67a458e134ce702966aefadd1fb755aaca92900e2a1cd4
G1,angle-1.jpg,secondary-gallery,product-shots/G1/angle-1.jpg,700,700,RGB,False,1.0,1.0,pass,f27ec4573d3d52b4b7300632fbcc51fe81bf61dbca3430fcca6f4440b3191ffc
G1,angle-2.jpg,secondary-gallery,product-shots/G1/angle-2.jpg,700,700,RGB,False,1.0,1.0,pass,7960db8e450c8976492c22a552bf6b519c9373c6c876df3c0c5cd91aff9da791
G1,box.jpg,secondary-gallery,product-shots/G1/box.jpg,700,700,RGB,False,1.0,1.0,pass,2d41499fc296f6187187eed753d074c7fbb86bbc39f2a484700686f969f64cca
G1,main.jpg,final-main,product-shots/G1/main.jpg,1200,1200,RGB,False,1.0,1.0,pass,e17b8f596374efd9d3af4c4549935816d9fb6bddbdb11f681b442786939fd6ee
G2,angle-1.jpg,secondary-gallery,product-shots/G2/angle-1.jpg,900,900,RGB,False,1.0,1.0,pass,ff32af1e4fe4119ded901289f76fdffb9ed67e0356c94ef57824eccac08c0f9c
G2,main.jpg,final-main,product-shots/G2/main.jpg,1200,1200,RGB,False,1.0,1.0,pass,15d059353e199904637a982e45973dc8d7778bfcce60b616ffef9d4ac2f4d6d3
G3,main.jpg,final-main,product-shots/G3/main.jpg,1200,1200,RGB,False,1.0,1.0,pass,807ec4bc2957be969420b38bb5edd4d8931ba002f2d4311de71547fe5d73a7e6
G4,angle-2.jpg,secondary-gallery,product-shots/G4/angle-2.jpg,2000,2000,RGB,False,1.0,1.0,pass,1a31ffd43fa432ff5d2f8634ff87d0e52439398ffb47146e398100912e043683
G4,angle-3.jpg,secondary-gallery,product-shots/G4/angle-3.jpg,2000,2000,RGB,False,1.0,1.0,pass,37add3be3b191213ff67de576ffe4576f61ad30ae334b96b4ebd83151ef21496
G4,angle-4.jpg,secondary-gallery,product-shots/G4/angle-4.jpg,2000,2000,RGB,False,1.0,1.0,pass,eee7160e9cd11ec667bf444551e9731994c78767e844d49feb49bff92e724726
G4,main.jpg,final-main,product-shots/G4/main.jpg,1200,1200,RGB,False,1.0,1.0,pass,00f01dcf6dac8282d522df0ce55352441bdc1511268eb7830b896e503e570df7
G5,angle-2.jpg,secondary-gallery,product-shots/G5/angle-2.jpg,2048,2048,RGB,False,1.0,1.0,pass,093fc5a067e67df4354a6600ea7bde4fe13202513025cc79bdb01a87f9bdc1d3
G5,angle-3.jpg,secondary-gallery,product-shots/G5/angle-3.jpg,2048,2048,RGB,False,1.0,1.0,pass,677650bf946ae1352c0719f75c3c1fd561958d9ea66e2cffc46dc1fac5f602dd
G5,angle-5.jpg,secondary-gallery,product-shots/G5/angle-5.jpg,2048,2048,RGB,False,1.0,1.0,pass,3edf85ee66cc0215ae9a4a1e8755d5ace104bd3503568ccde565bd7b355e1612
G5,main.jpg,final-main,product-shots/G5/main.jpg,1200,1200,RGB,False,1.0,1.0,pass,db5878b4d50e7f9bd0fd0354ba7b6d180c3d8b560e0b6ceb3744e79bad6300a8
G6,main.jpg,final-main,product-shots/G6/main.jpg,1200,1200,RGB,False,1.0,1.0,pass,b25b2899fd490923ff3bfddac95b209bf99f6fb2baa77f3042e5fc5cfbd10023
G7,main.jpg,final-main,product-shots/G7/main.jpg,1200,1200,RGB,False,1.0,1.0,pass,9adbdb0e9f7a20857f00602ebb2889e4c3d3eb724e7d8c38424a6cf69f74df29
HAMI-00-1A3,main.jpg,final-main,product-shots/HAMI-00-1A3/main.jpg,1200,1200,RGB,False,1.0,1.0,pass,01c83ea1b74f0b552a29267e48f494e539eb170cf86fc1c2fab2e6d6726444bc
HAMI-02R00B,main.jpg,final-main,product-shots/HAMI-02R00B/main.jpg,1200,1200,RGB,False,1.0,1.0,pass,9842545dc999ffaa69c39d421327a664e63eafcb33b11f6f6f5eac042b398ddc
HAMI-03L10B,main.jpg,final-main,product-shots/HAMI-03L10B/main.jpg,1200,1200,RGB,False,1.0,1.0,pass,16d8fc631e6a9add210e54f8e82817128896f7ab793a84255172f8b9dc1c2380
HAMI-041.00,main.jpg,final-main,product-shots/HAMI-041.00/main.jpg,1200,1200,RGB,False,1.0,1.0,pass,284d0ea5c59c274a38471e3cb373c218d38a62aaf3ccf4a0138b7c7a9ae0a241
HAMI-05-81E,main.jpg,final-main,product-shots/HAMI-05-81E/main.jpg,1200,1200,RGB,False,1.0,1.0,pass,b89eac61090ed46b33cbed1fa1aa45aa46c2bd375d01e619ea3a32375590869d
HAMI-05004W,main.jpg,final-main,product-shots/HAMI-05004W/main.jpg,1200,1200,RGB,False,1.0,1.0,pass,2137ef55516a43125400b4b5b78c06ff225162aa3f31cecd2e46ce204d2bab2c
HAMI-081.00,main.jpg,final-main,product-shots/HAMI-081.00/main.jpg,1200,1200,RGB,False,1.0,1.0,pass,dc95e5f2b5e0337592e0beb67b49d6fc751a9acb8f2c87bd0fa863a469b57cb5
HAMI-241916,main.jpg,final-main,product-shots/HAMI-241916/main.jpg,1200,1200,RGB,False,1.0,1.0,pass,3c221995e60d8f65fa5e1234c902f9cd8d5a91e379d1fb47edac988fa34976e9
HAMI-241978,main.jpg,final-main,product-shots/HAMI-241978/main.jpg,1200,1200,RGB,False,1.0,1.0,pass,fe005469a48e6a8a3de5b5e59d9893ee404c0af8818cf80eec326e6da4589b5a
HAMI-241991,main.jpg,final-main,product-shots/HAMI-241991/main.jpg,1200,1200,RGB,False,1.0,1.0,pass,08e559a92b6280aaa441e0f417bc84cae825b8ef1cbfc1cc645fe08f861ee5f2
HAMI-251.CB,main.jpg,final-main,product-shots/HAMI-251.CB/main.jpg,1200,1200,RGB,False,1.0,1.0,pass,1661eacccaefe8e28f0338a4832a36343fd6b4130a2b62f5be4d7d526997805c
HAMI-421.00,main.jpg,final-main,product-shots/HAMI-421.00/main.jpg,1200,1200,RGB,False,1.0,1.0,pass,d61404da123252c9cd2ea8b942b161f32c4afb3fff058c7d4808cb7cb55f2ada
HAMI-53.00~,main.jpg,final-main,product-shots/HAMI-53.00~/main.jpg,1200,1200,RGB,False,1.0,1.0,pass,594b0e346cb94b845eb2160b720214d22d6e2ceb982d50673ec4bb2b3c30df4a
HAMI-81.00~,main.jpg,final-main,product-shots/HAMI-81.00~/main.jpg,1200,1200,RGB,False,1.0,1.0,pass,588bd360df83857a85b397a65a05353d013bcc193530a85b2f397bbd0fd774a0
HAMI-CRU617,main.jpg,final-main,product-shots/HAMI-CRU617/main.jpg,1200,1200,RGB,False,1.0,1.0,pass,f2ecc5fc571c2e5703f5350af8c83a4df04a31340ccc9b45b1dface9c8414618
HAMI-P837J1,main.jpg,final-main,product-shots/HAMI-P837J1/main.jpg,1200,1200,RGB,False,1.0,1.0,pass,273f9b21cc075b01e187b5970ff1f83db74afb228375997b04f6ceaac984f8f6
HAMI-PF24K1,main.jpg,final-main,product-shots/HAMI-PF24K1/main.jpg,1200,1200,RGB,False,1.0,1.0,pass,cf9c2193548885cc54a5d3ffa8f987d7807eeac75d037a3a6e63bc9b85410c57
HAMI-X009K2,main.jpg,final-main,product-shots/HAMI-X009K2/main.jpg,1200,1200,RGB,False,1.0,1.0,pass,4e01a3271f00a96aabcfbf640565d4dda1a17731087fd445257d9e19b3908f7e
IWC-IW3231-01,main.jpg,final-main,product-shots/IWC-IW3231-01/main.jpg,1200,1200,RGB,False,0.147949,1.0,pass,d7e8d523793647bc3f7d3e78830ff778bfee814732ed19eed78bc7679e2021ae
IWC-IW3240-06,main.jpg,final-main,product-shots/IWC-IW3240-06/main.jpg,1200,1200,RGB,False,1.0,1.0,pass,fdd9bd5721aa490569988d2f556a754d6c397bd94504f9e474587087a19ba55a
IWC-IW3261-04,main.jpg,final-main,product-shots/IWC-IW3261-04/main.jpg,1200,1200,RGB,False,0.16626,1.0,pass,8bbac444903a071666a60ad52df7739a6d10a9093674a93933e391536a474b69
IWC-IW3270-10,main.jpg,final-main,product-shots/IWC-IW3270-10/main.jpg,1200,1200,RGB,False,0.15918,1.0,pass,13640f19a4c4b75ca326e4f172ee48dbd7be64396050eb3e66f9088b90f52a9e
IWC-IW3270-10-v2,main.jpg,final-main,product-shots/IWC-IW3270-10-v2/main.jpg,1200,1200,RGB,False,0.15918,1.0,pass,13640f19a4c4b75ca326e4f172ee48dbd7be64396050eb3e66f9088b90f52a9e
IWC-IW3282-01,main.jpg,final-main,product-shots/IWC-IW3282-01/main.jpg,1200,1200,RGB,False,0.147949,1.0,pass,3c43233906275c5d40a722bd16028e774780d86a2199434690af594148023e9c
IWC-IW3282-01-v2,main.jpg,final-main,product-shots/IWC-IW3282-01-v2/main.jpg,1200,1200,RGB,False,0.147949,1.0,pass,3c43233906275c5d40a722bd16028e774780d86a2199434690af594148023e9c
IWC-IW3289-04,main.jpg,final-main,product-shots/IWC-IW3289-04/main.jpg,1200,1200,RGB,False,1.0,1.0,pass,98689290dd635f92ea7cc35ce758d215d99311c31c3ef267e0633d89060cb2d3
IWC-IW3297-01,main.jpg,final-main,product-shots/IWC-IW3297-01/main.jpg,1200,1200,RGB,False,1.0,1.0,pass,9bc0156715f3fd9e8ea9a94b2c6671c273cbdb13b7f4def76571512e6b1df3ea
IWC-IW3442-03,main.jpg,final-main,product-shots/IWC-IW3442-03/main.jpg,1200,1200,RGB,False,1.0,1.0,pass,10e15c12edc1fa0dd7e212a2d5408981b60897efefc900b7f915a2a53ffdf27e
IWC-IW3446-02,main.jpg,final-main,product-shots/IWC-IW3446-02/main.jpg,1200,1200,RGB,False,1.0,1.0,pass,db3f7062b1ed9c6a3a149a5a33aa321dfffd89528478004482dac562033aabda
IWC-IW3449-03,main.jpg,final-main,product-shots/IWC-IW3449-03/main.jpg,1200,1200,RGB,False,1.0,1.0,pass,8af42f68e7d509f9a62deb8be72b6961a328a3341dafea00e27275d8a7da89e1
IWC-IW3574-08,main.jpg,final-main,product-shots/IWC-IW3574-08/main.jpg,1200,1200,RGB,False,1.0,1.0,pass,98544c8c57aaff011b5f7fa1b9d7166b29c5f2d5dcc45a9c5f42c06e8731e5a2
IWC-IW3574-10,main.jpg,final-main,product-shots/IWC-IW3574-10/main.jpg,1200,1200,RGB,False,1.0,1.0,pass,5afecc63c974a7d9c968289d686bbc0f571245e20d4e4c9f34da1150634a3d00
IWC-IW3583-05,main.jpg,final-main,product-shots/IWC-IW3583-05/main.jpg,1200,1200,RGB,False,1.0,1.0,pass,ca39587fc397ebde767766c3e642d9023038ecd0e9e171d98a4d8bc860bd91fd
IWC-IW3583-10,main.jpg,final-main,product-shots/IWC-IW3583-10/main.jpg,1200,1200,RGB,False,1.0,1.0,pass,6d1deb73b6dcd2a814b6d4a283c510c9e903c671b89b73a8177cdad72ee98146
IWC-IW3583-13,main.jpg,final-main,product-shots/IWC-IW3583-13/main.jpg,1200,1200,RGB,False,1.0,1.0,pass,bf34a435ea1b83c01e49f1243f332ff09492c0136d5448a1536da95e72bfc399
IWC-IW3717-12,main.jpg,final-main,product-shots/IWC-IW3717-12/main.jpg,1200,1200,RGB,False,0.158447,1.0,pass,7dfe7760cf53b02994fa48824c1f2312692ccc97a13b70d51509d0dcff2c38a4
IWC-IW3756-03,main.jpg,final-main,product-shots/IWC-IW3756-03/main.jpg,1200,1200,RGB,False,1.0,1.0,pass,0d55d95f346d60deb16f2c13fe1dd7bfa486e490e4a9d535dd9b0d34f809d629
IWC-IW3768-05,main.jpg,final-main,product-shots/IWC-IW3768-05/main.jpg,1200,1200,RGB,False,0.166992,1.0,pass,7692826ec71dff87792282e5c1785fdbe2b09d84d06ddef4b9acb3feaf1e7d9e
IWC-IW3777-26,main.jpg,final-main,product-shots/IWC-IW3777-26/main.jpg,1200,1200,RGB,False,1.0,1.0,pass,ba1f401e2ceba349913a42c3875bde12bfc7e8db5078f25f1ea6c91277a1eaae
IWC-IW3778-05,main.jpg,final-main,product-shots/IWC-IW3778-05/main.jpg,1200,1200,RGB,False,1.0,1.0,pass,191a2f602d730b22d268917f4895de8dc7a7a5acfb0bb332114684339bbce78c
IWC-IW3780-01,main.jpg,final-main,product-shots/IWC-IW3780-01/main.jpg,1200,1200,RGB,False,1.0,1.0,pass,035909339e1b8e5f4e7647bcd0ee9c5d13e26d5aae77ffbf21a5d03fd1221733
IWC-IW3783-03,main.jpg,final-main,product-shots/IWC-IW3783-03/main.jpg,1200,1200,RGB,False,0.12915,1.0,pass,1e9349ce2024ad5b9238d4b7147ec872eb3481e5537a0aea706a586e08090191
IWC-IW3783-03-v2,main.jpg,final-main,product-shots/IWC-IW3783-03-v2/main.jpg,1200,1200,RGB,False,0.12915,1.0,pass,1e9349ce2024ad5b9238d4b7147ec872eb3481e5537a0aea706a586e08090191
IWC-IW3791-05,main.jpg,final-main,product-shots/IWC-IW3791-05/main.jpg,1200,1200,RGB,False,1.0,1.0,pass,79f2ffee8138453a2bf50cdbcb9f99691a2a5c76a6d305aff6aaed95418c972c
IWC-IW3795-05,main.jpg,final-main,product-shots/IWC-IW3795-05/main.jpg,1200,1200,RGB,False,1.0,1.0,pass,c91d9d5c99ae2705573f1fe4d0cb38124d661f43ac6d5e8c57c6f72ffc9753d0
IWC-IW3878-04,main.jpg,final-main,product-shots/IWC-IW3878-04/main.jpg,1200,1200,RGB,False,0.162842,1.0,pass,99abe929e68778e74a5557da42cde08fecf854d9d4377c93242d3caebe38ee9d
IWC-IW3878-06,main.jpg,final-main,product-shots/IWC-IW3878-06/main.jpg,1200,1200,RGB,False,1.0,1.0,pass,1ce77b29a32328324ac6aab62ff0ae24e1330f0da21258a7131020d7de6ada95
IWC-IW3879-02,main.jpg,final-main,product-shots/IWC-IW3879-02/main.jpg,1200,1200,RGB,False,1.0,1.0,pass,887e7cbbde058262a6f11a2e7ceeb5fbeb7d7761f5c7744dfa819a261661b9b6
IWC-IW3879-07,main.jpg,final-main,product-shots/IWC-IW3879-07/main.jpg,1200,1200,RGB,False,0.169189,1.0,pass,c321021ecba75afe363f3bfd092843c78dad1c801ba5328c3d5c50cd1a19f81a
IWC-IW3879-07-v2,main.jpg,final-main,product-shots/IWC-IW3879-07-v2/main.jpg,1200,1200,RGB,False,0.169189,1.0,pass,c321021ecba75afe363f3bfd092843c78dad1c801ba5328c3d5c50cd1a19f81a
IWC-IW3881-03,main.jpg,final-main,product-shots/IWC-IW3881-03/main.jpg,1200,1200,RGB,False,0.160889,1.0,pass,34c198f4869a78e0874ff503a80f6009ed995f84cf308b7660f25282716bdd34
IWC-IW3881-20,main.jpg,final-main,product-shots/IWC-IW3881-20/main.jpg,1200,1200,RGB,False,1.0,1.0,pass,44f3c482ae0d0057af48066868130e6217dd0c7fe0bdf989c81232a31fc665b4
IWC-IW3894-09,main.jpg,final-main,product-shots/IWC-IW3894-09/main.jpg,1200,1200,RGB,False,1.0,1.0,pass,5dea460d8427adf596df324718ad5c055de0cbdd1529344b646cfaf193bcdfa5
IWC-IW3907-01,main.jpg,final-main,product-shots/IWC-IW3907-01/main.jpg,1200,1200,RGB,False,1.0,1.0,pass,65237aefa8c96257001f7d76760381ac8a0b831fe9eb0328123b45a3820246fc
IWC-IW3910-08,main.jpg,final-main,product-shots/IWC-IW3910-08/main.jpg,1200,1200,RGB,False,0.141846,1.0,pass,69e0a804a622701d42ab6301c243044ba0608481adccab305fd2f178daddc0bf
IWC-IW3910-08-v2,main.jpg,final-main,product-shots/IWC-IW3910-08-v2/main.jpg,1200,1200,RGB,False,0.141846,1.0,pass,69e0a804a622701d42ab6301c243044ba0608481adccab305fd2f178daddc0bf
IWC-IW3910-10,main.jpg,final-main,product-shots/IWC-IW3910-10/main.jpg,1200,1200,RGB,False,0.138916,1.0,pass,86b6f0673617cb5dfd754c627b4ffa2b1470ed46741724427198208529419a61
IWC-IW3910-10-v2,main.jpg,final-main,product-shots/IWC-IW3910-10-v2/main.jpg,1200,1200,RGB,False,0.138916,1.0,pass,86b6f0673617cb5dfd754c627b4ffa2b1470ed46741724427198208529419a61
IWC-IW3910-23,main.jpg,final-main,product-shots/IWC-IW3910-23/main.jpg,1200,1200,RGB,False,1.0,1.0,pass,e7ac310bbbe02b6f54911b60fab025d9079a64b329e6fae0b65d22c5d4ffa9e5
IWC-IW3910-31,main.jpg,final-main,product-shots/IWC-IW3910-31/main.jpg,1200,1200,RGB,False,1.0,1.0,pass,176db9deee94e82e9c7b5acf0d73f46917a64244c465a0fbfe423c8027001e1a
IWC-IW3914-05,main.jpg,final-main,product-shots/IWC-IW3914-05/main.jpg,1200,1200,RGB,False,1.0,1.0,pass,86558f49d4a24a3dd0723dbd28bdf16fa8d35a50172fb8f6c0acfd971b8e25bd
IWC-IW3950-01,main.jpg,final-main,product-shots/IWC-IW3950-01/main.jpg,1200,1200,RGB,False,1.0,1.0,pass,3e448677c64888d65a6bbddad0e508cfc69bb78efd7f29d837fa48ff6cc1075e
IWC-IW3955-05,main.jpg,final-main,product-shots/IWC-IW3955-05/main.jpg,1200,1200,RGB,False,1.0,1.0,pass,6d59de831fa69bb40bafbcdb5ec39449f6c17d94a12de89d52e95b80d3e462a5
IWC-IW3956-01,main.jpg,final-main,product-shots/IWC-IW3956-01/main.jpg,1200,1200,RGB,False,1.0,1.0,pass,933032705ebd2290e7278b381414c337b9f5f360c92a6c257a82b5bec9f5f2a9
IWC-IW4590-01,main.jpg,final-main,product-shots/IWC-IW4590-01/main.jpg,1200,1200,RGB,False,0.167725,1.0,pass,9c18c55bfd97cb432f0dbb6f1e2f0b921f375c8a8620543fff598bde8e8960e9
IWC-IW5001-07,main.jpg,final-main,product-shots/IWC-IW5001-07/main.jpg,1200,1200,RGB,False,1.0,1.0,pass,e60b21b96c714c40c491c38e757f06248facce7e48e401ffde7826594fd8fd0d
IWC-IW5001-09,main.jpg,final-main,product-shots/IWC-IW5001-09/main.jpg,1200,1200,RGB,False,1.0,1.0,pass,3ba6697aeefd4a8603dc9fedc8c2e2647a1419ccb07909cf963b8745ac49d173
IWC-IW5001-14,main.jpg,final-main,product-shots/IWC-IW5001-14/main.jpg,1200,1200,RGB,False,1.0,1.0,pass,d12f42677f7acc376f2ae41e1e14636938d0c68753b3560c4cdc0f8c3ba56ca8
IWC-IW5004-01,main.jpg,final-main,product-shots/IWC-IW5004-01/main.jpg,1200,1200,RGB,False,1.0,1.0,pass,9bd7878cdc49c0506ae573e5a6ac323943e31723b7bd0af82596ec6c65420107
IWC-IW5004-20,main.jpg,final-main,product-shots/IWC-IW5004-20/main.jpg,1200,1200,RGB,False,1.0,1.0,pass,4e04a1d64be0121a300cf8bb1742e3aa558e96dac69bb4cfcdb155625ffed542
IWC-IW5004-33,main.jpg,final-main,product-shots/IWC-IW5004-33/main.jpg,1200,1200,RGB,False,0.14502,1.0,pass,70e93c274305a3978db4927120956f521317a389e194a30431f360e15d4a5df2
IWC-IW5004-33-v2,main.jpg,final-main,product-shots/IWC-IW5004-33-v2/main.jpg,1200,1200,RGB,False,0.14502,1.0,pass,70e93c274305a3978db4927120956f521317a389e194a30431f360e15d4a5df2
IWC-IW5009-08,main.jpg,final-main,product-shots/IWC-IW5009-08/main.jpg,1200,1200,RGB,False,1.0,1.0,pass,58c3eb4585ccd6f0115c578c38e2cc7a67f98d7464bb70fc1925cf3c4b4908a8
IWC-IW5010-12,main.jpg,final-main,product-shots/IWC-IW5010-12/main.jpg,1200,1200,RGB,False,1.0,1.0,pass,1145df68043afb718d83ed8fd38effc9660a0b805016a7de70782a2c4ee7f584
IWC-IW5010-14,main.jpg,final-main,product-shots/IWC-IW5010-14/main.jpg,1200,1200,RGB,False,1.0,1.0,pass,c5b9d08aaad7a555c690414162ae5c33a24057b7e9ac792068b7c72728276df9
IWC-IW5022-13,main.jpg,final-main,product-shots/IWC-IW5022-13/main.jpg,1200,1200,RGB,False,1.0,1.0,pass,92227501e4ceff4bff5a909698775a210401810ddeb326acca59a27aa80b0139
IWC-IW5022-18,main.jpg,final-main,product-shots/IWC-IW5022-18/main.jpg,1200,1200,RGB,False,1.0,1.0,pass,01a965c07f7682b7b47c635a8c45e36bc7f09db130b409572c7ef07b960c7e70
IWC-IW5023-07,main.jpg,final-main,product-shots/IWC-IW5023-07/main.jpg,1200,1200,RGB,False,1.0,1.0,pass,1c0a5a7ec408234b8b63356019faac7b388ad7cc07d0e15c5579cba7c7e614b5
IWC-IW5030-01,main.jpg,final-main,product-shots/IWC-IW5030-01/main.jpg,1200,1200,RGB,False,1.0,1.0,pass,8e39b2acd926dc3517a78c7d90db832e2e8f44f18abba02b6d6cba71a24e259f
IWC-IW5030-08,main.jpg,final-main,product-shots/IWC-IW5030-08/main.jpg,1200,1200,RGB,False,0.169922,1.0,pass,ad8360c645e788f423dc2746e4a208ebff7bd6ac1e850c604494de3472eeefad
IWC-IW5030-08-v2,main.jpg,final-main,product-shots/IWC-IW5030-08-v2/main.jpg,1200,1200,RGB,False,0.169922,1.0,pass,ad8360c645e788f423dc2746e4a208ebff7bd6ac1e850c604494de3472eeefad
IWC-IW5032-03,main.jpg,final-main,product-shots/IWC-IW5032-03/main.jpg,1200,1200,RGB,False,1.0,1.0,pass,eb6d7cedb194351413a44affd9b9be9714725dabdbf1635ffcb3978692946588
IWC-IW5033-07,main.jpg,final-main,product-shots/IWC-IW5033-07/main.jpg,1200,1200,RGB,False,1.0,1.0,pass,358bdf3ea7d8af88b637ddefd0bdce9786e40cb9bbd4d3d78b1ba20bc062d816
IWC-IW5101-07,main.jpg,final-main,product-shots/IWC-IW5101-07/main.jpg,1200,1200,RGB,False,1.0,1.0,pass,daeda56dc09c04c92653a5ab3d586b57d4ca4d1f6662c793b2efcfe6284de982
IWC-IW5164-09,main.jpg,final-main,product-shots/IWC-IW5164-09/main.jpg,1200,1200,RGB,False,1.0,1.0,pass,2737efb54afb363fe27b6dd168c623be95d9e5f7d252aad9385d03f105301a12
IWC-IW5447-05,main.jpg,final-main,product-shots/IWC-IW5447-05/main.jpg,1200,1200,RGB,False,1.0,1.0,pass,31e39ee953b9cb2fcf24d5a9a0e3bf7faf50e89039590e82e691294823c414a9
IWC-IW5463-04,main.jpg,final-main,product-shots/IWC-IW5463-04/main.jpg,1200,1200,RGB,False,1.0,1.0,pass,5f682489d8bf09089d63bdb43d0112d94964886f1e623033cf2581b051b531c0
LONG--45001,main.jpg,final-main,product-shots/LONG--45001/main.jpg,1200,1200,RGB,False,1.0,1.0,pass,3f88c6694769f6cb9289d61fb9f3f45ebb987d7d6c17e15090993e2596f56f24
LONG-000001,main.jpg,final-main,product-shots/LONG-000001/main.jpg,1200,1200,RGB,False,1.0,1.0,pass,94dbb8d864bf742b61a314f971b42e13c9e0b72c26eab6cf0cdb1c1ff1063d3c
LONG-000141,main.jpg,final-main,product-shots/LONG-000141/main.jpg,1200,1200,RGB,False,1.0,1.0,pass,302cf350e2872ae017d9ca8e95d9b028990fffae4a9ae3c420aaf52d1ed0f300
LONG-000147,main.jpg,final-main,product-shots/LONG-000147/main.jpg,1200,1200,RGB,False,1.0,1.0,pass,8d96ed47d8838d409c32ebfac10dfe508cdfc7865da469c541e654450b0d9cf5
LONG-051.00,main.jpg,final-main,product-shots/LONG-051.00/main.jpg,1200,1200,RGB,False,0.196533,1.0,pass,21162588f4adc4ccf77612ab82cba1ff05846249448578ecee1bb55afe91bd07
LONG-105353,main.jpg,final-main,product-shots/LONG-105353/main.jpg,1200,1200,RGB,False,0.165527,1.0,pass,030b5240b1c38b884d1d8bc9729455c0abee0243cf658faf0e4db6e05423d144
LONG-164153,main.jpg,final-main,product-shots/LONG-164153/main.jpg,1200,1200,RGB,False,0.165527,1.0,pass,5e4d7f690d722af4f3094d7e2c3528ff02c259f3c07c03c8da3def35c054d3fa
LONG-413314,main.jpg,final-main,product-shots/LONG-413314/main.jpg,1200,1200,RGB,False,0.176758,1.0,pass,23505d389daea22d3c9170d884d28d39706035a733b4c327c9f525b7e07c835d
LONG-N10329,main.jpg,final-main,product-shots/LONG-N10329/main.jpg,1200,1200,RGB,False,1.0,1.0,pass,7396e635e81db9b8e046467acc69334c118a7d5884c5e6f754c728a65004d243
LONG-W1264,main.jpg,final-main,product-shots/LONG-W1264/main.jpg,1200,1200,RGB,False,1.0,1.0,pass,2fdb4e6410b7662ed676e6ab9aaaf1870178dee40bc61c024ab9bd3a8d225810
LONG-W1265,main.jpg,final-main,product-shots/LONG-W1265/main.jpg,1200,1200,RGB,False,1.0,1.0,pass,70ef2ac4b5f0083ba0e07524b37efd51c5c2a9e8e1e3cc7d1e95de4996d0f441
LONG-W1266,main.jpg,final-main,product-shots/LONG-W1266/main.jpg,1200,1200,RGB,False,1.0,1.0,pass,afb0b9a3d1a392f0ddc584c0327045daa4fc9c00502b5b26198bc2866b13420f
LONG-W1270,main.jpg,final-main,product-shots/LONG-W1270/main.jpg,1200,1200,RGB,False,1.0,1.0,pass,4f99f7dc5472f154a35f2524d00acfdc3b9498c865223e8363133fe030c49d45
LONG-W1300,main.jpg,final-main,product-shots/LONG-W1300/main.jpg,1200,1200,RGB,False,1.0,1.0,pass,efb280d9a1c21cb60f1c1822837fb7f28bac574dc874669f2ccb591ae3228204
LONG-W1309,main.jpg,final-main,product-shots/LONG-W1309/main.jpg,1200,1200,RGB,False,1.0,1.0,pass,7b6bd7f9c924c6d9cb7dfdaef51d0354ed11c1e8fd6d71477a1d2a8e74fc5802
LONG-W1313,main.jpg,final-main,product-shots/LONG-W1313/main.jpg,1200,1200,RGB,False,1.0,1.0,pass,27f13ec6cdbe7d45a7b9a483bcefb92e36148cdb62d33e9dcf6e76a3a116ce73
LONG-W1322,main.jpg,final-main,product-shots/LONG-W1322/main.jpg,1200,1200,RGB,False,1.0,1.0,pass,7b98fcac7f9bce0adc41a273b04e139703892c9ed08b7afb02a123bbbdb4cab7
LONG-W1325,main.jpg,final-main,product-shots/LONG-W1325/main.jpg,1200,1200,RGB,False,1.0,1.0,pass,81062673ce538f9cd6008ebb31b327c90e16574d75489e2ce2907ae15505fe34
LONG-W1326,main.jpg,final-main,product-shots/LONG-W1326/main.jpg,1200,1200,RGB,False,1.0,1.0,pass,52d51987492d3148573bcf4a8119fab2a9d15784620ddd7d9cb7fd60334cb9ba
LONG-W1327,main.jpg,final-main,product-shots/LONG-W1327/main.jpg,1200,1200,RGB,False,1.0,1.0,pass,a3f50d2ea2455e2966ccfd25bac3815220f48a416cf3aaa7c082b9d586ef5f53
LONG-W1334,main.jpg,final-main,product-shots/LONG-W1334/main.jpg,1200,1200,RGB,False,1.0,1.0,pass,436365ba1b6e86a4373cb0dbfeffd3356576ac4f3d72ca9669edd9dc70fd23ec
LONG-W1335,main.jpg,final-main,product-shots/LONG-W1335/main.jpg,1200,1200,RGB,False,1.0,1.0,pass,e50787ad590fbd76529d33c8bca03be49b3019e6e0207c45593b6389ee2714bf
LONG-W1348,main.jpg,final-main,product-shots/LONG-W1348/main.jpg,1200,1200,RGB,False,1.0,1.0,pass,8f8a36550ae7dfb1918eeb19cc28542df2b47b3a701db13078d7ae735bf5058d
LONG-W1358,main.jpg,final-main,product-shots/LONG-W1358/main.jpg,1200,1200,RGB,False,1.0,1.0,pass,a1229b57e161b7ef7cce439999b62eaf74518886583cfb87d2b1dd292f385825
LONG-W1363,main.jpg,final-main,product-shots/LONG-W1363/main.jpg,1200,1200,RGB,False,1.0,1.0,pass,54acdd9de87ba516aa11ad6cbc863b94aa287743153068ffaf35f51113584171
LONG-W1365,main.jpg,final-main,product-shots/LONG-W1365/main.jpg,1200,1200,RGB,False,1.0,1.0,pass,5d87c6a0fca2f96e019459c3f8e5c3182de8d2c11282facce22353dec14a1110
LONG-W1377,main.jpg,final-main,product-shots/LONG-W1377/main.jpg,1200,1200,RGB,False,1.0,1.0,pass,2ac84ae39c4e8590fcece2370605de51a69e7f9518b6a340ac1ee608188c834b
LONG-W1380,main.jpg,final-main,product-shots/LONG-W1380/main.jpg,1200,1200,RGB,False,1.0,1.0,pass,76c13b6be7e7656fc3f5b1dd1952bd5be8bbefdc248bb4e6d81319dfcc028dd3
LONG-W1395,main.jpg,final-main,product-shots/LONG-W1395/main.jpg,1200,1200,RGB,False,1.0,1.0,pass,94ed6b385c28c0a109a382496bf2dd88a81e9df9fee6f01e6c0b3218c774214d
LONG-W1396,main.jpg,final-main,product-shots/LONG-W1396/main.jpg,1200,1200,RGB,False,1.0,1.0,pass,118e5386cbfcd9963c4807bfc9f6bad39a91996b7e9f455882ae107f8edf2cd4
LONG-W141,main.jpg,final-main,product-shots/LONG-W141/main.jpg,1200,1200,RGB,False,1.0,1.0,pass,8831c629f720dbee994412fd3ac8b3b3084c7999624a15ebc8bfc832d61c25c2
LONG-W1425,main.jpg,final-main,product-shots/LONG-W1425/main.jpg,1200,1200,RGB,False,1.0,1.0,pass,3213c048b046a2ad06b1f2bd8e778f1c8794adcdea007b124a943416df88d020
LONG-W1426,main.jpg,final-main,product-shots/LONG-W1426/main.jpg,1200,1200,RGB,False,1.0,1.0,pass,4f4bae8e32d4cf1b3f32923f90bdc67a40b13fce87c5f32e07081a17b931f335
LONG-W1427,main.jpg,final-main,product-shots/LONG-W1427/main.jpg,1200,1200,RGB,False,1.0,1.0,pass,31bd88da3b5fb7c027a45ab6e8334dd233cdb183b7356f474e869791bcc0d746
LONG-W1434,main.jpg,final-main,product-shots/LONG-W1434/main.jpg,1200,1200,RGB,False,1.0,1.0,pass,e1b2caf5bd99aed89c53157921729f97a0a8b3deaa64da910b9f79e7e1a1bd9a
LONG-W1435,main.jpg,final-main,product-shots/LONG-W1435/main.jpg,1200,1200,RGB,False,1.0,1.0,pass,ff153bdd011926be4297e0865920a941d80de878732be5f8788808e26296ac82
LONG-W1455,main.jpg,final-main,product-shots/LONG-W1455/main.jpg,1200,1200,RGB,False,1.0,1.0,pass,30a20cb73ba0887d46d78be19c78479f06cc7761aacfa51237636bfd01733045
LONG-W1461,main.jpg,final-main,product-shots/LONG-W1461/main.jpg,1200,1200,RGB,False,1.0,1.0,pass,66066d01111e7e9b1d0a0c877941cb6412cbc5ede4ab317edfeef2fa3b15ef34
LONG-W1462,main.jpg,final-main,product-shots/LONG-W1462/main.jpg,1200,1200,RGB,False,1.0,1.0,pass,365c4e8c05524cc74d7ee9c4669a9d4c8ac6976d98bcce6caf27d89d1599984e
LONG-W1474,main.jpg,final-main,product-shots/LONG-W1474/main.jpg,1200,1200,RGB,False,1.0,1.0,pass,8e4167dd413f69076fc22d3d911098ab0048861ecbf49d33f5025c8ac300d64e
LONG-W1478,main.jpg,final-main,product-shots/LONG-W1478/main.jpg,1200,1200,RGB,False,1.0,1.0,pass,085569222b2282d42441dba2414d4065574bcdcefc9a6585e912f2494adbacc7
LONG-W1495,main.jpg,final-main,product-shots/LONG-W1495/main.jpg,1200,1200,RGB,False,1.0,1.0,pass,4c657108a598f468f9f942b0a12c30f8af4fbaea55ee692689535fb399e8cf64
LONG-W1497,main.jpg,final-main,product-shots/LONG-W1497/main.jpg,1200,1200,RGB,False,1.0,1.0,pass,4e720b728c85e4ece8927bd2d359898f351c16e2d81146f4a294e36f31971956
LONG-W1502,main.jpg,final-main,product-shots/LONG-W1502/main.jpg,1200,1200,RGB,False,1.0,1.0,pass,f0f063810a5825fead28d73c7891d7d1e2b50c86afe96a28be8ba87c26d16f6d
LONG-W1521,main.jpg,final-main,product-shots/LONG-W1521/main.jpg,1200,1200,RGB,False,1.0,1.0,pass,bf3b16fe1c9d1dd67aa664ac15eb2c490fa6db6adbfaf9583780c0588d3437ee
LONG-W1526,main.jpg,final-main,product-shots/LONG-W1526/main.jpg,1200,1200,RGB,False,1.0,1.0,pass,77746e183dadffd89b70ffed5850a6c52168d853a1571ab753d3d344d664db46
LONG-W1532,main.jpg,final-main,product-shots/LONG-W1532/main.jpg,1200,1200,RGB,False,1.0,1.0,pass,000afcb1bda43e336c8ed500e70b9561f07334388f7497f4db25878f485b7204
LONG-W1534,main.jpg,final-main,product-shots/LONG-W1534/main.jpg,1200,1200,RGB,False,1.0,1.0,pass,83749f7a90bd7bac55763b4e5e41d91acb4ed4a4648d10215a658fad49df327f
LONG-W1541,main.jpg,final-main,product-shots/LONG-W1541/main.jpg,1200,1200,RGB,False,1.0,1.0,pass,a9222a7246ede020878ba3a9e9b448e700eeb3ffa7a09495d5782233309488d6
LONG-W1545,main.jpg,final-main,product-shots/LONG-W1545/main.jpg,1200,1200,RGB,False,1.0,1.0,pass,2123d83b40d413f631f9f24e6221f5f3f3b4b36cefc64243caa64a978704749e
LONG-W1546,main.jpg,final-main,product-shots/LONG-W1546/main.jpg,1200,1200,RGB,False,1.0,1.0,pass,b974014b1f51f1f4729d1f191c6e42989cf8d807f22d65a83ff55a9c3ea96990
LONG-W1555,main.jpg,final-main,product-shots/LONG-W1555/main.jpg,1200,1200,RGB,False,0.164795,1.0,pass,965128f52415c9b6c9ca7031e81e3b7347c3aec118e26b54c392831a94b881ec
LONG-W1632,main.jpg,final-main,product-shots/LONG-W1632/main.jpg,1200,1200,RGB,False,0.164795,1.0,pass,d4b22e19830fec6f73570ef3f137216117c252c3e491fb6d29bc3fa8a44975e8
LONG-W1641,main.jpg,final-main,product-shots/LONG-W1641/main.jpg,1200,1200,RGB,False,1.0,1.0,pass,c6e235a4d5370968332f0ec9894c845d7694ff72f8b33bb6965a300d181e1f7b
LONG-W1659,main.jpg,final-main,product-shots/LONG-W1659/main.jpg,1200,1200,RGB,False,1.0,1.0,pass,af508387fc655ee0d579953fc046a782b994754d533da6f48872d0448859dc72
LONG-W1701,main.jpg,final-main,product-shots/LONG-W1701/main.jpg,1200,1200,RGB,False,1.0,1.0,pass,c500e922ed2fb01e68c5db50e1bba830604c2ee36ebde62acadc460a05dedd7e
LONG-W1711,main.jpg,final-main,product-shots/LONG-W1711/main.jpg,1200,1200,RGB,False,1.0,1.0,pass,5a62f4eedb57bf89bc4dc60227d919d4991abe749218c8b24f837126123da963
LONG-W2118,main.jpg,final-main,product-shots/LONG-W2118/main.jpg,1200,1200,RGB,False,1.0,1.0,pass,5658c0b3f0423ae92510fbdf0bdc55e6678e4fbbd6cf9fc1e299fb88cda29e74
LONG-W2120,main.jpg,final-main,product-shots/LONG-W2120/main.jpg,1200,1200,RGB,False,1.0,1.0,pass,2f696ce950645ec1a1158d458fbb42d9fe71096cc96d47919156e49c87cd50cb
LONG-W2121,main.jpg,final-main,product-shots/LONG-W2121/main.jpg,1200,1200,RGB,False,1.0,1.0,pass,cd427507780317b6a070ccf24ef13f455884807ff5b0424a80fc21243457fb2f
LONG-W2182,main.jpg,final-main,product-shots/LONG-W2182/main.jpg,1200,1200,RGB,False,1.0,1.0,pass,1970ada2b9c985b3646b8dd8945e97d50947ce37dc33c81f78054cd412af86ae
LONG-W2216,main.jpg,final-main,product-shots/LONG-W2216/main.jpg,1200,1200,RGB,False,0.181885,1.0,pass,e4b437f347eee926fa584e32b516e1a899f78f61e9cdb234d2595a8060879aaa
LONG-W297,main.jpg,final-main,product-shots/LONG-W297/main.jpg,1200,1200,RGB,False,1.0,1.0,pass,b69b4c0100388f4392cab48573e578f4ef131ec42b756012af07f29b31e6bfe8
LONG-WL25,main.jpg,final-main,product-shots/LONG-WL25/main.jpg,1200,1200,RGB,False,0.189941,1.0,pass,bdfdaebad75b5bb7e84acfd9679cea66ee4ca98aa55b8b2b8ca1cb262fc4721a
LONG-WL29,main.jpg,final-main,product-shots/LONG-WL29/main.jpg,1200,1200,RGB,False,0.176758,1.0,pass,af1707b67b8c27f70493a7e4288a0b0d997d7609d98969339d0284f83c5b0366
LONG-WL71,main.jpg,final-main,product-shots/LONG-WL71/main.jpg,1200,1200,RGB,False,1.0,1.0,pass,ccba9f1e0c6b3a2bb0b9ed76c39877216f2999f0bd92fd1c5b939e01ff44dc28
LONG-WL73,main.jpg,final-main,product-shots/LONG-WL73/main.jpg,1200,1200,RGB,False,0.16626,1.0,pass,4eb9b1944bb5d142ff0c0ae5b987ed032fcaea086964261b6dee3d88bb7e7d66
LONG-WL80,main.jpg,final-main,product-shots/LONG-WL80/main.jpg,1200,1200,RGB,False,0.149658,1.0,pass,474e0aba0d47c4d90a1270dc24e43a6310955d0575699ee3607e4dc366a4d199
LONG-WW480,main.jpg,final-main,product-shots/LONG-WW480/main.jpg,1200,1200,RGB,False,1.0,1.0,pass,83e29f67a6a9d269bc4494f8bdf31628d5f1db8a62c498b8cfe3d1853e21fb5c
LONG-WW517,main.jpg,final-main,product-shots/LONG-WW517/main.jpg,1200,1200,RGB,False,0.194092,1.0,pass,0c26ebb7af87086b62d4301032fe0768a8fe035379ec66908be94feb7d65434c
LONG-WW557,main.jpg,final-main,product-shots/LONG-WW557/main.jpg,1200,1200,RGB,False,1.0,1.0,pass,31c12383813193735664df2443d373adc58633d6a2987bbc0e69382666153ad6
LONG-WW647,main.jpg,final-main,product-shots/LONG-WW647/main.jpg,1200,1200,RGB,False,1.0,1.0,pass,5d2d9b7b0b2a73f42924dfc6f414323d96ca3f8952c9e1c43f1983dec3998e74
LONG-WW672,main.jpg,final-main,product-shots/LONG-WW672/main.jpg,1200,1200,RGB,False,1.0,1.0,pass,46152bd34f5123626da4d3bc5000bf003561afdab771bc28e05122331116fa01
LONG-WW705,main.jpg,final-main,product-shots/LONG-WW705/main.jpg,1200,1200,RGB,False,0.162109,1.0,pass,60cc3da5caa0e6d40b6f7f9d717fd30e6bb6b3adecee3c8cd9d77e7304af276d
LONG-WW725,main.jpg,final-main,product-shots/LONG-WW725/main.jpg,1200,1200,RGB,False,1.0,1.0,pass,8e9c6738c8cd0e21dd19f79f8f5c97c740dfeb819c30cae67aa632e42e111e61
LONG-WW756,main.jpg,final-main,product-shots/LONG-WW756/main.jpg,1200,1200,RGB,False,1.0,1.0,pass,ec73c8e8a2de434736a8ff0d61c1ff2ad25caad3199f14a0ba200a947c3592dd
LONG-WW758,main.jpg,final-main,product-shots/LONG-WW758/main.jpg,1200,1200,RGB,False,1.0,1.0,pass,a1cd182dbc27745965940f03e640a6a974476b557ecb451d922995eaad672a3b
LONG-WW877,main.jpg,final-main,product-shots/LONG-WW877/main.jpg,1200,1200,RGB,False,0.147461,1.0,pass,7adc6c6736ee6556716c370e1ef9759d85bbbf525c5a29c21b7101afbe834936
LONG-WWNL1.649.4.72.6,main.jpg,final-main,product-shots/LONG-WWNL1.649.4.72.6/main.jpg,1200,1200,RGB,False,1.0,1.0,pass,fc4dda5f7782b6be32cfe56b1cc5d47c03c53357a82d791cce50e5dc899a536f
LONG-WWNL2.708.4.78.3,main.jpg,final-main,product-shots/LONG-WWNL2.708.4.78.3/main.jpg,1200,1200,RGB,False,1.0,1.0,pass,bca595de5d8b852e47d7f997ff26e899205657aa9ea5e9f3d724d7e6234ae6fc
LONG-WWNL2.816.4.53.2,main.jpg,final-main,product-shots/LONG-WWNL2.816.4.53.2/main.jpg,1200,1200,RGB,False,1.0,1.0,pass,d442302a800bfb730b32da59acea3cb6ce36d3d06b2305c7a85c688f63226e78
LONG-WWNL2.820.4.96.6,main.jpg,final-main,product-shots/LONG-WWNL2.820.4.96.6/main.jpg,1200,1200,RGB,False,1.0,1.0,pass,0546d842ec02abc78237ae39da761a18313f53d201f566ce963d8c8fe10e9ef7
LONG-WWNL2.821.4.96.4,main.jpg,final-main,product-shots/LONG-WWNL2.821.4.96.4/main.jpg,1200,1200,RGB,False,1.0,1.0,pass,31bae1c62853a752af2710a24339da9cbb3eafad179ee63c1541657ebe9784f5
LONG-WWNL2.827.4.73.0,main.jpg,final-main,product-shots/LONG-WWNL2.827.4.73.0/main.jpg,1200,1200,RGB,False,1.0,1.0,pass,0de1b52d6a8bcc0c1183e0643fa1e2a658c7b8f3cb1228e944b5e6449a27c1a3
LONG-WWNL2.828.4.53.2,main.jpg,final-main,product-shots/LONG-WWNL2.828.4.53.2/main.jpg,1200,1200,RGB,False,1.0,1.0,pass,c92822b5c5f5534fea4d8fb517b5e71cc3b90abff7a89aacc166333c1220e671
LONG-WWNL3.374.4.30.2,main.jpg,final-main,product-shots/LONG-WWNL3.374.4.30.2/main.jpg,1200,1200,RGB,False,1.0,1.0,pass,97220d21180a517792ff78d28743d33f21a0793fbb9cdff53b650e538abc90a0
LONG-WWNL3.374.4.40.2,main.jpg,final-main,product-shots/LONG-WWNL3.374.4.40.2/main.jpg,1200,1200,RGB,False,1.0,1.0,pass,01172ead94d959a955ff1cce5b8ed39c98ee74e9963a8be43eb3927b76fda14f
LONG-WWNL3.410.4.63.2,main.jpg,final-main,product-shots/LONG-WWNL3.410.4.63.2/main.jpg,1200,1200,RGB,False,1.0,1.0,pass,81a5b96ace1bffc5a4eb2648a6aa4509b7655ba85f0504b6ae4ac352c8b31e97
LONG-WWNL3.410.4.93.0,main.jpg,final-main,product-shots/LONG-WWNL3.410.4.93.0/main.jpg,1200,1200,RGB,False,1.0,1.0,pass,7225d5ae9515a0fddfc117ce7da603e1a31be00e4eb6e142d4a890a5d3c6bbaf
LONG-WWNL3.774.4.70.2,main.jpg,final-main,product-shots/LONG-WWNL3.774.4.70.2/main.jpg,1200,1200,RGB,False,1.0,1.0,pass,81d15e85388baa65cd4dddcabf775259e59c2fafe46dcca7febce2a82b18ba21
LONG-WWNL3.781.4.96.6,main.jpg,final-main,product-shots/LONG-WWNL3.781.4.96.6/main.jpg,1200,1200,RGB,False,1.0,1.0,pass,2dbee4a800724d02c230740bf188781cc055e18db819fa3f75b8a71362742026
LONG-WWNL3.810.4.03.2,main.jpg,final-main,product-shots/LONG-WWNL3.810.4.03.2/main.jpg,1200,1200,RGB,False,1.0,1.0,pass,d5dbb0db90ab200ab6b5ba8f8debf5a5a95f263a71159d1be648323b31bc3644
LONG-WWNL3.811.4.73.6,main.jpg,final-main,product-shots/LONG-WWNL3.811.4.73.6/main.jpg,1200,1200,RGB,False,1.0,1.0,pass,bef7254288c002b48ea6ee37e97a8e8159c3d8b417bee0e2e2470f412458b40c
LONG-WWNL3.811.4.93.0,main.jpg,final-main,product-shots/LONG-WWNL3.811.4.93.0/main.jpg,1200,1200,RGB,False,1.0,1.0,pass,33d69fdd687b7810d8cc9fb6f654425d4d80ffbf3f645c884a44c95acba23154
LONG-WWNL3.812.4.63.2,main.jpg,final-main,product-shots/LONG-WWNL3.812.4.63.2/main.jpg,1200,1200,RGB,False,1.0,1.0,pass,c8366b09a9499e182a7338ee904ee77d40070d8e30199d48212b83affa6ba29e
LONG-WWNL3.812.4.63.6,main.jpg,final-main,product-shots/LONG-WWNL3.812.4.63.6/main.jpg,1200,1200,RGB,False,1.0,1.0,pass,5bdf00bb48e9fe07aa184f8c7d529e2ff8f153fa08fe243ec8281477e8501725
LONG-WWNL3.821.4.53.9,main.jpg,final-main,product-shots/LONG-WWNL3.821.4.53.9/main.jpg,1200,1200,RGB,False,1.0,1.0,pass,c42715ef2301727491d5d812bc0a709483d9c161c6a25b3c06e6ca00ffadf03a
LONG-WWNL3.830.4.62.6,main.jpg,final-main,product-shots/LONG-WWNL3.830.4.62.6/main.jpg,1200,1200,RGB,False,1.0,1.0,pass,dfb453298c9b03be5f99ceb5fe70c920d3c45490e81a7dc17edec1edf1124e59
LONG-WWNL4.274.0.87.6,main.jpg,final-main,product-shots/LONG-WWNL4.274.0.87.6/main.jpg,1200,1200,RGB,False,1.0,1.0,pass,d78a51c9ab714a911a9a2055b6e98d49b0e7399347e06b3302364d1cf450e3fc
LONG-WWNL4.825.4.52.0,main.jpg,final-main,product-shots/LONG-WWNL4.825.4.52.0/main.jpg,1200,1200,RGB,False,1.0,1.0,pass,3f2eefb71a0de10c4e2cc2cd51db7414af1f1613a630995efa30ee830af06a3b
LONG-WWNL4.911.4.77.6,main.jpg,final-main,product-shots/LONG-WWNL4.911.4.77.6/main.jpg,1200,1200,RGB,False,1.0,1.0,pass,f70f5a817d69e3a8333fef9b388183f7630b0ea30d253d8261d8d7fe9cff5654
LONG-WWNL4.974.3.37.7,main.jpg,final-main,product-shots/LONG-WWNL4.974.3.37.7/main.jpg,1200,1200,RGB,False,1.0,1.0,pass,4d63e3386910f4de8d82cf526ade3af84868c12905773983306983a73fd056ae
LONG-WWNL5.255.4.71.5,main.jpg,final-main,product-shots/LONG-WWNL5.255.4.71.5/main.jpg,1200,1200,RGB,False,1.0,1.0,pass,34df7466e97c35ea2c0903d1a7664882c888dafbc39f2be8f12a727186f2de2d
LONG-WWNL5.255.5.89.7,main.jpg,final-main,product-shots/LONG-WWNL5.255.5.89.7/main.jpg,1200,1200,RGB,False,1.0,1.0,pass,db9ae7998524d2d132d3a3b279e066d25cb5d2ded9535fe92e8d412f05339521
LONG-WWNL6.141.4.71.6,main.jpg,final-main,product-shots/LONG-WWNL6.141.4.71.6/main.jpg,1200,1200,RGB,False,1.0,1.0,pass,520fd1d51202e84ad5562b15b0ff8415702ad1eb6e1b60f9a20654211e17bb1b
LONG-WWNL8.111.4.87.6,main.jpg,final-main,product-shots/LONG-WWNL8.111.4.87.6/main.jpg,1200,1200,RGB,False,1.0,1.0,pass,ade2ce786029f5cccd1c21019080c0b2e4b1fe9b469ad1907a66ac02d1db6ac5
LONG-WWNL8.116.4.71.6,main.jpg,final-main,product-shots/LONG-WWNL8.116.4.71.6/main.jpg,1200,1200,RGB,False,1.0,1.0,pass,ed6df056d3a1e8996f63f982ec2ab62a2c9b77006131011c177bd7bd1d624d92
LONG-WWNL8.124.4.87.6,main.jpg,final-main,product-shots/LONG-WWNL8.124.4.87.6/main.jpg,1200,1200,RGB,False,1.0,1.0,pass,6659897d7b0edae8ecf086f795c6b1ab21024c10bbf65b37001b33fa1b3c38d5
LONG-WWNL8.126.5.79.7,main.jpg,final-main,product-shots/LONG-WWNL8.126.5.79.7/main.jpg,1200,1200,RGB,False,1.0,1.0,pass,16dd742fa3e7bab4f69be0a51579d90994cb553a8a116139ecd599abb7b7170b
OMEG-W1161,main.jpg,final-main,product-shots/OMEG-W1161/main.jpg,1200,1200,RGB,False,1.0,1.0,pass,4b4cf84696edea5cf09b1872386860b40696e10ef49e4bb648041ddfae0bc870
OMEG-W1178,main.jpg,final-main,product-shots/OMEG-W1178/main.jpg,1200,1200,RGB,False,1.0,1.0,pass,d67dd466b5e6ee5eef85fce70e94bd068781e2e95c179f4431919329222baabb
OMEG-W1221,main.jpg,final-main,product-shots/OMEG-W1221/main.jpg,1200,1200,RGB,False,1.0,1.0,pass,941ab8f1470c254c2ee4e0716bf0311d1b063efe9577cf48367e719ffffcd11c
OMEG-WL42,main.jpg,final-main,product-shots/OMEG-WL42/main.jpg,1200,1200,RGB,False,0.172607,1.0,pass,7e44b47431919e443d11c70b2a082b9c19ae8585b87d2e7957128b4a68c6af59
OMEG-WWN210.22.42.20.01.002,main.jpg,final-main,product-shots/OMEG-WWN210.22.42.20.01.002/main.jpg,1200,1200,RGB,False,1.0,1.0,pass,6e4202498a37cb147130c1a7b7f4d7946b5caa9e628ccd14f10067d7edf2350e
OMEG-WWN210.32.42.20.01.003,main.jpg,final-main,product-shots/OMEG-WWN210.32.42.20.01.003/main.jpg,1200,1200,RGB,False,1.0,1.0,pass,31bfdcb51d8d2fe2cfc131bb6325deba7633bec8f587e5b96051fc7b6f5631a1
OMEG-WWN210.32.42.20.03.001,main.jpg,final-main,product-shots/OMEG-WWN210.32.42.20.03.001/main.jpg,1200,1200,RGB,False,1.0,1.0,pass,4b7a5d68f9a6fbf1a648570b47688d20dd1d3456cd455e7de069581709cf8ff0
OMEG-WWN215.30.46.51.01.002,main.jpg,final-main,product-shots/OMEG-WWN215.30.46.51.01.002/main.jpg,1200,1200,RGB,False,1.0,1.0,pass,c9cb12b45c75761d83248a6b6face04dd430f6609c26aa1cf82e4f6d11d90156
OMEG-WWN215.33.44.21.01.001,main.jpg,final-main,product-shots/OMEG-WWN215.33.44.21.01.001/main.jpg,1200,1200,RGB,False,1.0,1.0,pass,b01b06d4203aba66c99ab3c98df31bd1f464fc6ba3e98e091c02af6f0dc44fbd
OMEG-WWN215.33.44.22.01.001,main.jpg,final-main,product-shots/OMEG-WWN215.33.44.22.01.001/main.jpg,1200,1200,RGB,False,1.0,1.0,pass,80f4a135831d62dea9282cd958093492471487952eb3a2051cb0d624f95e1260
OMEG-WWN215.92.46.21.01.001,main.jpg,final-main,product-shots/OMEG-WWN215.92.46.21.01.001/main.jpg,1200,1200,RGB,False,1.0,1.0,pass,d72a833981cf67b633fe672841078b102d3dd5cf36caf8dd355f95bda9dfe64b
OMEG-WWN220.10.41.21.01.001,main.jpg,final-main,product-shots/OMEG-WWN220.10.41.21.01.001/main.jpg,1200,1200,RGB,False,1.0,1.0,pass,c29ebbbf05aaf2a062453dc8f278dab79fce3d073302c51f2d5381b9a807277c
OMEG-WWN304.30.43.52.01.001,main.jpg,final-main,product-shots/OMEG-WWN304.30.43.52.01.001/main.jpg,1200,1200,RGB,False,1.0,1.0,pass,b7eff0bb12eae3025a5b2f0440d4e3d029fd10f17a329529812ba5ce4f9d0ea4
OMEG-WWN310.32.42.50.01.001,main.jpg,final-main,product-shots/OMEG-WWN310.32.42.50.01.001/main.jpg,1200,1200,RGB,False,1.0,1.0,pass,116b76e8077da7c02abc48c1d267496ca67184f9dea8a64222ba7b0717633b36
OMEG-WWN311.63.44.51.99.001,main.jpg,final-main,product-shots/OMEG-WWN311.63.44.51.99.001/main.jpg,1200,1200,RGB,False,1.0,1.0,pass,045e8bff2e0b968e3317bc72daba95a32a160ea0c207af26f3e7078851596f3a
OMEG-WWN311.92.44.51.01.005,main.jpg,final-main,product-shots/OMEG-WWN311.92.44.51.01.005/main.jpg,1200,1200,RGB,False,1.0,1.0,pass,52e9e66e001a455fb6de351d0aa62b3220509a5d00c23f1be2d2e28d4b475f02
OMEG-WWN324.30.38.50.02.001,main.jpg,final-main,product-shots/OMEG-WWN324.30.38.50.02.001/main.jpg,1200,1200,RGB,False,1.0,1.0,pass,b98f353e565e463bc8a86df169e913e6edf1de647e5f39cdfb5850229bc74b2c
OMEG-WWN332.10.41.51.01.002,main.jpg,final-main,product-shots/OMEG-WWN332.10.41.51.01.002/main.jpg,1200,1200,RGB,False,1.0,1.0,pass,76319e318a60f0cf8843444b5b1a3ffaadfca89976ffb41555114b21fb37f33c
OMEG-WWN424.10.40.20.02.002,main.jpg,final-main,product-shots/OMEG-WWN424.10.40.20.02.002/main.jpg,1200,1200,RGB,False,1.0,1.0,pass,ed55fb2e97553e030bba66298c077220b0d9a0c9d62b2595ea5e8c4d4ad673e5
OMEG-WWN428.17.26.60.04.009,main.jpg,final-main,product-shots/OMEG-WWN428.17.26.60.04.009/main.jpg,1200,1200,RGB,False,1.0,1.0,pass,238d6ba6719bd0b55bcb241dc4f69f75dc9b11565a40305ef1d0c5231db1f561
OMEG-WWN434.10.30.60.02.001,main.jpg,final-main,product-shots/OMEG-WWN434.10.30.60.02.001/main.jpg,1200,1200,RGB,False,1.0,1.0,pass,26585db6f5c6254af84432dbca8568ec3a96fbc56f92c257571efe471637b9a3
OMEG-WWN434.10.40.20.02.001,main.jpg,final-main,product-shots/OMEG-WWN434.10.40.20.02.001/main.jpg,1200,1200,RGB,False,1.0,1.0,pass,b225e0545b1781f2aaebde1743a736956c3943b8812eb2f1ae75749199c4c786
OMEG-WWN435.13.40.22.01.001,main.jpg,final-main,product-shots/OMEG-WWN435.13.40.22.01.001/main.jpg,1200,1200,RGB,False,1.0,1.0,pass,9611afce64ae51f952692c13f1377790e82882962bd72a17361962c376c0e189
RM1103,angle-2.jpg,secondary-gallery,product-shots/RM1103/angle-2.jpg,2160,2160,RGB,False,1.0,1.0,pass,9ef15bb58ca9dce54c066be2c384bf9b929536dbce9dde93d07dc65016dc7fb2
RM1103,angle-5.jpg,secondary-gallery,product-shots/RM1103/angle-5.jpg,2160,2160,RGB,False,1.0,1.0,pass,f184c158491581e1a4f916b0a1798662f2b71b8a25292af1866aeb3f913ca73e
RM1103,main.jpg,final-main,product-shots/RM1103/main.jpg,1200,1200,RGB,False,1.0,1.0,pass,a6d5f3b7162e9c2ec6a134fbe08c3af9ff52b47115c1e43ee288b3f99c6b0b5a
ROLEX-AVERY-116903,main.jpg,final-main,product-shots/ROLEX-AVERY-116903/main.jpg,1200,1200,RGB,False,0.160645,1.0,pass,a3ee9c69cfa1430af2e08d57c5c4ca2523e18786c379bb05927af5d7587b3d5a
ROLEX-AVERY-124060,main.jpg,final-main,product-shots/ROLEX-AVERY-124060/main.jpg,1200,1200,RGB,False,0.140137,1.0,pass,6a442f54870f30f8d585d670ec726d511b8c7540ea38927887d1225021cdcfd4
ROLEX-AVERY-124270,main.jpg,final-main,product-shots/ROLEX-AVERY-124270/main.jpg,1200,1200,RGB,False,0.137939,1.0,pass,6c4c20ad289979ccedada0675d8e37eaca77da00cc965647474ed09efa4615f2
ROLEX-AVERY-124300,main.jpg,final-main,product-shots/ROLEX-AVERY-124300/main.jpg,1200,1200,RGB,False,0.17334,1.0,pass,b31c1f70a86286305621d08423aed0b60e41ecbb3f6f8c9e2a570c8091669825
ROLEX-AVERY-126000,main.jpg,final-main,product-shots/ROLEX-AVERY-126000/main.jpg,1200,1200,RGB,False,0.160645,1.0,pass,39a3cf151363a7dad411287b83a4fe8f1ee8e9ebef14543b10a539ce86a92a64
ROLEX-AVERY-126200,main.jpg,final-main,product-shots/ROLEX-AVERY-126200/main.jpg,1200,1200,RGB,False,0.206055,1.0,pass,25b97164316a7de47627a1cb62846ecca9c50a6ea066f395abce158277851acb
ROLEX-AVERY-126200-Blue,main.jpg,final-main,product-shots/ROLEX-AVERY-126200-Blue/main.jpg,1200,1200,RGB,False,0.165039,1.0,pass,d9cf26fee43b4cb1d19341c2af23b1a3559738d97b72d7399d80a4646606b05c
ROLEX-AVERY-126300,main.jpg,final-main,product-shots/ROLEX-AVERY-126300/main.jpg,1200,1200,RGB,False,0.174561,1.0,pass,deb678d708d2efaaa363050d2939748f3b1d5307e0261c50e76e2e408f0f2f60
ROLEX-AVERY-126300-Blue,main.jpg,final-main,product-shots/ROLEX-AVERY-126300-Blue/main.jpg,1200,1200,RGB,False,0.173584,1.0,pass,3239fbee63f93b3dffb25afb6142b40428c766cc86c873b0051737075975964f
ROLEX-AVERY-126334,main.jpg,final-main,product-shots/ROLEX-AVERY-126334/main.jpg,1200,1200,RGB,False,0.170654,1.0,pass,d0ac83a7cbbd38bf297984ec7902b74ea5440ae7b2926022e1b99e147d779049
ROLEX-AVERY-126600,main.jpg,final-main,product-shots/ROLEX-AVERY-126600/main.jpg,1200,1200,RGB,False,0.13916,1.0,pass,5ba0ea434cd4f27f1c76eb2ab273e8d18117b6375f873a3666fa1bf3cc39218a
ROLEX-AVERY-126603,main.jpg,final-main,product-shots/ROLEX-AVERY-126603/main.jpg,1200,1200,RGB,False,0.163818,1.0,pass,e83b0c514a343a9f648f1db8a4f027d537fcb4b5d942ccb094b50d13bee5d0b0
ROLEX-AVERY-126610LN,main.jpg,final-main,product-shots/ROLEX-AVERY-126610LN/main.jpg,1200,1200,RGB,False,0.144775,1.0,pass,5914ac99a1f1afaffe7deef09b5e9651c8d866e1acc1f8a8c4237be1767fa6c7
ROLEX-AVERY-126610LV,main.jpg,final-main,product-shots/ROLEX-AVERY-126610LV/main.jpg,1200,1200,RGB,False,0.148926,1.0,pass,ca718919f6337b9012890752e8a2877c5dc4d390b4dcfe04029516ed19090537
ROLEX-AVERY-126622,main.jpg,final-main,product-shots/ROLEX-AVERY-126622/main.jpg,1200,1200,RGB,False,0.172363,1.0,pass,d855d0517eeed1487b868836461a90bdc0a047349cad9cc5e2da881f1576bbd5
ROLEX-AVERY-126710BLNR,main.jpg,final-main,product-shots/ROLEX-AVERY-126710BLNR/main.jpg,1200,1200,RGB,False,0.170166,1.0,pass,970fd4f3838168a67f6c05addd7a92e52ef0b46527bda00395dc60689b110c10
ROLEX-AVERY-126710BLRO,main.jpg,final-main,product-shots/ROLEX-AVERY-126710BLRO/main.jpg,1200,1200,RGB,False,0.161377,1.0,pass,a9bc1ad10ecdd4cdb6801d76183af9a01a2641acad2a730e9d9a8f7dd885600f
ROLEX-AVERY-126713GRNR,main.jpg,final-main,product-shots/ROLEX-AVERY-126713GRNR/main.jpg,1200,1200,RGB,False,0.189209,1.0,pass,560eca66d6d2f86b6fcc4caea69d665cef1b3a83c4f925fc2f6df8be132f9a84
ROLEX-AVERY-126900,main.jpg,final-main,product-shots/ROLEX-AVERY-126900/main.jpg,1200,1200,RGB,False,0.150391,1.0,pass,1511c769296a70f3829e9e1bde4f0c7885138acc546913863f95e41d61a02bf3
ROLEX-AVERY-224270,main.jpg,final-main,product-shots/ROLEX-AVERY-224270/main.jpg,1200,1200,RGB,False,0.177979,1.0,pass,71eb816760d940b9e7a2f870c3eed86a326734c6567e5f9cc20ef78a2489abbe
ROLEX-AVERY-277200,main.jpg,final-main,product-shots/ROLEX-AVERY-277200/main.jpg,1200,1200,RGB,False,0.169434,1.0,pass,18c3b160f9a1a61706643656410d7b7cfad23b362ff96327d1f9ab222c005b5d
ROLEX-AVERY-278240,main.jpg,final-main,product-shots/ROLEX-AVERY-278240/main.jpg,1200,1200,RGB,False,0.16626,1.0,pass,345cdd6af86ba4be1e32720e67f2ddc16de512174f838398ef480fc94aa1dc26
ROLEX-AVERY-278344RBR,main.jpg,final-main,product-shots/ROLEX-AVERY-278344RBR/main.jpg,1200,1200,RGB,False,0.169189,1.0,pass,ba31eff7d1b9ae93e06fe65269ebe7520d24d105c2739dde7ca84e9ab10faa29
ROLEX-AVERY-279174,main.jpg,final-main,product-shots/ROLEX-AVERY-279174/main.jpg,1200,1200,RGB,False,0.200195,1.0,pass,e4acb79e0def2fb210fcc7e346d349111edd3b0ef5bfd0197b65c2f9df51625e
ROLEX-AVERY-336934,main.jpg,final-main,product-shots/ROLEX-AVERY-336934/main.jpg,1200,1200,RGB,False,0.164062,1.0,pass,e1c417c7cb3efee526bcaca0c5bcce0440adc56be6c5df44e9f88f1e73d49f34
TAG-011.00,main.jpg,final-main,product-shots/TAG-011.00/main.jpg,1200,1200,RGB,False,1.0,1.0,pass,f94c690792101d8dc61def559d59df09a6929eb212b72c44d830e812e6a298be
TAG-A10771,main.jpg,final-main,product-shots/TAG-A10771/main.jpg,1200,1200,RGB,False,1.0,1.0,pass,a0be1b11b58cda6ee7cb401e004187520d4df9b8c0288bbafc2a7ce1531b1067
TAG-A10829,main.jpg,final-main,product-shots/TAG-A10829/main.jpg,1200,1200,RGB,False,1.0,1.0,pass,8846ede7f3a05add463131ab76fb968052e92085721aefd98674b940f26a0099
TAG-NBMNIB,main.jpg,final-main,product-shots/TAG-NBMNIB/main.jpg,1200,1200,RGB,False,1.0,1.0,pass,13af381779317733fd1d13ca7aaf6f62f8e983a8e68151a613b457a1545c01ed
TAG-NRCANN,main.jpg,final-main,product-shots/TAG-NRCANN/main.jpg,1200,1200,RGB,False,1.0,1.0,pass,7e2e1372aa9511ca4d6996c480bed9bf7f0ee8e0cc141cc5bc3abe7cce137221
TUDO-W2139,main.jpg,final-main,product-shots/TUDO-W2139/main.jpg,1200,1200,RGB,False,0.167236,1.0,pass,085f0dc4b745c5cff724ebc2d38914596233eee98b90b377ec8e6083d85d4f59
TUDR-WWNM25610TNL-0001,main.jpg,final-main,product-shots/TUDR-WWNM25610TNL-0001/main.jpg,1200,1200,RGB,False,1.0,1.0,pass,cb7ec100a0220376d96e4f02c268535d45f2b226d9144e9604fff30b92e0d8f2
TUDR-WWNM51000-0004,main.jpg,final-main,product-shots/TUDR-WWNM51000-0004/main.jpg,1200,1200,RGB,False,1.0,1.0,pass,3886c137446ec0cb5753f879b09dacd14ac39d39ffbbbd6b6134d74e959488aa
TUDR-WWNM79310-0001,main.jpg,final-main,product-shots/TUDR-WWNM79310-0001/main.jpg,1200,1200,RGB,False,1.0,1.0,pass,845adf59f0cb1681d4f2d063f16b9b8a6e9b4e9ecb0b8485021b806e0ff8bd72
TUDR-WWNM79360N-0012,main.jpg,final-main,product-shots/TUDR-WWNM79360N-0012/main.jpg,1200,1200,RGB,False,1.0,1.0,pass,9435aee296a1c7b2673bfc058fa039b685d096a68accbc2a8ef9f5523fd9b3df
TUDR-WWNM79360N-0013,main.jpg,final-main,product-shots/TUDR-WWNM79360N-0013/main.jpg,1200,1200,RGB,False,1.0,1.0,pass,888d752547866fcc6f96c58f7c34d9254e9d06de75349bd9742c422fd4fd99e0
TUDR-WWNM7943A1A0NU-0002,main.jpg,final-main,product-shots/TUDR-WWNM7943A1A0NU-0002/main.jpg,1200,1200,RGB,False,1.0,1.0,pass,f7ae4481b345a7c1bd6a4b558f1c2eb81a1e282474940a605235152b1aec98f4
TUDR-WWNM79643-0002,main.jpg,final-main,product-shots/TUDR-WWNM79643-0002/main.jpg,1200,1200,RGB,False,1.0,1.0,pass,22e0fc2e52facc22be9452f19c7812ad7d18b620b15768688051b0ac57a9e901
TUDR-WWNM79680-0002,main.jpg,final-main,product-shots/TUDR-WWNM79680-0002/main.jpg,1200,1200,RGB,False,1.0,1.0,pass,cdda946b95b6f68dd96977983ee0102ca99a33d0616fb397f3bd51ff35d77720
TUDR-WWNM79833MN-0003,main.jpg,final-main,product-shots/TUDR-WWNM79833MN-0003/main.jpg,1200,1200,RGB,False,1.0,1.0,pass,1da1ca63a42395f17b0f98f0c1aa5ff678b13ad7e671d570d510bc50da9ebe27
TUDR-WWNM91451-0009,main.jpg,final-main,product-shots/TUDR-WWNM91451-0009/main.jpg,1200,1200,RGB,False,1.0,1.0,pass,6c3f97ab65649bd260204c0d31d377a36d7a3118fd342d0af9e2337766df6a44
W10,main.jpg,final-main,product-shots/W10/main.jpg,1200,1200,RGB,False,1.0,1.0,pass,2723591313b8d1071e05449473d9f6209c7d0d800572c4c0ea217898b3f34911
W11,main.jpg,final-main,product-shots/W11/main.jpg,1200,1200,RGB,False,1.0,1.0,pass,3d8cf1aef6667cd43a700cabffd18551bce9548202f1773607dd1539a608b6d8
W1100,main.jpg,final-main,product-shots/W1100/main.jpg,1200,1200,RGB,False,1.0,1.0,pass,6fb5a72764a2093fa7fa103a7c77899e44d6d7d62e7a786f80fdf3311c449032
W1101,main.jpg,final-main,product-shots/W1101/main.jpg,1200,1200,RGB,False,1.0,1.0,pass,08a9aafc0fedc2d0690ccd1537b942ab989d1918b6a60d7c22b736529b73566e
W1102,main.jpg,final-main,product-shots/W1102/main.jpg,1200,1200,RGB,False,1.0,1.0,pass,f7cb4279020b88934be1901688dfbcae9e64bd39f8ff27c1dc5bc18f8e4aac6f
W1103,main.jpg,final-main,product-shots/W1103/main.jpg,1200,1200,RGB,False,1.0,1.0,pass,387e21ae7a3bf4915267940b79e1fb52477aadd06122018e2f9091200fca9e26
W1104,main.jpg,final-main,product-shots/W1104/main.jpg,1200,1200,RGB,False,1.0,1.0,pass,e615f991ed5d431891f36fa85e71c4650369befca418987840e2c19b306c633a
W111,main.jpg,final-main,product-shots/W111/main.jpg,1200,1200,RGB,False,1.0,1.0,pass,2397bee78c9110d9b928343a77e053f5fb31ab92491642567fcb4b92b54bbf1d
W1112,main.jpg,final-main,product-shots/W1112/main.jpg,1200,1200,RGB,False,1.0,1.0,pass,4519c133c83bb01ee5e0ee80a8b1463288ec6da91deabeb6d6bd601b7088bd9c
W1114,main.jpg,final-main,product-shots/W1114/main.jpg,1200,1200,RGB,False,1.0,1.0,pass,97051c0e153c267705b53037f3de1e814fe1b1b5fb8331d6011ba4a2e58b37b3
W1115,main.jpg,final-main,product-shots/W1115/main.jpg,1200,1200,RGB,False,1.0,1.0,pass,b409ead7f6d6a9edf05c766296419016f0f99697ae03d895b280d839f9a2d531
W1116,main.jpg,final-main,product-shots/W1116/main.jpg,1200,1200,RGB,False,1.0,1.0,pass,1b88e62cbaa8f4224cdb6a97badfac370174b1527843791f557af8fe46bb5cf7
W112,main.jpg,final-main,product-shots/W112/main.jpg,1200,1200,RGB,False,1.0,1.0,pass,3261c2b8ca12085661d1c8e5d2a86bf09a73d93f78937c94878d309110c4621d
W1123,main.jpg,final-main,product-shots/W1123/main.jpg,1200,1200,RGB,False,1.0,1.0,pass,73aabe10d957b746563d0ed5b6d0c24446c91f552ec8cf091f5cdea140ccb947
W1124,main.jpg,final-main,product-shots/W1124/main.jpg,1200,1200,RGB,False,1.0,1.0,pass,a7baa59c703cb1a177e4c48aff834ed21c336599f1621680237c24406483dd10
W1125,main.jpg,final-main,product-shots/W1125/main.jpg,1200,1200,RGB,False,1.0,1.0,pass,4f8ccc121be960e273c0305d2bea71cf2d0794b4f1f8564b38f1a66f83b4801f
W113,main.jpg,final-main,product-shots/W113/main.jpg,1200,1200,RGB,False,1.0,1.0,pass,d8f8560d8eceb1dc2f3860dd33fb711c7c8fb85afc83dab8b1d85d2fb1266376
W1130,main.jpg,final-main,product-shots/W1130/main.jpg,1200,1200,RGB,False,1.0,1.0,pass,8a5a10c2e76ba111cf4451b1fc4056ebab317b3419bbb848a151231d471364ea
W1131,main.jpg,final-main,product-shots/W1131/main.jpg,1200,1200,RGB,False,1.0,1.0,pass,2f8f06b66af724c48cadf14a10502a938c9e6c60d01e1f8d96c4f6ca8002345c
W1133,main.jpg,final-main,product-shots/W1133/main.jpg,1200,1200,RGB,False,1.0,1.0,pass,e4c477c778ce80f9821175d39ce7a69a36dd40e12b4bb0ad5789a74c0479b87c
W1137,main.jpg,final-main,product-shots/W1137/main.jpg,1200,1200,RGB,False,1.0,1.0,pass,b89ac0edba65b9d6f26e6ae5b5a5095e4c37d0abf04240220ceff051cccf7f76
W1138,main.jpg,final-main,product-shots/W1138/main.jpg,1200,1200,RGB,False,1.0,1.0,pass,6b7d11e6cf72584ce1c3e5aaf828f8c469aaf07f2950e3b54a4eeff7cd183be5
W1150,main.jpg,final-main,product-shots/W1150/main.jpg,1200,1200,RGB,False,1.0,1.0,pass,a2f1631f65b05103ef7cfa83a761451a0fdd5c1d29db176e788c3ff60ff39fba
W1151,main.jpg,final-main,product-shots/W1151/main.jpg,1200,1200,RGB,False,1.0,1.0,pass,be072bb800ab6225ad9f5bc59771b54c0857403a24b3d6556b916d9b23f0b101
W1156,main.jpg,final-main,product-shots/W1156/main.jpg,1200,1200,RGB,False,1.0,1.0,pass,5ffcc54e1f8a7bcf3cdca189eb20f15b2eed9a99ecea1149aac1c02e03621e5d
W1158,main.jpg,final-main,product-shots/W1158/main.jpg,1200,1200,RGB,False,1.0,1.0,pass,71ccc9f1140ca0751206e9d47767581232463e68afaa6e94a3212e459bc7e01e
W116,main.jpg,final-main,product-shots/W116/main.jpg,1200,1200,RGB,False,1.0,1.0,pass,e898b8534a66fde515535c3be784ee8b7a6f5146d7ee81b150f3b21dcf578415
W1161,main.jpg,final-main,product-shots/W1161/main.jpg,1200,1200,RGB,False,1.0,1.0,pass,4b4cf84696edea5cf09b1872386860b40696e10ef49e4bb648041ddfae0bc870
W1162,main.jpg,final-main,product-shots/W1162/main.jpg,1200,1200,RGB,False,1.0,1.0,pass,50979d8923dedbb712bcc82d56f45a24eacc0ef0896b4adfa283e46d3c265d52
W1163,main.jpg,final-main,product-shots/W1163/main.jpg,1200,1200,RGB,False,1.0,1.0,pass,4d8a512225b0f889855b666daf77e74b3c1b25b1939ecf9986ecab2f19425ab1
W1164,main.jpg,final-main,product-shots/W1164/main.jpg,1200,1200,RGB,False,1.0,1.0,pass,5e2d4bbeeb8950a8bd849894f01bcb0300eadac03ff5218065e3f0072663b979
W1167,main.jpg,final-main,product-shots/W1167/main.jpg,1200,1200,RGB,False,1.0,1.0,pass,72b9daa38e2ea26cfbc1e0d255aeeabf549e2b9f551ae3bf44020ec8c62c9485
W117,main.jpg,final-main,product-shots/W117/main.jpg,1200,1200,RGB,False,1.0,1.0,pass,d9bce33901e39944d20b7e876e0d0668a5cd77220356ad5542d8abd71a698ead
W1178,main.jpg,final-main,product-shots/W1178/main.jpg,1200,1200,RGB,False,1.0,1.0,pass,d67dd466b5e6ee5eef85fce70e94bd068781e2e95c179f4431919329222baabb
W1179,main.jpg,final-main,product-shots/W1179/main.jpg,1200,1200,RGB,False,1.0,1.0,pass,192e9a916605b8822e9d5c6e56cbbcd9779f4848214befbb6f37ea2059b82ff9
W118,main.jpg,final-main,product-shots/W118/main.jpg,1200,1200,RGB,False,1.0,1.0,pass,07876f339ca9699b3950fbf94b80437beb20c2d75a72890388f38b2d1b015f2b
W1180,main.jpg,final-main,product-shots/W1180/main.jpg,1200,1200,RGB,False,1.0,1.0,pass,a422ee7f992ce8c65222abbcdbba828bdfa4deb3555345d6560f42c2f94e3880
W1184,main.jpg,final-main,product-shots/W1184/main.jpg,1200,1200,RGB,False,1.0,1.0,pass,19969dc6c23a0f38d2efff61a5d4e29217213e0776818a95dfd1cf5e65d63e7f
W1191,main.jpg,final-main,product-shots/W1191/main.jpg,1200,1200,RGB,False,1.0,1.0,pass,4fe15a7677f3097124ca8c93a4ba02f6e7b56117d05f58a395a8226bbbfa5da0
W1199,main.jpg,final-main,product-shots/W1199/main.jpg,1200,1200,RGB,False,1.0,1.0,pass,8a253269c7d32cdc02348c9ec7e5de56e3dc8aceb0562d38b4d1b48dbfcabb97
W12,main.jpg,final-main,product-shots/W12/main.jpg,1200,1200,RGB,False,1.0,1.0,pass,0e4c698b6ebe23bf9f7e574dd0c21b1111119a7f6c680e83bdd2bedc18820adc
W1200,main.jpg,final-main,product-shots/W1200/main.jpg,1200,1200,RGB,False,1.0,1.0,pass,76c374be09766b62ede97423ed863c7f593942e0cc764b5bd6953125a3523885
W1202,main.jpg,final-main,product-shots/W1202/main.jpg,1200,1200,RGB,False,1.0,1.0,pass,a2b9d606d0f370a77de898d4619a3975d02e266cc41589d58f35fd49c02aa349
W1203,main.jpg,final-main,product-shots/W1203/main.jpg,1200,1200,RGB,False,1.0,1.0,pass,bd7d516120395610823beec5fa138595a0a46308c32b679eed1d3a491eec4745
W1204,main.jpg,final-main,product-shots/W1204/main.jpg,1200,1200,RGB,False,1.0,1.0,pass,c830a3c9ac370d6d500221cdf4f19193fcf670a776e4d082ada7d4ac6072ce4e
W1206,main.jpg,final-main,product-shots/W1206/main.jpg,1200,1200,RGB,False,1.0,1.0,pass,5bff24ce1b9d2f2be59a79ff18d917340220fb6a1839a67a7ad9e77c38ce22ab
W1207,main.jpg,final-main,product-shots/W1207/main.jpg,1200,1200,RGB,False,1.0,1.0,pass,bbe9686c1243b5d3ae4a4226d0c0a10c4c18115099a067b1676ca84ad35d3932
W1208,main.jpg,final-main,product-shots/W1208/main.jpg,1200,1200,RGB,False,1.0,1.0,pass,0fe09cc45f126d20fa428604591db1ecf0d321f60372e1077391beaeddf71ce5
W1209,main.jpg,final-main,product-shots/W1209/main.jpg,1200,1200,RGB,False,1.0,1.0,pass,8f0d9ec79fab027593d8e2af501a1e025b39dd6a00497d522daaf9ad1d563ba4
W1210,main.jpg,final-main,product-shots/W1210/main.jpg,1200,1200,RGB,False,1.0,1.0,pass,5618a664f9ac441b06e9ea240dc437a063fd605757af6d04e78f71e88caf5bd2
W1214,main.jpg,final-main,product-shots/W1214/main.jpg,1200,1200,RGB,False,1.0,1.0,pass,63f419381b82f1727880ac0a3af19696511b3f3959690edbec9594d19db00dd1
W1215,main.jpg,final-main,product-shots/W1215/main.jpg,1200,1200,RGB,False,1.0,1.0,pass,10a24f704e7367666b573b25c17d07e0f494897e75d9c040f4f038f2c0582539
W1216,main.jpg,final-main,product-shots/W1216/main.jpg,1200,1200,RGB,False,1.0,1.0,pass,a5ae7c07b7741cb7e425affcb1995ca1b62bbbd450e58d90e6a22242f40c51e1
W1218,main.jpg,final-main,product-shots/W1218/main.jpg,1200,1200,RGB,False,1.0,1.0,pass,29725864f8bde8d311f31a5232e9fe7763bdc3a094de19cb6b18465539f10ea5
W1219,main.jpg,final-main,product-shots/W1219/main.jpg,1200,1200,RGB,False,1.0,1.0,pass,5292cce9b17b4bdd1241bf59c0c6b89eef00841f47d3dd846721a56894ea28ee
W122,main.jpg,final-main,product-shots/W122/main.jpg,1200,1200,RGB,False,1.0,1.0,pass,83959297cce17afff8574461a0a6084015ebdcbc61d8792e91bf6f660a3fd607
W1220,main.jpg,final-main,product-shots/W1220/main.jpg,1200,1200,RGB,False,1.0,1.0,pass,e27053a79904e0676890693a3bdd65a0466bd31b38c51d8ac75903b887a8ba77
W1221,main.jpg,final-main,product-shots/W1221/main.jpg,1200,1200,RGB,False,1.0,1.0,pass,941ab8f1470c254c2ee4e0716bf0311d1b063efe9577cf48367e719ffffcd11c
W1222,main.jpg,final-main,product-shots/W1222/main.jpg,1200,1200,RGB,False,1.0,1.0,pass,a49c06b1cd31ed81a0263f824d0cfde187169b46a25f2d1d24cf100a97866d62
W1223,main.jpg,final-main,product-shots/W1223/main.jpg,1200,1200,RGB,False,1.0,1.0,pass,df2e03a234e96543f69d6d1aeb4e48343438542b635c4abd96df6e5ae885b29b
W123,main.jpg,final-main,product-shots/W123/main.jpg,1200,1200,RGB,False,1.0,1.0,pass,80c4821f10a02073c589a50caa57dc0a58b8a65062cf68da8871a0042b9ccd11
W1237,main.jpg,final-main,product-shots/W1237/main.jpg,1200,1200,RGB,False,1.0,1.0,pass,c8c2be8efb885170583ad6b47aba0790fd187074c28e5945dd489cd6f0ca7c02
W1238,main.jpg,final-main,product-shots/W1238/main.jpg,1200,1200,RGB,False,1.0,1.0,pass,1c63a1cbabc7b324155d2a1b73567bb99e5f4b31723173dadb3738fe24b46bc9
W1240,main.jpg,final-main,product-shots/W1240/main.jpg,1200,1200,RGB,False,1.0,1.0,pass,a9227e4189fd51a693e1f4b556855ba70badd3a271178b73f9b72e74b3605a49
W1243,main.jpg,final-main,product-shots/W1243/main.jpg,1200,1200,RGB,False,1.0,1.0,pass,7ba2487d4ad7d71018430ffb6561b12aabbb08636b8b65922fe45e28d54d4dd1
W1245,main.jpg,final-main,product-shots/W1245/main.jpg,1200,1200,RGB,False,1.0,1.0,pass,e662f2b3f743b63515bfc01fd7406b79ee6700500e180fa8973c30e5f244f5ce
W1246,main.jpg,final-main,product-shots/W1246/main.jpg,1200,1200,RGB,False,1.0,1.0,pass,d9c34db6b8c6f5bee6421dcb65206cbf682b139191243c633b4f14d3a739b180
W1247,main.jpg,final-main,product-shots/W1247/main.jpg,1200,1200,RGB,False,1.0,1.0,pass,07ef302e6943d1c999081b23ce57d6af2fa8707653b401bdf8aea69095649a50
W125,main.jpg,final-main,product-shots/W125/main.jpg,1200,1200,RGB,False,1.0,1.0,pass,549f0632034382c79b1599c74a3a39493a7ae891dad5f4a0932b0f85239f5ff9
W1251,main.jpg,final-main,product-shots/W1251/main.jpg,1200,1200,RGB,False,1.0,1.0,pass,a995f2a2284c08b82bc77d8d12de980bfd88837d9c09b293ab59ebc472ada906
W1252,main.jpg,final-main,product-shots/W1252/main.jpg,1200,1200,RGB,False,1.0,1.0,pass,b6516663eefe8641ad61327e43ddf09a70117899098e6c06bc9af45e98f14d1b
W1253,main.jpg,final-main,product-shots/W1253/main.jpg,1200,1200,RGB,False,1.0,1.0,pass,5cf616281faa8428874b0af0d6b27aa2c956a7a790c8ca54f9905dbad6d1ebd5
W1256,main.jpg,final-main,product-shots/W1256/main.jpg,1200,1200,RGB,False,1.0,1.0,pass,37225ce8bbf1a25ef3c7326db3594fd7a4ff633cf07fa8cfc07c1054ed26d032
W1258,main.jpg,final-main,product-shots/W1258/main.jpg,1200,1200,RGB,False,1.0,1.0,pass,4524b950300b509a015132bb686b612be7f2549d6f1d385bd45912924eee5207
W1259,main.jpg,final-main,product-shots/W1259/main.jpg,1200,1200,RGB,False,1.0,1.0,pass,6ce54e2e642b6febaa96fd49e663904460ce544ecacb3cf34d27a8f1f785dc65
W126,main.jpg,final-main,product-shots/W126/main.jpg,1200,1200,RGB,False,1.0,1.0,pass,8c9eefad155e985f03881ef131acfcd651a5ba1e49ae43c009185188aa3cd2e4
W1260,main.jpg,final-main,product-shots/W1260/main.jpg,1200,1200,RGB,False,1.0,1.0,pass,09ef0caf49f254a7630678b21b5d3fec0029b53ab84df65b48331eb4a50b4f52
W1261,main.jpg,final-main,product-shots/W1261/main.jpg,1200,1200,RGB,False,1.0,1.0,pass,3ed45c69c11b79ceedd4c9d12a0d1da2734d181a68d64ece73aa5a884b572d94
W1263,main.jpg,final-main,product-shots/W1263/main.jpg,1200,1200,RGB,False,1.0,1.0,pass,3b245c2a920703c128744b73a611e957ce56ae758ff625345df9e7eae887ad45
W1264,main.jpg,final-main,product-shots/W1264/main.jpg,1200,1200,RGB,False,1.0,1.0,pass,2fdb4e6410b7662ed676e6ab9aaaf1870178dee40bc61c024ab9bd3a8d225810
W1265,main.jpg,final-main,product-shots/W1265/main.jpg,1200,1200,RGB,False,1.0,1.0,pass,70ef2ac4b5f0083ba0e07524b37efd51c5c2a9e8e1e3cc7d1e95de4996d0f441
W1266,main.jpg,final-main,product-shots/W1266/main.jpg,1200,1200,RGB,False,1.0,1.0,pass,afb0b9a3d1a392f0ddc584c0327045daa4fc9c00502b5b26198bc2866b13420f
W1269,main.jpg,final-main,product-shots/W1269/main.jpg,1200,1200,RGB,False,1.0,1.0,pass,6720aee20a669172ac1ad2b8798ecd5c5be8381f71c387f7ef643402a02eda68
W127,main.jpg,final-main,product-shots/W127/main.jpg,1200,1200,RGB,False,1.0,1.0,pass,9a24af2a63b9400f18d577ded8f472b790db372122567a009b343af69f38a7cf
W1270,main.jpg,final-main,product-shots/W1270/main.jpg,1200,1200,RGB,False,1.0,1.0,pass,4f99f7dc5472f154a35f2524d00acfdc3b9498c865223e8363133fe030c49d45
W1273,main.jpg,final-main,product-shots/W1273/main.jpg,1200,1200,RGB,False,1.0,1.0,pass,b8de90c2e3f523282bd8ca69a93d2648a3674490be8dded9ef75e0954d3a3436
W1276,main.jpg,final-main,product-shots/W1276/main.jpg,1200,1200,RGB,False,1.0,1.0,pass,688b57e863eb987eae5f618f474f6fc0ab1b69cb01c4ca4deab0cb0967fa1729
W1277,main.jpg,final-main,product-shots/W1277/main.jpg,1200,1200,RGB,False,1.0,1.0,pass,a711c526ca919fe85bd56c175f2138c3dcb0ed632938b0d69e930705d558ac3d
W1278,main.jpg,final-main,product-shots/W1278/main.jpg,1200,1200,RGB,False,1.0,1.0,pass,8d96ed47d8838d409c32ebfac10dfe508cdfc7865da469c541e654450b0d9cf5
W1279,main.jpg,final-main,product-shots/W1279/main.jpg,1200,1200,RGB,False,1.0,1.0,pass,0af2214423e246d854e744968092e3a440e8d6ace594179787c91d44fda6cf50
W128,main.jpg,final-main,product-shots/W128/main.jpg,1200,1200,RGB,False,1.0,1.0,pass,282adc4de37ce97d7246c6fbe71c10e648b490138d9e3459527f57902e261a8f
W1280,main.jpg,final-main,product-shots/W1280/main.jpg,1200,1200,RGB,False,1.0,1.0,pass,32d7615cc807ec602a5938338d5aefa2046e3df34316b5d8977180e48db10787
W1281,main.jpg,final-main,product-shots/W1281/main.jpg,1200,1200,RGB,False,1.0,1.0,pass,302cf350e2872ae017d9ca8e95d9b028990fffae4a9ae3c420aaf52d1ed0f300
W1282,main.jpg,final-main,product-shots/W1282/main.jpg,1200,1200,RGB,False,1.0,1.0,pass,cfd3f865a80950be14a6e7775c1f49d33b00d58123e4c85e7f8f5364dbf23dba
W1292,main.jpg,final-main,product-shots/W1292/main.jpg,1200,1200,RGB,False,1.0,1.0,pass,41f3fbbba6a440769a054a31af8f8e217baa0fe06f66c72faf6ad958519ed656
W1293,main.jpg,final-main,product-shots/W1293/main.jpg,1200,1200,RGB,False,1.0,1.0,pass,84c8807e85e4c7195a0fd91b0c5787b99296ad60771d86b4eda19b1d90e73c04
W1294,main.jpg,final-main,product-shots/W1294/main.jpg,1200,1200,RGB,False,1.0,1.0,pass,12a14f6a0b3f2172afd2f0e88a848cfb28050209308e7160aaa789423e8c4395
W1295,main.jpg,final-main,product-shots/W1295/main.jpg,1200,1200,RGB,False,1.0,1.0,pass,70d94aa136464e1a5b9ee67b58ee54941d55e8ab967a9871c838afa406d773c8
W1296,main.jpg,final-main,product-shots/W1296/main.jpg,1200,1200,RGB,False,1.0,1.0,pass,f387d06aa0ee2d4022f046b296a5af0bc1664db6c431fbb74cb5339510818b50
W1297,main.jpg,final-main,product-shots/W1297/main.jpg,1200,1200,RGB,False,1.0,1.0,pass,eb2a38b936805ef40b5186c41f815468ca12ddd1f87b0c889f1b85ee8ee9b662
W130,main.jpg,final-main,product-shots/W130/main.jpg,1200,1200,RGB,False,1.0,1.0,pass,5be6ae04b79e92a61e121595c00eef4db1455cf92479636b4377b9187b93f82d
W1300,main.jpg,final-main,product-shots/W1300/main.jpg,1200,1200,RGB,False,1.0,1.0,pass,efb280d9a1c21cb60f1c1822837fb7f28bac574dc874669f2ccb591ae3228204
W1301,main.jpg,final-main,product-shots/W1301/main.jpg,1200,1200,RGB,False,1.0,1.0,pass,071d037f10c11c24cf1e164668182a3ba8ef9e49b450e745e8cc48a347cae5a4
W1302,main.jpg,final-main,product-shots/W1302/main.jpg,1200,1200,RGB,False,1.0,1.0,pass,7e393bf6dc813788dbc339383118f9644e5f1e38b48b2287aa1399e2f7cf3bac
W1307,main.jpg,final-main,product-shots/W1307/main.jpg,1200,1200,RGB,False,1.0,1.0,pass,49766a58ecfbf8216f964a4863f51e24a5a5602ed19aba9af869eaf111033490
W1308,main.jpg,final-main,product-shots/W1308/main.jpg,1200,1200,RGB,False,1.0,1.0,pass,373939f11684eb5adcece4a7a3f8f62cb7ded8c31ca98ab0fdf0302bc0d9f9d4
W1309,main.jpg,final-main,product-shots/W1309/main.jpg,1200,1200,RGB,False,1.0,1.0,pass,7b6bd7f9c924c6d9cb7dfdaef51d0354ed11c1e8fd6d71477a1d2a8e74fc5802
W1311,main.jpg,final-main,product-shots/W1311/main.jpg,1200,1200,RGB,False,1.0,1.0,pass,25a1fe20edb831f11c9c18d7db0e8a51b0f6144572e9ca5dd09d62196c72d4b6
W1312,main.jpg,final-main,product-shots/W1312/main.jpg,1200,1200,RGB,False,1.0,1.0,pass,94dbb8d864bf742b61a314f971b42e13c9e0b72c26eab6cf0cdb1c1ff1063d3c
W1313,main.jpg,final-main,product-shots/W1313/main.jpg,1200,1200,RGB,False,1.0,1.0,pass,27f13ec6cdbe7d45a7b9a483bcefb92e36148cdb62d33e9dcf6e76a3a116ce73
W1322,main.jpg,final-main,product-shots/W1322/main.jpg,1200,1200,RGB,False,1.0,1.0,pass,7b98fcac7f9bce0adc41a273b04e139703892c9ed08b7afb02a123bbbdb4cab7
W1324,main.jpg,final-main,product-shots/W1324/main.jpg,1200,1200,RGB,False,1.0,1.0,pass,fbaf42d13b234287b2025b98218015788972f6bcda421b4d8164cd35979550d1
W1325,main.jpg,final-main,product-shots/W1325/main.jpg,1200,1200,RGB,False,1.0,1.0,pass,81062673ce538f9cd6008ebb31b327c90e16574d75489e2ce2907ae15505fe34
W1326,main.jpg,final-main,product-shots/W1326/main.jpg,1200,1200,RGB,False,1.0,1.0,pass,52d51987492d3148573bcf4a8119fab2a9d15784620ddd7d9cb7fd60334cb9ba
W1327,main.jpg,final-main,product-shots/W1327/main.jpg,1200,1200,RGB,False,1.0,1.0,pass,a3f50d2ea2455e2966ccfd25bac3815220f48a416cf3aaa7c082b9d586ef5f53
W1328,main.jpg,final-main,product-shots/W1328/main.jpg,1200,1200,RGB,False,1.0,1.0,pass,e6c54d01d12b30a35a2f9bdf14b33fbd07cec90df7fc4d77e14d1952ed003165
W1329,main.jpg,final-main,product-shots/W1329/main.jpg,1200,1200,RGB,False,1.0,1.0,pass,c500e922ed2fb01e68c5db50e1bba830604c2ee36ebde62acadc460a05dedd7e
W1334,main.jpg,final-main,product-shots/W1334/main.jpg,1200,1200,RGB,False,1.0,1.0,pass,436365ba1b6e86a4373cb0dbfeffd3356576ac4f3d72ca9669edd9dc70fd23ec
W1335,main.jpg,final-main,product-shots/W1335/main.jpg,1200,1200,RGB,False,1.0,1.0,pass,e50787ad590fbd76529d33c8bca03be49b3019e6e0207c45593b6389ee2714bf
W1338,main.jpg,final-main,product-shots/W1338/main.jpg,1200,1200,RGB,False,1.0,1.0,pass,e3b909a1858c56f63ed20338c2b833c1f8cfc0dc25e5bf67cd5ec35bf6d91d49
W1339,main.jpg,final-main,product-shots/W1339/main.jpg,1200,1200,RGB,False,1.0,1.0,pass,59788754415ca27597cf3143107088dca522f1bd3fcc21d434060c570b72cdc4
W1343,main.jpg,final-main,product-shots/W1343/main.jpg,1200,1200,RGB,False,1.0,1.0,pass,ef280c7d5763eb6c018ee02e0e46fbeb7faa773de2f90b3bd6400aad5febcde6
W1346,main.jpg,final-main,product-shots/W1346/main.jpg,1200,1200,RGB,False,1.0,1.0,pass,618d39183919ca8b6adca9aff4b78490002a9a1c16b2b78b28a51b5217e17d9c
W1347,main.jpg,final-main,product-shots/W1347/main.jpg,1200,1200,RGB,False,1.0,1.0,pass,e3cf218f40da6cdfb46391adb2bc8ca4a454b23dad3dd539fde1407120a4507c
W1348,main.jpg,final-main,product-shots/W1348/main.jpg,1200,1200,RGB,False,1.0,1.0,pass,8f8a36550ae7dfb1918eeb19cc28542df2b47b3a701db13078d7ae735bf5058d
W1349,main.jpg,final-main,product-shots/W1349/main.jpg,1200,1200,RGB,False,1.0,1.0,pass,9d82e32eb7e73ae2abcf6b0da24aa78de8add6017a8591982b9f8c7facec3c0e
W135,main.jpg,final-main,product-shots/W135/main.jpg,1200,1200,RGB,False,1.0,1.0,pass,aacb87031bcc38961ac194a3dc653f36335d27d0f69588476e18de49db92a0bc
W1350,main.jpg,final-main,product-shots/W1350/main.jpg,1200,1200,RGB,False,1.0,1.0,pass,af508387fc655ee0d579953fc046a782b994754d533da6f48872d0448859dc72
W1351,main.jpg,final-main,product-shots/W1351/main.jpg,1200,1200,RGB,False,1.0,1.0,pass,727360ef6ced3c1a53ce86d3adfa3e1461e8a7cbd5c57ea3e465a00a469abe81
W1352,main.jpg,final-main,product-shots/W1352/main.jpg,1200,1200,RGB,False,1.0,1.0,pass,d27f69704c78a40223312fb5127e735f348957b37d90c56420e181b35c77d881
W1355,main.jpg,final-main,product-shots/W1355/main.jpg,1200,1200,RGB,False,1.0,1.0,pass,8cf22d39d9eabd0cecdfe1216d19ca3e823da1d06c8eb91c0e62da324089a031
W1357,main.jpg,final-main,product-shots/W1357/main.jpg,1200,1200,RGB,False,1.0,1.0,pass,2d4b23ff8a153fd80ea3fdc7a5955e1d41c5a53c1daebc278eb4112d8cbbd982
W1358,main.jpg,final-main,product-shots/W1358/main.jpg,1200,1200,RGB,False,1.0,1.0,pass,a1229b57e161b7ef7cce439999b62eaf74518886583cfb87d2b1dd292f385825
W136,main.jpg,final-main,product-shots/W136/main.jpg,1200,1200,RGB,False,1.0,1.0,pass,a564be6337b1f2cfea5b55efd219d7ac9d3efaa821061c8d2dff0f163caa84bc
W1360,main.jpg,final-main,product-shots/W1360/main.jpg,1200,1200,RGB,False,1.0,1.0,pass,59ad820c6c497285ef29e70c7bdf514a3f270a903467c0cb2cd81cbcd9c34e3c
W1363,main.jpg,final-main,product-shots/W1363/main.jpg,1200,1200,RGB,False,1.0,1.0,pass,54acdd9de87ba516aa11ad6cbc863b94aa287743153068ffaf35f51113584171
W1364,main.jpg,final-main,product-shots/W1364/main.jpg,1200,1200,RGB,False,1.0,1.0,pass,8e9c6738c8cd0e21dd19f79f8f5c97c740dfeb819c30cae67aa632e42e111e61
W1365,main.jpg,final-main,product-shots/W1365/main.jpg,1200,1200,RGB,False,1.0,1.0,pass,5d87c6a0fca2f96e019459c3f8e5c3182de8d2c11282facce22353dec14a1110
W1366,main.jpg,final-main,product-shots/W1366/main.jpg,1200,1200,RGB,False,1.0,1.0,pass,70a40cce4c02506ba1bd0c6907bdb106e632c99f2ca30cfecc8ca84ded72ebad
W1368,main.jpg,final-main,product-shots/W1368/main.jpg,1200,1200,RGB,False,1.0,1.0,pass,37ff4e654ed77d730d8c91daffc0435ff0b4ab6953e31cf55bbb1501832e9159
W1369,main.jpg,final-main,product-shots/W1369/main.jpg,1200,1200,RGB,False,1.0,1.0,pass,82276c88df8ed09fb3cc55fba3249a817ae9679b203bf3e10432e3e4a4090ea2
W1372,main.jpg,final-main,product-shots/W1372/main.jpg,1200,1200,RGB,False,1.0,1.0,pass,fe1538b975250d7e04f7d600c6dd0012d4806dcdc9d09be48d2f033c5a01914a
W1375,main.jpg,final-main,product-shots/W1375/main.jpg,1200,1200,RGB,False,1.0,1.0,pass,81bbda3883c29591a73e4ab07a56976062e227bf5da69cf97e16492e400634fe
W1377,main.jpg,final-main,product-shots/W1377/main.jpg,1200,1200,RGB,False,1.0,1.0,pass,2ac84ae39c4e8590fcece2370605de51a69e7f9518b6a340ac1ee608188c834b
W1378,main.jpg,final-main,product-shots/W1378/main.jpg,1200,1200,RGB,False,1.0,1.0,pass,1970ada2b9c985b3646b8dd8945e97d50947ce37dc33c81f78054cd412af86ae
W1379,main.jpg,final-main,product-shots/W1379/main.jpg,1200,1200,RGB,False,1.0,1.0,pass,817323f8682eef92359a79fc864226bfb0f49dd739576b7b2866b37ad9d46355
W138,main.jpg,final-main,product-shots/W138/main.jpg,1200,1200,RGB,False,1.0,1.0,pass,9360445caff964b06d42cf2596d95a49f5b849787e017426eda2113d2a2f81c1
W1380,main.jpg,final-main,product-shots/W1380/main.jpg,1200,1200,RGB,False,1.0,1.0,pass,76c13b6be7e7656fc3f5b1dd1952bd5be8bbefdc248bb4e6d81319dfcc028dd3
W1382,main.jpg,final-main,product-shots/W1382/main.jpg,1200,1200,RGB,False,1.0,1.0,pass,aef3daf262af9cd476a1a11733847757681404273860a1711fb933b51afb766a
W1383,main.jpg,final-main,product-shots/W1383/main.jpg,1200,1200,RGB,False,1.0,1.0,pass,35659fef9c53bb2615daedc801b502482262c1a130edce995591231bac9cbfb7
W1389,main.jpg,final-main,product-shots/W1389/main.jpg,1200,1200,RGB,False,1.0,1.0,pass,5a453abd95cdf7bfd80a3422f1a046be9da5589194027b729db706fed22ca0a7
W1390,main.jpg,final-main,product-shots/W1390/main.jpg,1200,1200,RGB,False,1.0,1.0,pass,faf3f95a553340c6db918df23ab66b85d331470c5fc926b937cdedac685501a8
W1392,main.jpg,final-main,product-shots/W1392/main.jpg,1200,1200,RGB,False,1.0,1.0,pass,06e9e8c11324fe54a0f088ffc41595dc3832421a321f984670296d38c703f893
W1395,main.jpg,final-main,product-shots/W1395/main.jpg,1200,1200,RGB,False,1.0,1.0,pass,94ed6b385c28c0a109a382496bf2dd88a81e9df9fee6f01e6c0b3218c774214d
W1396,main.jpg,final-main,product-shots/W1396/main.jpg,1200,1200,RGB,False,1.0,1.0,pass,118e5386cbfcd9963c4807bfc9f6bad39a91996b7e9f455882ae107f8edf2cd4
W14,main.jpg,final-main,product-shots/W14/main.jpg,1200,1200,RGB,False,1.0,1.0,pass,1f3f1a392d4e6f921fbd5c49f98ca10b561d01fb09add9c47bbaeeda1121349b
W140,main.jpg,final-main,product-shots/W140/main.jpg,1200,1200,RGB,False,1.0,1.0,pass,09c76fe91adeb52da5294e8af9a5cfa8bd663ec75a43b1e4607c88b11783c3af
W141,main.jpg,final-main,product-shots/W141/main.jpg,1200,1200,RGB,False,1.0,1.0,pass,8831c629f720dbee994412fd3ac8b3b3084c7999624a15ebc8bfc832d61c25c2
W1421,main.jpg,final-main,product-shots/W1421/main.jpg,1200,1200,RGB,False,1.0,1.0,pass,af6efa98996cd7084aded0698c5b80aaa637682c2efc3d8db52e0c75c3c0653d
W1425,main.jpg,final-main,product-shots/W1425/main.jpg,1200,1200,RGB,False,1.0,1.0,pass,3213c048b046a2ad06b1f2bd8e778f1c8794adcdea007b124a943416df88d020
W1426,main.jpg,final-main,product-shots/W1426/main.jpg,1200,1200,RGB,False,1.0,1.0,pass,4f4bae8e32d4cf1b3f32923f90bdc67a40b13fce87c5f32e07081a17b931f335
W1427,main.jpg,final-main,product-shots/W1427/main.jpg,1200,1200,RGB,False,1.0,1.0,pass,31bd88da3b5fb7c027a45ab6e8334dd233cdb183b7356f474e869791bcc0d746
W1428,main.jpg,final-main,product-shots/W1428/main.jpg,1200,1200,RGB,False,1.0,1.0,pass,d3d2720947f04d807a9524f6275f777d26ed1cd9734c6ba173ac65005a5b507c
W1429,main.jpg,final-main,product-shots/W1429/main.jpg,1200,1200,RGB,False,1.0,1.0,pass,7297bae346f8f7d81ef2e88d67642339b573f0e765debe6dca3799fb6b906fef
W1430,main.jpg,final-main,product-shots/W1430/main.jpg,1200,1200,RGB,False,1.0,1.0,pass,44a2a6afdbc0d3eecaf2f8dad72519539abdb98cd99a4c0aa2320e493a553033
W1433,main.jpg,final-main,product-shots/W1433/main.jpg,1200,1200,RGB,False,1.0,1.0,pass,566cbcf4e2d6a77eb6a84ee70ee9bc3b5341323fe2ee37bdcec5275f379e203b
W1434,main.jpg,final-main,product-shots/W1434/main.jpg,1200,1200,RGB,False,1.0,1.0,pass,e1b2caf5bd99aed89c53157921729f97a0a8b3deaa64da910b9f79e7e1a1bd9a
W1435,main.jpg,final-main,product-shots/W1435/main.jpg,1200,1200,RGB,False,1.0,1.0,pass,ff153bdd011926be4297e0865920a941d80de878732be5f8788808e26296ac82
W1436,main.jpg,final-main,product-shots/W1436/main.jpg,1200,1200,RGB,False,1.0,1.0,pass,ccba9f1e0c6b3a2bb0b9ed76c39877216f2999f0bd92fd1c5b939e01ff44dc28
W1451,main.jpg,final-main,product-shots/W1451/main.jpg,1200,1200,RGB,False,1.0,1.0,pass,849422723ac36cc45fa718644a9f51306b0d30ac1430bafd61ef4232531e5bff
W1452,main.jpg,final-main,product-shots/W1452/main.jpg,1200,1200,RGB,False,1.0,1.0,pass,27c17c2576a8190af2c7e7c94f7bf7d63ecc8cb0cfa68e0e4dc3253632d957cb
W1453,main.jpg,final-main,product-shots/W1453/main.jpg,1200,1200,RGB,False,1.0,1.0,pass,8f1a2a3b4e273e0be5ddae66334977a04ef8ff5bbbbc054d911bebdd54f42103
W1454,main.jpg,final-main,product-shots/W1454/main.jpg,1200,1200,RGB,False,1.0,1.0,pass,1861688b78ccf1f8521077eecfa23d9ca05a7c54d4db9c0dfbb15bc15cd32a74
W1455,main.jpg,final-main,product-shots/W1455/main.jpg,1200,1200,RGB,False,1.0,1.0,pass,30a20cb73ba0887d46d78be19c78479f06cc7761aacfa51237636bfd01733045
W1459,main.jpg,final-main,product-shots/W1459/main.jpg,1200,1200,RGB,False,1.0,1.0,pass,14eb51175e45df3576934f54a7a572c346331336417504ba22a6fc823508cb75
W146,main.jpg,final-main,product-shots/W146/main.jpg,1200,1200,RGB,False,1.0,1.0,pass,1067c25b45ff9f2718c7df3af465e9fb7d293b96636bb19f9fa9befd4bd36964
W1461,main.jpg,final-main,product-shots/W1461/main.jpg,1200,1200,RGB,False,1.0,1.0,pass,66066d01111e7e9b1d0a0c877941cb6412cbc5ede4ab317edfeef2fa3b15ef34
W1462,main.jpg,final-main,product-shots/W1462/main.jpg,1200,1200,RGB,False,1.0,1.0,pass,365c4e8c05524cc74d7ee9c4669a9d4c8ac6976d98bcce6caf27d89d1599984e
W1463,main.jpg,final-main,product-shots/W1463/main.jpg,1200,1200,RGB,False,1.0,1.0,pass,00e06c278c927d42450527da284bb16375506a2c67b3a17fc83634e3d73ef71c
W1465,main.jpg,final-main,product-shots/W1465/main.jpg,1200,1200,RGB,False,1.0,1.0,pass,c6e235a4d5370968332f0ec9894c845d7694ff72f8b33bb6965a300d181e1f7b
W1468,main.jpg,final-main,product-shots/W1468/main.jpg,1200,1200,RGB,False,1.0,1.0,pass,cdcb75208c739cc05cdc627d7d54be0515e8e85832a8cd1fc5cab68268b4035f
W1469,main.jpg,final-main,product-shots/W1469/main.jpg,1200,1200,RGB,False,1.0,1.0,pass,82b753600e6c100423d1b1f2259daf8c5afec5bf391fcbba5059b98c08e69f78
W1470,main.jpg,final-main,product-shots/W1470/main.jpg,1200,1200,RGB,False,1.0,1.0,pass,7396e635e81db9b8e046467acc69334c118a7d5884c5e6f754c728a65004d243
W1473,main.jpg,final-main,product-shots/W1473/main.jpg,1200,1200,RGB,False,1.0,1.0,pass,98b6fb89278c57d262d32106ccfe837b2b472c3160f2c67543e372517b5523a6
W1474,main.jpg,final-main,product-shots/W1474/main.jpg,1200,1200,RGB,False,1.0,1.0,pass,8e4167dd413f69076fc22d3d911098ab0048861ecbf49d33f5025c8ac300d64e
W1475,main.jpg,final-main,product-shots/W1475/main.jpg,1200,1200,RGB,False,1.0,1.0,pass,0f30da0e5c834cf8d613b2de07a3f67328cc008013228bbe188cf488e500bd2b
W1476,main.jpg,final-main,product-shots/W1476/main.jpg,1200,1200,RGB,False,1.0,1.0,pass,4179d99be46765417d6c028921a27aa1d2309177131aef0ee5edb5acb632dba4
W1478,main.jpg,final-main,product-shots/W1478/main.jpg,1200,1200,RGB,False,1.0,1.0,pass,085569222b2282d42441dba2414d4065574bcdcefc9a6585e912f2494adbacc7
W1481,main.jpg,final-main,product-shots/W1481/main.jpg,1200,1200,RGB,False,1.0,1.0,pass,50f2b79f5b6ead9ca0d67ac574e8465c8c4720a4aa3697f5933e4d928c996b56
W1482,main.jpg,final-main,product-shots/W1482/main.jpg,1200,1200,RGB,False,1.0,1.0,pass,212b095c77c70caba4f78905b66ac8570c5e34b30fb203b58cf2415b80a60e6c
W1483,main.jpg,final-main,product-shots/W1483/main.jpg,1200,1200,RGB,False,1.0,1.0,pass,3d8e9fd11928b61a9b7a9bb4f14e87e101bfbf13bacd4d6c8ea08c19bdcc1580
W1484,main.jpg,final-main,product-shots/W1484/main.jpg,1200,1200,RGB,False,1.0,1.0,pass,ae510b9a13bbe9be2e5724007f26270ef8de6cc1ef69e9180bb184ce400a8bd8
W1485,main.jpg,final-main,product-shots/W1485/main.jpg,1200,1200,RGB,False,1.0,1.0,pass,990a99acfb88f4988884c77833a67576952d3c1d552a244fa2d929039806a546
W1488,main.jpg,final-main,product-shots/W1488/main.jpg,1200,1200,RGB,False,1.0,1.0,pass,eadb742d21725a2b90bd7f437f60c1848c5d329e707ab8ff83fa74cb60cb5d01
W1489,main.jpg,final-main,product-shots/W1489/main.jpg,1200,1200,RGB,False,1.0,1.0,pass,4ef9400e3eb6ad7fb0c4fcc08f3fd07be6e023d5eef6f555bc23cd45429bc43b
W1495,main.jpg,final-main,product-shots/W1495/main.jpg,1200,1200,RGB,False,1.0,1.0,pass,4c657108a598f468f9f942b0a12c30f8af4fbaea55ee692689535fb399e8cf64
W1496,main.jpg,final-main,product-shots/W1496/main.jpg,1200,1200,RGB,False,1.0,1.0,pass,f77625e78352062e53626b9a740c30a2a282f965bb69e1f227a4b91b15b71596
W1497,main.jpg,final-main,product-shots/W1497/main.jpg,1200,1200,RGB,False,1.0,1.0,pass,4e720b728c85e4ece8927bd2d359898f351c16e2d81146f4a294e36f31971956
W1502,main.jpg,final-main,product-shots/W1502/main.jpg,1200,1200,RGB,False,1.0,1.0,pass,f0f063810a5825fead28d73c7891d7d1e2b50c86afe96a28be8ba87c26d16f6d
W1503,main.jpg,final-main,product-shots/W1503/main.jpg,1200,1200,RGB,False,1.0,1.0,pass,8483f3613f47822ed4a3a6e6940752f93b31dd11627e5464636e605efb00fd97
W1507,main.jpg,final-main,product-shots/W1507/main.jpg,1200,1200,RGB,False,1.0,1.0,pass,847611f94dec6ea47a952025e329c412869ee5d8c9fa1057071b05605b873321
W1508,main.jpg,final-main,product-shots/W1508/main.jpg,1200,1200,RGB,False,1.0,1.0,pass,4a54053d1e5a7bfa1282308afdeb1138a4c96c0e1e5435256a139c821130e660
W1511,main.jpg,final-main,product-shots/W1511/main.jpg,1200,1200,RGB,False,1.0,1.0,pass,b98c05d9c1369d46cc31d518ef0f1de3c06b273b9799ca5dc515fafe97db718e
W1513,main.jpg,final-main,product-shots/W1513/main.jpg,1200,1200,RGB,False,1.0,1.0,pass,7cf0f066da64a1cc67206683748604edbcca19d8ffc25bcbb4d764dc5e3bf2f0
W1514,main.jpg,final-main,product-shots/W1514/main.jpg,1200,1200,RGB,False,1.0,1.0,pass,4c828184335dc46098dabd10b5ec25d708735de1e36feb76905582c5b6de3e15
W1520,main.jpg,final-main,product-shots/W1520/main.jpg,1200,1200,RGB,False,1.0,1.0,pass,50d2b51918389826d79d4c70e9861658ff630fa92d96709fe75afe0a545cd9d9
W1521,main.jpg,final-main,product-shots/W1521/main.jpg,1200,1200,RGB,False,1.0,1.0,pass,bf3b16fe1c9d1dd67aa664ac15eb2c490fa6db6adbfaf9583780c0588d3437ee
W1523,main.jpg,final-main,product-shots/W1523/main.jpg,1200,1200,RGB,False,1.0,1.0,pass,41fbe8c834e35b101a11ffce85b0f5be33cd7b11c1e60b1a42ea27b1364e2377
W1525,main.jpg,final-main,product-shots/W1525/main.jpg,1200,1200,RGB,False,1.0,1.0,pass,acac5af25a44cca165c20d628c290d15946f0043f51a9a21c00849cfef449f10
W1526,main.jpg,final-main,product-shots/W1526/main.jpg,1200,1200,RGB,False,1.0,1.0,pass,77746e183dadffd89b70ffed5850a6c52168d853a1571ab753d3d344d664db46
W1527,main.jpg,final-main,product-shots/W1527/main.jpg,1200,1200,RGB,False,1.0,1.0,pass,052c037e24b61c5242e31baa1076a2c933c9ed5699b8ead54f0729e0ee0d7036
W1528,main.jpg,final-main,product-shots/W1528/main.jpg,1200,1200,RGB,False,1.0,1.0,pass,fc0fea1415bf091eaa7a8dd669696b35fb9752d914d85b78cbefef4f66c94bd2
W1529,main.jpg,final-main,product-shots/W1529/main.jpg,1200,1200,RGB,False,1.0,1.0,pass,de80023b7decd1d0ee187cf28b47028f6c5f0dd56c7f7c15e226480ba9145ba3
W153,main.jpg,final-main,product-shots/W153/main.jpg,1200,1200,RGB,False,1.0,1.0,pass,fee9634ebf5b89975e778ab1f674faa9c6fb67dfd1d64a7951c2d199ce67fbab
W1530,main.jpg,final-main,product-shots/W1530/main.jpg,1200,1200,RGB,False,1.0,1.0,pass,3f88c6694769f6cb9289d61fb9f3f45ebb987d7d6c17e15090993e2596f56f24
W1532,main.jpg,final-main,product-shots/W1532/main.jpg,1200,1200,RGB,False,1.0,1.0,pass,000afcb1bda43e336c8ed500e70b9561f07334388f7497f4db25878f485b7204
W1533,main.jpg,final-main,product-shots/W1533/main.jpg,1200,1200,RGB,False,1.0,1.0,pass,b7cb2183042c15772af325b9bc1d5bfd9a78e7f37b754cf4853b1f2246b4a1bb
W1534,main.jpg,final-main,product-shots/W1534/main.jpg,1200,1200,RGB,False,1.0,1.0,pass,83749f7a90bd7bac55763b4e5e41d91acb4ed4a4648d10215a658fad49df327f
W1537,main.jpg,final-main,product-shots/W1537/main.jpg,1200,1200,RGB,False,1.0,1.0,pass,730ae6d632dafc3a5473fd95b87a2d41d4f06fd04533ef7937f232192213d78c
W1538,main.jpg,final-main,product-shots/W1538/main.jpg,1200,1200,RGB,False,1.0,1.0,pass,8623732c5f7cfa1b418e73552a7dfd89e3faeed5318cad1d11ada0eddcbc8796
W1539,main.jpg,final-main,product-shots/W1539/main.jpg,1200,1200,RGB,False,1.0,1.0,pass,1c418fe50c8b2e1f7459118f9bc3721001ab1e32d19aa6697d2aa208ce6fef3f
W154,main.jpg,final-main,product-shots/W154/main.jpg,1200,1200,RGB,False,1.0,1.0,pass,aae981b5b4dd11a1237ac375a1cb935b21ebf914e33514b59cc589f032ec3eed
W1541,main.jpg,final-main,product-shots/W1541/main.jpg,1200,1200,RGB,False,1.0,1.0,pass,a9222a7246ede020878ba3a9e9b448e700eeb3ffa7a09495d5782233309488d6
W1543,main.jpg,final-main,product-shots/W1543/main.jpg,1200,1200,RGB,False,1.0,1.0,pass,5a62f4eedb57bf89bc4dc60227d919d4991abe749218c8b24f837126123da963
W1545,main.jpg,final-main,product-shots/W1545/main.jpg,1200,1200,RGB,False,1.0,1.0,pass,2123d83b40d413f631f9f24e6221f5f3f3b4b36cefc64243caa64a978704749e
W1546,main.jpg,final-main,product-shots/W1546/main.jpg,1200,1200,RGB,False,1.0,1.0,pass,b974014b1f51f1f4729d1f191c6e42989cf8d807f22d65a83ff55a9c3ea96990
W1547,main.jpg,final-main,product-shots/W1547/main.jpg,1200,1200,RGB,False,1.0,1.0,pass,256e926111d0aa905876963250a267e89e675639a231ae3eb6f4caeb35cc1a87
W1548,main.jpg,final-main,product-shots/W1548/main.jpg,1200,1200,RGB,False,1.0,1.0,pass,2b6ed2bd72fcc4cf63226c8d65d5c90b331a6092b0e2b453f92537040bcc97ce
W1549,main.jpg,final-main,product-shots/W1549/main.jpg,1200,1200,RGB,False,1.0,1.0,pass,a13330e466f13bb84415c27135820cb904cc1fbc51b4da57920218e6933c3a28
W1550,main.jpg,final-main,product-shots/W1550/main.jpg,1200,1200,RGB,False,1.0,1.0,pass,940a1a43d390572c343dec71cd2d90b28717008b08790fed4fe21aa6134379f1
W1551,main.jpg,final-main,product-shots/W1551/main.jpg,1200,1200,RGB,False,1.0,1.0,pass,ceb6e70eef9786a350bd9990977a02ba032a2864c8100f88717ecc7f17e600a8
W1552,main.jpg,final-main,product-shots/W1552/main.jpg,1200,1200,RGB,False,1.0,1.0,pass,632a59b91a015becddf0f1e615a00ce85bc10eb6c0ce696338b9f93e4d5639e7
W1553,main.jpg,final-main,product-shots/W1553/main.jpg,1200,1200,RGB,False,1.0,1.0,pass,bbf203c5be70ced4b714d1d58b92b035808162df58e15f0c80186d359a431800
W1554,main.jpg,final-main,product-shots/W1554/main.jpg,1200,1200,RGB,False,1.0,1.0,pass,33795c19c4b4fcedff7b8a28a06e58336a490481239f86d0acdcf7cd9418a7d3
W1555,main.jpg,final-main,product-shots/W1555/main.jpg,1200,1200,RGB,False,1.0,1.0,pass,cf39ca68a35570bc4a289baeb883127de8c6e40f9773d6b51d2269453dd41bb7
W1557,main.jpg,final-main,product-shots/W1557/main.jpg,1200,1200,RGB,False,1.0,1.0,pass,b4f6a0dbd8354dcf7b83279de32905df572538be79e1941dfd1c6df2fa9d51c7
W1558,main.jpg,final-main,product-shots/W1558/main.jpg,1200,1200,RGB,False,1.0,1.0,pass,93a24ad6459c94e4e28b0df87c2f7e10e5321ffd7e4405119bd7ffbc278036a2
W1559,main.jpg,final-main,product-shots/W1559/main.jpg,1200,1200,RGB,False,1.0,1.0,pass,0192041051ce347f5c56d8b1dc127cc8eacc2b9ea9603100e7705d65b238f500
W156,main.jpg,final-main,product-shots/W156/main.jpg,1200,1200,RGB,False,1.0,1.0,pass,ec80d4732f129ff7b7f5315d7e06c738741dc3fa3db2ea70c08eed7f6f1f1620
W1560,main.jpg,final-main,product-shots/W1560/main.jpg,1200,1200,RGB,False,1.0,1.0,pass,c20a1d03fa9d6ed4479c8cafd2c7bf644777f1f82c60036b0f7547ea96c11963
W1561,main.jpg,final-main,product-shots/W1561/main.jpg,1200,1200,RGB,False,1.0,1.0,pass,6ec784797cd9a5c8eeffb5405dec0acd2da151c9638d241018548818ebd6c752
W1562,main.jpg,final-main,product-shots/W1562/main.jpg,1200,1200,RGB,False,1.0,1.0,pass,f46209a97be5dc6f8bdddaf01704daad34bb113dc1cdbb3cb5adf2d208d9ffa3
W1564,main.jpg,final-main,product-shots/W1564/main.jpg,1200,1200,RGB,False,1.0,1.0,pass,38a6ca62b65d22e679f6f0a000c50b872885f02f866d90591066059c265a7b11
W1565,main.jpg,final-main,product-shots/W1565/main.jpg,1200,1200,RGB,False,1.0,1.0,pass,19571abac1b661d6de3f29ea3173e0eb79b9b1c7be26ba9d142a35a392dac906
W1566,main.jpg,final-main,product-shots/W1566/main.jpg,1200,1200,RGB,False,1.0,1.0,pass,05a4c8becc66c2510a39a2b2fa6d49f36d9cd67cf1e726ca8176abf7e8300653
W1567,main.jpg,final-main,product-shots/W1567/main.jpg,1200,1200,RGB,False,1.0,1.0,pass,d56ef6630da21cf47d9247383cecd7712ea5e4b8e967b57435f30aab5761a6eb
W1569,main.jpg,final-main,product-shots/W1569/main.jpg,1200,1200,RGB,False,1.0,1.0,pass,03a615c48a95f378a5f37dbf2ac6ff4b6891ea27928b6cc75db9f457963a7717
W1570,main.jpg,final-main,product-shots/W1570/main.jpg,1200,1200,RGB,False,1.0,1.0,pass,5a3380d208390f2811614b48974a79c097d4bde3391356e8353bbfa04e94f0e2
W1571,main.jpg,final-main,product-shots/W1571/main.jpg,1200,1200,RGB,False,1.0,1.0,pass,447ee1322cf0992887ac01879f82a6b21d1d1dd556ece943de37e9b0ce744368
W1572,main.jpg,final-main,product-shots/W1572/main.jpg,1200,1200,RGB,False,1.0,1.0,pass,05878b5ece41cede60cccfafb5b43207c2da4cade8c28aa3908b775cddd11e11
W1573,main.jpg,final-main,product-shots/W1573/main.jpg,1200,1200,RGB,False,1.0,1.0,pass,cc5daea3cf90ac7f2776a6c6da6d2c9c28658f3ea1c906ff81f48d5bf5820823
W1574,main.jpg,final-main,product-shots/W1574/main.jpg,1200,1200,RGB,False,1.0,1.0,pass,97208d99cc69a07687d7379143225b53d40658b47240d7bd567bf50928d63a5a
W1575,main.jpg,final-main,product-shots/W1575/main.jpg,1200,1200,RGB,False,1.0,1.0,pass,ad8051980e69d10de9ae8bd2b9656e6af5dfaad325e7dcc44fa2c2edc7cb44e2
W1576,main.jpg,final-main,product-shots/W1576/main.jpg,1200,1200,RGB,False,1.0,1.0,pass,137add03095a00393f4aa675e2846595a02a1a014bc35c722fbac22f4564367c
W1577,main.jpg,final-main,product-shots/W1577/main.jpg,1200,1200,RGB,False,1.0,1.0,pass,972c9295ef825a9917160c73ddd2c9415f026871de4fe70bf89a4e2ca9d897f8
W1578,main.jpg,final-main,product-shots/W1578/main.jpg,1200,1200,RGB,False,1.0,1.0,pass,54d63e86a6049bec9b2271b0f44c30ae2ecd4fd182ee356127c749868c934156
W1580,main.jpg,final-main,product-shots/W1580/main.jpg,1200,1200,RGB,False,1.0,1.0,pass,6b8065faaa78a9db8ded627cc0ae853c89282ca1f6de9b5a5d4f252704ef7196
W1582,main.jpg,final-main,product-shots/W1582/main.jpg,1200,1200,RGB,False,1.0,1.0,pass,5bcf80fb6b395ab63e9f5ae2b7291b2528891e4a407c523ecace467518229f3b
W1584,main.jpg,final-main,product-shots/W1584/main.jpg,1200,1200,RGB,False,1.0,1.0,pass,b925f5bcdcc001d28b73f8ffea5920f2d692301e000d1967715163a66e3ad6a9
W1585,main.jpg,final-main,product-shots/W1585/main.jpg,1200,1200,RGB,False,1.0,1.0,pass,ed1812e372b21d16261f31963cee9884c24315da9be5a229277916ea52a479e3
W1586,main.jpg,final-main,product-shots/W1586/main.jpg,1200,1200,RGB,False,1.0,1.0,pass,e9418e5c2874b1c0fa7558eb13a3ae016bd21d851b1e8f8bfc0c853f1b6f02df
W1588,main.jpg,final-main,product-shots/W1588/main.jpg,1200,1200,RGB,False,1.0,1.0,pass,ae44877456e002f7088fd72ef750b6f80e0d8e6a159be76ba1737bfcbbfc13aa
W1589,main.jpg,final-main,product-shots/W1589/main.jpg,1200,1200,RGB,False,1.0,1.0,pass,f947d8f74766ee448163f06401bd7f938396595c6abf4a0780c7c69be5cc977f
W159,main.jpg,final-main,product-shots/W159/main.jpg,1200,1200,RGB,False,1.0,1.0,pass,e9570e75b142e0b7abcfee1cf9f5def97dea16f6706307528fdb0b8bb84f4915
W1591,main.jpg,final-main,product-shots/W1591/main.jpg,1200,1200,RGB,False,1.0,1.0,pass,e8030c3ed24f3449e7e966c490223267a666afa6cd7b037db31b6c02da079bda
W1592,main.jpg,final-main,product-shots/W1592/main.jpg,1200,1200,RGB,False,1.0,1.0,pass,6dbc7690f68e2a38a8061fb9659f9f434fd4a5d95e596752f9e2b90473e05641
W1593,main.jpg,final-main,product-shots/W1593/main.jpg,1200,1200,RGB,False,1.0,1.0,pass,798bb4fc073d6301156716fbb3dc03c2ca3b305d7ac0a9affbf617e50c3b657a
W1595,main.jpg,final-main,product-shots/W1595/main.jpg,1200,1200,RGB,False,1.0,1.0,pass,4eb2d5f17ee87d963dcc868de5905854e1145507ed37104df980e720c9b4c11a
W1597,main.jpg,final-main,product-shots/W1597/main.jpg,1200,1200,RGB,False,1.0,1.0,pass,58d251f4990ed1a717cbbb52aa68b974601069536d47b22f1ed7f08ee517b8bd
W1598,main.jpg,final-main,product-shots/W1598/main.jpg,1200,1200,RGB,False,1.0,1.0,pass,186dd6758d93a13dd47a8bac93e981ac716bc9ed528969593b766bd138795a60
W1599,main.jpg,final-main,product-shots/W1599/main.jpg,1200,1200,RGB,False,1.0,1.0,pass,a2a52d67f8bda222c95ec6ac9848eecc13ffc90744f2502771003f2409e0b623
W16,main.jpg,final-main,product-shots/W16/main.jpg,1200,1200,RGB,False,1.0,1.0,pass,0e1a64b3824376e02a6a27642eda01a22a3dcd49377677dd26003d74afc201f7
W1600,main.jpg,final-main,product-shots/W1600/main.jpg,1200,1200,RGB,False,1.0,1.0,pass,ad25572514f0e3eb7430d22200f740a03b47cb4dcabff44ff4ba2d1c19ae5f13
W1601,main.jpg,final-main,product-shots/W1601/main.jpg,1200,1200,RGB,False,1.0,1.0,pass,6139789ec65d8311e990e69aada8488d046ba072b65a3294b713d0b04507c281
W1605,main.jpg,final-main,product-shots/W1605/main.jpg,1200,1200,RGB,False,1.0,1.0,pass,ac33f8227905b1969123635587d1f3c85d388b3eac8c8b0b092f6743d5071450
W1606,main.jpg,final-main,product-shots/W1606/main.jpg,1200,1200,RGB,False,1.0,1.0,pass,fe886e295bd0ccf43fbaeeee35193afb8c7c3cb1dbbe1052ab0f62a6fe61e466
W1610,main.jpg,final-main,product-shots/W1610/main.jpg,1200,1200,RGB,False,1.0,1.0,pass,02afbcaf448fa78ba1e712e80626164dca6983c1608fbbbb95a420f07e7d2415
W1611,main.jpg,final-main,product-shots/W1611/main.jpg,1200,1200,RGB,False,1.0,1.0,pass,bc461c52e70ca2cbd82d1589949fc90e4b2ed3cca2d1ed67dd9e04950afbc5ad
W1612,main.jpg,final-main,product-shots/W1612/main.jpg,1200,1200,RGB,False,1.0,1.0,pass,ebd022167b85cfbb944e6c7f8bf5ed806e2e384d1b608e22bc7e4a12515ecc27
W1615,main.jpg,final-main,product-shots/W1615/main.jpg,1200,1200,RGB,False,1.0,1.0,pass,40fbdbbc4548c6dff80c754377cd9ff557b779511b30d68efe2d79e0c658d5c6
W1616,main.jpg,final-main,product-shots/W1616/main.jpg,1200,1200,RGB,False,1.0,1.0,pass,01672b30a62f572d609ca9da4925b476d8f1dad06f26356e5e03dead2fe702f3
W1619,main.jpg,final-main,product-shots/W1619/main.jpg,1200,1200,RGB,False,1.0,1.0,pass,54e8c90b66493e358464b08c5e1c851182349870978567f28b1f3af640b5956e
W1622,main.jpg,final-main,product-shots/W1622/main.jpg,1200,1200,RGB,False,1.0,1.0,pass,5f18e42a0888ec6c6c17c47a11328684034b4aceff643290a023c026f6974fcc
W1623,main.jpg,final-main,product-shots/W1623/main.jpg,1200,1200,RGB,False,1.0,1.0,pass,d80d6cefe3ab2afcfeda41a7751bb63381716be805ae624d61554c3c27ec762e
W1624,main.jpg,final-main,product-shots/W1624/main.jpg,1200,1200,RGB,False,1.0,1.0,pass,9a3429671cff5295dbddc345bed160e697c43bd17503187ab406fa463fc60ba9
W1625,main.jpg,final-main,product-shots/W1625/main.jpg,1200,1200,RGB,False,1.0,1.0,pass,e34a942c5a05dedbade67b2d4da47165318019360de0aae3b33f61f7559fdf4e
W1628,main.jpg,final-main,product-shots/W1628/main.jpg,1200,1200,RGB,False,1.0,1.0,pass,231e459ccf1656687501665e56eb40ef13d0190a007b6a0fd2f26910904d2b8c
W1630,main.jpg,final-main,product-shots/W1630/main.jpg,1200,1200,RGB,False,1.0,1.0,pass,59891a4b915b47edcda059b9ff535bedf50d228b1fbd74d07fa69b1aac2e0ae4
W1631,main.jpg,final-main,product-shots/W1631/main.jpg,1200,1200,RGB,False,1.0,1.0,pass,7198322c407c7be3544673df3c454e2f6531e8cf314bff2ed35ee59d58d3208c
W1632,main.jpg,final-main,product-shots/W1632/main.jpg,1200,1200,RGB,False,1.0,1.0,pass,812d30a256c68e4629d5fcc2620da3461ef17dc0299a2924cc3ff380b9c2ffe2
W1633,main.jpg,final-main,product-shots/W1633/main.jpg,1200,1200,RGB,False,1.0,1.0,pass,7caf2ffd9a632c35bd271a5ac70f3acbf2ee4bc6b9ecfe9e3ed63cf22a8c6685
W1635,main.jpg,final-main,product-shots/W1635/main.jpg,1200,1200,RGB,False,1.0,1.0,pass,1b4fa5787b8274f71e0de26cf190dfd58cd7723ab2d528925dcca04b3c44d0f4
W1639,main.jpg,final-main,product-shots/W1639/main.jpg,1200,1200,RGB,False,1.0,1.0,pass,384bea952a37658c509c1910a59f801fc06f955f8fd7653d89fd035fb7ca807d
W1640,main.jpg,final-main,product-shots/W1640/main.jpg,1200,1200,RGB,False,1.0,1.0,pass,bc613b792a70c7a7a8c75a804f949bc4af10c8a01fb7b81beba0cc8a553780fb
W1641,main.jpg,final-main,product-shots/W1641/main.jpg,1200,1200,RGB,False,1.0,1.0,pass,c36e091c4b2b8cdc2525103bb5f0759a7eecb2c3a1f2b97713199fc991445dce
W1642,main.jpg,final-main,product-shots/W1642/main.jpg,1200,1200,RGB,False,1.0,1.0,pass,73a73314e34e2cfc1da782040d85288d39cf7c64d185934c65c6c870f26b27ca
W1643,main.jpg,final-main,product-shots/W1643/main.jpg,1200,1200,RGB,False,1.0,1.0,pass,56fe65b255a93ddddd519ab28046b0c4083778e9ca8b728609075b11651af99c
W1644,main.jpg,final-main,product-shots/W1644/main.jpg,1200,1200,RGB,False,1.0,1.0,pass,aa9c57c0da68d3702b31253b37cffee7bab65eef8000bf5b6306b4c0fd3a1a6e
W1645,main.jpg,final-main,product-shots/W1645/main.jpg,1200,1200,RGB,False,1.0,1.0,pass,27911b7c3b9addb3b84d904dbfdad3226f8c68a62782dde5abedfb0821d6b54f
W1646,main.jpg,final-main,product-shots/W1646/main.jpg,1200,1200,RGB,False,1.0,1.0,pass,70af314cea7844242480d8f3170e18c770ceeac04204a9c13648283aa578a6c5
W1647,main.jpg,final-main,product-shots/W1647/main.jpg,1200,1200,RGB,False,1.0,1.0,pass,8ae25a1c7d6bfe562b2d995001c6145e5c529fd33f19acdc06b3ebacae30ca75
W1649,main.jpg,final-main,product-shots/W1649/main.jpg,1200,1200,RGB,False,1.0,1.0,pass,014150db8202023670abfc97229ae2189363479f0505b08b507093066e7c97b0
W1650,main.jpg,final-main,product-shots/W1650/main.jpg,1200,1200,RGB,False,1.0,1.0,pass,457f31c24e26317af480f9efadcd6eae32e3c6f6f49a56ad979b8c0d3282c543
W1651,main.jpg,final-main,product-shots/W1651/main.jpg,1200,1200,RGB,False,1.0,1.0,pass,88adeb94fd4489578feab1acbba91640cb42abcb5a1939ef3031ff2932fdba09
W1654,main.jpg,final-main,product-shots/W1654/main.jpg,1200,1200,RGB,False,1.0,1.0,pass,dc9e3fb29b0360d367e1a2280508557d07f92c73b647797bb570b4b60bceb863
W1657,main.jpg,final-main,product-shots/W1657/main.jpg,1200,1200,RGB,False,1.0,1.0,pass,b6d9b163b932f1de4d290a7d67b5bde2191106515f7630c9f50bcff7342430be
W1658,main.jpg,final-main,product-shots/W1658/main.jpg,1200,1200,RGB,False,1.0,1.0,pass,566e47c4fcf308606f3627edbac29471c43e21b8648554988ad67e83aeec9f3b
W1659,main.jpg,final-main,product-shots/W1659/main.jpg,1200,1200,RGB,False,1.0,1.0,pass,5bb12f9e05958033aeb318e5b4d68060245f9f0acc3806d1e7b5c21fe71ffb00
W1663,main.jpg,final-main,product-shots/W1663/main.jpg,1200,1200,RGB,False,1.0,1.0,pass,efe754a6d1539a2d7ef0f783ca9ffe6c62775094ff3e248ef0f71ef7cafe2845
W1664,main.jpg,final-main,product-shots/W1664/main.jpg,1200,1200,RGB,False,1.0,1.0,pass,91ef6bef85572628728d22780f382f1b89d600ffea44e00bbf13e57d101ae88c
W1666,main.jpg,final-main,product-shots/W1666/main.jpg,1200,1200,RGB,False,1.0,1.0,pass,1d124cb4d85c39a6d857a530892b3f8fa8057c8d15ad0ad6978fe479dd72f19e
W1667,main.jpg,final-main,product-shots/W1667/main.jpg,1200,1200,RGB,False,1.0,1.0,pass,21d38a2b7a2bfd57e2a18dfd6d8073d7bdcf5baa011d48a0d77029b215d38c19
W1668,main.jpg,final-main,product-shots/W1668/main.jpg,1200,1200,RGB,False,1.0,1.0,pass,6e3bf1f0512b134ef720b72d5858e47171cbff4a204d897552d05bdc10e259cf
W1669,main.jpg,final-main,product-shots/W1669/main.jpg,1200,1200,RGB,False,1.0,1.0,pass,3947ec961287ce5f8b5deec42610b1ffdf245ce53bd43be640368e1cf80fb070
W1670,main.jpg,final-main,product-shots/W1670/main.jpg,1200,1200,RGB,False,1.0,1.0,pass,ea6966bba452a5e1f5611f134571d436f70c532f3cb00a3947f1e27c25a5f87d
W1671,main.jpg,final-main,product-shots/W1671/main.jpg,1200,1200,RGB,False,1.0,1.0,pass,57f44c18e3276ba9f04a423e4f4105bf243fccd969ece81708e99a270ceb7e03
W1672,main.jpg,final-main,product-shots/W1672/main.jpg,1200,1200,RGB,False,1.0,1.0,pass,f665fa65a4c0bb296cff0d426a36e5ba97c2bad943dff51a49e35420d56b17ae
W1673,main.jpg,final-main,product-shots/W1673/main.jpg,1200,1200,RGB,False,1.0,1.0,pass,fd01bcdb0bb3bd106376dd0d73087c9098ec69dda74aed707095ca3e150efb69
W1674,main.jpg,final-main,product-shots/W1674/main.jpg,1200,1200,RGB,False,1.0,1.0,pass,830098ad184c051a4bc78a7c485e9eedd7eb682d93ea09c5fbe52ec1df408cfd
W1675,main.jpg,final-main,product-shots/W1675/main.jpg,1200,1200,RGB,False,1.0,1.0,pass,4b28267758e7ae8cc3dbfa5daee32e0d1d07b752f51ce1571b660b99909bb4ef
W1676,main.jpg,final-main,product-shots/W1676/main.jpg,1200,1200,RGB,False,1.0,1.0,pass,d4fa68ab10f558d5745489330d59b5d2c4db11685827cf5fa04d23725194586f
W1677,main.jpg,final-main,product-shots/W1677/main.jpg,1200,1200,RGB,False,1.0,1.0,pass,c73c30ef6fdee2084f30ccf3965b43e2967d27159a85d3343eb0e71e280260b2
W1678,main.jpg,final-main,product-shots/W1678/main.jpg,1200,1200,RGB,False,1.0,1.0,pass,c99ad3308c94c73c7339a13aaceceb2cba45e52bc1314c9d3340d8ef7d1fadad
W1679,main.jpg,final-main,product-shots/W1679/main.jpg,1200,1200,RGB,False,1.0,1.0,pass,8e93851a9076dfc6e759f8e8147f83a03e66e725ef823994a020b1b0b7112eab
W1680,main.jpg,final-main,product-shots/W1680/main.jpg,1200,1200,RGB,False,1.0,1.0,pass,994445afe1c9f8fb782fa01ebde025aac1260983c30eef3710b638dba4ee2543
W1681,main.jpg,final-main,product-shots/W1681/main.jpg,1200,1200,RGB,False,1.0,1.0,pass,725268a87403119e9b8f65d9a58dd8b60b99d1addeec06b745a4d0e051f22465
W1683,main.jpg,final-main,product-shots/W1683/main.jpg,1200,1200,RGB,False,1.0,1.0,pass,ae177ebc7175b5ff1c31f53cd2a2f0e639788b7b532c9ca8a0f4083be6aea440
W1684,main.jpg,final-main,product-shots/W1684/main.jpg,1200,1200,RGB,False,1.0,1.0,pass,503cfbb7b5b81d7fbcbe46e35737e25678187826dc8105c01502c298d0391d56
W1685,main.jpg,final-main,product-shots/W1685/main.jpg,1200,1200,RGB,False,1.0,1.0,pass,9f1e2c62e12c58f442c6ee9fc43f44e89be84ee876a72d559d7883b715e94b65
W1686,main.jpg,final-main,product-shots/W1686/main.jpg,1200,1200,RGB,False,1.0,1.0,pass,5ffc1a961ef0f49ec739cf2de61ea7e515f37d34ed2b0e910d058415b6c7b9d4
W1687,main.jpg,final-main,product-shots/W1687/main.jpg,1200,1200,RGB,False,1.0,1.0,pass,3dbd949ee7a5154d39abd618c7ea209597dacf2d2a8bcdabf1eda6af09fbe49b
W1689,main.jpg,final-main,product-shots/W1689/main.jpg,1200,1200,RGB,False,1.0,1.0,pass,9276037411cefcd2617209de9ca6dbe90225fcb8fc3d56befe34ca6ca0e7a457
W1690,main.jpg,final-main,product-shots/W1690/main.jpg,1200,1200,RGB,False,1.0,1.0,pass,369d5cea94c556f1509e6872e2fd56ca881d2c27d684306e21840baa2a502047
W1692,main.jpg,final-main,product-shots/W1692/main.jpg,1200,1200,RGB,False,1.0,1.0,pass,d6bfe19a86d6bddb2c6fe52c865b46f431b0b53541bec117114959611e077488
W1693,main.jpg,final-main,product-shots/W1693/main.jpg,1200,1200,RGB,False,1.0,1.0,pass,b6eee16ee525a1b638372af8bd2a985fdb2e454a490c3971e7ac3f43ab643296
W1694,main.jpg,final-main,product-shots/W1694/main.jpg,1200,1200,RGB,False,1.0,1.0,pass,cf045f056e8543954ffe04ee53b9c327e064b58661ad0fbf5973c77348be731d
W1696,main.jpg,final-main,product-shots/W1696/main.jpg,1200,1200,RGB,False,1.0,1.0,pass,8b5b369dab3d83bd04fd03745c30468648036e5e324e13e33129a848c3197bfd
W1698,main.jpg,final-main,product-shots/W1698/main.jpg,1200,1200,RGB,False,1.0,1.0,pass,f0763caa14f54415ec5c8135060a88368c45e3257b368994f88dfb68f27b054d
W1699,main.jpg,final-main,product-shots/W1699/main.jpg,1200,1200,RGB,False,1.0,1.0,pass,3e239d001a68726bc542c5ab57642c131eef8bbd735caa28188c3134e5a5570e
W17,main.jpg,final-main,product-shots/W17/main.jpg,1200,1200,RGB,False,1.0,1.0,pass,3e786a8dd80d130862753c4e7c5c0259a8c315dd4787691e05abcc0a4236b5e5
W1700,main.jpg,final-main,product-shots/W1700/main.jpg,1200,1200,RGB,False,1.0,1.0,pass,53955f8700fd59bf0341b83948b656eabe9ca1d2531c22c8d55ab342e467675d
W1701,main.jpg,final-main,product-shots/W1701/main.jpg,1200,1200,RGB,False,1.0,1.0,pass,493d82a46a1291dbebbfa47329657c2fd676a20b8349eb54cc9f5f47e42c7447
W1702,main.jpg,final-main,product-shots/W1702/main.jpg,1200,1200,RGB,False,1.0,1.0,pass,5578af2415726f203309bfc651261823bdf557673063244dd73382b19246603c
W1703,main.jpg,final-main,product-shots/W1703/main.jpg,1200,1200,RGB,False,1.0,1.0,pass,179bfc5132f2b90c64ed3036ff00790b1f4a7ca9fe73ba12aa1f0b0527565649
W1704,main.jpg,final-main,product-shots/W1704/main.jpg,1200,1200,RGB,False,1.0,1.0,pass,115d925c00f6a2d23aa14c5f8b95f74fd38e2aa0f0c6ba059460e34507c3a269
W1705,main.jpg,final-main,product-shots/W1705/main.jpg,1200,1200,RGB,False,1.0,1.0,pass,1379e55bc6a5572a591137dc63ba3bce374968176c5a1437d19dbab3c3367aff
W1706,main.jpg,final-main,product-shots/W1706/main.jpg,1200,1200,RGB,False,1.0,1.0,pass,db3f8a952665b568b53ee10c5b68da934f8ca99e657e79724dbf7da0876d752f
W1707,main.jpg,final-main,product-shots/W1707/main.jpg,1200,1200,RGB,False,1.0,1.0,pass,af21ca3a0ccb6c195f13369fa2c65d36b28c08bfc6c22dbcaf642ed86e48d512
W1708,main.jpg,final-main,product-shots/W1708/main.jpg,1200,1200,RGB,False,1.0,1.0,pass,f8787d0406ab9f6b0198a000d3d36b24a7432085acf52c357d206e86246e9cbd
W1709,main.jpg,final-main,product-shots/W1709/main.jpg,1200,1200,RGB,False,1.0,1.0,pass,522a8c1b98d317bdd7fa7433991fbc61d4c257b7f70cbb0182a6d14115ed55f5
W1710,main.jpg,final-main,product-shots/W1710/main.jpg,1200,1200,RGB,False,1.0,1.0,pass,995e96f4c165cd04b44ab7e5ca288a96dc927979839e23771ce3b8ff9a12e426
W1711,main.jpg,final-main,product-shots/W1711/main.jpg,1200,1200,RGB,False,1.0,1.0,pass,9b95ff70ae39ee7502e7e1bdc2f8eb69fcc1f543f2f7895122d34400ab0eef4b
W1712,main.jpg,final-main,product-shots/W1712/main.jpg,1200,1200,RGB,False,1.0,1.0,pass,afc47e5ae6da352e0397997c0e3266198b52b8028e05afb37c9e8d9b638bb56e
W1713,main.jpg,final-main,product-shots/W1713/main.jpg,1200,1200,RGB,False,1.0,1.0,pass,8fa78d8fa759eb52fa5e958db0022c4a288850f9a2c43dc70ca5c64e116088ae
W1715,main.jpg,final-main,product-shots/W1715/main.jpg,1200,1200,RGB,False,1.0,1.0,pass,98c51b70981783e08a2f8982893aeedc84aef59b10bffa819f6035d35c826497
W1716,main.jpg,final-main,product-shots/W1716/main.jpg,1200,1200,RGB,False,1.0,1.0,pass,d9ed9a207e39547aafab7f6bec07975b13b9bf08480b16974357807dce1a386b
W1717,main.jpg,final-main,product-shots/W1717/main.jpg,1200,1200,RGB,False,1.0,1.0,pass,e296f260722abeb330f6ec7d4d01c1bc2423cefe1fe47485bbfe258e6c3d9287
W18,main.jpg,final-main,product-shots/W18/main.jpg,1200,1200,RGB,False,1.0,1.0,pass,14985a46fc4ae8f965dbadead6fe45ae2adddaf17c335db1d217f4f4894135b8
W182,main.jpg,final-main,product-shots/W182/main.jpg,1200,1200,RGB,False,1.0,1.0,pass,7c2948eb42bdaffa8dec2a5924c0b43f03bf6fa6d78c137eeab0a0c8771c7c88
W183,main.jpg,final-main,product-shots/W183/main.jpg,1200,1200,RGB,False,1.0,1.0,pass,4e9c6f38201275b8e5eb01d1c44f0adc7ff04ccfb4ee1e445328d40b56c1f783
W185,main.jpg,final-main,product-shots/W185/main.jpg,1200,1200,RGB,False,1.0,1.0,pass,0e9aa558a0e447b5408234263dc2e669de79f50c695d76b0b0c61846e384eecb
W189,main.jpg,final-main,product-shots/W189/main.jpg,1200,1200,RGB,False,1.0,1.0,pass,9042bbc3aa197c36934bfa0fbc114e0c298d4f8026152425b69fa2faf4e2827c
W19,main.jpg,final-main,product-shots/W19/main.jpg,1200,1200,RGB,False,1.0,1.0,pass,9d9469d815e3e1e82fb2e45f3a0160aa787a433f457007b0da5ae6e370e98bee
W191,main.jpg,final-main,product-shots/W191/main.jpg,1200,1200,RGB,False,1.0,1.0,pass,ec2d9ffc5472991aeb96a5e7b298a21d833da0c415a287ef40c8880cfb58fce4
W193,main.jpg,final-main,product-shots/W193/main.jpg,1200,1200,RGB,False,1.0,1.0,pass,6c007b14addb7a59802a0075f728ed9e20d91364330457078fb7dd9fcaf37aef
W195,main.jpg,final-main,product-shots/W195/main.jpg,1200,1200,RGB,False,1.0,1.0,pass,77dabc2761d303c04ac6ef6332738c4a65f0c073c489bae5cd27b2100da5e835
W20,main.jpg,final-main,product-shots/W20/main.jpg,1200,1200,RGB,False,1.0,1.0,pass,2bcd2cee29c8b187e2782fbaef376d6977f278624d980b0d19c20b26236018d8
W2100,main.jpg,final-main,product-shots/W2100/main.jpg,1200,1200,RGB,False,1.0,1.0,pass,2c67fc0b8a4f2807a73aa406fc833975745751b780320b0ca9e0e5d2f95b3b18
W2101,main.jpg,final-main,product-shots/W2101/main.jpg,1200,1200,RGB,False,1.0,1.0,pass,0f83d00992bc9d13e9c7be272cd4c040f61559bdaabb19fa977b63c820a41144
W2102,main.jpg,final-main,product-shots/W2102/main.jpg,1200,1200,RGB,False,1.0,1.0,pass,8f59055fabd62366d26efe0d95b913861fa2ff71cc63a100237cb02e7b90db72
W2103,main.jpg,final-main,product-shots/W2103/main.jpg,1200,1200,RGB,False,1.0,1.0,pass,4a4cc1c60df515d6472ebeab1f358ed4c9171ea28fdbff02bf72f7fdf350ce9e
W2104,main.jpg,final-main,product-shots/W2104/main.jpg,1200,1200,RGB,False,1.0,1.0,pass,ec9e24e157988d0133a29f4b216ea670a8310b26ef20d1d98793ccb33d616b3c
W2105,main.jpg,final-main,product-shots/W2105/main.jpg,1200,1200,RGB,False,1.0,1.0,pass,a9dbddb0d081125ffae93326eba3ff9a883f9a281c6ac3e896341b462a7c452f
W2106,main.jpg,final-main,product-shots/W2106/main.jpg,1200,1200,RGB,False,1.0,1.0,pass,495bca4f582b600d945413bb1b3d3849d5d87da567ea66bf91ad3e4ccbc90dda
W2107,main.jpg,final-main,product-shots/W2107/main.jpg,1200,1200,RGB,False,1.0,1.0,pass,51eeae6ee99cbd06042ac0299900294bfbc1e9e2c2586283f473017467e2c981
W2109,main.jpg,final-main,product-shots/W2109/main.jpg,1200,1200,RGB,False,1.0,1.0,pass,347a9e978f8d85a6cd0a94a8b461ed99ee4c113bebece6ea8fdc4befc4e57697
W211,main.jpg,final-main,product-shots/W211/main.jpg,1200,1200,RGB,False,1.0,1.0,pass,d77f2776725507ff7c5cece56e35c9f9fc340866a431366b89566cac0f485828
W2110,main.jpg,final-main,product-shots/W2110/main.jpg,1200,1200,RGB,False,1.0,1.0,pass,b150b2b617ceed89fb58552e56ceeb3116b78505c85dbe175f742936f8bc1d0d
W2112,main.jpg,final-main,product-shots/W2112/main.jpg,1200,1200,RGB,False,1.0,1.0,pass,213ac7da71c2a4b1cc57126cbbf7b9b2a236d66bdf1b43a2741c6e85cf898289
W2113,main.jpg,final-main,product-shots/W2113/main.jpg,1200,1200,RGB,False,1.0,1.0,pass,f383f76fcae5e501610bae011f853a7e2976e2be27a9ce068cdfa15e184ee60e
W2114,main.jpg,final-main,product-shots/W2114/main.jpg,1200,1200,RGB,False,1.0,1.0,pass,0f7bd510abd7fd1e9485ef4e39acb3b927a586437e1f11f73ba0d22b24fc6652
W2115,main.jpg,final-main,product-shots/W2115/main.jpg,1200,1200,RGB,False,1.0,1.0,pass,1c3cba9459cc5e4fdfe6dc552c49549eb938b7a4362473a39b127735e4ae3724
W2117,main.jpg,final-main,product-shots/W2117/main.jpg,1200,1200,RGB,False,1.0,1.0,pass,04da479387b5af297dfadbde5dfca6a7711f2a56b5d30b9f748ed3536ff26a82
W2118,main.jpg,final-main,product-shots/W2118/main.jpg,1200,1200,RGB,False,1.0,1.0,pass,5658c0b3f0423ae92510fbdf0bdc55e6678e4fbbd6cf9fc1e299fb88cda29e74
W2119,main.jpg,final-main,product-shots/W2119/main.jpg,1200,1200,RGB,False,1.0,1.0,pass,e600f6c4806072af4fa1f485e0f0a8aa0a8fb912dc8b787a44b0e08040616b23
W212,main.jpg,final-main,product-shots/W212/main.jpg,1200,1200,RGB,False,1.0,1.0,pass,f37922538d1f5c3dcf24bf9f8d4b77d83c867c3623d6a402060476d39def5f87
W2120,main.jpg,final-main,product-shots/W2120/main.jpg,1200,1200,RGB,False,1.0,1.0,pass,2f696ce950645ec1a1158d458fbb42d9fe71096cc96d47919156e49c87cd50cb
W2121,main.jpg,final-main,product-shots/W2121/main.jpg,1200,1200,RGB,False,1.0,1.0,pass,cd427507780317b6a070ccf24ef13f455884807ff5b0424a80fc21243457fb2f
W2122,main.jpg,final-main,product-shots/W2122/main.jpg,1200,1200,RGB,False,1.0,1.0,pass,506459dbbd3eed74bd33c07bfec277506459ecc87215a90089037f147e882c88
W2123,main.jpg,final-main,product-shots/W2123/main.jpg,1200,1200,RGB,False,1.0,1.0,pass,eaa1472a3690875e4aa51d495afff0e9ed321986711d54423bd1f94cc560990d
W2125,main.jpg,final-main,product-shots/W2125/main.jpg,1200,1200,RGB,False,1.0,1.0,pass,7f7837e39c9fc0c078d3e85f0c64b7059489110eed630fc406a8145c6ce7e260
W2126,main.jpg,final-main,product-shots/W2126/main.jpg,1200,1200,RGB,False,1.0,1.0,pass,8e358797a1e1fe66cd43adbc8562a7c0c275b3d0aec4da8acaed3db3974817a1
W2127,main.jpg,final-main,product-shots/W2127/main.jpg,1200,1200,RGB,False,1.0,1.0,pass,c1d0b46fdcd9a1ef43e74f7cb3f4d82051c881d793256cc227d692452d169123
W2128,main.jpg,final-main,product-shots/W2128/main.jpg,1200,1200,RGB,False,1.0,1.0,pass,e776ec3a269b77040a759d2d4f15e355d83c5786eabbd6003751927abdca42f1
W213,main.jpg,final-main,product-shots/W213/main.jpg,1200,1200,RGB,False,1.0,1.0,pass,ee057b600a5c871e917bc2980bc0066da5149f22d4b1d873de3b39d304e63ed6
W2131,main.jpg,final-main,product-shots/W2131/main.jpg,1200,1200,RGB,False,1.0,1.0,pass,df554c92c5f9e290a83876efcf9fff7dbe4529e662cc03ee083641000601a503
W2132,main.jpg,final-main,product-shots/W2132/main.jpg,1200,1200,RGB,False,1.0,1.0,pass,f7d142b1ac0cb13b66b712c0ef9a3887948d7811f260895f4cbdfbc1c314d13b
W2133,main.jpg,final-main,product-shots/W2133/main.jpg,1200,1200,RGB,False,1.0,1.0,pass,5cb9cf6b2f560e6cbaf50cfe9652f69967dbbb29feab3d0602d7c362d362c701
W2135,main.jpg,final-main,product-shots/W2135/main.jpg,1200,1200,RGB,False,1.0,1.0,pass,b6ee76c1e20cbe110675aeb9893c86da2c614675a79f978a41e652f4c4f1630c
W2138,main.jpg,final-main,product-shots/W2138/main.jpg,1200,1200,RGB,False,1.0,1.0,pass,19af0d68cefd92f335e7dba1b25d519f37fe6ea551dba2205970c95be84aaa9e
W2139,main.jpg,final-main,product-shots/W2139/main.jpg,1200,1200,RGB,False,1.0,1.0,pass,f8dfd7b45a37b201dc8b15dc497b2c76a061726ed13ccd648e91646d7d448c63
W2140,main.jpg,final-main,product-shots/W2140/main.jpg,1200,1200,RGB,False,1.0,1.0,pass,873d3b923bd14e412dff48301860fda00512a0f0e5c4af09c8f492a8faa4fa57
W2141,main.jpg,final-main,product-shots/W2141/main.jpg,1200,1200,RGB,False,1.0,1.0,pass,aafe6301e7c830c23d5d7fab1873d1e817e814f90e96251bac0c0d801e7ae2cc
W2142,main.jpg,final-main,product-shots/W2142/main.jpg,1200,1200,RGB,False,1.0,1.0,pass,bb3a811cf647c45e3bb55dcb1ce831b4e08dbe93ea20772a8246417b763fd80c
W2143,main.jpg,final-main,product-shots/W2143/main.jpg,1200,1200,RGB,False,1.0,1.0,pass,de7ee5a92a6d6fd32201d9306e8bada1a60b1f2a5ca1cc33c610c0b73bc5be69
W2144,main.jpg,final-main,product-shots/W2144/main.jpg,1200,1200,RGB,False,1.0,1.0,pass,3e6c16cb541791ac914a158f217c0807a7c2e1e725962b25d966252ab0ac0a51
W2146,main.jpg,final-main,product-shots/W2146/main.jpg,1200,1200,RGB,False,1.0,1.0,pass,21b149a314e48d9f71cfeeac246db884f175a8422a05d24b4b08c180f4721227
W2147,main.jpg,final-main,product-shots/W2147/main.jpg,1200,1200,RGB,False,1.0,1.0,pass,f844169ff4d19af4d5b9ad27463567e92cceb6d1adace83aa3c4913ee82b531a
W2148,main.jpg,final-main,product-shots/W2148/main.jpg,1200,1200,RGB,False,1.0,1.0,pass,8b9a4188bd6aa1db5bca84edcfb90926a84828f0ca423a4d0c2902ab557cff05
W2149,main.jpg,final-main,product-shots/W2149/main.jpg,1200,1200,RGB,False,1.0,1.0,pass,d5be5998f41e3bfbf393fbe9340a7c356b6941016918242300cbff57e8390f87
W215,main.jpg,final-main,product-shots/W215/main.jpg,1200,1200,RGB,False,1.0,1.0,pass,ed3093137974328ee86dcc0104aeda458c917d130b22274bb0829f91ed5b5365
W2151,main.jpg,final-main,product-shots/W2151/main.jpg,1200,1200,RGB,False,1.0,1.0,pass,e2cbdf7ab51502798592cc3f09842f1e535b2c519403ef053078d3e1f8f26b2f
W2152,main.jpg,final-main,product-shots/W2152/main.jpg,1200,1200,RGB,False,1.0,1.0,pass,56159efe5e776a888fa8364e6f7d6889ad484a7429a1e02a2f728f019acf6a93
W2153,main.jpg,final-main,product-shots/W2153/main.jpg,1200,1200,RGB,False,1.0,1.0,pass,0f48eed56baf186563de5ad4d881c76964502ae844bcf698a98873788c4dae6a
W2154,main.jpg,final-main,product-shots/W2154/main.jpg,1200,1200,RGB,False,1.0,1.0,pass,3426d8a20b7db7c81511d6766cbfd3a0ff6be8aae4993474c4ab388da4369bca
W2155,main.jpg,final-main,product-shots/W2155/main.jpg,1200,1200,RGB,False,1.0,1.0,pass,8a2c57f47d50aef57a519114feb4d757fb33221e0f40765205d2bf7b219ccada
W2156,main.jpg,final-main,product-shots/W2156/main.jpg,1200,1200,RGB,False,1.0,1.0,pass,b6395e0519f2a19e2d68ac3ea3bd39c996e69c3c4b26dceedb97f6e04ec40bb3
W2158,main.jpg,final-main,product-shots/W2158/main.jpg,1200,1200,RGB,False,1.0,1.0,pass,115bd8c006aa71d5859d1703c392b41c2699770f4dc86cc6dd89f507a9c9eadf
W2159,main.jpg,final-main,product-shots/W2159/main.jpg,1200,1200,RGB,False,1.0,1.0,pass,d1477ece4c8effe3b946354d2e46d68d135560acf7bcaf8944a6951df115d01c
W216,main.jpg,final-main,product-shots/W216/main.jpg,1200,1200,RGB,False,1.0,1.0,pass,be778e72dc4a5cecee89c86d2617aaed6073e0a045bee5fa1e4eb7f8c74b6fc5
W2160,main.jpg,final-main,product-shots/W2160/main.jpg,1200,1200,RGB,False,1.0,1.0,pass,2d3b1d30d5510258bd180680de688b404bf72956caed25749bf30e85622338c8
W2161,main.jpg,final-main,product-shots/W2161/main.jpg,1200,1200,RGB,False,1.0,1.0,pass,d2f0252d2aa5e4ef2a1a238ff2d3d60b723f7bf990733b39be61d52fe2c35829
W2162,main.jpg,final-main,product-shots/W2162/main.jpg,1200,1200,RGB,False,1.0,1.0,pass,29ac65057338a7e80e33385c1428968f0224063a4126585903f9dbc143f3818e
W2163,main.jpg,final-main,product-shots/W2163/main.jpg,1200,1200,RGB,False,1.0,1.0,pass,c3ec11bc3b57da02fe4a280d8e4e69a75129456be24cc663886657137995ab27
W2164,main.jpg,final-main,product-shots/W2164/main.jpg,1200,1200,RGB,False,1.0,1.0,pass,9ddc9eeb459e9c4d2b2a4badf0c75f951bf0d82a6962a0f839b7c77ead8444df
W2165,main.jpg,final-main,product-shots/W2165/main.jpg,1200,1200,RGB,False,1.0,1.0,pass,89832fd9456aa6ce34f0eef318c89d238e85043ea46f8a3507307c7338f34c08
W2166,main.jpg,final-main,product-shots/W2166/main.jpg,1200,1200,RGB,False,1.0,1.0,pass,df339594fdd518f050d6352baaf51a488388ae4058ad8da6410c1c173c728f20
W2167,main.jpg,final-main,product-shots/W2167/main.jpg,1200,1200,RGB,False,1.0,1.0,pass,4efda5d83f684bcceb0e4d076a67ed790ceec10a34db060bce716ed910cea538
W2168,main.jpg,final-main,product-shots/W2168/main.jpg,1200,1200,RGB,False,1.0,1.0,pass,e4921768a8f057fa4d845a0d5a34a229d26179d8e51278df3aa53b6d0ebf02f6
W2169,main.jpg,final-main,product-shots/W2169/main.jpg,1200,1200,RGB,False,1.0,1.0,pass,c7a6e2232a7c58334be115fc9dfbefc89722e2315123cc2b3555f1a8c069bbf2
W2172,main.jpg,final-main,product-shots/W2172/main.jpg,1200,1200,RGB,False,1.0,1.0,pass,2a715d6222a8778aabac583b3ed2fc134d7bd2ecf742c5be7d79bce5b43abec1
W2173,main.jpg,final-main,product-shots/W2173/main.jpg,1200,1200,RGB,False,1.0,1.0,pass,eb65f96370b97b86cf15eb5dade443d00e79a6a689c7d7b95af8677e424a45f2
W2174,main.jpg,final-main,product-shots/W2174/main.jpg,1200,1200,RGB,False,1.0,1.0,pass,440afe14d6108ab0e759337f64a12eb4e50364ea91f3ef1d1bcd30562c839e06
W2175,main.jpg,final-main,product-shots/W2175/main.jpg,1200,1200,RGB,False,1.0,1.0,pass,5f021c82a613e27e0962e0750564bbe1f66978ed496e0ebe7b6f05ded183a5a6
W2176,main.jpg,final-main,product-shots/W2176/main.jpg,1200,1200,RGB,False,1.0,1.0,pass,6503e9da8da54ac7467c5b406aa88ab46485b388a7a25f31d1068dfee8c2adca
W2177,main.jpg,final-main,product-shots/W2177/main.jpg,1200,1200,RGB,False,1.0,1.0,pass,698c4b2cd9ecbe26778d4019870940b5249f0d1242a090dc798543b6cc593cd1
W2178,main.jpg,final-main,product-shots/W2178/main.jpg,1200,1200,RGB,False,1.0,1.0,pass,55211943c509f20ab19fb09b343f50722e928b70c5bf6eb98c7fa80316d01bfc
W2179,main.jpg,final-main,product-shots/W2179/main.jpg,1200,1200,RGB,False,1.0,1.0,pass,ccc6e3aaeeefbe1ea8a30e4c41b1bcec6f9e0d8f80bc5bd6cacd678ee180b0e9
W2181,main.jpg,final-main,product-shots/W2181/main.jpg,1200,1200,RGB,False,1.0,1.0,pass,e59b82b55a38f8f20937457297faddb49b9106c06f6abd32b803126fcfe5fe7d
W2182,main.jpg,final-main,product-shots/W2182/main.jpg,1200,1200,RGB,False,1.0,1.0,pass,bd17f43ca0f163ee55e3084e74d42d7759f31ca78fade0194f5388614cffbbb1
W2183,main.jpg,final-main,product-shots/W2183/main.jpg,1200,1200,RGB,False,1.0,1.0,pass,df6b0a3750f75a2281c0bbb0aa36dfcf144fe4a2c904befc9a2a8188ae1980f9
W2184,main.jpg,final-main,product-shots/W2184/main.jpg,1200,1200,RGB,False,1.0,1.0,pass,e35c8933f9917ad9ae447f7695f7446e990dcd4dd0d5b8d12c33a222de4dcd17
W2185,main.jpg,final-main,product-shots/W2185/main.jpg,1200,1200,RGB,False,1.0,1.0,pass,0f804ce7c5447f2bcff92292e09c69455ee297ec10d0d5075f8945fa4b25d45a
W2186,main.jpg,final-main,product-shots/W2186/main.jpg,1200,1200,RGB,False,1.0,1.0,pass,41af3e7008ffd63b6e1e2cdc8cdabdc1303b1c1ba7d9ef31a4cfdc2fc62dbf53
W2187,main.jpg,final-main,product-shots/W2187/main.jpg,1200,1200,RGB,False,1.0,1.0,pass,60fc48633cd580d3895698baea35d32669a7b27853f65a0146e71efc4f3b12f8
W2188,main.jpg,final-main,product-shots/W2188/main.jpg,1200,1200,RGB,False,1.0,1.0,pass,577d4aef051480090af0ed42fce7e0d711a49b38a101e7bd14d8eaf28a053792
W2189,main.jpg,final-main,product-shots/W2189/main.jpg,1200,1200,RGB,False,1.0,1.0,pass,52ead3ca85a2a4c68d2b6f6fc39c93fe26d569424bf7ee2bfa25ac83781282d7
W2190,main.jpg,final-main,product-shots/W2190/main.jpg,1200,1200,RGB,False,1.0,1.0,pass,c9febebde466f9a4ff404a4a118f06c7e5aca29d81d9a69d0918a3f5c9a8fdb2
W2191,main.jpg,final-main,product-shots/W2191/main.jpg,1200,1200,RGB,False,1.0,1.0,pass,093d4645e71af54c99fdd96e3db6f35d80ebf5291422e2b1735f601a62a9e30f
W2192,main.jpg,final-main,product-shots/W2192/main.jpg,1200,1200,RGB,False,1.0,1.0,pass,f57920ae966a65d4cbf734bf3c8c6ce87e8cf547dcf529c990846581098da606
W2193,main.jpg,final-main,product-shots/W2193/main.jpg,1200,1200,RGB,False,1.0,1.0,pass,9c8b1ea59cdc54fe77609772a17676c04899437c12d48d061b5307c186556137
W2195,main.jpg,final-main,product-shots/W2195/main.jpg,1200,1200,RGB,False,1.0,1.0,pass,dc8edb1f6008a229800f5d59ebe8d41761df358321433379a2676628777db87b
W2196,main.jpg,final-main,product-shots/W2196/main.jpg,1200,1200,RGB,False,1.0,1.0,pass,9e30c92849a3ec1f67fcbf98af1ce98f476188af4c3bd3b619ea5ebb9b231a35
W2198,main.jpg,final-main,product-shots/W2198/main.jpg,1200,1200,RGB,False,1.0,1.0,pass,daf6303a82fdb6c4bd547d20691de6aacd4c9a6c6e78a02fa86b557670d33f70
W2199,main.jpg,final-main,product-shots/W2199/main.jpg,1200,1200,RGB,False,1.0,1.0,pass,b031533b646b0efa5cc01994d4f0bb239ad3511a62a19467907aad576f42f436
W22,main.jpg,final-main,product-shots/W22/main.jpg,1200,1200,RGB,False,1.0,1.0,pass,3fa4823b358da96f4e3157a8ab6c63ceec597305363b766d40462a1a55f2b32d
W2202,main.jpg,final-main,product-shots/W2202/main.jpg,1200,1200,RGB,False,1.0,1.0,pass,7bbef57aa2388864049d2cb9047e0900c41f92edf378ffc95907ec415a91c4cb
W2203,main.jpg,final-main,product-shots/W2203/main.jpg,1200,1200,RGB,False,1.0,1.0,pass,1d2dd2db692e0be563efcf7173f735ee5d55bcfc0da8647ef15b6403ec945f29
W2204,main.jpg,final-main,product-shots/W2204/main.jpg,1200,1200,RGB,False,1.0,1.0,pass,b0f0ef6010f72c29f95fa8f9531f74b231138f188b383d10667ed54658b699e5
W2205,main.jpg,final-main,product-shots/W2205/main.jpg,1200,1200,RGB,False,1.0,1.0,pass,ce4c2fada7a183b0bed9f6529570781f15bc9b36df4598d38363755359e37a5b
W2206,main.jpg,final-main,product-shots/W2206/main.jpg,1200,1200,RGB,False,1.0,1.0,pass,7d6e3db025cd1d353072d6dd28f45e964e709f5b629719f03dd64cf0f9d2b47a
W221,main.jpg,final-main,product-shots/W221/main.jpg,1200,1200,RGB,False,1.0,1.0,pass,cb1d98a123f7c8e0a4ec9b4e528869aad93b00ca148021388ab787b67fc63003
W2211,main.jpg,final-main,product-shots/W2211/main.jpg,1200,1200,RGB,False,1.0,1.0,pass,861989ba9da8b09cc86be17c227c5cb1d971ec14ce059d79189d0b52ca2e8c05
W2212,main.jpg,final-main,product-shots/W2212/main.jpg,1200,1200,RGB,False,1.0,1.0,pass,52d946c0c94d587d1ad852992bce3292358e8e600472fc898fbbce6863bbe4ed
W2216,main.jpg,final-main,product-shots/W2216/main.jpg,1200,1200,RGB,False,1.0,1.0,pass,22052d5f72464a880a76db1a7830c549cab4a46803126987c10779adfadd2b00
W2217,main.jpg,final-main,product-shots/W2217/main.jpg,1200,1200,RGB,False,1.0,1.0,pass,3691b1ece18a85435e527293417a4fd7cc3ae4d8b91b289a21cb643ad9e11aa2
W2218,main.jpg,final-main,product-shots/W2218/main.jpg,1200,1200,RGB,False,1.0,1.0,pass,4bfecdda9d8a75a7df5be4e5b093ab459262441ed3317b9f99894104fe8a0299
W2221,main.jpg,final-main,product-shots/W2221/main.jpg,1200,1200,RGB,False,1.0,1.0,pass,b2d1363611d2e8a97e7b62e17955fdc6c60f9b02c4c664d60937550b503929a2
W2225,main.jpg,final-main,product-shots/W2225/main.jpg,1200,1200,RGB,False,1.0,1.0,pass,9f012202cc86f915fdebf622e871c79d837167276795684f5c6a85fd134c6e85
W2228,main.jpg,final-main,product-shots/W2228/main.jpg,1200,1200,RGB,False,1.0,1.0,pass,d3ab7593707eef96ff1cf4b6dd3af92b9808dc13439f8696b8556ce072b36f6b
W223,main.jpg,final-main,product-shots/W223/main.jpg,1200,1200,RGB,False,1.0,1.0,pass,a4fccdfc6a27cf97c5427609506bcce0f3e4e8aab67625addcd17234e29107af
W2230,main.jpg,final-main,product-shots/W2230/main.jpg,1200,1200,RGB,False,1.0,1.0,pass,267cfec5fb4ef1b063b7818729f2bf914c3ecef4d6c836af383ae4685bb2e5cf
W2233,main.jpg,final-main,product-shots/W2233/main.jpg,1200,1200,RGB,False,1.0,1.0,pass,d9d0e851cd1ed15409191670c5a61054ed8ecc47b267c2acda62da973e7ea302
W2234,main.jpg,final-main,product-shots/W2234/main.jpg,1200,1200,RGB,False,1.0,1.0,pass,9b0ee04f801691049dd7aa7697d6390070e061e3a4cb4597c9d5387413fb3ff1
W2238,main.jpg,final-main,product-shots/W2238/main.jpg,1200,1200,RGB,False,1.0,1.0,pass,f55480f80aa400715b8f9bfabbf2c90c2e471c6ba448d93d4c1c5071d6be6327
W2239,main.jpg,final-main,product-shots/W2239/main.jpg,1200,1200,RGB,False,1.0,1.0,pass,91f312c4af9c83e65de2bebad9dc6ff3021e527bf4294e8392295a2db274db37
W2241,main.jpg,final-main,product-shots/W2241/main.jpg,1200,1200,RGB,False,1.0,1.0,pass,246796ffb0d39e4686a1826c37d436cd0576aac94cdb985df6c2c943aed3b368
W2242,main.jpg,final-main,product-shots/W2242/main.jpg,1200,1200,RGB,False,1.0,1.0,pass,2a81d3da95ccd0675670aaf590eb76eab8568a1ca591a24352ac38f61e2417ac
W2243,main.jpg,final-main,product-shots/W2243/main.jpg,1200,1200,RGB,False,1.0,1.0,pass,77c8203154d946320015a8b3725aaba58260b3eb476d1f6d217dd9892cae4d99
W2244,main.jpg,final-main,product-shots/W2244/main.jpg,1200,1200,RGB,False,1.0,1.0,pass,721e962b11add4c82b79a68f1cc4865262320f70df22826adc35bafe071860ec
W2245,main.jpg,final-main,product-shots/W2245/main.jpg,1200,1200,RGB,False,1.0,1.0,pass,a3ad1605a490fa51b5e8673adfe8487d2a79a8e4ace8ee84db4fc24631f04d17
W2246,main.jpg,final-main,product-shots/W2246/main.jpg,1200,1200,RGB,False,1.0,1.0,pass,6657ee09d3a68082b86149007d80f14211fc2af76ecb7da559eb428119a2ff7a
W2247,main.jpg,final-main,product-shots/W2247/main.jpg,1200,1200,RGB,False,1.0,1.0,pass,ae40759f472935195f6f6000161286345b5bcb67781bedafc643e93988a12ab0
W2248,main.jpg,final-main,product-shots/W2248/main.jpg,1200,1200,RGB,False,1.0,1.0,pass,5889d27ac7dcd72013742c19e71f3aac2b5f9b2e105e7c684502f80714cf3972
W2249,main.jpg,final-main,product-shots/W2249/main.jpg,1200,1200,RGB,False,1.0,1.0,pass,a18670b59b444a88489fd8db620f0049548bbd338dda9bdf411c0fc738f5f444
W225,main.jpg,final-main,product-shots/W225/main.jpg,1200,1200,RGB,False,1.0,1.0,pass,ec585833582d3d2119c33cf794649119050d98e11fff6fb0231f19a8de52239e
W2251,main.jpg,final-main,product-shots/W2251/main.jpg,1200,1200,RGB,False,1.0,1.0,pass,681706076ccc25e529fea5357615a2dae096d64dd782b8d119f507978e53edf1
W2252,main.jpg,final-main,product-shots/W2252/main.jpg,1200,1200,RGB,False,1.0,1.0,pass,beb55ef9955c5076a9ea7a374559a76f97649d00b14a0af64d3036c648962518
W2253,main.jpg,final-main,product-shots/W2253/main.jpg,1200,1200,RGB,False,1.0,1.0,pass,2d8c18a053040ac60ff2ddcc9c5bf57a1d3c5fd4490b467040eeffecfecde61b
W2254,main.jpg,final-main,product-shots/W2254/main.jpg,1200,1200,RGB,False,1.0,1.0,pass,0f760dda8ca912a97d74be03a4bb5afc859b9e827e1102a01470f47c70641ccd
W2255,main.jpg,final-main,product-shots/W2255/main.jpg,1200,1200,RGB,False,1.0,1.0,pass,c8862c616a0c0ed0605fa64a9ba040169cbfd9e31e26e8f9d351ddb1ac77931a
W2256,main.jpg,final-main,product-shots/W2256/main.jpg,1200,1200,RGB,False,1.0,1.0,pass,bf09ee4c18269451ac594e9a1d49e0e7b767749ec400d54f456a3fb6a00856f9
W2257,main.jpg,final-main,product-shots/W2257/main.jpg,1200,1200,RGB,False,1.0,1.0,pass,cf1b1ad0bcd851fb513e317f1bb35061d700a3ede907e474105db01711f1beff
W2258,main.jpg,final-main,product-shots/W2258/main.jpg,1200,1200,RGB,False,1.0,1.0,pass,04214d3b01b3c9ab3091132dac7bbaad6db184020e96b3e5a939cfff35dda075
W2259,main.jpg,final-main,product-shots/W2259/main.jpg,1200,1200,RGB,False,1.0,1.0,pass,cef189757b8c7aeb3fa792800ecc400e41209f86bbe6770df989638c34b93fe2
W226,main.jpg,final-main,product-shots/W226/main.jpg,1200,1200,RGB,False,1.0,1.0,pass,cbbd62cc156f4336022dd377a2c4712e1a7ba735654ae505c447d07d794bfe58
W2260,main.jpg,final-main,product-shots/W2260/main.jpg,1200,1200,RGB,False,1.0,1.0,pass,d27bdef9f4285776bf8f2da31aeed39c098b34d377c19477a42d3fb042ee4e73
W2261,main.jpg,final-main,product-shots/W2261/main.jpg,1200,1200,RGB,False,1.0,1.0,pass,d7c9f000b1da446080cfa301c46b3d376e4d4fbda236d60167777deea403e93d
W2262,main.jpg,final-main,product-shots/W2262/main.jpg,1200,1200,RGB,False,1.0,1.0,pass,020b7f57b2176be7c30b675d0588cc7fadb8d44f55111d826358ef676adc2542
W2263,main.jpg,final-main,product-shots/W2263/main.jpg,1200,1200,RGB,False,1.0,1.0,pass,f170cc9b050aa90140329129c5cbc9693879be4e09b441cc4cc05c62744b8ba1
W2264,main.jpg,final-main,product-shots/W2264/main.jpg,1200,1200,RGB,False,1.0,1.0,pass,4af1a21ff37482486427978c64ee7aefb11c7b5abdb01a4c80f02525f5242484
W2265,main.jpg,final-main,product-shots/W2265/main.jpg,1200,1200,RGB,False,1.0,1.0,pass,f0f9063c36135e477b538588911fdb9fc1ca78d754f808bd4f36893820622d7d
W2266,main.jpg,final-main,product-shots/W2266/main.jpg,1200,1200,RGB,False,1.0,1.0,pass,334ea0132186d4a838cf4f9e750fe750e69076750150d1a3b54e9d5cdd6d405d
W2267,main.jpg,final-main,product-shots/W2267/main.jpg,1200,1200,RGB,False,1.0,1.0,pass,204608a1c67e6449cf305237b90454f5935e09f0c4972025bfa92fb22f0181f5
W2268,main.jpg,final-main,product-shots/W2268/main.jpg,1200,1200,RGB,False,1.0,1.0,pass,4e130c0cfc085810ec293142142b943b19c4bbba1362db0099d713bf66b15e6f
W2269,main.jpg,final-main,product-shots/W2269/main.jpg,1200,1200,RGB,False,1.0,1.0,pass,226805ce64f51faa7f531276035b11f6342bbd541ad57f70b0cdfdc361b28862
W227,main.jpg,final-main,product-shots/W227/main.jpg,1200,1200,RGB,False,1.0,1.0,pass,5623563e0a9c9098718b11f78b17c8b02762707e6af0f6bdf20381cdad377244
W2270,main.jpg,final-main,product-shots/W2270/main.jpg,1200,1200,RGB,False,1.0,1.0,pass,7070a994a5902293ac779f0ec039fafdd1d66f38d2ed6ac6bcf710ba71334033
W2271,main.jpg,final-main,product-shots/W2271/main.jpg,1200,1200,RGB,False,1.0,1.0,pass,70fb49a9dd34baee5ef325ee770917f02dcf448302df272e4f6d062fa6c3e49f
W2272,main.jpg,final-main,product-shots/W2272/main.jpg,1200,1200,RGB,False,1.0,1.0,pass,c539565d100d6da78a06cd8c0e1d6b5dff826d6b4194ff6218165066bf564d10
W2273,main.jpg,final-main,product-shots/W2273/main.jpg,1200,1200,RGB,False,1.0,1.0,pass,8190488675d1cbd217fba8e008eb49105f525b1716458ef672e7c37d0cc1e0c1
W2274,main.jpg,final-main,product-shots/W2274/main.jpg,1200,1200,RGB,False,1.0,1.0,pass,40c03f937ab665a656c3856ce5aa4fc4cc1e41d1da749c9e184c8bf76b4abaa6
W2275,main.jpg,final-main,product-shots/W2275/main.jpg,1200,1200,RGB,False,1.0,1.0,pass,72f281192a05491e8c24a69b1086beb15bbe48f479959ba05c314d9aa1c490bf
W2276,main.jpg,final-main,product-shots/W2276/main.jpg,1200,1200,RGB,False,1.0,1.0,pass,e01f01c9f40a90a9da1da1fb57b27bc2db521000a53f163f256d9035dbe1fe51
W2277,main.jpg,final-main,product-shots/W2277/main.jpg,1200,1200,RGB,False,1.0,1.0,pass,7796d0c0b188ca2afd6e940af202a24b2e7d7575344070d5552230951892d88b
W2278,main.jpg,final-main,product-shots/W2278/main.jpg,1200,1200,RGB,False,1.0,1.0,pass,fd7c741c33e019721d08d2afd7ee91cdf26d8cd88821cd5272fff8bf271268b4
W2279,main.jpg,final-main,product-shots/W2279/main.jpg,1200,1200,RGB,False,1.0,1.0,pass,5cc84f7db16533b37b5d52b14181a249ba99cee613c2697023368496951aab34
W2281,main.jpg,final-main,product-shots/W2281/main.jpg,1200,1200,RGB,False,1.0,1.0,pass,0a5862d2cd7c20943036634b2b66516a71194e489bf2a9fbf65360c198939c2e
W2282,main.jpg,final-main,product-shots/W2282/main.jpg,1200,1200,RGB,False,1.0,1.0,pass,7e96a3ff7b9abb67d73ea3f4f38c22507f9738945b35cac87a664902d01adf59
W2283,main.jpg,final-main,product-shots/W2283/main.jpg,1200,1200,RGB,False,1.0,1.0,pass,3973949b89dd83b7301a3f18724db534a2494d357bbbbc606f1dd86b6ac7bcbd
W2286,main.jpg,final-main,product-shots/W2286/main.jpg,1200,1200,RGB,False,1.0,1.0,pass,d0f4c8de0a8441f2a8e538bf6050e0ebc7d45c2aa7a53c442aeb0b99b0f1ba21
W2287,main.jpg,final-main,product-shots/W2287/main.jpg,1200,1200,RGB,False,1.0,1.0,pass,760b1af2b36b5fd99f678bab5766e0d9b2531791319c3ba162b97ecbc51e6ed8
W2288,main.jpg,final-main,product-shots/W2288/main.jpg,1200,1200,RGB,False,1.0,1.0,pass,0c9ea5dc2758bcb83ef0a0db521b18790dec12558a94dffce6b1a4470d94f92c
W2289,main.jpg,final-main,product-shots/W2289/main.jpg,1200,1200,RGB,False,1.0,1.0,pass,0c50ca9fb171eaf1c8a72b70c45df2921a89035f60f7ad06b564c5689d07818d
W2290,main.jpg,final-main,product-shots/W2290/main.jpg,1200,1200,RGB,False,1.0,1.0,pass,25f9ab080545ee8c7718e2dbb13afd65ae3f8a24b1bb8736b69796ba835d5cbe
W2291,main.jpg,final-main,product-shots/W2291/main.jpg,1200,1200,RGB,False,1.0,1.0,pass,1ed5db0a6eef5a1c5a1d68ed442fca644a21533add309e6e0bebbdc1b3b8a14f
W2292,main.jpg,final-main,product-shots/W2292/main.jpg,1200,1200,RGB,False,1.0,1.0,pass,9ddde159610d14d2d306f1547df88c30292315a82179b5dda9f1675100c4758b
W2293,main.jpg,final-main,product-shots/W2293/main.jpg,1200,1200,RGB,False,1.0,1.0,pass,13d374db3253048f632e85a71bc0f19c65a55811293039a6e138d5fedbb5a52d
W2294,main.jpg,final-main,product-shots/W2294/main.jpg,1200,1200,RGB,False,1.0,1.0,pass,749ab5e2a509fc2caa607cd5d9aaa36b9b7436cbec50ccdc83d95914082f94d2
W2295,main.jpg,final-main,product-shots/W2295/main.jpg,1200,1200,RGB,False,1.0,1.0,pass,9c357a65fe00a0da9c4dd08c6189a603858b2038f939b42e7a9593cb0ed58663
W2296,main.jpg,final-main,product-shots/W2296/main.jpg,1200,1200,RGB,False,1.0,1.0,pass,59e0e1ec7dbcdd3c3db3ae746f1f2ae5ea218e959136cad5e4024f2326bc0578
W2297,main.jpg,final-main,product-shots/W2297/main.jpg,1200,1200,RGB,False,1.0,1.0,pass,59199d0f86123eb771d106fcb9f34151ea6032f656231831287eb3c0bce28eea
W2299,main.jpg,final-main,product-shots/W2299/main.jpg,1200,1200,RGB,False,1.0,1.0,pass,1f8c923015bd2c379802c4b72a4773b9e6bdce63d407d4681bf8875c83c89aea
W2300,main.jpg,final-main,product-shots/W2300/main.jpg,1200,1200,RGB,False,1.0,1.0,pass,02af2483d3525c527f11e44f1d4057bf4966b8681f071f85de91095f7559d9a2
W2301,main.jpg,final-main,product-shots/W2301/main.jpg,1200,1200,RGB,False,1.0,1.0,pass,cf7204d0e753bfec58746dab3503a86791ebac81cc72eb1f696ccd7f4aac58b1
W2302,main.jpg,final-main,product-shots/W2302/main.jpg,1200,1200,RGB,False,1.0,1.0,pass,b1ec462e4b70d93e0aef55a1e6f7b52910c499760627426ee9cca55695c2d1b0
W2303,main.jpg,final-main,product-shots/W2303/main.jpg,1200,1200,RGB,False,1.0,1.0,pass,a025eb5bc9b5359877eb679006b16313ae392226e8c7336b1563d11694d05582
W2304,main.jpg,final-main,product-shots/W2304/main.jpg,1200,1200,RGB,False,1.0,1.0,pass,30aacba145588b6285bb46b23ef06affd6eb39fbe5ae216565db081175292742
W2305,main.jpg,final-main,product-shots/W2305/main.jpg,1200,1200,RGB,False,1.0,1.0,pass,a77064bfb9e71e5a3fa9e0a6267deee04a46d3e5f0b1325026650cb633b63f2d
W2306,main.jpg,final-main,product-shots/W2306/main.jpg,1200,1200,RGB,False,1.0,1.0,pass,f6689981fbc138d9bc894cf17b5a585aa01114ec26c358b79f057fe10ed8b99b
W2307,main.jpg,final-main,product-shots/W2307/main.jpg,1200,1200,RGB,False,1.0,1.0,pass,45673940a8b96f9eef6daf22d6638e77ac12114410070bce6e13af72ecf62612
W2308,main.jpg,final-main,product-shots/W2308/main.jpg,1200,1200,RGB,False,1.0,1.0,pass,b1811da942c2a6e3a79c4d9acc88cc45be2572fb785b8ad2cd6f0ee2ed5b8e5a
W2309,main.jpg,final-main,product-shots/W2309/main.jpg,1200,1200,RGB,False,1.0,1.0,pass,b597707523f02cfe9dfb20a862d3f9c149adde7ef633e7610bfaf78cc7ca608e
W231,main.jpg,final-main,product-shots/W231/main.jpg,1200,1200,RGB,False,1.0,1.0,pass,9ee01c3696d9bffc0542d439b5292ff585b766267a8c9b8f109c9fb234fabd4a
W2310,main.jpg,final-main,product-shots/W2310/main.jpg,1200,1200,RGB,False,1.0,1.0,pass,4bf9c3a3cb3d2913e74da50c48d7254d80f19c23971775a6737e523a6e278874
W2311,main.jpg,final-main,product-shots/W2311/main.jpg,1200,1200,RGB,False,1.0,1.0,pass,86f27bf93309ab5e0ae1764e78aa52797c2d592aceb05aa540e9e863bc8df733
W2312,main.jpg,final-main,product-shots/W2312/main.jpg,1200,1200,RGB,False,1.0,1.0,pass,56e6e9d764b47d2f7f954d1944380b634f0c0a3bae8f210550e048b582028fc3
W233,main.jpg,final-main,product-shots/W233/main.jpg,1200,1200,RGB,False,1.0,1.0,pass,a7b59fe14f31362eefe729ff861cd63a35978731c3619a8681b54d3684c10431
W234,main.jpg,final-main,product-shots/W234/main.jpg,1200,1200,RGB,False,1.0,1.0,pass,3509fd8daf036e216e9236ba88b2370056147a7902434205cb575770d124f6cf
W235,main.jpg,final-main,product-shots/W235/main.jpg,1200,1200,RGB,False,1.0,1.0,pass,0cc30b204c3f2634485440087f8ac618fee38de841d3dd52558456a90b8e7a50
W236,main.jpg,final-main,product-shots/W236/main.jpg,1200,1200,RGB,False,1.0,1.0,pass,f9d2b7191a3232122f82843caf72fd70f39de64d44f60c99cb376b9efbe108d5
W239,main.jpg,final-main,product-shots/W239/main.jpg,1200,1200,RGB,False,1.0,1.0,pass,ba9659dab3fde3e3f6fb05d32a391177fa1ab48c6e82edabc1ef349a29657500
W240,main.jpg,final-main,product-shots/W240/main.jpg,1200,1200,RGB,False,1.0,1.0,pass,866e4cc6632166c3eaadd6439ec618be07896bf85b13de14205c82a826cbf695
W241,main.jpg,final-main,product-shots/W241/main.jpg,1200,1200,RGB,False,1.0,1.0,pass,e1c586f0fffe079c73fbc6a86de04aee274a590b5099f8666e92a420d38eabe4
W243,main.jpg,final-main,product-shots/W243/main.jpg,1200,1200,RGB,False,1.0,1.0,pass,bf6c9c6a6033a9a2631a3b976d9b22352453ed760ee153695b4eca1b17e4e16c
W245,main.jpg,final-main,product-shots/W245/main.jpg,1200,1200,RGB,False,1.0,1.0,pass,7663698a31fcb9fac7cb20b82ad410390424db237ae26d8f32f52111dfb14c59
W246,main.jpg,final-main,product-shots/W246/main.jpg,1200,1200,RGB,False,1.0,1.0,pass,d5cd7d16fd92c7f3d3d58571476bd3a23a1b2c7a97f606534198a5780f4ea71e
W248,main.jpg,final-main,product-shots/W248/main.jpg,1200,1200,RGB,False,1.0,1.0,pass,21b9c72da91df577a30239840240969423eb5af391c9eb02cde0813e41559e25
W249,main.jpg,final-main,product-shots/W249/main.jpg,1200,1200,RGB,False,1.0,1.0,pass,68d75309d911505d0daa4213140d25528c3dbfb3b2c9ea1a80df8843691fc0d0
W250,main.jpg,final-main,product-shots/W250/main.jpg,1200,1200,RGB,False,1.0,1.0,pass,55c66f2bb115a2ad639e4862092358f48e4a0243bc1f15f7a4131c0f56e4590a
W251,main.jpg,final-main,product-shots/W251/main.jpg,1200,1200,RGB,False,1.0,1.0,pass,c8b37d5c99ee73246a3086f7dee04f3b641a1cad87495e30c998f6395d874743
W253,main.jpg,final-main,product-shots/W253/main.jpg,1200,1200,RGB,False,1.0,1.0,pass,5e360549ee4e26264c1f299ce86dd3f8334b22756e46fc2b79a80865fb751548
W254,main.jpg,final-main,product-shots/W254/main.jpg,1200,1200,RGB,False,1.0,1.0,pass,0c1e10ffb5fb75543e397c0c90c1afe6c382ed5e298303e6b689aa12348a44f9
W255,main.jpg,final-main,product-shots/W255/main.jpg,1200,1200,RGB,False,1.0,1.0,pass,1d469b78d15815f522b737585ffe0d7207343e47da56fe36fd85178250373239
W256,main.jpg,final-main,product-shots/W256/main.jpg,1200,1200,RGB,False,1.0,1.0,pass,398c50e23aea9dfcf1abff8df02e4cbe5f531a37a66971ea3258f0f1b663726f
W257,main.jpg,final-main,product-shots/W257/main.jpg,1200,1200,RGB,False,1.0,1.0,pass,79e6daf6af9e47567bee3138168896173fdc9466039a000435fba4a4156eaa95
W258,main.jpg,final-main,product-shots/W258/main.jpg,1200,1200,RGB,False,1.0,1.0,pass,b2e6bfe6b060799f1c24a3bc9c709b5995cfac62d2779863460caf29f02ebb2e
W259,main.jpg,final-main,product-shots/W259/main.jpg,1200,1200,RGB,False,1.0,1.0,pass,6940a65c17d23d24b78370b42ae23663e7cd383a44a8972c7bd35cb828b8dcca
W261,main.jpg,final-main,product-shots/W261/main.jpg,1200,1200,RGB,False,1.0,1.0,pass,b16a5f31be3438af7b9b55756c8aaeec9d0afc3a411c1d9c6663321ca44d7858
W262,main.jpg,final-main,product-shots/W262/main.jpg,1200,1200,RGB,False,1.0,1.0,pass,d19ba2433edc2ec230481ce661f5996e0207bd3ab43c93b9cbc67aafedc9c975
W264,main.jpg,final-main,product-shots/W264/main.jpg,1200,1200,RGB,False,1.0,1.0,pass,826201a4481732882240ec0aa940c534779f2a6b8be0d7ef51345d8363850479
W265,main.jpg,final-main,product-shots/W265/main.jpg,1200,1200,RGB,False,1.0,1.0,pass,d9a618d9d310b1c9c9fb26af7b14b269ce826add7785b8b3f7f7c5f6f4ae9a7b
W268,main.jpg,final-main,product-shots/W268/main.jpg,1200,1200,RGB,False,1.0,1.0,pass,83c4357d48c058c799906c3d699bc18313f234f47091e5fa1e740297050418f7
W273,main.jpg,final-main,product-shots/W273/main.jpg,1200,1200,RGB,False,1.0,1.0,pass,9fbc727cf8c5684f5444f0b24423fa8bc036424c4dfe5728f6577529e015dfaf
W274,main.jpg,final-main,product-shots/W274/main.jpg,1200,1200,RGB,False,1.0,1.0,pass,b961ee73b6f5e0c7716960a22668fdd75d6af1193797ab3b53067ca2b0bb72be
W277,main.jpg,final-main,product-shots/W277/main.jpg,1200,1200,RGB,False,1.0,1.0,pass,0061998573acf857ea6142e589e9d10917ace623c9ded460f1daed366bd1cfd9
W28,main.jpg,final-main,product-shots/W28/main.jpg,1200,1200,RGB,False,1.0,1.0,pass,487d5020da91834e7d08d1f296adfaa4822a8a3f0a966c614326b588ab810ce6
W280,main.jpg,final-main,product-shots/W280/main.jpg,1200,1200,RGB,False,1.0,1.0,pass,94d10e85fbeef92ce55502422db357966b7e38d9143b64db125dbedff9683f55
W286,main.jpg,final-main,product-shots/W286/main.jpg,1200,1200,RGB,False,1.0,1.0,pass,54ecad40108bd0b61ef393967c74c23587d19b760a42d007981ec3a03a1a3275
W295,main.jpg,final-main,product-shots/W295/main.jpg,1200,1200,RGB,False,1.0,1.0,pass,ac07c7a67060c691590249b4d32f890d0a7c17f0c31ef097acd586d0dbceea28
W297,main.jpg,final-main,product-shots/W297/main.jpg,1200,1200,RGB,False,1.0,1.0,pass,b69b4c0100388f4392cab48573e578f4ef131ec42b756012af07f29b31e6bfe8
W298,main.jpg,final-main,product-shots/W298/main.jpg,1200,1200,RGB,False,1.0,1.0,pass,3213b4debb116bdb41e5483ee4766129ce1effa7e2733e7cb7980eb05f1b316d
W299,main.jpg,final-main,product-shots/W299/main.jpg,1200,1200,RGB,False,1.0,1.0,pass,4e619a35e55141b7ee6cd496c7f17d47d1f253a4ebfe3b48822b721eae9ec3a3
WL0,main.jpg,final-main,product-shots/WL0/main.jpg,1200,1200,RGB,False,1.0,1.0,pass,3821c49ee922b0793cc04c6e47df7430c4ac778996b58633b5a1cbe5a10e6c37
WL1,main.jpg,final-main,product-shots/WL1/main.jpg,1200,1200,RGB,False,1.0,1.0,pass,ba7427a6a1c75ae1721a4c30ac8371150b276af47180e279db7b6f922cc6452a
WL10,main.jpg,final-main,product-shots/WL10/main.jpg,1200,1200,RGB,False,1.0,1.0,pass,191332af97c8424873079034ce98cb4bec59b9050f90e19fe01c7830b725902a
WL11,main.jpg,final-main,product-shots/WL11/main.jpg,1200,1200,RGB,False,1.0,1.0,pass,bf5995926245977fbbe3c859f3ac8dc23995ab7b1094724ebfee4ead34eee647
WL12,main.jpg,final-main,product-shots/WL12/main.jpg,1200,1200,RGB,False,1.0,1.0,pass,6234ed5ff0ca2b17c24157ebbdfaec6a4c877a895306416b2c18f59bc02ef2f4
WL14,main.jpg,final-main,product-shots/WL14/main.jpg,1200,1200,RGB,False,1.0,1.0,pass,e59e8083af63c726477f73083a0b6425bca30c37ba2fe96ce81d309d654e4f84
WL15,main.jpg,final-main,product-shots/WL15/main.jpg,1200,1200,RGB,False,1.0,1.0,pass,8aab5a74170572d285b5039845e57fd38f0a2b20fbc5dfe5840ed19341a723b9
WL16,main.jpg,final-main,product-shots/WL16/main.jpg,1200,1200,RGB,False,1.0,1.0,pass,91b55df8c862821ee5f8722bc4cb307f2f14cdbb39b0f89309ea042ac3972ee1
WL17,main.jpg,final-main,product-shots/WL17/main.jpg,1200,1200,RGB,False,1.0,1.0,pass,7af37adc12b3849e5ccba9c69331832d561b8fb35fbf43f8833f987a0ba1e5f8
WL18,main.jpg,final-main,product-shots/WL18/main.jpg,1200,1200,RGB,False,1.0,1.0,pass,21575c99ac06f20995c9cad003f4b085910d33ffa8f5cc338695720083fafda6
WL19,main.jpg,final-main,product-shots/WL19/main.jpg,1200,1200,RGB,False,1.0,1.0,pass,498b3e2ca92d6baef84aaa30baaa929fae4258c12a4b0521d81e96c982d7838a
WL2,main.jpg,final-main,product-shots/WL2/main.jpg,1200,1200,RGB,False,1.0,1.0,pass,494392b9c3e57eab6f6293f53eecf7179f7b91231ba14bebf99a7f0ef640c498
WL21,main.jpg,final-main,product-shots/WL21/main.jpg,1200,1200,RGB,False,1.0,1.0,pass,7ff8b2936116010cde9b8e2d5a7826a1f29b8a1fd4f8c2dbc7e2a9fc8a883613
WL22,main.jpg,final-main,product-shots/WL22/main.jpg,1200,1200,RGB,False,1.0,1.0,pass,44deac14921c233346d63c68aa656e5920966ec1eabb6c7131d60ee38900206f
WL23,main.jpg,final-main,product-shots/WL23/main.jpg,1200,1200,RGB,False,1.0,1.0,pass,86c07fd063437f13bd843492d09d4efc6e69cd8a96197d71ea4597e1f86787f7
WL25,main.jpg,final-main,product-shots/WL25/main.jpg,1200,1200,RGB,False,1.0,1.0,pass,6c9c576f8bb95ad361fce14d16ad4558612eff652e9a9d3697adf319e08d715a
WL26,main.jpg,final-main,product-shots/WL26/main.jpg,1200,1200,RGB,False,1.0,1.0,pass,51c68747e6d4869e7030af52edf61ec914c2aaff094cb7a438f112b8fa2e9291
WL27,main.jpg,final-main,product-shots/WL27/main.jpg,1200,1200,RGB,False,1.0,1.0,pass,e0dd10a7557f22e100b9895009dc5a0d712caa42952e71ee1213bf0035721cb3
WL28,main.jpg,final-main,product-shots/WL28/main.jpg,1200,1200,RGB,False,1.0,1.0,pass,52456cc90340dde5313e5856d072e7c7d78b971c3dc2c9a05af54166cf1cc857
WL29,main.jpg,final-main,product-shots/WL29/main.jpg,1200,1200,RGB,False,1.0,1.0,pass,e8986ba3d6a163c4297b2ff4f7ba2263cdfd65efa281f2cfc35f007e6ab2cc69
WL3,main.jpg,final-main,product-shots/WL3/main.jpg,1200,1200,RGB,False,1.0,1.0,pass,7d5f7e0a2693f850866623b9c8204dd9f4810626ad5f99874fd1f39a8b9efbca
WL30,main.jpg,final-main,product-shots/WL30/main.jpg,1200,1200,RGB,False,1.0,1.0,pass,3cde8eccc9a083ed6fcba9854aa20e7118ad0f0fbac2a44b118edbeefd447f53
WL31,main.jpg,final-main,product-shots/WL31/main.jpg,1200,1200,RGB,False,1.0,1.0,pass,d7e9766f67f2d4b14ee4f3ac05c6ac40fd0cd48457ac85fcd5941c7c6479cf4d
WL32,main.jpg,final-main,product-shots/WL32/main.jpg,1200,1200,RGB,False,1.0,1.0,pass,4d9ea30ec166bac1c7f3e04b5c4bb9f04bbb5bcc645a12b17725cc63a191aca6
WL35,main.jpg,final-main,product-shots/WL35/main.jpg,1200,1200,RGB,False,1.0,1.0,pass,cbdc4022e776d4fbcae31e1d157040d4ff4a813fa78ea33da0cc71f95deeca2e
WL36,main.jpg,final-main,product-shots/WL36/main.jpg,1200,1200,RGB,False,1.0,1.0,pass,ce5c76cc55b6081024bb72aeb5a7368d0ad5d2827b1c8549eba8d9dd370ec632
WL37,main.jpg,final-main,product-shots/WL37/main.jpg,1200,1200,RGB,False,1.0,1.0,pass,c78ae6cd8986831d26f5f0323fb24e89b22f2d48a00120749bf3fb879c79a733
WL38,main.jpg,final-main,product-shots/WL38/main.jpg,1200,1200,RGB,False,1.0,1.0,pass,645a66f16564a4310b2cd1fd0aee77ceb4e8b25211eeb8c05cd4358aebaaf88a
WL39,main.jpg,final-main,product-shots/WL39/main.jpg,1200,1200,RGB,False,1.0,1.0,pass,c4aba54febf08dcad8869ebc1fe89612f5f0eecd4f71b61d6b121219dac97fbc
WL40,main.jpg,final-main,product-shots/WL40/main.jpg,1200,1200,RGB,False,1.0,1.0,pass,6b57ded66bd564d11e3f292e91916ec327441ed4190224dbb45c01fbf3ff61ca
WL42,main.jpg,final-main,product-shots/WL42/main.jpg,1200,1200,RGB,False,1.0,1.0,pass,4c1311419b7ec1c0e12abbbcae12a36007d42e433d96d01b36d791a53a11ec5d
WL43,main.jpg,final-main,product-shots/WL43/main.jpg,1200,1200,RGB,False,1.0,1.0,pass,ea094e74c66975ae36b95587929eea5344eec29c0b59df0c3eb043bcc4d8691e
WL46,main.jpg,final-main,product-shots/WL46/main.jpg,1200,1200,RGB,False,1.0,1.0,pass,061280b35025d33ff7cc1bf35ed4ca788e5229bcedbe57841a6050e98d67d6e3
WL48,main.jpg,final-main,product-shots/WL48/main.jpg,1200,1200,RGB,False,1.0,1.0,pass,58bae0ecf7f5d7ca71f0b47b56b9a22a950b31ef5f06addc436f86a70db620d4
WL49,main.jpg,final-main,product-shots/WL49/main.jpg,1200,1200,RGB,False,1.0,1.0,pass,9832ab97f3f9b75a393568e52055cc494d9727652433c9d9571e4be138d1f8a1
WL50,main.jpg,final-main,product-shots/WL50/main.jpg,1200,1200,RGB,False,1.0,1.0,pass,03c8f76c2216baa0d08c3ec53f0ddee96358cfbf3311259cb2b9ddc9919feb9b
WL51,main.jpg,final-main,product-shots/WL51/main.jpg,1200,1200,RGB,False,1.0,1.0,pass,44b2c4e9179d2e891a0e6d4585ab73f32816cf169c57d2bc42d5bbeb35874bf3
WL52,main.jpg,final-main,product-shots/WL52/main.jpg,1200,1200,RGB,False,1.0,1.0,pass,674d4b54f9edf88b4a2b583481c76a9f8388e55bbc5310e7645094b63ee80ca9
WL53,main.jpg,final-main,product-shots/WL53/main.jpg,1200,1200,RGB,False,1.0,1.0,pass,985d92acfbc0cc91344990fa464909af43833164df6d402b3e47c83fdb42555b
WL54,main.jpg,final-main,product-shots/WL54/main.jpg,1200,1200,RGB,False,1.0,1.0,pass,f44352601ec156f2045d0c2c8a65253cf843df12e87060502e0308f7e2bd5493
WL55,main.jpg,final-main,product-shots/WL55/main.jpg,1200,1200,RGB,False,1.0,1.0,pass,6c8df014f4f58736635f48228eab508f96cc72ab9e90c428406166dc6d564bb3
WL56,main.jpg,final-main,product-shots/WL56/main.jpg,1200,1200,RGB,False,1.0,1.0,pass,07488916c58b2556ded10c7b33e3702b33f629166a8d5f876ad3582d448d4f4f
WL58,main.jpg,final-main,product-shots/WL58/main.jpg,1200,1200,RGB,False,1.0,1.0,pass,487ad5bb9e2d674e37d36df49a4ffb6033f95bf041b2c34fe022e5246946989c
WL59,main.jpg,final-main,product-shots/WL59/main.jpg,1200,1200,RGB,False,1.0,1.0,pass,450087584aa2524caa5427fb219f3798fbe22f103a4e172928ce9e14f51e1e4e
WL60,main.jpg,final-main,product-shots/WL60/main.jpg,1200,1200,RGB,False,1.0,1.0,pass,b232a92a6808671b53a907159d7cc42cca31517f22dc1099cff52fd124791ccb
WL61,main.jpg,final-main,product-shots/WL61/main.jpg,1200,1200,RGB,False,1.0,1.0,pass,c0b12e3d5419bbc8d25789f65ef6e15a1325a4d1d6d997f6534aad6bd472ab97
WL63,main.jpg,final-main,product-shots/WL63/main.jpg,1200,1200,RGB,False,1.0,1.0,pass,1ff5967b41f876beec36f560a4b03a0c5b8df9edd507ad792403ab84a4d91f5d
WL64,main.jpg,final-main,product-shots/WL64/main.jpg,1200,1200,RGB,False,1.0,1.0,pass,af8543ea2f944c1c0d9cf9be7242a5ee40b94f964e183558f5ece9f10e4d8b08
WL65,main.jpg,final-main,product-shots/WL65/main.jpg,1200,1200,RGB,False,1.0,1.0,pass,83b4f76b731597081b7716a455ead2c07d325ae8da6de0bb05b451d5e4732cc0
WL67,main.jpg,final-main,product-shots/WL67/main.jpg,1200,1200,RGB,False,1.0,1.0,pass,9f5944ff1cb52a602e0d0e0679a5fb18fa7c761bb6509cfe09d86f07f5204729
WL69,main.jpg,final-main,product-shots/WL69/main.jpg,1200,1200,RGB,False,1.0,1.0,pass,6d8a81a48b60c3ab8c06fbccc4e95da07deff814ec43b836b18b9ba4372f8d5d
WL7,main.jpg,final-main,product-shots/WL7/main.jpg,1200,1200,RGB,False,1.0,1.0,pass,93a87f13f9ff2ae7115d80719f7d38ac9626d7df4e16ada3c91fe2f0f755f93a
WL70,main.jpg,final-main,product-shots/WL70/main.jpg,1200,1200,RGB,False,1.0,1.0,pass,51960e0862454be90563406608008fe976cdb1d434300b01d4e37ee45a2eebd4
WL71,main.jpg,final-main,product-shots/WL71/main.jpg,1200,1200,RGB,False,1.0,1.0,pass,5342aa5fbb7bca27ffd893ffc41511cbcd04aa715fae58e2c38d06f60cc8ca88
WL72,main.jpg,final-main,product-shots/WL72/main.jpg,1200,1200,RGB,False,1.0,1.0,pass,e09d0ee38db31acb420f604c4474d9d469a72c6af0ce3368737c59f75355a667
WL73,main.jpg,final-main,product-shots/WL73/main.jpg,1200,1200,RGB,False,1.0,1.0,pass,757c7ca269e75dd990179a1020af111d4d9445d05fc3abd7643232ede9545b5a
WL74,main.jpg,final-main,product-shots/WL74/main.jpg,1200,1200,RGB,False,1.0,1.0,pass,247ab5bc8b6d3789ad601627becb5e9a32d1648b339bd24d522e4fc4bac7a89f
WL75,main.jpg,final-main,product-shots/WL75/main.jpg,1200,1200,RGB,False,1.0,1.0,pass,be3c7ac9371169ee7fbc931d89104602aab24b45154c921c5d8ec8eb5939b556
WL76,main.jpg,final-main,product-shots/WL76/main.jpg,1200,1200,RGB,False,1.0,1.0,pass,6b6f37697096d007c4744ef6743a201af166f367f75638094b779ee44b1f7749
WL77,main.jpg,final-main,product-shots/WL77/main.jpg,1200,1200,RGB,False,1.0,1.0,pass,7f1473db2159d160b2f496ae915c24f2a3b4cd5f977c615307bd99e39d96671d
WL78,main.jpg,final-main,product-shots/WL78/main.jpg,1200,1200,RGB,False,1.0,1.0,pass,3aeb838cfb1c0cc28044f133dafdbe7667683ce6cf41f7c01669686645bbb352
WL8,main.jpg,final-main,product-shots/WL8/main.jpg,1200,1200,RGB,False,1.0,1.0,pass,37d3a9a64c6522b9404d5c95b4512ee35fbf157a31c8303849c00974461bb2bb
WL80,main.jpg,final-main,product-shots/WL80/main.jpg,1200,1200,RGB,False,1.0,1.0,pass,c0dd4c28584fb8dd9bbd8df4292dc4072be0c894b22ae96836bfc27f41c33499
WL83,main.jpg,final-main,product-shots/WL83/main.jpg,1200,1200,RGB,False,1.0,1.0,pass,39ff01352b2f0dff7e126cbd2ac0810630f9481f114796076f3acaeae59a1920
WL84,main.jpg,final-main,product-shots/WL84/main.jpg,1200,1200,RGB,False,1.0,1.0,pass,1655fe5bbd3f3877eb01a90a7e6f548774b703a49d61b569fdb0609cc2589ab4
WL87,main.jpg,final-main,product-shots/WL87/main.jpg,1200,1200,RGB,False,1.0,1.0,pass,a1034622324ea5eb000ba1e3b8ee9e9d8d3a574bb4573da3fe54f00d74229284
WL88,main.jpg,final-main,product-shots/WL88/main.jpg,1200,1200,RGB,False,1.0,1.0,pass,00833d9b3a82f8e0f6093889a9ca125e653611ac13674db49dbb3c4151db5d8a
WL89,main.jpg,final-main,product-shots/WL89/main.jpg,1200,1200,RGB,False,1.0,1.0,pass,adb33c641d5560e53a67cf720afe486f5ddebd1289697688f25b0780ea57bf0a
WL90,main.jpg,final-main,product-shots/WL90/main.jpg,1200,1200,RGB,False,1.0,1.0,pass,34532cb13e11b30c18fe49bec73d48703547748c0b88e9e6bd25f4e843e0dfd2
WL92,main.jpg,final-main,product-shots/WL92/main.jpg,1200,1200,RGB,False,1.0,1.0,pass,2bfab14e47fe0d6fe6a31c0fc9cdb76a96f0b1049be720335d09cc26601bd46f
WW101,angle-1.jpg,secondary-gallery,product-shots/WW101/angle-1.jpg,571,1000,RGB,False,1.0,1.0,pass,e4856e9801cbe091581442fdfe28bf40835789ab3da8e5d99901ac412c6e13a9
WW101,angle-2.jpg,secondary-gallery,product-shots/WW101/angle-2.jpg,572,1000,RGB,False,1.0,1.0,pass,926268a8ddbed48534ac2a243ddc7e28086376b96799f6b8ab1076cd124d43be
WW101,angle-3.jpg,secondary-gallery,product-shots/WW101/angle-3.jpg,1280,731,RGB,False,1.0,1.0,pass,e1103be1c93d082209548b8135f500fd1b608f48ee00a68c55e59fc8eee53320
WW101,angle-4.jpg,secondary-gallery,product-shots/WW101/angle-4.jpg,1024,1280,RGB,False,1.0,1.0,pass,d116fa396c3efe13680c3de9c77b2cfd8fd9bd23e0d30df54c6c0c16075284ef
WW101,main.jpg,final-main,product-shots/WW101/main.jpg,1200,1200,RGB,False,1.0,1.0,pass,46f2838b046e1c812f7fe621a7b79d1dfc504eb177509af8c8f00653f529148b
WW102,angle-1.jpg,secondary-gallery,product-shots/WW102/angle-1.jpg,2048,2048,RGB,False,1.0,1.0,pass,d01548bf0feb74098e09df06b7262ee8db53db5e95f7d28b776186ced1a56520
WW102,main.jpg,final-main,product-shots/WW102/main.jpg,1200,1200,RGB,False,1.0,1.0,pass,4761f12f009429d7f0f87f01216cb327cb0e69f155ede2868d613ba2cce208a9
WW117,angle-1.jpg,secondary-gallery,product-shots/WW117/angle-1.jpg,1200,1200,RGB,False,1.0,1.0,pass,2ae9ca775eb57944e2afaae15ba44a23e2f556f8ec5c116a1e5298e19e916dc0
WW117,angle-3.jpg,secondary-gallery,product-shots/WW117/angle-3.jpg,1200,1200,RGB,False,1.0,1.0,pass,b2362a714b5576adc4847382d6d90ddd6f08bbb5184236fea903f7da05f957c5
WW117,main.jpg,final-main,product-shots/WW117/main.jpg,1200,1200,RGB,False,1.0,1.0,pass,8b6f7f3e46a625a06200d17e6865709c8aaa7fba2c5266b43f750eb74e80c38f
WW121,angle-1.jpg,secondary-gallery,product-shots/WW121/angle-1.jpg,975,731,RGB,False,1.0,1.0,pass,51d2e8894db41edc7afaba6e1536f6ad0d145b483bd67a008b66c9c3a588db11
WW121,main.jpg,final-main,product-shots/WW121/main.jpg,1200,1200,RGB,False,1.0,1.0,pass,f300a7d4d065084fd0df6c495ff957f66188106647f856a418f53bb32e3fdf49
WW134,angle-1.jpg,secondary-gallery,product-shots/WW134/angle-1.jpg,1200,1200,RGB,False,1.0,1.0,pass,873563612f05cdb0d0c82a6ac50dd9c46208e2b4c34e4606892c865a71646525
WW134,angle-2.jpg,secondary-gallery,product-shots/WW134/angle-2.jpg,1200,1200,RGB,False,1.0,1.0,pass,f8c6b386615328a2ee08ddff32eb5139d5f7927a75eb0cdad04fe2df01d093c0
WW134,main.jpg,final-main,product-shots/WW134/main.jpg,1200,1200,RGB,False,1.0,1.0,pass,478e596ec4a7e4d40730ed183b3381fa0683e359bdfdd4de67a02b942fe38f00
WW138,angle-1.jpg,secondary-gallery,product-shots/WW138/angle-1.jpg,603,1000,RGB,False,0.982292,0.992188,pass,f8965fcf1c05b9a6ea38c96ba53a720c7deb29c2b3634ac5063554a146a04f2c
WW138,angle-2.jpg,secondary-gallery,product-shots/WW138/angle-2.jpg,1280,731,RGB,False,0.98584,1.0,pass,ab71224b91bdd35d7c8300ea5eaedfc085dda8a697964b17ee06834d92a48c0b
WW138,main.jpg,final-main,product-shots/WW138/main.jpg,1200,1200,RGB,False,1.0,1.0,pass,6b7b7df93cc7dc1ef16adab469aed0abc67727b29a02abe19bbf156620b3ddf1
WW14,angle-1.jpg,secondary-gallery,product-shots/WW14/angle-1.jpg,571,1000,RGB,False,1.0,1.0,pass,fe34dac95941cea5e025b61dd2568cc53a0272ae71a2b1d48b32be400b10d505
WW14,angle-2.jpg,secondary-gallery,product-shots/WW14/angle-2.jpg,1280,731,RGB,False,1.0,1.0,pass,9522f1f7c7b0ca835bfd4de0812990a6031df2f7653c8f38d5e6bbf79c6bc930
WW14,angle-3.jpg,secondary-gallery,product-shots/WW14/angle-3.jpg,1280,731,RGB,False,1.0,1.0,pass,760847e647096edb2240fb8420e6a7e4c9d31abab00fc13cd86201250a63dfd1
WW14,main.jpg,final-main,product-shots/WW14/main.jpg,1200,1200,RGB,False,1.0,1.0,pass,3c7ee1e1ed04d6035dec1cc2992f304ab1bdf70c642deb8bb5ebd7350fb75196
WW184,angle-1.jpg,secondary-gallery,product-shots/WW184/angle-1.jpg,571,1000,RGB,False,1.0,1.0,pass,92da2cd1ac003d921fe5e6c7fa8e946b5e3c589d0f02705f9d6b2769a1743aff
WW184,angle-2.jpg,secondary-gallery,product-shots/WW184/angle-2.jpg,1280,731,RGB,False,1.0,1.0,pass,b4af93fb54716e1d73f083177b6bab5d1be3e8c2b5df291d2389e7e54bdcacb8
WW184,angle-3.jpg,secondary-gallery,product-shots/WW184/angle-3.jpg,1280,731,RGB,False,1.0,1.0,pass,b38c6423b205487d53804834eb411f0aa38365030f16d516bed58d45124533b5
WW184,main.jpg,final-main,product-shots/WW184/main.jpg,1200,1200,RGB,False,1.0,1.0,pass,5f3506d41721b241ade858d061c54c92c222820dcb838c3ddaea4068625b3cb0
WW195,angle-1.jpg,secondary-gallery,product-shots/WW195/angle-1.jpg,571,1000,RGB,False,0.470982,1.0,pass,8e5de8f2e26fc40fc3fbdcb69573d98bbc2e1836e96ff6567b096680cefb4598
WW195,angle-2.jpg,secondary-gallery,product-shots/WW195/angle-2.jpg,1280,731,RGB,False,1.0,1.0,pass,8719165e74b03e3a1d0d7f6a2e9281429b22aebe8d21d2821ff751d779aac531
WW195,angle-3.jpg,secondary-gallery,product-shots/WW195/angle-3.jpg,1280,913,RGB,False,0.008545,1.0,pass,d22bfea579b46d810934fbfd446899bcac2fe67cb1026d01825c46361df807af
WW195,main.jpg,final-main,product-shots/WW195/main.jpg,1200,1200,RGB,False,1.0,1.0,pass,91c5f466fb5d72d1758852c5695079c484c8e54a2e3077736c08a3f0cd451dad
WW196,angle-2.jpg,secondary-gallery,product-shots/WW196/angle-2.jpg,1280,731,RGB,False,1.0,1.0,pass,e3b3779d00d4fe94d52875e6aa3840cefa0d54389633b2be861f962a2f2baf00
WW196,angle-3.jpg,secondary-gallery,product-shots/WW196/angle-3.jpg,1023,731,RGB,False,1.0,1.0,pass,fe5435eda23ddd673c479d96f10517390018c65ea464be481a42f6dce7f86555
WW196,main.jpg,final-main,product-shots/WW196/main.jpg,1200,1200,RGB,False,1.0,1.0,pass,9c145cbfd90d7428fd386a8ed080cde584b62ac764074a9c40f616a316f0971c
WW229,angle-4.jpg,secondary-gallery,product-shots/WW229/angle-4.jpg,1280,731,RGB,False,1.0,1.0,pass,fda9804ac332f3eaca22218480f0116bc7675b6514f452f72c76850cb38a857e
WW229,main.jpg,final-main,product-shots/WW229/main.jpg,1200,1200,RGB,False,1.0,1.0,pass,030107119b05dfc9741c854fbed740b0863df98bf212fb31bb7b7df8b2affd1c
WW231,angle-1.jpg,secondary-gallery,product-shots/WW231/angle-1.jpg,571,1000,RGB,False,0.957589,0.993025,pass,b3f98490ded1a8cf652a3fe4a251915eb0eacdffa1e15deff6288a47d8913853
WW231,box.jpg,secondary-gallery,product-shots/WW231/box.jpg,1280,731,RGB,False,1.0,1.0,pass,fdc42e50a59b5faf8bc45273af4fd7e4d3acb1abde55f69b0a3af39d0cee7838
WW231,main.jpg,final-main,product-shots/WW231/main.jpg,1200,1200,RGB,False,1.0,1.0,pass,edfc33daa83b8f56e3ae1132eaf2f09ddd66bf27d307d22794b0ce0d1faa1014
WW268,angle-1.jpg,secondary-gallery,product-shots/WW268/angle-1.jpg,1028,1028,RGB,False,1.0,1.0,pass,e80b4eca25e70034f496daff0756b8d17eeac32412cd3ab4346108d9d330ef62
WW268,angle-2.jpg,secondary-gallery,product-shots/WW268/angle-2.jpg,1028,1028,RGB,False,1.0,1.0,pass,8ffab4a4bd87026b3d3f3b6e43a79ce7ee0ac5c986c279ad825e90baa6d50475
WW268,angle-3.jpg,secondary-gallery,product-shots/WW268/angle-3.jpg,1028,1028,RGB,False,1.0,1.0,pass,24ce14eb28ddce24ecafaec08ae9624b554a9e91ff49b34968121577252ffc01
WW268,angle-4.jpg,secondary-gallery,product-shots/WW268/angle-4.jpg,1028,1028,RGB,False,1.0,1.0,pass,ac24b4d842f4dd96c8baea4869fc4c3429133090302ccbfd3c7782d731a1f66c
WW268,main.jpg,final-main,product-shots/WW268/main.jpg,1200,1200,RGB,False,1.0,1.0,pass,3ea04cc59ff1d9d812e537b25b4c058290bf6c0d7ccdda603deb8dae3ca83036
WW278,main.jpg,final-main,product-shots/WW278/main.jpg,1200,1200,RGB,False,1.0,1.0,pass,24b50891d04395ea0fe319fa6b90ecf176da41aec231496fd923d34c393ec9db
WW285,main.jpg,final-main,product-shots/WW285/main.jpg,1200,1200,RGB,False,1.0,1.0,pass,a708322d23661a27dd711d432fc16ccb96aca972faf0fee580cdc56a0e127c99
WW31,angle-1.jpg,secondary-gallery,product-shots/WW31/angle-1.jpg,2048,2048,RGB,False,1.0,1.0,pass,ef79b58dc93c954ec8fc5be891a0b04a0eb005914edfd84e1d1ed872d7bb9100
WW31,angle-3.jpg,secondary-gallery,product-shots/WW31/angle-3.jpg,2048,2048,L,False,1.0,1.0,pass,22003410650a7435957d403dd3ee80f80cd7c790c5b30e85c31b054e7932dd37
WW31,main.jpg,final-main,product-shots/WW31/main.jpg,1200,1200,RGB,False,1.0,1.0,pass,0fcae76d6da005a820d46967a18995844c00c577c8ee8353d49ebedbb7165cee
WW311,angle-2.jpg,secondary-gallery,product-shots/WW311/angle-2.jpg,648,1200,RGB,False,1.0,1.0,pass,068da61116b82856c4bc2d0455ae4ea5287aca18239153166ebdb245da220e1d
WW311,angle-3.jpg,secondary-gallery,product-shots/WW311/angle-3.jpg,708,1200,RGB,False,1.0,1.0,pass,299efd85bcc8daa10486520bcf25054f6ee2f01dbe6abe521450c23828cbf367
WW311,angle-4.jpg,secondary-gallery,product-shots/WW311/angle-4.jpg,1200,1200,RGB,False,1.0,1.0,pass,83633d47b330c282ead072bc63bb44786720819a3d77a826ff0f1916254d38ba
WW311,main.jpg,final-main,product-shots/WW311/main.jpg,1200,1200,RGB,False,1.0,1.0,pass,5cf6c7da713c85b1c7a810364feecd3245b9845e6d76b899164ae0ddf380a4b1
WW312,angle-1.jpg,secondary-gallery,product-shots/WW312/angle-1.jpg,700,1000,RGB,False,1.0,1.0,pass,68539fa8ac35ffb71cf5e3022b594762077e136d3ec5c0662045f6d8571e7860
WW312,angle-3.jpg,secondary-gallery,product-shots/WW312/angle-3.jpg,853,1280,RGB,False,1.0,1.0,pass,387d1b1bb11dfa4fe47fcb3608a4ec5e4bc7ce6e21ef10b8043c549b02555bdb
WW312,angle-4.jpg,secondary-gallery,product-shots/WW312/angle-4.jpg,571,1000,RGB,False,0.944196,1.0,pass,7119114d4e4d4729d7aa69771ed924160d60ed0682aa5235ed9f74e3ec645cc3
WW312,main.jpg,final-main,product-shots/WW312/main.jpg,1200,1200,RGB,False,1.0,1.0,pass,71aeba8041d6e9923c3ea4ed35d0fb4d750ebfe4595195b6eba4a286cefd40e5
WW314,angle-1.jpg,secondary-gallery,product-shots/WW314/angle-1.jpg,571,1000,RGB,False,1.0,1.0,pass,fef5418344139811e7711aacbd1cd7d35d5212e312765fb612130a856154c477
WW314,angle-2.jpg,secondary-gallery,product-shots/WW314/angle-2.jpg,1280,731,RGB,False,1.0,1.0,pass,d1b5715e851aef9dabb318567d7e93aa5c00dbc76bba5a35a475ef0fa7c58b5d
WW314,main.jpg,final-main,product-shots/WW314/main.jpg,1200,1200,RGB,False,1.0,1.0,pass,0a663cbfaad17732f17c051550d95dbd0379fef48b1e4347dcfb3b39a13ac285
WW334,angle-1.jpg,secondary-gallery,product-shots/WW334/angle-1.jpg,571,1000,RGB,False,1.0,1.0,pass,cf462b2dc7833f66af060e563001378d325a1b46dfc45fdf2312b142adc5786f
WW334,angle-2.jpg,secondary-gallery,product-shots/WW334/angle-2.jpg,700,1000,RGB,False,1.0,1.0,pass,0804e29f2423bb6204863dee97c5cd736ffa437e1f455d4ac0391b93c784358f
WW334,angle-3.jpg,secondary-gallery,product-shots/WW334/angle-3.jpg,1280,731,RGB,False,1.0,1.0,pass,5a56be15697ad298a25300b8aaef8b84b57ba92e5f6b63eed95cf43fee6bafa1
WW334,angle-4.jpg,secondary-gallery,product-shots/WW334/angle-4.jpg,1280,731,RGB,False,1.0,1.0,pass,567e554488e0e338a3fc7c712a57979d1dea4f46465d80bb7fb377a162ab08e4
WW334,main.jpg,final-main,product-shots/WW334/main.jpg,1200,1200,RGB,False,1.0,1.0,pass,e4ecc507e3c12a82d762414e6ef5921b876b4a36221e9315bd7d6a4f6beb7acc
WW335,angle-1.jpg,secondary-gallery,product-shots/WW335/angle-1.jpg,572,1000,RGB,False,1.0,1.0,pass,646806aabf35bc18d5e12fa05cdba554df09f3f38be4e888487f4458e97300eb
WW335,angle-2.jpg,secondary-gallery,product-shots/WW335/angle-2.jpg,1280,731,RGB,False,1.0,1.0,pass,22d91c8241f5a4670587e186c4c61f86eaec9fcc9587265a3c2e29835e8ed090
WW335,main.jpg,final-main,product-shots/WW335/main.jpg,1200,1200,RGB,False,1.0,1.0,pass,68597f4aff49c16846d0e10ab588ad10b7ce5b095bb694ecc8be543d3e219153
WW340,angle-1.jpg,secondary-gallery,product-shots/WW340/angle-1.jpg,571,1000,RGB,False,1.0,1.0,pass,d0d1827d6a7c157f77553ca842b05f653d7ef919f8f2b50e4987f6e2c3a1c496
WW340,angle-2.jpg,secondary-gallery,product-shots/WW340/angle-2.jpg,1280,731,RGB,False,1.0,1.0,pass,6911a24c736cda1660b87664f50ca71aa941719a43008500df469e03e669430e
WW340,angle-3.jpg,secondary-gallery,product-shots/WW340/angle-3.jpg,700,1000,RGB,False,1.0,1.0,pass,23e5d34e4359d6f91d5a037c50caa2e8ea2d23868345b82d0eccb4591895d4b0
WW340,angle-4.jpg,secondary-gallery,product-shots/WW340/angle-4.jpg,1023,731,RGB,False,1.0,1.0,pass,f7ee9756749f21d7784285ff62f894dcf21f7ce9163d68abc49ae18ea0e0a253
WW340,main.jpg,final-main,product-shots/WW340/main.jpg,1200,1200,RGB,False,1.0,1.0,pass,9c87da3f141d68e7cb8b917e927d3b989e9b7ea826661604c6e4d1c05ee1fa57
WW341,angle-1.jpg,secondary-gallery,product-shots/WW341/angle-1.jpg,571,1000,RGB,False,1.0,1.0,pass,66ae22642ff303e5530e5458a417504b102179247a139cecedac83c6b456ebfd
WW341,angle-2.jpg,secondary-gallery,product-shots/WW341/angle-2.jpg,1280,731,RGB,False,1.0,1.0,pass,171699dc0be008e04869e52e9c6da74b8fdb4b830de92ac24a4a0f5a04d53920
WW341,angle-3.jpg,secondary-gallery,product-shots/WW341/angle-3.jpg,700,1000,RGB,False,1.0,1.0,pass,0e4ea6f9da489cc18f40be5b80ceb1317a4ac088fcb6f30d2a52c99fe3b7d422
WW341,main.jpg,final-main,product-shots/WW341/main.jpg,1200,1200,RGB,False,1.0,1.0,pass,fdb22a89a7c7e88ca1a39dc342d33f9b57900d412873ca26a394ed9ee86d8afb
WW352,angle-1.jpg,secondary-gallery,product-shots/WW352/angle-1.jpg,1200,1200,RGB,False,1.0,1.0,pass,717f2acefddd1ba0ed2df61b8e31a7f29f52e5b9a367e744c47d743435ed16c0
WW352,angle-3.jpg,secondary-gallery,product-shots/WW352/angle-3.jpg,1200,1200,RGB,False,1.0,1.0,pass,946a257ee851ff900d7de22baa4849c57c89848113f20e092d789cbc902f3479
WW352,box.jpg,secondary-gallery,product-shots/WW352/box.jpg,1200,947,RGB,False,1.0,1.0,pass,0b03378dad96a6f15285a49753bffd10fa62b8baed325ab0d49536d83b73b977
WW352,main.jpg,final-main,product-shots/WW352/main.jpg,1200,1200,RGB,False,1.0,1.0,pass,663a5036a1bd77291b4fa976d3648e38917a1e04aab5c61588d7cf2378ca146b
WW373,angle-1.jpg,secondary-gallery,product-shots/WW373/angle-1.jpg,571,1000,RGB,False,1.0,1.0,pass,832c45c6404732a622060a9de5c4c8595ebfd6ca39d1913a61ef0c7bfa1951c8
WW373,angle-3.jpg,secondary-gallery,product-shots/WW373/angle-3.jpg,1280,731,RGB,False,1.0,1.0,pass,4501c470805e08cba3240e5e00c7c8c6ad8b0853f644dcf8be83cb4751a70cc1
WW373,main.jpg,final-main,product-shots/WW373/main.jpg,1200,1200,RGB,False,1.0,1.0,pass,55a5974babb8735a989da1b99e774e49cf54168294c4255952dfbefdd5c77ddb
WW374,angle-2.jpg,secondary-gallery,product-shots/WW374/angle-2.jpg,700,1000,RGB,False,1.0,1.0,pass,cbc54975f0cd84d72f4eaf39800ff49b9b982a19e76e1a502fd8ee94167487db
WW374,angle-3.jpg,secondary-gallery,product-shots/WW374/angle-3.jpg,1280,731,RGB,False,1.0,1.0,pass,4ecd89b58f4bbad968cba42663aa151ff20e4c4ad3ac567a368d8acafd22dafe
WW374,main.jpg,final-main,product-shots/WW374/main.jpg,1200,1200,RGB,False,1.0,1.0,pass,6c2d735e2c854ed3312e859d6b02019aea7d306027cf14c561d39bb5c299a7e0
WW375,main.jpg,final-main,product-shots/WW375/main.jpg,1200,1200,RGB,False,1.0,1.0,pass,14659805e07d264c1a7c9c0047c4225fb07f4a7ab8adbc7d79b94c9245e9a90b
WW381,main.jpg,final-main,product-shots/WW381/main.jpg,1200,1200,RGB,False,1.0,1.0,pass,b77f6ceb6ebe297046700066ccfb2c40a2ee81c693fca72501a830c7de9a9977
WW387,main.jpg,final-main,product-shots/WW387/main.jpg,1200,1200,RGB,False,1.0,1.0,pass,963dbc6dd5cc05040faa640833f60dee544189a97ae766c45ce329b81cafc2fa
WW388,angle-1.jpg,secondary-gallery,product-shots/WW388/angle-1.jpg,571,1000,RGB,False,1.0,1.0,pass,129c67bce38602064fefba17fd44fc58d5887cd5aefcf164138f09058c8ab314
WW388,angle-2.jpg,secondary-gallery,product-shots/WW388/angle-2.jpg,1280,731,RGB,False,1.0,1.0,pass,b3e604455c39bcb91bcccba7ca747c236cf54a55de114a84db874f72c8c2ac9a
WW388,angle-3.jpg,secondary-gallery,product-shots/WW388/angle-3.jpg,1280,913,RGB,False,0.008545,1.0,pass,d22bfea579b46d810934fbfd446899bcac2fe67cb1026d01825c46361df807af
WW388,main.jpg,final-main,product-shots/WW388/main.jpg,1200,1200,RGB,False,1.0,1.0,pass,b03a72250ead246d93ec71f61268dec939d2b2095b18a3990fd59e620af1a8b6
WW399,angle-1.jpg,secondary-gallery,product-shots/WW399/angle-1.jpg,571,1000,RGB,False,1.0,1.0,pass,54e541da3719581ed0b2324b6ab77dfb8036133736d1b50cf02fd74c8a3fe17f
WW399,angle-2.jpg,secondary-gallery,product-shots/WW399/angle-2.jpg,1280,732,RGB,False,1.0,1.0,pass,e164d8dc63e3daf03421f5ebce148bb07a347e113efcf0e56568f81a2213bff6
WW399,angle-3.jpg,secondary-gallery,product-shots/WW399/angle-3.jpg,1280,731,RGB,False,1.0,1.0,pass,2c3836d719a59545c654bc611baa26fc076af4e40099f543e4150090e62c16dd
WW399,main.jpg,final-main,product-shots/WW399/main.jpg,1200,1200,RGB,False,1.0,1.0,pass,693bdfcdc1180c45ed043d800c72f6f0e3996b55385693242a47f6e955b9089e
WW404,angle-1.jpg,secondary-gallery,product-shots/WW404/angle-1.jpg,571,1000,RGB,False,1.0,1.0,pass,d688e619b5435989976828819826d4b288c79416ac4d52f5dc950939bd8fb0b6
WW404,angle-2.jpg,secondary-gallery,product-shots/WW404/angle-2.jpg,1280,731,RGB,False,1.0,1.0,pass,480ea497b724c5116c9a79d45f5db352bab2b7e8f2138a7c78adc2117df1086d
WW404,box.jpg,secondary-gallery,product-shots/WW404/box.jpg,1280,913,RGB,False,0.008545,1.0,pass,d22bfea579b46d810934fbfd446899bcac2fe67cb1026d01825c46361df807af
WW404,main.jpg,final-main,product-shots/WW404/main.jpg,1200,1200,RGB,False,1.0,1.0,pass,f0dbf42d9302c3557c71a4735e82e9c86b1c9369572815dfa0bfbb41209cdc7c
WW405,angle-1.jpg,secondary-gallery,product-shots/WW405/angle-1.jpg,571,1000,RGB,False,1.0,1.0,pass,267fe775f19e209f6d18d8338a619e011fdd6886942fd1e41acec25fab836dad
WW405,angle-2.jpg,secondary-gallery,product-shots/WW405/angle-2.jpg,1280,731,RGB,False,1.0,1.0,pass,4bfd11871e57a839b881365977635402555d07a68f3a3385dccdc454ca69f9cd
WW405,box.jpg,secondary-gallery,product-shots/WW405/box.jpg,1280,913,RGB,False,0.008545,1.0,pass,d22bfea579b46d810934fbfd446899bcac2fe67cb1026d01825c46361df807af
WW405,main.jpg,final-main,product-shots/WW405/main.jpg,1200,1200,RGB,False,1.0,1.0,pass,31b4165816b0590d27e87098e31de5e510fab799e969f850e98607adf1b3feca
WW408,angle-1.jpg,secondary-gallery,product-shots/WW408/angle-1.jpg,571,1000,RGB,False,1.0,1.0,pass,75423072bdb84ef69cf54f47d9a566076eed14fa69e4853fa8959147444c79fa
WW408,angle-2.jpg,secondary-gallery,product-shots/WW408/angle-2.jpg,1280,731,RGB,False,0.991211,1.0,pass,d53db4a5c572591f654a134aed40ce38d90066a707cfd4f5b76098fe9d731831
WW408,box.jpg,secondary-gallery,product-shots/WW408/box.jpg,1280,913,RGB,False,0.008545,1.0,pass,d22bfea579b46d810934fbfd446899bcac2fe67cb1026d01825c46361df807af
WW408,main.jpg,final-main,product-shots/WW408/main.jpg,1200,1200,RGB,False,1.0,1.0,pass,f378ff52aa0eae1b1c06aedb8da214394f2412b03c791e5281bad7fc6869aeaa
WW416,angle-2.jpg,secondary-gallery,product-shots/WW416/angle-2.jpg,1280,731,RGB,False,1.0,1.0,pass,de1631acffad904edaee90daac70a482049ced7a465bf24f8a5e80d18964b736
WW416,box.jpg,secondary-gallery,product-shots/WW416/box.jpg,1280,913,RGB,False,0.008545,1.0,pass,d22bfea579b46d810934fbfd446899bcac2fe67cb1026d01825c46361df807af
WW416,main.jpg,final-main,product-shots/WW416/main.jpg,1200,1200,RGB,False,1.0,1.0,pass,c363b8d19ca03fe1e50b1b37df092ee39997e4575968e03d8a43e1cf10456246
WW447,angle-1.jpg,secondary-gallery,product-shots/WW447/angle-1.jpg,571,1000,RGB,False,1.0,1.0,pass,e80bf617d6b67c04181b06bda9a8d27eb377c7dc5e7f5b0e4e26134baa6eb163
WW447,angle-2.jpg,secondary-gallery,product-shots/WW447/angle-2.jpg,1280,731,RGB,False,1.0,1.0,pass,a4c0526f44229a794160e113ee8538fcd84faad913d0bc632e167ce6fa1551ff
WW447,box.jpg,secondary-gallery,product-shots/WW447/box.jpg,1280,913,RGB,False,0.008545,1.0,pass,dd5b87b353bb49355a4e11c9a485441162cd32e32030f43e3c6a8e8a72b2bddc
WW447,main.jpg,final-main,product-shots/WW447/main.jpg,1200,1200,RGB,False,1.0,1.0,pass,a99c3411ac22601dd3b85689d3575b9bac61b99b5ac81dc140af2195dfe56f59
WW449,angle-1.jpg,secondary-gallery,product-shots/WW449/angle-1.jpg,571,1000,RGB,False,1.0,1.0,pass,0b1956ebfe4a458be70aaa3d1839ffe121f9e61648b22e3a5ea51fc18086415d
WW449,angle-2.jpg,secondary-gallery,product-shots/WW449/angle-2.jpg,1280,731,RGB,False,0.962891,1.0,pass,7d40c11bb2546fc118aac8ae5820816d7c5e4bffbdb5e1af7c5b83d278b6ecfc
WW449,angle-3.jpg,secondary-gallery,product-shots/WW449/angle-3.jpg,1280,913,RGB,False,0.008545,1.0,pass,d22bfea579b46d810934fbfd446899bcac2fe67cb1026d01825c46361df807af
WW449,main.jpg,final-main,product-shots/WW449/main.jpg,1200,1200,RGB,False,1.0,1.0,pass,e7bd9aaf8139d9d5dc4337bcb60c915f9911e8a2b2caf4a1b7f8fcac74cec926
WW465,angle-1.jpg,secondary-gallery,product-shots/WW465/angle-1.jpg,571,1000,RGB,False,1.0,1.0,pass,345c0a84e4e52bf7a11cdc1d809221d135275b16d522d2d4b16df06df1e43a34
WW465,angle-2.jpg,secondary-gallery,product-shots/WW465/angle-2.jpg,1280,731,RGB,False,1.0,1.0,pass,6545c22531f569aaf2a23339cd8300366f89784af4b13abe8a1eae0c636ebb28
WW465,angle-3.jpg,secondary-gallery,product-shots/WW465/angle-3.jpg,1280,913,RGB,False,0.008545,1.0,pass,d22bfea579b46d810934fbfd446899bcac2fe67cb1026d01825c46361df807af
WW465,main.jpg,final-main,product-shots/WW465/main.jpg,1200,1200,RGB,False,1.0,1.0,pass,6aa2badcc18da4a25e05f2fc36312906291da58e9cc8f0ab8e102c8469a5d54e
WW466,angle-1.jpg,secondary-gallery,product-shots/WW466/angle-1.jpg,571,1000,RGB,False,1.0,1.0,pass,fe34dac95941cea5e025b61dd2568cc53a0272ae71a2b1d48b32be400b10d505
WW466,angle-2.jpg,secondary-gallery,product-shots/WW466/angle-2.jpg,1280,731,RGB,False,1.0,1.0,pass,9522f1f7c7b0ca835bfd4de0812990a6031df2f7653c8f38d5e6bbf79c6bc930
WW466,angle-3.jpg,secondary-gallery,product-shots/WW466/angle-3.jpg,1280,731,RGB,False,1.0,1.0,pass,760847e647096edb2240fb8420e6a7e4c9d31abab00fc13cd86201250a63dfd1
WW466,main.jpg,final-main,product-shots/WW466/main.jpg,1200,1200,RGB,False,1.0,1.0,pass,6417f1b92dd8267e3541c1e59991d7e370a043731415d589e989d499a2f70aa9
WW480,angle-1.jpg,secondary-gallery,product-shots/WW480/angle-1.jpg,571,1000,L,False,1.0,1.0,pass,19dca5bb4b8c7eee12d961779ef70c1b45efe1af021e059276f84766a48e7524
WW480,angle-2.jpg,secondary-gallery,product-shots/WW480/angle-2.jpg,1280,731,RGB,False,1.0,1.0,pass,4ef87655b17ac042aa84cb8c2c2aa268a078ec4e5b7ca51c9b43623a66ac2e51
WW480,box.jpg,secondary-gallery,product-shots/WW480/box.jpg,1280,731,RGB,False,1.0,1.0,pass,458bd29eb15030367c6404ad3bd9f7000e20087d6a869f82ffbed0fab18a4c49
WW480,main.jpg,final-main,product-shots/WW480/main.jpg,1200,1200,RGB,False,1.0,1.0,pass,83e29f67a6a9d269bc4494f8bdf31628d5f1db8a62c498b8cfe3d1853e21fb5c
WW483,angle-1.jpg,secondary-gallery,product-shots/WW483/angle-1.jpg,571,1000,RGB,False,1.0,1.0,pass,29af8bab52fa5e9f641399b4fc862cc80a4fc572ccdc9fc86912e75f5676df91
WW483,angle-2.jpg,secondary-gallery,product-shots/WW483/angle-2.jpg,1280,731,RGB,False,0.500244,1.0,pass,7b7bde00723eec415e1c0d4bf2c10b355fc5d51542f85a718fda42b873567cff
WW483,angle-3.jpg,secondary-gallery,product-shots/WW483/angle-3.jpg,1280,731,RGB,False,1.0,1.0,pass,458bd29eb15030367c6404ad3bd9f7000e20087d6a869f82ffbed0fab18a4c49
WW483,main.jpg,final-main,product-shots/WW483/main.jpg,1200,1200,RGB,False,1.0,1.0,pass,885f82d2fbbd49c164c1fbd3a243f256f6950a59c4647fa20fdf23cb13e403db
WW486,angle-2.jpg,secondary-gallery,product-shots/WW486/angle-2.jpg,1280,731,RGB,False,1.0,1.0,pass,b0be0578bdfdd8930e612b114c1b04ab8932b7e9df8bad89b56239e9a5855d3d
WW486,angle-3.jpg,secondary-gallery,product-shots/WW486/angle-3.jpg,1280,731,RGB,False,1.0,1.0,pass,60679c0cba20dd4e263b7d163973c81312a27e81960efb1a679690ae3691a933
WW486,box.jpg,secondary-gallery,product-shots/WW486/box.jpg,1280,731,RGB,False,1.0,1.0,pass,484378926b447a598db004288a05300668ae2c4b25189a8d10cd9b5aaf5a6466
WW486,main.jpg,final-main,product-shots/WW486/main.jpg,1200,1200,RGB,False,1.0,1.0,pass,0dd85ffa9af495b8ca312476b77ba04dc112dac6e8fe1b01b8d60e8e167b9cd7
WW487,angle-1.jpg,secondary-gallery,product-shots/WW487/angle-1.jpg,571,1000,RGB,False,1.0,1.0,pass,d7eb3196f1154109c42b7464681dda1d36870183169734f07ee01d331114c36d
WW487,angle-2.jpg,secondary-gallery,product-shots/WW487/angle-2.jpg,1280,731,RGB,False,0.963623,1.0,pass,be5c62d21a0f7538afdd15aabcaca490e7d985d6f37375f0328a4c560386c690
WW487,angle-3.jpg,secondary-gallery,product-shots/WW487/angle-3.jpg,1280,731,RGB,False,1.0,1.0,pass,458bd29eb15030367c6404ad3bd9f7000e20087d6a869f82ffbed0fab18a4c49
WW487,main.jpg,final-main,product-shots/WW487/main.jpg,1200,1200,RGB,False,1.0,1.0,pass,0abd3a1a0b66d223040bedb21ca361a72a7930bb2c780bc732af26279a484408
WW488,angle-1.jpg,secondary-gallery,product-shots/WW488/angle-1.jpg,506,1111,RGB,False,1.0,1.0,pass,76150b0b84f0bbde3cdf4977611d761bd60410a6d54530d5a48ca45f6b1699d4
WW488,angle-2.jpg,secondary-gallery,product-shots/WW488/angle-2.jpg,1120,800,RGB,False,1.0,1.0,pass,7d6f25495971d6ae2b19e2581c65f9329fa09673b12d34fd2d5bae5fc3524851
WW488,main.jpg,final-main,product-shots/WW488/main.jpg,1200,1200,RGB,False,1.0,1.0,pass,c541561df39991e4f044a01f3509db99ec07bf06373868734f8db59dfbfefc6e
WW489,angle-1.jpg,secondary-gallery,product-shots/WW489/angle-1.jpg,506,1111,RGB,False,1.0,1.0,pass,76150b0b84f0bbde3cdf4977611d761bd60410a6d54530d5a48ca45f6b1699d4
WW489,angle-2.jpg,secondary-gallery,product-shots/WW489/angle-2.jpg,1120,800,RGB,False,1.0,1.0,pass,7d6f25495971d6ae2b19e2581c65f9329fa09673b12d34fd2d5bae5fc3524851
WW489,main.jpg,final-main,product-shots/WW489/main.jpg,1200,1200,RGB,False,1.0,1.0,pass,cc4d6bdda0c4eff1c2838f7dd2cf5c2f63a1b90ed63809e51a592a944125d006
WW498,angle-1.jpg,secondary-gallery,product-shots/WW498/angle-1.jpg,571,1000,RGB,False,1.0,1.0,pass,0a58e0db62809951c49a9522886d14078d136622d920c89e4317caeff3fa41aa
WW498,angle-2.jpg,secondary-gallery,product-shots/WW498/angle-2.jpg,1280,731,RGB,False,1.0,1.0,pass,96fdf031caf5207c8c207cd804a6120e109683663482cba91a382d9435b5a378
WW498,angle-3.jpg,secondary-gallery,product-shots/WW498/angle-3.jpg,1280,731,RGB,False,1.0,1.0,pass,458bd29eb15030367c6404ad3bd9f7000e20087d6a869f82ffbed0fab18a4c49
WW498,main.jpg,final-main,product-shots/WW498/main.jpg,1200,1200,RGB,False,1.0,1.0,pass,c0cb9f413f6650abb153c708e0b7cc8ba4e6287ba6724831ca15caa295b0f3c3
WW499,angle-1.jpg,secondary-gallery,product-shots/WW499/angle-1.jpg,571,1000,RGB,False,1.0,1.0,pass,2d8618d9cba89cfdd228261f3c4d4dab16dc1353a64b84e6af1c465e883810a6
WW499,angle-2.jpg,secondary-gallery,product-shots/WW499/angle-2.jpg,1280,731,RGB,False,1.0,1.0,pass,2a52fc9c135358e53932b5fd4a251f35ab9ebaaaa4b7b57393e52a284671f139
WW499,angle-3.jpg,secondary-gallery,product-shots/WW499/angle-3.jpg,1280,731,RGB,False,1.0,1.0,pass,458bd29eb15030367c6404ad3bd9f7000e20087d6a869f82ffbed0fab18a4c49
WW499,main.jpg,final-main,product-shots/WW499/main.jpg,1200,1200,RGB,False,1.0,1.0,pass,340faee3f49993df1a87721c18003592bb80aeeccce7a696ba35bf7f4dbcc7bc
WW511,angle-1.jpg,secondary-gallery,product-shots/WW511/angle-1.jpg,1200,1200,RGB,False,1.0,1.0,pass,33d0a9a5c173ddadc1caa857a02f29a34932cb02809a520f12590fa16f1999ce
WW511,angle-2.jpg,secondary-gallery,product-shots/WW511/angle-2.jpg,857,1200,RGB,False,1.0,1.0,pass,ab52995b2e7a38597acf701d048e13a95b970378fa1a61fb6c0f38b960df4718
WW511,angle-3.jpg,secondary-gallery,product-shots/WW511/angle-3.jpg,1200,1200,L,False,1.0,1.0,pass,3dd786de939f6a16f6f6412b1458f61e27287c3098dbde257778b71673d8d5f7
WW511,box.jpg,secondary-gallery,product-shots/WW511/box.jpg,1200,947,RGB,False,1.0,1.0,pass,0b03378dad96a6f15285a49753bffd10fa62b8baed325ab0d49536d83b73b977
WW511,main.jpg,final-main,product-shots/WW511/main.jpg,1200,1200,RGB,False,1.0,1.0,pass,44b4bb704a6e19926a83cafd1226455358a8e973b8d8f86900157b89840923da
WW512,angle-1.jpg,secondary-gallery,product-shots/WW512/angle-1.jpg,731,1280,RGB,False,1.0,1.0,pass,e8f2ff770c551b7c6bc8a2b118a7f7bb6ebb2aeb062fac1c00c424a588e842c6
WW512,angle-2.jpg,secondary-gallery,product-shots/WW512/angle-2.jpg,1280,731,RGB,False,1.0,1.0,pass,5ff02628f3d50c4b2416abc8185fb495bca4d7afa26c21e45730ef418ef8d201
WW512,angle-3.jpg,secondary-gallery,product-shots/WW512/angle-3.jpg,1280,913,RGB,False,0.008545,1.0,pass,d22bfea579b46d810934fbfd446899bcac2fe67cb1026d01825c46361df807af
WW512,main.jpg,final-main,product-shots/WW512/main.jpg,1200,1200,RGB,False,1.0,1.0,pass,ceca410be1b89cf700a2d1afbd3cf0d08f990d8cb62e4cc6996c02bf15fbc5ea
WW517,angle-2.jpg,secondary-gallery,product-shots/WW517/angle-2.jpg,1000,1019,RGB,False,1.0,1.0,pass,ef0e3d41612de6d1b75bb29777bece968cf8b6ff60c6cb7e5d0e33fe079d4105
WW517,main.jpg,final-main,product-shots/WW517/main.jpg,1200,1200,RGB,False,1.0,1.0,pass,dd2530adb1a988e1a0148b66e4ea7a02ec015cbaefb782c5642199aa70ed4efe
WW518,main.jpg,final-main,product-shots/WW518/main.jpg,1200,1200,RGB,False,1.0,1.0,pass,d3fda1baa7ecb623a15da163b4df257eda4a6067eed8096caf7abd09c216af2b
WW519,angle-1.jpg,secondary-gallery,product-shots/WW519/angle-1.jpg,572,1000,RGB,False,1.0,1.0,pass,4a38a87e4bb4d24f4cbd29a5678dd554695b289ddc848f3155b8fefa83f8076d
WW519,angle-2.jpg,secondary-gallery,product-shots/WW519/angle-2.jpg,1280,731,RGB,False,1.0,1.0,pass,561e4050c6b55ebcff3d857914e1cbff853b5c27b0c10d52a19d1fa42c16f175
WW519,main.jpg,final-main,product-shots/WW519/main.jpg,1200,1200,RGB,False,1.0,1.0,pass,160d4902007927fbfeef8bbbcf66a4103858fe03e1564151194da04ba5f2e68e
WW542,angle-1.jpg,secondary-gallery,product-shots/WW542/angle-1.jpg,572,1000,RGB,False,1.0,1.0,pass,18c85838753109d4adbcb4dcf32a3adca0db144df6dbbe5e85ea3ded4706e858
WW542,angle-2.jpg,secondary-gallery,product-shots/WW542/angle-2.jpg,1280,731,RGB,False,1.0,1.0,pass,13f5f3cb67b1b440a930798c8edc26f0fac0176b95a223a097427c14b14be362
WW542,main.jpg,final-main,product-shots/WW542/main.jpg,1200,1200,RGB,False,1.0,1.0,pass,83f491d17e0455614e7f279eb4b5846fb56f1946288dda2cf6436b5601482023
WW551,angle-1.jpg,secondary-gallery,product-shots/WW551/angle-1.jpg,2048,2048,RGB,False,1.0,1.0,pass,efa4bf3194ef07308c30c0e6cf79b46aedbf3865cd0ff70f510989fa5ff2a480
WW551,angle-2.jpg,secondary-gallery,product-shots/WW551/angle-2.jpg,2048,1463,RGB,False,1.0,1.0,pass,1ef44aa693ca40c1d7e16cd831c6be395a8f057d3fa38fc7a03433cabfe5ef27
WW551,main.jpg,final-main,product-shots/WW551/main.jpg,1200,1200,RGB,False,1.0,1.0,pass,033b2536a543f0e9a105cc2dd5ee8334a128df1f38a892a9ca3787a58ad2c6d0
WW554,angle-1.jpg,secondary-gallery,product-shots/WW554/angle-1.jpg,571,1000,RGB,False,1.0,1.0,pass,399af243ebadb7a95f12f9ba036d4b8d03973965c54f794c23b3454f9b7fd767
WW554,angle-2.jpg,secondary-gallery,product-shots/WW554/angle-2.jpg,1280,732,RGB,False,1.0,1.0,pass,da8dfd34a4f62b2c0a9e171b91a3f24be3af7c354b94da54faf68e9d2bdc093f
WW554,main.jpg,final-main,product-shots/WW554/main.jpg,1200,1200,RGB,False,1.0,1.0,pass,1d13397f8d908dcd505b03d2fabc5b9f54d18e4143aa2ae8d119636af28d0525
WW556,angle-2.jpg,secondary-gallery,product-shots/WW556/angle-2.jpg,1280,731,RGB,False,1.0,1.0,pass,9f1cc9c48e53583dce017272f78c5e90417af3752701e70296fecf5a5564e7ba
WW556,box.jpg,secondary-gallery,product-shots/WW556/box.jpg,1280,731,RGB,False,1.0,1.0,pass,484378926b447a598db004288a05300668ae2c4b25189a8d10cd9b5aaf5a6466
WW556,main.jpg,final-main,product-shots/WW556/main.jpg,1200,1200,RGB,False,1.0,1.0,pass,073a90fd5af3a1c617389f1d69d64b223cc16355f6f29e589d6d847d63223d06
WW557,angle-1.jpg,secondary-gallery,product-shots/WW557/angle-1.jpg,2048,2048,RGB,False,1.0,1.0,pass,302d7a9d6a85f2fb4947cdd86caa2f40acabed10c5a5b82da224ea8f5daa425d
WW557,main.jpg,final-main,product-shots/WW557/main.jpg,1200,1200,RGB,False,1.0,1.0,pass,31c12383813193735664df2443d373adc58633d6a2987bbc0e69382666153ad6
WW566,angle-1.jpg,secondary-gallery,product-shots/WW566/angle-1.jpg,1028,1028,RGB,False,1.0,1.0,pass,506eddc4c593f3096722de3f37df866d99b2b943e5462075d4f46933f61b1fc7
WW566,angle-2.jpg,secondary-gallery,product-shots/WW566/angle-2.jpg,1028,1028,RGB,False,1.0,1.0,pass,ded029676a89db5b79d69e16b48e5b14367ab64d3e09f32d940755431497ccd2
WW566,angle-3.jpg,secondary-gallery,product-shots/WW566/angle-3.jpg,1028,1028,RGB,False,1.0,1.0,pass,c5d7a0536f257f97204f21d5e213da9c369198808e45248239a7c665e014cf4f
WW566,main.jpg,final-main,product-shots/WW566/main.jpg,1200,1200,RGB,False,1.0,1.0,pass,755adaaebf7a7f32d69d22eefbdb4945376bc0248c3a0db5ada3751b4d9e22e1
WW572,angle-1.jpg,secondary-gallery,product-shots/WW572/angle-1.jpg,1200,1200,RGB,False,1.0,1.0,pass,c0c0630a08a710aeb5aaff14dc51fd0df31521e6c6e276a224d0efe6fb2895ca
WW572,angle-2.jpg,secondary-gallery,product-shots/WW572/angle-2.jpg,857,1200,RGB,False,1.0,1.0,pass,ee5bbd081bcda532a833d09b47015512cad6c08d07ebe35f0887209488652f1c
WW572,angle-3.jpg,secondary-gallery,product-shots/WW572/angle-3.jpg,1200,1200,RGB,False,1.0,1.0,pass,6ed7b12ffddbd1ef79c04542334bd9b7a5e3dc82b76f36b23343218dbff76617
WW572,main.jpg,final-main,product-shots/WW572/main.jpg,1200,1200,RGB,False,1.0,1.0,pass,53fced8f76ed3c6a0b9007cf76258074a55de75718588506320fd0088621a1ec
WW573,angle-1.jpg,secondary-gallery,product-shots/WW573/angle-1.jpg,572,1000,RGB,False,1.0,1.0,pass,f44039f6ca5a9211061ca30996c3775a162a2b645a094cc7fa3b1d84178a44f6
WW573,angle-2.jpg,secondary-gallery,product-shots/WW573/angle-2.jpg,1280,731,RGB,False,1.0,1.0,pass,483184ed8d855a5e070a871b8cde37c1453f08f58639c42bf98125f310657fab
WW573,angle-3.jpg,secondary-gallery,product-shots/WW573/angle-3.jpg,1280,731,RGB,False,1.0,1.0,pass,336700e6313bd12879a354fd05e928b59a8b2828057f8dff4d9e2fa6992c194d
WW573,main.jpg,final-main,product-shots/WW573/main.jpg,1200,1200,RGB,False,1.0,1.0,pass,ba53ac3467d35eb989357aa5b6516a342f1e9970af8c1ada91159fdc776f070a
WW574,angle-2.jpg,secondary-gallery,product-shots/WW574/angle-2.jpg,1280,731,RGB,False,1.0,1.0,pass,1d5e2fa67f6235020fa1360a85c85f26bea5afd2fd41f80e63153c93c8dc110a
WW574,angle-3.jpg,secondary-gallery,product-shots/WW574/angle-3.jpg,1280,731,RGB,False,1.0,1.0,pass,336700e6313bd12879a354fd05e928b59a8b2828057f8dff4d9e2fa6992c194d
WW574,main.jpg,final-main,product-shots/WW574/main.jpg,1200,1200,RGB,False,1.0,1.0,pass,08a010a8301067ac02054744369ae8be570acf8a3c40749f34b6f1a2675ca4e1
WW588,angle-2.jpg,secondary-gallery,product-shots/WW588/angle-2.jpg,1280,731,RGB,False,1.0,1.0,pass,0a9a5bfd13a0aa76782c4f601c28d1407636320602594ef9e7786b560db6a189
WW588,main.jpg,final-main,product-shots/WW588/main.jpg,1200,1200,RGB,False,1.0,1.0,pass,d87bcd2759ca2592087a93f9c8aa0bfd4710420a624fc6dcfbe0cb70aaf4e8b4
WW595,main.jpg,final-main,product-shots/WW595/main.jpg,1200,1200,RGB,False,1.0,1.0,pass,16d4227c15822e441db4ce523ae27a2ac085372a76e8dc7bee75c7f366ebac15
WW600,angle-2.jpg,secondary-gallery,product-shots/WW600/angle-2.jpg,1280,731,RGB,False,1.0,1.0,pass,ff6a09d3c0b52f682fc68e91873ed1f72558ee904ec9d35ff0f24a71dbc02f77
WW600,angle-3.jpg,secondary-gallery,product-shots/WW600/angle-3.jpg,1280,731,RGB,False,1.0,1.0,pass,25a5bd0f4ffbfc8d33976845871105f4ae6840449759bdfa2f572bc3eee4327e
WW600,main.jpg,final-main,product-shots/WW600/main.jpg,1200,1200,RGB,False,1.0,1.0,pass,ac1313d0e4f7792d1549ae02e1958fdd27f96a3be65b91defc471bb3a99d3234
WW601,angle-1.jpg,secondary-gallery,product-shots/WW601/angle-1.jpg,571,1000,RGB,False,0.955636,0.992188,pass,cd9f4878a45578e68e393686bafcd3b629f7750931e959a2e0c19af6b14f8367
WW601,angle-2.jpg,secondary-gallery,product-shots/WW601/angle-2.jpg,1280,731,RGB,False,1.0,1.0,pass,8a3359ac1f243ed2f62ad6c53c4db68a5d1d7fdc7a332fdb0804f37d5fa56ba9
WW601,angle-3.jpg,secondary-gallery,product-shots/WW601/angle-3.jpg,975,731,RGB,False,1.0,1.0,pass,455107d4eb7d534db24be6f07bd6d9e094b337e878c7565fba525d012da71554
WW601,main.jpg,final-main,product-shots/WW601/main.jpg,1200,1200,RGB,False,1.0,1.0,pass,7bb37f3fc1a6386b79cba57d81b6aef6136ef6384fc05cd24bf7e6a9a519d45a
WW61,angle-1.jpg,secondary-gallery,product-shots/WW61/angle-1.jpg,571,1000,RGB,False,1.0,1.0,pass,f3f9f26e36a406b5fa736c91dc92ca1697f8c98db15dfb517eccdcad44b13eb1
WW61,angle-2.jpg,secondary-gallery,product-shots/WW61/angle-2.jpg,1280,731,RGB,False,1.0,1.0,pass,ad9a8466c15b84273278e5d2ead059d21088cb2c376341e5fe89d2031443f8fc
WW61,angle-3.jpg,secondary-gallery,product-shots/WW61/angle-3.jpg,1280,913,RGB,False,0.008545,1.0,pass,dd5b87b353bb49355a4e11c9a485441162cd32e32030f43e3c6a8e8a72b2bddc
WW61,main.jpg,final-main,product-shots/WW61/main.jpg,1200,1200,RGB,False,1.0,1.0,pass,fdb6b0bdcec0b70fb58fe8b9764e51de88c0e1b79894739f8607bc6ba6721f67
WW610,angle-2.jpg,secondary-gallery,product-shots/WW610/angle-2.jpg,1280,1132,L,False,1.0,1.0,pass,d75b3a615654551be8b20999c8097783d6bd8e2b33a4e1423d9dc9b74ab9e65f
WW610,angle-3.jpg,secondary-gallery,product-shots/WW610/angle-3.jpg,1280,906,RGB,False,1.0,1.0,pass,79d527ce793e62656a82bae61798e6dd75aa323eb3f16baacbd8b1356644b4dc
WW610,main.jpg,final-main,product-shots/WW610/main.jpg,1200,1200,RGB,False,1.0,1.0,pass,141919f0c7b8f6399eddc7f7215cc11597c7e3d748f5174c86df8ee982bd4337
WW611,angle-1.jpg,secondary-gallery,product-shots/WW611/angle-1.jpg,1008,1280,RGB,False,1.0,1.0,pass,f328fb57001473ba3f0f511dc67e69414d75d9d127ecf179395bdcd05bdacc1a
WW611,angle-2.jpg,secondary-gallery,product-shots/WW611/angle-2.jpg,1280,1084,L,False,1.0,1.0,pass,43ec0abe802d534362556c396012734909e7ff722b13bec1c119e8f6587611da
WW611,angle-3.jpg,secondary-gallery,product-shots/WW611/angle-3.jpg,1280,841,RGB,False,1.0,1.0,pass,9997d2fd7f4eab535cabd4543ed385035e49831efc36fdf5c46ae7d84734dd96
WW611,main.jpg,final-main,product-shots/WW611/main.jpg,1200,1200,RGB,False,1.0,1.0,pass,e66f1c32336d2af093796af7f9d308e87aeb48a032fdc42f61d7e2678446c774
WW624,angle-1.jpg,secondary-gallery,product-shots/WW624/angle-1.jpg,571,1000,RGB,False,1.0,1.0,pass,5972f95bfed48d5ce64714e0ef761052faa0d8455cc9b5bdf5d63beb39e7272c
WW624,angle-2.jpg,secondary-gallery,product-shots/WW624/angle-2.jpg,1280,731,RGB,False,1.0,1.0,pass,f5c4866e7f08cf99d1abfe10096b9081183c7654ff45ec270b71d677d1d3db26
WW624,angle-3.jpg,secondary-gallery,product-shots/WW624/angle-3.jpg,1280,913,RGB,False,0.008545,1.0,pass,d22bfea579b46d810934fbfd446899bcac2fe67cb1026d01825c46361df807af
WW624,main.jpg,final-main,product-shots/WW624/main.jpg,1200,1200,RGB,False,1.0,1.0,pass,01ae169ea375c32e1b297dfe32511053e82b46585f5d82ac40a700f377f8d2bb
WW626,angle-2.jpg,secondary-gallery,product-shots/WW626/angle-2.jpg,1280,731,L,False,1.0,1.0,pass,1d4fdb8b49e402bfb1eb45a1131f67beb3b9fc32399a37a037e53be574b7d13a
WW626,box.jpg,secondary-gallery,product-shots/WW626/box.jpg,1280,731,RGB,False,1.0,1.0,pass,3b4e2e19d21ac198719a39757beb9f19860e8feabd4e69bd6d99a4c382699c0f
WW626,main.jpg,final-main,product-shots/WW626/main.jpg,1200,1200,RGB,False,1.0,1.0,pass,5f12e4e0fad4312831d5648ed9dc05ba60147bc436de805599413c077fd024fa
WW627,angle-2.jpg,secondary-gallery,product-shots/WW627/angle-2.jpg,1176,883,RGB,False,1.0,1.0,pass,0e686dcdad488753d79871e921678acc291e4401a9723935cedcd16113b78efe
WW627,angle-3.jpg,secondary-gallery,product-shots/WW627/angle-3.jpg,1280,889,RGB,False,1.0,1.0,pass,c56d7d878be60da9295d0cd06bf65cc54694bbc8fb9a216e4ec5ba8058b835f8
WW627,main.jpg,final-main,product-shots/WW627/main.jpg,1200,1200,RGB,False,1.0,1.0,pass,071d03c8d3df82dd2b75bd181fd7dc6ba0bbf94f7bca9966346cd7d7790e24d5
WW637,angle-1.jpg,secondary-gallery,product-shots/WW637/angle-1.jpg,571,1000,L,False,1.0,1.0,pass,19dca5bb4b8c7eee12d961779ef70c1b45efe1af021e059276f84766a48e7524
WW637,angle-2.jpg,secondary-gallery,product-shots/WW637/angle-2.jpg,1280,731,RGB,False,1.0,1.0,pass,4ef87655b17ac042aa84cb8c2c2aa268a078ec4e5b7ca51c9b43623a66ac2e51
WW637,main.jpg,final-main,product-shots/WW637/main.jpg,1200,1200,RGB,False,1.0,1.0,pass,6b6e8017643c1874d9cead7002630fe63616a05d4498d3c1647747190774b070
WW642,angle-1.jpg,secondary-gallery,product-shots/WW642/angle-1.jpg,571,1000,L,False,0.998326,1.0,pass,3c36d15e5892f7241428eaa6959b9ae8624d7fc5d2db3517b3fd3e5bf24d795c
WW642,angle-2.jpg,secondary-gallery,product-shots/WW642/angle-2.jpg,1280,731,RGB,False,1.0,1.0,pass,f48f0e748ad878351a8f29d8491c67a9b069bc46769d644e73f92805c6c23a6f
WW642,angle-3.jpg,secondary-gallery,product-shots/WW642/angle-3.jpg,960,548,RGB,False,0.956019,1.0,pass,f554bfe9d9de0a04d889718b63fcfab3348892583aa1ac582f2a402913f528ef
WW642,main.jpg,final-main,product-shots/WW642/main.jpg,1200,1200,RGB,False,1.0,1.0,pass,a3e3d4f5f300d53783424898b83945a5ad6897fde6250dbf6323330291f9c916
WW647,angle-1.jpg,secondary-gallery,product-shots/WW647/angle-1.jpg,572,1000,RGB,False,0.914062,1.0,pass,d6403be9a89ab11977ada3732f69ce405dc9db1cb02b70ca294515c8c77bfa53
WW647,angle-2.jpg,secondary-gallery,product-shots/WW647/angle-2.jpg,1280,731,L,False,1.0,1.0,pass,85181a7bf7448e9a2e1dcd1ab2868a63ee578e14463429182b3d81a2987e77f1
WW647,main.jpg,final-main,product-shots/WW647/main.jpg,1200,1200,RGB,False,1.0,1.0,pass,5d2d9b7b0b2a73f42924dfc6f414323d96ca3f8952c9e1c43f1983dec3998e74
WW65,angle-1.jpg,secondary-gallery,product-shots/WW65/angle-1.jpg,572,1000,RGB,False,1.0,1.0,pass,9de4cb89a31c49ef9917fca35be689125686760473d11fd30d02fc138f4f4d26
WW65,angle-2.jpg,secondary-gallery,product-shots/WW65/angle-2.jpg,1280,731,RGB,False,0.539062,1.0,pass,5ff1d2540fabba508c0bf20c8456a414d2724518e1505e52ca01edb00353f4dd
WW65,angle-3.jpg,secondary-gallery,product-shots/WW65/angle-3.jpg,1280,731,RGB,False,1.0,1.0,pass,bb1b5fba22f943ec857d0a42ce3062a893aa9b81a67eeba72bffa0851516f0dd
WW65,main.jpg,final-main,product-shots/WW65/main.jpg,1200,1200,RGB,False,1.0,1.0,pass,1d577b14ff777916e04c5c5d97c9e799f4b21f62a402926db6f05bcee9693fd5
WW650,angle-1.jpg,secondary-gallery,product-shots/WW650/angle-1.jpg,572,1000,RGB,False,1.0,1.0,pass,9002d96d8f748869984e47c86d1a19062bc87fc7215b819a887cbf8022f7b56a
WW650,angle-2.jpg,secondary-gallery,product-shots/WW650/angle-2.jpg,1280,731,RGB,False,1.0,1.0,pass,a0b57eb108fbd3b9be9ea8c99856ff5bbbcf815e2d4d8bb265a645efa90473b7
WW650,angle-3.jpg,secondary-gallery,product-shots/WW650/angle-3.jpg,960,548,RGB,False,0.956019,1.0,pass,719a9bcc36c8172a50ce42bcffa40facb7bd5babe68e4a6156d36f5bd1699740
WW650,box.jpg,secondary-gallery,product-shots/WW650/box.jpg,1023,1280,RGB,False,1.0,1.0,pass,9b8f59cf4114ffe94c8a3aae6a30b1cfea544b879895ca860a3cf236c4ca75eb
WW650,main.jpg,final-main,product-shots/WW650/main.jpg,1200,1200,RGB,False,1.0,1.0,pass,6694f522bae047f7e1564ecbcc4fe1051460b21bcd0df5f8080cab4c7cad0e86
WW66,angle-1.jpg,secondary-gallery,product-shots/WW66/angle-1.jpg,571,1000,RGB,False,1.0,1.0,pass,002f63af8ee9905c694cef2fa9fc82509fadbea816ee532b61cdf565e4a247f7
WW66,angle-2.jpg,secondary-gallery,product-shots/WW66/angle-2.jpg,1280,731,RGB,False,0.855469,1.0,pass,32fed2a251c16d29b389a77e19740cb1d0b3671db732f56c54b7f8a214369eea
WW66,angle-4.jpg,secondary-gallery,product-shots/WW66/angle-4.jpg,1280,914,RGB,False,1.0,1.0,pass,2c2926990a824a11ba0c5f1ab7dc83c72eead68da8890fd5475ff56addacb811
WW66,main.jpg,final-main,product-shots/WW66/main.jpg,1200,1200,RGB,False,1.0,1.0,pass,a3d0c39daf5db4376402947268314a09393e06a35faac8ab627045908a894d7a
WW67,angle-1.jpg,secondary-gallery,product-shots/WW67/angle-1.jpg,571,1000,RGB,False,1.0,1.0,pass,42f5dbf47d4c0b5049dd9fbda9877a794735f8b5953f183e810449a3589ddd32
WW67,angle-2.jpg,secondary-gallery,product-shots/WW67/angle-2.jpg,1280,731,RGB,False,1.0,1.0,pass,ef4ce32c8a6609a34c59bbceb9d6d89fcfcba2b869e6177af184b369d8b72cab
WW67,angle-3.jpg,secondary-gallery,product-shots/WW67/angle-3.jpg,1280,731,RGB,False,1.0,1.0,pass,8627570cc189bac58d479d9329120ad27d800be52ab8f1beea1220794129ed59
WW67,main.jpg,final-main,product-shots/WW67/main.jpg,1200,1200,RGB,False,1.0,1.0,pass,b542ffef7708eeca9055f48c0c2bb8468b4bd2b562c901f794fd3658644061e0
WW672,angle-1.jpg,secondary-gallery,product-shots/WW672/angle-1.jpg,571,1000,RGB,False,0.947545,1.0,pass,04c4d9563bb176f1dbb73baf77c65452f584e61aeac3765f5da3b1a9baaaa4e7
WW672,angle-2.jpg,secondary-gallery,product-shots/WW672/angle-2.jpg,1280,731,RGB,False,1.0,1.0,pass,00c364ba2f821fb6328a0c53c6107f98706841b2ce3a6c5fee8bee06156d47ad
WW672,box.jpg,secondary-gallery,product-shots/WW672/box.jpg,1280,731,RGB,False,1.0,1.0,pass,3b4e2e19d21ac198719a39757beb9f19860e8feabd4e69bd6d99a4c382699c0f
WW672,main.jpg,final-main,product-shots/WW672/main.jpg,1200,1200,RGB,False,1.0,1.0,pass,46152bd34f5123626da4d3bc5000bf003561afdab771bc28e05122331116fa01
WW675,angle-1.jpg,secondary-gallery,product-shots/WW675/angle-1.jpg,571,1000,RGB,False,1.0,1.0,pass,75b04a28470e1121e4bb471fd117a4e983a0075612f07acbcbbc1a794d196883
WW675,angle-2.jpg,secondary-gallery,product-shots/WW675/angle-2.jpg,1280,731,RGB,False,1.0,1.0,pass,df02cee419239600ae80a3cc9c8923eba15fc80179f672fef463ce2459546ff2
WW675,angle-3.jpg,secondary-gallery,product-shots/WW675/angle-3.jpg,1023,1280,RGB,False,1.0,1.0,pass,80a8668f8d524754c486eeb67899e009a28417683503b1eefb17773ae8a2b739
WW675,angle-4.jpg,secondary-gallery,product-shots/WW675/angle-4.jpg,960,548,RGB,False,0.0,1.0,pass,b0030802e31324845314ce89c4168fbc3c17798c8cf94df7a2541ae516851641
WW675,main.jpg,final-main,product-shots/WW675/main.jpg,1200,1200,RGB,False,1.0,1.0,pass,fb4504d04f0165ea90ac384c542dac16d2002eec26770997796fa31273baaeab
WW678,angle-1.jpg,secondary-gallery,product-shots/WW678/angle-1.jpg,1200,1199,RGB,False,1.0,1.0,pass,fbfeaf577915dfd0293b7a1250aec793c502a505f26a19e746ebf856f45613f4
WW678,angle-2.jpg,secondary-gallery,product-shots/WW678/angle-2.jpg,857,1200,RGB,False,1.0,1.0,pass,78ec1c78ec83f286e6ee338b962c3b3d1af75fe6f094c2595e2c10d111ac43c6
WW678,main.jpg,final-main,product-shots/WW678/main.jpg,1200,1200,RGB,False,1.0,1.0,pass,e7c257a8f3c3c516fd2bb5dcd12ea3ed5d03678b3b6b6624aad4d60e847f601a
WW68,angle-1.jpg,secondary-gallery,product-shots/WW68/angle-1.jpg,572,1000,RGB,False,1.0,1.0,pass,1e475ad6decd14d8e9fc6a89177750698cabf14a935dbe4aca97c82285488f42
WW68,angle-2.jpg,secondary-gallery,product-shots/WW68/angle-2.jpg,1280,731,RGB,False,1.0,1.0,pass,5961438970667e02f678269e9b9cfee6775841f943e8dbb8798c74a9fb6ac108
WW68,angle-4.jpg,secondary-gallery,product-shots/WW68/angle-4.jpg,1280,914,RGB,False,1.0,1.0,pass,2c2926990a824a11ba0c5f1ab7dc83c72eead68da8890fd5475ff56addacb811
WW68,main.jpg,final-main,product-shots/WW68/main.jpg,1200,1200,RGB,False,1.0,1.0,pass,4af07e14c37d7376119219f8787cf450c8234c1d8f9bd123b8e5685329677fd4
WW682,main.jpg,final-main,product-shots/WW682/main.jpg,1200,1200,RGB,False,1.0,1.0,pass,0cf43d8549da9aeae582734663b57601c93f6a7786b182c0a648dfcdce6a9328
WW683,main.jpg,final-main,product-shots/WW683/main.jpg,1200,1200,RGB,False,1.0,1.0,pass,b5a53ba860baccb83dcf73e18e13bc37e0258cb7224dda807f944fa79c88664f
WW684,angle-1.jpg,secondary-gallery,product-shots/WW684/angle-1.jpg,732,1280,RGB,False,1.0,1.0,pass,cc9578a4ec7b3bfb365dc16a53d1b337715f375a3862f5fe5fdd6e39563b7d25
WW684,angle-2.jpg,secondary-gallery,product-shots/WW684/angle-2.jpg,1280,731,RGB,False,0.994141,1.0,pass,d264431960914b27fa89c4c059ccf37e27e804df36615f38cdd162cb13b7305d
WW684,angle-3.jpg,secondary-gallery,product-shots/WW684/angle-3.jpg,1280,731,RGB,False,1.0,1.0,pass,458bd29eb15030367c6404ad3bd9f7000e20087d6a869f82ffbed0fab18a4c49
WW684,main.jpg,final-main,product-shots/WW684/main.jpg,1200,1200,RGB,False,1.0,1.0,pass,f1bd16f92adef2158d41d0770cf09f88e8efad190959d311e4487499605ce1b0
WW69,angle-1.jpg,secondary-gallery,product-shots/WW69/angle-1.jpg,572,1000,RGB,False,1.0,1.0,pass,bf0e00a58df0478fa91f131cf4aad41e1de5a1a64e98060c9419bc35911e088d
WW69,angle-2.jpg,secondary-gallery,product-shots/WW69/angle-2.jpg,1280,731,RGB,False,1.0,1.0,pass,61d8a2335e00e2f7a3e26e636c95a321a7ee0b2db3f43a544a706e75fb87a387
WW69,angle-3.jpg,secondary-gallery,product-shots/WW69/angle-3.jpg,1280,731,RGB,False,1.0,1.0,pass,bb1b5fba22f943ec857d0a42ce3062a893aa9b81a67eeba72bffa0851516f0dd
WW69,main.jpg,final-main,product-shots/WW69/main.jpg,1200,1200,RGB,False,1.0,1.0,pass,fff1e9bf95272cc387fd9cea877af760f8000391031fc547363e468c86a33be6
WW693,angle-1.jpg,secondary-gallery,product-shots/WW693/angle-1.jpg,572,1000,RGB,False,1.0,1.0,pass,66b10503565464695d8525c342f407c18ef3d9183978479811a184c8aa14d748
WW693,angle-2.jpg,secondary-gallery,product-shots/WW693/angle-2.jpg,1280,731,RGB,False,1.0,1.0,pass,096896d9b4a28e5954e76cc1dd8616aa1405f67c238a9149de762187ae6fe0d2
WW693,main.jpg,final-main,product-shots/WW693/main.jpg,1200,1200,RGB,False,1.0,1.0,pass,6aa03bfa055ddcd1733f7eef517af718f76fbada205d20af864c646ec3e36223
WW694,angle-1.jpg,secondary-gallery,product-shots/WW694/angle-1.jpg,1201,1200,RGB,False,1.0,1.0,pass,41bc64277acef5a511a7fc3752055537ae86e614f9f33e2864b64ac29e4c1bf8
WW694,angle-2.jpg,secondary-gallery,product-shots/WW694/angle-2.jpg,1031,1054,RGB,False,1.0,1.0,pass,d08733b3d79539adcdff371b0df1b9993ce11139b640d8b706fb618bf750f166
WW694,angle-3.jpg,secondary-gallery,product-shots/WW694/angle-3.jpg,1366,753,RGB,False,1.0,1.0,pass,6989536c90f862e5e14b5e9155df60ff040097be38c4318b56f96962abc03b1e
WW694,main.jpg,final-main,product-shots/WW694/main.jpg,1200,1200,RGB,False,1.0,1.0,pass,86f6ff9ed90a20a2f865a72556030ddeb85ef3acd60cc06b3c39b09c7fa268bb
WW70,main.jpg,final-main,product-shots/WW70/main.jpg,1200,1200,RGB,False,1.0,1.0,pass,eae46dac1a81689b6c004ed72355b29e8537ac00cf74e57da437c21e7739c6dd
WW701,angle-1.jpg,secondary-gallery,product-shots/WW701/angle-1.jpg,571,1000,RGB,False,1.0,1.0,pass,86acfe5706fede1d57a92fe264e83281be3c8f79424a2d31adea0304ea2010a8
WW701,angle-2.jpg,secondary-gallery,product-shots/WW701/angle-2.jpg,1280,731,RGB,False,1.0,1.0,pass,0ea36300342401c96479d6879da1906fbf6b296f2b3225fa611995a9b5260147
WW701,main.jpg,final-main,product-shots/WW701/main.jpg,1200,1200,RGB,False,1.0,1.0,pass,24af6c0a6831560a0282e3f63463ddc8d10cf7b7dba072945898f9e99fc32da8
WW702,angle-1.jpg,secondary-gallery,product-shots/WW702/angle-1.jpg,572,1000,RGB,False,1.0,1.0,pass,fd3c958bb7f446c6a31d0d2c42e1e1561da91168f34fc95c93d3f66d48ce6f9d
WW702,angle-2.jpg,secondary-gallery,product-shots/WW702/angle-2.jpg,1280,731,RGB,False,1.0,1.0,pass,a2c430c2bbf3a88ffb53521e084fd14357c79c0a229c666af14c43801e46cad5
WW702,angle-3.jpg,secondary-gallery,product-shots/WW702/angle-3.jpg,1280,731,RGB,False,1.0,1.0,pass,e2d64e03e7e68af898b18b575ad14f2412ccc2f4d393cd80f0630cc64eab80da
WW702,main.jpg,final-main,product-shots/WW702/main.jpg,1200,1200,RGB,False,1.0,1.0,pass,ff332a28bf3cb65260c8cc16a743e581dd01b4d8cbf004f1922d4145ae5a571c
WW705,angle-1.jpg,secondary-gallery,product-shots/WW705/angle-1.jpg,1000,1000,RGB,False,1.0,1.0,pass,2442a2c32f0b43141dca97c12061e6e6f3178f5664a73c8efa67b951729759f7
WW705,angle-2.jpg,secondary-gallery,product-shots/WW705/angle-2.jpg,1000,1000,RGB,False,1.0,1.0,pass,2d05d803cba0818fae0d63d8093e2169c5ccccd701f50fc1d35068c3bcb0df96
WW705,main.jpg,final-main,product-shots/WW705/main.jpg,1200,1200,RGB,False,1.0,1.0,pass,e5dde7a1fa0ba1753c6daa10491e2478165e889c35d16e3391b708f13281cd60
WW71,angle-1.jpg,secondary-gallery,product-shots/WW71/angle-1.jpg,571,1000,RGB,False,1.0,1.0,pass,92ff42bdb57ae7e38bae62c3dbfb79079ecd617e494ee4a0f7e01a987e7b8332
WW71,angle-2.jpg,secondary-gallery,product-shots/WW71/angle-2.jpg,1280,731,RGB,False,1.0,1.0,pass,93a0f8e26230918fa36cc6e0ab03338d0f4457b388882bee162abe1afef3ee1c
WW71,angle-3.jpg,secondary-gallery,product-shots/WW71/angle-3.jpg,1280,731,RGB,False,1.0,1.0,pass,dbbbc005872721d3591d7123ce1756b93e6196ade8da4ae58e2fcff2c8ae5281
WW71,main.jpg,final-main,product-shots/WW71/main.jpg,1200,1200,RGB,False,1.0,1.0,pass,67e70a96e2be3d70e670e993593a6463999e45bd936c6ec748ce9220dcbb5f37
WW714,angle-1.jpg,secondary-gallery,product-shots/WW714/angle-1.jpg,571,1000,RGB,False,1.0,1.0,pass,493fc45b2d73cb6e19d9332278263e46914f33c52e9aa79a51af67340e3a2f45
WW714,angle-2.jpg,secondary-gallery,product-shots/WW714/angle-2.jpg,1280,731,RGB,False,0.0,1.0,pass,2571692070653ac8bf71e865ff3cf99a3c6741d42ce2a6f04e5184293c8a23ac
WW714,main.jpg,final-main,product-shots/WW714/main.jpg,1200,1200,RGB,False,1.0,1.0,pass,8bc37f294d5f816813fe5628a446d4d8c8f627cb48cfdec19cff550ec5f6650e
WW715,angle-1.jpg,secondary-gallery,product-shots/WW715/angle-1.jpg,571,1000,RGB,False,1.0,1.0,pass,8d85c54e577eb2baef560a2af7572ca055dcd1bba976213c824e33ae15d702dc
WW715,angle-2.jpg,secondary-gallery,product-shots/WW715/angle-2.jpg,1280,731,RGB,False,1.0,1.0,pass,87cc63d7132b25fa9ce8b9eeb560d9449ef2e794420e46b57b0b1dd5640bb5ca
WW715,angle-3.jpg,secondary-gallery,product-shots/WW715/angle-3.jpg,960,548,RGB,False,1.0,1.0,pass,6b310b258d32f81d12faa4e7abe7a53f3bea4f7605b414813e2cbc87d37fbaad
WW715,main.jpg,final-main,product-shots/WW715/main.jpg,1200,1200,RGB,False,1.0,1.0,pass,d6d01894eb2ba165e90c36cd2d2b9a1d4cfa4478e309c4a8264b60ec267a5a4e
WW719,angle-1.jpg,secondary-gallery,product-shots/WW719/angle-1.jpg,571,1000,RGB,False,1.0,1.0,pass,dda8a13f398ab8416bc57213fa63fd511b13f8fecf8db3e33449ee23c9ec69fc
WW719,angle-2.jpg,secondary-gallery,product-shots/WW719/angle-2.jpg,1280,732,RGB,False,1.0,1.0,pass,26d8e2020131e4032acc37f14eefc05f785f0216fb98f10788c1ee8c337fbc65
WW719,angle-3.jpg,secondary-gallery,product-shots/WW719/angle-3.jpg,1024,1280,RGB,False,1.0,1.0,pass,25b8f39ffbe1de7c2863a60b98bed36a70112c44cc1adfec030b878207d8bea5
WW719,angle-4.jpg,secondary-gallery,product-shots/WW719/angle-4.jpg,832,656,RGB,False,0.804688,1.0,pass,18b2c3f7a54c092b67f6e77b4db74e58da30afc5e63abaa2db59b42b956e8a83
WW719,main.jpg,final-main,product-shots/WW719/main.jpg,1200,1200,RGB,False,1.0,1.0,pass,56d5fca6b88dadf020d5542b15bad8ccde644a607a7c78d508fbbcee1094fdc2
WW720,angle-1.jpg,secondary-gallery,product-shots/WW720/angle-1.jpg,572,1000,RGB,False,1.0,1.0,pass,0999667e1763a8749ea95327938bac2fe66ccdc79e7ee0a1d714f31c2cd6fb0b
WW720,angle-2.jpg,secondary-gallery,product-shots/WW720/angle-2.jpg,1280,731,RGB,False,1.0,1.0,pass,1c95595e43a94493d9a7d80ae9527cef8f5b683df8c27e47aeb6c9b8599a688a
WW720,angle-3.jpg,secondary-gallery,product-shots/WW720/angle-3.jpg,1280,731,RGB,False,1.0,1.0,pass,3148dead760b8742e17f394b3f06c93b20d17f32def9900c04bdcc0ed87b1a47
WW720,main.jpg,final-main,product-shots/WW720/main.jpg,1200,1200,RGB,False,1.0,1.0,pass,f22cb3a3dba5f607f52662342008aecb9b055f25949de5a22743fce623d1f22d
WW721,angle-1.jpg,secondary-gallery,product-shots/WW721/angle-1.jpg,571,1000,RGB,False,1.0,1.0,pass,6e2b8738214f976f297fc01a24f6a922cc6f75a069176faacb104b1de6000838
WW721,angle-2.jpg,secondary-gallery,product-shots/WW721/angle-2.jpg,1280,731,RGB,False,1.0,1.0,pass,35dd9f69212c376c5f034efb1208d743fe0644353ce1d4c55c5d37f3385133f9
WW721,angle-3.jpg,secondary-gallery,product-shots/WW721/angle-3.jpg,1280,731,RGB,False,1.0,1.0,pass,d1cb5d99ff76ccd82ecebc60481f508b117969a29fb96c10add303af5856c0e1
WW721,main.jpg,final-main,product-shots/WW721/main.jpg,1200,1200,RGB,False,1.0,1.0,pass,da528e477b6cc9f41c899fbdeef18efbb1e6da9050ef3b57220c970fca4c0540
WW725,angle-1.jpg,secondary-gallery,product-shots/WW725/angle-1.jpg,571,1000,RGB,False,1.0,1.0,pass,07ea3d61b865d3f82a6d6e5378393d1cd46081ee49ff22187f6f29ffc5173748
WW725,angle-2.jpg,secondary-gallery,product-shots/WW725/angle-2.jpg,1280,731,RGB,False,1.0,1.0,pass,358c6cdee4169fb6f971d8efdec7b35e6d6a780ca65b8394dea19e8b533ebf1c
WW725,angle-3.jpg,secondary-gallery,product-shots/WW725/angle-3.jpg,1280,731,RGB,False,1.0,1.0,pass,dd29fbc68eea4d51a8b8b21608d123f8521fcd7f57bbe118d785b5cd2f2f19e8
WW725,main.jpg,final-main,product-shots/WW725/main.jpg,1200,1200,RGB,False,1.0,1.0,pass,83ebb06ce90e45ec523c993da8ad569cd27bef001ffbfc8d242a32b02da56de5
WW741,angle-1.jpg,secondary-gallery,product-shots/WW741/angle-1.jpg,571,1000,RGB,False,1.0,1.0,pass,b598d06d0677a549ef2c11e4cb5789e213714cdcacd673cfc79fd942c95d9d52
WW741,angle-2.jpg,secondary-gallery,product-shots/WW741/angle-2.jpg,1280,731,RGB,False,1.0,1.0,pass,22cb5ec4780481ec9494523b2b7b012626af541adeef3ed81879d1899c3981e0
WW741,angle-3.jpg,secondary-gallery,product-shots/WW741/angle-3.jpg,1280,731,RGB,False,1.0,1.0,pass,9a3bfc70b31485ad1adec9c64eed3b6d64c22cafc0452bb8217db0c3ea567744
WW741,main.jpg,final-main,product-shots/WW741/main.jpg,1200,1200,RGB,False,1.0,1.0,pass,0e83f44397e4c24adb662feab7eb89751300e9e925f837b3c3d5a4ae7b67109a
WW745,angle-1.jpg,secondary-gallery,product-shots/WW745/angle-1.jpg,571,1000,RGB,False,1.0,1.0,pass,05284240f6cd2f79d076cfacb80126facb7162df8e2b39be6804408291342ece
WW745,angle-2.jpg,secondary-gallery,product-shots/WW745/angle-2.jpg,1280,731,RGB,False,1.0,1.0,pass,f51c34be9290584301538c100846d2be9f028171ca0602abf2431e9008e4e451
WW745,box.jpg,secondary-gallery,product-shots/WW745/box.jpg,1280,731,RGB,False,0.975098,1.0,pass,83cce7ee7524b156799113abf38a796b4eab4e1cf3941e4af0c39131224ce9c4
WW745,main.jpg,final-main,product-shots/WW745/main.jpg,1200,1200,RGB,False,1.0,1.0,pass,dcf6855044a7a0c9bca1fcb7fcc06f4049611bc35d878fc7911f9903e89da853
WW746,angle-1.jpg,secondary-gallery,product-shots/WW746/angle-1.jpg,571,1000,RGB,False,1.0,1.0,pass,7f3919da2454b8099134c6f686de57af621fd9d6151553bc1947653703c59d35
WW746,angle-2.jpg,secondary-gallery,product-shots/WW746/angle-2.jpg,1280,731,RGB,False,0.0,1.0,pass,e26521f2ce45db03af898f464ca6d6405f61b59f135d0245729e82f52b6dd9f9
WW746,box.jpg,secondary-gallery,product-shots/WW746/box.jpg,1280,731,RGB,False,1.0,1.0,pass,458bd29eb15030367c6404ad3bd9f7000e20087d6a869f82ffbed0fab18a4c49
WW746,main.jpg,final-main,product-shots/WW746/main.jpg,1200,1200,RGB,False,1.0,1.0,pass,1bd6cae5889badd9a5e0cb9160c30083cd059ced0bdffc492e1471fd7098057c
WW756,angle-1.jpg,secondary-gallery,product-shots/WW756/angle-1.jpg,571,1000,RGB,False,1.0,1.0,pass,3d8df7e315ce7666f3dfa77e0bad1e0e8043d9e2ac675f3b184260c9894a40ff
WW756,angle-2.jpg,secondary-gallery,product-shots/WW756/angle-2.jpg,1280,731,RGB,False,1.0,1.0,pass,8499cbe323565ec3c153839291816286f7e3e6b2eb4ac50e2db3811216760ed6
WW756,main.jpg,final-main,product-shots/WW756/main.jpg,1200,1200,RGB,False,1.0,1.0,pass,ec73c8e8a2de434736a8ff0d61c1ff2ad25caad3199f14a0ba200a947c3592dd
WW758,angle-1.jpg,secondary-gallery,product-shots/WW758/angle-1.jpg,1200,1200,RGB,False,1.0,1.0,pass,494b87edd3f30e89f8e3a8b65e241bf62c1b76e4af1532fac1b3e17d9a3e7a54
WW758,angle-2.jpg,secondary-gallery,product-shots/WW758/angle-2.jpg,1257,1183,RGB,False,1.0,1.0,pass,c94ca88d4ec90a7ddf92ba1dc3f9b779850018bf57b39cf58c4e9b88c9ad9109
WW758,main.jpg,final-main,product-shots/WW758/main.jpg,1200,1200,RGB,False,1.0,1.0,pass,a1cd182dbc27745965940f03e640a6a974476b557ecb451d922995eaad672a3b
WW768,angle-1.jpg,secondary-gallery,product-shots/WW768/angle-1.jpg,572,1000,RGB,False,1.0,1.0,pass,05062f28e900ffbcf336d8a713f2ed29417034a8eb2fb8460bfe203c90fca495
WW768,angle-2.jpg,secondary-gallery,product-shots/WW768/angle-2.jpg,1280,731,RGB,False,1.0,1.0,pass,a3b1e2e76d9df32cd7346bfdf97626c77be267c8d22cf8df59f1ce54d8cf2b91
WW768,angle-3.jpg,secondary-gallery,product-shots/WW768/angle-3.jpg,1280,731,RGB,False,1.0,1.0,pass,87c8dc036e6c0897746b0531d9bf4fb81f0f8b499a32b6a4f4456a53fa7205e8
WW768,main.jpg,final-main,product-shots/WW768/main.jpg,1200,1200,RGB,False,1.0,1.0,pass,360fbe922914ccf46e20fe61fe226e1ed92b912da385c984cd0f96e437a5a570
WW774,angle-2.jpg,secondary-gallery,product-shots/WW774/angle-2.jpg,1280,731,RGB,False,1.0,1.0,pass,cc6ceb8fc66b07473fefd1949414ca6157d31f708741d37d786b72bdfe0225fc
WW774,angle-3.jpg,secondary-gallery,product-shots/WW774/angle-3.jpg,1200,686,RGB,False,1.0,1.0,pass,d0de43cd8869dc46e20bf7207c71b145d90e4d4b6e14d44a1390d8285c032ff1
WW774,main.jpg,final-main,product-shots/WW774/main.jpg,1200,1200,RGB,False,1.0,1.0,pass,7640bcbe06e0791abd0bc7fa1ce5e622bf3c563aeeda1311b71518130f56979f
WW783,angle-1.jpg,secondary-gallery,product-shots/WW783/angle-1.jpg,572,1000,RGB,False,1.0,1.0,pass,8810faa5fae09e6b8c46b360107546460dd5306cc994effb826c0ba4bcecc9fb
WW783,angle-2.jpg,secondary-gallery,product-shots/WW783/angle-2.jpg,1280,731,RGB,False,1.0,1.0,pass,f3db4bd6612e625fdf4bdacad4f7bbb721adb8878fff80851fd5ae8407915f87
WW783,angle-3.jpg,secondary-gallery,product-shots/WW783/angle-3.jpg,1200,686,RGB,False,0.979492,1.0,pass,7124a6b5809de4f00a33f9cfc466e950e8e457213115a56f75e9aec2087e01e0
WW783,main.jpg,final-main,product-shots/WW783/main.jpg,1200,1200,RGB,False,1.0,1.0,pass,bdcf9b4e7c61c9d4654ee4f48c6b5fc5f43a666b022254fdb0cf3456cd3e4256
WW790,angle-2.jpg,secondary-gallery,product-shots/WW790/angle-2.jpg,875,500,RGB,False,1.0,1.0,pass,393e3e0a837670e09ba6dba25cd54c490f01e7510f457a4e9af687e9db209275
WW790,main.jpg,final-main,product-shots/WW790/main.jpg,1200,1200,RGB,False,1.0,1.0,pass,86a6bbb3b7e3177c4c1d3cfed1e7bc833267301454f6551935d8a22b386fb704
WW791,angle-2.jpg,secondary-gallery,product-shots/WW791/angle-2.jpg,875,500,RGB,False,0.9925,1.0,pass,d8d77fcd017244894b01fe0379f5c19f44a5db04eb3c8d5fb615b6987a6cae92
WW791,main.jpg,final-main,product-shots/WW791/main.jpg,1200,1200,RGB,False,1.0,1.0,pass,68956d035fafe634e6d4f3af3ece0140b618eb786ec5139ef981c2327d6797ba
WW793,angle-1.jpg,secondary-gallery,product-shots/WW793/angle-1.jpg,286,500,RGB,False,1.0,1.0,pass,1cbd4708ce57779eafbc4c1db712421c1dd02b459d61f5cb2acc240de66d19c1
WW793,angle-2.jpg,secondary-gallery,product-shots/WW793/angle-2.jpg,875,500,RGB,False,0.98125,1.0,pass,c958b421541585feca2150c672ad8cd6c30180fd96f97944ea578626676eee8d
WW793,angle-3.jpg,secondary-gallery,product-shots/WW793/angle-3.jpg,1280,731,RGB,False,1.0,1.0,pass,ed69303939a8705c5493d0053401f8786d8b750018fb73aebd219f818c6138e3
WW793,main.jpg,final-main,product-shots/WW793/main.jpg,1200,1200,RGB,False,1.0,1.0,pass,614c09d57eb0564a5de4d57be81461ba3348d8932370490625c60a5cdd5c4a6e
WW797,angle-1.jpg,secondary-gallery,product-shots/WW797/angle-1.jpg,571,1000,RGB,False,1.0,1.0,pass,9284b2206cc931b3e2f207a585e3f6e98ef305434930a4f35805881131842f52
WW797,angle-2.jpg,secondary-gallery,product-shots/WW797/angle-2.jpg,1280,731,RGB,False,0.75,0.996094,pass,ed93b9ca1533e9f4a998a10a752b9d619162d67d23118f778bab486b99a2baa6
WW797,angle-3.jpg,secondary-gallery,product-shots/WW797/angle-3.jpg,1280,731,RGB,False,1.0,1.0,pass,1d37901f8b20064e799febbd3a1dc361060908147528e45f95e7a853a376c605
WW797,main.jpg,final-main,product-shots/WW797/main.jpg,1200,1200,RGB,False,1.0,1.0,pass,f6127c8ab6edc610f0ca7b7649f8195c660e2bb8f757caa11a09069fe40d45f5
WW802,angle-1.jpg,secondary-gallery,product-shots/WW802/angle-1.jpg,571,1000,RGB,False,1.0,1.0,pass,c9cc3f66cc86c65a4fb10c384ab8b617f5082c319a30b0bac874981b0c59dccc
WW802,angle-2.jpg,secondary-gallery,product-shots/WW802/angle-2.jpg,1280,731,RGB,False,1.0,1.0,pass,adcc13e7ccfc554f2c0f5742bac556900e0f6cdbf9fc8d9f9325137a2ba40d51
WW802,angle-3.jpg,secondary-gallery,product-shots/WW802/angle-3.jpg,1280,731,RGB,False,1.0,1.0,pass,b8f7dc01ce3b76f3ef9e4d819fe61b97096438ff28243fb881f5dfe7ab9f6974
WW802,main.jpg,final-main,product-shots/WW802/main.jpg,1200,1200,RGB,False,1.0,1.0,pass,1b872404cd2c75328e0afe6d87fbf86c975eed6cbe694d6738e31ef35a898665
WW812,angle-1.jpg,secondary-gallery,product-shots/WW812/angle-1.jpg,571,1000,RGB,False,1.0,1.0,pass,deb73569aacec8364ed13c248e3985bb59fe2d0b70aa83dacb96a3f92d452b5f
WW812,angle-2.jpg,secondary-gallery,product-shots/WW812/angle-2.jpg,1280,732,RGB,False,0.0,1.0,pass,2c13c3710755d1bc97ab6dc52a2981978fe04448e690beaaef54bde6a4998ab1
WW812,box.jpg,secondary-gallery,product-shots/WW812/box.jpg,1280,731,RGB,False,1.0,1.0,pass,caf582575275d13efc061f574c8a4983fd9d2d8a399583c8b04a85231bc67e61
WW812,main.jpg,final-main,product-shots/WW812/main.jpg,1200,1200,RGB,False,1.0,1.0,pass,96cfca0acdc819e662a469d8cf8fca28ab79c0cb011cfa86eb36d4c6695530d5
WW814,angle-1.jpg,secondary-gallery,product-shots/WW814/angle-1.jpg,572,1000,RGB,False,1.0,1.0,pass,04afec64d19a2ac884522235556a016f1f278f11ef6ce845f4f8b003e131cd68
WW814,angle-2.jpg,secondary-gallery,product-shots/WW814/angle-2.jpg,1280,731,RGB,False,0.523438,1.0,pass,42ef66620d86664918274139227946bcc845218a5dc12e91d8e6c0cbb11aeaf5
WW814,box.jpg,secondary-gallery,product-shots/WW814/box.jpg,960,686,RGB,False,1.0,1.0,pass,e55561aca2ba2a4797c4c2824af4182aca6992fe3c01f0f46d85d2436647e1e7
WW814,main.jpg,final-main,product-shots/WW814/main.jpg,1200,1200,RGB,False,1.0,1.0,pass,27b3a85d4a94f3b58b57a86e509872badcc7a67d322b2f77987a133da7b46d69
WW820,angle-1.jpg,secondary-gallery,product-shots/WW820/angle-1.jpg,572,1000,RGB,False,1.0,1.0,pass,75772b7a5ed8baa757fc0adef2e6e51c9104ce2a3d28c76e37572f6b9550a0dc
WW820,angle-2.jpg,secondary-gallery,product-shots/WW820/angle-2.jpg,1280,731,RGB,False,0.830078,1.0,pass,709ac8061212e5e9d75f5397645cbaf8342bc2ad4b96a3c6ecaadba6e79fbf90
WW820,angle-3.jpg,secondary-gallery,product-shots/WW820/angle-3.jpg,1280,731,RGB,False,1.0,1.0,pass,caf582575275d13efc061f574c8a4983fd9d2d8a399583c8b04a85231bc67e61
WW820,main.jpg,final-main,product-shots/WW820/main.jpg,1200,1200,RGB,False,1.0,1.0,pass,44ea45de4b2f54b7ffa4f12a9b176e85d5b6c5fed5df9e91953a22b3676b8151
WW824,angle-1.jpg,secondary-gallery,product-shots/WW824/angle-1.jpg,571,1000,RGB,False,1.0,1.0,pass,9525ff0049b9a28e52bb5baa02065645a96d7550b6cd98129e7fa78e432a081a
WW824,angle-2.jpg,secondary-gallery,product-shots/WW824/angle-2.jpg,1280,731,RGB,False,0.943359,1.0,pass,0656218c3596b17b0d1de3249b679342248907bd6e4fc7b7d486ae48b279307c
WW824,angle-3.jpg,secondary-gallery,product-shots/WW824/angle-3.jpg,1280,914,RGB,False,1.0,1.0,pass,d351c2586714dc5840155610687cff912a0700cddcb98cd14594489f94d548ad
WW824,main.jpg,final-main,product-shots/WW824/main.jpg,1200,1200,RGB,False,1.0,1.0,pass,da5f50380c3120371dc7cf3a015f58499b80c4a5e070df0f39ba7be3506d19d3
WW825,angle-1.jpg,secondary-gallery,product-shots/WW825/angle-1.jpg,571,1000,RGB,False,1.0,1.0,pass,81ca294cd7d61de891085d204531dca98dd05931c7e54ce2eef73d963bedaffe
WW825,angle-2.jpg,secondary-gallery,product-shots/WW825/angle-2.jpg,1280,731,RGB,False,1.0,1.0,pass,a7613097a2fcb81c553896107a799b0985b86ee353c5723a21dd1557a326274e
WW825,box.jpg,secondary-gallery,product-shots/WW825/box.jpg,1280,914,RGB,False,1.0,1.0,pass,595af89bdc82829a90ec17cb2f50ebee433c4e30a90301253c9a7f10e0a28e74
WW825,main.jpg,final-main,product-shots/WW825/main.jpg,1200,1200,RGB,False,1.0,1.0,pass,8f04aa8534c6737bc4532ee081a24a780ba80861a6a18e50f0c795cd280f4138
WW826,main.jpg,final-main,product-shots/WW826/main.jpg,1200,1200,RGB,False,1.0,1.0,pass,41725d5b3f988b75be21c4bfe5a86f493c9485bde2f1b3b86e003f65ddc6e190
WW828,main.jpg,final-main,product-shots/WW828/main.jpg,1200,1200,RGB,False,1.0,1.0,pass,d942bf71471896ff20093ca53eb0e51ab4441bfe6b06b78880d0e7476a1001ce
WW866,angle-1.jpg,secondary-gallery,product-shots/WW866/angle-1.jpg,1200,857,RGB,False,1.0,1.0,pass,89260b1add160e19b0ce2f1ee479bbd23bff7a803d91d3290d96f89f597a42e7
WW866,angle-2.jpg,secondary-gallery,product-shots/WW866/angle-2.jpg,1200,1200,RGB,False,1.0,1.0,pass,d039a31c15d63cb5b693adf38b69ec1ae981cfc8e1b52dd80426c826c3aa51e8
WW866,angle-3.jpg,secondary-gallery,product-shots/WW866/angle-3.jpg,858,1200,RGB,False,1.0,1.0,pass,87a4b034250a04b5fde61ea4c02833172daa73c08d07ebe430646c06547b44c4
WW866,main.jpg,final-main,product-shots/WW866/main.jpg,1200,1200,RGB,False,1.0,1.0,pass,e85a72466d9051187095c65f73f18d0db7f4d055b3f6aedc8dcce91fffa21b4b
WW868,angle-1.jpg,secondary-gallery,product-shots/WW868/angle-1.jpg,571,1000,RGB,False,1.0,1.0,pass,0f32e7de3dcb7469c1d5ee90da04a3d86d1f3aaacc36942cab93ddda346ebd8c
WW868,angle-2.jpg,secondary-gallery,product-shots/WW868/angle-2.jpg,1280,731,RGB,False,1.0,1.0,pass,4283adbb5cc1a99a63f1a8e07c0812e2832bd9f28729f70686f260512f0bc1b9
WW868,angle-3.jpg,secondary-gallery,product-shots/WW868/angle-3.jpg,1280,731,RGB,False,1.0,1.0,pass,95721e161aeb0ecce05c0f8dcef466de3c16ad0d8ed726eef8d5033122c0b912
WW868,main.jpg,final-main,product-shots/WW868/main.jpg,1200,1200,RGB,False,1.0,1.0,pass,52dd0e226064aaba8fd8ac6dd51fb3e9d3512a0bf90752e5c0ca685d05c4a8ac
WW877,angle-2.jpg,secondary-gallery,product-shots/WW877/angle-2.jpg,1280,731,RGB,False,1.0,1.0,pass,913b94534ad6b91b527e2e497399ada548e43966e7768cbb6e63c7253b55fff8
WW877,angle-3.jpg,secondary-gallery,product-shots/WW877/angle-3.jpg,1280,731,RGB,False,1.0,1.0,pass,2676a31ba87992450d8db818deb69ac88f09be87bcf9146ed73da517d9e6f7ad
WW877,main.jpg,final-main,product-shots/WW877/main.jpg,1200,1200,RGB,False,1.0,1.0,pass,fab8c5ba4253e33d391c907c5ddbf5d36721871a0947c04dce06798378497fd1
WW882,main.jpg,final-main,product-shots/WW882/main.jpg,1200,1200,RGB,False,1.0,1.0,pass,3f2b9a560dc452ae7ab9c678c479fc1e0eeaf95d1434d2a1861678cfe350cf5f
WW885,angle-1.jpg,secondary-gallery,product-shots/WW885/angle-1.jpg,1280,731,RGB,False,1.0,1.0,pass,749c88a5d8520b761c21067958c41fef483a71f1bc38d4280dc4254bb723fbb9
WW885,angle-2.jpg,secondary-gallery,product-shots/WW885/angle-2.jpg,1280,731,RGB,False,1.0,1.0,pass,8dd071d87c921bea0f63f96638ac375fe9a3b9d282036f1f24171234c99674c0
WW885,angle-3.jpg,secondary-gallery,product-shots/WW885/angle-3.jpg,1280,731,L,False,1.0,1.0,pass,0e3b6ceb07c646d41cfe023c38b7776ab29c277a521e99dbe2c0d83b7a662ba4
WW885,main.jpg,final-main,product-shots/WW885/main.jpg,1200,1200,RGB,False,1.0,1.0,pass,0132d66de78d8328fcd84a3301d4faf91677072500efa75763014fbd6c6704f6
WW900,angle-1.jpg,secondary-gallery,product-shots/WW900/angle-1.jpg,1280,731,RGB,False,1.0,1.0,pass,706c71f5eb42d82bb6b77640041125513a2e7dc8db5a935f17ac71523167e9d4
WW900,angle-2.jpg,secondary-gallery,product-shots/WW900/angle-2.jpg,1280,731,RGB,False,0.955078,1.0,pass,c6009abf3553b00481d96acd39e127130042d6f192ca71a5718fae5bb753bc3a
WW900,box.jpg,secondary-gallery,product-shots/WW900/box.jpg,1280,731,L,False,1.0,1.0,pass,0e3b6ceb07c646d41cfe023c38b7776ab29c277a521e99dbe2c0d83b7a662ba4
WW900,main.jpg,final-main,product-shots/WW900/main.jpg,1200,1200,RGB,False,1.0,1.0,pass,c1d5d0433ceb9661b7d02081527c03cf65f619c11df9ec58155d5bba416f97cc
WW902,angle-1.jpg,secondary-gallery,product-shots/WW902/angle-1.jpg,1280,731,RGB,False,0.882812,1.0,pass,f00eea1f63d6e835b633f4dfd22e36e288d8cddb1761062fb4c2364235826845
WW902,angle-2.jpg,secondary-gallery,product-shots/WW902/angle-2.jpg,1280,731,RGB,False,0.859375,1.0,pass,fbbfb86da3c8461cba830080b43ea9e772489dfe6421c5f1b78426eea5444c1c
WW902,box.jpg,secondary-gallery,product-shots/WW902/box.jpg,1280,731,L,False,1.0,1.0,pass,0e3b6ceb07c646d41cfe023c38b7776ab29c277a521e99dbe2c0d83b7a662ba4
WW902,main.jpg,final-main,product-shots/WW902/main.jpg,1200,1200,RGB,False,1.0,1.0,pass,f2ee823cfb59da5cb4e5bd93093fc172164ea354ca437db5e36eacc5be364c42
WW917,angle-1.jpg,secondary-gallery,product-shots/WW917/angle-1.jpg,571,1000,RGB,False,1.0,1.0,pass,7e8628484a8ef7c3ae15485b723cd02d8bb34f510f3447fda707099a9e868757
WW917,angle-2.jpg,secondary-gallery,product-shots/WW917/angle-2.jpg,1280,731,RGB,False,1.0,1.0,pass,ab2762c82bedd16d212c80fc081a31c177ac67e5854740755af119e571e2d5aa
WW917,angle-3.jpg,secondary-gallery,product-shots/WW917/angle-3.jpg,1280,731,RGB,False,1.0,1.0,pass,d9313e937a9afef2bc2dbc58dd719d282187c753c32a41a5182365e9d4e170ab
WW917,main.jpg,final-main,product-shots/WW917/main.jpg,1200,1200,RGB,False,1.0,1.0,pass,0f4a6a0fc7290332f733bf090cc9518385840fb88e5f5370cea2009f05d3ba3c
WW936,angle-1.jpg,secondary-gallery,product-shots/WW936/angle-1.jpg,1280,1280,RGB,False,1.0,1.0,pass,e8c4ae899baa709e77b3d9641aa103b7b31e1c8c960df039a63852013d6a4856
WW936,angle-2.jpg,secondary-gallery,product-shots/WW936/angle-2.jpg,566,1280,RGB,False,1.0,1.0,pass,cc92d6acc7c258f6f58c675cf87be9a5f3643782736176f7f289e79ba725af82
WW936,angle-3.jpg,secondary-gallery,product-shots/WW936/angle-3.jpg,1280,731,RGB,False,1.0,1.0,pass,458bd29eb15030367c6404ad3bd9f7000e20087d6a869f82ffbed0fab18a4c49
WW936,main.jpg,final-main,product-shots/WW936/main.jpg,1200,1200,RGB,False,1.0,1.0,pass,cad7c5843dff8bc9c2cd3f43c210c8d5df7eda56e33ed1bb25d622befd3ae0c0
WW941,angle-1.jpg,secondary-gallery,product-shots/WW941/angle-1.jpg,648,1280,RGB,False,1.0,1.0,pass,4693a526aaed7083355b5c9f6bf47aeabb81d3051383b01803e81ff4fb30347b
WW941,angle-2.jpg,secondary-gallery,product-shots/WW941/angle-2.jpg,1280,1280,RGB,False,1.0,1.0,pass,a258a7e31586d416674197c1dab3798606d7f8c5fd50b09b5adabbbb6db711ee
WW941,angle-3.jpg,secondary-gallery,product-shots/WW941/angle-3.jpg,1280,731,RGB,False,1.0,1.0,pass,caf582575275d13efc061f574c8a4983fd9d2d8a399583c8b04a85231bc67e61
WW941,main.jpg,final-main,product-shots/WW941/main.jpg,1200,1200,RGB,False,1.0,1.0,pass,1675d18224d9bcc26155a43d25c8cb6ecce43fa3b5ecc4663ee91d39602439da
WW950,angle-2.jpg,secondary-gallery,product-shots/WW950/angle-2.jpg,2000,2000,RGB,False,1.0,1.0,pass,1e22488998e5df82c867a922d3a42bd10b2801c16fda24d656ad4d98fa86d938
WW950,main.jpg,final-main,product-shots/WW950/main.jpg,1200,1200,RGB,False,1.0,1.0,pass,56b3143538ac3b05e931ccbc3316f15b59d9bd54cac51af0a2054d3c5d34ce3f
WW951,angle-1.jpg,secondary-gallery,product-shots/WW951/angle-1.jpg,1028,1028,RGB,False,1.0,1.0,pass,775d56f8ae5b7b787ff21956a24d0b2fcf2397e1037a293d9e806fc2ee5183c2
WW951,angle-2.jpg,secondary-gallery,product-shots/WW951/angle-2.jpg,1028,1028,RGB,False,1.0,1.0,pass,beea4b5aff563e6c39fa9fa0b72aa3ef51ced6a9c5fda521546cab7a83f80926
WW951,angle-3.jpg,secondary-gallery,product-shots/WW951/angle-3.jpg,1028,1028,RGB,False,1.0,1.0,pass,2fa777997e245c65ac45aac63eb87ee49786d6db34f5af4ea7c26be922818a47
WW951,angle-4.jpg,secondary-gallery,product-shots/WW951/angle-4.jpg,1028,1028,RGB,False,1.0,1.0,pass,2936d0b302dcb07ceeecc0c7466afaff2cc14e46c6219383311f30b552ce64e9
WW951,main.jpg,final-main,product-shots/WW951/main.jpg,1200,1200,RGB,False,1.0,1.0,pass,daa187bd0f967626741282dc00e6748df2f5e5d2808c19f77016a9627ac88a89
WW952,angle-1.jpg,secondary-gallery,product-shots/WW952/angle-1.jpg,571,1000,RGB,False,1.0,1.0,pass,3a86ddd2d6459852a87863d0e0fc972bcbccc5330d4e5ac202f10b07cd1d81dd
WW952,angle-2.jpg,secondary-gallery,product-shots/WW952/angle-2.jpg,1280,732,RGB,False,0.789062,1.0,pass,718bef8de5bfc314bf3e52358541e960cb29ac675d5328dee92d8044dfe35567
WW952,angle-3.jpg,secondary-gallery,product-shots/WW952/angle-3.jpg,1280,731,RGB,False,1.0,1.0,pass,caf582575275d13efc061f574c8a4983fd9d2d8a399583c8b04a85231bc67e61
WW952,main.jpg,final-main,product-shots/WW952/main.jpg,1200,1200,RGB,False,1.0,1.0,pass,9aceec4d24b3936f20f6acf754f68f285dff828bb56384eca1de5a4f75f0677e
WW953,main.jpg,final-main,product-shots/WW953/main.jpg,1200,1200,RGB,False,1.0,1.0,pass,a2fb54af26ec0fb9ec63593bf765ba8f5adb70527230fe39d92049d703f005df
WW954,angle-1.jpg,secondary-gallery,product-shots/WW954/angle-1.jpg,1600,1600,RGB,False,1.0,1.0,pass,cec46ddbd0acacd575184a1a9a9ce14894cbf272f2ec92dca94e85a069c902b3
WW954,angle-2.jpg,secondary-gallery,product-shots/WW954/angle-2.jpg,1142,1600,RGB,False,1.0,1.0,pass,ab938d10afe04afec98f2110e4110879c59e93efb6ee52f2148f1b3fd2d4730f
WW954,box.jpg,secondary-gallery,product-shots/WW954/box.jpg,1600,1600,RGB,False,1.0,1.0,pass,762526d59b4a7cb59ab2c786b39d087c5499bcb50ff6118028f94a567ab64d1a
WW954,main.jpg,final-main,product-shots/WW954/main.jpg,1200,1200,RGB,False,1.0,1.0,pass,74c0de967de8a12fa4c42b3feaf4fa57f4de5e75215dcb5d5c99f117d202ccaf
WW965,angle-1.jpg,secondary-gallery,product-shots/WW965/angle-1.jpg,571,1000,RGB,False,0.979911,1.0,pass,0ed773c932e98c52d86ed131cfdf45b94d79b8c6ba628acb2b63b57bb1aa0386
WW965,angle-2.jpg,secondary-gallery,product-shots/WW965/angle-2.jpg,1280,731,RGB,False,1.0,1.0,pass,ea41924186e468d3a8480cb8632c85ec8070628fc45438c92eb30716947ec864
WW965,angle-3.jpg,secondary-gallery,product-shots/WW965/angle-3.jpg,1280,731,RGB,False,1.0,1.0,pass,e851ad66b057e17827d01723cc97fa26c0de8eefda4f633119e772d1021d8ce1
WW965,main.jpg,final-main,product-shots/WW965/main.jpg,1200,1200,RGB,False,1.0,1.0,pass,028b7698038e41ca5e827bf2f56ed148246b71d0974640d1d716765bcd00f8d4
WW967,angle-1.jpg,secondary-gallery,product-shots/WW967/angle-1.jpg,1280,1280,RGB,False,0.007324,0.999268,pass,eefd163e62311e0e171194c5217aa9c9f47591873d534b049a21c8f611b62f3a
WW967,angle-2.jpg,secondary-gallery,product-shots/WW967/angle-2.jpg,711,1280,RGB,False,0.0,1.0,pass,f3d6489fa6b30b27db130c0ab725897f3ca25d304e5d431d5c61792d495f19da
WW967,angle-3.jpg,secondary-gallery,product-shots/WW967/angle-3.jpg,1280,1250,RGB,False,1.0,1.0,pass,aa41fe59e8841c34d53fce6d9ff42d57c642829fecf7f533b0d2c7a5dadae48e
WW967,main.jpg,final-main,product-shots/WW967/main.jpg,1200,1200,RGB,False,1.0,1.0,pass,c17842fe2f0d9cc1e5ee672e1de0182ae5a39a1c3554576d2d2821bb93f7f684
WW971,angle-1.jpg,secondary-gallery,product-shots/WW971/angle-1.jpg,1280,1280,RGB,False,0.0,1.0,pass,716b56ed523dc6e890963db1bf3efb056e30e6ff88324a99368263d7717f84c3
WW971,angle-2.jpg,secondary-gallery,product-shots/WW971/angle-2.jpg,724,1280,RGB,False,0.0,1.0,pass,177483c71282d879a3277ae8f9cb7caad290374256905f9e416e3a14358d8d1c
WW971,angle-3.jpg,secondary-gallery,product-shots/WW971/angle-3.jpg,1280,1186,RGB,False,0.59375,1.0,pass,1ab81fc030102e7143f4f9b8085bc2af69fd4518fc5d4a68bcd76aecb94c20b4
WW971,main.jpg,final-main,product-shots/WW971/main.jpg,1200,1200,RGB,False,1.0,1.0,pass,ee95dafe22ad655fe5a3d1174816ec13bc19b39e122b78b509de6250777f38f2
WW972,angle-2.jpg,secondary-gallery,product-shots/WW972/angle-2.jpg,674,1280,RGB,False,0.0,1.0,pass,da8ba3013cbdfbf09308e4ab1d805d4a33e3754fb4374efe2c344eefc96143dc
WW972,angle-3.jpg,secondary-gallery,product-shots/WW972/angle-3.jpg,1280,1130,RGB,False,0.0,1.0,pass,7219adc3bcbcbb0086b027d752f0091ea0f1e630b925578e97a6be852b91696f
WW972,main.jpg,final-main,product-shots/WW972/main.jpg,1200,1200,RGB,False,1.0,1.0,pass,643f14ee966a6dfd184e158024e1b7ad7ade82a2f989a3d64824e425fa21f047
WW976,angle-1.jpg,secondary-gallery,product-shots/WW976/angle-1.jpg,700,1000,RGB,False,1.0,1.0,pass,12619510511171e1c41e27dd8dc05dbae77b0ab836ba04ea78d2126ed15eae88
WW976,angle-2.jpg,secondary-gallery,product-shots/WW976/angle-2.jpg,571,1000,RGB,False,1.0,1.0,pass,a452439d60ca8fcc4f5a55128940ba8bcb19d7bac2cb9feb2ae8ddceb3d66494
WW976,angle-3.jpg,secondary-gallery,product-shots/WW976/angle-3.jpg,1280,731,RGB,False,1.0,1.0,pass,7cc0d4e1a81df99edbe83bbdbb6ecbfa7b43873b57eacc41e3e3c331c0e7e975
WW976,main.jpg,final-main,product-shots/WW976/main.jpg,1200,1200,RGB,False,1.0,1.0,pass,8aa3e0e5525fdb730bc58f4bcd2f1606c700b06adcaeb2248ac009f303402488
WWN01 400 7763 4135-07 8 24 09PEB,main.jpg,final-main,product-shots/WWN01 400 7763 4135-07 8 24 09PEB/main.jpg,1200,1200,RGB,False,1.0,1.0,pass,e3e2fef122514dd9f5287c480b2b07ff94065f3b5b3ef2860e44b855ad81853e
WWN01 400 7763 4157-07 8 24 09PEB,main.jpg,final-main,product-shots/WWN01 400 7763 4157-07 8 24 09PEB/main.jpg,1200,1200,RGB,False,1.0,1.0,pass,2fd82420aad97b678d91b91773fabb1b7dc9db4717b8f0c4ac84018c6634f7d1
WWN01 400 7769 4125-07 4 22 75FC,main.jpg,final-main,product-shots/WWN01 400 7769 4125-07 4 22 75FC/main.jpg,1200,1200,RGB,False,1.0,1.0,pass,58d491e8ab69d4c8e635d29535164e397c74064d77d2804611a8ca39f84a8a4d
WWN01 400 7769 4127-07 4 22 77FC,main.jpg,final-main,product-shots/WWN01 400 7769 4127-07 4 22 77FC/main.jpg,1200,1200,RGB,False,1.0,1.0,pass,d7ebce1e10eaad4c5879673d4ffbe7b45b6c47e82be56b5ccdb4c4282413bfd5
WWN01 400 7769 4154-07 4 22 74FC,main.jpg,final-main,product-shots/WWN01 400 7769 4154-07 4 22 74FC/main.jpg,1200,1200,RGB,False,1.0,1.0,pass,1cc1753b0069c46be5a9480088888d66311c030f1d82d4ce791e9ac536f22f8a
WWN01 400 7772 4054-07 5 20 82,main.jpg,final-main,product-shots/WWN01 400 7772 4054-07 5 20 82/main.jpg,1200,1200,RGB,False,1.0,1.0,pass,a390fe34532ba2723f518de802f6d9862f061de13d1637b71633391a9a0acc06
WWN01 400 7790 4135-07 4 23 45EB,main.jpg,final-main,product-shots/WWN01 400 7790 4135-07 4 23 45EB/main.jpg,1200,1200,RGB,False,1.0,1.0,pass,38ce1b4741747abb36c751b392cb61e9303aa3fd26be5cf230f8cd98c683ec49
WWN01 733 7707 4053-07 5 20 89,main.jpg,final-main,product-shots/WWN01 733 7707 4053-07 5 20 89/main.jpg,1200,1200,RGB,False,1.0,1.0,pass,50c6b38792489b35832265892b0c51b1e32ac7a4d7864c13c48999188ea23493
WWN01 733 7707 4357-07 5 20 45,main.jpg,final-main,product-shots/WWN01 733 7707 4357-07 5 20 45/main.jpg,1200,1200,RGB,False,1.0,1.0,pass,430f37129f694683f5b295cc5bca4813d1b0e3f47b6a1f0037d9ab34b24ba10d
WWN01 733 7720 4057-07 5 21 02,main.jpg,final-main,product-shots/WWN01 733 7720 4057-07 5 21 02/main.jpg,1200,1200,RGB,False,1.0,1.0,pass,04019bccedf1c6cef5ea2917af8b7606000ca3bd2d69b86202c5854757b14ba5
WWN01 733 7720 4057-07 5 21 45,main.jpg,final-main,product-shots/WWN01 733 7720 4057-07 5 21 45/main.jpg,1200,1200,RGB,False,1.0,1.0,pass,ea825c891c0006d107935f2be5805f1613e29b0f9fb90b068f2623f95044aeb1
WWN01 733 7730 4135-07 8 24 05PEB,main.jpg,final-main,product-shots/WWN01 733 7730 4135-07 8 24 05PEB/main.jpg,1200,1200,RGB,False,1.0,1.0,pass,ae8f8689c6b70f2eb7b439f5fc99f6b448f417240e821dd22fd7697249201c24
WWN01 733 7730 4157-07 8 24 05PEB,main.jpg,final-main,product-shots/WWN01 733 7730 4157-07 8 24 05PEB/main.jpg,1200,1200,RGB,False,1.0,1.0,pass,cfd66eca85dfed32253470fbae951ca25a7ccc7f8ae70dc9c5d880248e87a60e
WWN01 733 7731 4135-07 4 18 64FC,main.jpg,final-main,product-shots/WWN01 733 7731 4135-07 4 18 64FC/main.jpg,1200,1200,RGB,False,1.0,1.0,pass,0913be6c11adefdf7bcecb8518d41bd12a2a8406edbfa56c0663653d3c9cbdaf
WWN01 733 7732 4135-07 5 21 10FC,main.jpg,final-main,product-shots/WWN01 733 7732 4135-07 5 21 10FC/main.jpg,1200,1200,RGB,False,1.0,1.0,pass,e8c230b934a0851e22219ffddfc9c03d08c875d5955cf0ca38ae3c3b1080a8de
WWN01 733 7732 4157-07 5 21 10FC,main.jpg,final-main,product-shots/WWN01 733 7732 4157-07 5 21 10FC/main.jpg,1200,1200,RGB,False,1.0,1.0,pass,1046a69559b691a4e2ced9350ab1b945603048755201473da2530647af5c6463
WWN01 733 7747 4055-07 5 17 45,main.jpg,final-main,product-shots/WWN01 733 7747 4055-07 5 17 45/main.jpg,1200,1200,RGB,False,1.0,1.0,pass,ae97fd2e7ef912ba2bc0512ed9be81d0b21bd38144457279b2a44bbe5946e475
WWN01 733 7755 4154-Set MB,main.jpg,final-main,product-shots/WWN01 733 7755 4154-Set MB/main.jpg,1200,1200,RGB,False,1.0,1.0,pass,77126512518e2a1849af16d419abf9e86362adf17408a898f5e68cabec317820
WWN01 733 7755 4154-Set RS,main.jpg,final-main,product-shots/WWN01 733 7755 4154-Set RS/main.jpg,1200,1200,RGB,False,1.0,1.0,pass,34c0b4ec81ebf31e8726715c57b54d9e5d1e92c3b5332adc534cf6e1999bf414
WWN01 733 7766 4157-07 8 22 05PEB,main.jpg,final-main,product-shots/WWN01 733 7766 4157-07 8 22 05PEB/main.jpg,1200,1200,RGB,False,1.0,1.0,pass,396d7ab1c6fd3ca9e5cdc8f594157988e3a8c651d4dc14dd8cffca846df348f3
WWN01 733 7770 4150-SET,main.jpg,final-main,product-shots/WWN01 733 7770 4150-SET/main.jpg,1200,1200,RGB,False,1.0,1.0,pass,2629de3460ee31de945a76ebe5fbb80d1adf7f0957d12e8838cc17d76978bf53
WWN01 733 7770 4155-07 8 18 05P,main.jpg,final-main,product-shots/WWN01 733 7770 4155-07 8 18 05P/main.jpg,1200,1200,RGB,False,1.0,1.0,pass,3a5156bc461390d8d2e696574b7c8645d8209a47b6d5dfcea7702b71ef28817e
WWN01 733 7770 4157-07 8 18 05P,main.jpg,final-main,product-shots/WWN01 733 7770 4157-07 8 18 05P/main.jpg,1200,1200,RGB,False,1.0,1.0,pass,dd8df7c324683c19285b99e314de21f04984889976d544a0d613670ce5e0a709
WWN01 733 7770 4158-07 8 18 05P,main.jpg,final-main,product-shots/WWN01 733 7770 4158-07 8 18 05P/main.jpg,1200,1200,RGB,False,1.0,1.0,pass,e64cd7ee791859f52f1631fcc7fdd17197ac5037cef8b7ed2924d77a1b0cc4b3
WWN01 751 7761 4187-SET,main.jpg,final-main,product-shots/WWN01 751 7761 4187-SET/main.jpg,1200,1200,RGB,False,1.0,1.0,pass,a86db91a3d1bde10512192e4864ff5348e1382eaf3da8338d4a7e097535d49d5
WWN01 771 7744 4354-07 5 21 45,main.jpg,final-main,product-shots/WWN01 771 7744 4354-07 5 21 45/main.jpg,1200,1200,RGB,False,1.0,1.0,pass,297d8ecf1ea33d2accabbca7fcf1fd20e6ed5ab5dcb703f207cd9813b88224f5
WWN03.3400.3610-39.C910,main.jpg,final-main,product-shots/WWN03.3400.3610-39.C910/main.jpg,1200,1200,RGB,False,1.0,1.0,pass,bd06f0a8fb0c1c220fead6374c86b1a67d5cbe938b1d708f593b36402ed24b57
WWN10001,main.jpg,final-main,product-shots/WWN10001/main.jpg,1200,1200,RGB,False,1.0,1.0,pass,b24f4132f9c818e2016da47648adf6fb0e83a147eabe8e3e941881908fc9047f
WWN101924,main.jpg,final-main,product-shots/WWN101924/main.jpg,1200,1200,RGB,False,1.0,1.0,pass,922aee8e1c3eacd192daa25b6e16310f443e1088b5374629080e1f4ac0935d92
WWN10199,main.jpg,final-main,product-shots/WWN10199/main.jpg,1200,1200,RGB,False,1.0,1.0,pass,a548d7c3157d969384e9fe0afa537b346adcf2d76e87d9760bbd7ac53984d193
WWN102043,main.jpg,final-main,product-shots/WWN102043/main.jpg,1200,1200,RGB,False,1.0,1.0,pass,7e9873d6d4b48b54ab6a1d84beee0c0c9da5641bd8ee4b82eef537db86a15b38
WWN102564,main.jpg,final-main,product-shots/WWN102564/main.jpg,1200,1200,RGB,False,1.0,1.0,pass,8a7f09f441bab04c6fec0a8b23c89102d591eb2d60d3c21270d826aebbcb6aa6
WWN102691,main.jpg,final-main,product-shots/WWN102691/main.jpg,1200,1200,RGB,False,1.0,1.0,pass,d202b60e9446cb4cb151a13f0614924323c67441556875f4a11970d76dfe337d
WWN102703,main.jpg,final-main,product-shots/WWN102703/main.jpg,1200,1200,RGB,False,1.0,1.0,pass,ad175fc3e4b4ff9449ba32d7d5a5c23108c29d0a0368646bdbc612fa400d5f64
WWN102954,main.jpg,final-main,product-shots/WWN102954/main.jpg,1200,1200,RGB,False,1.0,1.0,pass,210a03fdbf533eeff79b36e554ecf9c030138a4ec5ea9e9dac2a953114797e38
WWN103068,main.jpg,final-main,product-shots/WWN103068/main.jpg,1200,1200,RGB,False,1.0,1.0,pass,81a48b4ea5c20995ab7b9f93a6b1f11c1962c6a44032065972d946d75382c9e7
WWN103075,main.jpg,final-main,product-shots/WWN103075/main.jpg,1200,1200,RGB,False,1.0,1.0,pass,8d2cfe8e36242b917878ba617c886872d1482a14945fa264c47a57c1ca411dd6
WWN103146,main.jpg,final-main,product-shots/WWN103146/main.jpg,1200,1200,RGB,False,1.0,1.0,pass,7c51f26f32a91f06a75c90d6ad0da3acbfc952d9e32ed31b62efc3cb51503a60
WWN10329,main.jpg,final-main,product-shots/WWN10329/main.jpg,1200,1200,RGB,False,1.0,1.0,pass,492f85403204961b641e1353d3aae84654043512049fe6054c2b3fa340ef4732
WWN103540,main.jpg,final-main,product-shots/WWN103540/main.jpg,1200,1200,RGB,False,1.0,1.0,pass,ee4fe9c90eb04cba3f71d753323bb08c8df0ce5ad6baeaa9eacdb38f1cd63102
WWN10356-CD,main.jpg,final-main,product-shots/WWN10356-CD/main.jpg,1200,1200,RGB,False,1.0,1.0,pass,39cd0da86108ce692a50a27ce7364474388d46327d6ff01a358ae1bbcf7f43e5
WWN10365,main.jpg,final-main,product-shots/WWN10365/main.jpg,1200,1200,RGB,False,1.0,1.0,pass,ff9420d8215272cb953c619aad5f47cba0f9306b9bd4005cad323978fb02ce40
WWN10382,main.jpg,final-main,product-shots/WWN10382/main.jpg,1200,1200,RGB,False,1.0,1.0,pass,6a924d910833ac1c5c573e199dd93a7ae9d0b871020c5e94cdd71492131d9a39
WWN103868,main.jpg,final-main,product-shots/WWN103868/main.jpg,1200,1200,RGB,False,1.0,1.0,pass,2471f9af1da4b05d29b92aef49a693a9116343befd8703209767b2ad1255f8dc
WWN103897,main.jpg,final-main,product-shots/WWN103897/main.jpg,1200,1200,RGB,False,1.0,1.0,pass,c18e80bfcf49db595b8aaf276317eb0e47f155cc9954cc4a9991b9970f591b99
WWN103963,main.jpg,final-main,product-shots/WWN103963/main.jpg,1200,1200,RGB,False,1.0,1.0,pass,b95479dea68066a212f383babad8a5cdd56781324ee691daf3c3ded96efa733d
WWN104234,main.jpg,final-main,product-shots/WWN104234/main.jpg,1200,1200,RGB,False,1.0,1.0,pass,a6f2454a987a0a6ee0d36a45e0355d6db3dd8b7db7c7f64e5a836fee93563425
WWN10468,main.jpg,final-main,product-shots/WWN10468/main.jpg,1200,1200,RGB,False,1.0,1.0,pass,9ec5859feb18cb7968576901cd8551c44bb2c4569a49d6fc6a5b3d0435ab09da
WWN10473,main.jpg,final-main,product-shots/WWN10473/main.jpg,1200,1200,RGB,False,1.0,1.0,pass,9617fd13cf889128b0380a3e5b764c3f3b0a7c3a9974397cb5bd85c10507d62d
WWN10613,main.jpg,final-main,product-shots/WWN10613/main.jpg,1200,1200,RGB,False,1.0,1.0,pass,5c8d34abf07388dda73424eb798ee15554cd1facb05679b310eebbf8755d5f4e
WWN10619,main.jpg,final-main,product-shots/WWN10619/main.jpg,1200,1200,RGB,False,1.0,1.0,pass,d306c7ea01cb9a6df86d90d80a1cf11d4184e170ccb0b46a2eb639927fef28fd
WWN10623,main.jpg,final-main,product-shots/WWN10623/main.jpg,1200,1200,RGB,False,1.0,1.0,pass,5b0a706a5af869fc8ead659e2169aab3c2c849cd58bd1269471642869be65b34
WWN10625,main.jpg,final-main,product-shots/WWN10625/main.jpg,1200,1200,RGB,False,1.0,1.0,pass,4f48b28fb7b3d84fc6ad8071e340106695077b62b245f15de325818809476d75
WWN10658,main.jpg,final-main,product-shots/WWN10658/main.jpg,1200,1200,RGB,False,1.0,1.0,pass,e87cbb22c5379fdd5a4cd34b13bf9949018ee3aac6989c3602b0e32eb0986f18
WWN10682,main.jpg,final-main,product-shots/WWN10682/main.jpg,1200,1200,RGB,False,1.0,1.0,pass,90740d87d5b9361d43bba931790051559aca9d152ac0d1e06ecb16a8385c8cb6
WWN10683,main.jpg,final-main,product-shots/WWN10683/main.jpg,1200,1200,RGB,False,1.0,1.0,pass,1c81d7ab661304c1081121479721c993eb81123b1104494a95118c381765f15d
WWN10708,main.jpg,final-main,product-shots/WWN10708/main.jpg,1200,1200,RGB,False,1.0,1.0,pass,f682e209117041d527e5cfb85e7eecd44330582dd9b7297aa75b6796f1cb24eb
WWN10715,main.jpg,final-main,product-shots/WWN10715/main.jpg,1200,1200,RGB,False,1.0,1.0,pass,b51da74494118f71c18900882c6c1237cd83989a28ca9d08ada29923e8308d76
WWN10735,main.jpg,final-main,product-shots/WWN10735/main.jpg,1200,1200,RGB,False,1.0,1.0,pass,bb2d926eb307b39b4edf495af3c967895294ee1e4cf9eb3c5ede31b23fbb9c05
WWN10761,main.jpg,final-main,product-shots/WWN10761/main.jpg,1200,1200,RGB,False,1.0,1.0,pass,3f7662faf2c3f79f38991ea34a588c48d97f703d5f422d3830248db280597112
WWN10765,main.jpg,final-main,product-shots/WWN10765/main.jpg,1200,1200,RGB,False,1.0,1.0,pass,a887048004fbf1b0748fd6d63539c581ea3a1239c7ae15eb55cd02eca31e5201
WWN10766,main.jpg,final-main,product-shots/WWN10766/main.jpg,1200,1200,RGB,False,1.0,1.0,pass,38c50c81e1095c3e37e33b2c92a3ca07c05f5841db423e4499126f4933dee73b
WWN10767,main.jpg,final-main,product-shots/WWN10767/main.jpg,1200,1200,RGB,False,1.0,1.0,pass,1c2c864ca5f49946005feea2f4790763904179f42f505cbd372f8567336fdb17
WWN10796,main.jpg,final-main,product-shots/WWN10796/main.jpg,1200,1200,RGB,False,1.0,1.0,pass,11bdbbda64f5df3ad97b39eb356e02f9cf60c53b5e0b12e025ef6baf67036e2b
WWN10822,main.jpg,final-main,product-shots/WWN10822/main.jpg,1200,1200,RGB,False,1.0,1.0,pass,ce8a9efee1ef71dbf426fa6c57000a528668cc7ab74ef45460d5c07612746b7d
WWN10829,main.jpg,final-main,product-shots/WWN10829/main.jpg,1200,1200,RGB,False,1.0,1.0,pass,acf1c17745181132de3f9b40264e5154e5294a498acdf6371b7f829bce2a6ef9
WWN116508-0013,main.jpg,final-main,product-shots/WWN116508-0013/main.jpg,1200,1200,RGB,False,1.0,1.0,pass,668c538d38ca7f859bab15da71486ac82acc950320b4c99337b481b138d455bf
WWN161926-1001,main.jpg,final-main,product-shots/WWN161926-1001/main.jpg,1200,1200,RGB,False,1.0,1.0,pass,631f471966aae87f4b06fb9384e0250d08b1cad9540f2bdea00c232f28fcc126
WWN168619-3005,main.jpg,final-main,product-shots/WWN168619-3005/main.jpg,1200,1200,RGB,False,1.0,1.0,pass,63e8139561306acaf041b9d5bc76a08f6a404104541c95c4651c82b933df6094
WWN210.22.42.20.01.002,main.jpg,final-main,product-shots/WWN210.22.42.20.01.002/main.jpg,1200,1200,RGB,False,1.0,1.0,pass,6e4202498a37cb147130c1a7b7f4d7946b5caa9e628ccd14f10067d7edf2350e
WWN210.32.42.20.01.003,main.jpg,final-main,product-shots/WWN210.32.42.20.01.003/main.jpg,1200,1200,RGB,False,1.0,1.0,pass,31bfdcb51d8d2fe2cfc131bb6325deba7633bec8f587e5b96051fc7b6f5631a1
WWN210.32.42.20.03.001,main.jpg,final-main,product-shots/WWN210.32.42.20.03.001/main.jpg,1200,1200,RGB,False,1.0,1.0,pass,4b7a5d68f9a6fbf1a648570b47688d20dd1d3456cd455e7de069581709cf8ff0
WWN215.30.46.51.01.002,main.jpg,final-main,product-shots/WWN215.30.46.51.01.002/main.jpg,1200,1200,RGB,False,1.0,1.0,pass,c9cb12b45c75761d83248a6b6face04dd430f6609c26aa1cf82e4f6d11d90156
WWN215.33.44.21.01.001,main.jpg,final-main,product-shots/WWN215.33.44.21.01.001/main.jpg,1200,1200,RGB,False,1.0,1.0,pass,b01b06d4203aba66c99ab3c98df31bd1f464fc6ba3e98e091c02af6f0dc44fbd
WWN215.33.44.22.01.001,main.jpg,final-main,product-shots/WWN215.33.44.22.01.001/main.jpg,1200,1200,RGB,False,1.0,1.0,pass,80f4a135831d62dea9282cd958093492471487952eb3a2051cb0d624f95e1260
WWN215.92.46.21.01.001,main.jpg,final-main,product-shots/WWN215.92.46.21.01.001/main.jpg,1200,1200,RGB,False,1.0,1.0,pass,d72a833981cf67b633fe672841078b102d3dd5cf36caf8dd355f95bda9dfe64b
WWN220.10.41.21.01.001,main.jpg,final-main,product-shots/WWN220.10.41.21.01.001/main.jpg,1200,1200,RGB,False,1.0,1.0,pass,c29ebbbf05aaf2a062453dc8f278dab79fce3d073302c51f2d5381b9a807277c
WWN2280-PC5-80001,main.jpg,final-main,product-shots/WWN2280-PC5-80001/main.jpg,1200,1200,RGB,False,1.0,1.0,pass,80cdd38d69a2304b03d0f153386290a0abad9852410ab7fd9f8029efcc2c9a27
WWN2410.48.67.1199,main.jpg,final-main,product-shots/WWN2410.48.67.1199/main.jpg,1200,1200,RGB,False,1.0,1.0,pass,49c01e25394da07b6f4f16c7baa92049ecee6f9e1bcf34439495cca6725b94f7
WWN2731-ST-50001,main.jpg,final-main,product-shots/WWN2731-ST-50001/main.jpg,1200,1200,RGB,False,1.0,1.0,pass,c0e2a1ca79e55a1a5cae439d4bbdb89a6a3384a254658784c45c356bccb3e22c
WWN274189-5001-CD,main.jpg,final-main,product-shots/WWN274189-5001-CD/main.jpg,1200,1200,RGB,False,1.0,1.0,pass,fdcbfea4ab2f8139714e5712289b6111b8dd5b9d7bc6421bac6cecade03bd376
WWN275378-5005,main.jpg,final-main,product-shots/WWN275378-5005/main.jpg,1200,1200,RGB,False,1.0,1.0,pass,d13e952b721a80dc8caacc60268a9f0a4c7601ad4aa64d676a307bec025792b2
WWN275378-5008,main.jpg,final-main,product-shots/WWN275378-5008/main.jpg,1200,1200,RGB,False,1.0,1.0,pass,d7b4c849b74249f2e726996c688b1a19365b54c7aefce0928f537dff6dc1440a
WWN278582-3001,main.jpg,final-main,product-shots/WWN278582-3001/main.jpg,1200,1200,RGB,False,1.0,1.0,pass,fe3abfee4a1be4062144d541827dd4b1e4334c217023eec87e4cadec226216d5
WWN278582-3001S,main.jpg,final-main,product-shots/WWN278582-3001S/main.jpg,1200,1200,RGB,False,1.0,1.0,pass,67b5bb80bf77f0436d96363a395df2b90f472dc815fd1449ce66da87da310b1c
WWN278582-3002,main.jpg,final-main,product-shots/WWN278582-3002/main.jpg,1200,1200,RGB,False,1.0,1.0,pass,63f5d617f11bcf677daf5b7c41580c7da09b10740d586246f5cd1adf71fbd854
WWN278590-3001S,main.jpg,final-main,product-shots/WWN278590-3001S/main.jpg,1200,1200,RGB,False,1.0,1.0,pass,7b3815e217c87bd95ce56db83431bbb3c630b5362863c53ce46be101c7a89c35
WWN278590-3001S-CD,main.jpg,final-main,product-shots/WWN278590-3001S-CD/main.jpg,1200,1200,RGB,False,1.0,1.0,pass,255340f6d432150d652eddfdccfdb187ca7ce7eaa1c9dc95ab87389a20dc9bf5
WWN278608-6013,main.jpg,final-main,product-shots/WWN278608-6013/main.jpg,1200,1200,RGB,False,1.0,1.0,pass,862005aba05e1ffe5f5f7605977df3c5879aa505f2f7cc2207f38020c73c6ecb
WWN278615-6001,main.jpg,final-main,product-shots/WWN278615-6001/main.jpg,1200,1200,RGB,False,1.0,1.0,pass,e3627c370dc11757f863f62c75773e9b29c4dae1e81c57b2de81d2db49e571f7
WWN2925-PC5-45001,main.jpg,final-main,product-shots/WWN2925-PC5-45001/main.jpg,1200,1200,RGB,False,1.0,1.0,pass,e6a4e05541ee37df59a8f9da2bafcd3103ec4e6496b8314f2f84ee4ce4b39389
WWN298609-3003,main.jpg,final-main,product-shots/WWN298609-3003/main.jpg,1200,1200,RGB,False,1.0,1.0,pass,88bc9678a6a98d8d078fc6a024a6855489a3cae3728cfacf71af22c6f8fe6bdb
WWN298617-3001,main.jpg,final-main,product-shots/WWN298617-3001/main.jpg,1200,1200,RGB,False,1.0,1.0,pass,c608925156bcfc3aa7e41d7eee9e56e87b3c2651c0bd7b5edd9a1edfb76c6462
WWN301.PB.131.RX,main.jpg,final-main,product-shots/WWN301.PB.131.RX/main.jpg,1200,1200,RGB,False,1.0,1.0,pass,3995da704589fc9b4ab542328a1b4c4a5d7fbefb6b16cdcb25e9a13012545d9d
WWN304.30.43.52.01.001,main.jpg,final-main,product-shots/WWN304.30.43.52.01.001/main.jpg,1200,1200,RGB,False,1.0,1.0,pass,b7eff0bb12eae3025a5b2f0440d4e3d029fd10f17a329529812ba5ce4f9d0ea4
WWN310.32.42.50.01.001,main.jpg,final-main,product-shots/WWN310.32.42.50.01.001/main.jpg,1200,1200,RGB,False,1.0,1.0,pass,116b76e8077da7c02abc48c1d267496ca67184f9dea8a64222ba7b0717633b36
WWN311.63.44.51.99.001,main.jpg,final-main,product-shots/WWN311.63.44.51.99.001/main.jpg,1200,1200,RGB,False,1.0,1.0,pass,045e8bff2e0b968e3317bc72daba95a32a160ea0c207af26f3e7078851596f3a
WWN311.92.44.51.01.005,main.jpg,final-main,product-shots/WWN311.92.44.51.01.005/main.jpg,1200,1200,RGB,False,1.0,1.0,pass,52e9e66e001a455fb6de351d0aa62b3220509a5d00c23f1be2d2e28d4b475f02
WWN324.30.38.50.02.001,main.jpg,final-main,product-shots/WWN324.30.38.50.02.001/main.jpg,1200,1200,RGB,False,1.0,1.0,pass,b98f353e565e463bc8a86df169e913e6edf1de647e5f39cdfb5850229bc74b2c
WWN332.10.41.51.01.002,main.jpg,final-main,product-shots/WWN332.10.41.51.01.002/main.jpg,1200,1200,RGB,False,1.0,1.0,pass,76319e318a60f0cf8843444b5b1a3ffaadfca89976ffb41555114b21fb37f33c
WWN361.SX.1270.RX.1104,main.jpg,final-main,product-shots/WWN361.SX.1270.RX.1104/main.jpg,1200,1200,RGB,False,1.0,1.0,pass,cde1967f6fbf4c64be4d1fdd835da80d4e29343e4755ccd0f7f80b3c6afe4d2d
WWN388531-3003-CD,main.jpg,final-main,product-shots/WWN388531-3003-CD/main.jpg,1200,1200,RGB,False,1.0,1.0,pass,af2d1ff252e4b2089207a5bab63bf7fea19c357a5f2c55ee299608a54be59787
WWN388563-3005,main.jpg,final-main,product-shots/WWN388563-3005/main.jpg,1200,1200,RGB,False,1.0,1.0,pass,84ba15d4aa6b825f6437b3d941ac16f921803d4864da392ac0185531f460535e
WWN388563-3006,main.jpg,final-main,product-shots/WWN388563-3006/main.jpg,1200,1200,RGB,False,1.0,1.0,pass,1db14a9fa16345b5b18d09c3b355cca676217f7f8db6956356e2530dc0254020
WWN424.10.40.20.02.002,main.jpg,final-main,product-shots/WWN424.10.40.20.02.002/main.jpg,1200,1200,RGB,False,1.0,1.0,pass,ed55fb2e97553e030bba66298c077220b0d9a0c9d62b2595ea5e8c4d4ad673e5
WWN428.17.26.60.04.009,main.jpg,final-main,product-shots/WWN428.17.26.60.04.009/main.jpg,1200,1200,RGB,False,1.0,1.0,pass,238d6ba6719bd0b55bcb241dc4f69f75dc9b11565a40305ef1d0c5231db1f561
WWN434.10.30.60.02.001,main.jpg,final-main,product-shots/WWN434.10.30.60.02.001/main.jpg,1200,1200,RGB,False,1.0,1.0,pass,26585db6f5c6254af84432dbca8568ec3a96fbc56f92c257571efe471637b9a3
WWN434.10.40.20.02.001,main.jpg,final-main,product-shots/WWN434.10.40.20.02.001/main.jpg,1200,1200,RGB,False,1.0,1.0,pass,b225e0545b1781f2aaebde1743a736956c3943b8812eb2f1ae75749199c4c786
WWN435.13.40.22.01.001,main.jpg,final-main,product-shots/WWN435.13.40.22.01.001/main.jpg,1200,1200,RGB,False,1.0,1.0,pass,9611afce64ae51f952692c13f1377790e82882962bd72a17361962c376c0e189
WWN525.CF.0130.RX.ORL19,main.jpg,final-main,product-shots/WWN525.CF.0130.RX.ORL19/main.jpg,1200,1200,RGB,False,1.0,1.0,pass,38bb9fb20187332e5c59ad4431593357b52707d56055e8b893ec95b6ded62a15
WWN5280-STS-45001,main.jpg,final-main,product-shots/WWN5280-STS-45001/main.jpg,1200,1200,RGB,False,1.0,1.0,pass,b45658d31161a2bb915c8c37c90dce5f66f3f8d96128baa969f7c2df317044c5
WWN585.NX.1170.NX,main.jpg,final-main,product-shots/WWN585.NX.1170.NX/main.jpg,1200,1200,RGB,False,1.0,1.0,pass,957cbb4ff97a4afbb5b4659e2565d8486bb7ebf224417d94d401fd8905fb2bbe
WWN8070,main.jpg,final-main,product-shots/WWN8070/main.jpg,1200,1200,RGB,False,1.0,1.0,pass,dbe811779bc7f19067bf0fe44fb29f2fde05415b2e48f6bd538f2d31da0a032e
WWN830.20.101.20,main.jpg,final-main,product-shots/WWN830.20.101.20/main.jpg,1200,1200,RGB,False,1.0,1.0,pass,791039ea10f737127f42ae644c541db8c5a363042b951485e440e257b16f0958
WWN8880 SC DT AC,main.jpg,final-main,product-shots/WWN8880 SC DT AC/main.jpg,1200,1200,RGB,False,1.0,1.0,pass,edf23f343414cd3e9ddf623e7bf611fea26b57e65ac0ad6ad4660b7e0e434d93
WWNA10320101A1A1,main.jpg,final-main,product-shots/WWNA10320101A1A1/main.jpg,1200,1200,RGB,False,1.0,1.0,pass,75d8bb67b907388616cfeec1837af90c76b1f4466ff737f24dc7f954dc907489
WWNA10380101C1A1,main.jpg,final-main,product-shots/WWNA10380101C1A1/main.jpg,1200,1200,RGB,False,1.0,1.0,pass,6f22bbd824891271ef6a58ae2c2227fee08c4cb34212ccc1f12a2d42cd25c6fd
WWNA10380591A1A1,main.jpg,final-main,product-shots/WWNA10380591A1A1/main.jpg,1200,1200,RGB,False,1.0,1.0,pass,3fe71acb7374bf8bed3d1fb2393979e0b2430f108d54fe85cb4ad347b216c555
WWNA10380591L1A1,main.jpg,final-main,product-shots/WWNA10380591L1A1/main.jpg,1200,1200,RGB,False,1.0,1.0,pass,e469bb909b77a8de833acf0464a0d819f7716ce792d4c09a2ce99129ae1b7373
WWNA173265A1K1P2,main.jpg,final-main,product-shots/WWNA173265A1K1P2/main.jpg,1200,1200,RGB,False,1.0,1.0,pass,15b60f0ad19e593a1a24d2029411732d764e86999a25af7a0d52a46cdfec203d
WWNA17329161C1P1,main.jpg,final-main,product-shots/WWNA17329161C1P1/main.jpg,1200,1200,RGB,False,1.0,1.0,pass,f7c3a20813ffe689a637c34e8c89e7cf4160685002b703da2b24470f25b49abe
WWNA17329371L1A1,main.jpg,final-main,product-shots/WWNA17329371L1A1/main.jpg,1200,1200,RGB,False,1.0,1.0,pass,78880e3c90ef22bc41d1df1b2b5a7401789b1f89f2bd93beb2b756d581776748
WWNA17356531C1A1,main.jpg,final-main,product-shots/WWNA17356531C1A1/main.jpg,1200,1200,RGB,False,1.0,1.0,pass,9eb4fd90f8cd9ee89d521648c7c31e5e62000ad2a87d4d33712a146be07db72f
WWNA17375211B1S1,main.jpg,final-main,product-shots/WWNA17375211B1S1/main.jpg,1200,1200,RGB,False,1.0,1.0,pass,29299495a20453af1987e2f72a9f364f3616bd2ef8174ebf075f9eb8369b291b
WWNA17375E71G1A1,main.jpg,final-main,product-shots/WWNA17375E71G1A1/main.jpg,1200,1200,RGB,False,1.0,1.0,pass,66e7615078c1996e7527304ffae7e8d6ccf048627523ae90caa93ea0e5da82d3
WWNA17376211B1A1,main.jpg,final-main,product-shots/WWNA17376211B1A1/main.jpg,1200,1200,RGB,False,1.0,1.0,pass,0737160b3150d3223a76a3da27483c5c375167d8fbf5e4614d6a11d1c4668394
WWNA17376211L2S1,main.jpg,final-main,product-shots/WWNA17376211L2S1/main.jpg,1200,1200,RGB,False,1.0,1.0,pass,82c49b15931a246f3e1eace8b9a610e9e0436f0090220129fb562bd2b77b87f1
WWNA17376A31L1A1,main.jpg,final-main,product-shots/WWNA17376A31L1A1/main.jpg,1200,1200,RGB,False,1.0,1.0,pass,512ac64ed2d400443ea198ac2006e2c939b562e289a817fc96b4faa4c1af97e8
WWNA17377211C1A1,main.jpg,final-main,product-shots/WWNA17377211C1A1/main.jpg,1200,1200,RGB,False,1.0,1.0,pass,3c0d6d60f2d17fb59cdd7b1ace0c9b7d08286514d0acaa53356b497504c5b9b3
WWNA17378E71C1S1,main.jpg,final-main,product-shots/WWNA17378E71C1S1/main.jpg,1200,1200,RGB,False,1.0,1.0,pass,5343c0db367422972dd7c321e920121f1c542ae2a2f98fef5a09c815cec7e7eb
WWNA233803A1B1A1,main.jpg,final-main,product-shots/WWNA233803A1B1A1/main.jpg,1200,1200,RGB,False,1.0,1.0,pass,1c2a7d25d342163c9580f551e5266383df5f8efcf4e7468084c5ebf581e11e8b
WWNA32310171C1P1,main.jpg,final-main,product-shots/WWNA32310171C1P1/main.jpg,1200,1200,RGB,False,1.0,1.0,pass,8789c92bc1d6197a91498a6efd52406e21ee75a626f378653fd1ebc92f243c6d
WWNA77310591A1A1,main.jpg,final-main,product-shots/WWNA77310591A1A1/main.jpg,1200,1200,RGB,False,1.0,1.0,pass,f76901a592137944951ede8b3c00e4552b1bd00d3983dff59155879f28ce1d48
WWNA77320171C1P1,main.jpg,final-main,product-shots/WWNA77320171C1P1/main.jpg,1200,1200,RGB,False,1.0,1.0,pass,2ccb9d39852eee2a482e2dcfa38b059d3a056513098b55de76f5be9a70ed8ee2
WWNA77320D91K1P1,main.jpg,final-main,product-shots/WWNA77320D91K1P1/main.jpg,1200,1200,RGB,False,1.0,1.0,pass,0901fb63de5f880454a8a3f587f4ac049129d8e2733a2b3aecb15ebe5c38817d
WWNA77330121A2A1,main.jpg,final-main,product-shots/WWNA77330121A2A1/main.jpg,1200,1200,RGB,False,1.0,1.0,pass,f0ac04d7765f90ed6313fc641b68f1ce20cf9719fd5874a64ac636d478f0cf21
WWNA77330671C1A1,main.jpg,final-main,product-shots/WWNA77330671C1A1/main.jpg,1200,1200,RGB,False,1.0,1.0,pass,3d49d938e19dfd7cdbd75416a27b7bb306fc92edf0eb1ac7f277446de994903e
WWNAB0134101L2A1,main.jpg,final-main,product-shots/WWNAB0134101L2A1/main.jpg,1200,1200,RGB,False,1.0,1.0,pass,15c533687825b116b62f9ddd18413f97075a9acf8d21d70fb74214a306ef0426
WWNAB0136251B1A2 UTC,main.jpg,final-main,product-shots/WWNAB0136251B1A2 UTC/main.jpg,1200,1200,RGB,False,1.0,1.0,pass,a8de9252934ad2df88a11d07a2e5ff87e872bfc96efdcfc582299fb0bea4eece
WWNAB0145371L1A1,main.jpg,final-main,product-shots/WWNAB0145371L1A1/main.jpg,1200,1200,RGB,False,1.0,1.0,pass,52aa69d6dcfdbbd74a4febed8a67c150d67ce845f6862767f23f58e65cfd7910
WWNAB01766A1A1A1,main.jpg,final-main,product-shots/WWNAB01766A1A1A1/main.jpg,1200,1200,RGB,False,1.0,1.0,pass,e82f166103e8d63e28dcf1e45f9dee59b32211e6488ce530407a606d04e74f39
WWNAB3111241B1S1,main.jpg,final-main,product-shots/WWNAB3111241B1S1/main.jpg,1200,1200,RGB,False,1.0,1.0,pass,1a3f2bb50dd65004697dfc4be6cb934eb30cde7151efe3a16e3f2a8950ac0d41
WWNAB3113A71C1A1,main.jpg,final-main,product-shots/WWNAB3113A71C1A1/main.jpg,1200,1200,RGB,False,1.0,1.0,pass,2d4f2f378cae43f3d5426ff0b878a5d2996d4bb57224c1d653591ab03cb04f52
WWNAB3114101L1A1,main.jpg,final-main,product-shots/WWNAB3114101L1A1/main.jpg,1200,1200,RGB,False,1.0,1.0,pass,90bc7065ea606e02da1a802b20a98c2c8caa425ce7d899d241e7ba1831a07e2a
WWNBR0394-RS20-SRB,main.jpg,final-main,product-shots/WWNBR0394-RS20-SRB/main.jpg,1200,1200,RGB,False,1.0,1.0,pass,bf0c0c173b41105275944212f5a6f67260c57d9f7da4a28b93e1eb139622ec34
WWNCAZ1010.BA0842,main.jpg,final-main,product-shots/WWNCAZ1010.BA0842/main.jpg,1200,1200,RGB,False,1.0,1.0,pass,df6fd4901bef69545dc23c00d8d4cff41c691224262b2c56eac546b312f319e0
WWNCAZ101AT.BA0842,main.jpg,final-main,product-shots/WWNCAZ101AT.BA0842/main.jpg,1200,1200,RGB,False,1.0,1.0,pass,1ad0bed58723e71ff29b9cb44e579325f7b22a2a06777bf9a5cb60ce5e912e15
WWNCAZ101AW.BA0842,main.jpg,final-main,product-shots/WWNCAZ101AW.BA0842/main.jpg,1200,1200,RGB,False,1.0,1.0,pass,9d1fb6747eb1a47f15280655dbd42f9563bc6f2b5c4f55664018eb422914458d
WWNCAZ2012.BA0970,main.jpg,final-main,product-shots/WWNCAZ2012.BA0970/main.jpg,1200,1200,RGB,False,1.0,1.0,pass,30d331d712bea255bbb2444b8b0343b09140a95fad49c577889742dfc7a4d49a
WWNCBL2111.FC6453,main.jpg,final-main,product-shots/WWNCBL2111.FC6453/main.jpg,1200,1200,RGB,False,1.0,1.0,pass,021a87d5d54c2e0c4b8b6bafccc4d0893b0abebfe6b675bf913ec08d510babcd
WWNCBN2A1AA.FT6228,main.jpg,final-main,product-shots/WWNCBN2A1AA.FT6228/main.jpg,1200,1200,RGB,False,1.0,1.0,pass,9203b1ae5d80e2f7e32e6c5ed825696f2e24860692924d60b6a0f15da0276c42
WWNCBN2A1F.BA0643,main.jpg,final-main,product-shots/WWNCBN2A1F.BA0643/main.jpg,1200,1200,RGB,False,1.0,1.0,pass,06ace1fd29d59f96296631c6bc47a6a185e22cfa21292ed76ba31ae0c58bf0e1
WWNCBS2011.FC6529,main.jpg,final-main,product-shots/WWNCBS2011.FC6529/main.jpg,1200,1200,RGB,False,1.0,1.0,pass,23a77094e6ba94a134fb51b6bc4368efe9571b4ec3c1aef05d522f2483cb6ada
WWNCBS2016.EB0430,main.jpg,final-main,product-shots/WWNCBS2016.EB0430/main.jpg,1200,1200,RGB,False,1.0,1.0,pass,39b77404045818dba4ec571174778abb10e739db47225af81e31f58ec53b4ef1
WWNCBS2212.BA0048,main.jpg,final-main,product-shots/WWNCBS2212.BA0048/main.jpg,1200,1200,RGB,False,1.0,1.0,pass,8029e4c335ff47962195bb3d7a69fd5cad34244e8bffb250c9f1373cfd108b61
WWNCBS2216.BA0048,main.jpg,final-main,product-shots/WWNCBS2216.BA0048/main.jpg,1200,1200,RGB,False,1.0,1.0,pass,d0b1cc62f2e3ba5f4762fffa5eb8c56219154a58f14cea77b152bdf489121014
WWNCDW2150.FC8360,main.jpg,final-main,product-shots/WWNCDW2150.FC8360/main.jpg,1200,1200,RGB,False,1.0,1.0,pass,8bed21e2dc8df3d610c88ac071f0f64a8d8bc9c62b4584e4aa0dae28f98f778c
WWNCDW2181.FC8360,main.jpg,final-main,product-shots/WWNCDW2181.FC8360/main.jpg,1200,1200,RGB,False,1.0,1.0,pass,fc173756f9b69e61963c628b88ba8f61ea0cef2b2677770405aa44328855c3db
WWNCV201AP.FC6429,main.jpg,final-main,product-shots/WWNCV201AP.FC6429/main.jpg,1200,1200,RGB,False,1.0,1.0,pass,64c71c4d015b1c496547ceb44b5f4ae2c62b86c4d374d07fa94245e8071a9a9e
WWNCV201AR.BA0715,main.jpg,final-main,product-shots/WWNCV201AR.BA0715/main.jpg,1200,1200,RGB,False,1.0,1.0,pass,adc096eb9bd274d01c341601b1c1c53d031f00ac13db86eace60469c462df257
WWNE10379351B1E1,main.jpg,final-main,product-shots/WWNE10379351B1E1/main.jpg,1200,1200,RGB,False,1.0,1.0,pass,fb70a7f320d96462a42f8a4e3a5903d97c2197f80f8d00cd8acd9f4690abc98f
WWNG0A43010,main.jpg,final-main,product-shots/WWNG0A43010/main.jpg,1200,1200,RGB,False,1.0,1.0,pass,6f3126431f5f82958157dc0a93760b5a64804c7442e6df9ae6cdb1a3e5609b50
WWNG0A43081-CD,main.jpg,final-main,product-shots/WWNG0A43081-CD/main.jpg,1200,1200,RGB,False,1.0,1.0,pass,36bfd9354711c79fa7e3c2a72c3b29e037ff04450f14e69d24464bcd4f8a2cae
WWNG0A46020,main.jpg,final-main,product-shots/WWNG0A46020/main.jpg,1200,1200,RGB,False,1.0,1.0,pass,2bbb4ada2a41676640472a25d9cac920c4f9d6ca6ca628dc25ed62bd3e569616
WWNG0A46023,main.jpg,final-main,product-shots/WWNG0A46023/main.jpg,1200,1200,RGB,False,1.0,1.0,pass,1e0132f36264b1216bea683f22011575bb0c9ebc1993836c51ea61f15fb1137c
WWNG0A47027,main.jpg,final-main,product-shots/WWNG0A47027/main.jpg,1200,1200,RGB,False,1.0,1.0,pass,b1a5211cdba9c2377e1ac796737773c3c2ee662ac6654ccab369ba3969d24f97
WWNG0A47090,main.jpg,final-main,product-shots/WWNG0A47090/main.jpg,1200,1200,RGB,False,1.0,1.0,pass,43c2a6fd19c9f2e456a56ee0d0b6feb8fb5e9853d30b35c68f6fc08e641f4f37
WWNG0A48022,main.jpg,final-main,product-shots/WWNG0A48022/main.jpg,1200,1200,RGB,False,1.0,1.0,pass,a5338e025d94529e83d164e72f29c5ffd299049a052ca0c2d97a5e302e1c12f3
WWNG0A48080,main.jpg,final-main,product-shots/WWNG0A48080/main.jpg,1200,1200,RGB,False,1.0,1.0,pass,f753bf4364432400cbdd1cb6a577dbd9b1e653ea99364dec290a12db816c5ddf
WWNG0A48390,main.jpg,final-main,product-shots/WWNG0A48390/main.jpg,1200,1200,RGB,False,1.0,1.0,pass,94f54a6a6262a3259e4c331a74b6f8d65a61d82fd93ae5259aab1eb351b079ca
WWNG0A48390-CD2,main.jpg,final-main,product-shots/WWNG0A48390-CD2/main.jpg,1200,1200,RGB,False,1.0,1.0,pass,25d646b2c2171cde01602b689a632715f468f5193a8f054ac56ab78ba2fc1cd8
WWNG0A49022,main.jpg,final-main,product-shots/WWNG0A49022/main.jpg,1200,1200,RGB,False,1.0,1.0,pass,645a0b49561454cf426bd6a40c38b1f80f70e61e5d44b75d8263c60b31c237cf
WWNG0A50300,main.jpg,final-main,product-shots/WWNG0A50300/main.jpg,1200,1200,RGB,False,1.0,1.0,pass,5ad03908b666707ed0522ff858d29b7bafabb97e552e48921818adcd4305915b
WWNG0A50301,main.jpg,final-main,product-shots/WWNG0A50301/main.jpg,1200,1200,RGB,False,1.0,1.0,pass,20239a7cee59bc15d70623c91623eb26652ab864e83af5b77fe0701cc74629d6
WWNH24614330,main.jpg,final-main,product-shots/WWNH24614330/main.jpg,1200,1200,RGB,False,1.0,1.0,pass,058bfade99cb2e5a30bdb8eca5dd2bb37e922d892340e505361f67ebf7ce8dc5
WWNH24655331,main.jpg,final-main,product-shots/WWNH24655331/main.jpg,1200,1200,RGB,False,1.0,1.0,pass,f5ce40a010eba9ff200d09037fc124aab25cd39ee17534516268807a7cdf1706
WWNH32506730,main.jpg,final-main,product-shots/WWNH32506730/main.jpg,1200,1200,RGB,False,1.0,1.0,pass,e6c3bed98d753016db985d72588b54ffa6c9994d2e32875431cd490f0983d121
WWNH6402,main.jpg,final-main,product-shots/WWNH6402/main.jpg,1200,1200,RGB,False,1.0,1.0,pass,a221cfb3e301a5825f07f3a778fbba66e616583bc5ab07a5c9a9013abceb55e1
WWNH76719530,main.jpg,final-main,product-shots/WWNH76719530/main.jpg,1200,1200,RGB,False,1.0,1.0,pass,296c98893c36a5736e8beac18c1d4fa259311287c0ceb4145d486c5ce1ee659d
WWNH82555150,main.jpg,final-main,product-shots/WWNH82555150/main.jpg,1200,1200,RGB,False,1.0,1.0,pass,d45a929d526512f260ff0633ff74232fb3aadd1ef26e82ab6ab00d10bfe2f242
WWNH82565930,main.jpg,final-main,product-shots/WWNH82565930/main.jpg,1200,1200,RGB,False,1.0,1.0,pass,d09acf8c70a39fac933a7dd66cd1d71db7334f249146b71fb303a49863185a50
WWNIW329303,main.jpg,final-main,product-shots/WWNIW329303/main.jpg,1200,1200,RGB,False,1.0,1.0,pass,39a6187a870d6cf37d62a4e5709de3d58dc8aa1dfa45e686bc8df901dde681a0
WWNIW458101-CD,main.jpg,final-main,product-shots/WWNIW458101-CD/main.jpg,1200,1200,RGB,False,1.0,1.0,pass,839fe341dc12aec79a02d1f939a2daadc43ce1a82af2d1ef2483ee2c6007b903
WWNL1.649.4.72.6,main.jpg,final-main,product-shots/WWNL1.649.4.72.6/main.jpg,1200,1200,RGB,False,1.0,1.0,pass,fc4dda5f7782b6be32cfe56b1cc5d47c03c53357a82d791cce50e5dc899a536f
WWNL2.142.4.60.6,main.jpg,final-main,product-shots/WWNL2.142.4.60.6/main.jpg,1200,1200,RGB,False,1.0,1.0,pass,0566027257892d06c5cc3c56363b2789af3ab85a3eb034d86f3e20d1a94bf46f
WWNL2.142.4.76.2,main.jpg,final-main,product-shots/WWNL2.142.4.76.2/main.jpg,1200,1200,RGB,False,1.0,1.0,pass,38444829db74d54613965a7ebb52274902fee69abf4e8256db157f854d8b28a4
WWNL2.142.4.96.2,main.jpg,final-main,product-shots/WWNL2.142.4.96.2/main.jpg,1200,1200,RGB,False,1.0,1.0,pass,e90ea39836de1198abebb10d5f6913695e24707da26723cea154c6aa08785e93
WWNL2.330.4.93.0,main.jpg,final-main,product-shots/WWNL2.330.4.93.0/main.jpg,1200,1200,RGB,False,1.0,1.0,pass,5efb81fced05d973d515163de6ce14251e7cba732796e03b4681980b3a97722c
WWNL2.387.0.87.6,main.jpg,final-main,product-shots/WWNL2.387.0.87.6/main.jpg,1200,1200,RGB,False,1.0,1.0,pass,ed5b7df13c839a4f86f3536d9744a8d169cb8ee1bab0e7dbeff027799fa50fb8
WWNL2.708.4.78.3,main.jpg,final-main,product-shots/WWNL2.708.4.78.3/main.jpg,1200,1200,RGB,False,1.0,1.0,pass,bca595de5d8b852e47d7f997ff26e899205657aa9ea5e9f3d724d7e6234ae6fc
WWNL2.816.4.53.2,main.jpg,final-main,product-shots/WWNL2.816.4.53.2/main.jpg,1200,1200,RGB,False,1.0,1.0,pass,d442302a800bfb730b32da59acea3cb6ce36d3d06b2305c7a85c688f63226e78
WWNL2.819.4.93.2,main.jpg,final-main,product-shots/WWNL2.819.4.93.2/main.jpg,1200,1200,RGB,False,1.0,1.0,pass,21f500d5ada1c8f7fb6eb4ff28084db40edcf4f483add7f7dfdfca76403e0372
WWNL2.820.4.96.6,main.jpg,final-main,product-shots/WWNL2.820.4.96.6/main.jpg,1200,1200,RGB,False,1.0,1.0,pass,0546d842ec02abc78237ae39da761a18313f53d201f566ce963d8c8fe10e9ef7
WWNL2.821.4.11.6,main.jpg,final-main,product-shots/WWNL2.821.4.11.6/main.jpg,1200,1200,RGB,False,1.0,1.0,pass,be465c2b57d98ccd7f95e30f78e173d7a0362f726ec5dea4c731bb8b59d309e3
WWNL2.821.4.96.4,main.jpg,final-main,product-shots/WWNL2.821.4.96.4/main.jpg,1200,1200,RGB,False,1.0,1.0,pass,31bae1c62853a752af2710a24339da9cbb3eafad179ee63c1541657ebe9784f5
WWNL2.821.4.96.6,main.jpg,final-main,product-shots/WWNL2.821.4.96.6/main.jpg,1200,1200,RGB,False,1.0,1.0,pass,bb499d7380b9e03569ba7e5292b81a2945974b04d747a66c326c3c62a4aacc03
WWNL2.822.4.56.2,main.jpg,final-main,product-shots/WWNL2.822.4.56.2/main.jpg,1200,1200,RGB,False,1.0,1.0,pass,c74031d37c43e3038a6bc8677815dad33af579fbe8713e7177f89138a408b892
WWNL2.827.4.73.0,main.jpg,final-main,product-shots/WWNL2.827.4.73.0/main.jpg,1200,1200,RGB,False,1.0,1.0,pass,0de1b52d6a8bcc0c1183e0643fa1e2a658c7b8f3cb1228e944b5e6449a27c1a3
WWNL2.828.4.53.2,main.jpg,final-main,product-shots/WWNL2.828.4.53.2/main.jpg,1200,1200,RGB,False,1.0,1.0,pass,c92822b5c5f5534fea4d8fb517b5e71cc3b90abff7a89aacc166333c1220e671
WWNL2.828.4.73.0,main.jpg,final-main,product-shots/WWNL2.828.4.73.0/main.jpg,1200,1200,RGB,False,1.0,1.0,pass,cd7651ed4f6a496ff392fc38b0923763a464ae1242b8a881e2f8d40e1acf17de
WWNL2.830.4.93.0,main.jpg,final-main,product-shots/WWNL2.830.4.93.0/main.jpg,1200,1200,RGB,False,1.0,1.0,pass,a52464925d0241fd624e9f9b881439a35a46c7ed6aa95c84d65add6e323b8e88
WWNL3.370.3.87.6,main.jpg,final-main,product-shots/WWNL3.370.3.87.6/main.jpg,1200,1200,RGB,False,1.0,1.0,pass,9cfcd125f1e4816b11e53e07a35c68bed3cc726d88c726531745b692694c247b
WWNL3.370.4.87.6,main.jpg,final-main,product-shots/WWNL3.370.4.87.6/main.jpg,1200,1200,RGB,False,1.0,1.0,pass,226618892350f4bbf3b2f703a661808647c273ac6b773d5830a2750f70287380
WWNL3.374.4.30.2,main.jpg,final-main,product-shots/WWNL3.374.4.30.2/main.jpg,1200,1200,RGB,False,1.0,1.0,pass,97220d21180a517792ff78d28743d33f21a0793fbb9cdff53b650e538abc90a0
WWNL3.374.4.40.2,main.jpg,final-main,product-shots/WWNL3.374.4.40.2/main.jpg,1200,1200,RGB,False,1.0,1.0,pass,01172ead94d959a955ff1cce5b8ed39c98ee74e9963a8be43eb3927b76fda14f
WWNL3.374.4.90.2,main.jpg,final-main,product-shots/WWNL3.374.4.90.2/main.jpg,1200,1200,RGB,False,1.0,1.0,pass,706da17eee54f67c87d483fea2931b768815aebb963832f2b6baf08e34c209e4
WWNL3.410.4.63.2,main.jpg,final-main,product-shots/WWNL3.410.4.63.2/main.jpg,1200,1200,RGB,False,1.0,1.0,pass,81a5b96ace1bffc5a4eb2648a6aa4509b7655ba85f0504b6ae4ac352c8b31e97
WWNL3.410.4.93.0,main.jpg,final-main,product-shots/WWNL3.410.4.93.0/main.jpg,1200,1200,RGB,False,1.0,1.0,pass,7225d5ae9515a0fddfc117ce7da603e1a31be00e4eb6e142d4a890a5d3c6bbaf
WWNL3.430.4.02.6,main.jpg,final-main,product-shots/WWNL3.430.4.02.6/main.jpg,1200,1200,RGB,False,1.0,1.0,pass,2d3127c7cda54946789bd8d107bc5bd6bb222de7e7e15edae72609a37ad6b8f8
WWNL3.430.4.99.6,main.jpg,final-main,product-shots/WWNL3.430.4.99.6/main.jpg,1200,1200,RGB,False,1.0,1.0,pass,e2b23918d58f08335dc1dee3a63d75a95541baef85aa4be17cb9043aa6b372dd
WWNL3.720.4.72.6,main.jpg,final-main,product-shots/WWNL3.720.4.72.6/main.jpg,1200,1200,RGB,False,1.0,1.0,pass,1c0b041837d152bef15d8741c3a754ab2e8f4c04a9fe81e088189f4357c4189d
WWNL3.764.4.16.6,main.jpg,final-main,product-shots/WWNL3.764.4.16.6/main.jpg,1200,1200,RGB,False,1.0,1.0,pass,11cbc00e94ab7178dce0a2ff045128c271d0091aff433013497bce51e6844583
WWNL3.774.1.50.2,main.jpg,final-main,product-shots/WWNL3.774.1.50.2/main.jpg,1200,1200,RGB,False,1.0,1.0,pass,08991bf07e4d872aad140723bf6766cccda6f9dc37a0865821455b32ad594a2a
WWNL3.774.4.60.2,main.jpg,final-main,product-shots/WWNL3.774.4.60.2/main.jpg,1200,1200,RGB,False,1.0,1.0,pass,6797c39880efe3bff391e646dc00c3db04beeac497d6d9fbcd7cc3307fa75724
WWNL3.774.4.70.2,main.jpg,final-main,product-shots/WWNL3.774.4.70.2/main.jpg,1200,1200,RGB,False,1.0,1.0,pass,81d15e85388baa65cd4dddcabf775259e59c2fafe46dcca7febce2a82b18ba21
WWNL3.781.4.96.6,main.jpg,final-main,product-shots/WWNL3.781.4.96.6/main.jpg,1200,1200,RGB,False,1.0,1.0,pass,2dbee4a800724d02c230740bf188781cc055e18db819fa3f75b8a71362742026
WWNL3.782.3.06.7,main.jpg,final-main,product-shots/WWNL3.782.3.06.7/main.jpg,1200,1200,RGB,False,1.0,1.0,pass,19083a7efcbd5d0df78a41a5bfb66334d45a11a5df36f1ef43bd9708e1fa4517
WWNL3.790.4.96.9,main.jpg,final-main,product-shots/WWNL3.790.4.96.9/main.jpg,1200,1200,RGB,False,1.0,1.0,pass,4f3ac9bd815b9e10e83078a10bf19cf4ffaaab157e218b222ba72b2c74cdb30b
WWNL3.802.4.60.6,main.jpg,final-main,product-shots/WWNL3.802.4.60.6/main.jpg,1200,1200,RGB,False,1.0,1.0,pass,ea4488a443efe26a1df35f2628eafe730dd9abbc06004ff7df65776acc2f6a3e
WWNL3.802.4.63.6,main.jpg,final-main,product-shots/WWNL3.802.4.63.6/main.jpg,1200,1200,RGB,False,1.0,1.0,pass,f08d80ce8b309e75ce0253f70d38c57a059fbae82dcd41da1ff3a01b5570a599
WWNL3.802.4.93.2,main.jpg,final-main,product-shots/WWNL3.802.4.93.2/main.jpg,1200,1200,RGB,False,1.0,1.0,pass,1cd7ed196fa3bcb5b542aea2a268b64b6c3809064e2f426bc722f267d740c5a3
WWNL3.810.4.03.2,main.jpg,final-main,product-shots/WWNL3.810.4.03.2/main.jpg,1200,1200,RGB,False,1.0,1.0,pass,d5dbb0db90ab200ab6b5ba8f8debf5a5a95f263a71159d1be648323b31bc3644
WWNL3.811.4.53.0,main.jpg,final-main,product-shots/WWNL3.811.4.53.0/main.jpg,1200,1200,RGB,False,1.0,1.0,pass,865eaca343c4b92ee17d98b8c9ce445c91dbf35b0ce962d2947885d4b177ea6c
WWNL3.811.4.53.9,main.jpg,final-main,product-shots/WWNL3.811.4.53.9/main.jpg,1200,1200,RGB,False,1.0,1.0,pass,691b0fbd605d1568ae6b0eaac76d2b14109d08d3c33984fe39a11eef578b3c70
WWNL3.811.4.73.2,main.jpg,final-main,product-shots/WWNL3.811.4.73.2/main.jpg,1200,1200,RGB,False,1.0,1.0,pass,b71f82600bf0819f1b45c6725dacc9239776e971e3beb4847e101c020586b5cd
WWNL3.811.4.73.6,main.jpg,final-main,product-shots/WWNL3.811.4.73.6/main.jpg,1200,1200,RGB,False,1.0,1.0,pass,bef7254288c002b48ea6ee37e97a8e8159c3d8b417bee0e2e2470f412458b40c
WWNL3.811.4.93.0,main.jpg,final-main,product-shots/WWNL3.811.4.93.0/main.jpg,1200,1200,RGB,False,1.0,1.0,pass,33d69fdd687b7810d8cc9fb6f654425d4d80ffbf3f645c884a44c95acba23154
WWNL3.812.4.63.2,main.jpg,final-main,product-shots/WWNL3.812.4.63.2/main.jpg,1200,1200,RGB,False,1.0,1.0,pass,c8366b09a9499e182a7338ee904ee77d40070d8e30199d48212b83affa6ba29e
WWNL3.812.4.63.6,main.jpg,final-main,product-shots/WWNL3.812.4.63.6/main.jpg,1200,1200,RGB,False,1.0,1.0,pass,5bdf00bb48e9fe07aa184f8c7d529e2ff8f153fa08fe243ec8281477e8501725
WWNL3.820.4.73.2,main.jpg,final-main,product-shots/WWNL3.820.4.73.2/main.jpg,1200,1200,RGB,False,1.0,1.0,pass,a65dcf7edbaae3f0ff04b5627167df2a3f6133b1d846782aeb5963cdfd49b6ce
WWNL3.820.4.73.6,main.jpg,final-main,product-shots/WWNL3.820.4.73.6/main.jpg,1200,1200,RGB,False,1.0,1.0,pass,7706be2c99fe40be284d8f90da435b47977e46308b50db90ca57124edcbe5662
WWNL3.821.4.53.9,main.jpg,final-main,product-shots/WWNL3.821.4.53.9/main.jpg,1200,1200,RGB,False,1.0,1.0,pass,c42715ef2301727491d5d812bc0a709483d9c161c6a25b3c06e6ca00ffadf03a
WWNL3.821.4.93.6,main.jpg,final-main,product-shots/WWNL3.821.4.93.6/main.jpg,1200,1200,RGB,False,1.0,1.0,pass,1d58e32d9b72c9dad703b5c510ea6df2767331d065734ae2c8dc77d6f5050c3c
WWNL3.830.4.62.6,main.jpg,final-main,product-shots/WWNL3.830.4.62.6/main.jpg,1200,1200,RGB,False,1.0,1.0,pass,dfb453298c9b03be5f99ceb5fe70c920d3c45490e81a7dc17edec1edf1124e59
WWNL3.835.4.72.6,main.jpg,final-main,product-shots/WWNL3.835.4.72.6/main.jpg,1200,1200,RGB,False,1.0,1.0,pass,85ada897682dc9a3a99420c557ce569f86dd08dcbe263393c76b4a908c3d3722
WWNL3.841.4.56.6,main.jpg,final-main,product-shots/WWNL3.841.4.56.6/main.jpg,1200,1200,RGB,False,1.0,1.0,pass,aa074008f0ae8a6b49a31c08dc215f53003c59734672eae6235c14c28a22b945
WWNL4.274.0.87.6,main.jpg,final-main,product-shots/WWNL4.274.0.87.6/main.jpg,1200,1200,RGB,False,1.0,1.0,pass,d78a51c9ab714a911a9a2055b6e98d49b0e7399347e06b3302364d1cf450e3fc
WWNL4.330.4.11.2,main.jpg,final-main,product-shots/WWNL4.330.4.11.2/main.jpg,1200,1200,RGB,False,1.0,1.0,pass,42927d59c3679a878f5134ccc47c32981dcd352118a017f7e2fbcaaa701ce679
WWNL4.512.2.37.8,main.jpg,final-main,product-shots/WWNL4.512.2.37.8/main.jpg,1200,1200,RGB,False,1.0,1.0,pass,57452a4dc1cf47695039c6db06c4cb9b286c6605d4d36f70690546ee5a330aad
WWNL4.512.4.81.2,main.jpg,final-main,product-shots/WWNL4.512.4.81.2/main.jpg,1200,1200,RGB,False,1.0,1.0,pass,e3163fa5ce1bc6c0ff086ccb56e5a3b9712df7dc637baca6727f5c6cd327fd7c
WWNL4.523.0.90.2,main.jpg,final-main,product-shots/WWNL4.523.0.90.2/main.jpg,1200,1200,RGB,False,1.0,1.0,pass,9f8f2293a7c5a7303301491353deb7b78e01578107839e6c86fdd17420616dc9
WWNL4.523.0.97.6,main.jpg,final-main,product-shots/WWNL4.523.0.97.6/main.jpg,1200,1200,RGB,False,1.0,1.0,pass,8b53820253e1312c36536fc4ec87aeadbcba164051930201e1929cc353b814a1
WWNL4.709.4.88.6,main.jpg,final-main,product-shots/WWNL4.709.4.88.6/main.jpg,1200,1200,RGB,False,1.0,1.0,pass,4f33e798128046eb64e70df3dab7b461e34024d8baef90b018930b597f1bff32
WWNL4.709.4.88.6-CD,main.jpg,final-main,product-shots/WWNL4.709.4.88.6-CD/main.jpg,1200,1200,RGB,False,1.0,1.0,pass,00630791e7cef34475405d6c86c42c6de205a477fe0b62ce0b61951f891b84f2
WWNL4.812.4.11.2,main.jpg,final-main,product-shots/WWNL4.812.4.11.2/main.jpg,1200,1200,RGB,False,1.0,1.0,pass,76b47b4911e612c0ff4d15ab81720a855caead16736c990920c135f4cd1dba0a
WWNL4.825.4.52.0,main.jpg,final-main,product-shots/WWNL4.825.4.52.0/main.jpg,1200,1200,RGB,False,1.0,1.0,pass,3f2eefb71a0de10c4e2cc2cd51db7414af1f1613a630995efa30ee830af06a3b
WWNL4.826.4.52.0,main.jpg,final-main,product-shots/WWNL4.826.4.52.0/main.jpg,1200,1200,RGB,False,1.0,1.0,pass,25b4e5f9680e5b9cfad0dcacd55db4d419dadffc3d1e72e1a6bed62cdcc21d44
WWNL4.827.4.92.2,main.jpg,final-main,product-shots/WWNL4.827.4.92.2/main.jpg,1200,1200,RGB,False,1.0,1.0,pass,6450df9218bfd55a316e8f88b57c6d1ec08d26f66788a0a0eed67af6470020d1
WWNL4.899.3.21.7,main.jpg,final-main,product-shots/WWNL4.899.3.21.7/main.jpg,1200,1200,RGB,False,1.0,1.0,pass,8abd20fb1a0e5a1e5d7b476cc117daf842204575a42d9815b7dd866316fd088f
WWNL4.911.4.77.6,main.jpg,final-main,product-shots/WWNL4.911.4.77.6/main.jpg,1200,1200,RGB,False,1.0,1.0,pass,f70f5a817d69e3a8333fef9b388183f7630b0ea30d253d8261d8d7fe9cff5654
WWNL4.918.4.11.2,main.jpg,final-main,product-shots/WWNL4.918.4.11.2/main.jpg,1200,1200,RGB,False,1.0,1.0,pass,8b5f552f6edc9583f3398e7712b8c317fcddb552bca6405dc06eb34901a7a39b
WWNL4.974.3.37.7,main.jpg,final-main,product-shots/WWNL4.974.3.37.7/main.jpg,1200,1200,RGB,False,1.0,1.0,pass,4d63e3386910f4de8d82cf526ade3af84868c12905773983306983a73fd056ae
WWNL5.200.4.71.2,main.jpg,final-main,product-shots/WWNL5.200.4.71.2/main.jpg,1200,1200,RGB,False,1.0,1.0,pass,0a2baae014dae8f51ebbb03a1e3db01835ef08119855c640af58bffd79b37040
WWNL5.255.4.71.5,main.jpg,final-main,product-shots/WWNL5.255.4.71.5/main.jpg,1200,1200,RGB,False,1.0,1.0,pass,34df7466e97c35ea2c0903d1a7664882c888dafbc39f2be8f12a727186f2de2d
WWNL5.255.4.75.2,main.jpg,final-main,product-shots/WWNL5.255.4.75.2/main.jpg,1200,1200,RGB,False,1.0,1.0,pass,92e7a1edb182ff3fc5262f1d0f14c534b75dabf599c816eb1491a32d7f738f0b
WWNL5.255.5.89.7,main.jpg,final-main,product-shots/WWNL5.255.5.89.7/main.jpg,1200,1200,RGB,False,1.0,1.0,pass,db9ae7998524d2d132d3a3b279e066d25cb5d2ded9535fe92e8d412f05339521
WWNL5.258.4.87.6,main.jpg,final-main,product-shots/WWNL5.258.4.87.6/main.jpg,1200,1200,RGB,False,1.0,1.0,pass,58a341b4c665fff84ca241be02bf821111b97392f953174809c9e5d98ca1e11e
WWNL5.755.4.87.6,main.jpg,final-main,product-shots/WWNL5.755.4.87.6/main.jpg,1200,1200,RGB,False,1.0,1.0,pass,e209dadaf4e3d079d62bdadfff234d5c352edeac1813087edc76ae017c7a9f22
WWNL5.755.4.87.6-CD,main.jpg,final-main,product-shots/WWNL5.755.4.87.6-CD/main.jpg,1200,1200,RGB,False,1.0,1.0,pass,d464f7ae19e94c1307546e9270d0ed0a2431e0a7e1f87219a1ea143540aa5a16
WWNL5.767.4.73.0,main.jpg,final-main,product-shots/WWNL5.767.4.73.0/main.jpg,1200,1200,RGB,False,1.0,1.0,pass,337a460d0d880d092e9f25d865fca73808b97854b394ffdc0155150d922ffa7d
WWNL6.141.0.77.6,main.jpg,final-main,product-shots/WWNL6.141.0.77.6/main.jpg,1200,1200,RGB,False,1.0,1.0,pass,195bae3b6d0234fc4a2bb0f20f350b88ddaea4098e8f9f39033167245ea77080
WWNL6.141.4.71.6,main.jpg,final-main,product-shots/WWNL6.141.4.71.6/main.jpg,1200,1200,RGB,False,1.0,1.0,pass,520fd1d51202e84ad5562b15b0ff8415702ad1eb6e1b60f9a20654211e17bb1b
WWNL6.141.4.77.6-CD,main.jpg,final-main,product-shots/WWNL6.141.4.77.6-CD/main.jpg,1200,1200,RGB,False,1.0,1.0,pass,18d8e942658222f2cc0482fdf2a97ff83877fce8fd6612627b89f3e58fff5f74
WWNL8.111.4.87.6,main.jpg,final-main,product-shots/WWNL8.111.4.87.6/main.jpg,1200,1200,RGB,False,1.0,1.0,pass,ade2ce786029f5cccd1c21019080c0b2e4b1fe9b469ad1907a66ac02d1db6ac5
WWNL8.113.4.71.6,main.jpg,final-main,product-shots/WWNL8.113.4.71.6/main.jpg,1200,1200,RGB,False,1.0,1.0,pass,0b344aa722b04a79f52b3e03fa4ec91315dc47a9063f7178ca3ee9d4b1f874be
WWNL8.115.4.87.6,main.jpg,final-main,product-shots/WWNL8.115.4.87.6/main.jpg,1200,1200,RGB,False,1.0,1.0,pass,d8f6de3875f299dce22d865a38c72ecc534134dba73427794c4eecb9a5dcee0d
WWNL8.116.4.71.6,main.jpg,final-main,product-shots/WWNL8.116.4.71.6/main.jpg,1200,1200,RGB,False,1.0,1.0,pass,ed6df056d3a1e8996f63f982ec2ab62a2c9b77006131011c177bd7bd1d624d92
WWNL8.124.4.87.6,main.jpg,final-main,product-shots/WWNL8.124.4.87.6/main.jpg,1200,1200,RGB,False,1.0,1.0,pass,6659897d7b0edae8ecf086f795c6b1ab21024c10bbf65b37001b33fa1b3c38d5
WWNL8.124.4.87.6-CD,main.jpg,final-main,product-shots/WWNL8.124.4.87.6-CD/main.jpg,1200,1200,RGB,False,1.0,1.0,pass,a67082d35bdf5a123e6a471581c7c943dd7419d6f3fb05c5a7d22a17ad2692e9
WWNL8.126.5.79.7,main.jpg,final-main,product-shots/WWNL8.126.5.79.7/main.jpg,1200,1200,RGB,False,1.0,1.0,pass,16dd742fa3e7bab4f69be0a51579d90994cb553a8a116139ecd599abb7b7170b
WWNM005.614.36.051.22,main.jpg,final-main,product-shots/WWNM005.614.36.051.22/main.jpg,1200,1200,RGB,False,1.0,1.0,pass,b48fb2dcdcba07b092c7654dc5df670b19d2779266d2318c02192ee4e356721c
WWNM026.608.11.041.01,main.jpg,final-main,product-shots/WWNM026.608.11.041.01/main.jpg,1200,1200,RGB,False,1.0,1.0,pass,f40f39b47c9d3ed4016c232139e161a05479c1bdf14fa38f9af8fca296a3d2ed
WWNM026.608.11.051.00,main.jpg,final-main,product-shots/WWNM026.608.11.051.00/main.jpg,1200,1200,RGB,False,1.0,1.0,pass,ea48159979d5f45054a562694ee41d77d9a8fb93b501be6a25a70bdfd2dac4a2
WWNM026.629.37.291.00,main.jpg,final-main,product-shots/WWNM026.629.37.291.00/main.jpg,1200,1200,RGB,False,1.0,1.0,pass,ab860c7e5477a70ef3ca2cc352290bbe8b676ac1cf8143465b3d192f66485fbf
WWNM0266291104100,main.jpg,final-main,product-shots/WWNM0266291104100/main.jpg,1200,1200,RGB,False,1.0,1.0,pass,22b85c5c5f384be52fde76c8f5e7c9a52a8901d541e2e579ebbebea0e80e7f41
WWNM031.631.33.061.00,main.jpg,final-main,product-shots/WWNM031.631.33.061.00/main.jpg,1200,1200,RGB,False,1.0,1.0,pass,b5e4fa8865f7eb07a1001f6685ae4afd2787417b9b417e70bf94ae6861d62e7d
WWNM038.431.11.041.00,main.jpg,final-main,product-shots/WWNM038.431.11.041.00/main.jpg,1200,1200,RGB,False,1.0,1.0,pass,2e3bea629fe24a9f0dfb2020e25ce37706f9d74cb9cee8187a0256f4ddf1d63d
WWNM038.431.11.061.00,main.jpg,final-main,product-shots/WWNM038.431.11.061.00/main.jpg,1200,1200,RGB,False,1.0,1.0,pass,6b76e0f9582d495845a019689cfd4195178f86ad66ee10c68c609790405e2d80
WWNM049.307.33.296.00,main.jpg,final-main,product-shots/WWNM049.307.33.296.00/main.jpg,1200,1200,RGB,False,1.0,1.0,pass,49f871682df9de9d6dafff5fb02c7332dddc1b951154ea7b906d7d1e42aa47cb
WWNM049.526.37.291.00,main.jpg,final-main,product-shots/WWNM049.526.37.291.00/main.jpg,1200,1200,RGB,False,1.0,1.0,pass,7bb25a19889f2febc2326ed41cc2177ebfd1b1c98764432cb9a4862d2dbb1663
WWNM049.527.33.081.00,main.jpg,final-main,product-shots/WWNM049.527.33.081.00/main.jpg,1200,1200,RGB,False,1.0,1.0,pass,7e0aecbf66d6723a2120bc906ece8aea3f24c1df851cdd8e3c6895b80396eeeb
WWNM126300-0006,main.jpg,final-main,product-shots/WWNM126300-0006/main.jpg,1200,1200,RGB,False,1.0,1.0,pass,af0bd42766d61f1ab27593cde0e24b3df624d199d7a93d0a81476a5932efb2e1
WWNM126610LN-0001,main.jpg,final-main,product-shots/WWNM126610LN-0001/main.jpg,1200,1200,RGB,False,1.0,1.0,pass,2de3f58f281f594f300a4a23586a77a40d5280faeba0696fd6050f89928da161
WWNM126610LV-0002,main.jpg,final-main,product-shots/WWNM126610LV-0002/main.jpg,1200,1200,RGB,False,1.0,1.0,pass,a1a23497bc5e0ef454efd85be914a0d48c445e04a5f291b352d60e0b4986c18c
WWNM126710BLRO-0002,main.jpg,final-main,product-shots/WWNM126710BLRO-0002/main.jpg,1200,1200,RGB,False,1.0,1.0,pass,62e4523eb6c1822c15891adefea727dadda37de1344a05eeadcf945ebeb5e8c4
WWNM224270-0001,main.jpg,final-main,product-shots/WWNM224270-0001/main.jpg,1200,1200,RGB,False,1.0,1.0,pass,f30da4970c1c039771d53b5787436f1a33f8f19b9851240d8efb8f8d0648f6eb
WWNM25610TNL-0001,main.jpg,final-main,product-shots/WWNM25610TNL-0001/main.jpg,1200,1200,RGB,False,1.0,1.0,pass,cb7ec100a0220376d96e4f02c268535d45f2b226d9144e9604fff30b92e0d8f2
WWNM51000-0004,main.jpg,final-main,product-shots/WWNM51000-0004/main.jpg,1200,1200,RGB,False,1.0,1.0,pass,3886c137446ec0cb5753f879b09dacd14ac39d39ffbbbd6b6134d74e959488aa
WWNM79310-0001,main.jpg,final-main,product-shots/WWNM79310-0001/main.jpg,1200,1200,RGB,False,1.0,1.0,pass,845adf59f0cb1681d4f2d063f16b9b8a6e9b4e9ecb0b8485021b806e0ff8bd72
WWNM79360N-0012,main.jpg,final-main,product-shots/WWNM79360N-0012/main.jpg,1200,1200,RGB,False,1.0,1.0,pass,9435aee296a1c7b2673bfc058fa039b685d096a68accbc2a8ef9f5523fd9b3df
WWNM79360N-0013,main.jpg,final-main,product-shots/WWNM79360N-0013/main.jpg,1200,1200,RGB,False,1.0,1.0,pass,888d752547866fcc6f96c58f7c34d9254e9d06de75349bd9742c422fd4fd99e0
WWNM7943A1A0NU-0002,main.jpg,final-main,product-shots/WWNM7943A1A0NU-0002/main.jpg,1200,1200,RGB,False,1.0,1.0,pass,f7ae4481b345a7c1bd6a4b558f1c2eb81a1e282474940a605235152b1aec98f4
WWNM79643-0002,main.jpg,final-main,product-shots/WWNM79643-0002/main.jpg,1200,1200,RGB,False,1.0,1.0,pass,22e0fc2e52facc22be9452f19c7812ad7d18b620b15768688051b0ac57a9e901
WWNM79680-0002,main.jpg,final-main,product-shots/WWNM79680-0002/main.jpg,1200,1200,RGB,False,1.0,1.0,pass,cdda946b95b6f68dd96977983ee0102ca99a33d0616fb397f3bd51ff35d77720
WWNM79833MN-0003,main.jpg,final-main,product-shots/WWNM79833MN-0003/main.jpg,1200,1200,RGB,False,1.0,1.0,pass,1da1ca63a42395f17b0f98f0c1aa5ff678b13ad7e671d570d510bc50da9ebe27
WWNM91451-0009,main.jpg,final-main,product-shots/WWNM91451-0009/main.jpg,1200,1200,RGB,False,1.0,1.0,pass,6c3f97ab65649bd260204c0d31d377a36d7a3118fd342d0af9e2337766df6a44
WWNMWW06A000775,main.jpg,final-main,product-shots/WWNMWW06A000775/main.jpg,1200,1200,RGB,False,1.0,1.0,pass,37dbb9e992fba28f769c4f576f1e36e98cbb1d1cc8d29ae20be024fcb9062aa7
WWNMWW06A000776,main.jpg,final-main,product-shots/WWNMWW06A000776/main.jpg,1200,1200,RGB,False,1.0,1.0,pass,e1a9af790fc912339e27b55a14e8d7e575b9f5c42e2fb0bbb3a086bdfc1fa6d3
WWNMWW06A000777,main.jpg,final-main,product-shots/WWNMWW06A000777/main.jpg,1200,1200,RGB,False,1.0,1.0,pass,85aa545eb18ae2f267c9d7f633fc9fe9d1b76756c2829daee917b16f9cf0d204
WWNMWW06A000778,main.jpg,final-main,product-shots/WWNMWW06A000778/main.jpg,1200,1200,RGB,False,1.0,1.0,pass,88f934652a16df5aa7ef89698b316f6874187a23a4a78865e2717b2ed8a6a68a
WWNMWW06A000780,main.jpg,final-main,product-shots/WWNMWW06A000780/main.jpg,1200,1200,RGB,False,1.0,1.0,pass,014380a920c605428a42be0cf2745e08cfaaaf9ac547904b6196e9f1702e0934
WWNMWW06D000171,main.jpg,final-main,product-shots/WWNMWW06D000171/main.jpg,1200,1200,RGB,False,1.0,1.0,pass,ffd55d8c3cdd0922ed860e09004ef600e39e8c9febdbbf341ad19a074bbee474
WWNMWW06E000146,main.jpg,final-main,product-shots/WWNMWW06E000146/main.jpg,1200,1200,RGB,False,1.0,1.0,pass,d2a3d77457c4ffb566aab4e56916a545f37df80053c5f778763bf2e77108f93d
WWNMWW06E000147,main.jpg,final-main,product-shots/WWNMWW06E000147/main.jpg,1200,1200,RGB,False,1.0,1.0,pass,69b200ecd84e751912bbbc900dced7401f73e855fe8cc43ea5d102dc43868b9b
WWNMWW06G000012,main.jpg,final-main,product-shots/WWNMWW06G000012/main.jpg,1200,1200,RGB,False,1.0,1.0,pass,d3d69cf2848c58b1dac59bc5b6dfb1096f78dae9606862a00f186c31c16c4786
WWNMWW06G000014,main.jpg,final-main,product-shots/WWNMWW06G000014/main.jpg,1200,1200,RGB,False,1.0,1.0,pass,b034b28bc18be089dc53c6241dc42b78d7bfb843e72a87bb874fe207b2d225f1
WWNMWW06G000045,main.jpg,final-main,product-shots/WWNMWW06G000045/main.jpg,1200,1200,RGB,False,1.0,1.0,pass,d760715cd02f2b89813abf05ebd98b1c28bbbbf032a329d12af680698200e8a7
WWNMWW06T000141,main.jpg,final-main,product-shots/WWNMWW06T000141/main.jpg,1200,1200,RGB,False,1.0,1.0,pass,1f777a13bc2163e86fef2c5d29a51aecdfaeecf95a9c4cdefe9136ab2156d4d4
WWNMWW06T000147,main.jpg,final-main,product-shots/WWNMWW06T000147/main.jpg,1200,1200,RGB,False,1.0,1.0,pass,3d5a486c9a71575763a39fc582048f45af26bd72a39e905840ab14b082578db7
WWNMWW06V000042,main.jpg,final-main,product-shots/WWNMWW06V000042/main.jpg,1200,1200,RGB,False,1.0,1.0,pass,0ad4ce056436b683f013487acef9b5423d4a9911d9758b0861442c6feaf58d3c
WWNMWW06V000122,main.jpg,final-main,product-shots/WWNMWW06V000122/main.jpg,1200,1200,RGB,False,1.0,1.0,pass,e298a4234684fa34513a091112ad493e3db18d539f7a8c4bf1474a99ba3a9862
WWNMWW21B000138,main.jpg,final-main,product-shots/WWNMWW21B000138/main.jpg,1200,1200,RGB,False,1.0,1.0,pass,4668539ed34bde6c7d9403eb3f53d4fb2d971fd50391fb40d9d4d21c4f588b57
WWNMWW21H000001,main.jpg,final-main,product-shots/WWNMWW21H000001/main.jpg,1200,1200,RGB,False,1.0,1.0,pass,26088121a4d6af28dcbd51e3d42ed6c676bc6bb36072ce764b4a8343a9e3f47a
WWNMWW30B000001,main.jpg,final-main,product-shots/WWNMWW30B000001/main.jpg,1200,1200,RGB,False,1.0,1.0,pass,7e49f77d4fc242822060485b929ce72c598b816e2249d281291d8797fe5be8c3
WWNMWW33B000002,main.jpg,final-main,product-shots/WWNMWW33B000002/main.jpg,1200,1200,RGB,False,1.0,1.0,pass,62f288d48d3fdf79345790739773a0bd49e87ab24125c2ad7d95f4d8bb83a113
WWNMWW33B000003,main.jpg,final-main,product-shots/WWNMWW33B000003/main.jpg,1200,1200,RGB,False,1.0,1.0,pass,9b568ea93b6f73edde6263353f6970343d7c4e1aadd22c100ba30abc2e232c6b
WWNMWW33B000008,main.jpg,final-main,product-shots/WWNMWW33B000008/main.jpg,1200,1200,RGB,False,1.0,1.0,pass,edba867c0622a95df6eea71041f3c44fb760f67df039fd72a4dae8fc542e4f1a
WWNMWW33B000010,main.jpg,final-main,product-shots/WWNMWW33B000010/main.jpg,1200,1200,RGB,False,1.0,1.0,pass,0e1c188291c5eb79041a290e79699dfdf77fc4e6ab2c7fb812f353caca3d0473
WWNPAM01218,main.jpg,final-main,product-shots/WWNPAM01218/main.jpg,1200,1200,RGB,False,1.0,1.0,pass,a2231fdf80e2ee5f80c32606a07c59fb36bd1e048b0e3ee23e62a311675da52a
WWNQ1248420,main.jpg,final-main,product-shots/WWNQ1248420/main.jpg,1200,1200,RGB,False,1.0,1.0,pass,af0231dc79cb8e8ad9645cb196c3641eed6376808f1fd42a41c5593a93483395
WWNR10200152,main.jpg,final-main,product-shots/WWNR10200152/main.jpg,1200,1200,RGB,False,1.0,1.0,pass,0df23fb75a9083efd5e9179e0e188ec267153273d929de3d4663cc344d3e076a
WWNR10201712,main.jpg,final-main,product-shots/WWNR10201712/main.jpg,1200,1200,RGB,False,1.0,1.0,pass,08226acc2d8c6c7368e7795b6008f6b6a29b98e9b44599f9a42108b20f127b0f
WWNR12160253,main.jpg,final-main,product-shots/WWNR12160253/main.jpg,1200,1200,RGB,False,1.0,1.0,pass,b41694bea5faf06ec83a61d2124410e369f201e1ccb316972ad707996e70f5b7
WWNR12160303,main.jpg,final-main,product-shots/WWNR12160303/main.jpg,1200,1200,RGB,False,1.0,1.0,pass,39120878fd13d716ba9576b5cdfe89fa87c5b7bbcc0d74f4e21b03d04eeef6cd
WWNR12161253,main.jpg,final-main,product-shots/WWNR12161253/main.jpg,1200,1200,RGB,False,1.0,1.0,pass,c9aa5471bf70ba863fb986f75436c33d3763c926f8fa48a2a66adb7dbdf91944
WWNR12162153,main.jpg,final-main,product-shots/WWNR12162153/main.jpg,1200,1200,RGB,False,1.0,1.0,pass,4a1d2ba182c60cf56eba33f9e13987c90ff08f0b37be26bcdff16c495b16ec45
WWNR12164153,main.jpg,final-main,product-shots/WWNR12164153/main.jpg,1200,1200,RGB,False,1.0,1.0,pass,5eb8b381f06b45749cf766b98aa46bdb046717dd1a0ae5a739ccb52e0506246a
WWNR12169209,main.jpg,final-main,product-shots/WWNR12169209/main.jpg,1200,1200,RGB,False,1.0,1.0,pass,deb5b0d37e2d7e5f4f593beb88cf829b461ca98a3b02089e48246fc1ba116cc1
WWNR12171653,main.jpg,final-main,product-shots/WWNR12171653/main.jpg,1200,1200,RGB,False,1.0,1.0,pass,fc9ae6cf8c097be482096eeea202e608c97fcab3fc412ed3508119831cb1b1a6
WWNR12413314,main.jpg,final-main,product-shots/WWNR12413314/main.jpg,1200,1200,RGB,False,1.0,1.0,pass,1d32664cd1b157609ec1f09ae07abc7587fbe7e96489e44d231adda14561a14f
WWNR17329F41G1P1,main.jpg,final-main,product-shots/WWNR17329F41G1P1/main.jpg,1200,1200,RGB,False,1.0,1.0,pass,04c74d70d9093e610032896e77bfea009e096bb0367cd9d14e40f5f770368b08
WWNR20250712,main.jpg,final-main,product-shots/WWNR20250712/main.jpg,1200,1200,RGB,False,1.0,1.0,pass,3555b6c8c4f6a31e35e35490faafba3aa3cc367856f9df405017c488599c5508
WWNR27072012,main.jpg,final-main,product-shots/WWNR27072012/main.jpg,1200,1200,RGB,False,1.0,1.0,pass,92d43a04fbee08524aec8a025cda32a703000c141491c74e14e73b7db19d7edc
WWNR27073012,main.jpg,final-main,product-shots/WWNR27073012/main.jpg,1200,1200,RGB,False,1.0,1.0,pass,c07ac34709ac36d5f335a23beecbbf2280c6a7c238e86b26ecf176555ebd5163
WWNR27073712,main.jpg,final-main,product-shots/WWNR27073712/main.jpg,1200,1200,RGB,False,1.0,1.0,pass,82ee1eefa1db9e405103a35e2077aef7cf0da6d647b8f2f3807207e2760d3532
WWNR27073722,main.jpg,final-main,product-shots/WWNR27073722/main.jpg,1200,1200,RGB,False,1.0,1.0,pass,748ccdee5c0576143de995458227a223cf559696ec8c22e25e966df94bcc0feb
WWNR27073752,main.jpg,final-main,product-shots/WWNR27073752/main.jpg,1200,1200,RGB,False,1.0,1.0,pass,56fb6118478052221a62d658e01d4965f2d3e7856d5cf1478f20faa9ca0fd598
WWNR27080702,main.jpg,final-main,product-shots/WWNR27080702/main.jpg,1200,1200,RGB,False,1.0,1.0,pass,0929805cbc5bd1393470395aef8f3f70bb0ab56c2bf260ceba00b2a4254f073b
WWNR27083202,main.jpg,final-main,product-shots/WWNR27083202/main.jpg,1200,1200,RGB,False,1.0,1.0,pass,266f4e5c5452ba1921d300868f045f8ad9fb59e173312dfd5b5a257654a04ba2
WWNR27083712,main.jpg,final-main,product-shots/WWNR27083712/main.jpg,1200,1200,RGB,False,1.0,1.0,pass,44d97479aabd37aae24d302657429b1e8fe4f752cea5cf64f9932001bd12b69c
WWNR27096662,main.jpg,final-main,product-shots/WWNR27096662/main.jpg,1200,1200,RGB,False,1.0,1.0,pass,f806a261d2c910351b8935b39715dc129649fefcf4b6f74e3d357edf221a7d87
WWNR27107742,main.jpg,final-main,product-shots/WWNR27107742/main.jpg,1200,1200,RGB,False,1.0,1.0,pass,a4a4f88d66102b1d74f737f7661d1400c5f71dadae6cf8326a6c7f584b61203d
WWNR27115012,main.jpg,final-main,product-shots/WWNR27115012/main.jpg,1200,1200,RGB,False,1.0,1.0,pass,206723edfb2e9c7bf48bedc5ac030ada3f26bb1523ff7278a12c96d8ab4fc474
WWNR27123012,main.jpg,final-main,product-shots/WWNR27123012/main.jpg,1200,1200,RGB,False,1.0,1.0,pass,52d8a3b2abbd5361f80aef466bec6cba87c06dceb24cb6e862d91f0d3ca1190a
WWNR27174712,main.jpg,final-main,product-shots/WWNR27174712/main.jpg,1200,1200,RGB,False,1.0,1.0,pass,5240a2edf858809005afc6a9b9776e8f6fad858bb97efa51a5785998d3a5823e
WWNR27178205,main.jpg,final-main,product-shots/WWNR27178205/main.jpg,1200,1200,RGB,False,1.0,1.0,pass,0a7418e8e5b9e50bae0e2e0020a89f0029431b79b004043e5e4dfb6a3e5d766b
WWNR27238712,main.jpg,final-main,product-shots/WWNR27238712/main.jpg,1200,1200,RGB,False,1.0,1.0,pass,fd46085b6f298fb4a65981c9d63f225d939b87c5550c10c58b027d35a896a765
WWNR30008302,main.jpg,final-main,product-shots/WWNR30008302/main.jpg,1200,1200,RGB,False,1.0,1.0,pass,7a74decbd2f8d20faea496e80ae4d006b583734f909887c5c63f4369333edac6
WWNR30012202,main.jpg,final-main,product-shots/WWNR30012202/main.jpg,1200,1200,RGB,False,1.0,1.0,pass,f634897ea342f30f4a67f077099560db357f2bc27310842534c29afcbbf7c14b
WWNR30013302,main.jpg,final-main,product-shots/WWNR30013302/main.jpg,1200,1200,RGB,False,1.0,1.0,pass,3d30f939d9e500610b0208fcdd1bae60d873ac880c885f46b522f31b74b65ac0
WWNR30017302,main.jpg,final-main,product-shots/WWNR30017302/main.jpg,1200,1200,RGB,False,1.0,1.0,pass,ce5d3a14db41a55da92dcf9fafc4a0a768e82e4846b1a5ba63cf3583962f4401
WWNR30018152,main.jpg,final-main,product-shots/WWNR30018152/main.jpg,1200,1200,RGB,False,1.0,1.0,pass,dfab77612f6985bb4eed0b8f138cce023bbbfac29bb82739a8247684759087f5
WWNR30021152,main.jpg,final-main,product-shots/WWNR30021152/main.jpg,1200,1200,RGB,False,1.0,1.0,pass,423457e7b4003c63bffa3bc3ede380a67e459b9282f005d09d6f278cd9721bdb
WWNR30039712,main.jpg,final-main,product-shots/WWNR30039712/main.jpg,1200,1200,RGB,False,1.0,1.0,pass,e43f817f969f9cdc00b9e58c5783dd73fe646a7343dfcf5df14e959df2f3d767
WWNR30211152,main.jpg,final-main,product-shots/WWNR30211152/main.jpg,1200,1200,RGB,False,1.0,1.0,pass,47fe74861b45e41fe054e1a5d76f8777b974d6e01bc069cd1141d1cbdaf9afe3
WWNR32021102,main.jpg,final-main,product-shots/WWNR32021102/main.jpg,1200,1200,RGB,False,1.0,1.0,pass,1dafcf87cdef9db00ec0fd6dbcf1e8fe62f9a18d1e072588bdb3edf83267d03c
WWNR32033902,main.jpg,final-main,product-shots/WWNR32033902/main.jpg,1200,1200,RGB,False,1.0,1.0,pass,783faecdf5650dc60c07919fbdb22822918eb25cc67f18442953fddfad96a8a3
WWNR32105353,main.jpg,final-main,product-shots/WWNR32105353/main.jpg,1200,1200,RGB,False,1.0,1.0,pass,43c5bed97cee58df1a3b9352c665a428ad9323a54f558eaf0486f87dd1d30397
WWNR32127162,main.jpg,final-main,product-shots/WWNR32127162/main.jpg,1200,1200,RGB,False,1.0,1.0,pass,fda4c76042d918cf25c86084e9b2ee5b9a734ce53fb3c1c85ff023401d93be6d
WWNR32128202,main.jpg,final-main,product-shots/WWNR32128202/main.jpg,1200,1200,RGB,False,1.0,1.0,pass,f25bc852ac9526813108e881e633a03df8fc69e326b1df17fa9dc744d4a90743
WWNR32136323,main.jpg,final-main,product-shots/WWNR32136323/main.jpg,1200,1200,RGB,False,1.0,1.0,pass,c8a7540f41d397bc8087efcb0d60a41a0691c5697c294f226b57e013f2e8907d
WWNR32137203,main.jpg,final-main,product-shots/WWNR32137203/main.jpg,1200,1200,RGB,False,1.0,1.0,pass,4a77296a92c2cd9877d01b71e49c4481b828e654c3c87feea23211ad01559297
WWNR32138153,main.jpg,final-main,product-shots/WWNR32138153/main.jpg,1200,1200,RGB,False,1.0,1.0,pass,6a013c49413b47140370b529ef07fcd42e77cb6ad121a85ad473ef4b6bc5f89e
WWNR32138303,main.jpg,final-main,product-shots/WWNR32138303/main.jpg,1200,1200,RGB,False,1.0,1.0,pass,495baa15021d47624fa888242cf181bd19723539b06511f7f4ce6d0977e0b94c
WWNR32139708,main.jpg,final-main,product-shots/WWNR32139708/main.jpg,1200,1200,RGB,False,1.0,1.0,pass,3ffc83ca4e657aaa09fb6f77efabc3f5ff2e4bb7624a003ce7749cfd37337df8
WWNR32144202,main.jpg,final-main,product-shots/WWNR32144202/main.jpg,1200,1200,RGB,False,1.0,1.0,pass,8dda482a53f38a4879df5eeb7e89fc604d3eff3738da963880c3e7c8f385e71a
WWNR32145208,main.jpg,final-main,product-shots/WWNR32145208/main.jpg,1200,1200,RGB,False,1.0,1.0,pass,6a384db9f67fd8f676c97572e15e879753b1c346b6c321faa618213628aeccd3
WWNR32150162,main.jpg,final-main,product-shots/WWNR32150162/main.jpg,1200,1200,RGB,False,1.0,1.0,pass,caaaa5af72eb958f5ac7d17978ca680b8eb12ed27cf5a28770f857f3c6c3e5f8
WWNR32256712,main.jpg,final-main,product-shots/WWNR32256712/main.jpg,1200,1200,RGB,False,1.0,1.0,pass,c0f8e7e19b2bd9ab2e88daee77237b6f751e61d747a6b68284e36c022e34629a
WWNR32259153,main.jpg,final-main,product-shots/WWNR32259153/main.jpg,1200,1200,RGB,False,1.0,1.0,pass,0b79d16bae6a25b1ace6525cd38050dc0ed98c812c6c59498760d9bd9ef7f103
WWNR32505019,main.jpg,final-main,product-shots/WWNR32505019/main.jpg,1200,1200,RGB,False,1.0,1.0,pass,f15f7932a6855ca4604c76f4338682d039b02d8a75c73d9f40421fa9c5b09465
WWNR32505318,main.jpg,final-main,product-shots/WWNR32505318/main.jpg,1200,1200,RGB,False,1.0,1.0,pass,fe721d44aa6c5abd1ce3b466231ce532887a39e1f6963df955aed5272b23ee46
WWNR48903103,main.jpg,final-main,product-shots/WWNR48903103/main.jpg,1200,1200,RGB,False,1.0,1.0,pass,e634594990025a550f0540005d6f8840e9d8b9407989550881f25760fdafa6e0
WWNR48903153,main.jpg,final-main,product-shots/WWNR48903153/main.jpg,1200,1200,RGB,False,1.0,1.0,pass,2f17e05eb5160915e3f81413d93f8d161d4bd690b57a90883e92fe9f9603cd1c
WWNR48903703,main.jpg,final-main,product-shots/WWNR48903703/main.jpg,1200,1200,RGB,False,1.0,1.0,pass,3da454bdf49617172b2d9a8dd597437ae2f77b968c48408020486cd0eba53c44
WWNR48903723,main.jpg,final-main,product-shots/WWNR48903723/main.jpg,1200,1200,RGB,False,1.0,1.0,pass,57e54688e06c88d82e21c50be8661faefeca5b34f3b71deb3c6f7916ab81e0c4
WWNR48903733,main.jpg,final-main,product-shots/WWNR48903733/main.jpg,1200,1200,RGB,False,1.0,1.0,pass,f82643f34df956750ac46952740f291b066f12a612cfef2de577a35ef6681e19
WWNR77320E61A1P1,main.jpg,final-main,product-shots/WWNR77320E61A1P1/main.jpg,1200,1200,RGB,False,1.0,1.0,pass,2556cda50f072ceb8dfd1d1e3a3ff2aee02c203f4d8dcfa12ad60b11c56791ee
WWNSBGH353G,main.jpg,final-main,product-shots/WWNSBGH353G/main.jpg,1200,1200,RGB,False,1.0,1.0,pass,acc5aa65d952f15e99e1cf2c706c4355a3a7fa027d0818562a6ebeb557aa2864
WWNSBR8A80.BT6261,main.jpg,final-main,product-shots/WWNSBR8A80.BT6261/main.jpg,1200,1200,RGB,False,1.0,1.0,pass,b193ffa1897815e368c51a1e19c6e9f2ae617fbfea177e6a77e63175f227b01b
WWNT139.462.11.038.00,main.jpg,final-main,product-shots/WWNT139.462.11.038.00/main.jpg,1200,1200,RGB,False,1.0,1.0,pass,b7003ed9f774ff0d749acaa86840ecdb1bd47f9c6a2b673424ca6d12004b8ff4
WWNT149.459.21.051.00,main.jpg,final-main,product-shots/WWNT149.459.21.051.00/main.jpg,1200,1200,RGB,False,1.0,1.0,pass,565b6acc26576bf4a61b4c6abc487205e1e0f726c02d35aeec4ed7e67fba7038
WWNTB0134101M1X1,main.jpg,final-main,product-shots/WWNTB0134101M1X1/main.jpg,1200,1200,RGB,False,1.0,1.0,pass,1ff26458d45ef320280744a0d3653bf84e5ce485e0e4f5c5b0fbe8ed6c8c8e99
WWNV 43 SC SKULL LOES VAN DELFT NR BR (NR),main.jpg,final-main,product-shots/WWNV 43 SC SKULL LOES VAN DELFT NR BR (NR)/main.jpg,1200,1200,RGB,False,1.0,1.0,pass,29192afe08169c2d27a7e407ec1542fe85c02375fa8c5c7cf0f9b03598efe320
WWNV 45 SC DT RCG AC JA,main.jpg,final-main,product-shots/WWNV 45 SC DT RCG AC JA/main.jpg,1200,1200,RGB,False,1.0,1.0,pass,bb3c34f5f83c1671b8f0970f2279afa96bc1e16f00e43d74ec226966515436cd
WWNV 45 SC DT YACHT NR,main.jpg,final-main,product-shots/WWNV 45 SC DT YACHT NR/main.jpg,1200,1200,RGB,False,1.0,1.0,pass,58349f901dd0b59db63ef789b2416b1e6d8d8c378aa1bdcdad47364753d4970b
WWNW4TA0031,main.jpg,final-main,product-shots/WWNW4TA0031/main.jpg,1200,1200,RGB,False,1.0,1.0,pass,a90fca930f409a7da3b084a4df4a83b9bf37e029d08d58ba6f922cd06d9b0425
WWNWAR1113.FC6392,main.jpg,final-main,product-shots/WWNWAR1113.FC6392/main.jpg,1200,1200,RGB,False,1.0,1.0,pass,dce51927fc25318185abf21a97dc32e024dc13e2201febabf66666d4eea67226
WWNWAR1115.FC6392,main.jpg,final-main,product-shots/WWNWAR1115.FC6392/main.jpg,1200,1200,RGB,False,1.0,1.0,pass,ac07c828e34deacd6c439a3f05eb107e068d4d1873d157769f6305c5b3c1a59f
WWNWAY1396.BH0717,main.jpg,final-main,product-shots/WWNWAY1396.BH0717/main.jpg,1200,1200,RGB,False,1.0,1.0,pass,197c84e7bc858b26102d14bfb15c641202b5677530275e357c7c28689fe32662
WWNWAY208D.FC8221,main.jpg,final-main,product-shots/WWNWAY208D.FC8221/main.jpg,1200,1200,RGB,False,1.0,1.0,pass,ec2593974214766db41f100f841eae61a4f076c7d6e3fc40a69dafc434337286
WWNWAZ1010.BA0842,main.jpg,final-main,product-shots/WWNWAZ1010.BA0842/main.jpg,1200,1200,RGB,False,1.0,1.0,pass,477c2380103dee7d671f27d699b63ab7df5cb2def7fc96e4955e706a5aa968d9
WWNWAZ1010.FT8024,main.jpg,final-main,product-shots/WWNWAZ1010.FT8024/main.jpg,1200,1200,RGB,False,1.0,1.0,pass,a7e6575cbd42c71d61399c41dea22d19047c537ea20bf37ddd47f1562035129e
WWNWAZ1110.BA0875,main.jpg,final-main,product-shots/WWNWAZ1110.BA0875/main.jpg,1200,1200,RGB,False,1.0,1.0,pass,a4665d98f7ce810a3d928a90a729fc2851663c68a82a5d938959c91a68d59030
WWNWAZ1110.FT8023,main.jpg,final-main,product-shots/WWNWAZ1110.FT8023/main.jpg,1200,1200,RGB,False,1.0,1.0,pass,889e7e048f2c240414cfab8a912fc5eb6a1707802e0b4813c6ed24e08acefef0
WWNWAZ2011.BA0842,main.jpg,final-main,product-shots/WWNWAZ2011.BA0842/main.jpg,1200,1200,RGB,False,1.0,1.0,pass,7ab4c16d00bb45b418fb86329c975c2f223317328b9d7e996ea9559aaef9c8a0
WWNWBC2111.BA0603,main.jpg,final-main,product-shots/WWNWBC2111.BA0603/main.jpg,1200,1200,RGB,False,1.0,1.0,pass,7fb07249091931a53e07a27f547f74561f013af04356281fd380c2aac19ff57c
WWNWBD1111.BA0928,main.jpg,final-main,product-shots/WWNWBD1111.BA0928/main.jpg,1200,1200,RGB,False,1.0,1.0,pass,efa635b36ac2799ccf4ce19a451922b273048d157aaa7b35f4229672e72e2a59
WWNWBE5116.FC8266,main.jpg,final-main,product-shots/WWNWBE5116.FC8266/main.jpg,1200,1200,RGB,False,1.0,1.0,pass,6a40443fb4ec08461c75c4ee608891bb9053dc462b90c84fe2977745e55b0ff7
WWNWBG1312.BA0758,main.jpg,final-main,product-shots/WWNWBG1312.BA0758/main.jpg,1200,1200,RGB,False,1.0,1.0,pass,c7b652987ac3befef4813a1d35df30fc456a856aab998598bb2719bb35e07190
WWNWBN2012.BA0640,main.jpg,final-main,product-shots/WWNWBN2012.BA0640/main.jpg,1200,1200,RGB,False,1.0,1.0,pass,4b6bb34fabeb247c1a78dd4aceac75c85495f98e38f94a5668366628b43046ae
WWNWBN2112.BA0639,main.jpg,final-main,product-shots/WWNWBN2112.BA0639/main.jpg,1200,1200,RGB,False,1.0,1.0,pass,a8ff5389625f44893991d8e36d31ebf47c1b27fcb95e0d71b8a0e9b1e40e180a
WWNWBN2312.BA0001,main.jpg,final-main,product-shots/WWNWBN2312.BA0001/main.jpg,1200,1200,RGB,False,1.0,1.0,pass,62c7bdba0c09d306edab87acbdf0bed3d05c2a298e7cc447104ce31a6bdf5f31
WWNWBN2313.BA0001,main.jpg,final-main,product-shots/WWNWBN2313.BA0001/main.jpg,1200,1200,RGB,False,1.0,1.0,pass,87336e489e3c044f910e4fa1b1496d5b5b94fa21ef31cb9e7cbeb995196cce4b
WWNWBN2319.BA0001,main.jpg,final-main,product-shots/WWNWBN2319.BA0001/main.jpg,1200,1200,RGB,False,1.0,1.0,pass,8da5ec831c566d29c3834afaf69cbe2299c39a0496983837ce6849ef8270c92e
WWNWBN231B.BA0001,main.jpg,final-main,product-shots/WWNWBN231B.BA0001/main.jpg,1200,1200,RGB,False,1.0,1.0,pass,e58b632f2df0bec19f4281198a1fe30b63ecc0cc03a6b4a004b4645e7963ebb3
WWNWBP1118.BA0047,main.jpg,final-main,product-shots/WWNWBP1118.BA0047/main.jpg,1200,1200,RGB,False,1.0,1.0,pass,40176e829b77fb659bea458dc3752702d84f12fc059b87e10755a5411304030d
WWNWBP5182.BF0010,main.jpg,final-main,product-shots/WWNWBP5182.BF0010/main.jpg,1200,1200,RGB,False,1.0,1.0,pass,d47410ed7d8441ad2a24e9c0eb518340d44c37814ce8d76f90811453f2d15fea
WWNWBY1112.BA0042,main.jpg,final-main,product-shots/WWNWBY1112.BA0042/main.jpg,1200,1200,RGB,False,1.0,1.0,pass,76291f7763a70c7e5449fb21ed7a6f6402c15998ebc695af9a1e1c05a67b7aed
WWNWBY111G.BA0042,main.jpg,final-main,product-shots/WWNWBY111G.BA0042/main.jpg,1200,1200,RGB,False,1.0,1.0,pass,4203322be761d93f51357f03226fe738909220b07f258d869522733c02773d26
WWNWBY1163.FT8113,main.jpg,final-main,product-shots/WWNWBY1163.FT8113/main.jpg,1200,1200,RGB,False,1.0,1.0,pass,d6c78229f418e090c9f34436dd7aab7bb47aae97fdad90997c9489e0827c0735
WWNWDA2111.BA0043,main.jpg,final-main,product-shots/WWNWDA2111.BA0043/main.jpg,1200,1200,RGB,False,1.0,1.0,pass,c5fa7f237a0713caeb469547258513f34507b351445ce64edaf7df20c71e5854
WWNWDA2114.BA0043,main.jpg,final-main,product-shots/WWNWDA2114.BA0043/main.jpg,1200,1200,RGB,False,1.0,1.0,pass,a257c615067d34c83cada85f35db88c35757f904a90e0b1c1043beb81ecb91a7
WWNWDA2115.BA0043,main.jpg,final-main,product-shots/WWNWDA2115.BA0043/main.jpg,1200,1200,RGB,False,1.0,1.0,pass,1b9cd7ffdf1ac6e1635b57b6c90343da81a7185d44ebe29a97e3293fff1ef186
WWNWSBB0048-CD2,main.jpg,final-main,product-shots/WWNWSBB0048-CD2/main.jpg,1200,1200,RGB,False,1.0,1.0,pass,c2ac2d7c392a6120299a9821442464ca3d99162c46502511c019cba7c87fae26
WWNWSRN0030,main.jpg,final-main,product-shots/WWNWSRN0030/main.jpg,1200,1200,RGB,False,1.0,1.0,pass,b8e7ec47c9f19043d104abeb64fda72ffae3f806f40207dae2712c4dee926c27
WWNWSTA0105-CD,main.jpg,final-main,product-shots/WWNWSTA0105-CD/main.jpg,1200,1200,RGB,False,1.0,1.0,pass,cac468355992d858ed6484a0b8192743c6f1ae9f30c4b4b07b094219d67c278b
WWNWSTA0107,main.jpg,final-main,product-shots/WWNWSTA0107/main.jpg,1200,1200,RGB,False,1.0,1.0,pass,c7a8c2b06beb1b3283f6b90ae3ecf90e1ecca34af7e696f277778b1128eedf99
WWNX82310D51B1S2,main.jpg,final-main,product-shots/WWNX82310D51B1S2/main.jpg,1200,1200,RGB,False,1.0,1.0,pass,b852954f643bfd80c2e6eea63c9f847e9b2fb495d19c2f13f3bb361110089ee0
WWNX82310E51B1S2,main.jpg,final-main,product-shots/WWNX82310E51B1S2/main.jpg,1200,1200,RGB,False,1.0,1.0,pass,775abd8938d3c05c3ba22f179e614fad3621761e76192d57e42b84bed72271e9
WWNX83310D41B1S1,main.jpg,final-main,product-shots/WWNX83310D41B1S1/main.jpg,1200,1200,RGB,False,1.0,1.0,pass,0fb5526de308acf85b4502060bb135bf449a2ebe745fcc38ef99685c0d9d023b
WWNYA1264153,main.jpg,final-main,product-shots/WWNYA1264153/main.jpg,1200,1200,RGB,False,1.0,1.0,pass,2aab697b7297a917361c6fa65cc1ad9f370d9969059bf595b2853d9b252d4c5a
