sheet_row,sku,brand,model,status_before,alias_source,alias_evidence,png_sha256,jpg_sha256
3,RM1103,Richard Mille,Richard Mille RM 11-03 Flyback Chrono Rose Gold,exact,,exact-existing,7be5f555c0cbc385730029e86963e053c37bd3f2999fba6b1916793ce67075d2,a6d5f3b7162e9c2ec6a134fbe08c3af9ff52b47115c1e43ee288b3f99c6b0b5a
4,G5,Rolex,Rolex Day-date 40 228396tbr Platinum Arabic Dial Diamond Bezel,exact,,exact-existing,1f2acc399a0bf9d3b8aa637bdfd2630a3486daa401244c518707d29dc8763feb,db5878b4d50e7f9bd0fd0354ba7b6d180c3d8b560e0b6ceb3744e79bad6300a8
5,G3,Patek Philippe,Patek Philippe Aquanaut Chronograph 5968a Black Dial Orange Strap,exact,,exact-existing,ff38121cc9af5a3f6da670ce8a1eeafbfc753c4707b10f41e47ce541c5b7805b,807ec4bc2957be969420b38bb5edd4d8931ba002f2d4311de71547fe5d73a7e6
6,G2,Rolex,Rolex Cosmograph Daytona 116519ln Meteorite Dial White Gold,exact,,exact-existing,1399633dc64d5ec357970f5632f925b4bd7644e99294847607c12334f8bd8567,15d059353e199904637a982e45973dc8d7778bfcce60b616ffef9d4ac2f4d6d3
7,G4,Audemars Piguet,Audemars Piguet Royal Oak Chronograph 26331or Rose Gold Brown Dial,exact,,exact-existing,7480b8c6bd71b4576738f74a727c4dc59f18963238b2be10a72cce82f96f7cf6,00f01dcf6dac8282d522df0ce55352441bdc1511268eb7830b896e503e570df7
8,WWN116508-0013,Rolex,Rolex Cosmograph Daytona Yellow Gold Automatic Green Dial John Mayer Men's Watch 116508-0013,exact,,exact-existing,37a300d55fba7a27652ada6a98e10a545f1dae2b33a200f9dde44d9aef0d599f,668c538d38ca7f859bab15da71486ac82acc950320b4c99337b481b138d455bf
9,G6,Rolex,Rolex Day-date 40 228235 Olive Green Dial Everose President,exact,,exact-existing,7beee34b1d687eb151b49f222eb86409d69e608802b1051952f2be4821b7b2a3,b25b2899fd490923ff3bfddac95b209bf99f6fb2baa77f3042e5fc5cfbd10023
10,WW196,Breitling,Breitling Navitimer Automatic 41MM Cream Dial 18K Rose Gold Men's,exact,,exact-existing,4c59cb842a3a49cc6698ba9d0e8c1795e2bafa42836aed497629534e0f814f9b,9c145cbfd90d7428fd386a8ed080cde584b62ac764074a9c40f616a316f0971c
11,WWNG0A46020,Piaget,Piaget Polo Date 18K Rose Gold Diamond Bezel Women's Watch G0A46020,exact,,exact-existing,ff60d4e19891cfccd7b67d77d08ee899a793e08d6cb0961f23a8b6d8f19a51a9,2bbb4ada2a41676640472a25d9cac920c4f9d6ca6ca628dc25ed62bd3e569616
12,IWC-IW5030-08,IWC,Pilots Watches — CER BP PC TG LAKE TAHOE 46-BLK NUM-STRAP,exact,,exact-existing,40696d35f3b9463f08aacc1d8320b3d085d4b549e3ec55a981be8554e4e67a1b,ad8360c645e788f423dc2746e4a208ebff7bd6ac1e850c604494de3472eeefad
13,G0,Rolex,Rolex Cosmograph Daytona 116500ln White Panda Dial Steel Ceramic,exact,,exact-existing,cf3eed8ac5af839f2eb79278656507eb6a60c4093524463073b075c7303178a4,38dba897e0d8b6b4cf67a458e134ce702966aefadd1fb755aaca92900e2a1cd4
14,W1101,Breitling,Breitling RB0139211G1R1 Navitimer B01 Chronograph 41MM Rose Gold M,exact,,exact-existing,be69e2a0402b09650fbd7309797fc4a2b7fcb63e9cc6e034f62375ae4a6dc398,08a9aafc0fedc2d0690ccd1537b942ab989d1918b6a60d7c22b736529b73566e
15,G1,Rolex,Rolex Submariner Hulk 116610lv Green Dial Green Bezel 2017,exact,,exact-existing,82115cface9a86fb4fe72dfdf078e59102e62a4024527f5b11c4c9ebacc719f6,e17b8f596374efd9d3af4c4549935816d9fb6bddbdb11f681b442786939fd6ee
16,WW68,Omega,Omega Speedmaster Moonwatch Professional 42MM Green Leather Men's,exact,,exact-existing,a6796cc2ab275820f2705ea63189d72f84e69b25013f208dbd47db5c0289a60c,4af07e14c37d7376119219f8787cf450c8234c1d8f9bd123b8e5685329677fd4
17,WWN101924,Bulgari,Bulgari Serpenti Tubogas Quartz White Dial Diamond Bezel 18K Yellow Gold Women's Watch 101924,exact,,exact-existing,02f86faa6c364b75a0d89261b54b0587b9ed2bb985dec04d5b938f468342f054,922aee8e1c3eacd192daa25b6e16310f443e1088b5374629080e1f4ac0935d92
18,WWNG0A46023,Piaget,Piaget Polo Date Diamond White Dial 18kt Rose Gold Leather Strap Women's Watch G0A46023,exact,,exact-existing,d2fbe7972734c65e6ba89f7ac079712dd078410d38a7d68f14fa33b091822528,1e0132f36264b1216bea683f22011575bb0c9ebc1993836c51ea61f15fb1137c
19,WWN275378-5008,Chopard,Chopard Happy Sport Automatic 33mm Rose Gold Diamond Dial Rose Gold Women's Watch 275378-5008,exact,,exact-existing,2861cd06433a7748732f089b53d2d5f85e62120636d7c64216f819bcd2a059ba,d7b4c849b74249f2e726996c688b1a19365b54c7aefce0928f537dff6dc1440a
20,BREI-R17375211B1S1,Breitling,RG SO AUTO42-BLK IX-BLK CER-BLK DPIV-DB,exact,,exact-existing,5dd28983b13b8a6871c145f7bdd52ca7a59327daf5e3cba55475c50fbb32c223,b3e904c6550b182ebf99be8ea450e473cd70d447638026f899f7eb7be87bd19d
21,WWNM126710BLRO-0002,Rolex,Rolex GMT Master ll Pepsi Bezel Oyster Bracelet Men's Watch M126710BLRO-0002,exact,,exact-existing,b6ed22fc5e5338caa3017929b2b4641783b8fc7f4f70297f0746700df90075ee,62e4523eb6c1822c15891adefea727dadda37de1344a05eeadcf945ebeb5e8c4
22,WWN103146,Bulgari,Bulgari Serpenti Seduttori 18kt Rose Gold Diamond Bezel Women's Watch 103146,exact,,exact-existing,d6684aa3b15e371fc869f577c4f02685205b31752a299e79bf79051c4935b3aa,7c51f26f32a91f06a75c90d6ad0da3acbfc952d9e32ed31b62efc3cb51503a60
23,WWNG0A43010,Piaget,Piaget Polo Date Automatic White Dial 18K Rose Gold Blue Leather Strap Men's Watch G0A43010,exact,,exact-existing,0a523caa02d9506c7bc6ffbd8cc6d826493464653917522d4347300b32166c06,6f3126431f5f82958157dc0a93760b5a64804c7442e6df9ae6cdb1a3e5609b50
24,W12,Breitling,BREITLING Navitimer B19 Chronograph Perpetual Calendar 43MM Blue D,exact,,exact-existing,4eb7846e472874cddee51fba59d411062aac932997db97c23ff2c0cff9406f62,0e4c698b6ebe23bf9f7e574dd0c21b1111119a7f6c680e83bdd2bedc18820adc
25,CART-WJHY0006,Cartier,Hypnose — RG HYPNOSE37X33-SLV-DIAM BEZ-STRAP,exact,,exact-existing,3243cb715310ad35439ff6a1ce01029efa62869fcaae86478314fd31711cea96,88a9f1f446ef8283154882294e07713583314842dd717883cdd0eae1ca3de464
26,WW965,Piaget,Piaget Dancer 18K White Gold 31MM Quartz Men's Watch G0a03331,exact,,exact-existing,71efacfa5cf86f05a39356b969253068339852f1c0051dd88d9a18e2e3b4284d,028b7698038e41ca5e827bf2f56ed148246b71d0974640d1d716765bcd00f8d4
27,WWN301.PB.131.RX,Hublot,Hublot Big Bang 44mm Chronograph Black Dial 18k Rose Gold Rubber Strap Men's Watch 301.PB.131.RX,exact,,exact-existing,59b3e667fb39cd842f720fbbde300807e5ee5cd5a7b080e7d5a5a00f6a41662c,3995da704589fc9b4ab542328a1b4c4a5d7fbefb6b16cdcb25e9a13012545d9d
28,CART-WJ300570,Cartier,Himalia — WG HIMALIA 16-BLK-DIA BEZCASE-STRAP,exact,,exact-existing,3f7018af2faa155ef3dccde5603d69bbef3b1d84f495a3f71b73988f3c5a60ed,548f41efbbb785dac0063fe84502514d07fb4d1a4f141f4a03489bba3e8f622a
29,CART-W69002Z2,Cartier,Ballon Bleu — RG B.BLEU QTZ 28-SLV ROM-BRC,exact,,exact-existing,4ed832b52ccd12a54b71af02de228ea716cbfd37ec8e724f72393a48cdab10d1,e275225b11684a793517d6c7dbdf21ab80b70889b674aa65301f2d770dfc7bca
30,WWN161926-1001,Chopard,Chopard L.U.C Quattro 18kt White Gold Silver Dial Black Leather Men's Watch 161926-1001,exact,,exact-existing,801071942fa86cc0d3eae8c6249a24b7e0cc77714400d153d9e9c28e4ed010f6,631f471966aae87f4b06fb9384e0250d08b1cad9540f2bdea00c232f28fcc126
31,WW65,Omega,Omega Speedmaster Moonwatch Professional 42MM Sedna Gold Two-tone,exact,,exact-existing,6e0113c00dda21cd1d58e583681be854c6f40c6a301ca6c129a2b5a739fcc7aa,1d577b14ff777916e04c5c5d97c9e799f4b21f62a402926db6f05bcee9693fd5
32,WW66,Omega,Omega Speedmaster Moonwatch Professional 42MM Silver Dial,exact,,exact-existing,0ef14bf7bec49dd6ca8eda3643f33c8d7381d930bbe1aefff8f0b129ca66d5b2,a3d0c39daf5db4376402947268314a09393e06a35faac8ab627045908a894d7a
33,WW449,Breitling,Breitling Navitimer B01 Chronograph Automatic 41MM Blue Dial,exact,,exact-existing,88db30f4173c52d7277c866cd7f6c2399d62897c96f29895384b483c3ca158a8,e7bd9aaf8139d9d5dc4337bcb60c915f9911e8a2b2caf4a1b7f8fcac74cec926
34,WWNG0A47027,Piaget,Piaget Polo Date Automatic Blue Dial Diamond Bezel Steel Women's Watch G0A47027,exact,,exact-existing,54ccba180a2c4c95a54fcd4ca85c8f9f1ecf69733b00da63e1c39a8905c1b49e,b1a5211cdba9c2377e1ac796737773c3c2ee662ac6654ccab369ba3969d24f97
35,WW721,Omega,Omega De Ville Prestige 36.8mm Auto Ss Men's Watch,exact,,exact-existing,0d9ccab94e1e002949e1857c845fd26cbc7e2570e8cc4453640ade3d0b565fe3,da528e477b6cc9f41c899fbdeef18efbb1e6da9050ef3b57220c970fca4c0540
36,WWN298609-3003,Chopard,Chopard Alpine Eagle XL Chrono Automatic Blue Dial Rubber Strap Men's Watch 298609-3003,exact,,exact-existing,db0a5a13829bf7c04ee76eedf5302f3b4ad1c3e375962533ea5fc459de8b0328,88bc9678a6a98d8d078fc6a024a6855489a3cae3728cfacf71af22c6f8fe6bdb
37,WWN525.CF.0130.RX.ORL19,Hublot,Hublot Classic Fusion Aerofusion Limited Edition Skeleton Dial Red Rubber Strap Men's Watch 525.CF.0130.RX.ORL19,exact,,exact-existing,6345d52ce0ee77d8ed02a086d5da5256dddb8ce89b3d2ec8ccdb47798840ae00,38bb9fb20187332e5c59ad4431593357b52707d56055e8b893ec95b6ded62a15
38,WWNM126610LN-0001,Rolex,Rolex Submariner Black Dial Date Oystersteel Men's Watch M126610LN-0001,exact,,exact-existing,1587a2427890967deb9ad1048fb31550c10bf179034a9e0e476252feeaec92dd,2de3f58f281f594f300a4a23586a77a40d5280faeba0696fd6050f89928da161
39,BREI-EB0134101M1E1,Breitling,TI CHRMT B01 42-GRY IX-BLK SUBS-RLX BRC,exact,,exact-existing,bc789b3ce7506d1fadc419b940c0af664a1cbf3143acd8a686d6de86c822757e,959ab632a54cbc82c911be858de2292104c8d7e4085c6eccaec2ab51956f1edf
40,WWNM126610LV-0002,Rolex,"Rolex Submariner Date ""Starbucks"" Stainless Steel Men's Watch M126610LV-0002",exact,,exact-existing,20ec79606347cba655c9692721eb4b5141e6941a035c21a9f0a0aae48a739d86,a1a23497bc5e0ef454efd85be914a0d48c445e04a5f291b352d60e0b4986c18c
41,WWN278615-6001,Chopard,Chopard Happy Sport Chronograph Automatic Rose Gold Diamond Dial Leather Strap Women's Watch 278615-6001,exact,,exact-existing,0cc5545bdb7a33c30fb326b89fa915e55a5f2302437b0ddbd1908478cbf143f7,e3627c370dc11757f863f62c75773e9b29c4dae1e81c57b2de81d2db49e571f7
42,IWC-IW5004-33,IWC,Pilots Watches — SS BIG PILO ALI LE 46-BLK RED IX-STRAP,exact,,exact-existing,b81a7caf948beb660248b25e2984ce42f917b7798f439b87238e1dd91acc4465,70e93c274305a3978db4927120956f521317a389e194a30431f360e15d4a5df2
43,G7,Rolex,Rolex Submariner Date 116610ln Black Dial Black Bezel Steel 2011,exact,,exact-existing,6b66697e73d7cd977e588d5c1a16e040d9f3495efd7d7a682cecda7bac8b315c,9adbdb0e9f7a20857f00602ebb2889e4c3d3eb724e7d8c38424a6cf69f74df29
44,WWN311.63.44.51.99.001,Omega,Omega Speedmaster Dark Side of the Moon Meteorite Grey Dial Leather Strap Men's Watch 311.63.44.51.99.001,exact,,exact-existing,f1d46e4ffdf9ea9ccb407bae9a7b70683f8eb7a76f91e25778fb6d3bee2d57c1,045e8bff2e0b968e3317bc72daba95a32a160ea0c207af26f3e7078851596f3a
45,WWN275378-5005,Chopard,Chopard Happy Sport Automatic 33mm Floating Diamonds 18kt Rose Gold Leather Strap Women's Watch 275378-5005,exact,,exact-existing,e5b0f40a00ced23556efec4254f507054ab13d22faddf481af51a3134f381cb5,d13e952b721a80dc8caacc60268a9f0a4c7601ad4aa64d676a307bec025792b2
46,WW715,Omega,Omega Seamaster Diver 300 Co-axial 42MM 18K Ss Men's Watch,exact,,exact-existing,cd5225c09851fe0286bbd50a5c0889836374cac53612e805805820761e0f6f9e,d6d01894eb2ba165e90c36cd2d2b9a1d4cfa4478e309c4a8264b60ec267a5a4e
47,WWN304.30.43.52.01.001,Omega,Omega Speedmaster Moonphase Co-Axial Master Chronometer Chronograph  Black Dial Stainless Steel Men's Watch 304.30.43.52.01.001,exact,,exact-existing,1e6d281357b78c3e060e988c7bcb4a8d0f23726f6dd67a399086b48cba90e5f1,b7eff0bb12eae3025a5b2f0440d4e3d029fd10f17a329529812ba5ce4f9d0ea4
48,W1251,Omega,OMEGA Seamaster Blue Dial 18K Yellow Gold 42MM Men's Watch 210.20.,exact,,exact-existing,0cfbb1b470698301e4ca3e8c6d6f7f5716cbc11f462e39ecaf82dc7ff8381d68,a995f2a2284c08b82bc77d8d12de980bfd88837d9c09b293ab59ebc472ada906
49,WW69,Omega,Omega Seamaster Diver 300M 18K Rose Gold 42MM Green Titanium,exact,,exact-existing,009076b0cdbe3e630e3dec61494fb131e7f4c774950f5b44751ce06c150c7ff7,fff1e9bf95272cc387fd9cea877af760f8000391031fc547363e468c86a33be6
50,WWNM126300-0006,Rolex,Rolex Datejust 41 Stainless Steel White Dial Men's Watch M126300-0006,exact,,exact-existing,42933cc5e84113298ecfbbb839d89548abb00a6be1dd2843cddda81e12d59077,af0bd42766d61f1ab27593cde0e24b3df624d199d7a93d0a81476a5932efb2e1
51,BREI-SB04452A1C1X1,Breitling,BLKcer SPR AVI B04 CHR F4U 46-BLUE-BLK MIL-DB,exact,,exact-existing,7c6050900dbc6ab267340a0a6681601c46cc01646dfe17978a85dd047bcecc49,c1c184a34e3064e195df5c62b6404fcf9a7c223b3fd9562b728d468bb9dbe542
52,CART-WJBL0008,Cartier,Ballon Bleu — RG BALLON BLANC30-SLV-TB,exact,,exact-existing,cc9964fdd4d6d17559c762f2b8e2490d77e85d1499d8447fdca2770b74e7ae41,9f0cd90cf805ff164d86228f978efa0a15c3c205da7dc404bede592f7a27868e
53,WW720,Omega,Omega Seamaster Diver 300M Co-axial Master 42MM Ss Men's Watch,exact,,exact-existing,9907a421685eb34b55e6cb3aca2896df85863eb45d59d173196e028bdedb3d13,f22cb3a3dba5f607f52662342008aecb9b055f25949de5a22743fce623d1f22d
54,WWN103068,Bulgari,Bulgari Octo Finissimo Grey Chronograph Dial Ttanium  Men's Watch 103068,exact,,exact-existing,fe17967a5b427724facaeea0d7da1403c6f25db7415db3b291f9c56820830823,81a48b4ea5c20995ab7b9f93a6b1f11c1962c6a44032065972d946d75382c9e7
55,BREI-YB04451A1B1A1,Breitling,SS SPR AVI B04 CHR GMT MOSQ46-BLK-SLV SUB-PILOT BRC,exact,,exact-existing,d94246dd613c3b06ad6aef4a8518c4e5798d5542816b0d127282a8ab084302bb,ff98eb4d9034516bd2fd86f74a2cc44e084ba4dbe67f12c3d8c33aa95ba7796c
56,WWNM79310-0001,Tudor,"Tudor Black Bay Chrono Yellow and Black ""Bumblebee"" Dial Steel Men's Watch M79310-0001",exact,,exact-existing,9454a79ab17f5e4f986768434c167a0355be24a6e24b7c76577b3bda5af31d99,845adf59f0cb1681d4f2d063f16b9b8a6e9b4e9ecb0b8485021b806e0ff8bd72
57,BREI-AB04453A1B1A1,Breitling,SS CLS AVI CHR GMT MUSTANG 45-BLK NUM-PILOT,exact,,exact-existing,1b01d0e5fc3901c4a9452079bdca562a48f36fc220fed38bca30500c1a69868b,aba4f7572d8968bda93d4c78feab04f86c05ee958983d7995e979002b6ce1d82
58,IWC-IW3879-07,IWC,Pilots Watches — BRZ PILOT MR PORTER LE 41-BLK-STRAP,exact,,exact-existing,38f6f155c432da6e55e90d97c6a19085a029b5c9594e87b15f010faff8aaeeed,c321021ecba75afe363f3bfd092843c78dad1c801ba5328c3d5c50cd1a19f81a
59,BREI-A17356531C1P1,Breitling,SS CHRMT AUTO36-BLUE IX-LAB DIAM BEZ-BLUE ALG-DB,exact,,exact-existing,3c68a36c85b9f719cf6c295718fd33856ebf0891d06ff66d3509c0d45f840737,c61a06c709d17fcdea07c3ae8d0ca165972ff40abaa3b2744f3804334b88610e
60,WW719,Omega,Omega Seamaster Diver 300M James Bond 007 Edition 42MM Titanium,exact,,exact-existing,7ffd6015e3332257e62deadf029f3890e5cd83c1626c49136e2ab30c144933cd,56d5fca6b88dadf020d5542b15bad8ccde644a607a7c78d508fbbcee1094fdc2
61,BREI-AB04451A1C1X1,Breitling,SS SPR AVI CHR GMT CORSAIR46-BLUE-BLK LTH-DB,exact,,exact-existing,2857e7df5e26c7a98bc2861b77fec69b1f8365f4c320ea6ad0bf4bf0add62b74,1754f862a9ec48eab47f74c882d6cc1abb7c656831ec0d07d94798129ad3ae0a
62,WW67,Omega,Omega Speedmaster Moonwatch Professional 42MM Silver Dial Leather,exact,,exact-existing,9ad36e67c2ce1d64a356f026c3cf127ce0b1797e89a60f56b67b4e66cd02144d,b542ffef7708eeca9055f48c0c2bb8468b4bd2b562c901f794fd3658644061e0
63,BREI-A17356531C1S1,Breitling,SS CHRMT AUTO36-BLUE IX-LAB DIAM BEZ-BLUE RLX RUB-DB,exact,,exact-existing,b3334da2b9adfa4a9d5dc47c72f12862388a04958a015535254e8c7358d22cc4,db7a88f2e3054b0500dcfe396757e72ed49e84920f882c80a9816e6cf18c61e6
64,BREI-EB0134101M1S1,Breitling,TI CHRMT B01 42-GRY IX-BLK SUBS-BLK RLX-DB,exact,,exact-existing,f3ea135cc59d161551055825e005e9be87f96e24bf43f34d18359bd336bab01a,0f0b0642aaa0b5cc9fe8b89c26a2bae1e58ed79ac24a8fb53dde3fb8eb50f2d9
65,W1247,Omega,OMEGA Moonphase Co-Axial Master 44.25MM Leather Men's Watch 304.33,exact,,exact-existing,ee125b6cb135665f190d6f5976deafa2247591846a2251bfaa2cb2473b16cee5,07ef302e6943d1c999081b23ce57d6af2fa8707653b401bdf8aea69095649a50
66,WWNG0A49022,Piaget,Piaget Polo Field Automatic Green Dial Steel Men's Watch G0A49022,exact,,exact-existing,39d3e172ea55ca924a15ae483913680b43432fc789d46cea180f27cb3c4a077e,645a0b49561454cf426bd6a40c38b1f80f70e61e5d44b75d8263c60b31c237cf
67,BREI-SB01472A1B1X1,Breitling,CER AVG B01 CHR NM BLDHDS44-GRY-BLK SUB-BLK MIL-DB,exact,,exact-existing,8c4ed7d1f7cfbcc029420b7f9ada0460d3de3a991cf0f5b165379f20dd295d2c,6592feb8723e5e88c3ff1ad29c4a39ca5311123c447d80eb175f6a8f6e27348d
68,WWNM224270-0001,Rolex,Rolex Explorer 40 Black Dial Oystersteel Oyster Bracelet Men's Watch M224270-0001,exact,,exact-existing,31a1d3dbd2efd1900ef992aa8894e344cadd9eca8f323b51678a245c38639dc5,f30da4970c1c039771d53b5787436f1a33f8f19b9851240d8efb8f8d0648f6eb
69,WW824,Omega,Omega Speedmaster Moonwatch Co-axial Chrono 42MM Ss Men's Watch,exact,,exact-existing,77dc8b285fc8446425af9806106d12d57f71dd22253f91fef9ebc59f6a0b3b78,da5f50380c3120371dc7cf3a015f58499b80c4a5e070df0f39ba7be3506d19d3
70,WWN311.92.44.51.01.005,Omega,Omega Speedmaster Dark Side of the Moon Chronograph Black Nylon Strap Men's Watch 311.92.44.51.01.005,exact,,exact-existing,5b07166e0695838615d17f39df3023f89ab2918a661ad1082697aaf2827c8784,52e9e66e001a455fb6de351d0aa62b3220509a5d00c23f1be2d2e28d4b475f02
71,WWN298617-3001,Chopard,Chopard Alpine Eagle 33 Automatic Blue Dial Steel Women's Watch 298617-3001,exact,,exact-existing,337c94c76c6547007209f1eae78e134175829baa847c3d26e2c0ef571744d3bb,c608925156bcfc3aa7e41d7eee9e56e87b3c2651c0bd7b5edd9a1edfb76c6462
72,BREI-SB01474A1C1X1,Breitling,BLKcer AVG B01 CHR US NV ACAD 44-BLUE IX-BLK SUBS-BLUE MIL-DB,exact,,exact-existing,626ff8bd067da5681706d444dfd0b019187ffe5c8f9bed035ebe7554305373a4,cf4a2fa1f402969f1d925540205a225c77b31c1e0773dbc05a6b71ba45a3b026
73,BREI-EB0148101B1E1,Breitling,TI SPR AVG B01 CHR46-BLK IX-PROFIII BRC,exact,,exact-existing,3277ebdaa7f4871b8b49d5f0ca5bb82ad8c81c863ee7ad7ced46347f91d14c7c,f1cc6b57597e23a70d52bb7185bb1bff343540544035b1013e8e1b3b03fb4a92
74,BREI-EB0148101C1E1,Breitling,TI SPR AVG B01 CHR46-BLUE IX-BLK SUB-PRFIII BRC,exact,,exact-existing,dab6ed3de85a4ba66d5f3e0f639e29919607188d32af49f1536823578fedf085,0d454ae6019e48847c4e1ccd9761efe26437377cedd94f0556f49aa57b4c30a2
75,BREI-SB01473A1B1X1,Breitling,CER AVG B01 CHR NM DEVILS44-BLK-BLK MILT-DB,exact,,exact-existing,e59e526096fcf348b9770f2fec6bae80adf874de6189f2d05df33cf7d9c4fd5d,23954381f5cfac3dfdef894f4ee68fbd5cd001a067fbbf648f52dc4e43c34703
76,WWNG0A48022,Piaget,Piaget Polo Date Field Automatic Green Dial Rubber Strap Men's Watch G0A48022,exact,,exact-existing,8f9a820513c1bf1f63b186d5467a15eb43020ad8a7673e12f240923126cef9d2,a5338e025d94529e83d164e72f29c5ffd299049a052ca0c2d97a5e302e1c12f3
77,BREI-AB0145371L1A1,Breitling,SS PREM B01 CHR42-GRN NUM-NAVI BRC,exact,,exact-existing,96b3f81ed22e22d114930f02396026ab59d1e7f19b0696f1c41dbc822d2565ac,3131f7d783a1dbc3b402720adf4d76d84c5892171752b966fda8a8722367e98d
78,BREI-AB0134101C1A1,Breitling,SS CHRMT B01 42-BLU IX-BLK SUBS-RLX BRC,exact,,exact-existing,ea668c2cbbb8c7dd13f4cd9b3fd614eb37fba533088924d657b02f1dd75cbd7b,b0da6623cc9c1743696b67019e9cd77c10d11ff6b56e54d2a37482712fc5d8f5
79,WL7,Panerai,PANERAI Luminor Quaranta BiTempo Automatic 40MM Green Dial SS Men',exact,,exact-existing,138788da8b331d3c8da939bc4a3e41b5f89aceecadbca1af111b540f44c04e49,93a87f13f9ff2ae7115d80719f7d38ac9626d7df4e16ada3c91fe2f0f755f93a
80,W1240,Omega,OMEGA Seamaster James Bond 007 Edition 42MM Titanium Men's Watch 2,exact,,exact-existing,cac136803df36b0d89f6cefc73e2b58266a403d4e7b21d52c2bb3a349b00f314,a9227e4189fd51a693e1f4b556855ba70badd3a271178b73f9b72e74b3605a49
81,BREI-AB0930F51H1P1,Breitling,SS PREM B09 CHR40-CHP NUM-BRW ALG-DB,exact,,exact-existing,b908f9a355315215634d15174297532e3dc3e27d4041cb39f10706bf261f25b6,b43592062c8ef063aec64d8c70b8924a6b6592670625584b6b4b8fba8c80da7e
82,BREI-AB0162121B1A1,Breitling,SS SOH CHR 44-BLK IX-SLV SUBS-BLK CER-OC BRC,exact,,exact-existing,8adb11a8cb785d9a30e1077e3cb4aa1d76c69cbe72fe6acce02d0bd146dec417,793967505aec626b278ca7970f3cecd65805298b2ade5a145c2a60709946ab67
83,WWNG0A43081-CD,Piaget,Piaget Possession 18kt Rose Gold Custom Double Row Diamond Bezel Women's Watch G0A43081-CD,exact,,exact-existing,b2ef3f201c89f1b5342d4ace266ecc47f3a9e1954390b69746b4fabef02d54fa,36bfd9354711c79fa7e3c2a72c3b29e037ff04450f14e69d24464bcd4f8a2cae
84,BREI-SB0148101B1X1,Breitling,CER SPR AVG CHR NM46-BLK CARB-GRN MIL-DB,exact,,exact-existing,08b05aa58997e6fad1651fe6e81eda274a674ae2a9d5bf6384f9040f1de6baba,ff38f45e28b91e0f2bba500fb2e482392e6b82ac7cae5a99c81a40595a7eb656
85,BREI-SB0146101B1X1,Breitling,CER AVG B01 CHR NM42-CARB-TAN MIL-DB,exact,,exact-existing,782fd5f3054ca76d974041e189cf39f783d914992925d468ca1aae943e78ac97,75b8925e92b730be5bef063e0f25d549fbc33e35e557c3ee7e8e4c7038d335c7
86,WWN278608-6013,Chopard,Chopard Happy Sport Automatic 33mm Mother of Pearl Diamond Dial 18K Rose Gold Bezel Blue Leather Strap Women's Watch 278608-6013,exact,,exact-existing,8436d4b869b2e69cce26442c537095578c598520f59bbe506edc563d88a70e12,862005aba05e1ffe5f5f7605977df3c5879aa505f2f7cc2207f38020c73c6ecb
87,BREI-AB0134101G1A1,Breitling,SS CHRMT B01 42-SLV-BLK SUBS-RLX BRC,exact,,exact-existing,b579f0892c1156fbaaae03d6e74c273a8717be4584f9454b478e1ea2e97f2258,e7ed916c1b5179ecdc6db5fc37f80f1b49c4456532955aa79cecd424e41cb0f2
88,WL12,Panerai,PANERAI Radiomir 1940 3Days GMT Acciaio 45MM AUTO Men's Watch PAM0,exact,,exact-existing,47bc4f272fa3cc54a1e251d4e680f03074e00e56361463a9712af7f720c79c4f,6234ed5ff0ca2b17c24157ebbdfaec6a4c877a895306416b2c18f59bc02ef2f4
89,W1252,Omega,OMEGA Constellation 18k Yellow Gold 29MM Women's Watch 131.20.29.2,exact,,exact-existing,60bc895166bf952516c8f62715bc663e6fb061b89ee5919a6b6d14063526a9b2,b6516663eefe8641ad61327e43ddf09a70117899098e6c06bc9af45e98f14d1b
90,WW278,Tag Heuer,Tag Heuer Carrera Chronograph Extreme Sport 44MM Titanium Blue,exact,,exact-existing,acbfc5e3ce867f90406d86e1c4681d5dd67fdbf0f7aa0e77e87b706b595292ad,24b50891d04395ea0fe319fa6b90ecf176da41aec231496fd923d34c393ec9db
91,BREI-AB0162121G1A1,Breitling,SS SOH B01 CHR44-SLV IX-BLK SUBS-BLK CER-OC BRC,exact,,exact-existing,1ba0c434718380b2dd31e346f9e3dfb243de740192f78c74b1f281d257ef23ee,57c84638ed77048279095ff53d36ab562dd76abbe86558c998601a4eda99aaa0
92,WWNG0A50301,Piaget,Piaget Sixtie Silver Dial 18kt Rose Gold & Steel Women's Watch G0A50301,exact,,exact-existing,e1a5ba026e4253f6987bc29aa22e211e676062682c20f5ec9f2f870120529f8d,20239a7cee59bc15d70623c91623eb26652ab864e83af5b77fe0701cc74629d6
93,WWN215.92.46.21.01.001,Omega,Omega Seamaster Planet Ocean 6000M Co-Axial Master Chronometer 45.5 mm Automatic Black Dial Fabric Strap Men's Watch 215.92.46.21.01.001,exact,,exact-existing,317aa0a6d458064e6d974c715822c797907a6d8c3011d40208b121a0267d33b5,d72a833981cf67b633fe672841078b102d3dd5cf36caf8dd355f95bda9dfe64b
94,BREI-AB0134101K1A1,Breitling,SS CHRMT B01 42-COPPER IX-BLK SUBS-SS RLX BRC,exact,,exact-existing,f51d040466f59af0d884cf0fa3d9bdb251691e708c373a84614012af29192397,351dd46ab3e316c8220f1bba42eb71b3ab3f6cd3bc887fe4a5faf18e6a2cb5da
95,WWNCDW2150.FC8360,Tag Heuer,Tag Heuer Monaco Chronograph Black Dial Leather Strap Men's Watch CDW2150.FC8360,exact,,exact-existing,cf027dda46033786ee60888246c17552fa0092c0742e3596e7780e1d860cba60,8bed21e2dc8df3d610c88ac071f0f64a8d8bc9c62b4584e4aa0dae28f98f778c
96,BREI-AB0145221B1P1,Breitling,SS PREM B01 CHR 42-BLK NUM-BLK ALG-DB,exact,,exact-existing,643ebde55072a4da07364b6aa871ea54c7595f9b3dd22b88c4b1d8282e44f53f,d8255d28a1162a05b7bc7410b27c6c0841bd0586e86a534bcf4016dce68d6c84
97,BREI-AB0145371L1P2,Breitling,SS PREM B01 CHR42-GRN NUM-GRN ALG-DB,exact,,exact-existing,63d05c788ebff1f5507f058dc8e0e6d58a9d37b1477da93e4631ffdc77455170,617d0d986a66fb343b81c834205b187bb3f03ca4ff13aafc2fd2d81040ecb667
98,BREI-AB0145171C1P1,Breitling,SS PREM B01 CHR 42-BLUE NUM-BRW ALG-DB,exact,,exact-existing,934df2e623c0995b1a9271d797a86d5e2a5bee32969ef36e38816a5f60e7d8af,51bdb589991a2c27a7b8769ff833d3bd71e02a089dcd991cf96ef0321d36cdad
99,WW70,Omega,Omega Seamaster Planet Ocean 600M 42MM Black Dial Rubber Men's,exact,,exact-existing,77c30f2fcb26a222c73eb2e247d5dff3a7e5db1251234ce85df069e8333243b7,eae46dac1a81689b6c004ed72355b29e8537ac00cf74e57da437c21e7739c6dd
100,BREI-AB01342B1B3A1,Breitling,SS CHRMT B01 NFL FALCONS 42-BLK IX-SLV SUBS-RLX BRC,exact,,exact-existing,a2637c2152b6bddb802cc5b89ad5c3428c3197ed34794fdfda88bbaec5bf9a37,c0cd0ecbf8e6191c49c1343e456a6a328bab54c4ccbf8acd566ae1bf87da5a23
101,WWN274189-5001-CD,Chopard,Chopard Happy Sport 30mm 18kt Rose Gold Customs Diamond Bezel Women's Watch 274189-5001-CD,exact,,exact-existing,7410acdaa929aa7062df526ff72fc3a557dae5db24fb154103aea3487d2a4a60,fdcbfea4ab2f8139714e5712289b6111b8dd5b9d7bc6421bac6cecade03bd376
102,W1243,Omega,OMEGA De Ville Prestige AUTO SS 36.8MM Men's Watch 424.25.37.20.58,exact,,exact-existing,fd2b86056d75e419d51f0800d9eba10a0311e32d78de0c815fced6bc8eb4f67b,7ba2487d4ad7d71018430ffb6561b12aabbb08636b8b65922fe45e28d54d4dd1
103,BREI-AB01342B1B4A1,Breitling,SS CHRMT B01 NFL SAINTS 42-BLK IX-SLV SUBS-RLX BRC,exact,,exact-existing,39bf2ce284053300040eb6be591874e605a05d12becccb0cad8f514a53ec205f,a122837ec0b2a15b61a4fdd9a642fedc533ac30bd3268db0a6e49111cdf2d446
104,BREI-AB01342B1B5A1,Breitling,SS CHRMT B01 NFL PANTH 42-BLK IX-SLV SUBS-RLX BRC,exact,,exact-existing,54c5fec37eb4e5ae5f55935e1ad39b7f251d16fba3a999115d8dd4fd411958bd,ef34575b80c7fa8df00748add119c5f4d627cf9929da448a704eda0caa913954
105,WWNQ1248420,Jaeger LeCoultre,Jaeger LeCoultre Master Ultra Thin Moon Silver Dial Leather Strap Women's Watch Q1248420,exact,,exact-existing,e14af16275f590e5267e10e759b69a243f927f4a0f835a3e2329a28dae4a894f,af0231dc79cb8e8ad9645cb196c3641eed6376808f1fd42a41c5593a93483395
106,BREI-AB01342B1B6A1,Breitling,SS CHRMT NFL BROWNS 42-BRW IX-SLV SUBS-SS RLX BRC,exact,,exact-existing,72dc5345ffe11aa1ed17bcf389000d1c63f75bd77c76040a7237e1b5cea0ba44,3cbf9a51af137cae70f3e90e7444a5ce147b119b60b5662bc096cca9aa56de87
107,WWNCBS2016.EB0430,Tag Heuer,Tag Heuer Carrera Chronograph Seafarer Beige Dial Stainless Steel Men's Watch CBS2016.EB0430,exact,,exact-existing,7257f2075d8660c4b5ef5e4fdd1ba3af86389c5fcee43398a4140123d55ca551,39b77404045818dba4ec571174778abb10e739db47225af81e31f58ec53b4ef1
108,BREI-AB0162121B1S1,Breitling,SS SOH B01 CHR44-BLK IX-SLV SUB-BLK CER-BLK AERO-DB,exact,,exact-existing,89cc5c8eceed71ef8e77582da759e45fb93b605803adcf04ce25967e76b88284,ffa907cbf30dd4dd2a0a1c6c3a24dad8eccae407eb83e697f816faa874d7bd96
109,WWNG0A48390-CD2,Piaget,Piaget Possession Silver Dial Custom Double Row Diamond Bezel Steel Women's Watch G0A48390-CD2,exact,,exact-existing,c9761b3d3aa963350e90f9d818033801cd61cf0b666883f139da0f90a6e4c5f4,25d646b2c2171cde01602b689a632715f468f5193a8f054ac56ab78ba2fc1cd8
110,BREI-AB01342B1C6A1,Breitling,SS CHRMT B01 NFL TITANS 42-DK BLUE IX-SLV SUBS-RLX BRC,exact,,exact-existing,5ddee2f3b9440993d6dc8230061db671642c500769e08cb223b2897c42798392,bd4202917b37990600b4af0ac560ccd00dbf658586033cd58a65ffd934193ccb
111,WW374,Omega,Omega De Ville Hour Vision Automatic Ss 41MM Brown Dial Men's,exact,,exact-existing,7c83afa8e01601f39480fa8d5924911d88a043beb3e7ef0345967d64673a5cab,6c2d735e2c854ed3312e859d6b02019aea7d306027cf14c561d39bb5c299a7e0
112,BREI-EB0148101B1X1,Breitling,TI SPR AVG B01 CHR46-BLK IX-BLK MIL-DB,exact,,exact-existing,11fc4fca1bb73f8ef51943af97a215d98eece7c691880436ebd0b6a79768d351,4df6da33558157bacae81edfc51c1f107c432773b31980a5a40d58a87ed7fd76
113,BREI-AB0134101G1S2,Breitling,SS CHRMT B01 42-SLV IX-BLK SUBS-BLK RLX-DB,exact,,exact-existing,f5e715fa5d75ec04dfdd73f71fa98b22297ec9de48238a081287b6fcd7f771ac,a70d9373ba0720818c332c10289b814015b1824ca3e38d1dd67fa72a4995840f
114,CART-W1527951,Cartier,Ronde — YG RONDE 34-SLV ROM-STRAP,exact,,exact-existing,fcae5323135c216b24f95455777faffe26ad631bce611394cdd8b8d89efbca27,49848dea6a2f7999fed68501111228523a3e545e7dfba1afdf7d6c13e2cc95f1
115,CART-W15X5856,Cartier,Diabolo — YG DIABOLO 27-SLV ROM-STRAP,exact,,exact-existing,3ca16d7acfa59439243587183a592f0490f2e3035d99c33d46d5d76388bcc893,7bf0361e6d432fea5a85de712cee9d042533375983526d9266b4114d85a671f4
116,WWN361.SX.1270.RX.1104,Hublot,Hublot Big Bang 38mm Black Dial Diamond Bezel Rubber Strap Men's Watch 361.SX.1270.RX.1104,exact,,exact-existing,b4ba716d719c53f3398cb83fe011c01174873cb102543418c805dbc68805b673,cde1967f6fbf4c64be4d1fdd835da80d4e29343e4755ccd0f7f80b3c6afe4d2d
117,BREI-AB0162121G1S1,Breitling,SS SOH CHR 44-SLV IX-BLK SUBS-BLK CER-BLK AERO RUB-DB,exact,,exact-existing,c5d7c890f19974eb328c3db045546a02d1473a3b9b2d7fc633551634b611ba27,a88831a6a546077da5efc4fbe15985df2bebe65053dc3383024cb9216b0a56e9
118,BREI-AB01342B1B3S1,Breitling,SS CHRMT B01 NFL FALCONS 42-BLK IX-SLV SUBS-BLK RLX RUB-DB,exact,,exact-existing,a6f36abe6c11eead252a991031eb1a5d907901ad17814069fd6c61a122799e1a,ae3d805b535ec4674ff16175391f65126f52f716df0cfc7b6f71d42737d266ba
119,WWNG0A50300,Piaget,Piaget Sixtie Silver Dial Diamond Bezel Steel Women's Watch G0A50300,exact,,exact-existing,f1794d7891713f46157a74c9420b198ead923da7d50896f652c9d91f7fcb3e63,5ad03908b666707ed0522ff858d29b7bafabb97e552e48921818adcd4305915b
120,BREI-U13313121B1A1,Breitling,S/RG SOH CHR 44-BLK IX-RG/BLK CER BEZ-OC BRC,exact,,exact-existing,493fbf96ab8dff0b5db3b7a1f71693e13520b01dac3df44d578f26b18dd043cf,1a6ad9fff901c8e1f2074cc00622a176fc77ccb9811b538f838da80dbf3b0f40
121,BREI-AB01342B1B4S1,Breitling,SS CHRMT NFL SAINTS 42-BLK IX-SLV SUBS-BLK RLX RUB-DB,exact,,exact-existing,415be4f10e677ecfcf49bad2a04a113bf72bc5a719598a8b7b33013f10ef113b,73d3a5aa7372886884cb15084bb7bb4d1a23eb155519792acdb06e7c8f6eeec3
122,BREI-AB01342B1B5S1,Breitling,SS CHRMT NFL PANTHERS 42-BLK IX-SLV SUBS-BLK RLX RUB-DB,exact,,exact-existing,f0465285d7ad986b4857836a18ad7318e868ccd6145149b3c6c98e11a61b4379,1150e9da641a83cb1801284617ccf7a8f88baa2ce5f1a7dcd0b69b9ee2223fc0
123,WL11,Panerai,PANERAI Luminor Due 3 Days 45MM Automatic Men's Watch PAM00674,exact,,exact-existing,9552d882134047419ea0b08f12a98ced03bfffb21f211a46db5e1a69b899c1d8,bf5995926245977fbbe3c859f3ac8dc23995ab7b1094724ebfee4ead34eee647
124,BREI-AB01342B1B6S1,Breitling,SS CHRMT B01 NFL BROWNS 42-BRWN IX-SLV SUBS-BLK RLX RUB-DB,exact,,exact-existing,470d6fceefd6cefb327373a36916fbadba4b5387482c3c02ac5cadab996e9a37,7c844a0fde3271c69b7aaffcecbba9aa2657277ac7f331f2e2395628ba9f6e3b
125,WWN103075,Bulgari,Bulgari Octo Velocissimo Automatic Black Steel Rubber Strap Men's Watch 103075,exact,,exact-existing,d58dd28f2165ea1da9d18c349e43d28da884066ee98644fadecb0a7d7cd0f53c,8d2cfe8e36242b917878ba617c886872d1482a14945fa264c47a57c1ca411dd6
126,W1238,Omega,OMEGA De Ville Prestige AUTO 32.7MM MOP Dial Leather Women's Watch,exact,,exact-existing,1d2ed75a6ff6a419c848027ca10ebe18ab888974fe8419e71ea1024b8986ae1e,1c63a1cbabc7b324155d2a1b73567bb99e5f4b31723173dadb3738fe24b46bc9
127,BREI-AB01342B1C2S1,Breitling,SS CHRMT B01 NFL COLTS 42-BLUE IX-SLV SUBS-BLK RLX RUB-DB,exact,,exact-existing,0b8fcf7529407eceb51203eaed918d5f31b7a2e052f2e30fc1f7f73ccbf6d744,1ea5a46a1c2352ad86a65faff353090f0a0417a9d8af859f07891e23eee0abee
128,BREI-AB01342B1C6S1,Breitling,SS CHRMT NFL TITANS 42-DK BLUE-SLV SUBS-BLK RLX RUB-DB,exact,,exact-existing,443e00ad38293d9b7252c36cdcd0ccb7c57ae15a12fb44278923230d67d4a7ef,f4c8b3bebde9e0ab3b9792d515d77143ff802f408102f3bdd3741087875b1bee
129,BREI-AB0162121C1S1,Breitling,SS SOH B01 CHR44-BLUE-BLK SUB-BLK AERO-DB,exact,,exact-existing,3dc24de023d0e6f34dc4e5cd713d7e4ca4e38cf443019cd7e29f07b061034026,2ea855e4e22b6151a182729ae314501feec93d2e522ec8c0f63630e8419ec0f7
130,BREI-AB01342B1C8S1,Breitling,SS CHRMT B01 NFL CHARGERS 42-BLUE IX-SLV SUBS-BLK RLX RUB-DB,exact,,exact-existing,e416d044140e9e7247adc9a23ce5fc31ff76c4f54bfe897dbd0a8b6a8fe599c6,a0d9e4770e1b23361de29eb8930dba3e4ded7f8b70b048d3d05d10ffdb960691
131,W2127,TAG Heuer,TAG HEUER Monaco AUTO 39MM SS Blue Dial Men's Watch CBL2111.BA0644,exact,,exact-existing,38fdfc7e3637f19345d54e3e051bf72b28293507b3168acafc1f8915dd906906,c1d0b46fdcd9a1ef43e74f7cb3f4d82051c881d793256cc227d692452d169123
132,WW574,Omega,Omega Seamaster Aqua Terra Shades Automatic 38MM Men's Watch,exact,,exact-existing,202ff68b5eeb5f5ee478028ccc3a96c17d4fa713d191145c127cbc8a5259f750,08a010a8301067ac02054744369ae8be570acf8a3c40749f34b6f1a2675ca4e1
133,CART-W4CL0005,Cartier,Cle De Cartier — SS CLE DE CARTIER31-SLV-DB,exact,,exact-existing,7185df3198d452d1446deb3de7055ac9ae52206e61c375543beb396450cd4532,5673999731508985daf598c6637b6b41b7c35157683da1b41afac4ab76233033
134,BREI-M13313101C1S1,Breitling,BLKss SOH CHR 44-BLUE IX-BLK CER-BLK AERO RUB-DB,exact,,exact-existing,b46a32eedf329d38491f07925461f5a7ca4b045fa4e062adcfc78bcf8a37906c,7cc954eebf99c47f5d619c62e83762bc3c44459f1e8b1687398fd3692376ee52
135,BREI-AB01762A1L1A1,Breitling,SS TOP TIME B01 FORD MUSTANG 41-GRN IX-BLK SUBS-OC BRC,exact,,exact-existing,b51fc1d0dd084ce4026b980ab0962f4c1d604323d0448511c37469da82c1747a,f24e77ad56b63834fac0bc46ccb0ab6f530b3b07350be57a9d4dca55385cd567
136,WWN332.10.41.51.01.002,Omega,Omega Speedmaster Pilot Chronograph Black Dial Stainless Steel Men's Watch 332.10.41.51.01.002,exact,,exact-existing,a39646283d98661fd7c5867a6e709d8f782e7b25b5a4dfee29067c15a2ed8191,76319e318a60f0cf8843444b5b1a3ffaadfca89976ffb41555114b21fb37f33c
137,WWNCDW2181.FC8360,Tag Heuer,Tag Heuer Monaco Chronograph Blue Dial Leather Strap Men's Watch CDW2181.FC8360,exact,,exact-existing,93fb589ffd03e94be06c83adb521fb595528d8640092d6a4953ca7b1abd13587,fc173756f9b69e61963c628b88ba8f61ea0cef2b2677770405aa44328855c3db
138,WL8,Panerai,PANERAI Radiomir 3 Days Acciaio 47MM Special Edition Watch PAM0079,exact,,exact-existing,5811ed2a831035040c04a33969e1bcf5940785a3a9c9565d9a95931d88ac27a0,37d3a9a64c6522b9404d5c95b4512ee35fbf157a31c8303849c00974461bb2bb
139,BREI-UB2030121B1A1,Breitling,S/RG SOH B20 44-BLK IX-RG/BLK CER-SS OC BRC,exact,,exact-existing,c4e8a0d0bcde3e0312902199367fd66c5fcf69d4ae16e086a6f2bbd10a2ebb34,dd28000038fd9581e357cc54335ed52cc5cb2e23816536389ad7b8e6cb7ad12f
140,W2100,TAG Heuer,TAG HEUER Carrera AUTO 43MM CHRONO SS Black Dial Men's Watch CV2A1,exact,,exact-existing,5e67e073d14331519f08d6a4dc682a9b4a2a2cf15f541d7ff0804728e49f1f61,2c67fc0b8a4f2807a73aa406fc833975745751b780320b0ca9e0e5d2f95b3b18
141,WL10,Panerai,PANERAI Radiomir 1940 47MM SS Limited Edition Brown LTHR Watch PAM,exact,,exact-existing,861fff6f003c2479403c08bbae4e58f3733fa717bcf758ad63369fade882c946,191332af97c8424873079034ce98cb4bec59b9050f90e19fe01c7830b725902a
142,WWNPAM01218,Panerai,Panerai Luminor Chrono Automatic White Dial Leather Strap Men's Watch PAM01218,exact,,exact-existing,5c568bc340c6a82c681f1103104a28069c22e7bea05910527bbb1d331b7a5614,a2231fdf80e2ee5f80c32606a07c59fb36bd1e048b0e3ee23e62a311675da52a
143,BREI-AB01763A1C1A1,Breitling,SS TOP TIME B01 SHELBY COBRA 41-BLUE IX-SLV SUBS-OC BRC,exact,,exact-existing,a586fe7a2d45d61cd4403eee99d7c003a7fd6b3d947a154ef6fe04221c3dda1d,18b1f3b91530263b5f59fc9cb43a66ff8fc5ce357c4b4c6a428773b81e5620ad
144,W2103,TAG Heuer,TAG HEUER Carrera Porsche Orange Racing AUTO 44MM Leather Men's Wa,exact,,exact-existing,256e25a1b6c61442405f2dbeb0ca0bc7dcc8ef052aa542668f7501d5bf5e5972,4a4cc1c60df515d6472ebeab1f358ed4c9171ea28fdbff02bf72f7fdf350ce9e
145,BREI-AB01765A1B1A1,Breitling,SS TOP TIME B01 DEUS 41-BLK IX-SLV SUBS-OC BRC,exact,,exact-existing,b5d379ecfc9fb25135444d13f81f02af240d4afc0496e0620d8d3dc7e3258d52,e6e5782be8e9002a1c2ac086d05a347db65a0fad0edaffb84c9f3cff04145d9e
146,BREI-AB01765A1B1X1,Breitling,SS TT B01 DEUS 41-BLK IX-SLV SUB-BLK LTH-DB,exact,,exact-existing,6f56f264f697e483c0d33a1b170a37bea694c436d12afef31bf4000e92d08bfe,95ddcfd50780e4bc29f4467387d0cb154a0e833ccd7919b9783129613a550117
147,W2128,TAG Heuer,TAG HEUER Monaco 39MM CHRONO AUTO Men's Watch CBL2113.FC6177,exact,,exact-existing,e8dcd5d8484f94f140845371c74c8d08bacd482a30146de47d7703b58df0a6e7,e776ec3a269b77040a759d2d4f15e355d83c5786eabbd6003751927abdca42f1
148,WWN102954,Bulgari,Bulgari Lvcea Automatic Mother of Pearl Diamond Dial 18kt Rose Gold & Steel Women's Watch 102954,exact,,exact-existing,b9abbc4297db8b2e6079458dcc774d3afcbdd35e770fdb978f5647c798422217,210a03fdbf533eeff79b36e554ecf9c030138a4ec5ea9e9dac2a953114797e38
149,BREI-A24315101B1A1,Breitling,SS AVG CHR GMT45-BLK-GRY SUBS-PROFIII BRC,exact,,exact-existing,6e3488d731daba377147b67f9039d1d6cf88691088c7adeeee37d32d1936e7cb,3b514760ea5a1378c002f38250333ca44b233f99b7d2c1497538166144b83d7f
150,WW71,Omega,Omega Seamaster Diver 300M Automatic 42MM Black Dial Rubber Men's,exact,,exact-existing,6e983b34f0b5e84e62ae2af25f9f074ccd572b2aa5a5ba6bbfb74e3200d3f672,67e70a96e2be3d70e670e993593a6463999e45bd936c6ec748ce9220dcbb5f37
151,W1237,Omega,OMEGA Seamaster Aqua Terra 38MM SS Summer Blue Dial Men's Watch 22,exact,,exact-existing,12a1dd3988ebea8caf9155ee5344c7b38aa82c2356e196ce2088bb8332d60966,c8c2be8efb885170583ad6b47aba0790fd187074c28e5945dd489cd6f0ca7c02
152,W1256,Omega,OMEGA Seamaster Auto 42 MM Blue Dial SS Men's Watch 210.30.42.20.0,exact,,exact-existing,0eefc7502a054b0565825965d56752f99393f03c760971c2f1fbcbc89d19a1c0,37225ce8bbf1a25ef3c7326db3594fd7a4ff633cf07fa8cfc07c1054ed26d032
153,WWN168619-3005,Chopard,Chopard Mille Miglia Classic Chronograph Automatic Silver Dial Black Leather Strap Men's Watch 168619-3005,exact,,exact-existing,8647063a6417e9e625ff72bf8ec846be4cc04eb8476a0d5a0bb142ba39432a9d,63e8139561306acaf041b9d5bc76a08f6a404104541c95c4651c82b933df6094
154,WWN278582-3002,Chopard,Chopard Happy Sport Medium 36mm White Floating Diamond Dial Steel Women's Watch 278582-3002,exact,,exact-existing,d42c88ee25af0c4a42403b9ee8fe540a9b75ab029b5ed02e401f79fa52947c26,63f5d617f11bcf677daf5b7c41580c7da09b10740d586246f5cd1adf71fbd854
155,W268,TAG Heuer,TAG HEUER Carrera Chronograph SS 39MM Blue Dial Men's Watch CBS221,exact,,exact-existing,9e5d8a769b721bd4dc7a199f5b1870fdc421abf8af721c2bfdccba1e5260f4ee,83c4357d48c058c799906c3d699bc18313f234f47091e5fa1e740297050418f7
156,IWC-IW3717-12,IWC,Pilots Watches — SS PILOT SPITFIRE CHR LAUR 42-BLUE NUM-STRAP,exact,,exact-existing,410cc4649491e068f4f64934827cf8870b0cb0f11f15887e8208b1a268b91297,7dfe7760cf53b02994fa48824c1f2312692ccc97a13b70d51509d0dcff2c38a4
157,BREI-E10379351B1E1,Breitling,TI SO SPR DIVE46-BLK/GRY-BLK CER-PRFIII BRC,exact,,exact-existing,281e4361ad8f6c4fb7d4a881701285a84fb632986ab1416e93a06af9db4c42c5,38e87a087ea1c18890ad740e9151026d5672cc727924e2d41ac1e9b452ea07a8
158,WWN388531-3003-CD,Chopard,Chopard Imperiale Automatic 40mm Custom Diamond Bezel Women's Watch 388531-3003-CD,exact,,exact-existing,1712858daf193901acf5d41ccfd8505ab3b57f461283b5077aa263852248a47e,af2d1ff252e4b2089207a5bab63bf7fea19c357a5f2c55ee299608a54be59787
159,WWN215.33.44.22.01.001,Omega,Omega Seamaster Planet Ocean 600M GMT Black Dial Rubber & Leather Strap Men's Watch 215.33.44.22.01.001,exact,,exact-existing,d8a5fb7fdb6a732589df68daea6318e09b4c10a3cc9d2034b08cfbb16a301825,80f4a135831d62dea9282cd958093492471487952eb3a2051cb0d624f95e1260
160,WW375,Omega,Omega Seamaster Olympic Timekeeper 39.5mm Men's Watch,exact,,exact-existing,4a7b6cc8b53899547e20be462428855b167ab17ba57066a845afe8f4a9c54595,14659805e07d264c1a7c9c0047c4225fb07f4a7ab8adbc7d79b94c9245e9a90b
161,WW917,Omega,Omega Seamaster Automatic Ss 42MM Black Dial Men's Watch,exact,,exact-existing,bb5befdd295a712593b08df7390a0696a09ff81dda5fc8f4381ee23fd0193fca,0f4a6a0fc7290332f733bf090cc9518385840fb88e5f5370cea2009f05d3ba3c
162,WWN102691,Bulgari,Bulgari Lvcea Brown Diamond Dial 18kt Rose Gold & Steel Women's Watch 102691,exact,,exact-existing,a0f373af33a1817f10e192c16980d8a68e813d55d315d68679681ae874c5fbb2,d202b60e9446cb4cb151a13f0614924323c67441556875f4a11970d76dfe337d
163,BREI-E10379D31L1E1,Breitling,TI SO SPR DIVER46-GRN/BLK CAMO-TI PRF III BRC,exact,,exact-existing,571dbab7d4f0ff1042e9c3bd3e801d820cd811561a4c61b27e55abfe27593a48,864de2429849e37a7c50aecb86920714b1f91e021a438a1cdf6ba46158b1e63c
164,WWNCBS2011.FC6529,Tag Heuer,Tag Heuer Carrera Chronosprint X Porsche Special Edition Automatic Silver Dial Leather Strap Men's Watch CBS2011.FC6529,exact,,exact-existing,8f294e3b2afd4368eb87d5ac4b5421f0cba4273eb876bd8f960d417379c9d7b6,23a77094e6ba94a134fb51b6bc4368efe9571b4ec3c1aef05d522f2483cb6ada
165,BREI-AB0146101B1A1,Breitling,SS AVG B01 CHR42-BLK IX-PROF III BRC,exact,,exact-existing,4856b2c857dee4df2ba5afb1797b4e7694e5779e0949da67b583743ebc39d6b4,6fab85c41e661bee4bf1f2277e219b5d3eab91e7ee85e712648610ffefec5f99
166,BREI-AB0146101C1A1,Breitling,SS AVG B01 CHR42-BLUE IX-BLK SUBS-PROFIII BRC,exact,,exact-existing,54e03d6671498e711c77a3f46d0c998d5e068471123cd1077846bd52b2bdc3c6,09b1e501b0807c420106d6854381c591259f7609b7b85f6b88e806c3e791496a
167,W1258,Omega,OMEGA Constellation Co-Axial 39MM Gray Dial Men's Watch 131.10.39.,exact,,exact-existing,2b7349f3026b0f12909c3d7ff5d519c7e82554e7c929d7e4090e0f4fa58deba7,4524b950300b509a015132bb686b612be7f2549d6f1d385bd45912924eee5207
168,W1253,Omega,OMEGA Constellation Co-Axial AUTO 39MM SLVR Dial Men's Watch 131.1,exact,,exact-existing,1f6a5cbd3c2ae77e5eaba7f4c4a55474583548a89ac1d799636ee49f683cbf71,5cf616281faa8428874b0af0d6b27aa2c956a7a790c8ca54f9905dbad6d1ebd5
169,W2109,TAG Heuer,TAG HEUER Autavia Chronometer Flyback AUTO 42MM Men's Watch CBE511,exact,,exact-existing,bc05802fe3535e87f7c24795d98746bf63b1c5480ff21af8b2cc061418e2256b,347a9e978f8d85a6cd0a94a8b461ed99ee4c113bebece6ea8fdc4befc4e57697
170,BREI-A10380101A4A1,Breitling,SS CHRMT AUTO36-MOP IX/DIA-SS RLX BRC,exact,,exact-existing,ea7409dfeb3d667147a1fc2809607885d392bb36757ff74ba5ef1e0fa9196048,ec5029ae13e1b0eb83ed91b026d4998b9cf598010f745ea939bb8ace253fc85b
171,W2104,TAG Heuer,TAG HEUER Carrera Porsche Special Edition AUTO 44MM SS Men's Watch,exact,,exact-existing,ad774fc2affbb4fb1a279ea215d14b9523fbc375a6cbace604654cced81b61e3,ec9e24e157988d0133a29f4b216ea670a8310b26ef20d1d98793ccb33d616b3c
172,IWC-IW3261-04,IWC,Pilots Watches — SS PILOTS UTC ST.EXUP LE44-BRWN-STRAP,exact,,exact-existing,ac38fd22618589ceeb728baf2006dced21eef4d4ce3fc569a73802049fc0ad26,8bbac444903a071666a60ad52df7739a6d10a9093674a93933e391536a474b69
173,W1259,Omega,OMEGA Constellation DOUBLE EAGLE 41MM CHRONO BLK Dial Watch 1519.5,exact,,exact-existing,e566ed337f88cd9fb16532b44259f090050dcc26f05f0cc1134c3be30182851d,6ce54e2e642b6febaa96fd49e663904460ce544ecacb3cf34d27a8f1f785dc65
174,BREI-AB0147101A1A1,Breitling,SS AVG B01 CHR 44-BG IX-BLK SUBS-PROF III BRC,exact,,exact-existing,512947eb38ebaa7adfd6f6f92ad3598794688b604dcb73262d19acb36f756a8c,7b38243a20df3b6b95bd20f011fb2edb70b5675273ae83bd4d1e6753d4bd260c
175,BREI-A24315101C1A1,Breitling,SS AVG CHR GMT45-BLUE-BLK SUBS-BRC,exact,,exact-existing,c7602778d7732ecbdb7147836ca8e6ca27f4c74bf08bdc28820513982f251984,eb11035a8a2dc41bb13e906c4b7615d8f1a85724ce2c9d6a32ce8550cae6b95f
176,WWN210.22.42.20.01.002,Omega,Omega Seamaster Diver 300M Black Dial 18K Rose Gold Rubber Strap Men's Watch 210.22.42.20.01.002,exact,,exact-existing,a5f7cd6cc2ede9d262c4e8cd51ccefd409fcd7545073652dbefc89b0490f13ed,6e4202498a37cb147130c1a7b7f4d7946b5caa9e628ccd14f10067d7edf2350e
177,WWN215.30.46.51.01.002,Omega,Omega Seamaster Planet Ocean 600M Chronograph 45.5mm Black Dial Stainless Steel Men's Watch 215.30.46.51.01.002,exact,,exact-existing,04735bb0d59174f27f56293d643c16f3455cb36d767c99d33296f771c77cb5d4,c9cb12b45c75761d83248a6b6face04dd430f6609c26aa1cf82e4f6d11d90156
178,W2117,TAG Heuer,TAG HEUER Aquaracer Professional 1000 Superdiver 45MM Men's Watch,exact,,exact-existing,b10051f63ed775acf783cc18638db998b09d0248285460b59fba4bd97411b208,04da479387b5af297dfadbde5dfca6a7711f2a56b5d30b9f748ed3536ff26a82
179,BREI-A13313121B1A1,Breitling,SS SOH CHR44-BLK-BLK CER-OC BRC,exact,,exact-existing,52593cad3f15168e4dbf7adadcfe02fac2442c388acff368947781d93891fe0b,e93e4b49a535dbe3827dc1fe41456c14a4ba25e95dabfb6e384ab2a99a41e695
180,CR215.30.44.21.01.002,Omega,Omega Seamaster Planet Ocean Stainless Steel Black Dial Automatic Diver's 215.30.44.21.01.002 600M Men's Watch,exact,,exact-existing,1ac1bd0decc3666572fd139907a6a74e38b262a2d46f592ff34983c50ec18278,b7e06574c1afee7e0ddadf6adff348795df34177ba80dc5f4787f3643a710283
181,BREI-A10320101A1A1,Breitling,SS CHRMT 36-MOP IX/LAB DIA-RLX BRC,exact,,exact-existing,82b2bbca385ef1c06392e4c3b1ca622183c5658cca786526cf6be541a8bc7348,b55aeef72ab8a2de836ab0f792154f610206a73f3aca08732a7f17a4417a412d
182,BREI-A24315101B1X1,Breitling,SS AVG CHR GMT45-BLK-GRY SUBS-BLK MILIT-TG,exact,,exact-existing,6f07f98d30411e56479bcf6eb631e48a5cc1953a2bc43181fc704008769ca2d2,b721f3acad752b48ba8578dad20da907212d942db2afc090c1cd45a9d07b57ad
183,BREI-UB2030121B1S1,Breitling,S/RG SOH B20 44-BLK IX-RG/BLK CER-BLK AERO CLS-DB,exact,,exact-existing,3728504cd7829456a9dfc17bc6fed539789b6a19cf336ae95f5cb95a82f529be,584c4b964bf4e081dd5cc7ff2d2775132b4322a45650007e9bb878fc09db031a
184,WWNG0A48390,Piaget,Piaget Possession 34mm Silver Diamond Dial Steel Women's Watch G0A48390,exact,,exact-existing,4ad0feae2f826f1561d2a28b22fdb6a14d644170c3b23316b9c27579db468f61,94f54a6a6262a3259e4c331a74b6f8d65a61d82fd93ae5259aab1eb351b079ca
185,WWN435.13.40.22.01.001,Omega,Omega De Ville Tresor Black Dial Leather Strap Men's Watch 435.13.40.22.01.001,exact,,exact-existing,03cd14b16371514ca8d0c66caed3cc09f40b7618b9b942408864945d07c7899c,9611afce64ae51f952692c13f1377790e82882962bd72a17361962c376c0e189
186,WWNG0A48080,Piaget,Piaget Possession 29mm Silver Dial Diamond Bezel Leather Strap Women's Watch G0A48080,exact,,exact-existing,6da5b8da8b2a3427f556d9f0f6d4370b1b1128ece925bd0aa1c436069a3d2ffb,f753bf4364432400cbdd1cb6a577dbd9b1e653ea99364dec290a12db816c5ddf
187,BREI-UB2010121B1S1,Breitling,S/RG SOH B20 42-BLK IX-RG/BLK CER-BLK AERO RUB-DB,exact,,exact-existing,31cb1989afd83c3ee3948602f50251680b66c975b805f32a39ea4a08cb3ed0f4,d3edb450e9b29e891dee3993b671aa7626338dfb50e61006cfcae55955360a9f
188,IWC-IW3881-03,IWC,Pilots Watches — SS PILOT CHR 41-GRN NUM-STRAP,exact,,exact-existing,7d6d8055286c35252010649f5d15bab6a6675191f41a40b236271e4c2d676a4c,34c198f4869a78e0874ff503a80f6009ed995f84cf308b7660f25282716bdd34
189,W1246,Omega,OMEGA Speedmaster Co-Axial CHRONO 38MM Leather Men's Watch 324.32.,exact,,exact-existing,d0f57d860cfd2ac35ff1719e8bad075d5d21ac2be64d904ddab5ad6dc5255d67,d9c34db6b8c6f5bee6421dcb65206cbf682b139191243c633b4f14d3a739b180
190,WWNSBGH353G,Grand Seiko,Grand Seiko Heritage Collection Automatic Blue Dial Stainless Steel Men's Watch SBGH353G,exact,,exact-existing,72a756b66b9fa47f5871c83cbc2601de840f9128728fcdfd6d6d276a1d8653be,acc5aa65d952f15e99e1cf2c706c4355a3a7fa027d0818562a6ebeb557aa2864
191,WWN103897,Bulgari,Bulgari BVLGARI BVLGARI Quartz 26mm 18kt Yellow Gold Leather Strap Women's Watch 103897,exact,,exact-existing,34f130680ecb428421efd083380d122a0016affb28fdf6e23b8ef9f61a26f799,c18e80bfcf49db595b8aaf276317eb0e47f155cc9954cc4a9991b9970f591b99
192,W264,TAG Heuer,TAG HEUER Formula 1 Chronograph x Oracle Red Bull Racing 44MM Blue,exact,,exact-existing,72447682d7679593669ed7958da926f8a32aab112eed9f27f4adc1e444e15bb8,826201a4481732882240ec0aa940c534779f2a6b8be0d7ef51345d8363850479
193,W1261,Omega,OMEGA Seamaster 42MM Auto Blue Dial Men's Watch 210.32.42.20.03.00,exact,,exact-existing,f02f46aca0d669d2ccdb75d3415114244fcb067528dc21c5319e9c1e988922c5,3ed45c69c11b79ceedd4c9d12a0d1da2734d181a68d64ece73aa5a884b572d94
194,CART-W4CL0006,Cartier,Cle De Cartier — SS CLE DE CARTIER35-SLVrom-DIAM BEZ-STRAP,exact,,exact-existing,b4445a985e53669f2de6348aceca3d1f82b4711de571bc2b3208a3e67dbd82ce,a8098878145026c7453d56b6706e8e6fb4a390fa880e596f255cac38fed0e792
195,CART-W5310006,Cartier,Tank — SRG TANK ANG 47X36-SVL ROM-BRC,exact,,exact-existing,9e4a0e34c1306ba556055484df98eed0304eb029b24db80560ac4630ec778758,de592b718ac7f52f8b612a8a8c6f974417d078d1a59f6aae61ef8afa25feabe2
196,BREI-A24315101C1X1,Breitling,SS AVG CHR GMT45-BLUE-BLK SUB-BLUE MIL-TG,exact,,exact-existing,789341e7a6258d8d7af1bbb857a5a646d7f8673e7e154e0f0bcd2000bce30e19,eb03bb9847a4f38275f455249396bd649e728f2b2dea46f63d34dad9898cd338
197,BREI-E10379D31L1S1,Breitling,TI SO SPR DIVER46-GRN/BLK-GRN CER-GRN DPIV-DB,exact,,exact-existing,98bbb36acfbef3ae322deda444663a6351a2c64eff780fb7dad0b585eb269dd8,876c50f324c28c9c8ef8350c1350a4d40053b39398de3c89981c30d124c302ef
198,BREI-AB0146101L1X1,Breitling,SS AVG B01 CHR42-GRN-BLK SUB-GRN MIL-DB,exact,,exact-existing,9bb890181c836191a290b8945021b2b8e2da1d9d860a73487d53b5b3df6482fc,421bc1131fd74f6d95773a9648a740c927d4dbd321a14c3742ef1cf49f917430
199,BREI-A13313121B1S1,Breitling,SS SOHII CHR44-BLK-BLK CER-BLK AC-DB,exact,,exact-existing,d51dba5928319fa91b33616792f4c6565b12be92cb2f289c52559c6d988f2d3d,d78defdf5ed1345566c473fc0c051887477e7cda067d91e8558f70812d1dd689
200,IWC-IW4590-01,IWC,Portofino — SS PORTOF MOON37-MOP DIAIX-DIA BEZ-STRAP,exact,,exact-existing,2ab9eacb213d309b0e0b71bebad4a7cca2cf9c462c839c93f6dca05449a1313c,9c18c55bfd97cb432f0dbb6f1e2f0b921f375c8a8620543fff598bde8e8960e9
201,WL17,Chopard,CHOPARD Happy Sport 30MM 7 Floating Diamonds Women's Watch 278496-,exact,,exact-existing,169fb23cacef4703621e0e0f50aff0f1d2bcfb37ab741615824bb50b2980cbf4,7af37adc12b3849e5ccba9c69331832d561b8fb35fbf43f8833f987a0ba1e5f8
202,BREI-AB3112361L1S1,Breitling,SS SOH B31 44-GRN IX-GRN CER-GRN AERO-DB,exact,,exact-existing,fcdc1126f3deeb110b1b89483f71d721c174fcc2f52719d3da82932871308b69,ee5b5f4eb8c72430b4d400e4b66085496e76c7c6b3fd36b92f1edb7070996d36
203,W1260,Omega,OMEGA Seamaster 42MM Gray Dial Rubber Men's Watch 210.32.42.20.06.,exact,,exact-existing,ca60bb4a7305e19da37206d748a4791c9b46a324514efe4bb51e114c7fb865df,09ef0caf49f254a7630678b21b5d3fec0029b53ab84df65b48331eb4a50b4f52
204,BREI-A13317101C1X1,Breitling,SS AVG CHR45-BLUE-BLUE MIL-TG,exact,,exact-existing,e8e83afdf3f6db4d63796793fe458bd99770385c010764a085ce19ee57e8940f,88530247ec9b5f68b380c88ca9591cf54a5e7b909ab28edbc9a21fd6cdd78dee
205,BREI-A17395211A1P5,Breitling,SS NAVI AUTO35-MOP DIAM-RED ALG-TG,exact,,exact-existing,dedf556a682cd13a66329f2804d31b41144b0f2b0a2c520d4105009aa7d1fae7,fbdb0e978f71043a4dd09b3dfabf63498d98c405c1ff027e89e9440e2f38ca2c
206,BREI-A37330121A1A1,Breitling,SS GALACTIC36-MOP DIAM-PILOT BRC,exact,,exact-existing,a79ed89bc90e76e4261b78b7d8395ed6e79861489f47a6ba19c5fb7d2fa76ec3,82d18eff5a34e3571b1671da4ad3306a13ae10f2a4cc49e698c1e985107835a1
207,BREI-A13313161C1S1,Breitling,SS SOH CHR 44-BLUE IX-SS/BLUE CER-BLUE AERO-DB,exact,,exact-existing,d08d094825da1bbe954545ab10db0480a7e81ee1db7a66850346a006415d8bbf,bf114e32008dcac934ac46864b76841ba4d71ef247fc75f897a450a6ed98563c
208,BREI-AB2030121B1A1,Breitling,SS SOH B20 44-BLK IX-BLK CER-OC BRC,exact,,exact-existing,72f68325d8402373b5ca683637fabfa4974d939b5c82cc1d750e527fb7a1c548,7bf7101c9acacd76c7b4c7c5e9ee5e2106f22cb50c7bb5f661f85ed052858a17
209,BREI-AB2030161C1A1,Breitling,SS SOH B20 44-BLUE IX-BLUE CER-OC BRC,exact,,exact-existing,3b1c0c9e63a1161ad1a4506bbcc8ee7a796044e751ae9fba5e084b050d51c602,10bab5d89159b15903aef6f1c9ab54fc121ba6822dfaceff23a2dbafdbf34b59
210,BREI-AB2010121B1A1,Breitling,SS SOH B20 42-BLK IX-BLK CER-OC BRC,exact,,exact-existing,27df356638cd593ce7e8418332380ef3ada146413cb21c408053488e7b884052,e567bb1ea607635502a3e8e22b0f9c2241a815a1bef6041d30b868478e801845
211,WWN585.NX.1170.NX,Hublot,Hublot Classic Fusion Automatic 33mm Black Dial Titanium Women's Watch 585.NX.1170.NX,exact,,exact-existing,b1120cb09b1458c47a92303c992fda658fb8c12a8fbe0247ebaa18c25eba484c,957cbb4ff97a4afbb5b4659e2565d8486bb7ebf224417d94d401fd8905fb2bbe
212,WWN388563-3005,Chopard,Chopard Imperiale Automatic 29mm Silver Dial Leather Strap Women's Watch 388563-3005,exact,,exact-existing,4ba6334792575219239193237f882a88625849986c7039b7ea218436cd602116,84ba15d4aa6b825f6437b3d941ac16f921803d4864da392ac0185531f460535e
213,BREI-A13313161C1A1,Breitling,SS SOH CHR 44-BLUE IX-SS/BLUE CER-OC BRC,exact,,exact-existing,3c072b2ca83e25ff96531678ee6db1b4d37008bb3dbd8dcec28386bba2cf77c9,afcaf17d67cf6e5f565f178a6854b682ea0bb0a3fac7c2c7f41549fc31d12c73
214,CART-WSBB0021,Cartier,Ballon Bleu — SS B.BLEU MOON 37-SLV ROM-BRC,exact,,exact-existing,2746caebe3adf72e3ef5f1b170448c30806c69fe0167c4296a4ec5c19c24c008,3cc56011bbcb2262ac4e8d0cb90c4aae9efab1fe151a98efe3318bd88020291c
215,WWN278582-3001S,Chopard,Chopard Happy Sport Medium 36mm Floating Diamond Dial Black Satin Strap Women's Watch 278582-3001S,exact,,exact-existing,2e77c904d07e1a831aa6a1331bf603d8b6312459a215691553c42ecb0447258e,67b5bb80bf77f0436d96363a395df2b90f472dc815fd1449ce66da87da310b1c
216,WWNCBL2111.FC6453,Tag Heuer,Tag Heuer Monaco Chronograph Automatic Blue Dial Leather Strap Men's Watch CBL2111.FC6453,exact,,exact-existing,76189102554388aac23390cebda17c159b180a2a233a89fd5d57f1d15f67f8d3,021a87d5d54c2e0c4b8b6bafccc4d0893b0abebfe6b675bf913ec08d510babcd
217,BREI-A17378211B1A1,Breitling,SS SO AUTO46-BLK-BLK CER-PROFIII BRC,exact,,exact-existing,9e8f3feefcd4c77485573caafc5e06232e476360f25a0192ddc271a6c74ff0cd,7babccce773ebaf5e5ad913f51d26631f1f68748d09aaafa8fcec326aa4e1814
218,WWNCBN2A1F.BA0643,Tag Heuer,Tag Heuer Carrera Chronograph Porsche Special Edition Automatic Grey Dial Steel Men's Watch CBN2A1F.BA0643,exact,,exact-existing,8809360f69db2242cda7e17ce1210cb90291996a73e22d55004ad7d3fd2052e7,06ace1fd29d59f96296631c6bc47a6a185e22cfa21292ed76ba31ae0c58bf0e1
219,BREI-AB2020121B1S1,Breitling,SS SOH B20 46-BLK IX-BLK CER-BLK AERO CLS-DB,exact,,exact-existing,6e57000aa2aebaf01e59ecceab62ff4136d3da5d119a87160242157b4c5b888e,99d0618d33fd5e576a7edebb56fba5712e36336df3395a7bb078b850afc7d108
220,BREI-A17376211B1A1,Breitling,SS SO AUTO44-BLK-BLK CER-PRFIII BRC,exact,,exact-existing,4e54ccae938d33fcda8ce7eb218305886b52482ce30ec00b25f7aed9dc4edec0,5809a5a95df6dd2f6b7f643d732f7018cb012e27aea7ddceeb27653b8b8a750b
221,BREI-AB2020121L1S1,Breitling,SS SOH B20 46-GRN IX-BLK CER-BLK AERO RUB-DB,exact,,exact-existing,c115bc51e8b001a99658eb5c810ecff4ce616026a1b76db50c54116df0bf2c3d,67836b7155456b7935aeba689eab3ac350ed1f0abb45493e55b910a1c5581b99
222,BREI-AB2030121B1S1,Breitling,SS SOH B20 44-BLK IX-BLK CER-BLK AERO-DB,exact,,exact-existing,dea0c621c6df94b91c4345879469d95751b8a39b4aefaf8e63ce76d30f41431b,cf4d91734dcb1384b7788c4fe18513d82b2e8e49199dfb4352feb77b7a7c7a22
223,IWC-IW3768-05,IWC,Aquatimer — SS AQ CHR COUSTEAU 44-BLUE-STRAP,exact,,exact-existing,146b20d337cb69b5d702853916f992e676fc0d03fb7e2310c3331d0826880deb,7692826ec71dff87792282e5c1785fdbe2b09d84d06ddef4b9acb3feaf1e7d9e
224,WL16,Tudor,TUDOR Black Bay CHRONO AUTO 41MM Fabric Strap Men's Watch M79360N-,exact,,exact-existing,7b50034fdb12c7d27b29fa61f8d9a6596b482defd19f194dd01600b82ef6b33d,91b55df8c862821ee5f8722bc4cb307f2f14cdbb39b0f89309ea042ac3972ee1
225,BREI-A17395361L1P2,Breitling,SS NAVI AUTO35-MINT GRN-GRN ALG-DP,exact,,exact-existing,8d03b79f7d461d8662334206ca7f514e27c3460af36524af9060f0253649f997,4707f1f156b8d03d9f22e885d410961fafbf4f1eb07b73bc4296e982880a8df9
226,WWN310.32.42.50.01.001,Omega,Omega Speedmaster Professional Moonwatch Black Dial Nylon Strap Men's Watch 310.32.42.50.01.001,exact,,exact-existing,49d1666d4ae5100ae84d0aeb66bb279cf2947579cb60e61cc153e5274cb4fb83,116b76e8077da7c02abc48c1d267496ca67184f9dea8a64222ba7b0717633b36
227,BREI-A32320101B1A1,Breitling,SS AVG GMT44-BLK-PRFIII BRC,exact,,exact-existing,bd379e19b66ba9c3f04d24eab461d32863ac9d171af1171407b20def18332462,ef15f5d0320613d6d72b54b66c55e4d7fe733dba0a3e465cbd903b41edcc125a
228,WWN215.33.44.21.01.001,Omega,Omega Seamaster Planet Ocean 600M 43.5mm Black Dial Leather Strap Men's Watch 215.33.44.21.01.001,exact,,exact-existing,2cfdd0d8f630089cb2acacd592849fa803a55c3016be1386390c5b04c0df0b21,b01b06d4203aba66c99ab3c98df31bd1f464fc6ba3e98e091c02af6f0dc44fbd
229,WWNCBS2212.BA0048,Tag Heuer,Tag Heuer Carrera Chronograph Blue Dial Stainless Steel Men's Watch CBS2212.BA0048,exact,,exact-existing,4ce00dc9c36c2a7ec1884558b03d8346c343a8b1602543c4a1fc44f548387815,8029e4c335ff47962195bb3d7a69fd5cad34244e8bffb250c9f1373cfd108b61
230,BREI-AB2030161C1S1,Breitling,SS SOH B20 44-BLUE IX-BLUE CER-BLUE AERO-DB,exact,,exact-existing,4fb14674e9bc125422ea49799582db51e812b224e7ae4a59f99fdc225909b469,2ac71c2e1b2165b534a8e88bc200407a84c9d88e17496bf73c4dcce028458b8e
231,CART-W6920034,Cartier,Ballon Bleu — SRG B.BLEU28-PINK MOP ROM-BRC,exact,,exact-existing,73ebfbf353e26034c832a723d430fd44ac6ee9ac594c2df061fb54e24411cd79,847b36f47991632231b29e7210558f11c2ee5acd50cd9f9f076c348be37244c4
232,BREI-V17319101B1X1,Breitling,BLKti AVG SEA NM45-BLK NUM-BLK MILIT-TG,exact,,exact-existing,bc72fb4e6814756ac7fb2fb43b7cbebd0751dbd4e3395b608c2a92cfeda5ff67,3651cd0b7ed2d6529e7a7dbe6331439911e5f0749ffbb0a2cb2ba0a5dd167397
233,BREI-A17377211A1A1,Breitling,SS SO AUTO36-WHT-WHT CER-PROFIII BRC,exact,,exact-existing,d057d88dd5dc4179010a33bf028b6f0d0cbbced49203032a6af7c91c55bdfb2c,f100dab0465c0fbc15aa5a89654ed3ec2f89ae7bfd1157c4c8948c4ed30741a7
234,WWN102703,Bulgari,Bulgari Octo Roma Automatic Silver Dial 18k Rose Gold Leather Strap Men's Watch 102703,exact,,exact-existing,466c9cab8145cd4e24db92f9d53ff0d5ca6d6ea74c1320fadc334aa3950e83ea,ad175fc3e4b4ff9449ba32d7d5a5c23108c29d0a0368646bdbc612fa400d5f64
235,BREI-A17378211B1S1,Breitling,SS SO AUTO46-BLK-BLK CER-BLK DPIV-DB,exact,,exact-existing,0ed5eb28f3219f81f2f14825b8904d6f83c828a5fbc2c6dd8ad4d29f88a30665,add2c637ff546abb5572835e877069e339e65a9a0b32402cd12372e2dea1f792
236,BREI-A17395361L1P1,Breitling,SS NAVI AUTO35-MINT GRN-GRN ALG-TG,exact,,exact-existing,1ba81df7d148f9ff000bd40be8401c0bcd40635eea7195d4507530e69c2d90d3,9eae7d4ce9650685f501a3d738b46851059999a8923d8f53e19e43e234d729ac
237,BREI-A32395101C1X2,Breitling,SS AVG GMT45-BLUE-BLUE MILIT-DB,exact,,exact-existing,97eb5ea753d074ef78ad65f01fb400c994c0d50622368e4967b9b2b9c5108764,0b3345f3c911982667e0cfff9e18af3ff706b899987b2425701567d7601d51fb
238,BREI-AB0147101L1X1,Breitling,SS AVG B01 CHR 44-GRN IX-BLK SUBS-GRN MIL-DB,exact,,exact-existing,db91bea6b5887c5eee9b5be948e016318c9d16a6a3a96ac5111997079845fcb8,cc01d76d61c8ae9f934b4a9b1f457650db54662f24d3c7ed81ef31f34656f081
239,CR210.32.42.20.10.001,Omega,Omega Seamaster Rubber Strap Green Dial Automatic Diver's 210.32.42.20.10.001 300M Men's Watch,exact,,exact-existing,a28217ecf736af9a8a9b55524bab649b7893a62b20520dd1ad25439fdb5021bf,ba5edf982d972a4281ab7c36cc65a41c5561bfcdbf3bcd5acfa9730a9bdb448f
240,CR210.32.42.20.03.001,Omega,Omega Seamaster Rubber Strap Blue Dial Automatic Diver's 210.32.42.20.03.001 300M Men's Watch,exact,,exact-existing,2584cc614684b6ccfd8a02c5540aaa127e798dc30fd26185d3e72f0a282a63b3,37711fb00d3f98d4bcbd93ac409f3dd63cb6b0bf2e60e4ee169a30f3a7602a10
241,WWNM79360N-0013,Tudor,Tudor Black Bay Chrono Chronograph Black Dial Stainless Steel Men's Watch M79360N-0013,exact,,exact-existing,36945f00d0f8980ebaf5ab910732b432faaac371d2aa984d05ce4d979fbb6b9e,888d752547866fcc6f96c58f7c34d9254e9d06de75349bd9742c422fd4fd99e0
242,WWNCBS2216.BA0048,Tag Heuer,Tag Heuer Carrera Chronograph Silver Dial Stainless Steel Men's Watch CBS2216.BA0048,exact,,exact-existing,762364b2e33123c488ed515866df72cd835a70004123453796b3fc6c51fd5c56,d0b1cc62f2e3ba5f4762fffa5eb8c56219154a58f14cea77b152bdf489121014
243,CRA32320101C1A1,Breitling,Breitling Avenger GMT Stainless Steel Blue Dial Automatic Diver's A32320101C1A1 300M Men's Watch,exact,,exact-existing,0d6891aa24c6f1fe58f8db84c9310fb41f9a5f34ae36592f598ac762b23cced6,f3b7d242c13e13082cb3b563ffe13b0ff16705720cadae07d08889751fbfbd29
244,IWC-IW3910-10,IWC,Portofino — SS PORTOF CHR 42-BLK IXROM-BRC,exact,,exact-existing,61b748b2cdd7eb78bb1275c011e411d7e5245db8c7a04c7ae656c985aeb8389e,86b6f0673617cb5dfd754c627b4ffa2b1470ed46741724427198208529419a61
245,WWNR77320E61A1P1,Breitling,Breitling Navitimer 32 18kt Rose Gold Pearl Diamond Dial Leather Strap Women's Watch R77320E61A1P1,exact,,exact-existing,ca35ffe714c489a58c3e94cbacde059b6122826b8b1255fe81a6664025e68f11,2556cda50f072ceb8dfd1d1e3a3ff2aee02c203f4d8dcfa12ad60b11c56791ee
246,W1130,Breitling,BREITLING Superocean Heritage B20 Automatic 42MM Black Rubber Men',exact,,exact-existing,e06c0b4381ecb367885fecdb3c50790b7f50cc08ae92165fcb584ad037f0d270,8a5a10c2e76ba111cf4451b1fc4056ebab317b3419bbb848a151231d471364ea
247,WWNAB0134101L2A1,Breitling,Breitling Chronomat B01 42 Chronograph Automatic Green Dial Steel Men's Watch AB0134101L2A1,exact,,exact-existing,dc637297fd9e545e68f0b064f0dc392cd52c64c92e7cfa6a6e72df7491578302,15c533687825b116b62f9ddd18413f97075a9acf8d21d70fb74214a306ef0426
248,WWNA77310591A1A1,Breitling,Breitling Chronomat Quartz 32 Diamond Dial & Bezel Steel Women's Watch A77310591A1A1,exact,,exact-existing,ca22124c6fc34cedb0cb3a6933bb78f85508d30132aeb0787105615a948d73ef,f76901a592137944951ede8b3c00e4552b1bd00d3983dff59155879f28ce1d48
249,WWNM79360N-0012,Tudor,Tudor Black Bay Chrono White Dial Stainless Steel Men's Watch M79360N-0012,exact,,exact-existing,6ddf910df1c9b19a4dc2b30f5b2eb494e3eda5cfd34f45bd4f48e729e74dd8d3,9435aee296a1c7b2673bfc058fa039b685d096a68accbc2a8ef9f5523fd9b3df
250,IWC-IW3231-01,IWC,Aquatimer — SS VINT AQ 44-BLK IX-STRAP,exact,,exact-existing,497f5b1324c8e15eb4e695c1b657ca31928b8e549130a518c2ddcc039ee33c5d,d7e8d523793647bc3f7d3e78830ff778bfee814732ed19eed78bc7679e2021ae
251,W153,Breitling,BREITLING Chronomat SS 32MM Diamond MOP Dial Women's Watch A773101,exact,,exact-existing,951ca92d44a5187f9c613dca75b190574bd2cf2a91e64eee21dec86e1b59d4aa,fee9634ebf5b89975e778ab1f674faa9c6fb67dfd1d64a7951c2d199ce67fbab
252,W262,TAG Heuer,TAG HEUER Formula 1 Chronograph 44MM Black/Pink Dial Titanium Rubb,exact,,exact-existing,d0dba116cc0413666a43c15d647cc1494e2e429e3c41de86fb1b89d5fbd3b43a,d19ba2433edc2ec230481ce661f5996e0207bd3ab43c93b9cbc67aafedc9c975
253,W1368,Longines,LONGINES Pilot Majetek Pioneer Edition Automatic 43MM Titanium Men,exact,,exact-existing,d7efb9aeff7eeeff3ade254fe8eebfd5e7a0bb5c20fcc78e547beb1e070693e4,37ff4e654ed77d730d8c91daffc0435ff0b4ab6953e31cf55bbb1501832e9159
254,WWNG0A47090,Piaget,Piaget Possession Diamond Dial Blue Leather Strap Women's Watch G0A47090,exact,,exact-existing,fb5d7bc54d73d11ecf8dc9c4b1760ed6b1c7807473cf10e7be65d642afea1951,43c2a6fd19c9f2e456a56ee0d0b6feb8fb5e9853d30b35c68f6fc08e641f4f37
255,WW352,Breitling,Breitling Avenger Automatic 42MM Anthracite Leather Men's Watch,exact,,exact-existing,39bcccf86798ba665091d9c629bbd522faebc8b992a30de6e27e97def6c33157,663a5036a1bd77291b4fa976d3648e38917a1e04aab5c61588d7cf2378ca146b
256,W1214,Breitling,BREITLING Navitimer AUTO 41MM Blue Dial Leather Men's Watch A17329,exact,,exact-existing,7de4acd9054c2935bbf41c2ad104427bc929dc53c84dd0b46df2da16ccf23d21,63f419381b82f1727880ac0a3af19696511b3f3959690edbec9594d19db00dd1
257,WWN278590-3001S-CD,Chopard,Chopard Happy Sport 30mm Diamond White Dial Leather Strap Women's Watch 278590-3001S-CD,exact,,exact-existing,a325687c1d341513fcae1f1ee39628be625f902c0a4af498f0a78e518a386f71,255340f6d432150d652eddfdccfdb187ca7ce7eaa1c9dc95ab87389a20dc9bf5
258,CR210.32.42.20.01.001,Omega,Omega Seamaster Rubber Strap Black Dial Automatic Diver's 210.32.42.20.01.001 300M Men's Watch,exact,,exact-existing,75db1f8f31a4e9ffff7135b97ff9229c11d6b2bcaac51effb87c8322ade82b9f,090d18b117319dc9453628153bf12b665ea226fbe325a25092cfa9c8b7c18a59
259,WWN210.32.42.20.01.003,Omega,Omega Seamaster Diver 300M Automatic Black Dial Rubber Strap Men's Watch 210.32.42.20.01.003,exact,,exact-existing,86ef8feada7f2a90785de20f5e20b7b30f946254bf572b48138b2e9cb3c64328,31bfdcb51d8d2fe2cfc131bb6325deba7633bec8f587e5b96051fc7b6f5631a1
260,WWN278582-3001,Chopard,Chopard Happy Sport Medium 36mm White Diamond Dial Rubber Strap Women's Watch 278582-3001,exact,,exact-existing,c68fb648770742f5d172efacbf869cfcdae145e1b1afdd31860867f044488dbf,fe3abfee4a1be4062144d541827dd4b1e4334c217023eec87e4cadec226216d5
261,WWN388563-3006,Chopard,Chopard Imperiale Automatic 29mm Mother of Pearl Dial Steel Women's Watch 388563-3006,exact,,exact-existing,68335f69e357bb76a77fe29e6d396eabb283b69076db41cd41cc983fb1d21e4d,1db14a9fa16345b5b18d09c3b355cca676217f7f8db6956356e2530dc0254020
262,W1215,Breitling,BREITLING Superocean AUTO 42MM Green Dial Rubber Men's Watch N1737,exact,,exact-existing,fab2797c3f706047feb0232f578e56df0fad45cb40277f2c1164aac3385bc177,10a24f704e7367666b573b25c17d07e0f494897e75d9c040f4f038f2c0582539
263,WWN220.10.41.21.01.001,Omega,Omega Seamaster Aqua Terra 150m Master Co-Axial Black Dial Stainless Steel Men's Watch 220.10.41.21.01.001,exact,,exact-existing,2b1fc13b2c205a5514837342e69c2b557f9a651c9c99aaedfbee1a55571e556c,c29ebbbf05aaf2a062453dc8f278dab79fce3d073302c51f2d5381b9a807277c
264,CR01-400-7778-7150-07-7-20-01TLC,Oris,Oris ProPilot X Titanium Multicolor Dial Automatic 01-400-7778-7150-07-7-20-01TLC 100M Men's Watch,exact,,exact-existing,9511b54ce32482211be7414c97c15f3fb0a19a1b37206fcfe5e5d10d3c174134,255d70d6f29d303152cf2d5e2674fbbbbf92aa94ae8d5d8e9cf6ae1ee8dc7262
265,WWN102043,Bulgari,Bulgari Black Chronograph Automatic Men's Watch 102043,exact,,exact-existing,b8b5a81a9e51038a70b9f849bbdbb74388e95935f1bea5f3b538d821d76a718d,7e9873d6d4b48b54ab6a1d84beee0c0c9da5641bd8ee4b82eef537db86a15b38
266,W1103,Breitling,BREITLING Chronomat Automatic SS 36MM Blue Dial Unisex Watch A1038,exact,,exact-existing,ac61d5ea247487f83526dcb9af1fefc6096424228c9fdaf972b38fecda0dd699,387e21ae7a3bf4915267940b79e1fb52477aadd06122018e2f9091200fca9e26
267,WWNM25610TNL-0001,Tudor,Tudor Pelagos Left Hand Diver Automatic Black Dial Titanium Men's Watch M25610TNL-0001,exact,,exact-existing,82da1cf0524e54fdb2e6c7afd1523d01a0e285d7a605cb577e90d4c9b390ef9a,cb7ec100a0220376d96e4f02c268535d45f2b226d9144e9604fff30b92e0d8f2
268,IWC-IW3878-04,IWC,Pilots Watches — SS SPITFIRE CHR43-GRY-BRC,exact,,exact-existing,bc44a747cb2e19dce781b46055bf1199c49bac07ca225089738bb4202d808a42,99abe929e68778e74a5557da42cde08fecf854d9d4377c93242d3caebe38ee9d
269,WW466,Breitling,Breitling Avenger Automatic Gmt 44MM Black Dial Men's Watch,exact,,exact-existing,fea5ae815f1d19f46c6f2f88c55d322f4114c7b5b03e05a8ccf2d855454888a4,6417f1b92dd8267e3541c1e59991d7e370a043731415d589e989d499a2f70aa9
270,W117,Breitling,BREITLING Superocean Automatic 46MM Super Diver Titanium Men's Wat,exact,,exact-existing,6691a3429814c177b8ac1b8a09ce58c47a264ce2c05805dac5158e71e20d6d6f,d9bce33901e39944d20b7e876e0d0668a5cd77220356ad5542d8abd71a698ead
271,WWNM79643-0002,Tudor,Tudor Black Bay 36 Automatic Silver Dial Steel and Gold Women's Watch M79643-0002,exact,,exact-existing,6a054c59bc237eb3ca76034158343c2785b9cf5b5a4133b3b74b993833c23435,22e0fc2e52facc22be9452f19c7812ad7d18b620b15768688051b0ac57a9e901
272,WWNAB3114101L1A1,Breitling,Breitling Chronomat B31 Automatic 40 Green Dial Stainless Steel Men's Watch AB3114101L1A1,exact,,exact-existing,9a1897dcdfdae14bd5909aafa491591ece2c626abb513924c27ce43002046974,90bc7065ea606e02da1a802b20a98c2c8caa425ce7d899d241e7ba1831a07e2a
273,WWNA10320101A1A1,Breitling,Breitling Chronomat Automatic 36 Mother of Pearl Diamond Dial Stainless Steel Women's Watch A10320101A1A1,exact,,exact-existing,b453eca88c04fdfe1e0a8b61b1c38344be7f13234445e421efeab899f6aa7544,75d8bb67b907388616cfeec1837af90c76b1f4466ff737f24dc7f954dc907489
274,W1133,Breitling,BREITLING Chronomat Quartz SS 32MM Green Dial Women's Watch A77310,exact,,exact-existing,a96813339bd8e53b62e9eea76c3758f6d17aae68ab57d6abb051cb368c6a69bf,e4c477c778ce80f9821175d39ce7a69a36dd40e12b4bb0ad5789a74c0479b87c
275,BREI-X823109C1B1S1,Breitling,BRTlgt END PRO STANFORD44-BLK-BLK DP III-TG,exact,,exact-existing,43a9d7307b501f9a6fd958e87a521fec3fd81e10fa5d0965ac300ae5c27fe630,ffe8997cca64c3314022407e8078b6d0c090da0f14d2d4242bcda5f3a9e7cae6
276,IWC-IW3282-01,IWC,Pilots Watches — SS PILOTS MARK XX 40-BLK NUM-STRAP,exact,,exact-existing,248ea3f5ddacbbb41240053d137c2d84bf46433976ae72d650b99627bcab2831,3c43233906275c5d40a722bd16028e774780d86a2199434690af594148023e9c
277,IWC-IW3270-10,IWC,Pilots Watches — SS MARK XVIII LPP ED 40-BLUE-STRAP,exact,,exact-existing,c478748e150e31c7d93f87fbe6bb4718db2c69758da0ecbab583b1c554ff26e3,13640f19a4c4b75ca326e4f172ee48dbd7be64396050eb3e66f9088b90f52a9e
278,IWC-IW3910-08,IWC,Portofino — SS PORTOF CHR42-BLK IXROM-STRAP,exact,,exact-existing,864597404b1848de010c065437f5b03e11728b6dddfb052964f6e23bc105f1da,69e0a804a622701d42ab6301c243044ba0608481adccab305fd2f178daddc0bf
279,WWN210.32.42.20.03.001,Omega,Omega Seamaster Diver 300M Blue Dial Rubber Strap Men's Watch 210.32.42.20.03.001,exact,,exact-existing,77f1c99ba241cdc64c5fca47a5279cf83ead4fc15e47eecef648671ba294ea9e,4b7a5d68f9a6fbf1a648570b47688d20dd1d3456cd455e7de069581709cf8ff0
280,WWNAB0145371L1A1,Breitling,Breitling Premier B01 Chronograph 42 Green Dial Stainless Steel Men's Watch AB0145371L1A1,exact,,exact-existing,1a9fbd12187cc9aba2878d97ca2900029e80cb5960c33c392c1b827a5b7ff10c,52aa69d6dcfdbbd74a4febed8a67c150d67ce845f6862767f23f58e65cfd7910
281,W1138,Breitling,BREITLING Superocean SS Automatic 36MM White Dial Women's Watch A1,exact,,exact-existing,cd6d8e1fe95554bbb70b481cad2d4b8a070c649cb35989cc1103092aedc0f304,6b7d11e6cf72584ce1c3e5aaf828f8c469aaf07f2950e3b54a4eeff7cd183be5
282,WW61,Breitling,Breitling Avenger Automatic Gmt 44MM Blue Dial Men's Watch,exact,,exact-existing,51f0babcbad58a50cdf031535a429eeafbd42fa226c8f6246bb1bb6c046aa6fe,fdb6b0bdcec0b70fb58fe8b9764e51de88c0e1b79894739f8607bc6ba6721f67
283,CRCBZ2084.FT8097,Tag Heuer,Tag Heuer Formula 1 Chronograph Rubber Strap Black Dial Automatic Diver's CBZ2084.FT8097 200M Men's Watch,exact,,exact-existing,b8944765528aea890bbc77f3f389ffb63faccd67dca2b5c238bf4bc52857bc02,7cf856330382ae4664eb8abf7a4d49bb753a603b2a503420ab8f81a3b4f67f93
284,WWN324.30.38.50.02.001,Omega,Omega Speedmaster Co-Axial Chronograph 38mm Silver Dial Stainless Steel Men's Watch 324.30.38.50.02.001,exact,,exact-existing,0d0f990a0b23c6053a1738f58815a965b2a02647a6862483d4aafc75bd7c226e,b98f353e565e463bc8a86df169e913e6edf1de647e5f39cdfb5850229bc74b2c
285,WWNM79833MN-0003,Tudor,Tudor Black Bay GMT S&G Automatic Black Dial Leather Strap Men's Watch M79833MN-0003,exact,,exact-existing,64ffe76d7e2d28903d4c02fc4a3c183cc1e69273b49c843e2dbdcfa8ac623a8d,1da1ca63a42395f17b0f98f0c1aa5ff678b13ad7e671d570d510bc50da9ebe27
286,W182,Breitling,BREITLING Superocean Automatic Stainless Steel 46MM Black Dial Men,exact,,exact-existing,1da92fd3d7b9a3fc70ffcae9382588d15cd9bcb16395c69c996a467da1e62957,7c2948eb42bdaffa8dec2a5924c0b43f03bf6fa6d78c137eeab0a0c8771c7c88
287,IWC-IW3783-03,IWC,Portofino — SS PORTF CHR 41-BLK IX-STRAP,exact,,exact-existing,938d7752394d98b80f4c3e04fd5aab9cd00fac07e500f25ef9e948da2e06dbab,1e9349ce2024ad5b9238d4b7147ec872eb3481e5537a0aea706a586e08090191
288,W1191,Breitling,BREITLING Superocean Automatic Chronometer 44MM Men's Watch A17376,exact,,exact-existing,767234241cedc5f42c4046a259e8eafb97b92ed4566743465918abccc0100f11,4fe15a7677f3097124ca8c93a4ba02f6e7b56117d05f58a395a8226bbbfa5da0
289,W183,Breitling,BREITLING Chronomat Quartz 28MM Pink MOP Dial SS Women's Watch A72,exact,,exact-existing,07970f5b41d78805e4f0448889e07afd671f1cda714f39ac820a5810200f231a,4e9c6f38201275b8e5eb01d1c44f0adc7ff04ccfb4ee1e445328d40b56c1f783
290,W258,TAG Heuer,TAG HEUER Formula 1 Chronograph Automatic 44MM Black/Red Titanium,exact,,exact-existing,ac41487e44286e6af76149a42a7d5f1306af67963e86db6128be3d182985614f,b2e6bfe6b060799f1c24a3bc9c709b5995cfac62d2779863460caf29f02ebb2e
291,W189,Breitling,BREITLING Chronomat Quartz 28MM 12 Diamond Blue MOP Dial Women's W,exact,,exact-existing,4bdffa98457bba66ad9d1e29b70e5515c7bb2b31a8a066cdac5a9b12b2fec293,9042bbc3aa197c36934bfa0fbc114e0c298d4f8026152425b69fa2faf4e2827c
292,W1184,Breitling,BREITLING Superocean Automatic 36MM White Unisex Watch A17377211A1,exact,,exact-existing,cbbe8ac2c8b4ec6e4caa69fda7fadc0fd8f864129ca34899f47c95a3a1c8e4b2,19969dc6c23a0f38d2efff61a5d4e29217213e0776818a95dfd1cf5e65d63e7f
293,W1383,Longines,LONGINES Conquest Automatic 42MM Two-Tone 18K Rose Gold Men's Watc,exact,,exact-existing,a295ac5244eaf1fc561fb00eca7d50a6318861ca61e2a79968cd559146db73bf,35659fef9c53bb2615daedc801b502482262c1a130edce995591231bac9cbfb7
294,CR01-400-7778-7158-07-7-20-01TLC,Oris,Oris Propilot X Calibre 400 Titanium Salmon Dial Automatic 01-400-7778-7158-07-7-20-01TLC 100M Unisex Watch,exact,,exact-existing,591c8c86d1eb069d458d06e3133b3fc1cacc09abf37ebdbad75841b0781890f3,f294efebed06cd0feba5bcdfa070ca35eb5722335e1e266dbb053fcf9e76dad3
295,CR01-473-7786-4065-07-5-19-22FC,Oris,Oris Big Crown Pointer Date Leather Strap Blue Dial Automatic 01-473-7786-4065-07-5-19-22FC Men's Watch,exact,,exact-existing,7d9a3cfa7d1b4f6c3fa8a060d72dda0b1b357dea2a5fad41cd1f865bce08069f,f6031225f2ece63837b282e081ca61921ac9b648c26d73f93c92f450f332a59d
296,CART-W3140005,Cartier,Pasha — SS PASHA SEA CHR37-SLV IXNUM-RUB BRC,exact,,exact-existing,0362fa0ddde9a528a7c02c7b1463369c34baf407e2779ddc51a44a838fb3a8cb,748b65eaafbcb26a208af8ece86c7d8e08b68dec0d8b15bafe8e459646e0cca7
297,WWN278590-3001S,Chopard,Chopard Happy Sport 30mm White Floating Diamond Dial Satin Strap Women's Watch 278590-3001S,exact,,exact-existing,bc21924605fd9cc41880e5c857b13afd2e3c4b8109a2996691d2174b8dda83e5,7b3815e217c87bd95ce56db83431bbb3c630b5362863c53ce46be101c7a89c35
298,WWN103540,Bulgari,Bulgari BVLGARI BVLGARI 41mm Black Dial Steel Men's Watch 103540,exact,,exact-existing,f7648631f455f24a60ee0f299b50bc6a0712aaae85cb93bd171ec25533f0c588,ee4fe9c90eb04cba3f71d753323bb08c8df0ce5ad6baeaa9eacdb38f1cd63102
299,BREI-X82310D91B1S1,Breitling,BRlt ENDUR 44-BLK-RED DP3-TG,exact,,exact-existing,f47e5ad89c21f36c9ffe365a5cdcb7ada23d00333a6f21c22cda6104898b0f42,79d772e14ed0b35e2e7d636545bfcfe57ccd8c816f5ff703319b07ac9edcaff8
300,W286,TAG Heuer,TAG HEUER Aquaracer Professional 300 GMT 42MM Blue Dial Rubber Men,exact,,exact-existing,395815b819a17ce7d1149b50d80fd0ac31c862c91d13d21e54f89a4538226f15,54ecad40108bd0b61ef393967c74c23587d19b760a42d007981ec3a03a1a3275
301,W1484,Longines,LONGINES Spirit Zulu Time Automatic 39MM Anthracite Dial Men's Wat,exact,,exact-existing,f897abdead0aa7a569dfc4091c80759a588a2e52ee060211e8c6492adc809815,ae510b9a13bbe9be2e5724007f26270ef8de6cc1ef69e9180bb184ce400a8bd8
302,WWNCV201AP.FC6429,Tag Heuer,Tag Heuer Carrera Chronograph Automatic Black Dial Leather Strap Men's Watch CV201AP.FC6429,exact,,exact-existing,016d949b707747ce60f9deba2be1fe52352430ec29b9b4db5481586181802026,64c71c4d015b1c496547ceb44b5f4ae2c62b86c4d374d07fa94245e8071a9a9e
303,W1114,Breitling,BREITLING Avenger Automatic SS 42MM Green Dial Men's Watch A173281,exact,,exact-existing,a4d5dc6672c2985b721f65d373aad0cb9613f55d13829b5566859c282b7beb82,97051c0e153c267705b53037f3de1e814fe1b1b5fb8331d6011ba4a2e58b37b3
304,WWNAB3113A71C1A1,Breitling,Breitling Top Time B31 Automatic Blue Dial Stainless Steel Men's Watch AB3113A71C1A1,exact,,exact-existing,593214c8fba8ae8e5d9379bb8fc3d72683e60c28d3ebfd130a6c82a6cb3dca62,2d4f2f378cae43f3d5426ff0b878a5d2996d4bb57224c1d653591ab03cb04f52
305,W122,Breitling,BREITLING Superocean Automatic 44MM Green Dial Rubber Men's Watch,exact,,exact-existing,ef946fdfd83e66cc762ce162fea9dabe23b7fe14dbdf7d2f631a48ed5fbdbd66,83959297cce17afff8574461a0a6084015ebdcbc61d8792e91bf6f660a3fd607
306,WWN434.10.40.20.02.001,Omega,Omega De Ville Prestige Co-Axial Master Chronometer 40mm Silver Dial Stainless Steel Men's Watch 434.10.40.20.02.001,exact,,exact-existing,8b997a187270ee956505f83c3666d6e567aa0b8ebb13398cd7e483c431b0435a,b225e0545b1781f2aaebde1743a736956c3943b8812eb2f1ae75749199c4c786
307,WWNAB01766A1A1A1,Breitling,Breitling Top Time B01 Ford Thunderbird Automatic Chronograph White Dial Steel Men's Watch AB01766A1A1A1,exact,,exact-existing,126f5505911b10d0d91838d1f5e86cd0c40a92e695835e6e245c2d2892c91762,e82f166103e8d63e28dcf1e45f9dee59b32211e6488ce530407a606d04e74f39
308,CR01-771-7791-4054-07-6-20-01,Oris,Oris Divers Sixty-Five Chronograph Leather Strap Black Dial Automatic 01-771-7791-4054-07-6-20-01 100M Men's Watch,exact,,exact-existing,f0cfeac015879400d54fa5327e4053e8a09edda2ec70c69daeb2c1d3c17d46aa,bcb69e71f6cbacc2da2db3bb600ffef5a1306c752656a57ab668e4f8fa86bf5b
309,CART-W3107199,Cartier,Pasha — SS PASHA C GMT35-WHT MOP-DB,exact,,exact-existing,1d02cbac27533109ac01b661880ab35fe122fa3f7b9066a1202e19115d431501,a2f69b7be434e5ef6860100ca8b467a8437c04ecd7ecec6d39423932b528e3f5
310,WWN102564,Bulgari,Bulgari Lvcea Automatic Blue Diamond Dial Steel Women's Watch 102564,exact,,exact-existing,439cf7a1d66aa6f343469aa043f90cd77ae0c69e7a5bff149fc77e787343e0e5,8a7f09f441bab04c6fec0a8b23c89102d591eb2d60d3c21270d826aebbcb6aa6
311,WWNM79680-0002,Tudor,Tudor Black Bay 41 Automatic Blue Dial Steel Men's Watch M79680-0002,exact,,exact-existing,cecacc4982d36480e0f2e02a2afb25af22caa0662b0262537d9e3f5f341d0635,cdda946b95b6f68dd96977983ee0102ca99a33d0616fb397f3bd51ff35d77720
312,WWNM7943A1A0NU-0002,Tudor,Tudor Black Bay 68 Automatic Silver Dial Stainless Steel Men's Watch M7943A1A0NU-0002,exact,,exact-existing,573477a04a4d1adb2b4b26df1c426f304c302431f0881848c921ef432798df51,f7ae4481b345a7c1bd6a4b558f1c2eb81a1e282474940a605235152b1aec98f4
313,CRWBP208B.BF0631,Tag Heuer,Tag Heuer Aquaracer Professional Date Titanium Green Dial Automatic Diver's WBP208B.BF0631 300M Men's Watch,exact,,exact-existing,17a3daba018c5134b3a07ca04df97acd04870eea93988a9c6786bbafe4f8826a,07d85dbd60700876c2c73a8eb3cc1f50a4ed0cafc94216ea85260cb2ed5e4e17
314,WWNCV201AR.BA0715,Tag Heuer,Tag Heuer Carrera Calibre 16 Chronograph Automatic Blue Dial Stainless Steel Men's Watch CV201AR.BA0715,exact,,exact-existing,5f9e13b7f84c84e8bd1395c409d1616ace6c1dacbec075d3921292d8e4030c08,adc096eb9bd274d01c341601b1c1c53d031f00ac13db86eace60469c462df257
315,CART-WSCL0005,Cartier,Cle De Cartier — SS CLE31-SILV ROM-BRC,exact,,exact-existing,6c745890b4e577f5d886cdd8c9626a69176cef0f4593b1bc452a2e90d3dbc6be,2fb67cb7094c5a5999473aa4e1801ca61afff0b72dd4e73c142b64b9bee72176
316,WWNWBP5182.BF0010,Tag Heuer,Tag Heuer Aquaracer Professional 500 Date Limited Edition Black Dial Titanium Men's Watch WBP5182.BF0010,exact,,exact-existing,58209dd07a712983672b329b45ead7d003a9df00ca7e884950d95ae6557a628d,d47410ed7d8441ad2a24e9c0eb518340d44c37814ce8d76f90811453f2d15fea
317,WWNL8.126.5.79.7,Longines,Longines Primaluna Moonphase Automatic Ivory Dial 18k Yellow Gold & Steel Women's Watch L8.126.5.79.7,exact,,exact-existing,b2e1a65dda2a09baf0436ffbe04cecdff0ee3319529fa85dbf739271f4a79cc5,16dd742fa3e7bab4f69be0a51579d90994cb553a8a116139ecd599abb7b7170b
318,WWN103868,Bulgari,Bulgari Bulgari Aluminum Chronograph Black Dial Rubber Strap Men's Watch 103868,exact,,exact-existing,51b809b1325300f7104707fd72b9fdf8cad747872cc6cad1ab92949f85919312,2471f9af1da4b05d29b92aef49a693a9116343befd8703209767b2ad1255f8dc
319,CART-W31030H3,Cartier,Pasha — SS PASHA SEA CHR 38-SLV-BRC,exact,,exact-existing,147b1d121fa7e6e686f2deb0da9bb7e0dee74e893231c64f43d99306d7920e50,5b5ac7675a2d738d00b5b0d759bcb5efec8072e348ccd0a52457117b4e8b7f1c
320,CART-W69010Z4,Cartier,Ballon Bleu — SS B.BLEU28-SILV-BRAC,exact,,exact-existing,90fad8cc1fac85e7fb4853e55e1cc529433fda965835f73f7032af2cdc54abee,f94fe21acb0d208765ccb12aea954cb30038eeb6f8599ba5587e5bd20d340919
321,WWNA32310171C1P1,Breitling,Breitling Navitimer Automatic 41 GMT Blue Dial Leather Strap Men's Watch A32310171C1P1,exact,,exact-existing,682af9a6157a0ae16bd602a8d61e3fbbb4004900ccc45f62817eb1c384c5c935,8789c92bc1d6197a91498a6efd52406e21ee75a626f378653fd1ebc92f243c6d
322,CART-WSTA0065,Cartier,Tank — SS TANK FRANC 25X21-SLV ROM-BRC,exact,,exact-existing,63b33fe83ef061841fa253320050d16b5586c4d5a5f35a39204a786b81f8f622,a1d8c372c8a2ad281d7c01715d4c482ce528869362e2ffaff856a586f17e1be8
323,W2106,TAG Heuer,TAG HEUER Aquaracer 36MM AUTO Diamond SS Women's Watch WBP231K.BA0,exact,,exact-existing,8fd454bef4543379941c21224d59b7bc7d74a8f0174522d2261e3f227cdac181,495bca4f582b600d945413bb1b3d3849d5d87da567ea66bf91ad3e4ccbc90dda
324,CRCAZ2012.BA0876,Tag Heuer,Tag Heuer Formula 1 Chronograph Automatic Tachymeter CAZ2012.BA0876 Men's Watch,exact,,exact-existing,dec58f3a2c7acc6bc2b1c035d302660f48b094914eb30b85f0e7e8d394cf5a74,60fbbfadb5cc32eee9de699714df5ef64f638c938e444dbda676000f171b29be
325,W2132,TAG Heuer,TAG HEUER Aquaracer 32MM MOP Diamond Dial Women's Watch WBD1322.BB,exact,,exact-existing,3894b63d1305da38e86e732b83753ec59fc9c82b7b32dc09b82f087705a3e63a,f7d142b1ac0cb13b66b712c0ef9a3887948d7811f260895f4cbdfbc1c314d13b
326,W1352,Longines,LONGINES Conquest Chronograph SS 42MM Silver Dial Men's Watch L3.8,exact,,exact-existing,45a972532e368be7eb7315a7ee4663272357e82e89518338ab5c4e26d26717c9,d27f69704c78a40223312fb5127e735f348957b37d90c56420e181b35c77d881
327,WWNA17329371L1A1,Breitling,Breitling Navitimer Automatic 41 Green Dial Stainless Steel Men's Watch A17329371L1A1,exact,,exact-existing,e1624daa08405c58e5f64da8b62a80a91a1cc2362a83e154753d539e7a7b13db,78880e3c90ef22bc41d1df1b2b5a7401789b1f89f2bd93beb2b756d581776748
328,WWNAB3111241B1S1,Breitling,Breitling Superocean Heritage Automatic 42 Black Dial Rubber Strap Men's Watch AB3111241B1S1,exact,,exact-existing,d0f6a8609e9981f4a63893c09200e869bd26cc5f4d8356b8dd948ca2508efd32,1a3f2bb50dd65004697dfc4be6cb934eb30cde7151efe3a16e3f2a8950ac0d41
329,WWNA173265A1K1P2,Breitling,Breitling Navitimer Automatic 41 Red Dial Leather Strap Men's Watch A173265A1K1P2,exact,,exact-existing,89feec87bd89b40d535b43dd4c019a468e9609eb00395ef4ae9da8a7502f8bc0,15b60f0ad19e593a1a24d2029411732d764e86999a25af7a0d52a46cdfec203d
330,WW675,Longines,Longines Master Collection Automatic Ss 38.5mm Yellow-gold,exact,,exact-existing,cba2e4d4cf023ab2d4058415e16e336d0ea490ff662c371bbb6559d04f6ac891,fb4504d04f0165ea90ac384c542dac16d2002eec26770997796fa31273baaeab
331,WWN104234,Bulgari,Bulgari Aluminium Chronograph Blue Dial Rubber Strap Men's Watch 104234,exact,,exact-existing,11d90930464a6c5ad57bbd0ab34a1f9b58b1e3c07d7090538be4b32dd655ef6e,a6f2454a987a0a6ee0d36a45e0355d6db3dd8b7db7c7f64e5a836fee93563425
332,W1351,Longines,LONGINES Conquest Chronograph 42MM Silver Dial Rubber Men's Watch,exact,,exact-existing,6bb4b79cd924d22a8a3349938f60df9a888c202c8da271b859837b8c5698d87c,727360ef6ced3c1a53ce86d3adfa3e1461e8a7cbd5c57ea3e465a00a469abe81
333,WWNA17375E71G1A1,Breitling,Breitling Superocean Automatic 42 Silver Dial Stainless Steel Men's Watch A17375E71G1A1,exact,,exact-existing,335c4221207a8af04cd080b584b57c1ccaad6eaf95a2bce3455d6ca8af0fbf4a,66e7615078c1996e7527304ffae7e8d6ccf048627523ae90caa93ea0e5da82d3
334,WWNCBN2A1AA.FT6228,Tag Heuer,Tag Heuer Carrera Chronograph Day-Date Automatic Black Dial Rubber Strap Men's Watch CBN2A1AA.FT6228,exact,,exact-existing,d77cac476a74c71529b323087ec790c6344a5957aaefcb551f0ae67087aeeda7,9203b1ae5d80e2f7e32e6c5ed825696f2e24860692924d60b6a0f15da0276c42
335,W2131,TAG Heuer,TAG HEUER Aquaracer 300M Automatic 43MM Men's Watch WBP201A.BA0632,exact,,exact-existing,47541ba557268fac263b34b740c6fbe859860595b5f2cad9fda57390392f0002,df554c92c5f9e290a83876efcf9fff7dbe4529e662cc03ee083641000601a503
336,CR01-400-7772-4054-07-5-20-82,Oris,Oris Divers Sixty Five 12H Leather Strap Black Dial Automatic 01 400 7772 4054-07 5 20 82 100M Men's Watch,exact,,exact-existing,8a47570a55496b6f3bf98b4745b0901c5987b5c521e99b8512fd6c8c498d26c1,fd066157f14f2892e3cacaafa55ef307e2ccd261c77b9ab95ffcee709e9c2217
337,WW341,Breitling,Breitling Endurance Pro 38MM Purple Rubber Unisex Watch,exact,,exact-existing,5e39650a368958d9f34b3dce0f1f5970291cf7ed8a1305d4ce131162ff08b0bd,fdb22a89a7c7e88ca1a39dc342d33f9b57900d412873ca26a394ed9ee86d8afb
338,WWNWBN2319.BA0001,Tag Heuer,Tag Heuer Carrera Date Automatic Diamond Purple Dial Stainless Steel Women's Watch WBN2319.BA0001,exact,,exact-existing,391ad4acb92fc5dbd8f2fbb38f3c896dc8d760dd568288b3b9b4cf146f37d565,8da5ec831c566d29c3834afaf69cbe2299c39a0496983837ce6849ef8270c92e
339,WWN428.17.26.60.04.009,Omega,Omega De Ville Tresor MinI White Dial Diamond Case Leather Strap Women's Watch 428.17.26.60.04.009,exact,,exact-existing,75fe8cb2804af1dd241e055c6c5dfd9668c0111aa4c3d69bf88a4c25b774db42,238d6ba6719bd0b55bcb241dc4f69f75dc9b11565a40305ef1d0c5231db1f561
340,TAG-NRCANN,Tag Heuer,Tag Heuer Aquaracer Professional 300 Grey Dial Automatic Diver's WBP201C.BA0632 300M Men's Watch,exact,,exact-existing,730e9caad94d06abbf3e225b3e10134f6c93c37774a3e26445ed4bf49e81ae7e,7e2e1372aa9511ca4d6996c480bed9bf7f0ee8e0cc141cc5bc3abe7cce137221
341,WWNWAR1115.FC6392,Tag Heuer,Tag Heuer Carrera Quartz Grey Dial Diamond Bezel Leather Strap Women's Watch WAR1115.FC6392,exact,,exact-existing,a5574dad84b2ae037a9d82c87db4a2da1965c1d41911cf7170df33cd1fdaa398,ac07c828e34deacd6c439a3f05eb107e068d4d1873d157769f6305c5b3c1a59f
342,WWNWBN231B.BA0001,Tag Heuer,Tag Heuer Carrera Date Automatic Silver Diamond Dial Steel Women's Watch WBN231B.BA0001,exact,,exact-existing,87e12f2afada70fd815add4247e2cdd347bd055e63e37cd7677c1e7298b86621,e58b632f2df0bec19f4281198a1fe30b63ecc0cc03a6b4a004b4645e7963ebb3
343,WWNWDA2114.BA0043,Tag Heuer,Tag Heuer Carrera Date Twin-Time Automatic Green Dial Stainless Steel Men's Watch WDA2114.BA0043,exact,,exact-existing,9d9e05d40e8a28c14f181418593f93800c0eecc2670335289bfb3a005a903d25,a257c615067d34c83cada85f35db88c35757f904a90e0b1c1043beb81ecb91a7
344,WWNA10380101C1A1,Breitling,Breitling Chronomat Automatic 36 Blue Dial Stainless Steel Women's Watch A10380101C1A1,exact,,exact-existing,30f5168b7ed104fe07015bd476e1884a77a69ffb6122d3df3e780905ca59bc21,6f22bbd824891271ef6a58ae2c2227fee08c4cb34212ccc1f12a2d42cd25c6fd
345,WWNA17329161C1P1,Breitling,Breitling Navitimer Automatic 41 Blue Dial Leather Strap Men's Watch A17329161C1P1,exact,,exact-existing,ae594796b53537121744cf6cb0d1badae1bf6bcdd960a7fc5d503ad7cf5c3805,f7c3a20813ffe689a637c34e8c89e7cf4160685002b703da2b24470f25b49abe
346,WW134,Longines,Longines Master Collection Moonphase Automatic 40MM Blue Diamond,exact,,exact-existing,83907dd3c8a3c906a5713f2dbe42f1d660f2d991cd7b36d82f18645eadfab2cf,478e596ec4a7e4d40730ed183b3381fa0683e359bdfdd4de67a02b942fe38f00
347,WWNL8.124.4.87.6-CD,Longines,Longines Primaluna Custom Diamond  Mother of Pearl Diamond Dial Women's Watch L8.124.4.87.6-CD,exact,,exact-existing,59276466a86605a473f52b2f964d7346625b6e40cf7d829c43134cc01e6f0284,a67082d35bdf5a123e6a471581c7c943dd7419d6f3fb05c5a7d22a17ad2692e9
348,WL15,Tudor,TUDOR Royal Black Diamond Dial 34MM SS Women's Watch M28400-0004,exact,,exact-existing,66f82644a340f125e12f3bb3e641876d33c27f28ef249c601992a7c934f687ba,8aab5a74170572d285b5039845e57fd38f0a2b20fbc5dfe5840ed19341a723b9
349,WWNA233803A1B1A1,Breitling,Breitling Classic Avi Chronograph 42 P-51 Mustang Black Dial Steel Bracelet Men's Watch A233803A1B1A1,exact,,exact-existing,9a01df68fa0659bca92d11112562cb343e5f94662b98f68bb4e74ab581824e17,1c2a7d25d342163c9580f551e5266383df5f8efcf4e7468084c5ebf581e11e8b
350,CART-W25065Z5,Cartier,Santos — SS SANT DEMOIS 26-SLV ROM-BRC,exact,,exact-existing,f983149d5d7be3e80b0edc12071a6c0a0c52cb5d5700de0a4749ba4566ec2795,ff7ce7ad03614925a83fdf9dd493ff79ce0d371732d4961ccc792fb5f9f8568f
351,CART-W62016V3,Cartier,Roadster — SS ROAD37-SLV ROM-BRC,exact,,exact-existing,de59a6f6f59556e680f8084d0f6db91473e42793570ed524304814ed601c5cf7,d161cfacba878e35a3220cd87e7a3cd29ec98fb39cd910be903a7a5f690ca050
352,CRWBN2113.BA0639,Tag Heuer,Tag Heuer Carrera Stainless Steel Black Dial Automatic WBN2113.BA0639 100M Men's Watch,exact,,exact-existing,3cc63e0ac780e0ea72f4ae762c26ff3282ba01f0e9c244c9beafa71474f19b4a,f1f39b4437785b48cd6a8546eb97453a8b8e29fd101c27a3490d5485d528e9f3
353,CRWBN2012.BA0640,Tag Heuer,Tag Heuer Carrera Stainless Steel Blue Dial Automatic WBN2012.BA0640 100M Men's Watch,exact,,exact-existing,49cb630c6ddc9e85063106d10d67f3853b89f75bb722d8afeb8193c46bea22b4,1700f3561fee9663855b50751b6159d448a0ac65540230645df1dfcf9a609196
354,CART-W6701010,Cartier,Ronde — SS RONDE SOLO42-SLV ROM-STRAP,exact,,exact-existing,d1dc9a05f10d0dbd8362a34de18edd788dd95c315f252a09cdef2cd23c817cca,4ed9177d1eaf9d31fcf268839b40edfa4af067b29acfa08c93daad8bbabc4dd8
355,WW682,Longines,Longines Elegant Automatic Ss 37MM White Dial Two-tone Unisex,exact,,exact-existing,34a4a142620081315970d154b7599d48b8c634b228c6ebc76804c8e0556a00c8,0cf43d8549da9aeae582734663b57601c93f6a7786b182c0a648dfcdce6a9328
356,WWNE10379351B1E1,Breitling,Breitling Superocean Automatic 46 Super Diver Black Dial Titanium Men's Watch E10379351B1E1,exact,,exact-existing,0f83be9baebdea9cd6ea36cd7829e5a165b3fad776a012d237eeb79d10ae98df,fb70a7f320d96462a42f8a4e3a5903d97c2197f80f8d00cd8acd9f4690abc98f
357,CART-W250295A,Cartier,Panthere — SS PANTH 25X30-SILV ROM-YG BEZ-STRAP,exact,,exact-existing,082a3d3363cc2c7d69964f02121bd38e81806f8b0320eb165cdf6f6e9655716d,5f442a24c95f1c0d4872ee1d4e848d75ebbe4aafac09c88589091dedb0c59597
358,WWNWDA2111.BA0043,Tag Heuer,Tag Heuer Carrera Day-Date Automatic Black Dial Stainless Steel Men's Watch WDA2111.BA0043,exact,,exact-existing,69225dd6397e067219711015b56ff4869abc662861a00e0426a498a793daad2a,c5fa7f237a0713caeb469547258513f34507b351445ce64edaf7df20c71e5854
359,W1104,Breitling,BREITLING Endurance Pro Chronometer Quartz 44MM Black Rubber Men's,exact,,exact-existing,b5b012dfaf55259082be12290f6881dbfd1c7c525b55da7036591b8f6c1d6b20,e615f991ed5d431891f36fa85e71c4650369befca418987840e2c19b306c633a
360,WWNL3.821.4.93.6,Longines,Longines Spirit Flyback Automatic Chronograph Blue Dial Stainless Steel Men's Watch L3.821.4.93.6,exact,,exact-existing,68c505de7d606ccdd9cf6ab59050102b19978744c7175939f3334c54f645f736,1d58e32d9b72c9dad703b5c510ea6df2767331d065734ae2c8dc77d6f5050c3c
361,WWNA17376A31L1A1,Breitling,Breitling Superocean Automatic 44 Green Dial Stainless Steel Men's Watch A17376A31L1A1,exact,,exact-existing,42070e051a5365f61ae0901a87da4dedc10b2a9c46f1d71552629ddb90d39aac,512ac64ed2d400443ea198ac2006e2c939b562e289a817fc96b4faa4c1af97e8
362,WWNCAZ2012.BA0970,Tag Heuer,Tag Heuer Formula 1 Automatic Chronograph Grey Dial Ceramic & Stainless Steel Men's Watch CAZ2012.BA0970,exact,,exact-existing,18f56aefd26205f14cffc63f26338bc4411b9de81f0d2d34399b279e4163954a,30d331d712bea255bbb2444b8b0343b09140a95fad49c577889742dfc7a4d49a
363,WWNM91451-0009,Tudor,Tudor 1926 36mm Midsize Two-Tone 18K Rose Gold & Steel Women's Watch M91451-0009,exact,,exact-existing,dc338588edc627cc32dba793a51bab0a1ea7d7bab6b6163fc5dcff15e9a4e16c,6c3f97ab65649bd260204c0d31d377a36d7a3118fd342d0af9e2337766df6a44
364,WWNWDA2115.BA0043,Tag Heuer,Tag Heuer Carrera Day-Date Automatic Green Dial Stainless Steel Men's Watch WDA2115.BA0043,exact,,exact-existing,ba0c247d68371b1bc94b4e3bc168edecd3fd7b7477faa3dff475605048cf15c1,1b9cd7ffdf1ac6e1635b57b6c90343da81a7185d44ebe29a97e3293fff1ef186
365,WWNA17376211B1A1,Breitling,Breitling Superocean Automatic 44 Black Dial Stainless Steel Men's Watch A17376211B1A1,exact,,exact-existing,5417766c081c71a7efb50affbfd86263ebcb4f88348e010cf2ca93a0d88f98aa,0737160b3150d3223a76a3da27483c5c375167d8fbf5e4614d6a11d1c4668394
366,WWN424.10.40.20.02.002,Omega,Omega De Ville Prestige Co-Axial 39.5mm Automatic Silver Dial Steel Men's Watch 424.10.40.20.02.002,exact,,exact-existing,879c0aa33403e17d54d846a364374dc9d8840c91489a9f5c9b9c1ae4d146d0c6,ed55fb2e97553e030bba66298c077220b0d9a0c9d62b2595ea5e8c4d4ad673e5
367,CART-WE110007,Cartier,Tank — SS TANK FRANC QTZ 25X30-SLV DIA-BRC,exact,,exact-existing,166d8cf10555bfef51a69b8db9d8c31cfb3efef57f30ca9350092f4f24b3a85b,a44d7fe3475573f9fc389975c1b64c34cf4e309a7aa6df7b5c908c8d81d079b9
368,WWNA77330121A2A1,Breitling,Breitling Premier Lady 32 Mother of Pearl Dial Stainless Steel Women's Watch A77330121A2A1,exact,,exact-existing,987007e103b95d00786f18e85d768948412abd5ba0f973f500fffccd1b99b043,f0ac04d7765f90ed6313fc641b68f1ce20cf9719fd5874a64ac636d478f0cf21
369,TUDO-W2139,Tudor,Tudor Glamour Date Silver Diamond-Set Dial Stainless Steel Unisex Watch M51000-0004,exact,,exact-existing,c6a05cd5dff9edcfb7ff0e8f6c0f6a7bbabca584f2711ecc98a2b84dd184af2c,085f0dc4b745c5cff724ebc2d38914596233eee98b90b377ec8e6083d85d4f59
370,WWNA77320D91K1P1,Breitling,Breitling Navitimer 32 Pink Pearl Diamond Dial Leather Strap Women's Watch A77320D91K1P1,exact,,exact-existing,2e56296678d77571a6b071dd06f9482b42556439943b4f7a5841785679cf81e8,0901fb63de5f880454a8a3f587f4ac049129d8e2733a2b3aecb15ebe5c38817d
371,W1392,Longines,LONGINES HydroConquest GMT Automatic 41MM Brown Dial Men's Watch L,exact,,exact-existing,8fa15f16d1a16a37e1d30bb80a38fea29110f8ea70b570d83c49917455008b9f,06e9e8c11324fe54a0f088ffc41595dc3832421a321f984670296d38c703f893
372,TAG-A10771,Tag Heuer,TAG Heuer Carrera Stainless Steel Turquoise Blue Dial Automatic WBN2316.BA0001 Women's Watch,exact,,exact-existing,d15ca13ca7f04652901f2c048c033cabf0dff2c2793a5fe835a50a4c273b020a,a0be1b11b58cda6ee7cb401e004187520d4df9b8c0288bbafc2a7ce1531b1067
373,WWNA17377211C1A1,Breitling,Breitling Superocean Automatic 36 Turquoise Dial Stainless Steel Unisex Watch A17377211C1A1,exact,,exact-existing,3438cbc4a2ac69026c8409d75fa9e08d2c19e489149f847d8e6e610ba2c3720a,3c0d6d60f2d17fb59cdd7b1ace0c9b7d08286514d0acaa53356b497504c5b9b3
374,WWNA17378E71C1S1,Breitling,Breitling Superocean Automatic 46 Blue Dial Rubber Strap Men's Watch A17378E71C1S1,exact,,exact-existing,1de3c4e38ec4e666a308fc228fe921e065cb61c2edbf5d0de5a2f0319e860c2d,5343c0db367422972dd7c321e920121f1c542ae2a2f98fef5a09c815cec7e7eb
375,W1282,Longines,LONGINES Record Automatic 40MM White Dial Leather Men's Watch L2.8,exact,,exact-existing,6b532869930a4f4a761a61b975944fc1da1d2dfc2e372dcb7f6507f4b2d6b32d,cfd3f865a80950be14a6e7775c1f49d33b00d58123e4c85e7f8f5364dbf23dba
376,WW866,Tag Heuer,Tag Heuer Formula 1 43MM Chrono Quartz Men's Watch Caz101ag.ba0842,exact,,exact-existing,ed1144b48f3cb4d91d8208f1a83e7336e84d53ba7ccfeae6d19bde48e414f79f,e85a72466d9051187095c65f73f18d0db7f4d055b3f6aedc8dcce91fffa21b4b
377,CART-W3140026,Cartier,Pasha — SS  MISS PASHA 27-PNK IXNUM-STRAP,exact,,exact-existing,f68f0014519f6f75dc01dcecac4302e49c9e1fe90c6ceb760ac0d67aef4bfd65,16048f773ed44c4db406347374858729dfe362624803ad5293cb782aa82023c5
378,CART-N10796,Cartier,Cartier Ronde Must De Cartier Silver Dial Leather Strap Women's Watch WSRN0030,exact,,exact-existing,e25a563663a966a9cd8097a31f17bbef8ebd259686b8e36f4120f07bb2c6086c,db8cea054ff30ddfbe7268efcbb35befc28f6116424b9402e8fed20b85bc1bd6
379,W1112,Breitling,BREITLING Endurance Pro IRONMAN Edition Chronometer Quartz 44MM Re,exact,,exact-existing,c3b2b8c3361ca9d7731345c09a697fd5192c2af26bee81e648fd13aa9bed4de0,4519c133c83bb01ee5e0ee80a8b1463288ec6da91deabeb6d6bd601b7088bd9c
380,W1355,Longines,LONGINES Spirit Zulu Time Chronometer 39MM Black Dial Leather Men',exact,,exact-existing,417bba0e31f7c639d17ebf059571101a57ce85186876d5b242933a45ffa70177,8cf22d39d9eabd0cecdfe1216d19ca3e823da1d06c8eb91c0e62da324089a031
381,W2113,TAG Heuer,TAG HEUER Formula 1 X Red Bull Racing Quartz 43MM SS Men's Watch C,exact,,exact-existing,f3fe7489d833553faaff32a1d683d139d941962d36d8b6c5b99e0b67392859e0,f383f76fcae5e501610bae011f853a7e2976e2be27a9ce068cdfa15e184ee60e
382,W1389,Longines,LONGINES Symphonette Quartz SS Oval MOP 56 Diamond Women's Watch L,exact,,exact-existing,5b1b7f9964423519c33d44bea2c2007937508e527c1dd211e84e3cf6370fa2ed,5a453abd95cdf7bfd80a3422f1a046be9da5589194027b729db706fed22ca0a7
383,W1125,Breitling,BREITLING Endurance Pro Chronograph Quartz 38MM White Rubber Women,exact,,exact-existing,1a697f418ba0889a41110abf4da1bb66bde58657d74c145d3cc0d9856a227265,4f8ccc121be960e273c0305d2bea71cf2d0794b4f1f8564b38f1a66f83b4801f
384,WWNWAY1396.BH0717,Tag Heuer,Tag Heuer Aquaracer Lady 300M 35MM White Ceramic Diamond Women's Watch WAY1396.BH0717,exact,,exact-existing,3a247091391bb9b73f2670ba600f522e57f442b27b243acb071243152c7bdec8,197c84e7bc858b26102d14bfb15c641202b5677530275e357c7c28689fe32662
385,WWNA17376211L2S1,Breitling,Breitling Superocean Automatic 44 Turquoise Dial Rubber Strap Men's Watch A17376211L2S1,exact,,exact-existing,0561f0ea901a59c3c0c230a5a6855185d93738b8a0367a1dc84929f5ee35fd99,82c49b15931a246f3e1eace8b9a610e9e0436f0090220129fb562bd2b77b87f1
386,WWN103963,Bulgari,Bulgari Bulgari Aluminum Pepsi GMT White Dial Rubber Strap Men's Watch 103963,exact,,exact-existing,6bcd2ed8042348a9b14ab862623c0f4b8ac5c17937931e9459b9105f6bc37ec3,b95479dea68066a212f383babad8a5cdd56781324ee691daf3c3ded96efa733d
387,W1292,Longines,LONGINES Mini DolceVita Quartz 21.5MM White Dial Diamond Women's W,exact,,exact-existing,4970a221ab2bb9f9b985ea492ab07a7e293fbb8095da157b969580c2445b66f6,41f3fbbba6a440769a054a31af8f8e217baa0fe06f66c72faf6ad958519ed656
388,W1100,Breitling,BREITLING Endurance Pro 38MM Red Rubber Ladies Watch X83310D91B2S1,exact,,exact-existing,7e0bc0b650329636546d09d2b26f7178efdd95fc37f680ea6e18b26c908b6f9b,6fb5a72764a2093fa7fa103a7c77899e44d6d7d62e7a786f80fdf3311c449032
389,WW117,Longines,Longines Master Collection Moonphase Automatic 42MM 13 Diamond,exact,,exact-existing,7ca89361e0bd499cd601e09e5bc5dd74c395130944a9bfb1a87ebdbc81d260a3,8b6f7f3e46a625a06200d17e6865709c8aaa7fba2c5266b43f750eb74e80c38f
390,WW683,Longines,Longines Elegant Automatic Ss 37MM Black Dial Two-tone Unisex,exact,,exact-existing,59a23162db9f5178b1313a777d90c3cf119bf0dfc651b89b089534bbcb92fee3,b5a53ba860baccb83dcf73e18e13bc37e0258cb7224dda807f944fa79c88664f
391,W227,Hamilton,HAMILTON Ventura Edge Dune Limited Edition Men's Watch H24624330,exact,,exact-existing,11ad9ec58f134bba94587c444072a43c3fa4653b1c0a9ed1ecb98a032d1fb23a,5623563e0a9c9098718b11f78b17c8b02762707e6af0f6bdf20381cdad377244
392,WWNWBE5116.FC8266,Tag Heuer,Tag Heuer Autavia Calibre 5 Chronometer Automatic Blue Dial Leather Strap Men's Watch WBE5116.FC8266,exact,,exact-existing,068249775a0a64e78e33c1ce3c151018429e335d90031352e2bffcf87822ff01,6a40443fb4ec08461c75c4ee608891bb9053dc462b90c84fe2977745e55b0ff7
393,W1293,Longines,LONGINES Symphonette Quartz 34MM Silver Dial 56 Diamond Bezel Leat,exact,,exact-existing,720111921eae68f7aaad69622258d3faca2de0470c62b2609a57dab4e6338dec,84c8807e85e4c7195a0fd91b0c5787b99296ad60771d86b4eda19b1d90e73c04
394,WWNA17375211B1S1,Breitling,Breitling Superocean Automatic 42 Black Dial Rubber Strap Men's Watch A17375211B1S1,exact,,exact-existing,e408013ab1af4a82ae55313d030d4195c9d644a5ffdfecbf0c51ec20149f6853,29299495a20453af1987e2f72a9f364f3616bd2ef8174ebf075f9eb8369b291b
395,WWNL5.255.5.89.7,Longines,Longines DolceVita Quartz Diamond Rose Gold & Steel Women's Watch L5.255.5.89.7,exact,,exact-existing,575dc86e9e58061c6e313f44e3d0ce84cf4e715ff5a8c182180bed2d0562b3f5,db9ae7998524d2d132d3a3b279e066d25cb5d2ded9535fe92e8d412f05339521
396,WWNWBC2111.BA0603,Tag Heuer,Tag Heuer Link Automatic Silver Dial Stainless Steel Men's Watch WBC2111.BA0603,exact,,exact-existing,ce5f6f40b279349ac4c2635d34eaa41ac6d3fa17b9c2f5cd153bc373b648d86a,7fb07249091931a53e07a27f547f74561f013af04356281fd380c2aac19ff57c
397,WWNL3.835.4.72.6,Longines,Longines Conquest Automatic Chronograph Silver Dial Stainless Steel Men's Watch L3.835.4.72.6,exact,,exact-existing,81dddb80be8816765b86892bc7931d7eeadfaaba78fe8c4371a75ad257d1ac69,85ada897682dc9a3a99420c557ce569f86dd08dcbe263393c76b4a908c3d3722
398,WWNWBN2012.BA0640,Tag Heuer,Tag Heuer Carrera Calibre 5 Day-Date Automatic Blue Dial Stainless Steel Men's Watch WBN2012.BA0640,exact,,exact-existing,5c54b0cdafe0b9d3e85c7b1e5d154dc3d26faf568e1e49704f9bbc612d13c27e,4b6bb34fabeb247c1a78dd4aceac75c85495f98e38f94a5668366628b43046ae
399,W1382,Longines,LONGINES Conquest GMT Automatic SS 42MM Silver Dial Men's Watch L2,exact,,exact-existing,2249ac078666a913e71a116a6d6173e4bd53013d75eff29ac0307c7729b395f5,aef3daf262af9cd476a1a11733847757681404273860a1711fb933b51afb766a
400,WWNL3.821.4.53.9,Longines,Longines Spirit Flyback Chronograph Black Dial Fabric Strap Men's Watch L3.821.4.53.9,exact,,exact-existing,3df3ffc53fb77fec90616c560d56d65f81ba0ac1d7d7ec7e5dcf4e30a7be33a2,c42715ef2301727491d5d812bc0a709483d9c161c6a25b3c06e6ca00ffadf03a
401,WWNA77320171C1P1,Breitling,Breitling Navitimer 32 Blue Mother of Pearl Diamond Dial Leather Strap Women's Watch A77320171C1P1,exact,,exact-existing,9aa46d9d027a2b8fbc7c80d99f8b0a54d9095dae5382555d7ddc30f18576c8ea,2ccb9d39852eee2a482e2dcfa38b059d3a056513098b55de76f5be9a70ed8ee2
402,WW311,Tag Heuer,Tag Heuer Connected Calibre E4 Golf Edition 42MM Titanium,exact,,exact-existing,145cfa2c091b9af48163cacf58bbdc772b3423e160783359708a6267a74b1bdd,5cf6c7da713c85b1c7a810364feecd3245b9845e6d76b899164ae0ddf380a4b1
403,WWNWBN2312.BA0001,Tag Heuer,Tag Heuer Carrera Date Automatic Green Dial Stainless Steel Women's Watch WBN2312.BA0001,exact,,exact-existing,447ace32ff265b54dafd005e70d334da5361da03bfc653e10a75d9880917e467,62c7bdba0c09d306edab87acbdf0bed3d05c2a298e7cc447104ce31a6bdf5f31
404,WWNWBN2112.BA0639,Tag Heuer,Tag Heuer Carrera Date Automatic Blue Dial Stainless Steel Men's Watch WBN2112.BA0639,exact,,exact-existing,b6abca3ec220b3c66056b60ba21ea5c5b72f06de4eb70aef558997909fea1816,a8ff5389625f44893991d8e36d31ebf47c1b27fcb95e0d71b8a0e9b1e40e180a
405,W1308,Longines,LONGINES Bella Arti 19MM Diamond Bezel MOP Dial Leather Band Women,exact,,exact-existing,ee965cb37ff7fe720df9c5c8f0cdcd75f38d7150143d7cb43bd0edb237d61380,373939f11684eb5adcece4a7a3f8f62cb7ded8c31ca98ab0fdf0302bc0d9f9d4
406,TAG-A10829,Tag Heuer,Tag Heuer Formula 1 Automatic WAZ2011.BA0843 Men's Watch,exact,,exact-existing,d3ece3a724ce2b7d44fb6391302d1550feb632a1dbd7c1cad34f7306cf27bdcd,8846ede7f3a05add463131ab76fb968052e92085721aefd98674b940f26a0099
407,WWNWBN2313.BA0001,Tag Heuer,Tag Heuer Carrera Date Automatic Pink Dial Stainless Steel Women's Watch WBN2313.BA0001,exact,,exact-existing,fa9b559885c2e4abe9ea94c3a545c5d6f3163aa2a7903c08ea4bff16087ade4e,87336e489e3c044f910e4fa1b1496d5b5b94fa21ef31cb9e7cbeb995196cce4b
408,WWN01 400 7772 4054-07 5 20 82,Oris,Oris Divers Sixty-Five 12H Calibre 400 Automatic Black Dial Leather Strap Men's Watch 01 400 7772 4054-07 5 20 82,exact,,exact-existing,075f9c9c4c022e2586f3d834f0b9c4dd45281a1abeeaf688d01bf1b6b6eba160,a390fe34532ba2723f518de802f6d9862f061de13d1637b71633391a9a0acc06
409,WWN01 400 7790 4135-07 4 23 45EB,Oris,Oris Aquis Date Calibre 400 Automatic Blue Dial Rubber Strap Men's Watch 01 400 7790 4135-07 4 23 45EB,exact,,exact-existing,7ecdf6efd6bcc84f56b11ce7b6ff8134706729397cc6f1061df105cdddbfb9c3,38ce1b4741747abb36c751b392cb61e9303aa3fd26be5cf230f8cd98c683ec49
410,WWNL3.764.4.16.6,Longines,Longines Legend Diver Automatic White Dial Stainless Steel Men's Watch L3.764.4.16.6,exact,,exact-existing,48b08119bb341a7aa64db76839c1a17d3a2c1a1d3240cbaaae98f143d4e72653,11cbc00e94ab7178dce0a2ff045128c271d0091aff433013497bce51e6844583
411,WWNL2.830.4.93.0,Longines,Longines Heritage Classic Chrono Automatic Silver Dial Leather Strap Men's Watch L2.830.4.93.0,exact,,exact-existing,8ab9ca898f88162ec172ec08b6cefea4c19872bcda6d23a0fdd65b2f2c31fa39,a52464925d0241fd624e9f9b881439a35a46c7ed6aa95c84d65add6e323b8e88
412,W235,Hamilton,HAMILTON Jazzmaster Performer 42MM AUTO Leather Men's Watch H36606,exact,,exact-existing,ac958c9edb8a8928cf261451b47793bc3aa3e53402eb7fe259508605d2986104,0cc30b204c3f2634485440087f8ac618fee38de841d3dd52558456a90b8e7a50
413,WW138,Longines,Longines Hydroconquest Automatic 43MM Green Dial Two-tone Women's,exact,,exact-existing,d1f243f23d4ea71c2427a02477592810da9296cf5d7c7f3f4b7eeea96791d531,6b7b7df93cc7dc1ef16adab469aed0abc67727b29a02abe19bbf156620b3ddf1
414,W215,Hamilton,HAMILTON Jazzmaster Performer AutoChrono 42MM Anthracite Dial Leat,exact,,exact-existing,b8965645f14ac7119ace2b39363371d88ea359e95c04ab6d06ca2ebb54640200,ed3093137974328ee86dcc0104aeda458c917d130b22274bb0829f91ed5b5365
415,OMEG-WL42,Omega,Omega De Ville Prestige Quartz 30mm Rose Dial Stainless Steel Women's Watch 434.10.30.60.02.001,exact,,exact-existing,4236e34a22c7440c6762ebec94a60eb43f6d1cf393e8533f342a3b61da73e2c4,7e44b47431919e443d11c70b2a082b9c19ae8585b87d2e7957128b4a68c6af59
416,W1454,Longines,LONGINES Conquest V.H.P. 36MM MOP Diamond Women's Watch L3.316.0.8,exact,,exact-existing,52775d7dc90d18edbfaf7f4ed6b0d46ec0d360dbfa052e28ba6969ded986a5d7,1861688b78ccf1f8521077eecfa23d9ca05a7c54d4db9c0dfbb15bc15cd32a74
417,WWNX82310D51B1S2,Breitling,Breitling Endurance Pro 44 Chronograph Black Dial Breitlight Rubber Strap Men's Watch X82310D51B1S2,exact,,exact-existing,59adc3681118cd76fcb495d6eff1b85cf29aaf1d07c3f04828f3fb3fe907e90f,b852954f643bfd80c2e6eea63c9f847e9b2fb495d19c2f13f3bb361110089ee0
418,W1269,Longines,LONGINES Record Chronograph SS 40MM Black Dial Men's Watch L2.921.,exact,,exact-existing,7ea4a17e2dda36d2d33f610066ea91fa6cc2034c26b9f9df83ff18e9d3556b48,6720aee20a669172ac1ad2b8798ecd5c5be8381f71c387f7ef643402a02eda68
419,WW684,Longines,Longines Elegant Automatic 37MM Black Dial Leather Men's Watch,exact,,exact-existing,0bc0f93e993df137f2b2fc5dd9f6e67ccef529da5379f838579812e984349caa,f1bd16f92adef2158d41d0770cf09f88e8efad190959d311e4487499605ce1b0
420,WWNL6.141.4.77.6-CD,Longines,Longines Equestrian Boucle Diamond Dial Custom Diamond Bezel Steel Women's Watch L6.141.4.77.6-CD,exact,,exact-existing,b770551ca18da6cbaf1e4d95fc5c3f3b1eab8439d5008c84ff4d36879c333939,18d8e942658222f2cc0482fdf2a97ff83877fce8fd6612627b89f3e58fff5f74
421,W1273,Longines,LONGINES Master Moonphase Automatic 40MM Blue Dial Leather Men's W,exact,,exact-existing,21165bb3d6f968ee6915947cdc6a2f832d569718137e0691b4a72541bdc0cc7c,b8de90c2e3f523282bd8ca69a93d2648a3674490be8dded9ef75e0954d3a3436
422,WW746,Longines,Longines 1832 Automatic 40MM Beige Dial Leather Men's Watch,exact,,exact-existing,37b40752d0f06b083ab835ef382d85c86d64b66bd22b1377682befb00de46fdf,1bd6cae5889badd9a5e0cb9160c30083cd059ced0bdffc492e1471fd7098057c
423,W1511,Longines,LONGINES Heritage CHRONO Automatic 40MM Silver Dial Leather Men's,exact,,exact-existing,be74a7b25f6d42a0e8761f2b64f42074b01eceeb8d0b3acec7c6e18d058f9b16,b98c05d9c1369d46cc31d518ef0f1de3c06b273b9799ca5dc515fafe97db718e
424,WWNX82310E51B1S2,Breitling,Breitling Professional Endurance Pro Chronograph Black Dial Rubber Strap Men's Watch X82310E51B1S2,exact,,exact-existing,f69d774f0597273c78f0b5836d16b00fa198a3511ae2aaf3cbadef5392406870,775abd8938d3c05c3ba22f179e614fad3621761e76192d57e42b84bed72271e9
425,W1528,Longines,LONGINES Master Collection 42MM Blue Dial Leather Men's Watch L2.9,exact,,exact-existing,3b3633d8a74d0fc81b9e2309803c42c7d1c54fdf72eff6bdd0a367d703eba933,fc0fea1415bf091eaa7a8dd669696b35fb9752d914d85b78cbefef4f66c94bd2
426,W1485,Longines,LONGINES HydroConquest GMT 41MM AUTO Green Dial Men's Watch L3.790,exact,,exact-existing,943014c3c607d693c26798b92a65126873663aae94d3f6e50db54dc8f0972be2,990a99acfb88f4988884c77833a67576952d3c1d552a244fa2d929039806a546
427,WWNL3.812.4.63.6,Longines,Longines Spirit Zulu Time Automatic Grey Dial Stainless Steel Men's Watch L3.812.4.63.6,exact,,exact-existing,e39ae82280fad15f7540e4359bd68a27a0858396c6696dbf672bc05ed5761864,5bdf00bb48e9fe07aa184f8c7d529e2ff8f153fa08fe243ec8281477e8501725
428,CRH38446730,Hamilton,Hamilton American Classic Intra Matic Chronograph Leather Strap Black Dial Automatic H38446730 100M Men's Watch,exact,,exact-existing,02c3c74a47a6e1260e4a375bde68a1ef69d96e0293646b7c3de3f2dbd38ddc3a,1c62388d490cdcaa1bbc8a8414aa7f5478e1374848d628682d0ecafb081db490
429,WWNWAY208D.FC8221,Tag Heuer,Tag Heuer Aquaracer 300M 43MM Automatic Blue Dial Fabric Strap Men's Watch WAY208D.FC8221,exact,,exact-existing,f588652228d0e07e36d47cd03c1ed72297c398bccbe11fa919b6f3cc5e02f7cf,ec2593974214766db41f100f841eae61a4f076c7d6e3fc40a69dafc434337286
430,WWNL3.802.4.60.6,Longines,Longines Spirit Zulu Time Anthracite Dial Steel Men's Watch L3.802.4.60.6,exact,,exact-existing,6a5ff4e4ae5bf21c55d2746e239308654ec93f69690a56b027f814bac2b18804,ea4488a443efe26a1df35f2628eafe730dd9abbc06004ff7df65776acc2f6a3e
431,W1529,Longines,LONGINES Master Collection AUTO Blue Dial Leather Men's Watch L2.9,exact,,exact-existing,b55cfde8dc793ddeff5ad8a35fb57d7db303995b5d63fceca4a18b83d40c7de3,de80023b7decd1d0ee187cf28b47028f6c5f0dd56c7f7c15e226480ba9145ba3
432,WWNL3.802.4.63.6,Longines,Longines Spirit Zulu Time Grey Dial Stainless Steel Men's Watch L3.802.4.63.6,exact,,exact-existing,0794eec03b44e360a70b867340a0022ff92ded6963a2472d4a98357b2efeea87,f08d80ce8b309e75ce0253f70d38c57a059fbae82dcd41da1ff3a01b5570a599
433,CR01-733-7771-4055-07-3-19-02S,Oris,Oris Divers Sixty-Five Cotton Candy Textile Strap Blue Dial Automatic 01-733-7771-4055-07-3-19-02S 100M Unisex Watch,exact,,exact-existing,25cc5523523011f64dde0da79264c7e790c47b16418322969ff3195943be7c73,a3811e8652145f26d6ec2a004bec3e12d93b7069083a0cf692060fd63211a119
434,WWNL3.802.4.93.2,Longines,Longines Spirit Zulu Time Blue Dial Leather Strap Men's Watch L3.802.4.93.2,exact,,exact-existing,7cccf459e6636959cf6a0457384ceaef2654c733b53ea1376e462059ea7b86ef,1cd7ed196fa3bcb5b542aea2a268b64b6c3809064e2f426bc722f267d740c5a3
435,WWNL3.774.1.50.2,Longines,Longines Legend Diver Automatic Green Dial Leather Strap Men's Watch L3.774.1.50.2,exact,,exact-existing,daf6614d1f507a0ab30c65371dcc28f576fa50ccded3fa8de1f76609e5597291,08991bf07e4d872aad140723bf6766cccda6f9dc37a0865821455b32ad594a2a
436,WWNWAR1113.FC6392,Tag Heuer,Tag Heuer Carrera Quartz Special Edition Black Dial Leather Strap Women's Watch WAR1113.FC6392,exact,,exact-existing,56e1cfed2a4d618793d25d0044ef1912d9dff12a833eba2ab0e72614bf0204cb,dce51927fc25318185abf21a97dc32e024dc13e2201febabf66666d4eea67226
437,WWNL5.755.4.87.6-CD,Longines,Longines DolceVita Quartz Custom Diamond Mother of Pearl Dial Stainless Steel Women's Watch L5.755.4.87.6-CD,exact,,exact-existing,8288e54aa2ba18243dd4492ff6f35092e38a19c9cb250210d2acd863e4391266,d464f7ae19e94c1307546e9270d0ed0a2431e0a7e1f87219a1ea143540aa5a16
438,WWNL4.709.4.88.6-CD,Longines,Longines La Grande Classique Quartz 33mm Custom Diamond Mother of Pearl Dial Stainless Steel Women's Watch L4.709.4.88.6-CD,exact,,exact-existing,e24880e936bbd7e866ec90ffed916914229abe210ecd1a8dbacf7f7b09e85775,00630791e7cef34475405d6c86c42c6de205a477fe0b62ce0b61951f891b84f2
439,WWNWBP1118.BA0047,Tag Heuer,Tag Heuer Aquaracer Professional 200 Solargraph Green Dial Stainless Steel Men's Watch WBP1118.BA0047,exact,,exact-existing,eec8a074d12b098522720c1a1581117b95df53c2ddf4abd68f69fa71caaf103d,40176e829b77fb659bea458dc3752702d84f12fc059b87e10755a5411304030d
440,WWNWBG1312.BA0758,Tag Heuer,Tag Heuer Carrera Quartz Mother of Pearl Diamond Dial Women's Watch WBG1312.BA0758,exact,,exact-existing,27e916cbe22d9563674591fd925c3a9391bd98f59cba8c8e9fd5ef527f3bc04b,c7b652987ac3befef4813a1d35df30fc456a856aab998598bb2719bb35e07190
441,CRH32205890,Hamilton,Hamilton Jazzmaster Open Heart Leather Automatic H32205890 Women's Watch,exact,,exact-existing,cf57379e5c82eceda9eea6f065f9591a0f7ecb5b0e5d5a079d95dcf202ac837a,31515ab2c75d86ef54687f8b78c90a1680b16ef72aa0ef27fcda14baf9ef53a9
442,W1360,Longines,LONGINES Conquest Automatic 41MM Blue Dial Rubber Men's Watch L3.8,exact,,exact-existing,b2ea7dd10eb68ed4647f0e61ce057d77be2472f56129afef3aee8b1902ad20cd,59ad820c6c497285ef29e70c7bdf514a3f270a903467c0cb2cd81cbcd9c34e3c
443,CRH76409530,Hamilton,Hamilton Khaki Aviation Pilot Pioneer Chronograph Leather Strap Black Dial Mechanical H76409530 100M Men's Watch,exact,,exact-existing,a16579570eca532aa34ea8217496df6e8e83ba1f8c9bf418d9ac4a1ddc2c210d,05fe63a71e76ee598098f988693e9cb7c173c8b2b627321bfc751d59194cff8f
444,W1307,Longines,LONGINES GMT HydroConquest Automatic 41MM Brown Dial Men's Watch L,exact,,exact-existing,bc57650df583829379fa0b9db10fb0c4ef230f6438c7d1131cafd4be7e83ac32,49766a58ecfbf8216f964a4863f51e24a5a5602ed19aba9af869eaf111033490
445,WWNL1.649.4.72.6,Longines,Longines Conquest Heritage Automatic Silver Dial Stainless Steel Men's Watch L1.649.4.72.6,exact,,exact-existing,d5b4539bfd33061c4050f31c3722715dd4c0f6ae539652808de4d871c3710530,fc4dda5f7782b6be32cfe56b1cc5d47c03c53357a82d791cce50e5dc899a536f
446,WWN01 733 7755 4154-Set RS,Oris,Oris Aquis Depth Gauge Black Dial Rubber Strap Men's Watch 01 733 7755 4154-Set RS,exact,,exact-existing,810eb0ca9f5ce2990f34db6e47c8bdcbd6bf3d835bddbefb20041c1203433319,34c0b4ec81ebf31e8726715c57b54d9e5d1e92c3b5332adc534cf6e1999bf414
447,WWNWBD1111.BA0928,Tag Heuer,Tag Heuer Aquaracer 300M 41MM White Dial Stainless Steel Men's Watch WBD1111.BA0928,exact,,exact-existing,0846b1e636662abdfea22deca703ec34a8e6231e21452c4730a7f7bca5df44e1,efa635b36ac2799ccf4ce19a451922b273048d157aaa7b35f4229672e72e2a59
448,WW745,Longines,Longines Conquest V.h.p. Quartz Ss 42MM Silver Dial Men's Watch,exact,,exact-existing,dd0c1fabb97807c47962ee7872ff95a620cee1b6e56388e3e0e925d4fb83b9b5,dcf6855044a7a0c9bca1fcb7fcc06f4049611bc35d878fc7911f9903e89da853
449,W211,Hamilton,HAMILTON Khaki Aviation X-Wind 44MM Blue Dial Leather Men's Watch,exact,,exact-existing,61b21f52e7b9ab44201248d81064e781afe0d404f6f27294b1b1f2d873bcbc0a,d77f2776725507ff7c5cece56e35c9f9fc340866a431366b89566cac0f485828
450,WWNCAZ101AW.BA0842,Tag Heuer,Tag Heuer Formula 1 Indy 500 Chronograph Special Edition Black Dial Stainless Steel Men's Watch CAZ101AW.BA0842,exact,,exact-existing,dfa0acb8e6b64008c5467b410f583dc36f0a64fad5ebe71ab22d433ccd802655,9d1fb6747eb1a47f15280655dbd42f9563bc6f2b5c4f55664018eb422914458d
451,WW936,Longines,Longines Mens La Grande Classique De Longines Automatic 36MM,exact,,exact-existing,07b167aada7e78d177512e2606539734214143a7288c3cc530e4b838238a89f3,cad7c5843dff8bc9c2cd3f43c210c8d5df7eda56e33ed1bb25d622befd3ae0c0
452,W1463,Longines,LONGINES 1832 Automatic CHRONO 42MM Beige Dial Men's Watch L4.829.,exact,,exact-existing,a66eb241efa0d2cf1398dc8eb62aefc40ede6d7aab11a7280701637aff333bd7,00e06c278c927d42450527da284bb16375506a2c67b3a17fc83634e3d73ef71c
453,WWN01 733 7755 4154-Set MB,Oris,Oris Aquis Depth Gauge Automatic Black Dial Steel Men's Watch 01 733 7755 4154-Set MB,exact,,exact-existing,42a5b01b82c2745b8c7b5ee6aaa56cd81e78f380318345d2fcae4c5477e5994a,77126512518e2a1849af16d419abf9e86362adf17408a898f5e68cabec317820
454,WWNWAZ2011.BA0842,Tag Heuer,Tag Heuer Formula 1 Automatic Grey Dial Stainless Steel Men's Watch WAZ2011.BA0842,exact,,exact-existing,1ccf006d45181ef7b0a980ebeb1e25824951891879606c6cee82ca5c0230c569,7ab4c16d00bb45b418fb86329c975c2f223317328b9d7e996ea9559aaef9c8a0
455,W226,Hamilton,HAMILTON Ventura XXL Bright Dune Limited Edition Men's Watch H2461,exact,,exact-existing,3b17074bc918cbf1c91487a979e9c420089358c10363bced95e4b2528672e223,cbbd62cc156f4336022dd377a2c4712e1a7ba735654ae505c447d07d794bfe58
456,WWNL3.774.4.70.2,Longines,Longines Legend Diver Automatic Grey Dial Nylon Strap Men's Watch L3.774.4.70.2,exact,,exact-existing,47768c18bd52d592109d4d96eeb4d73c9295a578214ca1f96a1057e8d521bb4f,81d15e85388baa65cd4dddcabf775259e59c2fafe46dcca7febce2a82b18ba21
457,WWNL2.828.4.73.0,Longines,Longines Heritage Classic Silver Dial Leather Strap Men's Watch L2.828.4.73.0,exact,,exact-existing,61c579f94af050382a9718a4f66b84138367ec12ef8f0a823975d13a4df69f6a,cd7651ed4f6a496ff392fc38b0923763a464ae1242b8a881e2f8d40e1acf17de
458,CRH38416711,Hamilton,Hamilton Intra-Matic H38416711 Tachymeter Automatic Men's Watch,exact,,exact-existing,ad6b461c35b5c706949650239e0c9c10c4cd63122900089c87df7c3ada6cee6d,de0f77413a3be6c9505114940970520cccfef13f28568b22e6f3f20e118cf5db
459,WWNL3.790.4.96.9,Longines,Longines HydroConquest GMT Blue Dial Rubber Strap Men's Watch L3.790.4.96.9,exact,,exact-existing,d7f4b3c73220debcf896aad4a75e7cd3adbd91379c3b1ecbb5ed60e36ed7b328,4f3ac9bd815b9e10e83078a10bf19cf4ffaaab157e218b222ba72b2c74cdb30b
460,WWNM049.527.33.081.00,Mido,Mido Multifort Chronograph Special Edition Grey Dial Stainless Steel Men's Watch M049.527.33.081.00,exact,,exact-existing,cd365b2df60facf8052f9666eb3563564639099ec99e3d61b4d8efd75a4739a5,7e0aecbf66d6723a2120bc906ece8aea3f24c1df851cdd8e3c6895b80396eeeb
461,WWNCAZ101AT.BA0842,Tag Heuer,Tag Heuer Formula 1 X Gulf Special Edition Chronograph Blue Dial Steel Men's Watch CAZ101AT.BA0842,exact,,exact-existing,a0fac00b052405e9fa412b7aaec9ec1089014bda4589c56d6f4ce861f0fe1540,1ad0bed58723e71ff29b9cb44e579325f7b22a2a06777bf9a5cb60ce5e912e15
462,W1295,Longines,LONGINES Evidenza Automatic SS 30MM Petroleum Dial Women's Watch L,exact,,exact-existing,8e8fe164cf215d31881e0fe67b1f530a918e09e43ae1d1a9eba12ecb4ac96c7d,70d94aa136464e1a5b9ee67b58ee54941d55e8ab967a9871c838afa406d773c8
463,TAG-011.00,Tag Heuer,Tag Heuer Formula 1 Chronograph Quartz Tachymeter 200M CAZ1010.BA0842 Men's Watch,exact,,exact-existing,ecba405376f91cc414bacf0f4f7c1fe6ccfda02d0744e66c7e83cb815143e069,f94c690792101d8dc61def559d59df09a6929eb212b72c44d830e812e6a298be
464,WWN01 400 7763 4157-07 8 24 09PEB,Oris,Oris Aquis Date Automatic Green Dial Ceramic Bezel Steel Men's Watch 01 400 7763 4157-07 8 24 09PEB,exact,,exact-existing,cd5841e69afe8dcbbae721670bb34c967ea15af41c74f5cb9839fc9e023fbd98,2fd82420aad97b678d91b91773fabb1b7dc9db4717b8f0c4ac84018c6634f7d1
465,WWNL4.523.0.97.6,Longines,Longines La Grande Classique Quartz Diamond Blue Dial Stainless Steel Women's Watch L4.523.0.97.6,exact,,exact-existing,aef5448598d122307a53514d62a2f235bd2b1178d08c1bbf4f463db765c5dcd0,8b53820253e1312c36536fc4ec87aeadbcba164051930201e1929cc353b814a1
466,WWNL6.141.0.77.6,Longines,Longines Equestrian Diamond Mother of Pearl Dial Steel Women's Watch L6.141.0.77.6,exact,,exact-existing,820415702694527d143e93a80aeece978b89755f622a2a37f4d088b453e319cd,195bae3b6d0234fc4a2bb0f20f350b88ddaea4098e8f9f39033167245ea77080
467,W1525,Longines,LONGINES Heritage Skin Diver 42MM AUTO BLK Dial LTHR Men's Watch L,exact,,exact-existing,abeed20e55989c0d50aab21fa986d669bf4c09ca81add83782e4b0cfa184a51f,acac5af25a44cca165c20d628c290d15946f0043f51a9a21c00849cfef449f10
468,WWNL8.124.4.87.6,Longines,Longines Primaluna Automatic White Mother of Pearl Diamond Dial Steel Women's Watch L8.124.4.87.6,exact,,exact-existing,0ac3d79b51c303635f32247a3e28f23072311a51ff3690da2646b670159cc683,6659897d7b0edae8ecf086f795c6b1ab21024c10bbf65b37001b33fa1b3c38d5
469,WWNWBY111G.BA0042,Tag Heuer,Tag Heuer Formula 1 Solargraph X Indy 500 Limited Edition Black Dial Stainless Steel Men's Watch WBY111G.BA0042,exact,,exact-existing,4728b276505e93582e37cc5aceeca77f972ac931264a17d8b5cc416ccbefce3e,4203322be761d93f51357f03226fe738909220b07f258d869522733c02773d26
470,WW626,Longines,Longines Conquest V.h.p Quartz 41MM Silver Dial Men's Watch,exact,,exact-existing,2d16fbe8126c24bd6b38f02eef52700d2007d59ea925bf0bb9fcefcbdfc7cd12,5f12e4e0fad4312831d5648ed9dc05ba60147bc436de805599413c077fd024fa
471,WWN01 400 7769 4125-07 4 22 75FC,Oris,Oris Aquis Aquispro Date Calibre 400 Automatic Blue Dial Rubber Strap Men's Watch 01 400 7769 4125-07 4 22 75FC,exact,,exact-existing,2ae49e56355ca2e60e172b9e1932d6e2e1338aa9daf3f8cfdf4abd11ec0d2aa3,58d491e8ab69d4c8e635d29535164e397c74064d77d2804611a8ca39f84a8a4d
472,W1297,Longines,LONGINES Record Automatic 40MM Blue Dial SS Men's Watch L2.821.4.9,exact,,exact-existing,30617e60645479e1b1829ff2a468c5fa920786be318e2fabdcf4b3d77cbde614,eb2a38b936805ef40b5186c41f815468ca12ddd1f87b0c889f1b85ee8ee9b662
473,LONG-WW877,Longines,Longines Legend Diver Automatic Brown Dial Leather Strap Men's Watch L3.774.4.60.2,exact,,exact-existing,0153ade0b424eafbe162690389bb7f33ea3a199667a203f2541fc2fe3e8bde50,7adc6c6736ee6556716c370e1ef9759d85bbbf525c5a29c21b7101afbe834936
474,LONG-W2216,Longines,Longines Spirit Automatic Ivory Dial Stainless Steel Men's Watch L3.811.4.73.6,exact,,exact-existing,0fba6dc8b8d77914a2d22034132ae1c4096baaed9e4f1fcb609a49a37ff00904,e4b437f347eee926fa584e32b516e1a899f78f61e9cdb234d2595a8060879aaa
475,WWN01 400 7763 4135-07 8 24 09PEB,Oris,Oris Aquis Date Automatic Blue Dial Ceramic Bezel Steel Men's Watch 01 400 7763 4135-07 8 24 09PEB,exact,,exact-existing,da0b7ffd1b146e04df0f81c9ccb0fd130a8171774c658553c77029410d1ad4b9,e3e2fef122514dd9f5287c480b2b07ff94065f3b5b3ef2860e44b855ad81853e
476,WWNL2.819.4.93.2,Longines,Longines Heritage Military Limited Edition Ivory Dial Leather Strap Men's Watch L2.819.4.93.2,exact,,exact-existing,f03054f10138d05ac6683f9da55a443b09b7215bc1e5f2eb034fe39078c3d0c8,21f500d5ada1c8f7fb6eb4ff28084db40edcf4f483add7f7dfdfca76403e0372
477,WWNL3.820.4.73.2,Longines,Longines Spirit Chronograph 42mm Silver Dial Leather Strap Men's Watch L3.820.4.73.2,exact,,exact-existing,b198a76af78df2d200d4568bf72bf710c8735a87a3b513066d78814143747b66,a65dcf7edbaae3f0ff04b5627167df2a3f6133b1d846782aeb5963cdfd49b6ce
478,LONG-105353,Longines,Longines Heritage Chronograph Automatic Silver Dial Leather Strap Men's Watch L2.827.4.73.0,exact,,exact-existing,ef1df8297167ff5748e6c1857b3cb6972afb89942f4045efedcf15530ccef8d3,030b5240b1c38b884d1d8bc9729455c0abee0243cf658faf0e4db6e05423d144
479,CRH24655331,Hamilton,Hamilton Ventura XXL Automatic H24655331 Men's Watch,exact,,exact-existing,18474baa32f37c6f9fc35fdc69ac8526ff60b7bdbb2da3c51e03f9c92147b188,34a11c7d9f1951def2af12b4a3a53b3017b10565634c58e9f86dcddc739a6856
480,TAG-NBMNIB,Tag Heuer,Tag Heuer Formula 1 200M WAZ1112.BA0875 Men's Watch,exact,,exact-existing,20b5d0244e784931f40764c0dc2a588b588f9e06480bdc170306858f189e0de4,13af381779317733fd1d13ca7aaf6f62f8e983a8e68151a613b457a1545c01ed
481,BREI-W2239,Breitling,Breitling Endurance Pro 38 Chronograph Black Dial Rubber Strap Unisex Watch X83310D41B1S1,exact,,exact-existing,27fb0ea4868d43f2dbde70f93cc57046853910c15e1b541fdbfb6de9690de555,80335a5463e30cbc56db80af0aeee38d910e3bf426cfd832f971a410ac7394e1
482,WWNL3.820.4.73.6,Longines,Longines Spirit Chronograph Automatic Silver Dial Stainless Steel Men's Watch L3.820.4.73.6,exact,,exact-existing,b0b2bd3e459a5918e40f0423f00839cd33946bdd6c8427ee3088d2b0e504857b,7706be2c99fe40be284d8f90da435b47977e46308b50db90ca57124edcbe5662
483,WWN01 751 7761 4187-SET,Oris,Oris Big Crown ProPilot Limited Edition Okavango Air Rescue Automatic Green Dial Fabric Strap Men's Watch 01 751 7761 4187-SET,exact,,exact-existing,f42c00ff04121e268a2ea27944651bc28228aeb3229b7ad00664bec7b07f96ae,a86db91a3d1bde10512192e4864ff5348e1382eaf3da8338d4a7e097535d49d5
484,WWN01 400 7769 4154-07 4 22 74FC,Oris,Oris Aquis Date Automatic Grey Dial Rubber Strap Men's Watch 01 400 7769 4154-07 4 22 74FC,exact,,exact-existing,1b71b439b062b6d7d8f65eddb58d1ef681fe103354dd410f24bd0ab402d2dae7,1cc1753b0069c46be5a9480088888d66311c030f1d82d4ce791e9ac536f22f8a
485,WWN01 400 7769 4127-07 4 22 77FC,Oris,Oris Aquis Date Calibre 400 Automatic Green Dial Rubber Strap Men's Watch 01 400 7769 4127-07 4 22 77FC,exact,,exact-existing,a975c375372c994e6226339297f37445f38d18c18bbc88ee7431a6f04188c73e,d7ebce1e10eaad4c5879673d4ffbe7b45b6c47e82be56b5ccdb4c4282413bfd5
486,LONG-164153,Longines,Longines Conquest Automatic Pink Dial Stainless Steel Women's Watch L3.430.4.99.6,exact,,exact-existing,f5e3df68b25fa79f330d6bc4234f2ec0678f6a016057108bfac12714d5502b17,5e4d7f690d722af4f3094d7e2c3528ff02c259f3c07c03c8da3def35c054d3fa
487,WWNM005.614.36.051.22,Mido,Mido Multifort Special Edition Chronograph Black Dial Leather Strap Men's Watch M005.614.36.051.22,exact,,exact-existing,66c6e33eb313883dabd84cfdc8fa406ea9cf321d3a563d5dd9bd198ecdb5963d,b48fb2dcdcba07b092c7654dc5df670b19d2779266d2318c02192ee4e356721c
488,WW672,Longines,Longines Conquest V.h.p Quartz Ss 43MM Blue Dial Men's Watch,exact,,exact-existing,eb0201b387d6bde1098d2452ce09cfe6ee1190d7f141bbb1ebbe8d8330109b81,46152bd34f5123626da4d3bc5000bf003561afdab771bc28e05122331116fa01
489,WWNL4.523.0.90.2,Longines,Longines La Grande Classique Quartz 29mm Blue Dial Diamond Bezel Steel  Women's Watch L4.523.0.90.2,exact,,exact-existing,2a5039c6437a78c9e81d737c857fb7844830cdc42d1b8d318e03a5573053d67e,9f8f2293a7c5a7303301491353deb7b78e01578107839e6c86fdd17420616dc9
490,WW480,Longines,Longines La Grande Classique 36MM Silver Dial Unisex Watch,exact,,exact-existing,809d4cc4aeff68e76c3400e95e46cf65e46130440bd86c0481f3491a36510e79,83e29f67a6a9d269bc4494f8bdf31628d5f1db8a62c498b8cfe3d1853e21fb5c
491,WWN01 771 7744 4354-07 5 21 45,Oris,Oris Divers Sixty-Five Chronograph Automatic Black Dial Leather Strap Men's Watch 01 771 7744 4354-07 5 21 45,exact,,exact-existing,970aa815dc9dc09608ad6fc522f89f214733653758e220d11701d209eea87c2a,297d8ecf1ea33d2accabbca7fcf1fd20e6ed5ab5dcb703f207cd9813b88224f5
492,WWNWAZ1010.FT8024,Tag Heuer,Tag Heuer Formula 1 Quartz Blue Dial Rubber Strap Men's Watch WAZ1010.FT8024,exact,,exact-existing,39d2f57e4e57be730d996d29eb1d0d1e9da6855751af0a1d24109a4d3aa4c59f,a7e6575cbd42c71d61399c41dea22d19047c537ea20bf37ddd47f1562035129e
493,W251,Hamilton,HAMILTON Jazzmaster Brown Leather Automatic Men's Watch H32635511,exact,,exact-existing,864d66c1c7e8391b13ecd80450065e3adc70e3d2de5329f35bb6c080606661a4,c8b37d5c99ee73246a3086f7dee04f3b641a1cad87495e30c998f6395d874743
494,WWN2410.48.67.1199,Eterna,Eterna Contessa Mother of Pearl Dial Diamond Bezel Leather Strap Women's Watch 2410.48.67.1199,exact,,exact-existing,a9a7587b43ae7db730a68cb800b7fa6582979be72d5e052e0ab6ad3b0a748bc9,49c01e25394da07b6f4f16c7baa92049ecee6f9e1bcf34439495cca6725b94f7
495,WWNL2.821.4.11.6,Longines,Longines Record Chronometer White Dial Stainless Steel Men's Watch L2.821.4.11.6,exact,,exact-existing,e3dac86555bc8c76916cbd24e657f722dbe86466a94f67d563b452f800b3e37f,be465c2b57d98ccd7f95e30f78e173d7a0362f726ec5dea4c731bb8b59d309e3
496,LONG-WL29,Longines,Longines Spirit Prestige Edition Automatic Black Dial Stainless Steel Men's Watch L3.811.4.53.9,exact,,exact-existing,c70ae5aa0dd485f3b766610b059c03b90bbc04333073c32399df0d6b1dffdf54,af1707b67b8c27f70493a7e4288a0b0d997d7609d98969339d0284f83c5b0366
497,WWNWBY1163.FT8113,Tag Heuer,Tag Heuer Formula 1 Solargraph Limited Edition Blue Dial Rubber Strap Men's Watch WBY1163.FT8113,exact,,exact-existing,8f62886a301f32db3ec0907f696c5b6d30b3dd48086a3bccb7363bdd88833b5c,d6c78229f418e090c9f34436dd7aab7bb47aae97fdad90997c9489e0827c0735
498,WWNL3.720.4.72.6,Longines,Longines Conquest Automatic Silver Dial Stainless Steel Men's Watch L3.720.4.72.6,exact,,exact-existing,7724eadc8c10de0267a60e52a54976cb839342cf6347b60c64da8adcfbdfd69f,1c0b041837d152bef15d8741c3a754ab2e8f4c04a9fe81e088189f4357c4189d
499,W273,TAG Heuer,TAG HEUER Connected Calibre E4 x Oracle Red Bull Racing Edition 45,exact,,exact-existing,3907c52e1b9c63118d15810e0aa7ec630026d7789daf777d147b657f5c9fad33,9fbc727cf8c5684f5444f0b24423fa8bc036424c4dfe5728f6577529e015dfaf
500,WWNCAZ1010.BA0842,Tag Heuer,Tag Heuer Formula 1 Quartz Chronograph Black Dial Stainless Steel Men's Watch CAZ1010.BA0842,exact,,exact-existing,7fb0fa59a7495d11f2476611fd439b5bd3c46e40207daa702e1f06794d7c613a,df6fd4901bef69545dc23c00d8d4cff41c691224262b2c56eac546b312f319e0
501,WWNL4.974.3.37.7,Longines,Longines Flagship Automatic Gold Tone Diamond Dial Yellow Gold PVD Steel Unisex Watch L4.974.3.37.7,exact,,exact-existing,6ce8cbed7679fb06f38cbd4df6b36e7b0cc99c39397f18c9c90c3ee5de147005,4d63e3386910f4de8d82cf526ade3af84868c12905773983306983a73fd056ae
502,WWNWAZ1010.BA0842,Tag Heuer,Tag Heuer Formula 1 Quartz Blue Dial Stainless Steel Men's Watch WAZ1010.BA0842,exact,,exact-existing,bf2baae3566848667bbb3f18d403f18e96edcbd83c2d34ee293177d13f31d55b,477c2380103dee7d671f27d699b63ab7df5cb2def7fc96e4955e706a5aa968d9
503,WWNL3.430.4.02.6,Longines,Longines Conquest Automatic Green Dial Stainless Steel Women's Watch L3.430.4.02.6,exact,,exact-existing,095ee442395f211c1bf33a2d00b94d6e154d0b744e9abfd1a8c9d78716612a73,2d3127c7cda54946789bd8d107bc5bd6bb222de7e7e15edae72609a37ad6b8f8
504,WW312,Tag Heuer,Tag Heuer Connected Calibre E4 Golf Edition 45MM Titanium,exact,,exact-existing,99206a59e00a362bb7a80e4f4ec27e19cb5f4c14c6e7ea64f835664de4c1d9c1,71aeba8041d6e9923c3ea4ed35d0fb4d750ebfe4595195b6eba4a286cefd40e5
505,LONG-WL71,Longines,LONGINES Conquest V.H.P. Quartz 42MM Men's Watch L3.717.2.96.9 / L,alias,W1436,sheet-url-exact,30e219d7db1bd42aa40ba6604bd1e452e213ed5948d660991ea6af01d74fc07b,ccba9f1e0c6b3a2bb0b9ed76c39877216f2999f0bd92fd1c5b939e01ff44dc28
506,WWNWBY1112.BA0042,Tag Heuer,Tag Heuer Formula 1 Solargraph Blue Dial Stainless Steel Men's Watch WBY1112.BA0042,exact,,exact-existing,f9e225314e9222f09fabbecb823c24f5da5102743caf0d2600e9d0ecd8b4ee0f,76291f7763a70c7e5449fb21ed7a6f6402c15998ebc695af9a1e1c05a67b7aed
507,W20,Hamilton,HAMILTON Khaki Aviation X-Wind Automatic 45MM Green Dial Leather M,exact,,exact-existing,955fe0ed72d519d8e913f6a24dc194d6f848273864f71b14d20da77731ffde82,2bcd2cee29c8b187e2782fbaef376d6977f278624d980b0d19c20b26236018d8
508,W253,Hamilton,HAMILTON Khaki Navy Frogman AUTO SS 42MM Black Dial Watch H7760513,exact,,exact-existing,b7d09d8fa6606d561b7a0c6435313a3a2d1cd427c9c28219e4d7a77d4d2f0ab2,5e360549ee4e26264c1f299ce86dd3f8334b22756e46fc2b79a80865fb751548
509,W1280,Longines,LONGINES DolceVita Quartz 20MM Silver Flinque Dial Gray Leather Wo,exact,,exact-existing,02fd9480a4faaca5a210020266fd26d43c54db400ea768dee6089e1d667f3333,32d7615cc807ec602a5938338d5aefa2046e3df34316b5d8977180e48db10787
510,WWNL8.111.4.87.6,Longines,Longines Primaluna Automatic 26.5mm White Mother of Pearl Diamond Dial Steel Women's Watch L8.111.4.87.6,exact,,exact-existing,3ff8dc27a27d544d53c88cd0e7b9eefd080e563ea36d5278e4249ffb75bea865,ade2ce786029f5cccd1c21019080c0b2e4b1fe9b469ad1907a66ac02d1db6ac5
511,LONG-051.00,Longines,Longines Elegant Collection Silver Diamond Dial Steel Women's Watch L4.911.4.77.6,exact,,exact-existing,783bbc14c1d1257539cab2385830ec122d1668841b13e0c1cc9ba1c1452e1b1d,21162588f4adc4ccf77612ab82cba1ff05846249448578ecee1bb55afe91bd07
512,W1343,Longines,LONGINES PrimaLuna Quartz 26.5MM Blue 11 Diamond Dial Women's Watc,exact,,exact-existing,81c16ebc17a091f6d0c98f219d6d4dd67fd478ff0b8f4230a7a23db20ace0199,ef280c7d5763eb6c018ee02e0e46fbeb7faa773de2f90b3bd6400aad5febcde6
513,LONG-000001,Longines,LONGINES DolceVita Quartz SS 37MM Black 13 Diamond Dial Women's Wa,alias,W1312,sheet-url-exact,da0ea22d105e7f1ae0a2c418b0936dda34b3c8504663b075960b0cda2efbf4c4,94dbb8d864bf742b61a314f971b42e13c9e0b72c26eab6cf0cdb1c1ff1063d3c
514,W246,Hamilton,HAMILTON Jazzmaster Inter-Matic 42MM Brown Dial Men's Watch H38735,exact,,exact-existing,baf77bad4dd9c29a8d97a0773b012680c951f4b91ab08a25a9485e1ab218f23e,d5cd7d16fd92c7f3d3d58571476bd3a23a1b2c7a97f606534198a5780f4ea71e
515,W1534,Longines,LONGINES Flagship SS 38.5MM Automatic Men's Watch L48994216 / L4.8,exact,,exact-existing,49780a94ae1602a7818d620d2e47beec838976826b23a00fa51c078880001e27,83749f7a90bd7bac55763b4e5e41d91acb4ed4a4648d10215a658fad49df327f
516,W1462,Longines,LONGINES Conquest Classic 36MM MOP Dial Women's Watch L2.387.0.87.,exact,,exact-existing,2e909c0302069e2df58c40e7b77dd1bbc6c75cff6582feda44a609e45054529c,365c4e8c05524cc74d7ee9c4669a9d4c8ac6976d98bcce6caf27d89d1599984e
517,W212,Hamilton,HAMILTON Khaki Field Murph Automatic 42MM Black Leather Men's Watc,exact,,exact-existing,3479dea8e393f4abef60e9355fefc335bf23ca6b96b7641a70fa622b7da93242,f37922538d1f5c3dcf24bf9f8d4b77d83c867c3623d6a402060476d39def5f87
518,W213,Hamilton,HAMILTON Khaki Navy GMT Automatic 43MM Silver Dial Men's Watch H82,exact,,exact-existing,1dfaa18fc7d20cd66675c60f0982edd0c76e4f6af164ed05efcf9317471cb8f5,ee057b600a5c871e917bc2980bc0066da5149f22d4b1d873de3b39d304e63ed6
519,LONG-W1711,Longines,LONGINES Flagship Automatic 26MM Women's Watch L4.274.4.52.6 / L42,alias,W1543,sheet-url-exact,c55bf0a74b67b2cf157e0c4c3d6587c8b90205cb9172219eab4c717a4f0d8d05,5a62f4eedb57bf89bc4dc60227d919d4991abe749218c8b24f837126123da963
520,W239,Hamilton,HAMILTON Khaki Aviation Converter 42MM AUTO BLK Dial Men's Watch H,exact,,exact-existing,2cefee36c0b50eb846dfb49f6bdaacb5c6ba440281fa8785d236f86d38164cae,ba9659dab3fde3e3f6fb05d32a391177fa1ab48c6e82edabc1ef349a29657500
521,LONG-W2182,Longines,LONGINES DolceVita Automatic SS 28.2x47MM Silver Dial Men's Watch,alias,W1378,sheet-url-exact,3c94441eefdb1e4e9af12ec2b989cb0f437f99e5a0e9a5d035320ab0f8892da5,1970ada2b9c985b3646b8dd8945e97d50947ce37dc33c81f78054cd412af86ae
522,WWNH32506730,Hamilton,Hamilton Jazzmaster Auto Chrono Black Dial Leather Strap Men's Watch H32506730,exact,,exact-existing,ce9eb135a9359d38303c5d909970b0b71536dba17dfe5f822383fe5022b66f50,e6c3bed98d753016db985d72588b54ffa6c9994d2e32875431cd490f0983d121
523,WWN01 733 7730 4157-07 8 24 05PEB,Oris,Oris Aquis Date Automatic Green Dial Stainless Steel Men's Watch 01 733 7730 4157-07 8 24 05PEB,exact,,exact-existing,dd8561d1c601b8fc9b48e9e5d18397e4cc575fa04654f390d45c445dc6e62138,cfd66eca85dfed32253470fbae951ca25a7ccc7f8ae70dc9c5d880248e87a60e
524,LONG-WW725,Longines,LONGINES Elegant Automatic 39MM White Dial Black Leather Men's Wat,alias,W1364,sheet-url-exact,2b596c7d1f3e1700b08a83e8debcdf0032ff8744e9ec154fcd3ce6c03ec222d1,8e9c6738c8cd0e21dd19f79f8f5c97c740dfeb819c30cae67aa632e42e111e61
525,W231,Hamilton,HAMILTON Khaki Field Titanium AUTO 42MM Blue Dial Men's Watch H705,exact,,exact-existing,c5869134b83c429c6c3be49657b3ef4f87ca91ab321846c593dbd711cdf655ae,9ee01c3696d9bffc0542d439b5292ff585b766267a8c9b8f109c9fb234fabd4a
526,W1346,Longines,LONGINES Elegant Automatic SS 39MM White Dial Men's Watch L4.910.4,exact,,exact-existing,695661f343daae8c49510cc8fb387c94696614f76d5f0012afb6c7eb2666fa10,618d39183919ca8b6adca9aff4b78490002a9a1c16b2b78b28a51b5217e17d9c
527,WWNWAZ1110.FT8023,Tag Heuer,Tag Heuer Formula 1 Quartz Date Black Dial Rubber Strap Men's Watch WAZ1110.FT8023,exact,,exact-existing,1e3efa41552733ea2edb13db73da4c9a2bce8f492978e67060a377e7601e87f1,889e7e048f2c240414cfab8a912fc5eb6a1707802e0b4813c6ed24e08acefef0
528,LONG-WL80,Longines,Longines Legend Diver Automatic Beige Dial Fabric Strap Unisex Watch L3.374.4.30.2,exact,,exact-existing,9eacf98fc99b505ed7c753da43ca674472545414a8a121ec26862b52577aa21d,474e0aba0d47c4d90a1270dc24e43a6310955d0575699ee3607e4dc366a4d199
529,WWN01 733 7707 4053-07 5 20 89,Oris,Oris Divers Sixty-Five Automatic Grey Dial Leather Strap Men's Watch 01 733 7707 4053-07 5 20 89,exact,,exact-existing,d35c3be966785e5da8d16a4baab6b770ef9b66611d67b6f74ab6f47c7eab44ea,50c6b38792489b35832265892b0c51b1e32ac7a4d7864c13c48999188ea23493
530,WWNL2.708.4.78.3,Longines,Longines Master Power Reserve Automatic Silver Dial Leather Strap Men's Watch L2.708.4.78.3,exact,,exact-existing,38db805013384e7822ad5da277d480c9c284b5b005abc94c34689a8244c19c29,bca595de5d8b852e47d7f997ff26e899205657aa9ea5e9f3d724d7e6234ae6fc
531,WWNL2.142.4.60.6,Longines,Longines Evidenza Automatic Green Dial Stainless Steel Women's Watch L2.142.4.60.6,exact,,exact-existing,6fefa6bb016377866b995b0ce6f64f9cd9024c4d674b5cf4b126370b60127d6d,0566027257892d06c5cc3c56363b2789af3ab85a3eb034d86f3e20d1a94bf46f
532,WWNL4.512.2.37.8,Longines,Longines La Grande Classique Quartz Gold Tone Diamond Dial Yellow Gold PVD Steel Women's Watch L4.512.2.37.8,exact,,exact-existing,93dd13bcb007d11340acbb4ca394808c39645be7ce8c0024387871c76ed6ffb4,57452a4dc1cf47695039c6db06c4cb9b286c6605d4d36f70690546ee5a330aad
533,WWNL2.821.4.96.6,Longines,Longines Record Chronometer Blue Dial Stainless Steel Men's Watch L2.821.4.96.6,exact,,exact-existing,4fc059d56021cbc7932af5998b5910afc1f863b62b3a5ee63b35f82702b18983,bb499d7380b9e03569ba7e5292b81a2945974b04d747a66c326c3c62a4aacc03
534,W1366,Longines,LONGINES DolceVita Automatic 47MM Leather Men's Watch L57674730 /,exact,,exact-existing,fc974bf556ace70d439c59831c89f264a9b1624d76cd3606c3fbbbada678c475,70a40cce4c02506ba1bd0c6907bdb106e632c99f2ca30cfecc8ca84ded72ebad
535,W1433,Longines,LONGINES Dolce Vita Quartz 25.8x42MM Women's Watch L5.755.4.57.6 /,exact,,exact-existing,350030d9a70e537429c21d5a6b3f1d5ea68c19ba102b9449362cad11f2710f1f,566cbcf4e2d6a77eb6a84ee70ee9bc3b5341323fe2ee37bdcec5275f379e203b
536,CRH35405741,Hamilton,Hamilton American Classic Pan Europ Automatic H35405741 Men's Watch,exact,,exact-existing,cba28ae511bb754a90070b2c4eea69876ccf8dceae5cbb9fc071de426f37be3d,c37201a02fba7413e7e53cbe63f359299f23364c06a95168eaef9643997cd9f4
537,WWNH24655331,Hamilton,Hamilton Ventura XXL Automatic Black Dial Rubber Strap Men's Watch H24655331,exact,,exact-existing,1b9bed9a2e1b3c98aabe25329e283c7cf13fb30c0d5c75deb9ab7c02f8820e63,f5ce40a010eba9ff200d09037fc124aab25cd39ee17534516268807a7cdf1706
538,WWN01 733 7731 4135-07 4 18 64FC,Oris,Oris Aquis Date Automatic Blue Dial Rubber Strap Women's Watch 01 733 7731 4135-07 4 18 64FC,exact,,exact-existing,86559a43f4f7c995e65e320193913bcca5be0a897e4a807c4824fe2813a6d81f,0913be6c11adefdf7bcecb8518d41bd12a2a8406edbfa56c0663653d3c9cbdaf
539,W1503,Longines,LONGINES Conquest CHRONO SS 44MM Black Dial Men's Watch L3.727.4.6,exact,,exact-existing,b66244016d728b704b62a4a0af92e00f6bc8a5edac135b66af32b62a96ed006a,8483f3613f47822ed4a3a6e6940752f93b31dd11627e5464636e605efb00fd97
540,WWNWAZ1110.BA0875,Tag Heuer,Tag Heuer Formula 1 Quartz Black Dial Stainless Steel Men's Watch WAZ1110.BA0875,exact,,exact-existing,8e2d21f311a5f7118030153a8dced274c937769c123a911c668022485f672806,a4665d98f7ce810a3d928a90a729fc2851663c68a82a5d938959c91a68d59030
541,WWNL2.142.4.96.2,Longines,Longines Evidenza Automatic Blue Dial Leather Strap Women's Watch L2.142.4.96.2,exact,,exact-existing,8d02a6904c648c514fd25f492a8f7b1e932dd3cba29fffadc89757bfde1ba74e,e90ea39836de1198abebb10d5f6913695e24707da26723cea154c6aa08785e93
542,WWNL2.142.4.76.2,Longines,Longines Evidenza Automatic Silver Dial Leather Strap Women's Watch L2.142.4.76.2,exact,,exact-existing,0e88c802539798f14e620cabff44eee43b28b8716e1ddbb63092c0a9801e635d,38444829db74d54613965a7ebb52274902fee69abf4e8256db157f854d8b28a4
543,WW882,Mido,Mido Multifort 42MM Auto Silver Dial Men's Watch,exact,,exact-existing,832010de83d53f34718438713ca392bdde90b35edaa2f960717b366c97ed5704,3f2b9a560dc452ae7ab9c678c479fc1e0eeaf95d1434d2a1861678cfe350cf5f
544,W250,Hamilton,HAMILTON Jazzmaster Automatic Beige Dial Men's Watch H32635521,exact,,exact-existing,2c6827339ff4b6db4c4eb4c604c67ef747144667500cf6601ffadedb07902e07,55c66f2bb115a2ad639e4862092358f48e4a0243bc1f15f7a4131c0f56e4590a
545,W216,Hamilton,HAMILTON Jazzmaster Open Heart Automatic 42MM Blue Dial Leather Me,exact,,exact-existing,c11d7c9a3c92b78cee43ac7d631ed5359d7379a7482f8837fd95fc87e889fb0b,be778e72dc4a5cecee89c86d2617aaed6073e0a045bee5fa1e4eb7f8c74b6fc5
546,LONG-N10329,Longines,LONGINES Elegant Collection SS 37MM Grey Dial Unisex Watch L4.810.,alias,W1470,sheet-url-exact,a4051c66b37772d6719cc6c80101c67dae604c4ff71cbf5cfd3a70a9afa3aaea,7396e635e81db9b8e046467acc69334c118a7d5884c5e6f754c728a65004d243
547,W1489,Longines,LONGINES Classic Automatic 40MM Black Dial Leather Men's Watch L4.,exact,,exact-existing,2a53855e823a7230e8352365583bb8b6b95fef0897b79b3fced2b01cdbc0d160,4ef9400e3eb6ad7fb0c4fcc08f3fd07be6e023d5eef6f555bc23cd45429bc43b
548,W255,Hamilton,HAMILTON Jazzmaster Automatic SS 42MM Silver Dial Men's Watch H425,exact,,exact-existing,42df4d7271d55c85541d1f5d5424d5ee5db2159fd8161fb7f0424465bcf8d3e5,1d469b78d15815f522b737585ffe0d7207343e47da56fe36fd85178250373239
549,CR96K117,Bulova,Bulova CURV High Precision 10th Anniversary Edition Chronograph Brown Dial Quartz 96K117 Men's Watch With Extra Strap,exact,,exact-existing,6669d24bbfe953d74e9979c422e229f2a5c582beff8bd7c30b7f0c8dfc2ca98c,941fa80148fec38191ff93b76b9665c8b56d437c52f3a78ab1fc57316d52e3a1
550,WWNL3.811.4.53.0,Longines,Longines Spirit Automatic Black Dial Leather Strap Men's Watch L3.811.4.53.0,exact,,exact-existing,0c161b1ae5ba70d9c481999788efb8d3b09660c019c2459b1cba46f92729a5b8,865eaca343c4b92ee17d98b8c9ce445c91dbf35b0ce962d2947885d4b177ea6c
551,WWNM026.608.11.051.00,Mido,Mido Ocean Star 600 Chronometer Black Dial Steel Men's Watch M026.608.11.051.00,exact,,exact-existing,b37e782ebbff47264d7743aceb9491c20a11283e9cc48edf76ece43c76f3aeb0,ea48159979d5f45054a562694ee41d77d9a8fb93b501be6a25a70bdfd2dac4a2
552,W1311,Longines,LONGINES DolceVita Quartz SS 27MM Black Diamond Dial Women's Watch,exact,,exact-existing,1a87a4667ec93d4625b9405073bde0356e99ea84a1e4e71919d92b86609a8115,25a1fe20edb831f11c9c18d7db0e8a51b0f6144572e9ca5dd09d62196c72d4b6
553,W1459,Longines,LONGINES DolceVita Quartz 25MM MOP Dial Women's Watch L5.755.4.87.,exact,,exact-existing,94b11afd10b7a387e45d62c85394e0be8f7e66cc5dfc5812ed52010c3a344cab,14eb51175e45df3576934f54a7a572c346331336417504ba22a6fc823508cb75
554,W1372,Longines,LONGINES DolceVita Automatic 28.2x47MM Silver Dial Blue Leather Me,exact,,exact-existing,9a1b5496ee50e7d5906731f56c92e9626bbcc1b70335170509170f69780627b6,fe1538b975250d7e04f7d600c6dd0012d4806dcdc9d09be48d2f033c5a01914a
555,W1430,Longines,LONGINES V.H.P. Chronograph 42MM Men's Watch L3.717.4.96.6 / L3717,exact,,exact-existing,dd3144dd132c4693d2ce88b4c63e0652df9f0afc96d5424a3790074d37744b7c,44a2a6afdbc0d3eecaf2f8dad72519539abdb98cd99a4c0aa2320e493a553033
556,LONG-W1701,Longines,LONGINES DolceVita Quartz 20MM Red Dial Leather Women's Watch L5.2,alias,W1329,sheet-url-exact,c6ba70c6049d36a2bb15e628e889cd71850a4fb8aa9d02322f40738e5ca6163e,c500e922ed2fb01e68c5db50e1bba830604c2ee36ebde62acadc460a05dedd7e
557,W1339,Longines,LONGINES DolceVita Quartz 23MM White Dial Women's Watch L5.512.4.1,exact,,exact-existing,ae68f9d1af8a11fc563067d4952a9a04dbd601eccfc33c9d263d8bbe044d334a,59788754415ca27597cf3143107088dca522f1bd3fcc21d434060c570b72cdc4
558,WWNL3.374.4.90.2,Longines,Longines Legend Diver Automatic Blue Dial Steel  Unisex Watch L3.374.4.90.2,exact,,exact-existing,c3afcb1c80266b82142c2d45b8bb98ec3c5edc729ef756682df9e5aeac2bf4cc,706da17eee54f67c87d483fea2931b768815aebb963832f2b6baf08e34c209e4
559,W1349,Longines,LONGINES Elegant Automatic SS 34.5MM White Dial Women's Watch L4.8,exact,,exact-existing,58ff039070e6f3da87d9a439b18515bb7018f3669f6a30f7cf9610e33f5499de,9d82e32eb7e73ae2abcf6b0da24aa78de8add6017a8591982b9f8c7facec3c0e
560,W1296,Longines,LONGINES PrimaLuna Quartz 30MM Blue MOP Dial SS Women's Watch L8.1,exact,,exact-existing,99b8b94f5224551eb92086655a78483b2ecadd9c49c58941e4aae044b1cf5ade,f387d06aa0ee2d4022f046b296a5af0bc1664db6c431fbb74cb5339510818b50
561,W1301,Longines,LONGINES Presence Automatic 34.5MM White Dial Two-Tone Women's Wat,exact,,exact-existing,91ef440bbf2d3a793bd855b95bffbf4d074662edddcaa6cd4afcde1bec01dbd8,071d037f10c11c24cf1e164668182a3ba8ef9e49b450e745e8cc48a347cae5a4
562,WWNL3.811.4.73.2,Longines,Longines Spirit Automatic Silver Dial Leather Strap Men's Watch L3.811.4.73.2,exact,,exact-existing,5c0f0924e09f3b6261c5fa99d34450acbc6ba94aba317c2c12973da58c7b282f,b71f82600bf0819f1b45c6725dacc9239776e971e3beb4847e101c020586b5cd
563,CRSF-M1B-01M,Seven Friday,Sevenfriday M-Series Urban Explorer Automatic M1B/01M SF-M1B-01M Men's Watch,exact,,exact-existing,4853ae4fe3dbb92fef4777731e60ea07c7c0dfc8d007a1f9caf60fd20312d162,485a158039a37c963ecf6f42c57fd868c66a4da3fefe1d65ac78262fa09c5d63
564,WWNL2.330.4.93.0,Longines,Longines Heritage Classic Tuxedo Automatic Black Dial Leather Strap Men's Watch L2.330.4.93.0,exact,,exact-existing,1a7678769ceb03ab0b5fa80d0d466ad34e8966095909d2d4a8cc3f5c18f10cbb,5efb81fced05d973d515163de6ce14251e7cba732796e03b4681980b3a97722c
565,LONG-W1659,Longines,LONGINES Presence Automatic SS 38.5MM Champagne Dial Men's Watch L,alias,W1350,sheet-url-exact,5fa62acd7871a56a30a53955b355d26f678d108b223f8de1de9354ba588075d8,af508387fc655ee0d579953fc046a782b994754d533da6f48872d0448859dc72
566,LONG-WL73,Longines,Longines DolceVita Quartz Mini Silver Dial Black Leather Strap Women's Watch L5.200.4.71.2,exact,,exact-existing,ec3264e1823814d7e9b7769f91886a34269ae060727e1f6656d3eec7e8364c45,4eb9b1944bb5d142ff0c0ae5b987ed032fcaea086964261b6dee3d88bb7e7d66
567,WWNL8.113.4.71.6,Longines,Longines Primaluna Automatic 30mm Ivory Dial Stainless Steel Women's Watch L8.113.4.71.6,exact,,exact-existing,d3c5164def4e6d871cce044928e56aea6328f8ecceff929e941b705ea1089629,0b344aa722b04a79f52b3e03fa4ec91315dc47a9063f7178ca3ee9d4b1f874be
568,WWNM026.608.11.041.01,Mido,Mido Ocean Star 600 Chronometer Blue Dial Steel Men's Watch M026.608.11.041.01,exact,,exact-existing,3396ab5289be0434ca487730079924d42a8cfeb544d29c99fa83a2bd0b3e6f1e,f40f39b47c9d3ed4016c232139e161a05479c1bdf14fa38f9af8fca296a3d2ed
569,LONG-000147,Longines,LONGINES DolceVita Quartz SS 23MM Blue Dial Women's Watch L5.512.4,alias,W1278,sheet-url-exact,ebbb1bc4fb09eea0f2d49963840e7bfa613b9b0fa5b7fab4562fa570922ecf8d,8d96ed47d8838d409c32ebfac10dfe508cdfc7865da469c541e654450b0d9cf5
570,W225,Hamilton,HAMILTON Navy Scuba Automatic 43MM Men's Watch H82525160,exact,,exact-existing,56da419def575800b61d1501a29d177667b0eb2b0917291591f9c564d83c03df,ec585833582d3d2119c33cf794649119050d98e11fff6fb0231f19a8de52239e
571,W274,TAG Heuer,TAG HEUER Connected Calibre E4 42MM Titanium Smartwatch SBR8081.BT,exact,,exact-existing,13ece73da2bef3f4fa2a3e2bbbf57bc22530388d83a423d0240de91bd24fb78a,b961ee73b6f5e0c7716960a22668fdd75d6af1193797ab3b53067ca2b0bb72be
572,HAMI-081.00,Hamilton,Hamilton Khaki Pilot Automatic H64615735 Men's Watch,exact,,exact-existing,a61ba689ed14b6e21c9340f5c778f86571741f79db34591569903a967724a821,dc95e5f2b5e0337592e0beb67b49d6fc751a9acb8f2c87bd0fa863a469b57cb5
573,W1277,Longines,LONGINES DolceVita Quartz 23MM Blue Dial Leather Women's Watch L5.,exact,,exact-existing,5e681dcbdd7804552ffedd274a8625d65b9cf04e63ef7210c21bdaebd1182014,a711c526ca919fe85bd56c175f2138c3dcb0ed632938b0d69e930705d558ac3d
574,WWNH24614330,Hamilton,Hamilton Ventura XXL Bright Dune Black Dial Rubber Strap Men's Watch H24614330,exact,,exact-existing,1e9ed5a21001d5239a3d1fc2427c2d9a92bf511eaec62e9b15c3c6738696cbf5,058bfade99cb2e5a30bdb8eca5dd2bb37e922d892340e505361f67ebf7ce8dc5
575,WWN01 733 7720 4057-07 5 21 02,Oris,Oris Divers Sixty-Five Automatic 42mm Green Dial Leather Strap Men's Watch 01 733 7720 4057-07 5 21 02,exact,,exact-existing,772282a4c78f246397f569eac965aa9eaf62963aa3f689da9114ca4ec480d128,04019bccedf1c6cef5ea2917af8b7606000ca3bd2d69b86202c5854757b14ba5
576,WWN01 733 7747 4055-07 5 17 45,Oris,Oris Divers Sixty-Five Automatic Blue Dial Leather Strap Unisex Watch 01 733 7747 4055-07 5 17 45,exact,,exact-existing,b4be02f446405da687e6e6321e80ad67ac3d7d4a28b9b7927534ff0223759327,ae97fd2e7ef912ba2bc0512ed9be81d0b21bd38144457279b2a44bbe5946e475
577,WWN01 733 7720 4057-07 5 21 45,Oris,Oris Divers Sixty-Five Automatic Green Dial Leather Strap Men's Watch 01 733 7720 4057-07 5 21 45,exact,,exact-existing,c0f9d549a829894da763affa3aefb3fa01845aeba616f28eaa5d9dff5a409969,ea825c891c0006d107935f2be5805f1613e29b0f9fb90b068f2623f95044aeb1
578,W1302,Longines,LONGINES Presence Automatic 38.5MM White Dial Two-Tone Men's Watch,exact,,exact-existing,28403533509c635793fe6ce980cba3886ecca53f2cb4815201996f3d11f21af5,7e393bf6dc813788dbc339383118f9644e5f1e38b48b2287aa1399e2f7cf3bac
579,W1357,Longines,LONGINES Conquest Quartz SS 30MM 11 Diamond White MOP Women's Watc,exact,,exact-existing,6b74cd7e90efd8303e2ec546f546e93b1681ba524692b8cb53fa3d2849de29d9,2d4b23ff8a153fd80ea3fdc7a5955e1d41c5a53c1daebc278eb4112d8cbbd982
580,W1514,Longines,LONGINES Symphonette Quartz MOP Dial SS Women's Watch L2.305.4.83.,exact,,exact-existing,ea5fd59d479efb81b6afd62de9b566495091f0de5c35bf8dbc7de1129e9b2d57,4c828184335dc46098dabd10b5ec25d708735de1e36feb76905582c5b6de3e15
581,W1338,Longines,LONGINES DolceVita Quartz 20MM White Dial Women's Watch L5.255.4.1,exact,,exact-existing,b7146c4f445d3bc43a2855c54be8713c16b27eaa69d6e028bb45fb963fa026a6,e3b909a1858c56f63ed20338c2b833c1f8cfc0dc25e5bf67cd5ec35bf6d91d49
582,LONG-WL25,Longines,Longines DolceVita Quartz Mother of Pearl Diamond Dial Stainless Steel Women's Watch L5.258.4.87.6,exact,,exact-existing,7f1ab7339287b9628c7a62cf2cf149cfe9ac631ac3b53926dfd46d980e4abf44,bdfdaebad75b5bb7e84acfd9679cea66ee4ca98aa55b8b2b8ca1cb262fc4721a
583,WWN01 733 7770 4150-SET,Oris,Oris Aquis Date Upcycle Edition Multicolored Dial Steel Unisex Watch 01 733 7770 4150-SET,exact,,exact-existing,8258b2cbf79176aec70f9b21d1e601db2deaefff5477d9c741bbc8507538a2cd,2629de3460ee31de945a76ebe5fbb80d1adf7f0957d12e8838cc17d76978bf53
584,WWNL2.822.4.56.2,Longines,Longines Heritage Skin Diver Black Dial Leather Strap Men's Watch L2.822.4.56.2,exact,,exact-existing,0e8cdc3b73abb1ffedb6619d855fd72481a760f41aae7f754c199a3321ecc7d2,c74031d37c43e3038a6bc8677815dad33af579fbe8713e7177f89138a408b892
585,W1276,Longines,LONGINES DolceVita Quartz 20MM Blue Dial Leather Women's Watch L5.,exact,,exact-existing,22b4f93b43e9e987476b567d3b315b9fa30dec3fc4c5e1a6a9854e20df3ab7a6,688b57e863eb987eae5f618f474f6fc0ab1b69cb01c4ca4deab0cb0967fa1729
586,W1548,Longines,LONGINES Flagship Automatic SS 36MM Men's Watch L4.774.4.12.6,exact,,exact-existing,773b162a95a52730f147ea3376ca9bc92b0d135fd9584e06fdcf270ba8b1c19b,2b6ed2bd72fcc4cf63226c8d65d5c90b331a6092b0e2b453f92537040bcc97ce
587,HAMI-X009K2,Hamilton,Hamilton Khaki Aviation X-Wind Chronograph Quartz GMT H77912335 Men's Watch,exact,,exact-existing,4b664d88484011d6fa98494156257b1a8f2be6d279e4857df2e3d91aaf1fca95,4e01a3271f00a96aabcfbf640565d4dda1a17731087fd445257d9e19b3908f7e
588,WWNL4.826.4.52.0,Longines,Longines Heritage 1832 Automatic Black Dial Leather Strap Men's Watch L4.826.4.52.0,exact,,exact-existing,ebae9633c8e476d6954fb642d3cf00d2779a871ca50eb3441dc01ed5d44c447c,25b4e5f9680e5b9cfad0dcacd55db4d419dadffc3d1e72e1a6bed62cdcc21d44
589,W243,Hamilton,HAMILTON Khaki Field Murph 42MM AUTO Black Dial Men's Watch H70605,exact,,exact-existing,7cd1a2492512a2e0c5ab4525cab4ce4a4e615808963bf30ec473c12bbab0ec07,bf6c9c6a6033a9a2631a3b976d9b22352453ed760ee153695b4eca1b17e4e16c
590,WWNL3.782.3.06.7,Longines,Longines HydroConquest Automatic Green Dial Two-Tone Yellow Gold PVD Stainless Steel Men's Watch L3.782.3.06.7,exact,,exact-existing,5d7cfb2dca0afdf050969e9848bf1d2043431747df3e4a2ba54335ffdbea2395,19083a7efcbd5d0df78a41a5bfb66334d45a11a5df36f1ef43bd9708e1fa4517
591,W248,Hamilton,HAMILTON Khaki Aviation Pilot 42MM AUTO Day Date Men's Watch H6461,exact,,exact-existing,756177f23ccc35d0692adbcabe6770fe84470d32d26deebfa024bf84dd2e5adc,21b9c72da91df577a30239840240969423eb5af391c9eb02cde0813e41559e25
592,WWNM026.629.37.291.00,Mido,Mido Ocean Star GMT Automatic Black Dial Rubber Strap Men's Watch M026.629.37.291.00,exact,,exact-existing,03b3cb560214d16e884257637baba70267cfb249c12b3d82e86fba66e122dc26,ab860c7e5477a70ef3ca2cc352290bbe8b676ac1cf8143465b3d192f66485fbf
593,WWNH82565930,Hamilton,Hamilton Khaki Navy Scuba Auto GMT Black Dial Fabric Strap Men's Watch H82565930,exact,,exact-existing,d4f367d1b242f63bf8dd13ff686c7561588781f8db6627f3e8b1193cd7009234,d09acf8c70a39fac933a7dd66cd1d71db7334f249146b71fb303a49863185a50
594,CR98A325,Bulova,Bulova Mil Ships 150th Anniversary Special Edition Blue Dial Automatic Diver's 98A325 200M Men's Watch,exact,,exact-existing,7b0772132c62d19fa2ddcaa6236f97b82f5f3622654379d70a6e4933fe490830,53f776d9a7a26f2f90149b8d555eedb7a7b4ba13c4cbfd8c7a212f4b06649b75
595,LONG-413314,Longines,Longines Primaluna Moonphase Mother of Pearl Diamond Dial Stainless Steel Women's Watch L8.115.4.87.6,exact,,exact-existing,6ee2866e6b8e0ceb91e40e5cdbb3b16956ba556643a919f81985176a57afc1c3,23505d389daea22d3c9170d884d28d39706035a733b4c327c9f525b7e07c835d
596,WWNL5.755.4.87.6,Longines,Longines Dolcevita Quartz Diamond Dial Steel  Women's Watch L5.755.4.87.6,exact,,exact-existing,811368c5fe977884466f1b7a48a27452781fa13d29abfcb4bdd5309e7c7af4e7,e209dadaf4e3d079d62bdadfff234d5c352edeac1813087edc76ae017c7a9f22
597,WWNL3.370.3.87.6,Longines,Longines HydroConquest Quartz White Mother of Pearl Diamond Dial Two-Tone Steel Women's Watch L3.370.3.87.6,exact,,exact-existing,02f84885bb2a1e9aff1a00972103b1248600c4aa72788e8404fe29d6641eff18,9cfcd125f1e4816b11e53e07a35c68bed3cc726d88c726531745b692694c247b
598,WWNL5.255.4.75.2,Longines,Longines DolceVita Quartz White Dial Leather Strap Women's Watch L5.255.4.75.2,exact,,exact-existing,973848184a893f1b45978f84ba0fc4b2e95d2aa11408e1520dd8a25cb61c0505,92e7a1edb182ff3fc5262f1d0f14c534b75dabf599c816eb1491a32d7f738f0b
599,W1547,Longines,LONGINES Presence 34.5MM Automatic Two-Tone Women's Watch L4.821.2,exact,,exact-existing,da346a39a2c62c0110dedca086ec4a744bbe90b19173c05889c805c544c3ba6e,256e926111d0aa905876963250a267e89e675639a231ae3eb6f4caeb35cc1a87
600,W1279,Longines,LONGINES Equestrian Quartz SS 22MM Silver Flinque Dial Women's Wat,exact,,exact-existing,0484ebc10d6c731741859a83b24073e5df1ea512504bc6441b441221a2c74d45,0af2214423e246d854e744968092e3a440e8d6ace594179787c91d44fda6cf50
601,W249,Hamilton,HAMILTON Jazzmaster Automatic Black Leather Men's Watch H32635731,exact,,exact-existing,fbf57c8b4dd5de7693754072ff0dd4ecf5a3dcb609e93cc40143440196802079,68d75309d911505d0daa4213140d25528c3dbfb3b2c9ea1a80df8843691fc0d0
602,W236,Hamilton,HAMILTON American Classic PSR Digital Black SS Men's Watch H524041,exact,,exact-existing,f46ee26d6e910f0d1cd13f84a8c2183ef314415d1dd43054c4bc8bebfcba1b3b,f9d2b7191a3232122f82843caf72fd70f39de64d44f60c99cb376b9efbe108d5
603,CRINV47900,Invicta,Invicta Racing Chronograph Stainless Steel Red Dial Quartz 47900 Men's Watch,exact,,exact-existing,008e57a9fd4c40ec79b7d42bf0b34eae27a23a0a2f1871ae3f06186ed5f9e2ba,01076ed063ec2cf0d61a760546498df286d87d5482782324b65caf40454fa51e
604,LONG-000141,Longines,LONGINES Presence Automatic 40MM White Dial Leather Men's Watch L4,alias,W1281,sheet-url-exact,0a6dfe3af0425cda1e1d372ede08467746f4b767af33bd3dc9ee440b4c2a1e1e,302cf350e2872ae017d9ca8e95d9b028990fffae4a9ae3c420aaf52d1ed0f300
605,W245,Hamilton,HAMILTON Khaki Pilot 44MM CHRONO Black Dial Men's Watch H76722131,exact,,exact-existing,ead3134eaa9ddadd59faaa1828057b519481b3b3c5043ab85c1c632167033f87,7663698a31fcb9fac7cb20b82ad410390424db237ae26d8f32f52111dfb14c59
606,LONG--45001,Longines,LONGINES HydroConquest 41MM Blue Dial 2Tone Men's Watch L3.740.3.9,alias,W1530,sheet-url-exact,ab5ac1a73b2dbadc79b9f5f91ba19bd1fd16d55f17ce42a423629526bf86af35,3f88c6694769f6cb9289d61fb9f3f45ebb987d7d6c17e15090993e2596f56f24
607,WWN01 733 7770 4157-07 8 18 05P,Oris,Oris Aquis Date Green Mother of Pearl Dial Stainless Steel Unisex Watch 01 733 7770 4157-07 8 18 05P,exact,,exact-existing,5245758528aff430e89a990f6f02f465b075c814494eeff03007a48d84919887,dd8df7c324683c19285b99e314de21f04984889976d544a0d613670ce5e0a709
608,WWNM049.307.33.296.00,Mido,Mido Multifort Automatic Brown Diamond Dial Rose Gold PVD Steel Women's Watch M049.307.33.296.00,exact,,exact-existing,2fdddc435fcd97f0571f76357df86ce6d58b3450fc74ef70a51759aa7397b0bd,49f871682df9de9d6dafff5fb02c7332dddc1b951154ea7b906d7d1e42aa47cb
609,WWNL4.330.4.11.2,Longines,Longines Elegant Collection Moonphase White Dial Leather Strap Women's Watch L4.330.4.11.2,exact,,exact-existing,7b622755e46003cac28823461975e0dcf32d85079e60ea5b55a379de6691a2c9,42927d59c3679a878f5134ccc47c32981dcd352118a017f7e2fbcaaa701ce679
610,LONG-W1632,Longines,Longines La Grande Classique Quartz Blue Mother of Pearl Diamond Dial Leather Strap Women's Watch L4.512.4.81.2,exact,,exact-existing,a69a24b4efbb4e918e6d1a74a441cc04968e71130f90a32f878be8fd5add8df7,d4b22e19830fec6f73570ef3f137216117c252c3e491fb6d29bc3fa8a44975e8
611,WWNL4.812.4.11.2,Longines,Longines Elegant Automatic White Dial Leather Strap Men's Watch L4.812.4.11.2,exact,,exact-existing,29aa3c92ef28dc3289a73d66ea4f7e003dba7946f040df1e0e0a4b59df91792f,76b47b4911e612c0ff4d15ab81720a855caead16736c990920c135f4cd1dba0a
612,WWNM038.431.11.061.00,Mido,Mido Multifort M Chronometer Automatic Black Dial Steel Men's Watch M038.431.11.061.00,exact,,exact-existing,7c5c4d55cd1e4e34c6c01ac19ff56b1824c2593fd5eceeca46feb36074b9bd30,6b76e0f9582d495845a019689cfd4195178f86ad66ee10c68c609790405e2d80
613,WWNL3.370.4.87.6,Longines,Longines HydroConquest Quartz Mother of Pearl Diamond Dial Steel Women's Watch L3.370.4.87.6,exact,,exact-existing,e6d4ba41e7c32d6025d2c22638876503c4cbd02812ecd0190b48f2717cab1977,226618892350f4bbf3b2f703a661808647c273ac6b773d5830a2750f70287380
614,WWNL2.387.0.87.6,Longines,Longines Conquest Classic Mother of Pearl Diamond Dial & Bezel 36mm Women's Watch L2.387.0.87.6,exact,,exact-existing,5379d5338fa95232140408dc8bbed4f3dde55165b5ab49cff52c40f455eb1785,ed5b7df13c839a4f86f3536d9744a8d169cb8ee1bab0e7dbeff027799fa50fb8
615,WWNH76719530,Hamilton,Hamilton Khaki Aviation Pilot Pioneer Mechanical Small Seconds Black Dial Leather Strap Men's Watch H76719530,exact,,exact-existing,4bced14be34b74cb532d3474d4eba00c11a3bdcfde8cf411ba14a22bba0c4680,296c98893c36a5736e8beac18c1d4fa259311287c0ceb4145d486c5ce1ee659d
616,WWNM0266291104100,Mido,Mido Ocean Star GMT Blue Dial Steel Men's Watch M0266291104100,exact,,exact-existing,eb4747096f8076271477f519c14da58fb49ef9a6cd68b2646fd4e02321f1dfa1,22b85c5c5f384be52fde76c8f5e7c9a52a8901d541e2e579ebbebea0e80e7f41
617,WWNL3.841.4.56.6,Longines,Longines HydroConquest Automatic Black Dial Stainless Steel Men's Watch L3.841.4.56.6,exact,,exact-existing,de362bd5b87f0497dd3b3283d3a8568a41d401cbb5a55805df6825d1707841cd,aa074008f0ae8a6b49a31c08dc215f53003c59734672eae6235c14c28a22b945
618,WWNL4.827.4.92.2,Longines,Longines Heritage 1832 Automatic Beige Dial Leather Strap Men's Watch L4.827.4.92.2,exact,,exact-existing,862fdf5eae75c67887092361ffb7099e78e64bc37b73f28ee030e1a746917044,6450df9218bfd55a316e8f88b57c6d1ec08d26f66788a0a0eed67af6470020d1
619,LONG-WW517,Longines,Longines La Grande Classique Quartz Mother of Pearl Dial Diamond Steel Women's Watch L4.709.4.88.6,exact,,exact-existing,49a502ec4b1c71244c51acf9ecf09814f61f3e0f7f50f955d2ed5eb337ca1e98,0c26ebb7af87086b62d4301032fe0768a8fe035379ec66908be94feb7d65434c
620,WWNSBR8A80.BT6261,Tag Heuer,Tag Heuer Connected Calibre E4 - 45mm Digital Dial Black Rubber Strap Men's Watch SBR8A80.BT6261,exact,,exact-existing,e7cf62fae9cc16dfa912ae6ea516ed3c9a622f6fca59c74dc6b0a417355c0ea4,b193ffa1897815e368c51a1e19c6e9f2ae617fbfea177e6a77e63175f227b01b
621,LONG-W1555,Longines,Longines DolceVita Automatic Silver Dial Leather Strap Men's Watch L5.767.4.73.0,exact,,exact-existing,afda6b462777b8f3597f838aa605b40dd7362b5c94fceb70076d53b0f53fe232,965128f52415c9b6c9ca7031e81e3b7347c3aec118e26b54c392831a94b881ec
622,WWNM038.431.11.041.00,Mido,Mido Multifort M Chronometer 1 Automatic Blue Dial Steel Men's Watch M038.431.11.041.00,exact,,exact-existing,7ea96a1e4454efd9cded0f85706e159b4efd16d84b704d9b9bf245c61576f5fd,2e3bea629fe24a9f0dfb2020e25ce37706f9d74cb9cee8187a0256f4ddf1d63d
623,WWNM049.526.37.291.00,Mido,Mido Multifort TV Big Date Automatic Brown Dial Rubber Strap Men's Watch M049.526.37.291.00,exact,,exact-existing,a12978f85449dcd6cbc9f436257d5db935bf92e20f569c09ea5b339a3bab07b6,7bb25a19889f2febc2326ed41cc2177ebfd1b1c98764432cb9a4862d2dbb1663
624,W256,Hamilton,HAMILTON Khaki Field King SS Automatic Men's Watch H64455133,exact,,exact-existing,74e10101e5b5a900bbd6ff401f5b52464f5ad4b44a2c452440e18a974842d506,398c50e23aea9dfcf1abff8df02e4cbe5f531a37a66971ea3258f0f1b663726f
625,WWNH82555150,Hamilton,Hamilton Khaki Navy Scuba Auto GMT Silver Dial Stainless Steel Men's Watch H82555150,exact,,exact-existing,4a702b8cefc5c40dfcf5bb6b9b50119195fc55cadb3f34eac007675694e12490,d45a929d526512f260ff0633ff74232fb3aadd1ef26e82ab6ab00d10bfe2f242
626,WWNM031.631.33.061.00,Mido,Mido Commander Icone Grey Dial Black Steel Men's Watch M031.631.33.061.00,exact,,exact-existing,3e5d54387c5d2392caa61ab4a68534a03569854aafc4018c4d531e5f4839f2a9,b5e4fa8865f7eb07a1001f6685ae4afd2787417b9b417e70bf94ae6861d62e7d
627,W1537,Longines,LONGINES Conquest Quartz 43MM Men's Watch L3.760.4.76.5,exact,,exact-existing,8415f96a27c66e79d90929ea55c207ca1ae99f4430fb5ec68d2764d0cdd45b07,730ae6d632dafc3a5473fd95b87a2d41d4f06fd04533ef7937f232192213d78c
628,LONG-WW705,Longines,Longines La Grande Classique Automatic 38mm White Dial Leather Strap Men's Watch L4.918.4.11.2,exact,,exact-existing,8c3144a34c0dd7e1630a88c14988f240b9d2fb854c5449812d73d99ba98e4e47,60cc3da5caa0e6d40b6f7f9d717fd30e6bb6b3adecee3c8cd9d77e7304af276d
629,WWNL4.899.3.21.7,Longines,Longines Flagship Automatic White Dial Two-Tone Steel Men's Watch L4.899.3.21.7,exact,,exact-existing,184662a4c566cc76d7f26539579f1a1b50e68d4a077a6bd0f0ac5949fcec8e4b,8abd20fb1a0e5a1e5d7b476cc117daf842204575a42d9815b7dd866316fd088f
630,W28,Hamilton,HAMILTON Khaki Field Automatic SS 42MM Green Dial Men's Watch H706,exact,,exact-existing,7bd7142cc6e78d3e0a4dca1928490a98026529ff8f44c538559b3384b8c08c92,487d5020da91834e7d08d1f296adfaa4822a8a3f0a966c614326b588ab810ce6
631,LONG-W1641,Longines,LONGINES Presence 23.5MM Silver Dial Women's Watch L4.220.4.72.2,alias,W1465,sheet-url-exact,fc2ae35a24739b012cbb68dcbabec9fa0b0701a1603aa67f2c3ea696a12b3ffc,c6e235a4d5370968332f0ec9894c845d7694ff72f8b33bb6965a300d181e1f7b
632,HAMI-241991,Hamilton,Hamilton American Classic Intra-Matic H38455731 Men's Watch,alias,CRH38455731,sheet-url-exact,c6d1291c817fc74d2e0ff33feccce2e16344791d87398c977693e65a25a4d490,08e559a92b6280aaa441e0f417bc84cae825b8ef1cbfc1cc645fe08f861ee5f2
633,HAMI-05-81E,Hamilton,Hamilton Jazzmaster Viewmatic Automatic Swiss Made H32455557 Men's,alias,CRH32455557,sheet-url-exact,aa4cf6f1284927bc87ad8bbf671fddb0a4ddcf084ad2c307dc0a59519bdd33a9,b89eac61090ed46b33cbed1fa1aa45aa46c2bd375d01e619ea3a32375590869d
634,W241,Hamilton,HAMILTON Square Black Dial Stainless Steel Vintage Watch H000032S,exact,,exact-existing,ccee487c08c87a123b18dde16784782b1c63b919d5b07a86ca611b17ee04890b,e1c586f0fffe079c73fbc6a86de04aee274a590b5099f8666e92a420d38eabe4
635,CRH32515535,Hamilton,Hamilton Jazzmaster Automatic Viewmatic Classic H32515535 Men's Wa,exact,,exact-existing,c3cac43fefa7e276cb30c4d2bc80b12a73c78b34d40a9067f4fdd0768fe54185,cbf764dbd58b95babbf354fd253bf50ebc59dd54163c330e35abbea794e8d36d
636,HAMI-241978,Hamilton,Hamilton Jazzmaster Viematic H32715531 Men's Watch,alias,CRH32715531,sheet-url-exact,7ec1a7dc13301ca9b320395a0cb76ceac3572a213fe4c81be7e47cc7bef1e841,fe005469a48e6a8a3de5b5e59d9893ee404c0af8818cf80eec326e6da4589b5a
637,CRH32612735,Hamilton,Hamilton Jazzmaster Chronograph Quartz H32612735 Men's Watch,exact,,exact-existing,eec1ab6f5db67acb8599fd906ad06d08c1208e9ab680e90ae3a786bc650e484a,9096f37ca61de5ced5b2c4aa094cca543ab8ecd0aa343864623123a0c43544fd
638,CRH32612555,Hamilton,Hamilton Jazzmaster Quartz Chronograph H32612555 Men's Watch,exact,,exact-existing,30e88540c9f326ade2529cebba834d172588aa0d79d13387d5bde7a528a4310b,982c25402a96de997aea7c7a63f5231ba044fe195235dce1cc4b67a9b4f0c093
639,CRH64515337,Hamilton,Hamilton Khaki Scuba Automatic H64515337 Men's Watch,exact,,exact-existing,65a7c8c003bd7efbee8a8678471ce866846c3493c37d3bf6851907fd1c67b5f3,4ef46858dde2e5d4c1a87c9a2a2aac048b6c0958ea85399b6ee03f71da6d69f8
640,HAMI-81.00~,Hamilton,Hamilton Khaki Office Automatic Swiss Made H70365983 Men's Watch,alias,CRH70365983,sheet-url-exact,902d9b020ac0900a4962012dfc08e1c53f13889cfaf694e1110d2385a899d420,588bd360df83857a85b397a65a05353d013bcc193530a85b2f397bbd0fd774a0
641,CRH37451141,Hamilton,Hamilton Jazzmaster Seaview H37451141 Women's Watch,exact,,exact-existing,4a3310266bc48fae8191af39d9fa246020b0933432f123657374aff1fe381ec9,1059a2a72911ccfa2a89672134ae8cd1d26938a29c24fb9eb815fbbfcfd4bf57
642,CR97B223,Bulova,Bulova Super Seville Gold Tone Stainless Steel White Dial Quartz 9,exact,,exact-existing,58b5c4af98ab02d1f2671f702347843e9c1597c3d27ca8ce967376f878e951a6,9d8ca3cd318fdad86845b561c1f7beea69d852dc74a94c1fc59b1539bed3e70a
643,CR96B251,Bulova,Bulova Special Edition Moon Apollo Lunar Pilot Chronograph Black D,exact,,exact-existing,d215cdca53f3c686462bda1d7a7d12eb9d5977a56219c9ed6375cde19ef1ccc5,5042d03acf2acf963edaabdfb962a5690633ac181a67900dfdb9c8a7fdbf9a22
644,CR96B439,Bulova,Bulova Classic Super Seville 262kHz Precisionist Stainless Steel G,exact,,exact-existing,c2758d9eaf2c17d351039d32d37b7b62d7cd0fcf1864a6059b762fb2e7e4689f,065c77f5eed1c8df636d81000d782d02cb15b80ccd610190784a26fd707bfef8
645,HAMI-041.00,Hamilton,Hamilton American Classic Bagley Quartz H12341555 Women's Watch,alias,CRH12341555,sheet-url-exact,590c68ede4a287a3b32e50280956527edc44a00f381dc8dd3e42ca49863c1d6d,284d0ea5c59c274a38471e3cb373c218d38a62aaf3ccf4a0138b7c7a9ae0a241
646,CR96B401,Bulova,Bulova Classic Precisionist Jet Star Stainless Steel Red Dial Quar,exact,,exact-existing,b6aede2f764daa6c0510b888cc4c44cc6557bb0f614f0cd72d28bb06d3832da0,8f3a1465d927120e5a7195af152b92ce667b3e2f0dde807d99e61813053b5096
647,CR96B433,Bulova,Bulova Marine Star Precisionist Stainless Steel Blue Dial Quartz D,exact,,exact-existing,3c0fe20b439c81d29d8c58f06ec22b59d36b45fdefae8451e9bbf2155ac483e1,b43a1517befed187d4b9a25cc4d3b6643d954c6edd4291553cd1bc12d5468ecb
648,CR98A227,Bulova,Bulova Marine Star 98A227 Automatic 200M Men's Watch,exact,,exact-existing,a30918301ab2b9a7a6270ed1a96311f01e49b84b17069f3e89a53aa61337a6b1,d5e0a638398e7286106a719c6d199c789d27a36cdf6369452c9c6ad37b667970
649,HAMI-421.00,Hamilton,Hamilton Khaki Pilot Pioneer Chronograph H76512133 Men's Watch,alias,CRH76512133,sheet-url-exact,8b044537f5c440954a4289fd1ecda5c713b8e50ca46d09c161c09ed1d81f26aa,d61404da123252c9cd2ea8b942b161f32c4afb3fff058c7d4808cb7cb55f2ada
650,HAMI-251.CB,Hamilton,Hamilton Jazzmaster Quartz H32451641 Men's Watch,alias,CRH32451641,sheet-url-exact,76a098caed1b97691cb35dee99ff08bbf70744809b2a051cd81d6b4201ebd429,1661eacccaefe8e28f0338a4832a36343fd6b4130a2b62f5be4d7d526997805c
651,W2261,Seiko,Seiko Black Dial Silver Stainless Steel Women's Watch SUJE25,exact,,exact-existing,9bbde307ab805dc99af21a978dd8474f4fd94d2a560bb6931e0ab2f396fc7b54,d7c9f000b1da446080cfa301c46b3d376e4d4fbda236d60167777deea403e93d
652,W2262,Seiko,Seiko Vivace MOP Dial Silver SS Women's Watch SUJ281,exact,,exact-existing,ffdf5b40d2fc58ab7b6c3fd8abb765a98ab3eec21b4810d9c8e8869a7e34bbd1,020b7f57b2176be7c30b675d0588cc7fadb8d44f55111d826358ef676adc2542
653,W2265,Seiko,Seiko Black Dial Silver-tone SS Women's Watch SUJE79,exact,,exact-existing,50300f716f8a36b2744553e22ee213b3c17d6cc7fad857383e6b76bbbe54355f,f0f9063c36135e477b538588911fdb9fc1ca78d754f808bd4f36893820622d7d
654,CRH68411133,Hamilton,Hamilton Khaki H68411133 Men's Watch,exact,,exact-existing,0d906de281b58e9e399bf2a50f667e694dd1f8c004e7bb0953ec79379e4dee72,6ad3e021e1b5f86f3511fefd0530ce0074c2428412c43fbcae6d79df8cfb43df
655,CR96A225,Bulova,Bulova Lunar Pilot Special Edition Chronograph Black Dial Quartz 9,exact,,exact-existing,8bb63bf5437124ba16aeb5a5aa87a594c8440ea552272421bf5ae6866e9f2644,0dd9f300922378bc299b0cf7aa12046c791376dd353cfe41bf7121b276a60c12
656,HAMI-02R00B,Hamilton,Hamilton Khaki Pilot Quartz H64611555 Men's Watch,alias,CRH64611555,sheet-url-exact,8a98ed23ea0fd2f3968ca4c2776ea4fdccaa2f60c0da81130385d0e42f872bfc,9842545dc999ffaa69c39d421327a664e63eafcb33b11f6f6f5eac042b398ddc
657,W1646,Tissot,TISSOT PR 100 Quartz 40MM SS Blue Dial Men's Watch T150.410.11.041,exact,,exact-existing,86eeeb4a3f2584eeba4eff54e57c35cf7210c917fbf24d49f4db54d2d42b5b66,70af314cea7844242480d8f3170e18c770ceeac04204a9c13648283aa578a6c5
658,W2268,Seiko,Seiko Black Dial Two-tone SS Women's Watch SUJF10,exact,,exact-existing,df3891561494b4c064e2e00ff3f94121a65f93e212bc84440ec352d6dcc2ac8d,4e130c0cfc085810ec293142142b943b19c4bbba1362db0099d713bf66b15e6f
659,W1592,Tissot,TISSOT PR 100 Quartz 40MM Gray Dial Stainless Steel Men's Watch T1,exact,,exact-existing,9a7a76afbd4d666ad02765349d7144fffea30c3144cadf29eb5b09883134ee07,6dbc7690f68e2a38a8061fb9659f9f434fd4a5d95e596752f9e2b90473e05641
660,W2259,Seiko,Seiko 21MM Black Dial S-Steel Bracelet Women's Watch SXGN15,exact,,exact-existing,9e7906228ba8d5711cd4c7ce17a23ac32bf8f0688c35b7e477cd2bb8d161ee7a,cef189757b8c7aeb3fa792800ecc400e41209f86bbe6770df989638c34b93fe2
661,W2260,Seiko,Seiko Le Grand Sport 27MM MOP Dial S-Steel Women's Watch SXDE83,exact,,exact-existing,9d45136ecee62ee65480356ddf4b4d3d7191952ea088e21ae1f105f3061ea535,d27bdef9f4285776bf8f2da31aeed39c098b34d377c19477a42d3fb042ee4e73
662,W2249,Seiko,SEIKO 27MM White MOP Dial SS Women's Watch SXDE22,exact,,exact-existing,a6ead415f60ab879df7693653778f8e79efc03e984ae0d0628cc0c7831c5acc2,a18670b59b444a88489fd8db620f0049548bbd338dda9bdf411c0fc738f5f444
663,W1678,Tissot,TISSOT Classic Dream 42MM QTZ Brown Leather Men's Watch T129.410.3,exact,,exact-existing,fb937a3d5a463c4f247d946425a4204d36b930d58e99c654e92956579a5e9592,c99ad3308c94c73c7339a13aaceceb2cba45e52bc1314c9d3340d8ef7d1fadad
664,W2258,Seiko,Seiko 25MM Black Dial S-Steel Bracelet Women's Watch SXDA44,exact,,exact-existing,869358c33846a552250f41d300592c7b1b78e39ca7783b3ce12c46ef63bcacbe,04214d3b01b3c9ab3091132dac7bbaad6db184020e96b3e5a939cfff35dda075
665,W2310,Citizen,CITIZEN Serano Eco Drive MOP Dial SS Women's Watch EP5830-56D,exact,,exact-existing,7bb72ac85682e58ca4dcf7c4be49ca6783c1bd09fc0c921e2aac4618f0f27ace,4bf9c3a3cb3d2913e74da50c48d7254d80f19c23971775a6737e523a6e278874
666,W1645,Tissot,TISSOT PR 100 Quartz 34MM SS Blue Dial Women's Watch T150.210.11.0,exact,,exact-existing,6382580f2026865371b4e0db7c152736f6491ea5e47d93002e69f9de6c9237a8,27911b7c3b9addb3b84d904dbfdad3226f8c68a62782dde5abedfb0821d6b54f
667,HAMI-241916,Hamilton,Hamilton Khaki Navy H64451533 Men's Watch,alias,CRH64451533,sheet-url-exact,e0e2a877d93d0a81e3c768e6a0bdc396917547a4daa330a830e3ba3686b692df,3c221995e60d8f65fa5e1234c902f9cd8d5a91e379d1fb47edac988fa34976e9
668,W2304,Citizen,CITIZEN Allura Eco-Drive 27mm White Dial Diamond Accent SS Women's,exact,,exact-existing,d59ffa182302906883fc54d70dd7666f2da31954c0ff226ed07077839ddf0bf4,30aacba145588b6285bb46b23ef06affd6eb39fbe5ae216565db081175292742
669,CR98A304,Bulova,Bulova Classic Sutton Leather Strap Silver Skeleton Dial Automatic,exact,,exact-existing,2782665003b47f17aa78a269e63d5f79daff3876f32a44b8d0c350a826dac6b1,4ecb4e99c0fe15d97b062254ab3de817c1da3c7fcb6ae4547001f4ae547073c3
670,W1557,Tissot,TISSOT Chrono L Quartz 42MM Blue Dial Leather Men's Watch T116.417,exact,,exact-existing,e37f0a761e8ece9347a91f03345e7e043fe6508cf4991e42d26a2f2924cd2fd8,b4f6a0dbd8354dcf7b83279de32905df572538be79e1941dfd1c6df2fa9d51c7
671,W1649,Tissot,TISSOT PR 100 QTZ 40MM Silver Dial BRN Leather Men's Watch T150.41,exact,,exact-existing,ca8c00a586704f4d9926f89ba0d99e950eea1db01ccf89f823d0999446c63a84,014150db8202023670abfc97229ae2189363479f0505b08b507093066e7c97b0
672,W1593,Tissot,TISSOT PR 100 Quartz 40MM White Dial Leather Men's Watch T150.410.,exact,,exact-existing,a0652dc50af7930ddb0712704255d04f9c89c367b24ea2633dfb6ed653dfaf1a,798bb4fc073d6301156716fbb3dc03c2ca3b305d7ac0a9affbf617e50c3b657a
673,CR98A302,Bulova,Bulova Marine Star Stainless Steel Open Heart Blue Dial Automatic,exact,,exact-existing,f0f0a613aade9b3bcc2229daac1c7353c00c8d62796779bb638a2add7e41f857,b4fd49a990a6a1ef78f48c641a2545890a24d387922079393268831b6f42bd43
674,HAMI-PF24K1,Hamilton,Hamilton Broadway Quartz H43311735 Men's Watch,alias,CRH43311735,sheet-url-exact,d03b4ef5d97226caa2d028575ae2cec8deb88abd6818259945fe0f39241ab2b8,cf9c2193548885cc54a5d3ffa8f987d7807eeac75d037a3a6e63bc9b85410c57
675,W1597,Tissot,TISSOT PR 100 Quartz Jungfraubahn SS 34MM Blue Dial Women's Watch,exact,,exact-existing,c5f9f09a89225d7e952a9e1d3618671234b37135b5ba9cac70c73608ab392f6a,58d251f4990ed1a717cbbb52aa68b974601069536d47b22f1ed7f08ee517b8bd
676,W1601,Tissot,TISSOT Ballade Quartz 40MM SS Blue Dial Men's Watch T156.410.22.04,exact,,exact-existing,19968217e5fdb34f13f46ff76fa455776253046934ca2f2317dc1fe8aff9dd89,6139789ec65d8311e990e69aada8488d046ba072b65a3294b713d0b04507c281
677,W2244,Seiko,SEIKO Alarm Chronograph Tachymeter 42MM Men's Watch SNA163,exact,,exact-existing,acfb253d7f9151e92e2db4f366c43af048a280277ef56f83a29d56508ec70396,721e962b11add4c82b79a68f1cc4865262320f70df22826adc35bafe071860ec
678,CR96B472,Bulova,Bulova Jet Star Stainless Steel Grey Dial Quartz 96B472 Men's Watc,exact,,exact-existing,7421706f5f7d9d7848f739aa501e2bc4da7fbb32e157b99993cedf050d316c61,591e8f93d9d2bd156357f34c7677a8e3b3514e7811829701b590d21b781b0ec7
679,W2267,Seiko,Seiko Silver Dial Stainless Steel Women's Watch SUJF09,exact,,exact-existing,5b15254f5892123e28437138c8992cd6d88353b031b50f990c3d1337b284f4d1,204608a1c67e6449cf305237b90454f5935e09f0c4972025bfa92fb22f0181f5
680,W2266,Seiko,Seiko Coutura Collection MOP Dial S-Steel Bracelet Women's Watch S,exact,,exact-existing,c1382cf6234d1f2e569f5b7566fb302ebef6c4228b2236fa8e93a8220dfa02f7,334ea0132186d4a838cf4f9e750fe750e69076750150d1a3b54e9d5cdd6d405d
681,W1673,Tissot,TISSOT Bellissima 26MM Small Lady Pink Leather Strap Women's Watch,exact,,exact-existing,9be3273106ff86747fb99c4c14a84a73e10a1361c56b369120c03a2b43107343,fd01bcdb0bb3bd106376dd0d73087c9098ec69dda74aed707095ca3e150efb69
682,W2257,Seiko,Seiko Le Grand Sport 25MM MOP Dial S-Steel Bracelet Women's Watch,exact,,exact-existing,490e4c05b0f00fb90be196a807d508b4acae6a0282f02021865ef679cde805b1,cf1b1ad0bcd851fb513e317f1bb35061d700a3ede907e474105db01711f1beff
683,HAMI-05004W,Hamilton,Hamilton Khaki H68311133 Men's Watch,alias,CRH68311133,sheet-url-exact,e2e59aef3240889c7e921c4dcf2f6c2a427cedd6cdd8866858e81a13509a76ca,2137ef55516a43125400b4b5b78c06ff225162aa3f31cecd2e46ce204d2bab2c
684,CR97A182,Bulova,Bulova Surveyor Gold Tone Stainless Steel Open Heart Champagne Dia,exact,,exact-existing,9f01f108025cad7ef9fd4b4e844b4ee7e2ab3bf697820cc14f7a410af84800e5,aff6bbe5943dceed9b0f1461dbde0f035d58f0e6721c0e63804881e989e5ea95
685,CR98A283,Bulova,Bulova Classic Sutton Black Skeleton Dial Automatic 98A283 Men's W,exact,,exact-existing,ffb8a849ca9a5f37904dafd6110fb6eb417c92f11c5e112834d2b0d643cf4a96,5a5d842c4ba1c10bbb691b5daad2a4a03403c3d23edd6b8546b18b2368c4d1ad
686,W1600,Tissot,TISSOT Ballade Quartz 40MM Blue Dial SS Men's Watch T156.410.11.04,exact,,exact-existing,497591c5eb7ed6e05b629995b1a3b2afcd181a169fc01a16a430e0c149216ac3,ad25572514f0e3eb7430d22200f740a03b47cb4dcabff44ff4ba2d1c19ae5f13
687,W1616,Tissot,TISSOT Ballade Quartz 40MM Green Dial Men's Watch T156.410.11.091.,exact,,exact-existing,80990c54a0dbd7f5904ab011e90f2fde0296c8417e3dfc9babeb2e878b777fb6,01672b30a62f572d609ca9da4925b476d8f1dad06f26356e5e03dead2fe702f3
688,CR98B432,Bulova,Bulova Racer Chronograph Stainless Steel Blue Dial Quartz 98B432 1,exact,,exact-existing,ecc9498dcd6c038921fbe807420fbb07cf6637428ab7f333d53ef28c57f38b29,a5c5e6f07a99af230611043d2510af34f821b24e3bb6347c06fdd023cf6c5cde
689,W2295,Citizen,Citizen Noblia MOP Dial LTHR Strap Women's Watch 1060098,exact,,exact-existing,ae82655581083f40eb07bb9c401148030202fe812731bc0b80485f3149274314,9c357a65fe00a0da9c4dd08c6189a603858b2038f939b42e7a9593cb0ed58663
690,CR96A187,Bulova,Bulova Classic 96A187 Automatic Men's Watch,exact,,exact-existing,0c514fdf0e8f4480ccc41691ce642d5ee341b47cb7e074e36dfcf865469f2d19,ea4358c304f1c6b7954d3a625f64c117bb2859bff9365f9801f810d429c166d7
691,CR98A272,Bulova,Bulova Marine Star Open Heart Black Dial Automatic Diver's 98A272,exact,,exact-existing,a5abb6076372b9b799d80ca59894ea2cd3846bc5a89846333accba1469c3f8aa,edf575be8f5cbb3114a6294a21348975c9947b013896abe1e54801e9a1337641
692,CR98B422,Bulova,Bulova Surveyor Stainless Steel Burgundy Dial Automatic 98B422 Men,exact,,exact-existing,95f8f5ea8d97f74463e9ce4ba2e78e07bb9f73a9dfb499026b2bfdaf31970ef3,1b93177b53d16b138ca5d02edd653863cdcbe9e892cace6442db2336d61bd304
693,CR98A224,Bulova,Bulova Maquina 98A224 Automatic Men's Watch,exact,,exact-existing,8759a912d3a726720c0decce492bc82bbc8d073f0fdb8cb0860aed426d65be05,252fbd0a3831184420730994e6711245222b978de72525030ddcc1cab96ff8f4
694,CR98A179,Bulova,Bulova Classic 98A179 Automatic Men's Watch,exact,,exact-existing,a3aa97c3dba8a4a9397c73ea9a26a51bfb44c20f72cf7a44452cc59a01bb2908,a9923a0d3768d0cd9a664dffca547dba12168e48e6276c04cc346359d0986643
695,HAMI-53.00~,Hamilton,Hamilton Jazzmaster Quartz H32341975 Women's Watch,alias,CRH32341975,sheet-url-exact,56fb7c9f70fd34087e337bf366b71bca00fcfe94ccb1d6db2b3c9f08a27647a4,594b0e346cb94b845eb2160b720214d22d6e2ceb982d50673ec4bb2b3c30df4a
696,CR96A208,Bulova,Bulova Classic Skeleton Black Dial Stainless Steel Automatic 96A20,exact,,exact-existing,c1409296b370b2f6c409efbf2705c2b1016b390355aac9dee33ea11f135c7750,c55e0fc756e553b07249972538d044597c3f3f02dde0e13aece537e83e054799
697,HAMI-P837J1,Hamilton,Hamilton Jazzmaster Thinline Quartz H38541513 Men's Watch,alias,CRH38541513,sheet-url-exact,6002a8bc06be9b860e4fd2def352adef923bc8d7f532f5565d823679ddbff9a8,273f9b21cc075b01e187b5970ff1f83db74afb228375997b04f6ceaac984f8f6
698,W2294,Citizen,Citizen Solar-Tech Silver Dial Stainless Steel Men's Watch AP8120-,exact,,exact-existing,3c220bab5224dad5e0ab28a60c9610cc7da60b8dc71468cf1c31b9ab10ead5f0,749ab5e2a509fc2caa607cd5d9aaa36b9b7436cbec50ccdc83d95914082f94d2
699,W2287,Citizen,Citizen MOP Dial Silver-tone Women's Watch EP8090-54D,exact,,exact-existing,3a0f5a30c7f70c5ecfce88e9dd54e74b1e7e0b944b03a6e87d8d12db0a110a9a,760b1af2b36b5fd99f678bab5766e0d9b2531791319c3ba162b97ecbc51e6ed8
700,W2293,Citizen,CITIZEN Blue Dial Titanium Women's Watch EU1390-58L,exact,,exact-existing,4eb33b36b2f78496ec6e3563112c279d5429e6e06eee413037098a257ec3bc14,13d374db3253048f632e85a71bc0f19c65a55811293039a6e138d5fedbb5a52d
701,CR96B256,Bulova,Bulova Marine Star 96B256 Quartz Chronograph Men's Watch,exact,,exact-existing,6fd47c195cf0c8619ba6ea7a1ff57efb7b21633080188e43ad2f96802d29605f,58ee0c143c067d27cecf767b06f686d757e81dbc0c529c5a56b3541f36cd2394
702,HAMI-03L10B,Hamilton,Hamilton Khaki H68311533 Men's Watch,alias,CRH68311533,sheet-url-exact,8ece5108b4b95b6d1c5f8464163dd2a65ee5b854503d4f264bea706bbb123e17,16d8fc631e6a9add210e54f8e82817128896f7ab793a84255172f8b9dc1c2380
703,W2296,Citizen,NOBLIA 24MM MOP Dial LTHR Strap Women's Watch 102545,exact,,exact-existing,fcd94a20f4f2f6b848a488bf380714e9a72cb63981ff058465c3fd6a71248e9c,59e0e1ec7dbcdd3c3db3ae746f1f2ae5ea218e959136cad5e4024f2326bc0578
704,W2264,Seiko,Seiko Chronograph White Dial Stainless Steel Women's Watch SNDZ25,exact,,exact-existing,bfa308e859242505b3bd7ca23bac569ddec1a98a4016f084455b92b556187e46,4af1a21ff37482486427978c64ee7aefb11c7b5abdb01a4c80f02525f5242484
705,W1610,Tissot,TISSOT PR 100 Quartz SS 40MM Black Dial Men's Watch T150.410.11.05,exact,,exact-existing,89e97496f1d2d82057f547531c50c56ad3338c0964c0b27b4b940204f76e18a9,02afbcaf448fa78ba1e712e80626164dca6983c1608fbbbb95a420f07e7d2415
706,W1551,Tissot,TISSOT PR 100 Quartz Stainless Steel 40MM Green Dial Men's Watch T,exact,,exact-existing,98dd911b30edfed0077808ce3aea7c2b549e7de3e3e2ea25dca7ab1fe0dc2210,ceb6e70eef9786a350bd9990977a02ba032a2864c8100f88717ecc7f17e600a8
707,W1672,Tissot,TISSOT Classic Dream 42MM S-Steel Silver Dial Men's Watch T129.410,exact,,exact-existing,647bd2308e35c5642f9579d65fefd77fd425692fb8381bd37baf2103a788652a,f665fa65a4c0bb296cff0d426a36e5ba97c2bad943dff51a49e35420d56b17ae
708,W2263,Seiko,Seiko Chronograph Stainless Steel Black Dial Men's Watch SNAD35,exact,,exact-existing,ef7c9f7fe3a2cec100f57e8b0e03ba508f75309ce8a8ef309fb5a0f7fd36c18e,f170cc9b050aa90140329129c5cbc9693879be4e09b441cc4cc05c62744b8ba1
709,W2256,Seiko,Seiko Coutura 28MM Black MOP Dial S-Steel Bracelet Women's Watch S,exact,,exact-existing,a3690318d82a34c17977be19948778d8269247bf62c233345b8add4e0c081689,bf09ee4c18269451ac594e9a1d49e0e7b767749ec400d54f456a3fb6a00856f9
710,CR98A177,Bulova,Bulova Classic 98A177 Automatic Men's Watch,exact,,exact-existing,addcefa078ff9a01ec1b43bf2ad52340bbeccea7abac49cd96cce2c5f526735d,c87706fd53e65b8c2baa59b6c6150937b38d8da65c61064cbd6ecd94cb6b8acd
711,HAMI-CRU617,Hamilton,Hamilton Jazzmaster Quartz H32441551 Men's Watch,alias,CRH32441551,sheet-url-exact,86dfad92d7480b60bbdee44eae14422016aadf252b4bf868d8fabe9ea465ac7d,f2ecc5fc571c2e5703f5350af8c83a4df04a31340ccc9b45b1dface9c8414618
712,W2292,Citizen,CITIZEN Silver Dial Stainless Steel Women's Watch EL1540-53A,exact,,exact-existing,b6f7c81b209df740d93d56530b2af720aef815ef857183904bb629dfb653eab2,9ddde159610d14d2d306f1547df88c30292315a82179b5dda9f1675100c4758b
713,W2291,Citizen,CITIZEN Silver Dial Titanium Women's Watch EL1550-50A,exact,,exact-existing,0cf089d39ffb70a4b40b5d964843105b80cfc2fb1732156db599d0eef4b314e9,1ed5db0a6eef5a1c5a1d68ed442fca644a21533add309e6e0bebbdc1b3b8a14f
714,CR97A138,Bulova,Bulova Classic Sutton Skeleton White Dial Leather Strap Automatic,exact,,exact-existing,7735681db04cded807dc53008528fc317e4f209013b6826122bb67c7c0e63bcc,83f94df03cf0e859981b93a3118482cd59418875bfacc44b35aa3a23078e9401
715,CRH38411783,Hamilton,Hamilton Jazzmaster Thinline Small Second Quartz H38411783 Men's W,exact,,exact-existing,68ee9d226578226ed565f3640de56af928a8ebf14b084d0b0d1956af840166f2,bacae87f1326f6fd633017249d2a61a9a8758c7f72e58df3ecbd382039ca0740
716,CRZ76802,Zeppelin,Zeppelin 100 Years ED.1 Germany Made 7680-2 76802 Men's Watch,exact,,exact-existing,779baf4e3ddbc9149e55cbd7c8f01aa5ed9638a837930fefe5fa2d1d05714b18,d043b9e1777709371488e1c1e432ace20468eb72d295e8a604867ab3a81885be
717,CR96A269,Bulova,Bulova Sutton Open Heart Black Dial Leather Strap Automatic 96A269,exact,,exact-existing,c84a2671159dc0e1dc82b38184e4a41b72c3a96b592b415d0c030c1d43027ddb,89f7f4fb82b4f3b07a4cc01b83bd11a37a6177a1d2461499c862c200f915bd31
718,WW229,Luminox,Luminox Leatherback Sea Turtle Giant X Volition 44MM Blue Dial,exact,,exact-existing,432723e643bdc53777b137ae7888146603815e7d9d8b3bd6cd2577b58192005d,030107119b05dfc9741c854fbed740b0863df98bf212fb31bb7b7df8b2affd1c
719,HAMI-00-1A3,Hamilton,Hamilton Khaki Filed Quartz Swiss Made H68201193 Men's Watch,alias,CRH68201193,sheet-url-exact,f01c3faf6003fc16407a3ba0fea294b4cb04d114ff2be7d3282818221cd510fd,01c83ea1b74f0b552a29267e48f494e539eb170cf86fc1c2fab2e6d6726444bc
720,CR96A275,Bulova,Bulova Classic Surveyor Stainless Steel Blue Open Heart Dial Autom,exact,,exact-existing,d681ec6d96e3321421006eb761a0e03a995c6a0591061d53e3d043706f900634,a9efe1c7514d6038b996898f3e8ab0db7a51b1a9bd4b6cd81dda886df76965e1
721,W2255,Seiko,Seiko White Dial Two-tone SS Women's Watch SUJD34,exact,,exact-existing,9e68c2e3f4aeafce5e388eb8f86c7cc37537ecf3d6cb9c503dd7e0fc75228de8,c8862c616a0c0ed0605fa64a9ba040169cbfd9e31e26e8f9d351ddb1ac77931a
722,W2254,Seiko,Seiko White Dial Gold-tone Stainless Steel Women's Watch SXDB48,exact,,exact-existing,16dfabfbb8199a60434a17cc3887b6120a4cf7d75a26f35d2cdd6e6741ea1412,0f760dda8ca912a97d74be03a4bb5afc859b9e827e1102a01470f47c70641ccd
723,W2248,Seiko,SEIKO 26MM White Dial Two-tone SS Women's Watch SXDC21P1,exact,,exact-existing,170e3b67a64fe208a645e1f462632bd64d43a6f3e9f6fc2a9c599cc1ba5e8f87,5889d27ac7dcd72013742c19e71f3aac2b5f9b2e105e7c684502f80714cf3972
724,W2288,Citizen,Citizen Elegance Gold Dial Stainless Steel Women's Watch EK6764-55,exact,,exact-existing,c69924f7b271d70505d7dea314533bd6761c43998df86f830bb960455d7fa2a2,0c9ea5dc2758bcb83ef0a0db521b18790dec12558a94dffce6b1a4470d94f92c
725,W2289,Citizen,CITIZEN Elegance Gold Dial Two-tone SS Men's Watch BI0124-57PZ,exact,,exact-existing,6830b5401622d6341ca43d0c2b9f5e8f5c2b680a6a6720650fb38dc75db460a4,0c50ca9fb171eaf1c8a72b70c45df2921a89035f60f7ad06b564c5689d07818d
726,W2253,Seiko,Seiko VIVACE White Dial 24MM Two-tone Women's Watch SUJ279,exact,,exact-existing,5463f76e6ddd7b0c4df67bae6177fa6ffa06a22550bf36e274d31b36b558b686,2d8c18a053040ac60ff2ddcc9c5bf57a1d3c5fd4490b467040eeffecfecde61b
727,CRZ76901,Zeppelin,Zeppelin Series 100 Years ED.1 Germany Made 7690-1 76901 Men's Wat,exact,,exact-existing,560efb7a5039d2deadc4832e1d1dbe71714a94ddcf5c2faf20ae1094307ead93,42298d5071df63e61265aa75adf1e3b9954fcc9520a3c4c88cf69b3f7640bb9c
728,CR96P250,Bulova,Bulova Sutton Diamond Accents Stainless Steel Light Blue Dial Quar,exact,,exact-existing,632999d4e64d5f9e78dd098d7eef97c43e03ce97612d9b9e737a16fa812e0087,0c1e8feb7f89d20931d6de72eae9edba00882f1b9ffc5dbb62ec3aee2b613474
729,WW566,Seiko,Seiko 5 Sports Field Gmt Automatic 39.4mm Men's Watch Ssk025,exact,,exact-existing,09987e49422d0a677ebc71acb6c4d9d748093b8baece85a7cd87409b61e75993,755adaaebf7a7f32d69d22eefbdb4945376bc0248c3a0db5ada3751b4d9e22e1
730,BULO-2006M9,Bulova,Bulova Classic Sutton Diamond Accent Stainless Steel Blue Dial Qua,alias,CR96P245,sheet-url-exact,098c1f8721301c6f86d976271f493bdfa93793dc9bbc3b9ebb2f2b67a29553d0,89415e3553d87625a89aa9dc4322554ab1155b6312010993ee96d10987d1f871
731,W2251,Seiko,Seiko White Dial Two-tone S-Steel Men's Watch SGE778P1,exact,,exact-existing,2227ed9eeb7a1fb923cb15051e774ede208d02f0f9d403fb11e75f14997a5282,681706076ccc25e529fea5357615a2dae096d64dd782b8d119f507978e53edf1
732,W2252,Seiko,Seiko Coutura Silver Dial Stainless Steel Women's Watch SUJE83,exact,,exact-existing,99fcce475e4390fa74ec792e7aa26b9485030c79a91eb1501b83a15643733aec,beb55ef9955c5076a9ea7a374559a76f97649d00b14a0af64d3036c648962518
733,WW953,Movado,Movado Museum Classic Quartz Black Dial 0607626,exact,,exact-existing,275deef90432e7e83b27ead24887e21ad065be432792bab87ce180350683f06d,a2fb54af26ec0fb9ec63593bf765ba8f5adb70527230fe39d92049d703f005df
734,WW554,Seiko,Seiko Alarm Chronograph Tachymeter 42MM Men's Watch Sna163,exact,,exact-existing,315ed20520d7bfe5e7871bf7a1e232d7a6d67b77cce074b71046722b3ff78745,1d13397f8d908dcd505b03d2fabc5b9f54d18e4143aa2ae8d119636af28d0525
735,WW952,Tissot,Tissot Everytime 40MM Quartz White Dial,exact,,exact-existing,eb47f61e08d854e9f24d0a7f3ebc770edef96918ea12cf6e250d7a44e5a35c5f,9aceec4d24b3936f20f6acf754f68f285dff828bb56384eca1de5a4f75f0677e
736,CRSRP169K1,Seiko,Seiko 5 Sports Automatic SRP169K1 SRP169K SRP169 Mens Watch,exact,,exact-existing,697b6e20d9c429d63329dbee888bd048a2034002c4e0b95938a93b97df36064e,d71db45ae62e5fbf7fa2a9eed68a783537a251a06ba644c0fd13c9fecbb70de6
737,CREQS-940DB-1B,Casio,Casio Edifice Chronograph Analog Solar Powered EQS-940DB-1B EQS940,exact,,exact-existing,899d7f99f0df2e0683b742f460b6c16e8621443d5478b78123a3fb223934db61,4608d09af69e804be9685f8b19ad0a8d29ef6c2d1534d698b790e765cc7066fc
738,CRRA-WK0002E,Orient,Orient Bambino Leather Strap Pale Green Dial Solar RA-WK0002E Men',exact,,exact-existing,48533c9e7f2fff93d8895b8a4d322af6ae375fe137aaa2f147708319031d20f5,4f909e407f2825a9f1a83e3a082f477b98c7ecdafa4f5c51bfe1addef50f0902
739,CRRA-WK0004L,Orient,Orient Bambino Leather Strap Black Dial Solar RA-WK0004L Men's Wat,exact,,exact-existing,775b68e8cdc8e5016a160aef1cc7ff00cef154d7a0a40efe037c6e8d55516255,8c0f3d29f829bc51d0fca99acb4cc0f544509281f635701f232a587a39c377fc
740,CRSRP355K1,Seiko,Seiko 5 Sports Automatic SRP355 SRP355K1 SRP355K Men's Watch,exact,,exact-existing,eca9637edad71fb96fecca0b1800cdb0f455723861aa34633c12c01ef923cfcb,818eeabb0121f650403915556d866ccb1fa15f8e5e5643500f1d82d418c07c2b
741,CRSRPB91K1,Seiko,Seiko 5 Sports Automatic SRPB91 SRPB91K1 SRPB91K Men's Watch,exact,,exact-existing,f8e10386790be1a39c7a30e7d6d76c26858308befd4a1da3caa5f48eb1c790e1,351675d9a503b3e6ee4bf6e9da84f004266ba8762865119b28cbab28a0ee3304
742,CRSNZG83J1,Seiko,Seiko 5 Sports Automatic SNZG83 SNZG83J1 SNZG83J Men's Watch,exact,,exact-existing,0886f93a479acab789cbcbe168e65d8c56d32324d35dd3da27e5d89084c99a08,69fee823c4830a7412739d0a5075818126dd57a96552f8762636c4ee5fa43387
743,CRSNZH51K1,Seiko,Seiko 5 Sports Automatic SNZH51K1 SNZH51 SNZH51K Men's Watch,exact,,exact-existing,1bde49ded73b3f26b15f5867ecc2003047e9b945eb6569d8d98825e1597959b1,dee748b216425a80ef5a06810245baf5b396352eace1e38e5ef199945055bee9
744,CRSRP483K1,Seiko,Seiko 5 Sports Automatic Monster SRP483 SRP483K1 SRP483K Men's Wat,exact,,exact-existing,7f0d0a3477d1de8d357100a2c8bf92acd02f5220eaf1a8847334fc3ea2d32df8,3b2c828f7a6cf85c13d99dd711905fadb36ec799005b5d0561f0394e5a0e264d
745,W2286,Citizen,Citizen Black Dial SS Women's Watch EK4640-59E,exact,,exact-existing,d7a84ddaf44b91df1ca71251258c9e9b7ba30759815c28585fba2ed0d5ddb2fc,d0f4c8de0a8441f2a8e538bf6050e0ebc7d45c2aa7a53c442aeb0b99b0f1ba21
746,CRRF273SND253P1,Seiko,Refurbished Seiko Flightmaster Pilot Slide Rule Chronograph SND253,exact,,exact-existing,e22d0a15de73c541824f55cf3050d9aa7ca642f49c04c2222f7a9411f04a75e7,53af5c0e2080b129037932b8df29668f5a43492aad616d570790c88795d0c2d7
747,CRSRP601K1,Seiko,Seiko 5 Sports Automatic SRP601 SRP601K1 SRP601K Men's Watch,exact,,exact-existing,b67f1a761f4a76e236f15e21919f0ee0013dc81c0c231da4357fba9abc84ad74,a01cbcab8abcf09f1b4d3e422b902ca357e3c773020dd1ea03a7c722e56f55e6
748,CRF20671-1,Festina,Festina Chrono Bike Rubber Strap Blue Dial Quartz F20671-1 100M Me,exact,,exact-existing,3409c9122c960061276e2cc37bedc38b0ae5f6acd986e2645e160882ca3881fe,e97f6a0d24c9e03f72302fb1bd9fb59d0c61c67c888c8e51c7bf4b3a36cf52f8
749,CRSRPB89K1,Seiko,Seiko 5 Sports Automatic SRPB89 SRPB89K1 SRPB89K Men's Watch,exact,,exact-existing,98d11e45f36713152422f54988bae05de0a282040cec06cf19b0af8c6f89b94f,94b7d274024af4ff79f12dcea73d60600a0631455dd66ca26c944be49c4dc215
750,CRSRP343K1,Seiko,Seiko 5 Sports Automatic SRP343 SRP343K1 SRP343K Men's Watch,exact,,exact-existing,683e70bed6f139b621e8ae9e1b85dcc8ad5ce5c9d83f54a3894b83a11236cd2e,11406c108005a7818cc7840ff910e78b0d6b69648f42f25c88d1b26b3b5b8eba
751,CRF20670-6,Festina,Festina Chrono Bike Chronograph Stainless Steel Black Dial Quartz,exact,,exact-existing,c6c623e2312e1ff6ca11881dd01d91744b898594918466dea5135f2035a2fe60,49174ccae90645d4ae33640a347b07c5c73ca6938f91f69118db4474fe40571e
752,WW791,Citizen,Citizen Solar-tech Silver Dial Stainless Steel Men's Watch,exact,,exact-existing,7046936b826885b4a2213d37f9e81473e342203309102255fc90707b6e2ad669,68956d035fafe634e6d4f3af3ece0140b618eb786ec5139ef981c2327d6797ba
753,CRSRP629K1,Seiko,Seiko 5 Sports Automatic SRP629 SRP629K1 SRP629K Men's Watch,exact,,exact-existing,3ff2d693d9f237b9480971df682b94f9f7bc07ff681b1b3767313ad17e2d9c81,3e3a9c20a78954a924eff710ca89e3205095369d9fb55c767b73170db989cb5a
754,CRSRP625K1,Seiko,Seiko 5 Sports Automatic SRP625K1 SRP625K Men's Watch,exact,,exact-existing,1e277949b19cada701f6e2e1b1597b664e1c864e46d0a06144ec25e8519392fb,998bbb1ba0722f58ed67355fcd4e319c73f6f4ef895d67dfa79f70940e961701
755,CRSRP621K1,Seiko,Seiko 5 Sports Automatic SRP621K1 SRP621K Men's Watch,exact,,exact-existing,e570bd0dae7e968ef42857f9e4739448f9423eb4de12a81dacdc2dcbb98cfc79,2e3652c4f884daa741ae9bd5e10a8940b4b594ef9e79a6cddad026a6229d748d
756,CRSRP623K1,Seiko,Seiko 5 Sports Automatic SRP623 SRP623K1 SRP623K Men's Watch,exact,,exact-existing,45a6d1a146275e4d0d575c1ed09050458aec753c98970852dff403526d4f857c,954d2b615088f5374752ba4ab532d0758b4661d770746e33c642e632d568059f
757,CRRA-AK0506S10B,Orient,Orient Altair Three Stars Automatic RA-AK0506S10B Men's Watch,exact,,exact-existing,9120d962ab93374c42e91707f419c10fc2ba4047f51b01cc880744cece9cb382,3d74fa212a4b90995db913ca0deb797b62efb60714740cd243fcb0d31e9b76f0
758,CRBN0100-42E,Citizen,Citizen Promaster Marine Diver's Eco-Drive 200M BN0100-42E Men's W,exact,,exact-existing,ef77d7e1eec4378fb5452980da52d0b629b284c88a4c83071b3e2e2ce44a094b,e7fabd6dc06129daad2e74beca2b583237024b0233b9cbd62240182ded803f9d
759,CRSRP341K1,Seiko,Seiko 5 Sports Automatic SRP341 SRP341K1 SRP341K Men's Watch,exact,,exact-existing,5ba5222b7e3965f7d21b45ab87b347aeacaebea6c10cc89ceb031bda2f03a28e,77bebf4f8005a9db0a278be0ffd38c509f2d512918c5e2f1a8247e6822bc6431
760,CRNY0040-09W,Citizen,Citizen Promaster Automatic Diver's NY0040-09W Men's Watch,exact,,exact-existing,50dc93343b6b410399289d8891400eb2e52729f4974a99b2ba1e078b9a6ecd8b,12ffb6bc749ac446f6a83cc98f0cc133c28fb93c07af7ce1aa8e6489556593c3
761,CRGBD-200UU-1,Casio,Casio G-Shock G-Squad Mobile link Digital Quartz GBD-200UU-1 GBD20,exact,,exact-existing,6be409c74bdfb40bf08d8095ec209883ce0f2263272e8d90aaec0322fe5d9718,21c79cda016c09efe3e3a5e0cbadb4746b956395081d2dc6d33e2592e4ac0866
762,CRSRP219J1,Seiko,Seiko 5 Sports Automatic Japan Made SRP219 SRP219J1 SRP219J Men's,exact,,exact-existing,1bbbc48c191ec7185275b00947ff2be6b54ee0636c55c2066880f2b541099201,fa036999c69f72ec53dfcb3c12a0392ddeb539b23c1f08baf68c86da1c8fe536
763,CRRA-AC0002S10B,Orient,Orient Classic Bambino Automatic RA-AC0002S10B Men's Watch,exact,,exact-existing,6e63a546d45adb2c5760e5b6901b7cb6cc94bc6a6ae8144c3647cf403fa3b477,99c14c83c8ed2745b7deb6e733e0b73951437a138c159fd3f0fb247eb0fcfede
764,CRSRPB86K1.G,Seiko,Seiko 5 Sports Automatic SRPB86 SRPB86K1 SRPB86K Men's Watch,exact,,exact-existing,435739e9b018a517c745e99191d601b7f8e617310508046cdec2bc496d39366c,5a7e8ba827480979029e2bbc60c7e0d11c7b5092946c56861d7020588841d0f8
765,CRNY0045-05EB,Citizen,Citizen Diver Promaster Automatic Gold NY0045-05E 21 Jewels Watch,exact,,exact-existing,4d59270e8650a2c673d203a637ed254f3c5f02360f4a74acecab7169f369fa26,85f0ca51ef675f146f738537e9a7ea9518e56db2315a52ec3478b99361971718
766,CRSRP357K2,Seiko,Seiko 5 Sports Automatic SRP357K2,exact,,exact-existing,17d5a4a658fef32e1bc2bf2bec3e61865b41acc9a3a426739aae2235451efe37,3134823fcf056aac9c57e3480ffea7e72504786fb0e98c842bfb3e95e1eed5d3
767,CREFR-S108D-7A,Casio,Casio Edifice Stainless Steel White Dial Quartz EFR-S108D-7A EFRS1,exact,,exact-existing,5107bc94757354b76c33fb7e45bd9e5fcbd803dbee19a7605628a8cf624d71a5,8dfe5571c3b7fa39559f2ecfdfd07721e09d995ae28fc83d6ee56920d7a1f559
768,CRSRPB79K1,Seiko,Seiko 5 Sports Automatic SRPB79 SRPB79K1 SRPB79K Men's Watch,exact,,exact-existing,d63a20a360585cd76531b5eae63c80d1f41917552a62417158d834c043bd8ed2,1712b33bcce8a91f795728f458c42fbe7d949e5ba615d9f808b2aae01fdf17cd
769,CRSRPB81K1,Seiko,Seiko 5 Sports Automatic SRPB81 SRPB81K1 SRPB81K Men's Watch,exact,,exact-existing,9eb2c5148060fb44de76dc2bff3efcbc5be1ef85b2b13b68c6bc54aabfeb5ac7,8307472445f74e91f811abc087d93fc81d0b9870fb68865630b6d05e3e859b4c
770,CRECB-10D-2A,Casio,Casio Edifice World Time Mobile Link ECB-10D-2A ECB10D-2 100M Men',exact,,exact-existing,8a27305dbe9879ad3060cc76a0335a3f4d3b744637502e796f17839b56a8e727,67a1eb8f52edb0c511c299d55e290a2ccf9d71232948faa5227b5ddbcb6fe5b5
771,CREFB-730D-2AV,Casio,Casio Edifice Analog Chronograph Stainless Steel Blue Dial Quartz,exact,,exact-existing,1c4728e2e284911c8b8f74379344593878ffb373478ed4208a4452061e158f69,7915b3c6cdf98a07eb1ba7dab157f34b4257ca63063e6c39cdfabca809d5cc48
772,CRF20463-2,Festina,Festina Sport Chronograph Stainless Steel Blue Dial Quartz F20463-,exact,,exact-existing,7ef56f2991a53f28ccce9f0621132a80e645ea7bea90f8478f8c56495eec5fe9,73922ceed25672a043abdd1c32ea6ec7b1d1bd70f0ce9f014f832ec2ebbdda1b
773,WW790,Citizen,Citizen Elegance Gold Dial Two-tone Ss Men's Watch Bi0124-57pz,exact,,exact-existing,a3f037f2705758aa6c5ebafdab9238c1a3340fa733edc3464641a1dfcc0b7e67,86a6bbb3b7e3177c4c1d3cfed1e7bc833267301454f6551935d8a22b386fb704
774,WW774,Seiko,Seiko White Dial Two-tone S-steel Men's Watch Sge778p1,exact,,exact-existing,347add66cbf0f75bba0163a2dfe1fbcc331e16d02a843461523633b73a894dd3,7640bcbe06e0791abd0bc7fa1ce5e622bf3c563aeeda1311b71518130f56979f
775,CREFR-S108D-1A,Casio,Casio Edifice Slim Line Black Dial Quartz EFR-S108D-1A 100M Men's,exact,,exact-existing,997f0e37b1e02db3a3d0f976cd2a39bf2287a594451871ebed85dd198fc43067,94a6e1694e1ca02d3e913a58d33aa9b329021ba38b71702b38867389eaed7465
776,CRER24008B,Orient,Orient Bambino Collection Black Dial ER24008B Men's Watch,exact,,exact-existing,7bdbd87d6a80090e931770dfd3ef18594c1a0429fd04b95b79273f505e427a95,07bcd836c3a723b078297f5ade59b122488fa6e2be9a11bdd8dd17a16eb32204
777,CRER2400EW,Orient,Orient Bambino Version 2 Automatic FER2400EW0 ER2400EW Men's Watch,exact,,exact-existing,0a40e99a1afc714c990671dd9532e51e1c12c3f6cac8cbb435d190c4fcd52634,9544cbe39c5907da7b285370f14768abec02184878cc41bd5f6edbdb7dce1e3e
778,CREM75003B,Orient,Orient Mako Automatic Diver EM75003B Men's Watch,exact,,exact-existing,d6821896f8555a50b1e865df5246f7798a8f762d9f31b398e0542311ab89efbe,db85667034a1bcaa294008bedf717039493e8d84e11816f9777e334910a8059e
779,CRA1100D-1,Casio,Casio Vintage Digital Stainless Steel Quartz A1100D-1 Unisex Watch,exact,,exact-existing,3ae5f43b7ca9eac01f2194f7788f1fbefa1bdc138930ef1050830559280ffa2b,9e866ecb83d3e46f6286291ff1c22a8d862f8ecdfc5bca4d6e3cc478eb3ba93b
780,CREFR-S108D-3A,Casio,Casio Edifice Sapphire Crystal Analog Stainless Steel Green Dial Q,exact,,exact-existing,9aba7adfadecd0140f466b357c858c750db1e73fcf035d4bdc37db54b06accbb,9b3ad6c15755a612ddae88e53aa502c6ceb235bd0fa8f7215515f3092fcc82c8
781,CRSSC433P1,Seiko,Seiko Solar Chronograph Alarm SSC433 SSC433P1 SSC433P Men's Watch,exact,,exact-existing,3511b7a7bd2a7c09d44df743fbb26e6d59bdb439fbccaa604e76fc1ae8e29e7d,ff80247b3eb733bd6eb18bfd118d1e383fea49f88a1c4d232d65f6916e4eefb1
782,CRPRJ-B001-5,Casio,Casio Pro Trek Analog Digital Smartphone Link Grey Dial Tough Sola,exact,,exact-existing,c5bf959a7ab2384150666858218289584db08d676480c2cbf4f0a3e63f0935ef,cb8d3e1ecdb82938d971ac06e911fe340ee05338f471af922157bed41d0f623f
783,CRSRP619K1,Seiko,Seiko 5 Sports Automatic SRP619 SRP619K1 SRP619K Men's Watch,exact,,exact-existing,af7a78aaba4c09925b1c4c0d746b16b1b7960472e8ed02052b508c4496ebcefc,c768153eb7112dbc95f7740e9296eae4d5e89c303b307db97b28ddb4b4736bfa
784,CRFEM65001MW,Orient,Orient Mako Automatic FEM65001MW EM65001M,exact,,exact-existing,1e0c8f243cc6fa3ae6599c30feb1a537a0a56e2631509872441a2173531f6821,00b2637514fcfe76ae3cefc78f21598647e5c40e8f8ea20b4a80e632ff110ff1
785,CRFEM65006D,Orient,Orient Mako Automatic FEM65006D EM65006D,exact,,exact-existing,88b3c1aa4ced282f0410cc47b3bc66cb23ce9eec72f46b174ec964611aafca2f,e130c03b127ea4255b2724931a6e01ea83eaa778d22c6854fff90045f966c5e7
786,CRGA-2000-1A9,Casio,Casio G-Shock Carbon Core Guard Digital Analog Black Dial Quartz G,exact,,exact-existing,cc9cd8dc95db34584b4b612241dbc34c02dbe4f292c6c1f2b20aaaf00dd445e8,053dd80a81205eb36fbcf4cf75ad7f2f99c88829cb6a45c1fe165a54cbe612a8
787,CRER2400BW,Orient,Orient Bambino Collection White Dial ER2400BW Men's Watch,exact,,exact-existing,c365982db6a39bd47bf469817038e1ec087caa309b2909c51d528c652c4eb76a,f44a79dd87676ff594bc5b315d57d37c77122ff8841c714e3edf89c3d9654508
788,CRER2400CN,Orient,Orient Bambino Collection Cream Dial ER2400CN Men's Watch,exact,,exact-existing,c2cd5dbf3f24c628beeae66260d2939e3ecfdd4b6cff38fee3e1d0319216f9c1,d0fbf21f4b5e6c87807aabd528a344b6c73f40631b2c55262fc1c2c122d6344c
789,CRFEM65001MV,Orient,Orient Mako Automatic Diver's Orange Dial FEM65001MV Men's Watch,exact,,exact-existing,3eaf13282b91cbd28e29c51a978fac0b5b6532736da77b66d1801bc7714229f5,10153be2e94699effa670d5fafc0563dcc36fea5dfffadd1ac844a6a42bd90d8
790,CRFEM65004M,Orient,Orient Mako Automatic Divers 200M FEM65004M EM65004M Men's Watch,exact,,exact-existing,f57c55226b26c6e8dbba5d8e29fb98ed57bbd224998bea09eba41e283eb664b6,724a1f6326d67ab74ca107ea480d593848ddebe77113a797f76b1e15aa5f6cdb
791,CRRF526SSB377P1,Seiko,Refurbished Seiko Chronograph Quartz SSB377 SSB377P1 SSB377P 100M,exact,,exact-existing,d60c6ca915bd2c770a9f1f8dae34fa0b5ed2aa4a947b718884f31a70ddcebe5a,d41701559ec96e3cd32b2b1ee31ba4a67bf71bf611c80eb0fbd6635d2f8b7532
792,CRF20692-2,Festina,Festina Timeless Chronograph Leather Strap Blue Dial Quartz F20692,exact,,exact-existing,dc5e6d6fdf23a46880a0d3f1a8cc87a31b73770b7d83b8f5bccf48d486c593f8,460d64a1d88d63d365ab9db273decb3daa0ac489c9ba4aebeaf1a62a446f1de3
793,CRER2400JW,Orient,Orient Bambino Automatic FER2400JW0 ER2400JW Men's Watch,exact,,exact-existing,d967cc91d4026a0143afde0f514b4e5740f1b6693daff9346d132f5e683e29cf,12ac5ebd2ff7513a692e5bb6cef10e359282faac9c26169c3fe8cf5ec50aa36d
794,E79767927295,Casio,Casio Ef-527d-1av,exact,,exact-existing,f705f76681548694914f850f4fcf1b7aa1ef1ad8c63eee4f872a21b7804dfa68,028544688e1d4f1e0bbde882d5f69943c0cbcfe204f2e33781c6332c24108f86
795,CRAR11723,Emporio Armani,Emporio Armani Stainless Steel Mother Of Pearl Dial Quartz AR11723 Women's Watch,exact,,exact-existing,fdef9220fc1887995ca3cb106f45e2f43c52e803f24b2f5bd815d8b2df648994,f41e0cae6939c95c28906facda29c4663804c9b08cfeaac1b5de2758c3660ad8
796,CREM1220-58X,Citizen,Citizen Eco-Drive  Analog Stainless Steel Pink Dial Solar EM1220-58X Women's Watch,exact,,exact-existing,1eebff4789ed6f79717630dd40e84e654ea6da256a716fcfc95c55744b7faba6,d2fa357c78d92a581b4361c83c4f0d42cc4d66aee9065c64fef5bb77b0592206
797,CRFEM6500AM9,Orient,Orient Ray Collection Diver Automatic FEM6500AM9 Men's Watch,exact,,exact-existing,f7784ee30d08a4ce801fcbfbd36d74e4ff842888743238faeb4b4ad5a0fa02f7,d2ae02d6d717a4297615d1a9b913c8a6af7abf7ee13d85f11e80e1ca6d0ded01
798,CRSRPA93J1,Seiko,Seiko 5 Sports Limited Edition Automatic Japan Made SRPA93 SRPA93J,exact,,exact-existing,b3945ea6d5340e8d12db9b9bc607efbbe07cd3cde9487a64638705ad833b12a0,c3528ac4e547df5bbcc1fa1a16e3caeb4c9555b3f8ea3b058a3ba1cc7d366fc3
799,CRU864,Refurbished,Refurbished Casio Edifice Analog Digital Smartphone Link Stainless Steel Black Dial Quartz ECB-10DC-1A 100M Men's Watch,exact,,exact-existing,fb07e30031e28c2935cd4e2e7d702f97ddfd64f5710f366047f6809857b0f1c5,c844fd4b81dc0c7bb59cd7f7950dbcb9f1a8b80659a9ad724737c76aa0bc8ada
800,CRSNZ453J1,Seiko,Seiko 5 Sports Automatic 23 Jewels Japan Made SNZ453 SNZ453J1 SNZ4,exact,,exact-existing,460852326cbf5c09ee775239ca0c71a6f7c86bb8b44ac0dd8ad3633563954fa9,3ed31bbb9b3530fc84778c5d14d8bf025da45b24068429a917df1c8bcd3b816a
801,CR1038EF102V-WHT-V02,RATIO,Ratio FreeDiver Version 02 Helium Safe 1000M Sapphire Quartz White Dial 1038EF102V-WHT-V02 Men's Watch,exact,,exact-existing,810a5cf376df236bf1c2457a5a79af855584d2d75e8965626bab9de862c0f948,26788e4709d67b45e848d3c89382c1f12506b13dde3a286bb6bb43b52af95e87
802,CR1038EF102V-ORG-V02,RATIO,Ratio FreeDiver Version 02 Helium Safe 1000M Sapphire Quartz Orange Dial 1038EF102V-ORG-V02 Men's Watch,exact,,exact-existing,c41194e8a394e40971019caeb2973bda829344d1636313411758527ffae52250,b6abd98a9b1d89ab352b0b3556da6ec2cf5080d9c382b25b2fa0f4b570dc1272
803,CR1038EF102V-GRN-V02,RATIO,Ratio FreeDiver Version 02 Helium Safe 1000M Sapphire Quartz Mint Green Dial 1038EF102V-GRN-V02 Men's Watch,exact,,exact-existing,ac10f63052328df5dbe486ecfba4565c68172bf35f1f9f62cfec08a68fde2d2b,9327c8ed2c3464068193f3b85b0f2a76ff54b670598e3f57762e24ba220b5b05
804,CR1038EF102V-BLK-V02,RATIO,Ratio FreeDiver Version 02 Helium Safe 1000M Sapphire Quartz Black Dial 1038EF102V-BLK-V02 Men's Watch,exact,,exact-existing,fcc11e2108341a4bcde25b2e604d6dbb010d21a432e4f5a3d30cda24fb93c6f3,d1a2207442f7f9810c898babc5a467b543f03176780220c97ca8d9dfde0ce102
805,CRAV-4011-0C,AVI-8,AVI-8 Hawker Hurricane Classic Chronograph Cream Beige Dial Quartz AV-4011-0C Men's Watch,exact,,exact-existing,11024eb182075d093b4ae8954a82a1b929fd236f095932fc12a291207e956a63,4607b58f1609275c0cdfd253099ae50847634c347e2a84a28c960261f0222d2f
806,CRGA-110-1A,Casio,Casio G-Shock World Time Analog Digital GA-110-1A GA110-1A Men's W,exact,,exact-existing,8af2c19f1acb0fa7e77df6f87afb5f8890de086c0a91ce8a7592c492ef116628,fb9b6614802f176554aad5ffb6a062c43552c2abaf447ea0af687c260751fcb3
807,CRBN0100-26E,Citizen,Citizen Eco-Drive Promaster Diver BN0100-26E Men's Watch,exact,,exact-existing,77b7d5142d979516b707a9deec533ff33ded7650103d8b4066e5bf4781b4831c,266726a086a650b4057bd8a224daceb34d19c1c6555c817f10fb9af7a7f02f35
808,CREW2621-75M,Citizen,Citizen Elegance Stainless Steel Blue Dial Eco-Drive EW2621-75M 100M Women's Watch,exact,,exact-existing,418f2f01b5c978f7c3b5f1778fac84d419a20cebecabf38947f72bc5f69c44e4,843d8b06a4125094c2b2821f5a94b049103756ef6b88e985dd326a3ca3efa010
809,CREW2621-75A,Citizen,Citizen Elegance Stainless Steel White Dial Eco-Drive EW2621-75A 100M Women's Watch,exact,,exact-existing,ab4cfafc9ac20f4a32c2cf1bd6cdc985bc822c0d11bbb83ed4954ba5e7681021,5a597ab99fda5c79b777dc17db2a5e4b696b69ed4027835cdabae04335ed67cb
810,WW611,Seiko,Seiko Quartz 35MM White Dial Ss Women's Watch Srl045p1,exact,,exact-existing,c1164d9730badd73148c865ac997bfa233f464d34d0927e5be49fcd4eed94ad3,e66f1c32336d2af093796af7f9d308e87aeb48a032fdc42f61d7e2678446c774
811,CRAN3700-89Z,Citizen,Citizen Bullhead Chronograph Stainless Steel Orange Dial Quartz AN3700-89Z Men's Watch,exact,,exact-existing,d2d4e1afeb53e5de9b1411be994f810e92e38b1eb99b259bcca56fbc09e9ec28,82bbeeb01018853f81265500c1d205a7e5ded80427408a003aad41cc1dcacd76
812,CRAN8194-51L,Citizen,Citizen Chronograph Two Tone Stainless Steel Blue Dial Quartz AN8194-51L 100M Men's Watch,exact,,exact-existing,00e6f972c541dac0fbd72f4efda3163254096c93c66378383b92c46ad619d53b,34056812f7969005998557dc4fd9524f1832467cb2e398d93f52e23bfab8d5d4
813,CREFR-539DE-2AV,Casio,Casio Edifice Analog Standard Chronograph Stainless Steel Blue Dial Quartz EFR-539DE-2AV 100M Men's Watch,exact,,exact-existing,dd5e878b602d8614677263c28171d5b6e332eeb6492c1b996d0e12ad1893fde1,a0c46b59440ff3553c90fed511672a6a7973578a0671dd843d9989127619b301
814,CRFAC00007W0,Orient,Orient 2nd Generation Bambino Version 2 Automatic FAC00007W0 Men's,exact,,exact-existing,a1ab6e5c8cb12678424db714b788fc8f56ff081448ec7a745f83cebde11b6758,368868b5912ae1c3a4119afe51fe68c244541c06814943ca201f8f702ee8db9e
815,CREP6040-02E,Citizen,Citizen Eco-Drive Promaster Diver's EP6040-02E Women's Watch,exact,,exact-existing,9bb840d8509b102b8159526f6dc1a89ab5d12fc36b93190f63e313d02aa457a0,09aa8fa272a97281a529ca83773b53c3fde6664147a85aa680c8a626033b7029
816,CRGA-2100-1A2,Casio,Casio G-Shock Neon Accent Analog Digital Quartz GA-2100-1A2 GA2100,exact,,exact-existing,b6962b6941b41617950b0fbc0262b5d091f9c2a2f5cf779f596481fc4a0efc23,95b24e8b3d84df808dd73dca50901f01f018f46cb428dbce6860ab42c83ee88d
817,CRSRP635K1,Seiko,Seiko 5 Sports Automatic SRP635 SRP635K1 SRP635K Men's Watch,exact,,exact-existing,ecf20a20b31ce8466b4bca84cdabfa1e1fb0811b198a7d758fcf636e1363334e,c293cea13914e02177e73e05a32f6b13f227e59dc5e6c4ef04b08fafff5e47b9
818,CREQS-940NL-1A,Casio,Casio Edifice Nighttime Drive Series Analog Chronograph Black Dial Solar EQS-940NL-1A 100M Men's Watch,exact,,exact-existing,09ba31dbbd178fc54b726ef8d93c93b98cb76accbb8ef5c9cbd1038c416517e0,f393c6b17395d7dc70b2d41e658743005bfb199b583b665a00bd268da9ad97cc
819,CRBGA-290FL-7A,Casio,Casio Baby-G Analog Digital Resin Strap Multicolor Dial Quartz BGA,exact,,exact-existing,2e5712a6f17aaf39cb10af7cfdce326ed0ad67d5a52c21683ea469cd253663e9,09e1b256bf298c3bd2d3d6fc52bb295950d0b9b9acd734abd4d0dbed5bee7292
820,CRSAB0C006B9,Orient,Orient 3 Star SAB0C006B9 Automatic Japan Made Men's Watch,exact,,exact-existing,50171c444e1748f2c64bfe3ad7c00c847f22c498e082f83b42461dfeab409ee4,92f9822666fae2b212f8bb33406e5bc7f268e4e8984d66eac29324eaeb684ed3
821,CRFS6155,Fossil,Fossil Machine Big Tic Analog Digital Stainless Steel Black Dial Quartz FS6155 Unisex Watch,exact,,exact-existing,dc01c01a54ba8db7049e4a2fbd83250aca1547e76dee8579f56cbaabdba4ed04,edfb9d84df51da1c4ade6048c3142a60793641eac6a0e6edea531c605199a919
822,CRFS6154,Fossil,Fossil Everett Chronograph Stainless Steel Blue Dial Quartz FS6154 Men's Watch,exact,,exact-existing,0889ea6df943cb470c2777b386bc30f9d9b591b3f026773592096416ad902cc0,4e69587eb3c44a04c2a1a4b657c7c81ad3c37b696d8bd6fc917e4b0c75b611c5
823,CRAW1880-55X,Citizen,Citizen Eco-Drive Stainless Steel Green Dial Solar AW1880-55X 100M Men's Watch,exact,,exact-existing,8e184be2f0158659b0e548e82af0deeb4f44b5d9fd9706f10720710d52dd6175,ca5704eacf3875b5866adc81b2970fc2fcbc2a9c78b6cadb2028d46e5ac85426
824,CRERA-130D-3A,Casio,Casio Edifice Analog Digital Stainless Steel Green Dial Quartz ERA-130D-3A 100M Men's Watch,exact,,exact-existing,e21b733f960210ae968876df6b1c40ccb9ccddef74d1761cc067b473a62d7977,680c60921e0cf903b22b8ece054ca43c26dc615a3f49a4a061f577159237b7f5
825,CRERA-130D-1A,Casio,Casio Edifice Analog Digital Stainless Steel Black Dial Quartz ERA-130D-1A 100M Men's Watch,exact,,exact-existing,4f13fbd169c491473f7d9d4323d39ed75fdd18e2d65e577d78d0501db742c1a3,94c377a28f63156ec281d7e467cb7504056cca2c92eee07794c643917ed04651
826,CRAW1881-52L,Citizen,Citizen Eco-Drive Stainless Steel Blue Dial Solar AW1881-52L 100M Men's Watch,exact,,exact-existing,5fa64d6570767141293ca4604ec58123ffaa59825d17df6ee4d8bb092b2b6620,4213132a089b4494c36020e6cf2d212b055bfa7bf6bca2695fbf71d41f9f4461
827,CRRF1670SNKC51J1,Refurbished,Refurbished Seiko 5 Date-Day Stainless Steel Blue Dial 21 Jewels Automatic SNKC51J1 Men's Watch,exact,,exact-existing,67fdf807688abf627de81523e98da99938968ef53a9e9264f78ec56fab970825,52ea28d648734333206547a16f1e699b808faab933afd120eace2f0a54e8bf9e
828,CRRF1598SNKE57J1,Refurbished,Refurbished Seiko 5 Automatic 21 Jewels Japan Made SNKE57 SNKE57J1 SNKE57J Men's Watch,exact,,exact-existing,e19e67dba1b4b2db458fbd6c0a718cf78abafc3b5c8662a009153775612a1806,77111f952a7fb19f526986b4fe5d7b9c3b7ea45952c6f783e20617435ae657b8
829,CREM0411-71A,Citizen,Citizen Elegance Stainless Steel White Dial Eco-Drive EM0411-71A Women's Watch,exact,,exact-existing,a7277823f7f761fdad5127373dcff98b3cde84af35447c971bd29b7f242e075b,4da33b263e49ec420bcb7adacb4ef58848c58b18efc3da1ffb7c03ebb861d836
830,CRRF701SNK563J1,Refurbished,Refurbished Seiko 5 Automatic Japan Made SNK563 SNK563J1 SNK563J Men's Watch,exact,,exact-existing,28a7088f64bfbe79a323177769cd9a8d198021bf372eb0e8e1f75a8a631c3228,6292230f12ebb0d051226ee46b8fefb5d39d9e3d4fdde8e00438fbf5954d992c
831,CRRF446SNK375J1,Refurbished,Refurbished Seiko 5 Automatic Japan Made 21 Jewels SNK375 SNK375J1 SNK375J Men's Watch,exact,,exact-existing,f663e52d276cee0436e956c32df028bfad9fb81c811eb4c045f6472730ffc7b3,d9bd4a4c4bb36f9e00a4dd0920a1af97af4e5b13cfaf2063cd9455c0a36df882
832,CRRF210-SNKC51J1,Refurbished,Refurbished Seiko Stainless Steel Blue Dial Automatic SNKC51J1 Men's Watch,exact,,exact-existing,810ff9dbda015cb2a40212380b97410d7f0886e6fe950138e77c1db889a1b7a2,239f01e9540fd019d5f96ab83bf4064058b2dec167ee3a9d49e4200f7fe27e2e
833,CRES5323,Fossil,Fossil Raquel Rose Gold Tone Stainless Steel Brown Mother Of Pearl Dial Quartz ES5323 Women's Watch,exact,,exact-existing,7f844c807994e3b79d120101e7c02dbbc0125bf3c0223adb9989821e4d1f8059,ff73c8ab149773948890c0dc506015c1f703d6c5cf07b13029cbb717f6257e93
834,CRU579,Refurbished,Refurbished Michael Kors Runway Rose Gold Tone MK3197 Women's Watch,exact,,exact-existing,734afd243cec2f6680dfe47f15bc005aed09d5f81635e13d23393f4a6ab06332,bbf59960c07e3f3709ad26bf5c3a75a2f4c15d9ab3bd8d19bd54c52aa9f2464f
835,CRSNKC51J1,Seiko,Seiko 5 Date-Day Stainless Steel Blue Dial 21 Jewels Automatic SNKC51J1 Men's Watch,exact,,exact-existing,f04034ee34c27d6c1fdbe20f15df045a0daf20e5ba3156e4cc4fe195fc85ea6b,52ea28d648734333206547a16f1e699b808faab933afd120eace2f0a54e8bf9e
836,CRSRP750K1,Seiko,Seiko 5 Sports Automatic 24 Jewels 100M SRP750 SRP750K1 SRP750K Me,exact,,exact-existing,86d699f3129e7e453dc36a4aaeb0dd27c81ca9774e084e0e9e818c463acb3fcd,e0eeb5b9aa5182f69d021311bf90fe615287bcfe6bb35b681d1168d4a95bd3a7
837,CRER2400KA,Orient,Orient Bambino Classic Automatic ER2400KA Men's Watch,exact,,exact-existing,be5b9de0cce9d2deee0883166cd262a8275d0b87e005edcda73e1f590c43688f,da8a74e7fd3c66e2386edd31d27abe75e65704c4b9dcbbc33346d68e8fb07d59
838,CRU578,Refurbished,Refurbished Armani Exchange Cayde Grey Dial Quartz AX2722 Men's Watch,exact,,exact-existing,d41b295826830b71dde3e0f2d9e526d33ea82f75d3ae58eba80ce3514e04feb2,e3553de8f817fa652c284567ab22dd14e2c8e7a677c3e29691ebbc35aefd7594
839,CRRF1214GBD-300-7,Refurbished,Refurbished Casio G-Shock G-Squad Digital Smartphone Link White Bio-Based Resin Quartz GBD-300-7 200M Men's Watch,exact,,exact-existing,9eba3781de639ee02eaa9aad30c7dc35f64403fdf4d25dd6e1a07fa892cce3f1,bcd16fe047de2f574677ca8727445567ffa906333bdef9ef194ca6aac1979d3b
840,CRRF1129SYMK44K1,Refurbished,Refurbished Seiko 5 Automatic 21 SYMK44 SYMK44K1 SYMK44K Women's Watch,exact,,exact-existing,6b71017312e145edc27eabc70dce5414761b552d974a181b7e5f46b0cf6ea1ea,f646d2f7f8c497a7c675d85c6aa3346ab57c30cbe6065ce7b8014c92fb242d4b
841,CRRF1004NR1Q003W0,Refurbished,Refurbished Orient Automatic NR1Q003W0 NR1Q003W Womens Watch,exact,,exact-existing,ea95f239853981e4cbc56861fa882845fcc4dc3e5d80ab2f6d91051010355265,70d89ea0b7f269a0768e718846c9e1f0cf262b07d6db9ea116b38c2c2ac52ee6
842,CRBM7620-83M,Citizen,Citizen Eco-Drive Stainless Steel Blue Dial BM7620-83M 100M Men's Watch,exact,,exact-existing,35c9e36b079189d4a4c3e1e8afe144aaf709652d1f76a5c0bf0b4c2cc9453c22,ccc263e14fd5c7a5d7a4ce04a41665571fb2eba8859f81209888119d15725788
843,CRAN3660-73X,Citizen,Citizen Tsuno Bullhead Chronograph Stainless Steel Green Dial Quartz AN3660-73X Men's Watch,exact,,exact-existing,e8f015a2dccb199455647bdeae03d0bcd21185ffbef9e61c11676cc2d16b1468,d12f02f10dc24efa81d177b2db17b113a296d94e62be578eb1e5db7517825427
844,CRF20698-2,Festina,Festina Titanium Analog Blue Dial Quartz F20698-2 100M Men's Watch,exact,,exact-existing,613e85255a37a650c1025332518ed441826d3cc8187672453fa86174d99f8fc6,992cb97f020ea6eb95c2c4946c6fe9d441297a63d6644cb1b0f4b140c898b39f
845,CRFAC0000BW0,Orient,Orient 2nd Generation Bambino Classic Automatic FAC0000BW0 AC0000B,exact,,exact-existing,134e06acdde9e5cedb3114463797a9d379120ca539632e25d559928af9961f8a,149e6a4723c95cb2d892d0f702e99b224484e459f7076aeed69dde734a6ab1f8
846,CRF16820-4,Festina,Festina Timeless Chronograph Stainless Steel Black Dial Quartz F16,exact,,exact-existing,19f121ff6184f7af03990e1d4bfe594c3ef79115c6d35014e177e977a9cad230,776bc36bda59732adee18dc71d2b84b340172c78895b70d69df545802628213b
847,CRBA-110XBE-7A,Casio,Casio Baby-G Analog Digital Quartz BA-110XBE-7A BA110XBE-7 100M Wo,exact,,exact-existing,3ad644dd17bdc4d6c92750a8a85f462382f2237381fbc52a5ef2a68b971c5468,ec14b42fc144c0402a33ac28984364aa00dd16eaf493bb6c1daf3a51ab8d80b1
848,CREM70004W,Orient,Orient 3 Stars EM70004W Mens Watch,exact,,exact-existing,e4079d8eee138486840d68c6c966038c7c5d45091b8703b4e913bf79cb0ed8fd,bf73cd864fab928fb1716296b82cfa617e78baefa2c81382a1d315017027266a
849,CREFR-575D-4A,Casio,Casio Edifice Analog Chronograph Stainless Steel Red Dial Quartz EFR-575D-4A 100M Men's Watch,exact,,exact-existing,822f5e62278d5e361f94dffaa3a6fff788ea4c7acde75ca4737933c9432c88e1,78d007c06a399bd2a67a94dad786ab49772000dfed02af78a129706ed921c9fe
850,WW610,Seiko,Seiko Quartz 35MM Black Dial Ss Women's Watch Srl049p1,exact,,exact-existing,b6f234b1281b3080dc6414ea3f82a56b4fb23bf5e7ce40357d75b66d70519e22,141919f0c7b8f6399eddc7f7215cc11597c7e3d748f5174c86df8ee982bd4337
851,CRG-7900-1D,Casio,Casio G-Shock G-7900-1D G7900-1D Digital Sports Men's Watch,exact,,exact-existing,2237dac304456ec7b0a857761a1267308a3eaa9b99af0897cc4456ea71bb944e,4e059331332146323701e370b00d32fbe1184f0c101c731f98b82c3e5308c60a
852,CRES5485,Fossil,Fossil Harlow Stainless Steel Satin Cream Dial Quartz ES5485 Women's Watch,exact,,exact-existing,a1398c034d479c844ea8f55a504b3104ca5305c322d561c69047a080e0224e7d,6abc858ae3bf1c56f3008c813cabf94de69b4d61f4fdc4697d03b6fef383dbfc
853,CRF20668-5,Festina,Festina Timeless Chronograph Stainless Steel Blue Dial Quartz F20668-5 100M Men's Watch,exact,,exact-existing,82635c9da8314753fc41f877d28d99806a7fa38f0b80c094173c3bbd18922efb,867434e8ce0b9e07abcf59fd3acfd50c52af773fc1cfec1126a40b4361f7e43b
854,CRR3253518513,Sector,Sector No Limits Stainless Steel Blue Dial Quartz R3253518513 Women's Watch With Git Set,exact,,exact-existing,c0bd61883e5f553f800a46ac5d5d334ce2002feb9d91a64a7b250a1a0eb5ef21,44f3279a4af266343d0ec80e37021cc505d3853e48d40b137005950912f6e4a9
855,CRRF1398MTP-E510D-1A1V,Refurbished,Refurbished Casio Standard Analog Chronograph Stainless Steel Black Dial Quartz MTP-E510D-1A1V Men's Watch,exact,,exact-existing,3aa7c7048ca6fbf5cd9ee9e6d299872caa7d6a798441797d49cadba7e5a24746,8d3265de6d6ebe2fe10fd62f19f11852c1f3f82266a104ef96959a80b2234c1d
856,CRRF378GA-700-1B,Refurbished,Refurbished Casio G-Shock Analog Digital GA-700-1B GA700-1B Men's Watch,exact,,exact-existing,115bc19151e2e9bc098c52d882db9f57345613c00a44128bc87e60eebf4a15be,060e279e46e015765e023cfd9a8f7d0615765434393a568fd0ae6c9781076da7
857,CRMTP-B195D-3AV,Casio,Casio Analog Stainless Steel Green Dial Quartz MTP-B195D-3AV Men's Watch,exact,,exact-existing,b4afb5067925e127ddddaae5d37e8d4e8fe074afc3f00a2a84f150402314295c,8c622286556891fdb47c721888452fb979c0056714b3c2a58e3451fe553f8750
858,CRMTP-B195D-2AV,Casio,Casio Analog Stainless Steel Blue Dial Quartz MTP-B195D-2AV Men's Watch,exact,,exact-existing,adf219388b7e2110fa28402ce282b03db58e58e9b4133c7f560be19607c1bf9f,8b3a224b0801afe33f64af58b130e60232c726c4e9765045c814c9ff1b4cee93
859,CRMTP-B195D-1AV,Casio,Casio Analog Stainless Steel Black Dial Quartz MTP-B195D-1AV Men's Watch,exact,,exact-existing,0c5dcb39c91f14eb9929128476d93aba6eb0b8f744611feac04cf04363f072cf,ebe3d0f8a9314f540a5b06c35c8f85b9034faca5b2679ddb93423edf29c94061
860,CRAN8230-59E,Citizen,Citizen Chronograph Stainless Steel Black Dial Quartz AN8230-59E 100M Men's Watch,exact,,exact-existing,846b1e0efe0723977d4fe24dabea473dad36d8557676b6620e2663c4ca22c58f,0ae76ddbbec89bf6c18483dc2e8a9ebe5a968e07300631a7168cc8daa65c3f8b
861,CRMTP-B190D-7BV,Casio,Casio Standard Analog Stainless Steel White Dial Quartz MTP-B190D-7BV Men's Watch,exact,,exact-existing,464b5cd1964ca4802045d3ebc0359598c6e7fd01c9658e07841a8bd9db5fdc05,dc53c56bf262bb4f06e7afb4609dceb524a6ffe311fb6c35fa8d3fd27443a296
862,CRMTP-B190D-1BV,Casio,Casio Standard Analog Stainless Steel Black Dial Quartz MTP-B190D-1BV Men's Watch,exact,,exact-existing,28a02649729d8a947e1d2dfc92b5a89fa5523571251c854c9003d82294ffd2f5,c824cadd28e4d3955d94da391b78fe85733ada409a4b40312cc3ee3a80088f8b
863,CRRF1283GA-2000S-1,Refurbished,Refurbished Casio G-Shock Standard Analog Digital Quartz GA-2000S-1 GA2000S-1 200M Men's Watch,exact,,exact-existing,caab363c3046581cec8792a03a0eb1a9bce773de519067417db7a1eff25b58f3,cb7a54fc9c07ab3dbf9e4e9c4523744cb08fc8b3bdb2d223b4793e66a43d7030
864,CRRF855INV8930OB,Refurbished,Refurbished Invicta Automatic Pro Diver 200M Blue Dial 8930OB Men's Watch,exact,,exact-existing,58e65d602c4ad519097f99552c32ab3ddb156f978da47e8aba843298647beadf,fdb49d8801111345fa2cbb1da947ae08db626478b81242b875db65bf937ca463
865,CRGA-2100VB-1A,Casio,Casio G-Shock Analog Digital Black Dial Quartz GA-2100VB-1A GA2100,exact,,exact-existing,5b37d5b9fbcda26ba3e3d623cbb5942a26a9a32af9da12d41347fa67bef27ade,ecb6e50f7097c6589646d7e7f1c5a277a2da5ce66a45d3f3db4b81b7985a491c
866,CRFEM7P00CB,Orient,Orient Automatic Three Star FEM7P00CB Men's Watch,exact,,exact-existing,a7654bef4727ee0a8f9652b72115f57d88f96731decb5cb1778aaf346ce6899f,5beb570dff262b850af1768958aca220e2adeb35df59348e1f521d16bdc5c852
867,CRGA-2000S-1,Casio,Casio G-Shock Standard Analog Digital Quartz GA-2000S-1 GA2000S-1,exact,,exact-existing,7491cd675a1ff389c923e57ab5076685bf32ce620b7426ff636296fe3d368d72,f9dfa0aabd44cfa8fbc1562adaadcab75d95261195978757883df8454e91cb32
868,CRRA-AK0505L10B,Orient,Orient Altair Three Star Automatic RA-AK0505L10B Men's Watch,exact,,exact-existing,f148d0fabea17db4a64b97cc2dab60bf14344c9b25b22ccf72b5510679cc4bf8,f496cee5e5e8c32c40c9872aebf33e4beb2b8b8310d85acd2dbb8a947b15d53b
869,CREM70001W,Orient,Orient 3 Stars EM70001W Mens Watch,exact,,exact-existing,8332dff75dcdd1b4eacfdd4e5f1a3e35414a7dfe38ad6234067697345fece13b,831c05bbab78cd8fdd46e6b2fe1efe683c36956c39e19c4e10f65d626012ee8c
870,CREM70002B,Orient,Orient 3 Stars EM70002B Mens Watch,exact,,exact-existing,147af99488e0c12d4a25d26d01b0804f827475cb0122d42f5fac486e3a49c493,cc0ca0f4142556744153553803a8ad9fd8e3c753445905d61e6e756f424a7048
871,CRES5469,Fossil,Fossil Raquel Mini Stainless Steel White Dial Quartz ES5469 Women's Watch,exact,,exact-existing,f4c8811a64f417e11cabccaad3d407cf1d46b32dcbec81a519413312e8d67d34,d104bb18ef054d81e7c7a3aede3eea313f9e1fb4175eaf6a00db83ef4e257636
872,CRRF1639SNKE54K1,Refurbished,Refurbished Seiko 5 Automatic 21 Jewels SNKE54 SNKE54K1 SNKE54K Men's Watch,exact,,exact-existing,af455bfc81bba072915e51e528329e7e48451325ea0bcd11ad031a8c7d520efd,2aa1d23b7e96a44fe71757d7574a5e50046712ba48675562f3971856ac523942
873,CRES5361,Fossil,Fossil Harlow Gold Tone Stainless Steel Cream Dial Quartz ES5361 Women's Watch,exact,,exact-existing,e55a6cf7ba8f20aff88f56a0a827c19d434dd374fb278fa104afcae2e9ef0a0a,62d4f5d764d0934b9444a495a0d6a805acda122d3ac61666dec12d5210283af8
874,CRFS6104,Fossil,Fossil Everett Chronograph Stainless Steel Blue Dial Quartz FS6104 Men's Watch,exact,,exact-existing,4702bfb1c1f3510bd4f3b8e0105c5e73eb770e636cb1937dd76b301217b517f5,52477188e9c7d9274960ce7868016734f81b12752dcbc1504bc775ebd18ece9d
875,CRFS6092,Fossil,Fossil Blue GMT Stainless Steel Black Dial Quartz FS6092 100M Men's watch,exact,,exact-existing,5f68fab70cafd94bd91f91b06f74244f7f348d33fa510213ed47fff1b5a608ac,c295f81a89e8b1ad0f10a6af08dde4135ca1514f158534d70623afdb4edadb2d
876,CRFS6045,Fossil,Fossil Sport Tourer Chronograph Stainless Steel Black Dial Quartz FS6045 Men's Watch,exact,,exact-existing,2bcbaaaff45d0fe4e2cdb1d1c2c9066cb101d3163fe9bf27dd4569e2f4548535,deb77820b7b1cec23d858a626aa7e48e63c0df21595aebf8b27cbde08235ecc4
877,CRRTF034,RATIO,Ratio FreeDiver Sapphire Stainless Steel Yellow Dial Quartz RTF034 200M Men's Watch,exact,,exact-existing,833044ec984a87b7974de64af94e5d2f99fd54d128623768f3f6cb12b63fcc4e,d005b81feeb6ca0bb933b51a36639f9205e3daa590fd413af382107ac4a7d139
878,CRRTF033,RATIO,Ratio FreeDiver Sapphire Stainless Steel Blue Dial Quartz RTF033 200M Men's Watch,exact,,exact-existing,b76bca5f061d21e47a8a2f8632767d0644b2fa58272e1083c94b08f68f56cd9d,7f391711aef0112a1c14849225f6c8982261eeba987d297f6e6ca9fc61b69496
879,CRF20560-5,Festina,Festina Timeless Chronograph Stainless Steel Black Dial Quartz F20560-5 100M Men's Watch,exact,,exact-existing,81c233eb9313fdabd957135381940ad9ad16a3cf47a6b78c5f04288f3ac935ca,72874ac079c35a101b10b1e6eb5ebf9d9791a56940fe8a3f32333dd13be0a188
880,CRRA-AB0E10S19B,Orient,Orient 3 Star White Dial Automatic RA-AB0E10S19B 100M Men's Watch,exact,,exact-existing,d47e2b612fe56865e4acf2c95cada118fdfc55b354dd2037a2a816da4e56fdf2,a06cf50d93fa968cbfee7cfd28e7bf8a766daca325a64b18dc3553799e42a1d4
881,CRGA-110HR-1A,Casio,Casio G-Shock Special Color Shock Resistant Analog Digital GA-110H,exact,,exact-existing,b8b1ca9325dac8a76d49fb12e39b78153177730642e6ca487a52d3e0a383a095,9a7874ace580a6af838160f24f6543d8c6090b711730414b37cc52785f92e217
882,CREFV-620D-1A4V,Casio,Casio Edifice Chronograph Analog Quartz EFV-620D-1A4V EFV620D-1A4,exact,,exact-existing,e452e309ec91a02798574df64638e4fcc1e5cc00fca8e6f34034713ad80872fd,e905d097c7db43deb1fcc6bf32540b15f48584ec6fff616b6b818a7c81a511b4
883,CRU616,Refurbished,Refurbished Sector 230 Black Dial Two Tone Stainless Steel Quartz R3253161019 100M Men's Watch,exact,,exact-existing,6c226f090bbb94de6be373772d3689ed8a579950cf58b3f78382a0d750e490f5,0396d3a381daac6925a0c64bd3d24497d979f026b661dfc4f0d6a3312319a9f0
884,CRRF1495SNK621K1,Refurbished,Refurbished Seiko 5 Automatic 21 Jewels SNK621 SNK621K1 SNK621K Men's Watch,exact,,exact-existing,2d1195f8eac37fa235e6e7af861beafab8d35d8d6ffa3d5d001e220c2e7f7113,a5bf1556ab5940e912ccbd30b3c6b2b2858d9fcfa3c07aa514830306068d5187
885,CRGA-100-1A1,Casio,Casio G-Shock GA-100-1A1 GA100-1A1 Shock Resistant 200M Men's Watc,exact,,exact-existing,81c4f2736255262a26dca88fe34afd954a592677a46ebffbda292cfc2f6de18d,bfc8e80eadec74b84831c00498e85dc6c7f0a9cf238daa6f533ca3ed3528c5be
886,CRFS6161,Fossil,Fossil Crosby Two Tone Stainless Steel Blue Dial Quartz FS6161 Men's Watch,exact,,exact-existing,c1e18d20a954928093e36ff1814b9e3823ae0712289cacdf0b276131ae71a82c,3af875fd3ed03015107d97b8ce432ee7a0cb553b4d8b78d595a38d0bc543bdda
887,CRRF1494SNKE51K1,Refurbished,Refurbished Seiko 5 Automatic SNKE51 SNKE51K1 SNKE51K Men's Watch,exact,,exact-existing,12271a6bdd5bde5ecea7a102876afca228132955dc14a76b79605d56ff18fa59,79c2feb325b6df696b6f1f314fe5ba886d3af7e4f46d5d5533649e2df7d350ae
888,CRRF1451SNK615K1,Refurbished,Refurbished Seiko 5 Sports Automatic SNK615 SNK615K1 SNK615K Men's Watch,exact,,exact-existing,e9cb9c2a52b2f2fae5b7b39fc821c0b26d7090b68a710c7e1a6737b07921649e,027eda911170f3828cc3c3aed37d66bde16256c4d297d04519a65a17265016ec
889,CRRF1341SNK623K1,Refurbished,Refurbished Seiko 5 Automatic SNK623 SNK623K1 SNK623K Men's Watch,exact,,exact-existing,36e0e8d6147fe9f9c3bc73b08ad2dedcfffe0be8638f7c0363d700dcee32e709,09ead6ff8c7ccff8e4fbfc2df8f2df0f1c99d338cf3840a42861c58c713d0e32
890,CRES5425,Fossil,Fossil Harlow Croco Leather Cream Dial Quartz ES5425 Women's Watch,exact,,exact-existing,da9e8a78fbdc6b80d4c216729cad63cccbb9e563a56b85cbbdb657632361a7a8,5c6a3f7dfec00f77091bb378b262951923710f044fe7f37c3153548a5351bd25
891,CRFS6121,Fossil,Fossil Crosby Stainless Steel Blue Dial Quartz FS6121 Men's Watch,exact,,exact-existing,d5d3535dec3b279af95b4a9360ae3446bb84e1243702441cd8a47d4f474314ed,cbde718064ceb1520479c8b09f00a4f1b296a77f673de64da42753083d9e13ef
892,CRRTF039,RATIO,Ratio FreeDiver Sapphire Stainless Steel Green Dial Quartz RTF039 200M Men's Watch,exact,,exact-existing,60e1d184fb13b0db45af07f45c7b0a78479b8f1802624536274dcdf0c9095515,4c597e54be2625afe24642f1783a7ee3ece3734bd0c54fe225d2282d63a64ad2
893,CRRTF035,RATIO,Ratio FreeDiver Sapphire Stainless Steel Orange Dial Quartz RTF035 200M Men's Watch,exact,,exact-existing,a4cefed22768b74c370c45bebf67910f2402542fb362041af9535cb2c8cf3c0d,fab16faf64695d4e04d8003495ad18f0fa4863fc863501b7f5457032b536a056
894,CRF20560-1,Festina,Festina Timeless Chronograph Stainless Steel Silver Dial Quartz F20560-1 100M Men's Watch,exact,,exact-existing,106b3f17d4d460c9bca88a0ec86910e6c7fa42782cff591496c2cc17dbd46388,d5d9d69ee1250b317d4f3f0381bedf0d89627de7b38dc009a2019388f65b3f6f
895,CRF20751-2,Festina,Festina Ceramic Pink Dial Quartz F20751-2 Women's Watch,exact,,exact-existing,a8cc28adbca277c7f5b014178f204c1e87cdeb7bc153723da70176342e11c97f,bd1e82694fad295531758bab23f0d44a7dda390bf3bc8e2dc1a7555f9b58de01
896,CRF20742-3,Festina,Festina Timeless Chronograph Stainless Steel Black Dial Quartz F20742-3 100M Men's Watch,exact,,exact-existing,ef6577cb26168ac8c9f00674ee3a71c21ff647e47eecb6f8e9fdfb8a9d9b866d,5781e6e19be152e2306cc17acfea373091f10cf9ea2fb99c2a0c3d43d59297a6
897,CRRF1399EFR-S108D-3A,Refurbished,Refurbished Casio Edifice Sapphire Crystal Analog Stainless Steel Green Dial Quartz EFR-S108D-3A 100M Men's Watch,exact,,exact-existing,64aaa1219a574e5d93d4355909ba241be5001efcaf1169613e8879bec1aa2692,bed4ad6b2f736c69397cc3fdf2d46f39191597171d02695d9f62407fb3e8f07c
898,CRBLS-100DS-4AV,Casio,Casio Beside Analog Stainless Steel Pink Mother of Pearl Dial Quartz BLS-100DS-4AV Women's Watch,exact,,exact-existing,3c8a4f2921ff1d45a3a5a37f978778b81e9bbb7a35e9c596a70f84792f8c932d,46ee92a8e74129ef169f6f1cc5c453fabce357ace482aa2777464493cb59d4f0
899,CRES5386,Fossil,Fossil Harlow Rose Gold Tone Stainless Steel Cream Dial Quartz ES5386 Women's Watch,exact,,exact-existing,0a7757b8f3d959acf7aa1ba94cd3da3453ecb565361dcedd47385900750ccb43,9889f91af3a7cdd89949d5e1d533be607e37c895c791d6460546d6698170bf8c
900,CRFS6032,Fossil,Fossil Blue Dive Stainless Steel Black Dial Quartz FS6032 100M Men's Watch,exact,,exact-existing,2859ea0f7f72b597d637b2ec32d014f2b2b3767e464c8b78d34085b3ec199444,9aea11063c2937b9ab6280b9ae1a91593acad01c084fa4e4fcc0a1a641c597e8
901,CRFEM7J00AW9,Orient,Orient Automatic Starfish FEM7J00AW9,exact,,exact-existing,18a4125d9da99d4a14e8903aba65001f997cbfc1b6efd9a4a70edc0df688151a,bd7b59c99e4e25cb03e69c23d64bc611a260ad150df9a83b166fd9e1d6e736ca
902,CRF20622-P,Festina,Festina Boyfriend Stainless Steel Turquoise Dial Quartz F20622-P W,exact,,exact-existing,d4b83e951520939c40e45cb5abbbe231073a3d52f59a69884477f00684585da8,31871f873f4d1dbddd7b6e616da1651d0f5b3ac5fea8cc68f43723a1a923b7c2
903,CRSKW3159,Skagen,Skagen Mellem Lille Stainless Steel Silver Dial Quartz SKW3159 Women's Watch,exact,,exact-existing,40bea8fc21de124a3210fe7ab0f68891da75f690f47ed6e0cf08438317f0c289,1e44774600b50d3175d77417e66f3d9ea29b640259deb81fd9f628d8a2005c16
904,CREM70005D,Orient,Orient 3 Stars EM70005D Men's Watch,exact,,exact-existing,13d55aac4c2621f94df8c914069c5cb03ea5a2f8b4936afa2800f57243038c9a,2181c094ddb69f7dc18d522c962b5da2dea8fd9f1178907f8c865e91c62079b7
905,CRSAB0C005C8,Orient,Orient 3 Star SAB0C005C8 Automatic Japan Made Men's Watch,exact,,exact-existing,c1e6d0ec4ee026de4904bb7279ecff2a00ef39fff4651f71b2db330a8cf11511,d10ea1a337e41178668cb00d5eedad4636eb9a9be9c43a4e740f00ff5cd54795
906,CREM70005B,Orient,Orient 3 Stars EM70005B Mens Watch,exact,,exact-existing,d3895c020f51172bc49cb9f32244ff04995694b647bbcdac84eb0c44f3bfaa96,20689d3b37eaa2d17abac4a7d682c95d3a2c7252ed03b318895378c4a20f5121
907,CREM70002D,Orient,Orient 3 Stars EM70002D Mens Watch,exact,,exact-existing,852c0502eb628acb583c5c4d98e61a32bf69e6d1a5a4f825850da050fcab337c,a8684919ba6a47921ab0471cfa115fca21293b36d9ada92a381c45ce84b01fd5
908,CREM7P006B,Orient,Orient Classic Automatic Three Star EM7P006B Men's Watch,exact,,exact-existing,360cacc0ddda73def1c0e3d93aca4c78b3acc48978ab2cbbe9e38ebd34fa61db,b6c6009f43a893e01c2235af13a7a64acd26117b2e45ec64744776376c2241f9
909,CRRA-AB0E10S19A,Orient,Orient Deneb Tri Star White Dial Automatic RA-AB0E10S19A Men's Wat,exact,,exact-existing,39973462db37671890aba2be125577bb6df6e98f9f357be056b35d5910a16a86,89f109b223b1c053a2e9a562118588fa66df2fed5967791bc7516082f0ef078e
910,CREM7P00EC,Orient,Orient Automatic Three Star EM7P00EC Men's Watch,exact,,exact-existing,e551962219d2f53c1b98d6381e885959bc01791ea15b941593f53c99e9305ad2,c3a2c045c585d93ad3da5605132ea7d4485142f36ce26813d0eea278a9f4e523
911,CREM70002W,Orient,Orient 3 Stars EM70002W Mens Watch,exact,,exact-existing,acb25b2f0d805f06e14750bd2760979a58bfdafc9cd6b25d37ff96e952618cc2,dc9d6da86729700ad9fa6917ac08fe0a343781767a08f31517cb703eee7d67be
912,CRFS6122,Fossil,Fossil Crosby Stainless Steel Grey Dial Quartz FS6122 Men's Watch,exact,,exact-existing,c416479fda095b066c3b42100bd475e0b55b73244756948f1f9e29c83871836b,d7fba04c95558b856c7efebb7420e0cc5c82a9be2be0c385d8100143aa1f918f
913,CRRF1409MTP-B180D-3AV,Refurbished,Refurbished Casio Standard Analog Stainless Steel Green Dial Quartz MTP-B180D-3AV Men's Watch,exact,,exact-existing,c50a244668b6056a5cb5d451a127ad703674750f0f5848b9474e13bea3dbf9dc,5d5fa727f435e2490e6d89083b79ddcad435f38218e4400cbef1d32dd160da4a
914,CRRF1405W-217HM-7BV,Refurbished,Refurbished Casio W-217HM-7BV Chronograph Quartz Men's Watch,exact,,exact-existing,efd178d4ed75b7af1b8d164b4d8f348177e3b4a4c0b56473c661f9d38fa22a6d,4fd05c944f24bf7528e439ed54f95abc5a3b799b00f8f6a9da6fe45cebb72b38
915,CRRF1404MTP-B145G-9AV,Refurbished,Refurbished Casio Standard Analog Gold Tone Stainless Steel Gold Dial Quartz MTP-B145G-9AV Unisex Watch,exact,,exact-existing,387598a584d3ab717f2d27fea3330db0b05cdda08d60d979d487d59a24e0cea6,1baf60f8eb4d988f9209d195bc48a99fa9bfbbb46203b90668cc2c124532792c
916,CRRF1403MTP-RS100D-1A,Refurbished,Refurbished Casio Standard Analog Stainless Steel Black Dial Solar Powered MTP-RS100D-1A Men's Watch,exact,,exact-existing,b69efed3d745320d8264994da4b78f31efe48d135429d90378a465a2711f09c0,a2015fc0c168f0d5c1d86f976083983fcc135fd25fe7f1ed9311ecca5b6450db
917,CRRF1402MTP-1302D-7A1V,Refurbished,Refurbished Casio Analog Quartz MTP-1302D-7A1V MTP1302D-7A1V Men's Watch,exact,,exact-existing,73ad9300b55f5ae052c8b1421f925695401c52911a8721e0f1c936e41a73efec,0fc680e085f9a750de7dd8a77869d800e1e6ecc3f920ffa77dfb89f068a08260
918,CRRF1400GA-140-1A4,Refurbished,Refurbished Casio G-Shock GA-140-1A4 Shock Resistance Quartz 200M Men's Watch,exact,,exact-existing,477fffd0a1fd502531e59e32623ca2910d67ebc4e76d13d1e20312b8e6113949,2388a724541151a4a9a93e7fa3b6e50e605670f0097576935ff0f7313425500e
919,CRRF1397MTD-135D-7AV,Refurbished,Refurbished Casio Standard Analog Stainless Steel White Dial Quartz MTD-135D-7AV Men's Watch,exact,,exact-existing,d256a92339cd521d3d5ced4083188fb160b6965e05a68515eec666bc7af9108c,a81ccbe38d81ded1c19508f6aa31344b8fb765772b324cc79c9723e3ca7deaf0
920,CRBI5110-54X,Citizen,Citizen Stainless Steel Green Dial Quartz BI5110-54X Men's Watch,exact,,exact-existing,70688b2dd5df2ae71586fb48cc6af4975cf45176e9d18c435834e5f81526fbd9,97d0dc3ec7a454225c869f8d990cede0d00fc38cc64a85722f9f6729d2db155c
921,CRMTP-B146D-2AV,Casio,Casio Standard Analog Stainless Steel Blue Dial Quartz MTP-B146D-2AV Men's Watch,exact,,exact-existing,4a3f4bbb7570c31e7691d798dd482674ea9243499f0f491de4441643e0a64290,c78d4a4d58bca6120f350f8719e20028bcddedcdce2797badc5b6486c4dd4df5
922,CRLTP-B170D-7BV,Casio,Casio Standard Analog Stainless Steel Silver Dial Quartz LTP-B170D-7BV Women's Watch,exact,,exact-existing,dad2621de598a93d20b317484f1dbf71ecbfc2571239ca2817d96d88bbf99872,edf263432bbd9c254964d30fe46592930be0336f444f6d655e959482ead7de63
923,CRLTP-B170D-4BV,Casio,Casio Standard Analog Stainless Steel Pink Dial Quartz LTP-B170D-4BV Women's Watch,exact,,exact-existing,d75ab0a37752c38f9775144aa1a5d74e86bba1283e4c93beb002b7954d384599,c1c3f6cc556c161c20959379435a025e41dc3870b4ef982076213fcbdf0be33d
924,CRLTP-B170D-2BV,Casio,Casio Standard Analog Stainless Steel Blue Dial Quartz LTP-B170D-2BV Women's Watch,exact,,exact-existing,7824aa53c38f12b31047390eaf0a02805c4bf2d519d3459575ede0f2f149e1ae,61d259d563837599a55933fa93ea92b73497f1ad5e8be2c3181a9bde108b38b0
925,CRLTP-B170D-1BV,Casio,Casio Standard Analog Stainless Steel Black Dial Quartz LTP-B170D-1BV Women's Watch,exact,,exact-existing,491361713f055402d665c812344da686548cb093a13865177876cca9f0f7e9a2,bdb2e0a31015cebfb3fae0e63435197691367030c74c527b0025dccf6348ec99
926,CRMTP-E510D-5AV,Casio,Casio Chronograph Analog Stainless Steel Brown Dial Quartz MTP-E510D-5AV Men's Watch,exact,,exact-existing,39ea360a2a70089d4bbcef69f42af6ac238e4a4a288726420e8d39522d07a1a0,d7d80885387ff3d8ddbc41f547e9b0dd2ba3865252972bc9733004779c666fe6
927,CRMTP-E510D-2A2V,Casio,Casio Analog Chronograph Stainless Steel Blue Dial Quartz MTP-E510D-2A2V Men's Watch,exact,,exact-existing,a715c6e6b7892fd26237546891b0daa3af16f3cd9b1ececf6cb9017a84f6cd64,24b85ecf5fb5e095aa395ef200cd45688407fd2de998fafc35e38fef508c3c8e
928,CRSAB0C007W9,Orient,Orient 3 Star SAB0C007W9 Automatic Japan Made Men's Watch,exact,,exact-existing,c3547ed372e4dcc907de36dfe00bc6933dd028f1e9c100268d97941563324e69,7067b32f5226a68845c924b468a5da00a3592a5ba7602982ac0c14854c210ebc
929,CRDW-9052-1VDR,Casio,Casio G-Shock DW-9052-1VDR DW9052-1VDR Men's Watch,exact,,exact-existing,e93cbdc9e9d8ba91b657d876ba4fcdbfc83494a38cfcd6bee1f05d07f1b101d5,0672076822e57d73ede6919f638e39ce6817fbd55fc9b857c5928f89b5f3b049
930,CRSAB0C004B9,Orient,Orient 3 Star SAB0C004B9 Automatic Japan Made Men's Watch,exact,,exact-existing,379578c6658e8e2c463c2c3e8f6701f243e0a74da523ec9ff5b082df15639a33,36f294b7ffaa99da98842a6d95cd76743890fa692102a96111fe75d39d3b7368
931,CRSAB0C002W9,Orient,Orient 3 Star SAB0C002W9 Automatic Japan Made Men's Watch,exact,,exact-existing,41269e8dacdd11d04e993ac97016cfc2938e18d46a3978262e2e61a2cc64348d,a4477a2e85c569da307e72ba9b3f8ad622ec36e0624f434a37d0e032ad188e1e
932,CRMTP-B315D-7AV,Casio,Casio Analog Stainless Steel Silver Dial Quartz MTP-B315D-7AV Men's Watch,exact,,exact-existing,3a19312848a66ccadef255857046f47727718488a16f384ee27d1e069baefef0,d43d493827f430f52778e50b404bc2dc4da446c706701b953aebb34badb06b27
933,CRMTP-B315D-1AV,Casio,Casio Analog Stainless Steel Black Dial Quartz MTP-B315D-1AV Men's Watch,exact,,exact-existing,4686d23a268d452a84e9f92123b163f2823cc30605d5fcb4a7697d2f91b34393,25cfea16bad0179126ae9902a0024c9528c1ca565e02589af6a56ffe2d9574ab
934,CRF20707-3,Festina,Festina Classic Stainless Steel Grey Dial Quartz F20707-3 Men's Wa,exact,,exact-existing,8068dc92f453a1cc67cd0ec46d3352457aa75206a72f6ef927702010001a5044,f11b334660db2a731c3df4c29e5b58fc48527018f8de60f8ed0d0b69288c0d5e
935,CRBG-169U-1C,Casio,Casio Baby-G Digital Resin Strap Pink Dial Quartz BG-169U-1C 200M,exact,,exact-existing,5baaca5f73e0ed2b3f98163d05c55b0184550a325bf172469f8ae8faa215444a,5383db5b20aeabcdf3c1425da7c526ac63ed9005d42a74b8e973857a86ed8b37
936,CRBGA-15K-4A,Casio,Casio Baby-G Plus Analog Resin Strap Pastel Pink Dial Quartz BGA-1,exact,,exact-existing,ae67282489c17ecbe8952dc46f178d29c7122546c6a1e8f59dee11c9424dd777,203a3ba897be68e72bcbe0d6a5643667612cf7557a53219d4963f69b82d2f129
937,CRABL-100WE-1B,Casio,Casio Vintage Digital Smartphone Link Stainless Steel Quartz ABL-1,exact,,exact-existing,a86de16d18bde8a478ea0fdbb1af27f74f9ee2d8a8b7c01c9ff8c51f9bb9d9d7,f65159339b91b8e914b4956683dd2fe6474c9d78b2c853ee9a5cea7cd8fc8412
938,CRAMW-880D-1A,Casio,Casio Enticer World Time Telememo Analog Digital AMW-880D-1A AMW88,exact,,exact-existing,8118df5bb2c3d8af316b064d05b67aebc06e3588a9d8ec2e8eddf884a8fd7581,0d936a9ac6c48861e9465648ff9cc860c6edc8c8c9315771cb44f83b8a7d9ed3
939,CRFAB0000EB,Orient,Orient 3 Star Automatic FAB0000EB Analog Men's Watch,exact,,exact-existing,bd15debcc3405f1d114fc6df4791afb633ca0b401437df2fdbb9a214305aa540,e67dc8abbbe07a42c25f15af297b5bf2e70a8362b5abb38847bc784dac0d8ed1
940,CRMTP-B210D-7AV,Casio,Casio Standard Analog Stainless Steel White Dial Quartz MTP-B210D-7AV Men's Watch,exact,,exact-existing,3b5736432c30a38cff3c8b4ef59a66eec93d26e21a0ea477973b6ea582894100,66414d464f2c9a0c991d843d6874f1aef9017b0a7e7e3d64ee54744b14d827c0
941,CRMTP-B210D-2A2V,Casio,Casio Standard Analog Stainless Steel Navy Blue Dial Quartz MTP-B210D-2A2V Men's Watch,exact,,exact-existing,5173b3b57776b59a6a1d8dc2c26aaa8df5f7938737459657d94c9d99051a2c29,314b6fd09c1a24d6fc8fcb88ad7ed9fbc5342f7e75d49de343253a7a920f5852
942,CRMTP-B210D-2A1V,Casio,Casio Standard Analog Stainless Steel Teal Blue Dial Quartz MTP-B210D-2A1V Men's Watch,exact,,exact-existing,4fe8bc56d5c34c9c90d751e303a3205182f5bc9f24db7147846057c5c3ce2a74,3f1a25aca2fe8f9e2c4ff1997ca5b59598d16f611fedaa80bcda9a092fa8a1a0
943,CRMTP-B210D-1AV,Casio,Casio Standard Analog Stainless Steel Black Dial Quartz MTP-B210D-1AV Men's Watch,exact,,exact-existing,a654afd948947332d29f38c871c059a457275417d8e709cbdc60c8cf83f822f8,bca280c32b43d9100486d16bf8ef069fa7fc7a23beaa1fa892088d11916ab4b7
944,CRBGA-10-3A,Casio,Casio Baby-G Analog Playful Hearts Series Green Dial Quartz BGA-10,exact,,exact-existing,d0cf05406f0c2235ab3378277524c11c542b858c7d91dcfc33e2866d00db6be6,153cdabd5942c6e172fe7688ac54a5e4467f00bc70ffad2fdfd740c59813f6ec
945,CRAMW-870D-1A,Casio,Casio Analog Digital World Time Stainless Steel AMW-870D-1A AMW870,exact,,exact-existing,112b4b2cb9178b4388d109bed7bc8c53324e6ab3ca2bb31fadfd6681f497ff32,47efdd2c5186718ce2777693595ee52c8ba558230a56f5e962d8c7518bc558a4
946,CRFAB0000DK9,Orient,Orient 3 Star Crystal Automatic FAB0000DK9 Men's Watch,exact,,exact-existing,2d57814cc3af61cfca1f312b642d546eb2e4d1c66bb1441b7aeab00076edd11c,014b39e8b4faf069ba0c774340654027ae9dcd2345003144bc809807edf8a667
947,CRBGA-10D-6A,Casio,Casio Baby-G Analog Resin Strap Purple Dial Quartz BGA-10D-6A 100M,exact,,exact-existing,c718d13182a1aec129aefc2324ac40fcb7a9d3da706995a4ad273868e12cf24f,0e04e2eb3b744eaeb1690a2d0a88dbdac9d260e2c3b59175819dfca771b5449e
948,CRRF1207EFR-552D-2A,Refurbished,Refurbished Casio Edifice Analog Standard Chronograph Stainless Steel Blue Dial Quartz EFR-552D-2A 100M Men's Watch,exact,,exact-existing,5413796ab3d02b336da1ad6e7de3900515b86daee34c802c6994e2e45243cc68,6338c53598f0131c0fdd0f7fd3a4c1cd94df24f194d72f4996fa26a0b37246e1
949,CRAMW-880D-3AV,Casio,Casio Analog Digital Stainless Steel Green Dial Quartz AMW-880D-3A,exact,,exact-existing,a4dd8294344655c07320e16240dc841c4f6aa6461885f609810adbd30583d2f9,4462556d43cba4904a5ddb93512513bfc58317f2a22be475933ccab88c9ce3ab
950,CRBGA-10D-2A1,Casio,Casio Baby-G Analog Resin Blue Dial Quartz BGA-10D-2A1 100M Women',exact,,exact-existing,76c76ebfe153ca1440c78894ee53b2478659e4b35de78ea2f10b20fc5cafc605,fdc3693e997293509ea525a30bcf4fbb4969b540aa34f67baa3a53ef07a37806
951,CRMTP-M307D-3BV,Casio,Casio Standard Analog Stainless Steel Green And White Dial Quartz MTP-M307D-3BV Men's Watch,exact,,exact-existing,98f22ea47f9e50b5d4ace6f0c143bb487f98b3117b78e3e79a022f7b74791b04,ed1287520920684dcf242d0bd8f286577ba66b26ab1845828c009357efdf324a
952,CRMTP-M307D-2BV,Casio,Casio Standard Analog Stainless Steel Blue And White Dial Quartz MTP-M307D-2BV Men's Watch,exact,,exact-existing,5b95230e21ab9f0602c74adb163ee48acf0bae5760a4f80d79768f6e9e67644d,0bc6656c262c744f575d12aaf7af0502b9c2467bb63ab1200c11c4c080b83c54
953,CRMTP-M306D-2AV,Casio,Casio Standard Analog Stainless Steel Blue Dial Quartz MTP-M306D-2AV Men's Watch,exact,,exact-existing,e707cc2770a44268326725f17852e2250694173887419d8b8b1bb1695cc7b4e5,c737d2a7d1236bfddb9633845791abba0405463a893e3adffafc9d180c33fd10
954,CRDW-9052-2VDR,Casio,Casio G-Shock Illuminator DW-9052-2VDR DW9052-2VDR 200M Digital Me,exact,,exact-existing,5978e48eb894b39532fe691986c97da42624dea49e1feeeca89163df171aef98,9477c91e42a6b409918907e75e04d2042a54b1b1c9d59a37200ab6b9b51f8113
955,CRAQ-800EG-9A,Casio,Casio Vintage Analog Digital Gold Ion Plated Stainless Steel Beige,exact,,exact-existing,fb82eae099aa495e59ac102d55331cd1111761f972aca8bd7238d923f2270236,a7b4cbaff5ba26716c0ab7a7f7eaaa9ebb74b1d420b8357cb9f56686e18c655d
956,CRDBC-611-1DF,Casio,Casio Digital Stainless Steel Data Bank Multi-Lingual DBC-611-1DF,exact,,exact-existing,f685f19616e64090426239bd91c2ef6e7bbc55e077d1e482c89379165af6ff09,79f79f7ae83f3650fc36be090602b2b06e3a1025e702b300592fc7004d4d7547
957,CRBGA-15K-7A,Casio,Casio Baby-G Plus Analog Resin White Dial Quartz BGA-15K-7A 100M Women's Watch With Convertible Holder,exact,,exact-existing,3a65858c42082f338bf1fa9c172fd8b362387910042cd08050a8018de93a3a68,4c1da5b25aaaaa1fd0a0513b7b3a4b8bfc31e191300803349eb715d709d81acc
958,CRA168WEGB-1B,Casio,Casio Vintage Alarm Digital A168WEGB-1B Unisex Watch,exact,,exact-existing,e14ae94057a71154ce03bdade4808955ef94499e267c1e88d5b317a3c3d93b05,3cdedad056ed221f8914e7e99729eda151e8c12fceaf4ec2722171b38e57b8b0
959,CREFV-160D-4AV,Casio,Casio Edifice Analog Stainless Steel Red Dial Quartz EFV-160D-4AV 100M Men's Watch,exact,,exact-existing,8e0d4eb5fd2aedf107f536a21dcaee836435bb1ce03ae5f87c9d95af14a51a5e,1d95b7e14fff450a976890e77a9bd6523965eab958bd7288078a26c81e6e61be
960,CRMTP-B215D-2AV,Casio,Casio Analog Stainless Steel Blue Dial Quartz MTP-B215D-2AV Men's Watch,exact,,exact-existing,952d8935f7c1fee619c5a1dd4677634691da5472fabf82cdb12e07181574a2a3,199a98f9da9bfb7a6661d507a4e116f816307eb5aac785ba0a496b7a4376fe3a
961,CRBGA-15K-6A,Casio,Casio Baby-G Plus Analog Resin Purple Dial Quartz BGA-15K-6A 100M Women's Watch With Convertible Holder,exact,,exact-existing,fba4f68731eadb29ba233baeb62bf3fb7bd8bad1223645d5ff465360261d32c3,d369ecab4ce66f90fb9eedd586b4c8552727074b164f7d2d389ce062df17592f
962,CRF16477-1,Festina,Festina Classic Leather Strap White Dial Quartz F16477-1 Women's W,exact,,exact-existing,b55e5a9d00d797f37ab733ee54b389b9cf266b7a468e6da9585ec0c8c52f865d,3efbcad34e69e4191ae69ef6ece47e754fb4ece2722bb5dfad5484e1ddb9769e
963,CRAMW-880D-2A1V,Casio,Casio Analog Digital Combination Stainless Steel Blue Dial Quartz AMW-880D-2A1V Men's Watch,exact,,exact-existing,4fde83e39ed90378fc8662c1950beaf61d03e3450ae7b603d5d02d36062d6609,cad71e022dc84854471c84773eb57d68a7124950b5d13fc38091465d2cf4b850
964,CRRF913AMW-880D-1A,Refurbished,Refurbished Casio Enticer World Time Telememo Analog Digital AMW-880D-1A AMW880D-1 Men's Watch,exact,,exact-existing,4ae86f068f758527a58f0c70b1c07bb2031d442e1c6fddda5d742782eb3398d9,263f8b20c6b4a13fc5824958ee2a4ea6428bddfb73d36a2c4294fc396cce5c2b
965,CRMTS-115D-8AV,Casio,Casio Standard Analog Stainless Steel Grey Dial Quartz MTS-115D-8AV Men's Watch,exact,,exact-existing,a0dc1951e84997841355d73fc930e8a278515c40f86141de53fb3f5c3b2a6afc,d281df584bdff5bd5b39632960c19d6100b5ab58cae03e1f4a81310ca6bece37
966,CRMTS-115D-1AV,Casio,Casio Standard Analog Stainless Steel Black Dial Quartz MTS-115D-1AV Men's Watch,exact,,exact-existing,f1fa83964c0075593c4f9aca0659e7f87ef144fbf7aa2327428bd578aba951e4,69a54bc9232c080850b7d3769bc060b99d341ad2f0e1efc5b9104675becbdc86
967,CRBGA-10D-2A2,Casio,Casio Baby-G Analog Resin Blue Dial Quartz BGA-10D-2A2 100M Women's Watch,exact,,exact-existing,13a544fd17a3123cc05fdf92e91d0f745c8d528453c9e321fd803a88876018bd,0bc373d09bcc2328558b262a2759b9cfcab82fb8c6ee744e0b0fde8d1038d948
968,EAMDV-106B-2A,Casio,MDV-106B Duro/Blue,exact,,exact-existing,f845a61ae5cf0f740aef39e8294a33d7fb510b318f34e575e66f733faee54fd0,1f34c79889c9b3c625eebf7d5aa0605728614c566c6cec8d8152ba986fe9aedd
969,EATRT-110H-1A,Casio,TRT-110H Black,exact,,exact-existing,ce4944e68bdc30562855a2c4f9687438ffa2725365fa1aa267f6bbe5732b33bb,1dbd92622e6f368e0e94536a7fb530f5eb1629d14faebb7c5f075c273e96229d
970,EAMDV-106B-1A1,Casio,MDV-106B Duro,exact,,exact-existing,9225a0aef83f3d21e4755ab5f65af8d147a45ce71c245c50278ba1b6bcea5e5f,5f5b01e015139623664e8fd599b8cddfff4c2a95084c2d51b442b7b12bf55415
971,EAMDV-106G-1A,Casio,MDV-106G Duro/Gold,exact,,exact-existing,5c675bd0daed25f5014e0277bfc00e41408d768cbe585faf57e26fd618c7839f,fe1e289ef26a5c0566a6b49bdb1f04af575c00fba479ea73a17eecdd43b3b4b7
972,EAMDV-106DD-1A2,Casio,MDV-106DD Duro,exact,,exact-existing,2669dffc19eba8686273505d65d226652f00e9a372cef443524c62036c33df92,070c9dd82e96412654471ecb201149e25e9a7fa9a03255baf48ab4ee7c9b400b
973,EAMDV-106-1A,Casio,MDV-106 Duro/Black-Silver,exact,,exact-existing,2f81b70122f6aed154da36a9f597678ed092f3dce2920a723dab90d4ceadc53e,7fa37f7afcf0c8450e4c6b49e1d32975a0113561f4684ed6b87d1fa2534cba01
974,CRRF385MTD-130D-7AV,Refurbished,Refurbished Casio Standard Analog Stainless Steel Silver Dial Quartz MTD-130D-7AV 100M Men's Watch,exact,,exact-existing,3dbbebf4ac3566847d52ad53e76d39417c09f16c1ba02d1222b5ad5f58056529,e0d9e0d43a92b2a1e0d4120ae634c93c7f363e3894e2ce4c294734d95e144c3d
975,CRRF1415LA670WGA-9DF,Refurbished,Refurbished Casio Digital Stainless Steel Alarm Timer LA670WGA-9DF LA670WGA-9 Women's Watch,exact,,exact-existing,7d581fddd685e9cb82af316aa1171c6e26217bd577802b714b2b1d8bec7be65d,021481e9909bd897146357472c8338ddf27c43cc411e65e74b668d914e5fdea6
976,CRRF1412A500WGA-1DF,Refurbished,Refurbished Casio Digital Stainless Steel World Time A500WGA-1DF A500WGA-1 Men's Watch,exact,,exact-existing,ea26026af8af8cc4aaf030ba2cc2988456aa5136b3f0d45e9cde9a73d09d4cd8,d8de8af24a40d1659658f125fe8b31780efcff013dfcf27724123766f5de3b6d
977,CRAQ-230A-2A1,Casio,Casio Vintage Analog Digital Turquoise Blue Dial Quartz AQ-230A-2A1 Unisex Watch,exact,,exact-existing,42711f0c426125b91edfe19854a59b36361f29537d650b233e556bae6f4e5a46,98d418f367c9cc1ba1273f0e2d3a098c9256a51423e65910a554461e6f1cee39
978,EASGW-100B-3V,Casio,SGW-100B Black,exact,,exact-existing,204ffdb3581786fc86cf3abb2cb0109a5792325d669cc2cedd6448184f6c4bc1,feeefc1ae44e36530723ee0361ded3427a42af727e876e9b8fcbc335cee8e1e5
979,EASGW-100-1V,Casio,SGW-100 Black,exact,,exact-existing,33e36d9ba4003eea9d65f93aea8df00e68f094adcb73557481114a5f20d7d7fb,a8b8e1ff0a5f4a120d0360147fa9ddcec7958cd26061ed1c5019d7f759c21725
980,CRRF1227AQ-800EG-9A,Refurbished,Refurbished Casio Vintage Analog Digital Gold Ion Plated Stainless Steel Beige Dial Quartz AQ-800EG-9A Unisex Watch,exact,,exact-existing,e2efbe257cdeb7d6fe089735e766de024a28728b542739d84c6d0c1a80372c2d,0bed66a69de97c7b10e63459f3ee35d0f88f3afffff6277cca82d74d0ef785e2
981,CR50218PPN607,Westar,Westar Profile Stainless Steel Silver Dial Quartz 50218PPN607 Men's Watch,exact,,exact-existing,b1a8715b58a9290f1ef70785be5cfad5b291a6ded8ca411dc774b751b41fd2bb,2dc8c07fb1249f14d233084537542e6fb60d8ac31ae50853273e4ffe31c6cc98
982,CR50218SPN607,Westar,Westar Profile Stainless Steel Silver Dial Quartz 50218SPN607 Men's Watch,exact,,exact-existing,fd1cf7efdf39b7ce8509445e599e7765809d9e2ef34049b6f201974f21e84d82,9fc30d84874d36e9a2c062b467c2f91c3dd8ac7309e237a30e29669d55d172c5
983,CR00135CBN111,Westar,Westar Zing Crystal Accents Two Tone Stainless Steel White Mother Of Pearl Dial Quartz 00135CBN111 Women's Watch,exact,,exact-existing,ab920e87ade31873ec98fa23671b4068a23b2d25c296a4954532fee8b790aa56,30c3c1c0fb32addca5c7d36e8ec7835d993b4aed4c18a5c77031a8671bc8e770
984,CR00127PPN611,Westar,Westar Zing Crystal Accents Rose Gold Tone Stainless Steel White Mother Of Pearl Dial Quartz 00127PPN611 Women's Watch,exact,,exact-existing,c9e38b8e09642ac1a4e5440cbb72a155e830809fbec6b8fb392d07494cd98b4b,1605db53fc2c34043d1c740210ea041e26aaeecdb6a8bc5e7dff539ca4488ebf
985,CR90250SBN903,Westar,Westar Activ Sports Stainless Steel Black Dial Quartz 90250SBN903 100M Men's Watch,exact,,exact-existing,b0c24e62d970c0926978c978b84a08ef65e23f38ee9dd8a006f26f135f408bb5,6d26f71bb954dd84de8d62eef6546cb84dc7ed73ccac326b9db6f3ff702a4cdd
986,CRRF1265A700WG-9A,Refurbished,Refurbished Casio Youth Vintage A700WG-9A Alarm Chronograph Quartz Men's Watch,exact,,exact-existing,22048cf33a97205f8cca4de8eb6a9ba0db3f350bd2126592611995d604c42f1a,bed678ae3cd5be5e0f4f77660bd2d59af6ba96b689c89334cb52055f5d0ee2ae
987,CRRF1413LA-11WR-5A,Refurbished,Refurbished Casio Vintage Youth Digital LA-11WR-5A LA11WR-5A Women's Watch,exact,,exact-existing,8f17c63f9372b177cfba916896933b0eb72ab5745b0e97851a268f493f7ba840,314c41314aec10977b927a23e897eb0fe6e902b90aebdaf6f07742a0305478b8
988,CR40210GPN107,Westar,Westar Profile Gold Tone Stainless Steel White Dial Quartz 40210GPN107 Women's Watch,exact,,exact-existing,97090e41ca899aee4fcbb0209236d8e922967e95393e346c2827507cd5d595bb,4fd9036e785a005ae6ba62582e5909db90880e9d9b7d1bb1584c7ffae5eb9f2a
989,CR40218STN102,Westar,Westar Profile Two Tone Stainless Steel Light Champagne Dial Quartz 40218STN102 Women's Watch,exact,,exact-existing,a2be5e980b242a2b242e929c7cff03f01fe48bc7029d9983442dfd6ad83b25bd,d2938c84e8971b3f9ef9fd66633dcf64512fecf03d2133abfd930d4071ef13ce
990,CR40215SPN607,Westar,Westar Profile Two Tone Stainless Steel Silver Dial Quartz 40215SPN607 Women's Watch,exact,,exact-existing,8268575b9b33524be0b6379a5dca2e39c9f9239c93240a289f26456a89301adf,ca4bb6e4ecb5b588ab5b524df6156ed3f31b45e72965085ba9602784bca3ae1a
991,CR40215PPN607,Westar,Westar Profile Rose Gold Tone Stainless Steel Silver Dial Quartz 40215PPN607 Women's Watch,exact,,exact-existing,933f11dffdcd64470e193b78eac5a5b4032d77541a5d0c71e524c470c49b4a4f,ba802517fd4722f3ab0917f790c8e6eb6b979ac13ec717c363e9114017297b83
992,CR00127STN111,Westar,Westar Zing Crystal Accents Stainless Steel White Mother Of Pearl Dial Quartz 00127STN111 Women's Watch,exact,,exact-existing,079324c72e71474cd22220ad4d361d5a34a2c39f56a28eade384677aef02252b,9b6f18413bc5d08c10a1fbcb16b5a1cfbaaf725c1f8008ee1e5949cbbddeaf0e
993,CRRF934AQ-230A-1DHDF,Refurbished,Refurbished Casio Youth Quartz Analog Digital AQ-230A-1DHDF AQ230A-1DHDF Unisex Watch,exact,,exact-existing,d9a03293136a226c30fcf87304db4336e39ddc0c3ed90e12f96c46644cc7328d,8920a8e9e17670deecd8e167373fd793a446102f902f60a13e861b322b926de0
994,CRRF921A700WM-7A,Refurbished,Refurbished Casio Youth Vintage Daily Alarm Quartz A-700WM-7A A700WM-7A 100M Women's Watch,exact,,exact-existing,78290b7de3a50a45d2c2f3266ec3de54943efe89a04afcac073070d33a4e36d3,be3875ef0658c2d314bf3ab07a1f999028f7c1cbe489c70cbabe86fe34591600
995,CR50247BZZ103,Westar,Westar Profile Gold Tone Stainless Steel Black Dial Quartz 50247BZZ103 Men's Watch,exact,,exact-existing,91cd9ff0f33e0837b64ed124bf2adfea25950b2dfb91ccb962286f9bcd4c1564,2dbbb78b7346214a6b9bd561e6e381517d72549cce35133cb4a0a6f9574ae821
996,EAWV-200A-1AV,Casio,WV-200A,exact,,exact-existing,e79524ec320c5f573734de410e7e1f4a0633dcd8a5cc39d0e73ff8f16f5d707a,e211667c1714a081f0dfb8aff1a5b4af09f04a0fdca32f3acaa68cd4c06bcb14
997,CR50215STN104,Westar,Westar Profile Stainless Steel Blue Dial Quartz 50215STN104 Men's Watch,exact,,exact-existing,afd9b5da89b0101a382d5b527bb5cda2fc790ce8ed3e5c9d300a60028437ae4f,419508c8fd412f7dcc456682c9d90a2aa138be085db1040f5f9e6b8eae2caddb
998,CR50215STN102,Westar,Westar Profile Stainless Steel Light Champagne Dial Quartz 50215STN102 Men's Watch,exact,,exact-existing,42fffec6825e0bc75f35a76ecda0bd36bcfbc9dcb39366cfd248d26846eff7ea,1d29ee526c80532368f9917ec2a373d4fa0453612157d50aa3c4474421bd4552
999,CR50247STN101,Westar,Westar Profile Stainless Steel Mesh White Dial Quartz 50247STN101 Men's Watch,exact,,exact-existing,f4e84a0e2b8fc8ad025cb614b022acf47467363443ba1ac9d6899c9b6b044084,b3d24fcf92222394ab3e3d4006f3bbe3cd8f669bbfbeeb44d9b633035adf6702
1000,EAMTP-1170N-7A,Casio,MTP-1170N Silver-Tone,exact,,exact-existing,c5a31ea26941ac98e9aacbff3bd32df7e905e72dae84e4c3cf0829fd5411f349,781c8005e01aafcf1d6157c2f50fc0899bc886e5e31efab0e141992eebafff30
1001,EAMTP-V002L-5B3,Casio,MTP-V002L Gents,exact,,exact-existing,fd55330b2a46b6d9644907dcb33e3ee846f8d24dc4d53a9deee3a24fad3eb653,453b45214a6e2a30ed3d3c968cff37bddcc43d1007d32be7a53ae9cd7e562778
1002,EAMTP-4500D-1AV,Casio,MTP-4500D,exact,,exact-existing,626555c52acc53f14f0b883665b900173e054a6faa71c29bee054cfdad612dd1,3cfddeaa06bb4798f1cca6a9909e49dca67df18f50f96a41a444199ab46c4755
1003,EAMTP-V002GL-7B,Casio,MTP-V002GL Gents,exact,,exact-existing,2a3f4eb0b446080d0c2cb29e2d83f6633a78d40b44a8320db904304864090fa1,7e0ca59af81e3dd85a3188061eba56b77a270d4037c7e416ff159d044c3b7e42
1004,EAMTP-VD03D-3A1,Casio,MTP-VD03D Silver,exact,,exact-existing,ebb7eadcffd85af3d5bec22ab07935cc3030d9af88606fe30971a57bae2dc567,9c64d4fdec253b026ccb6b074aa86fffe1851475ab300c5718130282edefbec6
1005,EAMTP-VT01GL-3B,Casio,MTP-VT01GL Gents,exact,,exact-existing,b4ba5d2f348b6466ed634e44ab04a1bbc12de1cee4882c02ccfb24b33e92d11e,bd91653d4f8a3f5981889f8839b70d9b8400a566b7d228830660e6b3ddf87e85
1006,EAMTP-VD01BL-2B,Casio,MTP-VD01BL Gents Enticer,exact,,exact-existing,29c107195bf3c412a11da1e5ea24e6533fbaee9d8a5b31c14805c0cf1b52b348,0d1ae1c36a516563bc135000ba0682e514c5fbab9a322e16a3602c14002fd12a
1007,EAMTP-V006G-7B,Casio,MTP-V006G Gold-Tone,exact,,exact-existing,134826b187e7088fc96ffd0b1113e170b1a55bafe917e4c830d8c278228ba9b6,5eedc49ce3087aa097e797c9821d5cb4e01f08f1af788efcaba2cfd524da96b9
1008,EAMTP-1314L-8A,Casio,MTP-1314L Gents Enticer,exact,,exact-existing,5c53d62de719dace79cbcb37bffc27468da0f74b1a75b3e46d9eea578c954d5d,86c6e678bce23c7e607a1281fa69fcc3ec9c50df8e013ed8d4d036a88e81f364
1009,EAMTP-V004G-9B,Casio,MTP-V004G Gold-Tone,exact,,exact-existing,bcd2f7bb6143a32dbd215ab07c305957abb58ba1738f8a95a8e7f8433b4fd6d9,4ed0e6330a0ac25ab2087c8dca7d9fe810a874cce63664d8c1e6b22e3ee0cf80
1010,EAMTP-1183G-7A,Casio,MTP-1183G Gold-Tone,exact,,exact-existing,bcb246d9c7277aefdf7f68a23dfce39da36467fca5ad7d34bc4b2872981985b4,e02b409b0db60a1eda986ed7e057fd6699398bf034213357ba6eb05946ec37e9
1011,EAMTP-VD03L-5A,Casio,MTP-VD03L Gents,exact,,exact-existing,c6453784c6fd97820bc69deb7288963ea15937f02aaec85af0f224327f48bcce,f3acfd2192dc2faaf030948589a83e81feed93d8220fe32933ff1ce9d192d81e
1012,EAMTP-VT01G-1B,Casio,MTP-VT01G Gold-Tone,exact,,exact-existing,f04f8fc506d0eb86d421d676e48bb5f7ecd469bf9782e9129aa273409b5652b1,72e8f4f8431c3b4996520342ed1c56ceb116716eab94b8329606bd6e9ca30ffb
1013,EAMTP-V005L-1A,Casio,MTP-V005L Gents,exact,,exact-existing,8e2501c332ae0fd081411f111dd1041a3d144e00374e906d89259584492dd2d8,f27dee5415d9dc1f2143e19a571e6df10c6a209c5195caa21c5df06437b246f7
1014,EAMTP-VD01D-2B,Casio,MTP-VD01D Silver,exact,,exact-existing,5a4283b3ca8aa32aef574cd2fc5ec082556102ea5e2520b3e7b307f818cd9519,4af2533a45282e06e25cd3cd991a2d99cf69e047ab863aef5b1b350441a929ee
1015,EAMTP-V004L-7A,Casio,MTP-V004L Gents,exact,,exact-existing,e2fcbaf86e1636c4bde10401f5552a9c0cc439a2e600d359db05676cfcd597ab,8b24ca34cba3bd5af902778846f8420eca1b59e15d0abdec7b1e081920255cb6
1016,EAMTP-VD03B-1A,Casio,MTP-VD03B Black,exact,,exact-existing,8a4a55e5901c1eb45eb929ba876296e54d9650ba047784fe09add4d29364af20,5b0493a41f321d24504253d13f6f5d5ae23dc3e63955634d72b54a8553c008b9
1017,EAMTP-VD02D-1E,Casio,MTP-VD02D Silver,exact,,exact-existing,4484eb48699dfa744b728f94989ca39e8956b09fe86f76dc4e0b0e055e3d9643,44ababbc2f031bc02e645ae7e09e16897cf68c1966734bad187be1163fc3311b
1018,EAMTP-VD01SG-9B,Casio,MTP-VD01SG Silver-Gold,exact,,exact-existing,80684b6f9291071935c42eb1f4f4ed16f343949baeeee05e74e79a3261c09dd5,e81416ef2f8b99bafd1aa79bba8c0bb46d12515077e5d7f88960b4e080851ddd
1019,EAMTP-1303D-1A,Casio,MTP-1303D Silver,exact,,exact-existing,2402a9f1b2c1ce39ca2dcf6690c4861e9f40e6f9eb8e7fa30432ef536e4b71b5,a66b168840aefe6c5a2939d55441291d09498f0f1e775f898897aa27897aed1d
1020,EAMTP-V001GL-9B,Casio,MTP-V001GL Gents,exact,,exact-existing,f3adf805da65a74b61bc31e299cbf1152c86ea43c843c1b6c26c71951a876c9e,6062e6759acaec1d9995de6f69992ad83a28e7d0cf0f991e380d8c0fe7c199fb
1021,CR00128STN111,Westar,Westar Zing Crystal Accents Stainless Steel Mesh White Mother Of Pearl Dial Quartz 00128STN11 Women's Watch,exact,,exact-existing,4faeaa72a9b1899c1208aefa45ccd4167b604a1579aef04dddc6a6c1f28c2a8b,a0a3e839c57e12072f609a05bdee97edb15eab897e12529bbe2dd7065ede4c60
1022,CRRF927A500WA-7DF,Refurbished,Refurbished Casio Alarm World Time Digital A500WA-7DF Men's Watch,exact,,exact-existing,fbabbe31c4d355e330c241877f306e3c7c66f795553e6e97c476187ca943718a,02386db605223a8abfa6fbc737698fea6c5b0641a7c41dcee0d4e72635ba0dec
1023,CRRF922A500WA-1DF,Refurbished,Refurbished Casio Alarm World Time Digital A500WA-1DF Men's Watch,exact,,exact-existing,f1cd61d6eb4ba4fc4c43dd2ac23dfdf0e945de2de897248d82103f68f3b229c6,6d9e31ecb1ca10350c464066bf6c74a22a812acbd949dfb815843e025cb5b026
1024,EAMCW-100H-1A3V,Casio,MCW-100H,exact,,exact-existing,82dc42bffe9bb5dfc78bbb312372bdbeea721d246412bce790fbe28e90df1188,b5bd3a99ca04426b29b478cda29f1dcda862aa097b1bb4dddfbd879f3b684a80
1025,EAMCW-200H-1A,Casio,MCW-200H Black,exact,,exact-existing,39a44c7472ec0fe41d7df21b97d0ec1a737d13e84f3aea3e87c75cd48a1fb1e1,eef1e403b093c187a93dc95565dae248d176f8e45e1c4a6cf8e46d21c4da4a6f
1026,EAAQ-S810WC-7BV,Casio,AQ-S810WC White,exact,,exact-existing,13e59d0babba0033c7d1ab98f4da1b3f5acca9d949b257e8caa7f5793cc4ddb9,39587e6bc8b7a5bdc42bea8985584f3d5b5749c52755732034089420cc81030b
1027,EAMCW-200H-1AV,Casio,MCW-200H,exact,,exact-existing,b4283e7bd6089cbf06f6cb82de59ae7beab2497af52014ba40ffbf07c783695a,d4448a418af572acc1472656eb2aeabbe5e12259e3f40f06efb574f876a4cced
1028,EAAQ-S810W-1A4V,Casio,AQ-S810W,exact,,exact-existing,e8158cdd2d7badfce92283dd68080d6a36cf28d4d40b83cd604dc77775bc8754,91ebe6aa1f1d4c67b7202ed22b2d3c3ceac8efc10e6b221bd281baef41a3c957
1029,EAAQ-230A-1D,Casio,AQ-230A Black/Analog-Digital,exact,,exact-existing,a8938af0e0d5474c01d632f86c552d97a76a8a5be321af195475f9d9feba04d6,b62e873986e06c4b3125bd0d6a7d95859165389e604b2c5c2f50d670f548c9a7
1030,CRRF1223MQ-24G-9E,Refurbished,Refurbished Casio Analog Gold Tone Stainless Steel Champagne Dial Quartz MQ-24G-9E Men's Watch,exact,,exact-existing,46972b1c0a5bd3eb0e2c4cb3b19a5518ee3b12a045792da901095cb22cf71de5,4ca1af5faa9f26a3a3b88d708a0be9fad4d467321a1e259772773ac8dec723e4
1031,EAAE-2000WD-1AV,Casio,AE-2000WD White,exact,,exact-existing,73412310588ffe82ab18476be4b665ef058e31e8dfae51323b6499f6c1b1bf48,c7bee379aa70bb1436c4306caacddb4771b574866f043e89c5ccd967cdd2e9a1
1032,EALTP-V004D-7B2,Casio,LTP-V004D Gold,exact,,exact-existing,d432fb22fa0dad592641e7f0b3fe1482be39faceb0f93b6acaa779f38d8763fe,a8fe4f91a1da33d60d5ae56184c1d1969ee8dce8533ea0bdac66d9a9a1e28f0e
1033,EAAE-1500WHC-1A,Casio,AE-1500WHC White,exact,,exact-existing,575de06b4c97d6d3ce6b5b8459caa8ff4e86ca4b99a266d0dfaf8e401eccbef0,61b29640b9b47d8c90f261f7d3bd85d9c1cd6571ea70c106516f47a8dc18fdca
1034,EAAEQ-110W-2AV,Casio,AEQ-110W,exact,,exact-existing,b6dfe20921d976f435876f38cc121daa01b8d34fa8b37434657972a4e8dffa38,71f73e442c230a3fe194ae9ee91ca589a64b057e92831ec1df5ca788b5f05845
1035,EAAE-2000W-1AV,Casio,AE-2000W White,exact,,exact-existing,62eb8bc41735cc6dedf6efa5b42dd2d0f334ff25c9404e007aa317e69a2198da,1600f81d677b7613b86d103e47ec7c109aaf7a4477be285c3f62b49678e3d77b
1036,EALTP-V005L-1B,Casio,LTP-V005L Ladies,exact,,exact-existing,43db83f9d65f9536bfb8141c28d42f96479d8107d97b5e5dcdef5cd6948e6dd6,b96749a583ce7bc592c38b2ec6cb7e810354f8e4b30e69bec88fd6b01a0c8c23
1037,EAAE-1300WH-8AV,Casio,AE-1300WH White,exact,,exact-existing,7dac1ae54bbef95e6541f3e9558b518bfd78c59e6732caa1be085a4096a94df6,b4ff7c3fac734433c1b1c0b26d8794f354840084ca0659368dfa595ccc5711e2
1038,EALTP-VT01L-7B3,Casio,LTP-VT01L Ladies,exact,,exact-existing,846bc0de7d60a0ba3b7836edfb89be9b84a35786f01c89e6e635706680e4eb14,f2d71d3d53a566e6712126a7305f1c665f8795f790b7e15583583006b530c07e
1039,EALTP-1165N-1C,Casio,LTP-1165N Silver-Tone,exact,,exact-existing,bf968ce93529fbd653999fdfd5860480406a0561f90ee5e468a80e3a3dd94b6a,4ba49891d934208d06e48957ab193150d2cfa7ede2cfd31c1895eed4fc66a2c4
1040,EAAE-1000W-2AV,Casio,AE-1000W Blue,exact,,exact-existing,f1b1e9147c6066a3621c7bb3d742d7ddde91cb66c9374277afefd7ebb1910246,78a32ef2e54488f6b8f85f50107d031b0f022df8a449f1fb272cf18e8064e294
1041,EALTP-VT01G-2B,Casio,LTP-VT01G Gold-Tone,exact,,exact-existing,4d449da271cff4fcd030cdefae4f29993cf771b55a292e3665423715a2ec3194,6652b636be2b71e56fdd05f0789c4962b811eb47d8811db4370176c5e9fec39b
1042,EALTP-1241D-4A2,Casio,LTP-1241D Silver,exact,,exact-existing,edf1aa2d477c48187fec2286212740ca2ada393bb1519c1b25bd78dfcffb5125,ac83a65ea82bdec4a4a4120e80b7ae7e2b41f9b2f9f39d8fc3bc3825ef75aac8
1043,EALTP-V005G-7A,Casio,LTP-V005G Gold-Tone,exact,,exact-existing,9598537789859d38101ae0386552f64585fabdbcad327cfdf5afa7a8721a16dc,2a652266eaeaabe0f0ef04673a28656e86503d25c289917f3fc8ef6cdfe2bc6b
1044,EAAE-1500WH-1AV,Casio,AE-1500WH White,exact,,exact-existing,b18cc57554a79cc1bed5e75f9bff4697aa3c27019a635aa9b0ac545a1099fed5,6490657f3677ad0a3074190e599ce28783e0f749cc46b9bd77f2508f861e5f86
1045,EALTP-V004SG-9A,Casio,LTP-V004SG Silver-Gold,exact,,exact-existing,dc6234fcbcc7ba6d9b2729d359fa19d65f087c369c39ee20ead986428a8bebda,901567d77aba8491e50acf4c7933fb175709c9fd86044d1f8eeb934bbc094870
1046,EAAE-1000W-1A3,Casio,AE-1000W Black,exact,,exact-existing,03f93fad69e7bcaf440b384a1c0af570690205a043a6cbaf6dd46f48bf16fa77,f6b5b014d840c809d19ed627d0ed7bbee08dc72e5d9acdd053374121d24af75d
1047,EALTP-V007L-1E,Casio,LTP-V007L Ladies,exact,,exact-existing,d00aad3e30c6a2a175bf1b458bcfcd758f507dafc1802e3f8703429650a0dd2e,05048401679140ac1fbf9ccde4de933a2279064fe68f2068fffd5e7a6aa046dc
1048,EALTP-1094Q-7B5,Casio,LTP-1094Q Ladies,exact,,exact-existing,51877d3ecbf74673f82401f9011e8bed58dcfc3557fa82bbac4fb3e993d1262b,f26c2427ef8657437dbf57649710371cd718d82202fb9385c81bb8ea4177ca88
1049,EALTP-1128A-7A,Casio,LTP-1128A Gold,exact,,exact-existing,5d2aaecb74d02a7b750e0fc749b77e7d05e27ecbd778c73803469b29524d1c27,cc16852cc1de2a08bebeb1fba55a0083da757420a5bc9c2ade06f4d56937e515
1050,EAAE-1200WHD-1A,Casio,AE-1200WHD White,exact,,exact-existing,377d03dcd94218a8fbf2daf84ceb477e3cb53cfeda5bac1e64e594d819e98fb2,14151e6409bce9fc8c714d0d2d9d74eb3537b98dccbf524bd26ce8c060fb75ca
1051,EALTP-1129N-7A,Casio,LTP-1129N Silver-Tone,exact,,exact-existing,15b4db9805a3a20d6f124bec48d22f19f43aa83f89cfd6a862a6c49a3672cd5c,afc661973d4c5cf81d4f82cfde8198c053bbab95ac99690060064b773e341050
1052,EALTP-1094E-1A,Casio,LTP-1094E Ladies,exact,,exact-existing,8ff8ab65102c5924a7686debab7aa754f77e685209328b92e3fa7fb6b2b472be,3c47cf3a0a798823e5bb0ba61ee278981d36e3cc20caa688e5496d3e3bf800d9
1053,EAAE-1600H-1A,Casio,AE-1600H White,exact,,exact-existing,aead2dc788b89e7a153a13dc3bbdd85c2bb203dad3e52231fb7568583f6573f8,23177a01866e39a524a35dc9c16f7f6d734d8b0bc8afe7760a4e4f8d1537d12a
1054,EAAEQ-110W-1AV,Casio,AEQ-110W Black,exact,,exact-existing,384893a36a34c48542ab1b74706ae3abaa7638aad87ab907728dc9d4c476061f,4e795ae8f9b25273612dcaa939fca7969a4ca875481c52d2036899cc853c35e5
1055,EAAE-1000WD-1A,Casio,AE-1000WD Black,exact,,exact-existing,cc1852df407f023613cdc5a99fd66b321c373b39db6008578a48545b4ea23eb4,23ab898ac397276aa203209ea10c23564267b5505c22bef438af42fa35060218
1056,EALTP-V001D-1B,Casio,LTP-V001D Silver,exact,,exact-existing,10ec935eec7ee18e7831a9b3230c8d9cce36b6d7514a8e16a78d75cb67694d05,601a48bc7a3bfd8e69e28c2b80afc7624810e0b40d3eefbe86d08cfd25dc398b
1057,EAAE-1400WH-3A,Casio,AE-1400WH White,exact,,exact-existing,a53edb4c75c6b4867c8335b17c385be6eb32215c0b1ec71aeeeaf4776b925fb4,3b8fdb7ac0e3c07585d989c822c2d7a022d842e6b7f20d6bf07dc05547b392f3
1058,EAB640WC-5A,Casio,B640WC Black/Digital,exact,,exact-existing,6b7bb2c242b0befa76efa85cdf7d2772d8916e0e5701e9e2802092c6e5a669f0,9d9286f2bbb206f8853d02859efb388175e5b8459bbe554bbcca5bdd3b155095
1059,EAAW-90H-7B,Casio,AW-90H,exact,,exact-existing,c7eca1a7052a950531f9278f93bffc69477d64cdba0ebb35e6a1dbcb9d84c130,aaef833d1179216712ca49533e0598a757f494bedb2b5d6d924202e2e93cb19a
1060,EAAW-80V-5BV,Casio,AW-80V,exact,,exact-existing,cb9883da8fe3644bfb1e20aef05e044db90b84661ddf2616dbc3582ee29ccea6,c57b95f61d7e5a5bc00b269e75842d9ae80dbaddad09da413e698484a6e9ed70
1061,EAAW-81D-2AV,Casio,AW-81D,exact,,exact-existing,b44ec231f40f2d5e3e5956adcd954a62dbc08113c9c83741e5bc01cbb7b27f63,1a3cf200a5b49d9fa3ce16a94c99bd03dff55f27eca87d48c167278ca84becb5
1062,EAAW-80D-1AV,Casio,AW-80D,exact,,exact-existing,272db76d9a7d18952e6509e3320c3ab904a0c30be0e8cc7470de4ee1971c5851,634f0459092e86108579b765e926b36d0d80dd7c67b2739aceca9456ffd823cf
1063,EAAW-80-1AV,Casio,AW-80,exact,,exact-existing,a4f5c551b68dd0e05ec55f859afb687ef6ad45fa2130bf0fe85f498d58cbd6e8,71dc687e1ff18efd48c6254062732304b4a0a989ea9567154a6d4ebaf98a83f1
1064,EAB640WD-1A,Casio,B640WD White/Digital,exact,,exact-existing,fedd5053ee0246d6dabf8a74e70a74fff44e288819e0b3b67ff9b56713062703,c2009da627a7c9e3de23e5e9e7048e9f5d11e84a8b2d80f2affed9484d48dd85
1065,CRRF919A178WA-1ADF,Refurbished,Refurbished Casio Digital Stainless Steel Alarm Chrono Dual Time A178WA-1ADF A178WA-1A Men's Watch,exact,,exact-existing,4e8f5ef69b9a85ab481d5e33279d71b98deebc636f90f0be59809b1729dad036,2c4ee1e4194a5c410da9d59c85627e58fe2386de18c52fce977db66068f8c1f3
1066,EAMW-240B-3B,Casio,MW-240B,exact,,exact-existing,eb9e9a77bdb41e67cb3609b967817d98e0b119cf0507749ed5ae7471ea128a5d,e2362325d69fddeed2d117c80a8ddeb5816caf025f6f9bf6f69cda1c1507d689
1067,EAMWD-100HD-1A,Casio,MWD-100HD Black,exact,,exact-existing,04eb85a2b71125994fd5fca1e6e34d5f8065bdb42412f161f5377ee25126a0bf,944ad1ffcc823b34f7a7d41ac5b0d8fa50b169b985bb76f2a57424f9230c3edc
1068,EAMWD-100H-1A,Casio,MWD-100H Black,exact,,exact-existing,5b34735514080ef21a6dd387922b1110acce82b790613ab090495f4b165b0d0f,6e0723790b1227dddfd3bb243fba4425d5806d62bec1ba75e0cb7a4344ce8c84
1069,EAMWA-100HD-1A,Casio,MWA-100HD,exact,,exact-existing,7f0918b94ec77a8527cfcf22803e10d8d30f2d65dc94f7bf00fe33fed92e3d31,87e50a6ca9f0dcf7a9031320067ecbd637dea145f56b04e091386b8c6a53c559
1070,EAMW-620H-1A,Casio,MW-620H,exact,,exact-existing,06a2c8a3bd7cc4679b0ec14f522b7da63346bb984e7bc03fe449f4ce16953fce,173640f4acf2bf386ebb45b7735af9bd567084dad20b107ddb7e2c67159e5725
1071,EAW-218HC-8A,Casio,W-218HC Earth/Camo,exact,,exact-existing,2e18cac83d02e0db7cd9319426fa3370c13c8ee650891e1cb732614b8c15e5fe,db7e7c16ec4af2cd97b8f0b5186d892876b12cf42e924dcca2c59977179912e6
1072,EAW-201-1AV,Casio,W-201 White/Analog,exact,,exact-existing,968d20636c0b4541f8cfd38e8b0e8e26a64e60307bbcb22ddc419f2b12bca435,fb75c561ae6680e1fff988813cbfb7946e479e9a97ad5a425b55c79a65283911
1073,EAW-735H-1A,Casio,W-735H Black,exact,,exact-existing,19d58fdd664df914e3a8e5faedf294b6945d917dd73d96345dbe8cbcc62aa768,6e38eb5d0c4bbdb7fe7bfa8a4764ca9952ac24d82d6b927879ed8fdd8ccd2811
1074,EAW-217H-3B,Casio,W-217H Camo/Analog,exact,,exact-existing,77944b7d822d3e8f0c5172864e2e776615b9b70dff8ea893bb618e6f295ece1e,74a81227276bb97a44c46ebda74c0b83bfb8b28054639f240b9c5587c45a0f9a
1075,EAW-212H-1AV,Casio,W-212H Black,exact,,exact-existing,29955f7fd2331b1bd0431321de70fb4d957c6ca80e63d7e20a4a87ce1f5e93a2,3644d5f7e53d6b7594a54402fcafbbab036a3b8d21943fc22ef6fbb2a0b36178
1076,EAW-218H-1A,Casio,W-218H Black,exact,,exact-existing,69b31cc7dfa3dd6fae42b3f92d4ccf847ab7e3c838f41a64150d46063c4d0200,36879aa7fe0655e0fbd764a9289a905b51baff2370dc43d220387ab44e0fea78
1077,EAW-218H-2A,Casio,W-218H White/Analog,exact,,exact-existing,f07ce139ec20c0c91875722eb9c0d0c581beeaeaff919e6ad92f30cec79da480,842bde97d772481ee363edcd9e775d65290e48df3b60edd051f6079743d9b9e6
1078,EAW-217HM-9A,Casio,W-217HM White/Analog,exact,,exact-existing,ec78ca3fa4294244e75d9f073705b4de9336feb895e97fab18cf187c5234e806,40a66a13a145bb8924395ebceb88ca39d1f2b8ec0ed044f49bde1d8e5db0c459
1079,EAW-218HC-2A,Casio,W-218HC Earth/Brown,exact,,exact-existing,f1322379b09e70e58687654bfa9c3e565cce7b32e241da2e48cde03b37effb6b,85432da816e9a12eb0c59824022abb7506d7767349e7d8497f59e20ee9cf61a0
1080,EAW-218H-8A,Casio,W-218H Camo,exact,,exact-existing,f216563fced722acadcd9eb497e26998b0aada5626b50f778e11cd6cb6c3596f,992a80b62eb4be03e397f9dddbdff968e3e7562fc7cf3d0f259cb1b941b3726c
1081,EAW-800H-1AV,Casio,W-800H White/Analog,exact,,exact-existing,f9d89ddab6b0fcb803ed5b5f1ccb230dcf2c2573a8408b91b2348128e2de3112,2ae2e01589a4933a2b12289584daaf3e7299f20894bb2ca557d7dcbb386cc237
1082,EAW-96H-1BV,Casio,W-96H Black/Analog,exact,,exact-existing,d98f37ab342590a89274d672025bd1bdbf8690d6d9bb20559fe0047f7404b347,fe4d6101ae331c5ce330ac2b9eb0f59fb91f819b89e061ef2caa70e6a2be2517
1083,EAW-219H-1A,Casio,W-219H Black,exact,,exact-existing,b563738cc13d119dd57ed2532d8b62d1a4df2550cae93a155136c61e60188df5,afb69c04c4a2ddcc14b0e94e69197a792929598e6ed8d4841fc92e6a5dd1f477
1084,EAW-217H-1A,Casio,W-217H White/Analog,exact,,exact-existing,223566367eab52e114854c0dc32dbcc030ded688eecab6bc5a3c092e30c79874,3a80de0c9e00c512450ea6fa041702bd32bcf0dd8a83039ab8cb8b7060986ff6
1085,EAW-96H-1AV,Casio,W-96H White/Analog,exact,,exact-existing,432d1db2ae3935ccf509d995ad1f93a5ab57d488747b856e69988c1cac11f613,f63efd765d5620932d359bfedf0f143d06ba9a69073b459344f46d45fdd45cce
1086,EAW-218HB-3A,Casio,W-218HB Black,exact,,exact-existing,cd1691e00d991f22d4dd07f09b21e8e1f8a439ceb0fbb4987b271d91b1ab6b50,aee80797aed507bb2180d325d3b945d0c5a7b2cdea052f38d639d42cf6ba53ca
1087,EAW-218HM-5B,Casio,W-218HM Black,exact,,exact-existing,579d4cecec706ad4d55463e57b8746b318e1b3def3132407b7c421f25eb978b8,fceb005bb9f65cb35604b22258636e146672d80dabdd035d78f458d775e3c956
1088,EAW-218HD-1A,Casio,W-218HD Black,exact,,exact-existing,26dba8cd88753bcbf7e17124cf293d16e979fa2653669b396fda526c6689e3de,eac696cecb8b7f47d38900a861f8e915984e4dfecc0ee009ab7cd9e6cb88f529
1089,EAW-736H-1A,Casio,W-736H Black,exact,,exact-existing,db380e4e0ba854ffe56e4e0cf69d93c2919bcd7853d3e3a5263109b7e9593293,e1c01bdb9164bc0a106c1ff7a4f5d1d85e834e811e1e5b7372ee1d2ec795f612
1090,EAW-219HC-2B,Casio,W-219HC Black,exact,,exact-existing,31bc3998612a532ce0efdf68f6ef95a142bdb76ad350630a399942b7b8a9fc39,ff8a781d413cef5268c15525b51f3abcb9f52f8a99ef254f18ed0fa294c2ee14
1091,EAW-219HD-1A,Casio,W-219HD Black,exact,,exact-existing,681b0961909ed01716627d24749a53e00fbd506624f82e6f301aa312c2e896fa,cfe70fd83d48051161b09b485fa7261c08cecd83dd97d204e42a91856a641e2f
1092,EAW-735H-1B,Casio,W-735H Blue,exact,,exact-existing,75a84b4cd51789f15ba14b853270419896ca98cb4a1554e3934cb6785f468089,d6cde6b9b338fde9fe6af6b1592cf3b72242a644e29a35e56ae9a0dde597b9b4
1093,EAW-219HB-3A,Casio,W-219HB Black,exact,,exact-existing,966bfa13f5be3fa28502cf412996a2851d1123bec88e5cfe625f654cb4930085,457ae6abc5f234d4c8ae34523db6d2a05d003f8e4997fbee851ed5b9281489e4
1094,EAF-91W-3H,Casio,F-91W Green/Digital,exact,,exact-existing,4ac8ab97907a3ba254ab0dc2d4ffee9862a9cc56f14ab11c63c4b2fcfdc8ab72,0144fa20ea9ae984c4b9451b3ac90ae899a6e6152cf911e755cebbde6e46bd01
1095,EAF-105W-1AV,Casio,F-105W White/Digital,exact,,exact-existing,4353633f51b6f13d1937c65c8aca120e50fd9d2ff599c285b4ee3e5af4c8bf25,bd8c8e3970b8c65fab1bc69ac73bcd23db0d2d1566c90d5586eb43b5ec8b140c
1096,EAF-91W-1,Casio,F-91W White/Digital,exact,,exact-existing,08064845bb53b8cc9cd75647567f03487aaaf6af7f0e7f3d9c89d7cb840f28e1,73da66d429c47efa4860185c68c56531fe9c951f4ee112bad288be14c23a6fc4
1097,EAF-94WA-8,Casio,F-94WA White/Digital,exact,,exact-existing,482bfce733c244602513c492c574664426f29a672c30b46512bb942877b632ab,ea8d9ace497518d88b3c91c09056dab113885e93000c417422b53ba1a40f6877
1098,EAF-91WM-1B,Casio,F-91WM White/Digital,exact,,exact-existing,228f0efdd4d70ad5024509566ad8c68e2e759c0a4a1bd64ee97377ff439e41d8,64f0cd92fb68280f79ae249e3863b9cdd6e9b8e249e956b91c02ee7a85f0f556
1099,EAF-201WA-1AV,Casio,F-201WA White/Digital,exact,,exact-existing,b7e09a61cba7e9279642b4d5dd9c2fefa43662ca7e2ec4c2186b930b22697d6e,aa8ea1c932d371fcb990925358e73b5e4ab95aef82cf98f8724a96b6f416716e
1100,EAF-91WS-2C,Casio,F-91WS White/Digital,exact,,exact-existing,a3857c890e03873e6b9346cd00fbd00a3b0f19376a6dda7bff3d7e2be03882b8,69575ed726efd29e0b733ba20cc5c127feb451241cbfe0218ab49e9bf31e1194
1101,EAF-91WG-9Q,Casio,F-91WG Gold/Digital,exact,,exact-existing,633449ab09213e97425c8bfa7249a95f0886d96477b567fd179836749ca7a424,e833107aff41464e509bdd281231c4821cff8641b21c83e2121af8a44e7fd89a
1102,EAMQ-24-1B3,Casio,MQ-24,exact,,exact-existing,2a3883c2eac6c4c094f0a9a8c3ec1f95f66c9a355259e24fb5ca43cc8bac88a8,cbc30d33635da76aaee1a6a0515f211ba6846969b7db7a98d9e93b93c590a91f
1103,EAMQ-76-1A,Casio,MQ-76,exact,,exact-existing,11eaffe62962e5edabad1b38b86067b0b93026e7d1ee38881347d92f037fd964,7a958585438d75391cc1367115ec80750a1943fd9eb07e877582ab213174d523
1104,EAMQ-71-2B,Casio,MQ-71,exact,,exact-existing,677639a815d7d5edbafbda2a00f77dc124bdf9b71a371280bec177797d63efeb,a7fa8cc52329c8ae84237f5a1a2dbe06964d42b0de0d55e73aabcf731d0c19ee
1105,EAMQ-38-1A,Casio,MQ-38,exact,,exact-existing,5f7e0a7d0d2abb5e3ec98ac705e2d3334647fcdf87bda6835b31c111437cd8b3,3b24d41f60d9afd9f53703a956c7ca9177792aae77158ba7da3f61c7127a8dcd
1106,ROLEX-AVERY-278240,Rolex,Datejust 31 Oystersteel Silver Diamond,exact,,exact-existing,8adb64dc479060c6c51948d2eec6eb26d3b2c25c3a834793a95f270d8202a868,345cdd6af86ba4be1e32720e67f2ddc16de512174f838398ef480fc94aa1dc26
1107,ROLEX-AVERY-279174,Rolex,Lady-Datejust 28 Steel/WG Silver Roman,exact,,exact-existing,3e68e074b513962af565d77027994b4f814443397585ddfa77ca8f6a0ab2d362,e4acb79e0def2fb210fcc7e346d349111edd3b0ef5bfd0197b65c2f9df51625e
1108,ROLEX-AVERY-126200,Rolex,Datejust 36 Steel Silver Roman,exact,,exact-existing,cdc556f875656e9c1a7c8b04abdd3a3d903558bd669f4ffbe35eb233c5293c3c,25b97164316a7de47627a1cb62846ecca9c50a6ea066f395abce158277851acb
1109,ROLEX-AVERY-126200-Blue,Rolex,Datejust 36 Steel Blue Fluted-Motif,exact,,exact-existing,d90d83f35551dbceb12ac1f92e0309f27e317c17a125a64dff9e103299c3868f,d9cf26fee43b4cb1d19341c2af23b1a3559738d97b72d7399d80a4646606b05c
1110,ROLEX-AVERY-126000,Rolex,Oyster Perpetual 36 Silver,exact,,exact-existing,c01c29f2cec8e25fb498a8b90f5336d7b0689b7d4a617f8df5184022f6258828,39a3cf151363a7dad411287b83a4fe8f1ee8e9ebef14543b10a539ce86a92a64
1111,ROLEX-AVERY-124300,Rolex,Oyster Perpetual 41 Silver,exact,,exact-existing,eb29c03be2c1fa25e315da0728f79e680de7264f03ddb9c400639267bd83995a,b31c1f70a86286305621d08423aed0b60e41ecbb3f6f8c9e2a570c8091669825
1112,ROLEX-AVERY-277200,Rolex,Oyster Perpetual 31 Silver,exact,,exact-existing,a34f1260887b540e3614a3542e6b32b2a69693158cff5473af1170130fb1ecb9,18c3b160f9a1a61706643656410d7b7cfad23b362ff96327d1f9ab222c005b5d
1113,ROLEX-AVERY-126300,Rolex,Datejust 41 Steel Silver Roman,exact,,exact-existing,6a86cd91744eec819a45c2fa94022c6a0aec7395b76cf86da85e671f54b0a336,deb678d708d2efaaa363050d2939748f3b1d5307e0261c50e76e2e408f0f2f60
1114,ROLEX-AVERY-126300-Blue,Rolex,Datejust 41 Steel Blue Sunray,exact,,exact-existing,0a55db9614f18b3e400d426df1c4938f417d640130ce0a5d8fad8da95c013cc4,3239fbee63f93b3dffb25afb6142b40428c766cc86c873b0051737075975964f
1115,ROLEX-AVERY-126334,Rolex,Datejust 41 Steel/WG Blue Jubilee,exact,,exact-existing,9c868874863eddeac74e0b2e112043c23e49d4d84fc32a1381728b57af64d59f,d0ac83a7cbbd38bf297984ec7902b74ea5440ae7b2926022e1b99e147d779049
1116,ROLEX-AVERY-124270,Rolex,Explorer 36 Steel Black,exact,,exact-existing,10cdb94b8a0a44028cba4d1e6dc855842a16ec5707189ed1a480564b9e477c6a,6c4c20ad289979ccedada0675d8e37eaca77da00cc965647474ed09efa4615f2
1117,ROLEX-AVERY-224270,Rolex,Explorer 40 Steel Black,exact,,exact-existing,b0eaa1a6728360478efc86d00147e58fcfef3bf1c106d417f5ea518bfecff02b,71eb816760d940b9e7a2f870c3eed86a326734c6567e5f9cc20ef78a2489abbe
1118,ROLEX-AVERY-126900,Rolex,Air-King 40 Steel Black,exact,,exact-existing,6d4bdadb11d4c96362b5eed7504c504116514fea476d03bfa9ffa487b218f4d8,1511c769296a70f3829e9e1bde4f0c7885138acc546913863f95e41d61a02bf3
1119,ROLEX-AVERY-116903,Rolex,Datejust 41 Steel/YG Champagne,exact,,exact-existing,e00ceb2de834217463617ab595ee027a3007b0b64ee81f3a6728dbdc89e04237,a3ee9c69cfa1430af2e08d57c5c4ca2523e18786c379bb05927af5d7587b3d5a
1120,ROLEX-AVERY-278344RBR,Rolex,Datejust 31 Steel/YG Diamond Bezel,exact,,exact-existing,b0cf18659a8849ad2449bbc4be5830453f17a9b005338f33fc5d447356224123,ba31eff7d1b9ae93e06fe65269ebe7520d24d105c2739dde7ca84e9ab10faa29
1121,ROLEX-AVERY-126610LN,Rolex,Submariner Date 41 Black Ceramic,exact,,exact-existing,c40476d0168390f4de058b72d6279067ea367d0d642cf2e05f1843783c32580d,5914ac99a1f1afaffe7deef09b5e9651c8d866e1acc1f8a8c4237be1767fa6c7
1122,ROLEX-AVERY-124060,Rolex,Submariner No-Date 41 Steel,exact,,exact-existing,191ec45c345457ed25544236d3b24df3f84f5cba4435b81c251a156608d0346b,6a442f54870f30f8d585d670ec726d511b8c7540ea38927887d1225021cdcfd4
1123,ROLEX-AVERY-126610LV,Rolex,"Submariner ""Starbucks"" Green Bezel",exact,,exact-existing,8af448e21b465aa8ac757b07798d3e51510ed12c075345367b58da8d5ba6d252,ca718919f6337b9012890752e8a2877c5dc4d390b4dcfe04029516ed19090537
1124,ROLEX-AVERY-126603,Rolex,Sea-Dweller 43 Two-Tone,exact,,exact-existing,8b1af2b57aa8c278b19e1c5333927e1f7da30b9425dd56123ccc4c512ed2017e,e83b0c514a343a9f648f1db8a4f027d537fcb4b5d942ccb094b50d13bee5d0b0
1125,ROLEX-AVERY-126600,Rolex,Sea-Dweller 43 Steel,exact,,exact-existing,57267ed92fb2e9ff7de7d820b437ec5aa06c169ba1786472a40bd01c25fdd171,5ba0ea434cd4f27f1c76eb2ab273e8d18117b6375f873a3666fa1bf3cc39218a
1126,ROLEX-AVERY-126713GRNR,Rolex,"GMT-Master II ""Root Beer"" TT",exact,,exact-existing,6d02d1b55ef139a6663534ff91072e63b00c7f63a1f6c33792bf6a6b043bd2ae,560eca66d6d2f86b6fcc4caea69d665cef1b3a83c4f925fc2f6df8be132f9a84
1127,ROLEX-AVERY-126622,Rolex,Yacht-Master 40 Rolesium,exact,,exact-existing,100d5d688b8c338af9532b7b8eaddf4842a573b4189cd6116c7e2a7b0f2afb31,d855d0517eeed1487b868836461a90bdc0a047349cad9cc5e2da881f1576bbd5
1128,ROLEX-AVERY-126710BLNR,Rolex,"GMT-Master II ""Batman""",exact,,exact-existing,2d91ef399c45553e901cf84b56f9ea2da3572fe67a5d73a3b38fb283687e1b3e,970fd4f3838168a67f6c05addd7a92e52ef0b46527bda00395dc60689b110c10
1129,ROLEX-AVERY-126710BLRO,Rolex,"GMT-Master II ""Pepsi""",exact,,exact-existing,577563a93322bafceb096444d0cedf0fc2b605e0721e97dff86dead4fb5bd263,a9bc1ad10ecdd4cdb6801d76183af9a01a2641acad2a730e9d9a8f7dd885600f
1130,ROLEX-AVERY-336934,Rolex,Sky-Dweller 42 Two-Tone,exact,,exact-existing,f1551ca229d911d36d93cbca8cb7c71a2ec8d65943efe45d201248e39be1d829,e1c417c7cb3efee526bcaca0c5bcce0440adc56be6c5df44e9f88f1e73d49f34
1131,IWC-IW5030-08-v2,IWC,Pilots Watches — CER BP PC TG LAKE TAHOE 46-BLK NUM-STRAP,alias,IWC-IW5030-08,v2-exact,40696d35f3b9463f08aacc1d8320b3d085d4b549e3ec55a981be8554e4e67a1b,ad8360c645e788f423dc2746e4a208ebff7bd6ac1e850c604494de3472eeefad
1132,IWC-IW3449-03,IWC,Ingenieur — SS INGEN PC 41-BLUE IX-BRC,exact,,exact-existing,2e1d5e8eaed08dcf7799ab8f489e20424d6204d14d2010e9d8e175b78855aa28,8af42f68e7d509f9a62deb8be72b6961a328a3341dafea00e27275d8a7da89e1
1133,IWC-IW5463-04,IWC,Portugieser — RG PORTUG TOURB43-CHP-DB,exact,,exact-existing,310e2fb8c8a97649d8eb5967a78c6261c50eccdf302a187c47c2f8d732e34796,5f682489d8bf09089d63bdb43d0112d94964886f1e623033cf2581b051b531c0
1134,IWC-IW5447-05,IWC,Portugieser — RG PORTUG TOURB43-BLK,exact,,exact-existing,c2de3ca482a7e06221f08690b70424c100908c0e77a6d84b86127ecae5bce07f,31e39ee953b9cb2fcf24d5a9a0e3bf7faf50e89039590e82e691294823c414a9
1135,IWC-IW3446-02,IWC,Portofino — RG PORTOF PC 40-SLV IXROM-STRAP,exact,,exact-existing,cbc4db8b89623b764a827f70f9763109ca023c854b1f40e09c03928c4ba35074,db3f7062b1ed9c6a3a149a5a33aa321dfffd89528478004482dac562033aabda
1136,IWC-IW3791-05,IWC,Pilots Watches — RG PILOTS PC 46-GRY-STRAP,exact,,exact-existing,8feb32e1460aa8c53286dd0557596c2b56174ca9b1e0994cf65d9f89aff1f755,79f2ffee8138453a2bf50cdbcb9f99691a2a5c76a6d305aff6aaed95418c972c
1137,BREI-W19,Breitling,BREITLING Super Chronomat B01 Automatic 44MM Brown Dial 18K Rose G,alias,W19,brand-prefix-exact,81ed9fdcf9476fe6278c421355445032de6291bdc8f46398a3cf78ece5c03b72,9d9469d815e3e1e82fb2e45f3a0160aa787a433f457007b0da5ae6e370e98bee
1138,IWC-IW5030-01,IWC,Pilots Watches — CER BP PC RODEO46-BLUE-STRAP,exact,,exact-existing,806ad8f5c1d6646327712cc08355a2cfc3b206d54a32f1b89e6d34ba48c72a07,8e39b2acd926dc3517a78c7d90db832e2e8f44f18abba02b6d6cba71a24e259f
1139,IWC-IW5032-03,IWC,Portugieser — WG PORTUG PC 44-BLUE NUM-STRAP,exact,,exact-existing,c207ef6f991d18a034644c21927fa24dce87c2338c52bd1dc1675dde4a11627f,eb6d7cedb194351413a44affd9b9be9714725dabdbf1635ffcb3978692946588
1140,IWC-IW5164-09,IWC,Portofino — RG PORTOF MOON 45-SLV IX-STRAP,exact,,exact-existing,e5a541ecff8fcec28195e494aa7e469c37668935ce0ac3152813e02685fb922f,2737efb54afb363fe27b6dd168c623be95d9e5f7d252aad9385d03f105301a12
1141,IWC-IW5023-07,IWC,Portugieser — WG PORTUG PC44.2-GRY NUM-STRAP,exact,,exact-existing,a42fbe9baee0ec8b97b92f4e1ee4e655ab1f51fe5adc407160365dd14e1d7e33,1c0a5a7ec408234b8b63356019faac7b388ad7cc07d0e15c5579cba7c7e614b5
1142,IWC-IW5022-18,IWC,Portugieser — WG PORTUG PC 42-GREY NUM-STRAP,exact,,exact-existing,e9230b045c4b902575d48029dfb7191f7cba881e2bd6c447cc86dd11c91b3c09,01a965c07f7682b7b47c635a8c45e36bc7f09db130b409572c7ef07b960c7e70
1143,BREI-R17375211B1S1-v2,Breitling,RG SO AUTO42-BLK IX-BLK CER-BLK DPIV-DB,alias,BREI-R17375211B1S1,v2-exact,5dd28983b13b8a6871c145f7bdd52ca7a59327daf5e3cba55475c50fbb32c223,b3e904c6550b182ebf99be8ea450e473cd70d447638026f899f7eb7be87bd19d
1144,IWC-IW5022-13,IWC,Portugieser — RG PORTUG PC 42-SLV NUM-STRAP,exact,,exact-existing,876602287a50a30ba2d7cd89d9a16d08638d0fab19bc5387bba0d4f444e3e9cd,92227501e4ceff4bff5a909698775a210401810ddeb326acca59a27aa80b0139
1145,IWC-IW5033-07,IWC,Portugieser — SS PORTG PC SHANGHAI ED 44-SLV NUM-STRAP,exact,,exact-existing,24891ed956ad3dfed98e7a0e0a6d2969d5a686582bd9a4e8fb3b78993521365d,358bdf3ea7d8af88b637ddefd0bdce9786e40cb9bbd4d3d78b1ba20bc062d816
1146,IWC-IW5004-20,IWC,Pilots Watches — WG PILOTS46-BRWN-DB,exact,,exact-existing,aca12117fba9a5e69d82ac930ae5e6baa1b9e1b3df6d744c2065fc5139eba665,4e04a1d64be0121a300cf8bb1742e3aa558e96dac69bb4cfcdb155625ffed542
1147,IWC-IW3442-03,IWC,Portugieser — SS PORTUG PC 42-SLV NUM-STRAP,exact,,exact-existing,296170263e964f76a8fc617b1c459c78080ab470cb3158681e18a728cb38132f,10e15c12edc1fa0dd7e212a2d5408981b60897efefc900b7f915a2a53ffdf27e
1148,IWC-IW5010-12,IWC,Pilots Watches — SS BP RIGHT HANDER LE 46-GRY NUM-STRAP,exact,,exact-existing,65a02c7c9503fa562c7df9d18c37e45b31a4a38db1b20dbb43b299e73e3ea8a3,1145df68043afb718d83ed8fd38effc9660a0b805016a7de70782a2c4ee7f584
1149,IWC-IW3956-01,IWC,Pilots Watches — CER PILOTS46-GRN-TB,exact,,exact-existing,301b86006fb189a864c166cc051ef7dfb7b90018bb0737b1c4c29145bfcb2d91,933032705ebd2290e7278b381414c337b9f5f360c92a6c257a82b5bec9f5f2a9
1150,BREI-WW195,Breitling,Breitling Navitimer Automatic Gmt 41MM Green Dial 18K Rose Gold,alias,WW195,brand-prefix-exact,1356b0d140bc1cba86e33f2cb83611afb3bfba5367e0a5c8b3874b2a1577db68,91c5f466fb5d72d1758852c5695079c484c8e54a2e3077736c08a3f0cd451dad
1151,IWC-IW3894-09,IWC,Pilots Watches — CER PILOTS CHR TG MIRAM LE 41.9-BLUE-STRAP,exact,,exact-existing,081f12021e2bb7448563fa0fe60cdb7a2d46e112924d7e5a38e588c1d5863b4b,5dea460d8427adf596df324718ad5c055de0cbdd1529344b646cfaf193bcdfa5
1152,IWC-IW3289-04,IWC,Ingenieur — TI INGEN AUTO40-GREY IX-BRC,exact,,exact-existing,db8f0ca03a4de3fa308c6d85cce234e84365e79fb77490c18ec132421c07872e,98689290dd635f92ea7cc35ce758d215d99311c31c3ef267e0633d89060cb2d3
1153,IWC-IW5004-33-v2,IWC,Pilots Watches — SS BIG PILO ALI LE 46-BLK RED IX-STRAP,alias,IWC-IW5004-33,v2-exact,b81a7caf948beb660248b25e2984ce42f917b7798f439b87238e1dd91acc4465,70e93c274305a3978db4927120956f521317a389e194a30431f360e15d4a5df2
1154,OMEG-WWN311.63.44.51.99.001,Omega,Omega Speedmaster Dark Side of the Moon Meteorite Grey Dial Leather Strap Men's Watch 311.63.44.51.99.001,alias,WWN311.63.44.51.99.001,brand-prefix-exact,f1d46e4ffdf9ea9ccb407bae9a7b70683f8eb7a76f91e25778fb6d3bee2d57c1,045e8bff2e0b968e3317bc72daba95a32a160ea0c207af26f3e7078851596f3a
1155,IWC-IW3955-05,IWC,Pilots Watches — CERAT PILOT TIMEZONER TG 46-BLK NUM-STRAP,exact,,exact-existing,c24f9415c825926114f48ed9be94105313bcef79bb9664a1b3fd0533a2251678,6d59de831fa69bb40bafbcdb5ec39449f6c17d94a12de89d52e95b80d3e462a5
1156,OMEG-WWN304.30.43.52.01.001,Omega,Omega Speedmaster Moonphase Co-Axial Master Chronometer Chronograph  Black Dial Stainless Steel Men's Watch 304.30.43.52.01.001,alias,WWN304.30.43.52.01.001,brand-prefix-exact,1e6d281357b78c3e060e988c7bcb4a8d0f23726f6dd67a399086b48cba90e5f1,b7eff0bb12eae3025a5b2f0440d4e3d029fd10f17a329529812ba5ce4f9d0ea4
1157,IWC-IW5010-14,IWC,Pilots Watches — SS BIG PILOTS LAS VEGAS46.2-SLV-DB,exact,,exact-existing,4eaf645164a29cb2d7ff01fa3b90a32571748e1d525f1784640a60b7b0c0561a,c5b9d08aaad7a555c690414162ae5c33a24057b7e9ac792068b7c72728276df9
1158,IWC-IW5101-07,IWC,Portofino — RG PORTOF HW 8DAY 45-SLV IXROM-STRAP,exact,,exact-existing,2437bd180906032b26678cca2ae142bdea9988d4dbf948bc3ecd7a7dcd5dd22f,daeda56dc09c04c92653a5ab3d586b57d4ca4d1f6662c793b2efcfe6284de982
1159,IWC-IW3756-03,IWC,GST — TI GST PC43-BLACK DIAL-BRAC,exact,,exact-existing,77b996393d77666e2777811f30900e688bc7eec67a6f8b1b882db6958ae1a598,0d55d95f346d60deb16f2c13fe1dd7bfa486e490e4a9d535dd9b0d34f809d629
1160,BREI-WWNR17329F41G1P1,Breitling,Breitling Navitimer Automatic 41 18kt Rose Gold Leather Strap Men's Watch R17329F41G1P1,alias,WWNR17329F41G1P1,brand-prefix-exact,dee2133ca4ddb95d53a10d0db66509598c4e48e6f3f60035991daf0cc9d19432,04c74d70d9093e610032896e77bfea009e096bb0367cd9d14e40f5f770368b08
1161,IWC-IW5009-08,IWC,Pilots Watches — SS BP LPP 46-BLUE IXNUM-STRAP,exact,,exact-existing,2cbdc2ec80c9e1985cf72db1a164626819798ed1c0ec7206cb744825bd18576d,58c3eb4585ccd6f0115c578c38e2cc7a67f98d7464bb70fc1925cf3c4b4908a8
1162,BREI-EB0134101M1E1-v2,Breitling,TI CHRMT B01 42-GRY IX-BLK SUBS-RLX BRC,alias,BREI-EB0134101M1E1,v2-exact,bc789b3ce7506d1fadc419b940c0af664a1cbf3143acd8a686d6de86c822757e,959ab632a54cbc82c911be858de2292104c8d7e4085c6eccaec2ab51956f1edf
1163,BREI-W1123,Breitling,BREITLING Chronomat B01 Automatic SS 42MM Blue Dial Men's Watch UB,alias,W1123,brand-prefix-exact,7f9594e4ba35d6840c34c78b1d0f1db4ac90e273aa0d8623458a6324c48d100c,73aabe10d957b746563d0ed5b6d0c24446c91f552ec8cf091f5cdea140ccb947
1164,TUDR-WWNM79310-0001,Tudor,"Tudor Black Bay Chrono Yellow and Black ""Bumblebee"" Dial Steel Men's Watch M79310-0001",alias,WWNM79310-0001,brand-prefix-exact,9454a79ab17f5e4f986768434c167a0355be24a6e24b7c76577b3bda5af31d99,845adf59f0cb1681d4f2d063f16b9b8a6e9b4e9ecb0b8485021b806e0ff8bd72
1165,BREI-SB04452A1C1X1-v2,Breitling,BLKcer SPR AVI B04 CHR F4U 46-BLUE-BLK MIL-DB,alias,BREI-SB04452A1C1X1,v2-exact,7c6050900dbc6ab267340a0a6681601c46cc01646dfe17978a85dd047bcecc49,c1c184a34e3064e195df5c62b6404fcf9a7c223b3fd9562b728d468bb9dbe542
1166,IWC-IW3879-07-v2,IWC,Pilots Watches — BRZ PILOT MR PORTER LE 41-BLK-STRAP,alias,IWC-IW3879-07,v2-exact,38f6f155c432da6e55e90d97c6a19085a029b5c9594e87b15f010faff8aaeeed,c321021ecba75afe363f3bfd092843c78dad1c801ba5328c3d5c50cd1a19f81a
1167,BREI-WW102,Breitling,Breitling Classic Avi Super Avi B04 Chronograph Gmt Ss 46MM P-51,alias,WW102,brand-prefix-exact,df4cd8d75147d6dfa94148b76d55cca265e38ad1e887e6b2c8bb60d8d2addf10,4761f12f009429d7f0f87f01216cb327cb0e69f155ede2868d613ba2cce208a9
1168,BREI-W135,Breitling,BREITLING Super Chronomat 38MM 18K Rose Gold Diamond Bezel Green L,alias,W135,brand-prefix-exact,284168abcbe49a6404b7af27881152e84acb0b5bf90d789ba6af34c7baaf1a38,aacb87031bcc38961ac194a3dc653f36335d27d0f69588476e18de49db92a0bc
1169,BREI-WW595,Breitling,Breitling Super Avi B04 Gmt 46 Mosquito Ss Leather Men's Watch,alias,WW595,brand-prefix-exact,1cbd00e01a27482b892fbc421c576e2f0bc8f0aa3dbaea86dcf9cc6460ab58ce,16d4227c15822e441db4ce523ae27a2ac085372a76e8dc7bee75c7f366ebac15
1170,BREI-YB04451A1B1A1-v2,Breitling,SS SPR AVI B04 CHR GMT MOSQ46-BLK-SLV SUB-PILOT BRC,alias,BREI-YB04451A1B1A1,v2-exact,d94246dd613c3b06ad6aef4a8518c4e5798d5542816b0d127282a8ab084302bb,ff98eb4d9034516bd2fd86f74a2cc44e084ba4dbe67f12c3d8c33aa95ba7796c
1171,BREI-W126,Breitling,BREITLING Chronomat Automatic 36MM Diamond Bezel Women's Watch G10,alias,W126,brand-prefix-exact,06e0b6f05b5524d6f8ae596164aa0d3d3a715972f545180a54f8e68a69da572d,8c9eefad155e985f03881ef131acfcd651a5ba1e49ae43c009185188aa3cd2e4
1172,BREI-W112,Breitling,BREITLING Chronomat Quartz 32MM MOP Diamond Dial Two-Tone Women's,alias,W112,brand-prefix-exact,6cdc00476c5070ef4587409d77f9481d08b8d6d19e13c89e8ed2ea0cf8997a4a,3261c2b8ca12085661d1c8e5d2a86bf09a73d93f78937c94878d309110c4621d
1173,BREI-AB04453A1B1A1-v2,Breitling,SS CLS AVI CHR GMT MUSTANG 45-BLK NUM-PILOT,alias,BREI-AB04453A1B1A1,v2-exact,1b01d0e5fc3901c4a9452079bdca562a48f36fc220fed38bca30500c1a69868b,aba4f7572d8968bda93d4c78feab04f86c05ee958983d7995e979002b6ce1d82
1174,BREI-W1115,Breitling,BREITLING Super Chronomat B01 44MM Green Dial Rubber Men's Watch U,alias,W1115,brand-prefix-exact,85dd1d114ff8001050efe3094139a10470ce2ab37b94ef67d5e257eea855aeb0,b409ead7f6d6a9edf05c766296419016f0f99697ae03d895b280d839f9a2d531
1175,OMEG-WWN311.92.44.51.01.005,Omega,Omega Speedmaster Dark Side of the Moon Chronograph Black Nylon Strap Men's Watch 311.92.44.51.01.005,alias,WWN311.92.44.51.01.005,brand-prefix-exact,5b07166e0695838615d17f39df3023f89ab2918a661ad1082697aaf2827c8784,52e9e66e001a455fb6de351d0aa62b3220509a5d00c23f1be2d2e28d4b475f02
1176,BREI-A17356531C1P1-v2,Breitling,SS CHRMT AUTO36-BLUE IX-LAB DIAM BEZ-BLUE ALG-DB,alias,BREI-A17356531C1P1,v2-exact,3c68a36c85b9f719cf6c295718fd33856ebf0891d06ff66d3509c0d45f840737,c61a06c709d17fcdea07c3ae8d0ca165972ff40abaa3b2744f3804334b88610e
1177,BREI-W123,Breitling,BREITLING Premier B15 Duograph 42MM Blue Dial Leather Men's Watch,alias,W123,brand-prefix-exact,d6ade8af85777de2d284e574c35926094fdcd412bd0f43733a68aeb9e3802cc5,80c4821f10a02073c589a50caa57dc0a58b8a65062cf68da8871a0042b9ccd11
1178,BREI-WW416,Breitling,Breitling Avenger B01 Chronograph 44MM Black Leather Men's Watch,alias,WW416,brand-prefix-exact,529d853eb035a6a79aba55420b6fc9b823433e67dbf8c05c38563a7b85785a58,c363b8d19ca03fe1e50b1b37df092ee39997e4575968e03d8a43e1cf10456246
1179,BREI-AB04451A1C1X1-v2,Breitling,SS SPR AVI CHR GMT CORSAIR46-BLUE-BLK LTH-DB,alias,BREI-AB04451A1C1X1,v2-exact,2857e7df5e26c7a98bc2861b77fec69b1f8365f4c320ea6ad0bf4bf0add62b74,1754f862a9ec48eab47f74c882d6cc1abb7c656831ec0d07d94798129ad3ae0a
1180,BREI-W1156,Breitling,BREITLING Chronomat B01 42MM 18K Rose Gold Bezel Rubber Men's Watc,alias,W1156,brand-prefix-exact,0453cbef627e9bbd1853eab1ad9e79ae8cd99b29c2d30c160ea91d900d4ccdfb,5ffcc54e1f8a7bcf3cdca189eb20f15b2eed9a99ecea1149aac1c02e03621e5d
1181,BREI-W118,Breitling,BREITLING Super Chronomat 38MM Green Rubber Men's Watch U17356531L,alias,W118,brand-prefix-exact,40d43371599eff96ae7aa944f017c9160737a2b80de846546dd0c24ceb060612,07876f339ca9699b3950fbf94b80437beb20c2d75a72890388f38b2d1b015f2b
1182,BREI-W111,Breitling,BREITLING Chronomat Quartz 32MM Blue MOP Diamond Bezel Women's Wat,alias,W111,brand-prefix-exact,0cc86b56214975845207683dc11cc8964948ac13d78c955ec4d61916813a0b4d,2397bee78c9110d9b928343a77e053f5fb31ab92491642567fcb4b92b54bbf1d
1183,BREI-W1102,Breitling,BREITLING Chronomat B01 Triumph 42MM Leather Men's Watch TB0134101,alias,W1102,brand-prefix-exact,e597965fb6b341d3f986116081a112da650cee29769bd619bc5a36d94ca15078,f7cb4279020b88934be1901688dfbcae9e64bd39f8ff27c1dc5bc18f8e4aac6f
1184,BREI-A17356531C1S1-v2,Breitling,SS CHRMT AUTO36-BLUE IX-LAB DIAM BEZ-BLUE RLX RUB-DB,alias,BREI-A17356531C1S1,v2-exact,b3334da2b9adfa4a9d5dc47c72f12862388a04958a015535254e8c7358d22cc4,db7a88f2e3054b0500dcfe396757e72ed49e84920f882c80a9816e6cf18c61e6
1185,BREI-W1223,Breitling,BREITLING Super Chronomat B01 SS 44MM Black Dial Men's Watch AB013,alias,W1223,brand-prefix-exact,deb67dfe3a45da9847aec8ea2f9f5fb4427be2e1bb58ff3b31f06b21c504ecac,df2e03a234e96543f69d6d1aeb4e48343438542b635c4abd96df6e5ae885b29b
1186,BREI-WW231,Breitling,Breitling Avenger B01 Night Mission Chronograph 42MM Leather,alias,WW231,brand-prefix-exact,d6b28bcdbfef35b9a09201b5dd09b53d5dc9d895ed0b6432d414cc07165fdb17,edfc33daa83b8f56e3ae1132eaf2f09ddd66bf27d307d22794b0ce0d1faa1014
1187,BREI-WW404,Breitling,Breitling Super Avenger B01 Chronograph 46MM Blue Dial Leather,alias,WW404,brand-prefix-exact,64b0ae8751be525d979893f7d2c8b2759cd8594f1063a19f0c857334ec6b6f87,f0dbf42d9302c3557c71a4735e82e9c86b1c9369572815dfa0bfbb41209cdc7c
1188,BREI-SB01472A1B1X1-v2,Breitling,CER AVG B01 CHR NM BLDHDS44-GRY-BLK SUB-BLK MIL-DB,alias,BREI-SB01472A1B1X1,v2-exact,8c4ed7d1f7cfbcc029420b7f9ada0460d3de3a991cf0f5b165379f20dd295d2c,6592feb8723e5e88c3ff1ad29c4a39ca5311123c447d80eb175f6a8f6e27348d
1189,BREI-W191,Breitling,BREITLING Chronomat 28MM MOP Dial 18K Rose Gold Diamond Bezel Wome,alias,W191,brand-prefix-exact,2fb942e9404a93ede3fd13d254302e710ed6b4abfdbdc84de369c42118f61ca8,ec2d9ffc5472991aeb96a5e7b298a21d833da0c415a287ef40c8880cfb58fce4
1190,BREI-W17,Breitling,BREITLING Superocean Heritage B01 Chronograph 42MM Black Rubber Me,alias,W17,brand-prefix-exact,7a6eef7048a5f3a1ea3ab718840af14d6c4c543b71ca1fa22947c0a657b17774,3e786a8dd80d130862753c4e7c5c0259a8c315dd4787691e05abcc0a4236b5e5
1191,OMEG-WWN215.92.46.21.01.001,Omega,Omega Seamaster Planet Ocean 6000M Co-Axial Master Chronometer 45.5 mm Automatic Black Dial Fabric Strap Men's Watch 215.92.46.21.01.001,alias,WWN215.92.46.21.01.001,brand-prefix-exact,317aa0a6d458064e6d974c715822c797907a6d8c3011d40208b121a0267d33b5,d72a833981cf67b633fe672841078b102d3dd5cf36caf8dd355f95bda9dfe64b
1192,BREI-W1116,Breitling,BREITLING Chronomat B01 42MM Green Dial Rubber Men's Watch UB01341,alias,W1116,brand-prefix-exact,c03dbc7e3ce6109d732d75fe41a39661ca8b1685a61f967d61b1f6f18e31efce,1b88e62cbaa8f4224cdb6a97badfac370174b1527843791f557af8fe46bb5cf7
1193,BREI-EB0148101B1E1-v2,Breitling,TI SPR AVG B01 CHR46-BLK IX-PROFIII BRC,alias,BREI-EB0148101B1E1,v2-exact,3277ebdaa7f4871b8b49d5f0ca5bb82ad8c81c863ee7ad7ced46347f91d14c7c,f1cc6b57597e23a70d52bb7185bb1bff343540544035b1013e8e1b3b03fb4a92
1194,BREI-EB0148101C1E1-v2,Breitling,TI SPR AVG B01 CHR46-BLUE IX-BLK SUB-PRFIII BRC,alias,BREI-EB0148101C1E1,v2-exact,dab6ed3de85a4ba66d5f3e0f639e29919607188d32af49f1536823578fedf085,0d454ae6019e48847c4e1ccd9761efe26437377cedd94f0556f49aa57b4c30a2
1195,BREI-SB01473A1B1X1-v2,Breitling,CER AVG B01 CHR NM DEVILS44-BLK-BLK MILT-DB,alias,BREI-SB01473A1B1X1,v2-exact,e59e526096fcf348b9770f2fec6bae80adf874de6189f2d05df33cf7d9c4fd5d,23954381f5cfac3dfdef894f4ee68fbd5cd001a067fbbf648f52dc4e43c34703
1196,BREI-W1216,Breitling,BREITLING Navitimer B01 CHRONO SS 46MM Green Dial Men's Watch AB01,alias,W1216,brand-prefix-exact,852483f0cb3ec4e73c013fcd443db0d8544f73276a4a03989cae1e8ecf6d3b14,a5ae7c07b7741cb7e425affcb1995ca1b62bbbd450e58d90e6a22242f40c51e1
1197,BREI-W1200,Breitling,BREITLING Navitimer B01 CHRONO 46MM SS Blue Dial Men's Watch AB013,alias,W1200,brand-prefix-exact,cd6efbbcf90ccbc1386ae8d5148be9ee51d6f2b01da893e52b7b1ef7bdbc658b,76c374be09766b62ede97423ed863c7f593942e0cc764b5bd6953125a3523885
1198,BREI-W1131,Breitling,BREITLING Navitimer B01 Automatic Chronograph 41MM Silver Dial Men,alias,W1131,brand-prefix-exact,ebb5b0af06ea81d80da9abf1ad6830aa157dee9dcbc7f5c55fa855145361630a,2f8f06b66af724c48cadf14a10502a938c9e6c60d01e1f8d96c4f6ca8002345c
1199,BREI-W1199,Breitling,BREITLING Navitimer B01 CHRONO 43MM SS Silver Dial Men's Watch AB0,alias,W1199,brand-prefix-exact,e85f3df9280effc05afc8e2641a0d1f89905040a4e3abdd9d72e0efd3c0c01cf,8a253269c7d32cdc02348c9ec7e5de56e3dc8aceb0562d38b4d1b48dbfcabb97
1200,OMEG-W1221,Omega,OMEGA De Ville Prestige AUTO SS 36.8MM Men's Watch 424.25.37.20.58,alias,W1221,brand-prefix-exact,a72e8d35286709953e9840dfbe88d6f6587e9c6f2750de9c51b6cec6be266c9a,941ab8f1470c254c2ee4e0716bf0311d1b063efe9577cf48367e719ffffcd11c
1201,BREI-AB0930F51H1P1-v2,Breitling,SS PREM B09 CHR40-CHP NUM-BRW ALG-DB,alias,BREI-AB0930F51H1P1,v2-exact,b908f9a355315215634d15174297532e3dc3e27d4041cb39f10706bf261f25b6,b43592062c8ef063aec64d8c70b8924a6b6592670625584b6b4b8fba8c80da7e
1202,BREI-SB0148101B1X1-v2,Breitling,CER SPR AVG CHR NM46-BLK CARB-GRN MIL-DB,alias,BREI-SB0148101B1X1,v2-exact,08b05aa58997e6fad1651fe6e81eda274a674ae2a9d5bf6384f9040f1de6baba,ff38f45e28b91e0f2bba500fb2e482392e6b82ac7cae5a99c81a40595a7eb656
1203,BREI-W136,Breitling,BREITLING Super AVI B04 P-51 Mustang Chronograph 46MM Black Dial L,alias,W136,brand-prefix-exact,04124a8bf502c1786bc08069f4ad873bff41014b89b25dbc3a7ce8263a34f1ea,a564be6337b1f2cfea5b55efd219d7ac9d3efaa821061c8d2dff0f163caa84bc
1204,BREI-W125,Breitling,BREITLING Super AVI B04 P-51 Mustang Chronograph 46MM Black Dial L,alias,W125,brand-prefix-exact,22f0c4c6f9fdac0930552500fbfab405e9dd5f8875f9a184a285760229a35a2f,549f0632034382c79b1599c74a3a39493a7ae891dad5f4a0932b0f85239f5ff9
1205,BREI-W1206,Breitling,BREITLING Chronomat B01 AUTO 42MM SS Grey Dial Men's Watch EB01341,alias,W1206,brand-prefix-exact,11dcbeb37f6f80bf23d5600278002909e0d7ab7fc5c53428c800116bc70ea9d3,5bff24ce1b9d2f2be59a79ff18d917340220fb6a1839a67a7ad9e77c38ce22ab
1206,BREI-SB0146101B1X1-v2,Breitling,CER AVG B01 CHR NM42-CARB-TAN MIL-DB,alias,BREI-SB0146101B1X1,v2-exact,782fd5f3054ca76d974041e189cf39f783d914992925d468ca1aae943e78ac97,75b8925e92b730be5bef063e0f25d549fbc33e35e557c3ee7e8e4c7038d335c7
1207,BREI-AB0134101C1A1-v2,Breitling,SS CHRMT B01 42-BLU IX-BLK SUBS-RLX BRC,alias,BREI-AB0134101C1A1,v2-exact,ea668c2cbbb8c7dd13f4cd9b3fd614eb37fba533088924d657b02f1dd75cbd7b,b0da6623cc9c1743696b67019e9cd77c10d11ff6b56e54d2a37482712fc5d8f5
1208,BREI-AB0134101G1A1-v2,Breitling,SS CHRMT B01 42-SLV-BLK SUBS-RLX BRC,alias,BREI-AB0134101G1A1,v2-exact,b579f0892c1156fbaaae03d6e74c273a8717be4584f9454b478e1ea2e97f2258,e7ed916c1b5179ecdc6db5fc37f80f1b49c4456532955aa79cecd424e41cb0f2
1209,BREI-AB0134101K1A1-v2,Breitling,SS CHRMT B01 42-COPPER IX-BLK SUBS-SS RLX BRC,alias,BREI-AB0134101K1A1,v2-exact,f51d040466f59af0d884cf0fa3d9bdb251691e708c373a84614012af29192397,351dd46ab3e316c8220f1bba42eb71b3ab3f6cd3bc887fe4a5faf18e6a2cb5da
1210,BREI-AB0162121G1A1-v2,Breitling,SS SOH B01 CHR44-SLV IX-BLK SUBS-BLK CER-OC BRC,alias,BREI-AB0162121G1A1,v2-exact,1ba0c434718380b2dd31e346f9e3dfb243de740192f78c74b1f281d257ef23ee,57c84638ed77048279095ff53d36ab562dd76abbe86558c998601a4eda99aaa0
1211,BREI-AB0162121B1A1-v2,Breitling,SS SOH CHR 44-BLK IX-SLV SUBS-BLK CER-OC BRC,alias,BREI-AB0162121B1A1,v2-exact,8adb11a8cb785d9a30e1077e3cb4aa1d76c69cbe72fe6acce02d0bd146dec417,793967505aec626b278ca7970f3cecd65805298b2ade5a145c2a60709946ab67
1212,BREI-W195,Breitling,BREITLING Chronomat Automatic Diamond 36MM Green Dial Bezel Unisex,alias,W195,brand-prefix-exact,ad4eb5f21576989cecb1ec45217333c0a70fb8ae059080a9083ef86c7f599194,77dabc2761d303c04ac6ef6332738c4a65f0c073c489bae5cd27b2100da5e835
1213,BREI-EB0148101B1X1-v2,Breitling,TI SPR AVG B01 CHR46-BLK IX-BLK MIL-DB,alias,BREI-EB0148101B1X1,v2-exact,11fc4fca1bb73f8ef51943af97a215d98eece7c691880436ebd0b6a79768d351,4df6da33558157bacae81edfc51c1f107c432773b31980a5a40d58a87ed7fd76
1214,BREI-AB0134101G1S2-v2,Breitling,SS CHRMT B01 42-SLV IX-BLK SUBS-BLK RLX-DB,alias,BREI-AB0134101G1S2,v2-exact,f5e715fa5d75ec04dfdd73f71fa98b22297ec9de48238a081287b6fcd7f771ac,a70d9373ba0720818c332c10289b814015b1824ca3e38d1dd67fa72a4995840f
1215,BREI-AB0134101L2S1,Breitling,SS CHRMT B01 42-GRN IX-BLK SUBS-GRN RLX-DB,exact,,exact-existing,09a5ebfceda39a3072e6bb6a960256eb05c5d7cf54d8724e57b61ce317fffa52,222da64996b661451ca48cbc0746ced43901f69641f246ded50cc08df07fca62
1216,BREI-AB0162121C1S1-v2,Breitling,SS SOH B01 CHR44-BLUE-BLK SUB-BLK AERO-DB,alias,BREI-AB0162121C1S1,v2-exact,3dc24de023d0e6f34dc4e5cd713d7e4ca4e38cf443019cd7e29f07b061034026,2ea855e4e22b6151a182729ae314501feec93d2e522ec8c0f63630e8419ec0f7
1217,BREI-AB0162121B1S1-v2,Breitling,SS SOH B01 CHR44-BLK IX-SLV SUB-BLK CER-BLK AERO-DB,alias,BREI-AB0162121B1S1,v2-exact,89cc5c8eceed71ef8e77582da759e45fb93b605803adcf04ce25967e76b88284,ffa907cbf30dd4dd2a0a1c6c3a24dad8eccae407eb83e697f816faa874d7bd96
1218,BREI-AB0162121G1S1-v2,Breitling,SS SOH CHR 44-SLV IX-BLK SUBS-BLK CER-BLK AERO RUB-DB,alias,BREI-AB0162121G1S1,v2-exact,c5d7c890f19974eb328c3db045546a02d1473a3b9b2d7fc633551634b611ba27,a88831a6a546077da5efc4fbe15985df2bebe65053dc3383024cb9216b0a56e9
1219,BREI-W1124,Breitling,BREITLING Chronomat Quartz 32MM Diamond MOP Dial Women's Watch U77,alias,W1124,brand-prefix-exact,423fa969c2910b23341ead67216373dddf057b6cc0829a2773bb04a05229c7ba,a7baa59c703cb1a177e4c48aff834ed21c336599f1621680237c24406483dd10
1220,BREI-AB01342B1B3S1-v2,Breitling,SS CHRMT B01 NFL FALCONS 42-BLK IX-SLV SUBS-BLK RLX RUB-DB,alias,BREI-AB01342B1B3S1,v2-exact,a6f36abe6c11eead252a991031eb1a5d907901ad17814069fd6c61a122799e1a,ae3d805b535ec4674ff16175391f65126f52f716df0cfc7b6f71d42737d266ba
1221,BREI-AB01342B1B4S1-v2,Breitling,SS CHRMT NFL SAINTS 42-BLK IX-SLV SUBS-BLK RLX RUB-DB,alias,BREI-AB01342B1B4S1,v2-exact,415be4f10e677ecfcf49bad2a04a113bf72bc5a719598a8b7b33013f10ef113b,73d3a5aa7372886884cb15084bb7bb4d1a23eb155519792acdb06e7c8f6eeec3
1222,BREI-AB01342B1B5S1-v2,Breitling,SS CHRMT NFL PANTHERS 42-BLK IX-SLV SUBS-BLK RLX RUB-DB,alias,BREI-AB01342B1B5S1,v2-exact,f0465285d7ad986b4857836a18ad7318e868ccd6145149b3c6c98e11a61b4379,1150e9da641a83cb1801284617ccf7a8f88baa2ce5f1a7dcd0b69b9ee2223fc0
1223,BREI-AB01342B1B6S1-v2,Breitling,SS CHRMT B01 NFL BROWNS 42-BRWN IX-SLV SUBS-BLK RLX RUB-DB,alias,BREI-AB01342B1B6S1,v2-exact,470d6fceefd6cefb327373a36916fbadba4b5387482c3c02ac5cadab996e9a37,7c844a0fde3271c69b7aaffcecbba9aa2657277ac7f331f2e2395628ba9f6e3b
1224,BREI-AB01342B1C2S1-v2,Breitling,SS CHRMT B01 NFL COLTS 42-BLUE IX-SLV SUBS-BLK RLX RUB-DB,alias,BREI-AB01342B1C2S1,v2-exact,0b8fcf7529407eceb51203eaed918d5f31b7a2e052f2e30fc1f7f73ccbf6d744,1ea5a46a1c2352ad86a65faff353090f0a0417a9d8af859f07891e23eee0abee
1225,BREI-AB01342B1C6S1-v2,Breitling,SS CHRMT NFL TITANS 42-DK BLUE-SLV SUBS-BLK RLX RUB-DB,alias,BREI-AB01342B1C6S1,v2-exact,443e00ad38293d9b7252c36cdcd0ccb7c57ae15a12fb44278923230d67d4a7ef,f4c8b3bebde9e0ab3b9792d515d77143ff802f408102f3bdd3741087875b1bee
1226,BREI-AB01342B1C8S1-v2,Breitling,SS CHRMT B01 NFL CHARGERS 42-BLUE IX-SLV SUBS-BLK RLX RUB-DB,alias,BREI-AB01342B1C8S1,v2-exact,e416d044140e9e7247adc9a23ce5fc31ff76c4f54bfe897dbd0a8b6a8fe599c6,a0d9e4770e1b23361de29eb8930dba3e4ded7f8b70b048d3d05d10ffdb960691
1227,BREI-AB01342B1C9S1,Breitling,SS CHRMT B01 RAMS 42-BLUE IX-SLV SUBS-BLK RLX RUB-DB,exact,,exact-existing,a04e6d28c6e76b62e1dd396373830690f11d4928f4b5f7521d968f217ed2a2c5,6165a41223ac4c9cc3b70acd6c2e9996fb5bce6c283253802ddfeb4c45744f9c
1228,BREI-AB01342B1CBS1,Breitling,SS CHRMT NFL TEXANS 42-DK BLUE IX-SLV SUBS-BLK RLX RUB-DB,exact,,exact-existing,1aabafbf98f20b982640c896569401e3698a3a09a00f0af0315f200bc9c6b37c,ee88682dec5b39c726d71212de8c67d170cf88de0904d89441f2d947c61a3b39
1229,BREI-AB01342B1K2S1,Breitling,SS CHRMT NFL RAVENS 42-PRP IX-SLV SUBS-BLK RLX RUB-DB,exact,,exact-existing,7ea5a80ee09dcff1ead440748d2427237b07d53484570f9a671d916e6970868d,71a4927a6a402f31a8e950ef1e0d16c7f821bbdf7894de1a3ca29a0eb1376f28
1230,BREI-AB01342B1K3S1,Breitling,SS CHRMT NFL COMMAND 42-BURG IX-SLV SUBS-BLK RLX RUB-DB,exact,,exact-existing,c8642db542b3cb967016c1e9ca8a8463b337811eda6ba6461c1b0bff69e60493,1d56238f3a959e233fdf11b9d333bd59ce7fda3b31d72ff0117901085b3df7ba
1231,BREI-AB01342B1K6S1,Breitling,SS CHRMT NFL CARDINALS 42-RED IX-SLV SUBS-BLK RLX RUB-DB,exact,,exact-existing,f6c23c9b30978098f8ae740c005a35c8d187d833d5705a333912b70526b9d657,763fab32e342e84659e6c7110fbb0599b5001e0b8193c4496386487fbeee129a
1232,BREI-AB01342B1K7S1,Breitling,SS CHRMT B01 NFL BUCCAN 42-RED IX-SLV SUBS-BLK RLX RUB-DB,exact,,exact-existing,005afd3f4d34bbc095d041767291c0cd52e8c2b48f44275b3b8811710f53e7d6,e058c3de0b5cfe23a809813653a831f5e73b14c3832e90cd74e636b2f571f958
1233,BREI-AB01342B1L5S1,Breitling,SS CHRMT B01 NFL JETS 42-GRN IX-SLV SUBS-BLK RLX RUB-DB,exact,,exact-existing,ab93018f0ba042a9dc2efa5ca2504de96361d0548a22e636689b00022fd552a1,b49171ac0f51eaf0134e2a67ae4c7ea7ce4397927a6d503340dc246f553db980
1234,BREI-AB01342B1O1S1,Breitling,SS CHRMT B01 NFL BENGALS 42-ORG IX-SLV SUBS-BLK RLX RUB-DB,exact,,exact-existing,cb20ff6d651fd25a114d1c5b99290b5064c084e999d61d7cc90508a6ab3c9f04,015bb5bea559b289952a1ec51419c15ad1c0bbd8550fc22ff720abe539f92e4c
1235,BREI-W159,Breitling,BREITLING Top Time B01 Racing Automatic 38MM Black Dial Leather Me,alias,W159,brand-prefix-exact,47807ac5c8f6874af4143bcfee31cd67901815dbbb0511f03d595a6b7efbf58e,e9570e75b142e0b7abcfee1cf9f5def97dea16f6706307528fdb0b8bb84f4915
1236,BREI-U13313121B1A1-v2,Breitling,S/RG SOH CHR 44-BLK IX-RG/BLK CER BEZ-OC BRC,alias,BREI-U13313121B1A1,v2-exact,493fbf96ab8dff0b5db3b7a1f71693e13520b01dac3df44d578f26b18dd043cf,1a6ad9fff901c8e1f2074cc00622a176fc77ccb9811b538f838da80dbf3b0f40
1237,BREI-W128,Breitling,BREITLING Lady Premier Automatic 36MM Green Dial Diamond Bezel Wom,alias,W128,brand-prefix-exact,9cce5b9c79e12899ec5bddaea91839c085b22f454a0039431e9bd710d77dfade,282adc4de37ce97d7246c6fbe71c10e648b490138d9e3459527f57902e261a8f
1238,BREI-WWNTB0134101M1X1,Breitling,Breitling Chronomat B01 42 Triumph Limited Edition Chronograph Grey Dial Leather Strap Men's Watch TB0134101M1X1,alias,WWNTB0134101M1X1,brand-prefix-exact,4c0138bc99a88540343e48f3bced85095efbe70dc00f8b2a5ec1df9fa8a18410,1ff26458d45ef320280744a0d3653bf84e5ce485e0e4f5c5b0fbe8ed6c8c8e99
1239,BREI-W1204,Breitling,BREITLING Super Avi B04 GMT CHRONO 46 Mosquito Night Fighter Men's,alias,W1204,brand-prefix-exact,7244866ca401fd6441578a74572c17a5e1ebd507c09da888642b656b41a7161c,c830a3c9ac370d6d500221cdf4f19193fcf670a776e4d082ada7d4ac6072ce4e
1240,OMEG-W1178,Omega,OMEGA De Ville Prestige AUTO 32.7MM MOP Dial Leather Women's Watch,alias,W1178,brand-prefix-exact,956e31b40f6d3bd6469a256e0b66a9a96a84a26eaf4ca62b1ca73d2ecb948f46,d67dd466b5e6ee5eef85fce70e94bd068781e2e95c179f4431919329222baabb
1241,BREI-W185,Breitling,BREITLING Super Avi B04 Chronograph GMT 46MM Tribute to Vought F4U,alias,W185,brand-prefix-exact,dd437a5381f860ba922de1430b34aeeceb7f10ee38a5b89cb81ec3fd7664c53d,0e9aa558a0e447b5408234263dc2e669de79f50c695d76b0b0c61846e384eecb
1242,BREI-W1179,Breitling,BREITLING Super Avi B04 Chronograph GMT 46MM Tribute to Vought F4U,alias,W1179,brand-prefix-exact,e4652d0dd2da9856c8e589bfc7ba043b5dd98d3bcf214963e56d8b7c3c0a509e,192e9a916605b8822e9d5c6e56cbbcd9779f4848214befbb6f37ea2059b82ff9
1243,BREI-WW381,Breitling,Breitling Superocean Automatic Titanium 46MM Super Diver Men's,alias,WW381,brand-prefix-exact,aa252d0344ee9caa8acb28c42502b86dbbc4c79ce0dc06094804117ae4fe5a1e,b77f6ceb6ebe297046700066ccfb2c40a2ee81c693fca72501a830c7de9a9977
1244,BREI-W127,Breitling,BREITLING Chronomat Automatic GMT 40MM Blue Dial Rubber Men's Watc,alias,W127,brand-prefix-exact,1271d5b09a4de0f2735ef5c5f63767fbd2b6da853db4831c5d769e6b35a00099,9a24af2a63b9400f18d577ded8f472b790db372122567a009b343af69f38a7cf
1245,BREI-W1202,Breitling,BREITLING Super Avi B04 CHRONO GMT 46 Mosquito SS Men's Watch YB04,alias,W1202,brand-prefix-exact,f76d2319e8c7113a603d043120cab6bd04b3632c0cc11c554e8603a79b63d81b,a2b9d606d0f370a77de898d4619a3975d02e266cc41589d58f35fd49c02aa349
1246,BREI-W1180,Breitling,BREITLING Super Avi B04 CHRONO GMT 46 Mosquito SS Men's Watch YB04,alias,W1180,brand-prefix-exact,ebdf0b27e5417c7685dda5bcf0844319b296a6bf60574ee01b3fb6aa3f4bfd68,a422ee7f992ce8c65222abbcdbba828bdfa4deb3555345d6560f42c2f94e3880
1247,OMEG-WWN332.10.41.51.01.002,Omega,Omega Speedmaster Pilot Chronograph Black Dial Stainless Steel Men's Watch 332.10.41.51.01.002,alias,WWN332.10.41.51.01.002,brand-prefix-exact,a39646283d98661fd7c5867a6e709d8f782e7b25b5a4dfee29067c15a2ed8191,76319e318a60f0cf8843444b5b1a3ffaadfca89976ffb41555114b21fb37f33c
1248,BREI-W1203,Breitling,BREITLING Superocean AUTO 42MM Rubber Men's Watch U17375211B1S1,alias,W1203,brand-prefix-exact,8c2964dc315458c82a7aa1f822d07ac83d38134afb7c407f99b713e946e31132,bd7d516120395610823beec5fa138595a0a46308c32b679eed1d3a491eec4745
1249,BREI-W1163,Breitling,BREITLING Top Time B01 Ford Mustang Automatic 41MM Green Dial Men',alias,W1163,brand-prefix-exact,bbf5cd9db930b467099300d52629f0dcc4babaa62dfde735cb0b8de7c2a3ca60,4d8a512225b0f889855b666daf77e74b3c1b25b1939ecf9986ecab2f19425ab1
1250,BREI-M13313101C1S1-v2,Breitling,BLKss SOH CHR 44-BLUE IX-BLK CER-BLK AERO RUB-DB,alias,BREI-M13313101C1S1,v2-exact,b46a32eedf329d38491f07925461f5a7ca4b045fa4e062adcfc78bcf8a37906c,7cc954eebf99c47f5d619c62e83762bc3c44459f1e8b1687398fd3692376ee52
1251,BREI-W140,Breitling,BREITLING Premier B09 Chronograph 40MM Champagne Dial Leather Men',alias,W140,brand-prefix-exact,2672e805b4ebd335f8ae3853265052f637d58faab2f42bdbed42b4b93d96402c,09c76fe91adeb52da5294e8af9a5cfa8bd663ec75a43b1e4607c88b11783c3af
1252,BREI-W1164,Breitling,BREITLING Top Time B01 Chevrolet Corvette Automatic 41MM Red Dial,alias,W1164,brand-prefix-exact,72e5a082b611e66e1d4ab0bdc03be59dc3399296cb702a3a454ce9d30251c884,5e2d4bbeeb8950a8bd849894f01bcb0300eadac03ff5218065e3f0072663b979
1253,BREI-AB01762A1L1A1-v2,Breitling,SS TOP TIME B01 FORD MUSTANG 41-GRN IX-BLK SUBS-OC BRC,alias,BREI-AB01762A1L1A1,v2-exact,b51fc1d0dd084ce4026b980ab0962f4c1d604323d0448511c37469da82c1747a,f24e77ad56b63834fac0bc46ccb0ab6f530b3b07350be57a9d4dca55385cd567
1254,BREI-AB01763A1C1A1-v2,Breitling,SS TOP TIME B01 SHELBY COBRA 41-BLUE IX-SLV SUBS-OC BRC,alias,BREI-AB01763A1C1A1,v2-exact,a586fe7a2d45d61cd4403eee99d7c003a7fd6b3d947a154ef6fe04221c3dda1d,18b1f3b91530263b5f59fc9cb43a66ff8fc5ce357c4b4c6a428773b81e5620ad
1255,BREI-AB01765A1B1A1-v2,Breitling,SS TOP TIME B01 DEUS 41-BLK IX-SLV SUBS-OC BRC,alias,BREI-AB01765A1B1A1,v2-exact,b5d379ecfc9fb25135444d13f81f02af240d4afc0496e0620d8d3dc7e3258d52,e6e5782be8e9002a1c2ac086d05a347db65a0fad0edaffb84c9f3cff04145d9e
1256,BREI-W1167,Breitling,BREITLING Premier B01 Automatic Chronograph 42MM Peach Dial Men's,alias,W1167,brand-prefix-exact,3aea3fd4860ad5d18b6cc288e9d1d0171ad62f5c7d0d01cd141c572e90251f4c,72b9daa38e2ea26cfbc1e0d255aeeabf549e2b9f551ae3bf44020ec8c62c9485
1257,BREI-W1162,Breitling,BREITLING Top Time B01 Triumph Automatic 41MM Blue Dial Men's Watc,alias,W1162,brand-prefix-exact,e22c46f2e505d8519f40258291e04f42641e4190b1c83daeeab07ce7d8b67a92,50979d8923dedbb712bcc82d56f45a24eacc0ef0896b4adfa283e46d3c265d52
1258,BREI-A24315101B1A1-v2,Breitling,SS AVG CHR GMT45-BLK-GRY SUBS-PROFIII BRC,alias,BREI-A24315101B1A1,v2-exact,6e3488d731daba377147b67f9039d1d6cf88691088c7adeeee37d32d1936e7cb,3b514760ea5a1378c002f38250333ca44b233f99b7d2c1497538166144b83d7f
1259,OMEG-WWN215.33.44.22.01.001,Omega,Omega Seamaster Planet Ocean 600M GMT Black Dial Rubber & Leather Strap Men's Watch 215.33.44.22.01.001,alias,WWN215.33.44.22.01.001,brand-prefix-exact,d8a5fb7fdb6a732589df68daea6318e09b4c10a3cc9d2034b08cfbb16a301825,80f4a135831d62dea9282cd958093492471487952eb3a2051cb0d624f95e1260
1260,BREI-W10,Breitling,BREITLING Top Time B01 Deus Automatic 41MM Black Dial Leather Men',alias,W10,brand-prefix-exact,9f421eea542bc4b5db4568898d7dbb47d1a03255667cba6a382f1550d26591a2,2723591313b8d1071e05449473d9f6209c7d0d800572c4c0ea217898b3f34911
1261,BREI-AB01765A1B1X1-v2,Breitling,SS TT B01 DEUS 41-BLK IX-SLV SUB-BLK LTH-DB,alias,BREI-AB01765A1B1X1,v2-exact,6f56f264f697e483c0d33a1b170a37bea694c436d12afef31bf4000e92d08bfe,95ddcfd50780e4bc29f4467387d0cb154a0e833ccd7919b9783129613a550117
1262,BREI-E10379351B1E1-v2,Breitling,TI SO SPR DIVE46-BLK/GRY-BLK CER-PRFIII BRC,alias,BREI-E10379351B1E1,v2-exact,281e4361ad8f6c4fb7d4a881701285a84fb632986ab1416e93a06af9db4c42c5,38e87a087ea1c18890ad740e9151026d5672cc727924e2d41ac1e9b452ea07a8
1263,BREI-E10379D31L1E1-v2,Breitling,TI SO SPR DIVER46-GRN/BLK CAMO-TI PRF III BRC,alias,BREI-E10379D31L1E1,v2-exact,571dbab7d4f0ff1042e9c3bd3e801d820cd811561a4c61b27e55abfe27593a48,864de2429849e37a7c50aecb86920714b1f91e021a438a1cdf6ba46158b1e63c
1264,BREI-W130,Breitling,BREITLING Lady Premier Quartz 32MM Blue Dial Diamond Bezel Women's,alias,W130,brand-prefix-exact,6d99ba357389bba76cda62927882f141eea13b16cd3550eb1d6a219d1c5c72c6,5be6ae04b79e92a61e121595c00eef4db1455cf92479636b4377b9187b93f82d
1265,BREI-WW814,Breitling,BREITLING Lady Premier Quartz 32MM Blue Dial Diamond Bezel Women's,alias,WW814,brand-prefix-exact,aad4a96dcbd0008f66bd4dd7a0cb467d417f73ca12e973db097f359bc2aa9dd6,27b3a85d4a94f3b58b57a86e509872badcc7a67d322b2f77987a133da7b46d69
1266,BREI-WWNAB0136251B1A2 UTC,Breitling,Breitling Super Chronomat B01 44 Automatic UTC Module Black Dial Steel Men's Watch AB0136251B1A2 UTC,alias,WWNAB0136251B1A2 UTC,brand-prefix-exact,b5d83ab2fa69b027873b6aaad48f43dabdbe788b69505d35121827f981d14157,a8de9252934ad2df88a11d07a2e5ff87e872bfc96efdcfc582299fb0bea4eece
1267,BREI-AB0146101B1A1-v2,Breitling,SS AVG B01 CHR42-BLK IX-PROF III BRC,alias,BREI-AB0146101B1A1,v2-exact,4856b2c857dee4df2ba5afb1797b4e7694e5779e0949da67b583743ebc39d6b4,6fab85c41e661bee4bf1f2277e219b5d3eab91e7ee85e712648610ffefec5f99
1268,BREI-AB0146101C1A1-v2,Breitling,SS AVG B01 CHR42-BLUE IX-BLK SUBS-PROFIII BRC,alias,BREI-AB0146101C1A1,v2-exact,54e03d6671498e711c77a3f46d0c998d5e068471123cd1077846bd52b2bdc3c6,09b1e501b0807c420106d6854381c591259f7609b7b85f6b88e806c3e791496a
1269,BREI-WW408,Breitling,Breitling Avenger B01 Chronograph 42MM Green Dial Leather,alias,WW408,brand-prefix-exact,1ae61d8b50daffea008855df95b3dd366d76e3dc542a70b1cffb5e5c2a02c9af,f378ff52aa0eae1b1c06aedb8da214394f2412b03c791e5281bad7fc6869aeaa
1270,BREI-W1245,Breitling,Breitling Avenger B01 Chronograph 42MM Green Dial Leather,alias,W1245,brand-prefix-exact,df27ef30a8a46190acd9cdafbe3de3f27b0adf9fe86d14f02b8765fea735fd22,e662f2b3f743b63515bfc01fd7406b79ee6700500e180fa8973c30e5f244f5ce
1271,OMEG-WWN210.22.42.20.01.002,Omega,Omega Seamaster Diver 300M Black Dial 18K Rose Gold Rubber Strap Men's Watch 210.22.42.20.01.002,alias,WWN210.22.42.20.01.002,brand-prefix-exact,a5f7cd6cc2ede9d262c4e8cd51ccefd409fcd7545073652dbefc89b0490f13ed,6e4202498a37cb147130c1a7b7f4d7946b5caa9e628ccd14f10067d7edf2350e
1272,OMEG-WWN215.30.46.51.01.002,Omega,Omega Seamaster Planet Ocean 600M Chronograph 45.5mm Black Dial Stainless Steel Men's Watch 215.30.46.51.01.002,alias,WWN215.30.46.51.01.002,brand-prefix-exact,04735bb0d59174f27f56293d643c16f3455cb36d767c99d33296f771c77cb5d4,c9cb12b45c75761d83248a6b6face04dd430f6609c26aa1cf82e4f6d11d90156
1273,BREI-AB0147101A1A1-v2,Breitling,SS AVG B01 CHR 44-BG IX-BLK SUBS-PROF III BRC,alias,BREI-AB0147101A1A1,v2-exact,512947eb38ebaa7adfd6f6f92ad3598794688b604dcb73262d19acb36f756a8c,7b38243a20df3b6b95bd20f011fb2edb70b5675273ae83bd4d1e6753d4bd260c
1274,BREI-A24315101C1A1-v2,Breitling,SS AVG CHR GMT45-BLUE-BLK SUBS-BRC,alias,BREI-A24315101C1A1,v2-exact,c7602778d7732ecbdb7147836ca8e6ca27f4c74bf08bdc28820513982f251984,eb11035a8a2dc41bb13e906c4b7615d8f1a85724ce2c9d6a32ce8550cae6b95f
1275,BREI-A13313121B1A1-v2,Breitling,SS SOH CHR44-BLK-BLK CER-OC BRC,alias,BREI-A13313121B1A1,v2-exact,52593cad3f15168e4dbf7adadcfe02fac2442c388acff368947781d93891fe0b,e93e4b49a535dbe3827dc1fe41456c14a4ba25e95dabfb6e384ab2a99a41e695
1276,BREI-A13313161C1A1-v2,Breitling,SS SOH CHR 44-BLUE IX-SS/BLUE CER-OC BRC,alias,BREI-A13313161C1A1,v2-exact,3c072b2ca83e25ff96531678ee6db1b4d37008bb3dbd8dcec28386bba2cf77c9,afcaf17d67cf6e5f565f178a6854b682ea0bb0a3fac7c2c7f41549fc31d12c73
1277,BREI-WWNA10380591A1A1,Breitling,Breitling Chronomat Automatic 36 White Dial Diamond Bezel Steel Women's Watch A10380591A1A1,alias,WWNA10380591A1A1,brand-prefix-exact,f98c32bdae51125143f52138339414237a0d58cfe680ba389457885a1ff52f05,3fe71acb7374bf8bed3d1fb2393979e0b2430f108d54fe85cb4ad347b216c555
1278,BREI-W154,Breitling,BREITLING Chronomat SS 28MM Diamond Black MOP Dial Women's Watch A,alias,W154,brand-prefix-exact,87962be526fb51333b8eb680a6930281bf0bf1a84acf2eca93fe6b6e39d71273,aae981b5b4dd11a1237ac375a1cb935b21ebf914e33514b59cc589f032ec3eed
1279,BREI-WW868,Breitling,BREITLING Chronomat SS 28MM Diamond Black MOP Dial Women's Watch A,alias,WW868,brand-prefix-exact,b9c86de20912f1ff06c24d4eda9c7d27888aaabed4d54ad73d5a8330e8d0f443,52dd0e226064aaba8fd8ac6dd51fb3e9d3512a0bf90752e5c0ca685d05c4a8ac
1280,BREI-A24315101B1X1-v2,Breitling,SS AVG CHR GMT45-BLK-GRY SUBS-BLK MILIT-TG,alias,BREI-A24315101B1X1,v2-exact,6f07f98d30411e56479bcf6eb631e48a5cc1953a2bc43181fc704008769ca2d2,b721f3acad752b48ba8578dad20da907212d942db2afc090c1cd45a9d07b57ad
1281,BREI-UB2030121B1S1-v2,Breitling,S/RG SOH B20 44-BLK IX-RG/BLK CER-BLK AERO CLS-DB,alias,BREI-UB2030121B1S1,v2-exact,3728504cd7829456a9dfc17bc6fed539789b6a19cf336ae95f5cb95a82f529be,584c4b964bf4e081dd5cc7ff2d2775132b4322a45650007e9bb878fc09db031a
1282,OMEG-WWN435.13.40.22.01.001,Omega,Omega De Ville Tresor Black Dial Leather Strap Men's Watch 435.13.40.22.01.001,alias,WWN435.13.40.22.01.001,brand-prefix-exact,03cd14b16371514ca8d0c66caed3cc09f40b7618b9b942408864945d07c7899c,9611afce64ae51f952692c13f1377790e82882962bd72a17361962c376c0e189
1283,BREI-W1218,Breitling,BREITLING Superocean Heritage CHRONO AUTO 44MM Men's Watch M133132,alias,W1218,brand-prefix-exact,c13a36c152e4df3bbdd0e7f457a89e2af87ce3b093d34014a6d83f837439d6b5,29725864f8bde8d311f31a5232e9fe7763bdc3a094de19cb6b18465539f10ea5
1284,BREI-UB2010121B1S1-v2,Breitling,S/RG SOH B20 42-BLK IX-RG/BLK CER-BLK AERO RUB-DB,alias,BREI-UB2010121B1S1,v2-exact,31cb1989afd83c3ee3948602f50251680b66c975b805f32a39ea4a08cb3ed0f4,d3edb450e9b29e891dee3993b671aa7626338dfb50e61006cfcae55955360a9f
1285,BREI-AB0146101L1X1-v2,Breitling,SS AVG B01 CHR42-GRN-BLK SUB-GRN MIL-DB,alias,BREI-AB0146101L1X1,v2-exact,9bb890181c836191a290b8945021b2b8e2da1d9d860a73487d53b5b3df6482fc,421bc1131fd74f6d95773a9648a740c927d4dbd321a14c3742ef1cf49f917430
1286,BREI-AB0147101L1X1-v2,Breitling,SS AVG B01 CHR 44-GRN IX-BLK SUBS-GRN MIL-DB,alias,BREI-AB0147101L1X1,v2-exact,db91bea6b5887c5eee9b5be948e016318c9d16a6a3a96ac5111997079845fcb8,cc01d76d61c8ae9f934b4a9b1f457650db54662f24d3c7ed81ef31f34656f081
1287,BREI-A37330121A1A1-v2,Breitling,SS GALACTIC36-MOP DIAM-PILOT BRC,alias,BREI-A37330121A1A1,v2-exact,a79ed89bc90e76e4261b78b7d8395ed6e79861489f47a6ba19c5fb7d2fa76ec3,82d18eff5a34e3571b1671da4ad3306a13ae10f2a4cc49e698c1e985107835a1
1288,BREI-A13313161C1S1-v2,Breitling,SS SOH CHR 44-BLUE IX-SS/BLUE CER-BLUE AERO-DB,alias,BREI-A13313161C1S1,v2-exact,d08d094825da1bbe954545ab10db0480a7e81ee1db7a66850346a006415d8bbf,bf114e32008dcac934ac46864b76841ba4d71ef247fc75f897a450a6ed98563c
1289,BREI-A13313121B1S1-v2,Breitling,SS SOHII CHR44-BLK-BLK CER-BLK AC-DB,alias,BREI-A13313121B1S1,v2-exact,d51dba5928319fa91b33616792f4c6565b12be92cb2f289c52559c6d988f2d3d,d78defdf5ed1345566c473fc0c051887477e7cda067d91e8558f70812d1dd689
1290,OMEG-W1161,Omega,OMEGA Seamaster 42MM Auto Blue Dial Men's Watch 210.32.42.20.03.00,alias,W1161,brand-prefix-exact,da6f659a4eb6361b3999e0631ccd769cc9255289889e5b3104ac4544a530b050,4b4cf84696edea5cf09b1872386860b40696e10ef49e4bb648041ddfae0bc870
1291,BREI-W116,Breitling,BREITLING Premier B01 Chronograph SS 42MM Green Dial Men's Watch A,alias,W116,brand-prefix-exact,555613f697a89c91dbb957e382da61b31ba7a82763cad13d640918c262b0c928,e898b8534a66fde515535c3be784ee8b7a6f5146d7ee81b150f3b21dcf578415
1292,BREI-A24315101C1X1-v2,Breitling,SS AVG CHR GMT45-BLUE-BLK SUB-BLUE MIL-TG,alias,BREI-A24315101C1X1,v2-exact,789341e7a6258d8d7af1bbb857a5a646d7f8673e7e154e0f0bcd2000bce30e19,eb03bb9847a4f38275f455249396bd649e728f2b2dea46f63d34dad9898cd338
1293,BREI-WWNA10380591L1A1,Breitling,Breitling Chronomat Automatic 36 Green Dial Diamond Bezel Steel Women's Watch A10380591L1A1,alias,WWNA10380591L1A1,brand-prefix-exact,ce3dc435c751efbba7bf5cf3d0ec85188c107d96e8f18d6a6adb9720abac9b82,e469bb909b77a8de833acf0464a0d819f7716ce792d4c09a2ce99129ae1b7373
1294,BREI-E10379D31L1S1-v2,Breitling,TI SO SPR DIVER46-GRN/BLK-GRN CER-GRN DPIV-DB,alias,BREI-E10379D31L1S1,v2-exact,98bbb36acfbef3ae322deda444663a6351a2c64eff780fb7dad0b585eb269dd8,876c50f324c28c9c8ef8350c1350a4d40053b39398de3c89981c30d124c302ef
1295,BREI-W16,Breitling,BREITLING Superocean Heritage B31 Automatic SS 40MM Black Dial Men,alias,W16,brand-prefix-exact,179ea35ea8f2fbf713de08484c39f642f9cd3eb67ee47a158a96de72a44a5bcc,0e1a64b3824376e02a6a27642eda01a22a3dcd49377677dd26003d74afc201f7
1296,BREI-WW388,Breitling,Breitling Superocean Automatic Ss 44MM Green Dial Men's Watch,alias,WW388,brand-prefix-exact,7855a7ad2d0ae23936431c4e8b64b04ec7174521c236a2c53ba572a780b924f4,b03a72250ead246d93ec71f61268dec939d2b2095b18a3990fd59e620af1a8b6
1297,BREI-WW465,Breitling,Breitling Avenger Automatic Gmt 44MM Blue Dial Men's Watch,alias,WW465,brand-prefix-exact,52d0d1e1bfc9327017045dabb819dd44f81121dba256cc4e6ab8ca41270464f2,6aa2badcc18da4a25e05f2fc36312906291da58e9cc8f0ab8e102c8469a5d54e
1298,BREI-WW624,Breitling,Breitling Navitimer Auto 41MM Black Leather Men's Watch,alias,WW624,brand-prefix-exact,ddd49c488b77d4addfb093be98177b4f06aa79867e966e84fc4cc0562f897218,01ae169ea375c32e1b297dfe32511053e82b46585f5d82ac40a700f377f8d2bb
1299,BREI-W1207,Breitling,BREITLING Navitimer AUTO GMT 41MM SS Beige Dial Men's Watch A32310,alias,W1207,brand-prefix-exact,f3194e70225d6ad34245eb72f1942a0b81665f410f359a567bd4e36ae510d6f2,bbe9686c1243b5d3ae4a4226d0c0a10c4c18115099a067b1676ca84ad35d3932
1300,BREI-WWNA17356531C1A1,Breitling,Breitling Super Chronomat Automatic 38 Ice Blue Dial Diamond Bezel Steel Women's Watch A17356531C1A1,alias,WWNA17356531C1A1,brand-prefix-exact,7682c4ba8d332e4c59e9314b39fc471ac42a742a63b522e40e720511e067bf57,9eb4fd90f8cd9ee89d521648c7c31e5e62000ad2a87d4d33712a146be07db72f
1301,BREI-W1220,Breitling,BREITLING Chronomat AUTO 36MM SS MOP Dial Women's Watch A10380101A,alias,W1220,brand-prefix-exact,f3e9d5af804e1965172a4b856f3c3872b90d153300773c0aa12c6dbf612d9f6d,e27053a79904e0676890693a3bdd65a0466bd31b38c51d8ac75903b887a8ba77
1302,BREI-WW340,Breitling,Breitling Navitimer Automatic 36MM Green Dial Unisex Watch,alias,WW340,brand-prefix-exact,b92af6b296eab2ee1366e3a42faeaac9b1b3fca32f8ce21fd2058cfb639c49b5,9c87da3f141d68e7cb8b917e927d3b989e9b7ea826661604c6e4d1c05ee1fa57
1303,BREI-W2102,Breitling,Breitling Navitimer Automatic 36MM Green Dial Unisex Watch,alias,W2102,brand-prefix-exact,d27315caa06e86f391e667aba79afda9befcadbb6459c18ba5b2a63b978b56d9,8f59055fabd62366d26efe0d95b913861fa2ff71cc63a100237cb02e7b90db72
1304,BREI-A17395211A1P5-v2,Breitling,SS NAVI AUTO35-MOP DIAM-RED ALG-TG,alias,BREI-A17395211A1P5,v2-exact,dedf556a682cd13a66329f2804d31b41144b0f2b0a2c520d4105009aa7d1fae7,fbdb0e978f71043a4dd09b3dfabf63498d98c405c1ff027e89e9440e2f38ca2c
1305,BREI-A13317101C1X1-v2,Breitling,SS AVG CHR45-BLUE-BLUE MIL-TG,alias,BREI-A13317101C1X1,v2-exact,e8e83afdf3f6db4d63796793fe458bd99770385c010764a085ce19ee57e8940f,88530247ec9b5f68b380c88ca9591cf54a5e7b909ab28edbc9a21fd6cdd78dee
1306,BREI-W14,Breitling,BREITLING Classic AVI Chronograph Mosquito 42MM Black Dial Leather,alias,W14,brand-prefix-exact,f521af214742b918b05d86e5c8b0a1001e0a36142518827bb2e9c8d9fececcf8,1f3f1a392d4e6f921fbd5c49f98ca10b561d01fb09add9c47bbaeeda1121349b
1307,BREI-W146,Breitling,Breitling AB01762A1L1X1 Top Time B01 Ford Mustang 41mm Green Dial,alias,W146,brand-prefix-exact,4998f984df576fec7e0a70d18b47aa00682627cb14c6b714a04e95f7888c97d1,1067c25b45ff9f2718c7df3af465e9fb7d293b96636bb19f9fa9befd4bd36964
1308,BREI-W2133,Breitling,Breitling AB01762A1L1X1 Top Time B01 Ford Mustang 41mm Green Dial,alias,W2133,brand-prefix-exact,684f0d6824f0c1de3143f8fb27a19c31ddcd6d0d1711fe46294f9209551bd6ce,5cb9cf6b2f560e6cbaf50cfe9652f69967dbbb29feab3d0602d7c362d362c701
1309,BREI-AB2030121B1A1-v2,Breitling,SS SOH B20 44-BLK IX-BLK CER-OC BRC,alias,BREI-AB2030121B1A1,v2-exact,72f68325d8402373b5ca683637fabfa4974d939b5c82cc1d750e527fb7a1c548,7bf7101c9acacd76c7b4c7c5e9ee5e2106f22cb50c7bb5f661f85ed052858a17
1310,BREI-AB2030161C1A1-v2,Breitling,SS SOH B20 44-BLUE IX-BLUE CER-OC BRC,alias,BREI-AB2030161C1A1,v2-exact,3b1c0c9e63a1161ad1a4506bbcc8ee7a796044e751ae9fba5e084b050d51c602,10bab5d89159b15903aef6f1c9ab54fc121ba6822dfaceff23a2dbafdbf34b59
1311,BREI-W1219,Breitling,BREITLING Superocean Heritage II AUTO 44MM CHRONO SS Men's Watch A,alias,W1219,brand-prefix-exact,16fa77fd3004fcc40bed1b63d7cc0ff5a48481b20fa6f94ba4502ae6257c9ba0,5292cce9b17b4bdd1241bf59c0c6b89eef00841f47d3dd846721a56894ea28ee
1312,BREI-W2101,Breitling,BREITLING Superocean Heritage II AUTO 44MM CHRONO SS Men's Watch A,alias,W2101,brand-prefix-exact,4216ad59082971b5b5a95c9c4246877ce874e1015622e7d4e1b2886158958adc,0f83d00992bc9d13e9c7be272cd4c040f61559bdaabb19fa977b63c820a41144
1313,BREI-W1208,Breitling,BREITLING Navitimer AUTO 41MM SS Blue Dial Men's Watch A17329161C1,alias,W1208,brand-prefix-exact,b58cab98bd7a3fd9d7c71dbe8787dd8b1064945bb9082c59bdcea3afc1597897,0fe09cc45f126d20fa428604591db1ecf0d321f60372e1077391beaeddf71ce5
1314,OMEG-WWN310.32.42.50.01.001,Omega,Omega Speedmaster Professional Moonwatch Black Dial Nylon Strap Men's Watch 310.32.42.50.01.001,alias,WWN310.32.42.50.01.001,brand-prefix-exact,49d1666d4ae5100ae84d0aeb66bb279cf2947579cb60e61cc153e5274cb4fb83,116b76e8077da7c02abc48c1d267496ca67184f9dea8a64222ba7b0717633b36
1315,BREI-W193,Breitling,BREITLING Avenger Automatic Night Mission 42MM Black Leather Men's,alias,W193,brand-prefix-exact,0a50640ad3defaab3ac8c281fe148457919bd713fca77b3ae0c615a8431a2659,6c007b14addb7a59802a0075f728ed9e20d91364330457078fb7dd9fcaf37aef
1316,BREI-AB2010121B1A1-v2,Breitling,SS SOH B20 42-BLK IX-BLK CER-OC BRC,alias,BREI-AB2010121B1A1,v2-exact,27df356638cd593ce7e8418332380ef3ada146413cb21c408053488e7b884052,e567bb1ea607635502a3e8e22b0f9c2241a815a1bef6041d30b868478e801845
1317,OMEG-WWN215.33.44.21.01.001,Omega,Omega Seamaster Planet Ocean 600M 43.5mm Black Dial Leather Strap Men's Watch 215.33.44.21.01.001,alias,WWN215.33.44.21.01.001,brand-prefix-exact,2cfdd0d8f630089cb2acacd592849fa803a55c3016be1386390c5b04c0df0b21,b01b06d4203aba66c99ab3c98df31bd1f464fc6ba3e98e091c02af6f0dc44fbd
1318,BREI-W1137,Breitling,BREITLING Navitimer Automatic SS 41MM Green Dial Men's Watch A1732,alias,W1137,brand-prefix-exact,d53991885e53223f72e51416da63466ffc2b17e2f2848a57b9a9c379d8f8e6d2,b89ac0edba65b9d6f26e6ae5b5a5095e4c37d0abf04240220ceff051cccf7f76
1319,BREI-WW512,Breitling,Breitling Avenger Auto Chronometer Ss 42MM Men's Watch,alias,WW512,brand-prefix-exact,da7706c16652964c8f55b083d2c235d187b90738f487d1a1a69ce9a8ff11db05,ceca410be1b89cf700a2d1afbd3cf0d08f990d8cb62e4cc6996c02bf15fbc5ea
1320,BREI-WW511,Breitling,Breitling Avenger Automatic 42MM Blue Dial Men's Watch,alias,WW511,brand-prefix-exact,733aaa4786f273445fbaa1c7255794e3a19b4b32a1356566d74c0e74634a26a3,44b4bb704a6e19926a83cafd1226455358a8e973b8d8f86900157b89840923da
1321,BREI-W1210,Breitling,BREITLING Avenger B01 CHRONO 44MM Green Dial Men's Watch AB0147101,alias,W1210,brand-prefix-exact,95a4f6a56f0c259251257a4e708106c908185149f728f4c9987df1f1a8e4e636,5618a664f9ac441b06e9ea240dc437a063fd605757af6d04e78f71e88caf5bd2
1322,BREI-WW387,Breitling,Breitling Navitimer Automatic Gmt 41MM Brown Leather Men's Watch,alias,WW387,brand-prefix-exact,b78f0eb706a73f2a9141c9b93bba36984221c46a17d8e24ead086b65d4bfe486,963dbc6dd5cc05040faa640833f60dee544189a97ae766c45ce329b81cafc2fa
1323,BREI-W2126,Breitling,Breitling Navitimer Automatic Gmt 41MM Brown Leather Men's Watch,alias,W2126,brand-prefix-exact,2c4a52600322e8e647161eebe195140a1aeb6994488d8c1170186831121e95b7,8e358797a1e1fe66cd43adbc8562a7c0c275b3d0aec4da8acaed3db3974817a1
1324,BREI-WWNA77330671C1A1,Breitling,Breitling Premier Lady 32 Diamond Blue Dial Stainless steel Women's Watch A77330671C1A1,alias,WWNA77330671C1A1,brand-prefix-exact,ef130ae41c6a78fb908d8986019acd51a22370c11171f85e9c26c825ffebde3e,3d49d938e19dfd7cdbd75416a27b7bb306fc92edf0eb1ac7f277446de994903e
1325,BREI-A17378211B1A1-v2,Breitling,SS SO AUTO46-BLK-BLK CER-PROFIII BRC,alias,BREI-A17378211B1A1,v2-exact,9e8f3feefcd4c77485573caafc5e06232e476360f25a0192ddc271a6c74ff0cd,7babccce773ebaf5e5ad913f51d26631f1f68748d09aaafa8fcec326aa4e1814
1326,BREI-AB2020121B1S1-v2,Breitling,SS SOH B20 46-BLK IX-BLK CER-BLK AERO CLS-DB,alias,BREI-AB2020121B1S1,v2-exact,6e57000aa2aebaf01e59ecceab62ff4136d3da5d119a87160242157b4c5b888e,99d0618d33fd5e576a7edebb56fba5712e36336df3395a7bb078b850afc7d108
1327,BREI-A17376211B1A1-v2,Breitling,SS SO AUTO44-BLK-BLK CER-PRFIII BRC,alias,BREI-A17376211B1A1,v2-exact,4e54ccae938d33fcda8ce7eb218305886b52482ce30ec00b25f7aed9dc4edec0,5809a5a95df6dd2f6b7f643d732f7018cb012e27aea7ddceeb27653b8b8a750b
1328,BREI-AB2020121L1S1-v2,Breitling,SS SOH B20 46-GRN IX-BLK CER-BLK AERO RUB-DB,alias,BREI-AB2020121L1S1,v2-exact,c115bc51e8b001a99658eb5c810ecff4ce616026a1b76db50c54116df0bf2c3d,67836b7155456b7935aeba689eab3ac350ed1f0abb45493e55b910a1c5581b99
1329,TUDR-WWNM79360N-0013,Tudor,Tudor Black Bay Chrono Chronograph Black Dial Stainless Steel Men's Watch M79360N-0013,alias,WWNM79360N-0013,brand-prefix-exact,36945f00d0f8980ebaf5ab910732b432faaac371d2aa984d05ce4d979fbb6b9e,888d752547866fcc6f96c58f7c34d9254e9d06de75349bd9742c422fd4fd99e0
1330,BREI-WWNR77320E61A1P1,Breitling,Breitling Navitimer 32 18kt Rose Gold Pearl Diamond Dial Leather Strap Women's Watch R77320E61A1P1,alias,WWNR77320E61A1P1,brand-prefix-exact,ca35ffe714c489a58c3e94cbacde059b6122826b8b1255fe81a6664025e68f11,2556cda50f072ceb8dfd1d1e3a3ff2aee02c203f4d8dcfa12ad60b11c56791ee
1331,BREI-AB2030121B1S1-v2,Breitling,SS SOH B20 44-BLK IX-BLK CER-BLK AERO-DB,alias,BREI-AB2030121B1S1,v2-exact,dea0c621c6df94b91c4345879469d95751b8a39b4aefaf8e63ce76d30f41431b,cf4d91734dcb1384b7788c4fe18513d82b2e8e49199dfb4352feb77b7a7c7a22
1332,BREI-AB2030161C1S1-v2,Breitling,SS SOH B20 44-BLUE IX-BLUE CER-BLUE AERO-DB,alias,BREI-AB2030161C1S1,v2-exact,4fb14674e9bc125422ea49799582db51e812b224e7ae4a59f99fdc225909b469,2ac71c2e1b2165b534a8e88bc200407a84c9d88e17496bf73c4dcce028458b8e
1333,BREI-A17377211A1A1-v2,Breitling,SS SO AUTO36-WHT-WHT CER-PROFIII BRC,alias,BREI-A17377211A1A1,v2-exact,d057d88dd5dc4179010a33bf028b6f0d0cbbced49203032a6af7c91c55bdfb2c,f100dab0465c0fbc15aa5a89654ed3ec2f89ae7bfd1157c4c8948c4ed30741a7
1334,BREI-A32320101B1A1-v2,Breitling,SS AVG GMT44-BLK-PRFIII BRC,alias,BREI-A32320101B1A1,v2-exact,bd379e19b66ba9c3f04d24eab461d32863ac9d171af1171407b20def18332462,ef15f5d0320613d6d72b54b66c55e4d7fe733dba0a3e465cbd903b41edcc125a
1335,IWC-IW3910-10-v2,IWC,Portofino — SS PORTOF CHR 42-BLK IXROM-BRC,alias,IWC-IW3910-10,v2-exact,61b748b2cdd7eb78bb1275c011e411d7e5245db8c7a04c7ae656c985aeb8389e,86b6f0673617cb5dfd754c627b4ffa2b1470ed46741724427198208529419a61
1336,IWC-IW3282-01-v2,IWC,Pilots Watches — SS PILOTS MARK XX 40-BLK NUM-STRAP,alias,IWC-IW3282-01,v2-exact,248ea3f5ddacbbb41240053d137c2d84bf46433976ae72d650b99627bcab2831,3c43233906275c5d40a722bd16028e774780d86a2199434690af594148023e9c
1337,IWC-IW3574-10,IWC,Portofino — SS PORTF COMME MOI 34-SLV EMB DIAIXROM-STRAP,exact,,exact-existing,862aba6d7dbc50b669c10dd70b2037d442c1697d2256e11fea4cfe3283e16ad1,5afecc63c974a7d9c968289d686bbc0f571245e20d4e4c9f34da1150634a3d00
1338,BREI-WWNAB0134101L2A1,Breitling,Breitling Chronomat B01 42 Chronograph Automatic Green Dial Steel Men's Watch AB0134101L2A1,alias,WWNAB0134101L2A1,brand-prefix-exact,dc637297fd9e545e68f0b064f0dc392cd52c64c92e7cfa6a6e72df7491578302,15c533687825b116b62f9ddd18413f97075a9acf8d21d70fb74214a306ef0426
1339,BREI-WWNA77310591A1A1,Breitling,Breitling Chronomat Quartz 32 Diamond Dial & Bezel Steel Women's Watch A77310591A1A1,alias,WWNA77310591A1A1,brand-prefix-exact,ca22124c6fc34cedb0cb3a6933bb78f85508d30132aeb0787105615a948d73ef,f76901a592137944951ede8b3c00e4552b1bd00d3983dff59155879f28ce1d48
1340,TUDR-WWNM79360N-0012,Tudor,Tudor Black Bay Chrono White Dial Stainless Steel Men's Watch M79360N-0012,alias,WWNM79360N-0012,brand-prefix-exact,6ddf910df1c9b19a4dc2b30f5b2eb494e3eda5cfd34f45bd4f48e729e74dd8d3,9435aee296a1c7b2673bfc058fa039b685d096a68accbc2a8ef9f5523fd9b3df
1341,BREI-A17378211B1S1-v2,Breitling,SS SO AUTO46-BLK-BLK CER-BLK DPIV-DB,alias,BREI-A17378211B1S1,v2-exact,0ed5eb28f3219f81f2f14825b8904d6f83c828a5fbc2c6dd8ad4d29f88a30665,add2c637ff546abb5572835e877069e339e65a9a0b32402cd12372e2dea1f792
1342,BREI-V17319101B1X1-v2,Breitling,BLKti AVG SEA NM45-BLK NUM-BLK MILIT-TG,alias,BREI-V17319101B1X1,v2-exact,bc72fb4e6814756ac7fb2fb43b7cbebd0751dbd4e3395b608c2a92cfeda5ff67,3651cd0b7ed2d6529e7a7dbe6331439911e5f0749ffbb0a2cb2ba0a5dd167397
1343,BREI-W1158,Breitling,Breitling Avenger Automatic 42MM Anthracite Leather Men's Watch,alias,W1158,brand-prefix-exact,097b6a5ef5735cc39afa58c4225df506388b061c6147ea3ba91cdf2c0262cfe3,71ccc9f1140ca0751206e9d47767581232463e68afaa6e94a3212e459bc7e01e
1344,BREI-A17395361L1P2-v2,Breitling,SS NAVI AUTO35-MINT GRN-GRN ALG-DP,alias,BREI-A17395361L1P2,v2-exact,8d03b79f7d461d8662334206ca7f514e27c3460af36524af9060f0253649f997,4707f1f156b8d03d9f22e885d410961fafbf4f1eb07b73bc4296e982880a8df9
1345,OMEG-WWN210.32.42.20.01.003,Omega,Omega Seamaster Diver 300M Automatic Black Dial Rubber Strap Men's Watch 210.32.42.20.01.003,alias,WWN210.32.42.20.01.003,brand-prefix-exact,86ef8feada7f2a90785de20f5e20b7b30f946254bf572b48138b2e9cb3c64328,31bfdcb51d8d2fe2cfc131bb6325deba7633bec8f587e5b96051fc7b6f5631a1
1346,BREI-W2115,Breitling,BREITLING Superocean AUTO 42MM Green Dial Rubber Men's Watch N1737,alias,W2115,brand-prefix-exact,3725d6cfe9b840d8d4e70e507396d8ac703ceaa1e370729d8de593134ef59967,1c3cba9459cc5e4fdfe6dc552c49549eb938b7a4362473a39b127735e4ae3724
1347,IWC-IW3910-08-v2,IWC,Portofino — SS PORTOF CHR42-BLK IXROM-STRAP,alias,IWC-IW3910-08,v2-exact,864597404b1848de010c065437f5b03e11728b6dddfb052964f6e23bc105f1da,69e0a804a622701d42ab6301c243044ba0608481adccab305fd2f178daddc0bf
1348,IWC-IW3240-06,IWC,Pilots Watches — SS PILOTS 36-SLV NUM-BRAC,exact,,exact-existing,df38633acf356bc3b670d18716748464669ec36ac5586aea3040c55255a1ca46,fdd9bd5721aa490569988d2f556a754d6c397bd94504f9e474587087a19ba55a
1349,OMEG-WWN220.10.41.21.01.001,Omega,Omega Seamaster Aqua Terra 150m Master Co-Axial Black Dial Stainless Steel Men's Watch 220.10.41.21.01.001,alias,WWN220.10.41.21.01.001,brand-prefix-exact,2b1fc13b2c205a5514837342e69c2b557f9a651c9c99aaedfbee1a55571e556c,c29ebbbf05aaf2a062453dc8f278dab79fce3d073302c51f2d5381b9a807277c
1350,IWC-IW3270-10-v2,IWC,Pilots Watches — SS MARK XVIII LPP ED 40-BLUE-STRAP,alias,IWC-IW3270-10,v2-exact,c478748e150e31c7d93f87fbe6bb4718db2c69758da0ecbab583b1c554ff26e3,13640f19a4c4b75ca326e4f172ee48dbd7be64396050eb3e66f9088b90f52a9e
1351,IWC-IW3783-03-v2,IWC,Portofino — SS PORTF CHR 41-BLK IX-STRAP,alias,IWC-IW3783-03,v2-exact,938d7752394d98b80f4c3e04fd5aab9cd00fac07e500f25ef9e948da2e06dbab,1e9349ce2024ad5b9238d4b7147ec872eb3481e5537a0aea706a586e08090191
1352,TUDR-WWNM25610TNL-0001,Tudor,Tudor Pelagos Left Hand Diver Automatic Black Dial Titanium Men's Watch M25610TNL-0001,alias,WWNM25610TNL-0001,brand-prefix-exact,82da1cf0524e54fdb2e6c7afd1523d01a0e285d7a605cb577e90d4c9b390ef9a,cb7ec100a0220376d96e4f02c268535d45f2b226d9144e9604fff30b92e0d8f2
1353,BREI-A17395361L1P1-v2,Breitling,SS NAVI AUTO35-MINT GRN-GRN ALG-TG,alias,BREI-A17395361L1P1,v2-exact,1ba81df7d148f9ff000bd40be8401c0bcd40635eea7195d4507530e69c2d90d3,9eae7d4ce9650685f501a3d738b46851059999a8923d8f53e19e43e234d729ac
1354,TUDR-WWNM79643-0002,Tudor,Tudor Black Bay 36 Automatic Silver Dial Steel and Gold Women's Watch M79643-0002,alias,WWNM79643-0002,brand-prefix-exact,6a054c59bc237eb3ca76034158343c2785b9cf5b5a4133b3b74b993833c23435,22e0fc2e52facc22be9452f19c7812ad7d18b620b15768688051b0ac57a9e901
1355,BREI-WWNAB3114101L1A1,Breitling,Breitling Chronomat B31 Automatic 40 Green Dial Stainless Steel Men's Watch AB3114101L1A1,alias,WWNAB3114101L1A1,brand-prefix-exact,9a1897dcdfdae14bd5909aafa491591ece2c626abb513924c27ce43002046974,90bc7065ea606e02da1a802b20a98c2c8caa425ce7d899d241e7ba1831a07e2a
1356,BREI-WWNA10320101A1A1,Breitling,Breitling Chronomat Automatic 36 Mother of Pearl Diamond Dial Stainless Steel Women's Watch A10320101A1A1,alias,WWNA10320101A1A1,brand-prefix-exact,b453eca88c04fdfe1e0a8b61b1c38344be7f13234445e421efeab899f6aa7544,75d8bb67b907388616cfeec1837af90c76b1f4466ff737f24dc7f954dc907489
1357,BREI-W113,Breitling,BREITLING Navitimer Quartz SS 32MM MOP Diamond Dial Women's Watch,alias,W113,brand-prefix-exact,cc6d0f5d5263e8f3bb2daa70fce225e284ddbccb221a5a6f35de04a1ca9d16a8,d8f8560d8eceb1dc2f3860dd33fb711c7c8fb85afc83dab8b1d85d2fb1266376
1358,BREI-A32395101C1X2-v2,Breitling,SS AVG GMT45-BLUE-BLUE MILIT-DB,alias,BREI-A32395101C1X2,v2-exact,97eb5ea753d074ef78ad65f01fb400c994c0d50622368e4967b9b2b9c5108764,0b3345f3c911982667e0cfff9e18af3ff706b899987b2425701567d7601d51fb
1359,OMEG-WWN210.32.42.20.03.001,Omega,Omega Seamaster Diver 300M Blue Dial Rubber Strap Men's Watch 210.32.42.20.03.001,alias,WWN210.32.42.20.03.001,brand-prefix-exact,77f1c99ba241cdc64c5fca47a5279cf83ead4fc15e47eecef648671ba294ea9e,4b7a5d68f9a6fbf1a648570b47688d20dd1d3456cd455e7de069581709cf8ff0
1360,BREI-WWNAB0145371L1A1,Breitling,Breitling Premier B01 Chronograph 42 Green Dial Stainless Steel Men's Watch AB0145371L1A1,alias,WWNAB0145371L1A1,brand-prefix-exact,1a9fbd12187cc9aba2878d97ca2900029e80cb5960c33c392c1b827a5b7ff10c,52aa69d6dcfdbbd74a4febed8a67c150d67ce845f6862767f23f58e65cfd7910
1361,BREI-WW14,Breitling,Breitling Avenger Automatic Gmt 44MM Black Dial Men's Watch,alias,WW14,brand-prefix-exact,1bb925119b09bd8822a0f9792cfd0268e9b3c752e53285907cc51782a23dfee1,3c7ee1e1ed04d6035dec1cc2992f304ab1bdf70c642deb8bb5ebd7350fb75196
1362,BREI-W156,Breitling,Breitling Avenger Automatic Gmt 44MM Blue Dial Men's Watch,alias,W156,brand-prefix-exact,502dab72682dc03bdfed6edaa08dfe294a4044ff1458f36d23293bafaedade76,ec80d4732f129ff7b7f5315d7e06c738741dc3fa3db2ea70c08eed7f6f1f1620
1363,TUDR-WWNM79833MN-0003,Tudor,Tudor Black Bay GMT S&G Automatic Black Dial Leather Strap Men's Watch M79833MN-0003,alias,WWNM79833MN-0003,brand-prefix-exact,64ffe76d7e2d28903d4c02fc4a3c183cc1e69273b49c843e2dbdcfa8ac623a8d,1da1ca63a42395f17b0f98f0c1aa5ff678b13ad7e671d570d510bc50da9ebe27
1364,OMEG-WWN324.30.38.50.02.001,Omega,Omega Speedmaster Co-Axial Chronograph 38mm Silver Dial Stainless Steel Men's Watch 324.30.38.50.02.001,alias,WWN324.30.38.50.02.001,brand-prefix-exact,0d0f990a0b23c6053a1738f58815a965b2a02647a6862483d4aafc75bd7c226e,b98f353e565e463bc8a86df169e913e6edf1de647e5f39cdfb5850229bc74b2c
1365,BREI-W2119,Breitling,BREITLING Chronomat Quartz 28MM 12 Diamond Blue MOP Dial Women's W,alias,W2119,brand-prefix-exact,56750665791673beee5a71d59b8533aafd36b46f2adaa3ef84026043b77a86e8,e600f6c4806072af4fa1f485e0f0a8aa0a8fb912dc8b787a44b0e08040616b23
1366,LONG-W141,Longines,LONGINES Conquest Automatic 42MM Two-Tone 18K Rose Gold Men's Watc,alias,W141,brand-prefix-exact,30ed537160c07e8232283f89a5cb5c48991564257109b42bd13dbe489efd6cf5,8831c629f720dbee994412fd3ac8b3b3084c7999624a15ebc8bfc832d61c25c2
1367,BREI-W138,Breitling,BREITLING Navitimer Quartz 32MM MOP Diamond Dial Leather Women's W,alias,W138,brand-prefix-exact,ebcb42a8402256d228159a42a2b6b0b850e9c362e8aaad99265b17d734baa754,9360445caff964b06d42cf2596d95a49f5b849787e017426eda2113d2a2f81c1
1368,BREI-WWNAB3113A71C1A1,Breitling,Breitling Top Time B31 Automatic Blue Dial Stainless Steel Men's Watch AB3113A71C1A1,alias,WWNAB3113A71C1A1,brand-prefix-exact,593214c8fba8ae8e5d9379bb8fc3d72683e60c28d3ebfd130a6c82a6cb3dca62,2d4f2f378cae43f3d5426ff0b878a5d2996d4bb57224c1d653591ab03cb04f52
1369,OMEG-WWN434.10.40.20.02.001,Omega,Omega De Ville Prestige Co-Axial Master Chronometer 40mm Silver Dial Stainless Steel Men's Watch 434.10.40.20.02.001,alias,WWN434.10.40.20.02.001,brand-prefix-exact,8b997a187270ee956505f83c3666d6e567aa0b8ebb13398cd7e483c431b0435a,b225e0545b1781f2aaebde1743a736956c3943b8812eb2f1ae75749199c4c786
1370,BREI-WWNAB01766A1A1A1,Breitling,Breitling Top Time B01 Ford Thunderbird Automatic Chronograph White Dial Steel Men's Watch AB01766A1A1A1,alias,WWNAB01766A1A1A1,brand-prefix-exact,126f5505911b10d0d91838d1f5e86cd0c40a92e695835e6e245c2d2892c91762,e82f166103e8d63e28dcf1e45f9dee59b32211e6488ce530407a606d04e74f39
1371,TUDR-WWNM79680-0002,Tudor,Tudor Black Bay 41 Automatic Blue Dial Steel Men's Watch M79680-0002,alias,WWNM79680-0002,brand-prefix-exact,cecacc4982d36480e0f2e02a2afb25af22caa0662b0262537d9e3f5f341d0635,cdda946b95b6f68dd96977983ee0102ca99a33d0616fb397f3bd51ff35d77720
1372,TUDR-WWNM7943A1A0NU-0002,Tudor,Tudor Black Bay 68 Automatic Silver Dial Stainless Steel Men's Watch M7943A1A0NU-0002,alias,WWNM7943A1A0NU-0002,brand-prefix-exact,573477a04a4d1adb2b4b26df1c426f304c302431f0881848c921ef432798df51,f7ae4481b345a7c1bd6a4b558f1c2eb81a1e282474940a605235152b1aec98f4
1373,LONG-WWNL8.126.5.79.7,Longines,Longines Primaluna Moonphase Automatic Ivory Dial 18k Yellow Gold & Steel Women's Watch L8.126.5.79.7,alias,WWNL8.126.5.79.7,brand-prefix-exact,b2e1a65dda2a09baf0436ffbe04cecdff0ee3319529fa85dbf739271f4a79cc5,16dd742fa3e7bab4f69be0a51579d90994cb553a8a116139ecd599abb7b7170b
1374,BREI-WWNA32310171C1P1,Breitling,Breitling Navitimer Automatic 41 GMT Blue Dial Leather Strap Men's Watch A32310171C1P1,alias,WWNA32310171C1P1,brand-prefix-exact,682af9a6157a0ae16bd602a8d61e3fbbb4004900ccc45f62817eb1c384c5c935,8789c92bc1d6197a91498a6efd52406e21ee75a626f378653fd1ebc92f243c6d
1375,BREI-WWNA17329371L1A1,Breitling,Breitling Navitimer Automatic 41 Green Dial Stainless Steel Men's Watch A17329371L1A1,alias,WWNA17329371L1A1,brand-prefix-exact,e1624daa08405c58e5f64da8b62a80a91a1cc2362a83e154753d539e7a7b13db,78880e3c90ef22bc41d1df1b2b5a7401789b1f89f2bd93beb2b756d581776748
1376,BREI-WWNAB3111241B1S1,Breitling,Breitling Superocean Heritage Automatic 42 Black Dial Rubber Strap Men's Watch AB3111241B1S1,alias,WWNAB3111241B1S1,brand-prefix-exact,d0f6a8609e9981f4a63893c09200e869bd26cc5f4d8356b8dd948ca2508efd32,1a3f2bb50dd65004697dfc4be6cb934eb30cde7151efe3a16e3f2a8950ac0d41
1377,BREI-WWNA173265A1K1P2,Breitling,Breitling Navitimer Automatic 41 Red Dial Leather Strap Men's Watch A173265A1K1P2,alias,WWNA173265A1K1P2,brand-prefix-exact,89feec87bd89b40d535b43dd4c019a468e9609eb00395ef4ae9da8a7502f8bc0,15b60f0ad19e593a1a24d2029411732d764e86999a25af7a0d52a46cdfec203d
1378,BREI-WWNA17375E71G1A1,Breitling,Breitling Superocean Automatic 42 Silver Dial Stainless Steel Men's Watch A17375E71G1A1,alias,WWNA17375E71G1A1,brand-prefix-exact,335c4221207a8af04cd080b584b57c1ccaad6eaf95a2bce3455d6ca8af0fbf4a,66e7615078c1996e7527304ffae7e8d6ccf048627523ae90caa93ea0e5da82d3
1379,LONG-W2118,Longines,LONGINES Conquest Chronograph 42MM Silver Dial Rubber Men's Watch,alias,W2118,brand-prefix-exact,ac6a2f3e5769c11e5236084a8b65fada48abc50d3c139b1b67c21a6689b1e9c0,5658c0b3f0423ae92510fbdf0bdc55e6678e4fbbd6cf9fc1e299fb88cda29e74
1380,OMEG-WWN428.17.26.60.04.009,Omega,Omega De Ville Tresor MinI White Dial Diamond Case Leather Strap Women's Watch 428.17.26.60.04.009,alias,WWN428.17.26.60.04.009,brand-prefix-exact,75fe8cb2804af1dd241e055c6c5dfd9668c0111aa4c3d69bf88a4c25b774db42,238d6ba6719bd0b55bcb241dc4f69f75dc9b11565a40305ef1d0c5231db1f561
1381,BREI-WWNA10380101C1A1,Breitling,Breitling Chronomat Automatic 36 Blue Dial Stainless Steel Women's Watch A10380101C1A1,alias,WWNA10380101C1A1,brand-prefix-exact,30f5168b7ed104fe07015bd476e1884a77a69ffb6122d3df3e780905ca59bc21,6f22bbd824891271ef6a58ae2c2227fee08c4cb34212ccc1f12a2d42cd25c6fd
1382,BREI-WWNA17329161C1P1,Breitling,Breitling Navitimer Automatic 41 Blue Dial Leather Strap Men's Watch A17329161C1P1,alias,WWNA17329161C1P1,brand-prefix-exact,ae594796b53537121744cf6cb0d1badae1bf6bcdd960a7fc5d503ad7cf5c3805,f7c3a20813ffe689a637c34e8c89e7cf4160685002b703da2b24470f25b49abe
1383,BREI-WWNA233803A1B1A1,Breitling,Breitling Classic Avi Chronograph 42 P-51 Mustang Black Dial Steel Bracelet Men's Watch A233803A1B1A1,alias,WWNA233803A1B1A1,brand-prefix-exact,9a01df68fa0659bca92d11112562cb343e5f94662b98f68bb4e74ab581824e17,1c2a7d25d342163c9580f551e5266383df5f8efcf4e7468084c5ebf581e11e8b
1384,BREI-WWNE10379351B1E1,Breitling,Breitling Superocean Automatic 46 Super Diver Black Dial Titanium Men's Watch E10379351B1E1,alias,WWNE10379351B1E1,brand-prefix-exact,0f83be9baebdea9cd6ea36cd7829e5a165b3fad776a012d237eeb79d10ae98df,fb70a7f320d96462a42f8a4e3a5903d97c2197f80f8d00cd8acd9f4690abc98f
1385,BREI-WWNA17376A31L1A1,Breitling,Breitling Superocean Automatic 44 Green Dial Stainless Steel Men's Watch A17376A31L1A1,alias,WWNA17376A31L1A1,brand-prefix-exact,42070e051a5365f61ae0901a87da4dedc10b2a9c46f1d71552629ddb90d39aac,512ac64ed2d400443ea198ac2006e2c939b562e289a817fc96b4faa4c1af97e8
1386,TUDR-WWNM91451-0009,Tudor,Tudor 1926 36mm Midsize Two-Tone 18K Rose Gold & Steel Women's Watch M91451-0009,alias,WWNM91451-0009,brand-prefix-exact,dc338588edc627cc32dba793a51bab0a1ea7d7bab6b6163fc5dcff15e9a4e16c,6c3f97ab65649bd260204c0d31d377a36d7a3118fd342d0af9e2337766df6a44
1387,BREI-WWNA17376211B1A1,Breitling,Breitling Superocean Automatic 44 Black Dial Stainless Steel Men's Watch A17376211B1A1,alias,WWNA17376211B1A1,brand-prefix-exact,5417766c081c71a7efb50affbfd86263ebcb4f88348e010cf2ca93a0d88f98aa,0737160b3150d3223a76a3da27483c5c375167d8fbf5e4614d6a11d1c4668394
1388,OMEG-WWN424.10.40.20.02.002,Omega,Omega De Ville Prestige Co-Axial 39.5mm Automatic Silver Dial Steel Men's Watch 424.10.40.20.02.002,alias,WWN424.10.40.20.02.002,brand-prefix-exact,879c0aa33403e17d54d846a364374dc9d8840c91489a9f5c9b9c1ae4d146d0c6,ed55fb2e97553e030bba66298c077220b0d9a0c9d62b2595ea5e8c4d4ad673e5
1389,BREI-WWNA77330121A2A1,Breitling,Breitling Premier Lady 32 Mother of Pearl Dial Stainless Steel Women's Watch A77330121A2A1,alias,WWNA77330121A2A1,brand-prefix-exact,987007e103b95d00786f18e85d768948412abd5ba0f973f500fffccd1b99b043,f0ac04d7765f90ed6313fc641b68f1ce20cf9719fd5874a64ac636d478f0cf21
1390,BREI-WWNA77320D91K1P1,Breitling,Breitling Navitimer 32 Pink Pearl Diamond Dial Leather Strap Women's Watch A77320D91K1P1,alias,WWNA77320D91K1P1,brand-prefix-exact,2e56296678d77571a6b071dd06f9482b42556439943b4f7a5841785679cf81e8,0901fb63de5f880454a8a3f587f4ac049129d8e2733a2b3aecb15ebe5c38817d
1391,BREI-WWNA17377211C1A1,Breitling,Breitling Superocean Automatic 36 Turquoise Dial Stainless Steel Unisex Watch A17377211C1A1,alias,WWNA17377211C1A1,brand-prefix-exact,3438cbc4a2ac69026c8409d75fa9e08d2c19e489149f847d8e6e610ba2c3720a,3c0d6d60f2d17fb59cdd7b1ace0c9b7d08286514d0acaa53356b497504c5b9b3
1392,TUDR-WWNM51000-0004,Tudor,Tudor Glamour Date Silver Diamond-Set Dial Stainless Steel Unisex Watch M51000-0004,alias,WWNM51000-0004,brand-prefix-exact,e257ca30b1b5e374052e9c21b8abe779283d3c3501d322ac5a0e2ffa37983d57,3886c137446ec0cb5753f879b09dacd14ac39d39ffbbbd6b6134d74e959488aa
1393,BREI-WWNA17378E71C1S1,Breitling,Breitling Superocean Automatic 46 Blue Dial Rubber Strap Men's Watch A17378E71C1S1,alias,WWNA17378E71C1S1,brand-prefix-exact,1de3c4e38ec4e666a308fc228fe921e065cb61c2edbf5d0de5a2f0319e860c2d,5343c0db367422972dd7c321e920121f1c542ae2a2f98fef5a09c815cec7e7eb
1394,BREI-WWNA17376211L2S1,Breitling,Breitling Superocean Automatic 44 Turquoise Dial Rubber Strap Men's Watch A17376211L2S1,alias,WWNA17376211L2S1,brand-prefix-exact,0561f0ea901a59c3c0c230a5a6855185d93738b8a0367a1dc84929f5ee35fd99,82c49b15931a246f3e1eace8b9a610e9e0436f0090220129fb562bd2b77b87f1
1395,BREI-WWNA17375211B1S1,Breitling,Breitling Superocean Automatic 42 Black Dial Rubber Strap Men's Watch A17375211B1S1,alias,WWNA17375211B1S1,brand-prefix-exact,e408013ab1af4a82ae55313d030d4195c9d644a5ffdfecbf0c51ec20149f6853,29299495a20453af1987e2f72a9f364f3616bd2ef8174ebf075f9eb8369b291b
1396,LONG-WWNL5.255.5.89.7,Longines,Longines DolceVita Quartz Diamond Rose Gold & Steel Women's Watch L5.255.5.89.7,alias,WWNL5.255.5.89.7,brand-prefix-exact,575dc86e9e58061c6e313f44e3d0ce84cf4e715ff5a8c182180bed2d0562b3f5,db9ae7998524d2d132d3a3b279e066d25cb5d2ded9535fe92e8d412f05339521
1397,LONG-WWNL3.821.4.53.9,Longines,Longines Spirit Flyback Chronograph Black Dial Fabric Strap Men's Watch L3.821.4.53.9,alias,WWNL3.821.4.53.9,brand-prefix-exact,3df3ffc53fb77fec90616c560d56d65f81ba0ac1d7d7ec7e5dcf4e30a7be33a2,c42715ef2301727491d5d812bc0a709483d9c161c6a25b3c06e6ca00ffadf03a
1398,BREI-WWNA77320171C1P1,Breitling,Breitling Navitimer 32 Blue Mother of Pearl Diamond Dial Leather Strap Women's Watch A77320171C1P1,alias,WWNA77320171C1P1,brand-prefix-exact,9aa46d9d027a2b8fbc7c80d99f8b0a54d9095dae5382555d7ddc30f18576c8ea,2ccb9d39852eee2a482e2dcfa38b059d3a056513098b55de76f5be9a70ed8ee2
1399,BREI-WWNX82310D51B1S2,Breitling,Breitling Endurance Pro 44 Chronograph Black Dial Breitlight Rubber Strap Men's Watch X82310D51B1S2,alias,WWNX82310D51B1S2,brand-prefix-exact,59adc3681118cd76fcb495d6eff1b85cf29aaf1d07c3f04828f3fb3fe907e90f,b852954f643bfd80c2e6eea63c9f847e9b2fb495d19c2f13f3bb361110089ee0
1400,LONG-W297,Longines,Longines Elegant Automatic 37MM Black Dial Leather Men's Watch,alias,W297,brand-prefix-exact,03720b2fb4b01dfa523c6a433626d46a0b459c1d96a0da1110406131b2637573,b69b4c0100388f4392cab48573e578f4ef131ec42b756012af07f29b31e6bfe8
1401,LONG-W2120,Longines,Longines 1832 Automatic 40MM Beige Dial Leather Men's Watch,alias,W2120,brand-prefix-exact,43be265293c15389b7009eca9f73f9d00f006da556d7d6fdbcb9aec8344d2a63,2f696ce950645ec1a1158d458fbb42d9fe71096cc96d47919156e49c87cd50cb
1402,BREI-WWNX82310E51B1S2,Breitling,Breitling Professional Endurance Pro Chronograph Black Dial Rubber Strap Men's Watch X82310E51B1S2,alias,WWNX82310E51B1S2,brand-prefix-exact,f69d774f0597273c78f0b5836d16b00fa198a3511ae2aaf3cbadef5392406870,775abd8938d3c05c3ba22f179e614fad3621761e76192d57e42b84bed72271e9
1403,LONG-WWNL3.812.4.63.6,Longines,Longines Spirit Zulu Time Automatic Grey Dial Stainless Steel Men's Watch L3.812.4.63.6,alias,WWNL3.812.4.63.6,brand-prefix-exact,e39ae82280fad15f7540e4359bd68a27a0858396c6696dbf672bc05ed5761864,5bdf00bb48e9fe07aa184f8c7d529e2ff8f153fa08fe243ec8281477e8501725
1404,OMEG-WWN434.10.30.60.02.001,Omega,Omega De Ville Prestige Quartz 30mm Rose Dial Stainless Steel Women's Watch 434.10.30.60.02.001,alias,WWN434.10.30.60.02.001,brand-prefix-exact,45ab451241954569b0177776ac98e222d16b1aef6b62ca0be609abe219068818,26585db6f5c6254af84432dbca8568ec3a96fbc56f92c257571efe471637b9a3
1405,LONG-WWNL1.649.4.72.6,Longines,Longines Conquest Heritage Automatic Silver Dial Stainless Steel Men's Watch L1.649.4.72.6,alias,WWNL1.649.4.72.6,brand-prefix-exact,d5b4539bfd33061c4050f31c3722715dd4c0f6ae539652808de4d871c3710530,fc4dda5f7782b6be32cfe56b1cc5d47c03c53357a82d791cce50e5dc899a536f
1406,LONG-W2121,Longines,Longines Mens La Grande Classique De Longines Automatic 36MM,alias,W2121,brand-prefix-exact,ed2fc8cb6f232b149bfa53ac12f7e1e1b731d11bfe947d48f2ad4410a69b3c63,cd427507780317b6a070ccf24ef13f455884807ff5b0424a80fc21243457fb2f
1407,LONG-WWNL3.774.4.70.2,Longines,Longines Legend Diver Automatic Grey Dial Nylon Strap Men's Watch L3.774.4.70.2,alias,WWNL3.774.4.70.2,brand-prefix-exact,47768c18bd52d592109d4d96eeb4d73c9295a578214ca1f96a1057e8d521bb4f,81d15e85388baa65cd4dddcabf775259e59c2fafe46dcca7febce2a82b18ba21
1408,LONG-WWNL8.124.4.87.6,Longines,Longines Primaluna Automatic White Mother of Pearl Diamond Dial Steel Women's Watch L8.124.4.87.6,alias,WWNL8.124.4.87.6,brand-prefix-exact,0ac3d79b51c303635f32247a3e28f23072311a51ff3690da2646b670159cc683,6659897d7b0edae8ecf086f795c6b1ab21024c10bbf65b37001b33fa1b3c38d5
1409,LONG-WWNL3.811.4.73.6,Longines,Longines Spirit Automatic Ivory Dial Stainless Steel Men's Watch L3.811.4.73.6,alias,WWNL3.811.4.73.6,brand-prefix-exact,4c687e58f0157a8c3f1ec10a4a00031d4aac4234c3d5c114e9adf3164c159f0c,bef7254288c002b48ea6ee37e97a8e8159c3d8b417bee0e2e2470f412458b40c
1410,LONG-WWNL2.827.4.73.0,Longines,Longines Heritage Chronograph Automatic Silver Dial Leather Strap Men's Watch L2.827.4.73.0,alias,WWNL2.827.4.73.0,brand-prefix-exact,31b1fc76538f46a19e1cf16405dd3ee8feee8ff3cd3b288410007fbae504dc7e,0de1b52d6a8bcc0c1183e0643fa1e2a658c7b8f3cb1228e944b5e6449a27c1a3
1411,BREI-WWNX83310D41B1S1,Breitling,Breitling Endurance Pro 38 Chronograph Black Dial Rubber Strap Unisex Watch X83310D41B1S1,alias,WWNX83310D41B1S1,brand-prefix-exact,f4fa5dc709dede391708f3acad5c1d8a1259cab06a75883eb1a642e6b239ffc3,0fb5526de308acf85b4502060bb135bf449a2ebe745fcc38ef99685c0d9d023b
1412,LONG-WW672,Longines,Longines Conquest V.h.p Quartz Ss 43MM Blue Dial Men's Watch,alias,WW672,brand-prefix-exact,eb0201b387d6bde1098d2452ce09cfe6ee1190d7f141bbb1ebbe8d8330109b81,46152bd34f5123626da4d3bc5000bf003561afdab771bc28e05122331116fa01
1413,LONG-WW480,Longines,Longines La Grande Classique 36MM Silver Dial Unisex Watch,alias,WW480,brand-prefix-exact,809d4cc4aeff68e76c3400e95e46cf65e46130440bd86c0481f3491a36510e79,83e29f67a6a9d269bc4494f8bdf31628d5f1db8a62c498b8cfe3d1853e21fb5c
1414,LONG-WWNL4.974.3.37.7,Longines,Longines Flagship Automatic Gold Tone Diamond Dial Yellow Gold PVD Steel Unisex Watch L4.974.3.37.7,alias,WWNL4.974.3.37.7,brand-prefix-exact,6ce8cbed7679fb06f38cbd4df6b36e7b0cc99c39397f18c9c90c3ee5de147005,4d63e3386910f4de8d82cf526ade3af84868c12905773983306983a73fd056ae
1415,LONG-WWNL8.111.4.87.6,Longines,Longines Primaluna Automatic 26.5mm White Mother of Pearl Diamond Dial Steel Women's Watch L8.111.4.87.6,alias,WWNL8.111.4.87.6,brand-prefix-exact,3ff8dc27a27d544d53c88cd0e7b9eefd080e563ea36d5278e4249ffb75bea865,ade2ce786029f5cccd1c21019080c0b2e4b1fe9b469ad1907a66ac02d1db6ac5
1416,LONG-WWNL4.911.4.77.6,Longines,Longines Elegant Collection Silver Diamond Dial Steel Women's Watch L4.911.4.77.6,alias,WWNL4.911.4.77.6,brand-prefix-exact,c111cf351a424ae6887b0a2cbbf607cf13596671b5be27208ff37c2e625ff4d2,f70f5a817d69e3a8333fef9b388183f7630b0ea30d253d8261d8d7fe9cff5654
1417,LONG-W1534,Longines,LONGINES Flagship SS 38.5MM Automatic Men's Watch L48994216 / L4.8,alias,W1534,brand-prefix-exact,49780a94ae1602a7818d620d2e47beec838976826b23a00fa51c078880001e27,83749f7a90bd7bac55763b4e5e41d91acb4ed4a4648d10215a658fad49df327f
1418,LONG-W1462,Longines,LONGINES Conquest Classic 36MM MOP Dial Women's Watch L2.387.0.87.,alias,W1462,brand-prefix-exact,2e909c0302069e2df58c40e7b77dd1bbc6c75cff6582feda44a609e45054529c,365c4e8c05524cc74d7ee9c4669a9d4c8ac6976d98bcce6caf27d89d1599984e
1419,LONG-WWNL3.374.4.30.2,Longines,Longines Legend Diver Automatic Beige Dial Fabric Strap Unisex Watch L3.374.4.30.2,alias,WWNL3.374.4.30.2,brand-prefix-exact,3a5559338ba036406f1dc4866c100aaf7654b055c57a5c770c9c3e78c2d18637,97220d21180a517792ff78d28743d33f21a0793fbb9cdff53b650e538abc90a0
1420,LONG-WWNL2.708.4.78.3,Longines,Longines Master Power Reserve Automatic Silver Dial Leather Strap Men's Watch L2.708.4.78.3,alias,WWNL2.708.4.78.3,brand-prefix-exact,38db805013384e7822ad5da277d480c9c284b5b005abc94c34689a8244c19c29,bca595de5d8b852e47d7f997ff26e899205657aa9ea5e9f3d724d7e6234ae6fc
1421,LONG-W1427,Longines,LONGINES Symphonette Quartz Oval Women's Watch L2.306.4.71.6 / L23,alias,W1427,brand-prefix-exact,70fc6e34e15e50ab62e3c409ffd16a284dae45f2f25f2b878be2ce96f15b0efa,31bd88da3b5fb7c027a45ab6e8334dd233cdb183b7356f474e869791bcc0d746
1422,LONG-WWNL5.255.4.71.5,Longines,Longines DolceVita Quartz Silver Dial Leather Strap Women's Watch L5.255.4.71.5,alias,WWNL5.255.4.71.5,brand-prefix-exact,c428e30a7c5ee9efe86a8fc01e63a691f6c2c2988f3f271e52b65d676d8cdcb7,34df7466e97c35ea2c0903d1a7664882c888dafbc39f2be8f12a727186f2de2d
1423,LONG-W1313,Longines,LONGINES Symphonette Quartz SS 29MM Silver Dial Women's Watch L2.3,alias,W1313,brand-prefix-exact,3b34385204afbb31511d7f36abf99258bc40e913d4a70f619aebe8b77f7cd9f5,27f13ec6cdbe7d45a7b9a483bcefb92e36148cdb62d33e9dcf6e76a3a116ce73
1424,LONG-WWNL4.825.4.52.0,Longines,Longines The Longines 1832 Classic Automatic Black Dial Leather Strap Men's Watch L4.825.4.52.0,alias,WWNL4.825.4.52.0,brand-prefix-exact,808a99d939297aa652f299bbddce5f301ab9900d6a969911fbc919e8d6d8dc9c,3f2eefb71a0de10c4e2cc2cd51db7414af1f1613a630995efa30ee830af06a3b
1425,LONG-WWNL8.116.4.71.6,Longines,Longines Primaluna Moonphase Ivory Dial Stainless Steel Women's Watch L8.116.4.71.6,alias,WWNL8.116.4.71.6,brand-prefix-exact,3b33a2beaf7c0812af53b5139f0e90b18ce0f7242388eebad57a1354c4d21453,ed6df056d3a1e8996f63f982ec2ab62a2c9b77006131011c177bd7bd1d624d92
1426,LONG-WWNL6.141.4.71.6,Longines,Longines Equestrian Silver Roman Dial Stainless Steel  Women's Watch L6.141.4.71.6,alias,WWNL6.141.4.71.6,brand-prefix-exact,b8b247a97fe9b7d5066bd45139d7a95ec4d51462da216860cd55fa23e94c4ee1,520fd1d51202e84ad5562b15b0ff8415702ad1eb6e1b60f9a20654211e17bb1b
1427,LONG-W1546,Longines,LONGINES Presence 35MM AUTO Stainless Steel Men's Watch L48214116,alias,W1546,brand-prefix-exact,d703070cf5a75f52f87a1a4c0b21061d8c3cfe6e49c8db61e1319d9fc2d2388f,b974014b1f51f1f4729d1f191c6e42989cf8d807f22d65a83ff55a9c3ea96990
1428,LONG-WW758,Longines,Longines Conquest Quartz Ss 43MM Black Lthr Men's Watch,alias,WW758,brand-prefix-exact,e7d12e7ca88ff82a3b3ea6ad722a8ff2f069cfcb233217fab832bc8da665caa0,a1cd182dbc27745965940f03e640a6a974476b557ecb451d922995eaad672a3b
1429,LONG-W1474,Longines,Longines Conquest Quartz Ss 43MM Black Lthr Men's Watch,alias,W1474,brand-prefix-exact,ebd488b94164e9d301460ada0fd86d664c2ee34b1e4145250d46d9673d899f10,8e4167dd413f69076fc22d3d911098ab0048861ecbf49d33f5025c8ac300d64e
1430,CART-W62025V3,Cartier,Roadster — SS ROAD39-SLV ROM-BRC,exact,,exact-existing,ea18a2495f91634fa8071c6726572011bfaa39f02ade361d731c3b2488c6b286,66b92f86aea68ace7c4d7e2440e02bccb5f9c6799d6fb09989f7aa28085bf18b
1431,CART-W7100015,Cartier,Calibre De Cartier — SS CALIBRE42-SILV ROMIX-BRAC,exact,,exact-existing,45d2a2b9df31b1637a0376d5b75e663505e8aae4ea5231aac6ad894c48925063,a02e88a4d4edb28ed599f0697cc046293dd0d24b511ede0f2d2ba19850671106
1432,LONG-WWNL3.830.4.62.6,Longines,Longines Conquest Automatic Brown Dial Stainless Steel Men's Watch L3.830.4.62.6,alias,WWNL3.830.4.62.6,brand-prefix-exact,df71e2c92e9512f88ee0a093078ff7f5af7b6ff712024af4610854cbd6882a14,dfb453298c9b03be5f99ceb5fe70c920d3c45490e81a7dc17edec1edf1124e59
1433,LONG-WWNL3.812.4.63.2,Longines,Longines Spirit Zulu Time Grey Dial Leather Strap Men's Watch L3.812.4.63.2,alias,WWNL3.812.4.63.2,brand-prefix-exact,fb7e2489dc1817a4831fd2509919ba9a099a64ab25e08cd4f1e4e57c15e2298f,c8366b09a9499e182a7338ee904ee77d40070d8e30199d48212b83affa6ba29e
1434,LONG-WWNL3.811.4.93.0,Longines,Longines Spirit Automatic 42mm Blue Dial Leather Strap Men's Watch L3.811.4.93.0,alias,WWNL3.811.4.93.0,brand-prefix-exact,16793ec38164eb03f12d739e314ff3bbc150abe1846fa4720e87c236a834e3dc,33d69fdd687b7810d8cc9fb6f654425d4d80ffbf3f645c884a44c95acba23154
1435,LONG-WWNL3.781.4.96.6,Longines,Longines HydroConquest Automatic 41mm Blue Dial Stainless Steel Men's Watch L3.781.4.96.6,alias,WWNL3.781.4.96.6,brand-prefix-exact,943aada0cc409403fd20d5e3d8e5f15cacd80e08d3ce966e7b214292a4aeeef8,2dbee4a800724d02c230740bf188781cc055e18db819fa3f75b8a71362742026
1436,LONG-WWNL3.410.4.93.0,Longines,Longines Spirit Automatic Blue Dial Leather Strap Men's Watch L3.410.4.93.0,alias,WWNL3.410.4.93.0,brand-prefix-exact,8789f1ab3b00f8e50d0f15c7d982d94ff66282bef1067ea9c0229c53764ef31a,7225d5ae9515a0fddfc117ce7da603e1a31be00e4eb6e142d4a890a5d3c6bbaf
1437,LONG-WWNL3.810.4.03.2,Longines,Longines Spirit Automatic Green Dial Leather Strap Men's Watch L3.810.4.03.2,alias,WWNL3.810.4.03.2,brand-prefix-exact,44ebeebd7c8795f0e284ffa709dcbeb5f8504c1ddb2217ef0e6962058db44dc1,d5dbb0db90ab200ab6b5ba8f8debf5a5a95f263a71159d1be648323b31bc3644
1438,LONG-WWNL3.410.4.63.2,Longines,Longines Spirit Automatic Champagne Dial Leather Strap Men's Watch L3.410.4.63.2,alias,WWNL3.410.4.63.2,brand-prefix-exact,f0eada5b22f671e670a81823b3d72794e5048903898e903f1b427e5638bc7dbc,81a5b96ace1bffc5a4eb2648a6aa4509b7655ba85f0504b6ae4ac352c8b31e97
1439,LONG-WWNL2.816.4.53.2,Longines,Longines Heritage Avigation Big Eye Chronograph Black Dial Leather Strap Men's Watch L2.816.4.53.2,alias,WWNL2.816.4.53.2,brand-prefix-exact,c302832c3acff97256deb5c72921b9e94d2a4f370719fcb0b95b0fc7d2b96ac4,d442302a800bfb730b32da59acea3cb6ce36d3d06b2305c7a85c688f63226e78
1440,LONG-WWNL4.274.0.87.6,Longines,Longines Flagship Automatic Mother of Pearl Diamond  Women's Watch L4.274.0.87.6,alias,WWNL4.274.0.87.6,brand-prefix-exact,d48ce55635ef3cb32577463672219e744ae799d061877649dde82bc918a00404,d78a51c9ab714a911a9a2055b6e98d49b0e7399347e06b3302364d1cf450e3fc
1441,LONG-WWNL2.828.4.53.2,Longines,Longines Heritage Classic Black Dial Leather Strap Men's Watch L2.828.4.53.2,alias,WWNL2.828.4.53.2,brand-prefix-exact,b39792af84e704b48f1d233a53bf8836f7d060feab586dca7ac6d3de7ecfc07c,c92822b5c5f5534fea4d8fb517b5e71cc3b90abff7a89aacc166333c1220e671
1442,LONG-WWNL3.374.4.40.2,Longines,Longines Legend Diver Automatic Burgundy Dial Fabric Strap Unisex Watch L3.374.4.40.2,alias,WWNL3.374.4.40.2,brand-prefix-exact,5afc4da1178921c135368a065ba09d086ed94850b370ba7b6d9de9d7818fd7d8,01172ead94d959a955ff1cce5b8ed39c98ee74e9963a8be43eb3927b76fda14f
1443,LONG-W1380,Longines,Longines Symphonette MOP Diamond Dial Women's Watch L2.305.4.87.0,alias,W1380,brand-prefix-exact,359a366a76ecc17b3e67344730022672a48190331bfe98daa85f6a8f58e716dc,76c13b6be7e7656fc3f5b1dd1952bd5be8bbefdc248bb4e6d81319dfcc028dd3
1444,LONG-W1325,Longines,LONGINES DolceVita Quartz SS 20MM Blue Dial Women's Watch L5.255.4,alias,W1325,brand-prefix-exact,aae1ca7ec4e0e9bc4bdca34e60ba6c06d32d527fdd008f3dba1f89deb23885e0,81062673ce538f9cd6008ebb31b327c90e16574d75489e2ce2907ae15505fe34
1445,LONG-W1521,Longines,LONGINES HydroConquest AUTO 43MM Gray Dial Rubber Men's Watch L3.7,alias,W1521,brand-prefix-exact,9b3efd2c7fda85665598f8ca863ab6a52002d7234653999b97a1553a688f44e4,bf3b16fe1c9d1dd67aa664ac15eb2c490fa6db6adbfaf9583780c0588d3437ee
1446,LONG-W1541,Longines,LONGINES HydroConquest Quartz 41MM Black Dial SS Men's Watch L3.74,alias,W1541,brand-prefix-exact,404497404fded6518a29d9abd32bf6a60e33c87b8af6b49cc069062481e85862,a9222a7246ede020878ba3a9e9b448e700eeb3ffa7a09495d5782233309488d6
1447,LONG-W1327,Longines,LONGINES Lyre Automatic 38.5MM Champagne Dial Men's Watch L4.960.2,alias,W1327,brand-prefix-exact,2605cfa26f2c97196bbd1295aabb83fbb7b5fc1e8f44b1cd1b83a206af1e157c,a3f50d2ea2455e2966ccfd25bac3815220f48a416cf3aaa7c082b9d586ef5f53
1448,LONG-W1545,Longines,LONGINES Flagship Automatic 36MM Unisex Watch L4.774.4.57.6,alias,W1545,brand-prefix-exact,9d53a3b001e4aeb8880bc10b742635fb2e6ecdc1930e4b4edc2eec681f935764,2123d83b40d413f631f9f24e6221f5f3f3b4b36cefc64243caa64a978704749e
1449,LONG-W1309,Longines,LONGINES Flagship Automatic SS 38.5MM Black Dial Men's Watch L4.97,alias,W1309,brand-prefix-exact,99afda65bfd10f36bdbf1a06b8a853824bdb4f3fbf54c1bfa6dc11ac2aa2d324,7b6bd7f9c924c6d9cb7dfdaef51d0354ed11c1e8fd6d71477a1d2a8e74fc5802
1450,LONG-WWNL2.821.4.96.4,Longines,Longines Record Blue Dial Blue Leather Strap Men's Watch L2.821.4.96.4,alias,WWNL2.821.4.96.4,brand-prefix-exact,b59fd21ffc70fb4c9e661c2295c4ee216b461fb751d06af844f63794d81ba6b9,31bae1c62853a752af2710a24339da9cbb3eafad179ee63c1541657ebe9784f5
1451,LONG-WWNL2.820.4.96.6,Longines,Longines Record Chronometer Automatic Blue Dial Stainless Steel Men's Watch L2.820.4.96.6,alias,WWNL2.820.4.96.6,brand-prefix-exact,789c5c2ab5f812f73fcf8d1193b9c0974aafa52efc8eec86135990161c32fb72,0546d842ec02abc78237ae39da761a18313f53d201f566ce963d8c8fe10e9ef7
1452,BREI-AB01342B1CBA1,Breitling,SS CHRMT B01 NFL TEXANS 42-DK BLUE IX-SLV SUBS-RLX BRC,exact,,exact-existing,2bed2695f22476ca81f673196025239c632ad6fcb842cd4f3271a999788ceda4,7bd8f37f705511bed9827b058f72e68820568a165c645f716a4722531b24ee78
1453,BREI-AB01342B1K2A1,Breitling,SS CHRMT B01 NFL RAVENS 42-PURP IX-SLV SUBS-RLX BRC,exact,,exact-existing,9d83950dec7ef6de4226a0f268dbf0a47d5c1ee8125e78332f4395780b18b293,bda52bc427377d55e3eadd27b85a2bbbf8444e2f852ca4e190bbb97c95d9d1a9
1454,BREI-AB01342B1K3A1,Breitling,SS CHRMT B01 NFL COMMAND 42-BURG IX-SLV SUBS-RLX BRC,exact,,exact-existing,e6b39479634133a7fe732ea72c772cf0175b48968e95aba0a2072b029e5de3cd,2beaab37521ed72f8d4bdd64c8aa506a515725b7cf7b93db55ea7568ed0e8406
1455,BREI-AB01342B1K6A1,Breitling,SS CHRMT B01 NFL CARDINALS 42-RED IX-SLV SUBS-RLX BRC,exact,,exact-existing,222df125021f26bd345a68c1617dabd088b93cba7159c5ee400765650b40e2b9,c8f5f7324b795342f0427509a48c55ddf521c0b92db3f2eeaf9e2eebd2326c28
1456,BREI-AB01342B1O2A1,Breitling,SS CHRMT B01 NFL BRONCOS 42-ORG IX-SLV SUBS-RLX BRC,exact,,exact-existing,fb9370fe4717482b74b0c49079034d62b2bbb4beba31352ebf6cfc5852ec9258,8b6bd0436b207406080c4cc1ffbf44bf014383de30713ffe01a8e3d309413cdc
1457,IWC-IW3950-01,IWC,Pilots Watches — SS PILOT TIMEZONER CHR46-BLK-STRAP,exact,,exact-existing,907f6b572a612c0ab029717b4080c1c5aadd64f52ff62bcfda2dfdff25623704,3e448677c64888d65a6bbddad0e508cfc69bb78efd7f29d837fa48ff6cc1075e
1458,IWC-IW3297-01,IWC,Pilots Watches — TI BP SPITFIRE43-BLK DIAL-STRAP,exact,,exact-existing,eea3a2b47c7ae563d1ef5a8466ec81231ad31a285af8b32e17b20a60a56b47cc,9bc0156715f3fd9e8ea9a94b2c6671c273cbdb13b7f4def76571512e6b1df3ea
1459,IWC-IW3795-05,IWC,Aquatimer — BLKrubSS AQ CHR LA CUMBRE 44-BLK IX-STRAP,exact,,exact-existing,2607d1d8adf185b32723e0ed3ffb19f7505ca8f171ab03e197adf5e37abc2707,c91d9d5c99ae2705573f1fe4d0cb38124d661f43ac6d5e8c57c6f72ffc9753d0
1460,IWC-IW3914-05,IWC,Portofino — SS PORTOF CHR 39-GRN IX-STRAP,exact,,exact-existing,1411e48b04b29adff8b9ba0bba8284b6158c4c4af8513fd4d072b8ae704cb9c8,86558f49d4a24a3dd0723dbd28bdf16fa8d35a50172fb8f6c0acfd971b8e25bd
1461,IWC-IW3780-01,IWC,Pilots Watches — SS PILOTS CHR 43-BLK IXNUM-STRAP,exact,,exact-existing,bb43665500e70068bb2634ebcda8b4737541610e99e81d5eb8d607c199a9504d,035909339e1b8e5f4e7647bcd0ee9c5d13e26d5aae77ffbf21a5d03fd1221733
1462,IWC-IW3879-02,IWC,Pilots Watches — BRZ PILOT CHR SPTFIRE 41-GRN NUM-STRAP,exact,,exact-existing,2f96bbf1ad58d4fc7e8996c3219fdb5608fd82679716b82699e4f8d724e6a7df,887e7cbbde058262a6f11a2e7ceeb5fbeb7d7761f5c7744dfa819a261661b9b6
1463,IWC-IW3583-05,IWC,Portugieser — SS PORTUG 40-BLUE NUM-STRAP,exact,,exact-existing,289facac5475d9cc8f87034e590d0682c132a0db1e281b1a8256db9ebe58e9a4,ca39587fc397ebde767766c3e642d9023038ecd0e9e171d98a4d8bc860bd91fd
1464,IWC-IW3910-23,IWC,Portofino — SS PORTOF CHR 150YRS 42-BLUE IXROM-STRAP,exact,,exact-existing,f57896ea9f8485a3bba53bccfe8555b7f5527940b09c160284e6addc5cbf139c,e7ac310bbbe02b6f54911b60fab025d9079a64b329e6fae0b65d22c5d4ffa9e5
1465,IWC-IW5001-09,IWC,Portugieser — SS PORTUG 7DAY-BLK NUM-STRAP,exact,,exact-existing,3016b380dbb945c64c0f496a078ac4c2ca8ff2f77ddbed60fa65d37e2ac2b92a,3ba6697aeefd4a8603dc9fedc8c2e2647a1419ccb07909cf963b8745ac49d173
1466,IWC-IW5001-14,IWC,Portugieser — SS PORTUG 7 DAY 42.3-SLV NUM-STRAP,exact,,exact-existing,243ac7b084b6182331d06b5f6389c2a5c55d6249994d7cd743dbc33d2a30db76,d12f42677f7acc376f2ae41e1e14636938d0c68753b3560c4cdc0f8c3ba56ca8
1467,IWC-IW3878-06,IWC,Pilots Watches — SS PILOTS ST EXUP43-BRW NUM-SLV SUB-STRAP,exact,,exact-existing,35eb25d4885306540f1d4fb0bd139a162ed1a5ebf15d72503d826588335c9aa1,1ce77b29a32328324ac6aab62ff0ae24e1330f0da21258a7131020d7de6ada95
1468,IWC-IW5004-01,IWC,Pilots Watches — SS BIG PILOT 46-BLK IXNUM-STRAP,exact,,exact-existing,fe414ec1f465f04fcd7f1e78910b89ae625d0d73bcc75cdfd5688ad2d8b4b58c,9bd7878cdc49c0506ae573e5a6ac323943e31723b7bd0af82596ec6c65420107
1469,IWC-IW3907-01,IWC,Portugieser — SS PORTG YC CHR 44.6-BLUE NUM-BRC,exact,,exact-existing,dc55eb84295694fe62d317ddd7157f645c598d697f2ec82bcb3ad99ba57bbde3,65237aefa8c96257001f7d76760381ac8a0b831fe9eb0328123b45a3820246fc
1470,IWC-IW3778-05,IWC,Pilots Watches — SS PILOTS DBL CHR PS ED46-GRY NUM-STRAP,exact,,exact-existing,1ccb0dba343c2497b5e4f056166f09f5e1ff32da856c10d6c881b13c0b864787,191a2f602d730b22d268917f4895de8dc7a7a5acfb0bb332114684339bbce78c
1471,IWC-IW3777-26,IWC,Pilots Watches — SS PILOTS CHRONO43-GRN-TB,exact,,exact-existing,8c3ef7cb727ee3b24f34dfba71c1231ba96dd666233cd4d920069ad11a024677,ba1f401e2ceba349913a42c3875bde12bfc7e8db5078f25f1ea6c91277a1eaae
1472,LONG-W1300,Longines,LONGINES Lyre Automatic SS 35MM Blue Dial Unisex Watch L4.860.4.92,alias,W1300,brand-prefix-exact,d7a7bbbf8b206dd963565994b05cda223f59455d67757437b2e51c9f22052e8b,efb280d9a1c21cb60f1c1822837fb7f28bac574dc874669f2ccb591ae3228204
1473,LONG-WW647,Longines,LONGINES Lyre Automatic SS 35MM Blue Dial Unisex Watch L4.860.4.92,alias,WW647,brand-prefix-exact,43fc8e8d7752a51db98dbe3c5e9e5c241028d9c55d3557109c8d94cddbcd9de6,5d2d9b7b0b2a73f42924dfc6f414323d96ca3f8952c9e1c43f1983dec3998e74
1474,LONG-W1434,Longines,LONGINES Flagship Automatic 30MM Women's Watch L4.374.4.92.6 / L43,alias,W1434,brand-prefix-exact,21402ad72a1d8a6e1adf0407f5f7e018d27c43380c13e831fd3f07a48359e4ba,e1b2caf5bd99aed89c53157921729f97a0a8b3deaa64da910b9f79e7e1a1bd9a
1475,LONG-W1435,Longines,LONGINES Flagship Automatic Diamond 30MM Women's Watch L4.374.4.27,alias,W1435,brand-prefix-exact,e6a27947a1b37757fa8e8b0d6d3fd9e916cfd83616ef5d58c109d9fddebfb0d1,ff153bdd011926be4297e0865920a941d80de878732be5f8788808e26296ac82
1476,LONG-W1461,Longines,LONGINES Conquest Classic 36MM Black Dial Women's Watch L2.387.0.5,alias,W1461,brand-prefix-exact,36b2e9fd135be758991cbb19bc124bbf44b389011e5fc1416127f56f08b29866,66066d01111e7e9b1d0a0c877941cb6412cbc5ede4ab317edfeef2fa3b15ef34
1477,LONG-WW557,Longines,Longines Conquest Collection V.h.p. 43MM Men's Watch,alias,WW557,brand-prefix-exact,faabbf5d395ca1ebebe39ddb6171712a33f212d26219741d3ce0d49c443c3639,31c12383813193735664df2443d373adc58633d6a2987bbc0e69382666153ad6
1478,LONG-WW756,Longines,Longines Presence 38.5mm White Dial Leather Men's Watch,alias,WW756,brand-prefix-exact,4ae1f51ba80a056a82886379a5dcf63040f08b5a842907a2e3826b1cc19e92c0,ec73c8e8a2de434736a8ff0d61c1ff2ad25caad3199f14a0ba200a947c3592dd
1479,LONG-W1365,Longines,LONGINES DolceVita Automatic 27.7X 43.8 MM Black Leather Men's Wat,alias,W1365,brand-prefix-exact,64baabe964f86e1d81635d80e340f3dfbccff4c8958cf9223616af02eb56f87c,5d87c6a0fca2f96e019459c3f8e5c3182de8d2c11282facce22353dec14a1110
1480,LONG-W1497,Longines,LONGINES Record 38.5MM AUTO SS Blue Dial Men's Watch L28204966 / L,alias,W1497,brand-prefix-exact,ddac0b1b7c8718951fb779322851ba0d2efd9952428353c66c312ce2598f979c,4e720b728c85e4ece8927bd2d359898f351c16e2d81146f4a294e36f31971956
1481,LONG-W1478,Longines,LONGINES Record 38.5MM AUTO SS Blue Dial Men's Watch L28204966 / L,alias,W1478,brand-prefix-exact,b0a81ef6813bb9f3646a84c988252661e349fdf6d2ab617e59375a908824f794,085569222b2282d42441dba2414d4065574bcdcefc9a6585e912f2494adbacc7
1482,LONG-W1335,Longines,LONGINES Evidenza Automatic 26MM Grey Dial Leather Women's Watch L,alias,W1335,brand-prefix-exact,23d2aa17228f3679a07074566e08264dbf1526a7b50d3190a8063a698fb2a77c,e50787ad590fbd76529d33c8bca03be49b3019e6e0207c45593b6389ee2714bf
1483,LONG-W1264,Longines,LONGINES Elegant Collection Automatic 41MM White Dial Leather Men',alias,W1264,brand-prefix-exact,85e3a9a3d82fff955e593bb8c063170f32697fae42cb4bfbb9eb4e4203bf2235,2fdb4e6410b7662ed676e6ab9aaaf1870178dee40bc61c024ab9bd3a8d225810
1484,LONG-W1495,Longines,LONGINES La Grande Automatic SS 37MM Blue Dial Men's Watch L4.810.,alias,W1495,brand-prefix-exact,40cc9e70def4ad90293cda31adf96d30ed1fbd1cd9fb136f53c77217a5cb2e26,4c657108a598f468f9f942b0a12c30f8af4fbaea55ee692689535fb399e8cf64
1485,LONG-W1396,Longines,LONGINES Heritage Classic Automatic 38.5MM Tuxedo Men's Watch L2.3,alias,W1396,brand-prefix-exact,4d76fd2b224dca6fc21eee0025f225625630976f5f4ff58314ca3a0b19fad14d,118e5386cbfcd9963c4807bfc9f6bad39a91996b7e9f455882ae107f8edf2cd4
1486,LONG-W1348,Longines,LONGINES Symphonette Quartz 21MM MOP Dial 18K Rose Gold Women's Wa,alias,W1348,brand-prefix-exact,8b112e38c244fc4c0272ff3176af274a9eb76ac6fb665a9824352690ec73489d,8f8a36550ae7dfb1918eeb19cc28542df2b47b3a701db13078d7ae735bf5058d
1487,LONG-W1426,Longines,LONGINES Symphonette Quartz MOP 18K Rose Gold Women's Watch L2.306,alias,W1426,brand-prefix-exact,1da17b5a95877291ebf02f83f820e0145ff12d0775e3c1adf1f0eccd2c829ecb,4f4bae8e32d4cf1b3f32923f90bdc67a40b13fce87c5f32e07081a17b931f335
1488,LONG-W1395,Longines,LONGINES Elegant Collection 13 Diamond 34.5MM Silver Unisex Watch,alias,W1395,brand-prefix-exact,5bae3288aee0e2c32a67397801c8268347f4e58145236efc93bb6b8688398a57,94ed6b385c28c0a109a382496bf2dd88a81e9df9fee6f01e6c0b3218c774214d
1489,LONG-W1266,Longines,LONGINES Evidenza Automatic 30MM Red Dial Leather Women's Watch L2,alias,W1266,brand-prefix-exact,4c86bbbd134cf2d2f332e8a3905fc2fad796230e72d4ed7ce1f3e91c755375c4,afb0b9a3d1a392f0ddc584c0327045daa4fc9c00502b5b26198bc2866b13420f
1490,LONG-W1265,Longines,LONGINES Evidenza Automatic 30MM Green Dial Leather Women's Watch,alias,W1265,brand-prefix-exact,f3f402888bddd5907f6159b7e0d88a786d456f035cc9a9c5875091d359031f0a,70ef2ac4b5f0083ba0e07524b37efd51c5c2a9e8e1e3cc7d1e95de4996d0f441
1491,LONG-W1425,Longines,LONGINES Record Automatic 26MM 12 Diamond Leather Women's Watch L2,alias,W1425,brand-prefix-exact,60dfc837892343896aef8de05e9e89c83b6893fe7e7b4b4e9f98d0f91d101376,3213c048b046a2ad06b1f2bd8e778f1c8794adcdea007b124a943416df88d020
1492,LONG-W1270,Longines,LONGINES Presence Automatic SS 38MM White Dial Men's Watch L4.904.,alias,W1270,brand-prefix-exact,cb134802f560042483c9de02afafbe300432d7d2dc5a5990a5c9519d1244eed0,4f99f7dc5472f154a35f2524d00acfdc3b9498c865223e8363133fe030c49d45
1493,IWC-IW5001-07,IWC,Portugieser — SS PORTUG 7DAY 42.3MM-SLV -STRAP,exact,,exact-existing,f41300653455d0e997eb984eec59df868aa9cb056683c29602884791bd8fb032,e60b21b96c714c40c491c38e757f06248facce7e48e401ffde7826594fd8fd0d
1494,IWC-IW3910-31,IWC,Portofino — SS PORTOF CHRONO42-SILV-STRAP,exact,,exact-existing,6a41915654feac50f9f8d8f5d2f12b22afea24047531ae7f1e7040480e6efbaf,176db9deee94e82e9c7b5acf0d73f46917a64244c465a0fbfe423c8027001e1a
1495,IWC-IW3574-08,IWC,Portofino — SS PORTOF 34-SLV PLAT IXROMDIA-STRAP,exact,,exact-existing,22bdc5f32bf73c43f59e550ef704e899333391174cea5de1b11dc1ad52a866bf,98544c8c57aaff011b5f7fa1b9d7166b29c5f2d5dcc45a9c5f42c06e8731e5a2
1496,IWC-IW3583-10,IWC,Portugieser — SS PORTUG 40-GRN NUM-STRAP,exact,,exact-existing,7737fe185216dfd90df7cdc3e17d27aedd65b1d447b8d39b1867f2dc8fd111b0,6d1deb73b6dcd2a814b6d4a283c510c9e903c671b89b73a8177cdad72ee98146
1497,IWC-IW3583-13,IWC,Portugieser — SS PORTUG AUTO 40-SALM NUM-STRAP,exact,,exact-existing,5ff75d7f53e229344b3a1d9e957804f650668c1c7e4a7802499f4c432367b5de,bf34a435ea1b83c01e49f1243f332ff09492c0136d5448a1536da95e72bfc399
1498,IWC-IW3881-20,IWC,Pilots Watches — SS PILOT CHR LPP 31-BLUE NUM-STRAP,exact,,exact-existing,015b9491c65debb7eecbfd22842592e5a1831208d178b62c7b8b66983735ea5f,44f3c482ae0d0057af48066868130e6217dd0c7fe0bdf989c81232a31fc665b4
1499,CART-WR000251,Cartier,Ronde — WG RONDE29-SLV ROM-DIAM BEZ-STRAP,exact,,exact-existing,19f16b34838976c579a84369eea81f4ad062f87aa6865bdda3475a835c986cfa,6afb8041384c61b11a93ea144ffa42cb49e88154eecb0bfbde3fc52cab11d669
1500,CART-W4BB0015,Cartier,Ballon Bleu — SS B.BLEU 28-SLV ROM-DIA BEZ-BRC,exact,,exact-existing,a9b04fc4d4e288b87b0d964ab75a22bcdc840da5daab34ae228f49a3e3f45858,8858aa4735361e1347629ac8a14927517f4c4b93025f7f3699f66cc81342609e
1501,CART-W1011258,Cartier,Tank — SS TANK BASC36X24-SLV-STRAP,exact,,exact-existing,ce99ba04734a95f5158bf0f37678f49924c367e85a912e9431cd65b0b09df946,a2662afbeb394c6b30b3d971666f4654d91ac4cc0591431dee81984514bb27f3
1502,CART-W2PA0009,Cartier,Pasha — SYG PASHA 41-SLV-BRC,exact,,exact-existing,389b54569cbb9e349f1f5233dab2d1d5f168a8662f5687a72227578f5803a363,ec9637e288c837515fce782684b638862d7009ba2097f3950b4fc0e958f3ca87
1503,CART-W2SA0017,Cartier,Santos — SRG SANTOS DUMONT 46X33-SLV ROM-RG BEZ-STRAP,exact,,exact-existing,ebee45360a26dce639d2241eafdfa38bdf3a2ce6f6cf27ba64350789a462c8ba,974403762c59469ae98989dd91dc99fb9d61108d982d074025be1a97fc1bd130
1504,CART-W5310028,Cartier,Tank — YG TANK ANG 30X22-SLV ROM-STRAP,exact,,exact-existing,e6b41dbb9a706073f325df379467bd3a7312947be36a5c88a3e4ec1d506562f7,2b4f3d06714cfdad1ea072e251df846a1116ba248ae188f4a2aa6a86c1f2ee89
1505,CART-W6800251,Cartier,Ronde — RG RONDE LC 36-SLV ROM-STRAP,exact,,exact-existing,c0d9565a021538b8277b1e5bd9eadf15d2faeb22b36904d5e219270a4c5e6de9,45a5e46f47e73a47e56b2067a8e93aea63afa8f66ff1c63680d3a4d74976eb25
1506,CART-WGCL0013,Cartier,Cle De Cartier — RG CLE 35-SLV ROM-STRAP,exact,,exact-existing,823dd0b388db4a6b87a59f9e1da1d28f4b2fe88fefaf1f43b3087a7742dea9a4,7aac6c1245fafb1b713af061fb8c854df1a6346638b25d07b37a98d1d41696b1
1507,CART-WJBB0019,Cartier,Ballon Bleu — RG B.BLEU 28-SLV DIAROM-STRAP,exact,,exact-existing,6b2b7ccac542e6e72849d8254f7a9b7f30efd836038b101bb5c607f6dfd4669b,ea2f6ce92f716c49097afd5d75727480638665d9a8a04f36a6164d2d5fbc9a26
1508,LONG-W1526,Longines,LONGINES HydroConquest 41MM AUTO Green Rubber Strap Men's Watch L3,alias,W1526,brand-prefix-exact,66e70871250d9dbf3691a4220ff712642721fcd7dd70b66740de5379d6544e51,77746e183dadffd89b70ffed5850a6c52168d853a1571ab753d3d344d664db46
1509,LONG-W1502,Longines,LONGINES Elegant AUTO 37MM Blue Dial Leather Men's Watch L4.810.4.,alias,W1502,brand-prefix-exact,f88510d8c0f52623d5f55e1066cac54be94f4d1295130c969549a10b854c3341,f0f063810a5825fead28d73c7891d7d1e2b50c86afe96a28be8ba87c26d16f6d
1510,LONG-W1377,Longines,LONGINES Record Automatic 40MM Silver Dial Brown Leather Men's Wat,alias,W1377,brand-prefix-exact,9bc2a75e5a9364f4b750adb3c6be4b44054a1369bcdd72d3329bc2c81da354c7,2ac84ae39c4e8590fcece2370605de51a69e7f9518b6a340ac1ee608188c834b
1511,LONG-W1358,Longines,LONGINES HydroConquest Automatic SS 39MM Black Dial Men's Watch L3,alias,W1358,brand-prefix-exact,676c81525adbdb1bdc128ff5b8784e77e3545e28bf54005a00ce7b01e0a560ba,a1229b57e161b7ef7cce439999b62eaf74518886583cfb87d2b1dd292f385825
1512,LONG-W1532,Longines,LONGINES Conquest Automatic SS 43MM Black Dial Men's Watch L3.782.,alias,W1532,brand-prefix-exact,f921826db244fbe573629714f3197fd651724b83bd466365bb24eabac6d3383c,000afcb1bda43e336c8ed500e70b9561f07334388f7497f4db25878f485b7204
1513,LONG-W1455,Longines,LONGINES Silver Arrow Automatic 38.5MM Leather Men's Watch L2.834.,alias,W1455,brand-prefix-exact,cadbf373496bae10978a256fd980e5574c3bf36f6286b12ff712b09ade69f3ed,30a20cb73ba0887d46d78be19c78479f06cc7761aacfa51237636bfd01733045
1514,LONG-W1363,Longines,LONGINES Record Automatic SS 38.5MM Black Diamond Dial Men's Watch,alias,W1363,brand-prefix-exact,1697034a3ac1c0834b591ca32352420d19610405e6dd28dad9b553cb5a99a3d0,54acdd9de87ba516aa11ad6cbc863b94aa287743153068ffaf35f51113584171
1515,LONG-W1322,Longines,LONGINES HydroConquest Quartz 32MM MOP 11 Diamond Dial Women's Wat,alias,W1322,brand-prefix-exact,0dfc806e21c4cd60c7606fcf3f3e56a84b67196f28398eb7220b5117e6764812,7b98fcac7f9bce0adc41a273b04e139703892c9ed08b7afb02a123bbbdb4cab7
1516,LONG-W1334,Longines,LONGINES Evidenza Automatic 26MM Blue Dial Leather Women's Watch L,alias,W1334,brand-prefix-exact,31f1deaa0842f0a36149fe688c3921ab568dde63e4aaaedc9d622e8108eb7f9e,436365ba1b6e86a4373cb0dbfeffd3356576ac4f3d72ca9669edd9dc70fd23ec
1517,LONG-W1326,Longines,LONGINES PrimaLuna Automatic 26.5MM Blue MOP Diamond Dial Women's,alias,W1326,brand-prefix-exact,2cef298260ce79e876e014398c11ed0a1c4fcd056e52c3b72d8554a31414f7d7,52d51987492d3148573bcf4a8119fab2a9d15784620ddd7d9cb7fd60334cb9ba
1518,CART-83784647,Cartier,Panthere — YG PANTH VEND 24-SLV ROM-BRC,exact,,exact-existing,8cd07af16e7b2d23c20b6bc2f97aa53ef20bb21661bd0b1bfe11399d69918a8c,32da8d445a28780b9e9166b59c5f7cb669389bf05f66ebd803cb4b477781b8f0
1519,CART-W2020067,Cartier,Santos — RG SANTOS-DUMONT38-SLV-DB,exact,,exact-existing,57b8b5ba90e68a76453006cd612e69172517d0639b24ce87c8227ba7aa697563,29c9d7b2d13813761746d3d37c1d1701c173c92c57f09ed0fcd535a4e80f6e50
1520,CART-WB520008,Cartier,Baignoire — WG BAIG 31X24-SLV ROM-DIA BEZ-STRAP,exact,,exact-existing,f40862fd47308a5833508554f07dfb77a07816ce20f437cbf2a9103a3a8e564b,3ef2e6904c96e435c19f64c4d70a6adcac389e9be0496842c88eada21ba9665a
1521,CART-WB7019K2,Cartier,Tank — YG TANK AMERIC 22X41-SLV ROM-DIA BEZ-BRC,exact,,exact-existing,84723f3d06bae9a2140cc0a4b68c5cac027bdccfce4f6d810bb5eea5249599c6,685613faa7fae195ea692eee3630a66bd05a2d6b6866a4ce451136bedb45cb6f
1522,CART-WB7044L1,Cartier,Tank — WG TANK AMER 24X19-SLV ROM-DIA BEZ-BRC,exact,,exact-existing,c0148aa06765d1be0e018f602ff066cf82641b3705a4d6e1433fe6b9a6b81112,d248d772b536e374f2927209b31800fff6cc67a54b737a56713753fcfcc18960
1523,CART-WF8001B9,Cartier,Cougar — YG COUGAR 26-SLV ROM-DIA BEZ-BRC,exact,,exact-existing,9b62bb379c9a3d43b9503483f1290595a84f85db0568cbf94de1c2f4232eed55,a85a54668a789e906bcdb50084ce6ea3d25244d44c2021e8057b4593ca297219
1524,CART-WG40033J,Cartier,Ballerine — WG BALLARINE23X14-SLV-DIA BEZ-BRC,exact,,exact-existing,ea4e0920720097ea134d6af6b93e9ddb2087e40d3bd82286c2886a33359fa98a,6128448e82eae4809004525edac0d7bd91ac5ca02f5568d5c1a33a4527350f58
1525,CART-WG600010,Cartier,Captive — YG CAPTIVE35-SLV,exact,,exact-existing,426121971574e2bbed049566a1f0c127fa8bdf46f6deba26e683fcfeebd0e743,e914a8cd929ce1e1974066fc5d3c28eda171ed90b38d338398c56bc14cf952d8
1526,CART-WG600010-v2,Cartier,Captive — YG CAPTIVE35-SLV,exact,,exact-existing,426fc02a3ccd86e13b9922c66063c83cbc7ca63acb41c7733563101d3f4e36cf,22184acb65909236b68933995efdfec5dbba6f68144d56d2f7502d1bb4cf3600
1527,CART-WA50703I,Cartier,Tortue — RG TORTUE28X34-SLV ROM-DIA BEZ-BRC,exact,,exact-existing,7819184db847bad2d5af3a203482bae685684fa96fe5c3ac4124ce0d9fbf9e9a,7af6a7a8fc56326ec70a9baf83816d5707160782dace013b9d82f4d882302e43
1528,CART-W2601356,Cartier,Tank — WG TANK AMER 37X27-SLV ROM-STRAP,exact,,exact-existing,d1cbd6e20b1b88664d5a24fffd3a6ecc2be8753f78ed9dfefd4feb56b98b0c00,c69624191da77bf359d504c2be7b516d0578738d529e2f25d28b415278f047ae
1529,CART-WA301356,Cartier,Tank — WG TANK DIVAN 39X30-SLV ROM-DIA BEZ-STRAP,exact,,exact-existing,f3f6e40ef0026b1c7d02aa3f9c7b920a5ddb7044accd7bf30d072f073571408c,f047a0a585235bb3141b259bd25951cc3dafcc75bc0c5ced5b1a900bc9e1702c
1530,CART-W15364W3,Cartier,Tank — WG TANK ALLONGEE 21X14-SLV-BRC,exact,,exact-existing,d4948a584b13a48ec7719aecdea9473572178f7bfd748ccc02c17b27d3f9d891,7465e1e18806fd0c4463c3d6d388906c9d650beeee4ff6a462743fea70257de4
1531,CART-WJ11932G,Cartier,Pasha — WG PASHA32-SLV-DB,exact,,exact-existing,2342b443901d96bd628a9d2cab319a2e36c7bb147d28b89578bda0152b2af54a,b580c1dbd41fe5fd3ef94f77c8d46822256cbb89477e38591d0de6ac31509ccf
1532,CART-WR000651,Cartier,Ronde — RG RONDE 36-SLV ROM-DIA BEZ-STRAP,exact,,exact-existing,969e31be247ed1acfbce31f3cead0ed64e52e97a7635dc46d340e2f97cd28fd4,f592cce008a2839b839503bb7ea2e4fd3d8e350a8a7af5ea4d1d9ea619aa0f7a
1533,CART-WR000651-v2,Cartier,Ronde — RG RONDE 36-SLV ROM-DIA BEZ-STRAP,exact,,exact-existing,7b22b2fccd2ac87c6f28cba06a822394d3eb5f8cc792d13e4ab8f647210b5a07,7e10cb77b8f5d70361890a137a6d89e8c5801383a5259cfb44da59e74bbfe949
1534,CART-81750353,Cartier,Pasha — YG PASHA 38-SLV IXROM-STRAP,exact,,exact-existing,93e9510c495ba79f2907ccb504b6fa173a6bee596b9e8a3541f18c0d5e11865a,0cdddf3cd2dd6057af66faf9741ba4636c3100414623e36f5fd87fd3ae39df3f
1535,CART-WE5002X2,Cartier,Roadster — WG ROAD 36X30-SILV ROM-DIA BEZ-BRC,exact,,exact-existing,b4aef00ac7bf18a7630f34fc01567bbd37180b3e1977b7abd71fd6e4b5d37ab5,43e3616823e773e54a258f0af680372ca0955e05bebfdddc0cdadc72ce23b420
1536,CART-WR000351,Cartier,Ronde — RG RONDE 29-SLV ROM-DIA BEZ-STRAP,exact,,exact-existing,8f0d7260ec0c5b66a39b52a72f31c8567b9dfe4be48a5e391496671dbaa1860a,9636784668bf1ec40a1f9e31641b5b45b87c5bd74b13f127daf390aa604fa116
1537,CART-WE902030,Cartier,Ballon Bleu — SRG B.BLEU 28-SLV DI-BRC,exact,,exact-existing,9c5506d639e11d52d9439980ef19af4f1a762dbffc25bff3c04031dec24c4b2f,c6a4782d9a95bc5b02579ca36f41b26db06c80a688e32b66f10c19928d9a3b70
1538,CART-WSSA0017,Cartier,Santos — SADLC SANTOS CHR43.3-SLV-STRAP,exact,,exact-existing,79fa8ccbbd55cd580c7a55958dfa7799d35f10a1af728ac071cde7c94ae03c30,eab2dcd08a89de4826d8edc26a884dbffb56e8d25506eae3b565ee9c263e2da1
1539,CART-W1556361,Cartier,Tortue — WG TORTUE SM 30X24-SLV ROM-STRAP,exact,,exact-existing,6b9995d3e3163b3e10926a8ef685055be9f284ccfe30d72c0f2bae391ff1759f,a09ff3dc98ade10d4d6a78d565f4591360e2c5f44dadaf6f1332774f1f38e1c5
1540,CART-WR000151,Cartier,Ronde — YG RONDE LOUIS 29-SLV ROM-DIA BEZ-STRAP,exact,,exact-existing,52d60b8465f75e64e35d8d4344e32103a236ea60bca9006f54a64111a2b50abb,9a9cb34be9c7694f45f8d3f08e394a99fef87e1680e60db3595a087cb0bd304f
1541,CART-W1537238,Cartier,Lanieres — RG LANIERES 16X21-SLV IXROM-STRAP,exact,,exact-existing,e192eaedb1985c6d674ad3c1caef67ece153b903e5bead09e9911536a5f131d0,fd51bd9a08cc1e6e50042bce31653f9da883e60946a54248a8f39abdedf93c73
1542,CART-W6920003,Cartier,Ballon Bleu — SS BB CHR 42-SLV ROM-STRAP,exact,,exact-existing,a8cb09d9c827ebeed6b39df2d5a02a2ffbacf465cfe5889f0d5ff7c7cd26ec17,0b6231d21270816ae95d099168e81a6db88ea51833c5fe5e743aff366d36976a
1543,CART-WA503851,Cartier,Tortue — WG TORTUE LM34.5-SILV ROM-DIA BEZL  LUGS,exact,,exact-existing,1e229fa0776eb23084ecc0b2b5e5d1695fffff2ca686282094fa2ce44c8df17d,ec839200c5184a908e298cf3f97d67f0d69b8c92ade1f8e51bdb08715ddc4154
1544,CART-WA503851-v2,Cartier,Tortue — WG TORTUE LM34.5-SILV ROM-DIA BEZL  LUGS,exact,,exact-existing,e788224ceb35c07b596931f5592a3f451e84dd51ee72d0f0423814527082cae3,ed1dc08093e086f029a7ec4453a94bc4ecc5546f840f151090e29cd19879f50a
1545,CART-WA503851-v3,Cartier,Tortue — WG TORTUE LM34.5-SILV ROM-DIA BEZL  LUGS,exact,,exact-existing,660a388fa62206c96e3754cf1e93e7752794ef4688036faee6062f22e2f9d727,3a1c2e632926ae29bb94277e9f766383c64c14fc713ce2c0b7e207f6afa7c250
1546,CART-WE900151,Cartier,Ballon Bleu — YG B.BLEU 28-SLV ROM-DIA BEZ-STRAP,exact,,exact-existing,2a5e22f56652d8205c9c4f836d8a2791954ea73763bfc8a27d2681121efbdfe2,ed2d5b8ca40a36f1d1e8ac1d7f4bae2c9473d87d06f44972ba3e8ec2820db9cb
1547,CART-WE900251,Cartier,Ballon Bleu — RG B.BLEU 29-SLV ROM-DIA BEZ-STRAP,exact,,exact-existing,da2be05a7c0e376c3fe7e9273432cc44fb6e4900649c75581ef28e6d60412d86,e613aaa26c53c8bb27682ad664eeed56be437dbfe509a5d091bb015e5e96e747
1548,CART-WE900251-v2,Cartier,Ballon Bleu — RG B.BLEU 29-SLV ROM-DIA BEZ-STRAP,exact,,exact-existing,b0d41623ce59c3084abc589555b0d73bb4f59d98b3c5e51502b86357e1cb64e2,873b5910cd68436765060c866c38c2d511742e7d1927518bbeb909c361a70bdd
1549,CART-WA301571,Cartier,Tank — WG TANK DIVAN31X20-SLV,exact,,exact-existing,f12841f76d84cc9a279e25e43cc87f8f433c372c6202462d64b417b21bf25512,005f07ff5c13035c41960bfd47695626230a7aee0078d96ecc74789d40e51e4f
1550,CART-WE900651,Cartier,Ballon Bleu — WG BB 36-SLV ROM-DIA BEZ-STRAP,exact,,exact-existing,92353221abcd75f8bb32268c0e5eefdefb2622d0544216e4f080ccd842da4769,21912524e51e5c1de201763a8c1f57664a8f9cf0a597255be1ef146f4a52dd31
1551,CART-WE900651-v2,Cartier,Ballon Bleu — WG BB 36-SLV ROM-DIA BEZ-STRAP,exact,,exact-existing,b28dbca4596fef630a7d1f7b1d834430790d59876813f29f08b6c405a6998442,b9e14866639280095859df48800f007facbda550a340d63d1a83a6fcc5bbd005
1552,CART-WG800014,Cartier,Delices — WG DELICES 36-SLV ROM-DIA BEZ-STRAP,exact,,exact-existing,2a2bd5ca584a6784cd032afb18205019bd6330e85917b108ba744959334d80d7,1d08aed18e1552b38faa038cbe9e9c12353565309389f9afaa73ab4f02c89a0a
1553,CART-W6920089,Cartier,Ballon Bleu — RG B.BLEU 40-GREY ROM-STRAP,exact,,exact-existing,ab6dc6385a78cc2bc28cefd365a3d96873d9a5ca0558eb9a5dc601d74b3bc994,3132dffff47dda5ccad19bed5570fbbd2d2de6f876f8fa75bb381e1b1f909a4a
1554,CART-W6920089-v2,Cartier,Ballon Bleu — RG B.BLEU 40-GREY ROM-STRAP,exact,,exact-existing,25984835929cc2d5fd11bc6ab942a0a22e2e21d1d207980b9988c9f0ce95125b,d55a6ba2da267809b4a60f67db3bcd473663107dc0b976749158a186112fd195
1555,CART-WE902063,Cartier,Ballon Bleu — RG B.BLEU 33-SLV DIA-STRAP,exact,,exact-existing,ce382a090f6224aaadf359d7bfed723ec9370b4fca6e2edfc032030a219890d9,f6ce8819b11d12d907dcb97494543c6a47f743cbb3403df8e9102805a65c6aa9
1556,CART-WB706131,Cartier,Tank — WG TANK AMERI19X35-PAV SAP-DB,exact,,exact-existing,30653974f08ec5514f9e8c89592fdf36e139154fced1a20ce543664433e305af,4dee0e5c66eceb21349a693660d6fa1baf7679cda0f19094996957b593e771e7
1557,CART-WA601051,Cartier,Navette — YG NAVETTE 31X25-SLV ROM-DIA BEZ-STRAP,exact,,exact-existing,f133a03b2ffd7d672bde09957a32875687d1f111921fd59174eabd298b6616c7,a156f8cb2b723b08577204b5d8c5155f58f888c4fcc823884cece203f89a5da7
