sheet_row,sku,brand,model,identity_evidence,alias_source,exact_png_path,exact_product_path,expected_image_url,sheet_image_url_before_sync,identity_gate,image_gate,visual_note,title_is_wristwatch,png_sha256,png_width,png_height,png_corner_near_white,png_bbox_width_ratio,png_bbox_height_ratio,png_center_x,png_center_y,jpg_width,jpg_height,jpg_corner_near_white
3,RM1103,Richard Mille,Richard Mille RM 11-03 Flyback Chrono Rose Gold,exact-existing,,watches-only/RM1103.png,product-shots/RM1103/main.jpg,https://raw.githubusercontent.com/AveryArtlife/gembreak-images/main/watches-only/RM1103.png,https://raw.githubusercontent.com/AveryArtlife/gembreak-images/main/watches-only/RM1103.png,pass,pass,,True,7be5f555c0cbc385730029e86963e053c37bd3f2999fba6b1916793ce67075d2,1145,1373,1.0,0.746725,0.95193,0.527074,0.5,1200,1200,1.0
4,G5,Rolex,Rolex Day-date 40 228396tbr Platinum Arabic Dial Diamond Bezel,exact-existing,,watches-only/G5.png,product-shots/G5/main.jpg,https://raw.githubusercontent.com/AveryArtlife/gembreak-images/main/watches-only/G5.png,https://raw.githubusercontent.com/AveryArtlife/gembreak-images/main/watches-only/G5.png,pass,pass,,True,1f2acc399a0bf9d3b8aa637bdfd2630a3486daa401244c518707d29dc8763feb,597,1052,1.0,0.968174,0.980989,0.497487,0.5,1200,1200,1.0
5,G3,Patek Philippe,Patek Philippe Aquanaut Chronograph 5968a Black Dial Orange Strap,exact-existing,,watches-only/G3.png,product-shots/G3/main.jpg,https://raw.githubusercontent.com/AveryArtlife/gembreak-images/main/watches-only/G3.png,https://raw.githubusercontent.com/AveryArtlife/gembreak-images/main/watches-only/G3.png,pass,pass,,True,ff38121cc9af5a3f6da670ce8a1eeafbfc753c4707b10f41e47ce541c5b7805b,605,1060,1.0,0.965289,0.979245,0.499174,0.5,1200,1200,1.0
6,G2,Rolex,Rolex Cosmograph Daytona 116519ln Meteorite Dial White Gold,exact-existing,,watches-only/G2.png,product-shots/G2/main.jpg,https://raw.githubusercontent.com/AveryArtlife/gembreak-images/main/watches-only/G2.png,https://raw.githubusercontent.com/AveryArtlife/gembreak-images/main/watches-only/G2.png,pass,pass,,True,1399633dc64d5ec357970f5632f925b4bd7644e99294847607c12334f8bd8567,1026,1400,1.0,0.980507,1.0,0.500975,0.5,1200,1200,1.0
7,G4,Audemars Piguet,Audemars Piguet Royal Oak Chronograph 26331or Rose Gold Brown Dial,exact-existing,,watches-only/G4.png,product-shots/G4/main.jpg,https://raw.githubusercontent.com/AveryArtlife/gembreak-images/main/watches-only/G4.png,https://raw.githubusercontent.com/AveryArtlife/gembreak-images/main/watches-only/G4.png,pass,pass,,True,7480b8c6bd71b4576738f74a727c4dc59f18963238b2be10a72cce82f96f7cf6,409,663,1.0,0.992665,0.986425,0.503667,0.500754,1200,1200,1.0
8,WWN116508-0013,Rolex,Rolex Cosmograph Daytona Yellow Gold Automatic Green Dial John Mayer Men's Watch 116508-0013,exact-existing,,watches-only/WWN116508-0013.png,product-shots/WWN116508-0013/main.jpg,https://raw.githubusercontent.com/AveryArtlife/gembreak-images/main/watches-only/WWN116508-0013.png,,pass,pass,,True,37a300d55fba7a27652ada6a98e10a545f1dae2b33a200f9dde44d9aef0d599f,1024,1536,1.0,0.820312,0.906901,0.5,0.500326,1200,1200,1.0
9,G6,Rolex,Rolex Day-date 40 228235 Olive Green Dial Everose President,exact-existing,,watches-only/G6.png,product-shots/G6/main.jpg,https://raw.githubusercontent.com/AveryArtlife/gembreak-images/main/watches-only/G6.png,https://raw.githubusercontent.com/AveryArtlife/gembreak-images/main/watches-only/G6.png,pass,pass,,True,7beee34b1d687eb151b49f222eb86409d69e608802b1051952f2be4821b7b2a3,536,1047,1.0,0.970149,0.983763,0.501866,0.501433,1200,1200,1.0
10,WW196,Breitling,Breitling Navitimer Automatic 41MM Cream Dial 18K Rose Gold Men's,exact-existing,,watches-only/WW196.png,product-shots/WW196/main.jpg,https://raw.githubusercontent.com/AveryArtlife/gembreak-images/main/watches-only/WW196.png,https://raw.githubusercontent.com/AveryArtlife/gembreak-images/main/watches-only/WW196.png,pass,pass,,True,4c59cb842a3a49cc6698ba9d0e8c1795e2bafa42836aed497629534e0f814f9b,582,1000,1.0,0.987973,1.0,0.500859,0.5,1200,1200,1.0
11,WWNG0A46020,Piaget,Piaget Polo Date 18K Rose Gold Diamond Bezel Women's Watch G0A46020,exact-existing,,watches-only/WWNG0A46020.png,product-shots/WWNG0A46020/main.jpg,https://raw.githubusercontent.com/AveryArtlife/gembreak-images/main/watches-only/WWNG0A46020.png,,pass,pass,,True,ff60d4e19891cfccd7b67d77d08ee899a793e08d6cb0961f23a8b6d8f19a51a9,1024,1536,1.0,0.740234,0.90625,0.5,0.5,1200,1200,1.0
12,IWC-IW5030-08,IWC,Pilots Watches — CER BP PC TG LAKE TAHOE 46-BLK NUM-STRAP,exact-existing,,watches-only/IWC-IW5030-08.png,product-shots/IWC-IW5030-08/main.jpg,https://raw.githubusercontent.com/AveryArtlife/gembreak-images/main/watches-only/IWC-IW5030-08.png,,pass,pass,,True,40696d35f3b9463f08aacc1d8320b3d085d4b549e3ec55a981be8554e4e67a1b,2048,2048,1.0,0.524414,0.883789,0.509766,0.507324,1200,1200,1.0
13,G0,Rolex,Rolex Cosmograph Daytona 116500ln White Panda Dial Steel Ceramic,exact-existing,,watches-only/G0.png,product-shots/G0/main.jpg,https://raw.githubusercontent.com/AveryArtlife/gembreak-images/main/watches-only/G0.png,https://raw.githubusercontent.com/AveryArtlife/gembreak-images/main/watches-only/G0.png,pass,pass,,True,cf3eed8ac5af839f2eb79278656507eb6a60c4093524463073b075c7303178a4,584,1043,1.0,0.97089,0.983701,0.500856,0.499521,1200,1200,1.0
14,W1101,Breitling,Breitling RB0139211G1R1 Navitimer B01 Chronograph 41MM Rose Gold M,exact-existing,,watches-only/W1101.png,product-shots/W1101/main.jpg,https://raw.githubusercontent.com/AveryArtlife/gembreak-images/main/watches-only/W1101.png,https://raw.githubusercontent.com/AveryArtlife/gembreak-images/main/watches-only/W1101.png,pass,pass,,True,be69e2a0402b09650fbd7309797fc4a2b7fcb63e9cc6e034f62375ae4a6dc398,572,1000,1.0,0.996503,1.0,0.501748,0.5,1200,1200,1.0
15,G1,Rolex,Rolex Submariner Hulk 116610lv Green Dial Green Bezel 2017,exact-existing,,watches-only/G1.png,product-shots/G1/main.jpg,https://raw.githubusercontent.com/AveryArtlife/gembreak-images/main/watches-only/G1.png,https://raw.githubusercontent.com/AveryArtlife/gembreak-images/main/watches-only/G1.png,pass,pass,,True,82115cface9a86fb4fe72dfdf078e59102e62a4024527f5b11c4c9ebacc719f6,915,1400,1.0,1.0,1.0,0.5,0.5,1200,1200,1.0
16,WW68,Omega,Omega Speedmaster Moonwatch Professional 42MM Green Leather Men's,exact-existing,,watches-only/WW68.png,product-shots/WW68/main.jpg,https://raw.githubusercontent.com/AveryArtlife/gembreak-images/main/watches-only/WW68.png,https://raw.githubusercontent.com/AveryArtlife/gembreak-images/main/watches-only/WW68.png,pass,pass,,True,a6796cc2ab275820f2705ea63189d72f84e69b25013f208dbd47db5c0289a60c,1024,1536,1.0,0.779297,0.877604,0.5,0.5,1200,1200,1.0
17,WWN101924,Bulgari,Bulgari Serpenti Tubogas Quartz White Dial Diamond Bezel 18K Yellow Gold Women's Watch 101924,exact-existing,,watches-only/WWN101924.png,product-shots/WWN101924/main.jpg,https://raw.githubusercontent.com/AveryArtlife/gembreak-images/main/watches-only/WWN101924.png,,pass,pass,,True,02f86faa6c364b75a0d89261b54b0587b9ed2bb985dec04d5b938f468342f054,1024,1536,1.0,0.875,0.878906,0.5,0.499349,1200,1200,1.0
18,WWNG0A46023,Piaget,Piaget Polo Date Diamond White Dial 18kt Rose Gold Leather Strap Women's Watch G0A46023,exact-existing,,watches-only/WWNG0A46023.png,product-shots/WWNG0A46023/main.jpg,https://raw.githubusercontent.com/AveryArtlife/gembreak-images/main/watches-only/WWNG0A46023.png,,pass,pass,,True,d2fbe7972734c65e6ba89f7ac079712dd078410d38a7d68f14fa33b091822528,1024,1536,1.0,0.742188,0.906901,0.5,0.499674,1200,1200,1.0
19,WWN275378-5008,Chopard,Chopard Happy Sport Automatic 33mm Rose Gold Diamond Dial Rose Gold Women's Watch 275378-5008,exact-existing,,watches-only/WWN275378-5008.png,product-shots/WWN275378-5008/main.jpg,https://raw.githubusercontent.com/AveryArtlife/gembreak-images/main/watches-only/WWN275378-5008.png,,pass,pass,,True,2861cd06433a7748732f089b53d2d5f85e62120636d7c64216f819bcd2a059ba,1024,1536,1.0,0.693359,0.907552,0.5,0.5,1200,1200,1.0
20,BREI-R17375211B1S1,Breitling,RG SO AUTO42-BLK IX-BLK CER-BLK DPIV-DB,exact-existing,,watches-only/BREI-R17375211B1S1.png,product-shots/BREI-R17375211B1S1/main.jpg,https://raw.githubusercontent.com/AveryArtlife/gembreak-images/main/watches-only/BREI-R17375211B1S1.png,,pass,pass,,True,5dd28983b13b8a6871c145f7bdd52ca7a59327daf5e3cba55475c50fbb32c223,2048,2048,1.0,0.492188,0.912109,0.515137,0.501953,1200,1200,1.0
21,WWNM126710BLRO-0002,Rolex,Rolex GMT Master ll Pepsi Bezel Oyster Bracelet Men's Watch M126710BLRO-0002,exact-existing,,watches-only/WWNM126710BLRO-0002.png,product-shots/WWNM126710BLRO-0002/main.jpg,https://raw.githubusercontent.com/AveryArtlife/gembreak-images/main/watches-only/WWNM126710BLRO-0002.png,,pass,pass,,True,b6ed22fc5e5338caa3017929b2b4641783b8fc7f4f70297f0746700df90075ee,1024,1536,1.0,0.799805,0.906901,0.499512,0.500326,1200,1200,1.0
22,WWN103146,Bulgari,Bulgari Serpenti Seduttori 18kt Rose Gold Diamond Bezel Women's Watch 103146,exact-existing,,watches-only/WWN103146.png,product-shots/WWN103146/main.jpg,https://raw.githubusercontent.com/AveryArtlife/gembreak-images/main/watches-only/WWN103146.png,,pass,pass,,True,d6684aa3b15e371fc869f577c4f02685205b31752a299e79bf79051c4935b3aa,1024,1536,1.0,0.588867,0.907552,0.499512,0.5,1200,1200,1.0
23,WWNG0A43010,Piaget,Piaget Polo Date Automatic White Dial 18K Rose Gold Blue Leather Strap Men's Watch G0A43010,exact-existing,,watches-only/WWNG0A43010.png,product-shots/WWNG0A43010/main.jpg,https://raw.githubusercontent.com/AveryArtlife/gembreak-images/main/watches-only/WWNG0A43010.png,,pass,pass,,True,0a523caa02d9506c7bc6ffbd8cc6d826493464653917522d4347300b32166c06,1024,1536,1.0,0.813477,0.906901,0.500488,0.500326,1200,1200,1.0
24,W12,Breitling,BREITLING Navitimer B19 Chronograph Perpetual Calendar 43MM Blue D,exact-existing,,watches-only/W12.png,product-shots/W12/main.jpg,https://raw.githubusercontent.com/AveryArtlife/gembreak-images/main/watches-only/W12.png,https://raw.githubusercontent.com/AveryArtlife/gembreak-images/main/watches-only/W12.png,pass,pass,,True,4eb7846e472874cddee51fba59d411062aac932997db97c23ff2c0cff9406f62,1024,1536,1.0,0.77832,0.911458,0.499512,0.5,1200,1200,1.0
25,CART-WJHY0006,Cartier,Hypnose — RG HYPNOSE37X33-SLV-DIAM BEZ-STRAP,exact-existing,,watches-only/CART-WJHY0006.png,product-shots/CART-WJHY0006/main.jpg,https://raw.githubusercontent.com/AveryArtlife/gembreak-images/main/watches-only/CART-WJHY0006.png,,pass,pass,,True,3243cb715310ad35439ff6a1ce01029efa62869fcaae86478314fd31711cea96,2048,2048,1.0,0.410156,0.959961,0.506348,0.503906,1200,1200,1.0
26,WW965,Piaget,Piaget Dancer 18K White Gold 31MM Quartz Men's Watch G0a03331,exact-existing,,watches-only/WW965.png,product-shots/WW965/main.jpg,https://raw.githubusercontent.com/AveryArtlife/gembreak-images/main/watches-only/WW965.png,https://raw.githubusercontent.com/AveryArtlife/gembreak-images/main/watches-only/WW965.png,pass,pass,,True,71efacfa5cf86f05a39356b969253068339852f1c0051dd88d9a18e2e3b4284d,1024,1536,1.0,0.780273,0.911458,0.499512,0.5,1200,1200,1.0
27,WWN301.PB.131.RX,Hublot,Hublot Big Bang 44mm Chronograph Black Dial 18k Rose Gold Rubber Strap Men's Watch 301.PB.131.RX,exact-existing,,watches-only/WWN301.PB.131.RX.png,product-shots/WWN301.PB.131.RX/main.jpg,https://raw.githubusercontent.com/AveryArtlife/gembreak-images/main/watches-only/WWN301.PB.131.RX.png,,pass,pass,,True,59b3e667fb39cd842f720fbbde300807e5ee5cd5a7b080e7d5a5a00f6a41662c,1024,1536,1.0,0.869141,0.907552,0.5,0.5,1200,1200,1.0
28,CART-WJ300570,Cartier,Himalia — WG HIMALIA 16-BLK-DIA BEZCASE-STRAP,exact-existing,,watches-only/CART-WJ300570.png,product-shots/CART-WJ300570/main.jpg,https://raw.githubusercontent.com/AveryArtlife/gembreak-images/main/watches-only/CART-WJ300570.png,,pass,pass,,True,3f7018af2faa155ef3dccde5603d69bbef3b1d84f495a3f71b73988f3c5a60ed,2048,2048,1.0,0.303223,0.921875,0.514893,0.498047,1200,1200,1.0
29,CART-W69002Z2,Cartier,Ballon Bleu — RG B.BLEU QTZ 28-SLV ROM-BRC,exact-existing,,watches-only/CART-W69002Z2.png,product-shots/CART-W69002Z2/main.jpg,https://raw.githubusercontent.com/AveryArtlife/gembreak-images/main/watches-only/CART-W69002Z2.png,,pass,pass,,True,4ed832b52ccd12a54b71af02de228ea716cbfd37ec8e724f72393a48cdab10d1,2048,2048,1.0,0.446289,0.954102,0.492188,0.502441,1200,1200,1.0
30,WWN161926-1001,Chopard,Chopard L.U.C Quattro 18kt White Gold Silver Dial Black Leather Men's Watch 161926-1001,exact-existing,,watches-only/WWN161926-1001.png,product-shots/WWN161926-1001/main.jpg,https://raw.githubusercontent.com/AveryArtlife/gembreak-images/main/watches-only/WWN161926-1001.png,,pass,pass,,True,801071942fa86cc0d3eae8c6249a24b7e0cc77714400d153d9e9c28e4ed010f6,1024,1536,1.0,0.833984,0.909505,0.5,0.500977,1200,1200,1.0
31,WW65,Omega,Omega Speedmaster Moonwatch Professional 42MM Sedna Gold Two-tone,exact-existing,,watches-only/WW65.png,product-shots/WW65/main.jpg,https://raw.githubusercontent.com/AveryArtlife/gembreak-images/main/watches-only/WW65.png,https://raw.githubusercontent.com/AveryArtlife/gembreak-images/main/watches-only/WW195.png,pass,pass,,True,6e0113c00dda21cd1d58e583681be854c6f40c6a301ca6c129a2b5a739fcc7aa,1024,1536,1.0,0.78125,0.869141,0.500977,0.500326,1200,1200,1.0
32,WW66,Omega,Omega Speedmaster Moonwatch Professional 42MM Silver Dial,exact-existing,,watches-only/WW66.png,product-shots/WW66/main.jpg,https://raw.githubusercontent.com/AveryArtlife/gembreak-images/main/watches-only/WW66.png,https://raw.githubusercontent.com/AveryArtlife/gembreak-images/main/watches-only/WW449.png,pass,pass,,True,0ef14bf7bec49dd6ca8eda3643f33c8d7381d930bbe1aefff8f0b129ca66d5b2,1024,1536,1.0,0.78125,0.869141,0.500977,0.499674,1200,1200,1.0
33,WW449,Breitling,Breitling Navitimer B01 Chronograph Automatic 41MM Blue Dial,exact-existing,,watches-only/WW449.png,product-shots/WW449/main.jpg,https://raw.githubusercontent.com/AveryArtlife/gembreak-images/main/watches-only/WW449.png,https://raw.githubusercontent.com/AveryArtlife/gembreak-images/main/watches-only/WW449.png,pass,pass,,True,88db30f4173c52d7277c866cd7f6c2399d62897c96f29895384b483c3ca158a8,587,960,1.0,0.894378,0.934375,0.5,0.500521,1200,1200,1.0
34,WWNG0A47027,Piaget,Piaget Polo Date Automatic Blue Dial Diamond Bezel Steel Women's Watch G0A47027,exact-existing,,watches-only/WWNG0A47027.png,product-shots/WWNG0A47027/main.jpg,https://raw.githubusercontent.com/AveryArtlife/gembreak-images/main/watches-only/WWNG0A47027.png,,pass,pass,,True,54ccba180a2c4c95a54fcd4ca85c8f9f1ecf69733b00da63e1c39a8905c1b49e,1024,1536,1.0,0.761719,0.907552,0.5,0.5,1200,1200,1.0
35,WW721,Omega,Omega De Ville Prestige 36.8mm Auto Ss Men's Watch,exact-existing,,watches-only/WW721.png,product-shots/WW721/main.jpg,https://raw.githubusercontent.com/AveryArtlife/gembreak-images/main/watches-only/WW721.png,https://raw.githubusercontent.com/AveryArtlife/gembreak-images/main/watches-only/WW721.png,pass,pass,,True,0d9ccab94e1e002949e1857c845fd26cbc7e2570e8cc4453640ade3d0b565fe3,1024,1536,1.0,0.78125,0.86263,0.5,0.499674,1200,1200,1.0
36,WWN298609-3003,Chopard,Chopard Alpine Eagle XL Chrono Automatic Blue Dial Rubber Strap Men's Watch 298609-3003,exact-existing,,watches-only/WWN298609-3003.png,product-shots/WWN298609-3003/main.jpg,https://raw.githubusercontent.com/AveryArtlife/gembreak-images/main/watches-only/WWN298609-3003.png,,pass,pass,,True,db0a5a13829bf7c04ee76eedf5302f3b4ad1c3e375962533ea5fc459de8b0328,1024,1536,1.0,0.834961,0.90625,0.500488,0.500651,1200,1200,1.0
37,WWN525.CF.0130.RX.ORL19,Hublot,Hublot Classic Fusion Aerofusion Limited Edition Skeleton Dial Red Rubber Strap Men's Watch 525.CF.0130.RX.ORL19,exact-existing,,watches-only/WWN525.CF.0130.RX.ORL19.png,product-shots/WWN525.CF.0130.RX.ORL19/main.jpg,https://raw.githubusercontent.com/AveryArtlife/gembreak-images/main/watches-only/WWN525.CF.0130.RX.ORL19.png,,pass,pass,,True,6345d52ce0ee77d8ed02a086d5da5256dddb8ce89b3d2ec8ccdb47798840ae00,1024,1536,1.0,0.81543,0.907552,0.499512,0.5,1200,1200,1.0
38,WWNM126610LN-0001,Rolex,Rolex Submariner Black Dial Date Oystersteel Men's Watch M126610LN-0001,exact-existing,,watches-only/WWNM126610LN-0001.png,product-shots/WWNM126610LN-0001/main.jpg,https://raw.githubusercontent.com/AveryArtlife/gembreak-images/main/watches-only/WWNM126610LN-0001.png,,pass,pass,,True,1587a2427890967deb9ad1048fb31550c10bf179034a9e0e476252feeaec92dd,1024,1536,1.0,0.763672,0.909505,0.499023,0.500977,1200,1200,1.0
39,BREI-EB0134101M1E1,Breitling,TI CHRMT B01 42-GRY IX-BLK SUBS-RLX BRC,exact-existing,,watches-only/BREI-EB0134101M1E1.png,product-shots/BREI-EB0134101M1E1/main.jpg,https://raw.githubusercontent.com/AveryArtlife/gembreak-images/main/watches-only/BREI-EB0134101M1E1.png,,pass,pass,,True,bc789b3ce7506d1fadc419b940c0af664a1cbf3143acd8a686d6de86c822757e,2048,2048,1.0,0.483887,0.875488,0.515381,0.512939,1200,1200,1.0
40,WWNM126610LV-0002,Rolex,"Rolex Submariner Date ""Starbucks"" Stainless Steel Men's Watch M126610LV-0002",exact-existing,,watches-only/WWNM126610LV-0002.png,product-shots/WWNM126610LV-0002/main.jpg,https://raw.githubusercontent.com/AveryArtlife/gembreak-images/main/watches-only/WWNM126610LV-0002.png,,pass,pass,,True,20ec79606347cba655c9692721eb4b5141e6941a035c21a9f0a0aae48a739d86,1024,1536,1.0,0.81543,0.908203,0.499512,0.499674,1200,1200,1.0
41,WWN278615-6001,Chopard,Chopard Happy Sport Chronograph Automatic Rose Gold Diamond Dial Leather Strap Women's Watch 278615-6001,exact-existing,,watches-only/WWN278615-6001.png,product-shots/WWN278615-6001/main.jpg,https://raw.githubusercontent.com/AveryArtlife/gembreak-images/main/watches-only/WWN278615-6001.png,,pass,pass,,True,0cc5545bdb7a33c30fb326b89fa915e55a5f2302437b0ddbd1908478cbf143f7,1024,1536,1.0,0.828125,0.908203,0.5,0.500326,1200,1200,1.0
42,IWC-IW5004-33,IWC,Pilots Watches — SS BIG PILO ALI LE 46-BLK RED IX-STRAP,exact-existing,,watches-only/IWC-IW5004-33.png,product-shots/IWC-IW5004-33/main.jpg,https://raw.githubusercontent.com/AveryArtlife/gembreak-images/main/watches-only/IWC-IW5004-33.png,,pass,pass,,True,b81a7caf948beb660248b25e2984ce42f917b7798f439b87238e1dd91acc4465,2048,2048,1.0,0.540039,0.907227,0.51123,0.506348,1200,1200,1.0
43,G7,Rolex,Rolex Submariner Date 116610ln Black Dial Black Bezel Steel 2011,exact-existing,,watches-only/G7.png,product-shots/G7/main.jpg,https://raw.githubusercontent.com/AveryArtlife/gembreak-images/main/watches-only/G7.png,https://raw.githubusercontent.com/AveryArtlife/gembreak-images/main/watches-only/G7.png,pass,pass,,True,6b66697e73d7cd977e588d5c1a16e040d9f3495efd7d7a682cecda7bac8b315c,609,1052,1.0,0.970443,0.98289,0.498358,0.501901,1200,1200,1.0
44,WWN311.63.44.51.99.001,Omega,Omega Speedmaster Dark Side of the Moon Meteorite Grey Dial Leather Strap Men's Watch 311.63.44.51.99.001,exact-existing,,watches-only/WWN311.63.44.51.99.001.png,product-shots/WWN311.63.44.51.99.001/main.jpg,https://raw.githubusercontent.com/AveryArtlife/gembreak-images/main/watches-only/WWN311.63.44.51.99.001.png,,pass,pass,,True,f1d46e4ffdf9ea9ccb407bae9a7b70683f8eb7a76f91e25778fb6d3bee2d57c1,1024,1536,1.0,0.860352,0.907552,0.499512,0.500651,1200,1200,1.0
45,WWN275378-5005,Chopard,Chopard Happy Sport Automatic 33mm Floating Diamonds 18kt Rose Gold Leather Strap Women's Watch 275378-5005,exact-existing,,watches-only/WWN275378-5005.png,product-shots/WWN275378-5005/main.jpg,https://raw.githubusercontent.com/AveryArtlife/gembreak-images/main/watches-only/WWN275378-5005.png,,pass,pass,,True,e5b0f40a00ced23556efec4254f507054ab13d22faddf481af51a3134f381cb5,1024,1536,1.0,0.704102,0.907552,0.499512,0.500651,1200,1200,1.0
46,WW715,Omega,Omega Seamaster Diver 300 Co-axial 42MM 18K Ss Men's Watch,exact-existing,,watches-only/WW715.png,product-shots/WW715/main.jpg,https://raw.githubusercontent.com/AveryArtlife/gembreak-images/main/watches-only/WW715.png,https://raw.githubusercontent.com/AveryArtlife/gembreak-images/main/watches-only/WW715.png,pass,pass,,True,cd5225c09851fe0286bbd50a5c0889836374cac53612e805805820761e0f6f9e,1024,1536,1.0,0.797852,0.852865,0.500488,0.5,1200,1200,1.0
47,WWN304.30.43.52.01.001,Omega,Omega Speedmaster Moonphase Co-Axial Master Chronometer Chronograph  Black Dial Stainless Steel Men's Watch 304.30.43.52.01.001,exact-existing,,watches-only/WWN304.30.43.52.01.001.png,product-shots/WWN304.30.43.52.01.001/main.jpg,https://raw.githubusercontent.com/AveryArtlife/gembreak-images/main/watches-only/WWN304.30.43.52.01.001.png,,pass,pass,,True,1e6d281357b78c3e060e988c7bcb4a8d0f23726f6dd67a399086b48cba90e5f1,1024,1536,1.0,0.799805,0.906901,0.499512,0.499674,1200,1200,1.0
48,W1251,Omega,OMEGA Seamaster Blue Dial 18K Yellow Gold 42MM Men's Watch 210.20.,exact-existing,,watches-only/W1251.png,product-shots/W1251/main.jpg,https://raw.githubusercontent.com/AveryArtlife/gembreak-images/main/watches-only/W1251.png,https://raw.githubusercontent.com/AveryArtlife/gembreak-images/main/watches-only/W1251.png,pass,pass,,True,0cfbb1b470698301e4ca3e8c6d6f7f5716cbc11f462e39ecaf82dc7ff8381d68,1024,1536,1.0,0.753906,0.920573,0.519531,0.483073,1200,1200,1.0
49,WW69,Omega,Omega Seamaster Diver 300M 18K Rose Gold 42MM Green Titanium,exact-existing,,watches-only/WW69.png,product-shots/WW69/main.jpg,https://raw.githubusercontent.com/AveryArtlife/gembreak-images/main/watches-only/WW69.png,https://raw.githubusercontent.com/AveryArtlife/gembreak-images/main/watches-only/WW69.png,pass,pass,,True,009076b0cdbe3e630e3dec61494fb131e7f4c774950f5b44751ce06c150c7ff7,1024,1536,1.0,0.794922,0.909505,0.5,0.499023,1200,1200,1.0
50,WWNM126300-0006,Rolex,Rolex Datejust 41 Stainless Steel White Dial Men's Watch M126300-0006,exact-existing,,watches-only/WWNM126300-0006.png,product-shots/WWNM126300-0006/main.jpg,https://raw.githubusercontent.com/AveryArtlife/gembreak-images/main/watches-only/WWNM126300-0006.png,,pass,pass,,True,42933cc5e84113298ecfbbb839d89548abb00a6be1dd2843cddda81e12d59077,1024,1536,1.0,0.791016,0.909505,0.5,0.500977,1200,1200,1.0
51,BREI-SB04452A1C1X1,Breitling,BLKcer SPR AVI B04 CHR F4U 46-BLUE-BLK MIL-DB,exact-existing,,watches-only/BREI-SB04452A1C1X1.png,product-shots/BREI-SB04452A1C1X1/main.jpg,https://raw.githubusercontent.com/AveryArtlife/gembreak-images/main/watches-only/BREI-SB04452A1C1X1.png,,pass,pass,,True,7c6050900dbc6ab267340a0a6681601c46cc01646dfe17978a85dd047bcecc49,2048,2048,1.0,0.500488,0.876465,0.508545,0.504639,1200,1200,1.0
52,CART-WJBL0008,Cartier,Ballon Bleu — RG BALLON BLANC30-SLV-TB,exact-existing,,watches-only/CART-WJBL0008.png,product-shots/CART-WJBL0008/main.jpg,https://raw.githubusercontent.com/AveryArtlife/gembreak-images/main/watches-only/CART-WJBL0008.png,,pass,pass,,True,cc9964fdd4d6d17559c762f2b8e2490d77e85d1499d8447fdca2770b74e7ae41,2048,2048,1.0,0.454102,0.959473,0.483398,0.503662,1200,1200,1.0
53,WW720,Omega,Omega Seamaster Diver 300M Co-axial Master 42MM Ss Men's Watch,exact-existing,,watches-only/WW720.png,product-shots/WW720/main.jpg,https://raw.githubusercontent.com/AveryArtlife/gembreak-images/main/watches-only/WW720.png,https://raw.githubusercontent.com/AveryArtlife/gembreak-images/main/watches-only/WW67.png,pass,pass,,True,9907a421685eb34b55e6cb3aca2896df85863eb45d59d173196e028bdedb3d13,1024,1536,1.0,0.797852,0.872396,0.499512,0.5,1200,1200,1.0
54,WWN103068,Bulgari,Bulgari Octo Finissimo Grey Chronograph Dial Ttanium  Men's Watch 103068,exact-existing,,watches-only/WWN103068.png,product-shots/WWN103068/main.jpg,https://raw.githubusercontent.com/AveryArtlife/gembreak-images/main/watches-only/WWN103068.png,,pass,pass,,True,fe17967a5b427724facaeea0d7da1403c6f25db7415db3b291f9c56820830823,1024,1536,1.0,0.875,0.888672,0.5,0.499674,1200,1200,1.0
55,BREI-YB04451A1B1A1,Breitling,SS SPR AVI B04 CHR GMT MOSQ46-BLK-SLV SUB-PILOT BRC,exact-existing,,watches-only/BREI-YB04451A1B1A1.png,product-shots/BREI-YB04451A1B1A1/main.jpg,https://raw.githubusercontent.com/AveryArtlife/gembreak-images/main/watches-only/BREI-YB04451A1B1A1.png,,pass,pass,,True,d94246dd613c3b06ad6aef4a8518c4e5798d5542816b0d127282a8ab084302bb,2048,2048,1.0,0.508789,0.905762,0.509766,0.505615,1200,1200,1.0
56,WWNM79310-0001,Tudor,"Tudor Black Bay Chrono Yellow and Black ""Bumblebee"" Dial Steel Men's Watch M79310-0001",exact-existing,,watches-only/WWNM79310-0001.png,product-shots/WWNM79310-0001/main.jpg,https://raw.githubusercontent.com/AveryArtlife/gembreak-images/main/watches-only/WWNM79310-0001.png,,pass,pass,,True,9454a79ab17f5e4f986768434c167a0355be24a6e24b7c76577b3bda5af31d99,1024,1536,1.0,0.709961,0.907552,0.500488,0.499349,1200,1200,1.0
57,BREI-AB04453A1B1A1,Breitling,SS CLS AVI CHR GMT MUSTANG 45-BLK NUM-PILOT,exact-existing,,watches-only/BREI-AB04453A1B1A1.png,product-shots/BREI-AB04453A1B1A1/main.jpg,https://raw.githubusercontent.com/AveryArtlife/gembreak-images/main/watches-only/BREI-AB04453A1B1A1.png,,pass,pass,,True,1b01d0e5fc3901c4a9452079bdca562a48f36fc220fed38bca30500c1a69868b,2048,2048,1.0,0.523926,0.912109,0.510986,0.508301,1200,1200,1.0
58,IWC-IW3879-07,IWC,Pilots Watches — BRZ PILOT MR PORTER LE 41-BLK-STRAP,exact-existing,,watches-only/IWC-IW3879-07.png,product-shots/IWC-IW3879-07/main.jpg,https://raw.githubusercontent.com/AveryArtlife/gembreak-images/main/watches-only/IWC-IW3879-07.png,,pass,pass,,True,38f6f155c432da6e55e90d97c6a19085a029b5c9594e87b15f010faff8aaeeed,2048,2048,1.0,0.520996,0.880371,0.513428,0.507568,1200,1200,1.0
59,BREI-A17356531C1P1,Breitling,SS CHRMT AUTO36-BLUE IX-LAB DIAM BEZ-BLUE ALG-DB,exact-existing,,watches-only/BREI-A17356531C1P1.png,product-shots/BREI-A17356531C1P1/main.jpg,https://raw.githubusercontent.com/AveryArtlife/gembreak-images/main/watches-only/BREI-A17356531C1P1.png,,pass,pass,,True,3c68a36c85b9f719cf6c295718fd33856ebf0891d06ff66d3509c0d45f840737,2048,2048,1.0,0.511719,0.896973,0.518066,0.509521,1200,1200,1.0
60,WW719,Omega,Omega Seamaster Diver 300M James Bond 007 Edition 42MM Titanium,exact-existing,,watches-only/WW719.png,product-shots/WW719/main.jpg,https://raw.githubusercontent.com/AveryArtlife/gembreak-images/main/watches-only/WW719.png,https://raw.githubusercontent.com/AveryArtlife/gembreak-images/main/watches-only/WW719.png,pass,pass,,True,7ffd6015e3332257e62deadf029f3890e5cd83c1626c49136e2ab30c144933cd,1024,1536,1.0,0.800781,0.858724,0.5,0.500326,1200,1200,1.0
61,BREI-AB04451A1C1X1,Breitling,SS SPR AVI CHR GMT CORSAIR46-BLUE-BLK LTH-DB,exact-existing,,watches-only/BREI-AB04451A1C1X1.png,product-shots/BREI-AB04451A1C1X1/main.jpg,https://raw.githubusercontent.com/AveryArtlife/gembreak-images/main/watches-only/BREI-AB04451A1C1X1.png,,pass,pass,,True,2857e7df5e26c7a98bc2861b77fec69b1f8365f4c320ea6ad0bf4bf0add62b74,2048,2048,1.0,0.516602,0.901367,0.504395,0.510254,1200,1200,1.0
62,WW67,Omega,Omega Speedmaster Moonwatch Professional 42MM Silver Dial Leather,exact-existing,,watches-only/WW67.png,product-shots/WW67/main.jpg,https://raw.githubusercontent.com/AveryArtlife/gembreak-images/main/watches-only/WW67.png,https://raw.githubusercontent.com/AveryArtlife/gembreak-images/main/watches-only/WW595.png,pass,pass,,True,9ad36e67c2ce1d64a356f026c3cf127ce0b1797e89a60f56b67b4e66cd02144d,1024,1536,1.0,0.78125,0.894531,0.500977,0.5,1200,1200,1.0
63,BREI-A17356531C1S1,Breitling,SS CHRMT AUTO36-BLUE IX-LAB DIAM BEZ-BLUE RLX RUB-DB,exact-existing,,watches-only/BREI-A17356531C1S1.png,product-shots/BREI-A17356531C1S1/main.jpg,https://raw.githubusercontent.com/AveryArtlife/gembreak-images/main/watches-only/BREI-A17356531C1S1.png,,pass,pass,,True,b3334da2b9adfa4a9d5dc47c72f12862388a04958a015535254e8c7358d22cc4,2048,2048,1.0,0.550781,0.903809,0.518066,0.509033,1200,1200,1.0
64,BREI-EB0134101M1S1,Breitling,TI CHRMT B01 42-GRY IX-BLK SUBS-BLK RLX-DB,exact-existing,,watches-only/BREI-EB0134101M1S1.png,product-shots/BREI-EB0134101M1S1/main.jpg,https://raw.githubusercontent.com/AveryArtlife/gembreak-images/main/watches-only/BREI-EB0134101M1S1.png,,pass,pass,,True,f3ea135cc59d161551055825e005e9be87f96e24bf43f34d18359bd336bab01a,2048,2048,1.0,0.557617,0.951172,0.516113,0.505371,1200,1200,1.0
65,W1247,Omega,OMEGA Moonphase Co-Axial Master 44.25MM Leather Men's Watch 304.33,exact-existing,,watches-only/W1247.png,product-shots/W1247/main.jpg,https://raw.githubusercontent.com/AveryArtlife/gembreak-images/main/watches-only/W1247.png,https://raw.githubusercontent.com/AveryArtlife/gembreak-images/main/watches-only/W1247.png,pass,pass,,True,ee125b6cb135665f190d6f5976deafa2247591846a2251bfaa2cb2473b16cee5,1024,1536,1.0,0.780273,0.911458,0.499512,0.5,1200,1200,1.0
66,WWNG0A49022,Piaget,Piaget Polo Field Automatic Green Dial Steel Men's Watch G0A49022,exact-existing,,watches-only/WWNG0A49022.png,product-shots/WWNG0A49022/main.jpg,https://raw.githubusercontent.com/AveryArtlife/gembreak-images/main/watches-only/WWNG0A49022.png,,pass,pass,,True,39d3e172ea55ca924a15ae483913680b43432fc789d46cea180f27cb3c4a077e,1024,1536,1.0,0.8125,0.907552,0.5,0.5,1200,1200,1.0
67,BREI-SB01472A1B1X1,Breitling,CER AVG B01 CHR NM BLDHDS44-GRY-BLK SUB-BLK MIL-DB,exact-existing,,watches-only/BREI-SB01472A1B1X1.png,product-shots/BREI-SB01472A1B1X1/main.jpg,https://raw.githubusercontent.com/AveryArtlife/gembreak-images/main/watches-only/BREI-SB01472A1B1X1.png,,pass,pass,,True,8c4ed7d1f7cfbcc029420b7f9ada0460d3de3a991cf0f5b165379f20dd295d2c,2048,2048,1.0,0.529297,0.883789,0.513672,0.505371,1200,1200,1.0
68,WWNM224270-0001,Rolex,Rolex Explorer 40 Black Dial Oystersteel Oyster Bracelet Men's Watch M224270-0001,exact-existing,,watches-only/WWNM224270-0001.png,product-shots/WWNM224270-0001/main.jpg,https://raw.githubusercontent.com/AveryArtlife/gembreak-images/main/watches-only/WWNM224270-0001.png,,pass,pass,,True,31a1d3dbd2efd1900ef992aa8894e344cadd9eca8f323b51678a245c38639dc5,1024,1536,1.0,0.730469,0.907552,0.499023,0.5,1200,1200,1.0
69,WW824,Omega,Omega Speedmaster Moonwatch Co-axial Chrono 42MM Ss Men's Watch,exact-existing,,watches-only/WW824.png,product-shots/WW824/main.jpg,https://raw.githubusercontent.com/AveryArtlife/gembreak-images/main/watches-only/WW824.png,https://raw.githubusercontent.com/AveryArtlife/gembreak-images/main/watches-only/WW824.png,pass,pass,,True,77dc8b285fc8446425af9806106d12d57f71dd22253f91fef9ebc59f6a0b3b78,1024,1536,1.0,0.780273,0.895182,0.500488,0.499674,1200,1200,1.0
70,WWN311.92.44.51.01.005,Omega,Omega Speedmaster Dark Side of the Moon Chronograph Black Nylon Strap Men's Watch 311.92.44.51.01.005,exact-existing,,watches-only/WWN311.92.44.51.01.005.png,product-shots/WWN311.92.44.51.01.005/main.jpg,https://raw.githubusercontent.com/AveryArtlife/gembreak-images/main/watches-only/WWN311.92.44.51.01.005.png,,pass,pass,,True,5b07166e0695838615d17f39df3023f89ab2918a661ad1082697aaf2827c8784,1024,1536,1.0,0.855469,0.906901,0.5,0.499674,1200,1200,1.0
71,WWN298617-3001,Chopard,Chopard Alpine Eagle 33 Automatic Blue Dial Steel Women's Watch 298617-3001,exact-existing,,watches-only/WWN298617-3001.png,product-shots/WWN298617-3001/main.jpg,https://raw.githubusercontent.com/AveryArtlife/gembreak-images/main/watches-only/WWN298617-3001.png,,pass,pass,,True,337c94c76c6547007209f1eae78e134175829baa847c3d26e2c0ef571744d3bb,1024,1536,1.0,0.75,0.907552,0.5,0.5,1200,1200,1.0
72,BREI-SB01474A1C1X1,Breitling,BLKcer AVG B01 CHR US NV ACAD 44-BLUE IX-BLK SUBS-BLUE MIL-DB,exact-existing,,watches-only/BREI-SB01474A1C1X1.png,product-shots/BREI-SB01474A1C1X1/main.jpg,https://raw.githubusercontent.com/AveryArtlife/gembreak-images/main/watches-only/BREI-SB01474A1C1X1.png,,pass,pass,,True,626ff8bd067da5681706d444dfd0b019187ffe5c8f9bed035ebe7554305373a4,2048,2048,1.0,0.508301,0.864258,0.511963,0.499023,1200,1200,1.0
73,BREI-EB0148101B1E1,Breitling,TI SPR AVG B01 CHR46-BLK IX-PROFIII BRC,exact-existing,,watches-only/BREI-EB0148101B1E1.png,product-shots/BREI-EB0148101B1E1/main.jpg,https://raw.githubusercontent.com/AveryArtlife/gembreak-images/main/watches-only/BREI-EB0148101B1E1.png,,pass,pass,,True,3277ebdaa7f4871b8b49d5f0ca5bb82ad8c81c863ee7ad7ced46347f91d14c7c,2048,2048,1.0,0.503906,0.890137,0.504395,0.512939,1200,1200,1.0
74,BREI-EB0148101C1E1,Breitling,TI SPR AVG B01 CHR46-BLUE IX-BLK SUB-PRFIII BRC,exact-existing,,watches-only/BREI-EB0148101C1E1.png,product-shots/BREI-EB0148101C1E1/main.jpg,https://raw.githubusercontent.com/AveryArtlife/gembreak-images/main/watches-only/BREI-EB0148101C1E1.png,,pass,pass,,True,dab6ed3de85a4ba66d5f3e0f639e29919607188d32af49f1536823578fedf085,2048,2048,1.0,0.516602,0.902344,0.507812,0.510742,1200,1200,1.0
75,BREI-SB01473A1B1X1,Breitling,CER AVG B01 CHR NM DEVILS44-BLK-BLK MILT-DB,exact-existing,,watches-only/BREI-SB01473A1B1X1.png,product-shots/BREI-SB01473A1B1X1/main.jpg,https://raw.githubusercontent.com/AveryArtlife/gembreak-images/main/watches-only/BREI-SB01473A1B1X1.png,,pass,pass,,True,e59e526096fcf348b9770f2fec6bae80adf874de6189f2d05df33cf7d9c4fd5d,2048,2048,1.0,0.512695,0.849609,0.511719,0.503906,1200,1200,1.0
76,WWNG0A48022,Piaget,Piaget Polo Date Field Automatic Green Dial Rubber Strap Men's Watch G0A48022,exact-existing,,watches-only/WWNG0A48022.png,product-shots/WWNG0A48022/main.jpg,https://raw.githubusercontent.com/AveryArtlife/gembreak-images/main/watches-only/WWNG0A48022.png,,pass,pass,,True,8f9a820513c1bf1f63b186d5467a15eb43020ad8a7673e12f240923126cef9d2,1024,1536,1.0,0.774414,0.908203,0.499512,0.500326,1200,1200,1.0
77,BREI-AB0145371L1A1,Breitling,SS PREM B01 CHR42-GRN NUM-NAVI BRC,exact-existing,,watches-only/BREI-AB0145371L1A1.png,product-shots/BREI-AB0145371L1A1/main.jpg,https://raw.githubusercontent.com/AveryArtlife/gembreak-images/main/watches-only/BREI-AB0145371L1A1.png,,pass,pass,,True,96b3f81ed22e22d114930f02396026ab59d1e7f19b0696f1c41dbc822d2565ac,2048,2048,1.0,0.552246,0.947266,0.501709,0.504883,1200,1200,1.0
78,BREI-AB0134101C1A1,Breitling,SS CHRMT B01 42-BLU IX-BLK SUBS-RLX BRC,exact-existing,,watches-only/BREI-AB0134101C1A1.png,product-shots/BREI-AB0134101C1A1/main.jpg,https://raw.githubusercontent.com/AveryArtlife/gembreak-images/main/watches-only/BREI-AB0134101C1A1.png,,pass,pass,,True,ea668c2cbbb8c7dd13f4cd9b3fd614eb37fba533088924d657b02f1dd75cbd7b,2048,2048,1.0,0.542969,0.90918,0.520996,0.509277,1200,1200,1.0
79,WL7,Panerai,PANERAI Luminor Quaranta BiTempo Automatic 40MM Green Dial SS Men',exact-existing,,watches-only/WL7.png,product-shots/WL7/main.jpg,https://raw.githubusercontent.com/AveryArtlife/gembreak-images/main/watches-only/WL7.png,https://raw.githubusercontent.com/AveryArtlife/gembreak-images/main/watches-only/WL7.png,pass,pass,,True,138788da8b331d3c8da939bc4a3e41b5f89aceecadbca1af111b540f44c04e49,1024,1536,1.0,0.78125,0.911458,0.5,0.5,1200,1200,1.0
80,W1240,Omega,OMEGA Seamaster James Bond 007 Edition 42MM Titanium Men's Watch 2,exact-existing,,watches-only/W1240.png,product-shots/W1240/main.jpg,https://raw.githubusercontent.com/AveryArtlife/gembreak-images/main/watches-only/W1240.png,https://raw.githubusercontent.com/AveryArtlife/gembreak-images/main/watches-only/W1240.png,pass,pass,,True,cac136803df36b0d89f6cefc73e2b58266a403d4e7b21d52c2bb3a349b00f314,1024,1536,1.0,0.801758,0.821615,0.499512,0.5,1200,1200,1.0
81,BREI-AB0930F51H1P1,Breitling,SS PREM B09 CHR40-CHP NUM-BRW ALG-DB,exact-existing,,watches-only/BREI-AB0930F51H1P1.png,product-shots/BREI-AB0930F51H1P1/main.jpg,https://raw.githubusercontent.com/AveryArtlife/gembreak-images/main/watches-only/BREI-AB0930F51H1P1.png,,pass,pass,,True,b908f9a355315215634d15174297532e3dc3e27d4041cb39f10706bf261f25b6,2048,2048,1.0,0.57666,0.953613,0.523193,0.506592,1200,1200,1.0
82,BREI-AB0162121B1A1,Breitling,SS SOH CHR 44-BLK IX-SLV SUBS-BLK CER-OC BRC,exact-existing,,watches-only/BREI-AB0162121B1A1.png,product-shots/BREI-AB0162121B1A1/main.jpg,https://raw.githubusercontent.com/AveryArtlife/gembreak-images/main/watches-only/BREI-AB0162121B1A1.png,,pass,pass,,True,8adb11a8cb785d9a30e1077e3cb4aa1d76c69cbe72fe6acce02d0bd146dec417,2048,2048,1.0,0.532715,0.91748,0.516357,0.509033,1200,1200,1.0
83,WWNG0A43081-CD,Piaget,Piaget Possession 18kt Rose Gold Custom Double Row Diamond Bezel Women's Watch G0A43081-CD,exact-existing,,watches-only/WWNG0A43081-CD.png,product-shots/WWNG0A43081-CD/main.jpg,https://raw.githubusercontent.com/AveryArtlife/gembreak-images/main/watches-only/WWNG0A43081-CD.png,,pass,pass,,True,b2ef3f201c89f1b5342d4ace266ecc47f3a9e1954390b69746b4fabef02d54fa,1024,1536,1.0,0.749023,0.908203,0.499512,0.499674,1200,1200,1.0
84,BREI-SB0148101B1X1,Breitling,CER SPR AVG CHR NM46-BLK CARB-GRN MIL-DB,exact-existing,,watches-only/BREI-SB0148101B1X1.png,product-shots/BREI-SB0148101B1X1/main.jpg,https://raw.githubusercontent.com/AveryArtlife/gembreak-images/main/watches-only/BREI-SB0148101B1X1.png,,pass,pass,,True,08b05aa58997e6fad1651fe6e81eda274a674ae2a9d5bf6384f9040f1de6baba,2048,2048,1.0,0.504395,0.881836,0.512939,0.51123,1200,1200,1.0
85,BREI-SB0146101B1X1,Breitling,CER AVG B01 CHR NM42-CARB-TAN MIL-DB,exact-existing,,watches-only/BREI-SB0146101B1X1.png,product-shots/BREI-SB0146101B1X1/main.jpg,https://raw.githubusercontent.com/AveryArtlife/gembreak-images/main/watches-only/BREI-SB0146101B1X1.png,,pass,pass,,True,782fd5f3054ca76d974041e189cf39f783d914992925d468ca1aae943e78ac97,2048,2048,1.0,0.500488,0.856934,0.509521,0.50415,1200,1200,1.0
86,WWN278608-6013,Chopard,Chopard Happy Sport Automatic 33mm Mother of Pearl Diamond Dial 18K Rose Gold Bezel Blue Leather Strap Women's Watch 278608-6013,exact-existing,,watches-only/WWN278608-6013.png,product-shots/WWN278608-6013/main.jpg,https://raw.githubusercontent.com/AveryArtlife/gembreak-images/main/watches-only/WWN278608-6013.png,,pass,pass,,True,8436d4b869b2e69cce26442c537095578c598520f59bbe506edc563d88a70e12,1024,1536,1.0,0.726562,0.908203,0.5,0.500326,1200,1200,1.0
87,BREI-AB0134101G1A1,Breitling,SS CHRMT B01 42-SLV-BLK SUBS-RLX BRC,exact-existing,,watches-only/BREI-AB0134101G1A1.png,product-shots/BREI-AB0134101G1A1/main.jpg,https://raw.githubusercontent.com/AveryArtlife/gembreak-images/main/watches-only/BREI-AB0134101G1A1.png,,pass,pass,,True,b579f0892c1156fbaaae03d6e74c273a8717be4584f9454b478e1ea2e97f2258,2048,2048,1.0,0.483398,0.899902,0.504395,0.515869,1200,1200,1.0
88,WL12,Panerai,PANERAI Radiomir 1940 3Days GMT Acciaio 45MM AUTO Men's Watch PAM0,exact-existing,,watches-only/WL12.png,product-shots/WL12/main.jpg,https://raw.githubusercontent.com/AveryArtlife/gembreak-images/main/watches-only/WL12.png,https://raw.githubusercontent.com/AveryArtlife/gembreak-images/main/watches-only/WL12.png,pass,pass,,True,47bc4f272fa3cc54a1e251d4e680f03074e00e56361463a9712af7f720c79c4f,778,1280,1.0,0.839332,0.935937,0.499357,0.5,1200,1200,1.0
89,W1252,Omega,OMEGA Constellation 18k Yellow Gold 29MM Women's Watch 131.20.29.2,exact-existing,,watches-only/W1252.png,product-shots/W1252/main.jpg,https://raw.githubusercontent.com/AveryArtlife/gembreak-images/main/watches-only/W1252.png,https://raw.githubusercontent.com/AveryArtlife/gembreak-images/main/watches-only/W1252.png,pass,pass,,True,60bc895166bf952516c8f62715bc663e6fb061b89ee5919a6b6d14063526a9b2,1024,1536,1.0,0.786133,0.911458,0.500488,0.5,1200,1200,1.0
90,WW278,Tag Heuer,Tag Heuer Carrera Chronograph Extreme Sport 44MM Titanium Blue,exact-existing,,watches-only/WW278.png,product-shots/WW278/main.jpg,https://raw.githubusercontent.com/AveryArtlife/gembreak-images/main/watches-only/WW278.png,https://raw.githubusercontent.com/AveryArtlife/gembreak-images/main/watches-only/WW278.png,pass,pass,,True,acbfc5e3ce867f90406d86e1c4681d5dd67fdbf0f7aa0e77e87b706b595292ad,1024,1536,1.0,0.780273,0.880208,0.499512,0.5,1200,1200,1.0
91,BREI-AB0162121G1A1,Breitling,SS SOH B01 CHR44-SLV IX-BLK SUBS-BLK CER-OC BRC,exact-existing,,watches-only/BREI-AB0162121G1A1.png,product-shots/BREI-AB0162121G1A1/main.jpg,https://raw.githubusercontent.com/AveryArtlife/gembreak-images/main/watches-only/BREI-AB0162121G1A1.png,,pass,pass,,True,1ba0c434718380b2dd31e346f9e3dfb243de740192f78c74b1f281d257ef23ee,2048,2048,1.0,0.609375,0.980957,0.499512,0.502686,1200,1200,1.0
92,WWNG0A50301,Piaget,Piaget Sixtie Silver Dial 18kt Rose Gold & Steel Women's Watch G0A50301,exact-existing,,watches-only/WWNG0A50301.png,product-shots/WWNG0A50301/main.jpg,https://raw.githubusercontent.com/AveryArtlife/gembreak-images/main/watches-only/WWNG0A50301.png,,pass,pass,,True,e1a5ba026e4253f6987bc29aa22e211e676062682c20f5ec9f2f870120529f8d,1024,1536,1.0,0.540039,0.906901,0.499512,0.500326,1200,1200,1.0
93,WWN215.92.46.21.01.001,Omega,Omega Seamaster Planet Ocean 6000M Co-Axial Master Chronometer 45.5 mm Automatic Black Dial Fabric Strap Men's Watch 215.92.46.21.01.001,exact-existing,,watches-only/WWN215.92.46.21.01.001.png,product-shots/WWN215.92.46.21.01.001/main.jpg,https://raw.githubusercontent.com/AveryArtlife/gembreak-images/main/watches-only/WWN215.92.46.21.01.001.png,,pass,pass,,True,317aa0a6d458064e6d974c715822c797907a6d8c3011d40208b121a0267d33b5,1024,1536,1.0,0.780273,0.850911,0.500488,0.499674,1200,1200,1.0
94,BREI-AB0134101K1A1,Breitling,SS CHRMT B01 42-COPPER IX-BLK SUBS-SS RLX BRC,exact-existing,,watches-only/BREI-AB0134101K1A1.png,product-shots/BREI-AB0134101K1A1/main.jpg,https://raw.githubusercontent.com/AveryArtlife/gembreak-images/main/watches-only/BREI-AB0134101K1A1.png,,pass,pass,,True,f51d040466f59af0d884cf0fa3d9bdb251691e708c373a84614012af29192397,2048,2048,1.0,0.630371,0.981445,0.502686,0.505371,1200,1200,1.0
95,WWNCDW2150.FC8360,Tag Heuer,Tag Heuer Monaco Chronograph Black Dial Leather Strap Men's Watch CDW2150.FC8360,exact-existing,,watches-only/WWNCDW2150.FC8360.png,product-shots/WWNCDW2150.FC8360/main.jpg,https://raw.githubusercontent.com/AveryArtlife/gembreak-images/main/watches-only/WWNCDW2150.FC8360.png,,pass,pass,,True,cf027dda46033786ee60888246c17552fa0092c0742e3596e7780e1d860cba60,1024,1536,1.0,0.649414,0.90625,0.499512,0.5,1200,1200,1.0
96,BREI-AB0145221B1P1,Breitling,SS PREM B01 CHR 42-BLK NUM-BLK ALG-DB,exact-existing,,watches-only/BREI-AB0145221B1P1.png,product-shots/BREI-AB0145221B1P1/main.jpg,https://raw.githubusercontent.com/AveryArtlife/gembreak-images/main/watches-only/BREI-AB0145221B1P1.png,,pass,pass,,True,643ebde55072a4da07364b6aa871ea54c7595f9b3dd22b88c4b1d8282e44f53f,2048,2048,1.0,0.499023,0.892578,0.512207,0.512695,1200,1200,1.0
97,BREI-AB0145371L1P2,Breitling,SS PREM B01 CHR42-GRN NUM-GRN ALG-DB,exact-existing,,watches-only/BREI-AB0145371L1P2.png,product-shots/BREI-AB0145371L1P2/main.jpg,https://raw.githubusercontent.com/AveryArtlife/gembreak-images/main/watches-only/BREI-AB0145371L1P2.png,,pass,pass,,True,63d05c788ebff1f5507f058dc8e0e6d58a9d37b1477da93e4631ffdc77455170,2048,2048,1.0,0.514648,0.898926,0.507324,0.511963,1200,1200,1.0
98,BREI-AB0145171C1P1,Breitling,SS PREM B01 CHR 42-BLUE NUM-BRW ALG-DB,exact-existing,,watches-only/BREI-AB0145171C1P1.png,product-shots/BREI-AB0145171C1P1/main.jpg,https://raw.githubusercontent.com/AveryArtlife/gembreak-images/main/watches-only/BREI-AB0145171C1P1.png,,pass,pass,,True,934df2e623c0995b1a9271d797a86d5e2a5bee32969ef36e38816a5f60e7d8af,2048,2048,1.0,0.476562,0.875,0.508789,0.508789,1200,1200,1.0
99,WW70,Omega,Omega Seamaster Planet Ocean 600M 42MM Black Dial Rubber Men's,exact-existing,,watches-only/WW70.png,product-shots/WW70/main.jpg,https://raw.githubusercontent.com/AveryArtlife/gembreak-images/main/watches-only/WW70.png,https://raw.githubusercontent.com/AveryArtlife/gembreak-images/main/watches-only/WW70.png,pass,pass,,True,77c30f2fcb26a222c73eb2e247d5dff3a7e5db1251234ce85df069e8333243b7,1024,1536,1.0,0.780273,0.911458,0.499512,0.5,1200,1200,1.0
100,BREI-AB01342B1B3A1,Breitling,SS CHRMT B01 NFL FALCONS 42-BLK IX-SLV SUBS-RLX BRC,exact-existing,,watches-only/BREI-AB01342B1B3A1.png,product-shots/BREI-AB01342B1B3A1/main.jpg,https://raw.githubusercontent.com/AveryArtlife/gembreak-images/main/watches-only/BREI-AB01342B1B3A1.png,,pass,pass,,True,a2637c2152b6bddb802cc5b89ad5c3428c3197ed34794fdfda88bbaec5bf9a37,2048,2048,1.0,0.569824,0.9375,0.509033,0.512695,1200,1200,1.0
101,WWN274189-5001-CD,Chopard,Chopard Happy Sport 30mm 18kt Rose Gold Customs Diamond Bezel Women's Watch 274189-5001-CD,exact-existing,,watches-only/WWN274189-5001-CD.png,product-shots/WWN274189-5001-CD/main.jpg,https://raw.githubusercontent.com/AveryArtlife/gembreak-images/main/watches-only/WWN274189-5001-CD.png,,pass,pass,,True,7410acdaa929aa7062df526ff72fc3a557dae5db24fb154103aea3487d2a4a60,1024,1536,1.0,0.359375,0.907552,0.5,0.5,1200,1200,1.0
102,W1243,Omega,OMEGA De Ville Prestige AUTO SS 36.8MM Men's Watch 424.25.37.20.58,exact-existing,,watches-only/W1243.png,product-shots/W1243/main.jpg,https://raw.githubusercontent.com/AveryArtlife/gembreak-images/main/watches-only/W1243.png,https://raw.githubusercontent.com/AveryArtlife/gembreak-images/main/watches-only/W1243.png,pass,pass,,True,fd2b86056d75e419d51f0800d9eba10a0311e32d78de0c815fced6bc8eb4f67b,1024,1536,1.0,0.78125,0.911458,0.5,0.5,1200,1200,1.0
103,BREI-AB01342B1B4A1,Breitling,SS CHRMT B01 NFL SAINTS 42-BLK IX-SLV SUBS-RLX BRC,exact-existing,,watches-only/BREI-AB01342B1B4A1.png,product-shots/BREI-AB01342B1B4A1/main.jpg,https://raw.githubusercontent.com/AveryArtlife/gembreak-images/main/watches-only/BREI-AB01342B1B4A1.png,,pass,pass,,True,39bf2ce284053300040eb6be591874e605a05d12becccb0cad8f514a53ec205f,2048,2048,1.0,0.57959,0.983398,0.520752,0.508301,1200,1200,1.0
104,BREI-AB01342B1B5A1,Breitling,SS CHRMT B01 NFL PANTH 42-BLK IX-SLV SUBS-RLX BRC,exact-existing,,watches-only/BREI-AB01342B1B5A1.png,product-shots/BREI-AB01342B1B5A1/main.jpg,https://raw.githubusercontent.com/AveryArtlife/gembreak-images/main/watches-only/BREI-AB01342B1B5A1.png,,pass,pass,,True,54c5fec37eb4e5ae5f55935e1ad39b7f251d16fba3a999115d8dd4fd411958bd,2048,2048,1.0,0.514648,0.900391,0.513672,0.509277,1200,1200,1.0
105,WWNQ1248420,Jaeger LeCoultre,Jaeger LeCoultre Master Ultra Thin Moon Silver Dial Leather Strap Women's Watch Q1248420,exact-existing,,watches-only/WWNQ1248420.png,product-shots/WWNQ1248420/main.jpg,https://raw.githubusercontent.com/AveryArtlife/gembreak-images/main/watches-only/WWNQ1248420.png,,pass,pass,,True,e14af16275f590e5267e10e759b69a243f927f4a0f835a3e2329a28dae4a894f,1024,1536,1.0,0.770508,0.906901,0.499512,0.499674,1200,1200,1.0
106,BREI-AB01342B1B6A1,Breitling,SS CHRMT NFL BROWNS 42-BRW IX-SLV SUBS-SS RLX BRC,exact-existing,,watches-only/BREI-AB01342B1B6A1.png,product-shots/BREI-AB01342B1B6A1/main.jpg,https://raw.githubusercontent.com/AveryArtlife/gembreak-images/main/watches-only/BREI-AB01342B1B6A1.png,,pass,pass,,True,72dc5345ffe11aa1ed17bcf389000d1c63f75bd77c76040a7237e1b5cea0ba44,2048,2048,1.0,0.521973,0.910645,0.515869,0.515381,1200,1200,1.0
107,WWNCBS2016.EB0430,Tag Heuer,Tag Heuer Carrera Chronograph Seafarer Beige Dial Stainless Steel Men's Watch CBS2016.EB0430,exact-existing,,watches-only/WWNCBS2016.EB0430.png,product-shots/WWNCBS2016.EB0430/main.jpg,https://raw.githubusercontent.com/AveryArtlife/gembreak-images/main/watches-only/WWNCBS2016.EB0430.png,,pass,pass,,True,7257f2075d8660c4b5ef5e4fdd1ba3af86389c5fcee43398a4140123d55ca551,1024,1536,1.0,0.763672,0.906901,0.5,0.500326,1200,1200,1.0
108,BREI-AB0162121B1S1,Breitling,SS SOH B01 CHR44-BLK IX-SLV SUB-BLK CER-BLK AERO-DB,exact-existing,,watches-only/BREI-AB0162121B1S1.png,product-shots/BREI-AB0162121B1S1/main.jpg,https://raw.githubusercontent.com/AveryArtlife/gembreak-images/main/watches-only/BREI-AB0162121B1S1.png,,pass,pass,,True,89cc5c8eceed71ef8e77582da759e45fb93b605803adcf04ce25967e76b88284,2048,2048,1.0,0.504883,0.89209,0.510254,0.51001,1200,1200,1.0
109,WWNG0A48390-CD2,Piaget,Piaget Possession Silver Dial Custom Double Row Diamond Bezel Steel Women's Watch G0A48390-CD2,exact-existing,,watches-only/WWNG0A48390-CD2.png,product-shots/WWNG0A48390-CD2/main.jpg,https://raw.githubusercontent.com/AveryArtlife/gembreak-images/main/watches-only/WWNG0A48390-CD2.png,,pass,pass,,True,c9761b3d3aa963350e90f9d818033801cd61cf0b666883f139da0f90a6e4c5f4,1024,1536,1.0,0.662109,0.908203,0.499023,0.500326,1200,1200,1.0
110,BREI-AB01342B1C6A1,Breitling,SS CHRMT B01 NFL TITANS 42-DK BLUE IX-SLV SUBS-RLX BRC,exact-existing,,watches-only/BREI-AB01342B1C6A1.png,product-shots/BREI-AB01342B1C6A1/main.jpg,https://raw.githubusercontent.com/AveryArtlife/gembreak-images/main/watches-only/BREI-AB01342B1C6A1.png,,pass,pass,,True,5ddee2f3b9440993d6dc8230061db671642c500769e08cb223b2897c42798392,2048,2048,1.0,0.519043,0.907715,0.517334,0.509521,1200,1200,1.0
111,WW374,Omega,Omega De Ville Hour Vision Automatic Ss 41MM Brown Dial Men's,exact-existing,,watches-only/WW374.png,product-shots/WW374/main.jpg,https://raw.githubusercontent.com/AveryArtlife/gembreak-images/main/watches-only/WW374.png,https://raw.githubusercontent.com/AveryArtlife/gembreak-images/main/watches-only/WW374.png,pass,pass,,True,7c83afa8e01601f39480fa8d5924911d88a043beb3e7ef0345967d64673a5cab,1024,1536,1.0,0.780273,0.876302,0.500488,0.5,1200,1200,1.0
112,BREI-EB0148101B1X1,Breitling,TI SPR AVG B01 CHR46-BLK IX-BLK MIL-DB,exact-existing,,watches-only/BREI-EB0148101B1X1.png,product-shots/BREI-EB0148101B1X1/main.jpg,https://raw.githubusercontent.com/AveryArtlife/gembreak-images/main/watches-only/BREI-EB0148101B1X1.png,,pass,pass,,True,11fc4fca1bb73f8ef51943af97a215d98eece7c691880436ebd0b6a79768d351,2048,2048,1.0,0.496582,0.876953,0.513428,0.508789,1200,1200,1.0
113,BREI-AB0134101G1S2,Breitling,SS CHRMT B01 42-SLV IX-BLK SUBS-BLK RLX-DB,exact-existing,,watches-only/BREI-AB0134101G1S2.png,product-shots/BREI-AB0134101G1S2/main.jpg,https://raw.githubusercontent.com/AveryArtlife/gembreak-images/main/watches-only/BREI-AB0134101G1S2.png,,pass,pass,,True,f5e715fa5d75ec04dfdd73f71fa98b22297ec9de48238a081287b6fcd7f771ac,2048,2048,1.0,0.498047,0.883789,0.516113,0.510254,1200,1200,1.0
114,CART-W1527951,Cartier,Ronde — YG RONDE 34-SLV ROM-STRAP,exact-existing,,watches-only/CART-W1527951.png,product-shots/CART-W1527951/main.jpg,https://raw.githubusercontent.com/AveryArtlife/gembreak-images/main/watches-only/CART-W1527951.png,,pass,pass,,True,fcae5323135c216b24f95455777faffe26ad631bce611394cdd8b8d89efbca27,2048,2048,1.0,0.470215,0.966309,0.502197,0.498779,1200,1200,1.0
115,CART-W15X5856,Cartier,Diabolo — YG DIABOLO 27-SLV ROM-STRAP,exact-existing,,watches-only/CART-W15X5856.png,product-shots/CART-W15X5856/main.jpg,https://raw.githubusercontent.com/AveryArtlife/gembreak-images/main/watches-only/CART-W15X5856.png,,pass,pass,,True,3ca16d7acfa59439243587183a592f0490f2e3035d99c33d46d5d76388bcc893,2048,2048,1.0,0.398926,0.855469,0.520264,0.506348,1200,1200,1.0
116,WWN361.SX.1270.RX.1104,Hublot,Hublot Big Bang 38mm Black Dial Diamond Bezel Rubber Strap Men's Watch 361.SX.1270.RX.1104,exact-existing,,watches-only/WWN361.SX.1270.RX.1104.png,product-shots/WWN361.SX.1270.RX.1104/main.jpg,https://raw.githubusercontent.com/AveryArtlife/gembreak-images/main/watches-only/WWN361.SX.1270.RX.1104.png,,pass,pass,,True,b4ba716d719c53f3398cb83fe011c01174873cb102543418c805dbc68805b673,1024,1536,1.0,0.867188,0.907552,0.5,0.5,1200,1200,1.0
117,BREI-AB0162121G1S1,Breitling,SS SOH CHR 44-SLV IX-BLK SUBS-BLK CER-BLK AERO RUB-DB,exact-existing,,watches-only/BREI-AB0162121G1S1.png,product-shots/BREI-AB0162121G1S1/main.jpg,https://raw.githubusercontent.com/AveryArtlife/gembreak-images/main/watches-only/BREI-AB0162121G1S1.png,,pass,pass,,True,c5d7c890f19974eb328c3db045546a02d1473a3b9b2d7fc633551634b611ba27,2048,2048,1.0,0.500977,0.88623,0.508789,0.507568,1200,1200,1.0
118,BREI-AB01342B1B3S1,Breitling,SS CHRMT B01 NFL FALCONS 42-BLK IX-SLV SUBS-BLK RLX RUB-DB,exact-existing,,watches-only/BREI-AB01342B1B3S1.png,product-shots/BREI-AB01342B1B3S1/main.jpg,https://raw.githubusercontent.com/AveryArtlife/gembreak-images/main/watches-only/BREI-AB01342B1B3S1.png,,pass,pass,,True,a6f36abe6c11eead252a991031eb1a5d907901ad17814069fd6c61a122799e1a,2048,2048,1.0,0.605469,0.966797,0.501953,0.506836,1200,1200,1.0
119,WWNG0A50300,Piaget,Piaget Sixtie Silver Dial Diamond Bezel Steel Women's Watch G0A50300,exact-existing,,watches-only/WWNG0A50300.png,product-shots/WWNG0A50300/main.jpg,https://raw.githubusercontent.com/AveryArtlife/gembreak-images/main/watches-only/WWNG0A50300.png,,pass,pass,,True,f1794d7891713f46157a74c9420b198ead923da7d50896f652c9d91f7fcb3e63,1024,1536,1.0,0.683594,0.909505,0.5,0.500977,1200,1200,1.0
120,BREI-U13313121B1A1,Breitling,S/RG SOH CHR 44-BLK IX-RG/BLK CER BEZ-OC BRC,exact-existing,,watches-only/BREI-U13313121B1A1.png,product-shots/BREI-U13313121B1A1/main.jpg,https://raw.githubusercontent.com/AveryArtlife/gembreak-images/main/watches-only/BREI-U13313121B1A1.png,,pass,pass,,True,493fbf96ab8dff0b5db3b7a1f71693e13520b01dac3df44d578f26b18dd043cf,2048,2048,1.0,0.519531,0.894043,0.513672,0.506104,1200,1200,1.0
121,BREI-AB01342B1B4S1,Breitling,SS CHRMT NFL SAINTS 42-BLK IX-SLV SUBS-BLK RLX RUB-DB,exact-existing,,watches-only/BREI-AB01342B1B4S1.png,product-shots/BREI-AB01342B1B4S1/main.jpg,https://raw.githubusercontent.com/AveryArtlife/gembreak-images/main/watches-only/BREI-AB01342B1B4S1.png,,pass,pass,,True,415be4f10e677ecfcf49bad2a04a113bf72bc5a719598a8b7b33013f10ef113b,2048,2048,1.0,0.53125,0.900391,0.520996,0.513672,1200,1200,1.0
122,BREI-AB01342B1B5S1,Breitling,SS CHRMT NFL PANTHERS 42-BLK IX-SLV SUBS-BLK RLX RUB-DB,exact-existing,,watches-only/BREI-AB01342B1B5S1.png,product-shots/BREI-AB01342B1B5S1/main.jpg,https://raw.githubusercontent.com/AveryArtlife/gembreak-images/main/watches-only/BREI-AB01342B1B5S1.png,,pass,pass,,True,f0465285d7ad986b4857836a18ad7318e868ccd6145149b3c6c98e11a61b4379,2048,2048,1.0,0.536621,0.922852,0.515869,0.51123,1200,1200,1.0
123,WL11,Panerai,PANERAI Luminor Due 3 Days 45MM Automatic Men's Watch PAM00674,exact-existing,,watches-only/WL11.png,product-shots/WL11/main.jpg,https://raw.githubusercontent.com/AveryArtlife/gembreak-images/main/watches-only/WL11.png,https://raw.githubusercontent.com/AveryArtlife/gembreak-images/main/watches-only/WL11.png,pass,pass,,True,9552d882134047419ea0b08f12a98ced03bfffb21f211a46db5e1a69b899c1d8,1024,1536,1.0,0.78125,0.85612,0.5,0.499674,1200,1200,1.0
124,BREI-AB01342B1B6S1,Breitling,SS CHRMT B01 NFL BROWNS 42-BRWN IX-SLV SUBS-BLK RLX RUB-DB,exact-existing,,watches-only/BREI-AB01342B1B6S1.png,product-shots/BREI-AB01342B1B6S1/main.jpg,https://raw.githubusercontent.com/AveryArtlife/gembreak-images/main/watches-only/BREI-AB01342B1B6S1.png,,pass,pass,,True,470d6fceefd6cefb327373a36916fbadba4b5387482c3c02ac5cadab996e9a37,2048,2048,1.0,0.51123,0.910156,0.519775,0.509277,1200,1200,1.0
125,WWN103075,Bulgari,Bulgari Octo Velocissimo Automatic Black Steel Rubber Strap Men's Watch 103075,exact-existing,,watches-only/WWN103075.png,product-shots/WWN103075/main.jpg,https://raw.githubusercontent.com/AveryArtlife/gembreak-images/main/watches-only/WWN103075.png,,pass,pass,,True,d58dd28f2165ea1da9d18c349e43d28da884066ee98644fadecb0a7d7cd0f53c,1024,1536,1.0,0.798828,0.907552,0.5,0.5,1200,1200,1.0
126,W1238,Omega,OMEGA De Ville Prestige AUTO 32.7MM MOP Dial Leather Women's Watch,exact-existing,,watches-only/W1238.png,product-shots/W1238/main.jpg,https://raw.githubusercontent.com/AveryArtlife/gembreak-images/main/watches-only/W1238.png,https://raw.githubusercontent.com/AveryArtlife/gembreak-images/main/watches-only/W1238.png,pass,pass,,True,1d2ed75a6ff6a419c848027ca10ebe18ab888974fe8419e71ea1024b8986ae1e,461,900,1.0,0.934924,0.834444,0.5,0.499444,1200,1200,1.0
127,BREI-AB01342B1C2S1,Breitling,SS CHRMT B01 NFL COLTS 42-BLUE IX-SLV SUBS-BLK RLX RUB-DB,exact-existing,,watches-only/BREI-AB01342B1C2S1.png,product-shots/BREI-AB01342B1C2S1/main.jpg,https://raw.githubusercontent.com/AveryArtlife/gembreak-images/main/watches-only/BREI-AB01342B1C2S1.png,,pass,pass,,True,0b8fcf7529407eceb51203eaed918d5f31b7a2e052f2e30fc1f7f73ccbf6d744,2048,2048,1.0,0.514648,0.893555,0.516113,0.512695,1200,1200,1.0
128,BREI-AB01342B1C6S1,Breitling,SS CHRMT NFL TITANS 42-DK BLUE-SLV SUBS-BLK RLX RUB-DB,exact-existing,,watches-only/BREI-AB01342B1C6S1.png,product-shots/BREI-AB01342B1C6S1/main.jpg,https://raw.githubusercontent.com/AveryArtlife/gembreak-images/main/watches-only/BREI-AB01342B1C6S1.png,,pass,pass,,True,443e00ad38293d9b7252c36cdcd0ccb7c57ae15a12fb44278923230d67d4a7ef,2048,2048,1.0,0.51123,0.888184,0.518311,0.509033,1200,1200,1.0
129,BREI-AB0162121C1S1,Breitling,SS SOH B01 CHR44-BLUE-BLK SUB-BLK AERO-DB,exact-existing,,watches-only/BREI-AB0162121C1S1.png,product-shots/BREI-AB0162121C1S1/main.jpg,https://raw.githubusercontent.com/AveryArtlife/gembreak-images/main/watches-only/BREI-AB0162121C1S1.png,,pass,pass,,True,3dc24de023d0e6f34dc4e5cd713d7e4ca4e38cf443019cd7e29f07b061034026,2048,2048,1.0,0.552246,0.911621,0.512451,0.514404,1200,1200,1.0
130,BREI-AB01342B1C8S1,Breitling,SS CHRMT B01 NFL CHARGERS 42-BLUE IX-SLV SUBS-BLK RLX RUB-DB,exact-existing,,watches-only/BREI-AB01342B1C8S1.png,product-shots/BREI-AB01342B1C8S1/main.jpg,https://raw.githubusercontent.com/AveryArtlife/gembreak-images/main/watches-only/BREI-AB01342B1C8S1.png,,pass,pass,,True,e416d044140e9e7247adc9a23ce5fc31ff76c4f54bfe897dbd0a8b6a8fe599c6,2048,2048,1.0,0.505859,0.885742,0.511719,0.505371,1200,1200,1.0
131,W2127,TAG Heuer,TAG HEUER Monaco AUTO 39MM SS Blue Dial Men's Watch CBL2111.BA0644,exact-existing,,watches-only/W2127.png,product-shots/W2127/main.jpg,https://raw.githubusercontent.com/AveryArtlife/gembreak-images/main/watches-only/W2127.png,https://raw.githubusercontent.com/AveryArtlife/gembreak-images/main/watches-only/W2127.png,pass,pass,,True,38fdfc7e3637f19345d54e3e051bf72b28293507b3168acafc1f8915dd906906,1024,1536,1.0,0.701172,0.922526,0.521484,0.504883,1200,1200,1.0
132,WW574,Omega,Omega Seamaster Aqua Terra Shades Automatic 38MM Men's Watch,exact-existing,,watches-only/WW574.png,product-shots/WW574/main.jpg,https://raw.githubusercontent.com/AveryArtlife/gembreak-images/main/watches-only/WW574.png,https://raw.githubusercontent.com/AveryArtlife/gembreak-images/main/watches-only/WW574.png,pass,pass,,True,202ff68b5eeb5f5ee478028ccc3a96c17d4fa713d191145c127cbc8a5259f750,1024,1536,1.0,0.780273,0.911458,0.499512,0.5,1200,1200,1.0
133,CART-W4CL0005,Cartier,Cle De Cartier — SS CLE DE CARTIER31-SLV-DB,exact-existing,,watches-only/CART-W4CL0005.png,product-shots/CART-W4CL0005/main.jpg,https://raw.githubusercontent.com/AveryArtlife/gembreak-images/main/watches-only/CART-W4CL0005.png,,pass,pass,,True,7185df3198d452d1446deb3de7055ac9ae52206e61c375543beb396450cd4532,2048,2048,1.0,0.536621,0.968262,0.510498,0.502686,1200,1200,1.0
134,BREI-M13313101C1S1,Breitling,BLKss SOH CHR 44-BLUE IX-BLK CER-BLK AERO RUB-DB,exact-existing,,watches-only/BREI-M13313101C1S1.png,product-shots/BREI-M13313101C1S1/main.jpg,https://raw.githubusercontent.com/AveryArtlife/gembreak-images/main/watches-only/BREI-M13313101C1S1.png,,pass,pass,,True,b46a32eedf329d38491f07925461f5a7ca4b045fa4e062adcfc78bcf8a37906c,2048,2048,1.0,0.602539,0.976074,0.503906,0.50708,1200,1200,1.0
135,BREI-AB01762A1L1A1,Breitling,SS TOP TIME B01 FORD MUSTANG 41-GRN IX-BLK SUBS-OC BRC,exact-existing,,watches-only/BREI-AB01762A1L1A1.png,product-shots/BREI-AB01762A1L1A1/main.jpg,https://raw.githubusercontent.com/AveryArtlife/gembreak-images/main/watches-only/BREI-AB01762A1L1A1.png,,pass,pass,,True,b51fc1d0dd084ce4026b980ab0962f4c1d604323d0448511c37469da82c1747a,2048,2048,1.0,0.523926,0.912598,0.502686,0.503662,1200,1200,1.0
136,WWN332.10.41.51.01.002,Omega,Omega Speedmaster Pilot Chronograph Black Dial Stainless Steel Men's Watch 332.10.41.51.01.002,exact-existing,,watches-only/WWN332.10.41.51.01.002.png,product-shots/WWN332.10.41.51.01.002/main.jpg,https://raw.githubusercontent.com/AveryArtlife/gembreak-images/main/watches-only/WWN332.10.41.51.01.002.png,,pass,pass,,True,a39646283d98661fd7c5867a6e709d8f782e7b25b5a4dfee29067c15a2ed8191,1024,1536,1.0,0.756836,0.907552,0.499512,0.5,1200,1200,1.0
137,WWNCDW2181.FC8360,Tag Heuer,Tag Heuer Monaco Chronograph Blue Dial Leather Strap Men's Watch CDW2181.FC8360,exact-existing,,watches-only/WWNCDW2181.FC8360.png,product-shots/WWNCDW2181.FC8360/main.jpg,https://raw.githubusercontent.com/AveryArtlife/gembreak-images/main/watches-only/WWNCDW2181.FC8360.png,,pass,pass,,True,93fb589ffd03e94be06c83adb521fb595528d8640092d6a4953ca7b1abd13587,1024,1536,1.0,0.662109,0.90625,0.499023,0.5,1200,1200,1.0
138,WL8,Panerai,PANERAI Radiomir 3 Days Acciaio 47MM Special Edition Watch PAM0079,exact-existing,,watches-only/WL8.png,product-shots/WL8/main.jpg,https://raw.githubusercontent.com/AveryArtlife/gembreak-images/main/watches-only/WL8.png,https://raw.githubusercontent.com/AveryArtlife/gembreak-images/main/watches-only/WL8.png,pass,pass,,True,5811ed2a831035040c04a33969e1bcf5940785a3a9c9565d9a95931d88ac27a0,1024,1536,1.0,0.780273,0.857422,0.500488,0.499674,1200,1200,1.0
139,BREI-UB2030121B1A1,Breitling,S/RG SOH B20 44-BLK IX-RG/BLK CER-SS OC BRC,exact-existing,,watches-only/BREI-UB2030121B1A1.png,product-shots/BREI-UB2030121B1A1/main.jpg,https://raw.githubusercontent.com/AveryArtlife/gembreak-images/main/watches-only/BREI-UB2030121B1A1.png,,pass,pass,,True,c4e8a0d0bcde3e0312902199367fd66c5fcf69d4ae16e086a6f2bbd10a2ebb34,2048,2048,1.0,0.526855,0.907715,0.506104,0.51001,1200,1200,1.0
140,W2100,TAG Heuer,TAG HEUER Carrera AUTO 43MM CHRONO SS Black Dial Men's Watch CV2A1,exact-existing,,watches-only/W2100.png,product-shots/W2100/main.jpg,https://raw.githubusercontent.com/AveryArtlife/gembreak-images/main/watches-only/W2100.png,https://raw.githubusercontent.com/AveryArtlife/gembreak-images/main/watches-only/W2100.png,pass,pass,,True,5e67e073d14331519f08d6a4dc682a9b4a2a2cf15f541d7ff0804728e49f1f61,1024,1536,1.0,0.765625,0.941406,0.514648,0.494141,1200,1200,1.0
141,WL10,Panerai,PANERAI Radiomir 1940 47MM SS Limited Edition Brown LTHR Watch PAM,exact-existing,,watches-only/WL10.png,product-shots/WL10/main.jpg,https://raw.githubusercontent.com/AveryArtlife/gembreak-images/main/watches-only/WL10.png,https://raw.githubusercontent.com/AveryArtlife/gembreak-images/main/watches-only/WL10.png,pass,pass,,True,861fff6f003c2479403c08bbae4e58f3733fa717bcf758ad63369fade882c946,1024,1536,1.0,0.779297,0.852865,0.5,0.5,1200,1200,1.0
142,WWNPAM01218,Panerai,Panerai Luminor Chrono Automatic White Dial Leather Strap Men's Watch PAM01218,exact-existing,,watches-only/WWNPAM01218.png,product-shots/WWNPAM01218/main.jpg,https://raw.githubusercontent.com/AveryArtlife/gembreak-images/main/watches-only/WWNPAM01218.png,,pass,pass,,True,5c568bc340c6a82c681f1103104a28069c22e7bea05910527bbb1d331b7a5614,1024,1536,1.0,0.871094,0.907552,0.5,0.5,1200,1200,1.0
143,BREI-AB01763A1C1A1,Breitling,SS TOP TIME B01 SHELBY COBRA 41-BLUE IX-SLV SUBS-OC BRC,exact-existing,,watches-only/BREI-AB01763A1C1A1.png,product-shots/BREI-AB01763A1C1A1/main.jpg,https://raw.githubusercontent.com/AveryArtlife/gembreak-images/main/watches-only/BREI-AB01763A1C1A1.png,,pass,pass,,True,a586fe7a2d45d61cd4403eee99d7c003a7fd6b3d947a154ef6fe04221c3dda1d,2048,2048,1.0,0.484863,0.893066,0.495361,0.507568,1200,1200,1.0
144,W2103,TAG Heuer,TAG HEUER Carrera Porsche Orange Racing AUTO 44MM Leather Men's Wa,exact-existing,,watches-only/W2103.png,product-shots/W2103/main.jpg,https://raw.githubusercontent.com/AveryArtlife/gembreak-images/main/watches-only/W2103.png,https://raw.githubusercontent.com/AveryArtlife/gembreak-images/main/watches-only/W2103.png,pass,pass,,True,256e25a1b6c61442405f2dbeb0ca0bc7dcc8ef052aa542668f7501d5bf5e5972,1024,1536,1.0,0.737305,0.950521,0.520996,0.483724,1200,1200,1.0
145,BREI-AB01765A1B1A1,Breitling,SS TOP TIME B01 DEUS 41-BLK IX-SLV SUBS-OC BRC,exact-existing,,watches-only/BREI-AB01765A1B1A1.png,product-shots/BREI-AB01765A1B1A1/main.jpg,https://raw.githubusercontent.com/AveryArtlife/gembreak-images/main/watches-only/BREI-AB01765A1B1A1.png,,pass,pass,,True,b5d379ecfc9fb25135444d13f81f02af240d4afc0496e0620d8d3dc7e3258d52,2048,2048,1.0,0.478516,0.911621,0.510254,0.507568,1200,1200,1.0
146,BREI-AB01765A1B1X1,Breitling,SS TT B01 DEUS 41-BLK IX-SLV SUB-BLK LTH-DB,exact-existing,,watches-only/BREI-AB01765A1B1X1.png,product-shots/BREI-AB01765A1B1X1/main.jpg,https://raw.githubusercontent.com/AveryArtlife/gembreak-images/main/watches-only/BREI-AB01765A1B1X1.png,,pass,pass,,True,6f56f264f697e483c0d33a1b170a37bea694c436d12afef31bf4000e92d08bfe,2048,2048,1.0,0.508789,0.875977,0.505859,0.509277,1200,1200,1.0
147,W2128,TAG Heuer,TAG HEUER Monaco 39MM CHRONO AUTO Men's Watch CBL2113.FC6177,exact-existing,,watches-only/W2128.png,product-shots/W2128/main.jpg,https://raw.githubusercontent.com/AveryArtlife/gembreak-images/main/watches-only/W2128.png,https://raw.githubusercontent.com/AveryArtlife/gembreak-images/main/watches-only/W2128.png,pass,pass,,True,e8dcd5d8484f94f140845371c74c8d08bacd482a30146de47d7703b58df0a6e7,1024,1536,1.0,0.763672,0.991536,0.513672,0.499674,1200,1200,1.0
148,WWN102954,Bulgari,Bulgari Lvcea Automatic Mother of Pearl Diamond Dial 18kt Rose Gold & Steel Women's Watch 102954,exact-existing,,watches-only/WWN102954.png,product-shots/WWN102954/main.jpg,https://raw.githubusercontent.com/AveryArtlife/gembreak-images/main/watches-only/WWN102954.png,,pass,pass,,True,b9abbc4297db8b2e6079458dcc774d3afcbdd35e770fdb978f5647c798422217,1024,1536,1.0,0.647461,0.90625,0.499512,0.5,1200,1200,1.0
149,BREI-A24315101B1A1,Breitling,SS AVG CHR GMT45-BLK-GRY SUBS-PROFIII BRC,exact-existing,,watches-only/BREI-A24315101B1A1.png,product-shots/BREI-A24315101B1A1/main.jpg,https://raw.githubusercontent.com/AveryArtlife/gembreak-images/main/watches-only/BREI-A24315101B1A1.png,,pass,pass,,True,6e3488d731daba377147b67f9039d1d6cf88691088c7adeeee37d32d1936e7cb,2048,2048,1.0,0.566895,0.93457,0.509521,0.506348,1200,1200,1.0
150,WW71,Omega,Omega Seamaster Diver 300M Automatic 42MM Black Dial Rubber Men's,exact-existing,,watches-only/WW71.png,product-shots/WW71/main.jpg,https://raw.githubusercontent.com/AveryArtlife/gembreak-images/main/watches-only/WW71.png,https://raw.githubusercontent.com/AveryArtlife/gembreak-images/main/watches-only/WW71.png,pass,pass,,True,6e983b34f0b5e84e62ae2af25f9f074ccd572b2aa5a5ba6bbfb74e3200d3f672,1024,1536,1.0,0.791016,0.906901,0.5,0.500326,1200,1200,1.0
151,W1237,Omega,OMEGA Seamaster Aqua Terra 38MM SS Summer Blue Dial Men's Watch 22,exact-existing,,watches-only/W1237.png,product-shots/W1237/main.jpg,https://raw.githubusercontent.com/AveryArtlife/gembreak-images/main/watches-only/W1237.png,https://raw.githubusercontent.com/AveryArtlife/gembreak-images/main/watches-only/W1237.png,pass,pass,,True,12a1dd3988ebea8caf9155ee5344c7b38aa82c2356e196ce2088bb8332d60966,1024,1536,1.0,0.779297,0.911458,0.499023,0.5,1200,1200,1.0
152,W1256,Omega,OMEGA Seamaster Auto 42 MM Blue Dial SS Men's Watch 210.30.42.20.0,exact-existing,,watches-only/W1256.png,product-shots/W1256/main.jpg,https://raw.githubusercontent.com/AveryArtlife/gembreak-images/main/watches-only/W1256.png,https://raw.githubusercontent.com/AveryArtlife/gembreak-images/main/watches-only/W1256.png,pass,pass,,True,0eefc7502a054b0565825965d56752f99393f03c760971c2f1fbcbc89d19a1c0,1024,1536,1.0,0.775391,0.966797,0.519531,0.49707,1200,1200,1.0
153,WWN168619-3005,Chopard,Chopard Mille Miglia Classic Chronograph Automatic Silver Dial Black Leather Strap Men's Watch 168619-3005,exact-existing,,watches-only/WWN168619-3005.png,product-shots/WWN168619-3005/main.jpg,https://raw.githubusercontent.com/AveryArtlife/gembreak-images/main/watches-only/WWN168619-3005.png,,pass,pass,,True,8647063a6417e9e625ff72bf8ec846be4cc04eb8476a0d5a0bb142ba39432a9d,1024,1536,1.0,0.799805,0.907552,0.499512,0.5,1200,1200,1.0
154,WWN278582-3002,Chopard,Chopard Happy Sport Medium 36mm White Floating Diamond Dial Steel Women's Watch 278582-3002,exact-existing,,watches-only/WWN278582-3002.png,product-shots/WWN278582-3002/main.jpg,https://raw.githubusercontent.com/AveryArtlife/gembreak-images/main/watches-only/WWN278582-3002.png,,pass,pass,,True,d42c88ee25af0c4a42403b9ee8fe540a9b75ab029b5ed02e401f79fa52947c26,1024,1536,1.0,0.740234,0.907552,0.5,0.5,1200,1200,1.0
155,W268,TAG Heuer,TAG HEUER Carrera Chronograph SS 39MM Blue Dial Men's Watch CBS221,exact-existing,,watches-only/W268.png,product-shots/W268/main.jpg,https://raw.githubusercontent.com/AveryArtlife/gembreak-images/main/watches-only/W268.png,https://raw.githubusercontent.com/AveryArtlife/gembreak-images/main/watches-only/W268.png,pass,pass,,True,9e5d8a769b721bd4dc7a199f5b1870fdc421abf8af721c2bfdccba1e5260f4ee,1024,1536,1.0,0.780273,0.86849,0.500488,0.5,1200,1200,1.0
156,IWC-IW3717-12,IWC,Pilots Watches — SS PILOT SPITFIRE CHR LAUR 42-BLUE NUM-STRAP,exact-existing,,watches-only/IWC-IW3717-12.png,product-shots/IWC-IW3717-12/main.jpg,https://raw.githubusercontent.com/AveryArtlife/gembreak-images/main/watches-only/IWC-IW3717-12.png,,pass,pass,,True,410cc4649491e068f4f64934827cf8870b0cb0f11f15887e8208b1a268b91297,2048,2048,1.0,0.557129,0.962402,0.500732,0.502197,1200,1200,1.0
157,BREI-E10379351B1E1,Breitling,TI SO SPR DIVE46-BLK/GRY-BLK CER-PRFIII BRC,exact-existing,,watches-only/BREI-E10379351B1E1.png,product-shots/BREI-E10379351B1E1/main.jpg,https://raw.githubusercontent.com/AveryArtlife/gembreak-images/main/watches-only/BREI-E10379351B1E1.png,,pass,pass,,True,281e4361ad8f6c4fb7d4a881701285a84fb632986ab1416e93a06af9db4c42c5,2048,2048,1.0,0.602539,0.9375,0.500977,0.507324,1200,1200,1.0
158,WWN388531-3003-CD,Chopard,Chopard Imperiale Automatic 40mm Custom Diamond Bezel Women's Watch 388531-3003-CD,exact-existing,,watches-only/WWN388531-3003-CD.png,product-shots/WWN388531-3003-CD/main.jpg,https://raw.githubusercontent.com/AveryArtlife/gembreak-images/main/watches-only/WWN388531-3003-CD.png,,pass,pass,,True,1712858daf193901acf5d41ccfd8505ab3b57f461283b5077aa263852248a47e,1024,1536,1.0,0.740234,0.906901,0.5,0.499674,1200,1200,1.0
159,WWN215.33.44.22.01.001,Omega,Omega Seamaster Planet Ocean 600M GMT Black Dial Rubber & Leather Strap Men's Watch 215.33.44.22.01.001,exact-existing,,watches-only/WWN215.33.44.22.01.001.png,product-shots/WWN215.33.44.22.01.001/main.jpg,https://raw.githubusercontent.com/AveryArtlife/gembreak-images/main/watches-only/WWN215.33.44.22.01.001.png,,pass,pass,,True,d8a5fb7fdb6a732589df68daea6318e09b4c10a3cc9d2034b08cfbb16a301825,1024,1536,1.0,0.810547,0.907552,0.5,0.5,1200,1200,1.0
160,WW375,Omega,Omega Seamaster Olympic Timekeeper 39.5mm Men's Watch,exact-existing,,watches-only/WW375.png,product-shots/WW375/main.jpg,https://raw.githubusercontent.com/AveryArtlife/gembreak-images/main/watches-only/WW375.png,https://raw.githubusercontent.com/AveryArtlife/gembreak-images/main/watches-only/WW375.png,pass,pass,,True,4a7b6cc8b53899547e20be462428855b167ab17ba57066a845afe8f4a9c54595,524,1000,1.0,0.914122,0.935,0.499046,0.4995,1200,1200,1.0
161,WW917,Omega,Omega Seamaster Automatic Ss 42MM Black Dial Men's Watch,exact-existing,,watches-only/WW917.png,product-shots/WW917/main.jpg,https://raw.githubusercontent.com/AveryArtlife/gembreak-images/main/watches-only/WW917.png,https://raw.githubusercontent.com/AveryArtlife/gembreak-images/main/watches-only/WW917.png,pass,pass,,True,bb5befdd295a712593b08df7390a0696a09ff81dda5fc8f4381ee23fd0193fca,1024,1536,1.0,0.791016,0.90625,0.5,0.5,1200,1200,1.0
162,WWN102691,Bulgari,Bulgari Lvcea Brown Diamond Dial 18kt Rose Gold & Steel Women's Watch 102691,exact-existing,,watches-only/WWN102691.png,product-shots/WWN102691/main.jpg,https://raw.githubusercontent.com/AveryArtlife/gembreak-images/main/watches-only/WWN102691.png,,pass,pass,,True,a0f373af33a1817f10e192c16980d8a68e813d55d315d68679681ae874c5fbb2,1024,1536,1.0,0.581055,0.907552,0.499512,0.5,1200,1200,1.0
163,BREI-E10379D31L1E1,Breitling,TI SO SPR DIVER46-GRN/BLK CAMO-TI PRF III BRC,exact-existing,,watches-only/BREI-E10379D31L1E1.png,product-shots/BREI-E10379D31L1E1/main.jpg,https://raw.githubusercontent.com/AveryArtlife/gembreak-images/main/watches-only/BREI-E10379D31L1E1.png,,pass,pass,,True,571dbab7d4f0ff1042e9c3bd3e801d820cd811561a4c61b27e55abfe27593a48,2048,2048,1.0,0.500488,0.87793,0.500732,0.505859,1200,1200,1.0
164,WWNCBS2011.FC6529,Tag Heuer,Tag Heuer Carrera Chronosprint X Porsche Special Edition Automatic Silver Dial Leather Strap Men's Watch CBS2011.FC6529,exact-existing,,watches-only/WWNCBS2011.FC6529.png,product-shots/WWNCBS2011.FC6529/main.jpg,https://raw.githubusercontent.com/AveryArtlife/gembreak-images/main/watches-only/WWNCBS2011.FC6529.png,,pass,pass,,True,8f294e3b2afd4368eb87d5ac4b5421f0cba4273eb876bd8f960d417379c9d7b6,1024,1536,1.0,0.756836,0.907552,0.499512,0.5,1200,1200,1.0
165,BREI-AB0146101B1A1,Breitling,SS AVG B01 CHR42-BLK IX-PROF III BRC,exact-existing,,watches-only/BREI-AB0146101B1A1.png,product-shots/BREI-AB0146101B1A1/main.jpg,https://raw.githubusercontent.com/AveryArtlife/gembreak-images/main/watches-only/BREI-AB0146101B1A1.png,,pass,pass,,True,4856b2c857dee4df2ba5afb1797b4e7694e5779e0949da67b583743ebc39d6b4,2048,2048,1.0,0.513184,0.896973,0.508545,0.511963,1200,1200,1.0
166,BREI-AB0146101C1A1,Breitling,SS AVG B01 CHR42-BLUE IX-BLK SUBS-PROFIII BRC,exact-existing,,watches-only/BREI-AB0146101C1A1.png,product-shots/BREI-AB0146101C1A1/main.jpg,https://raw.githubusercontent.com/AveryArtlife/gembreak-images/main/watches-only/BREI-AB0146101C1A1.png,,pass,pass,,True,54e03d6671498e711c77a3f46d0c998d5e068471123cd1077846bd52b2bdc3c6,2048,2048,1.0,0.537598,0.913086,0.509521,0.509766,1200,1200,1.0
167,W1258,Omega,OMEGA Constellation Co-Axial 39MM Gray Dial Men's Watch 131.10.39.,exact-existing,,watches-only/W1258.png,product-shots/W1258/main.jpg,https://raw.githubusercontent.com/AveryArtlife/gembreak-images/main/watches-only/W1258.png,https://raw.githubusercontent.com/AveryArtlife/gembreak-images/main/watches-only/W1258.png,pass,pass,,True,2b7349f3026b0f12909c3d7ff5d519c7e82554e7c929d7e4090e0f4fa58deba7,468,900,1.0,0.989316,0.994444,0.498932,0.502778,1200,1200,1.0
168,W1253,Omega,OMEGA Constellation Co-Axial AUTO 39MM SLVR Dial Men's Watch 131.1,exact-existing,,watches-only/W1253.png,product-shots/W1253/main.jpg,https://raw.githubusercontent.com/AveryArtlife/gembreak-images/main/watches-only/W1253.png,https://raw.githubusercontent.com/AveryArtlife/gembreak-images/main/watches-only/W1253.png,pass,pass,,True,1f6a5cbd3c2ae77e5eaba7f4c4a55474583548a89ac1d799636ee49f683cbf71,472,900,1.0,0.989407,1.0,0.498941,0.5,1200,1200,1.0
169,W2109,TAG Heuer,TAG HEUER Autavia Chronometer Flyback AUTO 42MM Men's Watch CBE511,exact-existing,,watches-only/W2109.png,product-shots/W2109/main.jpg,https://raw.githubusercontent.com/AveryArtlife/gembreak-images/main/watches-only/W2109.png,https://raw.githubusercontent.com/AveryArtlife/gembreak-images/main/watches-only/W2109.png,pass,pass,,True,bc05802fe3535e87f7c24795d98746bf63b1c5480ff21af8b2cc061418e2256b,1024,1536,1.0,0.807617,0.951823,0.513184,0.489583,1200,1200,1.0
170,BREI-A10380101A4A1,Breitling,SS CHRMT AUTO36-MOP IX/DIA-SS RLX BRC,exact-existing,,watches-only/BREI-A10380101A4A1.png,product-shots/BREI-A10380101A4A1/main.jpg,https://raw.githubusercontent.com/AveryArtlife/gembreak-images/main/watches-only/BREI-A10380101A4A1.png,,pass,pass,,True,ea7409dfeb3d667147a1fc2809607885d392bb36757ff74ba5ef1e0fa9196048,2048,2048,1.0,0.510742,0.905273,0.509277,0.512207,1200,1200,1.0
171,W2104,TAG Heuer,TAG HEUER Carrera Porsche Special Edition AUTO 44MM SS Men's Watch,exact-existing,,watches-only/W2104.png,product-shots/W2104/main.jpg,https://raw.githubusercontent.com/AveryArtlife/gembreak-images/main/watches-only/W2104.png,https://raw.githubusercontent.com/AveryArtlife/gembreak-images/main/watches-only/W2104.png,pass,pass,,True,ad774fc2affbb4fb1a279ea215d14b9523fbc375a6cbace604654cced81b61e3,1024,1536,1.0,0.773438,0.97526,0.490234,0.500651,1200,1200,1.0
172,IWC-IW3261-04,IWC,Pilots Watches — SS PILOTS UTC ST.EXUP LE44-BRWN-STRAP,exact-existing,,watches-only/IWC-IW3261-04.png,product-shots/IWC-IW3261-04/main.jpg,https://raw.githubusercontent.com/AveryArtlife/gembreak-images/main/watches-only/IWC-IW3261-04.png,,pass,pass,,True,ac38fd22618589ceeb728baf2006dced21eef4d4ce3fc569a73802049fc0ad26,2048,2048,1.0,0.563477,0.958496,0.501465,0.503662,1200,1200,1.0
173,W1259,Omega,OMEGA Constellation DOUBLE EAGLE 41MM CHRONO BLK Dial Watch 1519.5,exact-existing,,watches-only/W1259.png,product-shots/W1259/main.jpg,https://raw.githubusercontent.com/AveryArtlife/gembreak-images/main/watches-only/W1259.png,https://raw.githubusercontent.com/AveryArtlife/gembreak-images/main/watches-only/W1259.png,pass,pass,,True,e566ed337f88cd9fb16532b44259f090050dcc26f05f0cc1134c3be30182851d,1024,1536,1.0,0.750977,0.917969,0.51123,0.5,1200,1200,1.0
174,BREI-AB0147101A1A1,Breitling,SS AVG B01 CHR 44-BG IX-BLK SUBS-PROF III BRC,exact-existing,,watches-only/BREI-AB0147101A1A1.png,product-shots/BREI-AB0147101A1A1/main.jpg,https://raw.githubusercontent.com/AveryArtlife/gembreak-images/main/watches-only/BREI-AB0147101A1A1.png,,pass,pass,,True,512947eb38ebaa7adfd6f6f92ad3598794688b604dcb73262d19acb36f756a8c,2048,2048,1.0,0.520996,0.927734,0.506592,0.509766,1200,1200,1.0
175,BREI-A24315101C1A1,Breitling,SS AVG CHR GMT45-BLUE-BLK SUBS-BRC,exact-existing,,watches-only/BREI-A24315101C1A1.png,product-shots/BREI-A24315101C1A1/main.jpg,https://raw.githubusercontent.com/AveryArtlife/gembreak-images/main/watches-only/BREI-A24315101C1A1.png,,pass,pass,,True,c7602778d7732ecbdb7147836ca8e6ca27f4c74bf08bdc28820513982f251984,2048,2048,1.0,0.538086,0.883301,0.512207,0.511475,1200,1200,1.0
176,WWN210.22.42.20.01.002,Omega,Omega Seamaster Diver 300M Black Dial 18K Rose Gold Rubber Strap Men's Watch 210.22.42.20.01.002,exact-existing,,watches-only/WWN210.22.42.20.01.002.png,product-shots/WWN210.22.42.20.01.002/main.jpg,https://raw.githubusercontent.com/AveryArtlife/gembreak-images/main/watches-only/WWN210.22.42.20.01.002.png,,pass,pass,,True,a5f7cd6cc2ede9d262c4e8cd51ccefd409fcd7545073652dbefc89b0490f13ed,1024,1536,1.0,0.859375,0.908203,0.5,0.500326,1200,1200,1.0
177,WWN215.30.46.51.01.002,Omega,Omega Seamaster Planet Ocean 600M Chronograph 45.5mm Black Dial Stainless Steel Men's Watch 215.30.46.51.01.002,exact-existing,,watches-only/WWN215.30.46.51.01.002.png,product-shots/WWN215.30.46.51.01.002/main.jpg,https://raw.githubusercontent.com/AveryArtlife/gembreak-images/main/watches-only/WWN215.30.46.51.01.002.png,,pass,pass,,True,04735bb0d59174f27f56293d643c16f3455cb36d767c99d33296f771c77cb5d4,1024,1536,1.0,0.785156,0.907552,0.5,0.5,1200,1200,1.0
178,W2117,TAG Heuer,TAG HEUER Aquaracer Professional 1000 Superdiver 45MM Men's Watch,exact-existing,,watches-only/W2117.png,product-shots/W2117/main.jpg,https://raw.githubusercontent.com/AveryArtlife/gembreak-images/main/watches-only/W2117.png,https://raw.githubusercontent.com/AveryArtlife/gembreak-images/main/watches-only/W2117.png,pass,pass,,True,b10051f63ed775acf783cc18638db998b09d0248285460b59fba4bd97411b208,1024,1536,1.0,0.725586,0.88737,0.523926,0.496419,1200,1200,1.0
179,BREI-A13313121B1A1,Breitling,SS SOH CHR44-BLK-BLK CER-OC BRC,exact-existing,,watches-only/BREI-A13313121B1A1.png,product-shots/BREI-A13313121B1A1/main.jpg,https://raw.githubusercontent.com/AveryArtlife/gembreak-images/main/watches-only/BREI-A13313121B1A1.png,,pass,pass,,True,52593cad3f15168e4dbf7adadcfe02fac2442c388acff368947781d93891fe0b,2048,2048,1.0,0.509766,0.888184,0.513184,0.509033,1200,1200,1.0
180,CR215.30.44.21.01.002,Omega,Omega Seamaster Planet Ocean Stainless Steel Black Dial Automatic Diver's 215.30.44.21.01.002 600M Men's Watch,exact-existing,,watches-only/CR215.30.44.21.01.002.png,product-shots/CR215.30.44.21.01.002/main.jpg,https://raw.githubusercontent.com/AveryArtlife/gembreak-images/main/watches-only/CR215.30.44.21.01.002.png,https://cdn.creationwatches.com/products/images/ebayimages/215.30.44.21.01.002.jpg,pass,pass,,True,1ac1bd0decc3666572fd139907a6a74e38b262a2d46f592ff34983c50ec18278,1024,1536,1.0,0.835938,0.906901,0.5,0.499674,1200,1200,1.0
181,BREI-A10320101A1A1,Breitling,SS CHRMT 36-MOP IX/LAB DIA-RLX BRC,exact-existing,,watches-only/BREI-A10320101A1A1.png,product-shots/BREI-A10320101A1A1/main.jpg,https://raw.githubusercontent.com/AveryArtlife/gembreak-images/main/watches-only/BREI-A10320101A1A1.png,,pass,pass,,True,82b2bbca385ef1c06392e4c3b1ca622183c5658cca786526cf6be541a8bc7348,2048,2048,1.0,0.547363,0.959473,0.506592,0.506592,1200,1200,1.0
182,BREI-A24315101B1X1,Breitling,SS AVG CHR GMT45-BLK-GRY SUBS-BLK MILIT-TG,exact-existing,,watches-only/BREI-A24315101B1X1.png,product-shots/BREI-A24315101B1X1/main.jpg,https://raw.githubusercontent.com/AveryArtlife/gembreak-images/main/watches-only/BREI-A24315101B1X1.png,,pass,pass,,True,6f07f98d30411e56479bcf6eb631e48a5cc1953a2bc43181fc704008769ca2d2,2048,2048,1.0,0.562988,0.887695,0.520752,0.513184,1200,1200,1.0
183,BREI-UB2030121B1S1,Breitling,S/RG SOH B20 44-BLK IX-RG/BLK CER-BLK AERO CLS-DB,exact-existing,,watches-only/BREI-UB2030121B1S1.png,product-shots/BREI-UB2030121B1S1/main.jpg,https://raw.githubusercontent.com/AveryArtlife/gembreak-images/main/watches-only/BREI-UB2030121B1S1.png,,pass,pass,,True,3728504cd7829456a9dfc17bc6fed539789b6a19cf336ae95f5cb95a82f529be,2048,2048,1.0,0.511719,0.901367,0.518555,0.512695,1200,1200,1.0
184,WWNG0A48390,Piaget,Piaget Possession 34mm Silver Diamond Dial Steel Women's Watch G0A48390,exact-existing,,watches-only/WWNG0A48390.png,product-shots/WWNG0A48390/main.jpg,https://raw.githubusercontent.com/AveryArtlife/gembreak-images/main/watches-only/WWNG0A48390.png,,pass,pass,,True,4ad0feae2f826f1561d2a28b22fdb6a14d644170c3b23316b9c27579db468f61,1024,1536,1.0,0.674805,0.907552,0.499512,0.5,1200,1200,1.0
185,WWN435.13.40.22.01.001,Omega,Omega De Ville Tresor Black Dial Leather Strap Men's Watch 435.13.40.22.01.001,exact-existing,,watches-only/WWN435.13.40.22.01.001.png,product-shots/WWN435.13.40.22.01.001/main.jpg,https://raw.githubusercontent.com/AveryArtlife/gembreak-images/main/watches-only/WWN435.13.40.22.01.001.png,,pass,pass,,True,03cd14b16371514ca8d0c66caed3cc09f40b7618b9b942408864945d07c7899c,1024,1536,1.0,0.819336,0.907552,0.499512,0.5,1200,1200,1.0
186,WWNG0A48080,Piaget,Piaget Possession 29mm Silver Dial Diamond Bezel Leather Strap Women's Watch G0A48080,exact-existing,,watches-only/WWNG0A48080.png,product-shots/WWNG0A48080/main.jpg,https://raw.githubusercontent.com/AveryArtlife/gembreak-images/main/watches-only/WWNG0A48080.png,,pass,pass,,True,6da5b8da8b2a3427f556d9f0f6d4370b1b1128ece925bd0aa1c436069a3d2ffb,1024,1536,1.0,0.732422,0.907552,0.5,0.5,1200,1200,1.0
187,BREI-UB2010121B1S1,Breitling,S/RG SOH B20 42-BLK IX-RG/BLK CER-BLK AERO RUB-DB,exact-existing,,watches-only/BREI-UB2010121B1S1.png,product-shots/BREI-UB2010121B1S1/main.jpg,https://raw.githubusercontent.com/AveryArtlife/gembreak-images/main/watches-only/BREI-UB2010121B1S1.png,,pass,pass,,True,31cb1989afd83c3ee3948602f50251680b66c975b805f32a39ea4a08cb3ed0f4,2048,2048,1.0,0.513672,0.926758,0.507812,0.505859,1200,1200,1.0
188,IWC-IW3881-03,IWC,Pilots Watches — SS PILOT CHR 41-GRN NUM-STRAP,exact-existing,,watches-only/IWC-IW3881-03.png,product-shots/IWC-IW3881-03/main.jpg,https://raw.githubusercontent.com/AveryArtlife/gembreak-images/main/watches-only/IWC-IW3881-03.png,,pass,pass,,True,7d6d8055286c35252010649f5d15bab6a6675191f41a40b236271e4c2d676a4c,2048,2048,1.0,0.500488,0.882812,0.514404,0.510742,1200,1200,1.0
189,W1246,Omega,OMEGA Speedmaster Co-Axial CHRONO 38MM Leather Men's Watch 324.32.,exact-existing,,watches-only/W1246.png,product-shots/W1246/main.jpg,https://raw.githubusercontent.com/AveryArtlife/gembreak-images/main/watches-only/W1246.png,https://raw.githubusercontent.com/AveryArtlife/gembreak-images/main/watches-only/W1246.png,pass,pass,,True,d0f57d860cfd2ac35ff1719e8bad075d5d21ac2be64d904ddab5ad6dc5255d67,509,900,1.0,0.935167,0.927778,0.499018,0.499444,1200,1200,1.0
190,WWNSBGH353G,Grand Seiko,Grand Seiko Heritage Collection Automatic Blue Dial Stainless Steel Men's Watch SBGH353G,exact-existing,,watches-only/WWNSBGH353G.png,product-shots/WWNSBGH353G/main.jpg,https://raw.githubusercontent.com/AveryArtlife/gembreak-images/main/watches-only/WWNSBGH353G.png,,pass,pass,,True,72a756b66b9fa47f5871c83cbc2601de840f9128728fcdfd6d6d276a1d8653be,1024,1536,1.0,0.84375,0.908854,0.5,0.500651,1200,1200,1.0
191,WWN103897,Bulgari,Bulgari BVLGARI BVLGARI Quartz 26mm 18kt Yellow Gold Leather Strap Women's Watch 103897,exact-existing,,watches-only/WWN103897.png,product-shots/WWN103897/main.jpg,https://raw.githubusercontent.com/AveryArtlife/gembreak-images/main/watches-only/WWN103897.png,,pass,pass,,True,34f130680ecb428421efd083380d122a0016affb28fdf6e23b8ef9f61a26f799,1024,1536,1.0,0.78125,0.911458,0.499023,0.5,1200,1200,1.0
192,W264,TAG Heuer,TAG HEUER Formula 1 Chronograph x Oracle Red Bull Racing 44MM Blue,exact-existing,,watches-only/W264.png,product-shots/W264/main.jpg,https://raw.githubusercontent.com/AveryArtlife/gembreak-images/main/watches-only/W264.png,https://raw.githubusercontent.com/AveryArtlife/gembreak-images/main/watches-only/W264.png,pass,pass,,True,72447682d7679593669ed7958da926f8a32aab112eed9f27f4adc1e444e15bb8,1024,1536,1.0,0.779297,0.874349,0.5,0.500326,1200,1200,1.0
193,W1261,Omega,OMEGA Seamaster 42MM Auto Blue Dial Men's Watch 210.32.42.20.03.00,exact-existing,,watches-only/W1261.png,product-shots/W1261/main.jpg,https://raw.githubusercontent.com/AveryArtlife/gembreak-images/main/watches-only/W1261.png,https://raw.githubusercontent.com/AveryArtlife/gembreak-images/main/watches-only/W1261.png,pass,pass,,True,f02f46aca0d669d2ccdb75d3415114244fcb067528dc21c5319e9c1e988922c5,536,900,1.0,0.990672,0.984444,0.504664,0.5,1200,1200,1.0
194,CART-W4CL0006,Cartier,Cle De Cartier — SS CLE DE CARTIER35-SLVrom-DIAM BEZ-STRAP,exact-existing,,watches-only/CART-W4CL0006.png,product-shots/CART-W4CL0006/main.jpg,https://raw.githubusercontent.com/AveryArtlife/gembreak-images/main/watches-only/CART-W4CL0006.png,,pass,pass,,True,b4445a985e53669f2de6348aceca3d1f82b4711de571bc2b3208a3e67dbd82ce,2048,2048,1.0,0.509277,0.956543,0.508057,0.501709,1200,1200,1.0
195,CART-W5310006,Cartier,Tank — SRG TANK ANG 47X36-SVL ROM-BRC,exact-existing,,watches-only/CART-W5310006.png,product-shots/CART-W5310006/main.jpg,https://raw.githubusercontent.com/AveryArtlife/gembreak-images/main/watches-only/CART-W5310006.png,,pass,pass,,True,9e4a0e34c1306ba556055484df98eed0304eb029b24db80560ac4630ec778758,2048,2048,1.0,0.424805,0.95166,0.489258,0.506104,1200,1200,1.0
196,BREI-A24315101C1X1,Breitling,SS AVG CHR GMT45-BLUE-BLK SUB-BLUE MIL-TG,exact-existing,,watches-only/BREI-A24315101C1X1.png,product-shots/BREI-A24315101C1X1/main.jpg,https://raw.githubusercontent.com/AveryArtlife/gembreak-images/main/watches-only/BREI-A24315101C1X1.png,,pass,pass,,True,789341e7a6258d8d7af1bbb857a5a646d7f8673e7e154e0f0bcd2000bce30e19,2048,2048,1.0,0.583984,0.953613,0.496094,0.50415,1200,1200,1.0
197,BREI-E10379D31L1S1,Breitling,TI SO SPR DIVER46-GRN/BLK-GRN CER-GRN DPIV-DB,exact-existing,,watches-only/BREI-E10379D31L1S1.png,product-shots/BREI-E10379D31L1S1/main.jpg,https://raw.githubusercontent.com/AveryArtlife/gembreak-images/main/watches-only/BREI-E10379D31L1S1.png,,pass,pass,,True,98bbb36acfbef3ae322deda444663a6351a2c64eff780fb7dad0b585eb269dd8,2048,2048,1.0,0.522949,0.890625,0.500244,0.505371,1200,1200,1.0
198,BREI-AB0146101L1X1,Breitling,SS AVG B01 CHR42-GRN-BLK SUB-GRN MIL-DB,exact-existing,,watches-only/BREI-AB0146101L1X1.png,product-shots/BREI-AB0146101L1X1/main.jpg,https://raw.githubusercontent.com/AveryArtlife/gembreak-images/main/watches-only/BREI-AB0146101L1X1.png,,pass,pass,,True,9bb890181c836191a290b8945021b2b8e2da1d9d860a73487d53b5b3df6482fc,2048,2048,1.0,0.524902,0.891602,0.511475,0.507324,1200,1200,1.0
199,BREI-A13313121B1S1,Breitling,SS SOHII CHR44-BLK-BLK CER-BLK AC-DB,exact-existing,,watches-only/BREI-A13313121B1S1.png,product-shots/BREI-A13313121B1S1/main.jpg,https://raw.githubusercontent.com/AveryArtlife/gembreak-images/main/watches-only/BREI-A13313121B1S1.png,,pass,pass,,True,d51dba5928319fa91b33616792f4c6565b12be92cb2f289c52559c6d988f2d3d,2048,2048,1.0,0.51416,0.882812,0.512939,0.510254,1200,1200,1.0
200,IWC-IW4590-01,IWC,Portofino — SS PORTOF MOON37-MOP DIAIX-DIA BEZ-STRAP,exact-existing,,watches-only/IWC-IW4590-01.png,product-shots/IWC-IW4590-01/main.jpg,https://raw.githubusercontent.com/AveryArtlife/gembreak-images/main/watches-only/IWC-IW4590-01.png,,pass,pass,,True,2ab9eacb213d309b0e0b71bebad4a7cca2cf9c462c839c93f6dca05449a1313c,2048,2048,1.0,0.512695,0.932617,0.509766,0.507812,1200,1200,1.0
201,WL17,Chopard,CHOPARD Happy Sport 30MM 7 Floating Diamonds Women's Watch 278496-,exact-existing,,watches-only/WL17.png,product-shots/WL17/main.jpg,https://raw.githubusercontent.com/AveryArtlife/gembreak-images/main/watches-only/WL17.png,https://raw.githubusercontent.com/AveryArtlife/gembreak-images/main/watches-only/WL17.png,pass,pass,,True,169fb23cacef4703621e0e0f50aff0f1d2bcfb37ab741615824bb50b2980cbf4,1024,1536,1.0,0.637695,0.961589,0.501465,0.49707,1200,1200,1.0
202,BREI-AB3112361L1S1,Breitling,SS SOH B31 44-GRN IX-GRN CER-GRN AERO-DB,exact-existing,,watches-only/BREI-AB3112361L1S1.png,product-shots/BREI-AB3112361L1S1/main.jpg,https://raw.githubusercontent.com/AveryArtlife/gembreak-images/main/watches-only/BREI-AB3112361L1S1.png,,pass,pass,,True,fcdc1126f3deeb110b1b89483f71d721c174fcc2f52719d3da82932871308b69,2048,2048,1.0,0.504883,0.922852,0.508301,0.508789,1200,1200,1.0
203,W1260,Omega,OMEGA Seamaster 42MM Gray Dial Rubber Men's Watch 210.32.42.20.06.,exact-existing,,watches-only/W1260.png,product-shots/W1260/main.jpg,https://raw.githubusercontent.com/AveryArtlife/gembreak-images/main/watches-only/W1260.png,https://raw.githubusercontent.com/AveryArtlife/gembreak-images/main/watches-only/W1260.png,pass,pass,,True,ca60bb4a7305e19da37206d748a4791c9b46a324514efe4bb51e114c7fb865df,1024,1536,1.0,0.857422,0.936849,0.521484,0.499674,1200,1200,1.0
204,BREI-A13317101C1X1,Breitling,SS AVG CHR45-BLUE-BLUE MIL-TG,exact-existing,,watches-only/BREI-A13317101C1X1.png,product-shots/BREI-A13317101C1X1/main.jpg,https://raw.githubusercontent.com/AveryArtlife/gembreak-images/main/watches-only/BREI-A13317101C1X1.png,,pass,pass,,True,e8e83afdf3f6db4d63796793fe458bd99770385c010764a085ce19ee57e8940f,2048,2048,1.0,0.554199,0.897949,0.520264,0.508057,1200,1200,1.0
205,BREI-A17395211A1P5,Breitling,SS NAVI AUTO35-MOP DIAM-RED ALG-TG,exact-existing,,watches-only/BREI-A17395211A1P5.png,product-shots/BREI-A17395211A1P5/main.jpg,https://raw.githubusercontent.com/AveryArtlife/gembreak-images/main/watches-only/BREI-A17395211A1P5.png,,pass,pass,,True,dedf556a682cd13a66329f2804d31b41144b0f2b0a2c520d4105009aa7d1fae7,2048,2048,1.0,0.603516,0.983398,0.503906,0.502441,1200,1200,1.0
206,BREI-A37330121A1A1,Breitling,SS GALACTIC36-MOP DIAM-PILOT BRC,exact-existing,,watches-only/BREI-A37330121A1A1.png,product-shots/BREI-A37330121A1A1/main.jpg,https://raw.githubusercontent.com/AveryArtlife/gembreak-images/main/watches-only/BREI-A37330121A1A1.png,,pass,pass,,True,a79ed89bc90e76e4261b78b7d8395ed6e79861489f47a6ba19c5fb7d2fa76ec3,2048,2048,1.0,0.478516,0.918945,0.51123,0.506836,1200,1200,1.0
207,BREI-A13313161C1S1,Breitling,SS SOH CHR 44-BLUE IX-SS/BLUE CER-BLUE AERO-DB,exact-existing,,watches-only/BREI-A13313161C1S1.png,product-shots/BREI-A13313161C1S1/main.jpg,https://raw.githubusercontent.com/AveryArtlife/gembreak-images/main/watches-only/BREI-A13313161C1S1.png,,pass,pass,,True,d08d094825da1bbe954545ab10db0480a7e81ee1db7a66850346a006415d8bbf,2048,2048,1.0,0.527832,0.896484,0.517822,0.510742,1200,1200,1.0
208,BREI-AB2030121B1A1,Breitling,SS SOH B20 44-BLK IX-BLK CER-OC BRC,exact-existing,,watches-only/BREI-AB2030121B1A1.png,product-shots/BREI-AB2030121B1A1/main.jpg,https://raw.githubusercontent.com/AveryArtlife/gembreak-images/main/watches-only/BREI-AB2030121B1A1.png,,pass,pass,,True,72f68325d8402373b5ca683637fabfa4974d939b5c82cc1d750e527fb7a1c548,2048,2048,1.0,0.526855,0.922852,0.518311,0.507324,1200,1200,1.0
209,BREI-AB2030161C1A1,Breitling,SS SOH B20 44-BLUE IX-BLUE CER-OC BRC,exact-existing,,watches-only/BREI-AB2030161C1A1.png,product-shots/BREI-AB2030161C1A1/main.jpg,https://raw.githubusercontent.com/AveryArtlife/gembreak-images/main/watches-only/BREI-AB2030161C1A1.png,,pass,pass,,True,3b1c0c9e63a1161ad1a4506bbcc8ee7a796044e751ae9fba5e084b050d51c602,2048,2048,1.0,0.53418,0.89502,0.505859,0.51001,1200,1200,1.0
210,BREI-AB2010121B1A1,Breitling,SS SOH B20 42-BLK IX-BLK CER-OC BRC,exact-existing,,watches-only/BREI-AB2010121B1A1.png,product-shots/BREI-AB2010121B1A1/main.jpg,https://raw.githubusercontent.com/AveryArtlife/gembreak-images/main/watches-only/BREI-AB2010121B1A1.png,,pass,pass,,True,27df356638cd593ce7e8418332380ef3ada146413cb21c408053488e7b884052,2048,2048,1.0,0.505859,0.86084,0.514648,0.508545,1200,1200,1.0
211,WWN585.NX.1170.NX,Hublot,Hublot Classic Fusion Automatic 33mm Black Dial Titanium Women's Watch 585.NX.1170.NX,exact-existing,,watches-only/WWN585.NX.1170.NX.png,product-shots/WWN585.NX.1170.NX/main.jpg,https://raw.githubusercontent.com/AveryArtlife/gembreak-images/main/watches-only/WWN585.NX.1170.NX.png,,pass,pass,,True,b1120cb09b1458c47a92303c992fda658fb8c12a8fbe0247ebaa18c25eba484c,1024,1536,1.0,0.714844,0.907552,0.5,0.5,1200,1200,1.0
212,WWN388563-3005,Chopard,Chopard Imperiale Automatic 29mm Silver Dial Leather Strap Women's Watch 388563-3005,exact-existing,,watches-only/WWN388563-3005.png,product-shots/WWN388563-3005/main.jpg,https://raw.githubusercontent.com/AveryArtlife/gembreak-images/main/watches-only/WWN388563-3005.png,,pass,pass,,True,4ba6334792575219239193237f882a88625849986c7039b7ea218436cd602116,1024,1536,1.0,0.779297,0.911458,0.5,0.5,1200,1200,1.0
213,BREI-A13313161C1A1,Breitling,SS SOH CHR 44-BLUE IX-SS/BLUE CER-OC BRC,exact-existing,,watches-only/BREI-A13313161C1A1.png,product-shots/BREI-A13313161C1A1/main.jpg,https://raw.githubusercontent.com/AveryArtlife/gembreak-images/main/watches-only/BREI-A13313161C1A1.png,,pass,pass,,True,3c072b2ca83e25ff96531678ee6db1b4d37008bb3dbd8dcec28386bba2cf77c9,2048,2048,1.0,0.52002,0.899414,0.510986,0.504883,1200,1200,1.0
214,CART-WSBB0021,Cartier,Ballon Bleu — SS B.BLEU MOON 37-SLV ROM-BRC,exact-existing,,watches-only/CART-WSBB0021.png,product-shots/CART-WSBB0021/main.jpg,https://raw.githubusercontent.com/AveryArtlife/gembreak-images/main/watches-only/CART-WSBB0021.png,,pass,pass,,True,2746caebe3adf72e3ef5f1b170448c30806c69fe0167c4296a4ec5c19c24c008,2048,2048,1.0,0.48291,0.964355,0.497314,0.497314,1200,1200,1.0
215,WWN278582-3001S,Chopard,Chopard Happy Sport Medium 36mm Floating Diamond Dial Black Satin Strap Women's Watch 278582-3001S,exact-existing,,watches-only/WWN278582-3001S.png,product-shots/WWN278582-3001S/main.jpg,https://raw.githubusercontent.com/AveryArtlife/gembreak-images/main/watches-only/WWN278582-3001S.png,,pass,pass,,True,2e77c904d07e1a831aa6a1331bf603d8b6312459a215691553c42ecb0447258e,1024,1536,1.0,0.847656,0.907552,0.5,0.5,1200,1200,1.0
216,WWNCBL2111.FC6453,Tag Heuer,Tag Heuer Monaco Chronograph Automatic Blue Dial Leather Strap Men's Watch CBL2111.FC6453,exact-existing,,watches-only/WWNCBL2111.FC6453.png,product-shots/WWNCBL2111.FC6453/main.jpg,https://raw.githubusercontent.com/AveryArtlife/gembreak-images/main/watches-only/WWNCBL2111.FC6453.png,,pass,pass,,True,76189102554388aac23390cebda17c159b180a2a233a89fd5d57f1d15f67f8d3,1024,1536,1.0,0.75293,0.906901,0.499512,0.500326,1200,1200,1.0
217,BREI-A17378211B1A1,Breitling,SS SO AUTO46-BLK-BLK CER-PROFIII BRC,exact-existing,,watches-only/BREI-A17378211B1A1.png,product-shots/BREI-A17378211B1A1/main.jpg,https://raw.githubusercontent.com/AveryArtlife/gembreak-images/main/watches-only/BREI-A17378211B1A1.png,,pass,pass,,True,9e8f3feefcd4c77485573caafc5e06232e476360f25a0192ddc271a6c74ff0cd,2048,2048,1.0,0.530273,0.875488,0.500977,0.509521,1200,1200,1.0
218,WWNCBN2A1F.BA0643,Tag Heuer,Tag Heuer Carrera Chronograph Porsche Special Edition Automatic Grey Dial Steel Men's Watch CBN2A1F.BA0643,exact-existing,,watches-only/WWNCBN2A1F.BA0643.png,product-shots/WWNCBN2A1F.BA0643/main.jpg,https://raw.githubusercontent.com/AveryArtlife/gembreak-images/main/watches-only/WWNCBN2A1F.BA0643.png,,pass,pass,,True,8809360f69db2242cda7e17ce1210cb90291996a73e22d55004ad7d3fd2052e7,1024,1536,1.0,0.774414,0.909505,0.499512,0.500977,1200,1200,1.0
219,BREI-AB2020121B1S1,Breitling,SS SOH B20 46-BLK IX-BLK CER-BLK AERO CLS-DB,exact-existing,,watches-only/BREI-AB2020121B1S1.png,product-shots/BREI-AB2020121B1S1/main.jpg,https://raw.githubusercontent.com/AveryArtlife/gembreak-images/main/watches-only/BREI-AB2020121B1S1.png,,pass,pass,,True,6e57000aa2aebaf01e59ecceab62ff4136d3da5d119a87160242157b4c5b888e,2048,2048,1.0,0.527832,0.894043,0.515869,0.510986,1200,1200,1.0
220,BREI-A17376211B1A1,Breitling,SS SO AUTO44-BLK-BLK CER-PRFIII BRC,exact-existing,,watches-only/BREI-A17376211B1A1.png,product-shots/BREI-A17376211B1A1/main.jpg,https://raw.githubusercontent.com/AveryArtlife/gembreak-images/main/watches-only/BREI-A17376211B1A1.png,,pass,pass,,True,4e54ccae938d33fcda8ce7eb218305886b52482ce30ec00b25f7aed9dc4edec0,2048,2048,1.0,0.570312,0.932617,0.507812,0.508789,1200,1200,1.0
221,BREI-AB2020121L1S1,Breitling,SS SOH B20 46-GRN IX-BLK CER-BLK AERO RUB-DB,exact-existing,,watches-only/BREI-AB2020121L1S1.png,product-shots/BREI-AB2020121L1S1/main.jpg,https://raw.githubusercontent.com/AveryArtlife/gembreak-images/main/watches-only/BREI-AB2020121L1S1.png,,pass,pass,,True,c115bc51e8b001a99658eb5c810ecff4ce616026a1b76db50c54116df0bf2c3d,2048,2048,1.0,0.529297,0.896973,0.513184,0.510498,1200,1200,1.0
222,BREI-AB2030121B1S1,Breitling,SS SOH B20 44-BLK IX-BLK CER-BLK AERO-DB,exact-existing,,watches-only/BREI-AB2030121B1S1.png,product-shots/BREI-AB2030121B1S1/main.jpg,https://raw.githubusercontent.com/AveryArtlife/gembreak-images/main/watches-only/BREI-AB2030121B1S1.png,,pass,pass,,True,dea0c621c6df94b91c4345879469d95751b8a39b4aefaf8e63ce76d30f41431b,2048,2048,1.0,0.572266,0.91748,0.515625,0.510986,1200,1200,1.0
223,IWC-IW3768-05,IWC,Aquatimer — SS AQ CHR COUSTEAU 44-BLUE-STRAP,exact-existing,,watches-only/IWC-IW3768-05.png,product-shots/IWC-IW3768-05/main.jpg,https://raw.githubusercontent.com/AveryArtlife/gembreak-images/main/watches-only/IWC-IW3768-05.png,,pass,pass,,True,146b20d337cb69b5d702853916f992e676fc0d03fb7e2310c3331d0826880deb,2048,2048,1.0,0.58252,0.953125,0.498291,0.506836,1200,1200,1.0
224,WL16,Tudor,TUDOR Black Bay CHRONO AUTO 41MM Fabric Strap Men's Watch M79360N-,exact-existing,,watches-only/WL16.png,product-shots/WL16/main.jpg,https://raw.githubusercontent.com/AveryArtlife/gembreak-images/main/watches-only/WL16.png,https://raw.githubusercontent.com/AveryArtlife/gembreak-images/main/watches-only/WL16.png,pass,pass,,True,7b50034fdb12c7d27b29fa61f8d9a6596b482defd19f194dd01600b82ef6b33d,700,1000,1.0,0.822857,0.995,0.5,0.4995,1200,1200,1.0
225,BREI-A17395361L1P2,Breitling,SS NAVI AUTO35-MINT GRN-GRN ALG-DP,exact-existing,,watches-only/BREI-A17395361L1P2.png,product-shots/BREI-A17395361L1P2/main.jpg,https://raw.githubusercontent.com/AveryArtlife/gembreak-images/main/watches-only/BREI-A17395361L1P2.png,,pass,pass,,True,8d03b79f7d461d8662334206ca7f514e27c3460af36524af9060f0253649f997,2048,2048,1.0,0.519531,0.906738,0.509277,0.512451,1200,1200,1.0
226,WWN310.32.42.50.01.001,Omega,Omega Speedmaster Professional Moonwatch Black Dial Nylon Strap Men's Watch 310.32.42.50.01.001,exact-existing,,watches-only/WWN310.32.42.50.01.001.png,product-shots/WWN310.32.42.50.01.001/main.jpg,https://raw.githubusercontent.com/AveryArtlife/gembreak-images/main/watches-only/WWN310.32.42.50.01.001.png,,pass,pass,,True,49d1666d4ae5100ae84d0aeb66bb279cf2947579cb60e61cc153e5274cb4fb83,1024,1536,1.0,0.78125,0.876302,0.5,0.5,1200,1200,1.0
227,BREI-A32320101B1A1,Breitling,SS AVG GMT44-BLK-PRFIII BRC,exact-existing,,watches-only/BREI-A32320101B1A1.png,product-shots/BREI-A32320101B1A1/main.jpg,https://raw.githubusercontent.com/AveryArtlife/gembreak-images/main/watches-only/BREI-A32320101B1A1.png,,pass,pass,,True,bd379e19b66ba9c3f04d24eab461d32863ac9d171af1171407b20def18332462,2048,2048,1.0,0.518066,0.89209,0.516357,0.512939,1200,1200,1.0
228,WWN215.33.44.21.01.001,Omega,Omega Seamaster Planet Ocean 600M 43.5mm Black Dial Leather Strap Men's Watch 215.33.44.21.01.001,exact-existing,,watches-only/WWN215.33.44.21.01.001.png,product-shots/WWN215.33.44.21.01.001/main.jpg,https://raw.githubusercontent.com/AveryArtlife/gembreak-images/main/watches-only/WWN215.33.44.21.01.001.png,,pass,pass,,True,2cfdd0d8f630089cb2acacd592849fa803a55c3016be1386390c5b04c0df0b21,1024,1536,1.0,0.875,0.892578,0.5,0.499674,1200,1200,1.0
229,WWNCBS2212.BA0048,Tag Heuer,Tag Heuer Carrera Chronograph Blue Dial Stainless Steel Men's Watch CBS2212.BA0048,exact-existing,,watches-only/WWNCBS2212.BA0048.png,product-shots/WWNCBS2212.BA0048/main.jpg,https://raw.githubusercontent.com/AveryArtlife/gembreak-images/main/watches-only/WWNCBS2212.BA0048.png,,pass,pass,,True,4ce00dc9c36c2a7ec1884558b03d8346c343a8b1602543c4a1fc44f548387815,1024,1536,1.0,0.753906,0.906901,0.499023,0.500326,1200,1200,1.0
230,BREI-AB2030161C1S1,Breitling,SS SOH B20 44-BLUE IX-BLUE CER-BLUE AERO-DB,exact-existing,,watches-only/BREI-AB2030161C1S1.png,product-shots/BREI-AB2030161C1S1/main.jpg,https://raw.githubusercontent.com/AveryArtlife/gembreak-images/main/watches-only/BREI-AB2030161C1S1.png,,pass,pass,,True,4fb14674e9bc125422ea49799582db51e812b224e7ae4a59f99fdc225909b469,2048,2048,1.0,0.591797,0.958984,0.51123,0.50293,1200,1200,1.0
231,CART-W6920034,Cartier,Ballon Bleu — SRG B.BLEU28-PINK MOP ROM-BRC,exact-existing,,watches-only/CART-W6920034.png,product-shots/CART-W6920034/main.jpg,https://raw.githubusercontent.com/AveryArtlife/gembreak-images/main/watches-only/CART-W6920034.png,,pass,pass,,True,73ebfbf353e26034c832a723d430fd44ac6ee9ac594c2df061fb54e24411cd79,2048,2048,1.0,0.450195,0.95752,0.493164,0.498291,1200,1200,1.0
232,BREI-V17319101B1X1,Breitling,BLKti AVG SEA NM45-BLK NUM-BLK MILIT-TG,exact-existing,,watches-only/BREI-V17319101B1X1.png,product-shots/BREI-V17319101B1X1/main.jpg,https://raw.githubusercontent.com/AveryArtlife/gembreak-images/main/watches-only/BREI-V17319101B1X1.png,,pass,pass,,True,bc72fb4e6814756ac7fb2fb43b7cbebd0751dbd4e3395b608c2a92cfeda5ff67,2048,2048,1.0,0.538086,0.882812,0.51709,0.515625,1200,1200,1.0
233,BREI-A17377211A1A1,Breitling,SS SO AUTO36-WHT-WHT CER-PROFIII BRC,exact-existing,,watches-only/BREI-A17377211A1A1.png,product-shots/BREI-A17377211A1A1/main.jpg,https://raw.githubusercontent.com/AveryArtlife/gembreak-images/main/watches-only/BREI-A17377211A1A1.png,,pass,pass,,True,d057d88dd5dc4179010a33bf028b6f0d0cbbced49203032a6af7c91c55bdfb2c,2048,2048,1.0,0.47168,0.883789,0.506348,0.508301,1200,1200,1.0
234,WWN102703,Bulgari,Bulgari Octo Roma Automatic Silver Dial 18k Rose Gold Leather Strap Men's Watch 102703,exact-existing,,watches-only/WWN102703.png,product-shots/WWN102703/main.jpg,https://raw.githubusercontent.com/AveryArtlife/gembreak-images/main/watches-only/WWN102703.png,,pass,pass,,True,466c9cab8145cd4e24db92f9d53ff0d5ca6d6ea74c1320fadc334aa3950e83ea,1024,1536,1.0,0.773438,0.908854,0.5,0.5,1200,1200,1.0
235,BREI-A17378211B1S1,Breitling,SS SO AUTO46-BLK-BLK CER-BLK DPIV-DB,exact-existing,,watches-only/BREI-A17378211B1S1.png,product-shots/BREI-A17378211B1S1/main.jpg,https://raw.githubusercontent.com/AveryArtlife/gembreak-images/main/watches-only/BREI-A17378211B1S1.png,,pass,pass,,True,0ed5eb28f3219f81f2f14825b8904d6f83c828a5fbc2c6dd8ad4d29f88a30665,2048,2048,1.0,0.524902,0.879395,0.500244,0.504639,1200,1200,1.0
236,BREI-A17395361L1P1,Breitling,SS NAVI AUTO35-MINT GRN-GRN ALG-TG,exact-existing,,watches-only/BREI-A17395361L1P1.png,product-shots/BREI-A17395361L1P1/main.jpg,https://raw.githubusercontent.com/AveryArtlife/gembreak-images/main/watches-only/BREI-A17395361L1P1.png,,pass,pass,,True,1ba81df7d148f9ff000bd40be8401c0bcd40635eea7195d4507530e69c2d90d3,2048,2048,1.0,0.507812,0.912598,0.510742,0.511475,1200,1200,1.0
237,BREI-A32395101C1X2,Breitling,SS AVG GMT45-BLUE-BLUE MILIT-DB,exact-existing,,watches-only/BREI-A32395101C1X2.png,product-shots/BREI-A32395101C1X2/main.jpg,https://raw.githubusercontent.com/AveryArtlife/gembreak-images/main/watches-only/BREI-A32395101C1X2.png,,pass,pass,,True,97eb5ea753d074ef78ad65f01fb400c994c0d50622368e4967b9b2b9c5108764,2048,2048,1.0,0.540039,0.893555,0.520508,0.51123,1200,1200,1.0
238,BREI-AB0147101L1X1,Breitling,SS AVG B01 CHR 44-GRN IX-BLK SUBS-GRN MIL-DB,exact-existing,,watches-only/BREI-AB0147101L1X1.png,product-shots/BREI-AB0147101L1X1/main.jpg,https://raw.githubusercontent.com/AveryArtlife/gembreak-images/main/watches-only/BREI-AB0147101L1X1.png,,pass,pass,,True,db91bea6b5887c5eee9b5be948e016318c9d16a6a3a96ac5111997079845fcb8,2048,2048,1.0,0.55957,0.90625,0.510254,0.503906,1200,1200,1.0
239,CR210.32.42.20.10.001,Omega,Omega Seamaster Rubber Strap Green Dial Automatic Diver's 210.32.42.20.10.001 300M Men's Watch,exact-existing,,watches-only/CR210.32.42.20.10.001.png,product-shots/CR210.32.42.20.10.001/main.jpg,https://raw.githubusercontent.com/AveryArtlife/gembreak-images/main/watches-only/CR210.32.42.20.10.001.png,https://cdn.creationwatches.com/products/images/ebayimages/210.32.42.20.10.001.jpg,pass,pass,,True,a28217ecf736af9a8a9b55524bab649b7893a62b20520dd1ad25439fdb5021bf,1024,1536,1.0,0.868164,0.909505,0.499512,0.500977,1200,1200,1.0
240,CR210.32.42.20.03.001,Omega,Omega Seamaster Rubber Strap Blue Dial Automatic Diver's 210.32.42.20.03.001 300M Men's Watch,exact-existing,,watches-only/CR210.32.42.20.03.001.png,product-shots/CR210.32.42.20.03.001/main.jpg,https://raw.githubusercontent.com/AveryArtlife/gembreak-images/main/watches-only/CR210.32.42.20.03.001.png,https://cdn.creationwatches.com/products/images/ebayimages/210.32.42.20.03.001.jpg,pass,pass,,True,2584cc614684b6ccfd8a02c5540aaa127e798dc30fd26185d3e72f0a282a63b3,1024,1536,1.0,0.875977,0.882161,0.500488,0.499674,1200,1200,1.0
241,WWNM79360N-0013,Tudor,Tudor Black Bay Chrono Chronograph Black Dial Stainless Steel Men's Watch M79360N-0013,exact-existing,,watches-only/WWNM79360N-0013.png,product-shots/WWNM79360N-0013/main.jpg,https://raw.githubusercontent.com/AveryArtlife/gembreak-images/main/watches-only/WWNM79360N-0013.png,,pass,pass,,True,36945f00d0f8980ebaf5ab910732b432faaac371d2aa984d05ce4d979fbb6b9e,1024,1536,1.0,0.755859,0.907552,0.5,0.5,1200,1200,1.0
242,WWNCBS2216.BA0048,Tag Heuer,Tag Heuer Carrera Chronograph Silver Dial Stainless Steel Men's Watch CBS2216.BA0048,exact-existing,,watches-only/WWNCBS2216.BA0048.png,product-shots/WWNCBS2216.BA0048/main.jpg,https://raw.githubusercontent.com/AveryArtlife/gembreak-images/main/watches-only/WWNCBS2216.BA0048.png,,pass,pass,,True,762364b2e33123c488ed515866df72cd835a70004123453796b3fc6c51fd5c56,1024,1536,1.0,0.748047,0.907552,0.5,0.5,1200,1200,1.0
243,CRA32320101C1A1,Breitling,Breitling Avenger GMT Stainless Steel Blue Dial Automatic Diver's A32320101C1A1 300M Men's Watch,exact-existing,,watches-only/CRA32320101C1A1.png,product-shots/CRA32320101C1A1/main.jpg,https://raw.githubusercontent.com/AveryArtlife/gembreak-images/main/watches-only/CRA32320101C1A1.png,https://cdn.creationwatches.com/products/images/ebayimages/A32320101C1A1.jpg,pass,pass,,True,0d6891aa24c6f1fe58f8db84c9310fb41f9a5f34ae36592f598ac762b23cced6,1024,1536,1.0,0.830078,0.907552,0.5,0.5,1200,1200,1.0
244,IWC-IW3910-10,IWC,Portofino — SS PORTOF CHR 42-BLK IXROM-BRC,exact-existing,,watches-only/IWC-IW3910-10.png,product-shots/IWC-IW3910-10/main.jpg,https://raw.githubusercontent.com/AveryArtlife/gembreak-images/main/watches-only/IWC-IW3910-10.png,,pass,pass,,True,61b748b2cdd7eb78bb1275c011e411d7e5245db8c7a04c7ae656c985aeb8389e,2048,2048,1.0,0.532715,0.896973,0.516357,0.50708,1200,1200,1.0
245,WWNR77320E61A1P1,Breitling,Breitling Navitimer 32 18kt Rose Gold Pearl Diamond Dial Leather Strap Women's Watch R77320E61A1P1,exact-existing,,watches-only/WWNR77320E61A1P1.png,product-shots/WWNR77320E61A1P1/main.jpg,https://raw.githubusercontent.com/AveryArtlife/gembreak-images/main/watches-only/WWNR77320E61A1P1.png,,pass,pass,,True,ca35ffe714c489a58c3e94cbacde059b6122826b8b1255fe81a6664025e68f11,1024,1536,1.0,0.811523,0.907552,0.499512,0.5,1200,1200,1.0
246,W1130,Breitling,BREITLING Superocean Heritage B20 Automatic 42MM Black Rubber Men',exact-existing,,watches-only/W1130.png,product-shots/W1130/main.jpg,https://raw.githubusercontent.com/AveryArtlife/gembreak-images/main/watches-only/W1130.png,https://raw.githubusercontent.com/AveryArtlife/gembreak-images/main/watches-only/W1130.png,pass,pass,,True,e06c0b4381ecb367885fecdb3c50790b7f50cc08ae92165fcb584ad037f0d270,558,900,1.0,0.987455,1.0,0.500896,0.5,1200,1200,1.0
247,WWNAB0134101L2A1,Breitling,Breitling Chronomat B01 42 Chronograph Automatic Green Dial Steel Men's Watch AB0134101L2A1,exact-existing,,watches-only/WWNAB0134101L2A1.png,product-shots/WWNAB0134101L2A1/main.jpg,https://raw.githubusercontent.com/AveryArtlife/gembreak-images/main/watches-only/WWNAB0134101L2A1.png,,pass,pass,,True,dc637297fd9e545e68f0b064f0dc392cd52c64c92e7cfa6a6e72df7491578302,1024,1536,1.0,0.860352,0.909505,0.500488,0.500977,1200,1200,1.0
248,WWNA77310591A1A1,Breitling,Breitling Chronomat Quartz 32 Diamond Dial & Bezel Steel Women's Watch A77310591A1A1,exact-existing,,watches-only/WWNA77310591A1A1.png,product-shots/WWNA77310591A1A1/main.jpg,https://raw.githubusercontent.com/AveryArtlife/gembreak-images/main/watches-only/WWNA77310591A1A1.png,,pass,pass,,True,ca22124c6fc34cedb0cb3a6933bb78f85508d30132aeb0787105615a948d73ef,1024,1536,1.0,0.637695,0.908203,0.499512,0.499674,1200,1200,1.0
249,WWNM79360N-0012,Tudor,Tudor Black Bay Chrono White Dial Stainless Steel Men's Watch M79360N-0012,exact-existing,,watches-only/WWNM79360N-0012.png,product-shots/WWNM79360N-0012/main.jpg,https://raw.githubusercontent.com/AveryArtlife/gembreak-images/main/watches-only/WWNM79360N-0012.png,,pass,pass,,True,6ddf910df1c9b19a4dc2b30f5b2eb494e3eda5cfd34f45bd4f48e729e74dd8d3,1024,1536,1.0,0.824219,0.908203,0.499023,0.500326,1200,1200,1.0
250,IWC-IW3231-01,IWC,Aquatimer — SS VINT AQ 44-BLK IX-STRAP,exact-existing,,watches-only/IWC-IW3231-01.png,product-shots/IWC-IW3231-01/main.jpg,https://raw.githubusercontent.com/AveryArtlife/gembreak-images/main/watches-only/IWC-IW3231-01.png,,pass,pass,,True,497f5b1324c8e15eb4e695c1b657ca31928b8e549130a518c2ddcc039ee33c5d,2048,2048,1.0,0.547363,0.928223,0.498291,0.505615,1200,1200,1.0
251,W153,Breitling,BREITLING Chronomat SS 32MM Diamond MOP Dial Women's Watch A773101,exact-existing,,watches-only/W153.png,product-shots/W153/main.jpg,https://raw.githubusercontent.com/AveryArtlife/gembreak-images/main/watches-only/W153.png,https://raw.githubusercontent.com/AveryArtlife/gembreak-images/main/watches-only/W153.png,pass,pass,,True,951ca92d44a5187f9c613dca75b190574bd2cf2a91e64eee21dec86e1b59d4aa,1024,1536,1.0,0.703125,0.89388,0.523438,0.495117,1200,1200,1.0
252,W262,TAG Heuer,TAG HEUER Formula 1 Chronograph 44MM Black/Pink Dial Titanium Rubb,exact-existing,,watches-only/W262.png,product-shots/W262/main.jpg,https://raw.githubusercontent.com/AveryArtlife/gembreak-images/main/watches-only/W262.png,https://raw.githubusercontent.com/AveryArtlife/gembreak-images/main/watches-only/W262.png,pass,pass,,True,d0dba116cc0413666a43c15d647cc1494e2e429e3c41de86fb1b89d5fbd3b43a,1024,1536,1.0,0.779297,0.855469,0.5,0.5,1200,1200,1.0
253,W1368,Longines,LONGINES Pilot Majetek Pioneer Edition Automatic 43MM Titanium Men,exact-existing,,watches-only/W1368.png,product-shots/W1368/main.jpg,https://raw.githubusercontent.com/AveryArtlife/gembreak-images/main/watches-only/W1368.png,https://raw.githubusercontent.com/AveryArtlife/gembreak-images/main/watches-only/W1368.png,pass,pass,,True,d7efb9aeff7eeeff3ade254fe8eebfd5e7a0bb5c20fcc78e547beb1e070693e4,1024,1536,1.0,0.78125,0.871745,0.5,0.499674,1200,1200,1.0
254,WWNG0A47090,Piaget,Piaget Possession Diamond Dial Blue Leather Strap Women's Watch G0A47090,exact-existing,,watches-only/WWNG0A47090.png,product-shots/WWNG0A47090/main.jpg,https://raw.githubusercontent.com/AveryArtlife/gembreak-images/main/watches-only/WWNG0A47090.png,,pass,pass,,True,fb5d7bc54d73d11ecf8dc9c4b1760ed6b1c7807473cf10e7be65d642afea1951,1024,1536,1.0,0.754883,0.907552,0.500488,0.5,1200,1200,1.0
255,WW352,Breitling,Breitling Avenger Automatic 42MM Anthracite Leather Men's Watch,exact-existing,,watches-only/WW352.png,product-shots/WW352/main.jpg,https://raw.githubusercontent.com/AveryArtlife/gembreak-images/main/watches-only/WW352.png,https://raw.githubusercontent.com/AveryArtlife/gembreak-images/main/watches-only/WW352.png,pass,pass,,True,39bcccf86798ba665091d9c629bbd522faebc8b992a30de6e27e97def6c33157,1024,1536,1.0,0.779297,0.854818,0.5,0.500326,1200,1200,1.0
256,W1214,Breitling,BREITLING Navitimer AUTO 41MM Blue Dial Leather Men's Watch A17329,exact-existing,,watches-only/W1214.png,product-shots/W1214/main.jpg,https://raw.githubusercontent.com/AveryArtlife/gembreak-images/main/watches-only/W1214.png,https://raw.githubusercontent.com/AveryArtlife/gembreak-images/main/watches-only/W1214.png,pass,pass,,True,7de4acd9054c2935bbf41c2ad104427bc929dc53c84dd0b46df2da16ccf23d21,1024,1536,1.0,0.774414,0.943359,0.516113,0.499674,1200,1200,1.0
257,WWN278590-3001S-CD,Chopard,Chopard Happy Sport 30mm Diamond White Dial Leather Strap Women's Watch 278590-3001S-CD,exact-existing,,watches-only/WWN278590-3001S-CD.png,product-shots/WWN278590-3001S-CD/main.jpg,https://raw.githubusercontent.com/AveryArtlife/gembreak-images/main/watches-only/WWN278590-3001S-CD.png,,pass,pass,,True,a325687c1d341513fcae1f1ee39628be625f902c0a4af498f0a78e518a386f71,1024,1536,1.0,0.759766,0.906901,0.5,0.499674,1200,1200,1.0
258,CR210.32.42.20.01.001,Omega,Omega Seamaster Rubber Strap Black Dial Automatic Diver's 210.32.42.20.01.001 300M Men's Watch,exact-existing,,watches-only/CR210.32.42.20.01.001.png,product-shots/CR210.32.42.20.01.001/main.jpg,https://raw.githubusercontent.com/AveryArtlife/gembreak-images/main/watches-only/CR210.32.42.20.01.001.png,https://cdn.creationwatches.com/products/images/ebayimages/210.32.42.20.01.001.jpg,pass,pass,,True,75db1f8f31a4e9ffff7135b97ff9229c11d6b2bcaac51effb87c8322ade82b9f,1024,1536,1.0,0.875,0.902344,0.5,0.5,1200,1200,1.0
259,WWN210.32.42.20.01.003,Omega,Omega Seamaster Diver 300M Automatic Black Dial Rubber Strap Men's Watch 210.32.42.20.01.003,exact-existing,,watches-only/WWN210.32.42.20.01.003.png,product-shots/WWN210.32.42.20.01.003/main.jpg,https://raw.githubusercontent.com/AveryArtlife/gembreak-images/main/watches-only/WWN210.32.42.20.01.003.png,,pass,pass,,True,86ef8feada7f2a90785de20f5e20b7b30f946254bf572b48138b2e9cb3c64328,1024,1536,1.0,0.852539,0.907552,0.499512,0.5,1200,1200,1.0
260,WWN278582-3001,Chopard,Chopard Happy Sport Medium 36mm White Diamond Dial Rubber Strap Women's Watch 278582-3001,exact-existing,,watches-only/WWN278582-3001.png,product-shots/WWN278582-3001/main.jpg,https://raw.githubusercontent.com/AveryArtlife/gembreak-images/main/watches-only/WWN278582-3001.png,,pass,pass,,True,c68fb648770742f5d172efacbf869cfcdae145e1b1afdd31860867f044488dbf,1024,1536,1.0,0.74707,0.907552,0.499512,0.5,1200,1200,1.0
261,WWN388563-3006,Chopard,Chopard Imperiale Automatic 29mm Mother of Pearl Dial Steel Women's Watch 388563-3006,exact-existing,,watches-only/WWN388563-3006.png,product-shots/WWN388563-3006/main.jpg,https://raw.githubusercontent.com/AveryArtlife/gembreak-images/main/watches-only/WWN388563-3006.png,,pass,pass,,True,68335f69e357bb76a77fe29e6d396eabb283b69076db41cd41cc983fb1d21e4d,1024,1536,1.0,0.777344,0.910156,0.5,0.500651,1200,1200,1.0
262,W1215,Breitling,BREITLING Superocean AUTO 42MM Green Dial Rubber Men's Watch N1737,exact-existing,,watches-only/W1215.png,product-shots/W1215/main.jpg,https://raw.githubusercontent.com/AveryArtlife/gembreak-images/main/watches-only/W1215.png,https://raw.githubusercontent.com/AveryArtlife/gembreak-images/main/watches-only/W1215.png,pass,pass,,True,fab2797c3f706047feb0232f578e56df0fad45cb40277f2c1164aac3385bc177,1024,1536,1.0,0.783203,0.957031,0.503906,0.494792,1200,1200,1.0
263,WWN220.10.41.21.01.001,Omega,Omega Seamaster Aqua Terra 150m Master Co-Axial Black Dial Stainless Steel Men's Watch 220.10.41.21.01.001,exact-existing,,watches-only/WWN220.10.41.21.01.001.png,product-shots/WWN220.10.41.21.01.001/main.jpg,https://raw.githubusercontent.com/AveryArtlife/gembreak-images/main/watches-only/WWN220.10.41.21.01.001.png,,pass,pass,,True,2b1fc13b2c205a5514837342e69c2b557f9a651c9c99aaedfbee1a55571e556c,1024,1536,1.0,0.854492,0.909505,0.500488,0.500977,1200,1200,1.0
264,CR01-400-7778-7150-07-7-20-01TLC,Oris,Oris ProPilot X Titanium Multicolor Dial Automatic 01-400-7778-7150-07-7-20-01TLC 100M Men's Watch,exact-existing,,watches-only/CR01-400-7778-7150-07-7-20-01TLC.png,product-shots/CR01-400-7778-7150-07-7-20-01TLC/main.jpg,https://raw.githubusercontent.com/AveryArtlife/gembreak-images/main/watches-only/CR01-400-7778-7150-07-7-20-01TLC.png,https://cdn.creationwatches.com/products/images/ebayimages/01-400-7778-7150-07-7-20-01TLC.jpg,pass,pass,,True,9511b54ce32482211be7414c97c15f3fb0a19a1b37206fcfe5e5d10d3c174134,1024,1536,1.0,0.762695,0.906901,0.499512,0.499674,1200,1200,1.0
265,WWN102043,Bulgari,Bulgari Black Chronograph Automatic Men's Watch 102043,exact-existing,,watches-only/WWN102043.png,product-shots/WWN102043/main.jpg,https://raw.githubusercontent.com/AveryArtlife/gembreak-images/main/watches-only/WWN102043.png,,pass,pass,,True,b8b5a81a9e51038a70b9f849bbdbb74388e95935f1bea5f3b538d821d76a718d,1024,1536,1.0,0.803711,0.908203,0.499512,0.499674,1200,1200,1.0
266,W1103,Breitling,BREITLING Chronomat Automatic SS 36MM Blue Dial Unisex Watch A1038,exact-existing,,watches-only/W1103.png,product-shots/W1103/main.jpg,https://raw.githubusercontent.com/AveryArtlife/gembreak-images/main/watches-only/W1103.png,https://raw.githubusercontent.com/AveryArtlife/gembreak-images/main/watches-only/W1103.png,pass,pass,,True,ac61d5ea247487f83526dcb9af1fefc6096424228c9fdaf972b38fecda0dd699,1024,1536,1.0,0.779297,0.891927,0.5,0.5,1200,1200,1.0
267,WWNM25610TNL-0001,Tudor,Tudor Pelagos Left Hand Diver Automatic Black Dial Titanium Men's Watch M25610TNL-0001,exact-existing,,watches-only/WWNM25610TNL-0001.png,product-shots/WWNM25610TNL-0001/main.jpg,https://raw.githubusercontent.com/AveryArtlife/gembreak-images/main/watches-only/WWNM25610TNL-0001.png,,pass,pass,,True,82da1cf0524e54fdb2e6c7afd1523d01a0e285d7a605cb577e90d4c9b390ef9a,1024,1536,1.0,0.850586,0.907552,0.500488,0.5,1200,1200,1.0
268,IWC-IW3878-04,IWC,Pilots Watches — SS SPITFIRE CHR43-GRY-BRC,exact-existing,,watches-only/IWC-IW3878-04.png,product-shots/IWC-IW3878-04/main.jpg,https://raw.githubusercontent.com/AveryArtlife/gembreak-images/main/watches-only/IWC-IW3878-04.png,,pass,pass,,True,bc44a747cb2e19dce781b46055bf1199c49bac07ca225089738bb4202d808a42,2048,2048,1.0,0.556152,0.959473,0.500244,0.503174,1200,1200,1.0
269,WW466,Breitling,Breitling Avenger Automatic Gmt 44MM Black Dial Men's Watch,exact-existing,,watches-only/WW466.png,product-shots/WW466/main.jpg,https://raw.githubusercontent.com/AveryArtlife/gembreak-images/main/watches-only/WW466.png,https://raw.githubusercontent.com/AveryArtlife/gembreak-images/main/watches-only/WW61.png,pass,pass,,True,fea5ae815f1d19f46c6f2f88c55d322f4114c7b5b03e05a8ccf2d855454888a4,1024,1536,1.0,0.78125,0.897786,0.5,0.499674,1200,1200,1.0
270,W117,Breitling,BREITLING Superocean Automatic 46MM Super Diver Titanium Men's Wat,exact-existing,,watches-only/W117.png,product-shots/W117/main.jpg,https://raw.githubusercontent.com/AveryArtlife/gembreak-images/main/watches-only/W117.png,https://raw.githubusercontent.com/AveryArtlife/gembreak-images/main/watches-only/W117.png,pass,pass,,True,6691a3429814c177b8ac1b8a09ce58c47a264ce2c05805dac5158e71e20d6d6f,1024,1536,1.0,0.78125,0.878906,0.5,0.5,1200,1200,1.0
271,WWNM79643-0002,Tudor,Tudor Black Bay 36 Automatic Silver Dial Steel and Gold Women's Watch M79643-0002,exact-existing,,watches-only/WWNM79643-0002.png,product-shots/WWNM79643-0002/main.jpg,https://raw.githubusercontent.com/AveryArtlife/gembreak-images/main/watches-only/WWNM79643-0002.png,,pass,pass,,True,6a054c59bc237eb3ca76034158343c2785b9cf5b5a4133b3b74b993833c23435,1024,1536,1.0,0.734375,0.908203,0.5,0.500326,1200,1200,1.0
272,WWNAB3114101L1A1,Breitling,Breitling Chronomat B31 Automatic 40 Green Dial Stainless Steel Men's Watch AB3114101L1A1,exact-existing,,watches-only/WWNAB3114101L1A1.png,product-shots/WWNAB3114101L1A1/main.jpg,https://raw.githubusercontent.com/AveryArtlife/gembreak-images/main/watches-only/WWNAB3114101L1A1.png,,pass,pass,,True,9a1897dcdfdae14bd5909aafa491591ece2c626abb513924c27ce43002046974,1024,1536,1.0,0.825195,0.906901,0.499512,0.500326,1200,1200,1.0
273,WWNA10320101A1A1,Breitling,Breitling Chronomat Automatic 36 Mother of Pearl Diamond Dial Stainless Steel Women's Watch A10320101A1A1,exact-existing,,watches-only/WWNA10320101A1A1.png,product-shots/WWNA10320101A1A1/main.jpg,https://raw.githubusercontent.com/AveryArtlife/gembreak-images/main/watches-only/WWNA10320101A1A1.png,,pass,pass,,True,b453eca88c04fdfe1e0a8b61b1c38344be7f13234445e421efeab899f6aa7544,1024,1536,1.0,0.793945,0.906901,0.499512,0.499674,1200,1200,1.0
274,W1133,Breitling,BREITLING Chronomat Quartz SS 32MM Green Dial Women's Watch A77310,exact-existing,,watches-only/W1133.png,product-shots/W1133/main.jpg,https://raw.githubusercontent.com/AveryArtlife/gembreak-images/main/watches-only/W1133.png,https://raw.githubusercontent.com/AveryArtlife/gembreak-images/main/watches-only/W1133.png,pass,pass,,True,a96813339bd8e53b62e9eea76c3758f6d17aae68ab57d6abb051cb368c6a69bf,447,900,1.0,0.912752,1.0,0.510067,0.5,1200,1200,1.0
275,BREI-X823109C1B1S1,Breitling,BRTlgt END PRO STANFORD44-BLK-BLK DP III-TG,exact-existing,,watches-only/BREI-X823109C1B1S1.png,product-shots/BREI-X823109C1B1S1/main.jpg,https://raw.githubusercontent.com/AveryArtlife/gembreak-images/main/watches-only/BREI-X823109C1B1S1.png,,pass,pass,,True,43a9d7307b501f9a6fd958e87a521fec3fd81e10fa5d0965ac300ae5c27fe630,2048,2048,1.0,0.544434,0.90332,0.523193,0.507324,1200,1200,1.0
276,IWC-IW3282-01,IWC,Pilots Watches — SS PILOTS MARK XX 40-BLK NUM-STRAP,exact-existing,,watches-only/IWC-IW3282-01.png,product-shots/IWC-IW3282-01/main.jpg,https://raw.githubusercontent.com/AveryArtlife/gembreak-images/main/watches-only/IWC-IW3282-01.png,,pass,pass,,True,248ea3f5ddacbbb41240053d137c2d84bf46433976ae72d650b99627bcab2831,2048,2048,1.0,0.471191,0.836914,0.518799,0.506348,1200,1200,1.0
277,IWC-IW3270-10,IWC,Pilots Watches — SS MARK XVIII LPP ED 40-BLUE-STRAP,exact-existing,,watches-only/IWC-IW3270-10.png,product-shots/IWC-IW3270-10/main.jpg,https://raw.githubusercontent.com/AveryArtlife/gembreak-images/main/watches-only/IWC-IW3270-10.png,,pass,pass,,True,c478748e150e31c7d93f87fbe6bb4718db2c69758da0ecbab583b1c554ff26e3,2048,2048,1.0,0.52002,0.894531,0.514404,0.507812,1200,1200,1.0
278,IWC-IW3910-08,IWC,Portofino — SS PORTOF CHR42-BLK IXROM-STRAP,exact-existing,,watches-only/IWC-IW3910-08.png,product-shots/IWC-IW3910-08/main.jpg,https://raw.githubusercontent.com/AveryArtlife/gembreak-images/main/watches-only/IWC-IW3910-08.png,,pass,pass,,True,864597404b1848de010c065437f5b03e11728b6dddfb052964f6e23bc105f1da,2048,2048,1.0,0.523438,0.965332,0.515137,0.498291,1200,1200,1.0
279,WWN210.32.42.20.03.001,Omega,Omega Seamaster Diver 300M Blue Dial Rubber Strap Men's Watch 210.32.42.20.03.001,exact-existing,,watches-only/WWN210.32.42.20.03.001.png,product-shots/WWN210.32.42.20.03.001/main.jpg,https://raw.githubusercontent.com/AveryArtlife/gembreak-images/main/watches-only/WWN210.32.42.20.03.001.png,,pass,pass,,True,77f1c99ba241cdc64c5fca47a5279cf83ead4fc15e47eecef648671ba294ea9e,1024,1536,1.0,0.861328,0.908203,0.5,0.500326,1200,1200,1.0
280,WWNAB0145371L1A1,Breitling,Breitling Premier B01 Chronograph 42 Green Dial Stainless Steel Men's Watch AB0145371L1A1,exact-existing,,watches-only/WWNAB0145371L1A1.png,product-shots/WWNAB0145371L1A1/main.jpg,https://raw.githubusercontent.com/AveryArtlife/gembreak-images/main/watches-only/WWNAB0145371L1A1.png,,pass,pass,,True,1a9fbd12187cc9aba2878d97ca2900029e80cb5960c33c392c1b827a5b7ff10c,1024,1536,1.0,0.779297,0.907552,0.5,0.5,1200,1200,1.0
281,W1138,Breitling,BREITLING Superocean SS Automatic 36MM White Dial Women's Watch A1,exact-existing,,watches-only/W1138.png,product-shots/W1138/main.jpg,https://raw.githubusercontent.com/AveryArtlife/gembreak-images/main/watches-only/W1138.png,https://raw.githubusercontent.com/AveryArtlife/gembreak-images/main/watches-only/W1138.png,pass,pass,,True,cd6d8e1fe95554bbb70b481cad2d4b8a070c649cb35989cc1103092aedc0f304,1024,1536,1.0,0.738281,0.938802,0.525391,0.5,1200,1200,1.0
282,WW61,Breitling,Breitling Avenger Automatic Gmt 44MM Blue Dial Men's Watch,exact-existing,,watches-only/WW61.png,product-shots/WW61/main.jpg,https://raw.githubusercontent.com/AveryArtlife/gembreak-images/main/watches-only/WW61.png,https://raw.githubusercontent.com/AveryArtlife/gembreak-images/main/watches-only/WW352.png,pass,pass,,True,51f0babcbad58a50cdf031535a429eeafbd42fa226c8f6246bb1bb6c046aa6fe,1024,1536,1.0,0.780273,0.911458,0.500488,0.5,1200,1200,1.0
283,CRCBZ2084.FT8097,Tag Heuer,Tag Heuer Formula 1 Chronograph Rubber Strap Black Dial Automatic Diver's CBZ2084.FT8097 200M Men's Watch,exact-existing,,watches-only/CRCBZ2084.FT8097.png,product-shots/CRCBZ2084.FT8097/main.jpg,https://raw.githubusercontent.com/AveryArtlife/gembreak-images/main/watches-only/CRCBZ2084.FT8097.png,https://cdn.creationwatches.com/products/images/ebayimages/CBZ2084.FT8097.jpg,pass,pass,,True,b8944765528aea890bbc77f3f389ffb63faccd67dca2b5c238bf4bc52857bc02,1024,1536,1.0,0.875,0.860677,0.5,0.5,1200,1200,1.0
284,WWN324.30.38.50.02.001,Omega,Omega Speedmaster Co-Axial Chronograph 38mm Silver Dial Stainless Steel Men's Watch 324.30.38.50.02.001,exact-existing,,watches-only/WWN324.30.38.50.02.001.png,product-shots/WWN324.30.38.50.02.001/main.jpg,https://raw.githubusercontent.com/AveryArtlife/gembreak-images/main/watches-only/WWN324.30.38.50.02.001.png,,pass,pass,,True,0d0f990a0b23c6053a1738f58815a965b2a02647a6862483d4aafc75bd7c226e,1024,1536,1.0,0.793945,0.907552,0.499512,0.5,1200,1200,1.0
285,WWNM79833MN-0003,Tudor,Tudor Black Bay GMT S&G Automatic Black Dial Leather Strap Men's Watch M79833MN-0003,exact-existing,,watches-only/WWNM79833MN-0003.png,product-shots/WWNM79833MN-0003/main.jpg,https://raw.githubusercontent.com/AveryArtlife/gembreak-images/main/watches-only/WWNM79833MN-0003.png,,pass,pass,,True,64ffe76d7e2d28903d4c02fc4a3c183cc1e69273b49c843e2dbdcfa8ac623a8d,1024,1536,1.0,0.829102,0.906901,0.500488,0.500326,1200,1200,1.0
286,W182,Breitling,BREITLING Superocean Automatic Stainless Steel 46MM Black Dial Men,exact-existing,,watches-only/W182.png,product-shots/W182/main.jpg,https://raw.githubusercontent.com/AveryArtlife/gembreak-images/main/watches-only/W182.png,https://raw.githubusercontent.com/AveryArtlife/gembreak-images/main/watches-only/W182.png,pass,pass,,True,1da92fd3d7b9a3fc70ffcae9382588d15cd9bcb16395c69c996a467da1e62957,1024,1536,1.0,0.811523,0.938151,0.510254,0.49707,1200,1200,1.0
287,IWC-IW3783-03,IWC,Portofino — SS PORTF CHR 41-BLK IX-STRAP,exact-existing,,watches-only/IWC-IW3783-03.png,product-shots/IWC-IW3783-03/main.jpg,https://raw.githubusercontent.com/AveryArtlife/gembreak-images/main/watches-only/IWC-IW3783-03.png,,pass,pass,,True,938d7752394d98b80f4c3e04fd5aab9cd00fac07e500f25ef9e948da2e06dbab,2048,2048,1.0,0.572266,0.941406,0.508789,0.510742,1200,1200,1.0
288,W1191,Breitling,BREITLING Superocean Automatic Chronometer 44MM Men's Watch A17376,exact-existing,,watches-only/W1191.png,product-shots/W1191/main.jpg,https://raw.githubusercontent.com/AveryArtlife/gembreak-images/main/watches-only/W1191.png,https://raw.githubusercontent.com/AveryArtlife/gembreak-images/main/watches-only/W1191.png,pass,pass,,True,767234241cedc5f42c4046a259e8eafb97b92ed4566743465918abccc0100f11,1024,1536,1.0,0.780273,0.882812,0.499512,0.5,1200,1200,1.0
289,W183,Breitling,BREITLING Chronomat Quartz 28MM Pink MOP Dial SS Women's Watch A72,exact-existing,,watches-only/W183.png,product-shots/W183/main.jpg,https://raw.githubusercontent.com/AveryArtlife/gembreak-images/main/watches-only/W183.png,https://raw.githubusercontent.com/AveryArtlife/gembreak-images/main/watches-only/W183.png,pass,pass,,True,07970f5b41d78805e4f0448889e07afd671f1cda714f39ac820a5810200f231a,1024,1536,1.0,0.639648,0.921875,0.522949,0.490885,1200,1200,1.0
290,W258,TAG Heuer,TAG HEUER Formula 1 Chronograph Automatic 44MM Black/Red Titanium,exact-existing,,watches-only/W258.png,product-shots/W258/main.jpg,https://raw.githubusercontent.com/AveryArtlife/gembreak-images/main/watches-only/W258.png,https://raw.githubusercontent.com/AveryArtlife/gembreak-images/main/watches-only/W258.png,pass,pass,,True,ac41487e44286e6af76149a42a7d5f1306af67963e86db6128be3d182985614f,568,900,1.0,0.894366,0.933333,0.5,0.5,1200,1200,1.0
291,W189,Breitling,BREITLING Chronomat Quartz 28MM 12 Diamond Blue MOP Dial Women's W,exact-existing,,watches-only/W189.png,product-shots/W189/main.jpg,https://raw.githubusercontent.com/AveryArtlife/gembreak-images/main/watches-only/W189.png,https://raw.githubusercontent.com/AveryArtlife/gembreak-images/main/watches-only/W189.png,pass,pass,,True,4bdffa98457bba66ad9d1e29b70e5515c7bb2b31a8a066cdac5a9b12b2fec293,553,900,1.0,0.891501,0.933333,0.5,0.5,1200,1200,1.0
292,W1184,Breitling,BREITLING Superocean Automatic 36MM White Unisex Watch A17377211A1,exact-existing,,watches-only/W1184.png,product-shots/W1184/main.jpg,https://raw.githubusercontent.com/AveryArtlife/gembreak-images/main/watches-only/W1184.png,https://raw.githubusercontent.com/AveryArtlife/gembreak-images/main/watches-only/W1184.png,pass,pass,,True,cbbe8ac2c8b4ec6e4caa69fda7fadc0fd8f864129ca34899f47c95a3a1c8e4b2,1024,1536,1.0,0.780273,0.901042,0.500488,0.5,1200,1200,1.0
293,W1383,Longines,LONGINES Conquest Automatic 42MM Two-Tone 18K Rose Gold Men's Watc,exact-existing,,watches-only/W1383.png,product-shots/W1383/main.jpg,https://raw.githubusercontent.com/AveryArtlife/gembreak-images/main/watches-only/W1383.png,https://raw.githubusercontent.com/AveryArtlife/gembreak-images/main/watches-only/W1383.png,pass,pass,,True,a295ac5244eaf1fc561fb00eca7d50a6318861ca61e2a79968cd559146db73bf,1024,1536,1.0,0.780273,0.898438,0.500488,0.5,1200,1200,1.0
294,CR01-400-7778-7158-07-7-20-01TLC,Oris,Oris Propilot X Calibre 400 Titanium Salmon Dial Automatic 01-400-7778-7158-07-7-20-01TLC 100M Unisex Watch,exact-existing,,watches-only/CR01-400-7778-7158-07-7-20-01TLC.png,product-shots/CR01-400-7778-7158-07-7-20-01TLC/main.jpg,https://raw.githubusercontent.com/AveryArtlife/gembreak-images/main/watches-only/CR01-400-7778-7158-07-7-20-01TLC.png,https://cdn.creationwatches.com/products/images/ebayimages/01-400-7778-7158-07-7-20-01TLC.jpg,pass,pass,,True,591c8c86d1eb069d458d06e3133b3fc1cacc09abf37ebdbad75841b0781890f3,1024,1536,1.0,0.793945,0.908203,0.499512,0.500326,1200,1200,1.0
295,CR01-473-7786-4065-07-5-19-22FC,Oris,Oris Big Crown Pointer Date Leather Strap Blue Dial Automatic 01-473-7786-4065-07-5-19-22FC Men's Watch,exact-existing,,watches-only/CR01-473-7786-4065-07-5-19-22FC.png,product-shots/CR01-473-7786-4065-07-5-19-22FC/main.jpg,https://raw.githubusercontent.com/AveryArtlife/gembreak-images/main/watches-only/CR01-473-7786-4065-07-5-19-22FC.png,https://cdn.creationwatches.com/products/images/ebayimages/01-473-7786-4065-07-5-19-22FC.jpg,pass,pass,,True,7d9a3cfa7d1b4f6c3fa8a060d72dda0b1b357dea2a5fad41cd1f865bce08069f,1024,1536,1.0,0.763672,0.906901,0.499023,0.499674,1200,1200,1.0
296,CART-W3140005,Cartier,Pasha — SS PASHA SEA CHR37-SLV IXNUM-RUB BRC,exact-existing,,watches-only/CART-W3140005.png,product-shots/CART-W3140005/main.jpg,https://raw.githubusercontent.com/AveryArtlife/gembreak-images/main/watches-only/CART-W3140005.png,,pass,pass,,True,0362fa0ddde9a528a7c02c7b1463369c34baf407e2779ddc51a44a838fb3a8cb,2048,2048,1.0,0.530273,0.895508,0.523438,0.503906,1200,1200,1.0
297,WWN278590-3001S,Chopard,Chopard Happy Sport 30mm White Floating Diamond Dial Satin Strap Women's Watch 278590-3001S,exact-existing,,watches-only/WWN278590-3001S.png,product-shots/WWN278590-3001S/main.jpg,https://raw.githubusercontent.com/AveryArtlife/gembreak-images/main/watches-only/WWN278590-3001S.png,,pass,pass,,True,bc21924605fd9cc41880e5c857b13afd2e3c4b8109a2996691d2174b8dda83e5,1024,1536,1.0,0.77832,0.907552,0.499512,0.5,1200,1200,1.0
298,WWN103540,Bulgari,Bulgari BVLGARI BVLGARI 41mm Black Dial Steel Men's Watch 103540,exact-existing,,watches-only/WWN103540.png,product-shots/WWN103540/main.jpg,https://raw.githubusercontent.com/AveryArtlife/gembreak-images/main/watches-only/WWN103540.png,,pass,pass,,True,f7648631f455f24a60ee0f299b50bc6a0712aaae85cb93bd171ec25533f0c588,1024,1536,1.0,0.748047,0.908203,0.499023,0.499674,1200,1200,1.0
299,BREI-X82310D91B1S1,Breitling,BRlt ENDUR 44-BLK-RED DP3-TG,exact-existing,,watches-only/BREI-X82310D91B1S1.png,product-shots/BREI-X82310D91B1S1/main.jpg,https://raw.githubusercontent.com/AveryArtlife/gembreak-images/main/watches-only/BREI-X82310D91B1S1.png,,pass,pass,,True,f47e5ad89c21f36c9ffe365a5cdcb7ada23d00333a6f21c22cda6104898b0f42,2048,2048,1.0,0.512207,0.861816,0.511963,0.502197,1200,1200,1.0
300,W286,TAG Heuer,TAG HEUER Aquaracer Professional 300 GMT 42MM Blue Dial Rubber Men,exact-existing,,watches-only/W286.png,product-shots/W286/main.jpg,https://raw.githubusercontent.com/AveryArtlife/gembreak-images/main/watches-only/W286.png,https://raw.githubusercontent.com/AveryArtlife/gembreak-images/main/watches-only/W286.png,pass,pass,,True,395815b819a17ce7d1149b50d80fd0ac31c862c91d13d21e54f89a4538226f15,1024,1536,1.0,0.780273,0.863281,0.500488,0.5,1200,1200,1.0
301,W1484,Longines,LONGINES Spirit Zulu Time Automatic 39MM Anthracite Dial Men's Wat,exact-existing,,watches-only/W1484.png,product-shots/W1484/main.jpg,https://raw.githubusercontent.com/AveryArtlife/gembreak-images/main/watches-only/W1484.png,https://raw.githubusercontent.com/AveryArtlife/gembreak-images/main/watches-only/W1484.png,pass,pass,,True,f897abdead0aa7a569dfc4091c80759a588a2e52ee060211e8c6492adc809815,1024,1536,1.0,0.78125,0.911458,0.5,0.5,1200,1200,1.0
302,WWNCV201AP.FC6429,Tag Heuer,Tag Heuer Carrera Chronograph Automatic Black Dial Leather Strap Men's Watch CV201AP.FC6429,exact-existing,,watches-only/WWNCV201AP.FC6429.png,product-shots/WWNCV201AP.FC6429/main.jpg,https://raw.githubusercontent.com/AveryArtlife/gembreak-images/main/watches-only/WWNCV201AP.FC6429.png,,pass,pass,,True,016d949b707747ce60f9deba2be1fe52352430ec29b9b4db5481586181802026,1024,1536,1.0,0.813477,0.908203,0.499512,0.499674,1200,1200,1.0
303,W1114,Breitling,BREITLING Avenger Automatic SS 42MM Green Dial Men's Watch A173281,exact-existing,,watches-only/W1114.png,product-shots/W1114/main.jpg,https://raw.githubusercontent.com/AveryArtlife/gembreak-images/main/watches-only/W1114.png,https://raw.githubusercontent.com/AveryArtlife/gembreak-images/main/watches-only/W1114.png,pass,pass,,True,a4d5dc6672c2985b721f65d373aad0cb9613f55d13829b5566859c282b7beb82,1024,1536,1.0,0.780273,0.871745,0.499512,0.499674,1200,1200,1.0
304,WWNAB3113A71C1A1,Breitling,Breitling Top Time B31 Automatic Blue Dial Stainless Steel Men's Watch AB3113A71C1A1,exact-existing,,watches-only/WWNAB3113A71C1A1.png,product-shots/WWNAB3113A71C1A1/main.jpg,https://raw.githubusercontent.com/AveryArtlife/gembreak-images/main/watches-only/WWNAB3113A71C1A1.png,,pass,pass,,True,593214c8fba8ae8e5d9379bb8fc3d72683e60c28d3ebfd130a6c82a6cb3dca62,1024,1536,1.0,0.703125,0.907552,0.5,0.499349,1200,1200,1.0
305,W122,Breitling,BREITLING Superocean Automatic 44MM Green Dial Rubber Men's Watch,exact-existing,,watches-only/W122.png,product-shots/W122/main.jpg,https://raw.githubusercontent.com/AveryArtlife/gembreak-images/main/watches-only/W122.png,https://raw.githubusercontent.com/AveryArtlife/gembreak-images/main/watches-only/W122.png,pass,pass,,True,ef946fdfd83e66cc762ce162fea9dabe23b7fe14dbdf7d2f631a48ed5fbdbd66,1024,1536,1.0,0.78125,0.858073,0.5,0.498698,1200,1200,1.0
306,WWN434.10.40.20.02.001,Omega,Omega De Ville Prestige Co-Axial Master Chronometer 40mm Silver Dial Stainless Steel Men's Watch 434.10.40.20.02.001,exact-existing,,watches-only/WWN434.10.40.20.02.001.png,product-shots/WWN434.10.40.20.02.001/main.jpg,https://raw.githubusercontent.com/AveryArtlife/gembreak-images/main/watches-only/WWN434.10.40.20.02.001.png,,pass,pass,,True,8b997a187270ee956505f83c3666d6e567aa0b8ebb13398cd7e483c431b0435a,1024,1536,1.0,0.742188,0.910156,0.5,0.500651,1200,1200,1.0
307,WWNAB01766A1A1A1,Breitling,Breitling Top Time B01 Ford Thunderbird Automatic Chronograph White Dial Steel Men's Watch AB01766A1A1A1,exact-existing,,watches-only/WWNAB01766A1A1A1.png,product-shots/WWNAB01766A1A1A1/main.jpg,https://raw.githubusercontent.com/AveryArtlife/gembreak-images/main/watches-only/WWNAB01766A1A1A1.png,,pass,pass,,True,126f5505911b10d0d91838d1f5e86cd0c40a92e695835e6e245c2d2892c91762,1024,1536,1.0,0.816406,0.907552,0.5,0.5,1200,1200,1.0
308,CR01-771-7791-4054-07-6-20-01,Oris,Oris Divers Sixty-Five Chronograph Leather Strap Black Dial Automatic 01-771-7791-4054-07-6-20-01 100M Men's Watch,exact-existing,,watches-only/CR01-771-7791-4054-07-6-20-01.png,product-shots/CR01-771-7791-4054-07-6-20-01/main.jpg,https://raw.githubusercontent.com/AveryArtlife/gembreak-images/main/watches-only/CR01-771-7791-4054-07-6-20-01.png,https://cdn.creationwatches.com/products/images/ebayimages/01-771-7791-4054-07-6-20-01.jpg,pass,pass,,True,f0cfeac015879400d54fa5327e4053e8a09edda2ec70c69daeb2c1d3c17d46aa,1024,1536,1.0,0.791992,0.907552,0.499512,0.5,1200,1200,1.0
309,CART-W3107199,Cartier,Pasha — SS PASHA C GMT35-WHT MOP-DB,exact-existing,,watches-only/CART-W3107199.png,product-shots/CART-W3107199/main.jpg,https://raw.githubusercontent.com/AveryArtlife/gembreak-images/main/watches-only/CART-W3107199.png,,pass,pass,,True,1d02cbac27533109ac01b661880ab35fe122fa3f7b9066a1202e19115d431501,2048,2048,1.0,0.558594,0.953613,0.524414,0.501221,1200,1200,1.0
310,WWN102564,Bulgari,Bulgari Lvcea Automatic Blue Diamond Dial Steel Women's Watch 102564,exact-existing,,watches-only/WWN102564.png,product-shots/WWN102564/main.jpg,https://raw.githubusercontent.com/AveryArtlife/gembreak-images/main/watches-only/WWN102564.png,,pass,pass,,True,439cf7a1d66aa6f343469aa043f90cd77ae0c69e7a5bff149fc77e787343e0e5,1024,1536,1.0,0.606445,0.907552,0.499512,0.5,1200,1200,1.0
311,WWNM79680-0002,Tudor,Tudor Black Bay 41 Automatic Blue Dial Steel Men's Watch M79680-0002,exact-existing,,watches-only/WWNM79680-0002.png,product-shots/WWNM79680-0002/main.jpg,https://raw.githubusercontent.com/AveryArtlife/gembreak-images/main/watches-only/WWNM79680-0002.png,,pass,pass,,True,cecacc4982d36480e0f2e02a2afb25af22caa0662b0262537d9e3f5f341d0635,1024,1536,1.0,0.723633,0.907552,0.499512,0.5,1200,1200,1.0
312,WWNM7943A1A0NU-0002,Tudor,Tudor Black Bay 68 Automatic Silver Dial Stainless Steel Men's Watch M7943A1A0NU-0002,exact-existing,,watches-only/WWNM7943A1A0NU-0002.png,product-shots/WWNM7943A1A0NU-0002/main.jpg,https://raw.githubusercontent.com/AveryArtlife/gembreak-images/main/watches-only/WWNM7943A1A0NU-0002.png,,pass,pass,,True,573477a04a4d1adb2b4b26df1c426f304c302431f0881848c921ef432798df51,1024,1536,1.0,0.759766,0.908203,0.5,0.499674,1200,1200,1.0
313,CRWBP208B.BF0631,Tag Heuer,Tag Heuer Aquaracer Professional Date Titanium Green Dial Automatic Diver's WBP208B.BF0631 300M Men's Watch,exact-existing,,watches-only/CRWBP208B.BF0631.png,product-shots/CRWBP208B.BF0631/main.jpg,https://raw.githubusercontent.com/AveryArtlife/gembreak-images/main/watches-only/CRWBP208B.BF0631.png,https://cdn.creationwatches.com/products/images/ebayimages/WBP208B.BF0631.jpg,pass,pass,,True,17a3daba018c5134b3a07ca04df97acd04870eea93988a9c6786bbafe4f8826a,1024,1536,1.0,0.870117,0.906901,0.499512,0.499674,1200,1200,1.0
314,WWNCV201AR.BA0715,Tag Heuer,Tag Heuer Carrera Calibre 16 Chronograph Automatic Blue Dial Stainless Steel Men's Watch CV201AR.BA0715,exact-existing,,watches-only/WWNCV201AR.BA0715.png,product-shots/WWNCV201AR.BA0715/main.jpg,https://raw.githubusercontent.com/AveryArtlife/gembreak-images/main/watches-only/WWNCV201AR.BA0715.png,,pass,pass,,True,5f9e13b7f84c84e8bd1395c409d1616ace6c1dacbec075d3921292d8e4030c08,1024,1536,1.0,0.849609,0.906901,0.5,0.500326,1200,1200,1.0
315,CART-WSCL0005,Cartier,Cle De Cartier — SS CLE31-SILV ROM-BRC,exact-existing,,watches-only/CART-WSCL0005.png,product-shots/CART-WSCL0005/main.jpg,https://raw.githubusercontent.com/AveryArtlife/gembreak-images/main/watches-only/CART-WSCL0005.png,,pass,pass,,True,6c745890b4e577f5d886cdd8c9626a69176cef0f4593b1bc452a2e90d3dbc6be,2048,2048,1.0,0.486816,0.971191,0.491943,0.503174,1200,1200,1.0
316,WWNWBP5182.BF0010,Tag Heuer,Tag Heuer Aquaracer Professional 500 Date Limited Edition Black Dial Titanium Men's Watch WBP5182.BF0010,exact-existing,,watches-only/WWNWBP5182.BF0010.png,product-shots/WWNWBP5182.BF0010/main.jpg,https://raw.githubusercontent.com/AveryArtlife/gembreak-images/main/watches-only/WWNWBP5182.BF0010.png,,pass,pass,,True,58209dd07a712983672b329b45ead7d003a9df00ca7e884950d95ae6557a628d,1024,1536,1.0,0.798828,0.907552,0.5,0.5,1200,1200,1.0
317,WWNL8.126.5.79.7,Longines,Longines Primaluna Moonphase Automatic Ivory Dial 18k Yellow Gold & Steel Women's Watch L8.126.5.79.7,exact-existing,,watches-only/WWNL8.126.5.79.7.png,product-shots/WWNL8.126.5.79.7/main.jpg,https://raw.githubusercontent.com/AveryArtlife/gembreak-images/main/watches-only/WWNL8.126.5.79.7.png,,pass,pass,,True,b2e1a65dda2a09baf0436ffbe04cecdff0ee3319529fa85dbf739271f4a79cc5,1024,1536,1.0,0.705078,0.907552,0.5,0.500651,1200,1200,1.0
318,WWN103868,Bulgari,Bulgari Bulgari Aluminum Chronograph Black Dial Rubber Strap Men's Watch 103868,exact-existing,,watches-only/WWN103868.png,product-shots/WWN103868/main.jpg,https://raw.githubusercontent.com/AveryArtlife/gembreak-images/main/watches-only/WWN103868.png,,pass,pass,,True,51b809b1325300f7104707fd72b9fdf8cad747872cc6cad1ab92949f85919312,1024,1536,1.0,0.838867,0.907552,0.499512,0.5,1200,1200,1.0
319,CART-W31030H3,Cartier,Pasha — SS PASHA SEA CHR 38-SLV-BRC,exact-existing,,watches-only/CART-W31030H3.png,product-shots/CART-W31030H3/main.jpg,https://raw.githubusercontent.com/AveryArtlife/gembreak-images/main/watches-only/CART-W31030H3.png,,pass,pass,,True,147b1d121fa7e6e686f2deb0da9bb7e0dee74e893231c64f43d99306d7920e50,2048,2048,1.0,0.589355,0.963867,0.517334,0.501953,1200,1200,1.0
320,CART-W69010Z4,Cartier,Ballon Bleu — SS B.BLEU28-SILV-BRAC,exact-existing,,watches-only/CART-W69010Z4.png,product-shots/CART-W69010Z4/main.jpg,https://raw.githubusercontent.com/AveryArtlife/gembreak-images/main/watches-only/CART-W69010Z4.png,,pass,pass,,True,90fad8cc1fac85e7fb4853e55e1cc529433fda965835f73f7032af2cdc54abee,2048,2048,1.0,0.395508,0.898438,0.500977,0.51416,1200,1200,1.0
321,WWNA32310171C1P1,Breitling,Breitling Navitimer Automatic 41 GMT Blue Dial Leather Strap Men's Watch A32310171C1P1,exact-existing,,watches-only/WWNA32310171C1P1.png,product-shots/WWNA32310171C1P1/main.jpg,https://raw.githubusercontent.com/AveryArtlife/gembreak-images/main/watches-only/WWNA32310171C1P1.png,,pass,pass,,True,682af9a6157a0ae16bd602a8d61e3fbbb4004900ccc45f62817eb1c384c5c935,1024,1536,1.0,0.847656,0.906901,0.5,0.499674,1200,1200,1.0
322,CART-WSTA0065,Cartier,Tank — SS TANK FRANC 25X21-SLV ROM-BRC,exact-existing,,watches-only/CART-WSTA0065.png,product-shots/CART-WSTA0065/main.jpg,https://raw.githubusercontent.com/AveryArtlife/gembreak-images/main/watches-only/CART-WSTA0065.png,,pass,pass,,True,63b33fe83ef061841fa253320050d16b5586c4d5a5f35a39204a786b81f8f622,2048,2048,1.0,0.313477,0.896973,0.500977,0.50708,1200,1200,1.0
323,W2106,TAG Heuer,TAG HEUER Aquaracer 36MM AUTO Diamond SS Women's Watch WBP231K.BA0,exact-existing,,watches-only/W2106.png,product-shots/W2106/main.jpg,https://raw.githubusercontent.com/AveryArtlife/gembreak-images/main/watches-only/W2106.png,https://raw.githubusercontent.com/AveryArtlife/gembreak-images/main/watches-only/W2106.png,pass,pass,,True,8fd454bef4543379941c21224d59b7bc7d74a8f0174522d2261e3f227cdac181,1024,1536,1.0,0.761719,0.984375,0.504883,0.498698,1200,1200,1.0
324,CRCAZ2012.BA0876,Tag Heuer,Tag Heuer Formula 1 Chronograph Automatic Tachymeter CAZ2012.BA0876 Men's Watch,exact-existing,,watches-only/CRCAZ2012.BA0876.png,product-shots/CRCAZ2012.BA0876/main.jpg,https://raw.githubusercontent.com/AveryArtlife/gembreak-images/main/watches-only/CRCAZ2012.BA0876.png,https://cdn.creationwatches.com/products/images/ebayimages/CAZ2012.BA0876.jpg,pass,pass,,True,dec58f3a2c7acc6bc2b1c035d302660f48b094914eb30b85f0e7e8d394cf5a74,1024,1536,1.0,0.867188,0.907552,0.5,0.5,1200,1200,1.0
325,W2132,TAG Heuer,TAG HEUER Aquaracer 32MM MOP Diamond Dial Women's Watch WBD1322.BB,exact-existing,,watches-only/W2132.png,product-shots/W2132/main.jpg,https://raw.githubusercontent.com/AveryArtlife/gembreak-images/main/watches-only/W2132.png,https://raw.githubusercontent.com/AveryArtlife/gembreak-images/main/watches-only/W2132.png,pass,pass,,True,3894b63d1305da38e86e732b83753ec59fc9c82b7b32dc09b82f087705a3e63a,1024,1536,1.0,0.703125,0.966797,0.521484,0.500326,1200,1200,1.0
326,W1352,Longines,LONGINES Conquest Chronograph SS 42MM Silver Dial Men's Watch L3.8,exact-existing,,watches-only/W1352.png,product-shots/W1352/main.jpg,https://raw.githubusercontent.com/AveryArtlife/gembreak-images/main/watches-only/W1352.png,https://raw.githubusercontent.com/AveryArtlife/gembreak-images/main/watches-only/W1352.png,pass,pass,,True,45a972532e368be7eb7315a7ee4663272357e82e89518338ab5c4e26d26717c9,1024,1536,1.0,0.779297,0.869792,0.499023,0.5,1200,1200,1.0
327,WWNA17329371L1A1,Breitling,Breitling Navitimer Automatic 41 Green Dial Stainless Steel Men's Watch A17329371L1A1,exact-existing,,watches-only/WWNA17329371L1A1.png,product-shots/WWNA17329371L1A1/main.jpg,https://raw.githubusercontent.com/AveryArtlife/gembreak-images/main/watches-only/WWNA17329371L1A1.png,,pass,pass,,True,e1624daa08405c58e5f64da8b62a80a91a1cc2362a83e154753d539e7a7b13db,1024,1536,1.0,0.706055,0.908203,0.499512,0.500326,1200,1200,1.0
328,WWNAB3111241B1S1,Breitling,Breitling Superocean Heritage Automatic 42 Black Dial Rubber Strap Men's Watch AB3111241B1S1,exact-existing,,watches-only/WWNAB3111241B1S1.png,product-shots/WWNAB3111241B1S1/main.jpg,https://raw.githubusercontent.com/AveryArtlife/gembreak-images/main/watches-only/WWNAB3111241B1S1.png,,pass,pass,,True,d0f6a8609e9981f4a63893c09200e869bd26cc5f4d8356b8dd948ca2508efd32,1024,1536,1.0,0.841797,0.910156,0.5,0.500651,1200,1200,1.0
329,WWNA173265A1K1P2,Breitling,Breitling Navitimer Automatic 41 Red Dial Leather Strap Men's Watch A173265A1K1P2,exact-existing,,watches-only/WWNA173265A1K1P2.png,product-shots/WWNA173265A1K1P2/main.jpg,https://raw.githubusercontent.com/AveryArtlife/gembreak-images/main/watches-only/WWNA173265A1K1P2.png,,pass,pass,,True,89feec87bd89b40d535b43dd4c019a468e9609eb00395ef4ae9da8a7502f8bc0,1024,1536,1.0,0.757812,0.90625,0.499023,0.5,1200,1200,1.0
330,WW675,Longines,Longines Master Collection Automatic Ss 38.5mm Yellow-gold,exact-existing,,watches-only/WW675.png,product-shots/WW675/main.jpg,https://raw.githubusercontent.com/AveryArtlife/gembreak-images/main/watches-only/WW675.png,https://raw.githubusercontent.com/AveryArtlife/gembreak-images/main/watches-only/WW675.png,pass,pass,,True,cba2e4d4cf023ab2d4058415e16e336d0ea490ff662c371bbb6559d04f6ac891,1024,1536,1.0,0.78125,0.911458,0.5,0.5,1200,1200,1.0
331,WWN104234,Bulgari,Bulgari Aluminium Chronograph Blue Dial Rubber Strap Men's Watch 104234,exact-existing,,watches-only/WWN104234.png,product-shots/WWN104234/main.jpg,https://raw.githubusercontent.com/AveryArtlife/gembreak-images/main/watches-only/WWN104234.png,,pass,pass,,True,11d90930464a6c5ad57bbd0ab34a1f9b58b1e3c07d7090538be4b32dd655ef6e,1024,1536,1.0,0.797852,0.909505,0.499512,0.500977,1200,1200,1.0
332,W1351,Longines,LONGINES Conquest Chronograph 42MM Silver Dial Rubber Men's Watch,exact-existing,,watches-only/W1351.png,product-shots/W1351/main.jpg,https://raw.githubusercontent.com/AveryArtlife/gembreak-images/main/watches-only/W1351.png,https://raw.githubusercontent.com/AveryArtlife/gembreak-images/main/watches-only/W1351.png,pass,pass,,True,6bb4b79cd924d22a8a3349938f60df9a888c202c8da271b859837b8c5698d87c,1024,1536,1.0,0.736328,0.893229,0.527344,0.48763,1200,1200,1.0
333,WWNA17375E71G1A1,Breitling,Breitling Superocean Automatic 42 Silver Dial Stainless Steel Men's Watch A17375E71G1A1,exact-existing,,watches-only/WWNA17375E71G1A1.png,product-shots/WWNA17375E71G1A1/main.jpg,https://raw.githubusercontent.com/AveryArtlife/gembreak-images/main/watches-only/WWNA17375E71G1A1.png,,pass,pass,,True,335c4221207a8af04cd080b584b57c1ccaad6eaf95a2bce3455d6ca8af0fbf4a,1024,1536,1.0,0.849609,0.910156,0.5,0.500651,1200,1200,1.0
334,WWNCBN2A1AA.FT6228,Tag Heuer,Tag Heuer Carrera Chronograph Day-Date Automatic Black Dial Rubber Strap Men's Watch CBN2A1AA.FT6228,exact-existing,,watches-only/WWNCBN2A1AA.FT6228.png,product-shots/WWNCBN2A1AA.FT6228/main.jpg,https://raw.githubusercontent.com/AveryArtlife/gembreak-images/main/watches-only/WWNCBN2A1AA.FT6228.png,,pass,pass,,True,d77cac476a74c71529b323087ec790c6344a5957aaefcb551f0ae67087aeeda7,1024,1536,1.0,0.746094,0.908203,0.499023,0.500326,1200,1200,1.0
335,W2131,TAG Heuer,TAG HEUER Aquaracer 300M Automatic 43MM Men's Watch WBP201A.BA0632,exact-existing,,watches-only/W2131.png,product-shots/W2131/main.jpg,https://raw.githubusercontent.com/AveryArtlife/gembreak-images/main/watches-only/W2131.png,https://raw.githubusercontent.com/AveryArtlife/gembreak-images/main/watches-only/W2131.png,pass,pass,,True,47541ba557268fac263b34b740c6fbe859860595b5f2cad9fda57390392f0002,1024,1536,1.0,0.738281,0.938802,0.525391,0.488281,1200,1200,1.0
336,CR01-400-7772-4054-07-5-20-82,Oris,Oris Divers Sixty Five 12H Leather Strap Black Dial Automatic 01 400 7772 4054-07 5 20 82 100M Men's Watch,exact-existing,,watches-only/CR01-400-7772-4054-07-5-20-82.png,product-shots/CR01-400-7772-4054-07-5-20-82/main.jpg,https://raw.githubusercontent.com/AveryArtlife/gembreak-images/main/watches-only/CR01-400-7772-4054-07-5-20-82.png,https://cdn.creationwatches.com/products/images/ebayimages/01-400-7772-4054-07-5-20-82.jpg,pass,pass,,True,8a47570a55496b6f3bf98b4745b0901c5987b5c521e99b8512fd6c8c498d26c1,1024,1536,1.0,0.795898,0.908203,0.499512,0.499674,1200,1200,1.0
337,WW341,Breitling,Breitling Endurance Pro 38MM Purple Rubber Unisex Watch,exact-existing,,watches-only/WW341.png,product-shots/WW341/main.jpg,https://raw.githubusercontent.com/AveryArtlife/gembreak-images/main/watches-only/WW341.png,https://raw.githubusercontent.com/AveryArtlife/gembreak-images/main/watches-only/WW341.png,pass,pass,,True,5e39650a368958d9f34b3dce0f1f5970291cf7ed8a1305d4ce131162ff08b0bd,1024,1536,1.0,0.78125,0.851562,0.499023,0.5,1200,1200,1.0
338,WWNWBN2319.BA0001,Tag Heuer,Tag Heuer Carrera Date Automatic Diamond Purple Dial Stainless Steel Women's Watch WBN2319.BA0001,exact-existing,,watches-only/WWNWBN2319.BA0001.png,product-shots/WWNWBN2319.BA0001/main.jpg,https://raw.githubusercontent.com/AveryArtlife/gembreak-images/main/watches-only/WWNWBN2319.BA0001.png,,pass,pass,,True,391ad4acb92fc5dbd8f2fbb38f3c896dc8d760dd568288b3b9b4cf146f37d565,1024,1536,1.0,0.705078,0.907552,0.5,0.5,1200,1200,1.0
339,WWN428.17.26.60.04.009,Omega,Omega De Ville Tresor MinI White Dial Diamond Case Leather Strap Women's Watch 428.17.26.60.04.009,exact-existing,,watches-only/WWN428.17.26.60.04.009.png,product-shots/WWN428.17.26.60.04.009/main.jpg,https://raw.githubusercontent.com/AveryArtlife/gembreak-images/main/watches-only/WWN428.17.26.60.04.009.png,,pass,pass,,True,75fe8cb2804af1dd241e055c6c5dfd9668c0111aa4c3d69bf88a4c25b774db42,1024,1536,1.0,0.780273,0.911458,0.500488,0.5,1200,1200,1.0
340,TAG-NRCANN,Tag Heuer,Tag Heuer Aquaracer Professional 300 Grey Dial Automatic Diver's WBP201C.BA0632 300M Men's Watch,exact-existing,,watches-only/TAG-NRCANN.png,product-shots/TAG-NRCANN/main.jpg,https://raw.githubusercontent.com/AveryArtlife/gembreak-images/main/watches-only/TAG-NRCANN.png,https://cdn.creationwatches.com/products/images/ebayimages/WBP201C.BA0632.jpg,pass,pass,,True,730e9caad94d06abbf3e225b3e10134f6c93c37774a3e26445ed4bf49e81ae7e,2048,2048,1.0,0.602051,0.950195,0.500244,0.5,1200,1200,1.0
341,WWNWAR1115.FC6392,Tag Heuer,Tag Heuer Carrera Quartz Grey Dial Diamond Bezel Leather Strap Women's Watch WAR1115.FC6392,exact-existing,,watches-only/WWNWAR1115.FC6392.png,product-shots/WWNWAR1115.FC6392/main.jpg,https://raw.githubusercontent.com/AveryArtlife/gembreak-images/main/watches-only/WWNWAR1115.FC6392.png,,pass,pass,,True,a5574dad84b2ae037a9d82c87db4a2da1965c1d41911cf7170df33cd1fdaa398,1024,1536,1.0,0.761719,0.907552,0.5,0.5,1200,1200,1.0
342,WWNWBN231B.BA0001,Tag Heuer,Tag Heuer Carrera Date Automatic Silver Diamond Dial Steel Women's Watch WBN231B.BA0001,exact-existing,,watches-only/WWNWBN231B.BA0001.png,product-shots/WWNWBN231B.BA0001/main.jpg,https://raw.githubusercontent.com/AveryArtlife/gembreak-images/main/watches-only/WWNWBN231B.BA0001.png,,pass,pass,,True,87e12f2afada70fd815add4247e2cdd347bd055e63e37cd7677c1e7298b86621,1024,1536,1.0,0.668945,0.908203,0.499512,0.499674,1200,1200,1.0
343,WWNWDA2114.BA0043,Tag Heuer,Tag Heuer Carrera Date Twin-Time Automatic Green Dial Stainless Steel Men's Watch WDA2114.BA0043,exact-existing,,watches-only/WWNWDA2114.BA0043.png,product-shots/WWNWDA2114.BA0043/main.jpg,https://raw.githubusercontent.com/AveryArtlife/gembreak-images/main/watches-only/WWNWDA2114.BA0043.png,,pass,pass,,True,9d9e05d40e8a28c14f181418593f93800c0eecc2670335289bfb3a005a903d25,1024,1536,1.0,0.762695,0.906901,0.499512,0.500326,1200,1200,1.0
344,WWNA10380101C1A1,Breitling,Breitling Chronomat Automatic 36 Blue Dial Stainless Steel Women's Watch A10380101C1A1,exact-existing,,watches-only/WWNA10380101C1A1.png,product-shots/WWNA10380101C1A1/main.jpg,https://raw.githubusercontent.com/AveryArtlife/gembreak-images/main/watches-only/WWNA10380101C1A1.png,,pass,pass,,True,30f5168b7ed104fe07015bd476e1884a77a69ffb6122d3df3e780905ca59bc21,1024,1536,1.0,0.727539,0.907552,0.500488,0.5,1200,1200,1.0
345,WWNA17329161C1P1,Breitling,Breitling Navitimer Automatic 41 Blue Dial Leather Strap Men's Watch A17329161C1P1,exact-existing,,watches-only/WWNA17329161C1P1.png,product-shots/WWNA17329161C1P1/main.jpg,https://raw.githubusercontent.com/AveryArtlife/gembreak-images/main/watches-only/WWNA17329161C1P1.png,,pass,pass,,True,ae594796b53537121744cf6cb0d1badae1bf6bcdd960a7fc5d503ad7cf5c3805,1024,1536,1.0,0.755859,0.908203,0.5,0.499674,1200,1200,1.0
346,WW134,Longines,Longines Master Collection Moonphase Automatic 40MM Blue Diamond,exact-existing,,watches-only/WW134.png,product-shots/WW134/main.jpg,https://raw.githubusercontent.com/AveryArtlife/gembreak-images/main/watches-only/WW134.png,https://raw.githubusercontent.com/AveryArtlife/gembreak-images/main/watches-only/WW134.png,pass,pass,,True,83907dd3c8a3c906a5713f2dbe42f1d660f2d991cd7b36d82f18645eadfab2cf,571,1000,1.0,0.891419,0.936,0.5,0.5,1200,1200,1.0
347,WWNL8.124.4.87.6-CD,Longines,Longines Primaluna Custom Diamond  Mother of Pearl Diamond Dial Women's Watch L8.124.4.87.6-CD,exact-existing,,watches-only/WWNL8.124.4.87.6-CD.png,product-shots/WWNL8.124.4.87.6-CD/main.jpg,https://raw.githubusercontent.com/AveryArtlife/gembreak-images/main/watches-only/WWNL8.124.4.87.6-CD.png,,pass,pass,,True,59276466a86605a473f52b2f964d7346625b6e40cf7d829c43134cc01e6f0284,1024,1536,1.0,0.623047,0.908854,0.499023,0.5,1200,1200,1.0
348,WL15,Tudor,TUDOR Royal Black Diamond Dial 34MM SS Women's Watch M28400-0004,exact-existing,,watches-only/WL15.png,product-shots/WL15/main.jpg,https://raw.githubusercontent.com/AveryArtlife/gembreak-images/main/watches-only/WL15.png,https://raw.githubusercontent.com/AveryArtlife/gembreak-images/main/watches-only/WL15.png,pass,pass,,True,66f82644a340f125e12f3bb3e641876d33c27f28ef249c601992a7c934f687ba,1024,1536,1.0,0.77832,0.911458,0.500488,0.5,1200,1200,1.0
349,WWNA233803A1B1A1,Breitling,Breitling Classic Avi Chronograph 42 P-51 Mustang Black Dial Steel Bracelet Men's Watch A233803A1B1A1,exact-existing,,watches-only/WWNA233803A1B1A1.png,product-shots/WWNA233803A1B1A1/main.jpg,https://raw.githubusercontent.com/AveryArtlife/gembreak-images/main/watches-only/WWNA233803A1B1A1.png,,pass,pass,,True,9a01df68fa0659bca92d11112562cb343e5f94662b98f68bb4e74ab581824e17,1024,1536,1.0,0.78418,0.909505,0.499512,0.500977,1200,1200,1.0
350,CART-W25065Z5,Cartier,Santos — SS SANT DEMOIS 26-SLV ROM-BRC,exact-existing,,watches-only/CART-W25065Z5.png,product-shots/CART-W25065Z5/main.jpg,https://raw.githubusercontent.com/AveryArtlife/gembreak-images/main/watches-only/CART-W25065Z5.png,,pass,pass,,True,f983149d5d7be3e80b0edc12071a6c0a0c52cb5d5700de0a4749ba4566ec2795,2048,2048,1.0,0.375488,0.894531,0.510498,0.509766,1200,1200,1.0
351,CART-W62016V3,Cartier,Roadster — SS ROAD37-SLV ROM-BRC,exact-existing,,watches-only/CART-W62016V3.png,product-shots/CART-W62016V3/main.jpg,https://raw.githubusercontent.com/AveryArtlife/gembreak-images/main/watches-only/CART-W62016V3.png,,pass,pass,,True,de59a6f6f59556e680f8084d0f6db91473e42793570ed524304814ed601c5cf7,2048,2048,1.0,0.583496,0.961914,0.526123,0.505371,1200,1200,1.0
352,CRWBN2113.BA0639,Tag Heuer,Tag Heuer Carrera Stainless Steel Black Dial Automatic WBN2113.BA0639 100M Men's Watch,exact-existing,,watches-only/CRWBN2113.BA0639.png,product-shots/CRWBN2113.BA0639/main.jpg,https://raw.githubusercontent.com/AveryArtlife/gembreak-images/main/watches-only/CRWBN2113.BA0639.png,https://cdn.creationwatches.com/products/images/ebayimages/WBN2113.BA0639.jpg,pass,pass,,True,3cc63e0ac780e0ea72f4ae762c26ff3282ba01f0e9c244c9beafa71474f19b4a,1024,1536,1.0,0.780273,0.907552,0.499512,0.5,1200,1200,1.0
353,CRWBN2012.BA0640,Tag Heuer,Tag Heuer Carrera Stainless Steel Blue Dial Automatic WBN2012.BA0640 100M Men's Watch,exact-existing,,watches-only/CRWBN2012.BA0640.png,product-shots/CRWBN2012.BA0640/main.jpg,https://raw.githubusercontent.com/AveryArtlife/gembreak-images/main/watches-only/CRWBN2012.BA0640.png,https://cdn.creationwatches.com/products/images/ebayimages/WBN2012.BA0640.jpg,pass,pass,,True,49cb630c6ddc9e85063106d10d67f3853b89f75bb722d8afeb8193c46bea22b4,1024,1536,1.0,0.776367,0.907552,0.499512,0.5,1200,1200,1.0
354,CART-W6701010,Cartier,Ronde — SS RONDE SOLO42-SLV ROM-STRAP,exact-existing,,watches-only/CART-W6701010.png,product-shots/CART-W6701010/main.jpg,https://raw.githubusercontent.com/AveryArtlife/gembreak-images/main/watches-only/CART-W6701010.png,,pass,pass,,True,d1dc9a05f10d0dbd8362a34de18edd788dd95c315f252a09cdef2cd23c817cca,2048,2048,1.0,0.543945,0.973633,0.494141,0.499512,1200,1200,1.0
355,WW682,Longines,Longines Elegant Automatic Ss 37MM White Dial Two-tone Unisex,exact-existing,,watches-only/WW682.png,product-shots/WW682/main.jpg,https://raw.githubusercontent.com/AveryArtlife/gembreak-images/main/watches-only/WW682.png,https://raw.githubusercontent.com/AveryArtlife/gembreak-images/main/watches-only/WW682.png,pass,pass,,True,34a4a142620081315970d154b7599d48b8c634b228c6ebc76804c8e0556a00c8,1024,1536,1.0,0.605469,0.903646,0.521484,0.485677,1200,1200,1.0
356,WWNE10379351B1E1,Breitling,Breitling Superocean Automatic 46 Super Diver Black Dial Titanium Men's Watch E10379351B1E1,exact-existing,,watches-only/WWNE10379351B1E1.png,product-shots/WWNE10379351B1E1/main.jpg,https://raw.githubusercontent.com/AveryArtlife/gembreak-images/main/watches-only/WWNE10379351B1E1.png,,pass,pass,,True,0f83be9baebdea9cd6ea36cd7829e5a165b3fad776a012d237eeb79d10ae98df,1024,1536,1.0,0.875,0.86849,0.5,0.499349,1200,1200,1.0
357,CART-W250295A,Cartier,Panthere — SS PANTH 25X30-SILV ROM-YG BEZ-STRAP,exact-existing,,watches-only/CART-W250295A.png,product-shots/CART-W250295A/main.jpg,https://raw.githubusercontent.com/AveryArtlife/gembreak-images/main/watches-only/CART-W250295A.png,,pass,pass,,True,082a3d3363cc2c7d69964f02121bd38e81806f8b0320eb165cdf6f6e9655716d,2048,2048,1.0,0.498535,0.92041,0.525146,0.510498,1200,1200,1.0
358,WWNWDA2111.BA0043,Tag Heuer,Tag Heuer Carrera Day-Date Automatic Black Dial Stainless Steel Men's Watch WDA2111.BA0043,exact-existing,,watches-only/WWNWDA2111.BA0043.png,product-shots/WWNWDA2111.BA0043/main.jpg,https://raw.githubusercontent.com/AveryArtlife/gembreak-images/main/watches-only/WWNWDA2111.BA0043.png,,pass,pass,,True,69225dd6397e067219711015b56ff4869abc662861a00e0426a498a793daad2a,1024,1536,1.0,0.758789,0.907552,0.499512,0.5,1200,1200,1.0
359,W1104,Breitling,BREITLING Endurance Pro Chronometer Quartz 44MM Black Rubber Men's,exact-existing,,watches-only/W1104.png,product-shots/W1104/main.jpg,https://raw.githubusercontent.com/AveryArtlife/gembreak-images/main/watches-only/W1104.png,https://raw.githubusercontent.com/AveryArtlife/gembreak-images/main/watches-only/W1104.png,pass,pass,,True,b5b012dfaf55259082be12290f6881dbfd1c7c525b55da7036591b8f6c1d6b20,1024,1536,1.0,0.779297,0.911458,0.5,0.5,1200,1200,1.0
360,WWNL3.821.4.93.6,Longines,Longines Spirit Flyback Automatic Chronograph Blue Dial Stainless Steel Men's Watch L3.821.4.93.6,exact-existing,,watches-only/WWNL3.821.4.93.6.png,product-shots/WWNL3.821.4.93.6/main.jpg,https://raw.githubusercontent.com/AveryArtlife/gembreak-images/main/watches-only/WWNL3.821.4.93.6.png,,pass,pass,,True,68c505de7d606ccdd9cf6ab59050102b19978744c7175939f3334c54f645f736,1024,1536,1.0,0.802734,0.907552,0.5,0.5,1200,1200,1.0
361,WWNA17376A31L1A1,Breitling,Breitling Superocean Automatic 44 Green Dial Stainless Steel Men's Watch A17376A31L1A1,exact-existing,,watches-only/WWNA17376A31L1A1.png,product-shots/WWNA17376A31L1A1/main.jpg,https://raw.githubusercontent.com/AveryArtlife/gembreak-images/main/watches-only/WWNA17376A31L1A1.png,,pass,pass,,True,42070e051a5365f61ae0901a87da4dedc10b2a9c46f1d71552629ddb90d39aac,1024,1536,1.0,0.830078,0.90625,0.499023,0.5,1200,1200,1.0
362,WWNCAZ2012.BA0970,Tag Heuer,Tag Heuer Formula 1 Automatic Chronograph Grey Dial Ceramic & Stainless Steel Men's Watch CAZ2012.BA0970,exact-existing,,watches-only/WWNCAZ2012.BA0970.png,product-shots/WWNCAZ2012.BA0970/main.jpg,https://raw.githubusercontent.com/AveryArtlife/gembreak-images/main/watches-only/WWNCAZ2012.BA0970.png,,pass,pass,,True,18f56aefd26205f14cffc63f26338bc4411b9de81f0d2d34399b279e4163954a,1024,1536,1.0,0.776367,0.908203,0.499512,0.499674,1200,1200,1.0
363,WWNM91451-0009,Tudor,Tudor 1926 36mm Midsize Two-Tone 18K Rose Gold & Steel Women's Watch M91451-0009,exact-existing,,watches-only/WWNM91451-0009.png,product-shots/WWNM91451-0009/main.jpg,https://raw.githubusercontent.com/AveryArtlife/gembreak-images/main/watches-only/WWNM91451-0009.png,,pass,pass,,True,dc338588edc627cc32dba793a51bab0a1ea7d7bab6b6163fc5dcff15e9a4e16c,1024,1536,1.0,0.814453,0.90625,0.5,0.5,1200,1200,1.0
364,WWNWDA2115.BA0043,Tag Heuer,Tag Heuer Carrera Day-Date Automatic Green Dial Stainless Steel Men's Watch WDA2115.BA0043,exact-existing,,watches-only/WWNWDA2115.BA0043.png,product-shots/WWNWDA2115.BA0043/main.jpg,https://raw.githubusercontent.com/AveryArtlife/gembreak-images/main/watches-only/WWNWDA2115.BA0043.png,,pass,pass,,True,ba0c247d68371b1bc94b4e3bc168edecd3fd7b7477faa3dff475605048cf15c1,1024,1536,1.0,0.764648,0.911458,0.500488,0.5,1200,1200,1.0
365,WWNA17376211B1A1,Breitling,Breitling Superocean Automatic 44 Black Dial Stainless Steel Men's Watch A17376211B1A1,exact-existing,,watches-only/WWNA17376211B1A1.png,product-shots/WWNA17376211B1A1/main.jpg,https://raw.githubusercontent.com/AveryArtlife/gembreak-images/main/watches-only/WWNA17376211B1A1.png,,pass,pass,,True,5417766c081c71a7efb50affbfd86263ebcb4f88348e010cf2ca93a0d88f98aa,1024,1536,1.0,0.875977,0.904948,0.499512,0.5,1200,1200,1.0
366,WWN424.10.40.20.02.002,Omega,Omega De Ville Prestige Co-Axial 39.5mm Automatic Silver Dial Steel Men's Watch 424.10.40.20.02.002,exact-existing,,watches-only/WWN424.10.40.20.02.002.png,product-shots/WWN424.10.40.20.02.002/main.jpg,https://raw.githubusercontent.com/AveryArtlife/gembreak-images/main/watches-only/WWN424.10.40.20.02.002.png,,pass,pass,,True,879c0aa33403e17d54d846a364374dc9d8840c91489a9f5c9b9c1ae4d146d0c6,1024,1536,1.0,0.785156,0.907552,0.499023,0.5,1200,1200,1.0
367,CART-WE110007,Cartier,Tank — SS TANK FRANC QTZ 25X30-SLV DIA-BRC,exact-existing,,watches-only/CART-WE110007.png,product-shots/CART-WE110007/main.jpg,https://raw.githubusercontent.com/AveryArtlife/gembreak-images/main/watches-only/CART-WE110007.png,,pass,pass,,True,166d8cf10555bfef51a69b8db9d8c31cfb3efef57f30ca9350092f4f24b3a85b,2048,2048,1.0,0.396973,0.964355,0.512451,0.500244,1200,1200,1.0
368,WWNA77330121A2A1,Breitling,Breitling Premier Lady 32 Mother of Pearl Dial Stainless Steel Women's Watch A77330121A2A1,exact-existing,,watches-only/WWNA77330121A2A1.png,product-shots/WWNA77330121A2A1/main.jpg,https://raw.githubusercontent.com/AveryArtlife/gembreak-images/main/watches-only/WWNA77330121A2A1.png,,pass,pass,,True,987007e103b95d00786f18e85d768948412abd5ba0f973f500fffccd1b99b043,1024,1536,1.0,0.783203,0.908854,0.5,0.501302,1200,1200,1.0
369,TUDO-W2139,Tudor,Tudor Glamour Date Silver Diamond-Set Dial Stainless Steel Unisex Watch M51000-0004,exact-existing,,watches-only/TUDO-W2139.png,product-shots/TUDO-W2139/main.jpg,https://raw.githubusercontent.com/AveryArtlife/gembreak-images/main/watches-only/TUDO-W2139.png,,pass,pass,,True,c6a05cd5dff9edcfb7ff0e8f6c0f6a7bbabca584f2711ecc98a2b84dd184af2c,2048,2048,1.0,0.45459,0.945801,0.497803,0.506592,1200,1200,1.0
370,WWNA77320D91K1P1,Breitling,Breitling Navitimer 32 Pink Pearl Diamond Dial Leather Strap Women's Watch A77320D91K1P1,exact-existing,,watches-only/WWNA77320D91K1P1.png,product-shots/WWNA77320D91K1P1/main.jpg,https://raw.githubusercontent.com/AveryArtlife/gembreak-images/main/watches-only/WWNA77320D91K1P1.png,,pass,pass,,True,2e56296678d77571a6b071dd06f9482b42556439943b4f7a5841785679cf81e8,1024,1536,1.0,0.779297,0.908203,0.5,0.499674,1200,1200,1.0
371,W1392,Longines,LONGINES HydroConquest GMT Automatic 41MM Brown Dial Men's Watch L,exact-existing,,watches-only/W1392.png,product-shots/W1392/main.jpg,https://raw.githubusercontent.com/AveryArtlife/gembreak-images/main/watches-only/W1392.png,https://raw.githubusercontent.com/AveryArtlife/gembreak-images/main/watches-only/W1392.png,pass,pass,,True,8fa15f16d1a16a37e1d30bb80a38fea29110f8ea70b570d83c49917455008b9f,1024,1536,1.0,0.786133,0.957682,0.51709,0.499674,1200,1200,1.0
372,TAG-A10771,Tag Heuer,TAG Heuer Carrera Stainless Steel Turquoise Blue Dial Automatic WBN2316.BA0001 Women's Watch,exact-existing,,watches-only/TAG-A10771.png,product-shots/TAG-A10771/main.jpg,https://raw.githubusercontent.com/AveryArtlife/gembreak-images/main/watches-only/TAG-A10771.png,https://cdn.creationwatches.com/products/images/ebayimages/WBN2316.BA0001.jpg,pass,pass,,True,d15ca13ca7f04652901f2c048c033cabf0dff2c2793a5fe835a50a4c273b020a,2048,2048,1.0,0.50293,0.945801,0.5,0.499756,1200,1200,1.0
373,WWNA17377211C1A1,Breitling,Breitling Superocean Automatic 36 Turquoise Dial Stainless Steel Unisex Watch A17377211C1A1,exact-existing,,watches-only/WWNA17377211C1A1.png,product-shots/WWNA17377211C1A1/main.jpg,https://raw.githubusercontent.com/AveryArtlife/gembreak-images/main/watches-only/WWNA17377211C1A1.png,,pass,pass,,True,3438cbc4a2ac69026c8409d75fa9e08d2c19e489149f847d8e6e610ba2c3720a,1024,1536,1.0,0.807617,0.911458,0.500488,0.5,1200,1200,1.0
374,WWNA17378E71C1S1,Breitling,Breitling Superocean Automatic 46 Blue Dial Rubber Strap Men's Watch A17378E71C1S1,exact-existing,,watches-only/WWNA17378E71C1S1.png,product-shots/WWNA17378E71C1S1/main.jpg,https://raw.githubusercontent.com/AveryArtlife/gembreak-images/main/watches-only/WWNA17378E71C1S1.png,,pass,pass,,True,1de3c4e38ec4e666a308fc228fe921e065cb61c2edbf5d0de5a2f0319e860c2d,1024,1536,1.0,0.875,0.891276,0.5,0.499023,1200,1200,1.0
375,W1282,Longines,LONGINES Record Automatic 40MM White Dial Leather Men's Watch L2.8,exact-existing,,watches-only/W1282.png,product-shots/W1282/main.jpg,https://raw.githubusercontent.com/AveryArtlife/gembreak-images/main/watches-only/W1282.png,https://raw.githubusercontent.com/AveryArtlife/gembreak-images/main/watches-only/W1282.png,pass,pass,,True,6b532869930a4f4a761a61b975944fc1da1d2dfc2e372dcb7f6507f4b2d6b32d,1024,1536,1.0,0.78125,0.889974,0.5,0.500326,1200,1200,1.0
376,WW866,Tag Heuer,Tag Heuer Formula 1 43MM Chrono Quartz Men's Watch Caz101ag.ba0842,exact-existing,,watches-only/WW866.png,product-shots/WW866/main.jpg,https://raw.githubusercontent.com/AveryArtlife/gembreak-images/main/watches-only/WW866.png,https://raw.githubusercontent.com/AveryArtlife/gembreak-images/main/watches-only/WW866.png,pass,pass,,True,ed1144b48f3cb4d91d8208f1a83e7336e84d53ba7ccfeae6d19bde48e414f79f,1024,1536,1.0,0.780273,0.861328,0.500488,0.500326,1200,1200,1.0
377,CART-W3140026,Cartier,Pasha — SS  MISS PASHA 27-PNK IXNUM-STRAP,exact-existing,,watches-only/CART-W3140026.png,product-shots/CART-W3140026/main.jpg,https://raw.githubusercontent.com/AveryArtlife/gembreak-images/main/watches-only/CART-W3140026.png,,pass,pass,,True,f68f0014519f6f75dc01dcecac4302e49c9e1fe90c6ceb760ac0d67aef4bfd65,2048,2048,1.0,0.512695,0.963379,0.527832,0.502686,1200,1200,1.0
378,CART-N10796,Cartier,Cartier Ronde Must De Cartier Silver Dial Leather Strap Women's Watch WSRN0030,exact-existing,,watches-only/CART-N10796.png,product-shots/CART-N10796/main.jpg,https://raw.githubusercontent.com/AveryArtlife/gembreak-images/main/watches-only/CART-N10796.png,,pass,pass,,True,e25a563663a966a9cd8097a31f17bbef8ebd259686b8e36f4120f07bb2c6086c,2048,2048,1.0,0.476562,0.929199,0.511719,0.504639,1200,1200,1.0
379,W1112,Breitling,BREITLING Endurance Pro IRONMAN Edition Chronometer Quartz 44MM Re,exact-existing,,watches-only/W1112.png,product-shots/W1112/main.jpg,https://raw.githubusercontent.com/AveryArtlife/gembreak-images/main/watches-only/W1112.png,https://raw.githubusercontent.com/AveryArtlife/gembreak-images/main/watches-only/W1112.png,pass,pass,,True,c3b2b8c3361ca9d7731345c09a697fd5192c2af26bee81e648fd13aa9bed4de0,612,900,1.0,0.98366,0.994444,0.5,0.502778,1200,1200,1.0
380,W1355,Longines,LONGINES Spirit Zulu Time Chronometer 39MM Black Dial Leather Men',exact-existing,,watches-only/W1355.png,product-shots/W1355/main.jpg,https://raw.githubusercontent.com/AveryArtlife/gembreak-images/main/watches-only/W1355.png,https://raw.githubusercontent.com/AveryArtlife/gembreak-images/main/watches-only/W1355.png,pass,pass,,True,417bba0e31f7c639d17ebf059571101a57ce85186876d5b242933a45ffa70177,1024,1536,1.0,0.754883,0.904948,0.524902,0.486979,1200,1200,1.0
381,W2113,TAG Heuer,TAG HEUER Formula 1 X Red Bull Racing Quartz 43MM SS Men's Watch C,exact-existing,,watches-only/W2113.png,product-shots/W2113/main.jpg,https://raw.githubusercontent.com/AveryArtlife/gembreak-images/main/watches-only/W2113.png,https://raw.githubusercontent.com/AveryArtlife/gembreak-images/main/watches-only/W2113.png,pass,pass,,True,f3fe7489d833553faaff32a1d683d139d941962d36d8b6c5b99e0b67392859e0,1024,1536,1.0,0.760742,0.934245,0.520996,0.486654,1200,1200,1.0
382,W1389,Longines,LONGINES Symphonette Quartz SS Oval MOP 56 Diamond Women's Watch L,exact-existing,,watches-only/W1389.png,product-shots/W1389/main.jpg,https://raw.githubusercontent.com/AveryArtlife/gembreak-images/main/watches-only/W1389.png,https://raw.githubusercontent.com/AveryArtlife/gembreak-images/main/watches-only/W1389.png,pass,pass,,True,5b1b7f9964423519c33d44bea2c2007937508e527c1dd211e84e3cf6370fa2ed,276,900,1.0,0.978261,0.983333,0.503623,0.499444,1200,1200,1.0
383,W1125,Breitling,BREITLING Endurance Pro Chronograph Quartz 38MM White Rubber Women,exact-existing,,watches-only/W1125.png,product-shots/W1125/main.jpg,https://raw.githubusercontent.com/AveryArtlife/gembreak-images/main/watches-only/W1125.png,https://raw.githubusercontent.com/AveryArtlife/gembreak-images/main/watches-only/W1125.png,pass,pass,,True,1a697f418ba0889a41110abf4da1bb66bde58657d74c145d3cc0d9856a227265,501,900,1.0,0.986028,1.0,0.500998,0.5,1200,1200,1.0
384,WWNWAY1396.BH0717,Tag Heuer,Tag Heuer Aquaracer Lady 300M 35MM White Ceramic Diamond Women's Watch WAY1396.BH0717,exact-existing,,watches-only/WWNWAY1396.BH0717.png,product-shots/WWNWAY1396.BH0717/main.jpg,https://raw.githubusercontent.com/AveryArtlife/gembreak-images/main/watches-only/WWNWAY1396.BH0717.png,,pass,pass,,True,3a247091391bb9b73f2670ba600f522e57f442b27b243acb071243152c7bdec8,1024,1536,1.0,0.71875,0.907552,0.5,0.5,1200,1200,1.0
385,WWNA17376211L2S1,Breitling,Breitling Superocean Automatic 44 Turquoise Dial Rubber Strap Men's Watch A17376211L2S1,exact-existing,,watches-only/WWNA17376211L2S1.png,product-shots/WWNA17376211L2S1/main.jpg,https://raw.githubusercontent.com/AveryArtlife/gembreak-images/main/watches-only/WWNA17376211L2S1.png,,pass,pass,,True,0561f0ea901a59c3c0c230a5a6855185d93738b8a0367a1dc84929f5ee35fd99,1024,1536,1.0,0.799805,0.907552,0.500488,0.5,1200,1200,1.0
386,WWN103963,Bulgari,Bulgari Bulgari Aluminum Pepsi GMT White Dial Rubber Strap Men's Watch 103963,exact-existing,,watches-only/WWN103963.png,product-shots/WWN103963/main.jpg,https://raw.githubusercontent.com/AveryArtlife/gembreak-images/main/watches-only/WWN103963.png,,pass,pass,,True,6bcd2ed8042348a9b14ab862623c0f4b8ac5c17937931e9459b9105f6bc37ec3,1024,1536,1.0,0.745117,0.909505,0.499512,0.500977,1200,1200,1.0
387,W1292,Longines,LONGINES Mini DolceVita Quartz 21.5MM White Dial Diamond Women's W,exact-existing,,watches-only/W1292.png,product-shots/W1292/main.jpg,https://raw.githubusercontent.com/AveryArtlife/gembreak-images/main/watches-only/W1292.png,https://raw.githubusercontent.com/AveryArtlife/gembreak-images/main/watches-only/W1292.png,pass,pass,,True,4970a221ab2bb9f9b985ea492ab07a7e293fbb8095da157b969580c2445b66f6,313,900,1.0,0.977636,0.99,0.498403,0.500556,1200,1200,1.0
388,W1100,Breitling,BREITLING Endurance Pro 38MM Red Rubber Ladies Watch X83310D91B2S1,exact-existing,,watches-only/W1100.png,product-shots/W1100/main.jpg,https://raw.githubusercontent.com/AveryArtlife/gembreak-images/main/watches-only/W1100.png,https://raw.githubusercontent.com/AveryArtlife/gembreak-images/main/watches-only/W1100.png,pass,pass,,True,7e0bc0b650329636546d09d2b26f7178efdd95fc37f680ea6e18b26c908b6f9b,1024,1536,1.0,0.78125,0.854167,0.5,0.498698,1200,1200,1.0
389,WW117,Longines,Longines Master Collection Moonphase Automatic 42MM 13 Diamond,exact-existing,,watches-only/WW117.png,product-shots/WW117/main.jpg,https://raw.githubusercontent.com/AveryArtlife/gembreak-images/main/watches-only/WW117.png,https://raw.githubusercontent.com/AveryArtlife/gembreak-images/main/watches-only/WW714.png,pass,pass,,True,7ca89361e0bd499cd601e09e5bc5dd74c395130944a9bfb1a87ebdbc81d260a3,1024,1536,1.0,0.780273,0.911458,0.500488,0.5,1200,1200,1.0
390,WW683,Longines,Longines Elegant Automatic Ss 37MM Black Dial Two-tone Unisex,exact-existing,,watches-only/WW683.png,product-shots/WW683/main.jpg,https://raw.githubusercontent.com/AveryArtlife/gembreak-images/main/watches-only/WW683.png,https://raw.githubusercontent.com/AveryArtlife/gembreak-images/main/watches-only/WW682.png,pass,pass,,True,59a23162db9f5178b1313a777d90c3cf119bf0dfc651b89b089534bbcb92fee3,949,1658,1.0,0.694415,0.91918,0.513699,0.481303,1200,1200,1.0
391,W227,Hamilton,HAMILTON Ventura Edge Dune Limited Edition Men's Watch H24624330,exact-existing,,watches-only/W227.png,product-shots/W227/main.jpg,https://raw.githubusercontent.com/AveryArtlife/gembreak-images/main/watches-only/W227.png,https://raw.githubusercontent.com/AveryArtlife/gembreak-images/main/watches-only/W227.png,pass,pass,,True,11ad9ec58f134bba94587c444072a43c3fa4653b1c0a9ed1ecb98a032d1fb23a,1024,1536,1.0,0.785156,0.908203,0.482422,0.49707,1200,1200,1.0
392,WWNWBE5116.FC8266,Tag Heuer,Tag Heuer Autavia Calibre 5 Chronometer Automatic Blue Dial Leather Strap Men's Watch WBE5116.FC8266,exact-existing,,watches-only/WWNWBE5116.FC8266.png,product-shots/WWNWBE5116.FC8266/main.jpg,https://raw.githubusercontent.com/AveryArtlife/gembreak-images/main/watches-only/WWNWBE5116.FC8266.png,,pass,pass,,True,068249775a0a64e78e33c1ce3c151018429e335d90031352e2bffcf87822ff01,1024,1536,1.0,0.777344,0.906901,0.5,0.499674,1200,1200,1.0
393,W1293,Longines,LONGINES Symphonette Quartz 34MM Silver Dial 56 Diamond Bezel Leat,exact-existing,,watches-only/W1293.png,product-shots/W1293/main.jpg,https://raw.githubusercontent.com/AveryArtlife/gembreak-images/main/watches-only/W1293.png,https://raw.githubusercontent.com/AveryArtlife/gembreak-images/main/watches-only/W1293.png,pass,pass,,True,720111921eae68f7aaad69622258d3faca2de0470c62b2609a57dab4e6338dec,1024,1536,1.0,0.782227,0.911458,0.500488,0.5,1200,1200,1.0
394,WWNA17375211B1S1,Breitling,Breitling Superocean Automatic 42 Black Dial Rubber Strap Men's Watch A17375211B1S1,exact-existing,,watches-only/WWNA17375211B1S1.png,product-shots/WWNA17375211B1S1/main.jpg,https://raw.githubusercontent.com/AveryArtlife/gembreak-images/main/watches-only/WWNA17375211B1S1.png,,pass,pass,,True,e408013ab1af4a82ae55313d030d4195c9d644a5ffdfecbf0c51ec20149f6853,1024,1536,1.0,0.820312,0.908203,0.5,0.500326,1200,1200,1.0
395,WWNL5.255.5.89.7,Longines,Longines DolceVita Quartz Diamond Rose Gold & Steel Women's Watch L5.255.5.89.7,exact-existing,,watches-only/WWNL5.255.5.89.7.png,product-shots/WWNL5.255.5.89.7/main.jpg,https://raw.githubusercontent.com/AveryArtlife/gembreak-images/main/watches-only/WWNL5.255.5.89.7.png,,pass,pass,,True,575dc86e9e58061c6e313f44e3d0ce84cf4e715ff5a8c182180bed2d0562b3f5,1024,1536,1.0,0.396484,0.907552,0.5,0.5,1200,1200,1.0
396,WWNWBC2111.BA0603,Tag Heuer,Tag Heuer Link Automatic Silver Dial Stainless Steel Men's Watch WBC2111.BA0603,exact-existing,,watches-only/WWNWBC2111.BA0603.png,product-shots/WWNWBC2111.BA0603/main.jpg,https://raw.githubusercontent.com/AveryArtlife/gembreak-images/main/watches-only/WWNWBC2111.BA0603.png,,pass,pass,,True,ce5f6f40b279349ac4c2635d34eaa41ac6d3fa17b9c2f5cd153bc373b648d86a,1024,1536,1.0,0.717773,0.908203,0.499512,0.500326,1200,1200,1.0
397,WWNL3.835.4.72.6,Longines,Longines Conquest Automatic Chronograph Silver Dial Stainless Steel Men's Watch L3.835.4.72.6,exact-existing,,watches-only/WWNL3.835.4.72.6.png,product-shots/WWNL3.835.4.72.6/main.jpg,https://raw.githubusercontent.com/AveryArtlife/gembreak-images/main/watches-only/WWNL3.835.4.72.6.png,,pass,pass,,True,81dddb80be8816765b86892bc7931d7eeadfaaba78fe8c4371a75ad257d1ac69,1024,1536,1.0,0.785156,0.909505,0.5,0.500977,1200,1200,1.0
398,WWNWBN2012.BA0640,Tag Heuer,Tag Heuer Carrera Calibre 5 Day-Date Automatic Blue Dial Stainless Steel Men's Watch WBN2012.BA0640,exact-existing,,watches-only/WWNWBN2012.BA0640.png,product-shots/WWNWBN2012.BA0640/main.jpg,https://raw.githubusercontent.com/AveryArtlife/gembreak-images/main/watches-only/WWNWBN2012.BA0640.png,,pass,pass,,True,5c54b0cdafe0b9d3e85c7b1e5d154dc3d26faf568e1e49704f9bbc612d13c27e,1024,1536,1.0,0.742188,0.908203,0.499023,0.499674,1200,1200,1.0
399,W1382,Longines,LONGINES Conquest GMT Automatic SS 42MM Silver Dial Men's Watch L2,exact-existing,,watches-only/W1382.png,product-shots/W1382/main.jpg,https://raw.githubusercontent.com/AveryArtlife/gembreak-images/main/watches-only/W1382.png,https://raw.githubusercontent.com/AveryArtlife/gembreak-images/main/watches-only/W1382.png,pass,pass,,True,2249ac078666a913e71a116a6d6173e4bd53013d75eff29ac0307c7729b395f5,1024,1536,1.0,0.779297,0.911458,0.5,0.5,1200,1200,1.0
400,WWNL3.821.4.53.9,Longines,Longines Spirit Flyback Chronograph Black Dial Fabric Strap Men's Watch L3.821.4.53.9,exact-existing,,watches-only/WWNL3.821.4.53.9.png,product-shots/WWNL3.821.4.53.9/main.jpg,https://raw.githubusercontent.com/AveryArtlife/gembreak-images/main/watches-only/WWNL3.821.4.53.9.png,,pass,pass,,True,3df3ffc53fb77fec90616c560d56d65f81ba0ac1d7d7ec7e5dcf4e30a7be33a2,1024,1536,1.0,0.780273,0.859375,0.499512,0.5,1200,1200,1.0
401,WWNA77320171C1P1,Breitling,Breitling Navitimer 32 Blue Mother of Pearl Diamond Dial Leather Strap Women's Watch A77320171C1P1,exact-existing,,watches-only/WWNA77320171C1P1.png,product-shots/WWNA77320171C1P1/main.jpg,https://raw.githubusercontent.com/AveryArtlife/gembreak-images/main/watches-only/WWNA77320171C1P1.png,,pass,pass,,True,9aa46d9d027a2b8fbc7c80d99f8b0a54d9095dae5382555d7ddc30f18576c8ea,1024,1536,1.0,0.734375,0.907552,0.5,0.5,1200,1200,1.0
402,WW311,Tag Heuer,Tag Heuer Connected Calibre E4 Golf Edition 42MM Titanium,exact-existing,,watches-only/WW311.png,product-shots/WW311/main.jpg,https://raw.githubusercontent.com/AveryArtlife/gembreak-images/main/watches-only/WW311.png,https://raw.githubusercontent.com/AveryArtlife/gembreak-images/main/watches-only/WW311.png,pass,pass,,True,145cfa2c091b9af48163cacf58bbdc772b3423e160783359708a6267a74b1bdd,581,1000,1.0,0.984509,1.0,0.500861,0.5,1200,1200,1.0
403,WWNWBN2312.BA0001,Tag Heuer,Tag Heuer Carrera Date Automatic Green Dial Stainless Steel Women's Watch WBN2312.BA0001,exact-existing,,watches-only/WWNWBN2312.BA0001.png,product-shots/WWNWBN2312.BA0001/main.jpg,https://raw.githubusercontent.com/AveryArtlife/gembreak-images/main/watches-only/WWNWBN2312.BA0001.png,,pass,pass,,True,447ace32ff265b54dafd005e70d334da5361da03bfc653e10a75d9880917e467,1024,1536,1.0,0.686523,0.911458,0.499512,0.5,1200,1200,1.0
404,WWNWBN2112.BA0639,Tag Heuer,Tag Heuer Carrera Date Automatic Blue Dial Stainless Steel Men's Watch WBN2112.BA0639,exact-existing,,watches-only/WWNWBN2112.BA0639.png,product-shots/WWNWBN2112.BA0639/main.jpg,https://raw.githubusercontent.com/AveryArtlife/gembreak-images/main/watches-only/WWNWBN2112.BA0639.png,,pass,pass,,True,b6abca3ec220b3c66056b60ba21ea5c5b72f06de4eb70aef558997909fea1816,1024,1536,1.0,0.767578,0.909505,0.499023,0.500977,1200,1200,1.0
405,W1308,Longines,LONGINES Bella Arti 19MM Diamond Bezel MOP Dial Leather Band Women,exact-existing,,watches-only/W1308.png,product-shots/W1308/main.jpg,https://raw.githubusercontent.com/AveryArtlife/gembreak-images/main/watches-only/W1308.png,https://raw.githubusercontent.com/AveryArtlife/gembreak-images/main/watches-only/W1308.png,pass,pass,,True,ee965cb37ff7fe720df9c5c8f0cdcd75f38d7150143d7cb43bd0edb237d61380,1024,1536,1.0,0.780273,0.911458,0.499512,0.5,1200,1200,1.0
406,TAG-A10829,Tag Heuer,Tag Heuer Formula 1 Automatic WAZ2011.BA0843 Men's Watch,exact-existing,,watches-only/TAG-A10829.png,product-shots/TAG-A10829/main.jpg,https://raw.githubusercontent.com/AveryArtlife/gembreak-images/main/watches-only/TAG-A10829.png,https://cdn.creationwatches.com/products/images/ebayimages/WAZ2011.BA0843.jpg,pass,pass,,True,d3ece3a724ce2b7d44fb6391302d1550feb632a1dbd7c1cad34f7306cf27bdcd,2048,2048,1.0,0.580078,0.945312,0.5,0.5,1200,1200,1.0
407,WWNWBN2313.BA0001,Tag Heuer,Tag Heuer Carrera Date Automatic Pink Dial Stainless Steel Women's Watch WBN2313.BA0001,exact-existing,,watches-only/WWNWBN2313.BA0001.png,product-shots/WWNWBN2313.BA0001/main.jpg,https://raw.githubusercontent.com/AveryArtlife/gembreak-images/main/watches-only/WWNWBN2313.BA0001.png,,pass,pass,,True,fa9b559885c2e4abe9ea94c3a545c5d6f3163aa2a7903c08ea4bff16087ade4e,1024,1536,1.0,0.753906,0.907552,0.5,0.5,1200,1200,1.0
408,WWN01 400 7772 4054-07 5 20 82,Oris,Oris Divers Sixty-Five 12H Calibre 400 Automatic Black Dial Leather Strap Men's Watch 01 400 7772 4054-07 5 20 82,exact-existing,,watches-only/WWN01 400 7772 4054-07 5 20 82.png,product-shots/WWN01 400 7772 4054-07 5 20 82/main.jpg,https://raw.githubusercontent.com/AveryArtlife/gembreak-images/main/watches-only/WWN01 400 7772 4054-07 5 20 82.png,,pass,pass,,True,075f9c9c4c022e2586f3d834f0b9c4dd45281a1abeeaf688d01bf1b6b6eba160,1024,1536,1.0,0.780273,0.911458,0.500488,0.5,1200,1200,1.0
409,WWN01 400 7790 4135-07 4 23 45EB,Oris,Oris Aquis Date Calibre 400 Automatic Blue Dial Rubber Strap Men's Watch 01 400 7790 4135-07 4 23 45EB,exact-existing,,watches-only/WWN01 400 7790 4135-07 4 23 45EB.png,product-shots/WWN01 400 7790 4135-07 4 23 45EB/main.jpg,https://raw.githubusercontent.com/AveryArtlife/gembreak-images/main/watches-only/WWN01 400 7790 4135-07 4 23 45EB.png,,pass,pass,,True,7ecdf6efd6bcc84f56b11ce7b6ff8134706729397cc6f1061df105cdddbfb9c3,1024,1536,1.0,0.609375,0.911458,0.5,0.5,1200,1200,1.0
410,WWNL3.764.4.16.6,Longines,Longines Legend Diver Automatic White Dial Stainless Steel Men's Watch L3.764.4.16.6,exact-existing,,watches-only/WWNL3.764.4.16.6.png,product-shots/WWNL3.764.4.16.6/main.jpg,https://raw.githubusercontent.com/AveryArtlife/gembreak-images/main/watches-only/WWNL3.764.4.16.6.png,,pass,pass,,True,48b08119bb341a7aa64db76839c1a17d3a2c1a1d3240cbaaae98f143d4e72653,1024,1536,1.0,0.768555,0.907552,0.499512,0.5,1200,1200,1.0
411,WWNL2.830.4.93.0,Longines,Longines Heritage Classic Chrono Automatic Silver Dial Leather Strap Men's Watch L2.830.4.93.0,exact-existing,,watches-only/WWNL2.830.4.93.0.png,product-shots/WWNL2.830.4.93.0/main.jpg,https://raw.githubusercontent.com/AveryArtlife/gembreak-images/main/watches-only/WWNL2.830.4.93.0.png,,pass,pass,,True,8ab9ca898f88162ec172ec08b6cefea4c19872bcda6d23a0fdd65b2f2c31fa39,1024,1536,1.0,0.772461,0.906901,0.499512,0.499674,1200,1200,1.0
412,W235,Hamilton,HAMILTON Jazzmaster Performer 42MM AUTO Leather Men's Watch H36606,exact-existing,,watches-only/W235.png,product-shots/W235/main.jpg,https://raw.githubusercontent.com/AveryArtlife/gembreak-images/main/watches-only/W235.png,https://raw.githubusercontent.com/AveryArtlife/gembreak-images/main/watches-only/W235.png,pass,pass,,True,ac958c9edb8a8928cf261451b47793bc3aa3e53402eb7fe259508605d2986104,1024,1536,1.0,0.779297,0.858724,0.5,0.499674,1200,1200,1.0
413,WW138,Longines,Longines Hydroconquest Automatic 43MM Green Dial Two-tone Women's,exact-existing,,watches-only/WW138.png,product-shots/WW138/main.jpg,https://raw.githubusercontent.com/AveryArtlife/gembreak-images/main/watches-only/WW138.png,https://raw.githubusercontent.com/AveryArtlife/gembreak-images/main/watches-only/WW138.png,pass,pass,,True,d1f243f23d4ea71c2427a02477592810da9296cf5d7c7f3f4b7eeea96791d531,700,1000,1.0,0.868571,1.0,0.512857,0.5,1200,1200,1.0
414,W215,Hamilton,HAMILTON Jazzmaster Performer AutoChrono 42MM Anthracite Dial Leat,exact-existing,,watches-only/W215.png,product-shots/W215/main.jpg,https://raw.githubusercontent.com/AveryArtlife/gembreak-images/main/watches-only/W215.png,https://raw.githubusercontent.com/AveryArtlife/gembreak-images/main/watches-only/W215.png,pass,pass,,True,b8965645f14ac7119ace2b39363371d88ea359e95c04ab6d06ca2ebb54640200,1024,1536,1.0,0.802734,0.944661,0.491211,0.485352,1200,1200,1.0
415,OMEG-WL42,Omega,Omega De Ville Prestige Quartz 30mm Rose Dial Stainless Steel Women's Watch 434.10.30.60.02.001,exact-existing,,watches-only/OMEG-WL42.png,product-shots/OMEG-WL42/main.jpg,https://raw.githubusercontent.com/AveryArtlife/gembreak-images/main/watches-only/OMEG-WL42.png,,pass,pass,,True,4236e34a22c7440c6762ebec94a60eb43f6d1cf393e8533f342a3b61da73e2c4,2048,2048,1.0,0.511719,0.953125,0.496582,0.509766,1200,1200,1.0
416,W1454,Longines,LONGINES Conquest V.H.P. 36MM MOP Diamond Women's Watch L3.316.0.8,exact-existing,,watches-only/W1454.png,product-shots/W1454/main.jpg,https://raw.githubusercontent.com/AveryArtlife/gembreak-images/main/watches-only/W1454.png,https://raw.githubusercontent.com/AveryArtlife/gembreak-images/main/watches-only/W1454.png,pass,pass,,True,52775d7dc90d18edbfaf7f4ed6b0d46ec0d360dbfa052e28ba6969ded986a5d7,1024,1536,1.0,0.810547,0.98112,0.52832,0.498372,1200,1200,1.0
417,WWNX82310D51B1S2,Breitling,Breitling Endurance Pro 44 Chronograph Black Dial Breitlight Rubber Strap Men's Watch X82310D51B1S2,exact-existing,,watches-only/WWNX82310D51B1S2.png,product-shots/WWNX82310D51B1S2/main.jpg,https://raw.githubusercontent.com/AveryArtlife/gembreak-images/main/watches-only/WWNX82310D51B1S2.png,,pass,pass,,True,59adc3681118cd76fcb495d6eff1b85cf29aaf1d07c3f04828f3fb3fe907e90f,1024,1536,1.0,0.864258,0.908203,0.499512,0.500326,1200,1200,1.0
418,W1269,Longines,LONGINES Record Chronograph SS 40MM Black Dial Men's Watch L2.921.,exact-existing,,watches-only/W1269.png,product-shots/W1269/main.jpg,https://raw.githubusercontent.com/AveryArtlife/gembreak-images/main/watches-only/W1269.png,https://raw.githubusercontent.com/AveryArtlife/gembreak-images/main/watches-only/W1269.png,pass,pass,,True,7ea4a17e2dda36d2d33f610066ea91fa6cc2034c26b9f9df83ff18e9d3556b48,1024,1536,1.0,0.780273,0.877604,0.499512,0.5,1200,1200,1.0
419,WW684,Longines,Longines Elegant Automatic 37MM Black Dial Leather Men's Watch,exact-existing,,watches-only/WW684.png,product-shots/WW684/main.jpg,https://raw.githubusercontent.com/AveryArtlife/gembreak-images/main/watches-only/WW684.png,https://raw.githubusercontent.com/AveryArtlife/gembreak-images/main/watches-only/WW684.png,pass,pass,,True,0bc0f93e993df137f2b2fc5dd9f6e67ccef529da5379f838579812e984349caa,1024,1536,1.0,0.780273,0.911458,0.499512,0.5,1200,1200,1.0
420,WWNL6.141.4.77.6-CD,Longines,Longines Equestrian Boucle Diamond Dial Custom Diamond Bezel Steel Women's Watch L6.141.4.77.6-CD,exact-existing,,watches-only/WWNL6.141.4.77.6-CD.png,product-shots/WWNL6.141.4.77.6-CD/main.jpg,https://raw.githubusercontent.com/AveryArtlife/gembreak-images/main/watches-only/WWNL6.141.4.77.6-CD.png,,pass,pass,,True,b770551ca18da6cbaf1e4d95fc5c3f3b1eab8439d5008c84ff4d36879c333939,1024,1536,1.0,0.519531,0.906901,0.499023,0.500326,1200,1200,1.0
421,W1273,Longines,LONGINES Master Moonphase Automatic 40MM Blue Dial Leather Men's W,exact-existing,,watches-only/W1273.png,product-shots/W1273/main.jpg,https://raw.githubusercontent.com/AveryArtlife/gembreak-images/main/watches-only/W1273.png,https://raw.githubusercontent.com/AveryArtlife/gembreak-images/main/watches-only/W1273.png,pass,pass,,True,21165bb3d6f968ee6915947cdc6a2f832d569718137e0691b4a72541bdc0cc7c,513,900,1.0,0.978558,0.984444,0.499025,0.5,1200,1200,1.0
422,WW746,Longines,Longines 1832 Automatic 40MM Beige Dial Leather Men's Watch,exact-existing,,watches-only/WW746.png,product-shots/WW746/main.jpg,https://raw.githubusercontent.com/AveryArtlife/gembreak-images/main/watches-only/WW746.png,https://raw.githubusercontent.com/AveryArtlife/gembreak-images/main/watches-only/WW746.png,pass,pass,,True,37b40752d0f06b083ab835ef382d85c86d64b66bd22b1377682befb00de46fdf,1024,1536,1.0,0.779297,0.911458,0.5,0.5,1200,1200,1.0
423,W1511,Longines,LONGINES Heritage CHRONO Automatic 40MM Silver Dial Leather Men's,exact-existing,,watches-only/W1511.png,product-shots/W1511/main.jpg,https://raw.githubusercontent.com/AveryArtlife/gembreak-images/main/watches-only/W1511.png,https://raw.githubusercontent.com/AveryArtlife/gembreak-images/main/watches-only/W1511.png,pass,pass,,True,be74a7b25f6d42a0e8761f2b64f42074b01eceeb8d0b3acec7c6e18d058f9b16,1024,1536,1.0,0.790039,0.965495,0.508301,0.497721,1200,1200,1.0
424,WWNX82310E51B1S2,Breitling,Breitling Professional Endurance Pro Chronograph Black Dial Rubber Strap Men's Watch X82310E51B1S2,exact-existing,,watches-only/WWNX82310E51B1S2.png,product-shots/WWNX82310E51B1S2/main.jpg,https://raw.githubusercontent.com/AveryArtlife/gembreak-images/main/watches-only/WWNX82310E51B1S2.png,,pass,pass,,True,f69d774f0597273c78f0b5836d16b00fa198a3511ae2aaf3cbadef5392406870,1024,1536,1.0,0.835938,0.906901,0.5,0.500326,1200,1200,1.0
425,W1528,Longines,LONGINES Master Collection 42MM Blue Dial Leather Men's Watch L2.9,exact-existing,,watches-only/W1528.png,product-shots/W1528/main.jpg,https://raw.githubusercontent.com/AveryArtlife/gembreak-images/main/watches-only/W1528.png,https://raw.githubusercontent.com/AveryArtlife/gembreak-images/main/watches-only/W1528.png,pass,pass,,True,3b3633d8a74d0fc81b9e2309803c42c7d1c54fdf72eff6bdd0a367d703eba933,1024,1536,1.0,0.78125,0.891927,0.5,0.500651,1200,1200,1.0
426,W1485,Longines,LONGINES HydroConquest GMT 41MM AUTO Green Dial Men's Watch L3.790,exact-existing,,watches-only/W1485.png,product-shots/W1485/main.jpg,https://raw.githubusercontent.com/AveryArtlife/gembreak-images/main/watches-only/W1485.png,https://raw.githubusercontent.com/AveryArtlife/gembreak-images/main/watches-only/W1485.png,pass,pass,,True,943014c3c607d693c26798b92a65126873663aae94d3f6e50db54dc8f0972be2,1024,1536,1.0,0.78125,0.911458,0.5,0.5,1200,1200,1.0
427,WWNL3.812.4.63.6,Longines,Longines Spirit Zulu Time Automatic Grey Dial Stainless Steel Men's Watch L3.812.4.63.6,exact-existing,,watches-only/WWNL3.812.4.63.6.png,product-shots/WWNL3.812.4.63.6/main.jpg,https://raw.githubusercontent.com/AveryArtlife/gembreak-images/main/watches-only/WWNL3.812.4.63.6.png,,pass,pass,,True,e39ae82280fad15f7540e4359bd68a27a0858396c6696dbf672bc05ed5761864,1024,1536,1.0,0.764648,0.907552,0.499512,0.5,1200,1200,1.0
428,CRH38446730,Hamilton,Hamilton American Classic Intra Matic Chronograph Leather Strap Black Dial Automatic H38446730 100M Men's Watch,exact-existing,,watches-only/CRH38446730.png,product-shots/CRH38446730/main.jpg,https://raw.githubusercontent.com/AveryArtlife/gembreak-images/main/watches-only/CRH38446730.png,https://cdn.creationwatches.com/products/images/ebayimages/H38446730.jpg,pass,pass,,True,02c3c74a47a6e1260e4a375bde68a1ef69d96e0293646b7c3de3f2dbd38ddc3a,1024,1536,1.0,0.844727,0.907552,0.499512,0.5,1200,1200,1.0
429,WWNWAY208D.FC8221,Tag Heuer,Tag Heuer Aquaracer 300M 43MM Automatic Blue Dial Fabric Strap Men's Watch WAY208D.FC8221,exact-existing,,watches-only/WWNWAY208D.FC8221.png,product-shots/WWNWAY208D.FC8221/main.jpg,https://raw.githubusercontent.com/AveryArtlife/gembreak-images/main/watches-only/WWNWAY208D.FC8221.png,,pass,pass,,True,f588652228d0e07e36d47cd03c1ed72297c398bccbe11fa919b6f3cc5e02f7cf,1024,1536,1.0,0.78125,0.911458,0.5,0.5,1200,1200,1.0
430,WWNL3.802.4.60.6,Longines,Longines Spirit Zulu Time Anthracite Dial Steel Men's Watch L3.802.4.60.6,exact-existing,,watches-only/WWNL3.802.4.60.6.png,product-shots/WWNL3.802.4.60.6/main.jpg,https://raw.githubusercontent.com/AveryArtlife/gembreak-images/main/watches-only/WWNL3.802.4.60.6.png,,pass,pass,,True,6a5ff4e4ae5bf21c55d2746e239308654ec93f69690a56b027f814bac2b18804,1024,1536,1.0,0.787109,0.907552,0.499023,0.5,1200,1200,1.0
431,W1529,Longines,LONGINES Master Collection AUTO Blue Dial Leather Men's Watch L2.9,exact-existing,,watches-only/W1529.png,product-shots/W1529/main.jpg,https://raw.githubusercontent.com/AveryArtlife/gembreak-images/main/watches-only/W1529.png,https://raw.githubusercontent.com/AveryArtlife/gembreak-images/main/watches-only/W1529.png,pass,pass,,True,b55cfde8dc793ddeff5ad8a35fb57d7db303995b5d63fceca4a18b83d40c7de3,1024,1536,1.0,0.779297,0.858073,0.5,0.500651,1200,1200,1.0
432,WWNL3.802.4.63.6,Longines,Longines Spirit Zulu Time Grey Dial Stainless Steel Men's Watch L3.802.4.63.6,exact-existing,,watches-only/WWNL3.802.4.63.6.png,product-shots/WWNL3.802.4.63.6/main.jpg,https://raw.githubusercontent.com/AveryArtlife/gembreak-images/main/watches-only/WWNL3.802.4.63.6.png,,pass,pass,,True,0794eec03b44e360a70b867340a0022ff92ded6963a2472d4a98357b2efeea87,1024,1536,1.0,0.793945,0.908854,0.499512,0.501302,1200,1200,1.0
433,CR01-733-7771-4055-07-3-19-02S,Oris,Oris Divers Sixty-Five Cotton Candy Textile Strap Blue Dial Automatic 01-733-7771-4055-07-3-19-02S 100M Unisex Watch,exact-existing,,watches-only/CR01-733-7771-4055-07-3-19-02S.png,product-shots/CR01-733-7771-4055-07-3-19-02S/main.jpg,https://raw.githubusercontent.com/AveryArtlife/gembreak-images/main/watches-only/CR01-733-7771-4055-07-3-19-02S.png,https://cdn.creationwatches.com/products/images/ebayimages/01-733-7771-4055-07-3-19-02S.jpg,pass,pass,,True,25cc5523523011f64dde0da79264c7e790c47b16418322969ff3195943be7c73,1024,1536,1.0,0.84082,0.907552,0.499512,0.5,1200,1200,1.0
434,WWNL3.802.4.93.2,Longines,Longines Spirit Zulu Time Blue Dial Leather Strap Men's Watch L3.802.4.93.2,exact-existing,,watches-only/WWNL3.802.4.93.2.png,product-shots/WWNL3.802.4.93.2/main.jpg,https://raw.githubusercontent.com/AveryArtlife/gembreak-images/main/watches-only/WWNL3.802.4.93.2.png,,pass,pass,,True,7cccf459e6636959cf6a0457384ceaef2654c733b53ea1376e462059ea7b86ef,1024,1536,1.0,0.825195,0.908203,0.499512,0.500326,1200,1200,1.0
435,WWNL3.774.1.50.2,Longines,Longines Legend Diver Automatic Green Dial Leather Strap Men's Watch L3.774.1.50.2,exact-existing,,watches-only/WWNL3.774.1.50.2.png,product-shots/WWNL3.774.1.50.2/main.jpg,https://raw.githubusercontent.com/AveryArtlife/gembreak-images/main/watches-only/WWNL3.774.1.50.2.png,,pass,pass,,True,daf6614d1f507a0ab30c65371dcc28f576fa50ccded3fa8de1f76609e5597291,1024,1536,1.0,0.78125,0.906901,0.5,0.499674,1200,1200,1.0
436,WWNWAR1113.FC6392,Tag Heuer,Tag Heuer Carrera Quartz Special Edition Black Dial Leather Strap Women's Watch WAR1113.FC6392,exact-existing,,watches-only/WWNWAR1113.FC6392.png,product-shots/WWNWAR1113.FC6392/main.jpg,https://raw.githubusercontent.com/AveryArtlife/gembreak-images/main/watches-only/WWNWAR1113.FC6392.png,,pass,pass,,True,56e1cfed2a4d618793d25d0044ef1912d9dff12a833eba2ab0e72614bf0204cb,1024,1536,1.0,0.761719,0.906901,0.5,0.499674,1200,1200,1.0
437,WWNL5.755.4.87.6-CD,Longines,Longines DolceVita Quartz Custom Diamond Mother of Pearl Dial Stainless Steel Women's Watch L5.755.4.87.6-CD,exact-existing,,watches-only/WWNL5.755.4.87.6-CD.png,product-shots/WWNL5.755.4.87.6-CD/main.jpg,https://raw.githubusercontent.com/AveryArtlife/gembreak-images/main/watches-only/WWNL5.755.4.87.6-CD.png,,pass,pass,,True,8288e54aa2ba18243dd4492ff6f35092e38a19c9cb250210d2acd863e4391266,1024,1536,1.0,0.505859,0.907552,0.5,0.5,1200,1200,1.0
438,WWNL4.709.4.88.6-CD,Longines,Longines La Grande Classique Quartz 33mm Custom Diamond Mother of Pearl Dial Stainless Steel Women's Watch L4.709.4.88.6-CD,exact-existing,,watches-only/WWNL4.709.4.88.6-CD.png,product-shots/WWNL4.709.4.88.6-CD/main.jpg,https://raw.githubusercontent.com/AveryArtlife/gembreak-images/main/watches-only/WWNL4.709.4.88.6-CD.png,,pass,pass,,True,e24880e936bbd7e866ec90ffed916914229abe210ecd1a8dbacf7f7b09e85775,1024,1536,1.0,0.597656,0.907552,0.5,0.5,1200,1200,1.0
439,WWNWBP1118.BA0047,Tag Heuer,Tag Heuer Aquaracer Professional 200 Solargraph Green Dial Stainless Steel Men's Watch WBP1118.BA0047,exact-existing,,watches-only/WWNWBP1118.BA0047.png,product-shots/WWNWBP1118.BA0047/main.jpg,https://raw.githubusercontent.com/AveryArtlife/gembreak-images/main/watches-only/WWNWBP1118.BA0047.png,,pass,pass,,True,eec8a074d12b098522720c1a1581117b95df53c2ddf4abd68f69fa71caaf103d,1024,1536,1.0,0.791992,0.907552,0.500488,0.5,1200,1200,1.0
440,WWNWBG1312.BA0758,Tag Heuer,Tag Heuer Carrera Quartz Mother of Pearl Diamond Dial Women's Watch WBG1312.BA0758,exact-existing,,watches-only/WWNWBG1312.BA0758.png,product-shots/WWNWBG1312.BA0758/main.jpg,https://raw.githubusercontent.com/AveryArtlife/gembreak-images/main/watches-only/WWNWBG1312.BA0758.png,,pass,pass,,True,27e916cbe22d9563674591fd925c3a9391bd98f59cba8c8e9fd5ef527f3bc04b,1024,1536,1.0,0.693359,0.906901,0.5,0.500326,1200,1200,1.0
441,CRH32205890,Hamilton,Hamilton Jazzmaster Open Heart Leather Automatic H32205890 Women's Watch,exact-existing,,watches-only/CRH32205890.png,product-shots/CRH32205890/main.jpg,https://raw.githubusercontent.com/AveryArtlife/gembreak-images/main/watches-only/CRH32205890.png,https://cdn.creationwatches.com/products/images/ebayimages/H32205890.jpg,pass,pass,,True,cf57379e5c82eceda9eea6f065f9591a0f7ecb5b0e5d5a079d95dcf202ac837a,1024,1536,1.0,0.842773,0.908203,0.499512,0.499674,1200,1200,1.0
442,W1360,Longines,LONGINES Conquest Automatic 41MM Blue Dial Rubber Men's Watch L3.8,exact-existing,,watches-only/W1360.png,product-shots/W1360/main.jpg,https://raw.githubusercontent.com/AveryArtlife/gembreak-images/main/watches-only/W1360.png,https://raw.githubusercontent.com/AveryArtlife/gembreak-images/main/watches-only/W1360.png,pass,pass,,True,b2ea7dd10eb68ed4647f0e61ce057d77be2472f56129afef3aee8b1902ad20cd,514,900,1.0,0.998054,1.0,0.500973,0.5,1200,1200,1.0
443,CRH76409530,Hamilton,Hamilton Khaki Aviation Pilot Pioneer Chronograph Leather Strap Black Dial Mechanical H76409530 100M Men's Watch,exact-existing,,watches-only/CRH76409530.png,product-shots/CRH76409530/main.jpg,https://raw.githubusercontent.com/AveryArtlife/gembreak-images/main/watches-only/CRH76409530.png,https://cdn.creationwatches.com/products/images/ebayimages/H76409530.jpg,pass,pass,,True,a16579570eca532aa34ea8217496df6e8e83ba1f8c9bf418d9ac4a1ddc2c210d,1024,1536,1.0,0.81543,0.907552,0.499512,0.499349,1200,1200,1.0
444,W1307,Longines,LONGINES GMT HydroConquest Automatic 41MM Brown Dial Men's Watch L,exact-existing,,watches-only/W1307.png,product-shots/W1307/main.jpg,https://raw.githubusercontent.com/AveryArtlife/gembreak-images/main/watches-only/W1307.png,https://raw.githubusercontent.com/AveryArtlife/gembreak-images/main/watches-only/W1307.png,pass,pass,,True,bc57650df583829379fa0b9db10fb0c4ef230f6438c7d1131cafd4be7e83ac32,1024,1536,1.0,0.682617,0.934896,0.522949,0.491536,1200,1200,1.0
445,WWNL1.649.4.72.6,Longines,Longines Conquest Heritage Automatic Silver Dial Stainless Steel Men's Watch L1.649.4.72.6,exact-existing,,watches-only/WWNL1.649.4.72.6.png,product-shots/WWNL1.649.4.72.6/main.jpg,https://raw.githubusercontent.com/AveryArtlife/gembreak-images/main/watches-only/WWNL1.649.4.72.6.png,,pass,pass,,True,d5b4539bfd33061c4050f31c3722715dd4c0f6ae539652808de4d871c3710530,1024,1536,1.0,0.786133,0.908854,0.499512,0.5,1200,1200,1.0
446,WWN01 733 7755 4154-Set RS,Oris,Oris Aquis Depth Gauge Black Dial Rubber Strap Men's Watch 01 733 7755 4154-Set RS,exact-existing,,watches-only/WWN01 733 7755 4154-Set RS.png,product-shots/WWN01 733 7755 4154-Set RS/main.jpg,https://raw.githubusercontent.com/AveryArtlife/gembreak-images/main/watches-only/WWN01 733 7755 4154-Set RS.png,,pass,pass,,True,810eb0ca9f5ce2990f34db6e47c8bdcbd6bf3d835bddbefb20041c1203433319,1024,1536,1.0,0.875,0.897786,0.5,0.499674,1200,1200,1.0
447,WWNWBD1111.BA0928,Tag Heuer,Tag Heuer Aquaracer 300M 41MM White Dial Stainless Steel Men's Watch WBD1111.BA0928,exact-existing,,watches-only/WWNWBD1111.BA0928.png,product-shots/WWNWBD1111.BA0928/main.jpg,https://raw.githubusercontent.com/AveryArtlife/gembreak-images/main/watches-only/WWNWBD1111.BA0928.png,,pass,pass,,True,0846b1e636662abdfea22deca703ec34a8e6231e21452c4730a7f7bca5df44e1,1024,1536,1.0,0.84375,0.908203,0.5,0.500326,1200,1200,1.0
448,WW745,Longines,Longines Conquest V.h.p. Quartz Ss 42MM Silver Dial Men's Watch,exact-existing,,watches-only/WW745.png,product-shots/WW745/main.jpg,https://raw.githubusercontent.com/AveryArtlife/gembreak-images/main/watches-only/WW745.png,https://raw.githubusercontent.com/AveryArtlife/gembreak-images/main/watches-only/WW745.png,pass,pass,,True,dd0c1fabb97807c47962ee7872ff95a620cee1b6e56388e3e0e925d4fb83b9b5,1024,1536,1.0,0.78125,0.854818,0.5,0.500326,1200,1200,1.0
449,W211,Hamilton,HAMILTON Khaki Aviation X-Wind 44MM Blue Dial Leather Men's Watch,exact-existing,,watches-only/W211.png,product-shots/W211/main.jpg,https://raw.githubusercontent.com/AveryArtlife/gembreak-images/main/watches-only/W211.png,https://raw.githubusercontent.com/AveryArtlife/gembreak-images/main/watches-only/W211.png,pass,pass,,True,61b21f52e7b9ab44201248d81064e781afe0d404f6f27294b1b1f2d873bcbc0a,1024,1536,1.0,0.767578,0.886719,0.493164,0.477865,1200,1200,1.0
450,WWNCAZ101AW.BA0842,Tag Heuer,Tag Heuer Formula 1 Indy 500 Chronograph Special Edition Black Dial Stainless Steel Men's Watch CAZ101AW.BA0842,exact-existing,,watches-only/WWNCAZ101AW.BA0842.png,product-shots/WWNCAZ101AW.BA0842/main.jpg,https://raw.githubusercontent.com/AveryArtlife/gembreak-images/main/watches-only/WWNCAZ101AW.BA0842.png,,pass,pass,,True,dfa0acb8e6b64008c5467b410f583dc36f0a64fad5ebe71ab22d433ccd802655,1024,1536,1.0,0.8125,0.910156,0.5,0.500651,1200,1200,1.0
451,WW936,Longines,Longines Mens La Grande Classique De Longines Automatic 36MM,exact-existing,,watches-only/WW936.png,product-shots/WW936/main.jpg,https://raw.githubusercontent.com/AveryArtlife/gembreak-images/main/watches-only/WW936.png,https://raw.githubusercontent.com/AveryArtlife/gembreak-images/main/watches-only/WW936.png,pass,pass,,True,07b167aada7e78d177512e2606539734214143a7288c3cc530e4b838238a89f3,566,1087,1.0,0.886926,0.958602,0.508834,0.484821,1200,1200,1.0
452,W1463,Longines,LONGINES 1832 Automatic CHRONO 42MM Beige Dial Men's Watch L4.829.,exact-existing,,watches-only/W1463.png,product-shots/W1463/main.jpg,https://raw.githubusercontent.com/AveryArtlife/gembreak-images/main/watches-only/W1463.png,https://raw.githubusercontent.com/AveryArtlife/gembreak-images/main/watches-only/W1463.png,pass,pass,,True,a66eb241efa0d2cf1398dc8eb62aefc40ede6d7aab11a7280701637aff333bd7,1024,1536,1.0,0.787109,0.915365,0.529297,0.483724,1200,1200,1.0
453,WWN01 733 7755 4154-Set MB,Oris,Oris Aquis Depth Gauge Automatic Black Dial Steel Men's Watch 01 733 7755 4154-Set MB,exact-existing,,watches-only/WWN01 733 7755 4154-Set MB.png,product-shots/WWN01 733 7755 4154-Set MB/main.jpg,https://raw.githubusercontent.com/AveryArtlife/gembreak-images/main/watches-only/WWN01 733 7755 4154-Set MB.png,,pass,pass,,True,42a5b01b82c2745b8c7b5ee6aaa56cd81e78f380318345d2fcae4c5477e5994a,1024,1536,1.0,0.798828,0.907552,0.5,0.5,1200,1200,1.0
454,WWNWAZ2011.BA0842,Tag Heuer,Tag Heuer Formula 1 Automatic Grey Dial Stainless Steel Men's Watch WAZ2011.BA0842,exact-existing,,watches-only/WWNWAZ2011.BA0842.png,product-shots/WWNWAZ2011.BA0842/main.jpg,https://raw.githubusercontent.com/AveryArtlife/gembreak-images/main/watches-only/WWNWAZ2011.BA0842.png,,pass,pass,,True,1ccf006d45181ef7b0a980ebeb1e25824951891879606c6cee82ca5c0230c569,1024,1536,1.0,0.811523,0.907552,0.499512,0.5,1200,1200,1.0
455,W226,Hamilton,HAMILTON Ventura XXL Bright Dune Limited Edition Men's Watch H2461,exact-existing,,watches-only/W226.png,product-shots/W226/main.jpg,https://raw.githubusercontent.com/AveryArtlife/gembreak-images/main/watches-only/W226.png,https://raw.githubusercontent.com/AveryArtlife/gembreak-images/main/watches-only/W226.png,pass,pass,,True,3b17074bc918cbf1c91487a979e9c420089358c10363bced95e4b2528672e223,1024,1536,1.0,0.760742,0.908203,0.540527,0.497721,1200,1200,1.0
456,WWNL3.774.4.70.2,Longines,Longines Legend Diver Automatic Grey Dial Nylon Strap Men's Watch L3.774.4.70.2,exact-existing,,watches-only/WWNL3.774.4.70.2.png,product-shots/WWNL3.774.4.70.2/main.jpg,https://raw.githubusercontent.com/AveryArtlife/gembreak-images/main/watches-only/WWNL3.774.4.70.2.png,,pass,pass,,True,47768c18bd52d592109d4d96eeb4d73c9295a578214ca1f96a1057e8d521bb4f,1024,1536,1.0,0.712891,0.906901,0.5,0.500326,1200,1200,1.0
457,WWNL2.828.4.73.0,Longines,Longines Heritage Classic Silver Dial Leather Strap Men's Watch L2.828.4.73.0,exact-existing,,watches-only/WWNL2.828.4.73.0.png,product-shots/WWNL2.828.4.73.0/main.jpg,https://raw.githubusercontent.com/AveryArtlife/gembreak-images/main/watches-only/WWNL2.828.4.73.0.png,,pass,pass,,True,61c579f94af050382a9718a4f66b84138367ec12ef8f0a823975d13a4df69f6a,1024,1536,1.0,0.827148,0.908203,0.500488,0.499674,1200,1200,1.0
458,CRH38416711,Hamilton,Hamilton Intra-Matic H38416711 Tachymeter Automatic Men's Watch,exact-existing,,watches-only/CRH38416711.png,product-shots/CRH38416711/main.jpg,https://raw.githubusercontent.com/AveryArtlife/gembreak-images/main/watches-only/CRH38416711.png,https://cdn.creationwatches.com/products/images/ebayimages/H38416711.jpg,pass,pass,,True,ad6b461c35b5c706949650239e0c9c10c4cd63122900089c87df7c3ada6cee6d,1024,1536,1.0,0.848633,0.907552,0.499512,0.5,1200,1200,1.0
459,WWNL3.790.4.96.9,Longines,Longines HydroConquest GMT Blue Dial Rubber Strap Men's Watch L3.790.4.96.9,exact-existing,,watches-only/WWNL3.790.4.96.9.png,product-shots/WWNL3.790.4.96.9/main.jpg,https://raw.githubusercontent.com/AveryArtlife/gembreak-images/main/watches-only/WWNL3.790.4.96.9.png,,pass,pass,,True,d7f4b3c73220debcf896aad4a75e7cd3adbd91379c3b1ecbb5ed60e36ed7b328,1024,1536,1.0,0.818359,0.907552,0.5,0.5,1200,1200,1.0
460,WWNM049.527.33.081.00,Mido,Mido Multifort Chronograph Special Edition Grey Dial Stainless Steel Men's Watch M049.527.33.081.00,exact-existing,,watches-only/WWNM049.527.33.081.00.png,product-shots/WWNM049.527.33.081.00/main.jpg,https://raw.githubusercontent.com/AveryArtlife/gembreak-images/main/watches-only/WWNM049.527.33.081.00.png,,pass,acceptable_variation,Approved visual variation: complete upright Mido Multifort Chronograph with full bracelet; the right-side crown and pushers make the foreground-mask centroid read left of center.,True,cd365b2df60facf8052f9666eb3563564639099ec99e3d61b4d8efd75a4739a5,1024,1536,1.0,0.677734,0.873698,0.399414,0.5,1200,1200,1.0
461,WWNCAZ101AT.BA0842,Tag Heuer,Tag Heuer Formula 1 X Gulf Special Edition Chronograph Blue Dial Steel Men's Watch CAZ101AT.BA0842,exact-existing,,watches-only/WWNCAZ101AT.BA0842.png,product-shots/WWNCAZ101AT.BA0842/main.jpg,https://raw.githubusercontent.com/AveryArtlife/gembreak-images/main/watches-only/WWNCAZ101AT.BA0842.png,,pass,pass,,True,a0fac00b052405e9fa412b7aaec9ec1089014bda4589c56d6f4ce861f0fe1540,1024,1536,1.0,0.701172,0.907552,0.5,0.5,1200,1200,1.0
462,W1295,Longines,LONGINES Evidenza Automatic SS 30MM Petroleum Dial Women's Watch L,exact-existing,,watches-only/W1295.png,product-shots/W1295/main.jpg,https://raw.githubusercontent.com/AveryArtlife/gembreak-images/main/watches-only/W1295.png,https://raw.githubusercontent.com/AveryArtlife/gembreak-images/main/watches-only/W1295.png,pass,pass,,True,8e8fe164cf215d31881e0fe67b1f530a918e09e43ae1d1a9eba12ecb4ac96c7d,1024,1536,1.0,0.78125,0.911458,0.5,0.5,1200,1200,1.0
463,TAG-011.00,Tag Heuer,Tag Heuer Formula 1 Chronograph Quartz Tachymeter 200M CAZ1010.BA0842 Men's Watch,exact-existing,,watches-only/TAG-011.00.png,product-shots/TAG-011.00/main.jpg,https://raw.githubusercontent.com/AveryArtlife/gembreak-images/main/watches-only/TAG-011.00.png,https://cdn.creationwatches.com/products/images/ebayimages/CAZ1010.BA0842.jpg,pass,pass,,True,ecba405376f91cc414bacf0f4f7c1fe6ccfda02d0744e66c7e83cb815143e069,2048,2048,1.0,0.629883,0.945312,0.5,0.5,1200,1200,1.0
464,WWN01 400 7763 4157-07 8 24 09PEB,Oris,Oris Aquis Date Automatic Green Dial Ceramic Bezel Steel Men's Watch 01 400 7763 4157-07 8 24 09PEB,exact-existing,,watches-only/WWN01 400 7763 4157-07 8 24 09PEB.png,product-shots/WWN01 400 7763 4157-07 8 24 09PEB/main.jpg,https://raw.githubusercontent.com/AveryArtlife/gembreak-images/main/watches-only/WWN01 400 7763 4157-07 8 24 09PEB.png,,pass,pass,,True,cd5841e69afe8dcbbae721670bb34c967ea15af41c74f5cb9839fc9e023fbd98,1024,1536,1.0,0.772461,0.907552,0.499512,0.5,1200,1200,1.0
465,WWNL4.523.0.97.6,Longines,Longines La Grande Classique Quartz Diamond Blue Dial Stainless Steel Women's Watch L4.523.0.97.6,exact-existing,,watches-only/WWNL4.523.0.97.6.png,product-shots/WWNL4.523.0.97.6/main.jpg,https://raw.githubusercontent.com/AveryArtlife/gembreak-images/main/watches-only/WWNL4.523.0.97.6.png,,pass,pass,,True,aef5448598d122307a53514d62a2f235bd2b1178d08c1bbf4f463db765c5dcd0,1024,1536,1.0,0.586914,0.907552,0.499512,0.5,1200,1200,1.0
466,WWNL6.141.0.77.6,Longines,Longines Equestrian Diamond Mother of Pearl Dial Steel Women's Watch L6.141.0.77.6,exact-existing,,watches-only/WWNL6.141.0.77.6.png,product-shots/WWNL6.141.0.77.6/main.jpg,https://raw.githubusercontent.com/AveryArtlife/gembreak-images/main/watches-only/WWNL6.141.0.77.6.png,,pass,pass,,True,820415702694527d143e93a80aeece978b89755f622a2a37f4d088b453e319cd,1024,1536,1.0,0.511719,0.906901,0.5,0.499674,1200,1200,1.0
467,W1525,Longines,LONGINES Heritage Skin Diver 42MM AUTO BLK Dial LTHR Men's Watch L,exact-existing,,watches-only/W1525.png,product-shots/W1525/main.jpg,https://raw.githubusercontent.com/AveryArtlife/gembreak-images/main/watches-only/W1525.png,https://raw.githubusercontent.com/AveryArtlife/gembreak-images/main/watches-only/W1525.png,pass,pass,,True,abeed20e55989c0d50aab21fa986d669bf4c09ca81add83782e4b0cfa184a51f,1024,1536,1.0,0.81543,0.973958,0.510254,0.5,1200,1200,1.0
468,WWNL8.124.4.87.6,Longines,Longines Primaluna Automatic White Mother of Pearl Diamond Dial Steel Women's Watch L8.124.4.87.6,exact-existing,,watches-only/WWNL8.124.4.87.6.png,product-shots/WWNL8.124.4.87.6/main.jpg,https://raw.githubusercontent.com/AveryArtlife/gembreak-images/main/watches-only/WWNL8.124.4.87.6.png,,pass,pass,,True,0ac3d79b51c303635f32247a3e28f23072311a51ff3690da2646b670159cc683,1024,1536,1.0,0.78418,0.908203,0.499512,0.500326,1200,1200,1.0
469,WWNWBY111G.BA0042,Tag Heuer,Tag Heuer Formula 1 Solargraph X Indy 500 Limited Edition Black Dial Stainless Steel Men's Watch WBY111G.BA0042,exact-existing,,watches-only/WWNWBY111G.BA0042.png,product-shots/WWNWBY111G.BA0042/main.jpg,https://raw.githubusercontent.com/AveryArtlife/gembreak-images/main/watches-only/WWNWBY111G.BA0042.png,,pass,pass,,True,4728b276505e93582e37cc5aceeca77f972ac931264a17d8b5cc416ccbefce3e,1024,1536,1.0,0.753906,0.906901,0.499023,0.499674,1200,1200,1.0
470,WW626,Longines,Longines Conquest V.h.p Quartz 41MM Silver Dial Men's Watch,exact-existing,,watches-only/WW626.png,product-shots/WW626/main.jpg,https://raw.githubusercontent.com/AveryArtlife/gembreak-images/main/watches-only/WW626.png,https://raw.githubusercontent.com/AveryArtlife/gembreak-images/main/watches-only/WW626.png,pass,pass,,True,2d16fbe8126c24bd6b38f02eef52700d2007d59ea925bf0bb9fcefcbdfc7cd12,1024,1536,1.0,0.78125,0.908854,0.5,0.499349,1200,1200,1.0
471,WWN01 400 7769 4125-07 4 22 75FC,Oris,Oris Aquis Aquispro Date Calibre 400 Automatic Blue Dial Rubber Strap Men's Watch 01 400 7769 4125-07 4 22 75FC,exact-existing,,watches-only/WWN01 400 7769 4125-07 4 22 75FC.png,product-shots/WWN01 400 7769 4125-07 4 22 75FC/main.jpg,https://raw.githubusercontent.com/AveryArtlife/gembreak-images/main/watches-only/WWN01 400 7769 4125-07 4 22 75FC.png,,pass,pass,,True,2ae49e56355ca2e60e172b9e1932d6e2e1338aa9daf3f8cfdf4abd11ec0d2aa3,1024,1536,1.0,0.84668,0.907552,0.499512,0.5,1200,1200,1.0
472,W1297,Longines,LONGINES Record Automatic 40MM Blue Dial SS Men's Watch L2.821.4.9,exact-existing,,watches-only/W1297.png,product-shots/W1297/main.jpg,https://raw.githubusercontent.com/AveryArtlife/gembreak-images/main/watches-only/W1297.png,https://raw.githubusercontent.com/AveryArtlife/gembreak-images/main/watches-only/W1297.png,pass,pass,,True,30617e60645479e1b1829ff2a468c5fa920786be318e2fabdcf4b3d77cbde614,499,900,1.0,0.981964,0.984444,0.498998,0.5,1200,1200,1.0
473,LONG-WW877,Longines,Longines Legend Diver Automatic Brown Dial Leather Strap Men's Watch L3.774.4.60.2,exact-existing,,watches-only/LONG-WW877.png,product-shots/LONG-WW877/main.jpg,https://raw.githubusercontent.com/AveryArtlife/gembreak-images/main/watches-only/LONG-WW877.png,,pass,pass,,True,0153ade0b424eafbe162690389bb7f33ea3a199667a203f2541fc2fe3e8bde50,2048,2048,1.0,0.55127,0.948242,0.501709,0.503906,1200,1200,1.0
474,LONG-W2216,Longines,Longines Spirit Automatic Ivory Dial Stainless Steel Men's Watch L3.811.4.73.6,exact-existing,,watches-only/LONG-W2216.png,product-shots/LONG-W2216/main.jpg,https://raw.githubusercontent.com/AveryArtlife/gembreak-images/main/watches-only/LONG-W2216.png,,pass,pass,,True,0fba6dc8b8d77914a2d22034132ae1c4096baaed9e4f1fcb609a49a37ff00904,2048,2048,1.0,0.558594,0.958496,0.492676,0.505127,1200,1200,1.0
475,WWN01 400 7763 4135-07 8 24 09PEB,Oris,Oris Aquis Date Automatic Blue Dial Ceramic Bezel Steel Men's Watch 01 400 7763 4135-07 8 24 09PEB,exact-existing,,watches-only/WWN01 400 7763 4135-07 8 24 09PEB.png,product-shots/WWN01 400 7763 4135-07 8 24 09PEB/main.jpg,https://raw.githubusercontent.com/AveryArtlife/gembreak-images/main/watches-only/WWN01 400 7763 4135-07 8 24 09PEB.png,,pass,pass,,True,da0b7ffd1b146e04df0f81c9ccb0fd130a8171774c658553c77029410d1ad4b9,1024,1536,1.0,0.780273,0.911458,0.499512,0.5,1200,1200,1.0
476,WWNL2.819.4.93.2,Longines,Longines Heritage Military Limited Edition Ivory Dial Leather Strap Men's Watch L2.819.4.93.2,exact-existing,,watches-only/WWNL2.819.4.93.2.png,product-shots/WWNL2.819.4.93.2/main.jpg,https://raw.githubusercontent.com/AveryArtlife/gembreak-images/main/watches-only/WWNL2.819.4.93.2.png,,pass,pass,,True,f03054f10138d05ac6683f9da55a443b09b7215bc1e5f2eb034fe39078c3d0c8,1024,1536,1.0,0.802734,0.908203,0.5,0.499674,1200,1200,1.0
477,WWNL3.820.4.73.2,Longines,Longines Spirit Chronograph 42mm Silver Dial Leather Strap Men's Watch L3.820.4.73.2,exact-existing,,watches-only/WWNL3.820.4.73.2.png,product-shots/WWNL3.820.4.73.2/main.jpg,https://raw.githubusercontent.com/AveryArtlife/gembreak-images/main/watches-only/WWNL3.820.4.73.2.png,,pass,pass,,True,b198a76af78df2d200d4568bf72bf710c8735a87a3b513066d78814143747b66,1024,1536,1.0,0.795898,0.908203,0.499512,0.499674,1200,1200,1.0
478,LONG-105353,Longines,Longines Heritage Chronograph Automatic Silver Dial Leather Strap Men's Watch L2.827.4.73.0,exact-existing,,watches-only/LONG-105353.png,product-shots/LONG-105353/main.jpg,https://raw.githubusercontent.com/AveryArtlife/gembreak-images/main/watches-only/LONG-105353.png,,pass,pass,,True,ef1df8297167ff5748e6c1857b3cb6972afb89942f4045efedcf15530ccef8d3,2048,2048,1.0,0.561035,0.943359,0.503662,0.505859,1200,1200,1.0
479,CRH24655331,Hamilton,Hamilton Ventura XXL Automatic H24655331 Men's Watch,exact-existing,,watches-only/CRH24655331.png,product-shots/CRH24655331/main.jpg,https://raw.githubusercontent.com/AveryArtlife/gembreak-images/main/watches-only/CRH24655331.png,https://cdn.creationwatches.com/products/images/ebayimages/H24655331.jpg,pass,pass,,True,18474baa32f37c6f9fc35fdc69ac8526ff60b7bdbb2da3c51e03f9c92147b188,1024,1536,1.0,0.868164,0.906901,0.499512,0.499674,1200,1200,1.0
480,TAG-NBMNIB,Tag Heuer,Tag Heuer Formula 1 200M WAZ1112.BA0875 Men's Watch,exact-existing,,watches-only/TAG-NBMNIB.png,product-shots/TAG-NBMNIB/main.jpg,https://raw.githubusercontent.com/AveryArtlife/gembreak-images/main/watches-only/TAG-NBMNIB.png,https://cdn.creationwatches.com/products/images/ebayimages/WAZ1112.BA0875.jpg,pass,pass,,True,20b5d0244e784931f40764c0dc2a588b588f9e06480bdc170306858f189e0de4,2048,2048,1.0,0.603027,0.945312,0.499756,0.5,1200,1200,1.0
481,BREI-W2239,Breitling,Breitling Endurance Pro 38 Chronograph Black Dial Rubber Strap Unisex Watch X83310D41B1S1,exact-existing,,watches-only/BREI-W2239.png,product-shots/BREI-W2239/main.jpg,https://raw.githubusercontent.com/AveryArtlife/gembreak-images/main/watches-only/BREI-W2239.png,,pass,pass,,True,27fb0ea4868d43f2dbde70f93cc57046853910c15e1b541fdbfb6de9690de555,2048,2048,1.0,0.612793,0.955566,0.513428,0.504639,1200,1200,1.0
482,WWNL3.820.4.73.6,Longines,Longines Spirit Chronograph Automatic Silver Dial Stainless Steel Men's Watch L3.820.4.73.6,exact-existing,,watches-only/WWNL3.820.4.73.6.png,product-shots/WWNL3.820.4.73.6/main.jpg,https://raw.githubusercontent.com/AveryArtlife/gembreak-images/main/watches-only/WWNL3.820.4.73.6.png,,pass,pass,,True,b0b2bd3e459a5918e40f0423f00839cd33946bdd6c8427ee3088d2b0e504857b,1024,1536,1.0,0.820312,0.908203,0.5,0.500326,1200,1200,1.0
483,WWN01 751 7761 4187-SET,Oris,Oris Big Crown ProPilot Limited Edition Okavango Air Rescue Automatic Green Dial Fabric Strap Men's Watch 01 751 7761 4187-SET,exact-existing,,watches-only/WWN01 751 7761 4187-SET.png,product-shots/WWN01 751 7761 4187-SET/main.jpg,https://raw.githubusercontent.com/AveryArtlife/gembreak-images/main/watches-only/WWN01 751 7761 4187-SET.png,,pass,pass,,True,f42c00ff04121e268a2ea27944651bc28228aeb3229b7ad00664bec7b07f96ae,1024,1536,1.0,0.780273,0.860677,0.499512,0.5,1200,1200,1.0
484,WWN01 400 7769 4154-07 4 22 74FC,Oris,Oris Aquis Date Automatic Grey Dial Rubber Strap Men's Watch 01 400 7769 4154-07 4 22 74FC,exact-existing,,watches-only/WWN01 400 7769 4154-07 4 22 74FC.png,product-shots/WWN01 400 7769 4154-07 4 22 74FC/main.jpg,https://raw.githubusercontent.com/AveryArtlife/gembreak-images/main/watches-only/WWN01 400 7769 4154-07 4 22 74FC.png,,pass,pass,,True,1b71b439b062b6d7d8f65eddb58d1ef681fe103354dd410f24bd0ab402d2dae7,1024,1536,1.0,0.785156,0.907552,0.5,0.5,1200,1200,1.0
485,WWN01 400 7769 4127-07 4 22 77FC,Oris,Oris Aquis Date Calibre 400 Automatic Green Dial Rubber Strap Men's Watch 01 400 7769 4127-07 4 22 77FC,exact-existing,,watches-only/WWN01 400 7769 4127-07 4 22 77FC.png,product-shots/WWN01 400 7769 4127-07 4 22 77FC/main.jpg,https://raw.githubusercontent.com/AveryArtlife/gembreak-images/main/watches-only/WWN01 400 7769 4127-07 4 22 77FC.png,,pass,pass,,True,a975c375372c994e6226339297f37445f38d18c18bbc88ee7431a6f04188c73e,1024,1536,1.0,0.849609,0.907552,0.5,0.5,1200,1200,1.0
486,LONG-164153,Longines,Longines Conquest Automatic Pink Dial Stainless Steel Women's Watch L3.430.4.99.6,exact-existing,,watches-only/LONG-164153.png,product-shots/LONG-164153/main.jpg,https://raw.githubusercontent.com/AveryArtlife/gembreak-images/main/watches-only/LONG-164153.png,,pass,pass,,True,f5e3df68b25fa79f330d6bc4234f2ec0678f6a016057108bfac12714d5502b17,2048,2048,1.0,0.507324,0.928711,0.500732,0.507812,1200,1200,1.0
487,WWNM005.614.36.051.22,Mido,Mido Multifort Special Edition Chronograph Black Dial Leather Strap Men's Watch M005.614.36.051.22,exact-existing,,watches-only/WWNM005.614.36.051.22.png,product-shots/WWNM005.614.36.051.22/main.jpg,https://raw.githubusercontent.com/AveryArtlife/gembreak-images/main/watches-only/WWNM005.614.36.051.22.png,,pass,pass,,True,66c6e33eb313883dabd84cfdc8fa406ea9cf321d3a563d5dd9bd198ecdb5963d,1024,1536,1.0,0.828125,0.907552,0.5,0.5,1200,1200,1.0
488,WW672,Longines,Longines Conquest V.h.p Quartz Ss 43MM Blue Dial Men's Watch,exact-existing,,watches-only/WW672.png,product-shots/WW672/main.jpg,https://raw.githubusercontent.com/AveryArtlife/gembreak-images/main/watches-only/WW672.png,https://raw.githubusercontent.com/AveryArtlife/gembreak-images/main/watches-only/WW672.png,pass,pass,,True,eb0201b387d6bde1098d2452ce09cfe6ee1190d7f141bbb1ebbe8d8330109b81,1024,1536,1.0,0.780273,0.861328,0.500488,0.499674,1200,1200,1.0
489,WWNL4.523.0.90.2,Longines,Longines La Grande Classique Quartz 29mm Blue Dial Diamond Bezel Steel  Women's Watch L4.523.0.90.2,exact-existing,,watches-only/WWNL4.523.0.90.2.png,product-shots/WWNL4.523.0.90.2/main.jpg,https://raw.githubusercontent.com/AveryArtlife/gembreak-images/main/watches-only/WWNL4.523.0.90.2.png,,pass,pass,,True,2a5039c6437a78c9e81d737c857fb7844830cdc42d1b8d318e03a5573053d67e,1024,1536,1.0,0.603516,0.906901,0.5,0.500326,1200,1200,1.0
490,WW480,Longines,Longines La Grande Classique 36MM Silver Dial Unisex Watch,exact-existing,,watches-only/WW480.png,product-shots/WW480/main.jpg,https://raw.githubusercontent.com/AveryArtlife/gembreak-images/main/watches-only/WW480.png,https://raw.githubusercontent.com/AveryArtlife/gembreak-images/main/watches-only/WW480.png,pass,pass,,True,809d4cc4aeff68e76c3400e95e46cf65e46130440bd86c0481f3491a36510e79,1024,1536,1.0,0.779297,0.911458,0.5,0.5,1200,1200,1.0
491,WWN01 771 7744 4354-07 5 21 45,Oris,Oris Divers Sixty-Five Chronograph Automatic Black Dial Leather Strap Men's Watch 01 771 7744 4354-07 5 21 45,exact-existing,,watches-only/WWN01 771 7744 4354-07 5 21 45.png,product-shots/WWN01 771 7744 4354-07 5 21 45/main.jpg,https://raw.githubusercontent.com/AveryArtlife/gembreak-images/main/watches-only/WWN01 771 7744 4354-07 5 21 45.png,,pass,pass,,True,970aa815dc9dc09608ad6fc522f89f214733653758e220d11701d209eea87c2a,1024,1536,1.0,0.699219,0.911458,0.5,0.5,1200,1200,1.0
492,WWNWAZ1010.FT8024,Tag Heuer,Tag Heuer Formula 1 Quartz Blue Dial Rubber Strap Men's Watch WAZ1010.FT8024,exact-existing,,watches-only/WWNWAZ1010.FT8024.png,product-shots/WWNWAZ1010.FT8024/main.jpg,https://raw.githubusercontent.com/AveryArtlife/gembreak-images/main/watches-only/WWNWAZ1010.FT8024.png,,pass,pass,,True,39d2f57e4e57be730d996d29eb1d0d1e9da6855751af0a1d24109a4d3aa4c59f,1024,1536,1.0,0.775391,0.907552,0.5,0.5,1200,1200,1.0
493,W251,Hamilton,HAMILTON Jazzmaster Brown Leather Automatic Men's Watch H32635511,exact-existing,,watches-only/W251.png,product-shots/W251/main.jpg,https://raw.githubusercontent.com/AveryArtlife/gembreak-images/main/watches-only/W251.png,https://raw.githubusercontent.com/AveryArtlife/gembreak-images/main/watches-only/W251.png,pass,pass,,True,864d66c1c7e8391b13ecd80450065e3adc70e3d2de5329f35bb6c080606661a4,1024,1536,1.0,0.780273,0.911458,0.499512,0.5,1200,1200,1.0
494,WWN2410.48.67.1199,Eterna,Eterna Contessa Mother of Pearl Dial Diamond Bezel Leather Strap Women's Watch 2410.48.67.1199,exact-existing,,watches-only/WWN2410.48.67.1199.png,product-shots/WWN2410.48.67.1199/main.jpg,https://raw.githubusercontent.com/AveryArtlife/gembreak-images/main/watches-only/WWN2410.48.67.1199.png,,pass,pass,,True,a9a7587b43ae7db730a68cb800b7fa6582979be72d5e052e0ab6ad3b0a748bc9,1024,1536,1.0,0.5,0.907552,0.5,0.5,1200,1200,1.0
495,WWNL2.821.4.11.6,Longines,Longines Record Chronometer White Dial Stainless Steel Men's Watch L2.821.4.11.6,exact-existing,,watches-only/WWNL2.821.4.11.6.png,product-shots/WWNL2.821.4.11.6/main.jpg,https://raw.githubusercontent.com/AveryArtlife/gembreak-images/main/watches-only/WWNL2.821.4.11.6.png,,pass,pass,,True,e3dac86555bc8c76916cbd24e657f722dbe86466a94f67d563b452f800b3e37f,1024,1536,1.0,0.767578,0.908203,0.5,0.499674,1200,1200,1.0
496,LONG-WL29,Longines,Longines Spirit Prestige Edition Automatic Black Dial Stainless Steel Men's Watch L3.811.4.53.9,exact-existing,,watches-only/LONG-WL29.png,product-shots/LONG-WL29/main.jpg,https://raw.githubusercontent.com/AveryArtlife/gembreak-images/main/watches-only/LONG-WL29.png,,pass,pass,,True,c70ae5aa0dd485f3b766610b059c03b90bbc04333073c32399df0d6b1dffdf54,2048,2048,1.0,0.527344,0.942383,0.504395,0.506348,1200,1200,1.0
497,WWNWBY1163.FT8113,Tag Heuer,Tag Heuer Formula 1 Solargraph Limited Edition Blue Dial Rubber Strap Men's Watch WBY1163.FT8113,exact-existing,,watches-only/WWNWBY1163.FT8113.png,product-shots/WWNWBY1163.FT8113/main.jpg,https://raw.githubusercontent.com/AveryArtlife/gembreak-images/main/watches-only/WWNWBY1163.FT8113.png,,pass,pass,,True,8f62886a301f32db3ec0907f696c5b6d30b3dd48086a3bccb7363bdd88833b5c,1024,1536,1.0,0.801758,0.908203,0.499512,0.500326,1200,1200,1.0
498,WWNL3.720.4.72.6,Longines,Longines Conquest Automatic Silver Dial Stainless Steel Men's Watch L3.720.4.72.6,exact-existing,,watches-only/WWNL3.720.4.72.6.png,product-shots/WWNL3.720.4.72.6/main.jpg,https://raw.githubusercontent.com/AveryArtlife/gembreak-images/main/watches-only/WWNL3.720.4.72.6.png,,pass,pass,,True,7724eadc8c10de0267a60e52a54976cb839342cf6347b60c64da8adcfbdfd69f,1024,1536,1.0,0.754883,0.907552,0.499512,0.5,1200,1200,1.0
499,W273,TAG Heuer,TAG HEUER Connected Calibre E4 x Oracle Red Bull Racing Edition 45,exact-existing,,watches-only/W273.png,product-shots/W273/main.jpg,https://raw.githubusercontent.com/AveryArtlife/gembreak-images/main/watches-only/W273.png,https://raw.githubusercontent.com/AveryArtlife/gembreak-images/main/watches-only/W273.png,pass,pass,,True,3907c52e1b9c63118d15810e0aa7ec630026d7789daf777d147b657f5c9fad33,1024,1280,1.0,0.710938,0.9875,0.514648,0.5,1200,1200,1.0
500,WWNCAZ1010.BA0842,Tag Heuer,Tag Heuer Formula 1 Quartz Chronograph Black Dial Stainless Steel Men's Watch CAZ1010.BA0842,exact-existing,,watches-only/WWNCAZ1010.BA0842.png,product-shots/WWNCAZ1010.BA0842/main.jpg,https://raw.githubusercontent.com/AveryArtlife/gembreak-images/main/watches-only/WWNCAZ1010.BA0842.png,,pass,pass,,True,7fb0fa59a7495d11f2476611fd439b5bd3c46e40207daa702e1f06794d7c613a,1024,1536,1.0,0.767578,0.908203,0.499023,0.500326,1200,1200,1.0
501,WWNL4.974.3.37.7,Longines,Longines Flagship Automatic Gold Tone Diamond Dial Yellow Gold PVD Steel Unisex Watch L4.974.3.37.7,exact-existing,,watches-only/WWNL4.974.3.37.7.png,product-shots/WWNL4.974.3.37.7/main.jpg,https://raw.githubusercontent.com/AveryArtlife/gembreak-images/main/watches-only/WWNL4.974.3.37.7.png,,pass,pass,,True,6ce8cbed7679fb06f38cbd4df6b36e7b0cc99c39397f18c9c90c3ee5de147005,1024,1536,1.0,0.662109,0.907552,0.5,0.5,1200,1200,1.0
502,WWNWAZ1010.BA0842,Tag Heuer,Tag Heuer Formula 1 Quartz Blue Dial Stainless Steel Men's Watch WAZ1010.BA0842,exact-existing,,watches-only/WWNWAZ1010.BA0842.png,product-shots/WWNWAZ1010.BA0842/main.jpg,https://raw.githubusercontent.com/AveryArtlife/gembreak-images/main/watches-only/WWNWAZ1010.BA0842.png,,pass,pass,,True,bf2baae3566848667bbb3f18d403f18e96edcbd83c2d34ee293177d13f31d55b,1024,1536,1.0,0.837891,0.907552,0.5,0.5,1200,1200,1.0
503,WWNL3.430.4.02.6,Longines,Longines Conquest Automatic Green Dial Stainless Steel Women's Watch L3.430.4.02.6,exact-existing,,watches-only/WWNL3.430.4.02.6.png,product-shots/WWNL3.430.4.02.6/main.jpg,https://raw.githubusercontent.com/AveryArtlife/gembreak-images/main/watches-only/WWNL3.430.4.02.6.png,,pass,pass,,True,095ee442395f211c1bf33a2d00b94d6e154d0b744e9abfd1a8c9d78716612a73,1024,1536,1.0,0.72168,0.907552,0.500488,0.5,1200,1200,1.0
504,WW312,Tag Heuer,Tag Heuer Connected Calibre E4 Golf Edition 45MM Titanium,exact-existing,,watches-only/WW312.png,product-shots/WW312/main.jpg,https://raw.githubusercontent.com/AveryArtlife/gembreak-images/main/watches-only/WW312.png,https://raw.githubusercontent.com/AveryArtlife/gembreak-images/main/watches-only/WW902.png,pass,pass,,True,99206a59e00a362bb7a80e4f4ec27e19cb5f4c14c6e7ea64f835664de4c1d9c1,1024,1536,1.0,0.779297,0.863281,0.5,0.5,1200,1200,1.0
505,LONG-WL71,Longines,LONGINES Conquest V.H.P. Quartz 42MM Men's Watch L3.717.2.96.9 / L,sheet-url-exact,W1436,watches-only/LONG-WL71.png,product-shots/LONG-WL71/main.jpg,https://raw.githubusercontent.com/AveryArtlife/gembreak-images/main/watches-only/LONG-WL71.png,https://raw.githubusercontent.com/AveryArtlife/gembreak-images/main/watches-only/W1436.png,pass,pass,,True,30e219d7db1bd42aa40ba6604bd1e452e213ed5948d660991ea6af01d74fc07b,1024,1536,1.0,0.831055,0.938151,0.54248,0.499674,1200,1200,1.0
506,WWNWBY1112.BA0042,Tag Heuer,Tag Heuer Formula 1 Solargraph Blue Dial Stainless Steel Men's Watch WBY1112.BA0042,exact-existing,,watches-only/WWNWBY1112.BA0042.png,product-shots/WWNWBY1112.BA0042/main.jpg,https://raw.githubusercontent.com/AveryArtlife/gembreak-images/main/watches-only/WWNWBY1112.BA0042.png,,pass,pass,,True,f9e225314e9222f09fabbecb823c24f5da5102743caf0d2600e9d0ecd8b4ee0f,1024,1536,1.0,0.822266,0.909505,0.5,0.500977,1200,1200,1.0
507,W20,Hamilton,HAMILTON Khaki Aviation X-Wind Automatic 45MM Green Dial Leather M,exact-existing,,watches-only/W20.png,product-shots/W20/main.jpg,https://raw.githubusercontent.com/AveryArtlife/gembreak-images/main/watches-only/W20.png,https://raw.githubusercontent.com/AveryArtlife/gembreak-images/main/watches-only/W20.png,pass,pass,,True,955fe0ed72d519d8e913f6a24dc194d6f848273864f71b14d20da77731ffde82,1024,1536,1.0,0.8125,0.892578,0.5,0.499674,1200,1200,1.0
508,W253,Hamilton,HAMILTON Khaki Navy Frogman AUTO SS 42MM Black Dial Watch H7760513,exact-existing,,watches-only/W253.png,product-shots/W253/main.jpg,https://raw.githubusercontent.com/AveryArtlife/gembreak-images/main/watches-only/W253.png,https://raw.githubusercontent.com/AveryArtlife/gembreak-images/main/watches-only/W253.png,pass,pass,,True,b7d09d8fa6606d561b7a0c6435313a3a2d1cd427c9c28219e4d7a77d4d2f0ab2,732,1280,1.0,0.916667,0.952344,0.497951,0.501172,1200,1200,1.0
509,W1280,Longines,LONGINES DolceVita Quartz 20MM Silver Flinque Dial Gray Leather Wo,exact-existing,,watches-only/W1280.png,product-shots/W1280/main.jpg,https://raw.githubusercontent.com/AveryArtlife/gembreak-images/main/watches-only/W1280.png,https://raw.githubusercontent.com/AveryArtlife/gembreak-images/main/watches-only/W1280.png,pass,pass,,True,02fd9480a4faaca5a210020266fd26d43c54db400ea768dee6089e1d667f3333,1024,1536,1.0,0.78125,0.911458,0.5,0.5,1200,1200,1.0
510,WWNL8.111.4.87.6,Longines,Longines Primaluna Automatic 26.5mm White Mother of Pearl Diamond Dial Steel Women's Watch L8.111.4.87.6,exact-existing,,watches-only/WWNL8.111.4.87.6.png,product-shots/WWNL8.111.4.87.6/main.jpg,https://raw.githubusercontent.com/AveryArtlife/gembreak-images/main/watches-only/WWNL8.111.4.87.6.png,,pass,pass,,True,3ff8dc27a27d544d53c88cd0e7b9eefd080e563ea36d5278e4249ffb75bea865,1024,1536,1.0,0.670898,0.906901,0.499512,0.499674,1200,1200,1.0
511,LONG-051.00,Longines,Longines Elegant Collection Silver Diamond Dial Steel Women's Watch L4.911.4.77.6,exact-existing,,watches-only/LONG-051.00.png,product-shots/LONG-051.00/main.jpg,https://raw.githubusercontent.com/AveryArtlife/gembreak-images/main/watches-only/LONG-051.00.png,,pass,pass,,True,783bbc14c1d1257539cab2385830ec122d1668841b13e0c1cc9ba1c1452e1b1d,2048,2048,1.0,0.528809,0.936035,0.505127,0.508545,1200,1200,1.0
512,W1343,Longines,LONGINES PrimaLuna Quartz 26.5MM Blue 11 Diamond Dial Women's Watc,exact-existing,,watches-only/W1343.png,product-shots/W1343/main.jpg,https://raw.githubusercontent.com/AveryArtlife/gembreak-images/main/watches-only/W1343.png,https://raw.githubusercontent.com/AveryArtlife/gembreak-images/main/watches-only/W1343.png,pass,pass,,True,81c16ebc17a091f6d0c98f219d6d4dd67fd478ff0b8f4230a7a23db20ace0199,1024,1536,1.0,0.605469,0.931641,0.520508,0.49707,1200,1200,1.0
513,LONG-000001,Longines,LONGINES DolceVita Quartz SS 37MM Black 13 Diamond Dial Women's Wa,sheet-url-exact,W1312,watches-only/LONG-000001.png,product-shots/LONG-000001/main.jpg,https://raw.githubusercontent.com/AveryArtlife/gembreak-images/main/watches-only/LONG-000001.png,https://raw.githubusercontent.com/AveryArtlife/gembreak-images/main/watches-only/W1312.png,pass,pass,,True,da0ea22d105e7f1ae0a2c418b0936dda34b3c8504663b075960b0cda2efbf4c4,1024,1536,1.0,0.78125,0.911458,0.499023,0.5,1200,1200,1.0
514,W246,Hamilton,HAMILTON Jazzmaster Inter-Matic 42MM Brown Dial Men's Watch H38735,exact-existing,,watches-only/W246.png,product-shots/W246/main.jpg,https://raw.githubusercontent.com/AveryArtlife/gembreak-images/main/watches-only/W246.png,https://raw.githubusercontent.com/AveryArtlife/gembreak-images/main/watches-only/W246.png,pass,pass,,True,baf77bad4dd9c29a8d97a0773b012680c951f4b91ab08a25a9485e1ab218f23e,1024,1536,1.0,0.78125,0.911458,0.5,0.5,1200,1200,1.0
515,W1534,Longines,LONGINES Flagship SS 38.5MM Automatic Men's Watch L48994216 / L4.8,exact-existing,,watches-only/W1534.png,product-shots/W1534/main.jpg,https://raw.githubusercontent.com/AveryArtlife/gembreak-images/main/watches-only/W1534.png,https://raw.githubusercontent.com/AveryArtlife/gembreak-images/main/watches-only/W1534.png,pass,pass,,True,49780a94ae1602a7818d620d2e47beec838976826b23a00fa51c078880001e27,1024,1536,1.0,0.78125,0.911458,0.500977,0.5,1200,1200,1.0
516,W1462,Longines,LONGINES Conquest Classic 36MM MOP Dial Women's Watch L2.387.0.87.,exact-existing,,watches-only/W1462.png,product-shots/W1462/main.jpg,https://raw.githubusercontent.com/AveryArtlife/gembreak-images/main/watches-only/W1462.png,https://raw.githubusercontent.com/AveryArtlife/gembreak-images/main/watches-only/W1462.png,pass,pass,,True,2e909c0302069e2df58c40e7b77dd1bbc6c75cff6582feda44a609e45054529c,1024,1536,1.0,0.569336,0.888021,0.52002,0.488932,1200,1200,1.0
517,W212,Hamilton,HAMILTON Khaki Field Murph Automatic 42MM Black Leather Men's Watc,exact-existing,,watches-only/W212.png,product-shots/W212/main.jpg,https://raw.githubusercontent.com/AveryArtlife/gembreak-images/main/watches-only/W212.png,https://raw.githubusercontent.com/AveryArtlife/gembreak-images/main/watches-only/W212.png,pass,pass,,True,3479dea8e393f4abef60e9355fefc335bf23ca6b96b7641a70fa622b7da93242,1024,1536,1.0,0.703125,0.923828,0.52832,0.496419,1200,1200,1.0
518,W213,Hamilton,HAMILTON Khaki Navy GMT Automatic 43MM Silver Dial Men's Watch H82,exact-existing,,watches-only/W213.png,product-shots/W213/main.jpg,https://raw.githubusercontent.com/AveryArtlife/gembreak-images/main/watches-only/W213.png,https://raw.githubusercontent.com/AveryArtlife/gembreak-images/main/watches-only/W213.png,pass,pass,,True,1dfaa18fc7d20cd66675c60f0982edd0c76e4f6af164ed05efcf9317471cb8f5,1024,1536,1.0,0.764648,0.958984,0.505371,0.496419,1200,1200,1.0
519,LONG-W1711,Longines,LONGINES Flagship Automatic 26MM Women's Watch L4.274.4.52.6 / L42,sheet-url-exact,W1543,watches-only/LONG-W1711.png,product-shots/LONG-W1711/main.jpg,https://raw.githubusercontent.com/AveryArtlife/gembreak-images/main/watches-only/LONG-W1711.png,https://raw.githubusercontent.com/AveryArtlife/gembreak-images/main/watches-only/W1543.png,pass,pass,,True,c55bf0a74b67b2cf157e0c4c3d6587c8b90205cb9172219eab4c717a4f0d8d05,1024,1536,1.0,0.78125,0.911458,0.5,0.5,1200,1200,1.0
520,W239,Hamilton,HAMILTON Khaki Aviation Converter 42MM AUTO BLK Dial Men's Watch H,exact-existing,,watches-only/W239.png,product-shots/W239/main.jpg,https://raw.githubusercontent.com/AveryArtlife/gembreak-images/main/watches-only/W239.png,https://raw.githubusercontent.com/AveryArtlife/gembreak-images/main/watches-only/W239.png,pass,pass,,True,2cefee36c0b50eb846dfb49f6bdaacb5c6ba440281fa8785d236f86d38164cae,1024,1536,1.0,0.780273,0.89974,0.499512,0.5,1200,1200,1.0
521,LONG-W2182,Longines,LONGINES DolceVita Automatic SS 28.2x47MM Silver Dial Men's Watch,sheet-url-exact,W1378,watches-only/LONG-W2182.png,product-shots/LONG-W2182/main.jpg,https://raw.githubusercontent.com/AveryArtlife/gembreak-images/main/watches-only/LONG-W2182.png,https://raw.githubusercontent.com/AveryArtlife/gembreak-images/main/watches-only/W1378.png,pass,pass,,True,3c94441eefdb1e4e9af12ec2b989cb0f437f99e5a0e9a5d035320ab0f8892da5,324,900,1.0,0.981481,1.0,0.503086,0.5,1200,1200,1.0
522,WWNH32506730,Hamilton,Hamilton Jazzmaster Auto Chrono Black Dial Leather Strap Men's Watch H32506730,exact-existing,,watches-only/WWNH32506730.png,product-shots/WWNH32506730/main.jpg,https://raw.githubusercontent.com/AveryArtlife/gembreak-images/main/watches-only/WWNH32506730.png,,pass,pass,,True,ce9eb135a9359d38303c5d909970b0b71536dba17dfe5f822383fe5022b66f50,1024,1536,1.0,0.779297,0.856771,0.5,0.5,1200,1200,1.0
523,WWN01 733 7730 4157-07 8 24 05PEB,Oris,Oris Aquis Date Automatic Green Dial Stainless Steel Men's Watch 01 733 7730 4157-07 8 24 05PEB,exact-existing,,watches-only/WWN01 733 7730 4157-07 8 24 05PEB.png,product-shots/WWN01 733 7730 4157-07 8 24 05PEB/main.jpg,https://raw.githubusercontent.com/AveryArtlife/gembreak-images/main/watches-only/WWN01 733 7730 4157-07 8 24 05PEB.png,,pass,pass,,True,dd8561d1c601b8fc9b48e9e5d18397e4cc575fa04654f390d45c445dc6e62138,1024,1536,1.0,0.785156,0.907552,0.5,0.5,1200,1200,1.0
524,LONG-WW725,Longines,LONGINES Elegant Automatic 39MM White Dial Black Leather Men's Wat,sheet-url-exact,W1364,watches-only/LONG-WW725.png,product-shots/LONG-WW725/main.jpg,https://raw.githubusercontent.com/AveryArtlife/gembreak-images/main/watches-only/LONG-WW725.png,https://raw.githubusercontent.com/AveryArtlife/gembreak-images/main/watches-only/W1364.png,pass,pass,,True,2b596c7d1f3e1700b08a83e8debcdf0032ff8744e9ec154fcd3ce6c03ec222d1,1024,1536,1.0,0.780273,0.911458,0.499512,0.5,1200,1200,1.0
525,W231,Hamilton,HAMILTON Khaki Field Titanium AUTO 42MM Blue Dial Men's Watch H705,exact-existing,,watches-only/W231.png,product-shots/W231/main.jpg,https://raw.githubusercontent.com/AveryArtlife/gembreak-images/main/watches-only/W231.png,https://raw.githubusercontent.com/AveryArtlife/gembreak-images/main/watches-only/W231.png,pass,pass,,True,c5869134b83c429c6c3be49657b3ef4f87ca91ab321846c593dbd711cdf655ae,1024,1536,1.0,0.780273,0.861979,0.499512,0.5,1200,1200,1.0
526,W1346,Longines,LONGINES Elegant Automatic SS 39MM White Dial Men's Watch L4.910.4,exact-existing,,watches-only/W1346.png,product-shots/W1346/main.jpg,https://raw.githubusercontent.com/AveryArtlife/gembreak-images/main/watches-only/W1346.png,https://raw.githubusercontent.com/AveryArtlife/gembreak-images/main/watches-only/W1346.png,pass,pass,,True,695661f343daae8c49510cc8fb387c94696614f76d5f0012afb6c7eb2666fa10,1024,1536,1.0,0.780273,0.911458,0.499512,0.5,1200,1200,1.0
527,WWNWAZ1110.FT8023,Tag Heuer,Tag Heuer Formula 1 Quartz Date Black Dial Rubber Strap Men's Watch WAZ1110.FT8023,exact-existing,,watches-only/WWNWAZ1110.FT8023.png,product-shots/WWNWAZ1110.FT8023/main.jpg,https://raw.githubusercontent.com/AveryArtlife/gembreak-images/main/watches-only/WWNWAZ1110.FT8023.png,,pass,pass,,True,1e3efa41552733ea2edb13db73da4c9a2bce8f492978e67060a377e7601e87f1,1024,1536,1.0,0.743164,0.907552,0.500488,0.5,1200,1200,1.0
528,LONG-WL80,Longines,Longines Legend Diver Automatic Beige Dial Fabric Strap Unisex Watch L3.374.4.30.2,exact-existing,,watches-only/LONG-WL80.png,product-shots/LONG-WL80/main.jpg,https://raw.githubusercontent.com/AveryArtlife/gembreak-images/main/watches-only/LONG-WL80.png,,pass,pass,,True,9eacf98fc99b505ed7c753da43ca674472545414a8a121ec26862b52577aa21d,2048,2048,1.0,0.503418,0.946289,0.499268,0.50293,1200,1200,1.0
529,WWN01 733 7707 4053-07 5 20 89,Oris,Oris Divers Sixty-Five Automatic Grey Dial Leather Strap Men's Watch 01 733 7707 4053-07 5 20 89,exact-existing,,watches-only/WWN01 733 7707 4053-07 5 20 89.png,product-shots/WWN01 733 7707 4053-07 5 20 89/main.jpg,https://raw.githubusercontent.com/AveryArtlife/gembreak-images/main/watches-only/WWN01 733 7707 4053-07 5 20 89.png,,pass,pass,,True,d35c3be966785e5da8d16a4baab6b770ef9b66611d67b6f74ab6f47c7eab44ea,1024,1536,1.0,0.854492,0.906901,0.499512,0.500326,1200,1200,1.0
530,WWNL2.708.4.78.3,Longines,Longines Master Power Reserve Automatic Silver Dial Leather Strap Men's Watch L2.708.4.78.3,exact-existing,,watches-only/WWNL2.708.4.78.3.png,product-shots/WWNL2.708.4.78.3/main.jpg,https://raw.githubusercontent.com/AveryArtlife/gembreak-images/main/watches-only/WWNL2.708.4.78.3.png,,pass,pass,,True,38db805013384e7822ad5da277d480c9c284b5b005abc94c34689a8244c19c29,1024,1536,1.0,0.740234,0.906901,0.5,0.500326,1200,1200,1.0
531,WWNL2.142.4.60.6,Longines,Longines Evidenza Automatic Green Dial Stainless Steel Women's Watch L2.142.4.60.6,exact-existing,,watches-only/WWNL2.142.4.60.6.png,product-shots/WWNL2.142.4.60.6/main.jpg,https://raw.githubusercontent.com/AveryArtlife/gembreak-images/main/watches-only/WWNL2.142.4.60.6.png,,pass,pass,,True,6fefa6bb016377866b995b0ce6f64f9cd9024c4d674b5cf4b126370b60127d6d,1024,1536,1.0,0.644531,0.907552,0.5,0.5,1200,1200,1.0
532,WWNL4.512.2.37.8,Longines,Longines La Grande Classique Quartz Gold Tone Diamond Dial Yellow Gold PVD Steel Women's Watch L4.512.2.37.8,exact-existing,,watches-only/WWNL4.512.2.37.8.png,product-shots/WWNL4.512.2.37.8/main.jpg,https://raw.githubusercontent.com/AveryArtlife/gembreak-images/main/watches-only/WWNL4.512.2.37.8.png,,pass,pass,,True,93dd13bcb007d11340acbb4ca394808c39645be7ce8c0024387871c76ed6ffb4,1024,1536,1.0,0.604492,0.90625,0.499512,0.5,1200,1200,1.0
533,WWNL2.821.4.96.6,Longines,Longines Record Chronometer Blue Dial Stainless Steel Men's Watch L2.821.4.96.6,exact-existing,,watches-only/WWNL2.821.4.96.6.png,product-shots/WWNL2.821.4.96.6/main.jpg,https://raw.githubusercontent.com/AveryArtlife/gembreak-images/main/watches-only/WWNL2.821.4.96.6.png,,pass,pass,,True,4fc059d56021cbc7932af5998b5910afc1f863b62b3a5ee63b35f82702b18983,1024,1536,1.0,0.741211,0.907552,0.499512,0.5,1200,1200,1.0
534,W1366,Longines,LONGINES DolceVita Automatic 47MM Leather Men's Watch L57674730 /,exact-existing,,watches-only/W1366.png,product-shots/W1366/main.jpg,https://raw.githubusercontent.com/AveryArtlife/gembreak-images/main/watches-only/W1366.png,https://raw.githubusercontent.com/AveryArtlife/gembreak-images/main/watches-only/W1366.png,pass,pass,,True,fc974bf556ace70d439c59831c89f264a9b1624d76cd3606c3fbbbada678c475,1024,1536,1.0,0.780273,0.911458,0.499512,0.5,1200,1200,1.0
535,W1433,Longines,LONGINES Dolce Vita Quartz 25.8x42MM Women's Watch L5.755.4.57.6 /,exact-existing,,watches-only/W1433.png,product-shots/W1433/main.jpg,https://raw.githubusercontent.com/AveryArtlife/gembreak-images/main/watches-only/W1433.png,https://raw.githubusercontent.com/AveryArtlife/gembreak-images/main/watches-only/W1433.png,pass,pass,,True,350030d9a70e537429c21d5a6b3f1d5ea68c19ba102b9449362cad11f2710f1f,1024,1536,1.0,0.78125,0.911458,0.5,0.5,1200,1200,1.0
536,CRH35405741,Hamilton,Hamilton American Classic Pan Europ Automatic H35405741 Men's Watch,exact-existing,,watches-only/CRH35405741.png,product-shots/CRH35405741/main.jpg,https://raw.githubusercontent.com/AveryArtlife/gembreak-images/main/watches-only/CRH35405741.png,https://cdn.creationwatches.com/products/images/ebayimages/H35405741.jpg,pass,pass,,True,cba28ae511bb754a90070b2c4eea69876ccf8dceae5cbb9fc071de426f37be3d,1024,1536,1.0,0.860352,0.908854,0.499512,0.5,1200,1200,1.0
537,WWNH24655331,Hamilton,Hamilton Ventura XXL Automatic Black Dial Rubber Strap Men's Watch H24655331,exact-existing,,watches-only/WWNH24655331.png,product-shots/WWNH24655331/main.jpg,https://raw.githubusercontent.com/AveryArtlife/gembreak-images/main/watches-only/WWNH24655331.png,,pass,pass,,True,1b9bed9a2e1b3c98aabe25329e283c7cf13fb30c0d5c75deb9ab7c02f8820e63,1024,1536,1.0,0.780273,0.911458,0.500488,0.5,1200,1200,1.0
538,WWN01 733 7731 4135-07 4 18 64FC,Oris,Oris Aquis Date Automatic Blue Dial Rubber Strap Women's Watch 01 733 7731 4135-07 4 18 64FC,exact-existing,,watches-only/WWN01 733 7731 4135-07 4 18 64FC.png,product-shots/WWN01 733 7731 4135-07 4 18 64FC/main.jpg,https://raw.githubusercontent.com/AveryArtlife/gembreak-images/main/watches-only/WWN01 733 7731 4135-07 4 18 64FC.png,,pass,pass,,True,86559a43f4f7c995e65e320193913bcca5be0a897e4a807c4824fe2813a6d81f,1024,1536,1.0,0.771484,0.908203,0.5,0.499674,1200,1200,1.0
539,W1503,Longines,LONGINES Conquest CHRONO SS 44MM Black Dial Men's Watch L3.727.4.6,exact-existing,,watches-only/W1503.png,product-shots/W1503/main.jpg,https://raw.githubusercontent.com/AveryArtlife/gembreak-images/main/watches-only/W1503.png,https://raw.githubusercontent.com/AveryArtlife/gembreak-images/main/watches-only/W1503.png,pass,pass,,True,b66244016d728b704b62a4a0af92e00f6bc8a5edac135b66af32b62a96ed006a,1024,1536,1.0,0.798828,0.969401,0.522461,0.497721,1200,1200,1.0
540,WWNWAZ1110.BA0875,Tag Heuer,Tag Heuer Formula 1 Quartz Black Dial Stainless Steel Men's Watch WAZ1110.BA0875,exact-existing,,watches-only/WWNWAZ1110.BA0875.png,product-shots/WWNWAZ1110.BA0875/main.jpg,https://raw.githubusercontent.com/AveryArtlife/gembreak-images/main/watches-only/WWNWAZ1110.BA0875.png,,pass,pass,,True,8e2d21f311a5f7118030153a8dced274c937769c123a911c668022485f672806,1024,1536,1.0,0.875977,0.90625,0.499512,0.499349,1200,1200,1.0
541,WWNL2.142.4.96.2,Longines,Longines Evidenza Automatic Blue Dial Leather Strap Women's Watch L2.142.4.96.2,exact-existing,,watches-only/WWNL2.142.4.96.2.png,product-shots/WWNL2.142.4.96.2/main.jpg,https://raw.githubusercontent.com/AveryArtlife/gembreak-images/main/watches-only/WWNL2.142.4.96.2.png,,pass,pass,,True,8d02a6904c648c514fd25f492a8f7b1e932dd3cba29fffadc89757bfde1ba74e,1024,1536,1.0,0.584961,0.907552,0.499512,0.5,1200,1200,1.0
542,WWNL2.142.4.76.2,Longines,Longines Evidenza Automatic Silver Dial Leather Strap Women's Watch L2.142.4.76.2,exact-existing,,watches-only/WWNL2.142.4.76.2.png,product-shots/WWNL2.142.4.76.2/main.jpg,https://raw.githubusercontent.com/AveryArtlife/gembreak-images/main/watches-only/WWNL2.142.4.76.2.png,,pass,pass,,True,0e88c802539798f14e620cabff44eee43b28b8716e1ddbb63092c0a9801e635d,1024,1536,1.0,0.735352,0.910156,0.499512,0.500651,1200,1200,1.0
543,WW882,Mido,Mido Multifort 42MM Auto Silver Dial Men's Watch,exact-existing,,watches-only/WW882.png,product-shots/WW882/main.jpg,https://raw.githubusercontent.com/AveryArtlife/gembreak-images/main/watches-only/WW882.png,https://raw.githubusercontent.com/AveryArtlife/gembreak-images/main/watches-only/WW882.png,pass,pass,,True,832010de83d53f34718438713ca392bdde90b35edaa2f960717b366c97ed5704,908,1676,1.0,0.982379,0.98747,0.498899,0.499105,1200,1200,1.0
544,W250,Hamilton,HAMILTON Jazzmaster Automatic Beige Dial Men's Watch H32635521,exact-existing,,watches-only/W250.png,product-shots/W250/main.jpg,https://raw.githubusercontent.com/AveryArtlife/gembreak-images/main/watches-only/W250.png,https://raw.githubusercontent.com/AveryArtlife/gembreak-images/main/watches-only/W250.png,pass,pass,,True,2c6827339ff4b6db4c4eb4c604c67ef747144667500cf6601ffadedb07902e07,726,1280,1.0,0.931129,0.935156,0.5,0.499609,1200,1200,1.0
545,W216,Hamilton,HAMILTON Jazzmaster Open Heart Automatic 42MM Blue Dial Leather Me,exact-existing,,watches-only/W216.png,product-shots/W216/main.jpg,https://raw.githubusercontent.com/AveryArtlife/gembreak-images/main/watches-only/W216.png,https://raw.githubusercontent.com/AveryArtlife/gembreak-images/main/watches-only/W216.png,pass,pass,,True,c11d7c9a3c92b78cee43ac7d631ed5359d7379a7482f8837fd95fc87e889fb0b,1024,1536,1.0,0.701172,0.952474,0.504883,0.493815,1200,1200,1.0
546,LONG-N10329,Longines,LONGINES Elegant Collection SS 37MM Grey Dial Unisex Watch L4.810.,sheet-url-exact,W1470,watches-only/LONG-N10329.png,product-shots/LONG-N10329/main.jpg,https://raw.githubusercontent.com/AveryArtlife/gembreak-images/main/watches-only/LONG-N10329.png,https://raw.githubusercontent.com/AveryArtlife/gembreak-images/main/watches-only/W1470.png,pass,pass,,True,a4051c66b37772d6719cc6c80101c67dae604c4ff71cbf5cfd3a70a9afa3aaea,1024,1536,1.0,0.780273,0.911458,0.500488,0.5,1200,1200,1.0
547,W1489,Longines,LONGINES Classic Automatic 40MM Black Dial Leather Men's Watch L4.,exact-existing,,watches-only/W1489.png,product-shots/W1489/main.jpg,https://raw.githubusercontent.com/AveryArtlife/gembreak-images/main/watches-only/W1489.png,https://raw.githubusercontent.com/AveryArtlife/gembreak-images/main/watches-only/W1489.png,pass,pass,,True,2a53855e823a7230e8352365583bb8b6b95fef0897b79b3fced2b01cdbc0d160,1024,1536,1.0,0.717773,0.895182,0.518066,0.491862,1200,1200,1.0
548,W255,Hamilton,HAMILTON Jazzmaster Automatic SS 42MM Silver Dial Men's Watch H425,exact-existing,,watches-only/W255.png,product-shots/W255/main.jpg,https://raw.githubusercontent.com/AveryArtlife/gembreak-images/main/watches-only/W255.png,https://raw.githubusercontent.com/AveryArtlife/gembreak-images/main/watches-only/W255.png,pass,pass,,True,42df4d7271d55c85541d1f5d5424d5ee5db2159fd8161fb7f0424465bcf8d3e5,678,1280,1.0,0.924779,0.963281,0.497788,0.495703,1200,1200,1.0
549,CR96K117,Bulova,Bulova CURV High Precision 10th Anniversary Edition Chronograph Brown Dial Quartz 96K117 Men's Watch With Extra Strap,exact-existing,,watches-only/CR96K117.png,product-shots/CR96K117/main.jpg,https://raw.githubusercontent.com/AveryArtlife/gembreak-images/main/watches-only/CR96K117.png,https://cdn.creationwatches.com/products/images/ebayimages/96K117.jpg,pass,pass,,True,6669d24bbfe953d74e9979c422e229f2a5c582beff8bd7c30b7f0c8dfc2ca98c,1024,1536,1.0,0.766602,0.906901,0.461426,0.499674,1200,1200,1.0
550,WWNL3.811.4.53.0,Longines,Longines Spirit Automatic Black Dial Leather Strap Men's Watch L3.811.4.53.0,exact-existing,,watches-only/WWNL3.811.4.53.0.png,product-shots/WWNL3.811.4.53.0/main.jpg,https://raw.githubusercontent.com/AveryArtlife/gembreak-images/main/watches-only/WWNL3.811.4.53.0.png,,pass,pass,,True,0c161b1ae5ba70d9c481999788efb8d3b09660c019c2459b1cba46f92729a5b8,1024,1536,1.0,0.776367,0.906901,0.500488,0.499674,1200,1200,1.0
551,WWNM026.608.11.051.00,Mido,Mido Ocean Star 600 Chronometer Black Dial Steel Men's Watch M026.608.11.051.00,exact-existing,,watches-only/WWNM026.608.11.051.00.png,product-shots/WWNM026.608.11.051.00/main.jpg,https://raw.githubusercontent.com/AveryArtlife/gembreak-images/main/watches-only/WWNM026.608.11.051.00.png,,pass,pass,,True,b37e782ebbff47264d7743aceb9491c20a11283e9cc48edf76ece43c76f3aeb0,1024,1536,1.0,0.748047,0.907552,0.5,0.5,1200,1200,1.0
552,W1311,Longines,LONGINES DolceVita Quartz SS 27MM Black Diamond Dial Women's Watch,exact-existing,,watches-only/W1311.png,product-shots/W1311/main.jpg,https://raw.githubusercontent.com/AveryArtlife/gembreak-images/main/watches-only/W1311.png,https://raw.githubusercontent.com/AveryArtlife/gembreak-images/main/watches-only/W1311.png,pass,pass,,True,1a87a4667ec93d4625b9405073bde0356e99ea84a1e4e71919d92b86609a8115,1024,1536,1.0,0.780273,0.911458,0.499512,0.5,1200,1200,1.0
553,W1459,Longines,LONGINES DolceVita Quartz 25MM MOP Dial Women's Watch L5.755.4.87.,exact-existing,,watches-only/W1459.png,product-shots/W1459/main.jpg,https://raw.githubusercontent.com/AveryArtlife/gembreak-images/main/watches-only/W1459.png,https://raw.githubusercontent.com/AveryArtlife/gembreak-images/main/watches-only/W1459.png,pass,pass,,True,94b11afd10b7a387e45d62c85394e0be8f7e66cc5dfc5812ed52010c3a344cab,1024,1536,1.0,0.780273,0.911458,0.499512,0.5,1200,1200,1.0
554,W1372,Longines,LONGINES DolceVita Automatic 28.2x47MM Silver Dial Blue Leather Me,exact-existing,,watches-only/W1372.png,product-shots/W1372/main.jpg,https://raw.githubusercontent.com/AveryArtlife/gembreak-images/main/watches-only/W1372.png,https://raw.githubusercontent.com/AveryArtlife/gembreak-images/main/watches-only/W1372.png,pass,pass,,True,9a1b5496ee50e7d5906731f56c92e9626bbcc1b70335170509170f69780627b6,1024,1536,1.0,0.782227,0.911458,0.499512,0.5,1200,1200,1.0
555,W1430,Longines,LONGINES V.H.P. Chronograph 42MM Men's Watch L3.717.4.96.6 / L3717,exact-existing,,watches-only/W1430.png,product-shots/W1430/main.jpg,https://raw.githubusercontent.com/AveryArtlife/gembreak-images/main/watches-only/W1430.png,https://raw.githubusercontent.com/AveryArtlife/gembreak-images/main/watches-only/W1430.png,pass,pass,,True,dd3144dd132c4693d2ce88b4c63e0652df9f0afc96d5424a3790074d37744b7c,1024,1536,1.0,0.807617,0.959635,0.540527,0.5,1200,1200,1.0
556,LONG-W1701,Longines,LONGINES DolceVita Quartz 20MM Red Dial Leather Women's Watch L5.2,sheet-url-exact,W1329,watches-only/LONG-W1701.png,product-shots/LONG-W1701/main.jpg,https://raw.githubusercontent.com/AveryArtlife/gembreak-images/main/watches-only/LONG-W1701.png,https://raw.githubusercontent.com/AveryArtlife/gembreak-images/main/watches-only/W1329.png,pass,pass,,True,c6ba70c6049d36a2bb15e628e889cd71850a4fb8aa9d02322f40738e5ca6163e,1024,1536,1.0,0.779297,0.911458,0.500977,0.5,1200,1200,1.0
557,W1339,Longines,LONGINES DolceVita Quartz 23MM White Dial Women's Watch L5.512.4.1,exact-existing,,watches-only/W1339.png,product-shots/W1339/main.jpg,https://raw.githubusercontent.com/AveryArtlife/gembreak-images/main/watches-only/W1339.png,https://raw.githubusercontent.com/AveryArtlife/gembreak-images/main/watches-only/W1339.png,pass,pass,,True,ae68f9d1af8a11fc563067d4952a9a04dbd601eccfc33c9d263d8bbe044d334a,1024,1536,1.0,0.783203,0.911458,0.5,0.5,1200,1200,1.0
558,WWNL3.374.4.90.2,Longines,Longines Legend Diver Automatic Blue Dial Steel  Unisex Watch L3.374.4.90.2,exact-existing,,watches-only/WWNL3.374.4.90.2.png,product-shots/WWNL3.374.4.90.2/main.jpg,https://raw.githubusercontent.com/AveryArtlife/gembreak-images/main/watches-only/WWNL3.374.4.90.2.png,,pass,pass,,True,c3afcb1c80266b82142c2d45b8bb98ec3c5edc729ef756682df9e5aeac2bf4cc,1024,1536,1.0,0.755859,0.906901,0.499023,0.500326,1200,1200,1.0
559,W1349,Longines,LONGINES Elegant Automatic SS 34.5MM White Dial Women's Watch L4.8,exact-existing,,watches-only/W1349.png,product-shots/W1349/main.jpg,https://raw.githubusercontent.com/AveryArtlife/gembreak-images/main/watches-only/W1349.png,https://raw.githubusercontent.com/AveryArtlife/gembreak-images/main/watches-only/W1349.png,pass,pass,,True,58ff039070e6f3da87d9a439b18515bb7018f3669f6a30f7cf9610e33f5499de,1024,1536,1.0,0.78125,0.910807,0.5,0.499674,1200,1200,1.0
560,W1296,Longines,LONGINES PrimaLuna Quartz 30MM Blue MOP Dial SS Women's Watch L8.1,exact-existing,,watches-only/W1296.png,product-shots/W1296/main.jpg,https://raw.githubusercontent.com/AveryArtlife/gembreak-images/main/watches-only/W1296.png,https://raw.githubusercontent.com/AveryArtlife/gembreak-images/main/watches-only/W1296.png,pass,pass,,True,99b8b94f5224551eb92086655a78483b2ecadd9c49c58941e4aae044b1cf5ade,1024,1536,1.0,0.625,0.943359,0.515625,0.500326,1200,1200,1.0
561,W1301,Longines,LONGINES Presence Automatic 34.5MM White Dial Two-Tone Women's Wat,exact-existing,,watches-only/W1301.png,product-shots/W1301/main.jpg,https://raw.githubusercontent.com/AveryArtlife/gembreak-images/main/watches-only/W1301.png,https://raw.githubusercontent.com/AveryArtlife/gembreak-images/main/watches-only/W1301.png,pass,pass,,True,91ef440bbf2d3a793bd855b95bffbf4d074662edddcaa6cd4afcde1bec01dbd8,1024,1536,1.0,0.780273,0.911458,0.499512,0.5,1200,1200,1.0
562,WWNL3.811.4.73.2,Longines,Longines Spirit Automatic Silver Dial Leather Strap Men's Watch L3.811.4.73.2,exact-existing,,watches-only/WWNL3.811.4.73.2.png,product-shots/WWNL3.811.4.73.2/main.jpg,https://raw.githubusercontent.com/AveryArtlife/gembreak-images/main/watches-only/WWNL3.811.4.73.2.png,,pass,pass,,True,5c0f0924e09f3b6261c5fa99d34450acbc6ba94aba317c2c12973da58c7b282f,1024,1536,1.0,0.768555,0.907552,0.499512,0.5,1200,1200,1.0
563,CRSF-M1B-01M,Seven Friday,Sevenfriday M-Series Urban Explorer Automatic M1B/01M SF-M1B-01M Men's Watch,exact-existing,,watches-only/CRSF-M1B-01M.png,product-shots/CRSF-M1B-01M/main.jpg,https://raw.githubusercontent.com/AveryArtlife/gembreak-images/main/watches-only/CRSF-M1B-01M.png,https://cdn.creationwatches.com/products/images/ebayimages/SF-M1B-01M.jpg,pass,pass,,True,4853ae4fe3dbb92fef4777731e60ea07c7c0dfc8d007a1f9caf60fd20312d162,1024,1536,1.0,0.875,0.880859,0.5,0.500326,1200,1200,1.0
564,WWNL2.330.4.93.0,Longines,Longines Heritage Classic Tuxedo Automatic Black Dial Leather Strap Men's Watch L2.330.4.93.0,exact-existing,,watches-only/WWNL2.330.4.93.0.png,product-shots/WWNL2.330.4.93.0/main.jpg,https://raw.githubusercontent.com/AveryArtlife/gembreak-images/main/watches-only/WWNL2.330.4.93.0.png,,pass,pass,,True,1a7678769ceb03ab0b5fa80d0d466ad34e8966095909d2d4a8cc3f5c18f10cbb,1024,1536,1.0,0.790039,0.908203,0.499512,0.499674,1200,1200,1.0
565,LONG-W1659,Longines,LONGINES Presence Automatic SS 38.5MM Champagne Dial Men's Watch L,sheet-url-exact,W1350,watches-only/LONG-W1659.png,product-shots/LONG-W1659/main.jpg,https://raw.githubusercontent.com/AveryArtlife/gembreak-images/main/watches-only/LONG-W1659.png,https://raw.githubusercontent.com/AveryArtlife/gembreak-images/main/watches-only/W1350.png,pass,pass,,True,5fa62acd7871a56a30a53955b355d26f678d108b223f8de1de9354ba588075d8,1024,1536,1.0,0.779297,0.911458,0.5,0.5,1200,1200,1.0
566,LONG-WL73,Longines,Longines DolceVita Quartz Mini Silver Dial Black Leather Strap Women's Watch L5.200.4.71.2,exact-existing,,watches-only/LONG-WL73.png,product-shots/LONG-WL73/main.jpg,https://raw.githubusercontent.com/AveryArtlife/gembreak-images/main/watches-only/LONG-WL73.png,,pass,pass,,True,ec3264e1823814d7e9b7769f91886a34269ae060727e1f6656d3eec7e8364c45,2048,2048,1.0,0.376953,0.923828,0.509277,0.506348,1200,1200,1.0
567,WWNL8.113.4.71.6,Longines,Longines Primaluna Automatic 30mm Ivory Dial Stainless Steel Women's Watch L8.113.4.71.6,exact-existing,,watches-only/WWNL8.113.4.71.6.png,product-shots/WWNL8.113.4.71.6/main.jpg,https://raw.githubusercontent.com/AveryArtlife/gembreak-images/main/watches-only/WWNL8.113.4.71.6.png,,pass,pass,,True,d3c5164def4e6d871cce044928e56aea6328f8ecceff929e941b705ea1089629,1024,1536,1.0,0.773438,0.907552,0.5,0.5,1200,1200,1.0
568,WWNM026.608.11.041.01,Mido,Mido Ocean Star 600 Chronometer Blue Dial Steel Men's Watch M026.608.11.041.01,exact-existing,,watches-only/WWNM026.608.11.041.01.png,product-shots/WWNM026.608.11.041.01/main.jpg,https://raw.githubusercontent.com/AveryArtlife/gembreak-images/main/watches-only/WWNM026.608.11.041.01.png,,pass,pass,,True,3396ab5289be0434ca487730079924d42a8cfeb544d29c99fa83a2bd0b3e6f1e,1024,1536,1.0,0.760742,0.907552,0.499512,0.5,1200,1200,1.0
569,LONG-000147,Longines,LONGINES DolceVita Quartz SS 23MM Blue Dial Women's Watch L5.512.4,sheet-url-exact,W1278,watches-only/LONG-000147.png,product-shots/LONG-000147/main.jpg,https://raw.githubusercontent.com/AveryArtlife/gembreak-images/main/watches-only/LONG-000147.png,https://raw.githubusercontent.com/AveryArtlife/gembreak-images/main/watches-only/W1278.png,pass,pass,,True,ebbb1bc4fb09eea0f2d49963840e7bfa613b9b0fa5b7fab4562fa570922ecf8d,285,900,1.0,0.978947,0.988889,0.503509,0.501111,1200,1200,1.0
570,W225,Hamilton,HAMILTON Navy Scuba Automatic 43MM Men's Watch H82525160,exact-existing,,watches-only/W225.png,product-shots/W225/main.jpg,https://raw.githubusercontent.com/AveryArtlife/gembreak-images/main/watches-only/W225.png,https://raw.githubusercontent.com/AveryArtlife/gembreak-images/main/watches-only/W225.png,pass,pass,,True,56da419def575800b61d1501a29d177667b0eb2b0917291591f9c564d83c03df,1024,1536,1.0,0.735352,0.929688,0.512207,0.486328,1200,1200,1.0
571,W274,TAG Heuer,TAG HEUER Connected Calibre E4 42MM Titanium Smartwatch SBR8081.BT,exact-existing,,watches-only/W274.png,product-shots/W274/main.jpg,https://raw.githubusercontent.com/AveryArtlife/gembreak-images/main/watches-only/W274.png,https://raw.githubusercontent.com/AveryArtlife/gembreak-images/main/watches-only/W274.png,pass,pass,,True,13ece73da2bef3f4fa2a3e2bbbf57bc22530388d83a423d0240de91bd24fb78a,700,1000,1.0,0.762857,0.934,0.5,0.5,1200,1200,1.0
572,HAMI-081.00,Hamilton,Hamilton Khaki Pilot Automatic H64615735 Men's Watch,exact-existing,,watches-only/HAMI-081.00.png,product-shots/HAMI-081.00/main.jpg,https://raw.githubusercontent.com/AveryArtlife/gembreak-images/main/watches-only/HAMI-081.00.png,https://cdn.creationwatches.com/products/images/ebayimages/H64615735.jpg,pass,pass,,True,a61ba689ed14b6e21c9340f5c778f86571741f79db34591569903a967724a821,2048,2048,1.0,0.594727,0.945312,0.5,0.5,1200,1200,1.0
573,W1277,Longines,LONGINES DolceVita Quartz 23MM Blue Dial Leather Women's Watch L5.,exact-existing,,watches-only/W1277.png,product-shots/W1277/main.jpg,https://raw.githubusercontent.com/AveryArtlife/gembreak-images/main/watches-only/W1277.png,https://raw.githubusercontent.com/AveryArtlife/gembreak-images/main/watches-only/W1277.png,pass,pass,,True,5e681dcbdd7804552ffedd274a8625d65b9cf04e63ef7210c21bdaebd1182014,1024,1536,1.0,0.782227,0.911458,0.499512,0.5,1200,1200,1.0
574,WWNH24614330,Hamilton,Hamilton Ventura XXL Bright Dune Black Dial Rubber Strap Men's Watch H24614330,exact-existing,,watches-only/WWNH24614330.png,product-shots/WWNH24614330/main.jpg,https://raw.githubusercontent.com/AveryArtlife/gembreak-images/main/watches-only/WWNH24614330.png,,pass,pass,,True,1e9ed5a21001d5239a3d1fc2427c2d9a92bf511eaec62e9b15c3c6738696cbf5,1024,1536,1.0,0.854492,0.907552,0.499512,0.5,1200,1200,1.0
575,WWN01 733 7720 4057-07 5 21 02,Oris,Oris Divers Sixty-Five Automatic 42mm Green Dial Leather Strap Men's Watch 01 733 7720 4057-07 5 21 02,exact-existing,,watches-only/WWN01 733 7720 4057-07 5 21 02.png,product-shots/WWN01 733 7720 4057-07 5 21 02/main.jpg,https://raw.githubusercontent.com/AveryArtlife/gembreak-images/main/watches-only/WWN01 733 7720 4057-07 5 21 02.png,,pass,pass,,True,772282a4c78f246397f569eac965aa9eaf62963aa3f689da9114ca4ec480d128,1024,1536,1.0,0.780273,0.911458,0.499512,0.5,1200,1200,1.0
576,WWN01 733 7747 4055-07 5 17 45,Oris,Oris Divers Sixty-Five Automatic Blue Dial Leather Strap Unisex Watch 01 733 7747 4055-07 5 17 45,exact-existing,,watches-only/WWN01 733 7747 4055-07 5 17 45.png,product-shots/WWN01 733 7747 4055-07 5 17 45/main.jpg,https://raw.githubusercontent.com/AveryArtlife/gembreak-images/main/watches-only/WWN01 733 7747 4055-07 5 17 45.png,,pass,pass,,True,b4be02f446405da687e6e6321e80ad67ac3d7d4a28b9b7927534ff0223759327,1024,1536,1.0,0.791992,0.906901,0.499512,0.499674,1200,1200,1.0
577,WWN01 733 7720 4057-07 5 21 45,Oris,Oris Divers Sixty-Five Automatic Green Dial Leather Strap Men's Watch 01 733 7720 4057-07 5 21 45,exact-existing,,watches-only/WWN01 733 7720 4057-07 5 21 45.png,product-shots/WWN01 733 7720 4057-07 5 21 45/main.jpg,https://raw.githubusercontent.com/AveryArtlife/gembreak-images/main/watches-only/WWN01 733 7720 4057-07 5 21 45.png,,pass,pass,,True,c0f9d549a829894da763affa3aefb3fa01845aeba616f28eaa5d9dff5a409969,1024,1536,1.0,0.876953,0.876302,0.499023,0.5,1200,1200,1.0
578,W1302,Longines,LONGINES Presence Automatic 38.5MM White Dial Two-Tone Men's Watch,exact-existing,,watches-only/W1302.png,product-shots/W1302/main.jpg,https://raw.githubusercontent.com/AveryArtlife/gembreak-images/main/watches-only/W1302.png,https://raw.githubusercontent.com/AveryArtlife/gembreak-images/main/watches-only/W1302.png,pass,pass,,True,28403533509c635793fe6ce980cba3886ecca53f2cb4815201996f3d11f21af5,720,900,1.0,0.656944,0.991111,0.504861,0.501111,1200,1200,1.0
579,W1357,Longines,LONGINES Conquest Quartz SS 30MM 11 Diamond White MOP Women's Watc,exact-existing,,watches-only/W1357.png,product-shots/W1357/main.jpg,https://raw.githubusercontent.com/AveryArtlife/gembreak-images/main/watches-only/W1357.png,https://raw.githubusercontent.com/AveryArtlife/gembreak-images/main/watches-only/W1357.png,pass,pass,,True,6b74cd7e90efd8303e2ec546f546e93b1681ba524692b8cb53fa3d2849de29d9,1024,1536,1.0,0.78125,0.911458,0.499023,0.5,1200,1200,1.0
580,W1514,Longines,LONGINES Symphonette Quartz MOP Dial SS Women's Watch L2.305.4.83.,exact-existing,,watches-only/W1514.png,product-shots/W1514/main.jpg,https://raw.githubusercontent.com/AveryArtlife/gembreak-images/main/watches-only/W1514.png,https://raw.githubusercontent.com/AveryArtlife/gembreak-images/main/watches-only/W1514.png,pass,pass,,True,ea5fd59d479efb81b6afd62de9b566495091f0de5c35bf8dbc7de1129e9b2d57,1024,1536,1.0,0.782227,0.911458,0.499512,0.5,1200,1200,1.0
581,W1338,Longines,LONGINES DolceVita Quartz 20MM White Dial Women's Watch L5.255.4.1,exact-existing,,watches-only/W1338.png,product-shots/W1338/main.jpg,https://raw.githubusercontent.com/AveryArtlife/gembreak-images/main/watches-only/W1338.png,https://raw.githubusercontent.com/AveryArtlife/gembreak-images/main/watches-only/W1338.png,pass,pass,,True,b7146c4f445d3bc43a2855c54be8713c16b27eaa69d6e028bb45fb963fa026a6,274,900,1.0,0.981752,0.985556,0.498175,0.499444,1200,1200,1.0
582,LONG-WL25,Longines,Longines DolceVita Quartz Mother of Pearl Diamond Dial Stainless Steel Women's Watch L5.258.4.87.6,exact-existing,,watches-only/LONG-WL25.png,product-shots/LONG-WL25/main.jpg,https://raw.githubusercontent.com/AveryArtlife/gembreak-images/main/watches-only/LONG-WL25.png,,pass,pass,,True,7f1ab7339287b9628c7a62cf2cf149cfe9ac631ac3b53926dfd46d980e4abf44,2048,2048,1.0,0.284668,0.938477,0.499268,0.502441,1200,1200,1.0
583,WWN01 733 7770 4150-SET,Oris,Oris Aquis Date Upcycle Edition Multicolored Dial Steel Unisex Watch 01 733 7770 4150-SET,exact-existing,,watches-only/WWN01 733 7770 4150-SET.png,product-shots/WWN01 733 7770 4150-SET/main.jpg,https://raw.githubusercontent.com/AveryArtlife/gembreak-images/main/watches-only/WWN01 733 7770 4150-SET.png,,pass,pass,,True,8258b2cbf79176aec70f9b21d1e601db2deaefff5477d9c741bbc8507538a2cd,1024,1536,1.0,0.78125,0.911458,0.500977,0.5,1200,1200,1.0
584,WWNL2.822.4.56.2,Longines,Longines Heritage Skin Diver Black Dial Leather Strap Men's Watch L2.822.4.56.2,exact-existing,,watches-only/WWNL2.822.4.56.2.png,product-shots/WWNL2.822.4.56.2/main.jpg,https://raw.githubusercontent.com/AveryArtlife/gembreak-images/main/watches-only/WWNL2.822.4.56.2.png,,pass,pass,,True,0e8cdc3b73abb1ffedb6619d855fd72481a760f41aae7f754c199a3321ecc7d2,1024,1536,1.0,0.764648,0.906901,0.499512,0.500326,1200,1200,1.0
585,W1276,Longines,LONGINES DolceVita Quartz 20MM Blue Dial Leather Women's Watch L5.,exact-existing,,watches-only/W1276.png,product-shots/W1276/main.jpg,https://raw.githubusercontent.com/AveryArtlife/gembreak-images/main/watches-only/W1276.png,https://raw.githubusercontent.com/AveryArtlife/gembreak-images/main/watches-only/W1276.png,pass,pass,,True,22b4f93b43e9e987476b567d3b315b9fa30dec3fc4c5e1a6a9854e20df3ab7a6,1024,1536,1.0,0.78125,0.911458,0.5,0.5,1200,1200,1.0
586,W1548,Longines,LONGINES Flagship Automatic SS 36MM Men's Watch L4.774.4.12.6,exact-existing,,watches-only/W1548.png,product-shots/W1548/main.jpg,https://raw.githubusercontent.com/AveryArtlife/gembreak-images/main/watches-only/W1548.png,https://raw.githubusercontent.com/AveryArtlife/gembreak-images/main/watches-only/W1548.png,pass,pass,,True,773b162a95a52730f147ea3376ca9bc92b0d135fd9584e06fdcf270ba8b1c19b,416,900,1.0,0.987981,0.986667,0.501202,0.498889,1200,1200,1.0
587,HAMI-X009K2,Hamilton,Hamilton Khaki Aviation X-Wind Chronograph Quartz GMT H77912335 Men's Watch,exact-existing,,watches-only/HAMI-X009K2.png,product-shots/HAMI-X009K2/main.jpg,https://raw.githubusercontent.com/AveryArtlife/gembreak-images/main/watches-only/HAMI-X009K2.png,https://cdn.creationwatches.com/products/images/ebayimages/H77912335.jpg,pass,pass,,True,4b664d88484011d6fa98494156257b1a8f2be6d279e4857df2e3d91aaf1fca95,2048,2048,1.0,0.675781,0.912598,0.5,0.499756,1200,1200,1.0
588,WWNL4.826.4.52.0,Longines,Longines Heritage 1832 Automatic Black Dial Leather Strap Men's Watch L4.826.4.52.0,exact-existing,,watches-only/WWNL4.826.4.52.0.png,product-shots/WWNL4.826.4.52.0/main.jpg,https://raw.githubusercontent.com/AveryArtlife/gembreak-images/main/watches-only/WWNL4.826.4.52.0.png,,pass,pass,,True,ebae9633c8e476d6954fb642d3cf00d2779a871ca50eb3441dc01ed5d44c447c,1024,1536,1.0,0.81543,0.907552,0.499512,0.5,1200,1200,1.0
589,W243,Hamilton,HAMILTON Khaki Field Murph 42MM AUTO Black Dial Men's Watch H70605,exact-existing,,watches-only/W243.png,product-shots/W243/main.jpg,https://raw.githubusercontent.com/AveryArtlife/gembreak-images/main/watches-only/W243.png,https://raw.githubusercontent.com/AveryArtlife/gembreak-images/main/watches-only/W243.png,pass,pass,,True,7cd1a2492512a2e0c5ab4525cab4ce4a4e615808963bf30ec473c12bbab0ec07,1024,1536,1.0,0.780273,0.911458,0.499512,0.5,1200,1200,1.0
590,WWNL3.782.3.06.7,Longines,Longines HydroConquest Automatic Green Dial Two-Tone Yellow Gold PVD Stainless Steel Men's Watch L3.782.3.06.7,exact-existing,,watches-only/WWNL3.782.3.06.7.png,product-shots/WWNL3.782.3.06.7/main.jpg,https://raw.githubusercontent.com/AveryArtlife/gembreak-images/main/watches-only/WWNL3.782.3.06.7.png,,pass,pass,,True,5d7cfb2dca0afdf050969e9848bf1d2043431747df3e4a2ba54335ffdbea2395,1024,1536,1.0,0.769531,0.907552,0.5,0.5,1200,1200,1.0
591,W248,Hamilton,HAMILTON Khaki Aviation Pilot 42MM AUTO Day Date Men's Watch H6461,exact-existing,,watches-only/W248.png,product-shots/W248/main.jpg,https://raw.githubusercontent.com/AveryArtlife/gembreak-images/main/watches-only/W248.png,https://raw.githubusercontent.com/AveryArtlife/gembreak-images/main/watches-only/W248.png,pass,pass,,True,756177f23ccc35d0692adbcabe6770fe84470d32d26deebfa024bf84dd2e5adc,1024,1536,1.0,0.780273,0.911458,0.499512,0.5,1200,1200,1.0
592,WWNM026.629.37.291.00,Mido,Mido Ocean Star GMT Automatic Black Dial Rubber Strap Men's Watch M026.629.37.291.00,exact-existing,,watches-only/WWNM026.629.37.291.00.png,product-shots/WWNM026.629.37.291.00/main.jpg,https://raw.githubusercontent.com/AveryArtlife/gembreak-images/main/watches-only/WWNM026.629.37.291.00.png,,pass,pass,,True,03b3cb560214d16e884257637baba70267cfb249c12b3d82e86fba66e122dc26,1024,1536,1.0,0.794922,0.908203,0.5,0.500326,1200,1200,1.0
593,WWNH82565930,Hamilton,Hamilton Khaki Navy Scuba Auto GMT Black Dial Fabric Strap Men's Watch H82565930,exact-existing,,watches-only/WWNH82565930.png,product-shots/WWNH82565930/main.jpg,https://raw.githubusercontent.com/AveryArtlife/gembreak-images/main/watches-only/WWNH82565930.png,,pass,pass,,True,d4f367d1b242f63bf8dd13ff686c7561588781f8db6627f3e8b1193cd7009234,1024,1536,1.0,0.780273,0.911458,0.500488,0.5,1200,1200,1.0
594,CR98A325,Bulova,Bulova Mil Ships 150th Anniversary Special Edition Blue Dial Automatic Diver's 98A325 200M Men's Watch,exact-existing,,watches-only/CR98A325.png,product-shots/CR98A325/main.jpg,https://raw.githubusercontent.com/AveryArtlife/gembreak-images/main/watches-only/CR98A325.png,https://cdn.creationwatches.com/products/images/ebayimages/98A325.jpg,pass,pass,,True,7b0772132c62d19fa2ddcaa6236f97b82f5f3622654379d70a6e4933fe490830,1024,1536,1.0,0.836914,0.907552,0.499512,0.499349,1200,1200,1.0
595,LONG-413314,Longines,Longines Primaluna Moonphase Mother of Pearl Diamond Dial Stainless Steel Women's Watch L8.115.4.87.6,exact-existing,,watches-only/LONG-413314.png,product-shots/LONG-413314/main.jpg,https://raw.githubusercontent.com/AveryArtlife/gembreak-images/main/watches-only/LONG-413314.png,,pass,pass,,True,6ee2866e6b8e0ceb91e40e5cdbb3b16956ba556643a919f81985176a57afc1c3,2048,2048,1.0,0.470703,0.955078,0.496582,0.507812,1200,1200,1.0
596,WWNL5.755.4.87.6,Longines,Longines Dolcevita Quartz Diamond Dial Steel  Women's Watch L5.755.4.87.6,exact-existing,,watches-only/WWNL5.755.4.87.6.png,product-shots/WWNL5.755.4.87.6/main.jpg,https://raw.githubusercontent.com/AveryArtlife/gembreak-images/main/watches-only/WWNL5.755.4.87.6.png,,pass,pass,,True,811368c5fe977884466f1b7a48a27452781fa13d29abfcb4bdd5309e7c7af4e7,1024,1536,1.0,0.524414,0.908203,0.499512,0.500326,1200,1200,1.0
597,WWNL3.370.3.87.6,Longines,Longines HydroConquest Quartz White Mother of Pearl Diamond Dial Two-Tone Steel Women's Watch L3.370.3.87.6,exact-existing,,watches-only/WWNL3.370.3.87.6.png,product-shots/WWNL3.370.3.87.6/main.jpg,https://raw.githubusercontent.com/AveryArtlife/gembreak-images/main/watches-only/WWNL3.370.3.87.6.png,,pass,pass,,True,02f84885bb2a1e9aff1a00972103b1248600c4aa72788e8404fe29d6641eff18,1024,1536,1.0,0.65918,0.907552,0.500488,0.5,1200,1200,1.0
598,WWNL5.255.4.75.2,Longines,Longines DolceVita Quartz White Dial Leather Strap Women's Watch L5.255.4.75.2,exact-existing,,watches-only/WWNL5.255.4.75.2.png,product-shots/WWNL5.255.4.75.2/main.jpg,https://raw.githubusercontent.com/AveryArtlife/gembreak-images/main/watches-only/WWNL5.255.4.75.2.png,,pass,pass,,True,973848184a893f1b45978f84ba0fc4b2e95d2aa11408e1520dd8a25cb61c0505,1024,1536,1.0,0.464844,0.907552,0.499023,0.5,1200,1200,1.0
599,W1547,Longines,LONGINES Presence 34.5MM Automatic Two-Tone Women's Watch L4.821.2,exact-existing,,watches-only/W1547.png,product-shots/W1547/main.jpg,https://raw.githubusercontent.com/AveryArtlife/gembreak-images/main/watches-only/W1547.png,https://raw.githubusercontent.com/AveryArtlife/gembreak-images/main/watches-only/W1547.png,pass,pass,,True,da346a39a2c62c0110dedca086ec4a744bbe90b19173c05889c805c544c3ba6e,400,900,1.0,0.9575,0.966667,0.48375,0.491111,1200,1200,1.0
600,W1279,Longines,LONGINES Equestrian Quartz SS 22MM Silver Flinque Dial Women's Wat,exact-existing,,watches-only/W1279.png,product-shots/W1279/main.jpg,https://raw.githubusercontent.com/AveryArtlife/gembreak-images/main/watches-only/W1279.png,https://raw.githubusercontent.com/AveryArtlife/gembreak-images/main/watches-only/W1279.png,pass,pass,,True,0484ebc10d6c731741859a83b24073e5df1ea512504bc6441b441221a2c74d45,1024,1536,1.0,0.779297,0.911458,0.5,0.5,1200,1200,1.0
601,W249,Hamilton,HAMILTON Jazzmaster Automatic Black Leather Men's Watch H32635731,exact-existing,,watches-only/W249.png,product-shots/W249/main.jpg,https://raw.githubusercontent.com/AveryArtlife/gembreak-images/main/watches-only/W249.png,https://raw.githubusercontent.com/AveryArtlife/gembreak-images/main/watches-only/W249.png,pass,pass,,True,fbf57c8b4dd5de7693754072ff0dd4ecf5a3dcb609e93cc40143440196802079,1024,1536,1.0,0.78125,0.889974,0.5,0.500326,1200,1200,1.0
602,W236,Hamilton,HAMILTON American Classic PSR Digital Black SS Men's Watch H524041,exact-existing,,watches-only/W236.png,product-shots/W236/main.jpg,https://raw.githubusercontent.com/AveryArtlife/gembreak-images/main/watches-only/W236.png,https://raw.githubusercontent.com/AveryArtlife/gembreak-images/main/watches-only/W236.png,pass,pass,,True,f46ee26d6e910f0d1cd13f84a8c2183ef314415d1dd43054c4bc8bebfcba1b3b,1024,1536,1.0,0.78125,0.911458,0.5,0.5,1200,1200,1.0
603,CRINV47900,Invicta,Invicta Racing Chronograph Stainless Steel Red Dial Quartz 47900 Men's Watch,exact-existing,,watches-only/CRINV47900.png,product-shots/CRINV47900/main.jpg,https://raw.githubusercontent.com/AveryArtlife/gembreak-images/main/watches-only/CRINV47900.png,https://cdn.creationwatches.com/products/images/ebayimages/INV47900.jpg,pass,pass,,True,008e57a9fd4c40ec79b7d42bf0b34eae27a23a0a2f1871ae3f06186ed5f9e2ba,1024,1536,1.0,0.866211,0.908203,0.499512,0.500326,1200,1200,1.0
604,LONG-000141,Longines,LONGINES Presence Automatic 40MM White Dial Leather Men's Watch L4,sheet-url-exact,W1281,watches-only/LONG-000141.png,product-shots/LONG-000141/main.jpg,https://raw.githubusercontent.com/AveryArtlife/gembreak-images/main/watches-only/LONG-000141.png,https://raw.githubusercontent.com/AveryArtlife/gembreak-images/main/watches-only/W1281.png,pass,pass,,True,0a6dfe3af0425cda1e1d372ede08467746f4b767af33bd3dc9ee440b4c2a1e1e,1024,1536,1.0,0.78125,0.911458,0.5,0.5,1200,1200,1.0
605,W245,Hamilton,HAMILTON Khaki Pilot 44MM CHRONO Black Dial Men's Watch H76722131,exact-existing,,watches-only/W245.png,product-shots/W245/main.jpg,https://raw.githubusercontent.com/AveryArtlife/gembreak-images/main/watches-only/W245.png,https://raw.githubusercontent.com/AveryArtlife/gembreak-images/main/watches-only/W245.png,pass,pass,,True,ead3134eaa9ddadd59faaa1828057b519481b3b3c5043ab85c1c632167033f87,1024,1536,1.0,0.780273,0.876302,0.499512,0.5,1200,1200,1.0
606,LONG--45001,Longines,LONGINES HydroConquest 41MM Blue Dial 2Tone Men's Watch L3.740.3.9,sheet-url-exact,W1530,watches-only/LONG--45001.png,product-shots/LONG--45001/main.jpg,https://raw.githubusercontent.com/AveryArtlife/gembreak-images/main/watches-only/LONG--45001.png,https://raw.githubusercontent.com/AveryArtlife/gembreak-images/main/watches-only/W1530.png,pass,pass,,True,ab5ac1a73b2dbadc79b9f5f91ba19bd1fd16d55f17ce42a423629526bf86af35,1024,1536,1.0,0.675781,0.91276,0.525391,0.484375,1200,1200,1.0
607,WWN01 733 7770 4157-07 8 18 05P,Oris,Oris Aquis Date Green Mother of Pearl Dial Stainless Steel Unisex Watch 01 733 7770 4157-07 8 18 05P,exact-existing,,watches-only/WWN01 733 7770 4157-07 8 18 05P.png,product-shots/WWN01 733 7770 4157-07 8 18 05P/main.jpg,https://raw.githubusercontent.com/AveryArtlife/gembreak-images/main/watches-only/WWN01 733 7770 4157-07 8 18 05P.png,,pass,pass,,True,5245758528aff430e89a990f6f02f465b075c814494eeff03007a48d84919887,1024,1536,1.0,0.799805,0.906901,0.499512,0.500326,1200,1200,1.0
608,WWNM049.307.33.296.00,Mido,Mido Multifort Automatic Brown Diamond Dial Rose Gold PVD Steel Women's Watch M049.307.33.296.00,exact-existing,,watches-only/WWNM049.307.33.296.00.png,product-shots/WWNM049.307.33.296.00/main.jpg,https://raw.githubusercontent.com/AveryArtlife/gembreak-images/main/watches-only/WWNM049.307.33.296.00.png,,pass,pass,,True,2fdddc435fcd97f0571f76357df86ce6d58b3450fc74ef70a51759aa7397b0bd,1024,1536,1.0,0.696289,0.909505,0.500488,0.500977,1200,1200,1.0
609,WWNL4.330.4.11.2,Longines,Longines Elegant Collection Moonphase White Dial Leather Strap Women's Watch L4.330.4.11.2,exact-existing,,watches-only/WWNL4.330.4.11.2.png,product-shots/WWNL4.330.4.11.2/main.jpg,https://raw.githubusercontent.com/AveryArtlife/gembreak-images/main/watches-only/WWNL4.330.4.11.2.png,,pass,pass,,True,7b622755e46003cac28823461975e0dcf32d85079e60ea5b55a379de6691a2c9,1024,1536,1.0,0.731445,0.907552,0.499512,0.5,1200,1200,1.0
610,LONG-W1632,Longines,Longines La Grande Classique Quartz Blue Mother of Pearl Diamond Dial Leather Strap Women's Watch L4.512.4.81.2,exact-existing,,watches-only/LONG-W1632.png,product-shots/LONG-W1632/main.jpg,https://raw.githubusercontent.com/AveryArtlife/gembreak-images/main/watches-only/LONG-W1632.png,,pass,pass,,True,a69a24b4efbb4e918e6d1a74a441cc04968e71130f90a32f878be8fd5add8df7,2048,2048,1.0,0.430664,0.919922,0.498047,0.503906,1200,1200,1.0
611,WWNL4.812.4.11.2,Longines,Longines Elegant Automatic White Dial Leather Strap Men's Watch L4.812.4.11.2,exact-existing,,watches-only/WWNL4.812.4.11.2.png,product-shots/WWNL4.812.4.11.2/main.jpg,https://raw.githubusercontent.com/AveryArtlife/gembreak-images/main/watches-only/WWNL4.812.4.11.2.png,,pass,pass,,True,29aa3c92ef28dc3289a73d66ea4f7e003dba7946f040df1e0e0a4b59df91792f,1024,1536,1.0,0.742188,0.907552,0.5,0.5,1200,1200,1.0
612,WWNM038.431.11.061.00,Mido,Mido Multifort M Chronometer Automatic Black Dial Steel Men's Watch M038.431.11.061.00,exact-existing,,watches-only/WWNM038.431.11.061.00.png,product-shots/WWNM038.431.11.061.00/main.jpg,https://raw.githubusercontent.com/AveryArtlife/gembreak-images/main/watches-only/WWNM038.431.11.061.00.png,,pass,pass,,True,7c5c4d55cd1e4e34c6c01ac19ff56b1824c2593fd5eceeca46feb36074b9bd30,1024,1536,1.0,0.769531,0.906901,0.5,0.499674,1200,1200,1.0
613,WWNL3.370.4.87.6,Longines,Longines HydroConquest Quartz Mother of Pearl Diamond Dial Steel Women's Watch L3.370.4.87.6,exact-existing,,watches-only/WWNL3.370.4.87.6.png,product-shots/WWNL3.370.4.87.6/main.jpg,https://raw.githubusercontent.com/AveryArtlife/gembreak-images/main/watches-only/WWNL3.370.4.87.6.png,,pass,pass,,True,e6d4ba41e7c32d6025d2c22638876503c4cbd02812ecd0190b48f2717cab1977,1024,1536,1.0,0.716797,0.908203,0.5,0.499674,1200,1200,1.0
614,WWNL2.387.0.87.6,Longines,Longines Conquest Classic Mother of Pearl Diamond Dial & Bezel 36mm Women's Watch L2.387.0.87.6,exact-existing,,watches-only/WWNL2.387.0.87.6.png,product-shots/WWNL2.387.0.87.6/main.jpg,https://raw.githubusercontent.com/AveryArtlife/gembreak-images/main/watches-only/WWNL2.387.0.87.6.png,,pass,pass,,True,5379d5338fa95232140408dc8bbed4f3dde55165b5ab49cff52c40f455eb1785,1024,1536,1.0,0.665039,0.909505,0.499512,0.500977,1200,1200,1.0
615,WWNH76719530,Hamilton,Hamilton Khaki Aviation Pilot Pioneer Mechanical Small Seconds Black Dial Leather Strap Men's Watch H76719530,exact-existing,,watches-only/WWNH76719530.png,product-shots/WWNH76719530/main.jpg,https://raw.githubusercontent.com/AveryArtlife/gembreak-images/main/watches-only/WWNH76719530.png,,pass,pass,,True,4bced14be34b74cb532d3474d4eba00c11a3bdcfde8cf411ba14a22bba0c4680,1024,1536,1.0,0.78125,0.906901,0.5,0.499674,1200,1200,1.0
616,WWNM0266291104100,Mido,Mido Ocean Star GMT Blue Dial Steel Men's Watch M0266291104100,exact-existing,,watches-only/WWNM0266291104100.png,product-shots/WWNM0266291104100/main.jpg,https://raw.githubusercontent.com/AveryArtlife/gembreak-images/main/watches-only/WWNM0266291104100.png,,pass,pass,,True,eb4747096f8076271477f519c14da58fb49ef9a6cd68b2646fd4e02321f1dfa1,1024,1536,1.0,0.772461,0.909505,0.499512,0.500977,1200,1200,1.0
617,WWNL3.841.4.56.6,Longines,Longines HydroConquest Automatic Black Dial Stainless Steel Men's Watch L3.841.4.56.6,exact-existing,,watches-only/WWNL3.841.4.56.6.png,product-shots/WWNL3.841.4.56.6/main.jpg,https://raw.githubusercontent.com/AveryArtlife/gembreak-images/main/watches-only/WWNL3.841.4.56.6.png,,pass,pass,,True,de362bd5b87f0497dd3b3283d3a8568a41d401cbb5a55805df6825d1707841cd,1024,1536,1.0,0.811523,0.907552,0.500488,0.5,1200,1200,1.0
618,WWNL4.827.4.92.2,Longines,Longines Heritage 1832 Automatic Beige Dial Leather Strap Men's Watch L4.827.4.92.2,exact-existing,,watches-only/WWNL4.827.4.92.2.png,product-shots/WWNL4.827.4.92.2/main.jpg,https://raw.githubusercontent.com/AveryArtlife/gembreak-images/main/watches-only/WWNL4.827.4.92.2.png,,pass,pass,,True,862fdf5eae75c67887092361ffb7099e78e64bc37b73f28ee030e1a746917044,1024,1536,1.0,0.724609,0.908203,0.5,0.499674,1200,1200,1.0
619,LONG-WW517,Longines,Longines La Grande Classique Quartz Mother of Pearl Dial Diamond Steel Women's Watch L4.709.4.88.6,exact-existing,,watches-only/LONG-WW517.png,product-shots/LONG-WW517/main.jpg,https://raw.githubusercontent.com/AveryArtlife/gembreak-images/main/watches-only/LONG-WW517.png,,pass,pass,,True,49a502ec4b1c71244c51acf9ecf09814f61f3e0f7f50f955d2ed5eb337ca1e98,2048,2048,1.0,0.422363,0.938965,0.49585,0.506592,1200,1200,1.0
620,WWNSBR8A80.BT6261,Tag Heuer,Tag Heuer Connected Calibre E4 - 45mm Digital Dial Black Rubber Strap Men's Watch SBR8A80.BT6261,exact-existing,,watches-only/WWNSBR8A80.BT6261.png,product-shots/WWNSBR8A80.BT6261/main.jpg,https://raw.githubusercontent.com/AveryArtlife/gembreak-images/main/watches-only/WWNSBR8A80.BT6261.png,,pass,pass,,True,e7cf62fae9cc16dfa912ae6ea516ed3c9a622f6fca59c74dc6b0a417355c0ea4,1024,1536,1.0,0.849609,0.907552,0.5,0.5,1200,1200,1.0
621,LONG-W1555,Longines,Longines DolceVita Automatic Silver Dial Leather Strap Men's Watch L5.767.4.73.0,exact-existing,,watches-only/LONG-W1555.png,product-shots/LONG-W1555/main.jpg,https://raw.githubusercontent.com/AveryArtlife/gembreak-images/main/watches-only/LONG-W1555.png,,pass,pass,,True,afda6b462777b8f3597f838aa605b40dd7362b5c94fceb70076d53b0f53fe232,2048,2048,1.0,0.404785,0.965332,0.50708,0.50415,1200,1200,1.0
622,WWNM038.431.11.041.00,Mido,Mido Multifort M Chronometer 1 Automatic Blue Dial Steel Men's Watch M038.431.11.041.00,exact-existing,,watches-only/WWNM038.431.11.041.00.png,product-shots/WWNM038.431.11.041.00/main.jpg,https://raw.githubusercontent.com/AveryArtlife/gembreak-images/main/watches-only/WWNM038.431.11.041.00.png,,pass,pass,,True,7ea96a1e4454efd9cded0f85706e159b4efd16d84b704d9b9bf245c61576f5fd,1024,1536,1.0,0.798828,0.908203,0.5,0.499674,1200,1200,1.0
623,WWNM049.526.37.291.00,Mido,Mido Multifort TV Big Date Automatic Brown Dial Rubber Strap Men's Watch M049.526.37.291.00,exact-existing,,watches-only/WWNM049.526.37.291.00.png,product-shots/WWNM049.526.37.291.00/main.jpg,https://raw.githubusercontent.com/AveryArtlife/gembreak-images/main/watches-only/WWNM049.526.37.291.00.png,,pass,pass,,True,a12978f85449dcd6cbc9f436257d5db935bf92e20f569c09ea5b339a3bab07b6,1024,1536,1.0,0.768555,0.907552,0.500488,0.5,1200,1200,1.0
624,W256,Hamilton,HAMILTON Khaki Field King SS Automatic Men's Watch H64455133,exact-existing,,watches-only/W256.png,product-shots/W256/main.jpg,https://raw.githubusercontent.com/AveryArtlife/gembreak-images/main/watches-only/W256.png,https://raw.githubusercontent.com/AveryArtlife/gembreak-images/main/watches-only/W256.png,pass,pass,,True,74e10101e5b5a900bbd6ff401f5b52464f5ad4b44a2c452440e18a974842d506,1024,1536,1.0,0.78125,0.851562,0.5,0.500651,1200,1200,1.0
625,WWNH82555150,Hamilton,Hamilton Khaki Navy Scuba Auto GMT Silver Dial Stainless Steel Men's Watch H82555150,exact-existing,,watches-only/WWNH82555150.png,product-shots/WWNH82555150/main.jpg,https://raw.githubusercontent.com/AveryArtlife/gembreak-images/main/watches-only/WWNH82555150.png,,pass,pass,,True,4a702b8cefc5c40dfcf5bb6b9b50119195fc55cadb3f34eac007675694e12490,1024,1536,1.0,0.720703,0.907552,0.499023,0.5,1200,1200,1.0
626,WWNM031.631.33.061.00,Mido,Mido Commander Icone Grey Dial Black Steel Men's Watch M031.631.33.061.00,exact-existing,,watches-only/WWNM031.631.33.061.00.png,product-shots/WWNM031.631.33.061.00/main.jpg,https://raw.githubusercontent.com/AveryArtlife/gembreak-images/main/watches-only/WWNM031.631.33.061.00.png,,pass,pass,,True,3e5d54387c5d2392caa61ab4a68534a03569854aafc4018c4d531e5f4839f2a9,1024,1536,1.0,0.789062,0.909505,0.5,0.500977,1200,1200,1.0
627,W1537,Longines,LONGINES Conquest Quartz 43MM Men's Watch L3.760.4.76.5,exact-existing,,watches-only/W1537.png,product-shots/W1537/main.jpg,https://raw.githubusercontent.com/AveryArtlife/gembreak-images/main/watches-only/W1537.png,https://raw.githubusercontent.com/AveryArtlife/gembreak-images/main/watches-only/W1537.png,pass,pass,,True,8415f96a27c66e79d90929ea55c207ca1ae99f4430fb5ec68d2764d0cdd45b07,1024,1536,1.0,0.740234,0.930339,0.527344,0.484701,1200,1200,1.0
628,LONG-WW705,Longines,Longines La Grande Classique Automatic 38mm White Dial Leather Strap Men's Watch L4.918.4.11.2,exact-existing,,watches-only/LONG-WW705.png,product-shots/LONG-WW705/main.jpg,https://raw.githubusercontent.com/AveryArtlife/gembreak-images/main/watches-only/LONG-WW705.png,,pass,pass,,True,8c3144a34c0dd7e1630a88c14988f240b9d2fb854c5449812d73d99ba98e4e47,2048,2048,1.0,0.482422,0.935059,0.499512,0.509033,1200,1200,1.0
629,WWNL4.899.3.21.7,Longines,Longines Flagship Automatic White Dial Two-Tone Steel Men's Watch L4.899.3.21.7,exact-existing,,watches-only/WWNL4.899.3.21.7.png,product-shots/WWNL4.899.3.21.7/main.jpg,https://raw.githubusercontent.com/AveryArtlife/gembreak-images/main/watches-only/WWNL4.899.3.21.7.png,,pass,pass,,True,184662a4c566cc76d7f26539579f1a1b50e68d4a077a6bd0f0ac5949fcec8e4b,1024,1536,1.0,0.708984,0.907552,0.5,0.5,1200,1200,1.0
630,W28,Hamilton,HAMILTON Khaki Field Automatic SS 42MM Green Dial Men's Watch H706,exact-existing,,watches-only/W28.png,product-shots/W28/main.jpg,https://raw.githubusercontent.com/AveryArtlife/gembreak-images/main/watches-only/W28.png,https://raw.githubusercontent.com/AveryArtlife/gembreak-images/main/watches-only/W28.png,pass,pass,,True,7bd7142cc6e78d3e0a4dca1928490a98026529ff8f44c538559b3384b8c08c92,1024,1536,1.0,0.78125,0.911458,0.5,0.5,1200,1200,1.0
631,LONG-W1641,Longines,LONGINES Presence 23.5MM Silver Dial Women's Watch L4.220.4.72.2,sheet-url-exact,W1465,watches-only/LONG-W1641.png,product-shots/LONG-W1641/main.jpg,https://raw.githubusercontent.com/AveryArtlife/gembreak-images/main/watches-only/LONG-W1641.png,https://raw.githubusercontent.com/AveryArtlife/gembreak-images/main/watches-only/W1465.png,pass,pass,,True,fc2ae35a24739b012cbb68dcbabec9fa0b0701a1603aa67f2c3ea696a12b3ffc,1024,1536,1.0,0.571289,0.856771,0.526855,0.492839,1200,1200,1.0
632,HAMI-241991,Hamilton,Hamilton American Classic Intra-Matic H38455731 Men's Watch,sheet-url-exact,CRH38455731,watches-only/HAMI-241991.png,product-shots/HAMI-241991/main.jpg,https://raw.githubusercontent.com/AveryArtlife/gembreak-images/main/watches-only/HAMI-241991.png,https://raw.githubusercontent.com/AveryArtlife/gembreak-images/main/watches-only/CRH38455731.png,pass,pass,,True,c6d1291c817fc74d2e0ff33feccce2e16344791d87398c977693e65a25a4d490,700,700,1.0,0.487143,0.981429,0.510714,0.502143,1200,1200,1.0
633,HAMI-05-81E,Hamilton,Hamilton Jazzmaster Viewmatic Automatic Swiss Made H32455557 Men's,sheet-url-exact,CRH32455557,watches-only/HAMI-05-81E.png,product-shots/HAMI-05-81E/main.jpg,https://raw.githubusercontent.com/AveryArtlife/gembreak-images/main/watches-only/HAMI-05-81E.png,https://raw.githubusercontent.com/AveryArtlife/gembreak-images/main/watches-only/CRH32455557.png,pass,pass,,True,aa4cf6f1284927bc87ad8bbf671fddb0a4ddcf084ad2c307dc0a59519bdd33a9,700,700,1.0,0.471429,0.994286,0.515714,0.5,1200,1200,1.0
634,W241,Hamilton,HAMILTON Square Black Dial Stainless Steel Vintage Watch H000032S,exact-existing,,watches-only/W241.png,product-shots/W241/main.jpg,https://raw.githubusercontent.com/AveryArtlife/gembreak-images/main/watches-only/W241.png,https://raw.githubusercontent.com/AveryArtlife/gembreak-images/main/watches-only/W241.png,pass,pass,,True,ccee487c08c87a123b18dde16784782b1c63b919d5b07a86ca611b17ee04890b,1024,1536,1.0,0.481445,0.895833,0.520996,0.484375,1200,1200,1.0
635,CRH32515535,Hamilton,Hamilton Jazzmaster Automatic Viewmatic Classic H32515535 Men's Wa,exact-existing,,watches-only/CRH32515535.png,product-shots/CRH32515535/main.jpg,https://raw.githubusercontent.com/AveryArtlife/gembreak-images/main/watches-only/CRH32515535.png,https://raw.githubusercontent.com/AveryArtlife/gembreak-images/main/watches-only/CRH32515535.png,pass,pass,,True,c3cac43fefa7e276cb30c4d2bc80b12a73c78b34d40a9067f4fdd0768fe54185,700,700,1.0,0.508571,1.0,0.521429,0.5,1200,1200,1.0
636,HAMI-241978,Hamilton,Hamilton Jazzmaster Viematic H32715531 Men's Watch,sheet-url-exact,CRH32715531,watches-only/HAMI-241978.png,product-shots/HAMI-241978/main.jpg,https://raw.githubusercontent.com/AveryArtlife/gembreak-images/main/watches-only/HAMI-241978.png,https://raw.githubusercontent.com/AveryArtlife/gembreak-images/main/watches-only/CRH32715531.png,pass,pass,,True,7ec1a7dc13301ca9b320395a0cb76ceac3572a213fe4c81be7e47cc7bef1e841,1024,1536,1.0,0.768555,0.965495,0.523926,0.49707,1200,1200,1.0
637,CRH32612735,Hamilton,Hamilton Jazzmaster Chronograph Quartz H32612735 Men's Watch,exact-existing,,watches-only/CRH32612735.png,product-shots/CRH32612735/main.jpg,https://raw.githubusercontent.com/AveryArtlife/gembreak-images/main/watches-only/CRH32612735.png,https://raw.githubusercontent.com/AveryArtlife/gembreak-images/main/watches-only/CRH32612735.png,pass,pass,,True,eec1ab6f5db67acb8599fd906ad06d08c1208e9ab680e90ae3a786bc650e484a,700,700,1.0,0.552857,1.0,0.526429,0.5,1200,1200,1.0
638,CRH32612555,Hamilton,Hamilton Jazzmaster Quartz Chronograph H32612555 Men's Watch,exact-existing,,watches-only/CRH32612555.png,product-shots/CRH32612555/main.jpg,https://raw.githubusercontent.com/AveryArtlife/gembreak-images/main/watches-only/CRH32612555.png,https://raw.githubusercontent.com/AveryArtlife/gembreak-images/main/watches-only/CRH32612555.png,pass,pass,,True,30e88540c9f326ade2529cebba834d172588aa0d79d13387d5bde7a528a4310b,700,700,1.0,0.555714,0.998571,0.527857,0.500714,1200,1200,1.0
639,CRH64515337,Hamilton,Hamilton Khaki Scuba Automatic H64515337 Men's Watch,exact-existing,,watches-only/CRH64515337.png,product-shots/CRH64515337/main.jpg,https://raw.githubusercontent.com/AveryArtlife/gembreak-images/main/watches-only/CRH64515337.png,https://raw.githubusercontent.com/AveryArtlife/gembreak-images/main/watches-only/CRH64515337.png,pass,pass,,True,65a7c8c003bd7efbee8a8678471ce866846c3493c37d3bf6851907fd1c67b5f3,1024,1536,1.0,0.772461,0.957031,0.51709,0.499349,1200,1200,1.0
640,HAMI-81.00~,Hamilton,Hamilton Khaki Office Automatic Swiss Made H70365983 Men's Watch,sheet-url-exact,CRH70365983,watches-only/HAMI-81.00~.png,product-shots/HAMI-81.00~/main.jpg,https://raw.githubusercontent.com/AveryArtlife/gembreak-images/main/watches-only/HAMI-81.00~.png,https://raw.githubusercontent.com/AveryArtlife/gembreak-images/main/watches-only/CRH70365983.png,pass,pass,,True,902d9b020ac0900a4962012dfc08e1c53f13889cfaf694e1110d2385a899d420,700,700,1.0,0.448571,0.995714,0.515714,0.500714,1200,1200,1.0
641,CRH37451141,Hamilton,Hamilton Jazzmaster Seaview H37451141 Women's Watch,exact-existing,,watches-only/CRH37451141.png,product-shots/CRH37451141/main.jpg,https://raw.githubusercontent.com/AveryArtlife/gembreak-images/main/watches-only/CRH37451141.png,https://raw.githubusercontent.com/AveryArtlife/gembreak-images/main/watches-only/CRH37451141.png,pass,pass,,True,4a3310266bc48fae8191af39d9fa246020b0933432f123657374aff1fe381ec9,700,700,1.0,0.495714,0.995714,0.519286,0.499286,1200,1200,1.0
642,CR97B223,Bulova,Bulova Super Seville Gold Tone Stainless Steel White Dial Quartz 9,exact-existing,,watches-only/CR97B223.png,product-shots/CR97B223/main.jpg,https://raw.githubusercontent.com/AveryArtlife/gembreak-images/main/watches-only/CR97B223.png,https://raw.githubusercontent.com/AveryArtlife/gembreak-images/main/watches-only/CR97B223.png,pass,pass,,True,58b5c4af98ab02d1f2671f702347843e9c1597c3d27ca8ce967376f878e951a6,1200,1200,1.0,0.526667,0.985833,0.5,0.499583,1200,1200,1.0
643,CR96B251,Bulova,Bulova Special Edition Moon Apollo Lunar Pilot Chronograph Black D,exact-existing,,watches-only/CR96B251.png,product-shots/CR96B251/main.jpg,https://raw.githubusercontent.com/AveryArtlife/gembreak-images/main/watches-only/CR96B251.png,https://raw.githubusercontent.com/AveryArtlife/gembreak-images/main/watches-only/CR96B251.png,pass,pass,,True,d215cdca53f3c686462bda1d7a7d12eb9d5977a56219c9ed6375cde19ef1ccc5,1024,1536,1.0,0.78125,0.911458,0.5,0.5,1200,1200,1.0
644,CR96B439,Bulova,Bulova Classic Super Seville 262kHz Precisionist Stainless Steel G,exact-existing,,watches-only/CR96B439.png,product-shots/CR96B439/main.jpg,https://raw.githubusercontent.com/AveryArtlife/gembreak-images/main/watches-only/CR96B439.png,https://raw.githubusercontent.com/AveryArtlife/gembreak-images/main/watches-only/CR96B439.png,pass,pass,,True,c2758d9eaf2c17d351039d32d37b7b62d7cd0fcf1864a6059b762fb2e7e4689f,1200,1200,1.0,0.526667,0.985,0.5,0.5,1200,1200,1.0
645,HAMI-041.00,Hamilton,Hamilton American Classic Bagley Quartz H12341555 Women's Watch,sheet-url-exact,CRH12341555,watches-only/HAMI-041.00.png,product-shots/HAMI-041.00/main.jpg,https://raw.githubusercontent.com/AveryArtlife/gembreak-images/main/watches-only/HAMI-041.00.png,https://raw.githubusercontent.com/AveryArtlife/gembreak-images/main/watches-only/CRH12341555.png,pass,pass,,True,590c68ede4a287a3b32e50280956527edc44a00f381dc8dd3e42ca49863c1d6d,459,700,1.0,0.453159,0.931429,0.520697,0.534286,1200,1200,1.0
646,CR96B401,Bulova,Bulova Classic Precisionist Jet Star Stainless Steel Red Dial Quar,exact-existing,,watches-only/CR96B401.png,product-shots/CR96B401/main.jpg,https://raw.githubusercontent.com/AveryArtlife/gembreak-images/main/watches-only/CR96B401.png,https://raw.githubusercontent.com/AveryArtlife/gembreak-images/main/watches-only/CR96B401.png,pass,pass,,True,b6aede2f764daa6c0510b888cc4c44cc6557bb0f614f0cd72d28bb06d3832da0,1200,1200,1.0,0.5575,0.985,0.500417,0.5,1200,1200,1.0
647,CR96B433,Bulova,Bulova Marine Star Precisionist Stainless Steel Blue Dial Quartz D,exact-existing,,watches-only/CR96B433.png,product-shots/CR96B433/main.jpg,https://raw.githubusercontent.com/AveryArtlife/gembreak-images/main/watches-only/CR96B433.png,https://raw.githubusercontent.com/AveryArtlife/gembreak-images/main/watches-only/CR96B433.png,pass,pass,,True,3c0fe20b439c81d29d8c58f06ec22b59d36b45fdefae8451e9bbf2155ac483e1,514,900,1.0,0.972763,0.986667,0.5,0.501111,1200,1200,1.0
648,CR98A227,Bulova,Bulova Marine Star 98A227 Automatic 200M Men's Watch,exact-existing,,watches-only/CR98A227.png,product-shots/CR98A227/main.jpg,https://raw.githubusercontent.com/AveryArtlife/gembreak-images/main/watches-only/CR98A227.png,https://raw.githubusercontent.com/AveryArtlife/gembreak-images/main/watches-only/CR98A227.png,pass,pass,,True,a30918301ab2b9a7a6270ed1a96311f01e49b84b17069f3e89a53aa61337a6b1,1200,1200,1.0,0.645833,0.966667,0.499583,0.5,1200,1200,1.0
649,HAMI-421.00,Hamilton,Hamilton Khaki Pilot Pioneer Chronograph H76512133 Men's Watch,sheet-url-exact,CRH76512133,watches-only/HAMI-421.00.png,product-shots/HAMI-421.00/main.jpg,https://raw.githubusercontent.com/AveryArtlife/gembreak-images/main/watches-only/HAMI-421.00.png,https://raw.githubusercontent.com/AveryArtlife/gembreak-images/main/watches-only/CRH76512133.png,pass,pass,,True,8b044537f5c440954a4289fd1ecda5c713b8e50ca46d09c161c09ed1d81f26aa,1024,1536,1.0,0.78125,0.911458,0.5,0.5,1200,1200,1.0
650,HAMI-251.CB,Hamilton,Hamilton Jazzmaster Quartz H32451641 Men's Watch,sheet-url-exact,CRH32451641,watches-only/HAMI-251.CB.png,product-shots/HAMI-251.CB/main.jpg,https://raw.githubusercontent.com/AveryArtlife/gembreak-images/main/watches-only/HAMI-251.CB.png,https://raw.githubusercontent.com/AveryArtlife/gembreak-images/main/watches-only/CRH32451641.png,pass,pass,,True,76a098caed1b97691cb35dee99ff08bbf70744809b2a051cd81d6b4201ebd429,700,700,1.0,0.542857,1.0,0.52,0.5,1200,1200,1.0
651,W2261,Seiko,Seiko Black Dial Silver Stainless Steel Women's Watch SUJE25,exact-existing,,watches-only/W2261.png,product-shots/W2261/main.jpg,https://raw.githubusercontent.com/AveryArtlife/gembreak-images/main/watches-only/W2261.png,https://raw.githubusercontent.com/AveryArtlife/gembreak-images/main/watches-only/W2261.png,pass,pass,,True,9bbde307ab805dc99af21a978dd8474f4fd94d2a560bb6931e0ab2f396fc7b54,1024,1536,1.0,0.476562,0.89974,0.517578,0.48112,1200,1200,1.0
652,W2262,Seiko,Seiko Vivace MOP Dial Silver SS Women's Watch SUJ281,exact-existing,,watches-only/W2262.png,product-shots/W2262/main.jpg,https://raw.githubusercontent.com/AveryArtlife/gembreak-images/main/watches-only/W2262.png,https://raw.githubusercontent.com/AveryArtlife/gembreak-images/main/watches-only/W2262.png,pass,pass,,True,ffdf5b40d2fc58ab7b6c3fd8abb765a98ab3eec21b4810d9c8e8869a7e34bbd1,1024,1536,1.0,0.533203,0.959635,0.499023,0.494792,1200,1200,1.0
653,W2265,Seiko,Seiko Black Dial Silver-tone SS Women's Watch SUJE79,exact-existing,,watches-only/W2265.png,product-shots/W2265/main.jpg,https://raw.githubusercontent.com/AveryArtlife/gembreak-images/main/watches-only/W2265.png,https://raw.githubusercontent.com/AveryArtlife/gembreak-images/main/watches-only/W2265.png,pass,pass,,True,50300f716f8a36b2744553e22ee213b3c17d6cc7fad857383e6b76bbbe54355f,1024,1536,1.0,0.430664,0.930339,0.521973,0.497721,1200,1200,1.0
654,CRH68411133,Hamilton,Hamilton Khaki H68411133 Men's Watch,exact-existing,,watches-only/CRH68411133.png,product-shots/CRH68411133/main.jpg,https://raw.githubusercontent.com/AveryArtlife/gembreak-images/main/watches-only/CRH68411133.png,https://raw.githubusercontent.com/AveryArtlife/gembreak-images/main/watches-only/CRH68411133.png,pass,pass,,True,0d906de281b58e9e399bf2a50f667e694dd1f8c004e7bb0953ec79379e4dee72,700,700,1.0,0.541429,1.0,0.525,0.5,1200,1200,1.0
655,CR96A225,Bulova,Bulova Lunar Pilot Special Edition Chronograph Black Dial Quartz 9,exact-existing,,watches-only/CR96A225.png,product-shots/CR96A225/main.jpg,https://raw.githubusercontent.com/AveryArtlife/gembreak-images/main/watches-only/CR96A225.png,https://raw.githubusercontent.com/AveryArtlife/gembreak-images/main/watches-only/CR96A225.png,pass,pass,,True,8bb63bf5437124ba16aeb5a5aa87a594c8440ea552272421bf5ae6866e9f2644,1200,1200,1.0,0.560833,0.971667,0.499583,0.5,1200,1200,1.0
656,HAMI-02R00B,Hamilton,Hamilton Khaki Pilot Quartz H64611555 Men's Watch,sheet-url-exact,CRH64611555,watches-only/HAMI-02R00B.png,product-shots/HAMI-02R00B/main.jpg,https://raw.githubusercontent.com/AveryArtlife/gembreak-images/main/watches-only/HAMI-02R00B.png,https://raw.githubusercontent.com/AveryArtlife/gembreak-images/main/watches-only/CRH64611555.png,pass,pass,,True,8a98ed23ea0fd2f3968ca4c2776ea4fdccaa2f60c0da81130385d0e42f872bfc,700,700,1.0,0.548571,0.998571,0.518571,0.500714,1200,1200,1.0
657,W1646,Tissot,TISSOT PR 100 Quartz 40MM SS Blue Dial Men's Watch T150.410.11.041,exact-existing,,watches-only/W1646.png,product-shots/W1646/main.jpg,https://raw.githubusercontent.com/AveryArtlife/gembreak-images/main/watches-only/W1646.png,https://raw.githubusercontent.com/AveryArtlife/gembreak-images/main/watches-only/W1646.png,pass,pass,,True,86eeeb4a3f2584eeba4eff54e57c35cf7210c917fbf24d49f4db54d2d42b5b66,1024,1536,1.0,0.666016,0.88151,0.521484,0.483724,1200,1200,1.0
658,W2268,Seiko,Seiko Black Dial Two-tone SS Women's Watch SUJF10,exact-existing,,watches-only/W2268.png,product-shots/W2268/main.jpg,https://raw.githubusercontent.com/AveryArtlife/gembreak-images/main/watches-only/W2268.png,https://raw.githubusercontent.com/AveryArtlife/gembreak-images/main/watches-only/W2268.png,pass,pass,,True,df3891561494b4c064e2e00ff3f94121a65f93e212bc84440ec352d6dcc2ac8d,1024,1536,1.0,0.516602,0.889323,0.51123,0.490234,1200,1200,1.0
659,W1592,Tissot,TISSOT PR 100 Quartz 40MM Gray Dial Stainless Steel Men's Watch T1,exact-existing,,watches-only/W1592.png,product-shots/W1592/main.jpg,https://raw.githubusercontent.com/AveryArtlife/gembreak-images/main/watches-only/W1592.png,https://raw.githubusercontent.com/AveryArtlife/gembreak-images/main/watches-only/W1592.png,pass,pass,,True,9a7a76afbd4d666ad02765349d7144fffea30c3144cadf29eb5b09883134ee07,1024,1536,1.0,0.677734,0.954427,0.503906,0.49349,1200,1200,1.0
660,W2259,Seiko,Seiko 21MM Black Dial S-Steel Bracelet Women's Watch SXGN15,exact-existing,,watches-only/W2259.png,product-shots/W2259/main.jpg,https://raw.githubusercontent.com/AveryArtlife/gembreak-images/main/watches-only/W2259.png,https://raw.githubusercontent.com/AveryArtlife/gembreak-images/main/watches-only/W2259.png,pass,pass,,True,9e7906228ba8d5711cd4c7ce17a23ac32bf8f0688c35b7e477cd2bb8d161ee7a,1024,1536,1.0,0.573242,0.964193,0.493652,0.497721,1200,1200,1.0
661,W2260,Seiko,Seiko Le Grand Sport 27MM MOP Dial S-Steel Women's Watch SXDE83,exact-existing,,watches-only/W2260.png,product-shots/W2260/main.jpg,https://raw.githubusercontent.com/AveryArtlife/gembreak-images/main/watches-only/W2260.png,https://raw.githubusercontent.com/AveryArtlife/gembreak-images/main/watches-only/W2260.png,pass,pass,,True,9d45136ecee62ee65480356ddf4b4d3d7191952ea088e21ae1f105f3061ea535,1024,1536,1.0,0.663086,0.95638,0.492676,0.491211,1200,1200,1.0
662,W2249,Seiko,SEIKO 27MM White MOP Dial SS Women's Watch SXDE22,exact-existing,,watches-only/W2249.png,product-shots/W2249/main.jpg,https://raw.githubusercontent.com/AveryArtlife/gembreak-images/main/watches-only/W2249.png,https://raw.githubusercontent.com/AveryArtlife/gembreak-images/main/watches-only/W2249.png,pass,pass,,True,a6ead415f60ab879df7693653778f8e79efc03e984ae0d0628cc0c7831c5acc2,1024,1536,1.0,0.65332,0.917969,0.512207,0.494792,1200,1200,1.0
663,W1678,Tissot,TISSOT Classic Dream 42MM QTZ Brown Leather Men's Watch T129.410.3,exact-existing,,watches-only/W1678.png,product-shots/W1678/main.jpg,https://raw.githubusercontent.com/AveryArtlife/gembreak-images/main/watches-only/W1678.png,https://raw.githubusercontent.com/AveryArtlife/gembreak-images/main/watches-only/W1678.png,pass,pass,,True,fb937a3d5a463c4f247d946425a4204d36b930d58e99c654e92956579a5e9592,1024,1536,1.0,0.776367,0.969401,0.505371,0.498372,1200,1200,1.0
664,W2258,Seiko,Seiko 25MM Black Dial S-Steel Bracelet Women's Watch SXDA44,exact-existing,,watches-only/W2258.png,product-shots/W2258/main.jpg,https://raw.githubusercontent.com/AveryArtlife/gembreak-images/main/watches-only/W2258.png,https://raw.githubusercontent.com/AveryArtlife/gembreak-images/main/watches-only/W2258.png,pass,pass,,True,869358c33846a552250f41d300592c7b1b78e39ca7783b3ce12c46ef63bcacbe,1024,1536,1.0,0.566406,0.957031,0.508789,0.497396,1200,1200,1.0
665,W2310,Citizen,CITIZEN Serano Eco Drive MOP Dial SS Women's Watch EP5830-56D,exact-existing,,watches-only/W2310.png,product-shots/W2310/main.jpg,https://raw.githubusercontent.com/AveryArtlife/gembreak-images/main/watches-only/W2310.png,https://raw.githubusercontent.com/AveryArtlife/gembreak-images/main/watches-only/W2310.png,pass,pass,,True,7bb72ac85682e58ca4dcf7c4be49ca6783c1bd09fc0c921e2aac4618f0f27ace,1024,1536,1.0,0.527344,0.932943,0.513672,0.495768,1200,1200,1.0
666,W1645,Tissot,TISSOT PR 100 Quartz 34MM SS Blue Dial Women's Watch T150.210.11.0,exact-existing,,watches-only/W1645.png,product-shots/W1645/main.jpg,https://raw.githubusercontent.com/AveryArtlife/gembreak-images/main/watches-only/W1645.png,https://raw.githubusercontent.com/AveryArtlife/gembreak-images/main/watches-only/W1645.png,pass,pass,,True,6382580f2026865371b4e0db7c152736f6491ea5e47d93002e69f9de6c9237a8,1024,1536,1.0,0.702148,0.923177,0.527832,0.496745,1200,1200,1.0
667,HAMI-241916,Hamilton,Hamilton Khaki Navy H64451533 Men's Watch,sheet-url-exact,CRH64451533,watches-only/HAMI-241916.png,product-shots/HAMI-241916/main.jpg,https://raw.githubusercontent.com/AveryArtlife/gembreak-images/main/watches-only/HAMI-241916.png,https://raw.githubusercontent.com/AveryArtlife/gembreak-images/main/watches-only/CRH64451533.png,pass,pass,,True,e0e2a877d93d0a81e3c768e6a0bdc396917547a4daa330a830e3ba3686b692df,700,700,1.0,0.591429,1.0,0.522857,0.5,1200,1200,1.0
668,W2304,Citizen,CITIZEN Allura Eco-Drive 27mm White Dial Diamond Accent SS Women's,exact-existing,,watches-only/W2304.png,product-shots/W2304/main.jpg,https://raw.githubusercontent.com/AveryArtlife/gembreak-images/main/watches-only/W2304.png,https://raw.githubusercontent.com/AveryArtlife/gembreak-images/main/watches-only/W2304.png,pass,pass,,True,d59ffa182302906883fc54d70dd7666f2da31954c0ff226ed07077839ddf0bf4,1024,1536,1.0,0.624023,0.934245,0.51416,0.498372,1200,1200,1.0
669,CR98A304,Bulova,Bulova Classic Sutton Leather Strap Silver Skeleton Dial Automatic,exact-existing,,watches-only/CR98A304.png,product-shots/CR98A304/main.jpg,https://raw.githubusercontent.com/AveryArtlife/gembreak-images/main/watches-only/CR98A304.png,https://raw.githubusercontent.com/AveryArtlife/gembreak-images/main/watches-only/CR98A304.png,pass,pass,,True,2782665003b47f17aa78a269e63d5f79daff3876f32a44b8d0c350a826dac6b1,1024,1536,1.0,0.780273,0.911458,0.499512,0.5,1200,1200,1.0
670,W1557,Tissot,TISSOT Chrono L Quartz 42MM Blue Dial Leather Men's Watch T116.417,exact-existing,,watches-only/W1557.png,product-shots/W1557/main.jpg,https://raw.githubusercontent.com/AveryArtlife/gembreak-images/main/watches-only/W1557.png,https://raw.githubusercontent.com/AveryArtlife/gembreak-images/main/watches-only/W1557.png,pass,pass,,True,e37f0a761e8ece9347a91f03345e7e043fe6508cf4991e42d26a2f2924cd2fd8,1024,1536,1.0,0.725586,0.908854,0.527832,0.49349,1200,1200,1.0
671,W1649,Tissot,TISSOT PR 100 QTZ 40MM Silver Dial BRN Leather Men's Watch T150.41,exact-existing,,watches-only/W1649.png,product-shots/W1649/main.jpg,https://raw.githubusercontent.com/AveryArtlife/gembreak-images/main/watches-only/W1649.png,https://raw.githubusercontent.com/AveryArtlife/gembreak-images/main/watches-only/W1649.png,pass,pass,,True,ca8c00a586704f4d9926f89ba0d99e950eea1db01ccf89f823d0999446c63a84,1024,1536,1.0,0.727539,0.972005,0.497559,0.499023,1200,1200,1.0
672,W1593,Tissot,TISSOT PR 100 Quartz 40MM White Dial Leather Men's Watch T150.410.,exact-existing,,watches-only/W1593.png,product-shots/W1593/main.jpg,https://raw.githubusercontent.com/AveryArtlife/gembreak-images/main/watches-only/W1593.png,https://raw.githubusercontent.com/AveryArtlife/gembreak-images/main/watches-only/W1593.png,pass,pass,,True,a0652dc50af7930ddb0712704255d04f9c89c367b24ea2633dfb6ed653dfaf1a,1024,1536,1.0,0.727539,0.94401,0.515137,0.490234,1200,1200,1.0
673,CR98A302,Bulova,Bulova Marine Star Stainless Steel Open Heart Blue Dial Automatic,exact-existing,,watches-only/CR98A302.png,product-shots/CR98A302/main.jpg,https://raw.githubusercontent.com/AveryArtlife/gembreak-images/main/watches-only/CR98A302.png,https://raw.githubusercontent.com/AveryArtlife/gembreak-images/main/watches-only/CR98A302.png,pass,pass,,True,f0f0a613aade9b3bcc2229daac1c7353c00c8d62796779bb638a2add7e41f857,1200,1200,1.0,0.643333,0.985,0.500833,0.5,1200,1200,1.0
674,HAMI-PF24K1,Hamilton,Hamilton Broadway Quartz H43311735 Men's Watch,sheet-url-exact,CRH43311735,watches-only/HAMI-PF24K1.png,product-shots/HAMI-PF24K1/main.jpg,https://raw.githubusercontent.com/AveryArtlife/gembreak-images/main/watches-only/HAMI-PF24K1.png,https://raw.githubusercontent.com/AveryArtlife/gembreak-images/main/watches-only/CRH43311735.png,pass,pass,,True,d03b4ef5d97226caa2d028575ae2cec8deb88abd6818259945fe0f39241ab2b8,700,700,1.0,0.505714,1.0,0.517143,0.5,1200,1200,1.0
675,W1597,Tissot,TISSOT PR 100 Quartz Jungfraubahn SS 34MM Blue Dial Women's Watch,exact-existing,,watches-only/W1597.png,product-shots/W1597/main.jpg,https://raw.githubusercontent.com/AveryArtlife/gembreak-images/main/watches-only/W1597.png,https://raw.githubusercontent.com/AveryArtlife/gembreak-images/main/watches-only/W1597.png,pass,pass,,True,c5f9f09a89225d7e952a9e1d3618671234b37135b5ba9cac70c73608ab392f6a,1024,1536,1.0,0.647461,0.876953,0.51416,0.496419,1200,1200,1.0
676,W1601,Tissot,TISSOT Ballade Quartz 40MM SS Blue Dial Men's Watch T156.410.22.04,exact-existing,,watches-only/W1601.png,product-shots/W1601/main.jpg,https://raw.githubusercontent.com/AveryArtlife/gembreak-images/main/watches-only/W1601.png,https://raw.githubusercontent.com/AveryArtlife/gembreak-images/main/watches-only/W1601.png,pass,pass,,True,19968217e5fdb34f13f46ff76fa455776253046934ca2f2317dc1fe8aff9dd89,1024,1536,1.0,0.724609,0.983073,0.480469,0.5,1200,1200,1.0
677,W2244,Seiko,SEIKO Alarm Chronograph Tachymeter 42MM Men's Watch SNA163,exact-existing,,watches-only/W2244.png,product-shots/W2244/main.jpg,https://raw.githubusercontent.com/AveryArtlife/gembreak-images/main/watches-only/W2244.png,https://raw.githubusercontent.com/AveryArtlife/gembreak-images/main/watches-only/W2244.png,pass,pass,,True,acfb253d7f9151e92e2db4f366c43af048a280277ef56f83a29d56508ec70396,1024,1536,1.0,0.719727,0.949219,0.483887,0.486979,1200,1200,1.0
678,CR96B472,Bulova,Bulova Jet Star Stainless Steel Grey Dial Quartz 96B472 Men's Watc,exact-existing,,watches-only/CR96B472.png,product-shots/CR96B472/main.jpg,https://raw.githubusercontent.com/AveryArtlife/gembreak-images/main/watches-only/CR96B472.png,https://raw.githubusercontent.com/AveryArtlife/gembreak-images/main/watches-only/CR96B472.png,pass,pass,,True,7421706f5f7d9d7848f739aa501e2bc4da7fbb32e157b99993cedf050d316c61,1200,1200,1.0,0.5575,0.985,0.500417,0.5,1200,1200,1.0
679,W2267,Seiko,Seiko Silver Dial Stainless Steel Women's Watch SUJF09,exact-existing,,watches-only/W2267.png,product-shots/W2267/main.jpg,https://raw.githubusercontent.com/AveryArtlife/gembreak-images/main/watches-only/W2267.png,https://raw.githubusercontent.com/AveryArtlife/gembreak-images/main/watches-only/W2267.png,pass,pass,,True,5b15254f5892123e28437138c8992cd6d88353b031b50f990c3d1337b284f4d1,1024,1536,1.0,0.5625,0.955078,0.510742,0.495768,1200,1200,1.0
680,W2266,Seiko,Seiko Coutura Collection MOP Dial S-Steel Bracelet Women's Watch S,exact-existing,,watches-only/W2266.png,product-shots/W2266/main.jpg,https://raw.githubusercontent.com/AveryArtlife/gembreak-images/main/watches-only/W2266.png,https://raw.githubusercontent.com/AveryArtlife/gembreak-images/main/watches-only/W2266.png,pass,pass,,True,c1382cf6234d1f2e569f5b7566fb302ebef6c4228b2236fa8e93a8220dfa02f7,1024,1536,1.0,0.618164,0.964193,0.521973,0.492513,1200,1200,1.0
681,W1673,Tissot,TISSOT Bellissima 26MM Small Lady Pink Leather Strap Women's Watch,exact-existing,,watches-only/W1673.png,product-shots/W1673/main.jpg,https://raw.githubusercontent.com/AveryArtlife/gembreak-images/main/watches-only/W1673.png,https://raw.githubusercontent.com/AveryArtlife/gembreak-images/main/watches-only/W1673.png,pass,pass,,True,9be3273106ff86747fb99c4c14a84a73e10a1361c56b369120c03a2b43107343,1024,1536,1.0,0.657227,0.907552,0.52002,0.494792,1200,1200,1.0
682,W2257,Seiko,Seiko Le Grand Sport 25MM MOP Dial S-Steel Bracelet Women's Watch,exact-existing,,watches-only/W2257.png,product-shots/W2257/main.jpg,https://raw.githubusercontent.com/AveryArtlife/gembreak-images/main/watches-only/W2257.png,https://raw.githubusercontent.com/AveryArtlife/gembreak-images/main/watches-only/W2257.png,pass,pass,,True,490e4c05b0f00fb90be196a807d508b4acae6a0282f02021865ef679cde805b1,1024,1536,1.0,0.634766,0.923828,0.506836,0.482096,1200,1200,1.0
683,HAMI-05004W,Hamilton,Hamilton Khaki H68311133 Men's Watch,sheet-url-exact,CRH68311133,watches-only/HAMI-05004W.png,product-shots/HAMI-05004W/main.jpg,https://raw.githubusercontent.com/AveryArtlife/gembreak-images/main/watches-only/HAMI-05004W.png,https://raw.githubusercontent.com/AveryArtlife/gembreak-images/main/watches-only/CRH68311133.png,pass,pass,,True,e2e59aef3240889c7e921c4dcf2f6c2a427cedd6cdd8866858e81a13509a76ca,700,700,1.0,0.465714,1.0,0.522857,0.5,1200,1200,1.0
684,CR97A182,Bulova,Bulova Surveyor Gold Tone Stainless Steel Open Heart Champagne Dia,exact-existing,,watches-only/CR97A182.png,product-shots/CR97A182/main.jpg,https://raw.githubusercontent.com/AveryArtlife/gembreak-images/main/watches-only/CR97A182.png,https://raw.githubusercontent.com/AveryArtlife/gembreak-images/main/watches-only/CR97A182.png,pass,pass,,True,9f01f108025cad7ef9fd4b4e844b4ee7e2ab3bf697820cc14f7a410af84800e5,1200,1200,1.0,0.540833,0.985,0.500417,0.5,1200,1200,1.0
685,CR98A283,Bulova,Bulova Classic Sutton Black Skeleton Dial Automatic 98A283 Men's W,exact-existing,,watches-only/CR98A283.png,product-shots/CR98A283/main.jpg,https://raw.githubusercontent.com/AveryArtlife/gembreak-images/main/watches-only/CR98A283.png,https://raw.githubusercontent.com/AveryArtlife/gembreak-images/main/watches-only/CR98A283.png,pass,pass,,True,ffb8a849ca9a5f37904dafd6110fb6eb417c92f11c5e112834d2b0d643cf4a96,1024,1536,1.0,0.78125,0.911458,0.499023,0.5,1200,1200,1.0
686,W1600,Tissot,TISSOT Ballade Quartz 40MM Blue Dial SS Men's Watch T156.410.11.04,exact-existing,,watches-only/W1600.png,product-shots/W1600/main.jpg,https://raw.githubusercontent.com/AveryArtlife/gembreak-images/main/watches-only/W1600.png,https://raw.githubusercontent.com/AveryArtlife/gembreak-images/main/watches-only/W1600.png,pass,pass,,True,497591c5eb7ed6e05b629995b1a3b2afcd181a169fc01a16a430e0c149216ac3,1024,1536,1.0,0.636719,0.921875,0.521484,0.490234,1200,1200,1.0
687,W1616,Tissot,TISSOT Ballade Quartz 40MM Green Dial Men's Watch T156.410.11.091.,exact-existing,,watches-only/W1616.png,product-shots/W1616/main.jpg,https://raw.githubusercontent.com/AveryArtlife/gembreak-images/main/watches-only/W1616.png,https://raw.githubusercontent.com/AveryArtlife/gembreak-images/main/watches-only/W1616.png,pass,pass,,True,80990c54a0dbd7f5904ab011e90f2fde0296c8417e3dfc9babeb2e878b777fb6,1024,1536,1.0,0.698242,0.889974,0.520996,0.476237,1200,1200,1.0
688,CR98B432,Bulova,Bulova Racer Chronograph Stainless Steel Blue Dial Quartz 98B432 1,exact-existing,,watches-only/CR98B432.png,product-shots/CR98B432/main.jpg,https://raw.githubusercontent.com/AveryArtlife/gembreak-images/main/watches-only/CR98B432.png,https://raw.githubusercontent.com/AveryArtlife/gembreak-images/main/watches-only/CR98B432.png,pass,pass,,True,ecc9498dcd6c038921fbe807420fbb07cf6637428ab7f333d53ef28c57f38b29,1200,1200,1.0,0.604167,0.985,0.500417,0.5,1200,1200,1.0
689,W2295,Citizen,Citizen Noblia MOP Dial LTHR Strap Women's Watch 1060098,exact-existing,,watches-only/W2295.png,product-shots/W2295/main.jpg,https://raw.githubusercontent.com/AveryArtlife/gembreak-images/main/watches-only/W2295.png,https://raw.githubusercontent.com/AveryArtlife/gembreak-images/main/watches-only/W2295.png,pass,pass,,True,ae82655581083f40eb07bb9c401148030202fe812731bc0b80485f3149274314,1024,1536,1.0,0.78125,0.911458,0.5,0.5,1200,1200,1.0
690,CR96A187,Bulova,Bulova Classic 96A187 Automatic Men's Watch,exact-existing,,watches-only/CR96A187.png,product-shots/CR96A187/main.jpg,https://raw.githubusercontent.com/AveryArtlife/gembreak-images/main/watches-only/CR96A187.png,https://raw.githubusercontent.com/AveryArtlife/gembreak-images/main/watches-only/CR96A187.png,pass,pass,,True,0c514fdf0e8f4480ccc41691ce642d5ee341b47cb7e074e36dfcf865469f2d19,1200,1200,1.0,0.595,0.966667,0.5,0.5,1200,1200,1.0
691,CR98A272,Bulova,Bulova Marine Star Open Heart Black Dial Automatic Diver's 98A272,exact-existing,,watches-only/CR98A272.png,product-shots/CR98A272/main.jpg,https://raw.githubusercontent.com/AveryArtlife/gembreak-images/main/watches-only/CR98A272.png,https://raw.githubusercontent.com/AveryArtlife/gembreak-images/main/watches-only/CR98A272.png,pass,pass,,True,a5abb6076372b9b799d80ca59894ea2cd3846bc5a89846333accba1469c3f8aa,1200,1200,1.0,0.643333,0.985833,0.5,0.500417,1200,1200,1.0
692,CR98B422,Bulova,Bulova Surveyor Stainless Steel Burgundy Dial Automatic 98B422 Men,exact-existing,,watches-only/CR98B422.png,product-shots/CR98B422/main.jpg,https://raw.githubusercontent.com/AveryArtlife/gembreak-images/main/watches-only/CR98B422.png,https://raw.githubusercontent.com/AveryArtlife/gembreak-images/main/watches-only/CR98B422.png,pass,pass,,True,95f8f5ea8d97f74463e9ce4ba2e78e07bb9f73a9dfb499026b2bfdaf31970ef3,1200,1200,1.0,0.540833,0.985,0.500417,0.5,1200,1200,1.0
693,CR98A224,Bulova,Bulova Maquina 98A224 Automatic Men's Watch,exact-existing,,watches-only/CR98A224.png,product-shots/CR98A224/main.jpg,https://raw.githubusercontent.com/AveryArtlife/gembreak-images/main/watches-only/CR98A224.png,https://raw.githubusercontent.com/AveryArtlife/gembreak-images/main/watches-only/CR98A224.png,pass,pass,,True,8759a912d3a726720c0decce492bc82bbc8d073f0fdb8cb0860aed426d65be05,1200,1200,1.0,0.639167,0.968333,0.500417,0.5,1200,1200,1.0
694,CR98A179,Bulova,Bulova Classic 98A179 Automatic Men's Watch,exact-existing,,watches-only/CR98A179.png,product-shots/CR98A179/main.jpg,https://raw.githubusercontent.com/AveryArtlife/gembreak-images/main/watches-only/CR98A179.png,https://raw.githubusercontent.com/AveryArtlife/gembreak-images/main/watches-only/CR98A179.png,pass,pass,,True,a3aa97c3dba8a4a9397c73ea9a26a51bfb44c20f72cf7a44452cc59a01bb2908,1200,1200,1.0,0.630833,0.981667,0.500417,0.5,1200,1200,1.0
695,HAMI-53.00~,Hamilton,Hamilton Jazzmaster Quartz H32341975 Women's Watch,sheet-url-exact,CRH32341975,watches-only/HAMI-53.00~.png,product-shots/HAMI-53.00~/main.jpg,https://raw.githubusercontent.com/AveryArtlife/gembreak-images/main/watches-only/HAMI-53.00~.png,https://raw.githubusercontent.com/AveryArtlife/gembreak-images/main/watches-only/CRH32341975.png,pass,pass,,True,56fb7c9f70fd34087e337bf366b71bca00fcfe94ccb1d6db2b3c9f08a27647a4,700,700,1.0,0.464286,1.0,0.516429,0.5,1200,1200,1.0
696,CR96A208,Bulova,Bulova Classic Skeleton Black Dial Stainless Steel Automatic 96A20,exact-existing,,watches-only/CR96A208.png,product-shots/CR96A208/main.jpg,https://raw.githubusercontent.com/AveryArtlife/gembreak-images/main/watches-only/CR96A208.png,https://raw.githubusercontent.com/AveryArtlife/gembreak-images/main/watches-only/CR96A208.png,pass,pass,,True,c1409296b370b2f6c409efbf2705c2b1016b390355aac9dee33ea11f135c7750,1200,1200,1.0,0.603333,0.966667,0.5,0.5,1200,1200,1.0
697,HAMI-P837J1,Hamilton,Hamilton Jazzmaster Thinline Quartz H38541513 Men's Watch,sheet-url-exact,CRH38541513,watches-only/HAMI-P837J1.png,product-shots/HAMI-P837J1/main.jpg,https://raw.githubusercontent.com/AveryArtlife/gembreak-images/main/watches-only/HAMI-P837J1.png,https://raw.githubusercontent.com/AveryArtlife/gembreak-images/main/watches-only/CRH38541513.png,pass,pass,,True,6002a8bc06be9b860e4fd2def352adef923bc8d7f532f5565d823679ddbff9a8,700,700,1.0,0.52,0.997143,0.514286,0.501429,1200,1200,1.0
698,W2294,Citizen,Citizen Solar-Tech Silver Dial Stainless Steel Men's Watch AP8120-,exact-existing,,watches-only/W2294.png,product-shots/W2294/main.jpg,https://raw.githubusercontent.com/AveryArtlife/gembreak-images/main/watches-only/W2294.png,https://raw.githubusercontent.com/AveryArtlife/gembreak-images/main/watches-only/W2294.png,pass,pass,,True,3c220bab5224dad5e0ab28a60c9610cc7da60b8dc71468cf1c31b9ab10ead5f0,1024,1536,1.0,0.780273,0.911458,0.499512,0.5,1200,1200,1.0
699,W2287,Citizen,Citizen MOP Dial Silver-tone Women's Watch EP8090-54D,exact-existing,,watches-only/W2287.png,product-shots/W2287/main.jpg,https://raw.githubusercontent.com/AveryArtlife/gembreak-images/main/watches-only/W2287.png,https://raw.githubusercontent.com/AveryArtlife/gembreak-images/main/watches-only/W2287.png,pass,pass,,True,3a0f5a30c7f70c5ecfce88e9dd54e74b1e7e0b944b03a6e87d8d12db0a110a9a,1024,1536,1.0,0.780273,0.911458,0.500488,0.5,1200,1200,1.0
700,W2293,Citizen,CITIZEN Blue Dial Titanium Women's Watch EU1390-58L,exact-existing,,watches-only/W2293.png,product-shots/W2293/main.jpg,https://raw.githubusercontent.com/AveryArtlife/gembreak-images/main/watches-only/W2293.png,https://raw.githubusercontent.com/AveryArtlife/gembreak-images/main/watches-only/W2293.png,pass,pass,,True,4eb33b36b2f78496ec6e3563112c279d5429e6e06eee413037098a257ec3bc14,1024,1536,1.0,0.780273,0.911458,0.500488,0.5,1200,1200,1.0
701,CR96B256,Bulova,Bulova Marine Star 96B256 Quartz Chronograph Men's Watch,exact-existing,,watches-only/CR96B256.png,product-shots/CR96B256/main.jpg,https://raw.githubusercontent.com/AveryArtlife/gembreak-images/main/watches-only/CR96B256.png,https://raw.githubusercontent.com/AveryArtlife/gembreak-images/main/watches-only/CR96B256.png,pass,pass,,True,6fd47c195cf0c8619ba6ea7a1ff57efb7b21633080188e43ad2f96802d29605f,1200,1200,1.0,0.631667,1.0,0.5,0.5,1200,1200,1.0
702,HAMI-03L10B,Hamilton,Hamilton Khaki H68311533 Men's Watch,sheet-url-exact,CRH68311533,watches-only/HAMI-03L10B.png,product-shots/HAMI-03L10B/main.jpg,https://raw.githubusercontent.com/AveryArtlife/gembreak-images/main/watches-only/HAMI-03L10B.png,https://raw.githubusercontent.com/AveryArtlife/gembreak-images/main/watches-only/CRH68311533.png,pass,pass,,True,8ece5108b4b95b6d1c5f8464163dd2a65ee5b854503d4f264bea706bbb123e17,700,700,1.0,0.467143,0.997143,0.499286,0.5,1200,1200,1.0
703,W2296,Citizen,NOBLIA 24MM MOP Dial LTHR Strap Women's Watch 102545,exact-existing,,watches-only/W2296.png,product-shots/W2296/main.jpg,https://raw.githubusercontent.com/AveryArtlife/gembreak-images/main/watches-only/W2296.png,https://raw.githubusercontent.com/AveryArtlife/gembreak-images/main/watches-only/W2296.png,pass,pass,,True,fcd94a20f4f2f6b848a488bf380714e9a72cb63981ff058465c3fd6a71248e9c,1024,1536,1.0,0.78125,0.911458,0.499023,0.5,1200,1200,1.0
704,W2264,Seiko,Seiko Chronograph White Dial Stainless Steel Women's Watch SNDZ25,exact-existing,,watches-only/W2264.png,product-shots/W2264/main.jpg,https://raw.githubusercontent.com/AveryArtlife/gembreak-images/main/watches-only/W2264.png,https://raw.githubusercontent.com/AveryArtlife/gembreak-images/main/watches-only/W2264.png,pass,pass,,True,bfa308e859242505b3bd7ca23bac569ddec1a98a4016f084455b92b556187e46,1024,1536,1.0,0.693359,0.921875,0.486328,0.470703,1200,1200,1.0
705,W1610,Tissot,TISSOT PR 100 Quartz SS 40MM Black Dial Men's Watch T150.410.11.05,exact-existing,,watches-only/W1610.png,product-shots/W1610/main.jpg,https://raw.githubusercontent.com/AveryArtlife/gembreak-images/main/watches-only/W1610.png,https://raw.githubusercontent.com/AveryArtlife/gembreak-images/main/watches-only/W1610.png,pass,pass,,True,89e97496f1d2d82057f547531c50c56ad3338c0964c0b27b4b940204f76e18a9,1024,1536,1.0,0.717773,0.878255,0.519043,0.495117,1200,1200,1.0
706,W1551,Tissot,TISSOT PR 100 Quartz Stainless Steel 40MM Green Dial Men's Watch T,exact-existing,,watches-only/W1551.png,product-shots/W1551/main.jpg,https://raw.githubusercontent.com/AveryArtlife/gembreak-images/main/watches-only/W1551.png,https://raw.githubusercontent.com/AveryArtlife/gembreak-images/main/watches-only/W1551.png,pass,pass,,True,98dd911b30edfed0077808ce3aea7c2b549e7de3e3e2ea25dca7ab1fe0dc2210,1024,1536,1.0,0.736328,0.957682,0.482422,0.488607,1200,1200,1.0
707,W1672,Tissot,TISSOT Classic Dream 42MM S-Steel Silver Dial Men's Watch T129.410,exact-existing,,watches-only/W1672.png,product-shots/W1672/main.jpg,https://raw.githubusercontent.com/AveryArtlife/gembreak-images/main/watches-only/W1672.png,https://raw.githubusercontent.com/AveryArtlife/gembreak-images/main/watches-only/W1672.png,pass,pass,,True,647bd2308e35c5642f9579d65fefd77fd425692fb8381bd37baf2103a788652a,1024,1536,1.0,0.739258,0.948568,0.509277,0.496419,1200,1200,1.0
708,W2263,Seiko,Seiko Chronograph Stainless Steel Black Dial Men's Watch SNAD35,exact-existing,,watches-only/W2263.png,product-shots/W2263/main.jpg,https://raw.githubusercontent.com/AveryArtlife/gembreak-images/main/watches-only/W2263.png,https://raw.githubusercontent.com/AveryArtlife/gembreak-images/main/watches-only/W2263.png,pass,pass,,True,ef7c9f7fe3a2cec100f57e8b0e03ba508f75309ce8a8ef309fb5a0f7fd36c18e,1024,1536,1.0,0.717773,0.959635,0.516113,0.496094,1200,1200,1.0
709,W2256,Seiko,Seiko Coutura 28MM Black MOP Dial S-Steel Bracelet Women's Watch S,exact-existing,,watches-only/W2256.png,product-shots/W2256/main.jpg,https://raw.githubusercontent.com/AveryArtlife/gembreak-images/main/watches-only/W2256.png,https://raw.githubusercontent.com/AveryArtlife/gembreak-images/main/watches-only/W2256.png,pass,pass,,True,a3690318d82a34c17977be19948778d8269247bf62c233345b8add4e0c081689,1024,1536,1.0,0.551758,0.953776,0.51416,0.494466,1200,1200,1.0
710,CR98A177,Bulova,Bulova Classic 98A177 Automatic Men's Watch,exact-existing,,watches-only/CR98A177.png,product-shots/CR98A177/main.jpg,https://raw.githubusercontent.com/AveryArtlife/gembreak-images/main/watches-only/CR98A177.png,https://raw.githubusercontent.com/AveryArtlife/gembreak-images/main/watches-only/CR98A177.png,pass,pass,,True,addcefa078ff9a01ec1b43bf2ad52340bbeccea7abac49cd96cce2c5f526735d,1200,1200,1.0,0.6175,0.969167,0.500417,0.500417,1200,1200,1.0
711,HAMI-CRU617,Hamilton,Hamilton Jazzmaster Quartz H32441551 Men's Watch,sheet-url-exact,CRH32441551,watches-only/HAMI-CRU617.png,product-shots/HAMI-CRU617/main.jpg,https://raw.githubusercontent.com/AveryArtlife/gembreak-images/main/watches-only/HAMI-CRU617.png,https://raw.githubusercontent.com/AveryArtlife/gembreak-images/main/watches-only/CRH32441551.png,pass,pass,,True,86dfad92d7480b60bbdee44eae14422016aadf252b4bf868d8fabe9ea465ac7d,700,700,1.0,0.511429,0.997143,0.517143,0.501429,1200,1200,1.0
712,W2292,Citizen,CITIZEN Silver Dial Stainless Steel Women's Watch EL1540-53A,exact-existing,,watches-only/W2292.png,product-shots/W2292/main.jpg,https://raw.githubusercontent.com/AveryArtlife/gembreak-images/main/watches-only/W2292.png,https://raw.githubusercontent.com/AveryArtlife/gembreak-images/main/watches-only/W2292.png,pass,pass,,True,b6f7c81b209df740d93d56530b2af720aef815ef857183904bb629dfb653eab2,1024,1536,1.0,0.77832,0.911458,0.500488,0.5,1200,1200,1.0
713,W2291,Citizen,CITIZEN Silver Dial Titanium Women's Watch EL1550-50A,exact-existing,,watches-only/W2291.png,product-shots/W2291/main.jpg,https://raw.githubusercontent.com/AveryArtlife/gembreak-images/main/watches-only/W2291.png,https://raw.githubusercontent.com/AveryArtlife/gembreak-images/main/watches-only/W2291.png,pass,pass,,True,0cf089d39ffb70a4b40b5d964843105b80cfc2fb1732156db599d0eef4b314e9,1024,1536,1.0,0.561523,0.975911,0.497559,0.499023,1200,1200,1.0
714,CR97A138,Bulova,Bulova Classic Sutton Skeleton White Dial Leather Strap Automatic,exact-existing,,watches-only/CR97A138.png,product-shots/CR97A138/main.jpg,https://raw.githubusercontent.com/AveryArtlife/gembreak-images/main/watches-only/CR97A138.png,https://raw.githubusercontent.com/AveryArtlife/gembreak-images/main/watches-only/CR97A138.png,pass,pass,,True,7735681db04cded807dc53008528fc317e4f209013b6826122bb67c7c0e63bcc,1200,1200,1.0,0.603333,0.966667,0.5,0.5,1200,1200,1.0
715,CRH38411783,Hamilton,Hamilton Jazzmaster Thinline Small Second Quartz H38411783 Men's W,exact-existing,,watches-only/CRH38411783.png,product-shots/CRH38411783/main.jpg,https://raw.githubusercontent.com/AveryArtlife/gembreak-images/main/watches-only/CRH38411783.png,https://raw.githubusercontent.com/AveryArtlife/gembreak-images/main/watches-only/CRH38411783.png,pass,pass,,True,68ee9d226578226ed565f3640de56af928a8ebf14b084d0b0d1956af840166f2,524,900,1.0,0.979008,0.988889,0.500954,0.5,1200,1200,1.0
716,CRZ76802,Zeppelin,Zeppelin 100 Years ED.1 Germany Made 7680-2 76802 Men's Watch,exact-existing,,watches-only/CRZ76802.png,product-shots/CRZ76802/main.jpg,https://raw.githubusercontent.com/AveryArtlife/gembreak-images/main/watches-only/CRZ76802.png,https://raw.githubusercontent.com/AveryArtlife/gembreak-images/main/watches-only/CRZ76802.png,pass,pass,,True,779baf4e3ddbc9149e55cbd7c8f01aa5ed9638a837930fefe5fa2d1d05714b18,1024,1536,1.0,0.807617,0.954427,0.525879,0.498698,1200,1200,1.0
717,CR96A269,Bulova,Bulova Sutton Open Heart Black Dial Leather Strap Automatic 96A269,exact-existing,,watches-only/CR96A269.png,product-shots/CR96A269/main.jpg,https://raw.githubusercontent.com/AveryArtlife/gembreak-images/main/watches-only/CR96A269.png,https://raw.githubusercontent.com/AveryArtlife/gembreak-images/main/watches-only/CR96A269.png,pass,pass,,True,c84a2671159dc0e1dc82b38184e4a41b72c3a96b592b415d0c030c1d43027ddb,1200,1200,1.0,0.466667,0.985,0.5,0.5,1200,1200,1.0
718,WW229,Luminox,Luminox Leatherback Sea Turtle Giant X Volition 44MM Blue Dial,exact-existing,,watches-only/WW229.png,product-shots/WW229/main.jpg,https://raw.githubusercontent.com/AveryArtlife/gembreak-images/main/watches-only/WW229.png,https://raw.githubusercontent.com/AveryArtlife/gembreak-images/main/watches-only/WW802.png,pass,pass,,True,432723e643bdc53777b137ae7888146603815e7d9d8b3bd6cd2577b58192005d,670,1100,1.0,0.985075,1.0,0.5,0.5,1200,1200,1.0
719,HAMI-00-1A3,Hamilton,Hamilton Khaki Filed Quartz Swiss Made H68201193 Men's Watch,sheet-url-exact,CRH68201193,watches-only/HAMI-00-1A3.png,product-shots/HAMI-00-1A3/main.jpg,https://raw.githubusercontent.com/AveryArtlife/gembreak-images/main/watches-only/HAMI-00-1A3.png,https://raw.githubusercontent.com/AveryArtlife/gembreak-images/main/watches-only/CRH68201193.png,pass,pass,,True,f01c3faf6003fc16407a3ba0fea294b4cb04d114ff2be7d3282818221cd510fd,700,700,1.0,0.525714,0.994286,0.527143,0.5,1200,1200,1.0
720,CR96A275,Bulova,Bulova Classic Surveyor Stainless Steel Blue Open Heart Dial Autom,exact-existing,,watches-only/CR96A275.png,product-shots/CR96A275/main.jpg,https://raw.githubusercontent.com/AveryArtlife/gembreak-images/main/watches-only/CR96A275.png,https://raw.githubusercontent.com/AveryArtlife/gembreak-images/main/watches-only/CR96A275.png,pass,pass,,True,d681ec6d96e3321421006eb761a0e03a995c6a0591061d53e3d043706f900634,1200,1200,1.0,0.5825,0.985,0.500417,0.5,1200,1200,1.0
721,W2255,Seiko,Seiko White Dial Two-tone SS Women's Watch SUJD34,exact-existing,,watches-only/W2255.png,product-shots/W2255/main.jpg,https://raw.githubusercontent.com/AveryArtlife/gembreak-images/main/watches-only/W2255.png,https://raw.githubusercontent.com/AveryArtlife/gembreak-images/main/watches-only/W2255.png,pass,pass,,True,9e68c2e3f4aeafce5e388eb8f86c7cc37537ecf3d6cb9c503dd7e0fc75228de8,1024,1536,1.0,0.449219,0.946615,0.511719,0.490885,1200,1200,1.0
722,W2254,Seiko,Seiko White Dial Gold-tone Stainless Steel Women's Watch SXDB48,exact-existing,,watches-only/W2254.png,product-shots/W2254/main.jpg,https://raw.githubusercontent.com/AveryArtlife/gembreak-images/main/watches-only/W2254.png,https://raw.githubusercontent.com/AveryArtlife/gembreak-images/main/watches-only/W2254.png,pass,pass,,True,16dfabfbb8199a60434a17cc3887b6120a4cf7d75a26f35d2cdd6e6741ea1412,1024,1536,1.0,0.639648,0.954427,0.508301,0.498698,1200,1200,1.0
723,W2248,Seiko,SEIKO 26MM White Dial Two-tone SS Women's Watch SXDC21P1,exact-existing,,watches-only/W2248.png,product-shots/W2248/main.jpg,https://raw.githubusercontent.com/AveryArtlife/gembreak-images/main/watches-only/W2248.png,https://raw.githubusercontent.com/AveryArtlife/gembreak-images/main/watches-only/W2248.png,pass,pass,,True,170e3b67a64fe208a645e1f462632bd64d43a6f3e9f6fc2a9c599cc1ba5e8f87,1024,1536,1.0,0.643555,0.947917,0.496582,0.490234,1200,1200,1.0
724,W2288,Citizen,Citizen Elegance Gold Dial Stainless Steel Women's Watch EK6764-55,exact-existing,,watches-only/W2288.png,product-shots/W2288/main.jpg,https://raw.githubusercontent.com/AveryArtlife/gembreak-images/main/watches-only/W2288.png,https://raw.githubusercontent.com/AveryArtlife/gembreak-images/main/watches-only/W2288.png,pass,pass,,True,c69924f7b271d70505d7dea314533bd6761c43998df86f830bb960455d7fa2a2,1024,1536,1.0,0.53125,0.957682,0.498047,0.495117,1200,1200,1.0
725,W2289,Citizen,CITIZEN Elegance Gold Dial Two-tone SS Men's Watch BI0124-57PZ,exact-existing,,watches-only/W2289.png,product-shots/W2289/main.jpg,https://raw.githubusercontent.com/AveryArtlife/gembreak-images/main/watches-only/W2289.png,https://raw.githubusercontent.com/AveryArtlife/gembreak-images/main/watches-only/W2289.png,pass,pass,,True,6830b5401622d6341ca43d0c2b9f5e8f5c2b680a6a6720650fb38dc75db460a4,1024,1536,1.0,0.65332,0.927734,0.512207,0.494466,1200,1200,1.0
726,W2253,Seiko,Seiko VIVACE White Dial 24MM Two-tone Women's Watch SUJ279,exact-existing,,watches-only/W2253.png,product-shots/W2253/main.jpg,https://raw.githubusercontent.com/AveryArtlife/gembreak-images/main/watches-only/W2253.png,https://raw.githubusercontent.com/AveryArtlife/gembreak-images/main/watches-only/W2253.png,pass,pass,,True,5463f76e6ddd7b0c4df67bae6177fa6ffa06a22550bf36e274d31b36b558b686,1024,1536,1.0,0.472656,0.897135,0.505859,0.471354,1200,1200,1.0
727,CRZ76901,Zeppelin,Zeppelin Series 100 Years ED.1 Germany Made 7690-1 76901 Men's Wat,exact-existing,,watches-only/CRZ76901.png,product-shots/CRZ76901/main.jpg,https://raw.githubusercontent.com/AveryArtlife/gembreak-images/main/watches-only/CRZ76901.png,https://raw.githubusercontent.com/AveryArtlife/gembreak-images/main/watches-only/CRZ76901.png,pass,pass,,True,560efb7a5039d2deadc4832e1d1dbe71714a94ddcf5c2faf20ae1094307ead93,1024,1536,1.0,0.851562,0.923828,0.53418,0.486654,1200,1200,1.0
728,CR96P250,Bulova,Bulova Sutton Diamond Accents Stainless Steel Light Blue Dial Quar,exact-existing,,watches-only/CR96P250.png,product-shots/CR96P250/main.jpg,https://raw.githubusercontent.com/AveryArtlife/gembreak-images/main/watches-only/CR96P250.png,https://raw.githubusercontent.com/AveryArtlife/gembreak-images/main/watches-only/CR96P250.png,pass,pass,,True,632999d4e64d5f9e78dd098d7eef97c43e03ce97612d9b9e737a16fa812e0087,1200,1200,1.0,0.43,0.983333,0.5,0.5,1200,1200,1.0
729,WW566,Seiko,Seiko 5 Sports Field Gmt Automatic 39.4mm Men's Watch Ssk025,exact-existing,,watches-only/WW566.png,product-shots/WW566/main.jpg,https://raw.githubusercontent.com/AveryArtlife/gembreak-images/main/watches-only/WW566.png,https://raw.githubusercontent.com/AveryArtlife/gembreak-images/main/watches-only/WW554.png,pass,pass,,True,09987e49422d0a677ebc71acb6c4d9d748093b8baece85a7cd87409b61e75993,1024,1536,1.0,0.78125,0.896484,0.5,0.499023,1200,1200,1.0
730,BULO-2006M9,Bulova,Bulova Classic Sutton Diamond Accent Stainless Steel Blue Dial Qua,sheet-url-exact,CR96P245,watches-only/BULO-2006M9.png,product-shots/BULO-2006M9/main.jpg,https://raw.githubusercontent.com/AveryArtlife/gembreak-images/main/watches-only/BULO-2006M9.png,https://raw.githubusercontent.com/AveryArtlife/gembreak-images/main/watches-only/CR96P245.png,pass,pass,,True,098c1f8721301c6f86d976271f493bdfa93793dc9bbc3b9ebb2f2b67a29553d0,1024,1536,1.0,0.782227,0.911458,0.499512,0.5,1200,1200,1.0
731,W2251,Seiko,Seiko White Dial Two-tone S-Steel Men's Watch SGE778P1,exact-existing,,watches-only/W2251.png,product-shots/W2251/main.jpg,https://raw.githubusercontent.com/AveryArtlife/gembreak-images/main/watches-only/W2251.png,https://raw.githubusercontent.com/AveryArtlife/gembreak-images/main/watches-only/W2251.png,pass,pass,,True,2227ed9eeb7a1fb923cb15051e774ede208d02f0f9d403fb11e75f14997a5282,1024,1536,1.0,0.657227,0.968099,0.501465,0.498372,1200,1200,1.0
732,W2252,Seiko,Seiko Coutura Silver Dial Stainless Steel Women's Watch SUJE83,exact-existing,,watches-only/W2252.png,product-shots/W2252/main.jpg,https://raw.githubusercontent.com/AveryArtlife/gembreak-images/main/watches-only/W2252.png,https://raw.githubusercontent.com/AveryArtlife/gembreak-images/main/watches-only/W2252.png,pass,pass,,True,99fcce475e4390fa74ec792e7aa26b9485030c79a91eb1501b83a15643733aec,1024,1536,1.0,0.510742,0.932943,0.523926,0.496419,1200,1200,1.0
733,WW953,Movado,Movado Museum Classic Quartz Black Dial 0607626,exact-existing,,watches-only/WW953.png,product-shots/WW953/main.jpg,https://raw.githubusercontent.com/AveryArtlife/gembreak-images/main/watches-only/WW953.png,https://raw.githubusercontent.com/AveryArtlife/gembreak-images/main/watches-only/WW951.png,pass,pass,,True,275deef90432e7e83b27ead24887e21ad065be432792bab87ce180350683f06d,1024,1536,1.0,0.780273,0.891927,0.499512,0.5,1200,1200,1.0
734,WW554,Seiko,Seiko Alarm Chronograph Tachymeter 42MM Men's Watch Sna163,exact-existing,,watches-only/WW554.png,product-shots/WW554/main.jpg,https://raw.githubusercontent.com/AveryArtlife/gembreak-images/main/watches-only/WW554.png,https://raw.githubusercontent.com/AveryArtlife/gembreak-images/main/watches-only/WW768.png,pass,pass,,True,315ed20520d7bfe5e7871bf7a1e232d7a6d67b77cce074b71046722b3ff78745,1024,1536,1.0,0.780273,0.890625,0.499512,0.5,1200,1200,1.0
735,WW952,Tissot,Tissot Everytime 40MM Quartz White Dial,exact-existing,,watches-only/WW952.png,product-shots/WW952/main.jpg,https://raw.githubusercontent.com/AveryArtlife/gembreak-images/main/watches-only/WW952.png,https://raw.githubusercontent.com/AveryArtlife/gembreak-images/main/watches-only/WW950.png,pass,pass,,True,eb47f61e08d854e9f24d0a7f3ebc770edef96918ea12cf6e250d7a44e5a35c5f,1024,1536,1.0,0.779297,0.911458,0.5,0.5,1200,1200,1.0
736,CRSRP169K1,Seiko,Seiko 5 Sports Automatic SRP169K1 SRP169K SRP169 Mens Watch,exact-existing,,watches-only/CRSRP169K1.png,product-shots/CRSRP169K1/main.jpg,https://raw.githubusercontent.com/AveryArtlife/gembreak-images/main/watches-only/CRSRP169K1.png,https://raw.githubusercontent.com/AveryArtlife/gembreak-images/main/watches-only/CRSRP169K1.png,pass,pass,,True,697b6e20d9c429d63329dbee888bd048a2034002c4e0b95938a93b97df36064e,1024,1536,1.0,0.678711,0.9375,0.516113,0.491536,1200,1200,1.0
737,CREQS-940DB-1B,Casio,Casio Edifice Chronograph Analog Solar Powered EQS-940DB-1B EQS940,exact-existing,,watches-only/CREQS-940DB-1B.png,product-shots/CREQS-940DB-1B/main.jpg,https://raw.githubusercontent.com/AveryArtlife/gembreak-images/main/watches-only/CREQS-940DB-1B.png,https://raw.githubusercontent.com/AveryArtlife/gembreak-images/main/watches-only/CREQS-940DB-1B.png,pass,pass,,True,899d7f99f0df2e0683b742f460b6c16e8621443d5478b78123a3fb223934db61,515,900,1.0,0.980583,0.994444,0.5,0.497222,1200,1200,1.0
738,CRRA-WK0002E,Orient,Orient Bambino Leather Strap Pale Green Dial Solar RA-WK0002E Men',exact-existing,,watches-only/CRRA-WK0002E.png,product-shots/CRRA-WK0002E/main.jpg,https://raw.githubusercontent.com/AveryArtlife/gembreak-images/main/watches-only/CRRA-WK0002E.png,https://raw.githubusercontent.com/AveryArtlife/gembreak-images/main/watches-only/CRRA-WK0002E.png,pass,pass,,True,48533c9e7f2fff93d8895b8a4d322af6ae375fe137aaa2f147708319031d20f5,1024,1536,1.0,0.640625,0.951823,0.520508,0.497396,1200,1200,1.0
739,CRRA-WK0004L,Orient,Orient Bambino Leather Strap Black Dial Solar RA-WK0004L Men's Wat,exact-existing,,watches-only/CRRA-WK0004L.png,product-shots/CRRA-WK0004L/main.jpg,https://raw.githubusercontent.com/AveryArtlife/gembreak-images/main/watches-only/CRRA-WK0004L.png,https://raw.githubusercontent.com/AveryArtlife/gembreak-images/main/watches-only/CRRA-WK0004L.png,pass,pass,,True,775b68e8cdc8e5016a160aef1cc7ff00cef154d7a0a40efe037c6e8d55516255,1024,1536,1.0,0.74707,0.927083,0.522949,0.486979,1200,1200,1.0
740,CRSRP355K1,Seiko,Seiko 5 Sports Automatic SRP355 SRP355K1 SRP355K Men's Watch,exact-existing,,watches-only/CRSRP355K1.png,product-shots/CRSRP355K1/main.jpg,https://raw.githubusercontent.com/AveryArtlife/gembreak-images/main/watches-only/CRSRP355K1.png,https://raw.githubusercontent.com/AveryArtlife/gembreak-images/main/watches-only/CRSRP355K1.png,pass,pass,,True,eca9637edad71fb96fecca0b1800cdb0f455723861aa34633c12c01ef923cfcb,972,1619,1.0,0.777778,0.919086,0.50823,0.486103,1200,1200,1.0
741,CRSRPB91K1,Seiko,Seiko 5 Sports Automatic SRPB91 SRPB91K1 SRPB91K Men's Watch,exact-existing,,watches-only/CRSRPB91K1.png,product-shots/CRSRPB91K1/main.jpg,https://raw.githubusercontent.com/AveryArtlife/gembreak-images/main/watches-only/CRSRPB91K1.png,https://raw.githubusercontent.com/AveryArtlife/gembreak-images/main/watches-only/CRSRPB91K1.png,pass,pass,,True,f8e10386790be1a39c7a30e7d6d76c26858308befd4a1da3caa5f48eb1c790e1,1024,1536,1.0,0.780273,0.861979,0.499512,0.5,1200,1200,1.0
742,CRSNZG83J1,Seiko,Seiko 5 Sports Automatic SNZG83 SNZG83J1 SNZG83J Men's Watch,exact-existing,,watches-only/CRSNZG83J1.png,product-shots/CRSNZG83J1/main.jpg,https://raw.githubusercontent.com/AveryArtlife/gembreak-images/main/watches-only/CRSNZG83J1.png,https://raw.githubusercontent.com/AveryArtlife/gembreak-images/main/watches-only/CRSNZG83J1.png,pass,pass,,True,0886f93a479acab789cbcbe168e65d8c56d32324d35dd3da27e5d89084c99a08,1024,1536,1.0,0.790039,0.948568,0.528809,0.489909,1200,1200,1.0
743,CRSNZH51K1,Seiko,Seiko 5 Sports Automatic SNZH51K1 SNZH51 SNZH51K Men's Watch,exact-existing,,watches-only/CRSNZH51K1.png,product-shots/CRSNZH51K1/main.jpg,https://raw.githubusercontent.com/AveryArtlife/gembreak-images/main/watches-only/CRSNZH51K1.png,https://raw.githubusercontent.com/AveryArtlife/gembreak-images/main/watches-only/CRSNZH51K1.png,pass,pass,,True,1bde49ded73b3f26b15f5867ecc2003047e9b945eb6569d8d98825e1597959b1,1024,1536,1.0,0.760742,0.899089,0.506348,0.468424,1200,1200,1.0
744,CRSRP483K1,Seiko,Seiko 5 Sports Automatic Monster SRP483 SRP483K1 SRP483K Men's Wat,exact-existing,,watches-only/CRSRP483K1.png,product-shots/CRSRP483K1/main.jpg,https://raw.githubusercontent.com/AveryArtlife/gembreak-images/main/watches-only/CRSRP483K1.png,https://raw.githubusercontent.com/AveryArtlife/gembreak-images/main/watches-only/CRSRP483K1.png,pass,pass,,True,7f0d0a3477d1de8d357100a2c8bf92acd02f5220eaf1a8847334fc3ea2d32df8,1024,1536,1.0,0.753906,0.923828,0.514648,0.505534,1200,1200,1.0
745,W2286,Citizen,Citizen Black Dial SS Women's Watch EK4640-59E,exact-existing,,watches-only/W2286.png,product-shots/W2286/main.jpg,https://raw.githubusercontent.com/AveryArtlife/gembreak-images/main/watches-only/W2286.png,https://raw.githubusercontent.com/AveryArtlife/gembreak-images/main/watches-only/W2286.png,pass,pass,,True,d7a84ddaf44b91df1ca71251258c9e9b7ba30759815c28585fba2ed0d5ddb2fc,1024,1536,1.0,0.396484,0.967448,0.47168,0.501953,1200,1200,1.0
746,CRRF273SND253P1,Seiko,Refurbished Seiko Flightmaster Pilot Slide Rule Chronograph SND253,exact-existing,,watches-only/CRRF273SND253P1.png,product-shots/CRRF273SND253P1/main.jpg,https://raw.githubusercontent.com/AveryArtlife/gembreak-images/main/watches-only/CRRF273SND253P1.png,https://raw.githubusercontent.com/AveryArtlife/gembreak-images/main/watches-only/CRRF273SND253P1.png,pass,pass,,True,e22d0a15de73c541824f55cf3050d9aa7ca642f49c04c2222f7a9411f04a75e7,1024,1536,1.0,0.762695,0.966146,0.501465,0.498698,1200,1200,1.0
747,CRSRP601K1,Seiko,Seiko 5 Sports Automatic SRP601 SRP601K1 SRP601K Men's Watch,exact-existing,,watches-only/CRSRP601K1.png,product-shots/CRSRP601K1/main.jpg,https://raw.githubusercontent.com/AveryArtlife/gembreak-images/main/watches-only/CRSRP601K1.png,https://raw.githubusercontent.com/AveryArtlife/gembreak-images/main/watches-only/CRSRP601K1.png,pass,pass,,True,b67f1a761f4a76e236f15e21919f0ee0013dc81c0c231da4357fba9abc84ad74,1254,1254,1.0,0.495215,0.944179,0.509968,0.500797,1200,1200,1.0
748,CRF20671-1,Festina,Festina Chrono Bike Rubber Strap Blue Dial Quartz F20671-1 100M Me,exact-existing,,watches-only/CRF20671-1.png,product-shots/CRF20671-1/main.jpg,https://raw.githubusercontent.com/AveryArtlife/gembreak-images/main/watches-only/CRF20671-1.png,https://raw.githubusercontent.com/AveryArtlife/gembreak-images/main/watches-only/CRF20671-1.png,pass,pass,,True,3409c9122c960061276e2cc37bedc38b0ae5f6acd986e2645e160882ca3881fe,1024,1536,1.0,0.78125,0.882812,0.500977,0.499349,1200,1200,1.0
749,CRSRPB89K1,Seiko,Seiko 5 Sports Automatic SRPB89 SRPB89K1 SRPB89K Men's Watch,exact-existing,,watches-only/CRSRPB89K1.png,product-shots/CRSRPB89K1/main.jpg,https://raw.githubusercontent.com/AveryArtlife/gembreak-images/main/watches-only/CRSRPB89K1.png,https://raw.githubusercontent.com/AveryArtlife/gembreak-images/main/watches-only/CRSRPB89K1.png,pass,pass,,True,98d11e45f36713152422f54988bae05de0a282040cec06cf19b0af8c6f89b94f,1024,1536,1.0,0.779297,0.854167,0.5,0.5,1200,1200,1.0
750,CRSRP343K1,Seiko,Seiko 5 Sports Automatic SRP343 SRP343K1 SRP343K Men's Watch,exact-existing,,watches-only/CRSRP343K1.png,product-shots/CRSRP343K1/main.jpg,https://raw.githubusercontent.com/AveryArtlife/gembreak-images/main/watches-only/CRSRP343K1.png,https://raw.githubusercontent.com/AveryArtlife/gembreak-images/main/watches-only/CRSRP343K1.png,pass,pass,,True,683e70bed6f139b621e8ae9e1b85dcc8ad5ce5c9d83f54a3894b83a11236cd2e,1254,1254,1.0,0.529506,0.947368,0.514354,0.497608,1200,1200,1.0
751,CRF20670-6,Festina,Festina Chrono Bike Chronograph Stainless Steel Black Dial Quartz,exact-existing,,watches-only/CRF20670-6.png,product-shots/CRF20670-6/main.jpg,https://raw.githubusercontent.com/AveryArtlife/gembreak-images/main/watches-only/CRF20670-6.png,https://raw.githubusercontent.com/AveryArtlife/gembreak-images/main/watches-only/CRF20670-6.png,pass,pass,,True,c6c623e2312e1ff6ca11881dd01d91744b898594918466dea5135f2035a2fe60,556,900,1.0,0.978417,0.985556,0.5,0.499444,1200,1200,1.0
752,WW791,Citizen,Citizen Solar-tech Silver Dial Stainless Steel Men's Watch,exact-existing,,watches-only/WW791.png,product-shots/WW791/main.jpg,https://raw.githubusercontent.com/AveryArtlife/gembreak-images/main/watches-only/WW791.png,https://raw.githubusercontent.com/AveryArtlife/gembreak-images/main/watches-only/E79767927295.png,pass,pass,,True,7046936b826885b4a2213d37f9e81473e342203309102255fc90707b6e2ad669,1024,1536,1.0,0.779297,0.911458,0.5,0.5,1200,1200,1.0
753,CRSRP629K1,Seiko,Seiko 5 Sports Automatic SRP629 SRP629K1 SRP629K Men's Watch,exact-existing,,watches-only/CRSRP629K1.png,product-shots/CRSRP629K1/main.jpg,https://raw.githubusercontent.com/AveryArtlife/gembreak-images/main/watches-only/CRSRP629K1.png,https://raw.githubusercontent.com/AveryArtlife/gembreak-images/main/watches-only/CRSRP629K1.png,pass,pass,,True,3ff2d693d9f237b9480971df682b94f9f7bc07ff681b1b3767313ad17e2d9c81,1034,1521,1.0,0.617988,0.932939,0.497582,0.486193,1200,1200,1.0
754,CRSRP625K1,Seiko,Seiko 5 Sports Automatic SRP625K1 SRP625K Men's Watch,exact-existing,,watches-only/CRSRP625K1.png,product-shots/CRSRP625K1/main.jpg,https://raw.githubusercontent.com/AveryArtlife/gembreak-images/main/watches-only/CRSRP625K1.png,https://raw.githubusercontent.com/AveryArtlife/gembreak-images/main/watches-only/CRSRP625K1.png,pass,pass,,True,1e277949b19cada701f6e2e1b1597b664e1c864e46d0a06144ec25e8519392fb,1022,1538,1.0,0.588063,0.935631,0.504403,0.500325,1200,1200,1.0
755,CRSRP621K1,Seiko,Seiko 5 Sports Automatic SRP621K1 SRP621K Men's Watch,exact-existing,,watches-only/CRSRP621K1.png,product-shots/CRSRP621K1/main.jpg,https://raw.githubusercontent.com/AveryArtlife/gembreak-images/main/watches-only/CRSRP621K1.png,https://raw.githubusercontent.com/AveryArtlife/gembreak-images/main/watches-only/CRSRP621K1.png,pass,pass,,True,e570bd0dae7e968ef42857f9e4739448f9423eb4de12a81dacdc2dcbb98cfc79,1024,1536,1.0,0.637695,0.953125,0.513184,0.496094,1200,1200,1.0
756,CRSRP623K1,Seiko,Seiko 5 Sports Automatic SRP623 SRP623K1 SRP623K Men's Watch,exact-existing,,watches-only/CRSRP623K1.png,product-shots/CRSRP623K1/main.jpg,https://raw.githubusercontent.com/AveryArtlife/gembreak-images/main/watches-only/CRSRP623K1.png,https://raw.githubusercontent.com/AveryArtlife/gembreak-images/main/watches-only/CRSRP623K1.png,pass,pass,,True,45a6d1a146275e4d0d575c1ed09050458aec753c98970852dff403526d4f857c,1024,1536,1.0,0.62793,0.960286,0.523926,0.499674,1200,1200,1.0
757,CRRA-AK0506S10B,Orient,Orient Altair Three Stars Automatic RA-AK0506S10B Men's Watch,exact-existing,,watches-only/CRRA-AK0506S10B.png,product-shots/CRRA-AK0506S10B/main.jpg,https://raw.githubusercontent.com/AveryArtlife/gembreak-images/main/watches-only/CRRA-AK0506S10B.png,https://raw.githubusercontent.com/AveryArtlife/gembreak-images/main/watches-only/CRRA-AK0506S10B.png,pass,pass,,True,9120d962ab93374c42e91707f419c10fc2ba4047f51b01cc880744cece9cb382,1024,1536,1.0,0.75293,0.927083,0.510254,0.490885,1200,1200,1.0
758,CRBN0100-42E,Citizen,Citizen Promaster Marine Diver's Eco-Drive 200M BN0100-42E Men's W,exact-existing,,watches-only/CRBN0100-42E.png,product-shots/CRBN0100-42E/main.jpg,https://raw.githubusercontent.com/AveryArtlife/gembreak-images/main/watches-only/CRBN0100-42E.png,https://raw.githubusercontent.com/AveryArtlife/gembreak-images/main/watches-only/CRBN0100-42E.png,pass,pass,,True,ef77d7e1eec4378fb5452980da52d0b629b284c88a4c83071b3e2e2ce44a094b,1024,1536,1.0,0.780273,0.911458,0.500488,0.5,1200,1200,1.0
759,CRSRP341K1,Seiko,Seiko 5 Sports Automatic SRP341 SRP341K1 SRP341K Men's Watch,exact-existing,,watches-only/CRSRP341K1.png,product-shots/CRSRP341K1/main.jpg,https://raw.githubusercontent.com/AveryArtlife/gembreak-images/main/watches-only/CRSRP341K1.png,https://raw.githubusercontent.com/AveryArtlife/gembreak-images/main/watches-only/CRSRP341K1.png,pass,pass,,True,5ba5222b7e3965f7d21b45ab87b347aeacaebea6c10cc89ceb031bda2f03a28e,969,1622,1.0,0.858617,0.962392,0.493292,0.497842,1200,1200,1.0
760,CRNY0040-09W,Citizen,Citizen Promaster Automatic Diver's NY0040-09W Men's Watch,exact-existing,,watches-only/CRNY0040-09W.png,product-shots/CRNY0040-09W/main.jpg,https://raw.githubusercontent.com/AveryArtlife/gembreak-images/main/watches-only/CRNY0040-09W.png,https://raw.githubusercontent.com/AveryArtlife/gembreak-images/main/watches-only/CRNY0040-09W.png,pass,pass,,True,50dc93343b6b410399289d8891400eb2e52729f4974a99b2ba1e078b9a6ecd8b,1024,1536,1.0,0.780273,0.913411,0.486816,0.500977,1200,1200,1.0
761,CRGBD-200UU-1,Casio,Casio G-Shock G-Squad Mobile link Digital Quartz GBD-200UU-1 GBD20,exact-existing,,watches-only/CRGBD-200UU-1.png,product-shots/CRGBD-200UU-1/main.jpg,https://raw.githubusercontent.com/AveryArtlife/gembreak-images/main/watches-only/CRGBD-200UU-1.png,https://raw.githubusercontent.com/AveryArtlife/gembreak-images/main/watches-only/CRGBD-200UU-1.png,pass,pass,,True,6be409c74bdfb40bf08d8095ec209883ce0f2263272e8d90aaec0322fe5d9718,531,900,1.0,0.977401,0.985556,0.498117,0.500556,1200,1200,1.0
762,CRSRP219J1,Seiko,Seiko 5 Sports Automatic Japan Made SRP219 SRP219J1 SRP219J Men's,exact-existing,,watches-only/CRSRP219J1.png,product-shots/CRSRP219J1/main.jpg,https://raw.githubusercontent.com/AveryArtlife/gembreak-images/main/watches-only/CRSRP219J1.png,https://raw.githubusercontent.com/AveryArtlife/gembreak-images/main/watches-only/CRSRP219J1.png,pass,pass,,True,1bbbc48c191ec7185275b00947ff2be6b54ee0636c55c2066880f2b541099201,1024,1536,1.0,0.78125,0.911458,0.5,0.5,1200,1200,1.0
763,CRRA-AC0002S10B,Orient,Orient Classic Bambino Automatic RA-AC0002S10B Men's Watch,exact-existing,,watches-only/CRRA-AC0002S10B.png,product-shots/CRRA-AC0002S10B/main.jpg,https://raw.githubusercontent.com/AveryArtlife/gembreak-images/main/watches-only/CRRA-AC0002S10B.png,https://raw.githubusercontent.com/AveryArtlife/gembreak-images/main/watches-only/CRRA-AC0002S10B.png,pass,pass,,True,6e63a546d45adb2c5760e5b6901b7cb6cc94bc6a6ae8144c3647cf403fa3b477,1024,1536,1.0,0.794922,0.901693,0.516602,0.499674,1200,1200,1.0
764,CRSRPB86K1.G,Seiko,Seiko 5 Sports Automatic SRPB86 SRPB86K1 SRPB86K Men's Watch,exact-existing,,watches-only/CRSRPB86K1.G.png,product-shots/CRSRPB86K1.G/main.jpg,https://raw.githubusercontent.com/AveryArtlife/gembreak-images/main/watches-only/CRSRPB86K1.G.png,https://raw.githubusercontent.com/AveryArtlife/gembreak-images/main/watches-only/CRSRPB86K1.G.png,pass,pass,,True,435739e9b018a517c745e99191d601b7f8e617310508046cdec2bc496d39366c,1024,1536,1.0,0.78125,0.906901,0.5,0.499674,1200,1200,1.0
765,CRNY0045-05EB,Citizen,Citizen Diver Promaster Automatic Gold NY0045-05E 21 Jewels Watch,exact-existing,,watches-only/CRNY0045-05EB.png,product-shots/CRNY0045-05EB/main.jpg,https://raw.githubusercontent.com/AveryArtlife/gembreak-images/main/watches-only/CRNY0045-05EB.png,https://raw.githubusercontent.com/AveryArtlife/gembreak-images/main/watches-only/CRNY0045-05EB.png,pass,pass,,True,4d59270e8650a2c673d203a637ed254f3c5f02360f4a74acecab7169f369fa26,1024,1536,1.0,0.800781,0.961589,0.511719,0.497721,1200,1200,1.0
766,CRSRP357K2,Seiko,Seiko 5 Sports Automatic SRP357K2,exact-existing,,watches-only/CRSRP357K2.png,product-shots/CRSRP357K2/main.jpg,https://raw.githubusercontent.com/AveryArtlife/gembreak-images/main/watches-only/CRSRP357K2.png,https://raw.githubusercontent.com/AveryArtlife/gembreak-images/main/watches-only/CRSRP357K2.png,pass,pass,,True,17d5a4a658fef32e1bc2bf2bec3e61865b41acc9a3a426739aae2235451efe37,1024,1536,1.0,0.714844,0.950521,0.527344,0.494792,1200,1200,1.0
767,CREFR-S108D-7A,Casio,Casio Edifice Stainless Steel White Dial Quartz EFR-S108D-7A EFRS1,exact-existing,,watches-only/CREFR-S108D-7A.png,product-shots/CREFR-S108D-7A/main.jpg,https://raw.githubusercontent.com/AveryArtlife/gembreak-images/main/watches-only/CREFR-S108D-7A.png,https://raw.githubusercontent.com/AveryArtlife/gembreak-images/main/watches-only/CREFR-S108D-7A.png,pass,pass,,True,5107bc94757354b76c33fb7e45bd9e5fcbd803dbee19a7605628a8cf624d71a5,1024,1536,1.0,0.779297,0.898438,0.5,0.499349,1200,1200,1.0
768,CRSRPB79K1,Seiko,Seiko 5 Sports Automatic SRPB79 SRPB79K1 SRPB79K Men's Watch,exact-existing,,watches-only/CRSRPB79K1.png,product-shots/CRSRPB79K1/main.jpg,https://raw.githubusercontent.com/AveryArtlife/gembreak-images/main/watches-only/CRSRPB79K1.png,https://raw.githubusercontent.com/AveryArtlife/gembreak-images/main/watches-only/CRSRPB79K1.png,pass,pass,,True,d63a20a360585cd76531b5eae63c80d1f41917552a62417158d834c043bd8ed2,1024,1536,1.0,0.780273,0.911458,0.499512,0.5,1200,1200,1.0
769,CRSRPB81K1,Seiko,Seiko 5 Sports Automatic SRPB81 SRPB81K1 SRPB81K Men's Watch,exact-existing,,watches-only/CRSRPB81K1.png,product-shots/CRSRPB81K1/main.jpg,https://raw.githubusercontent.com/AveryArtlife/gembreak-images/main/watches-only/CRSRPB81K1.png,https://raw.githubusercontent.com/AveryArtlife/gembreak-images/main/watches-only/CRSRPB81K1.png,pass,pass,,True,9eb2c5148060fb44de76dc2bff3efcbc5be1ef85b2b13b68c6bc54aabfeb5ac7,1024,1536,1.0,0.780273,0.911458,0.499512,0.5,1200,1200,1.0
770,CRECB-10D-2A,Casio,Casio Edifice World Time Mobile Link ECB-10D-2A ECB10D-2 100M Men',exact-existing,,watches-only/CRECB-10D-2A.png,product-shots/CRECB-10D-2A/main.jpg,https://raw.githubusercontent.com/AveryArtlife/gembreak-images/main/watches-only/CRECB-10D-2A.png,https://raw.githubusercontent.com/AveryArtlife/gembreak-images/main/watches-only/CRECB-10D-2A.png,pass,pass,,True,8a27305dbe9879ad3060cc76a0335a3f4d3b744637502e796f17839b56a8e727,1024,1536,1.0,0.780273,0.906901,0.500488,0.500326,1200,1200,1.0
771,CREFB-730D-2AV,Casio,Casio Edifice Analog Chronograph Stainless Steel Blue Dial Quartz,exact-existing,,watches-only/CREFB-730D-2AV.png,product-shots/CREFB-730D-2AV/main.jpg,https://raw.githubusercontent.com/AveryArtlife/gembreak-images/main/watches-only/CREFB-730D-2AV.png,https://raw.githubusercontent.com/AveryArtlife/gembreak-images/main/watches-only/CREFB-730D-2AV.png,pass,pass,,True,1c4728e2e284911c8b8f74379344593878ffb373478ed4208a4452061e158f69,1200,1200,1.0,0.57,0.9,0.5,0.5,1200,1200,1.0
772,CRF20463-2,Festina,Festina Sport Chronograph Stainless Steel Blue Dial Quartz F20463-,exact-existing,,watches-only/CRF20463-2.png,product-shots/CRF20463-2/main.jpg,https://raw.githubusercontent.com/AveryArtlife/gembreak-images/main/watches-only/CRF20463-2.png,https://raw.githubusercontent.com/AveryArtlife/gembreak-images/main/watches-only/CRF20463-2.png,pass,pass,,True,7ef56f2991a53f28ccce9f0621132a80e645ea7bea90f8478f8c56495eec5fe9,1024,1536,1.0,0.78125,0.866536,0.5,0.499674,1200,1200,1.0
773,WW790,Citizen,Citizen Elegance Gold Dial Two-tone Ss Men's Watch Bi0124-57pz,exact-existing,,watches-only/WW790.png,product-shots/WW790/main.jpg,https://raw.githubusercontent.com/AveryArtlife/gembreak-images/main/watches-only/WW790.png,https://raw.githubusercontent.com/AveryArtlife/gembreak-images/main/watches-only/WW611.png,pass,pass,,True,a3f037f2705758aa6c5ebafdab9238c1a3340fa733edc3464641a1dfcc0b7e67,1024,1536,1.0,0.780273,0.911458,0.500488,0.5,1200,1200,1.0
774,WW774,Seiko,Seiko White Dial Two-tone S-steel Men's Watch Sge778p1,exact-existing,,watches-only/WW774.png,product-shots/WW774/main.jpg,https://raw.githubusercontent.com/AveryArtlife/gembreak-images/main/watches-only/WW774.png,https://raw.githubusercontent.com/AveryArtlife/gembreak-images/main/watches-only/WW610.png,pass,pass,,True,347add66cbf0f75bba0163a2dfe1fbcc331e16d02a843461523633b73a894dd3,1024,1536,1.0,0.78125,0.911458,0.500977,0.5,1200,1200,1.0
775,CREFR-S108D-1A,Casio,Casio Edifice Slim Line Black Dial Quartz EFR-S108D-1A 100M Men's,exact-existing,,watches-only/CREFR-S108D-1A.png,product-shots/CREFR-S108D-1A/main.jpg,https://raw.githubusercontent.com/AveryArtlife/gembreak-images/main/watches-only/CREFR-S108D-1A.png,https://raw.githubusercontent.com/AveryArtlife/gembreak-images/main/watches-only/CREFR-S108D-1A.png,pass,pass,,True,997f0e37b1e02db3a3d0f976cd2a39bf2287a594451871ebed85dd198fc43067,1024,1536,1.0,0.780273,0.891276,0.500488,0.500326,1200,1200,1.0
776,CRER24008B,Orient,Orient Bambino Collection Black Dial ER24008B Men's Watch,exact-existing,,watches-only/CRER24008B.png,product-shots/CRER24008B/main.jpg,https://raw.githubusercontent.com/AveryArtlife/gembreak-images/main/watches-only/CRER24008B.png,https://raw.githubusercontent.com/AveryArtlife/gembreak-images/main/watches-only/CRER24008B.png,pass,pass,,True,7bdbd87d6a80090e931770dfd3ef18594c1a0429fd04b95b79273f505e427a95,1024,1536,1.0,0.8125,0.960938,0.49707,0.496745,1200,1200,1.0
777,CRER2400EW,Orient,Orient Bambino Version 2 Automatic FER2400EW0 ER2400EW Men's Watch,exact-existing,,watches-only/CRER2400EW.png,product-shots/CRER2400EW/main.jpg,https://raw.githubusercontent.com/AveryArtlife/gembreak-images/main/watches-only/CRER2400EW.png,https://raw.githubusercontent.com/AveryArtlife/gembreak-images/main/watches-only/CRER2400EW.png,pass,pass,,True,0a40e99a1afc714c990671dd9532e51e1c12c3f6cac8cbb435d190c4fcd52634,1024,1536,1.0,0.794922,0.962891,0.492188,0.491862,1200,1200,1.0
778,CREM75003B,Orient,Orient Mako Automatic Diver EM75003B Men's Watch,exact-existing,,watches-only/CREM75003B.png,product-shots/CREM75003B/main.jpg,https://raw.githubusercontent.com/AveryArtlife/gembreak-images/main/watches-only/CREM75003B.png,https://raw.githubusercontent.com/AveryArtlife/gembreak-images/main/watches-only/CREM75003B.png,pass,pass,,True,d6821896f8555a50b1e865df5246f7798a8f762d9f31b398e0542311ab89efbe,1024,1536,1.0,0.875,0.972005,0.5,0.500326,1200,1200,1.0
779,CRA1100D-1,Casio,Casio Vintage Digital Stainless Steel Quartz A1100D-1 Unisex Watch,exact-existing,,watches-only/CRA1100D-1.png,product-shots/CRA1100D-1/main.jpg,https://raw.githubusercontent.com/AveryArtlife/gembreak-images/main/watches-only/CRA1100D-1.png,https://raw.githubusercontent.com/AveryArtlife/gembreak-images/main/watches-only/CRA1100D-1.png,pass,pass,,True,3ae5f43b7ca9eac01f2194f7788f1fbefa1bdc138930ef1050830559280ffa2b,418,900,1.0,0.973684,0.986667,0.498804,0.498889,1200,1200,1.0
780,CREFR-S108D-3A,Casio,Casio Edifice Sapphire Crystal Analog Stainless Steel Green Dial Q,exact-existing,,watches-only/CREFR-S108D-3A.png,product-shots/CREFR-S108D-3A/main.jpg,https://raw.githubusercontent.com/AveryArtlife/gembreak-images/main/watches-only/CREFR-S108D-3A.png,https://raw.githubusercontent.com/AveryArtlife/gembreak-images/main/watches-only/CREFR-S108D-3A.png,pass,pass,,True,9aba7adfadecd0140f466b357c858c750db1e73fcf035d4bdc37db54b06accbb,1024,1536,1.0,0.779297,0.911458,0.5,0.5,1200,1200,1.0
781,CRSSC433P1,Seiko,Seiko Solar Chronograph Alarm SSC433 SSC433P1 SSC433P Men's Watch,exact-existing,,watches-only/CRSSC433P1.png,product-shots/CRSSC433P1/main.jpg,https://raw.githubusercontent.com/AveryArtlife/gembreak-images/main/watches-only/CRSSC433P1.png,https://raw.githubusercontent.com/AveryArtlife/gembreak-images/main/watches-only/CRSSC433P1.png,pass,pass,,True,3511b7a7bd2a7c09d44df743fbb26e6d59bdb439fbccaa604e76fc1ae8e29e7d,1024,1536,1.0,0.802734,0.902995,0.52832,0.487305,1200,1200,1.0
782,CRPRJ-B001-5,Casio,Casio Pro Trek Analog Digital Smartphone Link Grey Dial Tough Sola,exact-existing,,watches-only/CRPRJ-B001-5.png,product-shots/CRPRJ-B001-5/main.jpg,https://raw.githubusercontent.com/AveryArtlife/gembreak-images/main/watches-only/CRPRJ-B001-5.png,https://raw.githubusercontent.com/AveryArtlife/gembreak-images/main/watches-only/CRPRJ-B001-5.png,pass,pass,,True,c5bf959a7ab2384150666858218289584db08d676480c2cbf4f0a3e63f0935ef,1024,1536,1.0,0.78125,0.903646,0.5,0.5,1200,1200,1.0
783,CRSRP619K1,Seiko,Seiko 5 Sports Automatic SRP619 SRP619K1 SRP619K Men's Watch,exact-existing,,watches-only/CRSRP619K1.png,product-shots/CRSRP619K1/main.jpg,https://raw.githubusercontent.com/AveryArtlife/gembreak-images/main/watches-only/CRSRP619K1.png,https://raw.githubusercontent.com/AveryArtlife/gembreak-images/main/watches-only/CRSRP619K1.png,pass,pass,,True,af7a78aaba4c09925b1c4c0d746b16b1b7960472e8ed02052b508c4496ebcefc,941,1672,1.0,0.687566,0.952751,0.51169,0.500299,1200,1200,1.0
784,CRFEM65001MW,Orient,Orient Mako Automatic FEM65001MW EM65001M,exact-existing,,watches-only/CRFEM65001MW.png,product-shots/CRFEM65001MW/main.jpg,https://raw.githubusercontent.com/AveryArtlife/gembreak-images/main/watches-only/CRFEM65001MW.png,https://raw.githubusercontent.com/AveryArtlife/gembreak-images/main/watches-only/CRFEM65001MW.png,pass,pass,,True,1e0c8f243cc6fa3ae6599c30feb1a537a0a56e2631509872441a2173531f6821,1024,1536,1.0,0.798828,0.938802,0.525391,0.491536,1200,1200,1.0
785,CRFEM65006D,Orient,Orient Mako Automatic FEM65006D EM65006D,exact-existing,,watches-only/CRFEM65006D.png,product-shots/CRFEM65006D/main.jpg,https://raw.githubusercontent.com/AveryArtlife/gembreak-images/main/watches-only/CRFEM65006D.png,https://raw.githubusercontent.com/AveryArtlife/gembreak-images/main/watches-only/CRFEM65006D.png,pass,pass,,True,88b3c1aa4ced282f0410cc47b3bc66cb23ce9eec72f46b174ec964611aafca2f,1024,1536,1.0,0.793945,0.971354,0.503418,0.494141,1200,1200,1.0
786,CRGA-2000-1A9,Casio,Casio G-Shock Carbon Core Guard Digital Analog Black Dial Quartz G,exact-existing,,watches-only/CRGA-2000-1A9.png,product-shots/CRGA-2000-1A9/main.jpg,https://raw.githubusercontent.com/AveryArtlife/gembreak-images/main/watches-only/CRGA-2000-1A9.png,https://raw.githubusercontent.com/AveryArtlife/gembreak-images/main/watches-only/CRGA-2000-1A9.png,pass,pass,,True,cc9cd8dc95db34584b4b612241dbc34c02dbe4f292c6c1f2b20aaaf00dd445e8,614,900,1.0,0.985342,0.997778,0.499186,0.501111,1200,1200,1.0
787,CRER2400BW,Orient,Orient Bambino Collection White Dial ER2400BW Men's Watch,exact-existing,,watches-only/CRER2400BW.png,product-shots/CRER2400BW/main.jpg,https://raw.githubusercontent.com/AveryArtlife/gembreak-images/main/watches-only/CRER2400BW.png,https://raw.githubusercontent.com/AveryArtlife/gembreak-images/main/watches-only/CRER2400BW.png,pass,pass,,True,c365982db6a39bd47bf469817038e1ec087caa309b2909c51d528c652c4eb76a,1023,1537,1.0,0.68915,0.929733,0.51173,0.497398,1200,1200,1.0
788,CRER2400CN,Orient,Orient Bambino Collection Cream Dial ER2400CN Men's Watch,exact-existing,,watches-only/CRER2400CN.png,product-shots/CRER2400CN/main.jpg,https://raw.githubusercontent.com/AveryArtlife/gembreak-images/main/watches-only/CRER2400CN.png,https://raw.githubusercontent.com/AveryArtlife/gembreak-images/main/watches-only/CRER2400CN.png,pass,pass,,True,c2cd5dbf3f24c628beeae66260d2939e3ecfdd4b6cff38fee3e1d0319216f9c1,1024,1536,1.0,0.773438,0.992839,0.475586,0.499023,1200,1200,1.0
789,CRFEM65001MV,Orient,Orient Mako Automatic Diver's Orange Dial FEM65001MV Men's Watch,exact-existing,,watches-only/CRFEM65001MV.png,product-shots/CRFEM65001MV/main.jpg,https://raw.githubusercontent.com/AveryArtlife/gembreak-images/main/watches-only/CRFEM65001MV.png,https://raw.githubusercontent.com/AveryArtlife/gembreak-images/main/watches-only/CRFEM65001MV.png,pass,pass,,True,3eaf13282b91cbd28e29c51a978fac0b5b6532736da77b66d1801bc7714229f5,1024,1536,1.0,0.800781,0.910807,0.529297,0.49707,1200,1200,1.0
790,CRFEM65004M,Orient,Orient Mako Automatic Divers 200M FEM65004M EM65004M Men's Watch,exact-existing,,watches-only/CRFEM65004M.png,product-shots/CRFEM65004M/main.jpg,https://raw.githubusercontent.com/AveryArtlife/gembreak-images/main/watches-only/CRFEM65004M.png,https://raw.githubusercontent.com/AveryArtlife/gembreak-images/main/watches-only/CRFEM65004M.png,pass,pass,,True,f57c55226b26c6e8dbba5d8e29fb98ed57bbd224998bea09eba41e283eb664b6,1024,1536,1.0,0.748047,0.964844,0.514648,0.49349,1200,1200,1.0
791,CRRF526SSB377P1,Seiko,Refurbished Seiko Chronograph Quartz SSB377 SSB377P1 SSB377P 100M,exact-existing,,watches-only/CRRF526SSB377P1.png,product-shots/CRRF526SSB377P1/main.jpg,https://raw.githubusercontent.com/AveryArtlife/gembreak-images/main/watches-only/CRRF526SSB377P1.png,https://raw.githubusercontent.com/AveryArtlife/gembreak-images/main/watches-only/CRRF526SSB377P1.png,pass,pass,,True,d60c6ca915bd2c770a9f1f8dae34fa0b5ed2aa4a947b718884f31a70ddcebe5a,1024,1536,1.0,0.734375,0.95638,0.517578,0.494466,1200,1200,1.0
792,CRF20692-2,Festina,Festina Timeless Chronograph Leather Strap Blue Dial Quartz F20692,exact-existing,,watches-only/CRF20692-2.png,product-shots/CRF20692-2/main.jpg,https://raw.githubusercontent.com/AveryArtlife/gembreak-images/main/watches-only/CRF20692-2.png,https://raw.githubusercontent.com/AveryArtlife/gembreak-images/main/watches-only/CRF20692-2.png,pass,pass,,True,dc5e6d6fdf23a46880a0d3f1a8cc87a31b73770b7d83b8f5bccf48d486c593f8,607,900,1.0,0.976936,0.987778,0.5,0.500556,1200,1200,1.0
793,CRER2400JW,Orient,Orient Bambino Automatic FER2400JW0 ER2400JW Men's Watch,exact-existing,,watches-only/CRER2400JW.png,product-shots/CRER2400JW/main.jpg,https://raw.githubusercontent.com/AveryArtlife/gembreak-images/main/watches-only/CRER2400JW.png,https://raw.githubusercontent.com/AveryArtlife/gembreak-images/main/watches-only/CRER2400JW.png,pass,pass,,True,d967cc91d4026a0143afde0f514b4e5740f1b6693daff9346d132f5e683e29cf,1024,1536,1.0,0.855469,0.966797,0.493164,0.499023,1200,1200,1.0
794,E79767927295,Casio,Casio Ef-527d-1av,exact-existing,,watches-only/E79767927295.png,product-shots/E79767927295/main.jpg,https://raw.githubusercontent.com/AveryArtlife/gembreak-images/main/watches-only/E79767927295.png,https://raw.githubusercontent.com/AveryArtlife/gembreak-images/main/watches-only/E4971850742333.png,pass,pass,,True,f705f76681548694914f850f4fcf1b7aa1ef1ad8c63eee4f872a21b7804dfa68,1024,1536,1.0,0.790039,0.873047,0.499512,0.500326,1200,1200,1.0
795,CRAR11723,Emporio Armani,Emporio Armani Stainless Steel Mother Of Pearl Dial Quartz AR11723 Women's Watch,exact-existing,,watches-only/CRAR11723.png,product-shots/CRAR11723/main.jpg,https://raw.githubusercontent.com/AveryArtlife/gembreak-images/main/watches-only/CRAR11723.png,,pass,pass,,True,fdef9220fc1887995ca3cb106f45e2f43c52e803f24b2f5bd815d8b2df648994,1024,1536,1.0,0.666992,0.898438,0.500488,0.500651,1200,1200,1.0
796,CREM1220-58X,Citizen,Citizen Eco-Drive  Analog Stainless Steel Pink Dial Solar EM1220-58X Women's Watch,exact-existing,,watches-only/CREM1220-58X.png,product-shots/CREM1220-58X/main.jpg,https://raw.githubusercontent.com/AveryArtlife/gembreak-images/main/watches-only/CREM1220-58X.png,,pass,pass,,True,1eebff4789ed6f79717630dd40e84e654ea6da256a716fcfc95c55744b7faba6,1024,1536,1.0,0.696289,0.900391,0.498535,0.499674,1200,1200,1.0
797,CRFEM6500AM9,Orient,Orient Ray Collection Diver Automatic FEM6500AM9 Men's Watch,exact-existing,,watches-only/CRFEM6500AM9.png,product-shots/CRFEM6500AM9/main.jpg,https://raw.githubusercontent.com/AveryArtlife/gembreak-images/main/watches-only/CRFEM6500AM9.png,https://raw.githubusercontent.com/AveryArtlife/gembreak-images/main/watches-only/CRFEM6500AM9.png,pass,pass,,True,f7784ee30d08a4ce801fcbfbd36d74e4ff842888743238faeb4b4ad5a0fa02f7,1024,1536,1.0,0.792969,0.944661,0.466797,0.484049,1200,1200,1.0
798,CRSRPA93J1,Seiko,Seiko 5 Sports Limited Edition Automatic Japan Made SRPA93 SRPA93J,exact-existing,,watches-only/CRSRPA93J1.png,product-shots/CRSRPA93J1/main.jpg,https://raw.githubusercontent.com/AveryArtlife/gembreak-images/main/watches-only/CRSRPA93J1.png,https://raw.githubusercontent.com/AveryArtlife/gembreak-images/main/watches-only/CRSRPA93J1.png,pass,pass,,True,b3945ea6d5340e8d12db9b9bc607efbbe07cd3cde9487a64638705ad833b12a0,1024,1536,1.0,0.779297,0.823568,0.5,0.499023,1200,1200,1.0
799,CRU864,Refurbished,Refurbished Casio Edifice Analog Digital Smartphone Link Stainless Steel Black Dial Quartz ECB-10DC-1A 100M Men's Watch,exact-existing,,watches-only/CRU864.png,product-shots/CRU864/main.jpg,https://raw.githubusercontent.com/AveryArtlife/gembreak-images/main/watches-only/CRU864.png,,pass,pass,,True,fb07e30031e28c2935cd4e2e7d702f97ddfd64f5710f366047f6809857b0f1c5,1024,1536,1.0,0.780273,0.909505,0.500488,0.499674,1200,1200,1.0
800,CRSNZ453J1,Seiko,Seiko 5 Sports Automatic 23 Jewels Japan Made SNZ453 SNZ453J1 SNZ4,exact-existing,,watches-only/CRSNZ453J1.png,product-shots/CRSNZ453J1/main.jpg,https://raw.githubusercontent.com/AveryArtlife/gembreak-images/main/watches-only/CRSNZ453J1.png,https://raw.githubusercontent.com/AveryArtlife/gembreak-images/main/watches-only/CRSNZ453J1.png,pass,pass,,True,460852326cbf5c09ee775239ca0c71a6f7c86bb8b44ac0dd8ad3633563954fa9,1024,1536,1.0,0.733398,0.964193,0.508301,0.499023,1200,1200,1.0
801,CR1038EF102V-WHT-V02,RATIO,Ratio FreeDiver Version 02 Helium Safe 1000M Sapphire Quartz White Dial 1038EF102V-WHT-V02 Men's Watch,exact-existing,,watches-only/CR1038EF102V-WHT-V02.png,product-shots/CR1038EF102V-WHT-V02/main.jpg,https://raw.githubusercontent.com/AveryArtlife/gembreak-images/main/watches-only/CR1038EF102V-WHT-V02.png,,pass,pass,,True,810a5cf376df236bf1c2457a5a79af855584d2d75e8965626bab9de862c0f948,1024,1536,1.0,0.754883,0.898438,0.51709,0.500651,1200,1200,1.0
802,CR1038EF102V-ORG-V02,RATIO,Ratio FreeDiver Version 02 Helium Safe 1000M Sapphire Quartz Orange Dial 1038EF102V-ORG-V02 Men's Watch,exact-existing,,watches-only/CR1038EF102V-ORG-V02.png,product-shots/CR1038EF102V-ORG-V02/main.jpg,https://raw.githubusercontent.com/AveryArtlife/gembreak-images/main/watches-only/CR1038EF102V-ORG-V02.png,,pass,pass,,True,c41194e8a394e40971019caeb2973bda829344d1636313411758527ffae52250,1024,1536,1.0,0.793945,0.898438,0.499512,0.5,1200,1200,1.0
803,CR1038EF102V-GRN-V02,RATIO,Ratio FreeDiver Version 02 Helium Safe 1000M Sapphire Quartz Mint Green Dial 1038EF102V-GRN-V02 Men's Watch,exact-existing,,watches-only/CR1038EF102V-GRN-V02.png,product-shots/CR1038EF102V-GRN-V02/main.jpg,https://raw.githubusercontent.com/AveryArtlife/gembreak-images/main/watches-only/CR1038EF102V-GRN-V02.png,,pass,pass,,True,ac10f63052328df5dbe486ecfba4565c68172bf35f1f9f62cfec08a68fde2d2b,1024,1536,1.0,0.749023,0.897786,0.499512,0.500326,1200,1200,1.0
804,CR1038EF102V-BLK-V02,RATIO,Ratio FreeDiver Version 02 Helium Safe 1000M Sapphire Quartz Black Dial 1038EF102V-BLK-V02 Men's Watch,exact-existing,,watches-only/CR1038EF102V-BLK-V02.png,product-shots/CR1038EF102V-BLK-V02/main.jpg,https://raw.githubusercontent.com/AveryArtlife/gembreak-images/main/watches-only/CR1038EF102V-BLK-V02.png,,pass,pass,,True,fcc11e2108341a4bcde25b2e604d6dbb010d21a432e4f5a3d30cda24fb93c6f3,1024,1536,1.0,0.791992,0.898438,0.499512,0.500651,1200,1200,1.0
805,CRAV-4011-0C,AVI-8,AVI-8 Hawker Hurricane Classic Chronograph Cream Beige Dial Quartz AV-4011-0C Men's Watch,exact-existing,,watches-only/CRAV-4011-0C.png,product-shots/CRAV-4011-0C/main.jpg,https://raw.githubusercontent.com/AveryArtlife/gembreak-images/main/watches-only/CRAV-4011-0C.png,,pass,pass,,True,11024eb182075d093b4ae8954a82a1b929fd236f095932fc12a291207e956a63,1024,1536,1.0,0.780273,0.885417,0.500488,0.5,1200,1200,1.0
806,CRGA-110-1A,Casio,Casio G-Shock World Time Analog Digital GA-110-1A GA110-1A Men's W,exact-existing,,watches-only/CRGA-110-1A.png,product-shots/CRGA-110-1A/main.jpg,https://raw.githubusercontent.com/AveryArtlife/gembreak-images/main/watches-only/CRGA-110-1A.png,https://raw.githubusercontent.com/AveryArtlife/gembreak-images/main/watches-only/CRGA-110-1A.png,pass,pass,,True,8af2c19f1acb0fa7e77df6f87afb5f8890de086c0a91ce8a7592c492ef116628,640,900,1.0,0.984375,0.987778,0.5,0.500556,1200,1200,1.0
807,CRBN0100-26E,Citizen,Citizen Eco-Drive Promaster Diver BN0100-26E Men's Watch,exact-existing,,watches-only/CRBN0100-26E.png,product-shots/CRBN0100-26E/main.jpg,https://raw.githubusercontent.com/AveryArtlife/gembreak-images/main/watches-only/CRBN0100-26E.png,https://raw.githubusercontent.com/AveryArtlife/gembreak-images/main/watches-only/CRBN0100-26E.png,pass,pass,,True,77b7d5142d979516b707a9deec533ff33ded7650103d8b4066e5bf4781b4831c,1024,1536,1.0,0.779297,0.900391,0.52832,0.495117,1200,1200,1.0
808,CREW2621-75M,Citizen,Citizen Elegance Stainless Steel Blue Dial Eco-Drive EW2621-75M 100M Women's Watch,exact-existing,,watches-only/CREW2621-75M.png,product-shots/CREW2621-75M/main.jpg,https://raw.githubusercontent.com/AveryArtlife/gembreak-images/main/watches-only/CREW2621-75M.png,,pass,pass,,True,418f2f01b5c978f7c3b5f1778fac84d419a20cebecabf38947f72bc5f69c44e4,1024,1536,1.0,0.678711,0.897135,0.501465,0.5,1200,1200,1.0
809,CREW2621-75A,Citizen,Citizen Elegance Stainless Steel White Dial Eco-Drive EW2621-75A 100M Women's Watch,exact-existing,,watches-only/CREW2621-75A.png,product-shots/CREW2621-75A/main.jpg,https://raw.githubusercontent.com/AveryArtlife/gembreak-images/main/watches-only/CREW2621-75A.png,,pass,pass,,True,ab4cfafc9ac20f4a32c2cf1bd6cdc985bc822c0d11bbb83ed4954ba5e7681021,1024,1536,1.0,0.682617,0.897786,0.498535,0.499674,1200,1200,1.0
810,WW611,Seiko,Seiko Quartz 35MM White Dial Ss Women's Watch Srl045p1,exact-existing,,watches-only/WW611.png,product-shots/WW611/main.jpg,https://raw.githubusercontent.com/AveryArtlife/gembreak-images/main/watches-only/WW611.png,https://raw.githubusercontent.com/AveryArtlife/gembreak-images/main/watches-only/E4971850965169.png,pass,pass,,True,c1164d9730badd73148c865ac997bfa233f464d34d0927e5be49fcd4eed94ad3,558,1100,1.0,0.985663,0.995455,0.5,0.502273,1200,1200,1.0
811,CRAN3700-89Z,Citizen,Citizen Bullhead Chronograph Stainless Steel Orange Dial Quartz AN3700-89Z Men's Watch,exact-existing,,watches-only/CRAN3700-89Z.png,product-shots/CRAN3700-89Z/main.jpg,https://raw.githubusercontent.com/AveryArtlife/gembreak-images/main/watches-only/CRAN3700-89Z.png,,pass,pass,,True,d2d4e1afeb53e5de9b1411be994f810e92e38b1eb99b259bcca56fbc09e9ec28,1024,1536,1.0,0.685547,0.899089,0.5,0.500326,1200,1200,1.0
812,CRAN8194-51L,Citizen,Citizen Chronograph Two Tone Stainless Steel Blue Dial Quartz AN8194-51L 100M Men's Watch,exact-existing,,watches-only/CRAN8194-51L.png,product-shots/CRAN8194-51L/main.jpg,https://raw.githubusercontent.com/AveryArtlife/gembreak-images/main/watches-only/CRAN8194-51L.png,,pass,pass,,True,00e6f972c541dac0fbd72f4efda3163254096c93c66378383b92c46ad619d53b,1024,1536,1.0,0.779297,0.897135,0.5,0.5,1200,1200,1.0
813,CREFR-539DE-2AV,Casio,Casio Edifice Analog Standard Chronograph Stainless Steel Blue Dial Quartz EFR-539DE-2AV 100M Men's Watch,exact-existing,,watches-only/CREFR-539DE-2AV.png,product-shots/CREFR-539DE-2AV/main.jpg,https://raw.githubusercontent.com/AveryArtlife/gembreak-images/main/watches-only/CREFR-539DE-2AV.png,,pass,pass,,True,dd5e878b602d8614677263c28171d5b6e332eeb6492c1b996d0e12ad1893fde1,1024,1536,1.0,0.879883,0.896484,0.499512,0.499674,1200,1200,1.0
814,CRFAC00007W0,Orient,Orient 2nd Generation Bambino Version 2 Automatic FAC00007W0 Men's,exact-existing,,watches-only/CRFAC00007W0.png,product-shots/CRFAC00007W0/main.jpg,https://raw.githubusercontent.com/AveryArtlife/gembreak-images/main/watches-only/CRFAC00007W0.png,https://raw.githubusercontent.com/AveryArtlife/gembreak-images/main/watches-only/CRFAC00007W0.png,pass,pass,,True,a1ab6e5c8cb12678424db714b788fc8f56ff081448ec7a745f83cebde11b6758,1024,1536,1.0,0.78125,0.911458,0.5,0.5,1200,1200,1.0
815,CREP6040-02E,Citizen,Citizen Eco-Drive Promaster Diver's EP6040-02E Women's Watch,exact-existing,,watches-only/CREP6040-02E.png,product-shots/CREP6040-02E/main.jpg,https://raw.githubusercontent.com/AveryArtlife/gembreak-images/main/watches-only/CREP6040-02E.png,https://raw.githubusercontent.com/AveryArtlife/gembreak-images/main/watches-only/CREP6040-02E.png,pass,pass,,True,9bb840d8509b102b8159526f6dc1a89ab5d12fc36b93190f63e313d02aa457a0,1024,1536,1.0,0.762695,0.964844,0.52002,0.498698,1200,1200,1.0
816,CRGA-2100-1A2,Casio,Casio G-Shock Neon Accent Analog Digital Quartz GA-2100-1A2 GA2100,exact-existing,,watches-only/CRGA-2100-1A2.png,product-shots/CRGA-2100-1A2/main.jpg,https://raw.githubusercontent.com/AveryArtlife/gembreak-images/main/watches-only/CRGA-2100-1A2.png,https://raw.githubusercontent.com/AveryArtlife/gembreak-images/main/watches-only/CRGA-2100-1A2.png,pass,pass,,True,b6962b6941b41617950b0fbc0262b5d091f9c2a2f5cf779f596481fc4a0efc23,546,900,1.0,0.981685,0.986667,0.5,0.498889,1200,1200,1.0
817,CRSRP635K1,Seiko,Seiko 5 Sports Automatic SRP635 SRP635K1 SRP635K Men's Watch,exact-existing,,watches-only/CRSRP635K1.png,product-shots/CRSRP635K1/main.jpg,https://raw.githubusercontent.com/AveryArtlife/gembreak-images/main/watches-only/CRSRP635K1.png,https://raw.githubusercontent.com/AveryArtlife/gembreak-images/main/watches-only/CRSRP635K1.png,pass,pass,,True,ecf20a20b31ce8466b4bca84cdabfa1e1fb0811b198a7d758fcf636e1363334e,1024,1536,1.0,0.780273,0.867188,0.500488,0.5,1200,1200,1.0
818,CREQS-940NL-1A,Casio,Casio Edifice Nighttime Drive Series Analog Chronograph Black Dial Solar EQS-940NL-1A 100M Men's Watch,exact-existing,,watches-only/CREQS-940NL-1A.png,product-shots/CREQS-940NL-1A/main.jpg,https://raw.githubusercontent.com/AveryArtlife/gembreak-images/main/watches-only/CREQS-940NL-1A.png,,pass,pass,,True,09ba31dbbd178fc54b726ef8d93c93b98cb76accbb8ef5c9cbd1038c416517e0,1024,1536,1.0,0.78125,0.876953,0.500977,0.499674,1200,1200,1.0
819,CRBGA-290FL-7A,Casio,Casio Baby-G Analog Digital Resin Strap Multicolor Dial Quartz BGA,exact-existing,,watches-only/CRBGA-290FL-7A.png,product-shots/CRBGA-290FL-7A/main.jpg,https://raw.githubusercontent.com/AveryArtlife/gembreak-images/main/watches-only/CRBGA-290FL-7A.png,https://raw.githubusercontent.com/AveryArtlife/gembreak-images/main/watches-only/CRBGA-290FL-7A.png,pass,pass,,True,2e5712a6f17aaf39cb10af7cfdce326ed0ad67d5a52c21683ea469cd253663e9,584,900,1.0,0.97774,0.986667,0.500856,0.501111,1200,1200,1.0
820,CRSAB0C006B9,Orient,Orient 3 Star SAB0C006B9 Automatic Japan Made Men's Watch,exact-existing,,watches-only/CRSAB0C006B9.png,product-shots/CRSAB0C006B9/main.jpg,https://raw.githubusercontent.com/AveryArtlife/gembreak-images/main/watches-only/CRSAB0C006B9.png,https://raw.githubusercontent.com/AveryArtlife/gembreak-images/main/watches-only/CRSAB0C006B9.png,pass,pass,,True,50171c444e1748f2c64bfe3ad7c00c847f22c498e082f83b42461dfeab409ee4,1024,1536,1.0,0.712891,0.952474,0.489258,0.496419,1200,1200,1.0
821,CRFS6155,Fossil,Fossil Machine Big Tic Analog Digital Stainless Steel Black Dial Quartz FS6155 Unisex Watch,exact-existing,,watches-only/CRFS6155.png,product-shots/CRFS6155/main.jpg,https://raw.githubusercontent.com/AveryArtlife/gembreak-images/main/watches-only/CRFS6155.png,,pass,pass,,True,dc01c01a54ba8db7049e4a2fbd83250aca1547e76dee8579f56cbaabdba4ed04,1024,1536,1.0,0.785156,0.897786,0.5,0.499674,1200,1200,1.0
822,CRFS6154,Fossil,Fossil Everett Chronograph Stainless Steel Blue Dial Quartz FS6154 Men's Watch,exact-existing,,watches-only/CRFS6154.png,product-shots/CRFS6154/main.jpg,https://raw.githubusercontent.com/AveryArtlife/gembreak-images/main/watches-only/CRFS6154.png,,pass,pass,,True,0889ea6df943cb470c2777b386bc30f9d9b591b3f026773592096416ad902cc0,1024,1536,1.0,0.777344,0.900391,0.500977,0.499674,1200,1200,1.0
823,CRAW1880-55X,Citizen,Citizen Eco-Drive Stainless Steel Green Dial Solar AW1880-55X 100M Men's Watch,exact-existing,,watches-only/CRAW1880-55X.png,product-shots/CRAW1880-55X/main.jpg,https://raw.githubusercontent.com/AveryArtlife/gembreak-images/main/watches-only/CRAW1880-55X.png,,pass,pass,,True,8e184be2f0158659b0e548e82af0deeb4f44b5d9fd9706f10720710d52dd6175,1024,1536,1.0,0.792969,0.898438,0.499023,0.499349,1200,1200,1.0
824,CRERA-130D-3A,Casio,Casio Edifice Analog Digital Stainless Steel Green Dial Quartz ERA-130D-3A 100M Men's Watch,exact-existing,,watches-only/CRERA-130D-3A.png,product-shots/CRERA-130D-3A/main.jpg,https://raw.githubusercontent.com/AveryArtlife/gembreak-images/main/watches-only/CRERA-130D-3A.png,,pass,pass,,True,e21b733f960210ae968876df6b1c40ccb9ccddef74d1761cc067b473a62d7977,1024,1536,1.0,0.783203,0.899089,0.500977,0.500977,1200,1200,1.0
825,CRERA-130D-1A,Casio,Casio Edifice Analog Digital Stainless Steel Black Dial Quartz ERA-130D-1A 100M Men's Watch,exact-existing,,watches-only/CRERA-130D-1A.png,product-shots/CRERA-130D-1A/main.jpg,https://raw.githubusercontent.com/AveryArtlife/gembreak-images/main/watches-only/CRERA-130D-1A.png,,pass,pass,,True,4f13fbd169c491473f7d9d4323d39ed75fdd18e2d65e577d78d0501db742c1a3,1024,1536,1.0,0.779297,0.899089,0.5,0.500326,1200,1200,1.0
826,CRAW1881-52L,Citizen,Citizen Eco-Drive Stainless Steel Blue Dial Solar AW1881-52L 100M Men's Watch,exact-existing,,watches-only/CRAW1881-52L.png,product-shots/CRAW1881-52L/main.jpg,https://raw.githubusercontent.com/AveryArtlife/gembreak-images/main/watches-only/CRAW1881-52L.png,,pass,pass,,True,5fa64d6570767141293ca4604ec58123ffaa59825d17df6ee4d8bb092b2b6620,1024,1536,1.0,0.782227,0.899089,0.499512,0.500977,1200,1200,1.0
827,CRRF1670SNKC51J1,Refurbished,Refurbished Seiko 5 Date-Day Stainless Steel Blue Dial 21 Jewels Automatic SNKC51J1 Men's Watch,exact-existing,,watches-only/CRRF1670SNKC51J1.png,product-shots/CRRF1670SNKC51J1/main.jpg,https://raw.githubusercontent.com/AveryArtlife/gembreak-images/main/watches-only/CRRF1670SNKC51J1.png,,pass,pass,,True,67fdf807688abf627de81523e98da99938968ef53a9e9264f78ec56fab970825,1024,1536,1.0,0.783203,0.911458,0.5,0.5,1200,1200,1.0
828,CRRF1598SNKE57J1,Refurbished,Refurbished Seiko 5 Automatic 21 Jewels Japan Made SNKE57 SNKE57J1 SNKE57J Men's Watch,exact-existing,,watches-only/CRRF1598SNKE57J1.png,product-shots/CRRF1598SNKE57J1/main.jpg,https://raw.githubusercontent.com/AveryArtlife/gembreak-images/main/watches-only/CRRF1598SNKE57J1.png,,pass,pass,,True,e19e67dba1b4b2db458fbd6c0a718cf78abafc3b5c8662a009153775612a1806,1024,1536,1.0,0.787109,0.911458,0.5,0.5,1200,1200,1.0
829,CREM0411-71A,Citizen,Citizen Elegance Stainless Steel White Dial Eco-Drive EM0411-71A Women's Watch,exact-existing,,watches-only/CREM0411-71A.png,product-shots/CREM0411-71A/main.jpg,https://raw.githubusercontent.com/AveryArtlife/gembreak-images/main/watches-only/CREM0411-71A.png,,pass,pass,,True,a7277823f7f761fdad5127373dcff98b3cde84af35447c971bd29b7f242e075b,1024,1536,1.0,0.704102,0.896484,0.498535,0.499674,1200,1200,1.0
830,CRRF701SNK563J1,Refurbished,Refurbished Seiko 5 Automatic Japan Made SNK563 SNK563J1 SNK563J Men's Watch,exact-existing,,watches-only/CRRF701SNK563J1.png,product-shots/CRRF701SNK563J1/main.jpg,https://raw.githubusercontent.com/AveryArtlife/gembreak-images/main/watches-only/CRRF701SNK563J1.png,,pass,pass,,True,28a7088f64bfbe79a323177769cd9a8d198021bf372eb0e8e1f75a8a631c3228,1024,1536,1.0,0.792969,0.911458,0.5,0.5,1200,1200,1.0
831,CRRF446SNK375J1,Refurbished,Refurbished Seiko 5 Automatic Japan Made 21 Jewels SNK375 SNK375J1 SNK375J Men's Watch,exact-existing,,watches-only/CRRF446SNK375J1.png,product-shots/CRRF446SNK375J1/main.jpg,https://raw.githubusercontent.com/AveryArtlife/gembreak-images/main/watches-only/CRRF446SNK375J1.png,,pass,pass,,True,f663e52d276cee0436e956c32df028bfad9fb81c811eb4c045f6472730ffc7b3,1024,1536,1.0,0.786133,0.911458,0.500488,0.5,1200,1200,1.0
832,CRRF210-SNKC51J1,Refurbished,Refurbished Seiko Stainless Steel Blue Dial Automatic SNKC51J1 Men's Watch,exact-existing,,watches-only/CRRF210-SNKC51J1.png,product-shots/CRRF210-SNKC51J1/main.jpg,https://raw.githubusercontent.com/AveryArtlife/gembreak-images/main/watches-only/CRRF210-SNKC51J1.png,,pass,pass,,True,810ff9dbda015cb2a40212380b97410d7f0886e6fe950138e77c1db889a1b7a2,1024,1536,1.0,0.617188,0.898438,0.499023,0.5,1200,1200,1.0
833,CRES5323,Fossil,Fossil Raquel Rose Gold Tone Stainless Steel Brown Mother Of Pearl Dial Quartz ES5323 Women's Watch,exact-existing,,watches-only/CRES5323.png,product-shots/CRES5323/main.jpg,https://raw.githubusercontent.com/AveryArtlife/gembreak-images/main/watches-only/CRES5323.png,,pass,pass,,True,7f844c807994e3b79d120101e7c02dbbc0125bf3c0223adb9989821e4d1f8059,1024,1536,1.0,0.543945,0.899089,0.500488,0.500977,1200,1200,1.0
834,CRU579,Refurbished,Refurbished Michael Kors Runway Rose Gold Tone MK3197 Women's Watch,exact-existing,,watches-only/CRU579.png,product-shots/CRU579/main.jpg,https://raw.githubusercontent.com/AveryArtlife/gembreak-images/main/watches-only/CRU579.png,,pass,pass,,True,734afd243cec2f6680dfe47f15bc005aed09d5f81635e13d23393f4a6ab06332,1024,1536,1.0,0.779297,0.886068,0.500977,0.499674,1200,1200,1.0
835,CRSNKC51J1,Seiko,Seiko 5 Date-Day Stainless Steel Blue Dial 21 Jewels Automatic SNKC51J1 Men's Watch,exact-existing,,watches-only/CRSNKC51J1.png,product-shots/CRSNKC51J1/main.jpg,https://raw.githubusercontent.com/AveryArtlife/gembreak-images/main/watches-only/CRSNKC51J1.png,,pass,pass,,True,f04034ee34c27d6c1fdbe20f15df045a0daf20e5ba3156e4cc4fe195fc85ea6b,1024,1536,1.0,0.783203,0.911458,0.5,0.5,1200,1200,1.0
836,CRSRP750K1,Seiko,Seiko 5 Sports Automatic 24 Jewels 100M SRP750 SRP750K1 SRP750K Me,exact-existing,,watches-only/CRSRP750K1.png,product-shots/CRSRP750K1/main.jpg,https://raw.githubusercontent.com/AveryArtlife/gembreak-images/main/watches-only/CRSRP750K1.png,https://raw.githubusercontent.com/AveryArtlife/gembreak-images/main/watches-only/CRSRP750K1.png,pass,pass,,True,86d699f3129e7e453dc36a4aaeb0dd27c81ca9774e084e0e9e818c463acb3fcd,1024,1536,1.0,0.813477,0.951823,0.524902,0.498047,1200,1200,1.0
837,CRER2400KA,Orient,Orient Bambino Classic Automatic ER2400KA Men's Watch,exact-existing,,watches-only/CRER2400KA.png,product-shots/CRER2400KA/main.jpg,https://raw.githubusercontent.com/AveryArtlife/gembreak-images/main/watches-only/CRER2400KA.png,https://raw.githubusercontent.com/AveryArtlife/gembreak-images/main/watches-only/CRER2400KA.png,pass,pass,,True,be5b9de0cce9d2deee0883166cd262a8275d0b87e005edcda73e1f590c43688f,1024,1536,1.0,0.760742,0.934245,0.513184,0.492513,1200,1200,1.0
838,CRU578,Refurbished,Refurbished Armani Exchange Cayde Grey Dial Quartz AX2722 Men's Watch,exact-existing,,watches-only/CRU578.png,product-shots/CRU578/main.jpg,https://raw.githubusercontent.com/AveryArtlife/gembreak-images/main/watches-only/CRU578.png,,pass,pass,,True,d41b295826830b71dde3e0f2d9e526d33ea82f75d3ae58eba80ce3514e04feb2,1024,1536,1.0,0.780273,0.911458,0.500488,0.5,1200,1200,1.0
839,CRRF1214GBD-300-7,Refurbished,Refurbished Casio G-Shock G-Squad Digital Smartphone Link White Bio-Based Resin Quartz GBD-300-7 200M Men's Watch,exact-existing,,watches-only/CRRF1214GBD-300-7.png,product-shots/CRRF1214GBD-300-7/main.jpg,https://raw.githubusercontent.com/AveryArtlife/gembreak-images/main/watches-only/CRRF1214GBD-300-7.png,,pass,pass,,True,9eba3781de639ee02eaa9aad30c7dc35f64403fdf4d25dd6e1a07fa892cce3f1,1024,1536,1.0,0.818359,0.89974,0.499023,0.499349,1200,1200,1.0
840,CRRF1129SYMK44K1,Refurbished,Refurbished Seiko 5 Automatic 21 SYMK44 SYMK44K1 SYMK44K Women's Watch,exact-existing,,watches-only/CRRF1129SYMK44K1.png,product-shots/CRRF1129SYMK44K1/main.jpg,https://raw.githubusercontent.com/AveryArtlife/gembreak-images/main/watches-only/CRRF1129SYMK44K1.png,,pass,pass,,True,6b71017312e145edc27eabc70dce5414761b552d974a181b7e5f46b0cf6ea1ea,1024,1536,1.0,0.575195,0.908854,0.499512,0.499349,1200,1200,1.0
841,CRRF1004NR1Q003W0,Refurbished,Refurbished Orient Automatic NR1Q003W0 NR1Q003W Womens Watch,exact-existing,,watches-only/CRRF1004NR1Q003W0.png,product-shots/CRRF1004NR1Q003W0/main.jpg,https://raw.githubusercontent.com/AveryArtlife/gembreak-images/main/watches-only/CRRF1004NR1Q003W0.png,,pass,pass,,True,ea95f239853981e4cbc56861fa882845fcc4dc3e5d80ab2f6d91051010355265,1024,1536,1.0,0.779297,0.911458,0.5,0.5,1200,1200,1.0
842,CRBM7620-83M,Citizen,Citizen Eco-Drive Stainless Steel Blue Dial BM7620-83M 100M Men's Watch,exact-existing,,watches-only/CRBM7620-83M.png,product-shots/CRBM7620-83M/main.jpg,https://raw.githubusercontent.com/AveryArtlife/gembreak-images/main/watches-only/CRBM7620-83M.png,,pass,pass,,True,35c9e36b079189d4a4c3e1e8afe144aaf709652d1f76a5c0bf0b4c2cc9453c22,1024,1536,1.0,0.682617,0.89974,0.499512,0.499349,1200,1200,1.0
843,CRAN3660-73X,Citizen,Citizen Tsuno Bullhead Chronograph Stainless Steel Green Dial Quartz AN3660-73X Men's Watch,exact-existing,,watches-only/CRAN3660-73X.png,product-shots/CRAN3660-73X/main.jpg,https://raw.githubusercontent.com/AveryArtlife/gembreak-images/main/watches-only/CRAN3660-73X.png,,pass,pass,,True,e8f015a2dccb199455647bdeae03d0bcd21185ffbef9e61c11676cc2d16b1468,1024,1536,1.0,0.677734,0.89974,0.5,0.499349,1200,1200,1.0
844,CRF20698-2,Festina,Festina Titanium Analog Blue Dial Quartz F20698-2 100M Men's Watch,exact-existing,,watches-only/CRF20698-2.png,product-shots/CRF20698-2/main.jpg,https://raw.githubusercontent.com/AveryArtlife/gembreak-images/main/watches-only/CRF20698-2.png,,pass,pass,,True,613e85255a37a650c1025332518ed441826d3cc8187672453fa86174d99f8fc6,1024,1536,1.0,0.803711,0.900391,0.499512,0.499674,1200,1200,1.0
845,CRFAC0000BW0,Orient,Orient 2nd Generation Bambino Classic Automatic FAC0000BW0 AC0000B,exact-existing,,watches-only/CRFAC0000BW0.png,product-shots/CRFAC0000BW0/main.jpg,https://raw.githubusercontent.com/AveryArtlife/gembreak-images/main/watches-only/CRFAC0000BW0.png,https://raw.githubusercontent.com/AveryArtlife/gembreak-images/main/watches-only/CRFAC0000BW0.png,pass,pass,,True,134e06acdde9e5cedb3114463797a9d379120ca539632e25d559928af9961f8a,1024,1536,1.0,0.691406,0.892578,0.514648,0.496419,1200,1200,1.0
846,CRF16820-4,Festina,Festina Timeless Chronograph Stainless Steel Black Dial Quartz F16,exact-existing,,watches-only/CRF16820-4.png,product-shots/CRF16820-4/main.jpg,https://raw.githubusercontent.com/AveryArtlife/gembreak-images/main/watches-only/CRF16820-4.png,https://raw.githubusercontent.com/AveryArtlife/gembreak-images/main/watches-only/CRF16820-4.png,pass,pass,,True,19f121ff6184f7af03990e1d4bfe594c3ef79115c6d35014e177e977a9cad230,523,900,1.0,0.977055,0.985556,0.498088,0.500556,1200,1200,1.0
847,CRBA-110XBE-7A,Casio,Casio Baby-G Analog Digital Quartz BA-110XBE-7A BA110XBE-7 100M Wo,exact-existing,,watches-only/CRBA-110XBE-7A.png,product-shots/CRBA-110XBE-7A/main.jpg,https://raw.githubusercontent.com/AveryArtlife/gembreak-images/main/watches-only/CRBA-110XBE-7A.png,https://raw.githubusercontent.com/AveryArtlife/gembreak-images/main/watches-only/CRBA-110XBE-7A.png,pass,pass,,True,3ad644dd17bdc4d6c92750a8a85f462382f2237381fbc52a5ef2a68b971c5468,573,900,1.0,0.979058,0.986667,0.5,0.498889,1200,1200,1.0
848,CREM70004W,Orient,Orient 3 Stars EM70004W Mens Watch,exact-existing,,watches-only/CREM70004W.png,product-shots/CREM70004W/main.jpg,https://raw.githubusercontent.com/AveryArtlife/gembreak-images/main/watches-only/CREM70004W.png,https://raw.githubusercontent.com/AveryArtlife/gembreak-images/main/watches-only/CREM70004W.png,pass,pass,,True,e4079d8eee138486840d68c6c966038c7c5d45091b8703b4e913bf79cb0ed8fd,1024,1536,1.0,0.768555,0.962891,0.501465,0.496419,1200,1200,1.0
849,CREFR-575D-4A,Casio,Casio Edifice Analog Chronograph Stainless Steel Red Dial Quartz EFR-575D-4A 100M Men's Watch,exact-existing,,watches-only/CREFR-575D-4A.png,product-shots/CREFR-575D-4A/main.jpg,https://raw.githubusercontent.com/AveryArtlife/gembreak-images/main/watches-only/CREFR-575D-4A.png,,pass,pass,,True,822f5e62278d5e361f94dffaa3a6fff788ea4c7acde75ca4737933c9432c88e1,1024,1536,1.0,0.725586,0.89974,0.498535,0.5,1200,1200,1.0
850,WW610,Seiko,Seiko Quartz 35MM Black Dial Ss Women's Watch Srl049p1,exact-existing,,watches-only/WW610.png,product-shots/WW610/main.jpg,https://raw.githubusercontent.com/AveryArtlife/gembreak-images/main/watches-only/WW610.png,https://raw.githubusercontent.com/AveryArtlife/gembreak-images/main/watches-only/E889232374659.png,pass,pass,,True,b6f234b1281b3080dc6414ea3f82a56b4fb23bf5e7ce40357d75b66d70519e22,1024,1536,1.0,0.780273,0.911458,0.499512,0.5,1200,1200,1.0
851,CRG-7900-1D,Casio,Casio G-Shock G-7900-1D G7900-1D Digital Sports Men's Watch,exact-existing,,watches-only/CRG-7900-1D.png,product-shots/CRG-7900-1D/main.jpg,https://raw.githubusercontent.com/AveryArtlife/gembreak-images/main/watches-only/CRG-7900-1D.png,https://raw.githubusercontent.com/AveryArtlife/gembreak-images/main/watches-only/CRG-7900-1D.png,pass,pass,,True,2237dac304456ec7b0a857761a1267308a3eaa9b99af0897cc4456ea71bb944e,621,900,1.0,0.983897,0.986667,0.5,0.498889,1200,1200,1.0
852,CRES5485,Fossil,Fossil Harlow Stainless Steel Satin Cream Dial Quartz ES5485 Women's Watch,exact-existing,,watches-only/CRES5485.png,product-shots/CRES5485/main.jpg,https://raw.githubusercontent.com/AveryArtlife/gembreak-images/main/watches-only/CRES5485.png,,pass,pass,,True,a1398c034d479c844ea8f55a504b3104ca5305c322d561c69047a080e0224e7d,1024,1536,1.0,0.387695,0.892578,0.510254,0.50293,1200,1200,1.0
853,CRF20668-5,Festina,Festina Timeless Chronograph Stainless Steel Blue Dial Quartz F20668-5 100M Men's Watch,exact-existing,,watches-only/CRF20668-5.png,product-shots/CRF20668-5/main.jpg,https://raw.githubusercontent.com/AveryArtlife/gembreak-images/main/watches-only/CRF20668-5.png,,pass,pass,,True,82635c9da8314753fc41f877d28d99806a7fa38f0b80c094173c3bbd18922efb,1024,1536,1.0,0.873047,0.907552,0.5,0.5,1200,1200,1.0
854,CRR3253518513,Sector,Sector No Limits Stainless Steel Blue Dial Quartz R3253518513 Women's Watch With Git Set,exact-existing,,watches-only/CRR3253518513.png,product-shots/CRR3253518513/main.jpg,https://raw.githubusercontent.com/AveryArtlife/gembreak-images/main/watches-only/CRR3253518513.png,,pass,pass,,True,c0bd61883e5f553f800a46ac5d5d334ce2002feb9d91a64a7b250a1a0eb5ef21,1024,1536,1.0,0.780273,0.911458,0.499512,0.5,1200,1200,1.0
855,CRRF1398MTP-E510D-1A1V,Refurbished,Refurbished Casio Standard Analog Chronograph Stainless Steel Black Dial Quartz MTP-E510D-1A1V Men's Watch,exact-existing,,watches-only/CRRF1398MTP-E510D-1A1V.png,product-shots/CRRF1398MTP-E510D-1A1V/main.jpg,https://raw.githubusercontent.com/AveryArtlife/gembreak-images/main/watches-only/CRRF1398MTP-E510D-1A1V.png,,pass,pass,,True,3aa7c7048ca6fbf5cd9ee9e6d299872caa7d6a798441797d49cadba7e5a24746,1024,1536,1.0,0.885742,0.892578,0.499512,0.499023,1200,1200,1.0
856,CRRF378GA-700-1B,Refurbished,Refurbished Casio G-Shock Analog Digital GA-700-1B GA700-1B Men's Watch,exact-existing,,watches-only/CRRF378GA-700-1B.png,product-shots/CRRF378GA-700-1B/main.jpg,https://raw.githubusercontent.com/AveryArtlife/gembreak-images/main/watches-only/CRRF378GA-700-1B.png,,pass,pass,,True,115bc19151e2e9bc098c52d882db9f57345613c00a44128bc87e60eebf4a15be,1024,1536,1.0,0.78125,0.879557,0.5,0.500326,1200,1200,1.0
857,CRMTP-B195D-3AV,Casio,Casio Analog Stainless Steel Green Dial Quartz MTP-B195D-3AV Men's Watch,exact-existing,,watches-only/CRMTP-B195D-3AV.png,product-shots/CRMTP-B195D-3AV/main.jpg,https://raw.githubusercontent.com/AveryArtlife/gembreak-images/main/watches-only/CRMTP-B195D-3AV.png,,pass,pass,,True,b4afb5067925e127ddddaae5d37e8d4e8fe074afc3f00a2a84f150402314295c,1024,1536,1.0,0.667969,0.897135,0.499023,0.5,1200,1200,1.0
858,CRMTP-B195D-2AV,Casio,Casio Analog Stainless Steel Blue Dial Quartz MTP-B195D-2AV Men's Watch,exact-existing,,watches-only/CRMTP-B195D-2AV.png,product-shots/CRMTP-B195D-2AV/main.jpg,https://raw.githubusercontent.com/AveryArtlife/gembreak-images/main/watches-only/CRMTP-B195D-2AV.png,,pass,pass,,True,adf219388b7e2110fa28402ce282b03db58e58e9b4133c7f560be19607c1bf9f,1024,1536,1.0,0.670898,0.897135,0.500488,0.5,1200,1200,1.0
859,CRMTP-B195D-1AV,Casio,Casio Analog Stainless Steel Black Dial Quartz MTP-B195D-1AV Men's Watch,exact-existing,,watches-only/CRMTP-B195D-1AV.png,product-shots/CRMTP-B195D-1AV/main.jpg,https://raw.githubusercontent.com/AveryArtlife/gembreak-images/main/watches-only/CRMTP-B195D-1AV.png,,pass,pass,,True,0c5dcb39c91f14eb9929128476d93aba6eb0b8f744611feac04cf04363f072cf,1024,1536,1.0,0.674805,0.897786,0.500488,0.499674,1200,1200,1.0
860,CRAN8230-59E,Citizen,Citizen Chronograph Stainless Steel Black Dial Quartz AN8230-59E 100M Men's Watch,exact-existing,,watches-only/CRAN8230-59E.png,product-shots/CRAN8230-59E/main.jpg,https://raw.githubusercontent.com/AveryArtlife/gembreak-images/main/watches-only/CRAN8230-59E.png,,pass,pass,,True,846b1e0efe0723977d4fe24dabea473dad36d8557676b6620e2663c4ca22c58f,1024,1536,1.0,0.777344,0.89974,0.499023,0.5,1200,1200,1.0
861,CRMTP-B190D-7BV,Casio,Casio Standard Analog Stainless Steel White Dial Quartz MTP-B190D-7BV Men's Watch,exact-existing,,watches-only/CRMTP-B190D-7BV.png,product-shots/CRMTP-B190D-7BV/main.jpg,https://raw.githubusercontent.com/AveryArtlife/gembreak-images/main/watches-only/CRMTP-B190D-7BV.png,,pass,pass,,True,464b5cd1964ca4802045d3ebc0359598c6e7fd01c9658e07841a8bd9db5fdc05,1024,1536,1.0,0.551758,0.898438,0.499512,0.5,1200,1200,1.0
862,CRMTP-B190D-1BV,Casio,Casio Standard Analog Stainless Steel Black Dial Quartz MTP-B190D-1BV Men's Watch,exact-existing,,watches-only/CRMTP-B190D-1BV.png,product-shots/CRMTP-B190D-1BV/main.jpg,https://raw.githubusercontent.com/AveryArtlife/gembreak-images/main/watches-only/CRMTP-B190D-1BV.png,,pass,pass,,True,28a02649729d8a947e1d2dfc92b5a89fa5523571251c854c9003d82294ffd2f5,1024,1536,1.0,0.551758,0.899089,0.499512,0.499023,1200,1200,1.0
863,CRRF1283GA-2000S-1,Refurbished,Refurbished Casio G-Shock Standard Analog Digital Quartz GA-2000S-1 GA2000S-1 200M Men's Watch,exact-existing,,watches-only/CRRF1283GA-2000S-1.png,product-shots/CRRF1283GA-2000S-1/main.jpg,https://raw.githubusercontent.com/AveryArtlife/gembreak-images/main/watches-only/CRRF1283GA-2000S-1.png,,pass,pass,,True,caab363c3046581cec8792a03a0eb1a9bce773de519067417db7a1eff25b58f3,1024,1536,1.0,0.78125,0.876953,0.5,0.500326,1200,1200,1.0
864,CRRF855INV8930OB,Refurbished,Refurbished Invicta Automatic Pro Diver 200M Blue Dial 8930OB Men's Watch,exact-existing,,watches-only/CRRF855INV8930OB.png,product-shots/CRRF855INV8930OB/main.jpg,https://raw.githubusercontent.com/AveryArtlife/gembreak-images/main/watches-only/CRRF855INV8930OB.png,,pass,pass,,True,58e65d602c4ad519097f99552c32ab3ddb156f978da47e8aba843298647beadf,1024,1536,1.0,0.780273,0.864583,0.499512,0.500651,1200,1200,1.0
865,CRGA-2100VB-1A,Casio,Casio G-Shock Analog Digital Black Dial Quartz GA-2100VB-1A GA2100,exact-existing,,watches-only/CRGA-2100VB-1A.png,product-shots/CRGA-2100VB-1A/main.jpg,https://raw.githubusercontent.com/AveryArtlife/gembreak-images/main/watches-only/CRGA-2100VB-1A.png,https://raw.githubusercontent.com/AveryArtlife/gembreak-images/main/watches-only/CRGA-2100VB-1A.png,pass,pass,,True,5b37d5b9fbcda26ba3e3d623cbb5942a26a9a32af9da12d41347fa67bef27ade,1024,1536,1.0,0.780273,0.852865,0.500488,0.5,1200,1200,1.0
866,CRFEM7P00CB,Orient,Orient Automatic Three Star FEM7P00CB Men's Watch,exact-existing,,watches-only/CRFEM7P00CB.png,product-shots/CRFEM7P00CB/main.jpg,https://raw.githubusercontent.com/AveryArtlife/gembreak-images/main/watches-only/CRFEM7P00CB.png,https://raw.githubusercontent.com/AveryArtlife/gembreak-images/main/watches-only/CRFEM7P00CB.png,pass,pass,,True,a7654bef4727ee0a8f9652b72115f57d88f96731decb5cb1778aaf346ce6899f,1024,1536,1.0,0.834961,0.955729,0.510254,0.489583,1200,1200,1.0
867,CRGA-2000S-1,Casio,Casio G-Shock Standard Analog Digital Quartz GA-2000S-1 GA2000S-1,exact-existing,,watches-only/CRGA-2000S-1.png,product-shots/CRGA-2000S-1/main.jpg,https://raw.githubusercontent.com/AveryArtlife/gembreak-images/main/watches-only/CRGA-2000S-1.png,https://raw.githubusercontent.com/AveryArtlife/gembreak-images/main/watches-only/CRGA-2000S-1.png,pass,pass,,True,7491cd675a1ff389c923e57ab5076685bf32ce620b7426ff636296fe3d368d72,577,900,1.0,0.979203,0.988889,0.501733,0.5,1200,1200,1.0
868,CRRA-AK0505L10B,Orient,Orient Altair Three Star Automatic RA-AK0505L10B Men's Watch,exact-existing,,watches-only/CRRA-AK0505L10B.png,product-shots/CRRA-AK0505L10B/main.jpg,https://raw.githubusercontent.com/AveryArtlife/gembreak-images/main/watches-only/CRRA-AK0505L10B.png,https://raw.githubusercontent.com/AveryArtlife/gembreak-images/main/watches-only/CRRA-AK0505L10B.png,pass,pass,,True,f148d0fabea17db4a64b97cc2dab60bf14344c9b25b22ccf72b5510679cc4bf8,1024,1536,1.0,0.790039,0.964844,0.500488,0.496094,1200,1200,1.0
869,CREM70001W,Orient,Orient 3 Stars EM70001W Mens Watch,exact-existing,,watches-only/CREM70001W.png,product-shots/CREM70001W/main.jpg,https://raw.githubusercontent.com/AveryArtlife/gembreak-images/main/watches-only/CREM70001W.png,https://raw.githubusercontent.com/AveryArtlife/gembreak-images/main/watches-only/CREM70001W.png,pass,pass,,True,8332dff75dcdd1b4eacfdd4e5f1a3e35414a7dfe38ad6234067697345fece13b,1024,1536,1.0,0.643555,0.917969,0.512207,0.492839,1200,1200,1.0
870,CREM70002B,Orient,Orient 3 Stars EM70002B Mens Watch,exact-existing,,watches-only/CREM70002B.png,product-shots/CREM70002B/main.jpg,https://raw.githubusercontent.com/AveryArtlife/gembreak-images/main/watches-only/CREM70002B.png,https://raw.githubusercontent.com/AveryArtlife/gembreak-images/main/watches-only/CREM70002B.png,pass,pass,,True,147af99488e0c12d4a25d26d01b0804f827475cb0122d42f5fac486e3a49c493,1024,1536,1.0,0.648438,0.940755,0.506836,0.491862,1200,1200,1.0
871,CRES5469,Fossil,Fossil Raquel Mini Stainless Steel White Dial Quartz ES5469 Women's Watch,exact-existing,,watches-only/CRES5469.png,product-shots/CRES5469/main.jpg,https://raw.githubusercontent.com/AveryArtlife/gembreak-images/main/watches-only/CRES5469.png,,pass,pass,,True,f4c8811a64f417e11cabccaad3d407cf1d46b32dcbec81a519413312e8d67d34,1024,1536,1.0,0.390625,0.900391,0.499023,0.500326,1200,1200,1.0
872,CRRF1639SNKE54K1,Refurbished,Refurbished Seiko 5 Automatic 21 Jewels SNKE54 SNKE54K1 SNKE54K Men's Watch,exact-existing,,watches-only/CRRF1639SNKE54K1.png,product-shots/CRRF1639SNKE54K1/main.jpg,https://raw.githubusercontent.com/AveryArtlife/gembreak-images/main/watches-only/CRRF1639SNKE54K1.png,,pass,pass,,True,af455bfc81bba072915e51e528329e7e48451325ea0bcd11ad031a8c7d520efd,1024,1536,1.0,0.791992,0.911458,0.500488,0.5,1200,1200,1.0
873,CRES5361,Fossil,Fossil Harlow Gold Tone Stainless Steel Cream Dial Quartz ES5361 Women's Watch,exact-existing,,watches-only/CRES5361.png,product-shots/CRES5361/main.jpg,https://raw.githubusercontent.com/AveryArtlife/gembreak-images/main/watches-only/CRES5361.png,,pass,pass,,True,e55a6cf7ba8f20aff88f56a0a827c19d434dd374fb278fa104afcae2e9ef0a0a,1024,1536,1.0,0.583008,0.899089,0.500488,0.499023,1200,1200,1.0
874,CRFS6104,Fossil,Fossil Everett Chronograph Stainless Steel Blue Dial Quartz FS6104 Men's Watch,exact-existing,,watches-only/CRFS6104.png,product-shots/CRFS6104/main.jpg,https://raw.githubusercontent.com/AveryArtlife/gembreak-images/main/watches-only/CRFS6104.png,,pass,pass,,True,4702bfb1c1f3510bd4f3b8e0105c5e73eb770e636cb1937dd76b301217b517f5,1024,1536,1.0,0.759766,0.899089,0.5,0.499023,1200,1200,1.0
875,CRFS6092,Fossil,Fossil Blue GMT Stainless Steel Black Dial Quartz FS6092 100M Men's watch,exact-existing,,watches-only/CRFS6092.png,product-shots/CRFS6092/main.jpg,https://raw.githubusercontent.com/AveryArtlife/gembreak-images/main/watches-only/CRFS6092.png,,pass,pass,,True,5f68fab70cafd94bd91f91b06f74244f7f348d33fa510213ed47fff1b5a608ac,1024,1536,1.0,0.816406,0.897135,0.5,0.5,1200,1200,1.0
876,CRFS6045,Fossil,Fossil Sport Tourer Chronograph Stainless Steel Black Dial Quartz FS6045 Men's Watch,exact-existing,,watches-only/CRFS6045.png,product-shots/CRFS6045/main.jpg,https://raw.githubusercontent.com/AveryArtlife/gembreak-images/main/watches-only/CRFS6045.png,,pass,pass,,True,2bcbaaaff45d0fe4e2cdb1d1c2c9066cb101d3163fe9bf27dd4569e2f4548535,1024,1536,1.0,0.780273,0.89974,0.499512,0.500651,1200,1200,1.0
877,CRRTF034,RATIO,Ratio FreeDiver Sapphire Stainless Steel Yellow Dial Quartz RTF034 200M Men's Watch,exact-existing,,watches-only/CRRTF034.png,product-shots/CRRTF034/main.jpg,https://raw.githubusercontent.com/AveryArtlife/gembreak-images/main/watches-only/CRRTF034.png,,pass,pass,,True,833044ec984a87b7974de64af94e5d2f99fd54d128623768f3f6cb12b63fcc4e,1024,1536,1.0,0.773438,0.907552,0.5,0.5,1200,1200,1.0
878,CRRTF033,RATIO,Ratio FreeDiver Sapphire Stainless Steel Blue Dial Quartz RTF033 200M Men's Watch,exact-existing,,watches-only/CRRTF033.png,product-shots/CRRTF033/main.jpg,https://raw.githubusercontent.com/AveryArtlife/gembreak-images/main/watches-only/CRRTF033.png,,pass,pass,,True,b76bca5f061d21e47a8a2f8632767d0644b2fa58272e1083c94b08f68f56cd9d,1024,1536,1.0,0.768555,0.89974,0.499512,0.501302,1200,1200,1.0
879,CRF20560-5,Festina,Festina Timeless Chronograph Stainless Steel Black Dial Quartz F20560-5 100M Men's Watch,exact-existing,,watches-only/CRF20560-5.png,product-shots/CRF20560-5/main.jpg,https://raw.githubusercontent.com/AveryArtlife/gembreak-images/main/watches-only/CRF20560-5.png,,pass,pass,,True,81c233eb9313fdabd957135381940ad9ad16a3cf47a6b78c5f04288f3ac935ca,1024,1536,1.0,0.78125,0.865885,0.500977,0.5,1200,1200,1.0
880,CRRA-AB0E10S19B,Orient,Orient 3 Star White Dial Automatic RA-AB0E10S19B 100M Men's Watch,exact-existing,,watches-only/CRRA-AB0E10S19B.png,product-shots/CRRA-AB0E10S19B/main.jpg,https://raw.githubusercontent.com/AveryArtlife/gembreak-images/main/watches-only/CRRA-AB0E10S19B.png,https://raw.githubusercontent.com/AveryArtlife/gembreak-images/main/watches-only/CRRA-AB0E10S19B.png,pass,pass,,True,d47e2b612fe56865e4acf2c95cada118fdfc55b354dd2037a2a816da4e56fdf2,1024,1536,1.0,0.775391,0.953776,0.5,0.493815,1200,1200,1.0
881,CRGA-110HR-1A,Casio,Casio G-Shock Special Color Shock Resistant Analog Digital GA-110H,exact-existing,,watches-only/CRGA-110HR-1A.png,product-shots/CRGA-110HR-1A/main.jpg,https://raw.githubusercontent.com/AveryArtlife/gembreak-images/main/watches-only/CRGA-110HR-1A.png,https://raw.githubusercontent.com/AveryArtlife/gembreak-images/main/watches-only/CRGA-110HR-1A.png,pass,pass,,True,b8b1ca9325dac8a76d49fb12e39b78153177730642e6ca487a52d3e0a383a095,1024,1536,1.0,0.782227,0.895833,0.499512,0.500651,1200,1200,1.0
882,CREFV-620D-1A4V,Casio,Casio Edifice Chronograph Analog Quartz EFV-620D-1A4V EFV620D-1A4,exact-existing,,watches-only/CREFV-620D-1A4V.png,product-shots/CREFV-620D-1A4V/main.jpg,https://raw.githubusercontent.com/AveryArtlife/gembreak-images/main/watches-only/CREFV-620D-1A4V.png,https://raw.githubusercontent.com/AveryArtlife/gembreak-images/main/watches-only/CREFV-620D-1A4V.png,pass,pass,,True,e452e309ec91a02798574df64638e4fcc1e5cc00fca8e6f34034713ad80872fd,1024,1536,1.0,0.780273,0.893229,0.499512,0.5,1200,1200,1.0
883,CRU616,Refurbished,Refurbished Sector 230 Black Dial Two Tone Stainless Steel Quartz R3253161019 100M Men's Watch,exact-existing,,watches-only/CRU616.png,product-shots/CRU616/main.jpg,https://raw.githubusercontent.com/AveryArtlife/gembreak-images/main/watches-only/CRU616.png,,pass,pass,,True,6c226f090bbb94de6be373772d3689ed8a579950cf58b3f78382a0d750e490f5,1024,1536,1.0,0.780273,0.89974,0.500488,0.5,1200,1200,1.0
884,CRRF1495SNK621K1,Refurbished,Refurbished Seiko 5 Automatic 21 Jewels SNK621 SNK621K1 SNK621K Men's Watch,exact-existing,,watches-only/CRRF1495SNK621K1.png,product-shots/CRRF1495SNK621K1/main.jpg,https://raw.githubusercontent.com/AveryArtlife/gembreak-images/main/watches-only/CRRF1495SNK621K1.png,,pass,pass,,True,2d1195f8eac37fa235e6e7af861beafab8d35d8d6ffa3d5d001e220c2e7f7113,1024,1536,1.0,0.780273,0.911458,0.500488,0.5,1200,1200,1.0
885,CRGA-100-1A1,Casio,Casio G-Shock GA-100-1A1 GA100-1A1 Shock Resistant 200M Men's Watc,exact-existing,,watches-only/CRGA-100-1A1.png,product-shots/CRGA-100-1A1/main.jpg,https://raw.githubusercontent.com/AveryArtlife/gembreak-images/main/watches-only/CRGA-100-1A1.png,https://raw.githubusercontent.com/AveryArtlife/gembreak-images/main/watches-only/CRGA-100-1A1.png,pass,pass,,True,81c4f2736255262a26dca88fe34afd954a592677a46ebffbda292cfc2f6de18d,1024,1536,1.0,0.779297,0.866536,0.5,0.499674,1200,1200,1.0
886,CRFS6161,Fossil,Fossil Crosby Two Tone Stainless Steel Blue Dial Quartz FS6161 Men's Watch,exact-existing,,watches-only/CRFS6161.png,product-shots/CRFS6161/main.jpg,https://raw.githubusercontent.com/AveryArtlife/gembreak-images/main/watches-only/CRFS6161.png,,pass,pass,,True,c1e18d20a954928093e36ff1814b9e3823ae0712289cacdf0b276131ae71a82c,1024,1536,1.0,0.733398,0.899089,0.499512,0.499674,1200,1200,1.0
887,CRRF1494SNKE51K1,Refurbished,Refurbished Seiko 5 Automatic SNKE51 SNKE51K1 SNKE51K Men's Watch,exact-existing,,watches-only/CRRF1494SNKE51K1.png,product-shots/CRRF1494SNKE51K1/main.jpg,https://raw.githubusercontent.com/AveryArtlife/gembreak-images/main/watches-only/CRRF1494SNKE51K1.png,,pass,pass,,True,12271a6bdd5bde5ecea7a102876afca228132955dc14a76b79605d56ff18fa59,1024,1536,1.0,0.790039,0.911458,0.499512,0.5,1200,1200,1.0
888,CRRF1451SNK615K1,Refurbished,Refurbished Seiko 5 Sports Automatic SNK615 SNK615K1 SNK615K Men's Watch,exact-existing,,watches-only/CRRF1451SNK615K1.png,product-shots/CRRF1451SNK615K1/main.jpg,https://raw.githubusercontent.com/AveryArtlife/gembreak-images/main/watches-only/CRRF1451SNK615K1.png,,pass,pass,,True,e9cb9c2a52b2f2fae5b7b39fc821c0b26d7090b68a710c7e1a6737b07921649e,1024,1536,1.0,0.783203,0.911458,0.5,0.5,1200,1200,1.0
889,CRRF1341SNK623K1,Refurbished,Refurbished Seiko 5 Automatic SNK623 SNK623K1 SNK623K Men's Watch,exact-existing,,watches-only/CRRF1341SNK623K1.png,product-shots/CRRF1341SNK623K1/main.jpg,https://raw.githubusercontent.com/AveryArtlife/gembreak-images/main/watches-only/CRRF1341SNK623K1.png,,pass,pass,,True,36e0e8d6147fe9f9c3bc73b08ad2dedcfffe0be8638f7c0363d700dcee32e709,1024,1536,1.0,0.795898,0.911458,0.500488,0.5,1200,1200,1.0
890,CRES5425,Fossil,Fossil Harlow Croco Leather Cream Dial Quartz ES5425 Women's Watch,exact-existing,,watches-only/CRES5425.png,product-shots/CRES5425/main.jpg,https://raw.githubusercontent.com/AveryArtlife/gembreak-images/main/watches-only/CRES5425.png,,pass,pass,,True,da9e8a78fbdc6b80d4c216729cad63cccbb9e563a56b85cbbdb657632361a7a8,1024,1536,1.0,0.568359,0.898438,0.5,0.500651,1200,1200,1.0
891,CRFS6121,Fossil,Fossil Crosby Stainless Steel Blue Dial Quartz FS6121 Men's Watch,exact-existing,,watches-only/CRFS6121.png,product-shots/CRFS6121/main.jpg,https://raw.githubusercontent.com/AveryArtlife/gembreak-images/main/watches-only/CRFS6121.png,,pass,pass,,True,d5d3535dec3b279af95b4a9360ae3446bb84e1243702441cd8a47d4f474314ed,1024,1536,1.0,0.720703,0.899089,0.5,0.499023,1200,1200,1.0
892,CRRTF039,RATIO,Ratio FreeDiver Sapphire Stainless Steel Green Dial Quartz RTF039 200M Men's Watch,exact-existing,,watches-only/CRRTF039.png,product-shots/CRRTF039/main.jpg,https://raw.githubusercontent.com/AveryArtlife/gembreak-images/main/watches-only/CRRTF039.png,,pass,pass,,True,60e1d184fb13b0db45af07f45c7b0a78479b8f1802624536274dcdf0c9095515,1024,1536,1.0,0.773438,0.907552,0.5,0.5,1200,1200,1.0
893,CRRTF035,RATIO,Ratio FreeDiver Sapphire Stainless Steel Orange Dial Quartz RTF035 200M Men's Watch,exact-existing,,watches-only/CRRTF035.png,product-shots/CRRTF035/main.jpg,https://raw.githubusercontent.com/AveryArtlife/gembreak-images/main/watches-only/CRRTF035.png,,pass,pass,,True,a4cefed22768b74c370c45bebf67910f2402542fb362041af9535cb2c8cf3c0d,1024,1536,1.0,0.772461,0.906901,0.500488,0.500326,1200,1200,1.0
894,CRF20560-1,Festina,Festina Timeless Chronograph Stainless Steel Silver Dial Quartz F20560-1 100M Men's Watch,exact-existing,,watches-only/CRF20560-1.png,product-shots/CRF20560-1/main.jpg,https://raw.githubusercontent.com/AveryArtlife/gembreak-images/main/watches-only/CRF20560-1.png,,pass,pass,,True,106b3f17d4d460c9bca88a0ec86910e6c7fa42782cff591496c2cc17dbd46388,1024,1536,1.0,0.780273,0.850911,0.500488,0.499674,1200,1200,1.0
895,CRF20751-2,Festina,Festina Ceramic Pink Dial Quartz F20751-2 Women's Watch,exact-existing,,watches-only/CRF20751-2.png,product-shots/CRF20751-2/main.jpg,https://raw.githubusercontent.com/AveryArtlife/gembreak-images/main/watches-only/CRF20751-2.png,,pass,pass,,True,a8cc28adbca277c7f5b014178f204c1e87cdeb7bc153723da70176342e11c97f,1024,1536,1.0,0.655273,0.897135,0.500488,0.5,1200,1200,1.0
896,CRF20742-3,Festina,Festina Timeless Chronograph Stainless Steel Black Dial Quartz F20742-3 100M Men's Watch,exact-existing,,watches-only/CRF20742-3.png,product-shots/CRF20742-3/main.jpg,https://raw.githubusercontent.com/AveryArtlife/gembreak-images/main/watches-only/CRF20742-3.png,,pass,pass,,True,ef6577cb26168ac8c9f00674ee3a71c21ff647e47eecb6f8e9fdfb8a9d9b866d,1024,1536,1.0,0.833984,0.897786,0.5,0.499674,1200,1200,1.0
897,CRRF1399EFR-S108D-3A,Refurbished,Refurbished Casio Edifice Sapphire Crystal Analog Stainless Steel Green Dial Quartz EFR-S108D-3A 100M Men's Watch,exact-existing,,watches-only/CRRF1399EFR-S108D-3A.png,product-shots/CRRF1399EFR-S108D-3A/main.jpg,https://raw.githubusercontent.com/AveryArtlife/gembreak-images/main/watches-only/CRRF1399EFR-S108D-3A.png,,pass,pass,,True,64aaa1219a574e5d93d4355909ba241be5001efcaf1169613e8879bec1aa2692,1024,1536,1.0,0.694336,0.897135,0.498535,0.5,1200,1200,1.0
898,CRBLS-100DS-4AV,Casio,Casio Beside Analog Stainless Steel Pink Mother of Pearl Dial Quartz BLS-100DS-4AV Women's Watch,exact-existing,,watches-only/CRBLS-100DS-4AV.png,product-shots/CRBLS-100DS-4AV/main.jpg,https://raw.githubusercontent.com/AveryArtlife/gembreak-images/main/watches-only/CRBLS-100DS-4AV.png,,pass,pass,,True,3c8a4f2921ff1d45a3a5a37f978778b81e9bbb7a35e9c596a70f84792f8c932d,1024,1536,1.0,0.563477,0.897135,0.499512,0.5,1200,1200,1.0
899,CRES5386,Fossil,Fossil Harlow Rose Gold Tone Stainless Steel Cream Dial Quartz ES5386 Women's Watch,exact-existing,,watches-only/CRES5386.png,product-shots/CRES5386/main.jpg,https://raw.githubusercontent.com/AveryArtlife/gembreak-images/main/watches-only/CRES5386.png,,pass,pass,,True,0a7757b8f3d959acf7aa1ba94cd3da3453ecb565361dcedd47385900750ccb43,1024,1536,1.0,0.581055,0.899089,0.499512,0.499023,1200,1200,1.0
900,CRFS6032,Fossil,Fossil Blue Dive Stainless Steel Black Dial Quartz FS6032 100M Men's Watch,exact-existing,,watches-only/CRFS6032.png,product-shots/CRFS6032/main.jpg,https://raw.githubusercontent.com/AveryArtlife/gembreak-images/main/watches-only/CRFS6032.png,,pass,pass,,True,2859ea0f7f72b597d637b2ec32d014f2b2b3767e464c8b78d34085b3ec199444,1024,1536,1.0,0.774414,0.898438,0.500488,0.5,1200,1200,1.0
901,CRFEM7J00AW9,Orient,Orient Automatic Starfish FEM7J00AW9,exact-existing,,watches-only/CRFEM7J00AW9.png,product-shots/CRFEM7J00AW9/main.jpg,https://raw.githubusercontent.com/AveryArtlife/gembreak-images/main/watches-only/CRFEM7J00AW9.png,https://raw.githubusercontent.com/AveryArtlife/gembreak-images/main/watches-only/CRFEM7J00AW9.png,pass,pass,,True,18a4125d9da99d4a14e8903aba65001f997cbfc1b6efd9a4a70edc0df688151a,1024,1536,1.0,0.759766,0.949219,0.514648,0.5,1200,1200,1.0
902,CRF20622-P,Festina,Festina Boyfriend Stainless Steel Turquoise Dial Quartz F20622-P W,exact-existing,,watches-only/CRF20622-P.png,product-shots/CRF20622-P/main.jpg,https://raw.githubusercontent.com/AveryArtlife/gembreak-images/main/watches-only/CRF20622-P.png,https://raw.githubusercontent.com/AveryArtlife/gembreak-images/main/watches-only/CRF20622-P.png,pass,pass,,True,d4b83e951520939c40e45cb5abbbe231073a3d52f59a69884477f00684585da8,497,900,1.0,0.973843,0.988889,0.498994,0.5,1200,1200,1.0
903,CRSKW3159,Skagen,Skagen Mellem Lille Stainless Steel Silver Dial Quartz SKW3159 Women's Watch,exact-existing,,watches-only/CRSKW3159.png,product-shots/CRSKW3159/main.jpg,https://raw.githubusercontent.com/AveryArtlife/gembreak-images/main/watches-only/CRSKW3159.png,,pass,pass,,True,40bea8fc21de124a3210fe7ab0f68891da75f690f47ed6e0cf08438317f0c289,1024,1536,1.0,0.594727,0.896484,0.500488,0.500326,1200,1200,1.0
904,CREM70005D,Orient,Orient 3 Stars EM70005D Men's Watch,exact-existing,,watches-only/CREM70005D.png,product-shots/CREM70005D/main.jpg,https://raw.githubusercontent.com/AveryArtlife/gembreak-images/main/watches-only/CREM70005D.png,https://raw.githubusercontent.com/AveryArtlife/gembreak-images/main/watches-only/CREM70005D.png,pass,pass,,True,13d55aac4c2621f94df8c914069c5cb03ea5a2f8b4936afa2800f57243038c9a,1024,1536,1.0,0.646484,0.924479,0.499023,0.477865,1200,1200,1.0
905,CRSAB0C005C8,Orient,Orient 3 Star SAB0C005C8 Automatic Japan Made Men's Watch,exact-existing,,watches-only/CRSAB0C005C8.png,product-shots/CRSAB0C005C8/main.jpg,https://raw.githubusercontent.com/AveryArtlife/gembreak-images/main/watches-only/CRSAB0C005C8.png,https://raw.githubusercontent.com/AveryArtlife/gembreak-images/main/watches-only/CRSAB0C005C8.png,pass,pass,,True,c1e6d0ec4ee026de4904bb7279ecff2a00ef39fff4651f71b2db330a8cf11511,1024,1536,1.0,0.8125,0.965495,0.496094,0.498372,1200,1200,1.0
906,CREM70005B,Orient,Orient 3 Stars EM70005B Mens Watch,exact-existing,,watches-only/CREM70005B.png,product-shots/CREM70005B/main.jpg,https://raw.githubusercontent.com/AveryArtlife/gembreak-images/main/watches-only/CREM70005B.png,https://raw.githubusercontent.com/AveryArtlife/gembreak-images/main/watches-only/CREM70005B.png,pass,pass,,True,d3895c020f51172bc49cb9f32244ff04995694b647bbcdac84eb0c44f3bfaa96,1024,1536,1.0,0.758789,0.958984,0.489746,0.493815,1200,1200,1.0
907,CREM70002D,Orient,Orient 3 Stars EM70002D Mens Watch,exact-existing,,watches-only/CREM70002D.png,product-shots/CREM70002D/main.jpg,https://raw.githubusercontent.com/AveryArtlife/gembreak-images/main/watches-only/CREM70002D.png,https://raw.githubusercontent.com/AveryArtlife/gembreak-images/main/watches-only/CREM70002D.png,pass,pass,,True,852c0502eb628acb583c5c4d98e61a32bf69e6d1a5a4f825850da050fcab337c,1024,1536,1.0,0.69043,0.924479,0.51416,0.494141,1200,1200,1.0
908,CREM7P006B,Orient,Orient Classic Automatic Three Star EM7P006B Men's Watch,exact-existing,,watches-only/CREM7P006B.png,product-shots/CREM7P006B/main.jpg,https://raw.githubusercontent.com/AveryArtlife/gembreak-images/main/watches-only/CREM7P006B.png,https://raw.githubusercontent.com/AveryArtlife/gembreak-images/main/watches-only/CREM7P006B.png,pass,pass,,True,360cacc0ddda73def1c0e3d93aca4c78b3acc48978ab2cbbe9e38ebd34fa61db,1024,1536,1.0,0.792969,0.93099,0.516602,0.491536,1200,1200,1.0
909,CRRA-AB0E10S19A,Orient,Orient Deneb Tri Star White Dial Automatic RA-AB0E10S19A Men's Wat,exact-existing,,watches-only/CRRA-AB0E10S19A.png,product-shots/CRRA-AB0E10S19A/main.jpg,https://raw.githubusercontent.com/AveryArtlife/gembreak-images/main/watches-only/CRRA-AB0E10S19A.png,https://raw.githubusercontent.com/AveryArtlife/gembreak-images/main/watches-only/CRRA-AB0E10S19A.png,pass,pass,,True,39973462db37671890aba2be125577bb6df6e98f9f357be056b35d5910a16a86,481,900,1.0,0.918919,0.934444,0.50104,0.499444,1200,1200,1.0
910,CREM7P00EC,Orient,Orient Automatic Three Star EM7P00EC Men's Watch,exact-existing,,watches-only/CREM7P00EC.png,product-shots/CREM7P00EC/main.jpg,https://raw.githubusercontent.com/AveryArtlife/gembreak-images/main/watches-only/CREM7P00EC.png,https://raw.githubusercontent.com/AveryArtlife/gembreak-images/main/watches-only/CREM7P00EC.png,pass,pass,,True,e551962219d2f53c1b98d6381e885959bc01791ea15b941593f53c99e9305ad2,1024,1536,1.0,0.801758,0.949219,0.486816,0.490885,1200,1200,1.0
911,CREM70002W,Orient,Orient 3 Stars EM70002W Mens Watch,exact-existing,,watches-only/CREM70002W.png,product-shots/CREM70002W/main.jpg,https://raw.githubusercontent.com/AveryArtlife/gembreak-images/main/watches-only/CREM70002W.png,https://raw.githubusercontent.com/AveryArtlife/gembreak-images/main/watches-only/CREM70002W.png,pass,pass,,True,acb25b2f0d805f06e14750bd2760979a58bfdafc9cd6b25d37ff96e952618cc2,1024,1536,1.0,0.750977,0.929036,0.51709,0.494466,1200,1200,1.0
912,CRFS6122,Fossil,Fossil Crosby Stainless Steel Grey Dial Quartz FS6122 Men's Watch,exact-existing,,watches-only/CRFS6122.png,product-shots/CRFS6122/main.jpg,https://raw.githubusercontent.com/AveryArtlife/gembreak-images/main/watches-only/CRFS6122.png,,pass,pass,,True,c416479fda095b066c3b42100bd475e0b55b73244756948f1f9e29c83871836b,1024,1536,1.0,0.735352,0.897135,0.500488,0.5,1200,1200,1.0
913,CRRF1409MTP-B180D-3AV,Refurbished,Refurbished Casio Standard Analog Stainless Steel Green Dial Quartz MTP-B180D-3AV Men's Watch,exact-existing,,watches-only/CRRF1409MTP-B180D-3AV.png,product-shots/CRRF1409MTP-B180D-3AV/main.jpg,https://raw.githubusercontent.com/AveryArtlife/gembreak-images/main/watches-only/CRRF1409MTP-B180D-3AV.png,,pass,pass,,True,c50a244668b6056a5cb5d451a127ad703674750f0f5848b9474e13bea3dbf9dc,1024,1536,1.0,0.880859,0.897786,0.499023,0.500326,1200,1200,1.0
914,CRRF1405W-217HM-7BV,Refurbished,Refurbished Casio W-217HM-7BV Chronograph Quartz Men's Watch,exact-existing,,watches-only/CRRF1405W-217HM-7BV.png,product-shots/CRRF1405W-217HM-7BV/main.jpg,https://raw.githubusercontent.com/AveryArtlife/gembreak-images/main/watches-only/CRRF1405W-217HM-7BV.png,,pass,pass,,True,efd178d4ed75b7af1b8d164b4d8f348177e3b4a4c0b56473c661f9d38fa22a6d,1024,1536,1.0,0.78125,0.911458,0.5,0.5,1200,1200,1.0
915,CRRF1404MTP-B145G-9AV,Refurbished,Refurbished Casio Standard Analog Gold Tone Stainless Steel Gold Dial Quartz MTP-B145G-9AV Unisex Watch,exact-existing,,watches-only/CRRF1404MTP-B145G-9AV.png,product-shots/CRRF1404MTP-B145G-9AV/main.jpg,https://raw.githubusercontent.com/AveryArtlife/gembreak-images/main/watches-only/CRRF1404MTP-B145G-9AV.png,,pass,pass,,True,387598a584d3ab717f2d27fea3330db0b05cdda08d60d979d487d59a24e0cea6,1024,1536,1.0,0.738281,0.898438,0.499023,0.500651,1200,1200,1.0
916,CRRF1403MTP-RS100D-1A,Refurbished,Refurbished Casio Standard Analog Stainless Steel Black Dial Solar Powered MTP-RS100D-1A Men's Watch,exact-existing,,watches-only/CRRF1403MTP-RS100D-1A.png,product-shots/CRRF1403MTP-RS100D-1A/main.jpg,https://raw.githubusercontent.com/AveryArtlife/gembreak-images/main/watches-only/CRRF1403MTP-RS100D-1A.png,,pass,pass,,True,b69efed3d745320d8264994da4b78f31efe48d135429d90378a465a2711f09c0,1024,1536,1.0,0.798828,0.897786,0.5,0.499674,1200,1200,1.0
917,CRRF1402MTP-1302D-7A1V,Refurbished,Refurbished Casio Analog Quartz MTP-1302D-7A1V MTP1302D-7A1V Men's Watch,exact-existing,,watches-only/CRRF1402MTP-1302D-7A1V.png,product-shots/CRRF1402MTP-1302D-7A1V/main.jpg,https://raw.githubusercontent.com/AveryArtlife/gembreak-images/main/watches-only/CRRF1402MTP-1302D-7A1V.png,,pass,pass,,True,73ad9300b55f5ae052c8b1421f925695401c52911a8721e0f1c936e41a73efec,1024,1536,1.0,0.713867,0.89974,0.499512,0.498698,1200,1200,1.0
918,CRRF1400GA-140-1A4,Refurbished,Refurbished Casio G-Shock GA-140-1A4 Shock Resistance Quartz 200M Men's Watch,exact-existing,,watches-only/CRRF1400GA-140-1A4.png,product-shots/CRRF1400GA-140-1A4/main.jpg,https://raw.githubusercontent.com/AveryArtlife/gembreak-images/main/watches-only/CRRF1400GA-140-1A4.png,,pass,pass,,True,477fffd0a1fd502531e59e32623ca2910d67ebc4e76d13d1e20312b8e6113949,1024,1536,1.0,0.780273,0.898438,0.499512,0.5,1200,1200,1.0
919,CRRF1397MTD-135D-7AV,Refurbished,Refurbished Casio Standard Analog Stainless Steel White Dial Quartz MTD-135D-7AV Men's Watch,exact-existing,,watches-only/CRRF1397MTD-135D-7AV.png,product-shots/CRRF1397MTD-135D-7AV/main.jpg,https://raw.githubusercontent.com/AveryArtlife/gembreak-images/main/watches-only/CRRF1397MTD-135D-7AV.png,,pass,pass,,True,d256a92339cd521d3d5ced4083188fb160b6965e05a68515eec666bc7af9108c,1024,1536,1.0,0.875977,0.897135,0.499512,0.5,1200,1200,1.0
920,CRBI5110-54X,Citizen,Citizen Stainless Steel Green Dial Quartz BI5110-54X Men's Watch,exact-existing,,watches-only/CRBI5110-54X.png,product-shots/CRBI5110-54X/main.jpg,https://raw.githubusercontent.com/AveryArtlife/gembreak-images/main/watches-only/CRBI5110-54X.png,,pass,pass,,True,70688b2dd5df2ae71586fb48cc6af4975cf45176e9d18c435834e5f81526fbd9,1024,1536,1.0,0.75,0.900391,0.5,0.500326,1200,1200,1.0
921,CRMTP-B146D-2AV,Casio,Casio Standard Analog Stainless Steel Blue Dial Quartz MTP-B146D-2AV Men's Watch,exact-existing,,watches-only/CRMTP-B146D-2AV.png,product-shots/CRMTP-B146D-2AV/main.jpg,https://raw.githubusercontent.com/AveryArtlife/gembreak-images/main/watches-only/CRMTP-B146D-2AV.png,,pass,pass,,True,4a3f4bbb7570c31e7691d798dd482674ea9243499f0f491de4441643e0a64290,1024,1536,1.0,0.616211,0.89974,0.499512,0.5,1200,1200,1.0
922,CRLTP-B170D-7BV,Casio,Casio Standard Analog Stainless Steel Silver Dial Quartz LTP-B170D-7BV Women's Watch,exact-existing,,watches-only/CRLTP-B170D-7BV.png,product-shots/CRLTP-B170D-7BV/main.jpg,https://raw.githubusercontent.com/AveryArtlife/gembreak-images/main/watches-only/CRLTP-B170D-7BV.png,,pass,pass,,True,dad2621de598a93d20b317484f1dbf71ecbfc2571239ca2817d96d88bbf99872,1024,1536,1.0,0.617188,0.89974,0.499023,0.499349,1200,1200,1.0
923,CRLTP-B170D-4BV,Casio,Casio Standard Analog Stainless Steel Pink Dial Quartz LTP-B170D-4BV Women's Watch,exact-existing,,watches-only/CRLTP-B170D-4BV.png,product-shots/CRLTP-B170D-4BV/main.jpg,https://raw.githubusercontent.com/AveryArtlife/gembreak-images/main/watches-only/CRLTP-B170D-4BV.png,,pass,pass,,True,d75ab0a37752c38f9775144aa1a5d74e86bba1283e4c93beb002b7954d384599,1024,1536,1.0,0.626953,0.899089,0.5,0.499023,1200,1200,1.0
924,CRLTP-B170D-2BV,Casio,Casio Standard Analog Stainless Steel Blue Dial Quartz LTP-B170D-2BV Women's Watch,exact-existing,,watches-only/CRLTP-B170D-2BV.png,product-shots/CRLTP-B170D-2BV/main.jpg,https://raw.githubusercontent.com/AveryArtlife/gembreak-images/main/watches-only/CRLTP-B170D-2BV.png,,pass,pass,,True,7824aa53c38f12b31047390eaf0a02805c4bf2d519d3459575ede0f2f149e1ae,1024,1536,1.0,0.621094,0.89974,0.499023,0.5,1200,1200,1.0
925,CRLTP-B170D-1BV,Casio,Casio Standard Analog Stainless Steel Black Dial Quartz LTP-B170D-1BV Women's Watch,exact-existing,,watches-only/CRLTP-B170D-1BV.png,product-shots/CRLTP-B170D-1BV/main.jpg,https://raw.githubusercontent.com/AveryArtlife/gembreak-images/main/watches-only/CRLTP-B170D-1BV.png,,pass,pass,,True,491361713f055402d665c812344da686548cb093a13865177876cca9f0f7e9a2,1024,1536,1.0,0.617188,0.898438,0.5,0.5,1200,1200,1.0
926,CRMTP-E510D-5AV,Casio,Casio Chronograph Analog Stainless Steel Brown Dial Quartz MTP-E510D-5AV Men's Watch,exact-existing,,watches-only/CRMTP-E510D-5AV.png,product-shots/CRMTP-E510D-5AV/main.jpg,https://raw.githubusercontent.com/AveryArtlife/gembreak-images/main/watches-only/CRMTP-E510D-5AV.png,,pass,pass,,True,39ea360a2a70089d4bbcef69f42af6ac238e4a4a288726420e8d39522d07a1a0,1024,1536,1.0,0.736328,0.897786,0.499023,0.500326,1200,1200,1.0
927,CRMTP-E510D-2A2V,Casio,Casio Analog Chronograph Stainless Steel Blue Dial Quartz MTP-E510D-2A2V Men's Watch,exact-existing,,watches-only/CRMTP-E510D-2A2V.png,product-shots/CRMTP-E510D-2A2V/main.jpg,https://raw.githubusercontent.com/AveryArtlife/gembreak-images/main/watches-only/CRMTP-E510D-2A2V.png,,pass,pass,,True,a715c6e6b7892fd26237546891b0daa3af16f3cd9b1ececf6cb9017a84f6cd64,1024,1536,1.0,0.732422,0.896484,0.5,0.499674,1200,1200,1.0
928,CRSAB0C007W9,Orient,Orient 3 Star SAB0C007W9 Automatic Japan Made Men's Watch,exact-existing,,watches-only/CRSAB0C007W9.png,product-shots/CRSAB0C007W9/main.jpg,https://raw.githubusercontent.com/AveryArtlife/gembreak-images/main/watches-only/CRSAB0C007W9.png,https://raw.githubusercontent.com/AveryArtlife/gembreak-images/main/watches-only/CRSAB0C007W9.png,pass,pass,,True,c3547ed372e4dcc907de36dfe00bc6933dd028f1e9c100268d97941563324e69,1024,1536,1.0,0.707031,0.942708,0.506836,0.492188,1200,1200,1.0
929,CRDW-9052-1VDR,Casio,Casio G-Shock DW-9052-1VDR DW9052-1VDR Men's Watch,exact-existing,,watches-only/CRDW-9052-1VDR.png,product-shots/CRDW-9052-1VDR/main.jpg,https://raw.githubusercontent.com/AveryArtlife/gembreak-images/main/watches-only/CRDW-9052-1VDR.png,https://raw.githubusercontent.com/AveryArtlife/gembreak-images/main/watches-only/CRDW-9052-1VDR.png,pass,pass,,True,e93cbdc9e9d8ba91b657d876ba4fcdbfc83494a38cfcd6bee1f05d07f1b101d5,1024,1536,1.0,0.78125,0.878906,0.5,0.5,1200,1200,1.0
930,CRSAB0C004B9,Orient,Orient 3 Star SAB0C004B9 Automatic Japan Made Men's Watch,exact-existing,,watches-only/CRSAB0C004B9.png,product-shots/CRSAB0C004B9/main.jpg,https://raw.githubusercontent.com/AveryArtlife/gembreak-images/main/watches-only/CRSAB0C004B9.png,https://raw.githubusercontent.com/AveryArtlife/gembreak-images/main/watches-only/CRSAB0C004B9.png,pass,pass,,True,379578c6658e8e2c463c2c3e8f6701f243e0a74da523ec9ff5b082df15639a33,1024,1536,1.0,0.737305,0.936849,0.515137,0.498372,1200,1200,1.0
931,CRSAB0C002W9,Orient,Orient 3 Star SAB0C002W9 Automatic Japan Made Men's Watch,exact-existing,,watches-only/CRSAB0C002W9.png,product-shots/CRSAB0C002W9/main.jpg,https://raw.githubusercontent.com/AveryArtlife/gembreak-images/main/watches-only/CRSAB0C002W9.png,https://raw.githubusercontent.com/AveryArtlife/gembreak-images/main/watches-only/CRSAB0C002W9.png,pass,pass,,True,41269e8dacdd11d04e993ac97016cfc2938e18d46a3978262e2e61a2cc64348d,1024,1536,1.0,0.754883,0.943359,0.501465,0.493164,1200,1200,1.0
932,CRMTP-B315D-7AV,Casio,Casio Analog Stainless Steel Silver Dial Quartz MTP-B315D-7AV Men's Watch,exact-existing,,watches-only/CRMTP-B315D-7AV.png,product-shots/CRMTP-B315D-7AV/main.jpg,https://raw.githubusercontent.com/AveryArtlife/gembreak-images/main/watches-only/CRMTP-B315D-7AV.png,,pass,pass,,True,3a19312848a66ccadef255857046f47727718488a16f384ee27d1e069baefef0,1024,1536,1.0,0.706055,0.897786,0.499512,0.499674,1200,1200,1.0
933,CRMTP-B315D-1AV,Casio,Casio Analog Stainless Steel Black Dial Quartz MTP-B315D-1AV Men's Watch,exact-existing,,watches-only/CRMTP-B315D-1AV.png,product-shots/CRMTP-B315D-1AV/main.jpg,https://raw.githubusercontent.com/AveryArtlife/gembreak-images/main/watches-only/CRMTP-B315D-1AV.png,,pass,pass,,True,4686d23a268d452a84e9f92123b163f2823cc30605d5fcb4a7697d2f91b34393,1024,1536,1.0,0.704102,0.897786,0.499512,0.499674,1200,1200,1.0
934,CRF20707-3,Festina,Festina Classic Stainless Steel Grey Dial Quartz F20707-3 Men's Wa,exact-existing,,watches-only/CRF20707-3.png,product-shots/CRF20707-3/main.jpg,https://raw.githubusercontent.com/AveryArtlife/gembreak-images/main/watches-only/CRF20707-3.png,https://raw.githubusercontent.com/AveryArtlife/gembreak-images/main/watches-only/CRF20707-3.png,pass,pass,,True,8068dc92f453a1cc67cd0ec46d3352457aa75206a72f6ef927702010001a5044,510,900,1.0,0.972549,0.986667,0.5,0.498889,1200,1200,1.0
935,CRBG-169U-1C,Casio,Casio Baby-G Digital Resin Strap Pink Dial Quartz BG-169U-1C 200M,exact-existing,,watches-only/CRBG-169U-1C.png,product-shots/CRBG-169U-1C/main.jpg,https://raw.githubusercontent.com/AveryArtlife/gembreak-images/main/watches-only/CRBG-169U-1C.png,https://raw.githubusercontent.com/AveryArtlife/gembreak-images/main/watches-only/CRBG-169U-1C.png,pass,pass,,True,5baaca5f73e0ed2b3f98163d05c55b0184550a325bf172469f8ae8faa215444a,547,900,1.0,0.976234,0.984444,0.499086,0.5,1200,1200,1.0
936,CRBGA-15K-4A,Casio,Casio Baby-G Plus Analog Resin Strap Pastel Pink Dial Quartz BGA-1,exact-existing,,watches-only/CRBGA-15K-4A.png,product-shots/CRBGA-15K-4A/main.jpg,https://raw.githubusercontent.com/AveryArtlife/gembreak-images/main/watches-only/CRBGA-15K-4A.png,https://raw.githubusercontent.com/AveryArtlife/gembreak-images/main/watches-only/CRBGA-15K-4A.png,pass,pass,,True,ae67282489c17ecbe8952dc46f178d29c7122546c6a1e8f59dee11c9424dd777,565,900,1.0,0.976991,0.986667,0.500885,0.498889,1200,1200,1.0
937,CRABL-100WE-1B,Casio,Casio Vintage Digital Smartphone Link Stainless Steel Quartz ABL-1,exact-existing,,watches-only/CRABL-100WE-1B.png,product-shots/CRABL-100WE-1B/main.jpg,https://raw.githubusercontent.com/AveryArtlife/gembreak-images/main/watches-only/CRABL-100WE-1B.png,https://raw.githubusercontent.com/AveryArtlife/gembreak-images/main/watches-only/CRABL-100WE-1B.png,pass,pass,,True,a86de16d18bde8a478ea0fdbb1af27f74f9ee2d8a8b7c01c9ff8c51f9bb9d9d7,525,900,1.0,0.975238,0.984444,0.502857,0.498889,1200,1200,1.0
938,CRAMW-880D-1A,Casio,Casio Enticer World Time Telememo Analog Digital AMW-880D-1A AMW88,exact-existing,,watches-only/CRAMW-880D-1A.png,product-shots/CRAMW-880D-1A/main.jpg,https://raw.githubusercontent.com/AveryArtlife/gembreak-images/main/watches-only/CRAMW-880D-1A.png,https://raw.githubusercontent.com/AveryArtlife/gembreak-images/main/watches-only/CRAMW-880D-1A.png,pass,pass,,True,8118df5bb2c3d8af316b064d05b67aebc06e3588a9d8ec2e8eddf884a8fd7581,1024,1536,1.0,0.77832,0.908854,0.500488,0.5,1200,1200,1.0
939,CRFAB0000EB,Orient,Orient 3 Star Automatic FAB0000EB Analog Men's Watch,exact-existing,,watches-only/CRFAB0000EB.png,product-shots/CRFAB0000EB/main.jpg,https://raw.githubusercontent.com/AveryArtlife/gembreak-images/main/watches-only/CRFAB0000EB.png,https://raw.githubusercontent.com/AveryArtlife/gembreak-images/main/watches-only/CRFAB0000EB.png,pass,pass,,True,bd15debcc3405f1d114fc6df4791afb633ca0b401437df2fdbb9a214305aa540,1024,1536,1.0,0.72168,0.929688,0.492676,0.496094,1200,1200,1.0
940,CRMTP-B210D-7AV,Casio,Casio Standard Analog Stainless Steel White Dial Quartz MTP-B210D-7AV Men's Watch,exact-existing,,watches-only/CRMTP-B210D-7AV.png,product-shots/CRMTP-B210D-7AV/main.jpg,https://raw.githubusercontent.com/AveryArtlife/gembreak-images/main/watches-only/CRMTP-B210D-7AV.png,,pass,pass,,True,3b5736432c30a38cff3c8b4ef59a66eec93d26e21a0ea477973b6ea582894100,1024,1536,1.0,0.672852,0.89974,0.499512,0.498698,1200,1200,1.0
941,CRMTP-B210D-2A2V,Casio,Casio Standard Analog Stainless Steel Navy Blue Dial Quartz MTP-B210D-2A2V Men's Watch,exact-existing,,watches-only/CRMTP-B210D-2A2V.png,product-shots/CRMTP-B210D-2A2V/main.jpg,https://raw.githubusercontent.com/AveryArtlife/gembreak-images/main/watches-only/CRMTP-B210D-2A2V.png,,pass,pass,,True,5173b3b57776b59a6a1d8dc2c26aaa8df5f7938737459657d94c9d99051a2c29,1024,1536,1.0,0.672852,0.89974,0.500488,0.500651,1200,1200,1.0
942,CRMTP-B210D-2A1V,Casio,Casio Standard Analog Stainless Steel Teal Blue Dial Quartz MTP-B210D-2A1V Men's Watch,exact-existing,,watches-only/CRMTP-B210D-2A1V.png,product-shots/CRMTP-B210D-2A1V/main.jpg,https://raw.githubusercontent.com/AveryArtlife/gembreak-images/main/watches-only/CRMTP-B210D-2A1V.png,,pass,pass,,True,4fe8bc56d5c34c9c90d751e303a3205182f5bc9f24db7147846057c5c3ce2a74,1024,1536,1.0,0.669922,0.898438,0.499023,0.499349,1200,1200,1.0
943,CRMTP-B210D-1AV,Casio,Casio Standard Analog Stainless Steel Black Dial Quartz MTP-B210D-1AV Men's Watch,exact-existing,,watches-only/CRMTP-B210D-1AV.png,product-shots/CRMTP-B210D-1AV/main.jpg,https://raw.githubusercontent.com/AveryArtlife/gembreak-images/main/watches-only/CRMTP-B210D-1AV.png,,pass,pass,,True,a654afd948947332d29f38c871c059a457275417d8e709cbdc60c8cf83f822f8,1024,1536,1.0,0.669922,0.898438,0.5,0.500651,1200,1200,1.0
944,CRBGA-10-3A,Casio,Casio Baby-G Analog Playful Hearts Series Green Dial Quartz BGA-10,exact-existing,,watches-only/CRBGA-10-3A.png,product-shots/CRBGA-10-3A/main.jpg,https://raw.githubusercontent.com/AveryArtlife/gembreak-images/main/watches-only/CRBGA-10-3A.png,https://raw.githubusercontent.com/AveryArtlife/gembreak-images/main/watches-only/CRBGA-10-3A.png,pass,pass,,True,d0cf05406f0c2235ab3378277524c11c542b858c7d91dcfc33e2866d00db6be6,575,900,1.0,0.97913,0.985556,0.501739,0.499444,1200,1200,1.0
945,CRAMW-870D-1A,Casio,Casio Analog Digital World Time Stainless Steel AMW-870D-1A AMW870,exact-existing,,watches-only/CRAMW-870D-1A.png,product-shots/CRAMW-870D-1A/main.jpg,https://raw.githubusercontent.com/AveryArtlife/gembreak-images/main/watches-only/CRAMW-870D-1A.png,https://raw.githubusercontent.com/AveryArtlife/gembreak-images/main/watches-only/CRAMW-870D-1A.png,pass,pass,,True,112b4b2cb9178b4388d109bed7bc8c53324e6ab3ca2bb31fadfd6681f497ff32,1024,1536,1.0,0.782227,0.88151,0.499512,0.5,1200,1200,1.0
946,CRFAB0000DK9,Orient,Orient 3 Star Crystal Automatic FAB0000DK9 Men's Watch,exact-existing,,watches-only/CRFAB0000DK9.png,product-shots/CRFAB0000DK9/main.jpg,https://raw.githubusercontent.com/AveryArtlife/gembreak-images/main/watches-only/CRFAB0000DK9.png,https://raw.githubusercontent.com/AveryArtlife/gembreak-images/main/watches-only/CRFAB0000DK9.png,pass,pass,,True,2d57814cc3af61cfca1f312b642d546eb2e4d1c66bb1441b7aeab00076edd11c,1024,1536,1.0,0.667969,0.907552,0.510742,0.490234,1200,1200,1.0
947,CRBGA-10D-6A,Casio,Casio Baby-G Analog Resin Strap Purple Dial Quartz BGA-10D-6A 100M,exact-existing,,watches-only/CRBGA-10D-6A.png,product-shots/CRBGA-10D-6A/main.jpg,https://raw.githubusercontent.com/AveryArtlife/gembreak-images/main/watches-only/CRBGA-10D-6A.png,https://raw.githubusercontent.com/AveryArtlife/gembreak-images/main/watches-only/CRBGA-10D-6A.png,pass,pass,,True,c718d13182a1aec129aefc2324ac40fcb7a9d3da706995a4ad273868e12cf24f,580,900,1.0,0.977586,0.986667,0.500862,0.5,1200,1200,1.0
948,CRRF1207EFR-552D-2A,Refurbished,Refurbished Casio Edifice Analog Standard Chronograph Stainless Steel Blue Dial Quartz EFR-552D-2A 100M Men's Watch,exact-existing,,watches-only/CRRF1207EFR-552D-2A.png,product-shots/CRRF1207EFR-552D-2A/main.jpg,https://raw.githubusercontent.com/AveryArtlife/gembreak-images/main/watches-only/CRRF1207EFR-552D-2A.png,,pass,pass,,True,5413796ab3d02b336da1ad6e7de3900515b86daee34c802c6994e2e45243cc68,1024,1536,1.0,0.77832,0.899089,0.499512,0.500326,1200,1200,1.0
949,CRAMW-880D-3AV,Casio,Casio Analog Digital Stainless Steel Green Dial Quartz AMW-880D-3A,exact-existing,,watches-only/CRAMW-880D-3AV.png,product-shots/CRAMW-880D-3AV/main.jpg,https://raw.githubusercontent.com/AveryArtlife/gembreak-images/main/watches-only/CRAMW-880D-3AV.png,https://raw.githubusercontent.com/AveryArtlife/gembreak-images/main/watches-only/CRAMW-880D-3AV.png,pass,pass,,True,a4dd8294344655c07320e16240dc841c4f6aa6461885f609810adbd30583d2f9,636,900,1.0,0.97956,0.985556,0.499214,0.501667,1200,1200,1.0
950,CRBGA-10D-2A1,Casio,Casio Baby-G Analog Resin Blue Dial Quartz BGA-10D-2A1 100M Women',exact-existing,,watches-only/CRBGA-10D-2A1.png,product-shots/CRBGA-10D-2A1/main.jpg,https://raw.githubusercontent.com/AveryArtlife/gembreak-images/main/watches-only/CRBGA-10D-2A1.png,https://raw.githubusercontent.com/AveryArtlife/gembreak-images/main/watches-only/CRBGA-10D-2A1.png,pass,pass,,True,76c76ebfe153ca1440c78894ee53b2478659e4b35de78ea2f10b20fc5cafc605,580,900,1.0,0.975862,0.982222,0.5,0.5,1200,1200,1.0
951,CRMTP-M307D-3BV,Casio,Casio Standard Analog Stainless Steel Green And White Dial Quartz MTP-M307D-3BV Men's Watch,exact-existing,,watches-only/CRMTP-M307D-3BV.png,product-shots/CRMTP-M307D-3BV/main.jpg,https://raw.githubusercontent.com/AveryArtlife/gembreak-images/main/watches-only/CRMTP-M307D-3BV.png,,pass,pass,,True,98f22ea47f9e50b5d4ace6f0c143bb487f98b3117b78e3e79a022f7b74791b04,1024,1536,1.0,0.594727,0.89974,0.499512,0.500651,1200,1200,1.0
952,CRMTP-M307D-2BV,Casio,Casio Standard Analog Stainless Steel Blue And White Dial Quartz MTP-M307D-2BV Men's Watch,exact-existing,,watches-only/CRMTP-M307D-2BV.png,product-shots/CRMTP-M307D-2BV/main.jpg,https://raw.githubusercontent.com/AveryArtlife/gembreak-images/main/watches-only/CRMTP-M307D-2BV.png,,pass,pass,,True,5b95230e21ab9f0602c74adb163ee48acf0bae5760a4f80d79768f6e9e67644d,1024,1536,1.0,0.594727,0.899089,0.500488,0.499674,1200,1200,1.0
953,CRMTP-M306D-2AV,Casio,Casio Standard Analog Stainless Steel Blue Dial Quartz MTP-M306D-2AV Men's Watch,exact-existing,,watches-only/CRMTP-M306D-2AV.png,product-shots/CRMTP-M306D-2AV/main.jpg,https://raw.githubusercontent.com/AveryArtlife/gembreak-images/main/watches-only/CRMTP-M306D-2AV.png,,pass,pass,,True,e707cc2770a44268326725f17852e2250694173887419d8b8b1bb1695cc7b4e5,1024,1536,1.0,0.59668,0.899089,0.498535,0.500977,1200,1200,1.0
954,CRDW-9052-2VDR,Casio,Casio G-Shock Illuminator DW-9052-2VDR DW9052-2VDR 200M Digital Me,exact-existing,,watches-only/CRDW-9052-2VDR.png,product-shots/CRDW-9052-2VDR/main.jpg,https://raw.githubusercontent.com/AveryArtlife/gembreak-images/main/watches-only/CRDW-9052-2VDR.png,https://raw.githubusercontent.com/AveryArtlife/gembreak-images/main/watches-only/CRDW-9052-2VDR.png,pass,pass,,True,5978e48eb894b39532fe691986c97da42624dea49e1feeeca89163df171aef98,562,900,1.0,0.980427,0.985556,0.49911,0.498333,1200,1200,1.0
955,CRAQ-800EG-9A,Casio,Casio Vintage Analog Digital Gold Ion Plated Stainless Steel Beige,exact-existing,,watches-only/CRAQ-800EG-9A.png,product-shots/CRAQ-800EG-9A/main.jpg,https://raw.githubusercontent.com/AveryArtlife/gembreak-images/main/watches-only/CRAQ-800EG-9A.png,https://raw.githubusercontent.com/AveryArtlife/gembreak-images/main/watches-only/CRAQ-800EG-9A.png,pass,pass,,True,fb82eae099aa495e59ac102d55331cd1111761f972aca8bd7238d923f2270236,451,900,1.0,0.968958,0.987778,0.5,0.500556,1200,1200,1.0
956,CRDBC-611-1DF,Casio,Casio Digital Stainless Steel Data Bank Multi-Lingual DBC-611-1DF,exact-existing,,watches-only/CRDBC-611-1DF.png,product-shots/CRDBC-611-1DF/main.jpg,https://raw.githubusercontent.com/AveryArtlife/gembreak-images/main/watches-only/CRDBC-611-1DF.png,https://raw.githubusercontent.com/AveryArtlife/gembreak-images/main/watches-only/CRDBC-611-1DF.png,pass,pass,,True,f685f19616e64090426239bd91c2ef6e7bbc55e077d1e482c89379165af6ff09,1024,1536,1.0,0.780273,0.911458,0.499512,0.5,1200,1200,1.0
957,CRBGA-15K-7A,Casio,Casio Baby-G Plus Analog Resin White Dial Quartz BGA-15K-7A 100M Women's Watch With Convertible Holder,exact-existing,,watches-only/CRBGA-15K-7A.png,product-shots/CRBGA-15K-7A/main.jpg,https://raw.githubusercontent.com/AveryArtlife/gembreak-images/main/watches-only/CRBGA-15K-7A.png,,pass,pass,,True,3a65858c42082f338bf1fa9c172fd8b362387910042cd08050a8018de93a3a68,1024,1536,1.0,0.852539,0.898438,0.500488,0.499349,1200,1200,1.0
958,CRA168WEGB-1B,Casio,Casio Vintage Alarm Digital A168WEGB-1B Unisex Watch,exact-existing,,watches-only/CRA168WEGB-1B.png,product-shots/CRA168WEGB-1B/main.jpg,https://raw.githubusercontent.com/AveryArtlife/gembreak-images/main/watches-only/CRA168WEGB-1B.png,https://raw.githubusercontent.com/AveryArtlife/gembreak-images/main/watches-only/CRA168WEGB-1B.png,pass,pass,,True,e14ae94057a71154ce03bdade4808955ef94499e267c1e88d5b317a3c3d93b05,1024,1536,1.0,0.78125,0.911458,0.5,0.5,1200,1200,1.0
959,CREFV-160D-4AV,Casio,Casio Edifice Analog Stainless Steel Red Dial Quartz EFV-160D-4AV 100M Men's Watch,exact-existing,,watches-only/CREFV-160D-4AV.png,product-shots/CREFV-160D-4AV/main.jpg,https://raw.githubusercontent.com/AveryArtlife/gembreak-images/main/watches-only/CREFV-160D-4AV.png,,pass,pass,,True,8e0d4eb5fd2aedf107f536a21dcaee836435bb1ce03ae5f87c9d95af14a51a5e,1024,1536,1.0,0.716797,0.89974,0.498047,0.499349,1200,1200,1.0
960,CRMTP-B215D-2AV,Casio,Casio Analog Stainless Steel Blue Dial Quartz MTP-B215D-2AV Men's Watch,exact-existing,,watches-only/CRMTP-B215D-2AV.png,product-shots/CRMTP-B215D-2AV/main.jpg,https://raw.githubusercontent.com/AveryArtlife/gembreak-images/main/watches-only/CRMTP-B215D-2AV.png,,pass,pass,,True,952d8935f7c1fee619c5a1dd4677634691da5472fabf82cdb12e07181574a2a3,1024,1536,1.0,0.480469,0.901042,0.499023,0.499349,1200,1200,1.0
961,CRBGA-15K-6A,Casio,Casio Baby-G Plus Analog Resin Purple Dial Quartz BGA-15K-6A 100M Women's Watch With Convertible Holder,exact-existing,,watches-only/CRBGA-15K-6A.png,product-shots/CRBGA-15K-6A/main.jpg,https://raw.githubusercontent.com/AveryArtlife/gembreak-images/main/watches-only/CRBGA-15K-6A.png,,pass,pass,,True,fba4f68731eadb29ba233baeb62bf3fb7bd8bad1223645d5ff465360261d32c3,1024,1536,1.0,0.824219,0.897786,0.5,0.499674,1200,1200,1.0
962,CRF16477-1,Festina,Festina Classic Leather Strap White Dial Quartz F16477-1 Women's W,exact-existing,,watches-only/CRF16477-1.png,product-shots/CRF16477-1/main.jpg,https://raw.githubusercontent.com/AveryArtlife/gembreak-images/main/watches-only/CRF16477-1.png,https://raw.githubusercontent.com/AveryArtlife/gembreak-images/main/watches-only/CRF16477-1.png,pass,pass,,True,b55e5a9d00d797f37ab733ee54b389b9cf266b7a468e6da9585ec0c8c52f865d,466,900,1.0,0.974249,0.987778,0.502146,0.499444,1200,1200,1.0
963,CRAMW-880D-2A1V,Casio,Casio Analog Digital Combination Stainless Steel Blue Dial Quartz AMW-880D-2A1V Men's Watch,exact-existing,,watches-only/CRAMW-880D-2A1V.png,product-shots/CRAMW-880D-2A1V/main.jpg,https://raw.githubusercontent.com/AveryArtlife/gembreak-images/main/watches-only/CRAMW-880D-2A1V.png,,pass,pass,,True,4fde83e39ed90378fc8662c1950beaf61d03e3450ae7b603d5d02d36062d6609,1024,1536,1.0,0.882812,0.839844,0.5,0.500651,1200,1200,1.0
964,CRRF913AMW-880D-1A,Refurbished,Refurbished Casio Enticer World Time Telememo Analog Digital AMW-880D-1A AMW880D-1 Men's Watch,exact-existing,,watches-only/CRRF913AMW-880D-1A.png,product-shots/CRRF913AMW-880D-1A/main.jpg,https://raw.githubusercontent.com/AveryArtlife/gembreak-images/main/watches-only/CRRF913AMW-880D-1A.png,,pass,pass,,True,4ae86f068f758527a58f0c70b1c07bb2031d442e1c6fddda5d742782eb3398d9,1024,1536,1.0,0.77832,0.874349,0.500488,0.500326,1200,1200,1.0
965,CRMTS-115D-8AV,Casio,Casio Standard Analog Stainless Steel Grey Dial Quartz MTS-115D-8AV Men's Watch,exact-existing,,watches-only/CRMTS-115D-8AV.png,product-shots/CRMTS-115D-8AV/main.jpg,https://raw.githubusercontent.com/AveryArtlife/gembreak-images/main/watches-only/CRMTS-115D-8AV.png,,pass,pass,,True,a0dc1951e84997841355d73fc930e8a278515c40f86141de53fb3f5c3b2a6afc,1024,1536,1.0,0.691406,0.897786,0.499023,0.499674,1200,1200,1.0
966,CRMTS-115D-1AV,Casio,Casio Standard Analog Stainless Steel Black Dial Quartz MTS-115D-1AV Men's Watch,exact-existing,,watches-only/CRMTS-115D-1AV.png,product-shots/CRMTS-115D-1AV/main.jpg,https://raw.githubusercontent.com/AveryArtlife/gembreak-images/main/watches-only/CRMTS-115D-1AV.png,,pass,pass,,True,f1fa83964c0075593c4f9aca0659e7f87ef144fbf7aa2327428bd578aba951e4,1024,1536,1.0,0.69043,0.897135,0.499512,0.5,1200,1200,1.0
967,CRBGA-10D-2A2,Casio,Casio Baby-G Analog Resin Blue Dial Quartz BGA-10D-2A2 100M Women's Watch,exact-existing,,watches-only/CRBGA-10D-2A2.png,product-shots/CRBGA-10D-2A2/main.jpg,https://raw.githubusercontent.com/AveryArtlife/gembreak-images/main/watches-only/CRBGA-10D-2A2.png,,pass,pass,,True,13a544fd17a3123cc05fdf92e91d0f745c8d528453c9e321fd803a88876018bd,1024,1536,1.0,0.855469,0.899089,0.499023,0.500326,1200,1200,1.0
968,EAMDV-106B-2A,Casio,MDV-106B Duro/Blue,exact-existing,,watches-only/EAMDV-106B-2A.png,product-shots/EAMDV-106B-2A/main.jpg,https://raw.githubusercontent.com/AveryArtlife/gembreak-images/main/watches-only/EAMDV-106B-2A.png,https://raw.githubusercontent.com/AveryArtlife/gembreak-images/main/watches-only/EAMDV-106B-2A.png,pass,pass,,True,f845a61ae5cf0f740aef39e8294a33d7fb510b318f34e575e66f733faee54fd0,651,900,1.0,0.978495,0.983333,0.5,0.499444,1200,1200,1.0
969,EATRT-110H-1A,Casio,TRT-110H Black,exact-existing,,watches-only/EATRT-110H-1A.png,product-shots/EATRT-110H-1A/main.jpg,https://raw.githubusercontent.com/AveryArtlife/gembreak-images/main/watches-only/EATRT-110H-1A.png,https://raw.githubusercontent.com/AveryArtlife/gembreak-images/main/watches-only/EATRT-110H-1A.png,pass,pass,,True,ce4944e68bdc30562855a2c4f9687438ffa2725365fa1aa267f6bbe5732b33bb,650,900,1.0,0.973846,0.986667,0.500769,0.5,1200,1200,1.0
970,EAMDV-106B-1A1,Casio,MDV-106B Duro,exact-existing,,watches-only/EAMDV-106B-1A1.png,product-shots/EAMDV-106B-1A1/main.jpg,https://raw.githubusercontent.com/AveryArtlife/gembreak-images/main/watches-only/EAMDV-106B-1A1.png,https://raw.githubusercontent.com/AveryArtlife/gembreak-images/main/watches-only/EAMDV-106B-1A1.png,pass,pass,,True,9225a0aef83f3d21e4755ab5f65af8d147a45ce71c245c50278ba1b6bcea5e5f,653,900,1.0,0.97856,0.99,0.5,0.499444,1200,1200,1.0
971,EAMDV-106G-1A,Casio,MDV-106G Duro/Gold,exact-existing,,watches-only/EAMDV-106G-1A.png,product-shots/EAMDV-106G-1A/main.jpg,https://raw.githubusercontent.com/AveryArtlife/gembreak-images/main/watches-only/EAMDV-106G-1A.png,https://raw.githubusercontent.com/AveryArtlife/gembreak-images/main/watches-only/EAMDV-106G-1A.png,pass,pass,,True,5c675bd0daed25f5014e0277bfc00e41408d768cbe585faf57e26fd618c7839f,650,900,1.0,0.98,0.983333,0.499231,0.498333,1200,1200,1.0
972,EAMDV-106DD-1A2,Casio,MDV-106DD Duro,exact-existing,,watches-only/EAMDV-106DD-1A2.png,product-shots/EAMDV-106DD-1A2/main.jpg,https://raw.githubusercontent.com/AveryArtlife/gembreak-images/main/watches-only/EAMDV-106DD-1A2.png,https://raw.githubusercontent.com/AveryArtlife/gembreak-images/main/watches-only/EAMDV-106DD-1A2.png,pass,pass,,True,2669dffc19eba8686273505d65d226652f00e9a372cef443524c62036c33df92,640,900,1.0,0.996875,0.996667,0.498437,0.501667,1200,1200,1.0
973,EAMDV-106-1A,Casio,MDV-106 Duro/Black-Silver,exact-existing,,watches-only/EAMDV-106-1A.png,product-shots/EAMDV-106-1A/main.jpg,https://raw.githubusercontent.com/AveryArtlife/gembreak-images/main/watches-only/EAMDV-106-1A.png,https://raw.githubusercontent.com/AveryArtlife/gembreak-images/main/watches-only/EAMDV-106-1A.png,pass,pass,,True,2f81b70122f6aed154da36a9f597678ed092f3dce2920a723dab90d4ceadc53e,656,900,1.0,0.978659,0.984444,0.5,0.498889,1200,1200,1.0
974,CRRF385MTD-130D-7AV,Refurbished,Refurbished Casio Standard Analog Stainless Steel Silver Dial Quartz MTD-130D-7AV 100M Men's Watch,exact-existing,,watches-only/CRRF385MTD-130D-7AV.png,product-shots/CRRF385MTD-130D-7AV/main.jpg,https://raw.githubusercontent.com/AveryArtlife/gembreak-images/main/watches-only/CRRF385MTD-130D-7AV.png,,pass,pass,,True,3dbbebf4ac3566847d52ad53e76d39417c09f16c1ba02d1222b5ad5f58056529,1024,1536,1.0,0.739258,0.897786,0.499512,0.500326,1200,1200,1.0
975,CRRF1415LA670WGA-9DF,Refurbished,Refurbished Casio Digital Stainless Steel Alarm Timer LA670WGA-9DF LA670WGA-9 Women's Watch,exact-existing,,watches-only/CRRF1415LA670WGA-9DF.png,product-shots/CRRF1415LA670WGA-9DF/main.jpg,https://raw.githubusercontent.com/AveryArtlife/gembreak-images/main/watches-only/CRRF1415LA670WGA-9DF.png,,pass,pass,,True,7d581fddd685e9cb82af316aa1171c6e26217bd577802b714b2b1d8bec7be65d,1024,1536,1.0,0.78125,0.911458,0.5,0.5,1200,1200,1.0
976,CRRF1412A500WGA-1DF,Refurbished,Refurbished Casio Digital Stainless Steel World Time A500WGA-1DF A500WGA-1 Men's Watch,exact-existing,,watches-only/CRRF1412A500WGA-1DF.png,product-shots/CRRF1412A500WGA-1DF/main.jpg,https://raw.githubusercontent.com/AveryArtlife/gembreak-images/main/watches-only/CRRF1412A500WGA-1DF.png,,pass,pass,,True,ea26026af8af8cc4aaf030ba2cc2988456aa5136b3f0d45e9cde9a73d09d4cd8,1024,1536,1.0,0.689453,0.897786,0.499023,0.499674,1200,1200,1.0
977,CRAQ-230A-2A1,Casio,Casio Vintage Analog Digital Turquoise Blue Dial Quartz AQ-230A-2A1 Unisex Watch,exact-existing,,watches-only/CRAQ-230A-2A1.png,product-shots/CRAQ-230A-2A1/main.jpg,https://raw.githubusercontent.com/AveryArtlife/gembreak-images/main/watches-only/CRAQ-230A-2A1.png,,pass,pass,,True,42711f0c426125b91edfe19854a59b36361f29537d650b233e556bae6f4e5a46,1024,1536,1.0,0.650391,0.89974,0.499023,0.499349,1200,1200,1.0
978,EASGW-100B-3V,Casio,SGW-100B Black,exact-existing,,watches-only/EASGW-100B-3V.png,product-shots/EASGW-100B-3V/main.jpg,https://raw.githubusercontent.com/AveryArtlife/gembreak-images/main/watches-only/EASGW-100B-3V.png,https://raw.githubusercontent.com/AveryArtlife/gembreak-images/main/watches-only/EASGW-100B-3V.png,pass,pass,,True,204ffdb3581786fc86cf3abb2cb0109a5792325d669cc2cedd6448184f6c4bc1,626,900,1.0,0.980831,0.985556,0.501597,0.498333,1200,1200,1.0
979,EASGW-100-1V,Casio,SGW-100 Black,exact-existing,,watches-only/EASGW-100-1V.png,product-shots/EASGW-100-1V/main.jpg,https://raw.githubusercontent.com/AveryArtlife/gembreak-images/main/watches-only/EASGW-100-1V.png,https://raw.githubusercontent.com/AveryArtlife/gembreak-images/main/watches-only/EASGW-100-1V.png,pass,pass,,True,33e36d9ba4003eea9d65f93aea8df00e68f094adcb73557481114a5f20d7d7fb,619,900,1.0,0.983845,0.986667,0.5,0.5,1200,1200,1.0
980,CRRF1227AQ-800EG-9A,Refurbished,Refurbished Casio Vintage Analog Digital Gold Ion Plated Stainless Steel Beige Dial Quartz AQ-800EG-9A Unisex Watch,exact-existing,,watches-only/CRRF1227AQ-800EG-9A.png,product-shots/CRRF1227AQ-800EG-9A/main.jpg,https://raw.githubusercontent.com/AveryArtlife/gembreak-images/main/watches-only/CRRF1227AQ-800EG-9A.png,,pass,pass,,True,e2efbe257cdeb7d6fe089735e766de024a28728b542739d84c6d0c1a80372c2d,1024,1536,1.0,0.661133,0.899089,0.499512,0.500977,1200,1200,1.0
981,CR50218PPN607,Westar,Westar Profile Stainless Steel Silver Dial Quartz 50218PPN607 Men's Watch,exact-existing,,watches-only/CR50218PPN607.png,product-shots/CR50218PPN607/main.jpg,https://raw.githubusercontent.com/AveryArtlife/gembreak-images/main/watches-only/CR50218PPN607.png,,pass,pass,,True,b1a8715b58a9290f1ef70785be5cfad5b291a6ded8ca411dc774b751b41fd2bb,1024,1536,1.0,0.702148,0.907552,0.499512,0.5,1200,1200,1.0
982,CR50218SPN607,Westar,Westar Profile Stainless Steel Silver Dial Quartz 50218SPN607 Men's Watch,exact-existing,,watches-only/CR50218SPN607.png,product-shots/CR50218SPN607/main.jpg,https://raw.githubusercontent.com/AveryArtlife/gembreak-images/main/watches-only/CR50218SPN607.png,,pass,pass,,True,fd1cf7efdf39b7ce8509445e599e7765809d9e2ef34049b6f201974f21e84d82,1024,1536,1.0,0.703125,0.908203,0.499023,0.499674,1200,1200,1.0
983,CR00135CBN111,Westar,Westar Zing Crystal Accents Two Tone Stainless Steel White Mother Of Pearl Dial Quartz 00135CBN111 Women's Watch,exact-existing,,watches-only/CR00135CBN111.png,product-shots/CR00135CBN111/main.jpg,https://raw.githubusercontent.com/AveryArtlife/gembreak-images/main/watches-only/CR00135CBN111.png,,pass,pass,,True,ab920e87ade31873ec98fa23671b4068a23b2d25c296a4954532fee8b790aa56,1024,1536,1.0,0.706055,0.907552,0.500488,0.5,1200,1200,1.0
984,CR00127PPN611,Westar,Westar Zing Crystal Accents Rose Gold Tone Stainless Steel White Mother Of Pearl Dial Quartz 00127PPN611 Women's Watch,exact-existing,,watches-only/CR00127PPN611.png,product-shots/CR00127PPN611/main.jpg,https://raw.githubusercontent.com/AveryArtlife/gembreak-images/main/watches-only/CR00127PPN611.png,,pass,pass,,True,c9e38b8e09642ac1a4e5440cbb72a155e830809fbec6b8fb392d07494cd98b4b,1024,1536,1.0,0.754883,0.897786,0.500488,0.499674,1200,1200,1.0
985,CR90250SBN903,Westar,Westar Activ Sports Stainless Steel Black Dial Quartz 90250SBN903 100M Men's Watch,exact-existing,,watches-only/CR90250SBN903.png,product-shots/CR90250SBN903/main.jpg,https://raw.githubusercontent.com/AveryArtlife/gembreak-images/main/watches-only/CR90250SBN903.png,,pass,pass,,True,b0c24e62d970c0926978c978b84a08ef65e23f38ee9dd8a006f26f135f408bb5,1024,1536,1.0,0.78125,0.89388,0.5,0.500326,1200,1200,1.0
986,CRRF1265A700WG-9A,Refurbished,Refurbished Casio Youth Vintage A700WG-9A Alarm Chronograph Quartz Men's Watch,exact-existing,,watches-only/CRRF1265A700WG-9A.png,product-shots/CRRF1265A700WG-9A/main.jpg,https://raw.githubusercontent.com/AveryArtlife/gembreak-images/main/watches-only/CRRF1265A700WG-9A.png,,pass,pass,,True,22048cf33a97205f8cca4de8eb6a9ba0db3f350bd2126592611995d604c42f1a,1024,1536,1.0,0.78125,0.911458,0.5,0.5,1200,1200,1.0
987,CRRF1413LA-11WR-5A,Refurbished,Refurbished Casio Vintage Youth Digital LA-11WR-5A LA11WR-5A Women's Watch,exact-existing,,watches-only/CRRF1413LA-11WR-5A.png,product-shots/CRRF1413LA-11WR-5A/main.jpg,https://raw.githubusercontent.com/AveryArtlife/gembreak-images/main/watches-only/CRRF1413LA-11WR-5A.png,,pass,pass,,True,8f17c63f9372b177cfba916896933b0eb72ab5745b0e97851a268f493f7ba840,1024,1536,1.0,0.560547,0.898438,0.499023,0.5,1200,1200,1.0
988,CR40210GPN107,Westar,Westar Profile Gold Tone Stainless Steel White Dial Quartz 40210GPN107 Women's Watch,exact-existing,,watches-only/CR40210GPN107.png,product-shots/CR40210GPN107/main.jpg,https://raw.githubusercontent.com/AveryArtlife/gembreak-images/main/watches-only/CR40210GPN107.png,,pass,pass,,True,97090e41ca899aee4fcbb0209236d8e922967e95393e346c2827507cd5d595bb,1024,1536,1.0,0.780273,0.911458,0.500488,0.5,1200,1200,1.0
989,CR40218STN102,Westar,Westar Profile Two Tone Stainless Steel Light Champagne Dial Quartz 40218STN102 Women's Watch,exact-existing,,watches-only/CR40218STN102.png,product-shots/CR40218STN102/main.jpg,https://raw.githubusercontent.com/AveryArtlife/gembreak-images/main/watches-only/CR40218STN102.png,,pass,pass,,True,a2be5e980b242a2b242e929c7cff03f01fe48bc7029d9983442dfd6ad83b25bd,1024,1536,1.0,0.705078,0.908203,0.499023,0.500326,1200,1200,1.0
990,CR40215SPN607,Westar,Westar Profile Two Tone Stainless Steel Silver Dial Quartz 40215SPN607 Women's Watch,exact-existing,,watches-only/CR40215SPN607.png,product-shots/CR40215SPN607/main.jpg,https://raw.githubusercontent.com/AveryArtlife/gembreak-images/main/watches-only/CR40215SPN607.png,,pass,pass,,True,8268575b9b33524be0b6379a5dca2e39c9f9239c93240a289f26456a89301adf,1024,1536,1.0,0.641602,0.892578,0.51709,0.504232,1200,1200,1.0
991,CR40215PPN607,Westar,Westar Profile Rose Gold Tone Stainless Steel Silver Dial Quartz 40215PPN607 Women's Watch,exact-existing,,watches-only/CR40215PPN607.png,product-shots/CR40215PPN607/main.jpg,https://raw.githubusercontent.com/AveryArtlife/gembreak-images/main/watches-only/CR40215PPN607.png,,pass,pass,,True,933f11dffdcd64470e193b78eac5a5b4032d77541a5d0c71e524c470c49b4a4f,1024,1536,1.0,0.648438,0.899089,0.499023,0.499674,1200,1200,1.0
992,CR00127STN111,Westar,Westar Zing Crystal Accents Stainless Steel White Mother Of Pearl Dial Quartz 00127STN111 Women's Watch,exact-existing,,watches-only/CR00127STN111.png,product-shots/CR00127STN111/main.jpg,https://raw.githubusercontent.com/AveryArtlife/gembreak-images/main/watches-only/CR00127STN111.png,,pass,pass,,True,079324c72e71474cd22220ad4d361d5a34a2c39f56a28eade384677aef02252b,1024,1536,1.0,0.756836,0.900391,0.500488,0.499023,1200,1200,1.0
993,CRRF934AQ-230A-1DHDF,Refurbished,Refurbished Casio Youth Quartz Analog Digital AQ-230A-1DHDF AQ230A-1DHDF Unisex Watch,exact-existing,,watches-only/CRRF934AQ-230A-1DHDF.png,product-shots/CRRF934AQ-230A-1DHDF/main.jpg,https://raw.githubusercontent.com/AveryArtlife/gembreak-images/main/watches-only/CRRF934AQ-230A-1DHDF.png,,pass,pass,,True,d9a03293136a226c30fcf87304db4336e39ddc0c3ed90e12f96c46644cc7328d,1024,1536,1.0,0.647461,0.901042,0.498535,0.5,1200,1200,1.0
994,CRRF921A700WM-7A,Refurbished,Refurbished Casio Youth Vintage Daily Alarm Quartz A-700WM-7A A700WM-7A 100M Women's Watch,exact-existing,,watches-only/CRRF921A700WM-7A.png,product-shots/CRRF921A700WM-7A/main.jpg,https://raw.githubusercontent.com/AveryArtlife/gembreak-images/main/watches-only/CRRF921A700WM-7A.png,,pass,pass,,True,78290b7de3a50a45d2c2f3266ec3de54943efe89a04afcac073070d33a4e36d3,1024,1536,1.0,0.780273,0.911458,0.499512,0.5,1200,1200,1.0
995,CR50247BZZ103,Westar,Westar Profile Gold Tone Stainless Steel Black Dial Quartz 50247BZZ103 Men's Watch,exact-existing,,watches-only/CR50247BZZ103.png,product-shots/CR50247BZZ103/main.jpg,https://raw.githubusercontent.com/AveryArtlife/gembreak-images/main/watches-only/CR50247BZZ103.png,,pass,pass,,True,91cd9ff0f33e0837b64ed124bf2adfea25950b2dfb91ccb962286f9bcd4c1564,1024,1536,1.0,0.796875,0.89974,0.499023,0.5,1200,1200,1.0
996,EAWV-200A-1AV,Casio,WV-200A,exact-existing,,watches-only/EAWV-200A-1AV.png,product-shots/EAWV-200A-1AV/main.jpg,https://raw.githubusercontent.com/AveryArtlife/gembreak-images/main/watches-only/EAWV-200A-1AV.png,https://raw.githubusercontent.com/AveryArtlife/gembreak-images/main/watches-only/EAWV-200A-1AV.png,pass,pass,,True,e79524ec320c5f573734de410e7e1f4a0633dcd8a5cc39d0e73ff8f16f5d707a,638,900,1.0,0.978056,0.986667,0.5,0.5,1200,1200,1.0
997,CR50215STN104,Westar,Westar Profile Stainless Steel Blue Dial Quartz 50215STN104 Men's Watch,exact-existing,,watches-only/CR50215STN104.png,product-shots/CR50215STN104/main.jpg,https://raw.githubusercontent.com/AveryArtlife/gembreak-images/main/watches-only/CR50215STN104.png,,pass,pass,,True,afd9b5da89b0101a382d5b527bb5cda2fc790ce8ed3e5c9d300a60028437ae4f,1024,1536,1.0,0.730469,0.898438,0.5,0.500651,1200,1200,1.0
998,CR50215STN102,Westar,Westar Profile Stainless Steel Light Champagne Dial Quartz 50215STN102 Men's Watch,exact-existing,,watches-only/CR50215STN102.png,product-shots/CR50215STN102/main.jpg,https://raw.githubusercontent.com/AveryArtlife/gembreak-images/main/watches-only/CR50215STN102.png,,pass,pass,,True,42fffec6825e0bc75f35a76ecda0bd36bcfbc9dcb39366cfd248d26846eff7ea,1024,1536,1.0,0.732422,0.900391,0.500977,0.500977,1200,1200,1.0
999,CR50247STN101,Westar,Westar Profile Stainless Steel Mesh White Dial Quartz 50247STN101 Men's Watch,exact-existing,,watches-only/CR50247STN101.png,product-shots/CR50247STN101/main.jpg,https://raw.githubusercontent.com/AveryArtlife/gembreak-images/main/watches-only/CR50247STN101.png,,pass,pass,,True,f4e84a0e2b8fc8ad025cb614b022acf47467363443ba1ac9d6899c9b6b044084,1024,1536,1.0,0.795898,0.899089,0.499512,0.500977,1200,1200,1.0
1000,EAMTP-1170N-7A,Casio,MTP-1170N Silver-Tone,exact-existing,,watches-only/EAMTP-1170N-7A.png,product-shots/EAMTP-1170N-7A/main.jpg,https://raw.githubusercontent.com/AveryArtlife/gembreak-images/main/watches-only/EAMTP-1170N-7A.png,https://raw.githubusercontent.com/AveryArtlife/gembreak-images/main/watches-only/EAMTP-1170N-7A.png,pass,pass,,True,c5a31ea26941ac98e9aacbff3bd32df7e905e72dae84e4c3cf0829fd5411f349,1024,1536,1.0,0.78125,0.911458,0.5,0.5,1200,1200,1.0
1001,EAMTP-V002L-5B3,Casio,MTP-V002L Gents,exact-existing,,watches-only/EAMTP-V002L-5B3.png,product-shots/EAMTP-V002L-5B3/main.jpg,https://raw.githubusercontent.com/AveryArtlife/gembreak-images/main/watches-only/EAMTP-V002L-5B3.png,https://raw.githubusercontent.com/AveryArtlife/gembreak-images/main/watches-only/EAMTP-V002L-5B3.png,pass,pass,,True,fd55330b2a46b6d9644907dcb33e3ee846f8d24dc4d53a9deee3a24fad3eb653,537,900,1.0,0.975791,0.985556,0.499069,0.499444,1200,1200,1.0
1002,EAMTP-4500D-1AV,Casio,MTP-4500D,exact-existing,,watches-only/EAMTP-4500D-1AV.png,product-shots/EAMTP-4500D-1AV/main.jpg,https://raw.githubusercontent.com/AveryArtlife/gembreak-images/main/watches-only/EAMTP-4500D-1AV.png,https://raw.githubusercontent.com/AveryArtlife/gembreak-images/main/watches-only/EAMTP-4500D-1AV.png,pass,pass,,True,626555c52acc53f14f0b883665b900173e054a6faa71c29bee054cfdad612dd1,1024,1536,1.0,0.78125,0.910156,0.5,0.5,1200,1200,1.0
1003,EAMTP-V002GL-7B,Casio,MTP-V002GL Gents,exact-existing,,watches-only/EAMTP-V002GL-7B.png,product-shots/EAMTP-V002GL-7B/main.jpg,https://raw.githubusercontent.com/AveryArtlife/gembreak-images/main/watches-only/EAMTP-V002GL-7B.png,https://raw.githubusercontent.com/AveryArtlife/gembreak-images/main/watches-only/EAMTP-V002GL-7B.png,pass,pass,,True,2a3f4eb0b446080d0c2cb29e2d83f6633a78d40b44a8320db904304864090fa1,546,900,1.0,0.974359,0.982222,0.498168,0.5,1200,1200,1.0
1004,EAMTP-VD03D-3A1,Casio,MTP-VD03D Silver,exact-existing,,watches-only/EAMTP-VD03D-3A1.png,product-shots/EAMTP-VD03D-3A1/main.jpg,https://raw.githubusercontent.com/AveryArtlife/gembreak-images/main/watches-only/EAMTP-VD03D-3A1.png,https://raw.githubusercontent.com/AveryArtlife/gembreak-images/main/watches-only/EAMTP-VD03D-3A1.png,pass,pass,,True,ebb7eadcffd85af3d5bec22ab07935cc3030d9af88606fe30971a57bae2dc567,597,900,1.0,0.976549,0.986667,0.501675,0.5,1200,1200,1.0
1005,EAMTP-VT01GL-3B,Casio,MTP-VT01GL Gents,exact-existing,,watches-only/EAMTP-VT01GL-3B.png,product-shots/EAMTP-VT01GL-3B/main.jpg,https://raw.githubusercontent.com/AveryArtlife/gembreak-images/main/watches-only/EAMTP-VT01GL-3B.png,https://raw.githubusercontent.com/AveryArtlife/gembreak-images/main/watches-only/EAMTP-VT01GL-3B.png,pass,pass,,True,b4ba5d2f348b6466ed634e44ab04a1bbc12de1cee4882c02ccfb24b33e92d11e,573,900,1.0,0.975567,0.98,0.501745,0.5,1200,1200,1.0
1006,EAMTP-VD01BL-2B,Casio,MTP-VD01BL Gents Enticer,exact-existing,,watches-only/EAMTP-VD01BL-2B.png,product-shots/EAMTP-VD01BL-2B/main.jpg,https://raw.githubusercontent.com/AveryArtlife/gembreak-images/main/watches-only/EAMTP-VD01BL-2B.png,https://raw.githubusercontent.com/AveryArtlife/gembreak-images/main/watches-only/EAMTP-VD01BL-2B.png,pass,pass,,True,29c107195bf3c412a11da1e5ea24e6533fbaee9d8a5b31c14805c0cf1b52b348,615,900,1.0,0.977236,0.984444,0.501626,0.498889,1200,1200,1.0
1007,EAMTP-V006G-7B,Casio,MTP-V006G Gold-Tone,exact-existing,,watches-only/EAMTP-V006G-7B.png,product-shots/EAMTP-V006G-7B/main.jpg,https://raw.githubusercontent.com/AveryArtlife/gembreak-images/main/watches-only/EAMTP-V006G-7B.png,https://raw.githubusercontent.com/AveryArtlife/gembreak-images/main/watches-only/EAMTP-V006G-7B.png,pass,pass,,True,134826b187e7088fc96ffd0b1113e170b1a55bafe917e4c830d8c278228ba9b6,554,900,1.0,0.972924,0.984444,0.500903,0.498889,1200,1200,1.0
1008,EAMTP-1314L-8A,Casio,MTP-1314L Gents Enticer,exact-existing,,watches-only/EAMTP-1314L-8A.png,product-shots/EAMTP-1314L-8A/main.jpg,https://raw.githubusercontent.com/AveryArtlife/gembreak-images/main/watches-only/EAMTP-1314L-8A.png,https://raw.githubusercontent.com/AveryArtlife/gembreak-images/main/watches-only/EAMTP-1314L-8A.png,pass,pass,,True,5c53d62de719dace79cbcb37bffc27468da0f74b1a75b3e46d9eea578c954d5d,635,900,1.0,0.977953,0.981111,0.5,0.500556,1200,1200,1.0
1009,EAMTP-V004G-9B,Casio,MTP-V004G Gold-Tone,exact-existing,,watches-only/EAMTP-V004G-9B.png,product-shots/EAMTP-V004G-9B/main.jpg,https://raw.githubusercontent.com/AveryArtlife/gembreak-images/main/watches-only/EAMTP-V004G-9B.png,https://raw.githubusercontent.com/AveryArtlife/gembreak-images/main/watches-only/EAMTP-V004G-9B.png,pass,pass,,True,bcd2f7bb6143a32dbd215ab07c305957abb58ba1738f8a95a8e7f8433b4fd6d9,582,900,1.0,0.974227,0.983333,0.500859,0.501667,1200,1200,1.0
1010,EAMTP-1183G-7A,Casio,MTP-1183G Gold-Tone,exact-existing,,watches-only/EAMTP-1183G-7A.png,product-shots/EAMTP-1183G-7A/main.jpg,https://raw.githubusercontent.com/AveryArtlife/gembreak-images/main/watches-only/EAMTP-1183G-7A.png,https://raw.githubusercontent.com/AveryArtlife/gembreak-images/main/watches-only/EAMTP-1183G-7A.png,pass,pass,,True,bcb246d9c7277aefdf7f68a23dfce39da36467fca5ad7d34bc4b2872981985b4,544,900,1.0,0.979779,0.983333,0.497243,0.501667,1200,1200,1.0
1011,EAMTP-VD03L-5A,Casio,MTP-VD03L Gents,exact-existing,,watches-only/EAMTP-VD03L-5A.png,product-shots/EAMTP-VD03L-5A/main.jpg,https://raw.githubusercontent.com/AveryArtlife/gembreak-images/main/watches-only/EAMTP-VD03L-5A.png,https://raw.githubusercontent.com/AveryArtlife/gembreak-images/main/watches-only/EAMTP-VD03L-5A.png,pass,pass,,True,c6453784c6fd97820bc69deb7288963ea15937f02aaec85af0f224327f48bcce,595,900,1.0,0.976471,0.982222,0.5,0.5,1200,1200,1.0
1012,EAMTP-VT01G-1B,Casio,MTP-VT01G Gold-Tone,exact-existing,,watches-only/EAMTP-VT01G-1B.png,product-shots/EAMTP-VT01G-1B/main.jpg,https://raw.githubusercontent.com/AveryArtlife/gembreak-images/main/watches-only/EAMTP-VT01G-1B.png,https://raw.githubusercontent.com/AveryArtlife/gembreak-images/main/watches-only/EAMTP-VT01G-1B.png,pass,pass,,True,f04f8fc506d0eb86d421d676e48bb5f7ecd469bf9782e9129aa273409b5652b1,576,900,1.0,0.979167,0.984444,0.5,0.498889,1200,1200,1.0
1013,EAMTP-V005L-1A,Casio,MTP-V005L Gents,exact-existing,,watches-only/EAMTP-V005L-1A.png,product-shots/EAMTP-V005L-1A/main.jpg,https://raw.githubusercontent.com/AveryArtlife/gembreak-images/main/watches-only/EAMTP-V005L-1A.png,https://raw.githubusercontent.com/AveryArtlife/gembreak-images/main/watches-only/EAMTP-V005L-1A.png,pass,pass,,True,8e2501c332ae0fd081411f111dd1041a3d144e00374e906d89259584492dd2d8,588,900,1.0,0.971088,0.985556,0.49915,0.500556,1200,1200,1.0
1014,EAMTP-VD01D-2B,Casio,MTP-VD01D Silver,exact-existing,,watches-only/EAMTP-VD01D-2B.png,product-shots/EAMTP-VD01D-2B/main.jpg,https://raw.githubusercontent.com/AveryArtlife/gembreak-images/main/watches-only/EAMTP-VD01D-2B.png,https://raw.githubusercontent.com/AveryArtlife/gembreak-images/main/watches-only/EAMTP-VD01D-2B.png,pass,pass,,True,5a4283b3ca8aa32aef574cd2fc5ec082556102ea5e2520b3e7b307f818cd9519,634,900,1.0,0.976341,0.991111,0.497634,0.502222,1200,1200,1.0
1015,EAMTP-V004L-7A,Casio,MTP-V004L Gents,exact-existing,,watches-only/EAMTP-V004L-7A.png,product-shots/EAMTP-V004L-7A/main.jpg,https://raw.githubusercontent.com/AveryArtlife/gembreak-images/main/watches-only/EAMTP-V004L-7A.png,https://raw.githubusercontent.com/AveryArtlife/gembreak-images/main/watches-only/EAMTP-V004L-7A.png,pass,pass,,True,e2fcbaf86e1636c4bde10401f5552a9c0cc439a2e600d359db05676cfcd597ab,584,900,1.0,0.972603,0.985556,0.501712,0.499444,1200,1200,1.0
1016,EAMTP-VD03B-1A,Casio,MTP-VD03B Black,exact-existing,,watches-only/EAMTP-VD03B-1A.png,product-shots/EAMTP-VD03B-1A/main.jpg,https://raw.githubusercontent.com/AveryArtlife/gembreak-images/main/watches-only/EAMTP-VD03B-1A.png,https://raw.githubusercontent.com/AveryArtlife/gembreak-images/main/watches-only/EAMTP-VD03B-1A.png,pass,pass,,True,8a4a55e5901c1eb45eb929ba876296e54d9650ba047784fe09add4d29364af20,601,900,1.0,0.971714,0.983333,0.500832,0.501667,1200,1200,1.0
1017,EAMTP-VD02D-1E,Casio,MTP-VD02D Silver,exact-existing,,watches-only/EAMTP-VD02D-1E.png,product-shots/EAMTP-VD02D-1E/main.jpg,https://raw.githubusercontent.com/AveryArtlife/gembreak-images/main/watches-only/EAMTP-VD02D-1E.png,https://raw.githubusercontent.com/AveryArtlife/gembreak-images/main/watches-only/EAMTP-VD02D-1E.png,pass,pass,,True,4484eb48699dfa744b728f94989ca39e8956b09fe86f76dc4e0b0e055e3d9643,600,900,1.0,0.978333,0.984444,0.499167,0.498889,1200,1200,1.0
1018,EAMTP-VD01SG-9B,Casio,MTP-VD01SG Silver-Gold,exact-existing,,watches-only/EAMTP-VD01SG-9B.png,product-shots/EAMTP-VD01SG-9B/main.jpg,https://raw.githubusercontent.com/AveryArtlife/gembreak-images/main/watches-only/EAMTP-VD01SG-9B.png,https://raw.githubusercontent.com/AveryArtlife/gembreak-images/main/watches-only/EAMTP-VD01SG-9B.png,pass,pass,,True,80684b6f9291071935c42eb1f4f4ed16f343949baeeee05e74e79a3261c09dd5,624,900,1.0,0.977564,0.983333,0.498397,0.501667,1200,1200,1.0
1019,EAMTP-1303D-1A,Casio,MTP-1303D Silver,exact-existing,,watches-only/EAMTP-1303D-1A.png,product-shots/EAMTP-1303D-1A/main.jpg,https://raw.githubusercontent.com/AveryArtlife/gembreak-images/main/watches-only/EAMTP-1303D-1A.png,https://raw.githubusercontent.com/AveryArtlife/gembreak-images/main/watches-only/EAMTP-1303D-1A.png,pass,pass,,True,2402a9f1b2c1ce39ca2dcf6690c4861e9f40e6f9eb8e7fa30432ef536e4b71b5,1024,1536,1.0,0.780273,0.911458,0.500488,0.5,1200,1200,1.0
1020,EAMTP-V001GL-9B,Casio,MTP-V001GL Gents,exact-existing,,watches-only/EAMTP-V001GL-9B.png,product-shots/EAMTP-V001GL-9B/main.jpg,https://raw.githubusercontent.com/AveryArtlife/gembreak-images/main/watches-only/EAMTP-V001GL-9B.png,https://raw.githubusercontent.com/AveryArtlife/gembreak-images/main/watches-only/EAMTP-V001GL-9B.png,pass,pass,,True,f3adf805da65a74b61bc31e299cbf1152c86ea43c843c1b6c26c71951a876c9e,554,900,1.0,0.972924,0.988889,0.499097,0.5,1200,1200,1.0
1021,CR00128STN111,Westar,Westar Zing Crystal Accents Stainless Steel Mesh White Mother Of Pearl Dial Quartz 00128STN11 Women's Watch,exact-existing,,watches-only/CR00128STN111.png,product-shots/CR00128STN111/main.jpg,https://raw.githubusercontent.com/AveryArtlife/gembreak-images/main/watches-only/CR00128STN111.png,,pass,pass,,True,4faeaa72a9b1899c1208aefa45ccd4167b604a1579aef04dddc6a6c1f28c2a8b,1024,1536,1.0,0.745117,0.898438,0.498535,0.499349,1200,1200,1.0
1022,CRRF927A500WA-7DF,Refurbished,Refurbished Casio Alarm World Time Digital A500WA-7DF Men's Watch,exact-existing,,watches-only/CRRF927A500WA-7DF.png,product-shots/CRRF927A500WA-7DF/main.jpg,https://raw.githubusercontent.com/AveryArtlife/gembreak-images/main/watches-only/CRRF927A500WA-7DF.png,,pass,pass,,True,fbabbe31c4d355e330c241877f306e3c7c66f795553e6e97c476187ca943718a,1024,1536,1.0,0.666992,0.898438,0.497559,0.500651,1200,1200,1.0
1023,CRRF922A500WA-1DF,Refurbished,Refurbished Casio Alarm World Time Digital A500WA-1DF Men's Watch,exact-existing,,watches-only/CRRF922A500WA-1DF.png,product-shots/CRRF922A500WA-1DF/main.jpg,https://raw.githubusercontent.com/AveryArtlife/gembreak-images/main/watches-only/CRRF922A500WA-1DF.png,,pass,pass,,True,f1cd61d6eb4ba4fc4c43dd2ac23dfdf0e945de2de897248d82103f68f3b229c6,1024,1536,1.0,0.647461,0.898438,0.505371,0.499349,1200,1200,1.0
1024,EAMCW-100H-1A3V,Casio,MCW-100H,exact-existing,,watches-only/EAMCW-100H-1A3V.png,product-shots/EAMCW-100H-1A3V/main.jpg,https://raw.githubusercontent.com/AveryArtlife/gembreak-images/main/watches-only/EAMCW-100H-1A3V.png,https://raw.githubusercontent.com/AveryArtlife/gembreak-images/main/watches-only/EAMCW-100H-1A3V.png,pass,pass,,True,82dc42bffe9bb5dfc78bbb312372bdbeea721d246412bce790fbe28e90df1188,680,900,1.0,0.976471,1.0,0.5,0.5,1200,1200,1.0
1025,EAMCW-200H-1A,Casio,MCW-200H Black,exact-existing,,watches-only/EAMCW-200H-1A.png,product-shots/EAMCW-200H-1A/main.jpg,https://raw.githubusercontent.com/AveryArtlife/gembreak-images/main/watches-only/EAMCW-200H-1A.png,https://raw.githubusercontent.com/AveryArtlife/gembreak-images/main/watches-only/EAMCW-200H-1A.png,pass,pass,,True,39a44c7472ec0fe41d7df21b97d0ec1a737d13e84f3aea3e87c75cd48a1fb1e1,704,900,1.0,0.977273,0.985556,0.5,0.500556,1200,1200,1.0
1026,EAAQ-S810WC-7BV,Casio,AQ-S810WC White,exact-existing,,watches-only/EAAQ-S810WC-7BV.png,product-shots/EAAQ-S810WC-7BV/main.jpg,https://raw.githubusercontent.com/AveryArtlife/gembreak-images/main/watches-only/EAAQ-S810WC-7BV.png,https://raw.githubusercontent.com/AveryArtlife/gembreak-images/main/watches-only/EAAQ-S810WC-7BV.png,pass,pass,,True,13e59d0babba0033c7d1ab98f4da1b3f5acca9d949b257e8caa7f5793cc4ddb9,642,900,1.0,0.979751,0.985556,0.502336,0.499444,1200,1200,1.0
1027,EAMCW-200H-1AV,Casio,MCW-200H,exact-existing,,watches-only/EAMCW-200H-1AV.png,product-shots/EAMCW-200H-1AV/main.jpg,https://raw.githubusercontent.com/AveryArtlife/gembreak-images/main/watches-only/EAMCW-200H-1AV.png,https://raw.githubusercontent.com/AveryArtlife/gembreak-images/main/watches-only/EAMCW-200H-1AV.png,pass,pass,,True,b4283e7bd6089cbf06f6cb82de59ae7beab2497af52014ba40ffbf07c783695a,712,900,1.0,0.978933,1.0,0.502107,0.5,1200,1200,1.0
1028,EAAQ-S810W-1A4V,Casio,AQ-S810W,exact-existing,,watches-only/EAAQ-S810W-1A4V.png,product-shots/EAAQ-S810W-1A4V/main.jpg,https://raw.githubusercontent.com/AveryArtlife/gembreak-images/main/watches-only/EAAQ-S810W-1A4V.png,https://raw.githubusercontent.com/AveryArtlife/gembreak-images/main/watches-only/EAAQ-S810W-1A4V.png,pass,pass,,True,e8158cdd2d7badfce92283dd68080d6a36cf28d4d40b83cd604dc77775bc8754,633,900,1.0,0.976303,0.984444,0.49921,0.502222,1200,1200,1.0
1029,EAAQ-230A-1D,Casio,AQ-230A Black/Analog-Digital,exact-existing,,watches-only/EAAQ-230A-1D.png,product-shots/EAAQ-230A-1D/main.jpg,https://raw.githubusercontent.com/AveryArtlife/gembreak-images/main/watches-only/EAAQ-230A-1D.png,https://raw.githubusercontent.com/AveryArtlife/gembreak-images/main/watches-only/EAAQ-230A-1D.png,pass,pass,,True,a8938af0e0d5474c01d632f86c552d97a76a8a5be321af195475f9d9feba04d6,450,900,1.0,0.966667,0.982222,0.498889,0.501111,1200,1200,1.0
1030,CRRF1223MQ-24G-9E,Refurbished,Refurbished Casio Analog Gold Tone Stainless Steel Champagne Dial Quartz MQ-24G-9E Men's Watch,exact-existing,,watches-only/CRRF1223MQ-24G-9E.png,product-shots/CRRF1223MQ-24G-9E/main.jpg,https://raw.githubusercontent.com/AveryArtlife/gembreak-images/main/watches-only/CRRF1223MQ-24G-9E.png,,pass,pass,,True,46972b1c0a5bd3eb0e2c4cb3b19a5518ee3b12a045792da901095cb22cf71de5,1024,1536,1.0,0.722656,0.897786,0.500977,0.500326,1200,1200,1.0
1031,EAAE-2000WD-1AV,Casio,AE-2000WD White,exact-existing,,watches-only/EAAE-2000WD-1AV.png,product-shots/EAAE-2000WD-1AV/main.jpg,https://raw.githubusercontent.com/AveryArtlife/gembreak-images/main/watches-only/EAAE-2000WD-1AV.png,https://raw.githubusercontent.com/AveryArtlife/gembreak-images/main/watches-only/EAAE-2000WD-1AV.png,pass,pass,,True,73412310588ffe82ab18476be4b665ef058e31e8dfae51323b6499f6c1b1bf48,1024,1536,1.0,0.78125,0.89388,0.5,0.500326,1200,1200,1.0
1032,EALTP-V004D-7B2,Casio,LTP-V004D Gold,exact-existing,,watches-only/EALTP-V004D-7B2.png,product-shots/EALTP-V004D-7B2/main.jpg,https://raw.githubusercontent.com/AveryArtlife/gembreak-images/main/watches-only/EALTP-V004D-7B2.png,https://raw.githubusercontent.com/AveryArtlife/gembreak-images/main/watches-only/EALTP-V004D-7B2.png,pass,pass,,True,d432fb22fa0dad592641e7f0b3fe1482be39faceb0f93b6acaa779f38d8763fe,477,900,1.0,0.968553,0.982222,0.503145,0.501111,1200,1200,1.0
1033,EAAE-1500WHC-1A,Casio,AE-1500WHC White,exact-existing,,watches-only/EAAE-1500WHC-1A.png,product-shots/EAAE-1500WHC-1A/main.jpg,https://raw.githubusercontent.com/AveryArtlife/gembreak-images/main/watches-only/EAAE-1500WHC-1A.png,https://raw.githubusercontent.com/AveryArtlife/gembreak-images/main/watches-only/EAAE-1500WHC-1A.png,pass,pass,,True,575de06b4c97d6d3ce6b5b8459caa8ff4e86ca4b99a266d0dfaf8e401eccbef0,705,900,1.0,0.980142,0.984444,0.498582,0.502222,1200,1200,1.0
1034,EAAEQ-110W-2AV,Casio,AEQ-110W,exact-existing,,watches-only/EAAEQ-110W-2AV.png,product-shots/EAAEQ-110W-2AV/main.jpg,https://raw.githubusercontent.com/AveryArtlife/gembreak-images/main/watches-only/EAAEQ-110W-2AV.png,https://raw.githubusercontent.com/AveryArtlife/gembreak-images/main/watches-only/EAAEQ-110W-2AV.png,pass,pass,,True,b6dfe20921d976f435876f38cc121daa01b8d34fa8b37434657972a4e8dffa38,666,900,1.0,0.975976,1.0,0.498498,0.5,1200,1200,1.0
1035,EAAE-2000W-1AV,Casio,AE-2000W White,exact-existing,,watches-only/EAAE-2000W-1AV.png,product-shots/EAAE-2000W-1AV/main.jpg,https://raw.githubusercontent.com/AveryArtlife/gembreak-images/main/watches-only/EAAE-2000W-1AV.png,https://raw.githubusercontent.com/AveryArtlife/gembreak-images/main/watches-only/EAAE-2000W-1AV.png,pass,pass,,True,62eb8bc41735cc6dedf6efa5b42dd2d0f334ff25c9404e007aa317e69a2198da,631,900,1.0,0.971474,0.978889,0.501585,0.499444,1200,1200,1.0
1036,EALTP-V005L-1B,Casio,LTP-V005L Ladies,exact-existing,,watches-only/EALTP-V005L-1B.png,product-shots/EALTP-V005L-1B/main.jpg,https://raw.githubusercontent.com/AveryArtlife/gembreak-images/main/watches-only/EALTP-V005L-1B.png,https://raw.githubusercontent.com/AveryArtlife/gembreak-images/main/watches-only/EALTP-V005L-1B.png,pass,pass,,True,43db83f9d65f9536bfb8141c28d42f96479d8107d97b5e5dcdef5cd6948e6dd6,463,900,1.0,0.963283,0.983333,0.50324,0.500556,1200,1200,1.0
1037,EAAE-1300WH-8AV,Casio,AE-1300WH White,exact-existing,,watches-only/EAAE-1300WH-8AV.png,product-shots/EAAE-1300WH-8AV/main.jpg,https://raw.githubusercontent.com/AveryArtlife/gembreak-images/main/watches-only/EAAE-1300WH-8AV.png,https://raw.githubusercontent.com/AveryArtlife/gembreak-images/main/watches-only/EAAE-1300WH-8AV.png,pass,pass,,True,7dac1ae54bbef95e6541f3e9558b518bfd78c59e6732caa1be085a4096a94df6,607,900,1.0,0.976936,0.997778,0.5,0.501111,1200,1200,1.0
1038,EALTP-VT01L-7B3,Casio,LTP-VT01L Ladies,exact-existing,,watches-only/EALTP-VT01L-7B3.png,product-shots/EALTP-VT01L-7B3/main.jpg,https://raw.githubusercontent.com/AveryArtlife/gembreak-images/main/watches-only/EALTP-VT01L-7B3.png,https://raw.githubusercontent.com/AveryArtlife/gembreak-images/main/watches-only/EALTP-VT01L-7B3.png,pass,pass,,True,846bc0de7d60a0ba3b7836edfb89be9b84a35786f01c89e6e635706680e4eb14,545,900,1.0,0.977982,0.982222,0.5,0.5,1200,1200,1.0
1039,EALTP-1165N-1C,Casio,LTP-1165N Silver-Tone,exact-existing,,watches-only/EALTP-1165N-1C.png,product-shots/EALTP-1165N-1C/main.jpg,https://raw.githubusercontent.com/AveryArtlife/gembreak-images/main/watches-only/EALTP-1165N-1C.png,https://raw.githubusercontent.com/AveryArtlife/gembreak-images/main/watches-only/EALTP-1165N-1C.png,pass,pass,,True,bf968ce93529fbd653999fdfd5860480406a0561f90ee5e468a80e3a3dd94b6a,371,900,1.0,0.954178,0.983333,0.501348,0.499444,1200,1200,1.0
1040,EAAE-1000W-2AV,Casio,AE-1000W Blue,exact-existing,,watches-only/EAAE-1000W-2AV.png,product-shots/EAAE-1000W-2AV/main.jpg,https://raw.githubusercontent.com/AveryArtlife/gembreak-images/main/watches-only/EAAE-1000W-2AV.png,https://raw.githubusercontent.com/AveryArtlife/gembreak-images/main/watches-only/EAAE-1000W-2AV.png,pass,pass,,True,f1b1e9147c6066a3621c7bb3d742d7ddde91cb66c9374277afefd7ebb1910246,609,900,1.0,0.977011,0.984444,0.498358,0.5,1200,1200,1.0
1041,EALTP-VT01G-2B,Casio,LTP-VT01G Gold-Tone,exact-existing,,watches-only/EALTP-VT01G-2B.png,product-shots/EALTP-VT01G-2B/main.jpg,https://raw.githubusercontent.com/AveryArtlife/gembreak-images/main/watches-only/EALTP-VT01G-2B.png,https://raw.githubusercontent.com/AveryArtlife/gembreak-images/main/watches-only/EALTP-VT01G-2B.png,pass,pass,,True,4d449da271cff4fcd030cdefae4f29993cf771b55a292e3665423715a2ec3194,543,900,1.0,0.977901,0.982222,0.5,0.498889,1200,1200,1.0
1042,EALTP-1241D-4A2,Casio,LTP-1241D Silver,exact-existing,,watches-only/EALTP-1241D-4A2.png,product-shots/EALTP-1241D-4A2/main.jpg,https://raw.githubusercontent.com/AveryArtlife/gembreak-images/main/watches-only/EALTP-1241D-4A2.png,https://raw.githubusercontent.com/AveryArtlife/gembreak-images/main/watches-only/EALTP-1241D-4A2.png,pass,pass,,True,edf1aa2d477c48187fec2286212740ca2ada393bb1519c1b25bd78dfcffb5125,429,900,1.0,0.967366,0.98,0.502331,0.5,1200,1200,1.0
1043,EALTP-V005G-7A,Casio,LTP-V005G Gold-Tone,exact-existing,,watches-only/EALTP-V005G-7A.png,product-shots/EALTP-V005G-7A/main.jpg,https://raw.githubusercontent.com/AveryArtlife/gembreak-images/main/watches-only/EALTP-V005G-7A.png,https://raw.githubusercontent.com/AveryArtlife/gembreak-images/main/watches-only/EALTP-V005G-7A.png,pass,pass,,True,9598537789859d38101ae0386552f64585fabdbcad327cfdf5afa7a8721a16dc,462,900,1.0,0.974026,0.985556,0.5,0.499444,1200,1200,1.0
1044,EAAE-1500WH-1AV,Casio,AE-1500WH White,exact-existing,,watches-only/EAAE-1500WH-1AV.png,product-shots/EAAE-1500WH-1AV/main.jpg,https://raw.githubusercontent.com/AveryArtlife/gembreak-images/main/watches-only/EAAE-1500WH-1AV.png,https://raw.githubusercontent.com/AveryArtlife/gembreak-images/main/watches-only/EAAE-1500WH-1AV.png,pass,pass,,True,b18cc57554a79cc1bed5e75f9bff4697aa3c27019a635aa9b0ac545a1099fed5,702,900,1.0,0.977208,0.986667,0.498575,0.5,1200,1200,1.0
1045,EALTP-V004SG-9A,Casio,LTP-V004SG Silver-Gold,exact-existing,,watches-only/EALTP-V004SG-9A.png,product-shots/EALTP-V004SG-9A/main.jpg,https://raw.githubusercontent.com/AveryArtlife/gembreak-images/main/watches-only/EALTP-V004SG-9A.png,https://raw.githubusercontent.com/AveryArtlife/gembreak-images/main/watches-only/EALTP-V004SG-9A.png,pass,pass,,True,dc6234fcbcc7ba6d9b2729d359fa19d65f087c369c39ee20ead986428a8bebda,475,900,1.0,0.968421,0.98,0.498947,0.498889,1200,1200,1.0
1046,EAAE-1000W-1A3,Casio,AE-1000W Black,exact-existing,,watches-only/EAAE-1000W-1A3.png,product-shots/EAAE-1000W-1A3/main.jpg,https://raw.githubusercontent.com/AveryArtlife/gembreak-images/main/watches-only/EAAE-1000W-1A3.png,https://raw.githubusercontent.com/AveryArtlife/gembreak-images/main/watches-only/EAAE-1000W-1A3.png,pass,pass,,True,03f93fad69e7bcaf440b384a1c0af570690205a043a6cbaf6dd46f48bf16fa77,603,900,1.0,0.978441,0.984444,0.499171,0.5,1200,1200,1.0
1047,EALTP-V007L-1E,Casio,LTP-V007L Ladies,exact-existing,,watches-only/EALTP-V007L-1E.png,product-shots/EALTP-V007L-1E/main.jpg,https://raw.githubusercontent.com/AveryArtlife/gembreak-images/main/watches-only/EALTP-V007L-1E.png,https://raw.githubusercontent.com/AveryArtlife/gembreak-images/main/watches-only/EALTP-V007L-1E.png,pass,pass,,True,d00aad3e30c6a2a175bf1b458bcfcd758f507dafc1802e3f8703429650a0dd2e,374,900,1.0,0.967914,0.984444,0.5,0.5,1200,1200,1.0
1048,EALTP-1094Q-7B5,Casio,LTP-1094Q Ladies,exact-existing,,watches-only/EALTP-1094Q-7B5.png,product-shots/EALTP-1094Q-7B5/main.jpg,https://raw.githubusercontent.com/AveryArtlife/gembreak-images/main/watches-only/EALTP-1094Q-7B5.png,https://raw.githubusercontent.com/AveryArtlife/gembreak-images/main/watches-only/EALTP-1094Q-7B5.png,pass,pass,,True,51877d3ecbf74673f82401f9011e8bed58dcfc3557fa82bbac4fb3e993d1262b,396,900,1.0,0.964646,0.984444,0.502525,0.5,1200,1200,1.0
1049,EALTP-1128A-7A,Casio,LTP-1128A Gold,exact-existing,,watches-only/EALTP-1128A-7A.png,product-shots/EALTP-1128A-7A/main.jpg,https://raw.githubusercontent.com/AveryArtlife/gembreak-images/main/watches-only/EALTP-1128A-7A.png,https://raw.githubusercontent.com/AveryArtlife/gembreak-images/main/watches-only/EALTP-1128A-7A.png,pass,pass,,True,5d2aaecb74d02a7b750e0fc749b77e7d05e27ecbd778c73803469b29524d1c27,1024,1536,1.0,0.78125,0.911458,0.5,0.5,1200,1200,1.0
1050,EAAE-1200WHD-1A,Casio,AE-1200WHD White,exact-existing,,watches-only/EAAE-1200WHD-1A.png,product-shots/EAAE-1200WHD-1A/main.jpg,https://raw.githubusercontent.com/AveryArtlife/gembreak-images/main/watches-only/EAAE-1200WHD-1A.png,https://raw.githubusercontent.com/AveryArtlife/gembreak-images/main/watches-only/EAAE-1200WHD-1A.png,pass,pass,,True,377d03dcd94218a8fbf2daf84ceb477e3cb53cfeda5bac1e64e594d819e98fb2,612,900,1.0,0.978758,0.981111,0.500817,0.499444,1200,1200,1.0
1051,EALTP-1129N-7A,Casio,LTP-1129N Silver-Tone,exact-existing,,watches-only/EALTP-1129N-7A.png,product-shots/EALTP-1129N-7A/main.jpg,https://raw.githubusercontent.com/AveryArtlife/gembreak-images/main/watches-only/EALTP-1129N-7A.png,https://raw.githubusercontent.com/AveryArtlife/gembreak-images/main/watches-only/EALTP-1129N-7A.png,pass,pass,,True,15b4db9805a3a20d6f124bec48d22f19f43aa83f89cfd6a862a6c49a3672cd5c,422,900,1.0,0.964455,0.983333,0.498815,0.498333,1200,1200,1.0
1052,EALTP-1094E-1A,Casio,LTP-1094E Ladies,exact-existing,,watches-only/EALTP-1094E-1A.png,product-shots/EALTP-1094E-1A/main.jpg,https://raw.githubusercontent.com/AveryArtlife/gembreak-images/main/watches-only/EALTP-1094E-1A.png,https://raw.githubusercontent.com/AveryArtlife/gembreak-images/main/watches-only/EALTP-1094E-1A.png,pass,pass,,True,8ff8ab65102c5924a7686debab7aa754f77e685209328b92e3fa7fb6b2b472be,383,900,1.0,0.963446,0.983333,0.502611,0.500556,1200,1200,1.0
1053,EAAE-1600H-1A,Casio,AE-1600H White,exact-existing,,watches-only/EAAE-1600H-1A.png,product-shots/EAAE-1600H-1A/main.jpg,https://raw.githubusercontent.com/AveryArtlife/gembreak-images/main/watches-only/EAAE-1600H-1A.png,https://raw.githubusercontent.com/AveryArtlife/gembreak-images/main/watches-only/EAAE-1600H-1A.png,pass,pass,,True,aead2dc788b89e7a153a13dc3bbdd85c2bb203dad3e52231fb7568583f6573f8,648,900,1.0,0.978395,0.984444,0.5,0.501111,1200,1200,1.0
1054,EAAEQ-110W-1AV,Casio,AEQ-110W Black,exact-existing,,watches-only/EAAEQ-110W-1AV.png,product-shots/EAAEQ-110W-1AV/main.jpg,https://raw.githubusercontent.com/AveryArtlife/gembreak-images/main/watches-only/EAAEQ-110W-1AV.png,https://raw.githubusercontent.com/AveryArtlife/gembreak-images/main/watches-only/EAAEQ-110W-1AV.png,pass,pass,,True,384893a36a34c48542ab1b74706ae3abaa7638aad87ab907728dc9d4c476061f,658,900,1.0,0.975684,0.983333,0.50152,0.498333,1200,1200,1.0
1055,EAAE-1000WD-1A,Casio,AE-1000WD Black,exact-existing,,watches-only/EAAE-1000WD-1A.png,product-shots/EAAE-1000WD-1A/main.jpg,https://raw.githubusercontent.com/AveryArtlife/gembreak-images/main/watches-only/EAAE-1000WD-1A.png,https://raw.githubusercontent.com/AveryArtlife/gembreak-images/main/watches-only/EAAE-1000WD-1A.png,pass,pass,,True,cc1852df407f023613cdc5a99fd66b321c373b39db6008578a48545b4ea23eb4,611,900,1.0,0.978723,0.981111,0.499182,0.499444,1200,1200,1.0
1056,EALTP-V001D-1B,Casio,LTP-V001D Silver,exact-existing,,watches-only/EALTP-V001D-1B.png,product-shots/EALTP-V001D-1B/main.jpg,https://raw.githubusercontent.com/AveryArtlife/gembreak-images/main/watches-only/EALTP-V001D-1B.png,https://raw.githubusercontent.com/AveryArtlife/gembreak-images/main/watches-only/EALTP-V001D-1B.png,pass,pass,,True,10ec935eec7ee18e7831a9b3230c8d9cce36b6d7514a8e16a78d75cb67694d05,429,900,1.0,0.955711,0.985556,0.501166,0.499444,1200,1200,1.0
1057,EAAE-1400WH-3A,Casio,AE-1400WH White,exact-existing,,watches-only/EAAE-1400WH-3A.png,product-shots/EAAE-1400WH-3A/main.jpg,https://raw.githubusercontent.com/AveryArtlife/gembreak-images/main/watches-only/EAAE-1400WH-3A.png,https://raw.githubusercontent.com/AveryArtlife/gembreak-images/main/watches-only/EAAE-1400WH-3A.png,pass,pass,,True,a53edb4c75c6b4867c8335b17c385be6eb32215c0b1ec71aeeeaf4776b925fb4,648,900,1.0,0.978395,0.986667,0.501543,0.5,1200,1200,1.0
1058,EAB640WC-5A,Casio,B640WC Black/Digital,exact-existing,,watches-only/EAB640WC-5A.png,product-shots/EAB640WC-5A/main.jpg,https://raw.githubusercontent.com/AveryArtlife/gembreak-images/main/watches-only/EAB640WC-5A.png,https://raw.githubusercontent.com/AveryArtlife/gembreak-images/main/watches-only/EAB640WC-5A.png,pass,pass,,True,6b7bb2c242b0befa76efa85cdf7d2772d8916e0e5701e9e2802092c6e5a669f0,495,900,1.0,0.971717,0.984444,0.5,0.501111,1200,1200,1.0
1059,EAAW-90H-7B,Casio,AW-90H,exact-existing,,watches-only/EAAW-90H-7B.png,product-shots/EAAW-90H-7B/main.jpg,https://raw.githubusercontent.com/AveryArtlife/gembreak-images/main/watches-only/EAAW-90H-7B.png,https://raw.githubusercontent.com/AveryArtlife/gembreak-images/main/watches-only/EAAW-90H-7B.png,pass,pass,,True,c7eca1a7052a950531f9278f93bffc69477d64cdba0ebb35e6a1dbcb9d84c130,528,900,1.0,0.969697,0.983333,0.496212,0.498333,1200,1200,1.0
1060,EAAW-80V-5BV,Casio,AW-80V,exact-existing,,watches-only/EAAW-80V-5BV.png,product-shots/EAAW-80V-5BV/main.jpg,https://raw.githubusercontent.com/AveryArtlife/gembreak-images/main/watches-only/EAAW-80V-5BV.png,https://raw.githubusercontent.com/AveryArtlife/gembreak-images/main/watches-only/EAAW-80V-5BV.png,pass,pass,,True,cb9883da8fe3644bfb1e20aef05e044db90b84661ddf2616dbc3582ee29ccea6,1024,1536,1.0,0.789062,0.911458,0.5,0.5,1200,1200,1.0
1061,EAAW-81D-2AV,Casio,AW-81D,exact-existing,,watches-only/EAAW-81D-2AV.png,product-shots/EAAW-81D-2AV/main.jpg,https://raw.githubusercontent.com/AveryArtlife/gembreak-images/main/watches-only/EAAW-81D-2AV.png,https://raw.githubusercontent.com/AveryArtlife/gembreak-images/main/watches-only/EAAW-81D-2AV.png,pass,pass,,True,b44ec231f40f2d5e3e5956adcd954a62dbc08113c9c83741e5bc01cbb7b27f63,531,900,1.0,0.975518,0.981111,0.502825,0.499444,1200,1200,1.0
1062,EAAW-80D-1AV,Casio,AW-80D,exact-existing,,watches-only/EAAW-80D-1AV.png,product-shots/EAAW-80D-1AV/main.jpg,https://raw.githubusercontent.com/AveryArtlife/gembreak-images/main/watches-only/EAAW-80D-1AV.png,https://raw.githubusercontent.com/AveryArtlife/gembreak-images/main/watches-only/EAAW-80D-1AV.png,pass,pass,,True,272db76d9a7d18952e6509e3320c3ab904a0c30be0e8cc7470de4ee1971c5851,545,900,1.0,0.979817,0.981111,0.499083,0.498333,1200,1200,1.0
1063,EAAW-80-1AV,Casio,AW-80,exact-existing,,watches-only/EAAW-80-1AV.png,product-shots/EAAW-80-1AV/main.jpg,https://raw.githubusercontent.com/AveryArtlife/gembreak-images/main/watches-only/EAAW-80-1AV.png,https://raw.githubusercontent.com/AveryArtlife/gembreak-images/main/watches-only/EAAW-80-1AV.png,pass,pass,,True,a4f5c551b68dd0e05ec55f859afb687ef6ad45fa2130bf0fe85f498d58cbd6e8,552,900,1.0,0.971014,0.98,0.5,0.5,1200,1200,1.0
1064,EAB640WD-1A,Casio,B640WD White/Digital,exact-existing,,watches-only/EAB640WD-1A.png,product-shots/EAB640WD-1A/main.jpg,https://raw.githubusercontent.com/AveryArtlife/gembreak-images/main/watches-only/EAB640WD-1A.png,https://raw.githubusercontent.com/AveryArtlife/gembreak-images/main/watches-only/EAB640WD-1A.png,pass,pass,,True,fedd5053ee0246d6dabf8a74e70a74fff44e288819e0b3b67ff9b56713062703,499,900,1.0,0.971944,0.984444,0.5,0.5,1200,1200,1.0
1065,CRRF919A178WA-1ADF,Refurbished,Refurbished Casio Digital Stainless Steel Alarm Chrono Dual Time A178WA-1ADF A178WA-1A Men's Watch,exact-existing,,watches-only/CRRF919A178WA-1ADF.png,product-shots/CRRF919A178WA-1ADF/main.jpg,https://raw.githubusercontent.com/AveryArtlife/gembreak-images/main/watches-only/CRRF919A178WA-1ADF.png,,pass,pass,,True,4e8f5ef69b9a85ab481d5e33279d71b98deebc636f90f0be59809b1729dad036,1024,1536,1.0,0.779297,0.89974,0.5,0.5,1200,1200,1.0
1066,EAMW-240B-3B,Casio,MW-240B,exact-existing,,watches-only/EAMW-240B-3B.png,product-shots/EAMW-240B-3B/main.jpg,https://raw.githubusercontent.com/AveryArtlife/gembreak-images/main/watches-only/EAMW-240B-3B.png,https://raw.githubusercontent.com/AveryArtlife/gembreak-images/main/watches-only/EAMW-240B-3B.png,pass,pass,,True,eb9e9a77bdb41e67cb3609b967817d98e0b119cf0507749ed5ae7471ea128a5d,1024,1536,1.0,0.780273,0.911458,0.499512,0.5,1200,1200,1.0
1067,EAMWD-100HD-1A,Casio,MWD-100HD Black,exact-existing,,watches-only/EAMWD-100HD-1A.png,product-shots/EAMWD-100HD-1A/main.jpg,https://raw.githubusercontent.com/AveryArtlife/gembreak-images/main/watches-only/EAMWD-100HD-1A.png,https://raw.githubusercontent.com/AveryArtlife/gembreak-images/main/watches-only/EAMWD-100HD-1A.png,pass,pass,,True,04eb85a2b71125994fd5fca1e6e34d5f8065bdb42412f161f5377ee25126a0bf,1024,1536,1.0,0.78125,0.911458,0.5,0.5,1200,1200,1.0
1068,EAMWD-100H-1A,Casio,MWD-100H Black,exact-existing,,watches-only/EAMWD-100H-1A.png,product-shots/EAMWD-100H-1A/main.jpg,https://raw.githubusercontent.com/AveryArtlife/gembreak-images/main/watches-only/EAMWD-100H-1A.png,https://raw.githubusercontent.com/AveryArtlife/gembreak-images/main/watches-only/EAMWD-100H-1A.png,pass,pass,,True,5b34735514080ef21a6dd387922b1110acce82b790613ab090495f4b165b0d0f,653,900,1.0,0.998469,0.995556,0.499234,0.5,1200,1200,1.0
1069,EAMWA-100HD-1A,Casio,MWA-100HD,exact-existing,,watches-only/EAMWA-100HD-1A.png,product-shots/EAMWA-100HD-1A/main.jpg,https://raw.githubusercontent.com/AveryArtlife/gembreak-images/main/watches-only/EAMWA-100HD-1A.png,https://raw.githubusercontent.com/AveryArtlife/gembreak-images/main/watches-only/EAMWA-100HD-1A.png,pass,pass,,True,7f0918b94ec77a8527cfcf22803e10d8d30f2d65dc94f7bf00fe33fed92e3d31,1024,1536,1.0,0.785156,0.89974,0.5,0.500651,1200,1200,1.0
1070,EAMW-620H-1A,Casio,MW-620H,exact-existing,,watches-only/EAMW-620H-1A.png,product-shots/EAMW-620H-1A/main.jpg,https://raw.githubusercontent.com/AveryArtlife/gembreak-images/main/watches-only/EAMW-620H-1A.png,https://raw.githubusercontent.com/AveryArtlife/gembreak-images/main/watches-only/EAMW-620H-1A.png,pass,pass,,True,06a2c8a3bd7cc4679b0ec14f522b7da63346bb984e7bc03fe449f4ce16953fce,651,900,1.0,0.998464,0.998889,0.500768,0.499444,1200,1200,1.0
1071,EAW-218HC-8A,Casio,W-218HC Earth/Camo,exact-existing,,watches-only/EAW-218HC-8A.png,product-shots/EAW-218HC-8A/main.jpg,https://raw.githubusercontent.com/AveryArtlife/gembreak-images/main/watches-only/EAW-218HC-8A.png,https://raw.githubusercontent.com/AveryArtlife/gembreak-images/main/watches-only/EAW-218HC-8A.png,pass,pass,,True,2e18cac83d02e0db7cd9319426fa3370c13c8ee650891e1cb732614b8c15e5fe,607,900,1.0,0.975288,0.981111,0.499176,0.499444,1200,1200,1.0
1072,EAW-201-1AV,Casio,W-201 White/Analog,exact-existing,,watches-only/EAW-201-1AV.png,product-shots/EAW-201-1AV/main.jpg,https://raw.githubusercontent.com/AveryArtlife/gembreak-images/main/watches-only/EAW-201-1AV.png,https://raw.githubusercontent.com/AveryArtlife/gembreak-images/main/watches-only/EAW-201-1AV.png,pass,pass,,True,968d20636c0b4541f8cfd38e8b0e8e26a64e60307bbcb22ddc419f2b12bca435,1024,1536,1.0,0.786133,0.911458,0.499512,0.5,1200,1200,1.0
1073,EAW-735H-1A,Casio,W-735H Black,exact-existing,,watches-only/EAW-735H-1A.png,product-shots/EAW-735H-1A/main.jpg,https://raw.githubusercontent.com/AveryArtlife/gembreak-images/main/watches-only/EAW-735H-1A.png,https://raw.githubusercontent.com/AveryArtlife/gembreak-images/main/watches-only/EAW-735H-1A.png,pass,pass,,True,19d58fdd664df914e3a8e5faedf294b6945d917dd73d96345dbe8cbcc62aa768,621,900,1.0,0.974235,0.984444,0.50161,0.498889,1200,1200,1.0
1074,EAW-217H-3B,Casio,W-217H Camo/Analog,exact-existing,,watches-only/EAW-217H-3B.png,product-shots/EAW-217H-3B/main.jpg,https://raw.githubusercontent.com/AveryArtlife/gembreak-images/main/watches-only/EAW-217H-3B.png,https://raw.githubusercontent.com/AveryArtlife/gembreak-images/main/watches-only/EAW-217H-3B.png,pass,pass,,True,77944b7d822d3e8f0c5172864e2e776615b9b70dff8ea893bb618e6f295ece1e,560,900,1.0,0.976786,0.986667,0.500893,0.501111,1200,1200,1.0
1075,EAW-212H-1AV,Casio,W-212H Black,exact-existing,,watches-only/EAW-212H-1AV.png,product-shots/EAW-212H-1AV/main.jpg,https://raw.githubusercontent.com/AveryArtlife/gembreak-images/main/watches-only/EAW-212H-1AV.png,https://raw.githubusercontent.com/AveryArtlife/gembreak-images/main/watches-only/EAW-212H-1AV.png,pass,pass,,True,29955f7fd2331b1bd0431321de70fb4d957c6ca80e63d7e20a4a87ce1f5e93a2,1024,1536,1.0,0.780273,0.88737,0.500488,0.499674,1200,1200,1.0
1076,EAW-218H-1A,Casio,W-218H Black,exact-existing,,watches-only/EAW-218H-1A.png,product-shots/EAW-218H-1A/main.jpg,https://raw.githubusercontent.com/AveryArtlife/gembreak-images/main/watches-only/EAW-218H-1A.png,https://raw.githubusercontent.com/AveryArtlife/gembreak-images/main/watches-only/EAW-218H-1A.png,pass,pass,,True,69b31cc7dfa3dd6fae42b3f92d4ccf847ab7e3c838f41a64150d46063c4d0200,576,900,1.0,0.975694,0.981111,0.501736,0.499444,1200,1200,1.0
1077,EAW-218H-2A,Casio,W-218H White/Analog,exact-existing,,watches-only/EAW-218H-2A.png,product-shots/EAW-218H-2A/main.jpg,https://raw.githubusercontent.com/AveryArtlife/gembreak-images/main/watches-only/EAW-218H-2A.png,https://raw.githubusercontent.com/AveryArtlife/gembreak-images/main/watches-only/EAW-218H-2A.png,pass,pass,,True,f07ce139ec20c0c91875722eb9c0d0c581beeaeaff919e6ad92f30cec79da480,579,900,1.0,0.972366,0.978889,0.5,0.499444,1200,1200,1.0
1078,EAW-217HM-9A,Casio,W-217HM White/Analog,exact-existing,,watches-only/EAW-217HM-9A.png,product-shots/EAW-217HM-9A/main.jpg,https://raw.githubusercontent.com/AveryArtlife/gembreak-images/main/watches-only/EAW-217HM-9A.png,https://raw.githubusercontent.com/AveryArtlife/gembreak-images/main/watches-only/EAW-217HM-9A.png,pass,pass,,True,ec78ca3fa4294244e75d9f073705b4de9336feb895e97fab18cf187c5234e806,552,900,1.0,0.978261,0.983333,0.5,0.498333,1200,1200,1.0
1079,EAW-218HC-2A,Casio,W-218HC Earth/Brown,exact-existing,,watches-only/EAW-218HC-2A.png,product-shots/EAW-218HC-2A/main.jpg,https://raw.githubusercontent.com/AveryArtlife/gembreak-images/main/watches-only/EAW-218HC-2A.png,https://raw.githubusercontent.com/AveryArtlife/gembreak-images/main/watches-only/EAW-218HC-2A.png,pass,pass,,True,f1322379b09e70e58687654bfa9c3e565cce7b32e241da2e48cde03b37effb6b,607,900,1.0,0.973641,0.985556,0.501647,0.501667,1200,1200,1.0
1080,EAW-218H-8A,Casio,W-218H Camo,exact-existing,,watches-only/EAW-218H-8A.png,product-shots/EAW-218H-8A/main.jpg,https://raw.githubusercontent.com/AveryArtlife/gembreak-images/main/watches-only/EAW-218H-8A.png,https://raw.githubusercontent.com/AveryArtlife/gembreak-images/main/watches-only/EAW-218H-8A.png,pass,pass,,True,f216563fced722acadcd9eb497e26998b0aada5626b50f778e11cd6cb6c3596f,581,900,1.0,0.977625,0.984444,0.500861,0.5,1200,1200,1.0
1081,EAW-800H-1AV,Casio,W-800H White/Analog,exact-existing,,watches-only/EAW-800H-1AV.png,product-shots/EAW-800H-1AV/main.jpg,https://raw.githubusercontent.com/AveryArtlife/gembreak-images/main/watches-only/EAW-800H-1AV.png,https://raw.githubusercontent.com/AveryArtlife/gembreak-images/main/watches-only/EAW-800H-1AV.png,pass,pass,,True,f9d89ddab6b0fcb803ed5b5f1ccb230dcf2c2573a8408b91b2348128e2de3112,1024,1536,1.0,0.780273,0.872396,0.499512,0.5,1200,1200,1.0
1082,EAW-96H-1BV,Casio,W-96H Black/Analog,exact-existing,,watches-only/EAW-96H-1BV.png,product-shots/EAW-96H-1BV/main.jpg,https://raw.githubusercontent.com/AveryArtlife/gembreak-images/main/watches-only/EAW-96H-1BV.png,https://raw.githubusercontent.com/AveryArtlife/gembreak-images/main/watches-only/EAW-96H-1BV.png,pass,pass,,True,d98f37ab342590a89274d672025bd1bdbf8690d6d9bb20559fe0047f7404b347,1024,1536,1.0,0.780273,0.876302,0.500488,0.5,1200,1200,1.0
1083,EAW-219H-1A,Casio,W-219H Black,exact-existing,,watches-only/EAW-219H-1A.png,product-shots/EAW-219H-1A/main.jpg,https://raw.githubusercontent.com/AveryArtlife/gembreak-images/main/watches-only/EAW-219H-1A.png,https://raw.githubusercontent.com/AveryArtlife/gembreak-images/main/watches-only/EAW-219H-1A.png,pass,pass,,True,b563738cc13d119dd57ed2532d8b62d1a4df2550cae93a155136c61e60188df5,634,900,1.0,0.976341,0.98,0.500789,0.5,1200,1200,1.0
1084,EAW-217H-1A,Casio,W-217H White/Analog,exact-existing,,watches-only/EAW-217H-1A.png,product-shots/EAW-217H-1A/main.jpg,https://raw.githubusercontent.com/AveryArtlife/gembreak-images/main/watches-only/EAW-217H-1A.png,https://raw.githubusercontent.com/AveryArtlife/gembreak-images/main/watches-only/EAW-217H-1A.png,pass,pass,,True,223566367eab52e114854c0dc32dbcc030ded688eecab6bc5a3c092e30c79874,553,900,1.0,0.992767,0.997778,0.501808,0.5,1200,1200,1.0
1085,EAW-96H-1AV,Casio,W-96H White/Analog,exact-existing,,watches-only/EAW-96H-1AV.png,product-shots/EAW-96H-1AV/main.jpg,https://raw.githubusercontent.com/AveryArtlife/gembreak-images/main/watches-only/EAW-96H-1AV.png,https://raw.githubusercontent.com/AveryArtlife/gembreak-images/main/watches-only/EAW-96H-1AV.png,pass,pass,,True,432d1db2ae3935ccf509d995ad1f93a5ab57d488747b856e69988c1cac11f613,538,900,1.0,0.977695,1.0,0.5,0.5,1200,1200,1.0
1086,EAW-218HB-3A,Casio,W-218HB Black,exact-existing,,watches-only/EAW-218HB-3A.png,product-shots/EAW-218HB-3A/main.jpg,https://raw.githubusercontent.com/AveryArtlife/gembreak-images/main/watches-only/EAW-218HB-3A.png,https://raw.githubusercontent.com/AveryArtlife/gembreak-images/main/watches-only/EAW-218HB-3A.png,pass,pass,,True,cd1691e00d991f22d4dd07f09b21e8e1f8a439ceb0fbb4987b271d91b1ab6b50,1024,1536,1.0,0.779297,0.911458,0.5,0.5,1200,1200,1.0
1087,EAW-218HM-5B,Casio,W-218HM Black,exact-existing,,watches-only/EAW-218HM-5B.png,product-shots/EAW-218HM-5B/main.jpg,https://raw.githubusercontent.com/AveryArtlife/gembreak-images/main/watches-only/EAW-218HM-5B.png,https://raw.githubusercontent.com/AveryArtlife/gembreak-images/main/watches-only/EAW-218HM-5B.png,pass,pass,,True,579d4cecec706ad4d55463e57b8746b318e1b3def3132407b7c421f25eb978b8,600,900,1.0,0.971667,0.984444,0.499167,0.501111,1200,1200,1.0
1088,EAW-218HD-1A,Casio,W-218HD Black,exact-existing,,watches-only/EAW-218HD-1A.png,product-shots/EAW-218HD-1A/main.jpg,https://raw.githubusercontent.com/AveryArtlife/gembreak-images/main/watches-only/EAW-218HD-1A.png,https://raw.githubusercontent.com/AveryArtlife/gembreak-images/main/watches-only/EAW-218HD-1A.png,pass,pass,,True,26dba8cd88753bcbf7e17124cf293d16e979fa2653669b396fda526c6689e3de,591,900,1.0,0.974619,0.983333,0.500846,0.500556,1200,1200,1.0
1089,EAW-736H-1A,Casio,W-736H Black,exact-existing,,watches-only/EAW-736H-1A.png,product-shots/EAW-736H-1A/main.jpg,https://raw.githubusercontent.com/AveryArtlife/gembreak-images/main/watches-only/EAW-736H-1A.png,https://raw.githubusercontent.com/AveryArtlife/gembreak-images/main/watches-only/EAW-736H-1A.png,pass,pass,,True,db380e4e0ba854ffe56e4e0cf69d93c2919bcd7853d3e3a5263109b7e9593293,636,900,1.0,0.977987,0.978889,0.5,0.499444,1200,1200,1.0
1090,EAW-219HC-2B,Casio,W-219HC Black,exact-existing,,watches-only/EAW-219HC-2B.png,product-shots/EAW-219HC-2B/main.jpg,https://raw.githubusercontent.com/AveryArtlife/gembreak-images/main/watches-only/EAW-219HC-2B.png,https://raw.githubusercontent.com/AveryArtlife/gembreak-images/main/watches-only/EAW-219HC-2B.png,pass,pass,,True,31bc3998612a532ce0efdf68f6ef95a142bdb76ad350630a399942b7b8a9fc39,642,900,1.0,0.975078,0.983333,0.498442,0.500556,1200,1200,1.0
1091,EAW-219HD-1A,Casio,W-219HD Black,exact-existing,,watches-only/EAW-219HD-1A.png,product-shots/EAW-219HD-1A/main.jpg,https://raw.githubusercontent.com/AveryArtlife/gembreak-images/main/watches-only/EAW-219HD-1A.png,https://raw.githubusercontent.com/AveryArtlife/gembreak-images/main/watches-only/EAW-219HD-1A.png,pass,pass,,True,681b0961909ed01716627d24749a53e00fbd506624f82e6f301aa312c2e896fa,648,900,1.0,0.976852,0.985556,0.497685,0.500556,1200,1200,1.0
1092,EAW-735H-1B,Casio,W-735H Blue,exact-existing,,watches-only/EAW-735H-1B.png,product-shots/EAW-735H-1B/main.jpg,https://raw.githubusercontent.com/AveryArtlife/gembreak-images/main/watches-only/EAW-735H-1B.png,https://raw.githubusercontent.com/AveryArtlife/gembreak-images/main/watches-only/EAW-735H-1B.png,pass,pass,,True,75a84b4cd51789f15ba14b853270419896ca98cb4a1554e3934cb6785f468089,632,900,1.0,0.977848,0.981111,0.498418,0.499444,1200,1200,1.0
1093,EAW-219HB-3A,Casio,W-219HB Black,exact-existing,,watches-only/EAW-219HB-3A.png,product-shots/EAW-219HB-3A/main.jpg,https://raw.githubusercontent.com/AveryArtlife/gembreak-images/main/watches-only/EAW-219HB-3A.png,https://raw.githubusercontent.com/AveryArtlife/gembreak-images/main/watches-only/EAW-219HB-3A.png,pass,pass,,True,966bfa13f5be3fa28502cf412996a2851d1123bec88e5cfe625f654cb4930085,1024,1536,1.0,0.782227,0.911458,0.499512,0.5,1200,1200,1.0
1094,EAF-91W-3H,Casio,F-91W Green/Digital,exact-existing,,watches-only/EAF-91W-3H.png,product-shots/EAF-91W-3H/main.jpg,https://raw.githubusercontent.com/AveryArtlife/gembreak-images/main/watches-only/EAF-91W-3H.png,https://raw.githubusercontent.com/AveryArtlife/gembreak-images/main/watches-only/EAF-91W-3H.png,pass,pass,,True,4ac8ab97907a3ba254ab0dc2d4ffee9862a9cc56f14ab11c63c4b2fcfdc8ab72,513,900,1.0,0.97076,0.984444,0.497076,0.5,1200,1200,1.0
1095,EAF-105W-1AV,Casio,F-105W White/Digital,exact-existing,,watches-only/EAF-105W-1AV.png,product-shots/EAF-105W-1AV/main.jpg,https://raw.githubusercontent.com/AveryArtlife/gembreak-images/main/watches-only/EAF-105W-1AV.png,https://raw.githubusercontent.com/AveryArtlife/gembreak-images/main/watches-only/EAF-105W-1AV.png,pass,pass,,True,4353633f51b6f13d1937c65c8aca120e50fd9d2ff599c285b4ee3e5af4c8bf25,527,900,1.0,0.97723,0.99,0.501898,0.499444,1200,1200,1.0
1096,EAF-91W-1,Casio,F-91W White/Digital,exact-existing,,watches-only/EAF-91W-1.png,product-shots/EAF-91W-1/main.jpg,https://raw.githubusercontent.com/AveryArtlife/gembreak-images/main/watches-only/EAF-91W-1.png,https://raw.githubusercontent.com/AveryArtlife/gembreak-images/main/watches-only/EAF-91W-1.png,pass,pass,,True,08064845bb53b8cc9cd75647567f03487aaaf6af7f0e7f3d9c89d7cb840f28e1,517,900,1.0,0.972921,1.0,0.501934,0.5,1200,1200,1.0
1097,EAF-94WA-8,Casio,F-94WA White/Digital,exact-existing,,watches-only/EAF-94WA-8.png,product-shots/EAF-94WA-8/main.jpg,https://raw.githubusercontent.com/AveryArtlife/gembreak-images/main/watches-only/EAF-94WA-8.png,https://raw.githubusercontent.com/AveryArtlife/gembreak-images/main/watches-only/EAF-94WA-8.png,pass,pass,,True,482bfce733c244602513c492c574664426f29a672c30b46512bb942877b632ab,490,900,1.0,0.961224,0.983333,0.50102,0.501667,1200,1200,1.0
1098,EAF-91WM-1B,Casio,F-91WM White/Digital,exact-existing,,watches-only/EAF-91WM-1B.png,product-shots/EAF-91WM-1B/main.jpg,https://raw.githubusercontent.com/AveryArtlife/gembreak-images/main/watches-only/EAF-91WM-1B.png,https://raw.githubusercontent.com/AveryArtlife/gembreak-images/main/watches-only/EAF-91WM-1B.png,pass,pass,,True,228f0efdd4d70ad5024509566ad8c68e2e759c0a4a1bd64ee97377ff439e41d8,508,900,1.0,0.970472,0.986667,0.497047,0.5,1200,1200,1.0
1099,EAF-201WA-1AV,Casio,F-201WA White/Digital,exact-existing,,watches-only/EAF-201WA-1AV.png,product-shots/EAF-201WA-1AV/main.jpg,https://raw.githubusercontent.com/AveryArtlife/gembreak-images/main/watches-only/EAF-201WA-1AV.png,https://raw.githubusercontent.com/AveryArtlife/gembreak-images/main/watches-only/EAF-201WA-1AV.png,pass,pass,,True,b7e09a61cba7e9279642b4d5dd9c2fefa43662ca7e2ec4c2186b930b22697d6e,510,900,1.0,0.97451,1.0,0.50098,0.5,1200,1200,1.0
1100,EAF-91WS-2C,Casio,F-91WS White/Digital,exact-existing,,watches-only/EAF-91WS-2C.png,product-shots/EAF-91WS-2C/main.jpg,https://raw.githubusercontent.com/AveryArtlife/gembreak-images/main/watches-only/EAF-91WS-2C.png,https://raw.githubusercontent.com/AveryArtlife/gembreak-images/main/watches-only/EAF-91WS-2C.png,pass,pass,,True,a3857c890e03873e6b9346cd00fbd00a3b0f19376a6dda7bff3d7e2be03882b8,499,900,1.0,0.973948,0.988889,0.501002,0.504444,1200,1200,1.0
1101,EAF-91WG-9Q,Casio,F-91WG Gold/Digital,exact-existing,,watches-only/EAF-91WG-9Q.png,product-shots/EAF-91WG-9Q/main.jpg,https://raw.githubusercontent.com/AveryArtlife/gembreak-images/main/watches-only/EAF-91WG-9Q.png,https://raw.githubusercontent.com/AveryArtlife/gembreak-images/main/watches-only/EAF-91WG-9Q.png,pass,pass,,True,633449ab09213e97425c8bfa7249a95f0886d96477b567fd179836749ca7a424,493,900,1.0,0.977688,0.983333,0.492901,0.499444,1200,1200,1.0
1102,EAMQ-24-1B3,Casio,MQ-24,exact-existing,,watches-only/EAMQ-24-1B3.png,product-shots/EAMQ-24-1B3/main.jpg,https://raw.githubusercontent.com/AveryArtlife/gembreak-images/main/watches-only/EAMQ-24-1B3.png,https://raw.githubusercontent.com/AveryArtlife/gembreak-images/main/watches-only/EAMQ-24-1B3.png,pass,pass,,True,2a3883c2eac6c4c094f0a9a8c3ec1f95f66c9a355259e24fb5ca43cc8bac88a8,500,900,1.0,0.97,0.982222,0.501,0.501111,1200,1200,1.0
1103,EAMQ-76-1A,Casio,MQ-76,exact-existing,,watches-only/EAMQ-76-1A.png,product-shots/EAMQ-76-1A/main.jpg,https://raw.githubusercontent.com/AveryArtlife/gembreak-images/main/watches-only/EAMQ-76-1A.png,https://raw.githubusercontent.com/AveryArtlife/gembreak-images/main/watches-only/EAMQ-76-1A.png,pass,pass,,True,11eaffe62962e5edabad1b38b86067b0b93026e7d1ee38881347d92f037fd964,508,900,1.0,0.972441,0.983333,0.496063,0.500556,1200,1200,1.0
1104,EAMQ-71-2B,Casio,MQ-71,exact-existing,,watches-only/EAMQ-71-2B.png,product-shots/EAMQ-71-2B/main.jpg,https://raw.githubusercontent.com/AveryArtlife/gembreak-images/main/watches-only/EAMQ-71-2B.png,https://raw.githubusercontent.com/AveryArtlife/gembreak-images/main/watches-only/EAMQ-71-2B.png,pass,pass,,True,677639a815d7d5edbafbda2a00f77dc124bdf9b71a371280bec177797d63efeb,493,900,1.0,0.973631,0.985556,0.498986,0.500556,1200,1200,1.0
1105,EAMQ-38-1A,Casio,MQ-38,exact-existing,,watches-only/EAMQ-38-1A.png,product-shots/EAMQ-38-1A/main.jpg,https://raw.githubusercontent.com/AveryArtlife/gembreak-images/main/watches-only/EAMQ-38-1A.png,https://raw.githubusercontent.com/AveryArtlife/gembreak-images/main/watches-only/EAMQ-38-1A.png,pass,pass,,True,5f7e0a7d0d2abb5e3ec98ac705e2d3334647fcdf87bda6835b31c111437cd8b3,391,900,1.0,0.961637,0.993333,0.498721,0.496667,1200,1200,1.0
1106,ROLEX-AVERY-278240,Rolex,Datejust 31 Oystersteel Silver Diamond,exact-existing,,watches-only/ROLEX-AVERY-278240.png,product-shots/ROLEX-AVERY-278240/main.jpg,https://raw.githubusercontent.com/AveryArtlife/gembreak-images/main/watches-only/ROLEX-AVERY-278240.png,,pass,pass,,True,8adb64dc479060c6c51948d2eec6eb26d3b2c25c3a834793a95f270d8202a868,2048,2048,1.0,0.540527,0.960938,0.501221,0.506348,1200,1200,1.0
1107,ROLEX-AVERY-279174,Rolex,Lady-Datejust 28 Steel/WG Silver Roman,exact-existing,,watches-only/ROLEX-AVERY-279174.png,product-shots/ROLEX-AVERY-279174/main.jpg,https://raw.githubusercontent.com/AveryArtlife/gembreak-images/main/watches-only/ROLEX-AVERY-279174.png,,pass,pass,,True,3e68e074b513962af565d77027994b4f814443397585ddfa77ca8f6a0ab2d362,2048,2048,1.0,0.433105,0.944824,0.500732,0.503174,1200,1200,1.0
1108,ROLEX-AVERY-126200,Rolex,Datejust 36 Steel Silver Roman,exact-existing,,watches-only/ROLEX-AVERY-126200.png,product-shots/ROLEX-AVERY-126200/main.jpg,https://raw.githubusercontent.com/AveryArtlife/gembreak-images/main/watches-only/ROLEX-AVERY-126200.png,,pass,pass,,True,cdc556f875656e9c1a7c8b04abdd3a3d903558bd669f4ffbe35eb233c5293c3c,2048,2048,1.0,0.458984,0.906738,0.502441,0.510498,1200,1200,1.0
1109,ROLEX-AVERY-126200-Blue,Rolex,Datejust 36 Steel Blue Fluted-Motif,exact-existing,,watches-only/ROLEX-AVERY-126200-Blue.png,product-shots/ROLEX-AVERY-126200-Blue/main.jpg,https://raw.githubusercontent.com/AveryArtlife/gembreak-images/main/watches-only/ROLEX-AVERY-126200-Blue.png,,pass,pass,,True,d90d83f35551dbceb12ac1f92e0309f27e317c17a125a64dff9e103299c3868f,2048,2048,1.0,0.484375,0.934082,0.509766,0.51001,1200,1200,1.0
1110,ROLEX-AVERY-126000,Rolex,Oyster Perpetual 36 Silver,exact-existing,,watches-only/ROLEX-AVERY-126000.png,product-shots/ROLEX-AVERY-126000/main.jpg,https://raw.githubusercontent.com/AveryArtlife/gembreak-images/main/watches-only/ROLEX-AVERY-126000.png,,pass,pass,,True,c01c29f2cec8e25fb498a8b90f5336d7b0689b7d4a617f8df5184022f6258828,2048,2048,1.0,0.478516,0.955566,0.495117,0.502686,1200,1200,1.0
1111,ROLEX-AVERY-124300,Rolex,Oyster Perpetual 41 Silver,exact-existing,,watches-only/ROLEX-AVERY-124300.png,product-shots/ROLEX-AVERY-124300/main.jpg,https://raw.githubusercontent.com/AveryArtlife/gembreak-images/main/watches-only/ROLEX-AVERY-124300.png,,pass,pass,,True,eb29c03be2c1fa25e315da0728f79e680de7264f03ddb9c400639267bd83995a,2048,2048,1.0,0.499023,0.962402,0.503418,0.508057,1200,1200,1.0
1112,ROLEX-AVERY-277200,Rolex,Oyster Perpetual 31 Silver,exact-existing,,watches-only/ROLEX-AVERY-277200.png,product-shots/ROLEX-AVERY-277200/main.jpg,https://raw.githubusercontent.com/AveryArtlife/gembreak-images/main/watches-only/ROLEX-AVERY-277200.png,,pass,pass,,True,a34f1260887b540e3614a3542e6b32b2a69693158cff5473af1170130fb1ecb9,2048,2048,1.0,0.441406,0.894043,0.506836,0.512939,1200,1200,1.0
1113,ROLEX-AVERY-126300,Rolex,Datejust 41 Steel Silver Roman,exact-existing,,watches-only/ROLEX-AVERY-126300.png,product-shots/ROLEX-AVERY-126300/main.jpg,https://raw.githubusercontent.com/AveryArtlife/gembreak-images/main/watches-only/ROLEX-AVERY-126300.png,,pass,pass,,True,6a86cd91744eec819a45c2fa94022c6a0aec7395b76cf86da85e671f54b0a336,2048,2048,1.0,0.503906,0.965332,0.499512,0.502686,1200,1200,1.0
1114,ROLEX-AVERY-126300-Blue,Rolex,Datejust 41 Steel Blue Sunray,exact-existing,,watches-only/ROLEX-AVERY-126300-Blue.png,product-shots/ROLEX-AVERY-126300-Blue/main.jpg,https://raw.githubusercontent.com/AveryArtlife/gembreak-images/main/watches-only/ROLEX-AVERY-126300-Blue.png,,pass,pass,,True,0a55db9614f18b3e400d426df1c4938f417d640130ce0a5d8fad8da95c013cc4,2048,2048,1.0,0.529785,0.950684,0.505615,0.507568,1200,1200,1.0
1115,ROLEX-AVERY-126334,Rolex,Datejust 41 Steel/WG Blue Jubilee,exact-existing,,watches-only/ROLEX-AVERY-126334.png,product-shots/ROLEX-AVERY-126334/main.jpg,https://raw.githubusercontent.com/AveryArtlife/gembreak-images/main/watches-only/ROLEX-AVERY-126334.png,,pass,pass,,True,9c868874863eddeac74e0b2e112043c23e49d4d84fc32a1381728b57af64d59f,2048,2048,1.0,0.476074,0.947266,0.509521,0.506836,1200,1200,1.0
1116,ROLEX-AVERY-124270,Rolex,Explorer 36 Steel Black,exact-existing,,watches-only/ROLEX-AVERY-124270.png,product-shots/ROLEX-AVERY-124270/main.jpg,https://raw.githubusercontent.com/AveryArtlife/gembreak-images/main/watches-only/ROLEX-AVERY-124270.png,,pass,pass,,True,10cdb94b8a0a44028cba4d1e6dc855842a16ec5707189ed1a480564b9e477c6a,2048,2048,1.0,0.484375,0.939453,0.504395,0.50293,1200,1200,1.0
1117,ROLEX-AVERY-224270,Rolex,Explorer 40 Steel Black,exact-existing,,watches-only/ROLEX-AVERY-224270.png,product-shots/ROLEX-AVERY-224270/main.jpg,https://raw.githubusercontent.com/AveryArtlife/gembreak-images/main/watches-only/ROLEX-AVERY-224270.png,,pass,pass,,True,b0eaa1a6728360478efc86d00147e58fcfef3bf1c106d417f5ea518bfecff02b,2048,2048,1.0,0.515625,0.943359,0.504395,0.506348,1200,1200,1.0
1118,ROLEX-AVERY-126900,Rolex,Air-King 40 Steel Black,exact-existing,,watches-only/ROLEX-AVERY-126900.png,product-shots/ROLEX-AVERY-126900/main.jpg,https://raw.githubusercontent.com/AveryArtlife/gembreak-images/main/watches-only/ROLEX-AVERY-126900.png,,pass,pass,,True,6d4bdadb11d4c96362b5eed7504c504116514fea476d03bfa9ffa487b218f4d8,2048,2048,1.0,0.519531,0.934082,0.505371,0.50708,1200,1200,1.0
1119,ROLEX-AVERY-116903,Rolex,Datejust 41 Steel/YG Champagne,exact-existing,,watches-only/ROLEX-AVERY-116903.png,product-shots/ROLEX-AVERY-116903/main.jpg,https://raw.githubusercontent.com/AveryArtlife/gembreak-images/main/watches-only/ROLEX-AVERY-116903.png,,pass,pass,,True,e00ceb2de834217463617ab595ee027a3007b0b64ee81f3a6728dbdc89e04237,2048,2048,1.0,0.445801,0.878906,0.508545,0.504395,1200,1200,1.0
1120,ROLEX-AVERY-278344RBR,Rolex,Datejust 31 Steel/YG Diamond Bezel,exact-existing,,watches-only/ROLEX-AVERY-278344RBR.png,product-shots/ROLEX-AVERY-278344RBR/main.jpg,https://raw.githubusercontent.com/AveryArtlife/gembreak-images/main/watches-only/ROLEX-AVERY-278344RBR.png,,pass,pass,,True,b0cf18659a8849ad2449bbc4be5830453f17a9b005338f33fc5d447356224123,2048,2048,1.0,0.430176,0.910645,0.504639,0.514404,1200,1200,1.0
1121,ROLEX-AVERY-126610LN,Rolex,Submariner Date 41 Black Ceramic,exact-existing,,watches-only/ROLEX-AVERY-126610LN.png,product-shots/ROLEX-AVERY-126610LN/main.jpg,https://raw.githubusercontent.com/AveryArtlife/gembreak-images/main/watches-only/ROLEX-AVERY-126610LN.png,,pass,pass,,True,c40476d0168390f4de058b72d6279067ea367d0d642cf2e05f1843783c32580d,2048,2048,1.0,0.522461,0.944336,0.500977,0.507812,1200,1200,1.0
1122,ROLEX-AVERY-124060,Rolex,Submariner No-Date 41 Steel,exact-existing,,watches-only/ROLEX-AVERY-124060.png,product-shots/ROLEX-AVERY-124060/main.jpg,https://raw.githubusercontent.com/AveryArtlife/gembreak-images/main/watches-only/ROLEX-AVERY-124060.png,,pass,pass,,True,191ec45c345457ed25544236d3b24df3f84f5cba4435b81c251a156608d0346b,2048,2048,1.0,0.476562,0.888672,0.510742,0.512695,1200,1200,1.0
1123,ROLEX-AVERY-126610LV,Rolex,"Submariner ""Starbucks"" Green Bezel",exact-existing,,watches-only/ROLEX-AVERY-126610LV.png,product-shots/ROLEX-AVERY-126610LV/main.jpg,https://raw.githubusercontent.com/AveryArtlife/gembreak-images/main/watches-only/ROLEX-AVERY-126610LV.png,,pass,pass,,True,8af448e21b465aa8ac757b07798d3e51510ed12c075345367b58da8d5ba6d252,2048,2048,1.0,0.552734,0.936523,0.499023,0.509766,1200,1200,1.0
1124,ROLEX-AVERY-126603,Rolex,Sea-Dweller 43 Two-Tone,exact-existing,,watches-only/ROLEX-AVERY-126603.png,product-shots/ROLEX-AVERY-126603/main.jpg,https://raw.githubusercontent.com/AveryArtlife/gembreak-images/main/watches-only/ROLEX-AVERY-126603.png,,pass,pass,,True,8b1af2b57aa8c278b19e1c5333927e1f7da30b9425dd56123ccc4c512ed2017e,2048,2048,1.0,0.469727,0.899414,0.506348,0.51123,1200,1200,1.0
1125,ROLEX-AVERY-126600,Rolex,Sea-Dweller 43 Steel,exact-existing,,watches-only/ROLEX-AVERY-126600.png,product-shots/ROLEX-AVERY-126600/main.jpg,https://raw.githubusercontent.com/AveryArtlife/gembreak-images/main/watches-only/ROLEX-AVERY-126600.png,,pass,pass,,True,57267ed92fb2e9ff7de7d820b437ec5aa06c169ba1786472a40bd01c25fdd171,2048,2048,1.0,0.543945,0.930176,0.513184,0.510498,1200,1200,1.0
1126,ROLEX-AVERY-126713GRNR,Rolex,"GMT-Master II ""Root Beer"" TT",exact-existing,,watches-only/ROLEX-AVERY-126713GRNR.png,product-shots/ROLEX-AVERY-126713GRNR/main.jpg,https://raw.githubusercontent.com/AveryArtlife/gembreak-images/main/watches-only/ROLEX-AVERY-126713GRNR.png,,pass,pass,,True,6d02d1b55ef139a6663534ff91072e63b00c7f63a1f6c33792bf6a6b043bd2ae,2048,2048,1.0,0.491211,0.924316,0.504395,0.51001,1200,1200,1.0
1127,ROLEX-AVERY-126622,Rolex,Yacht-Master 40 Rolesium,exact-existing,,watches-only/ROLEX-AVERY-126622.png,product-shots/ROLEX-AVERY-126622/main.jpg,https://raw.githubusercontent.com/AveryArtlife/gembreak-images/main/watches-only/ROLEX-AVERY-126622.png,,pass,pass,,True,100d5d688b8c338af9532b7b8eaddf4842a573b4189cd6116c7e2a7b0f2afb31,2048,2048,1.0,0.54248,0.916016,0.507568,0.508789,1200,1200,1.0
1128,ROLEX-AVERY-126710BLNR,Rolex,"GMT-Master II ""Batman""",exact-existing,,watches-only/ROLEX-AVERY-126710BLNR.png,product-shots/ROLEX-AVERY-126710BLNR/main.jpg,https://raw.githubusercontent.com/AveryArtlife/gembreak-images/main/watches-only/ROLEX-AVERY-126710BLNR.png,,pass,pass,,True,2d91ef399c45553e901cf84b56f9ea2da3572fe67a5d73a3b38fb283687e1b3e,2048,2048,1.0,0.475586,0.887207,0.518066,0.510498,1200,1200,1.0
1129,ROLEX-AVERY-126710BLRO,Rolex,"GMT-Master II ""Pepsi""",exact-existing,,watches-only/ROLEX-AVERY-126710BLRO.png,product-shots/ROLEX-AVERY-126710BLRO/main.jpg,https://raw.githubusercontent.com/AveryArtlife/gembreak-images/main/watches-only/ROLEX-AVERY-126710BLRO.png,,pass,pass,,True,577563a93322bafceb096444d0cedf0fc2b605e0721e97dff86dead4fb5bd263,2048,2048,1.0,0.548828,0.94043,0.499512,0.504883,1200,1200,1.0
1130,ROLEX-AVERY-336934,Rolex,Sky-Dweller 42 Two-Tone,exact-existing,,watches-only/ROLEX-AVERY-336934.png,product-shots/ROLEX-AVERY-336934/main.jpg,https://raw.githubusercontent.com/AveryArtlife/gembreak-images/main/watches-only/ROLEX-AVERY-336934.png,,pass,pass,,True,f1551ca229d911d36d93cbca8cb7c71a2ec8d65943efe45d201248e39be1d829,2048,2048,1.0,0.569824,0.96582,0.496338,0.5,1200,1200,1.0
1131,IWC-IW5030-08-v2,IWC,Pilots Watches — CER BP PC TG LAKE TAHOE 46-BLK NUM-STRAP,v2-exact,IWC-IW5030-08,watches-only/IWC-IW5030-08-v2.png,product-shots/IWC-IW5030-08-v2/main.jpg,https://raw.githubusercontent.com/AveryArtlife/gembreak-images/main/watches-only/IWC-IW5030-08-v2.png,,pass,pass,,True,40696d35f3b9463f08aacc1d8320b3d085d4b549e3ec55a981be8554e4e67a1b,2048,2048,1.0,0.524414,0.883789,0.509766,0.507324,1200,1200,1.0
1132,IWC-IW3449-03,IWC,Ingenieur — SS INGEN PC 41-BLUE IX-BRC,exact-existing,,watches-only/IWC-IW3449-03.png,product-shots/IWC-IW3449-03/main.jpg,https://raw.githubusercontent.com/AveryArtlife/gembreak-images/main/watches-only/IWC-IW3449-03.png,,pass,pass,,True,2e1d5e8eaed08dcf7799ab8f489e20424d6204d14d2010e9d8e175b78855aa28,2048,2048,1.0,0.578613,0.945312,0.499756,0.5,1200,1200,1.0
1133,IWC-IW5463-04,IWC,Portugieser — RG PORTUG TOURB43-CHP-DB,exact-existing,,watches-only/IWC-IW5463-04.png,product-shots/IWC-IW5463-04/main.jpg,https://raw.githubusercontent.com/AveryArtlife/gembreak-images/main/watches-only/IWC-IW5463-04.png,,pass,pass,,True,310e2fb8c8a97649d8eb5967a78c6261c50eccdf302a187c47c2f8d732e34796,2048,2048,1.0,0.557617,0.945312,0.5,0.5,1200,1200,1.0
1134,IWC-IW5447-05,IWC,Portugieser — RG PORTUG TOURB43-BLK,exact-existing,,watches-only/IWC-IW5447-05.png,product-shots/IWC-IW5447-05/main.jpg,https://raw.githubusercontent.com/AveryArtlife/gembreak-images/main/watches-only/IWC-IW5447-05.png,,pass,pass,,True,c2de3ca482a7e06221f08690b70424c100908c0e77a6d84b86127ecae5bce07f,2048,2048,1.0,0.562988,0.945312,0.499756,0.5,1200,1200,1.0
1135,IWC-IW3446-02,IWC,Portofino — RG PORTOF PC 40-SLV IXROM-STRAP,exact-existing,,watches-only/IWC-IW3446-02.png,product-shots/IWC-IW3446-02/main.jpg,https://raw.githubusercontent.com/AveryArtlife/gembreak-images/main/watches-only/IWC-IW3446-02.png,,pass,pass,,True,cbc4db8b89623b764a827f70f9763109ca023c854b1f40e09c03928c4ba35074,2048,2048,1.0,0.561035,0.945312,0.499756,0.5,1200,1200,1.0
1136,IWC-IW3791-05,IWC,Pilots Watches — RG PILOTS PC 46-GRY-STRAP,exact-existing,,watches-only/IWC-IW3791-05.png,product-shots/IWC-IW3791-05/main.jpg,https://raw.githubusercontent.com/AveryArtlife/gembreak-images/main/watches-only/IWC-IW3791-05.png,,pass,pass,,True,8feb32e1460aa8c53286dd0557596c2b56174ca9b1e0994cf65d9f89aff1f755,2048,2048,1.0,0.563477,0.945801,0.5,0.500244,1200,1200,1.0
1137,BREI-W19,Breitling,BREITLING Super Chronomat B01 Automatic 44MM Brown Dial 18K Rose G,brand-prefix-exact,W19,watches-only/BREI-W19.png,product-shots/BREI-W19/main.jpg,https://raw.githubusercontent.com/AveryArtlife/gembreak-images/main/watches-only/BREI-W19.png,,pass,pass,,True,81ed9fdcf9476fe6278c421355445032de6291bdc8f46398a3cf78ece5c03b72,1024,1536,1.0,0.819336,0.932292,0.526855,0.494792,1200,1200,1.0
1138,IWC-IW5030-01,IWC,Pilots Watches — CER BP PC RODEO46-BLUE-STRAP,exact-existing,,watches-only/IWC-IW5030-01.png,product-shots/IWC-IW5030-01/main.jpg,https://raw.githubusercontent.com/AveryArtlife/gembreak-images/main/watches-only/IWC-IW5030-01.png,,pass,pass,,True,806ad8f5c1d6646327712cc08355a2cfc3b206d54a32f1b89e6d34ba48c72a07,2048,2048,1.0,0.603516,0.945312,0.5,0.5,1200,1200,1.0
1139,IWC-IW5032-03,IWC,Portugieser — WG PORTUG PC 44-BLUE NUM-STRAP,exact-existing,,watches-only/IWC-IW5032-03.png,product-shots/IWC-IW5032-03/main.jpg,https://raw.githubusercontent.com/AveryArtlife/gembreak-images/main/watches-only/IWC-IW5032-03.png,,pass,pass,,True,c207ef6f991d18a034644c21927fa24dce87c2338c52bd1dc1675dde4a11627f,2048,2048,1.0,0.573242,0.945312,0.5,0.5,1200,1200,1.0
1140,IWC-IW5164-09,IWC,Portofino — RG PORTOF MOON 45-SLV IX-STRAP,exact-existing,,watches-only/IWC-IW5164-09.png,product-shots/IWC-IW5164-09/main.jpg,https://raw.githubusercontent.com/AveryArtlife/gembreak-images/main/watches-only/IWC-IW5164-09.png,,pass,pass,,True,e5a541ecff8fcec28195e494aa7e469c37668935ce0ac3152813e02685fb922f,2048,2048,1.0,0.562012,0.945312,0.499756,0.5,1200,1200,1.0
1141,IWC-IW5023-07,IWC,Portugieser — WG PORTUG PC44.2-GRY NUM-STRAP,exact-existing,,watches-only/IWC-IW5023-07.png,product-shots/IWC-IW5023-07/main.jpg,https://raw.githubusercontent.com/AveryArtlife/gembreak-images/main/watches-only/IWC-IW5023-07.png,,pass,pass,,True,a42fbe9baee0ec8b97b92f4e1ee4e655ab1f51fe5adc407160365dd14e1d7e33,2048,2048,1.0,0.547363,0.945312,0.500244,0.5,1200,1200,1.0
1142,IWC-IW5022-18,IWC,Portugieser — WG PORTUG PC 42-GREY NUM-STRAP,exact-existing,,watches-only/IWC-IW5022-18.png,product-shots/IWC-IW5022-18/main.jpg,https://raw.githubusercontent.com/AveryArtlife/gembreak-images/main/watches-only/IWC-IW5022-18.png,,pass,pass,,True,e9230b045c4b902575d48029dfb7191f7cba881e2bd6c447cc86dd11c91b3c09,2048,2048,1.0,0.57666,0.948242,0.499756,0.499023,1200,1200,1.0
1143,BREI-R17375211B1S1-v2,Breitling,RG SO AUTO42-BLK IX-BLK CER-BLK DPIV-DB,v2-exact,BREI-R17375211B1S1,watches-only/BREI-R17375211B1S1-v2.png,product-shots/BREI-R17375211B1S1-v2/main.jpg,https://raw.githubusercontent.com/AveryArtlife/gembreak-images/main/watches-only/BREI-R17375211B1S1-v2.png,,pass,pass,,True,5dd28983b13b8a6871c145f7bdd52ca7a59327daf5e3cba55475c50fbb32c223,2048,2048,1.0,0.492188,0.912109,0.515137,0.501953,1200,1200,1.0
1144,IWC-IW5022-13,IWC,Portugieser — RG PORTUG PC 42-SLV NUM-STRAP,exact-existing,,watches-only/IWC-IW5022-13.png,product-shots/IWC-IW5022-13/main.jpg,https://raw.githubusercontent.com/AveryArtlife/gembreak-images/main/watches-only/IWC-IW5022-13.png,,pass,pass,,True,876602287a50a30ba2d7cd89d9a16d08638d0fab19bc5387bba0d4f444e3e9cd,2048,2048,1.0,0.559082,0.945312,0.500244,0.5,1200,1200,1.0
1145,IWC-IW5033-07,IWC,Portugieser — SS PORTG PC SHANGHAI ED 44-SLV NUM-STRAP,exact-existing,,watches-only/IWC-IW5033-07.png,product-shots/IWC-IW5033-07/main.jpg,https://raw.githubusercontent.com/AveryArtlife/gembreak-images/main/watches-only/IWC-IW5033-07.png,,pass,pass,,True,24891ed956ad3dfed98e7a0e0a6d2969d5a686582bd9a4e8fb3b78993521365d,2048,2048,1.0,0.556152,0.945801,0.500244,0.500244,1200,1200,1.0
1146,IWC-IW5004-20,IWC,Pilots Watches — WG PILOTS46-BRWN-DB,exact-existing,,watches-only/IWC-IW5004-20.png,product-shots/IWC-IW5004-20/main.jpg,https://raw.githubusercontent.com/AveryArtlife/gembreak-images/main/watches-only/IWC-IW5004-20.png,,pass,pass,,True,aca12117fba9a5e69d82ac930ae5e6baa1b9e1b3df6d744c2065fc5139eba665,2048,2048,1.0,0.630859,0.945312,0.5,0.5,1200,1200,1.0
1147,IWC-IW3442-03,IWC,Portugieser — SS PORTUG PC 42-SLV NUM-STRAP,exact-existing,,watches-only/IWC-IW3442-03.png,product-shots/IWC-IW3442-03/main.jpg,https://raw.githubusercontent.com/AveryArtlife/gembreak-images/main/watches-only/IWC-IW3442-03.png,,pass,pass,,True,296170263e964f76a8fc617b1c459c78080ab470cb3158681e18a728cb38132f,2048,2048,1.0,0.529297,0.945312,0.5,0.5,1200,1200,1.0
1148,IWC-IW5010-12,IWC,Pilots Watches — SS BP RIGHT HANDER LE 46-GRY NUM-STRAP,exact-existing,,watches-only/IWC-IW5010-12.png,product-shots/IWC-IW5010-12/main.jpg,https://raw.githubusercontent.com/AveryArtlife/gembreak-images/main/watches-only/IWC-IW5010-12.png,,pass,pass,,True,65a02c7c9503fa562c7df9d18c37e45b31a4a38db1b20dbb43b299e73e3ea8a3,2048,2048,1.0,0.579102,0.945801,0.5,0.499756,1200,1200,1.0
1149,IWC-IW3956-01,IWC,Pilots Watches — CER PILOTS46-GRN-TB,exact-existing,,watches-only/IWC-IW3956-01.png,product-shots/IWC-IW3956-01/main.jpg,https://raw.githubusercontent.com/AveryArtlife/gembreak-images/main/watches-only/IWC-IW3956-01.png,,pass,pass,,True,301b86006fb189a864c166cc051ef7dfb7b90018bb0737b1c4c29145bfcb2d91,2048,2048,1.0,0.605957,0.945312,0.499756,0.5,1200,1200,1.0
1150,BREI-WW195,Breitling,Breitling Navitimer Automatic Gmt 41MM Green Dial 18K Rose Gold,brand-prefix-exact,WW195,watches-only/BREI-WW195.png,product-shots/BREI-WW195/main.jpg,https://raw.githubusercontent.com/AveryArtlife/gembreak-images/main/watches-only/BREI-WW195.png,,pass,pass,,True,1356b0d140bc1cba86e33f2cb83611afb3bfba5367e0a5c8b3874b2a1577db68,1024,1536,1.0,0.780273,0.863281,0.499512,0.5,1200,1200,1.0
1151,IWC-IW3894-09,IWC,Pilots Watches — CER PILOTS CHR TG MIRAM LE 41.9-BLUE-STRAP,exact-existing,,watches-only/IWC-IW3894-09.png,product-shots/IWC-IW3894-09/main.jpg,https://raw.githubusercontent.com/AveryArtlife/gembreak-images/main/watches-only/IWC-IW3894-09.png,,pass,pass,,True,081f12021e2bb7448563fa0fe60cdb7a2d46e112924d7e5a38e588c1d5863b4b,2048,2048,1.0,0.581055,0.945801,0.5,0.500244,1200,1200,1.0
1152,IWC-IW3289-04,IWC,Ingenieur — TI INGEN AUTO40-GREY IX-BRC,exact-existing,,watches-only/IWC-IW3289-04.png,product-shots/IWC-IW3289-04/main.jpg,https://raw.githubusercontent.com/AveryArtlife/gembreak-images/main/watches-only/IWC-IW3289-04.png,,pass,pass,,True,db8f0ca03a4de3fa308c6d85cce234e84365e79fb77490c18ec132421c07872e,2048,2048,1.0,0.526855,0.945312,0.499756,0.5,1200,1200,1.0
1153,IWC-IW5004-33-v2,IWC,Pilots Watches — SS BIG PILO ALI LE 46-BLK RED IX-STRAP,v2-exact,IWC-IW5004-33,watches-only/IWC-IW5004-33-v2.png,product-shots/IWC-IW5004-33-v2/main.jpg,https://raw.githubusercontent.com/AveryArtlife/gembreak-images/main/watches-only/IWC-IW5004-33-v2.png,,pass,pass,,True,b81a7caf948beb660248b25e2984ce42f917b7798f439b87238e1dd91acc4465,2048,2048,1.0,0.540039,0.907227,0.51123,0.506348,1200,1200,1.0
1154,OMEG-WWN311.63.44.51.99.001,Omega,Omega Speedmaster Dark Side of the Moon Meteorite Grey Dial Leather Strap Men's Watch 311.63.44.51.99.001,brand-prefix-exact,WWN311.63.44.51.99.001,watches-only/OMEG-WWN311.63.44.51.99.001.png,product-shots/OMEG-WWN311.63.44.51.99.001/main.jpg,https://raw.githubusercontent.com/AveryArtlife/gembreak-images/main/watches-only/OMEG-WWN311.63.44.51.99.001.png,,pass,pass,,True,f1d46e4ffdf9ea9ccb407bae9a7b70683f8eb7a76f91e25778fb6d3bee2d57c1,1024,1536,1.0,0.860352,0.907552,0.499512,0.500651,1200,1200,1.0
1155,IWC-IW3955-05,IWC,Pilots Watches — CERAT PILOT TIMEZONER TG 46-BLK NUM-STRAP,exact-existing,,watches-only/IWC-IW3955-05.png,product-shots/IWC-IW3955-05/main.jpg,https://raw.githubusercontent.com/AveryArtlife/gembreak-images/main/watches-only/IWC-IW3955-05.png,,pass,pass,,True,c24f9415c825926114f48ed9be94105313bcef79bb9664a1b3fd0533a2251678,2048,2048,1.0,0.594238,0.945312,0.499756,0.5,1200,1200,1.0
1156,OMEG-WWN304.30.43.52.01.001,Omega,Omega Speedmaster Moonphase Co-Axial Master Chronometer Chronograph  Black Dial Stainless Steel Men's Watch 304.30.43.52.01.001,brand-prefix-exact,WWN304.30.43.52.01.001,watches-only/OMEG-WWN304.30.43.52.01.001.png,product-shots/OMEG-WWN304.30.43.52.01.001/main.jpg,https://raw.githubusercontent.com/AveryArtlife/gembreak-images/main/watches-only/OMEG-WWN304.30.43.52.01.001.png,,pass,pass,,True,1e6d281357b78c3e060e988c7bcb4a8d0f23726f6dd67a399086b48cba90e5f1,1024,1536,1.0,0.799805,0.906901,0.499512,0.499674,1200,1200,1.0
1157,IWC-IW5010-14,IWC,Pilots Watches — SS BIG PILOTS LAS VEGAS46.2-SLV-DB,exact-existing,,watches-only/IWC-IW5010-14.png,product-shots/IWC-IW5010-14/main.jpg,https://raw.githubusercontent.com/AveryArtlife/gembreak-images/main/watches-only/IWC-IW5010-14.png,,pass,pass,,True,4eaf645164a29cb2d7ff01fa3b90a32571748e1d525f1784640a60b7b0c0561a,2048,2048,1.0,0.60498,0.945312,0.500244,0.5,1200,1200,1.0
1158,IWC-IW5101-07,IWC,Portofino — RG PORTOF HW 8DAY 45-SLV IXROM-STRAP,exact-existing,,watches-only/IWC-IW5101-07.png,product-shots/IWC-IW5101-07/main.jpg,https://raw.githubusercontent.com/AveryArtlife/gembreak-images/main/watches-only/IWC-IW5101-07.png,,pass,pass,,True,2437bd180906032b26678cca2ae142bdea9988d4dbf948bc3ecd7a7dcd5dd22f,2048,2048,1.0,0.510254,0.945312,0.499756,0.5,1200,1200,1.0
1159,IWC-IW3756-03,IWC,GST — TI GST PC43-BLACK DIAL-BRAC,exact-existing,,watches-only/IWC-IW3756-03.png,product-shots/IWC-IW3756-03/main.jpg,https://raw.githubusercontent.com/AveryArtlife/gembreak-images/main/watches-only/IWC-IW3756-03.png,,pass,pass,,True,77b996393d77666e2777811f30900e688bc7eec67a6f8b1b882db6958ae1a598,2048,2048,1.0,0.554688,0.945312,0.5,0.5,1200,1200,1.0
1160,BREI-WWNR17329F41G1P1,Breitling,Breitling Navitimer Automatic 41 18kt Rose Gold Leather Strap Men's Watch R17329F41G1P1,brand-prefix-exact,WWNR17329F41G1P1,watches-only/BREI-WWNR17329F41G1P1.png,product-shots/BREI-WWNR17329F41G1P1/main.jpg,https://raw.githubusercontent.com/AveryArtlife/gembreak-images/main/watches-only/BREI-WWNR17329F41G1P1.png,,pass,pass,,True,dee2133ca4ddb95d53a10d0db66509598c4e48e6f3f60035991daf0cc9d19432,1024,1536,1.0,0.849609,0.908203,0.5,0.499674,1200,1200,1.0
1161,IWC-IW5009-08,IWC,Pilots Watches — SS BP LPP 46-BLUE IXNUM-STRAP,exact-existing,,watches-only/IWC-IW5009-08.png,product-shots/IWC-IW5009-08/main.jpg,https://raw.githubusercontent.com/AveryArtlife/gembreak-images/main/watches-only/IWC-IW5009-08.png,,pass,pass,,True,2cbdc2ec80c9e1985cf72db1a164626819798ed1c0ec7206cb744825bd18576d,2048,2048,1.0,0.589355,0.945801,0.499756,0.499756,1200,1200,1.0
1162,BREI-EB0134101M1E1-v2,Breitling,TI CHRMT B01 42-GRY IX-BLK SUBS-RLX BRC,v2-exact,BREI-EB0134101M1E1,watches-only/BREI-EB0134101M1E1-v2.png,product-shots/BREI-EB0134101M1E1-v2/main.jpg,https://raw.githubusercontent.com/AveryArtlife/gembreak-images/main/watches-only/BREI-EB0134101M1E1-v2.png,,pass,pass,,True,bc789b3ce7506d1fadc419b940c0af664a1cbf3143acd8a686d6de86c822757e,2048,2048,1.0,0.483887,0.875488,0.515381,0.512939,1200,1200,1.0
1163,BREI-W1123,Breitling,BREITLING Chronomat B01 Automatic SS 42MM Blue Dial Men's Watch UB,brand-prefix-exact,W1123,watches-only/BREI-W1123.png,product-shots/BREI-W1123/main.jpg,https://raw.githubusercontent.com/AveryArtlife/gembreak-images/main/watches-only/BREI-W1123.png,,pass,pass,,True,7f9594e4ba35d6840c34c78b1d0f1db4ac90e273aa0d8623458a6324c48d100c,549,900,1.0,0.985428,1.0,0.5,0.5,1200,1200,1.0
1164,TUDR-WWNM79310-0001,Tudor,"Tudor Black Bay Chrono Yellow and Black ""Bumblebee"" Dial Steel Men's Watch M79310-0001",brand-prefix-exact,WWNM79310-0001,watches-only/TUDR-WWNM79310-0001.png,product-shots/TUDR-WWNM79310-0001/main.jpg,https://raw.githubusercontent.com/AveryArtlife/gembreak-images/main/watches-only/TUDR-WWNM79310-0001.png,,pass,pass,,True,9454a79ab17f5e4f986768434c167a0355be24a6e24b7c76577b3bda5af31d99,1024,1536,1.0,0.709961,0.907552,0.500488,0.499349,1200,1200,1.0
1165,BREI-SB04452A1C1X1-v2,Breitling,BLKcer SPR AVI B04 CHR F4U 46-BLUE-BLK MIL-DB,v2-exact,BREI-SB04452A1C1X1,watches-only/BREI-SB04452A1C1X1-v2.png,product-shots/BREI-SB04452A1C1X1-v2/main.jpg,https://raw.githubusercontent.com/AveryArtlife/gembreak-images/main/watches-only/BREI-SB04452A1C1X1-v2.png,,pass,pass,,True,7c6050900dbc6ab267340a0a6681601c46cc01646dfe17978a85dd047bcecc49,2048,2048,1.0,0.500488,0.876465,0.508545,0.504639,1200,1200,1.0
1166,IWC-IW3879-07-v2,IWC,Pilots Watches — BRZ PILOT MR PORTER LE 41-BLK-STRAP,v2-exact,IWC-IW3879-07,watches-only/IWC-IW3879-07-v2.png,product-shots/IWC-IW3879-07-v2/main.jpg,https://raw.githubusercontent.com/AveryArtlife/gembreak-images/main/watches-only/IWC-IW3879-07-v2.png,,pass,pass,,True,38f6f155c432da6e55e90d97c6a19085a029b5c9594e87b15f010faff8aaeeed,2048,2048,1.0,0.520996,0.880371,0.513428,0.507568,1200,1200,1.0
1167,BREI-WW102,Breitling,Breitling Classic Avi Super Avi B04 Chronograph Gmt Ss 46MM P-51,brand-prefix-exact,WW102,watches-only/BREI-WW102.png,product-shots/BREI-WW102/main.jpg,https://raw.githubusercontent.com/AveryArtlife/gembreak-images/main/watches-only/BREI-WW102.png,,pass,pass,,True,df4cd8d75147d6dfa94148b76d55cca265e38ad1e887e6b2c8bb60d8d2addf10,700,1000,1.0,0.887143,1.0,0.512143,0.5,1200,1200,1.0
1168,BREI-W135,Breitling,BREITLING Super Chronomat 38MM 18K Rose Gold Diamond Bezel Green L,brand-prefix-exact,W135,watches-only/BREI-W135.png,product-shots/BREI-W135/main.jpg,https://raw.githubusercontent.com/AveryArtlife/gembreak-images/main/watches-only/BREI-W135.png,,pass,pass,,True,284168abcbe49a6404b7af27881152e84acb0b5bf90d789ba6af34c7baaf1a38,492,900,1.0,0.985772,1.0,0.498984,0.5,1200,1200,1.0
1169,BREI-WW595,Breitling,Breitling Super Avi B04 Gmt 46 Mosquito Ss Leather Men's Watch,brand-prefix-exact,WW595,watches-only/BREI-WW595.png,product-shots/BREI-WW595/main.jpg,https://raw.githubusercontent.com/AveryArtlife/gembreak-images/main/watches-only/BREI-WW595.png,,pass,pass,,True,1cbd00e01a27482b892fbc421c576e2f0bc8f0aa3dbaea86dcf9cc6460ab58ce,1024,1536,1.0,0.780273,0.900391,0.500488,0.499674,1200,1200,1.0
1170,BREI-YB04451A1B1A1-v2,Breitling,SS SPR AVI B04 CHR GMT MOSQ46-BLK-SLV SUB-PILOT BRC,v2-exact,BREI-YB04451A1B1A1,watches-only/BREI-YB04451A1B1A1-v2.png,product-shots/BREI-YB04451A1B1A1-v2/main.jpg,https://raw.githubusercontent.com/AveryArtlife/gembreak-images/main/watches-only/BREI-YB04451A1B1A1-v2.png,,pass,pass,,True,d94246dd613c3b06ad6aef4a8518c4e5798d5542816b0d127282a8ab084302bb,2048,2048,1.0,0.508789,0.905762,0.509766,0.505615,1200,1200,1.0
1171,BREI-W126,Breitling,BREITLING Chronomat Automatic 36MM Diamond Bezel Women's Watch G10,brand-prefix-exact,W126,watches-only/BREI-W126.png,product-shots/BREI-W126/main.jpg,https://raw.githubusercontent.com/AveryArtlife/gembreak-images/main/watches-only/BREI-W126.png,,pass,pass,,True,06e0b6f05b5524d6f8ae596164aa0d3d3a715972f545180a54f8e68a69da572d,463,900,1.0,0.987041,0.99,0.49784,0.501667,1200,1200,1.0
1172,BREI-W112,Breitling,BREITLING Chronomat Quartz 32MM MOP Diamond Dial Two-Tone Women's,brand-prefix-exact,W112,watches-only/BREI-W112.png,product-shots/BREI-W112/main.jpg,https://raw.githubusercontent.com/AveryArtlife/gembreak-images/main/watches-only/BREI-W112.png,,pass,pass,,True,6cdc00476c5070ef4587409d77f9481d08b8d6d19e13c89e8ed2ea0cf8997a4a,421,900,1.0,0.985748,1.0,0.5,0.5,1200,1200,1.0
1173,BREI-AB04453A1B1A1-v2,Breitling,SS CLS AVI CHR GMT MUSTANG 45-BLK NUM-PILOT,v2-exact,BREI-AB04453A1B1A1,watches-only/BREI-AB04453A1B1A1-v2.png,product-shots/BREI-AB04453A1B1A1-v2/main.jpg,https://raw.githubusercontent.com/AveryArtlife/gembreak-images/main/watches-only/BREI-AB04453A1B1A1-v2.png,,pass,pass,,True,1b01d0e5fc3901c4a9452079bdca562a48f36fc220fed38bca30500c1a69868b,2048,2048,1.0,0.523926,0.912109,0.510986,0.508301,1200,1200,1.0
1174,BREI-W1115,Breitling,BREITLING Super Chronomat B01 44MM Green Dial Rubber Men's Watch U,brand-prefix-exact,W1115,watches-only/BREI-W1115.png,product-shots/BREI-W1115/main.jpg,https://raw.githubusercontent.com/AveryArtlife/gembreak-images/main/watches-only/BREI-W1115.png,,pass,pass,,True,85dd1d114ff8001050efe3094139a10470ce2ab37b94ef67d5e257eea855aeb0,1024,1536,1.0,0.796875,0.907552,0.535156,0.496745,1200,1200,1.0
1175,OMEG-WWN311.92.44.51.01.005,Omega,Omega Speedmaster Dark Side of the Moon Chronograph Black Nylon Strap Men's Watch 311.92.44.51.01.005,brand-prefix-exact,WWN311.92.44.51.01.005,watches-only/OMEG-WWN311.92.44.51.01.005.png,product-shots/OMEG-WWN311.92.44.51.01.005/main.jpg,https://raw.githubusercontent.com/AveryArtlife/gembreak-images/main/watches-only/OMEG-WWN311.92.44.51.01.005.png,,pass,pass,,True,5b07166e0695838615d17f39df3023f89ab2918a661ad1082697aaf2827c8784,1024,1536,1.0,0.855469,0.906901,0.5,0.499674,1200,1200,1.0
1176,BREI-A17356531C1P1-v2,Breitling,SS CHRMT AUTO36-BLUE IX-LAB DIAM BEZ-BLUE ALG-DB,v2-exact,BREI-A17356531C1P1,watches-only/BREI-A17356531C1P1-v2.png,product-shots/BREI-A17356531C1P1-v2/main.jpg,https://raw.githubusercontent.com/AveryArtlife/gembreak-images/main/watches-only/BREI-A17356531C1P1-v2.png,,pass,pass,,True,3c68a36c85b9f719cf6c295718fd33856ebf0891d06ff66d3509c0d45f840737,2048,2048,1.0,0.511719,0.896973,0.518066,0.509521,1200,1200,1.0
1177,BREI-W123,Breitling,BREITLING Premier B15 Duograph 42MM Blue Dial Leather Men's Watch,brand-prefix-exact,W123,watches-only/BREI-W123.png,product-shots/BREI-W123/main.jpg,https://raw.githubusercontent.com/AveryArtlife/gembreak-images/main/watches-only/BREI-W123.png,,pass,pass,,True,d6ade8af85777de2d284e574c35926094fdcd412bd0f43733a68aeb9e3802cc5,528,900,1.0,0.935606,0.826667,0.5,0.5,1200,1200,1.0
1178,BREI-WW416,Breitling,Breitling Avenger B01 Chronograph 44MM Black Leather Men's Watch,brand-prefix-exact,WW416,watches-only/BREI-WW416.png,product-shots/BREI-WW416/main.jpg,https://raw.githubusercontent.com/AveryArtlife/gembreak-images/main/watches-only/BREI-WW416.png,,pass,pass,,True,529d853eb035a6a79aba55420b6fc9b823433e67dbf8c05c38563a7b85785a58,1024,1536,1.0,0.780273,0.902344,0.499512,0.499349,1200,1200,1.0
1179,BREI-AB04451A1C1X1-v2,Breitling,SS SPR AVI CHR GMT CORSAIR46-BLUE-BLK LTH-DB,v2-exact,BREI-AB04451A1C1X1,watches-only/BREI-AB04451A1C1X1-v2.png,product-shots/BREI-AB04451A1C1X1-v2/main.jpg,https://raw.githubusercontent.com/AveryArtlife/gembreak-images/main/watches-only/BREI-AB04451A1C1X1-v2.png,,pass,pass,,True,2857e7df5e26c7a98bc2861b77fec69b1f8365f4c320ea6ad0bf4bf0add62b74,2048,2048,1.0,0.516602,0.901367,0.504395,0.510254,1200,1200,1.0
1180,BREI-W1156,Breitling,BREITLING Chronomat B01 42MM 18K Rose Gold Bezel Rubber Men's Watc,brand-prefix-exact,W1156,watches-only/BREI-W1156.png,product-shots/BREI-W1156/main.jpg,https://raw.githubusercontent.com/AveryArtlife/gembreak-images/main/watches-only/BREI-W1156.png,,pass,pass,,True,0453cbef627e9bbd1853eab1ad9e79ae8cd99b29c2d30c160ea91d900d4ccdfb,1024,1536,1.0,0.808594,0.960938,0.523438,0.495443,1200,1200,1.0
1181,BREI-W118,Breitling,BREITLING Super Chronomat 38MM Green Rubber Men's Watch U17356531L,brand-prefix-exact,W118,watches-only/BREI-W118.png,product-shots/BREI-W118/main.jpg,https://raw.githubusercontent.com/AveryArtlife/gembreak-images/main/watches-only/BREI-W118.png,,pass,pass,,True,40d43371599eff96ae7aa944f017c9160737a2b80de846546dd0c24ceb060612,1024,1536,1.0,0.78125,0.886068,0.5,0.499674,1200,1200,1.0
1182,BREI-W111,Breitling,BREITLING Chronomat Quartz 32MM Blue MOP Diamond Bezel Women's Wat,brand-prefix-exact,W111,watches-only/BREI-W111.png,product-shots/BREI-W111/main.jpg,https://raw.githubusercontent.com/AveryArtlife/gembreak-images/main/watches-only/BREI-W111.png,,pass,pass,,True,0cc86b56214975845207683dc11cc8964948ac13d78c955ec4d61916813a0b4d,1024,1536,1.0,0.779297,0.911458,0.5,0.5,1200,1200,1.0
1183,BREI-W1102,Breitling,BREITLING Chronomat B01 Triumph 42MM Leather Men's Watch TB0134101,brand-prefix-exact,W1102,watches-only/BREI-W1102.png,product-shots/BREI-W1102/main.jpg,https://raw.githubusercontent.com/AveryArtlife/gembreak-images/main/watches-only/BREI-W1102.png,,pass,pass,,True,e597965fb6b341d3f986116081a112da650cee29769bd619bc5a36d94ca15078,1024,1536,1.0,0.780273,0.911458,0.500488,0.5,1200,1200,1.0
1184,BREI-A17356531C1S1-v2,Breitling,SS CHRMT AUTO36-BLUE IX-LAB DIAM BEZ-BLUE RLX RUB-DB,v2-exact,BREI-A17356531C1S1,watches-only/BREI-A17356531C1S1-v2.png,product-shots/BREI-A17356531C1S1-v2/main.jpg,https://raw.githubusercontent.com/AveryArtlife/gembreak-images/main/watches-only/BREI-A17356531C1S1-v2.png,,pass,pass,,True,b3334da2b9adfa4a9d5dc47c72f12862388a04958a015535254e8c7358d22cc4,2048,2048,1.0,0.550781,0.903809,0.518066,0.509033,1200,1200,1.0
1185,BREI-W1223,Breitling,BREITLING Super Chronomat B01 SS 44MM Black Dial Men's Watch AB013,brand-prefix-exact,W1223,watches-only/BREI-W1223.png,product-shots/BREI-W1223/main.jpg,https://raw.githubusercontent.com/AveryArtlife/gembreak-images/main/watches-only/BREI-W1223.png,,pass,pass,,True,deb67dfe3a45da9847aec8ea2f9f5fb4427be2e1bb58ff3b31f06b21c504ecac,1024,1536,1.0,0.780273,0.882812,0.500488,0.5,1200,1200,1.0
1186,BREI-WW231,Breitling,Breitling Avenger B01 Night Mission Chronograph 42MM Leather,brand-prefix-exact,WW231,watches-only/BREI-WW231.png,product-shots/BREI-WW231/main.jpg,https://raw.githubusercontent.com/AveryArtlife/gembreak-images/main/watches-only/BREI-WW231.png,,pass,pass,,True,d6b28bcdbfef35b9a09201b5dd09b53d5dc9d895ed0b6432d414cc07165fdb17,1024,1536,1.0,0.78125,0.892578,0.499023,0.499674,1200,1200,1.0
1187,BREI-WW404,Breitling,Breitling Super Avenger B01 Chronograph 46MM Blue Dial Leather,brand-prefix-exact,WW404,watches-only/BREI-WW404.png,product-shots/BREI-WW404/main.jpg,https://raw.githubusercontent.com/AveryArtlife/gembreak-images/main/watches-only/BREI-WW404.png,,pass,pass,,True,64b0ae8751be525d979893f7d2c8b2759cd8594f1063a19f0c857334ec6b6f87,1024,1536,1.0,0.780273,0.878906,0.500488,0.498047,1200,1200,1.0
1188,BREI-SB01472A1B1X1-v2,Breitling,CER AVG B01 CHR NM BLDHDS44-GRY-BLK SUB-BLK MIL-DB,v2-exact,BREI-SB01472A1B1X1,watches-only/BREI-SB01472A1B1X1-v2.png,product-shots/BREI-SB01472A1B1X1-v2/main.jpg,https://raw.githubusercontent.com/AveryArtlife/gembreak-images/main/watches-only/BREI-SB01472A1B1X1-v2.png,,pass,pass,,True,8c4ed7d1f7cfbcc029420b7f9ada0460d3de3a991cf0f5b165379f20dd295d2c,2048,2048,1.0,0.529297,0.883789,0.513672,0.505371,1200,1200,1.0
1189,BREI-W191,Breitling,BREITLING Chronomat 28MM MOP Dial 18K Rose Gold Diamond Bezel Wome,brand-prefix-exact,W191,watches-only/BREI-W191.png,product-shots/BREI-W191/main.jpg,https://raw.githubusercontent.com/AveryArtlife/gembreak-images/main/watches-only/BREI-W191.png,,pass,pass,,True,2fb942e9404a93ede3fd13d254302e710ed6b4abfdbdc84de369c42118f61ca8,1024,1536,1.0,0.646484,0.922526,0.518555,0.495768,1200,1200,1.0
1190,BREI-W17,Breitling,BREITLING Superocean Heritage B01 Chronograph 42MM Black Rubber Me,brand-prefix-exact,W17,watches-only/BREI-W17.png,product-shots/BREI-W17/main.jpg,https://raw.githubusercontent.com/AveryArtlife/gembreak-images/main/watches-only/BREI-W17.png,,pass,pass,,True,7a6eef7048a5f3a1ea3ab718840af14d6c4c543b71ca1fa22947c0a657b17774,1024,1536,1.0,0.827148,0.941406,0.520996,0.496094,1200,1200,1.0
1191,OMEG-WWN215.92.46.21.01.001,Omega,Omega Seamaster Planet Ocean 6000M Co-Axial Master Chronometer 45.5 mm Automatic Black Dial Fabric Strap Men's Watch 215.92.46.21.01.001,brand-prefix-exact,WWN215.92.46.21.01.001,watches-only/OMEG-WWN215.92.46.21.01.001.png,product-shots/OMEG-WWN215.92.46.21.01.001/main.jpg,https://raw.githubusercontent.com/AveryArtlife/gembreak-images/main/watches-only/OMEG-WWN215.92.46.21.01.001.png,,pass,pass,,True,317aa0a6d458064e6d974c715822c797907a6d8c3011d40208b121a0267d33b5,1024,1536,1.0,0.780273,0.850911,0.500488,0.499674,1200,1200,1.0
1192,BREI-W1116,Breitling,BREITLING Chronomat B01 42MM Green Dial Rubber Men's Watch UB01341,brand-prefix-exact,W1116,watches-only/BREI-W1116.png,product-shots/BREI-W1116/main.jpg,https://raw.githubusercontent.com/AveryArtlife/gembreak-images/main/watches-only/BREI-W1116.png,,pass,pass,,True,c03dbc7e3ce6109d732d75fe41a39661ca8b1685a61f967d61b1f6f18e31efce,1024,1536,1.0,0.77832,0.905599,0.539551,0.487956,1200,1200,1.0
1193,BREI-EB0148101B1E1-v2,Breitling,TI SPR AVG B01 CHR46-BLK IX-PROFIII BRC,v2-exact,BREI-EB0148101B1E1,watches-only/BREI-EB0148101B1E1-v2.png,product-shots/BREI-EB0148101B1E1-v2/main.jpg,https://raw.githubusercontent.com/AveryArtlife/gembreak-images/main/watches-only/BREI-EB0148101B1E1-v2.png,,pass,pass,,True,3277ebdaa7f4871b8b49d5f0ca5bb82ad8c81c863ee7ad7ced46347f91d14c7c,2048,2048,1.0,0.503906,0.890137,0.504395,0.512939,1200,1200,1.0
1194,BREI-EB0148101C1E1-v2,Breitling,TI SPR AVG B01 CHR46-BLUE IX-BLK SUB-PRFIII BRC,v2-exact,BREI-EB0148101C1E1,watches-only/BREI-EB0148101C1E1-v2.png,product-shots/BREI-EB0148101C1E1-v2/main.jpg,https://raw.githubusercontent.com/AveryArtlife/gembreak-images/main/watches-only/BREI-EB0148101C1E1-v2.png,,pass,pass,,True,dab6ed3de85a4ba66d5f3e0f639e29919607188d32af49f1536823578fedf085,2048,2048,1.0,0.516602,0.902344,0.507812,0.510742,1200,1200,1.0
1195,BREI-SB01473A1B1X1-v2,Breitling,CER AVG B01 CHR NM DEVILS44-BLK-BLK MILT-DB,v2-exact,BREI-SB01473A1B1X1,watches-only/BREI-SB01473A1B1X1-v2.png,product-shots/BREI-SB01473A1B1X1-v2/main.jpg,https://raw.githubusercontent.com/AveryArtlife/gembreak-images/main/watches-only/BREI-SB01473A1B1X1-v2.png,,pass,pass,,True,e59e526096fcf348b9770f2fec6bae80adf874de6189f2d05df33cf7d9c4fd5d,2048,2048,1.0,0.512695,0.849609,0.511719,0.503906,1200,1200,1.0
1196,BREI-W1216,Breitling,BREITLING Navitimer B01 CHRONO SS 46MM Green Dial Men's Watch AB01,brand-prefix-exact,W1216,watches-only/BREI-W1216.png,product-shots/BREI-W1216/main.jpg,https://raw.githubusercontent.com/AveryArtlife/gembreak-images/main/watches-only/BREI-W1216.png,,pass,pass,,True,852483f0cb3ec4e73c013fcd443db0d8544f73276a4a03989cae1e8ecf6d3b14,743,900,1.0,0.986541,0.991111,0.5,0.504444,1200,1200,1.0
1197,BREI-W1200,Breitling,BREITLING Navitimer B01 CHRONO 46MM SS Blue Dial Men's Watch AB013,brand-prefix-exact,W1200,watches-only/BREI-W1200.png,product-shots/BREI-W1200/main.jpg,https://raw.githubusercontent.com/AveryArtlife/gembreak-images/main/watches-only/BREI-W1200.png,,pass,pass,,True,cd6efbbcf90ccbc1386ae8d5148be9ee51d6f2b01da893e52b7b1ef7bdbc658b,700,1000,1.0,0.975714,1.0,0.492143,0.5,1200,1200,1.0
1198,BREI-W1131,Breitling,BREITLING Navitimer B01 Automatic Chronograph 41MM Silver Dial Men,brand-prefix-exact,W1131,watches-only/BREI-W1131.png,product-shots/BREI-W1131/main.jpg,https://raw.githubusercontent.com/AveryArtlife/gembreak-images/main/watches-only/BREI-W1131.png,,pass,pass,,True,ebb5b0af06ea81d80da9abf1ad6830aa157dee9dcbc7f5c55fa855145361630a,1024,1536,1.0,0.780273,0.911458,0.499512,0.5,1200,1200,1.0
1199,BREI-W1199,Breitling,BREITLING Navitimer B01 CHRONO 43MM SS Silver Dial Men's Watch AB0,brand-prefix-exact,W1199,watches-only/BREI-W1199.png,product-shots/BREI-W1199/main.jpg,https://raw.githubusercontent.com/AveryArtlife/gembreak-images/main/watches-only/BREI-W1199.png,,pass,pass,,True,e85f3df9280effc05afc8e2641a0d1f89905040a4e3abdd9d72e0efd3c0c01cf,1024,1536,1.0,0.78125,0.911458,0.5,0.5,1200,1200,1.0
1200,OMEG-W1221,Omega,OMEGA De Ville Prestige AUTO SS 36.8MM Men's Watch 424.25.37.20.58,brand-prefix-exact,W1221,watches-only/OMEG-W1221.png,product-shots/OMEG-W1221/main.jpg,https://raw.githubusercontent.com/AveryArtlife/gembreak-images/main/watches-only/OMEG-W1221.png,,pass,pass,,True,a72e8d35286709953e9840dfbe88d6f6587e9c6f2750de9c51b6cec6be266c9a,538,900,1.0,0.98513,1.0,0.501859,0.5,1200,1200,1.0
1201,BREI-AB0930F51H1P1-v2,Breitling,SS PREM B09 CHR40-CHP NUM-BRW ALG-DB,v2-exact,BREI-AB0930F51H1P1,watches-only/BREI-AB0930F51H1P1-v2.png,product-shots/BREI-AB0930F51H1P1-v2/main.jpg,https://raw.githubusercontent.com/AveryArtlife/gembreak-images/main/watches-only/BREI-AB0930F51H1P1-v2.png,,pass,pass,,True,b908f9a355315215634d15174297532e3dc3e27d4041cb39f10706bf261f25b6,2048,2048,1.0,0.57666,0.953613,0.523193,0.506592,1200,1200,1.0
1202,BREI-SB0148101B1X1-v2,Breitling,CER SPR AVG CHR NM46-BLK CARB-GRN MIL-DB,v2-exact,BREI-SB0148101B1X1,watches-only/BREI-SB0148101B1X1-v2.png,product-shots/BREI-SB0148101B1X1-v2/main.jpg,https://raw.githubusercontent.com/AveryArtlife/gembreak-images/main/watches-only/BREI-SB0148101B1X1-v2.png,,pass,pass,,True,08b05aa58997e6fad1651fe6e81eda274a674ae2a9d5bf6384f9040f1de6baba,2048,2048,1.0,0.504395,0.881836,0.512939,0.51123,1200,1200,1.0
1203,BREI-W136,Breitling,BREITLING Super AVI B04 P-51 Mustang Chronograph 46MM Black Dial L,brand-prefix-exact,W136,watches-only/BREI-W136.png,product-shots/BREI-W136/main.jpg,https://raw.githubusercontent.com/AveryArtlife/gembreak-images/main/watches-only/BREI-W136.png,,pass,pass,,True,04124a8bf502c1786bc08069f4ad873bff41014b89b25dbc3a7ce8263a34f1ea,1024,1536,1.0,0.78125,0.901042,0.5,0.5,1200,1200,1.0
1204,BREI-W125,Breitling,BREITLING Super AVI B04 P-51 Mustang Chronograph 46MM Black Dial L,brand-prefix-exact,W125,watches-only/BREI-W125.png,product-shots/BREI-W125/main.jpg,https://raw.githubusercontent.com/AveryArtlife/gembreak-images/main/watches-only/BREI-W125.png,,pass,pass,,True,22f0c4c6f9fdac0930552500fbfab405e9dd5f8875f9a184a285760229a35a2f,499,900,1.0,0.937876,0.8,0.498998,0.5,1200,1200,1.0
1205,BREI-W1206,Breitling,BREITLING Chronomat B01 AUTO 42MM SS Grey Dial Men's Watch EB01341,brand-prefix-exact,W1206,watches-only/BREI-W1206.png,product-shots/BREI-W1206/main.jpg,https://raw.githubusercontent.com/AveryArtlife/gembreak-images/main/watches-only/BREI-W1206.png,,pass,pass,,True,11dcbeb37f6f80bf23d5600278002909e0d7ab7fc5c53428c800116bc70ea9d3,1024,1536,1.0,0.779297,0.911458,0.5,0.5,1200,1200,1.0
1206,BREI-SB0146101B1X1-v2,Breitling,CER AVG B01 CHR NM42-CARB-TAN MIL-DB,v2-exact,BREI-SB0146101B1X1,watches-only/BREI-SB0146101B1X1-v2.png,product-shots/BREI-SB0146101B1X1-v2/main.jpg,https://raw.githubusercontent.com/AveryArtlife/gembreak-images/main/watches-only/BREI-SB0146101B1X1-v2.png,,pass,pass,,True,782fd5f3054ca76d974041e189cf39f783d914992925d468ca1aae943e78ac97,2048,2048,1.0,0.500488,0.856934,0.509521,0.50415,1200,1200,1.0
1207,BREI-AB0134101C1A1-v2,Breitling,SS CHRMT B01 42-BLU IX-BLK SUBS-RLX BRC,v2-exact,BREI-AB0134101C1A1,watches-only/BREI-AB0134101C1A1-v2.png,product-shots/BREI-AB0134101C1A1-v2/main.jpg,https://raw.githubusercontent.com/AveryArtlife/gembreak-images/main/watches-only/BREI-AB0134101C1A1-v2.png,,pass,pass,,True,ea668c2cbbb8c7dd13f4cd9b3fd614eb37fba533088924d657b02f1dd75cbd7b,2048,2048,1.0,0.542969,0.90918,0.520996,0.509277,1200,1200,1.0
1208,BREI-AB0134101G1A1-v2,Breitling,SS CHRMT B01 42-SLV-BLK SUBS-RLX BRC,v2-exact,BREI-AB0134101G1A1,watches-only/BREI-AB0134101G1A1-v2.png,product-shots/BREI-AB0134101G1A1-v2/main.jpg,https://raw.githubusercontent.com/AveryArtlife/gembreak-images/main/watches-only/BREI-AB0134101G1A1-v2.png,,pass,pass,,True,b579f0892c1156fbaaae03d6e74c273a8717be4584f9454b478e1ea2e97f2258,2048,2048,1.0,0.483398,0.899902,0.504395,0.515869,1200,1200,1.0
1209,BREI-AB0134101K1A1-v2,Breitling,SS CHRMT B01 42-COPPER IX-BLK SUBS-SS RLX BRC,v2-exact,BREI-AB0134101K1A1,watches-only/BREI-AB0134101K1A1-v2.png,product-shots/BREI-AB0134101K1A1-v2/main.jpg,https://raw.githubusercontent.com/AveryArtlife/gembreak-images/main/watches-only/BREI-AB0134101K1A1-v2.png,,pass,pass,,True,f51d040466f59af0d884cf0fa3d9bdb251691e708c373a84614012af29192397,2048,2048,1.0,0.630371,0.981445,0.502686,0.505371,1200,1200,1.0
1210,BREI-AB0162121G1A1-v2,Breitling,SS SOH B01 CHR44-SLV IX-BLK SUBS-BLK CER-OC BRC,v2-exact,BREI-AB0162121G1A1,watches-only/BREI-AB0162121G1A1-v2.png,product-shots/BREI-AB0162121G1A1-v2/main.jpg,https://raw.githubusercontent.com/AveryArtlife/gembreak-images/main/watches-only/BREI-AB0162121G1A1-v2.png,,pass,pass,,True,1ba0c434718380b2dd31e346f9e3dfb243de740192f78c74b1f281d257ef23ee,2048,2048,1.0,0.609375,0.980957,0.499512,0.502686,1200,1200,1.0
1211,BREI-AB0162121B1A1-v2,Breitling,SS SOH CHR 44-BLK IX-SLV SUBS-BLK CER-OC BRC,v2-exact,BREI-AB0162121B1A1,watches-only/BREI-AB0162121B1A1-v2.png,product-shots/BREI-AB0162121B1A1-v2/main.jpg,https://raw.githubusercontent.com/AveryArtlife/gembreak-images/main/watches-only/BREI-AB0162121B1A1-v2.png,,pass,pass,,True,8adb11a8cb785d9a30e1077e3cb4aa1d76c69cbe72fe6acce02d0bd146dec417,2048,2048,1.0,0.532715,0.91748,0.516357,0.509033,1200,1200,1.0
1212,BREI-W195,Breitling,BREITLING Chronomat Automatic Diamond 36MM Green Dial Bezel Unisex,brand-prefix-exact,W195,watches-only/BREI-W195.png,product-shots/BREI-W195/main.jpg,https://raw.githubusercontent.com/AveryArtlife/gembreak-images/main/watches-only/BREI-W195.png,,pass,pass,,True,ad4eb5f21576989cecb1ec45217333c0a70fb8ae059080a9083ef86c7f599194,1024,1536,1.0,0.788086,0.973958,0.48877,0.5,1200,1200,1.0
1213,BREI-EB0148101B1X1-v2,Breitling,TI SPR AVG B01 CHR46-BLK IX-BLK MIL-DB,v2-exact,BREI-EB0148101B1X1,watches-only/BREI-EB0148101B1X1-v2.png,product-shots/BREI-EB0148101B1X1-v2/main.jpg,https://raw.githubusercontent.com/AveryArtlife/gembreak-images/main/watches-only/BREI-EB0148101B1X1-v2.png,,pass,pass,,True,11fc4fca1bb73f8ef51943af97a215d98eece7c691880436ebd0b6a79768d351,2048,2048,1.0,0.496582,0.876953,0.513428,0.508789,1200,1200,1.0
1214,BREI-AB0134101G1S2-v2,Breitling,SS CHRMT B01 42-SLV IX-BLK SUBS-BLK RLX-DB,v2-exact,BREI-AB0134101G1S2,watches-only/BREI-AB0134101G1S2-v2.png,product-shots/BREI-AB0134101G1S2-v2/main.jpg,https://raw.githubusercontent.com/AveryArtlife/gembreak-images/main/watches-only/BREI-AB0134101G1S2-v2.png,,pass,pass,,True,f5e715fa5d75ec04dfdd73f71fa98b22297ec9de48238a081287b6fcd7f771ac,2048,2048,1.0,0.498047,0.883789,0.516113,0.510254,1200,1200,1.0
1215,BREI-AB0134101L2S1,Breitling,SS CHRMT B01 42-GRN IX-BLK SUBS-GRN RLX-DB,exact-existing,,watches-only/BREI-AB0134101L2S1.png,product-shots/BREI-AB0134101L2S1/main.jpg,https://raw.githubusercontent.com/AveryArtlife/gembreak-images/main/watches-only/BREI-AB0134101L2S1.png,,pass,pass,,True,09a5ebfceda39a3072e6bb6a960256eb05c5d7cf54d8724e57b61ce317fffa52,2048,2048,1.0,0.584961,0.945312,0.5,0.5,1200,1200,1.0
1216,BREI-AB0162121C1S1-v2,Breitling,SS SOH B01 CHR44-BLUE-BLK SUB-BLK AERO-DB,v2-exact,BREI-AB0162121C1S1,watches-only/BREI-AB0162121C1S1-v2.png,product-shots/BREI-AB0162121C1S1-v2/main.jpg,https://raw.githubusercontent.com/AveryArtlife/gembreak-images/main/watches-only/BREI-AB0162121C1S1-v2.png,,pass,pass,,True,3dc24de023d0e6f34dc4e5cd713d7e4ca4e38cf443019cd7e29f07b061034026,2048,2048,1.0,0.552246,0.911621,0.512451,0.514404,1200,1200,1.0
1217,BREI-AB0162121B1S1-v2,Breitling,SS SOH B01 CHR44-BLK IX-SLV SUB-BLK CER-BLK AERO-DB,v2-exact,BREI-AB0162121B1S1,watches-only/BREI-AB0162121B1S1-v2.png,product-shots/BREI-AB0162121B1S1-v2/main.jpg,https://raw.githubusercontent.com/AveryArtlife/gembreak-images/main/watches-only/BREI-AB0162121B1S1-v2.png,,pass,pass,,True,89cc5c8eceed71ef8e77582da759e45fb93b605803adcf04ce25967e76b88284,2048,2048,1.0,0.504883,0.89209,0.510254,0.51001,1200,1200,1.0
1218,BREI-AB0162121G1S1-v2,Breitling,SS SOH CHR 44-SLV IX-BLK SUBS-BLK CER-BLK AERO RUB-DB,v2-exact,BREI-AB0162121G1S1,watches-only/BREI-AB0162121G1S1-v2.png,product-shots/BREI-AB0162121G1S1-v2/main.jpg,https://raw.githubusercontent.com/AveryArtlife/gembreak-images/main/watches-only/BREI-AB0162121G1S1-v2.png,,pass,pass,,True,c5d7c890f19974eb328c3db045546a02d1473a3b9b2d7fc633551634b611ba27,2048,2048,1.0,0.500977,0.88623,0.508789,0.507568,1200,1200,1.0
1219,BREI-W1124,Breitling,BREITLING Chronomat Quartz 32MM Diamond MOP Dial Women's Watch U77,brand-prefix-exact,W1124,watches-only/BREI-W1124.png,product-shots/BREI-W1124/main.jpg,https://raw.githubusercontent.com/AveryArtlife/gembreak-images/main/watches-only/BREI-W1124.png,,pass,pass,,True,423fa969c2910b23341ead67216373dddf057b6cc0829a2773bb04a05229c7ba,414,900,1.0,0.985507,1.0,0.5,0.5,1200,1200,1.0
1220,BREI-AB01342B1B3S1-v2,Breitling,SS CHRMT B01 NFL FALCONS 42-BLK IX-SLV SUBS-BLK RLX RUB-DB,v2-exact,BREI-AB01342B1B3S1,watches-only/BREI-AB01342B1B3S1-v2.png,product-shots/BREI-AB01342B1B3S1-v2/main.jpg,https://raw.githubusercontent.com/AveryArtlife/gembreak-images/main/watches-only/BREI-AB01342B1B3S1-v2.png,,pass,pass,,True,a6f36abe6c11eead252a991031eb1a5d907901ad17814069fd6c61a122799e1a,2048,2048,1.0,0.605469,0.966797,0.501953,0.506836,1200,1200,1.0
1221,BREI-AB01342B1B4S1-v2,Breitling,SS CHRMT NFL SAINTS 42-BLK IX-SLV SUBS-BLK RLX RUB-DB,v2-exact,BREI-AB01342B1B4S1,watches-only/BREI-AB01342B1B4S1-v2.png,product-shots/BREI-AB01342B1B4S1-v2/main.jpg,https://raw.githubusercontent.com/AveryArtlife/gembreak-images/main/watches-only/BREI-AB01342B1B4S1-v2.png,,pass,pass,,True,415be4f10e677ecfcf49bad2a04a113bf72bc5a719598a8b7b33013f10ef113b,2048,2048,1.0,0.53125,0.900391,0.520996,0.513672,1200,1200,1.0
1222,BREI-AB01342B1B5S1-v2,Breitling,SS CHRMT NFL PANTHERS 42-BLK IX-SLV SUBS-BLK RLX RUB-DB,v2-exact,BREI-AB01342B1B5S1,watches-only/BREI-AB01342B1B5S1-v2.png,product-shots/BREI-AB01342B1B5S1-v2/main.jpg,https://raw.githubusercontent.com/AveryArtlife/gembreak-images/main/watches-only/BREI-AB01342B1B5S1-v2.png,,pass,pass,,True,f0465285d7ad986b4857836a18ad7318e868ccd6145149b3c6c98e11a61b4379,2048,2048,1.0,0.536621,0.922852,0.515869,0.51123,1200,1200,1.0
1223,BREI-AB01342B1B6S1-v2,Breitling,SS CHRMT B01 NFL BROWNS 42-BRWN IX-SLV SUBS-BLK RLX RUB-DB,v2-exact,BREI-AB01342B1B6S1,watches-only/BREI-AB01342B1B6S1-v2.png,product-shots/BREI-AB01342B1B6S1-v2/main.jpg,https://raw.githubusercontent.com/AveryArtlife/gembreak-images/main/watches-only/BREI-AB01342B1B6S1-v2.png,,pass,pass,,True,470d6fceefd6cefb327373a36916fbadba4b5387482c3c02ac5cadab996e9a37,2048,2048,1.0,0.51123,0.910156,0.519775,0.509277,1200,1200,1.0
1224,BREI-AB01342B1C2S1-v2,Breitling,SS CHRMT B01 NFL COLTS 42-BLUE IX-SLV SUBS-BLK RLX RUB-DB,v2-exact,BREI-AB01342B1C2S1,watches-only/BREI-AB01342B1C2S1-v2.png,product-shots/BREI-AB01342B1C2S1-v2/main.jpg,https://raw.githubusercontent.com/AveryArtlife/gembreak-images/main/watches-only/BREI-AB01342B1C2S1-v2.png,,pass,pass,,True,0b8fcf7529407eceb51203eaed918d5f31b7a2e052f2e30fc1f7f73ccbf6d744,2048,2048,1.0,0.514648,0.893555,0.516113,0.512695,1200,1200,1.0
1225,BREI-AB01342B1C6S1-v2,Breitling,SS CHRMT NFL TITANS 42-DK BLUE-SLV SUBS-BLK RLX RUB-DB,v2-exact,BREI-AB01342B1C6S1,watches-only/BREI-AB01342B1C6S1-v2.png,product-shots/BREI-AB01342B1C6S1-v2/main.jpg,https://raw.githubusercontent.com/AveryArtlife/gembreak-images/main/watches-only/BREI-AB01342B1C6S1-v2.png,,pass,pass,,True,443e00ad38293d9b7252c36cdcd0ccb7c57ae15a12fb44278923230d67d4a7ef,2048,2048,1.0,0.51123,0.888184,0.518311,0.509033,1200,1200,1.0
1226,BREI-AB01342B1C8S1-v2,Breitling,SS CHRMT B01 NFL CHARGERS 42-BLUE IX-SLV SUBS-BLK RLX RUB-DB,v2-exact,BREI-AB01342B1C8S1,watches-only/BREI-AB01342B1C8S1-v2.png,product-shots/BREI-AB01342B1C8S1-v2/main.jpg,https://raw.githubusercontent.com/AveryArtlife/gembreak-images/main/watches-only/BREI-AB01342B1C8S1-v2.png,,pass,pass,,True,e416d044140e9e7247adc9a23ce5fc31ff76c4f54bfe897dbd0a8b6a8fe599c6,2048,2048,1.0,0.505859,0.885742,0.511719,0.505371,1200,1200,1.0
1227,BREI-AB01342B1C9S1,Breitling,SS CHRMT B01 RAMS 42-BLUE IX-SLV SUBS-BLK RLX RUB-DB,exact-existing,,watches-only/BREI-AB01342B1C9S1.png,product-shots/BREI-AB01342B1C9S1/main.jpg,https://raw.githubusercontent.com/AveryArtlife/gembreak-images/main/watches-only/BREI-AB01342B1C9S1.png,,pass,pass,,True,a04e6d28c6e76b62e1dd396373830690f11d4928f4b5f7521d968f217ed2a2c5,2048,2048,1.0,0.602051,0.945801,0.499756,0.499756,1200,1200,1.0
1228,BREI-AB01342B1CBS1,Breitling,SS CHRMT NFL TEXANS 42-DK BLUE IX-SLV SUBS-BLK RLX RUB-DB,exact-existing,,watches-only/BREI-AB01342B1CBS1.png,product-shots/BREI-AB01342B1CBS1/main.jpg,https://raw.githubusercontent.com/AveryArtlife/gembreak-images/main/watches-only/BREI-AB01342B1CBS1.png,,pass,pass,,True,1aabafbf98f20b982640c896569401e3698a3a09a00f0af0315f200bc9c6b37c,2048,2048,1.0,0.554199,0.945312,0.499756,0.5,1200,1200,1.0
1229,BREI-AB01342B1K2S1,Breitling,SS CHRMT NFL RAVENS 42-PRP IX-SLV SUBS-BLK RLX RUB-DB,exact-existing,,watches-only/BREI-AB01342B1K2S1.png,product-shots/BREI-AB01342B1K2S1/main.jpg,https://raw.githubusercontent.com/AveryArtlife/gembreak-images/main/watches-only/BREI-AB01342B1K2S1.png,,pass,pass,,True,7ea5a80ee09dcff1ead440748d2427237b07d53484570f9a671d916e6970868d,2048,2048,1.0,0.600586,0.945312,0.5,0.5,1200,1200,1.0
1230,BREI-AB01342B1K3S1,Breitling,SS CHRMT NFL COMMAND 42-BURG IX-SLV SUBS-BLK RLX RUB-DB,exact-existing,,watches-only/BREI-AB01342B1K3S1.png,product-shots/BREI-AB01342B1K3S1/main.jpg,https://raw.githubusercontent.com/AveryArtlife/gembreak-images/main/watches-only/BREI-AB01342B1K3S1.png,,pass,pass,,True,c8642db542b3cb967016c1e9ca8a8463b337811eda6ba6461c1b0bff69e60493,2048,2048,1.0,0.606445,0.945801,0.5,0.500244,1200,1200,1.0
1231,BREI-AB01342B1K6S1,Breitling,SS CHRMT NFL CARDINALS 42-RED IX-SLV SUBS-BLK RLX RUB-DB,exact-existing,,watches-only/BREI-AB01342B1K6S1.png,product-shots/BREI-AB01342B1K6S1/main.jpg,https://raw.githubusercontent.com/AveryArtlife/gembreak-images/main/watches-only/BREI-AB01342B1K6S1.png,,pass,pass,,True,f6c23c9b30978098f8ae740c005a35c8d187d833d5705a333912b70526b9d657,2048,2048,1.0,0.606934,0.945312,0.499756,0.5,1200,1200,1.0
1232,BREI-AB01342B1K7S1,Breitling,SS CHRMT B01 NFL BUCCAN 42-RED IX-SLV SUBS-BLK RLX RUB-DB,exact-existing,,watches-only/BREI-AB01342B1K7S1.png,product-shots/BREI-AB01342B1K7S1/main.jpg,https://raw.githubusercontent.com/AveryArtlife/gembreak-images/main/watches-only/BREI-AB01342B1K7S1.png,,pass,pass,,True,005afd3f4d34bbc095d041767291c0cd52e8c2b48f44275b3b8811710f53e7d6,2048,2048,1.0,0.584961,0.945801,0.5,0.500244,1200,1200,1.0
1233,BREI-AB01342B1L5S1,Breitling,SS CHRMT B01 NFL JETS 42-GRN IX-SLV SUBS-BLK RLX RUB-DB,exact-existing,,watches-only/BREI-AB01342B1L5S1.png,product-shots/BREI-AB01342B1L5S1/main.jpg,https://raw.githubusercontent.com/AveryArtlife/gembreak-images/main/watches-only/BREI-AB01342B1L5S1.png,,pass,pass,,True,ab93018f0ba042a9dc2efa5ca2504de96361d0548a22e636689b00022fd552a1,2048,2048,1.0,0.583984,0.945312,0.5,0.5,1200,1200,1.0
1234,BREI-AB01342B1O1S1,Breitling,SS CHRMT B01 NFL BENGALS 42-ORG IX-SLV SUBS-BLK RLX RUB-DB,exact-existing,,watches-only/BREI-AB01342B1O1S1.png,product-shots/BREI-AB01342B1O1S1/main.jpg,https://raw.githubusercontent.com/AveryArtlife/gembreak-images/main/watches-only/BREI-AB01342B1O1S1.png,,pass,pass,,True,cb20ff6d651fd25a114d1c5b99290b5064c084e999d61d7cc90508a6ab3c9f04,2048,2048,1.0,0.595703,0.945312,0.5,0.5,1200,1200,1.0
1235,BREI-W159,Breitling,BREITLING Top Time B01 Racing Automatic 38MM Black Dial Leather Me,brand-prefix-exact,W159,watches-only/BREI-W159.png,product-shots/BREI-W159/main.jpg,https://raw.githubusercontent.com/AveryArtlife/gembreak-images/main/watches-only/BREI-W159.png,,pass,pass,,True,47807ac5c8f6874af4143bcfee31cd67901815dbbb0511f03d595a6b7efbf58e,1024,1536,1.0,0.779297,0.911458,0.5,0.5,1200,1200,1.0
1236,BREI-U13313121B1A1-v2,Breitling,S/RG SOH CHR 44-BLK IX-RG/BLK CER BEZ-OC BRC,v2-exact,BREI-U13313121B1A1,watches-only/BREI-U13313121B1A1-v2.png,product-shots/BREI-U13313121B1A1-v2/main.jpg,https://raw.githubusercontent.com/AveryArtlife/gembreak-images/main/watches-only/BREI-U13313121B1A1-v2.png,,pass,pass,,True,493fbf96ab8dff0b5db3b7a1f71693e13520b01dac3df44d578f26b18dd043cf,2048,2048,1.0,0.519531,0.894043,0.513672,0.506104,1200,1200,1.0
1237,BREI-W128,Breitling,BREITLING Lady Premier Automatic 36MM Green Dial Diamond Bezel Wom,brand-prefix-exact,W128,watches-only/BREI-W128.png,product-shots/BREI-W128/main.jpg,https://raw.githubusercontent.com/AveryArtlife/gembreak-images/main/watches-only/BREI-W128.png,,pass,pass,,True,9cce5b9c79e12899ec5bddaea91839c085b22f454a0039431e9bd710d77dfade,1024,1536,1.0,0.780273,0.911458,0.500488,0.5,1200,1200,1.0
1238,BREI-WWNTB0134101M1X1,Breitling,Breitling Chronomat B01 42 Triumph Limited Edition Chronograph Grey Dial Leather Strap Men's Watch TB0134101M1X1,brand-prefix-exact,WWNTB0134101M1X1,watches-only/BREI-WWNTB0134101M1X1.png,product-shots/BREI-WWNTB0134101M1X1/main.jpg,https://raw.githubusercontent.com/AveryArtlife/gembreak-images/main/watches-only/BREI-WWNTB0134101M1X1.png,,pass,pass,,True,4c0138bc99a88540343e48f3bced85095efbe70dc00f8b2a5ec1df9fa8a18410,1024,1536,1.0,0.78125,0.911458,0.5,0.5,1200,1200,1.0
1239,BREI-W1204,Breitling,BREITLING Super Avi B04 GMT CHRONO 46 Mosquito Night Fighter Men's,brand-prefix-exact,W1204,watches-only/BREI-W1204.png,product-shots/BREI-W1204/main.jpg,https://raw.githubusercontent.com/AveryArtlife/gembreak-images/main/watches-only/BREI-W1204.png,,pass,pass,,True,7244866ca401fd6441578a74572c17a5e1ebd507c09da888642b656b41a7161c,1024,1536,1.0,0.780273,0.899089,0.500488,0.499674,1200,1200,1.0
1240,OMEG-W1178,Omega,OMEGA De Ville Prestige AUTO 32.7MM MOP Dial Leather Women's Watch,brand-prefix-exact,W1178,watches-only/OMEG-W1178.png,product-shots/OMEG-W1178/main.jpg,https://raw.githubusercontent.com/AveryArtlife/gembreak-images/main/watches-only/OMEG-W1178.png,,pass,pass,,True,956e31b40f6d3bd6469a256e0b66a9a96a84a26eaf4ca62b1ca73d2ecb948f46,1024,1536,1.0,0.779297,0.911458,0.5,0.5,1200,1200,1.0
1241,BREI-W185,Breitling,BREITLING Super Avi B04 Chronograph GMT 46MM Tribute to Vought F4U,brand-prefix-exact,W185,watches-only/BREI-W185.png,product-shots/BREI-W185/main.jpg,https://raw.githubusercontent.com/AveryArtlife/gembreak-images/main/watches-only/BREI-W185.png,,pass,pass,,True,dd437a5381f860ba922de1430b34aeeceb7f10ee38a5b89cb81ec3fd7664c53d,1024,1536,1.0,0.741211,0.936849,0.518066,0.498372,1200,1200,1.0
1242,BREI-W1179,Breitling,BREITLING Super Avi B04 Chronograph GMT 46MM Tribute to Vought F4U,brand-prefix-exact,W1179,watches-only/BREI-W1179.png,product-shots/BREI-W1179/main.jpg,https://raw.githubusercontent.com/AveryArtlife/gembreak-images/main/watches-only/BREI-W1179.png,,pass,pass,,True,e4652d0dd2da9856c8e589bfc7ba043b5dd98d3bcf214963e56d8b7c3c0a509e,563,900,1.0,0.984014,1.0,0.499112,0.5,1200,1200,1.0
1243,BREI-WW381,Breitling,Breitling Superocean Automatic Titanium 46MM Super Diver Men's,brand-prefix-exact,WW381,watches-only/BREI-WW381.png,product-shots/BREI-WW381/main.jpg,https://raw.githubusercontent.com/AveryArtlife/gembreak-images/main/watches-only/BREI-WW381.png,,pass,pass,,True,aa252d0344ee9caa8acb28c42502b86dbbc4c79ce0dc06094804117ae4fe5a1e,700,1000,1.0,0.995714,1.0,0.497857,0.5,1200,1200,1.0
1244,BREI-W127,Breitling,BREITLING Chronomat Automatic GMT 40MM Blue Dial Rubber Men's Watc,brand-prefix-exact,W127,watches-only/BREI-W127.png,product-shots/BREI-W127/main.jpg,https://raw.githubusercontent.com/AveryArtlife/gembreak-images/main/watches-only/BREI-W127.png,,pass,pass,,True,1271d5b09a4de0f2735ef5c5f63767fbd2b6da853db4831c5d769e6b35a00099,513,900,1.0,0.992203,1.0,0.501949,0.5,1200,1200,1.0
1245,BREI-W1202,Breitling,BREITLING Super Avi B04 CHRONO GMT 46 Mosquito SS Men's Watch YB04,brand-prefix-exact,W1202,watches-only/BREI-W1202.png,product-shots/BREI-W1202/main.jpg,https://raw.githubusercontent.com/AveryArtlife/gembreak-images/main/watches-only/BREI-W1202.png,,pass,pass,,True,f76d2319e8c7113a603d043120cab6bd04b3632c0cc11c554e8603a79b63d81b,700,1000,1.0,0.991429,1.0,0.497143,0.5,1200,1200,1.0
1246,BREI-W1180,Breitling,BREITLING Super Avi B04 CHRONO GMT 46 Mosquito SS Men's Watch YB04,brand-prefix-exact,W1180,watches-only/BREI-W1180.png,product-shots/BREI-W1180/main.jpg,https://raw.githubusercontent.com/AveryArtlife/gembreak-images/main/watches-only/BREI-W1180.png,,pass,pass,,True,ebdf0b27e5417c7685dda5bcf0844319b296a6bf60574ee01b3fb6aa3f4bfd68,1024,1536,1.0,0.780273,0.905599,0.499512,0.499674,1200,1200,1.0
1247,OMEG-WWN332.10.41.51.01.002,Omega,Omega Speedmaster Pilot Chronograph Black Dial Stainless Steel Men's Watch 332.10.41.51.01.002,brand-prefix-exact,WWN332.10.41.51.01.002,watches-only/OMEG-WWN332.10.41.51.01.002.png,product-shots/OMEG-WWN332.10.41.51.01.002/main.jpg,https://raw.githubusercontent.com/AveryArtlife/gembreak-images/main/watches-only/OMEG-WWN332.10.41.51.01.002.png,,pass,pass,,True,a39646283d98661fd7c5867a6e709d8f782e7b25b5a4dfee29067c15a2ed8191,1024,1536,1.0,0.756836,0.907552,0.499512,0.5,1200,1200,1.0
1248,BREI-W1203,Breitling,BREITLING Superocean AUTO 42MM Rubber Men's Watch U17375211B1S1,brand-prefix-exact,W1203,watches-only/BREI-W1203.png,product-shots/BREI-W1203/main.jpg,https://raw.githubusercontent.com/AveryArtlife/gembreak-images/main/watches-only/BREI-W1203.png,,pass,pass,,True,8c2964dc315458c82a7aa1f822d07ac83d38134afb7c407f99b713e946e31132,1024,1536,1.0,0.780273,0.885417,0.500488,0.5,1200,1200,1.0
1249,BREI-W1163,Breitling,BREITLING Top Time B01 Ford Mustang Automatic 41MM Green Dial Men',brand-prefix-exact,W1163,watches-only/BREI-W1163.png,product-shots/BREI-W1163/main.jpg,https://raw.githubusercontent.com/AveryArtlife/gembreak-images/main/watches-only/BREI-W1163.png,,pass,pass,,True,bbf5cd9db930b467099300d52629f0dcc4babaa62dfde735cb0b8de7c2a3ca60,1024,1536,1.0,0.780273,0.911458,0.500488,0.5,1200,1200,1.0
1250,BREI-M13313101C1S1-v2,Breitling,BLKss SOH CHR 44-BLUE IX-BLK CER-BLK AERO RUB-DB,v2-exact,BREI-M13313101C1S1,watches-only/BREI-M13313101C1S1-v2.png,product-shots/BREI-M13313101C1S1-v2/main.jpg,https://raw.githubusercontent.com/AveryArtlife/gembreak-images/main/watches-only/BREI-M13313101C1S1-v2.png,,pass,pass,,True,b46a32eedf329d38491f07925461f5a7ca4b045fa4e062adcfc78bcf8a37906c,2048,2048,1.0,0.602539,0.976074,0.503906,0.50708,1200,1200,1.0
1251,BREI-W140,Breitling,BREITLING Premier B09 Chronograph 40MM Champagne Dial Leather Men',brand-prefix-exact,W140,watches-only/BREI-W140.png,product-shots/BREI-W140/main.jpg,https://raw.githubusercontent.com/AveryArtlife/gembreak-images/main/watches-only/BREI-W140.png,,pass,pass,,True,2672e805b4ebd335f8ae3853265052f637d58faab2f42bdbed42b4b93d96402c,1024,1536,1.0,0.868164,0.97526,0.483887,0.498698,1200,1200,1.0
1252,BREI-W1164,Breitling,BREITLING Top Time B01 Chevrolet Corvette Automatic 41MM Red Dial,brand-prefix-exact,W1164,watches-only/BREI-W1164.png,product-shots/BREI-W1164/main.jpg,https://raw.githubusercontent.com/AveryArtlife/gembreak-images/main/watches-only/BREI-W1164.png,,pass,pass,,True,72e5a082b611e66e1d4ab0bdc03be59dc3399296cb702a3a454ce9d30251c884,1024,1536,1.0,0.780273,0.911458,0.500488,0.5,1200,1200,1.0
1253,BREI-AB01762A1L1A1-v2,Breitling,SS TOP TIME B01 FORD MUSTANG 41-GRN IX-BLK SUBS-OC BRC,v2-exact,BREI-AB01762A1L1A1,watches-only/BREI-AB01762A1L1A1-v2.png,product-shots/BREI-AB01762A1L1A1-v2/main.jpg,https://raw.githubusercontent.com/AveryArtlife/gembreak-images/main/watches-only/BREI-AB01762A1L1A1-v2.png,,pass,pass,,True,b51fc1d0dd084ce4026b980ab0962f4c1d604323d0448511c37469da82c1747a,2048,2048,1.0,0.523926,0.912598,0.502686,0.503662,1200,1200,1.0
1254,BREI-AB01763A1C1A1-v2,Breitling,SS TOP TIME B01 SHELBY COBRA 41-BLUE IX-SLV SUBS-OC BRC,v2-exact,BREI-AB01763A1C1A1,watches-only/BREI-AB01763A1C1A1-v2.png,product-shots/BREI-AB01763A1C1A1-v2/main.jpg,https://raw.githubusercontent.com/AveryArtlife/gembreak-images/main/watches-only/BREI-AB01763A1C1A1-v2.png,,pass,pass,,True,a586fe7a2d45d61cd4403eee99d7c003a7fd6b3d947a154ef6fe04221c3dda1d,2048,2048,1.0,0.484863,0.893066,0.495361,0.507568,1200,1200,1.0
1255,BREI-AB01765A1B1A1-v2,Breitling,SS TOP TIME B01 DEUS 41-BLK IX-SLV SUBS-OC BRC,v2-exact,BREI-AB01765A1B1A1,watches-only/BREI-AB01765A1B1A1-v2.png,product-shots/BREI-AB01765A1B1A1-v2/main.jpg,https://raw.githubusercontent.com/AveryArtlife/gembreak-images/main/watches-only/BREI-AB01765A1B1A1-v2.png,,pass,pass,,True,b5d379ecfc9fb25135444d13f81f02af240d4afc0496e0620d8d3dc7e3258d52,2048,2048,1.0,0.478516,0.911621,0.510254,0.507568,1200,1200,1.0
1256,BREI-W1167,Breitling,BREITLING Premier B01 Automatic Chronograph 42MM Peach Dial Men's,brand-prefix-exact,W1167,watches-only/BREI-W1167.png,product-shots/BREI-W1167/main.jpg,https://raw.githubusercontent.com/AveryArtlife/gembreak-images/main/watches-only/BREI-W1167.png,,pass,pass,,True,3aea3fd4860ad5d18b6cc288e9d1d0171ad62f5c7d0d01cd141c572e90251f4c,1024,1536,1.0,0.779297,0.880859,0.5,0.499023,1200,1200,1.0
1257,BREI-W1162,Breitling,BREITLING Top Time B01 Triumph Automatic 41MM Blue Dial Men's Watc,brand-prefix-exact,W1162,watches-only/BREI-W1162.png,product-shots/BREI-W1162/main.jpg,https://raw.githubusercontent.com/AveryArtlife/gembreak-images/main/watches-only/BREI-W1162.png,,pass,pass,,True,e22c46f2e505d8519f40258291e04f42641e4190b1c83daeeab07ce7d8b67a92,1024,1536,1.0,0.78125,0.911458,0.5,0.5,1200,1200,1.0
1258,BREI-A24315101B1A1-v2,Breitling,SS AVG CHR GMT45-BLK-GRY SUBS-PROFIII BRC,v2-exact,BREI-A24315101B1A1,watches-only/BREI-A24315101B1A1-v2.png,product-shots/BREI-A24315101B1A1-v2/main.jpg,https://raw.githubusercontent.com/AveryArtlife/gembreak-images/main/watches-only/BREI-A24315101B1A1-v2.png,,pass,pass,,True,6e3488d731daba377147b67f9039d1d6cf88691088c7adeeee37d32d1936e7cb,2048,2048,1.0,0.566895,0.93457,0.509521,0.506348,1200,1200,1.0
1259,OMEG-WWN215.33.44.22.01.001,Omega,Omega Seamaster Planet Ocean 600M GMT Black Dial Rubber & Leather Strap Men's Watch 215.33.44.22.01.001,brand-prefix-exact,WWN215.33.44.22.01.001,watches-only/OMEG-WWN215.33.44.22.01.001.png,product-shots/OMEG-WWN215.33.44.22.01.001/main.jpg,https://raw.githubusercontent.com/AveryArtlife/gembreak-images/main/watches-only/OMEG-WWN215.33.44.22.01.001.png,,pass,pass,,True,d8a5fb7fdb6a732589df68daea6318e09b4c10a3cc9d2034b08cfbb16a301825,1024,1536,1.0,0.810547,0.907552,0.5,0.5,1200,1200,1.0
1260,BREI-W10,Breitling,BREITLING Top Time B01 Deus Automatic 41MM Black Dial Leather Men',brand-prefix-exact,W10,watches-only/BREI-W10.png,product-shots/BREI-W10/main.jpg,https://raw.githubusercontent.com/AveryArtlife/gembreak-images/main/watches-only/BREI-W10.png,,pass,pass,,True,9f421eea542bc4b5db4568898d7dbb47d1a03255667cba6a382f1550d26591a2,1024,1536,1.0,0.779297,0.911458,0.5,0.5,1200,1200,1.0
1261,BREI-AB01765A1B1X1-v2,Breitling,SS TT B01 DEUS 41-BLK IX-SLV SUB-BLK LTH-DB,v2-exact,BREI-AB01765A1B1X1,watches-only/BREI-AB01765A1B1X1-v2.png,product-shots/BREI-AB01765A1B1X1-v2/main.jpg,https://raw.githubusercontent.com/AveryArtlife/gembreak-images/main/watches-only/BREI-AB01765A1B1X1-v2.png,,pass,pass,,True,6f56f264f697e483c0d33a1b170a37bea694c436d12afef31bf4000e92d08bfe,2048,2048,1.0,0.508789,0.875977,0.505859,0.509277,1200,1200,1.0
1262,BREI-E10379351B1E1-v2,Breitling,TI SO SPR DIVE46-BLK/GRY-BLK CER-PRFIII BRC,v2-exact,BREI-E10379351B1E1,watches-only/BREI-E10379351B1E1-v2.png,product-shots/BREI-E10379351B1E1-v2/main.jpg,https://raw.githubusercontent.com/AveryArtlife/gembreak-images/main/watches-only/BREI-E10379351B1E1-v2.png,,pass,pass,,True,281e4361ad8f6c4fb7d4a881701285a84fb632986ab1416e93a06af9db4c42c5,2048,2048,1.0,0.602539,0.9375,0.500977,0.507324,1200,1200,1.0
1263,BREI-E10379D31L1E1-v2,Breitling,TI SO SPR DIVER46-GRN/BLK CAMO-TI PRF III BRC,v2-exact,BREI-E10379D31L1E1,watches-only/BREI-E10379D31L1E1-v2.png,product-shots/BREI-E10379D31L1E1-v2/main.jpg,https://raw.githubusercontent.com/AveryArtlife/gembreak-images/main/watches-only/BREI-E10379D31L1E1-v2.png,,pass,pass,,True,571dbab7d4f0ff1042e9c3bd3e801d820cd811561a4c61b27e55abfe27593a48,2048,2048,1.0,0.500488,0.87793,0.500732,0.505859,1200,1200,1.0
1264,BREI-W130,Breitling,BREITLING Lady Premier Quartz 32MM Blue Dial Diamond Bezel Women's,brand-prefix-exact,W130,watches-only/BREI-W130.png,product-shots/BREI-W130/main.jpg,https://raw.githubusercontent.com/AveryArtlife/gembreak-images/main/watches-only/BREI-W130.png,,pass,pass,,True,6d99ba357389bba76cda62927882f141eea13b16cd3550eb1d6a219d1c5c72c6,1024,1536,1.0,0.780273,0.873047,0.499512,0.499674,1200,1200,1.0
1265,BREI-WW814,Breitling,BREITLING Lady Premier Quartz 32MM Blue Dial Diamond Bezel Women's,brand-prefix-exact,WW814,watches-only/BREI-WW814.png,product-shots/BREI-WW814/main.jpg,https://raw.githubusercontent.com/AveryArtlife/gembreak-images/main/watches-only/BREI-WW814.png,,pass,pass,,True,aad4a96dcbd0008f66bd4dd7a0cb467d417f73ca12e973db097f359bc2aa9dd6,1024,1536,1.0,0.780273,0.888672,0.499512,0.500326,1200,1200,1.0
1266,BREI-WWNAB0136251B1A2 UTC,Breitling,Breitling Super Chronomat B01 44 Automatic UTC Module Black Dial Steel Men's Watch AB0136251B1A2 UTC,brand-prefix-exact,WWNAB0136251B1A2 UTC,watches-only/BREI-WWNAB0136251B1A2 UTC.png,product-shots/BREI-WWNAB0136251B1A2 UTC/main.jpg,https://raw.githubusercontent.com/AveryArtlife/gembreak-images/main/watches-only/BREI-WWNAB0136251B1A2 UTC.png,,pass,pass,,True,b5d83ab2fa69b027873b6aaad48f43dabdbe788b69505d35121827f981d14157,1024,1536,1.0,0.854492,0.906901,0.499512,0.500326,1200,1200,1.0
1267,BREI-AB0146101B1A1-v2,Breitling,SS AVG B01 CHR42-BLK IX-PROF III BRC,v2-exact,BREI-AB0146101B1A1,watches-only/BREI-AB0146101B1A1-v2.png,product-shots/BREI-AB0146101B1A1-v2/main.jpg,https://raw.githubusercontent.com/AveryArtlife/gembreak-images/main/watches-only/BREI-AB0146101B1A1-v2.png,,pass,pass,,True,4856b2c857dee4df2ba5afb1797b4e7694e5779e0949da67b583743ebc39d6b4,2048,2048,1.0,0.513184,0.896973,0.508545,0.511963,1200,1200,1.0
1268,BREI-AB0146101C1A1-v2,Breitling,SS AVG B01 CHR42-BLUE IX-BLK SUBS-PROFIII BRC,v2-exact,BREI-AB0146101C1A1,watches-only/BREI-AB0146101C1A1-v2.png,product-shots/BREI-AB0146101C1A1-v2/main.jpg,https://raw.githubusercontent.com/AveryArtlife/gembreak-images/main/watches-only/BREI-AB0146101C1A1-v2.png,,pass,pass,,True,54e03d6671498e711c77a3f46d0c998d5e068471123cd1077846bd52b2bdc3c6,2048,2048,1.0,0.537598,0.913086,0.509521,0.509766,1200,1200,1.0
1269,BREI-WW408,Breitling,Breitling Avenger B01 Chronograph 42MM Green Dial Leather,brand-prefix-exact,WW408,watches-only/BREI-WW408.png,product-shots/BREI-WW408/main.jpg,https://raw.githubusercontent.com/AveryArtlife/gembreak-images/main/watches-only/BREI-WW408.png,,pass,pass,,True,1ae61d8b50daffea008855df95b3dd366d76e3dc542a70b1cffb5e5c2a02c9af,1024,1536,1.0,0.780273,0.908854,0.500488,0.499349,1200,1200,1.0
1270,BREI-W1245,Breitling,Breitling Avenger B01 Chronograph 42MM Green Dial Leather,brand-prefix-exact,W1245,watches-only/BREI-W1245.png,product-shots/BREI-W1245/main.jpg,https://raw.githubusercontent.com/AveryArtlife/gembreak-images/main/watches-only/BREI-W1245.png,,pass,pass,,True,df27ef30a8a46190acd9cdafbe3de3f27b0adf9fe86d14f02b8765fea735fd22,1024,1536,1.0,0.787109,0.911458,0.5,0.5,1200,1200,1.0
1271,OMEG-WWN210.22.42.20.01.002,Omega,Omega Seamaster Diver 300M Black Dial 18K Rose Gold Rubber Strap Men's Watch 210.22.42.20.01.002,brand-prefix-exact,WWN210.22.42.20.01.002,watches-only/OMEG-WWN210.22.42.20.01.002.png,product-shots/OMEG-WWN210.22.42.20.01.002/main.jpg,https://raw.githubusercontent.com/AveryArtlife/gembreak-images/main/watches-only/OMEG-WWN210.22.42.20.01.002.png,,pass,pass,,True,a5f7cd6cc2ede9d262c4e8cd51ccefd409fcd7545073652dbefc89b0490f13ed,1024,1536,1.0,0.859375,0.908203,0.5,0.500326,1200,1200,1.0
1272,OMEG-WWN215.30.46.51.01.002,Omega,Omega Seamaster Planet Ocean 600M Chronograph 45.5mm Black Dial Stainless Steel Men's Watch 215.30.46.51.01.002,brand-prefix-exact,WWN215.30.46.51.01.002,watches-only/OMEG-WWN215.30.46.51.01.002.png,product-shots/OMEG-WWN215.30.46.51.01.002/main.jpg,https://raw.githubusercontent.com/AveryArtlife/gembreak-images/main/watches-only/OMEG-WWN215.30.46.51.01.002.png,,pass,pass,,True,04735bb0d59174f27f56293d643c16f3455cb36d767c99d33296f771c77cb5d4,1024,1536,1.0,0.785156,0.907552,0.5,0.5,1200,1200,1.0
1273,BREI-AB0147101A1A1-v2,Breitling,SS AVG B01 CHR 44-BG IX-BLK SUBS-PROF III BRC,v2-exact,BREI-AB0147101A1A1,watches-only/BREI-AB0147101A1A1-v2.png,product-shots/BREI-AB0147101A1A1-v2/main.jpg,https://raw.githubusercontent.com/AveryArtlife/gembreak-images/main/watches-only/BREI-AB0147101A1A1-v2.png,,pass,pass,,True,512947eb38ebaa7adfd6f6f92ad3598794688b604dcb73262d19acb36f756a8c,2048,2048,1.0,0.520996,0.927734,0.506592,0.509766,1200,1200,1.0
1274,BREI-A24315101C1A1-v2,Breitling,SS AVG CHR GMT45-BLUE-BLK SUBS-BRC,v2-exact,BREI-A24315101C1A1,watches-only/BREI-A24315101C1A1-v2.png,product-shots/BREI-A24315101C1A1-v2/main.jpg,https://raw.githubusercontent.com/AveryArtlife/gembreak-images/main/watches-only/BREI-A24315101C1A1-v2.png,,pass,pass,,True,c7602778d7732ecbdb7147836ca8e6ca27f4c74bf08bdc28820513982f251984,2048,2048,1.0,0.538086,0.883301,0.512207,0.511475,1200,1200,1.0
1275,BREI-A13313121B1A1-v2,Breitling,SS SOH CHR44-BLK-BLK CER-OC BRC,v2-exact,BREI-A13313121B1A1,watches-only/BREI-A13313121B1A1-v2.png,product-shots/BREI-A13313121B1A1-v2/main.jpg,https://raw.githubusercontent.com/AveryArtlife/gembreak-images/main/watches-only/BREI-A13313121B1A1-v2.png,,pass,pass,,True,52593cad3f15168e4dbf7adadcfe02fac2442c388acff368947781d93891fe0b,2048,2048,1.0,0.509766,0.888184,0.513184,0.509033,1200,1200,1.0
1276,BREI-A13313161C1A1-v2,Breitling,SS SOH CHR 44-BLUE IX-SS/BLUE CER-OC BRC,v2-exact,BREI-A13313161C1A1,watches-only/BREI-A13313161C1A1-v2.png,product-shots/BREI-A13313161C1A1-v2/main.jpg,https://raw.githubusercontent.com/AveryArtlife/gembreak-images/main/watches-only/BREI-A13313161C1A1-v2.png,,pass,pass,,True,3c072b2ca83e25ff96531678ee6db1b4d37008bb3dbd8dcec28386bba2cf77c9,2048,2048,1.0,0.52002,0.899414,0.510986,0.504883,1200,1200,1.0
1277,BREI-WWNA10380591A1A1,Breitling,Breitling Chronomat Automatic 36 White Dial Diamond Bezel Steel Women's Watch A10380591A1A1,brand-prefix-exact,WWNA10380591A1A1,watches-only/BREI-WWNA10380591A1A1.png,product-shots/BREI-WWNA10380591A1A1/main.jpg,https://raw.githubusercontent.com/AveryArtlife/gembreak-images/main/watches-only/BREI-WWNA10380591A1A1.png,,pass,pass,,True,f98c32bdae51125143f52138339414237a0d58cfe680ba389457885a1ff52f05,1024,1536,1.0,0.777344,0.910156,0.5,0.500651,1200,1200,1.0
1278,BREI-W154,Breitling,BREITLING Chronomat SS 28MM Diamond Black MOP Dial Women's Watch A,brand-prefix-exact,W154,watches-only/BREI-W154.png,product-shots/BREI-W154/main.jpg,https://raw.githubusercontent.com/AveryArtlife/gembreak-images/main/watches-only/BREI-W154.png,,pass,pass,,True,87962be526fb51333b8eb680a6930281bf0bf1a84acf2eca93fe6b6e39d71273,1024,1536,1.0,0.665039,0.961589,0.524902,0.498372,1200,1200,1.0
1279,BREI-WW868,Breitling,BREITLING Chronomat SS 28MM Diamond Black MOP Dial Women's Watch A,brand-prefix-exact,WW868,watches-only/BREI-WW868.png,product-shots/BREI-WW868/main.jpg,https://raw.githubusercontent.com/AveryArtlife/gembreak-images/main/watches-only/BREI-WW868.png,,pass,pass,,True,b9c86de20912f1ff06c24d4eda9c7d27888aaabed4d54ad73d5a8330e8d0f443,1024,1536,1.0,0.794922,0.851562,0.5,0.5,1200,1200,1.0
1280,BREI-A24315101B1X1-v2,Breitling,SS AVG CHR GMT45-BLK-GRY SUBS-BLK MILIT-TG,v2-exact,BREI-A24315101B1X1,watches-only/BREI-A24315101B1X1-v2.png,product-shots/BREI-A24315101B1X1-v2/main.jpg,https://raw.githubusercontent.com/AveryArtlife/gembreak-images/main/watches-only/BREI-A24315101B1X1-v2.png,,pass,pass,,True,6f07f98d30411e56479bcf6eb631e48a5cc1953a2bc43181fc704008769ca2d2,2048,2048,1.0,0.562988,0.887695,0.520752,0.513184,1200,1200,1.0
1281,BREI-UB2030121B1S1-v2,Breitling,S/RG SOH B20 44-BLK IX-RG/BLK CER-BLK AERO CLS-DB,v2-exact,BREI-UB2030121B1S1,watches-only/BREI-UB2030121B1S1-v2.png,product-shots/BREI-UB2030121B1S1-v2/main.jpg,https://raw.githubusercontent.com/AveryArtlife/gembreak-images/main/watches-only/BREI-UB2030121B1S1-v2.png,,pass,pass,,True,3728504cd7829456a9dfc17bc6fed539789b6a19cf336ae95f5cb95a82f529be,2048,2048,1.0,0.511719,0.901367,0.518555,0.512695,1200,1200,1.0
1282,OMEG-WWN435.13.40.22.01.001,Omega,Omega De Ville Tresor Black Dial Leather Strap Men's Watch 435.13.40.22.01.001,brand-prefix-exact,WWN435.13.40.22.01.001,watches-only/OMEG-WWN435.13.40.22.01.001.png,product-shots/OMEG-WWN435.13.40.22.01.001/main.jpg,https://raw.githubusercontent.com/AveryArtlife/gembreak-images/main/watches-only/OMEG-WWN435.13.40.22.01.001.png,,pass,pass,,True,03cd14b16371514ca8d0c66caed3cc09f40b7618b9b942408864945d07c7899c,1024,1536,1.0,0.819336,0.907552,0.499512,0.5,1200,1200,1.0
1283,BREI-W1218,Breitling,BREITLING Superocean Heritage CHRONO AUTO 44MM Men's Watch M133132,brand-prefix-exact,W1218,watches-only/BREI-W1218.png,product-shots/BREI-W1218/main.jpg,https://raw.githubusercontent.com/AveryArtlife/gembreak-images/main/watches-only/BREI-W1218.png,,pass,pass,,True,c13a36c152e4df3bbdd0e7f457a89e2af87ce3b093d34014a6d83f837439d6b5,1024,1536,1.0,0.78125,0.813151,0.499023,0.500326,1200,1200,1.0
1284,BREI-UB2010121B1S1-v2,Breitling,S/RG SOH B20 42-BLK IX-RG/BLK CER-BLK AERO RUB-DB,v2-exact,BREI-UB2010121B1S1,watches-only/BREI-UB2010121B1S1-v2.png,product-shots/BREI-UB2010121B1S1-v2/main.jpg,https://raw.githubusercontent.com/AveryArtlife/gembreak-images/main/watches-only/BREI-UB2010121B1S1-v2.png,,pass,pass,,True,31cb1989afd83c3ee3948602f50251680b66c975b805f32a39ea4a08cb3ed0f4,2048,2048,1.0,0.513672,0.926758,0.507812,0.505859,1200,1200,1.0
1285,BREI-AB0146101L1X1-v2,Breitling,SS AVG B01 CHR42-GRN-BLK SUB-GRN MIL-DB,v2-exact,BREI-AB0146101L1X1,watches-only/BREI-AB0146101L1X1-v2.png,product-shots/BREI-AB0146101L1X1-v2/main.jpg,https://raw.githubusercontent.com/AveryArtlife/gembreak-images/main/watches-only/BREI-AB0146101L1X1-v2.png,,pass,pass,,True,9bb890181c836191a290b8945021b2b8e2da1d9d860a73487d53b5b3df6482fc,2048,2048,1.0,0.524902,0.891602,0.511475,0.507324,1200,1200,1.0
1286,BREI-AB0147101L1X1-v2,Breitling,SS AVG B01 CHR 44-GRN IX-BLK SUBS-GRN MIL-DB,v2-exact,BREI-AB0147101L1X1,watches-only/BREI-AB0147101L1X1-v2.png,product-shots/BREI-AB0147101L1X1-v2/main.jpg,https://raw.githubusercontent.com/AveryArtlife/gembreak-images/main/watches-only/BREI-AB0147101L1X1-v2.png,,pass,pass,,True,db91bea6b5887c5eee9b5be948e016318c9d16a6a3a96ac5111997079845fcb8,2048,2048,1.0,0.55957,0.90625,0.510254,0.503906,1200,1200,1.0
1287,BREI-A37330121A1A1-v2,Breitling,SS GALACTIC36-MOP DIAM-PILOT BRC,v2-exact,BREI-A37330121A1A1,watches-only/BREI-A37330121A1A1-v2.png,product-shots/BREI-A37330121A1A1-v2/main.jpg,https://raw.githubusercontent.com/AveryArtlife/gembreak-images/main/watches-only/BREI-A37330121A1A1-v2.png,,pass,pass,,True,a79ed89bc90e76e4261b78b7d8395ed6e79861489f47a6ba19c5fb7d2fa76ec3,2048,2048,1.0,0.478516,0.918945,0.51123,0.506836,1200,1200,1.0
1288,BREI-A13313161C1S1-v2,Breitling,SS SOH CHR 44-BLUE IX-SS/BLUE CER-BLUE AERO-DB,v2-exact,BREI-A13313161C1S1,watches-only/BREI-A13313161C1S1-v2.png,product-shots/BREI-A13313161C1S1-v2/main.jpg,https://raw.githubusercontent.com/AveryArtlife/gembreak-images/main/watches-only/BREI-A13313161C1S1-v2.png,,pass,pass,,True,d08d094825da1bbe954545ab10db0480a7e81ee1db7a66850346a006415d8bbf,2048,2048,1.0,0.527832,0.896484,0.517822,0.510742,1200,1200,1.0
1289,BREI-A13313121B1S1-v2,Breitling,SS SOHII CHR44-BLK-BLK CER-BLK AC-DB,v2-exact,BREI-A13313121B1S1,watches-only/BREI-A13313121B1S1-v2.png,product-shots/BREI-A13313121B1S1-v2/main.jpg,https://raw.githubusercontent.com/AveryArtlife/gembreak-images/main/watches-only/BREI-A13313121B1S1-v2.png,,pass,pass,,True,d51dba5928319fa91b33616792f4c6565b12be92cb2f289c52559c6d988f2d3d,2048,2048,1.0,0.51416,0.882812,0.512939,0.510254,1200,1200,1.0
1290,OMEG-W1161,Omega,OMEGA Seamaster 42MM Auto Blue Dial Men's Watch 210.32.42.20.03.00,brand-prefix-exact,W1161,watches-only/OMEG-W1161.png,product-shots/OMEG-W1161/main.jpg,https://raw.githubusercontent.com/AveryArtlife/gembreak-images/main/watches-only/OMEG-W1161.png,,pass,pass,,True,da6f659a4eb6361b3999e0631ccd769cc9255289889e5b3104ac4544a530b050,561,900,1.0,0.982175,1.0,0.5,0.5,1200,1200,1.0
1291,BREI-W116,Breitling,BREITLING Premier B01 Chronograph SS 42MM Green Dial Men's Watch A,brand-prefix-exact,W116,watches-only/BREI-W116.png,product-shots/BREI-W116/main.jpg,https://raw.githubusercontent.com/AveryArtlife/gembreak-images/main/watches-only/BREI-W116.png,,pass,pass,,True,555613f697a89c91dbb957e382da61b31ba7a82763cad13d640918c262b0c928,1024,1536,1.0,0.780273,0.880208,0.500488,0.5,1200,1200,1.0
1292,BREI-A24315101C1X1-v2,Breitling,SS AVG CHR GMT45-BLUE-BLK SUB-BLUE MIL-TG,v2-exact,BREI-A24315101C1X1,watches-only/BREI-A24315101C1X1-v2.png,product-shots/BREI-A24315101C1X1-v2/main.jpg,https://raw.githubusercontent.com/AveryArtlife/gembreak-images/main/watches-only/BREI-A24315101C1X1-v2.png,,pass,pass,,True,789341e7a6258d8d7af1bbb857a5a646d7f8673e7e154e0f0bcd2000bce30e19,2048,2048,1.0,0.583984,0.953613,0.496094,0.50415,1200,1200,1.0
1293,BREI-WWNA10380591L1A1,Breitling,Breitling Chronomat Automatic 36 Green Dial Diamond Bezel Steel Women's Watch A10380591L1A1,brand-prefix-exact,WWNA10380591L1A1,watches-only/BREI-WWNA10380591L1A1.png,product-shots/BREI-WWNA10380591L1A1/main.jpg,https://raw.githubusercontent.com/AveryArtlife/gembreak-images/main/watches-only/BREI-WWNA10380591L1A1.png,,pass,pass,,True,ce3dc435c751efbba7bf5cf3d0ec85188c107d96e8f18d6a6adb9720abac9b82,1024,1536,1.0,0.727539,0.907552,0.499512,0.5,1200,1200,1.0
1294,BREI-E10379D31L1S1-v2,Breitling,TI SO SPR DIVER46-GRN/BLK-GRN CER-GRN DPIV-DB,v2-exact,BREI-E10379D31L1S1,watches-only/BREI-E10379D31L1S1-v2.png,product-shots/BREI-E10379D31L1S1-v2/main.jpg,https://raw.githubusercontent.com/AveryArtlife/gembreak-images/main/watches-only/BREI-E10379D31L1S1-v2.png,,pass,pass,,True,98bbb36acfbef3ae322deda444663a6351a2c64eff780fb7dad0b585eb269dd8,2048,2048,1.0,0.522949,0.890625,0.500244,0.505371,1200,1200,1.0
1295,BREI-W16,Breitling,BREITLING Superocean Heritage B31 Automatic SS 40MM Black Dial Men,brand-prefix-exact,W16,watches-only/BREI-W16.png,product-shots/BREI-W16/main.jpg,https://raw.githubusercontent.com/AveryArtlife/gembreak-images/main/watches-only/BREI-W16.png,,pass,pass,,True,179ea35ea8f2fbf713de08484c39f642f9cd3eb67ee47a158a96de72a44a5bcc,1024,1536,1.0,0.794922,0.946615,0.514648,0.48763,1200,1200,1.0
1296,BREI-WW388,Breitling,Breitling Superocean Automatic Ss 44MM Green Dial Men's Watch,brand-prefix-exact,WW388,watches-only/BREI-WW388.png,product-shots/BREI-WW388/main.jpg,https://raw.githubusercontent.com/AveryArtlife/gembreak-images/main/watches-only/BREI-WW388.png,,pass,pass,,True,7855a7ad2d0ae23936431c4e8b64b04ec7174521c236a2c53ba572a780b924f4,648,1000,1.0,0.986111,1.0,0.500772,0.5,1200,1200,1.0
1297,BREI-WW465,Breitling,Breitling Avenger Automatic Gmt 44MM Blue Dial Men's Watch,brand-prefix-exact,WW465,watches-only/BREI-WW465.png,product-shots/BREI-WW465/main.jpg,https://raw.githubusercontent.com/AveryArtlife/gembreak-images/main/watches-only/BREI-WW465.png,,pass,pass,,True,52d0d1e1bfc9327017045dabb819dd44f81121dba256cc4e6ab8ca41270464f2,1024,1536,1.0,0.780273,0.854818,0.500488,0.500326,1200,1200,1.0
1298,BREI-WW624,Breitling,Breitling Navitimer Auto 41MM Black Leather Men's Watch,brand-prefix-exact,WW624,watches-only/BREI-WW624.png,product-shots/BREI-WW624/main.jpg,https://raw.githubusercontent.com/AveryArtlife/gembreak-images/main/watches-only/BREI-WW624.png,,pass,pass,,True,ddd49c488b77d4addfb093be98177b4f06aa79867e966e84fc4cc0562f897218,1024,1536,1.0,0.779297,0.911458,0.5,0.5,1200,1200,1.0
1299,BREI-W1207,Breitling,BREITLING Navitimer AUTO GMT 41MM SS Beige Dial Men's Watch A32310,brand-prefix-exact,W1207,watches-only/BREI-W1207.png,product-shots/BREI-W1207/main.jpg,https://raw.githubusercontent.com/AveryArtlife/gembreak-images/main/watches-only/BREI-W1207.png,,pass,pass,,True,f3194e70225d6ad34245eb72f1942a0b81665f410f359a567bd4e36ae510d6f2,1024,1536,1.0,0.780273,0.851562,0.500488,0.5,1200,1200,1.0
1300,BREI-WWNA17356531C1A1,Breitling,Breitling Super Chronomat Automatic 38 Ice Blue Dial Diamond Bezel Steel Women's Watch A17356531C1A1,brand-prefix-exact,WWNA17356531C1A1,watches-only/BREI-WWNA17356531C1A1.png,product-shots/BREI-WWNA17356531C1A1/main.jpg,https://raw.githubusercontent.com/AveryArtlife/gembreak-images/main/watches-only/BREI-WWNA17356531C1A1.png,,pass,pass,,True,7682c4ba8d332e4c59e9314b39fc471ac42a742a63b522e40e720511e067bf57,1024,1536,1.0,0.78418,0.906901,0.499512,0.499674,1200,1200,1.0
1301,BREI-W1220,Breitling,BREITLING Chronomat AUTO 36MM SS MOP Dial Women's Watch A10380101A,brand-prefix-exact,W1220,watches-only/BREI-W1220.png,product-shots/BREI-W1220/main.jpg,https://raw.githubusercontent.com/AveryArtlife/gembreak-images/main/watches-only/BREI-W1220.png,,pass,pass,,True,f3e9d5af804e1965172a4b856f3c3872b90d153300773c0aa12c6dbf612d9f6d,1024,1536,1.0,0.779297,0.853516,0.500977,0.499674,1200,1200,1.0
1302,BREI-WW340,Breitling,Breitling Navitimer Automatic 36MM Green Dial Unisex Watch,brand-prefix-exact,WW340,watches-only/BREI-WW340.png,product-shots/BREI-WW340/main.jpg,https://raw.githubusercontent.com/AveryArtlife/gembreak-images/main/watches-only/BREI-WW340.png,,pass,pass,,True,b92af6b296eab2ee1366e3a42faeaac9b1b3fca32f8ce21fd2058cfb639c49b5,1024,1536,1.0,0.780273,0.894531,0.500488,0.5,1200,1200,1.0
1303,BREI-W2102,Breitling,Breitling Navitimer Automatic 36MM Green Dial Unisex Watch,brand-prefix-exact,W2102,watches-only/BREI-W2102.png,product-shots/BREI-W2102/main.jpg,https://raw.githubusercontent.com/AveryArtlife/gembreak-images/main/watches-only/BREI-W2102.png,,pass,pass,,True,d27315caa06e86f391e667aba79afda9befcadbb6459c18ba5b2a63b978b56d9,1024,1536,1.0,0.829102,0.961589,0.515137,0.491211,1200,1200,1.0
1304,BREI-A17395211A1P5-v2,Breitling,SS NAVI AUTO35-MOP DIAM-RED ALG-TG,v2-exact,BREI-A17395211A1P5,watches-only/BREI-A17395211A1P5-v2.png,product-shots/BREI-A17395211A1P5-v2/main.jpg,https://raw.githubusercontent.com/AveryArtlife/gembreak-images/main/watches-only/BREI-A17395211A1P5-v2.png,,pass,pass,,True,dedf556a682cd13a66329f2804d31b41144b0f2b0a2c520d4105009aa7d1fae7,2048,2048,1.0,0.603516,0.983398,0.503906,0.502441,1200,1200,1.0
1305,BREI-A13317101C1X1-v2,Breitling,SS AVG CHR45-BLUE-BLUE MIL-TG,v2-exact,BREI-A13317101C1X1,watches-only/BREI-A13317101C1X1-v2.png,product-shots/BREI-A13317101C1X1-v2/main.jpg,https://raw.githubusercontent.com/AveryArtlife/gembreak-images/main/watches-only/BREI-A13317101C1X1-v2.png,,pass,pass,,True,e8e83afdf3f6db4d63796793fe458bd99770385c010764a085ce19ee57e8940f,2048,2048,1.0,0.554199,0.897949,0.520264,0.508057,1200,1200,1.0
1306,BREI-W14,Breitling,BREITLING Classic AVI Chronograph Mosquito 42MM Black Dial Leather,brand-prefix-exact,W14,watches-only/BREI-W14.png,product-shots/BREI-W14/main.jpg,https://raw.githubusercontent.com/AveryArtlife/gembreak-images/main/watches-only/BREI-W14.png,,pass,pass,,True,f521af214742b918b05d86e5c8b0a1001e0a36142518827bb2e9c8d9fececcf8,1024,1536,1.0,0.771484,0.958984,0.508789,0.493815,1200,1200,1.0
1307,BREI-W146,Breitling,Breitling AB01762A1L1X1 Top Time B01 Ford Mustang 41mm Green Dial,brand-prefix-exact,W146,watches-only/BREI-W146.png,product-shots/BREI-W146/main.jpg,https://raw.githubusercontent.com/AveryArtlife/gembreak-images/main/watches-only/BREI-W146.png,,pass,pass,,True,4998f984df576fec7e0a70d18b47aa00682627cb14c6b714a04e95f7888c97d1,1024,1536,1.0,0.777344,0.927083,0.524414,0.494141,1200,1200,1.0
1308,BREI-W2133,Breitling,Breitling AB01762A1L1X1 Top Time B01 Ford Mustang 41mm Green Dial,brand-prefix-exact,W2133,watches-only/BREI-W2133.png,product-shots/BREI-W2133/main.jpg,https://raw.githubusercontent.com/AveryArtlife/gembreak-images/main/watches-only/BREI-W2133.png,,pass,pass,,True,684f0d6824f0c1de3143f8fb27a19c31ddcd6d0d1711fe46294f9209551bd6ce,1024,1536,1.0,0.774414,0.933594,0.532715,0.498698,1200,1200,1.0
1309,BREI-AB2030121B1A1-v2,Breitling,SS SOH B20 44-BLK IX-BLK CER-OC BRC,v2-exact,BREI-AB2030121B1A1,watches-only/BREI-AB2030121B1A1-v2.png,product-shots/BREI-AB2030121B1A1-v2/main.jpg,https://raw.githubusercontent.com/AveryArtlife/gembreak-images/main/watches-only/BREI-AB2030121B1A1-v2.png,,pass,pass,,True,72f68325d8402373b5ca683637fabfa4974d939b5c82cc1d750e527fb7a1c548,2048,2048,1.0,0.526855,0.922852,0.518311,0.507324,1200,1200,1.0
1310,BREI-AB2030161C1A1-v2,Breitling,SS SOH B20 44-BLUE IX-BLUE CER-OC BRC,v2-exact,BREI-AB2030161C1A1,watches-only/BREI-AB2030161C1A1-v2.png,product-shots/BREI-AB2030161C1A1-v2/main.jpg,https://raw.githubusercontent.com/AveryArtlife/gembreak-images/main/watches-only/BREI-AB2030161C1A1-v2.png,,pass,pass,,True,3b1c0c9e63a1161ad1a4506bbcc8ee7a796044e751ae9fba5e084b050d51c602,2048,2048,1.0,0.53418,0.89502,0.505859,0.51001,1200,1200,1.0
1311,BREI-W1219,Breitling,BREITLING Superocean Heritage II AUTO 44MM CHRONO SS Men's Watch A,brand-prefix-exact,W1219,watches-only/BREI-W1219.png,product-shots/BREI-W1219/main.jpg,https://raw.githubusercontent.com/AveryArtlife/gembreak-images/main/watches-only/BREI-W1219.png,,pass,pass,,True,16fa77fd3004fcc40bed1b63d7cc0ff5a48481b20fa6f94ba4502ae6257c9ba0,1024,1536,1.0,0.78125,0.911458,0.5,0.5,1200,1200,1.0
1312,BREI-W2101,Breitling,BREITLING Superocean Heritage II AUTO 44MM CHRONO SS Men's Watch A,brand-prefix-exact,W2101,watches-only/BREI-W2101.png,product-shots/BREI-W2101/main.jpg,https://raw.githubusercontent.com/AveryArtlife/gembreak-images/main/watches-only/BREI-W2101.png,,pass,pass,,True,4216ad59082971b5b5a95c9c4246877ce874e1015622e7d4e1b2886158958adc,1024,1536,1.0,0.693359,0.894531,0.519531,0.494141,1200,1200,1.0
1313,BREI-W1208,Breitling,BREITLING Navitimer AUTO 41MM SS Blue Dial Men's Watch A17329161C1,brand-prefix-exact,W1208,watches-only/BREI-W1208.png,product-shots/BREI-W1208/main.jpg,https://raw.githubusercontent.com/AveryArtlife/gembreak-images/main/watches-only/BREI-W1208.png,,pass,pass,,True,b58cab98bd7a3fd9d7c71dbe8787dd8b1064945bb9082c59bdcea3afc1597897,1024,1536,1.0,0.78125,0.865885,0.5,0.5,1200,1200,1.0
1314,OMEG-WWN310.32.42.50.01.001,Omega,Omega Speedmaster Professional Moonwatch Black Dial Nylon Strap Men's Watch 310.32.42.50.01.001,brand-prefix-exact,WWN310.32.42.50.01.001,watches-only/OMEG-WWN310.32.42.50.01.001.png,product-shots/OMEG-WWN310.32.42.50.01.001/main.jpg,https://raw.githubusercontent.com/AveryArtlife/gembreak-images/main/watches-only/OMEG-WWN310.32.42.50.01.001.png,,pass,pass,,True,49d1666d4ae5100ae84d0aeb66bb279cf2947579cb60e61cc153e5274cb4fb83,1024,1536,1.0,0.78125,0.876302,0.5,0.5,1200,1200,1.0
1315,BREI-W193,Breitling,BREITLING Avenger Automatic Night Mission 42MM Black Leather Men's,brand-prefix-exact,W193,watches-only/BREI-W193.png,product-shots/BREI-W193/main.jpg,https://raw.githubusercontent.com/AveryArtlife/gembreak-images/main/watches-only/BREI-W193.png,,pass,pass,,True,0a50640ad3defaab3ac8c281fe148457919bd713fca77b3ae0c615a8431a2659,1024,1536,1.0,0.816406,0.92513,0.532227,0.494466,1200,1200,1.0
1316,BREI-AB2010121B1A1-v2,Breitling,SS SOH B20 42-BLK IX-BLK CER-OC BRC,v2-exact,BREI-AB2010121B1A1,watches-only/BREI-AB2010121B1A1-v2.png,product-shots/BREI-AB2010121B1A1-v2/main.jpg,https://raw.githubusercontent.com/AveryArtlife/gembreak-images/main/watches-only/BREI-AB2010121B1A1-v2.png,,pass,pass,,True,27df356638cd593ce7e8418332380ef3ada146413cb21c408053488e7b884052,2048,2048,1.0,0.505859,0.86084,0.514648,0.508545,1200,1200,1.0
1317,OMEG-WWN215.33.44.21.01.001,Omega,Omega Seamaster Planet Ocean 600M 43.5mm Black Dial Leather Strap Men's Watch 215.33.44.21.01.001,brand-prefix-exact,WWN215.33.44.21.01.001,watches-only/OMEG-WWN215.33.44.21.01.001.png,product-shots/OMEG-WWN215.33.44.21.01.001/main.jpg,https://raw.githubusercontent.com/AveryArtlife/gembreak-images/main/watches-only/OMEG-WWN215.33.44.21.01.001.png,,pass,pass,,True,2cfdd0d8f630089cb2acacd592849fa803a55c3016be1386390c5b04c0df0b21,1024,1536,1.0,0.875,0.892578,0.5,0.499674,1200,1200,1.0
1318,BREI-W1137,Breitling,BREITLING Navitimer Automatic SS 41MM Green Dial Men's Watch A1732,brand-prefix-exact,W1137,watches-only/BREI-W1137.png,product-shots/BREI-W1137/main.jpg,https://raw.githubusercontent.com/AveryArtlife/gembreak-images/main/watches-only/BREI-W1137.png,,pass,pass,,True,d53991885e53223f72e51416da63466ffc2b17e2f2848a57b9a9c379d8f8e6d2,1024,1536,1.0,0.780273,0.88737,0.500488,0.499674,1200,1200,1.0
1319,BREI-WW512,Breitling,Breitling Avenger Auto Chronometer Ss 42MM Men's Watch,brand-prefix-exact,WW512,watches-only/BREI-WW512.png,product-shots/BREI-WW512/main.jpg,https://raw.githubusercontent.com/AveryArtlife/gembreak-images/main/watches-only/BREI-WW512.png,,pass,pass,,True,da7706c16652964c8f55b083d2c235d187b90738f487d1a1a69ce9a8ff11db05,1024,1536,1.0,0.78125,0.873047,0.5,0.500326,1200,1200,1.0
1320,BREI-WW511,Breitling,Breitling Avenger Automatic 42MM Blue Dial Men's Watch,brand-prefix-exact,WW511,watches-only/BREI-WW511.png,product-shots/BREI-WW511/main.jpg,https://raw.githubusercontent.com/AveryArtlife/gembreak-images/main/watches-only/BREI-WW511.png,,pass,pass,,True,733aaa4786f273445fbaa1c7255794e3a19b4b32a1356566d74c0e74634a26a3,1024,1536,1.0,0.78125,0.911458,0.5,0.5,1200,1200,1.0
1321,BREI-W1210,Breitling,BREITLING Avenger B01 CHRONO 44MM Green Dial Men's Watch AB0147101,brand-prefix-exact,W1210,watches-only/BREI-W1210.png,product-shots/BREI-W1210/main.jpg,https://raw.githubusercontent.com/AveryArtlife/gembreak-images/main/watches-only/BREI-W1210.png,,pass,pass,,True,95a4f6a56f0c259251257a4e708106c908185149f728f4c9987df1f1a8e4e636,1024,1536,1.0,0.855469,0.960938,0.523438,0.495443,1200,1200,1.0
1322,BREI-WW387,Breitling,Breitling Navitimer Automatic Gmt 41MM Brown Leather Men's Watch,brand-prefix-exact,WW387,watches-only/BREI-WW387.png,product-shots/BREI-WW387/main.jpg,https://raw.githubusercontent.com/AveryArtlife/gembreak-images/main/watches-only/BREI-WW387.png,,pass,pass,,True,b78f0eb706a73f2a9141c9b93bba36984221c46a17d8e24ead086b65d4bfe486,1024,1536,1.0,0.780273,0.911458,0.499512,0.5,1200,1200,1.0
1323,BREI-W2126,Breitling,Breitling Navitimer Automatic Gmt 41MM Brown Leather Men's Watch,brand-prefix-exact,W2126,watches-only/BREI-W2126.png,product-shots/BREI-W2126/main.jpg,https://raw.githubusercontent.com/AveryArtlife/gembreak-images/main/watches-only/BREI-W2126.png,,pass,pass,,True,2c4a52600322e8e647161eebe195140a1aeb6994488d8c1170186831121e95b7,1024,1536,1.0,0.782227,0.970703,0.500488,0.500326,1200,1200,1.0
1324,BREI-WWNA77330671C1A1,Breitling,Breitling Premier Lady 32 Diamond Blue Dial Stainless steel Women's Watch A77330671C1A1,brand-prefix-exact,WWNA77330671C1A1,watches-only/BREI-WWNA77330671C1A1.png,product-shots/BREI-WWNA77330671C1A1/main.jpg,https://raw.githubusercontent.com/AveryArtlife/gembreak-images/main/watches-only/BREI-WWNA77330671C1A1.png,,pass,pass,,True,ef130ae41c6a78fb908d8986019acd51a22370c11171f85e9c26c825ffebde3e,1024,1536,1.0,0.800781,0.906901,0.5,0.500326,1200,1200,1.0
1325,BREI-A17378211B1A1-v2,Breitling,SS SO AUTO46-BLK-BLK CER-PROFIII BRC,v2-exact,BREI-A17378211B1A1,watches-only/BREI-A17378211B1A1-v2.png,product-shots/BREI-A17378211B1A1-v2/main.jpg,https://raw.githubusercontent.com/AveryArtlife/gembreak-images/main/watches-only/BREI-A17378211B1A1-v2.png,,pass,pass,,True,9e8f3feefcd4c77485573caafc5e06232e476360f25a0192ddc271a6c74ff0cd,2048,2048,1.0,0.530273,0.875488,0.500977,0.509521,1200,1200,1.0
1326,BREI-AB2020121B1S1-v2,Breitling,SS SOH B20 46-BLK IX-BLK CER-BLK AERO CLS-DB,v2-exact,BREI-AB2020121B1S1,watches-only/BREI-AB2020121B1S1-v2.png,product-shots/BREI-AB2020121B1S1-v2/main.jpg,https://raw.githubusercontent.com/AveryArtlife/gembreak-images/main/watches-only/BREI-AB2020121B1S1-v2.png,,pass,pass,,True,6e57000aa2aebaf01e59ecceab62ff4136d3da5d119a87160242157b4c5b888e,2048,2048,1.0,0.527832,0.894043,0.515869,0.510986,1200,1200,1.0
1327,BREI-A17376211B1A1-v2,Breitling,SS SO AUTO44-BLK-BLK CER-PRFIII BRC,v2-exact,BREI-A17376211B1A1,watches-only/BREI-A17376211B1A1-v2.png,product-shots/BREI-A17376211B1A1-v2/main.jpg,https://raw.githubusercontent.com/AveryArtlife/gembreak-images/main/watches-only/BREI-A17376211B1A1-v2.png,,pass,pass,,True,4e54ccae938d33fcda8ce7eb218305886b52482ce30ec00b25f7aed9dc4edec0,2048,2048,1.0,0.570312,0.932617,0.507812,0.508789,1200,1200,1.0
1328,BREI-AB2020121L1S1-v2,Breitling,SS SOH B20 46-GRN IX-BLK CER-BLK AERO RUB-DB,v2-exact,BREI-AB2020121L1S1,watches-only/BREI-AB2020121L1S1-v2.png,product-shots/BREI-AB2020121L1S1-v2/main.jpg,https://raw.githubusercontent.com/AveryArtlife/gembreak-images/main/watches-only/BREI-AB2020121L1S1-v2.png,,pass,pass,,True,c115bc51e8b001a99658eb5c810ecff4ce616026a1b76db50c54116df0bf2c3d,2048,2048,1.0,0.529297,0.896973,0.513184,0.510498,1200,1200,1.0
1329,TUDR-WWNM79360N-0013,Tudor,Tudor Black Bay Chrono Chronograph Black Dial Stainless Steel Men's Watch M79360N-0013,brand-prefix-exact,WWNM79360N-0013,watches-only/TUDR-WWNM79360N-0013.png,product-shots/TUDR-WWNM79360N-0013/main.jpg,https://raw.githubusercontent.com/AveryArtlife/gembreak-images/main/watches-only/TUDR-WWNM79360N-0013.png,,pass,pass,,True,36945f00d0f8980ebaf5ab910732b432faaac371d2aa984d05ce4d979fbb6b9e,1024,1536,1.0,0.755859,0.907552,0.5,0.5,1200,1200,1.0
1330,BREI-WWNR77320E61A1P1,Breitling,Breitling Navitimer 32 18kt Rose Gold Pearl Diamond Dial Leather Strap Women's Watch R77320E61A1P1,brand-prefix-exact,WWNR77320E61A1P1,watches-only/BREI-WWNR77320E61A1P1.png,product-shots/BREI-WWNR77320E61A1P1/main.jpg,https://raw.githubusercontent.com/AveryArtlife/gembreak-images/main/watches-only/BREI-WWNR77320E61A1P1.png,,pass,pass,,True,ca35ffe714c489a58c3e94cbacde059b6122826b8b1255fe81a6664025e68f11,1024,1536,1.0,0.811523,0.907552,0.499512,0.5,1200,1200,1.0
1331,BREI-AB2030121B1S1-v2,Breitling,SS SOH B20 44-BLK IX-BLK CER-BLK AERO-DB,v2-exact,BREI-AB2030121B1S1,watches-only/BREI-AB2030121B1S1-v2.png,product-shots/BREI-AB2030121B1S1-v2/main.jpg,https://raw.githubusercontent.com/AveryArtlife/gembreak-images/main/watches-only/BREI-AB2030121B1S1-v2.png,,pass,pass,,True,dea0c621c6df94b91c4345879469d95751b8a39b4aefaf8e63ce76d30f41431b,2048,2048,1.0,0.572266,0.91748,0.515625,0.510986,1200,1200,1.0
1332,BREI-AB2030161C1S1-v2,Breitling,SS SOH B20 44-BLUE IX-BLUE CER-BLUE AERO-DB,v2-exact,BREI-AB2030161C1S1,watches-only/BREI-AB2030161C1S1-v2.png,product-shots/BREI-AB2030161C1S1-v2/main.jpg,https://raw.githubusercontent.com/AveryArtlife/gembreak-images/main/watches-only/BREI-AB2030161C1S1-v2.png,,pass,pass,,True,4fb14674e9bc125422ea49799582db51e812b224e7ae4a59f99fdc225909b469,2048,2048,1.0,0.591797,0.958984,0.51123,0.50293,1200,1200,1.0
1333,BREI-A17377211A1A1-v2,Breitling,SS SO AUTO36-WHT-WHT CER-PROFIII BRC,v2-exact,BREI-A17377211A1A1,watches-only/BREI-A17377211A1A1-v2.png,product-shots/BREI-A17377211A1A1-v2/main.jpg,https://raw.githubusercontent.com/AveryArtlife/gembreak-images/main/watches-only/BREI-A17377211A1A1-v2.png,,pass,pass,,True,d057d88dd5dc4179010a33bf028b6f0d0cbbced49203032a6af7c91c55bdfb2c,2048,2048,1.0,0.47168,0.883789,0.506348,0.508301,1200,1200,1.0
1334,BREI-A32320101B1A1-v2,Breitling,SS AVG GMT44-BLK-PRFIII BRC,v2-exact,BREI-A32320101B1A1,watches-only/BREI-A32320101B1A1-v2.png,product-shots/BREI-A32320101B1A1-v2/main.jpg,https://raw.githubusercontent.com/AveryArtlife/gembreak-images/main/watches-only/BREI-A32320101B1A1-v2.png,,pass,pass,,True,bd379e19b66ba9c3f04d24eab461d32863ac9d171af1171407b20def18332462,2048,2048,1.0,0.518066,0.89209,0.516357,0.512939,1200,1200,1.0
1335,IWC-IW3910-10-v2,IWC,Portofino — SS PORTOF CHR 42-BLK IXROM-BRC,v2-exact,IWC-IW3910-10,watches-only/IWC-IW3910-10-v2.png,product-shots/IWC-IW3910-10-v2/main.jpg,https://raw.githubusercontent.com/AveryArtlife/gembreak-images/main/watches-only/IWC-IW3910-10-v2.png,,pass,pass,,True,61b748b2cdd7eb78bb1275c011e411d7e5245db8c7a04c7ae656c985aeb8389e,2048,2048,1.0,0.532715,0.896973,0.516357,0.50708,1200,1200,1.0
1336,IWC-IW3282-01-v2,IWC,Pilots Watches — SS PILOTS MARK XX 40-BLK NUM-STRAP,v2-exact,IWC-IW3282-01,watches-only/IWC-IW3282-01-v2.png,product-shots/IWC-IW3282-01-v2/main.jpg,https://raw.githubusercontent.com/AveryArtlife/gembreak-images/main/watches-only/IWC-IW3282-01-v2.png,,pass,pass,,True,248ea3f5ddacbbb41240053d137c2d84bf46433976ae72d650b99627bcab2831,2048,2048,1.0,0.471191,0.836914,0.518799,0.506348,1200,1200,1.0
1337,IWC-IW3574-10,IWC,Portofino — SS PORTF COMME MOI 34-SLV EMB DIAIXROM-STRAP,exact-existing,,watches-only/IWC-IW3574-10.png,product-shots/IWC-IW3574-10/main.jpg,https://raw.githubusercontent.com/AveryArtlife/gembreak-images/main/watches-only/IWC-IW3574-10.png,,pass,pass,,True,862aba6d7dbc50b669c10dd70b2037d442c1697d2256e11fea4cfe3283e16ad1,2048,2048,1.0,0.495605,0.945801,0.499756,0.500244,1200,1200,1.0
1338,BREI-WWNAB0134101L2A1,Breitling,Breitling Chronomat B01 42 Chronograph Automatic Green Dial Steel Men's Watch AB0134101L2A1,brand-prefix-exact,WWNAB0134101L2A1,watches-only/BREI-WWNAB0134101L2A1.png,product-shots/BREI-WWNAB0134101L2A1/main.jpg,https://raw.githubusercontent.com/AveryArtlife/gembreak-images/main/watches-only/BREI-WWNAB0134101L2A1.png,,pass,pass,,True,dc637297fd9e545e68f0b064f0dc392cd52c64c92e7cfa6a6e72df7491578302,1024,1536,1.0,0.860352,0.909505,0.500488,0.500977,1200,1200,1.0
1339,BREI-WWNA77310591A1A1,Breitling,Breitling Chronomat Quartz 32 Diamond Dial & Bezel Steel Women's Watch A77310591A1A1,brand-prefix-exact,WWNA77310591A1A1,watches-only/BREI-WWNA77310591A1A1.png,product-shots/BREI-WWNA77310591A1A1/main.jpg,https://raw.githubusercontent.com/AveryArtlife/gembreak-images/main/watches-only/BREI-WWNA77310591A1A1.png,,pass,pass,,True,ca22124c6fc34cedb0cb3a6933bb78f85508d30132aeb0787105615a948d73ef,1024,1536,1.0,0.637695,0.908203,0.499512,0.499674,1200,1200,1.0
1340,TUDR-WWNM79360N-0012,Tudor,Tudor Black Bay Chrono White Dial Stainless Steel Men's Watch M79360N-0012,brand-prefix-exact,WWNM79360N-0012,watches-only/TUDR-WWNM79360N-0012.png,product-shots/TUDR-WWNM79360N-0012/main.jpg,https://raw.githubusercontent.com/AveryArtlife/gembreak-images/main/watches-only/TUDR-WWNM79360N-0012.png,,pass,pass,,True,6ddf910df1c9b19a4dc2b30f5b2eb494e3eda5cfd34f45bd4f48e729e74dd8d3,1024,1536,1.0,0.824219,0.908203,0.499023,0.500326,1200,1200,1.0
1341,BREI-A17378211B1S1-v2,Breitling,SS SO AUTO46-BLK-BLK CER-BLK DPIV-DB,v2-exact,BREI-A17378211B1S1,watches-only/BREI-A17378211B1S1-v2.png,product-shots/BREI-A17378211B1S1-v2/main.jpg,https://raw.githubusercontent.com/AveryArtlife/gembreak-images/main/watches-only/BREI-A17378211B1S1-v2.png,,pass,pass,,True,0ed5eb28f3219f81f2f14825b8904d6f83c828a5fbc2c6dd8ad4d29f88a30665,2048,2048,1.0,0.524902,0.879395,0.500244,0.504639,1200,1200,1.0
1342,BREI-V17319101B1X1-v2,Breitling,BLKti AVG SEA NM45-BLK NUM-BLK MILIT-TG,v2-exact,BREI-V17319101B1X1,watches-only/BREI-V17319101B1X1-v2.png,product-shots/BREI-V17319101B1X1-v2/main.jpg,https://raw.githubusercontent.com/AveryArtlife/gembreak-images/main/watches-only/BREI-V17319101B1X1-v2.png,,pass,pass,,True,bc72fb4e6814756ac7fb2fb43b7cbebd0751dbd4e3395b608c2a92cfeda5ff67,2048,2048,1.0,0.538086,0.882812,0.51709,0.515625,1200,1200,1.0
1343,BREI-W1158,Breitling,Breitling Avenger Automatic 42MM Anthracite Leather Men's Watch,brand-prefix-exact,W1158,watches-only/BREI-W1158.png,product-shots/BREI-W1158/main.jpg,https://raw.githubusercontent.com/AveryArtlife/gembreak-images/main/watches-only/BREI-W1158.png,,pass,pass,,True,097b6a5ef5735cc39afa58c4225df506388b061c6147ea3ba91cdf2c0262cfe3,1024,1536,1.0,0.78125,0.85612,0.5,0.499674,1200,1200,1.0
1344,BREI-A17395361L1P2-v2,Breitling,SS NAVI AUTO35-MINT GRN-GRN ALG-DP,v2-exact,BREI-A17395361L1P2,watches-only/BREI-A17395361L1P2-v2.png,product-shots/BREI-A17395361L1P2-v2/main.jpg,https://raw.githubusercontent.com/AveryArtlife/gembreak-images/main/watches-only/BREI-A17395361L1P2-v2.png,,pass,pass,,True,8d03b79f7d461d8662334206ca7f514e27c3460af36524af9060f0253649f997,2048,2048,1.0,0.519531,0.906738,0.509277,0.512451,1200,1200,1.0
1345,OMEG-WWN210.32.42.20.01.003,Omega,Omega Seamaster Diver 300M Automatic Black Dial Rubber Strap Men's Watch 210.32.42.20.01.003,brand-prefix-exact,WWN210.32.42.20.01.003,watches-only/OMEG-WWN210.32.42.20.01.003.png,product-shots/OMEG-WWN210.32.42.20.01.003/main.jpg,https://raw.githubusercontent.com/AveryArtlife/gembreak-images/main/watches-only/OMEG-WWN210.32.42.20.01.003.png,,pass,pass,,True,86ef8feada7f2a90785de20f5e20b7b30f946254bf572b48138b2e9cb3c64328,1024,1536,1.0,0.852539,0.907552,0.499512,0.5,1200,1200,1.0
1346,BREI-W2115,Breitling,BREITLING Superocean AUTO 42MM Green Dial Rubber Men's Watch N1737,brand-prefix-exact,W2115,watches-only/BREI-W2115.png,product-shots/BREI-W2115/main.jpg,https://raw.githubusercontent.com/AveryArtlife/gembreak-images/main/watches-only/BREI-W2115.png,,pass,pass,,True,3725d6cfe9b840d8d4e70e507396d8ac703ceaa1e370729d8de593134ef59967,1024,1536,1.0,0.750977,0.963542,0.524902,0.498698,1200,1200,1.0
1347,IWC-IW3910-08-v2,IWC,Portofino — SS PORTOF CHR42-BLK IXROM-STRAP,v2-exact,IWC-IW3910-08,watches-only/IWC-IW3910-08-v2.png,product-shots/IWC-IW3910-08-v2/main.jpg,https://raw.githubusercontent.com/AveryArtlife/gembreak-images/main/watches-only/IWC-IW3910-08-v2.png,,pass,pass,,True,864597404b1848de010c065437f5b03e11728b6dddfb052964f6e23bc105f1da,2048,2048,1.0,0.523438,0.965332,0.515137,0.498291,1200,1200,1.0
1348,IWC-IW3240-06,IWC,Pilots Watches — SS PILOTS 36-SLV NUM-BRAC,exact-existing,,watches-only/IWC-IW3240-06.png,product-shots/IWC-IW3240-06/main.jpg,https://raw.githubusercontent.com/AveryArtlife/gembreak-images/main/watches-only/IWC-IW3240-06.png,,pass,pass,,True,df38633acf356bc3b670d18716748464669ec36ac5586aea3040c55255a1ca46,2048,2048,1.0,0.547852,0.945312,0.5,0.5,1200,1200,1.0
1349,OMEG-WWN220.10.41.21.01.001,Omega,Omega Seamaster Aqua Terra 150m Master Co-Axial Black Dial Stainless Steel Men's Watch 220.10.41.21.01.001,brand-prefix-exact,WWN220.10.41.21.01.001,watches-only/OMEG-WWN220.10.41.21.01.001.png,product-shots/OMEG-WWN220.10.41.21.01.001/main.jpg,https://raw.githubusercontent.com/AveryArtlife/gembreak-images/main/watches-only/OMEG-WWN220.10.41.21.01.001.png,,pass,pass,,True,2b1fc13b2c205a5514837342e69c2b557f9a651c9c99aaedfbee1a55571e556c,1024,1536,1.0,0.854492,0.909505,0.500488,0.500977,1200,1200,1.0
1350,IWC-IW3270-10-v2,IWC,Pilots Watches — SS MARK XVIII LPP ED 40-BLUE-STRAP,v2-exact,IWC-IW3270-10,watches-only/IWC-IW3270-10-v2.png,product-shots/IWC-IW3270-10-v2/main.jpg,https://raw.githubusercontent.com/AveryArtlife/gembreak-images/main/watches-only/IWC-IW3270-10-v2.png,,pass,pass,,True,c478748e150e31c7d93f87fbe6bb4718db2c69758da0ecbab583b1c554ff26e3,2048,2048,1.0,0.52002,0.894531,0.514404,0.507812,1200,1200,1.0
1351,IWC-IW3783-03-v2,IWC,Portofino — SS PORTF CHR 41-BLK IX-STRAP,v2-exact,IWC-IW3783-03,watches-only/IWC-IW3783-03-v2.png,product-shots/IWC-IW3783-03-v2/main.jpg,https://raw.githubusercontent.com/AveryArtlife/gembreak-images/main/watches-only/IWC-IW3783-03-v2.png,,pass,pass,,True,938d7752394d98b80f4c3e04fd5aab9cd00fac07e500f25ef9e948da2e06dbab,2048,2048,1.0,0.572266,0.941406,0.508789,0.510742,1200,1200,1.0
1352,TUDR-WWNM25610TNL-0001,Tudor,Tudor Pelagos Left Hand Diver Automatic Black Dial Titanium Men's Watch M25610TNL-0001,brand-prefix-exact,WWNM25610TNL-0001,watches-only/TUDR-WWNM25610TNL-0001.png,product-shots/TUDR-WWNM25610TNL-0001/main.jpg,https://raw.githubusercontent.com/AveryArtlife/gembreak-images/main/watches-only/TUDR-WWNM25610TNL-0001.png,,pass,pass,,True,82da1cf0524e54fdb2e6c7afd1523d01a0e285d7a605cb577e90d4c9b390ef9a,1024,1536,1.0,0.850586,0.907552,0.500488,0.5,1200,1200,1.0
1353,BREI-A17395361L1P1-v2,Breitling,SS NAVI AUTO35-MINT GRN-GRN ALG-TG,v2-exact,BREI-A17395361L1P1,watches-only/BREI-A17395361L1P1-v2.png,product-shots/BREI-A17395361L1P1-v2/main.jpg,https://raw.githubusercontent.com/AveryArtlife/gembreak-images/main/watches-only/BREI-A17395361L1P1-v2.png,,pass,pass,,True,1ba81df7d148f9ff000bd40be8401c0bcd40635eea7195d4507530e69c2d90d3,2048,2048,1.0,0.507812,0.912598,0.510742,0.511475,1200,1200,1.0
1354,TUDR-WWNM79643-0002,Tudor,Tudor Black Bay 36 Automatic Silver Dial Steel and Gold Women's Watch M79643-0002,brand-prefix-exact,WWNM79643-0002,watches-only/TUDR-WWNM79643-0002.png,product-shots/TUDR-WWNM79643-0002/main.jpg,https://raw.githubusercontent.com/AveryArtlife/gembreak-images/main/watches-only/TUDR-WWNM79643-0002.png,,pass,pass,,True,6a054c59bc237eb3ca76034158343c2785b9cf5b5a4133b3b74b993833c23435,1024,1536,1.0,0.734375,0.908203,0.5,0.500326,1200,1200,1.0
1355,BREI-WWNAB3114101L1A1,Breitling,Breitling Chronomat B31 Automatic 40 Green Dial Stainless Steel Men's Watch AB3114101L1A1,brand-prefix-exact,WWNAB3114101L1A1,watches-only/BREI-WWNAB3114101L1A1.png,product-shots/BREI-WWNAB3114101L1A1/main.jpg,https://raw.githubusercontent.com/AveryArtlife/gembreak-images/main/watches-only/BREI-WWNAB3114101L1A1.png,,pass,pass,,True,9a1897dcdfdae14bd5909aafa491591ece2c626abb513924c27ce43002046974,1024,1536,1.0,0.825195,0.906901,0.499512,0.500326,1200,1200,1.0
1356,BREI-WWNA10320101A1A1,Breitling,Breitling Chronomat Automatic 36 Mother of Pearl Diamond Dial Stainless Steel Women's Watch A10320101A1A1,brand-prefix-exact,WWNA10320101A1A1,watches-only/BREI-WWNA10320101A1A1.png,product-shots/BREI-WWNA10320101A1A1/main.jpg,https://raw.githubusercontent.com/AveryArtlife/gembreak-images/main/watches-only/BREI-WWNA10320101A1A1.png,,pass,pass,,True,b453eca88c04fdfe1e0a8b61b1c38344be7f13234445e421efeab899f6aa7544,1024,1536,1.0,0.793945,0.906901,0.499512,0.499674,1200,1200,1.0
1357,BREI-W113,Breitling,BREITLING Navitimer Quartz SS 32MM MOP Diamond Dial Women's Watch,brand-prefix-exact,W113,watches-only/BREI-W113.png,product-shots/BREI-W113/main.jpg,https://raw.githubusercontent.com/AveryArtlife/gembreak-images/main/watches-only/BREI-W113.png,,pass,pass,,True,cc6d0f5d5263e8f3bb2daa70fce225e284ddbccb221a5a6f35de04a1ca9d16a8,424,900,1.0,0.985849,1.0,0.497642,0.5,1200,1200,1.0
1358,BREI-A32395101C1X2-v2,Breitling,SS AVG GMT45-BLUE-BLUE MILIT-DB,v2-exact,BREI-A32395101C1X2,watches-only/BREI-A32395101C1X2-v2.png,product-shots/BREI-A32395101C1X2-v2/main.jpg,https://raw.githubusercontent.com/AveryArtlife/gembreak-images/main/watches-only/BREI-A32395101C1X2-v2.png,,pass,pass,,True,97eb5ea753d074ef78ad65f01fb400c994c0d50622368e4967b9b2b9c5108764,2048,2048,1.0,0.540039,0.893555,0.520508,0.51123,1200,1200,1.0
1359,OMEG-WWN210.32.42.20.03.001,Omega,Omega Seamaster Diver 300M Blue Dial Rubber Strap Men's Watch 210.32.42.20.03.001,brand-prefix-exact,WWN210.32.42.20.03.001,watches-only/OMEG-WWN210.32.42.20.03.001.png,product-shots/OMEG-WWN210.32.42.20.03.001/main.jpg,https://raw.githubusercontent.com/AveryArtlife/gembreak-images/main/watches-only/OMEG-WWN210.32.42.20.03.001.png,,pass,pass,,True,77f1c99ba241cdc64c5fca47a5279cf83ead4fc15e47eecef648671ba294ea9e,1024,1536,1.0,0.861328,0.908203,0.5,0.500326,1200,1200,1.0
1360,BREI-WWNAB0145371L1A1,Breitling,Breitling Premier B01 Chronograph 42 Green Dial Stainless Steel Men's Watch AB0145371L1A1,brand-prefix-exact,WWNAB0145371L1A1,watches-only/BREI-WWNAB0145371L1A1.png,product-shots/BREI-WWNAB0145371L1A1/main.jpg,https://raw.githubusercontent.com/AveryArtlife/gembreak-images/main/watches-only/BREI-WWNAB0145371L1A1.png,,pass,pass,,True,1a9fbd12187cc9aba2878d97ca2900029e80cb5960c33c392c1b827a5b7ff10c,1024,1536,1.0,0.779297,0.907552,0.5,0.5,1200,1200,1.0
1361,BREI-WW14,Breitling,Breitling Avenger Automatic Gmt 44MM Black Dial Men's Watch,brand-prefix-exact,WW14,watches-only/BREI-WW14.png,product-shots/BREI-WW14/main.jpg,https://raw.githubusercontent.com/AveryArtlife/gembreak-images/main/watches-only/BREI-WW14.png,,pass,pass,,True,1bb925119b09bd8822a0f9792cfd0268e9b3c752e53285907cc51782a23dfee1,1024,1536,1.0,0.779297,0.884115,0.5,0.498047,1200,1200,1.0
1362,BREI-W156,Breitling,Breitling Avenger Automatic Gmt 44MM Blue Dial Men's Watch,brand-prefix-exact,W156,watches-only/BREI-W156.png,product-shots/BREI-W156/main.jpg,https://raw.githubusercontent.com/AveryArtlife/gembreak-images/main/watches-only/BREI-W156.png,,pass,pass,,True,502dab72682dc03bdfed6edaa08dfe294a4044ff1458f36d23293bafaedade76,1024,1536,1.0,0.717773,0.951823,0.520996,0.494792,1200,1200,1.0
1363,TUDR-WWNM79833MN-0003,Tudor,Tudor Black Bay GMT S&G Automatic Black Dial Leather Strap Men's Watch M79833MN-0003,brand-prefix-exact,WWNM79833MN-0003,watches-only/TUDR-WWNM79833MN-0003.png,product-shots/TUDR-WWNM79833MN-0003/main.jpg,https://raw.githubusercontent.com/AveryArtlife/gembreak-images/main/watches-only/TUDR-WWNM79833MN-0003.png,,pass,pass,,True,64ffe76d7e2d28903d4c02fc4a3c183cc1e69273b49c843e2dbdcfa8ac623a8d,1024,1536,1.0,0.829102,0.906901,0.500488,0.500326,1200,1200,1.0
1364,OMEG-WWN324.30.38.50.02.001,Omega,Omega Speedmaster Co-Axial Chronograph 38mm Silver Dial Stainless Steel Men's Watch 324.30.38.50.02.001,brand-prefix-exact,WWN324.30.38.50.02.001,watches-only/OMEG-WWN324.30.38.50.02.001.png,product-shots/OMEG-WWN324.30.38.50.02.001/main.jpg,https://raw.githubusercontent.com/AveryArtlife/gembreak-images/main/watches-only/OMEG-WWN324.30.38.50.02.001.png,,pass,pass,,True,0d0f990a0b23c6053a1738f58815a965b2a02647a6862483d4aafc75bd7c226e,1024,1536,1.0,0.793945,0.907552,0.499512,0.5,1200,1200,1.0
1365,BREI-W2119,Breitling,BREITLING Chronomat Quartz 28MM 12 Diamond Blue MOP Dial Women's W,brand-prefix-exact,W2119,watches-only/BREI-W2119.png,product-shots/BREI-W2119/main.jpg,https://raw.githubusercontent.com/AveryArtlife/gembreak-images/main/watches-only/BREI-W2119.png,,pass,pass,,True,56750665791673beee5a71d59b8533aafd36b46f2adaa3ef84026043b77a86e8,1024,1536,1.0,0.853516,0.986979,0.506836,0.499349,1200,1200,1.0
1366,LONG-W141,Longines,LONGINES Conquest Automatic 42MM Two-Tone 18K Rose Gold Men's Watc,brand-prefix-exact,W141,watches-only/LONG-W141.png,product-shots/LONG-W141/main.jpg,https://raw.githubusercontent.com/AveryArtlife/gembreak-images/main/watches-only/LONG-W141.png,,pass,pass,,True,30ed537160c07e8232283f89a5cb5c48991564257109b42bd13dbe489efd6cf5,1024,1536,1.0,0.779297,0.911458,0.5,0.5,1200,1200,1.0
1367,BREI-W138,Breitling,BREITLING Navitimer Quartz 32MM MOP Diamond Dial Leather Women's W,brand-prefix-exact,W138,watches-only/BREI-W138.png,product-shots/BREI-W138/main.jpg,https://raw.githubusercontent.com/AveryArtlife/gembreak-images/main/watches-only/BREI-W138.png,,pass,pass,,True,ebcb42a8402256d228159a42a2b6b0b850e9c362e8aaad99265b17d734baa754,1024,1536,1.0,0.692383,0.924479,0.520996,0.491536,1200,1200,1.0
1368,BREI-WWNAB3113A71C1A1,Breitling,Breitling Top Time B31 Automatic Blue Dial Stainless Steel Men's Watch AB3113A71C1A1,brand-prefix-exact,WWNAB3113A71C1A1,watches-only/BREI-WWNAB3113A71C1A1.png,product-shots/BREI-WWNAB3113A71C1A1/main.jpg,https://raw.githubusercontent.com/AveryArtlife/gembreak-images/main/watches-only/BREI-WWNAB3113A71C1A1.png,,pass,pass,,True,593214c8fba8ae8e5d9379bb8fc3d72683e60c28d3ebfd130a6c82a6cb3dca62,1024,1536,1.0,0.703125,0.907552,0.5,0.499349,1200,1200,1.0
1369,OMEG-WWN434.10.40.20.02.001,Omega,Omega De Ville Prestige Co-Axial Master Chronometer 40mm Silver Dial Stainless Steel Men's Watch 434.10.40.20.02.001,brand-prefix-exact,WWN434.10.40.20.02.001,watches-only/OMEG-WWN434.10.40.20.02.001.png,product-shots/OMEG-WWN434.10.40.20.02.001/main.jpg,https://raw.githubusercontent.com/AveryArtlife/gembreak-images/main/watches-only/OMEG-WWN434.10.40.20.02.001.png,,pass,pass,,True,8b997a187270ee956505f83c3666d6e567aa0b8ebb13398cd7e483c431b0435a,1024,1536,1.0,0.742188,0.910156,0.5,0.500651,1200,1200,1.0
1370,BREI-WWNAB01766A1A1A1,Breitling,Breitling Top Time B01 Ford Thunderbird Automatic Chronograph White Dial Steel Men's Watch AB01766A1A1A1,brand-prefix-exact,WWNAB01766A1A1A1,watches-only/BREI-WWNAB01766A1A1A1.png,product-shots/BREI-WWNAB01766A1A1A1/main.jpg,https://raw.githubusercontent.com/AveryArtlife/gembreak-images/main/watches-only/BREI-WWNAB01766A1A1A1.png,,pass,pass,,True,126f5505911b10d0d91838d1f5e86cd0c40a92e695835e6e245c2d2892c91762,1024,1536,1.0,0.816406,0.907552,0.5,0.5,1200,1200,1.0
1371,TUDR-WWNM79680-0002,Tudor,Tudor Black Bay 41 Automatic Blue Dial Steel Men's Watch M79680-0002,brand-prefix-exact,WWNM79680-0002,watches-only/TUDR-WWNM79680-0002.png,product-shots/TUDR-WWNM79680-0002/main.jpg,https://raw.githubusercontent.com/AveryArtlife/gembreak-images/main/watches-only/TUDR-WWNM79680-0002.png,,pass,pass,,True,cecacc4982d36480e0f2e02a2afb25af22caa0662b0262537d9e3f5f341d0635,1024,1536,1.0,0.723633,0.907552,0.499512,0.5,1200,1200,1.0
1372,TUDR-WWNM7943A1A0NU-0002,Tudor,Tudor Black Bay 68 Automatic Silver Dial Stainless Steel Men's Watch M7943A1A0NU-0002,brand-prefix-exact,WWNM7943A1A0NU-0002,watches-only/TUDR-WWNM7943A1A0NU-0002.png,product-shots/TUDR-WWNM7943A1A0NU-0002/main.jpg,https://raw.githubusercontent.com/AveryArtlife/gembreak-images/main/watches-only/TUDR-WWNM7943A1A0NU-0002.png,,pass,pass,,True,573477a04a4d1adb2b4b26df1c426f304c302431f0881848c921ef432798df51,1024,1536,1.0,0.759766,0.908203,0.5,0.499674,1200,1200,1.0
1373,LONG-WWNL8.126.5.79.7,Longines,Longines Primaluna Moonphase Automatic Ivory Dial 18k Yellow Gold & Steel Women's Watch L8.126.5.79.7,brand-prefix-exact,WWNL8.126.5.79.7,watches-only/LONG-WWNL8.126.5.79.7.png,product-shots/LONG-WWNL8.126.5.79.7/main.jpg,https://raw.githubusercontent.com/AveryArtlife/gembreak-images/main/watches-only/LONG-WWNL8.126.5.79.7.png,,pass,pass,,True,b2e1a65dda2a09baf0436ffbe04cecdff0ee3319529fa85dbf739271f4a79cc5,1024,1536,1.0,0.705078,0.907552,0.5,0.500651,1200,1200,1.0
1374,BREI-WWNA32310171C1P1,Breitling,Breitling Navitimer Automatic 41 GMT Blue Dial Leather Strap Men's Watch A32310171C1P1,brand-prefix-exact,WWNA32310171C1P1,watches-only/BREI-WWNA32310171C1P1.png,product-shots/BREI-WWNA32310171C1P1/main.jpg,https://raw.githubusercontent.com/AveryArtlife/gembreak-images/main/watches-only/BREI-WWNA32310171C1P1.png,,pass,pass,,True,682af9a6157a0ae16bd602a8d61e3fbbb4004900ccc45f62817eb1c384c5c935,1024,1536,1.0,0.847656,0.906901,0.5,0.499674,1200,1200,1.0
1375,BREI-WWNA17329371L1A1,Breitling,Breitling Navitimer Automatic 41 Green Dial Stainless Steel Men's Watch A17329371L1A1,brand-prefix-exact,WWNA17329371L1A1,watches-only/BREI-WWNA17329371L1A1.png,product-shots/BREI-WWNA17329371L1A1/main.jpg,https://raw.githubusercontent.com/AveryArtlife/gembreak-images/main/watches-only/BREI-WWNA17329371L1A1.png,,pass,pass,,True,e1624daa08405c58e5f64da8b62a80a91a1cc2362a83e154753d539e7a7b13db,1024,1536,1.0,0.706055,0.908203,0.499512,0.500326,1200,1200,1.0
1376,BREI-WWNAB3111241B1S1,Breitling,Breitling Superocean Heritage Automatic 42 Black Dial Rubber Strap Men's Watch AB3111241B1S1,brand-prefix-exact,WWNAB3111241B1S1,watches-only/BREI-WWNAB3111241B1S1.png,product-shots/BREI-WWNAB3111241B1S1/main.jpg,https://raw.githubusercontent.com/AveryArtlife/gembreak-images/main/watches-only/BREI-WWNAB3111241B1S1.png,,pass,pass,,True,d0f6a8609e9981f4a63893c09200e869bd26cc5f4d8356b8dd948ca2508efd32,1024,1536,1.0,0.841797,0.910156,0.5,0.500651,1200,1200,1.0
1377,BREI-WWNA173265A1K1P2,Breitling,Breitling Navitimer Automatic 41 Red Dial Leather Strap Men's Watch A173265A1K1P2,brand-prefix-exact,WWNA173265A1K1P2,watches-only/BREI-WWNA173265A1K1P2.png,product-shots/BREI-WWNA173265A1K1P2/main.jpg,https://raw.githubusercontent.com/AveryArtlife/gembreak-images/main/watches-only/BREI-WWNA173265A1K1P2.png,,pass,pass,,True,89feec87bd89b40d535b43dd4c019a468e9609eb00395ef4ae9da8a7502f8bc0,1024,1536,1.0,0.757812,0.90625,0.499023,0.5,1200,1200,1.0
1378,BREI-WWNA17375E71G1A1,Breitling,Breitling Superocean Automatic 42 Silver Dial Stainless Steel Men's Watch A17375E71G1A1,brand-prefix-exact,WWNA17375E71G1A1,watches-only/BREI-WWNA17375E71G1A1.png,product-shots/BREI-WWNA17375E71G1A1/main.jpg,https://raw.githubusercontent.com/AveryArtlife/gembreak-images/main/watches-only/BREI-WWNA17375E71G1A1.png,,pass,pass,,True,335c4221207a8af04cd080b584b57c1ccaad6eaf95a2bce3455d6ca8af0fbf4a,1024,1536,1.0,0.849609,0.910156,0.5,0.500651,1200,1200,1.0
1379,LONG-W2118,Longines,LONGINES Conquest Chronograph 42MM Silver Dial Rubber Men's Watch,brand-prefix-exact,W2118,watches-only/LONG-W2118.png,product-shots/LONG-W2118/main.jpg,https://raw.githubusercontent.com/AveryArtlife/gembreak-images/main/watches-only/LONG-W2118.png,,pass,pass,,True,ac6a2f3e5769c11e5236084a8b65fada48abc50d3c139b1b67c21a6689b1e9c0,1024,1536,1.0,0.739258,0.936198,0.525879,0.499349,1200,1200,1.0
1380,OMEG-WWN428.17.26.60.04.009,Omega,Omega De Ville Tresor MinI White Dial Diamond Case Leather Strap Women's Watch 428.17.26.60.04.009,brand-prefix-exact,WWN428.17.26.60.04.009,watches-only/OMEG-WWN428.17.26.60.04.009.png,product-shots/OMEG-WWN428.17.26.60.04.009/main.jpg,https://raw.githubusercontent.com/AveryArtlife/gembreak-images/main/watches-only/OMEG-WWN428.17.26.60.04.009.png,,pass,pass,,True,75fe8cb2804af1dd241e055c6c5dfd9668c0111aa4c3d69bf88a4c25b774db42,1024,1536,1.0,0.780273,0.911458,0.500488,0.5,1200,1200,1.0
1381,BREI-WWNA10380101C1A1,Breitling,Breitling Chronomat Automatic 36 Blue Dial Stainless Steel Women's Watch A10380101C1A1,brand-prefix-exact,WWNA10380101C1A1,watches-only/BREI-WWNA10380101C1A1.png,product-shots/BREI-WWNA10380101C1A1/main.jpg,https://raw.githubusercontent.com/AveryArtlife/gembreak-images/main/watches-only/BREI-WWNA10380101C1A1.png,,pass,pass,,True,30f5168b7ed104fe07015bd476e1884a77a69ffb6122d3df3e780905ca59bc21,1024,1536,1.0,0.727539,0.907552,0.500488,0.5,1200,1200,1.0
1382,BREI-WWNA17329161C1P1,Breitling,Breitling Navitimer Automatic 41 Blue Dial Leather Strap Men's Watch A17329161C1P1,brand-prefix-exact,WWNA17329161C1P1,watches-only/BREI-WWNA17329161C1P1.png,product-shots/BREI-WWNA17329161C1P1/main.jpg,https://raw.githubusercontent.com/AveryArtlife/gembreak-images/main/watches-only/BREI-WWNA17329161C1P1.png,,pass,pass,,True,ae594796b53537121744cf6cb0d1badae1bf6bcdd960a7fc5d503ad7cf5c3805,1024,1536,1.0,0.755859,0.908203,0.5,0.499674,1200,1200,1.0
1383,BREI-WWNA233803A1B1A1,Breitling,Breitling Classic Avi Chronograph 42 P-51 Mustang Black Dial Steel Bracelet Men's Watch A233803A1B1A1,brand-prefix-exact,WWNA233803A1B1A1,watches-only/BREI-WWNA233803A1B1A1.png,product-shots/BREI-WWNA233803A1B1A1/main.jpg,https://raw.githubusercontent.com/AveryArtlife/gembreak-images/main/watches-only/BREI-WWNA233803A1B1A1.png,,pass,pass,,True,9a01df68fa0659bca92d11112562cb343e5f94662b98f68bb4e74ab581824e17,1024,1536,1.0,0.78418,0.909505,0.499512,0.500977,1200,1200,1.0
1384,BREI-WWNE10379351B1E1,Breitling,Breitling Superocean Automatic 46 Super Diver Black Dial Titanium Men's Watch E10379351B1E1,brand-prefix-exact,WWNE10379351B1E1,watches-only/BREI-WWNE10379351B1E1.png,product-shots/BREI-WWNE10379351B1E1/main.jpg,https://raw.githubusercontent.com/AveryArtlife/gembreak-images/main/watches-only/BREI-WWNE10379351B1E1.png,,pass,pass,,True,0f83be9baebdea9cd6ea36cd7829e5a165b3fad776a012d237eeb79d10ae98df,1024,1536,1.0,0.875,0.86849,0.5,0.499349,1200,1200,1.0
1385,BREI-WWNA17376A31L1A1,Breitling,Breitling Superocean Automatic 44 Green Dial Stainless Steel Men's Watch A17376A31L1A1,brand-prefix-exact,WWNA17376A31L1A1,watches-only/BREI-WWNA17376A31L1A1.png,product-shots/BREI-WWNA17376A31L1A1/main.jpg,https://raw.githubusercontent.com/AveryArtlife/gembreak-images/main/watches-only/BREI-WWNA17376A31L1A1.png,,pass,pass,,True,42070e051a5365f61ae0901a87da4dedc10b2a9c46f1d71552629ddb90d39aac,1024,1536,1.0,0.830078,0.90625,0.499023,0.5,1200,1200,1.0
1386,TUDR-WWNM91451-0009,Tudor,Tudor 1926 36mm Midsize Two-Tone 18K Rose Gold & Steel Women's Watch M91451-0009,brand-prefix-exact,WWNM91451-0009,watches-only/TUDR-WWNM91451-0009.png,product-shots/TUDR-WWNM91451-0009/main.jpg,https://raw.githubusercontent.com/AveryArtlife/gembreak-images/main/watches-only/TUDR-WWNM91451-0009.png,,pass,pass,,True,dc338588edc627cc32dba793a51bab0a1ea7d7bab6b6163fc5dcff15e9a4e16c,1024,1536,1.0,0.814453,0.90625,0.5,0.5,1200,1200,1.0
1387,BREI-WWNA17376211B1A1,Breitling,Breitling Superocean Automatic 44 Black Dial Stainless Steel Men's Watch A17376211B1A1,brand-prefix-exact,WWNA17376211B1A1,watches-only/BREI-WWNA17376211B1A1.png,product-shots/BREI-WWNA17376211B1A1/main.jpg,https://raw.githubusercontent.com/AveryArtlife/gembreak-images/main/watches-only/BREI-WWNA17376211B1A1.png,,pass,pass,,True,5417766c081c71a7efb50affbfd86263ebcb4f88348e010cf2ca93a0d88f98aa,1024,1536,1.0,0.875977,0.904948,0.499512,0.5,1200,1200,1.0
1388,OMEG-WWN424.10.40.20.02.002,Omega,Omega De Ville Prestige Co-Axial 39.5mm Automatic Silver Dial Steel Men's Watch 424.10.40.20.02.002,brand-prefix-exact,WWN424.10.40.20.02.002,watches-only/OMEG-WWN424.10.40.20.02.002.png,product-shots/OMEG-WWN424.10.40.20.02.002/main.jpg,https://raw.githubusercontent.com/AveryArtlife/gembreak-images/main/watches-only/OMEG-WWN424.10.40.20.02.002.png,,pass,pass,,True,879c0aa33403e17d54d846a364374dc9d8840c91489a9f5c9b9c1ae4d146d0c6,1024,1536,1.0,0.785156,0.907552,0.499023,0.5,1200,1200,1.0
1389,BREI-WWNA77330121A2A1,Breitling,Breitling Premier Lady 32 Mother of Pearl Dial Stainless Steel Women's Watch A77330121A2A1,brand-prefix-exact,WWNA77330121A2A1,watches-only/BREI-WWNA77330121A2A1.png,product-shots/BREI-WWNA77330121A2A1/main.jpg,https://raw.githubusercontent.com/AveryArtlife/gembreak-images/main/watches-only/BREI-WWNA77330121A2A1.png,,pass,pass,,True,987007e103b95d00786f18e85d768948412abd5ba0f973f500fffccd1b99b043,1024,1536,1.0,0.783203,0.908854,0.5,0.501302,1200,1200,1.0
1390,BREI-WWNA77320D91K1P1,Breitling,Breitling Navitimer 32 Pink Pearl Diamond Dial Leather Strap Women's Watch A77320D91K1P1,brand-prefix-exact,WWNA77320D91K1P1,watches-only/BREI-WWNA77320D91K1P1.png,product-shots/BREI-WWNA77320D91K1P1/main.jpg,https://raw.githubusercontent.com/AveryArtlife/gembreak-images/main/watches-only/BREI-WWNA77320D91K1P1.png,,pass,pass,,True,2e56296678d77571a6b071dd06f9482b42556439943b4f7a5841785679cf81e8,1024,1536,1.0,0.779297,0.908203,0.5,0.499674,1200,1200,1.0
1391,BREI-WWNA17377211C1A1,Breitling,Breitling Superocean Automatic 36 Turquoise Dial Stainless Steel Unisex Watch A17377211C1A1,brand-prefix-exact,WWNA17377211C1A1,watches-only/BREI-WWNA17377211C1A1.png,product-shots/BREI-WWNA17377211C1A1/main.jpg,https://raw.githubusercontent.com/AveryArtlife/gembreak-images/main/watches-only/BREI-WWNA17377211C1A1.png,,pass,pass,,True,3438cbc4a2ac69026c8409d75fa9e08d2c19e489149f847d8e6e610ba2c3720a,1024,1536,1.0,0.807617,0.911458,0.500488,0.5,1200,1200,1.0
1392,TUDR-WWNM51000-0004,Tudor,Tudor Glamour Date Silver Diamond-Set Dial Stainless Steel Unisex Watch M51000-0004,brand-prefix-exact,WWNM51000-0004,watches-only/TUDR-WWNM51000-0004.png,product-shots/TUDR-WWNM51000-0004/main.jpg,https://raw.githubusercontent.com/AveryArtlife/gembreak-images/main/watches-only/TUDR-WWNM51000-0004.png,,pass,pass,,True,e257ca30b1b5e374052e9c21b8abe779283d3c3501d322ac5a0e2ffa37983d57,1024,1536,1.0,0.587891,0.907552,0.5,0.5,1200,1200,1.0
1393,BREI-WWNA17378E71C1S1,Breitling,Breitling Superocean Automatic 46 Blue Dial Rubber Strap Men's Watch A17378E71C1S1,brand-prefix-exact,WWNA17378E71C1S1,watches-only/BREI-WWNA17378E71C1S1.png,product-shots/BREI-WWNA17378E71C1S1/main.jpg,https://raw.githubusercontent.com/AveryArtlife/gembreak-images/main/watches-only/BREI-WWNA17378E71C1S1.png,,pass,pass,,True,1de3c4e38ec4e666a308fc228fe921e065cb61c2edbf5d0de5a2f0319e860c2d,1024,1536,1.0,0.875,0.891276,0.5,0.499023,1200,1200,1.0
1394,BREI-WWNA17376211L2S1,Breitling,Breitling Superocean Automatic 44 Turquoise Dial Rubber Strap Men's Watch A17376211L2S1,brand-prefix-exact,WWNA17376211L2S1,watches-only/BREI-WWNA17376211L2S1.png,product-shots/BREI-WWNA17376211L2S1/main.jpg,https://raw.githubusercontent.com/AveryArtlife/gembreak-images/main/watches-only/BREI-WWNA17376211L2S1.png,,pass,pass,,True,0561f0ea901a59c3c0c230a5a6855185d93738b8a0367a1dc84929f5ee35fd99,1024,1536,1.0,0.799805,0.907552,0.500488,0.5,1200,1200,1.0
1395,BREI-WWNA17375211B1S1,Breitling,Breitling Superocean Automatic 42 Black Dial Rubber Strap Men's Watch A17375211B1S1,brand-prefix-exact,WWNA17375211B1S1,watches-only/BREI-WWNA17375211B1S1.png,product-shots/BREI-WWNA17375211B1S1/main.jpg,https://raw.githubusercontent.com/AveryArtlife/gembreak-images/main/watches-only/BREI-WWNA17375211B1S1.png,,pass,pass,,True,e408013ab1af4a82ae55313d030d4195c9d644a5ffdfecbf0c51ec20149f6853,1024,1536,1.0,0.820312,0.908203,0.5,0.500326,1200,1200,1.0
1396,LONG-WWNL5.255.5.89.7,Longines,Longines DolceVita Quartz Diamond Rose Gold & Steel Women's Watch L5.255.5.89.7,brand-prefix-exact,WWNL5.255.5.89.7,watches-only/LONG-WWNL5.255.5.89.7.png,product-shots/LONG-WWNL5.255.5.89.7/main.jpg,https://raw.githubusercontent.com/AveryArtlife/gembreak-images/main/watches-only/LONG-WWNL5.255.5.89.7.png,,pass,pass,,True,575dc86e9e58061c6e313f44e3d0ce84cf4e715ff5a8c182180bed2d0562b3f5,1024,1536,1.0,0.396484,0.907552,0.5,0.5,1200,1200,1.0
1397,LONG-WWNL3.821.4.53.9,Longines,Longines Spirit Flyback Chronograph Black Dial Fabric Strap Men's Watch L3.821.4.53.9,brand-prefix-exact,WWNL3.821.4.53.9,watches-only/LONG-WWNL3.821.4.53.9.png,product-shots/LONG-WWNL3.821.4.53.9/main.jpg,https://raw.githubusercontent.com/AveryArtlife/gembreak-images/main/watches-only/LONG-WWNL3.821.4.53.9.png,,pass,pass,,True,3df3ffc53fb77fec90616c560d56d65f81ba0ac1d7d7ec7e5dcf4e30a7be33a2,1024,1536,1.0,0.780273,0.859375,0.499512,0.5,1200,1200,1.0
1398,BREI-WWNA77320171C1P1,Breitling,Breitling Navitimer 32 Blue Mother of Pearl Diamond Dial Leather Strap Women's Watch A77320171C1P1,brand-prefix-exact,WWNA77320171C1P1,watches-only/BREI-WWNA77320171C1P1.png,product-shots/BREI-WWNA77320171C1P1/main.jpg,https://raw.githubusercontent.com/AveryArtlife/gembreak-images/main/watches-only/BREI-WWNA77320171C1P1.png,,pass,pass,,True,9aa46d9d027a2b8fbc7c80d99f8b0a54d9095dae5382555d7ddc30f18576c8ea,1024,1536,1.0,0.734375,0.907552,0.5,0.5,1200,1200,1.0
1399,BREI-WWNX82310D51B1S2,Breitling,Breitling Endurance Pro 44 Chronograph Black Dial Breitlight Rubber Strap Men's Watch X82310D51B1S2,brand-prefix-exact,WWNX82310D51B1S2,watches-only/BREI-WWNX82310D51B1S2.png,product-shots/BREI-WWNX82310D51B1S2/main.jpg,https://raw.githubusercontent.com/AveryArtlife/gembreak-images/main/watches-only/BREI-WWNX82310D51B1S2.png,,pass,pass,,True,59adc3681118cd76fcb495d6eff1b85cf29aaf1d07c3f04828f3fb3fe907e90f,1024,1536,1.0,0.864258,0.908203,0.499512,0.500326,1200,1200,1.0
1400,LONG-W297,Longines,Longines Elegant Automatic 37MM Black Dial Leather Men's Watch,brand-prefix-exact,W297,watches-only/LONG-W297.png,product-shots/LONG-W297/main.jpg,https://raw.githubusercontent.com/AveryArtlife/gembreak-images/main/watches-only/LONG-W297.png,,pass,pass,,True,03720b2fb4b01dfa523c6a433626d46a0b459c1d96a0da1110406131b2637573,1024,1536,1.0,0.780273,0.911458,0.499512,0.5,1200,1200,1.0
1401,LONG-W2120,Longines,Longines 1832 Automatic 40MM Beige Dial Leather Men's Watch,brand-prefix-exact,W2120,watches-only/LONG-W2120.png,product-shots/LONG-W2120/main.jpg,https://raw.githubusercontent.com/AveryArtlife/gembreak-images/main/watches-only/LONG-W2120.png,,pass,pass,,True,43be265293c15389b7009eca9f73f9d00f006da556d7d6fdbcb9aec8344d2a63,1024,1536,1.0,0.741211,0.958333,0.524902,0.489583,1200,1200,1.0
1402,BREI-WWNX82310E51B1S2,Breitling,Breitling Professional Endurance Pro Chronograph Black Dial Rubber Strap Men's Watch X82310E51B1S2,brand-prefix-exact,WWNX82310E51B1S2,watches-only/BREI-WWNX82310E51B1S2.png,product-shots/BREI-WWNX82310E51B1S2/main.jpg,https://raw.githubusercontent.com/AveryArtlife/gembreak-images/main/watches-only/BREI-WWNX82310E51B1S2.png,,pass,pass,,True,f69d774f0597273c78f0b5836d16b00fa198a3511ae2aaf3cbadef5392406870,1024,1536,1.0,0.835938,0.906901,0.5,0.500326,1200,1200,1.0
1403,LONG-WWNL3.812.4.63.6,Longines,Longines Spirit Zulu Time Automatic Grey Dial Stainless Steel Men's Watch L3.812.4.63.6,brand-prefix-exact,WWNL3.812.4.63.6,watches-only/LONG-WWNL3.812.4.63.6.png,product-shots/LONG-WWNL3.812.4.63.6/main.jpg,https://raw.githubusercontent.com/AveryArtlife/gembreak-images/main/watches-only/LONG-WWNL3.812.4.63.6.png,,pass,pass,,True,e39ae82280fad15f7540e4359bd68a27a0858396c6696dbf672bc05ed5761864,1024,1536,1.0,0.764648,0.907552,0.499512,0.5,1200,1200,1.0
1404,OMEG-WWN434.10.30.60.02.001,Omega,Omega De Ville Prestige Quartz 30mm Rose Dial Stainless Steel Women's Watch 434.10.30.60.02.001,brand-prefix-exact,WWN434.10.30.60.02.001,watches-only/OMEG-WWN434.10.30.60.02.001.png,product-shots/OMEG-WWN434.10.30.60.02.001/main.jpg,https://raw.githubusercontent.com/AveryArtlife/gembreak-images/main/watches-only/OMEG-WWN434.10.30.60.02.001.png,,pass,pass,,True,45ab451241954569b0177776ac98e222d16b1aef6b62ca0be609abe219068818,1024,1536,1.0,0.677734,0.908203,0.499023,0.499674,1200,1200,1.0
1405,LONG-WWNL1.649.4.72.6,Longines,Longines Conquest Heritage Automatic Silver Dial Stainless Steel Men's Watch L1.649.4.72.6,brand-prefix-exact,WWNL1.649.4.72.6,watches-only/LONG-WWNL1.649.4.72.6.png,product-shots/LONG-WWNL1.649.4.72.6/main.jpg,https://raw.githubusercontent.com/AveryArtlife/gembreak-images/main/watches-only/LONG-WWNL1.649.4.72.6.png,,pass,pass,,True,d5b4539bfd33061c4050f31c3722715dd4c0f6ae539652808de4d871c3710530,1024,1536,1.0,0.786133,0.908854,0.499512,0.5,1200,1200,1.0
1406,LONG-W2121,Longines,Longines Mens La Grande Classique De Longines Automatic 36MM,brand-prefix-exact,W2121,watches-only/LONG-W2121.png,product-shots/LONG-W2121/main.jpg,https://raw.githubusercontent.com/AveryArtlife/gembreak-images/main/watches-only/LONG-W2121.png,,pass,pass,,True,ed2fc8cb6f232b149bfa53ac12f7e1e1b731d11bfe947d48f2ad4410a69b3c63,1024,1536,1.0,0.826172,0.96224,0.524414,0.5,1200,1200,1.0
1407,LONG-WWNL3.774.4.70.2,Longines,Longines Legend Diver Automatic Grey Dial Nylon Strap Men's Watch L3.774.4.70.2,brand-prefix-exact,WWNL3.774.4.70.2,watches-only/LONG-WWNL3.774.4.70.2.png,product-shots/LONG-WWNL3.774.4.70.2/main.jpg,https://raw.githubusercontent.com/AveryArtlife/gembreak-images/main/watches-only/LONG-WWNL3.774.4.70.2.png,,pass,pass,,True,47768c18bd52d592109d4d96eeb4d73c9295a578214ca1f96a1057e8d521bb4f,1024,1536,1.0,0.712891,0.906901,0.5,0.500326,1200,1200,1.0
1408,LONG-WWNL8.124.4.87.6,Longines,Longines Primaluna Automatic White Mother of Pearl Diamond Dial Steel Women's Watch L8.124.4.87.6,brand-prefix-exact,WWNL8.124.4.87.6,watches-only/LONG-WWNL8.124.4.87.6.png,product-shots/LONG-WWNL8.124.4.87.6/main.jpg,https://raw.githubusercontent.com/AveryArtlife/gembreak-images/main/watches-only/LONG-WWNL8.124.4.87.6.png,,pass,pass,,True,0ac3d79b51c303635f32247a3e28f23072311a51ff3690da2646b670159cc683,1024,1536,1.0,0.78418,0.908203,0.499512,0.500326,1200,1200,1.0
1409,LONG-WWNL3.811.4.73.6,Longines,Longines Spirit Automatic Ivory Dial Stainless Steel Men's Watch L3.811.4.73.6,brand-prefix-exact,WWNL3.811.4.73.6,watches-only/LONG-WWNL3.811.4.73.6.png,product-shots/LONG-WWNL3.811.4.73.6/main.jpg,https://raw.githubusercontent.com/AveryArtlife/gembreak-images/main/watches-only/LONG-WWNL3.811.4.73.6.png,,pass,pass,,True,4c687e58f0157a8c3f1ec10a4a00031d4aac4234c3d5c114e9adf3164c159f0c,1024,1536,1.0,0.806641,0.906901,0.5,0.500326,1200,1200,1.0
1410,LONG-WWNL2.827.4.73.0,Longines,Longines Heritage Chronograph Automatic Silver Dial Leather Strap Men's Watch L2.827.4.73.0,brand-prefix-exact,WWNL2.827.4.73.0,watches-only/LONG-WWNL2.827.4.73.0.png,product-shots/LONG-WWNL2.827.4.73.0/main.jpg,https://raw.githubusercontent.com/AveryArtlife/gembreak-images/main/watches-only/LONG-WWNL2.827.4.73.0.png,,pass,pass,,True,31b1fc76538f46a19e1cf16405dd3ee8feee8ff3cd3b288410007fbae504dc7e,1024,1536,1.0,0.822266,0.907552,0.5,0.5,1200,1200,1.0
1411,BREI-WWNX83310D41B1S1,Breitling,Breitling Endurance Pro 38 Chronograph Black Dial Rubber Strap Unisex Watch X83310D41B1S1,brand-prefix-exact,WWNX83310D41B1S1,watches-only/BREI-WWNX83310D41B1S1.png,product-shots/BREI-WWNX83310D41B1S1/main.jpg,https://raw.githubusercontent.com/AveryArtlife/gembreak-images/main/watches-only/BREI-WWNX83310D41B1S1.png,,pass,pass,,True,f4fa5dc709dede391708f3acad5c1d8a1259cab06a75883eb1a642e6b239ffc3,1024,1536,1.0,0.861328,0.906901,0.5,0.500326,1200,1200,1.0
1412,LONG-WW672,Longines,Longines Conquest V.h.p Quartz Ss 43MM Blue Dial Men's Watch,brand-prefix-exact,WW672,watches-only/LONG-WW672.png,product-shots/LONG-WW672/main.jpg,https://raw.githubusercontent.com/AveryArtlife/gembreak-images/main/watches-only/LONG-WW672.png,,pass,pass,,True,eb0201b387d6bde1098d2452ce09cfe6ee1190d7f141bbb1ebbe8d8330109b81,1024,1536,1.0,0.780273,0.861328,0.500488,0.499674,1200,1200,1.0
1413,LONG-WW480,Longines,Longines La Grande Classique 36MM Silver Dial Unisex Watch,brand-prefix-exact,WW480,watches-only/LONG-WW480.png,product-shots/LONG-WW480/main.jpg,https://raw.githubusercontent.com/AveryArtlife/gembreak-images/main/watches-only/LONG-WW480.png,,pass,pass,,True,809d4cc4aeff68e76c3400e95e46cf65e46130440bd86c0481f3491a36510e79,1024,1536,1.0,0.779297,0.911458,0.5,0.5,1200,1200,1.0
1414,LONG-WWNL4.974.3.37.7,Longines,Longines Flagship Automatic Gold Tone Diamond Dial Yellow Gold PVD Steel Unisex Watch L4.974.3.37.7,brand-prefix-exact,WWNL4.974.3.37.7,watches-only/LONG-WWNL4.974.3.37.7.png,product-shots/LONG-WWNL4.974.3.37.7/main.jpg,https://raw.githubusercontent.com/AveryArtlife/gembreak-images/main/watches-only/LONG-WWNL4.974.3.37.7.png,,pass,pass,,True,6ce8cbed7679fb06f38cbd4df6b36e7b0cc99c39397f18c9c90c3ee5de147005,1024,1536,1.0,0.662109,0.907552,0.5,0.5,1200,1200,1.0
1415,LONG-WWNL8.111.4.87.6,Longines,Longines Primaluna Automatic 26.5mm White Mother of Pearl Diamond Dial Steel Women's Watch L8.111.4.87.6,brand-prefix-exact,WWNL8.111.4.87.6,watches-only/LONG-WWNL8.111.4.87.6.png,product-shots/LONG-WWNL8.111.4.87.6/main.jpg,https://raw.githubusercontent.com/AveryArtlife/gembreak-images/main/watches-only/LONG-WWNL8.111.4.87.6.png,,pass,pass,,True,3ff8dc27a27d544d53c88cd0e7b9eefd080e563ea36d5278e4249ffb75bea865,1024,1536,1.0,0.670898,0.906901,0.499512,0.499674,1200,1200,1.0
1416,LONG-WWNL4.911.4.77.6,Longines,Longines Elegant Collection Silver Diamond Dial Steel Women's Watch L4.911.4.77.6,brand-prefix-exact,WWNL4.911.4.77.6,watches-only/LONG-WWNL4.911.4.77.6.png,product-shots/LONG-WWNL4.911.4.77.6/main.jpg,https://raw.githubusercontent.com/AveryArtlife/gembreak-images/main/watches-only/LONG-WWNL4.911.4.77.6.png,,pass,pass,,True,c111cf351a424ae6887b0a2cbbf607cf13596671b5be27208ff37c2e625ff4d2,1024,1536,1.0,0.798828,0.906901,0.5,0.500326,1200,1200,1.0
1417,LONG-W1534,Longines,LONGINES Flagship SS 38.5MM Automatic Men's Watch L48994216 / L4.8,brand-prefix-exact,W1534,watches-only/LONG-W1534.png,product-shots/LONG-W1534/main.jpg,https://raw.githubusercontent.com/AveryArtlife/gembreak-images/main/watches-only/LONG-W1534.png,,pass,pass,,True,49780a94ae1602a7818d620d2e47beec838976826b23a00fa51c078880001e27,1024,1536,1.0,0.78125,0.911458,0.500977,0.5,1200,1200,1.0
1418,LONG-W1462,Longines,LONGINES Conquest Classic 36MM MOP Dial Women's Watch L2.387.0.87.,brand-prefix-exact,W1462,watches-only/LONG-W1462.png,product-shots/LONG-W1462/main.jpg,https://raw.githubusercontent.com/AveryArtlife/gembreak-images/main/watches-only/LONG-W1462.png,,pass,pass,,True,2e909c0302069e2df58c40e7b77dd1bbc6c75cff6582feda44a609e45054529c,1024,1536,1.0,0.569336,0.888021,0.52002,0.488932,1200,1200,1.0
1419,LONG-WWNL3.374.4.30.2,Longines,Longines Legend Diver Automatic Beige Dial Fabric Strap Unisex Watch L3.374.4.30.2,brand-prefix-exact,WWNL3.374.4.30.2,watches-only/LONG-WWNL3.374.4.30.2.png,product-shots/LONG-WWNL3.374.4.30.2/main.jpg,https://raw.githubusercontent.com/AveryArtlife/gembreak-images/main/watches-only/LONG-WWNL3.374.4.30.2.png,,pass,pass,,True,3a5559338ba036406f1dc4866c100aaf7654b055c57a5c770c9c3e78c2d18637,1024,1536,1.0,0.722656,0.908854,0.5,0.5,1200,1200,1.0
1420,LONG-WWNL2.708.4.78.3,Longines,Longines Master Power Reserve Automatic Silver Dial Leather Strap Men's Watch L2.708.4.78.3,brand-prefix-exact,WWNL2.708.4.78.3,watches-only/LONG-WWNL2.708.4.78.3.png,product-shots/LONG-WWNL2.708.4.78.3/main.jpg,https://raw.githubusercontent.com/AveryArtlife/gembreak-images/main/watches-only/LONG-WWNL2.708.4.78.3.png,,pass,pass,,True,38db805013384e7822ad5da277d480c9c284b5b005abc94c34689a8244c19c29,1024,1536,1.0,0.740234,0.906901,0.5,0.500326,1200,1200,1.0
1421,LONG-W1427,Longines,LONGINES Symphonette Quartz Oval Women's Watch L2.306.4.71.6 / L23,brand-prefix-exact,W1427,watches-only/LONG-W1427.png,product-shots/LONG-W1427/main.jpg,https://raw.githubusercontent.com/AveryArtlife/gembreak-images/main/watches-only/LONG-W1427.png,,pass,pass,,True,70fc6e34e15e50ab62e3c409ffd16a284dae45f2f25f2b878be2ce96f15b0efa,1024,1536,1.0,0.78125,0.911458,0.5,0.5,1200,1200,1.0
1422,LONG-WWNL5.255.4.71.5,Longines,Longines DolceVita Quartz Silver Dial Leather Strap Women's Watch L5.255.4.71.5,brand-prefix-exact,WWNL5.255.4.71.5,watches-only/LONG-WWNL5.255.4.71.5.png,product-shots/LONG-WWNL5.255.4.71.5/main.jpg,https://raw.githubusercontent.com/AveryArtlife/gembreak-images/main/watches-only/LONG-WWNL5.255.4.71.5.png,,pass,pass,,True,c428e30a7c5ee9efe86a8fc01e63a691f6c2c2988f3f271e52b65d676d8cdcb7,1024,1536,1.0,0.485352,0.907552,0.499512,0.5,1200,1200,1.0
1423,LONG-W1313,Longines,LONGINES Symphonette Quartz SS 29MM Silver Dial Women's Watch L2.3,brand-prefix-exact,W1313,watches-only/LONG-W1313.png,product-shots/LONG-W1313/main.jpg,https://raw.githubusercontent.com/AveryArtlife/gembreak-images/main/watches-only/LONG-W1313.png,,pass,pass,,True,3b34385204afbb31511d7f36abf99258bc40e913d4a70f619aebe8b77f7cd9f5,1024,1536,1.0,0.78125,0.911458,0.5,0.5,1200,1200,1.0
1424,LONG-WWNL4.825.4.52.0,Longines,Longines The Longines 1832 Classic Automatic Black Dial Leather Strap Men's Watch L4.825.4.52.0,brand-prefix-exact,WWNL4.825.4.52.0,watches-only/LONG-WWNL4.825.4.52.0.png,product-shots/LONG-WWNL4.825.4.52.0/main.jpg,https://raw.githubusercontent.com/AveryArtlife/gembreak-images/main/watches-only/LONG-WWNL4.825.4.52.0.png,,pass,pass,,True,808a99d939297aa652f299bbddce5f301ab9900d6a969911fbc919e8d6d8dc9c,1024,1536,1.0,0.754883,0.907552,0.500488,0.5,1200,1200,1.0
1425,LONG-WWNL8.116.4.71.6,Longines,Longines Primaluna Moonphase Ivory Dial Stainless Steel Women's Watch L8.116.4.71.6,brand-prefix-exact,WWNL8.116.4.71.6,watches-only/LONG-WWNL8.116.4.71.6.png,product-shots/LONG-WWNL8.116.4.71.6/main.jpg,https://raw.githubusercontent.com/AveryArtlife/gembreak-images/main/watches-only/LONG-WWNL8.116.4.71.6.png,,pass,pass,,True,3b33a2beaf7c0812af53b5139f0e90b18ce0f7242388eebad57a1354c4d21453,1024,1536,1.0,0.754883,0.907552,0.499512,0.5,1200,1200,1.0
1426,LONG-WWNL6.141.4.71.6,Longines,Longines Equestrian Silver Roman Dial Stainless Steel  Women's Watch L6.141.4.71.6,brand-prefix-exact,WWNL6.141.4.71.6,watches-only/LONG-WWNL6.141.4.71.6.png,product-shots/LONG-WWNL6.141.4.71.6/main.jpg,https://raw.githubusercontent.com/AveryArtlife/gembreak-images/main/watches-only/LONG-WWNL6.141.4.71.6.png,,pass,pass,,True,b8b247a97fe9b7d5066bd45139d7a95ec4d51462da216860cd55fa23e94c4ee1,1024,1536,1.0,0.535156,0.908203,0.5,0.499674,1200,1200,1.0
1427,LONG-W1546,Longines,LONGINES Presence 35MM AUTO Stainless Steel Men's Watch L48214116,brand-prefix-exact,W1546,watches-only/LONG-W1546.png,product-shots/LONG-W1546/main.jpg,https://raw.githubusercontent.com/AveryArtlife/gembreak-images/main/watches-only/LONG-W1546.png,,pass,pass,,True,d703070cf5a75f52f87a1a4c0b21061d8c3cfe6e49c8db61e1319d9fc2d2388f,1024,1536,1.0,0.782227,0.911458,0.500488,0.5,1200,1200,1.0
1428,LONG-WW758,Longines,Longines Conquest Quartz Ss 43MM Black Lthr Men's Watch,brand-prefix-exact,WW758,watches-only/LONG-WW758.png,product-shots/LONG-WW758/main.jpg,https://raw.githubusercontent.com/AveryArtlife/gembreak-images/main/watches-only/LONG-WW758.png,,pass,pass,,True,e7d12e7ca88ff82a3b3ea6ad722a8ff2f069cfcb233217fab832bc8da665caa0,571,936,1.0,0.898424,0.935897,0.5,0.5,1200,1200,1.0
1429,LONG-W1474,Longines,Longines Conquest Quartz Ss 43MM Black Lthr Men's Watch,brand-prefix-exact,W1474,watches-only/LONG-W1474.png,product-shots/LONG-W1474/main.jpg,https://raw.githubusercontent.com/AveryArtlife/gembreak-images/main/watches-only/LONG-W1474.png,,pass,pass,,True,ebd488b94164e9d301460ada0fd86d664c2ee34b1e4145250d46d9673d899f10,1024,1536,1.0,0.839844,0.970052,0.509766,0.496745,1200,1200,1.0
1430,CART-W62025V3,Cartier,Roadster — SS ROAD39-SLV ROM-BRC,exact-existing,,watches-only/CART-W62025V3.png,product-shots/CART-W62025V3/main.jpg,https://raw.githubusercontent.com/AveryArtlife/gembreak-images/main/watches-only/CART-W62025V3.png,,pass,pass,,True,ea18a2495f91634fa8071c6726572011bfaa39f02ade361d731c3b2488c6b286,2048,2048,1.0,0.553711,0.945312,0.5,0.5,1200,1200,1.0
1431,CART-W7100015,Cartier,Calibre De Cartier — SS CALIBRE42-SILV ROMIX-BRAC,exact-existing,,watches-only/CART-W7100015.png,product-shots/CART-W7100015/main.jpg,https://raw.githubusercontent.com/AveryArtlife/gembreak-images/main/watches-only/CART-W7100015.png,,pass,pass,,True,45d2a2b9df31b1637a0376d5b75e663505e8aae4ea5231aac6ad894c48925063,2048,2048,1.0,0.544922,0.945312,0.5,0.5,1200,1200,1.0
1432,LONG-WWNL3.830.4.62.6,Longines,Longines Conquest Automatic Brown Dial Stainless Steel Men's Watch L3.830.4.62.6,brand-prefix-exact,WWNL3.830.4.62.6,watches-only/LONG-WWNL3.830.4.62.6.png,product-shots/LONG-WWNL3.830.4.62.6/main.jpg,https://raw.githubusercontent.com/AveryArtlife/gembreak-images/main/watches-only/LONG-WWNL3.830.4.62.6.png,,pass,pass,,True,df71e2c92e9512f88ee0a093078ff7f5af7b6ff712024af4610854cbd6882a14,1024,1536,1.0,0.797852,0.90625,0.499512,0.5,1200,1200,1.0
1433,LONG-WWNL3.812.4.63.2,Longines,Longines Spirit Zulu Time Grey Dial Leather Strap Men's Watch L3.812.4.63.2,brand-prefix-exact,WWNL3.812.4.63.2,watches-only/LONG-WWNL3.812.4.63.2.png,product-shots/LONG-WWNL3.812.4.63.2/main.jpg,https://raw.githubusercontent.com/AveryArtlife/gembreak-images/main/watches-only/LONG-WWNL3.812.4.63.2.png,,pass,pass,,True,fb7e2489dc1817a4831fd2509919ba9a099a64ab25e08cd4f1e4e57c15e2298f,1024,1536,1.0,0.771484,0.908203,0.5,0.500326,1200,1200,1.0
1434,LONG-WWNL3.811.4.93.0,Longines,Longines Spirit Automatic 42mm Blue Dial Leather Strap Men's Watch L3.811.4.93.0,brand-prefix-exact,WWNL3.811.4.93.0,watches-only/LONG-WWNL3.811.4.93.0.png,product-shots/LONG-WWNL3.811.4.93.0/main.jpg,https://raw.githubusercontent.com/AveryArtlife/gembreak-images/main/watches-only/LONG-WWNL3.811.4.93.0.png,,pass,pass,,True,16793ec38164eb03f12d739e314ff3bbc150abe1846fa4720e87c236a834e3dc,1024,1536,1.0,0.723633,0.906901,0.500488,0.500326,1200,1200,1.0
1435,LONG-WWNL3.781.4.96.6,Longines,Longines HydroConquest Automatic 41mm Blue Dial Stainless Steel Men's Watch L3.781.4.96.6,brand-prefix-exact,WWNL3.781.4.96.6,watches-only/LONG-WWNL3.781.4.96.6.png,product-shots/LONG-WWNL3.781.4.96.6/main.jpg,https://raw.githubusercontent.com/AveryArtlife/gembreak-images/main/watches-only/LONG-WWNL3.781.4.96.6.png,,pass,pass,,True,943aada0cc409403fd20d5e3d8e5f15cacd80e08d3ce966e7b214292a4aeeef8,1024,1536,1.0,0.78125,0.906901,0.499023,0.499674,1200,1200,1.0
1436,LONG-WWNL3.410.4.93.0,Longines,Longines Spirit Automatic Blue Dial Leather Strap Men's Watch L3.410.4.93.0,brand-prefix-exact,WWNL3.410.4.93.0,watches-only/LONG-WWNL3.410.4.93.0.png,product-shots/LONG-WWNL3.410.4.93.0/main.jpg,https://raw.githubusercontent.com/AveryArtlife/gembreak-images/main/watches-only/LONG-WWNL3.410.4.93.0.png,,pass,pass,,True,8789f1ab3b00f8e50d0f15c7d982d94ff66282bef1067ea9c0229c53764ef31a,1024,1536,1.0,0.773438,0.907552,0.5,0.5,1200,1200,1.0
1437,LONG-WWNL3.810.4.03.2,Longines,Longines Spirit Automatic Green Dial Leather Strap Men's Watch L3.810.4.03.2,brand-prefix-exact,WWNL3.810.4.03.2,watches-only/LONG-WWNL3.810.4.03.2.png,product-shots/LONG-WWNL3.810.4.03.2/main.jpg,https://raw.githubusercontent.com/AveryArtlife/gembreak-images/main/watches-only/LONG-WWNL3.810.4.03.2.png,,pass,pass,,True,44ebeebd7c8795f0e284ffa709dcbeb5f8504c1ddb2217ef0e6962058db44dc1,1024,1536,1.0,0.772461,0.906901,0.499512,0.499674,1200,1200,1.0
1438,LONG-WWNL3.410.4.63.2,Longines,Longines Spirit Automatic Champagne Dial Leather Strap Men's Watch L3.410.4.63.2,brand-prefix-exact,WWNL3.410.4.63.2,watches-only/LONG-WWNL3.410.4.63.2.png,product-shots/LONG-WWNL3.410.4.63.2/main.jpg,https://raw.githubusercontent.com/AveryArtlife/gembreak-images/main/watches-only/LONG-WWNL3.410.4.63.2.png,,pass,pass,,True,f0eada5b22f671e670a81823b3d72794e5048903898e903f1b427e5638bc7dbc,1024,1536,1.0,0.766602,0.908854,0.499512,0.5,1200,1200,1.0
1439,LONG-WWNL2.816.4.53.2,Longines,Longines Heritage Avigation Big Eye Chronograph Black Dial Leather Strap Men's Watch L2.816.4.53.2,brand-prefix-exact,WWNL2.816.4.53.2,watches-only/LONG-WWNL2.816.4.53.2.png,product-shots/LONG-WWNL2.816.4.53.2/main.jpg,https://raw.githubusercontent.com/AveryArtlife/gembreak-images/main/watches-only/LONG-WWNL2.816.4.53.2.png,,pass,pass,,True,c302832c3acff97256deb5c72921b9e94d2a4f370719fcb0b95b0fc7d2b96ac4,1024,1536,1.0,0.75,0.908203,0.5,0.499674,1200,1200,1.0
1440,LONG-WWNL4.274.0.87.6,Longines,Longines Flagship Automatic Mother of Pearl Diamond  Women's Watch L4.274.0.87.6,brand-prefix-exact,WWNL4.274.0.87.6,watches-only/LONG-WWNL4.274.0.87.6.png,product-shots/LONG-WWNL4.274.0.87.6/main.jpg,https://raw.githubusercontent.com/AveryArtlife/gembreak-images/main/watches-only/LONG-WWNL4.274.0.87.6.png,,pass,pass,,True,d48ce55635ef3cb32577463672219e744ae799d061877649dde82bc918a00404,1024,1536,1.0,0.642578,0.907552,0.5,0.5,1200,1200,1.0
1441,LONG-WWNL2.828.4.53.2,Longines,Longines Heritage Classic Black Dial Leather Strap Men's Watch L2.828.4.53.2,brand-prefix-exact,WWNL2.828.4.53.2,watches-only/LONG-WWNL2.828.4.53.2.png,product-shots/LONG-WWNL2.828.4.53.2/main.jpg,https://raw.githubusercontent.com/AveryArtlife/gembreak-images/main/watches-only/LONG-WWNL2.828.4.53.2.png,,pass,pass,,True,b39792af84e704b48f1d233a53bf8836f7d060feab586dca7ac6d3de7ecfc07c,1024,1536,1.0,0.78125,0.911458,0.5,0.5,1200,1200,1.0
1442,LONG-WWNL3.374.4.40.2,Longines,Longines Legend Diver Automatic Burgundy Dial Fabric Strap Unisex Watch L3.374.4.40.2,brand-prefix-exact,WWNL3.374.4.40.2,watches-only/LONG-WWNL3.374.4.40.2.png,product-shots/LONG-WWNL3.374.4.40.2/main.jpg,https://raw.githubusercontent.com/AveryArtlife/gembreak-images/main/watches-only/LONG-WWNL3.374.4.40.2.png,,pass,pass,,True,5afc4da1178921c135368a065ba09d086ed94850b370ba7b6d9de9d7818fd7d8,1024,1536,1.0,0.798828,0.911458,0.5,0.5,1200,1200,1.0
1443,LONG-W1380,Longines,Longines Symphonette MOP Diamond Dial Women's Watch L2.305.4.87.0,brand-prefix-exact,W1380,watches-only/LONG-W1380.png,product-shots/LONG-W1380/main.jpg,https://raw.githubusercontent.com/AveryArtlife/gembreak-images/main/watches-only/LONG-W1380.png,,pass,pass,,True,359a366a76ecc17b3e67344730022672a48190331bfe98daa85f6a8f58e716dc,1024,1536,1.0,0.78125,0.911458,0.5,0.5,1200,1200,1.0
1444,LONG-W1325,Longines,LONGINES DolceVita Quartz SS 20MM Blue Dial Women's Watch L5.255.4,brand-prefix-exact,W1325,watches-only/LONG-W1325.png,product-shots/LONG-W1325/main.jpg,https://raw.githubusercontent.com/AveryArtlife/gembreak-images/main/watches-only/LONG-W1325.png,,pass,pass,,True,aae1ca7ec4e0e9bc4bdca34e60ba6c06d32d527fdd008f3dba1f89deb23885e0,1024,1536,1.0,0.780273,0.911458,0.499512,0.5,1200,1200,1.0
1445,LONG-W1521,Longines,LONGINES HydroConquest AUTO 43MM Gray Dial Rubber Men's Watch L3.7,brand-prefix-exact,W1521,watches-only/LONG-W1521.png,product-shots/LONG-W1521/main.jpg,https://raw.githubusercontent.com/AveryArtlife/gembreak-images/main/watches-only/LONG-W1521.png,,pass,pass,,True,9b3efd2c7fda85665598f8ca863ab6a52002d7234653999b97a1553a688f44e4,1024,1536,1.0,0.746094,0.941406,0.519531,0.494792,1200,1200,1.0
1446,LONG-W1541,Longines,LONGINES HydroConquest Quartz 41MM Black Dial SS Men's Watch L3.74,brand-prefix-exact,W1541,watches-only/LONG-W1541.png,product-shots/LONG-W1541/main.jpg,https://raw.githubusercontent.com/AveryArtlife/gembreak-images/main/watches-only/LONG-W1541.png,,pass,pass,,True,404497404fded6518a29d9abd32bf6a60e33c87b8af6b49cc069062481e85862,1024,1536,1.0,0.681641,0.857422,0.527344,0.460612,1200,1200,1.0
1447,LONG-W1327,Longines,LONGINES Lyre Automatic 38.5MM Champagne Dial Men's Watch L4.960.2,brand-prefix-exact,W1327,watches-only/LONG-W1327.png,product-shots/LONG-W1327/main.jpg,https://raw.githubusercontent.com/AveryArtlife/gembreak-images/main/watches-only/LONG-W1327.png,,pass,pass,,True,2605cfa26f2c97196bbd1295aabb83fbb7b5fc1e8f44b1cd1b83a206af1e157c,1024,1536,1.0,0.78125,0.911458,0.5,0.5,1200,1200,1.0
1448,LONG-W1545,Longines,LONGINES Flagship Automatic 36MM Unisex Watch L4.774.4.57.6,brand-prefix-exact,W1545,watches-only/LONG-W1545.png,product-shots/LONG-W1545/main.jpg,https://raw.githubusercontent.com/AveryArtlife/gembreak-images/main/watches-only/LONG-W1545.png,,pass,pass,,True,9d53a3b001e4aeb8880bc10b742635fb2e6ecdc1930e4b4edc2eec681f935764,420,900,1.0,0.988095,0.986667,0.50119,0.5,1200,1200,1.0
1449,LONG-W1309,Longines,LONGINES Flagship Automatic SS 38.5MM Black Dial Men's Watch L4.97,brand-prefix-exact,W1309,watches-only/LONG-W1309.png,product-shots/LONG-W1309/main.jpg,https://raw.githubusercontent.com/AveryArtlife/gembreak-images/main/watches-only/LONG-W1309.png,,pass,pass,,True,99afda65bfd10f36bdbf1a06b8a853824bdb4f3fbf54c1bfa6dc11ac2aa2d324,478,900,1.0,0.985356,1.0,0.498954,0.5,1200,1200,1.0
1450,LONG-WWNL2.821.4.96.4,Longines,Longines Record Blue Dial Blue Leather Strap Men's Watch L2.821.4.96.4,brand-prefix-exact,WWNL2.821.4.96.4,watches-only/LONG-WWNL2.821.4.96.4.png,product-shots/LONG-WWNL2.821.4.96.4/main.jpg,https://raw.githubusercontent.com/AveryArtlife/gembreak-images/main/watches-only/LONG-WWNL2.821.4.96.4.png,,pass,pass,,True,b59fd21ffc70fb4c9e661c2295c4ee216b461fb751d06af844f63794d81ba6b9,1024,1536,1.0,0.741211,0.90625,0.499512,0.5,1200,1200,1.0
1451,LONG-WWNL2.820.4.96.6,Longines,Longines Record Chronometer Automatic Blue Dial Stainless Steel Men's Watch L2.820.4.96.6,brand-prefix-exact,WWNL2.820.4.96.6,watches-only/LONG-WWNL2.820.4.96.6.png,product-shots/LONG-WWNL2.820.4.96.6/main.jpg,https://raw.githubusercontent.com/AveryArtlife/gembreak-images/main/watches-only/LONG-WWNL2.820.4.96.6.png,,pass,pass,,True,789c5c2ab5f812f73fcf8d1193b9c0974aafa52efc8eec86135990161c32fb72,1024,1536,1.0,0.758789,0.907552,0.499512,0.5,1200,1200,1.0
1452,BREI-AB01342B1CBA1,Breitling,SS CHRMT B01 NFL TEXANS 42-DK BLUE IX-SLV SUBS-RLX BRC,exact-existing,,watches-only/BREI-AB01342B1CBA1.png,product-shots/BREI-AB01342B1CBA1/main.jpg,https://raw.githubusercontent.com/AveryArtlife/gembreak-images/main/watches-only/BREI-AB01342B1CBA1.png,,pass,pass,,True,2bed2695f22476ca81f673196025239c632ad6fcb842cd4f3271a999788ceda4,2048,2048,1.0,0.591309,0.945312,0.499756,0.5,1200,1200,1.0
1453,BREI-AB01342B1K2A1,Breitling,SS CHRMT B01 NFL RAVENS 42-PURP IX-SLV SUBS-RLX BRC,exact-existing,,watches-only/BREI-AB01342B1K2A1.png,product-shots/BREI-AB01342B1K2A1/main.jpg,https://raw.githubusercontent.com/AveryArtlife/gembreak-images/main/watches-only/BREI-AB01342B1K2A1.png,,pass,pass,,True,9d83950dec7ef6de4226a0f268dbf0a47d5c1ee8125e78332f4395780b18b293,2048,2048,1.0,0.590332,0.945312,0.500244,0.5,1200,1200,1.0
1454,BREI-AB01342B1K3A1,Breitling,SS CHRMT B01 NFL COMMAND 42-BURG IX-SLV SUBS-RLX BRC,exact-existing,,watches-only/BREI-AB01342B1K3A1.png,product-shots/BREI-AB01342B1K3A1/main.jpg,https://raw.githubusercontent.com/AveryArtlife/gembreak-images/main/watches-only/BREI-AB01342B1K3A1.png,,pass,pass,,True,e6b39479634133a7fe732ea72c772cf0175b48968e95aba0a2072b029e5de3cd,2048,2048,1.0,0.581543,0.945801,0.499756,0.499756,1200,1200,1.0
1455,BREI-AB01342B1K6A1,Breitling,SS CHRMT B01 NFL CARDINALS 42-RED IX-SLV SUBS-RLX BRC,exact-existing,,watches-only/BREI-AB01342B1K6A1.png,product-shots/BREI-AB01342B1K6A1/main.jpg,https://raw.githubusercontent.com/AveryArtlife/gembreak-images/main/watches-only/BREI-AB01342B1K6A1.png,,pass,pass,,True,222df125021f26bd345a68c1617dabd088b93cba7159c5ee400765650b40e2b9,2048,2048,1.0,0.580078,0.947754,0.5,0.501221,1200,1200,1.0
1456,BREI-AB01342B1O2A1,Breitling,SS CHRMT B01 NFL BRONCOS 42-ORG IX-SLV SUBS-RLX BRC,exact-existing,,watches-only/BREI-AB01342B1O2A1.png,product-shots/BREI-AB01342B1O2A1/main.jpg,https://raw.githubusercontent.com/AveryArtlife/gembreak-images/main/watches-only/BREI-AB01342B1O2A1.png,,pass,pass,,True,fb9370fe4717482b74b0c49079034d62b2bbb4beba31352ebf6cfc5852ec9258,2048,2048,1.0,0.623535,0.945312,0.499756,0.5,1200,1200,1.0
1457,IWC-IW3950-01,IWC,Pilots Watches — SS PILOT TIMEZONER CHR46-BLK-STRAP,exact-existing,,watches-only/IWC-IW3950-01.png,product-shots/IWC-IW3950-01/main.jpg,https://raw.githubusercontent.com/AveryArtlife/gembreak-images/main/watches-only/IWC-IW3950-01.png,,pass,pass,,True,907f6b572a612c0ab029717b4080c1c5aadd64f52ff62bcfda2dfdff25623704,2048,2048,1.0,0.620605,0.945801,0.500244,0.499756,1200,1200,1.0
1458,IWC-IW3297-01,IWC,Pilots Watches — TI BP SPITFIRE43-BLK DIAL-STRAP,exact-existing,,watches-only/IWC-IW3297-01.png,product-shots/IWC-IW3297-01/main.jpg,https://raw.githubusercontent.com/AveryArtlife/gembreak-images/main/watches-only/IWC-IW3297-01.png,,pass,pass,,True,eea3a2b47c7ae563d1ef5a8466ec81231ad31a285af8b32e17b20a60a56b47cc,2048,2048,1.0,0.552734,0.945312,0.5,0.5,1200,1200,1.0
1459,IWC-IW3795-05,IWC,Aquatimer — BLKrubSS AQ CHR LA CUMBRE 44-BLK IX-STRAP,exact-existing,,watches-only/IWC-IW3795-05.png,product-shots/IWC-IW3795-05/main.jpg,https://raw.githubusercontent.com/AveryArtlife/gembreak-images/main/watches-only/IWC-IW3795-05.png,,pass,pass,,True,2607d1d8adf185b32723e0ed3ffb19f7505ca8f171ab03e197adf5e37abc2707,2048,2048,1.0,0.67627,0.932129,0.499756,0.500244,1200,1200,1.0
1460,IWC-IW3914-05,IWC,Portofino — SS PORTOF CHR 39-GRN IX-STRAP,exact-existing,,watches-only/IWC-IW3914-05.png,product-shots/IWC-IW3914-05/main.jpg,https://raw.githubusercontent.com/AveryArtlife/gembreak-images/main/watches-only/IWC-IW3914-05.png,,pass,pass,,True,1411e48b04b29adff8b9ba0bba8284b6158c4c4af8513fd4d072b8ae704cb9c8,2048,2048,1.0,0.531738,0.945312,0.499756,0.5,1200,1200,1.0
1461,IWC-IW3780-01,IWC,Pilots Watches — SS PILOTS CHR 43-BLK IXNUM-STRAP,exact-existing,,watches-only/IWC-IW3780-01.png,product-shots/IWC-IW3780-01/main.jpg,https://raw.githubusercontent.com/AveryArtlife/gembreak-images/main/watches-only/IWC-IW3780-01.png,,pass,pass,,True,bb43665500e70068bb2634ebcda8b4737541610e99e81d5eb8d607c199a9504d,2048,2048,1.0,0.546875,0.945312,0.5,0.5,1200,1200,1.0
1462,IWC-IW3879-02,IWC,Pilots Watches — BRZ PILOT CHR SPTFIRE 41-GRN NUM-STRAP,exact-existing,,watches-only/IWC-IW3879-02.png,product-shots/IWC-IW3879-02/main.jpg,https://raw.githubusercontent.com/AveryArtlife/gembreak-images/main/watches-only/IWC-IW3879-02.png,,pass,pass,,True,2f96bbf1ad58d4fc7e8996c3219fdb5608fd82679716b82699e4f8d724e6a7df,2048,2048,1.0,0.575195,0.945312,0.5,0.5,1200,1200,1.0
1463,IWC-IW3583-05,IWC,Portugieser — SS PORTUG 40-BLUE NUM-STRAP,exact-existing,,watches-only/IWC-IW3583-05.png,product-shots/IWC-IW3583-05/main.jpg,https://raw.githubusercontent.com/AveryArtlife/gembreak-images/main/watches-only/IWC-IW3583-05.png,,pass,pass,,True,289facac5475d9cc8f87034e590d0682c132a0db1e281b1a8256db9ebe58e9a4,2048,2048,1.0,0.529297,0.946777,0.5,0.499756,1200,1200,1.0
1464,IWC-IW3910-23,IWC,Portofino — SS PORTOF CHR 150YRS 42-BLUE IXROM-STRAP,exact-existing,,watches-only/IWC-IW3910-23.png,product-shots/IWC-IW3910-23/main.jpg,https://raw.githubusercontent.com/AveryArtlife/gembreak-images/main/watches-only/IWC-IW3910-23.png,,pass,pass,,True,f57896ea9f8485a3bba53bccfe8555b7f5527940b09c160284e6addc5cbf139c,2048,2048,1.0,0.524902,0.945312,0.499756,0.5,1200,1200,1.0
1465,IWC-IW5001-09,IWC,Portugieser — SS PORTUG 7DAY-BLK NUM-STRAP,exact-existing,,watches-only/IWC-IW5001-09.png,product-shots/IWC-IW5001-09/main.jpg,https://raw.githubusercontent.com/AveryArtlife/gembreak-images/main/watches-only/IWC-IW5001-09.png,,pass,pass,,True,3016b380dbb945c64c0f496a078ac4c2ca8ff2f77ddbed60fa65d37e2ac2b92a,2048,2048,1.0,0.635254,0.947266,0.499756,0.500977,1200,1200,1.0
1466,IWC-IW5001-14,IWC,Portugieser — SS PORTUG 7 DAY 42.3-SLV NUM-STRAP,exact-existing,,watches-only/IWC-IW5001-14.png,product-shots/IWC-IW5001-14/main.jpg,https://raw.githubusercontent.com/AveryArtlife/gembreak-images/main/watches-only/IWC-IW5001-14.png,,pass,pass,,True,243ac7b084b6182331d06b5f6389c2a5c55d6249994d7cd743dbc33d2a30db76,2048,2048,1.0,0.579102,0.945312,0.5,0.5,1200,1200,1.0
1467,IWC-IW3878-06,IWC,Pilots Watches — SS PILOTS ST EXUP43-BRW NUM-SLV SUB-STRAP,exact-existing,,watches-only/IWC-IW3878-06.png,product-shots/IWC-IW3878-06/main.jpg,https://raw.githubusercontent.com/AveryArtlife/gembreak-images/main/watches-only/IWC-IW3878-06.png,,pass,pass,,True,35eb25d4885306540f1d4fb0bd139a162ed1a5ebf15d72503d826588335c9aa1,2048,2048,1.0,0.571777,0.945801,0.499756,0.500244,1200,1200,1.0
1468,IWC-IW5004-01,IWC,Pilots Watches — SS BIG PILOT 46-BLK IXNUM-STRAP,exact-existing,,watches-only/IWC-IW5004-01.png,product-shots/IWC-IW5004-01/main.jpg,https://raw.githubusercontent.com/AveryArtlife/gembreak-images/main/watches-only/IWC-IW5004-01.png,,pass,pass,,True,fe414ec1f465f04fcd7f1e78910b89ae625d0d73bcc75cdfd5688ad2d8b4b58c,2048,2048,1.0,0.64502,0.950195,0.499756,0.5,1200,1200,1.0
1469,IWC-IW3907-01,IWC,Portugieser — SS PORTG YC CHR 44.6-BLUE NUM-BRC,exact-existing,,watches-only/IWC-IW3907-01.png,product-shots/IWC-IW3907-01/main.jpg,https://raw.githubusercontent.com/AveryArtlife/gembreak-images/main/watches-only/IWC-IW3907-01.png,,pass,pass,,True,dc55eb84295694fe62d317ddd7157f645c598d697f2ec82bcb3ad99ba57bbde3,2048,2048,1.0,0.542969,0.945312,0.5,0.5,1200,1200,1.0
1470,IWC-IW3778-05,IWC,Pilots Watches — SS PILOTS DBL CHR PS ED46-GRY NUM-STRAP,exact-existing,,watches-only/IWC-IW3778-05.png,product-shots/IWC-IW3778-05/main.jpg,https://raw.githubusercontent.com/AveryArtlife/gembreak-images/main/watches-only/IWC-IW3778-05.png,,pass,pass,,True,1ccb0dba343c2497b5e4f056166f09f5e1ff32da856c10d6c881b13c0b864787,2048,2048,1.0,0.621582,0.945312,0.499756,0.5,1200,1200,1.0
1471,IWC-IW3777-26,IWC,Pilots Watches — SS PILOTS CHRONO43-GRN-TB,exact-existing,,watches-only/IWC-IW3777-26.png,product-shots/IWC-IW3777-26/main.jpg,https://raw.githubusercontent.com/AveryArtlife/gembreak-images/main/watches-only/IWC-IW3777-26.png,,pass,pass,,True,8c3ef7cb727ee3b24f34dfba71c1231ba96dd666233cd4d920069ad11a024677,2048,2048,1.0,0.593262,0.945312,0.500244,0.5,1200,1200,1.0
1472,LONG-W1300,Longines,LONGINES Lyre Automatic SS 35MM Blue Dial Unisex Watch L4.860.4.92,brand-prefix-exact,W1300,watches-only/LONG-W1300.png,product-shots/LONG-W1300/main.jpg,https://raw.githubusercontent.com/AveryArtlife/gembreak-images/main/watches-only/LONG-W1300.png,,pass,pass,,True,d7a7bbbf8b206dd963565994b05cda223f59455d67757437b2e51c9f22052e8b,440,900,1.0,0.986364,1.0,0.5,0.5,1200,1200,1.0
1473,LONG-WW647,Longines,LONGINES Lyre Automatic SS 35MM Blue Dial Unisex Watch L4.860.4.92,brand-prefix-exact,WW647,watches-only/LONG-WW647.png,product-shots/LONG-WW647/main.jpg,https://raw.githubusercontent.com/AveryArtlife/gembreak-images/main/watches-only/LONG-WW647.png,,pass,pass,,True,43fc8e8d7752a51db98dbe3c5e9e5c241028d9c55d3557109c8d94cddbcd9de6,1024,1536,1.0,0.780273,0.911458,0.499512,0.5,1200,1200,1.0
1474,LONG-W1434,Longines,LONGINES Flagship Automatic 30MM Women's Watch L4.374.4.92.6 / L43,brand-prefix-exact,W1434,watches-only/LONG-W1434.png,product-shots/LONG-W1434/main.jpg,https://raw.githubusercontent.com/AveryArtlife/gembreak-images/main/watches-only/LONG-W1434.png,,pass,pass,,True,21402ad72a1d8a6e1adf0407f5f7e018d27c43380c13e831fd3f07a48359e4ba,391,900,1.0,0.984655,0.992222,0.5,0.500556,1200,1200,1.0
1475,LONG-W1435,Longines,LONGINES Flagship Automatic Diamond 30MM Women's Watch L4.374.4.27,brand-prefix-exact,W1435,watches-only/LONG-W1435.png,product-shots/LONG-W1435/main.jpg,https://raw.githubusercontent.com/AveryArtlife/gembreak-images/main/watches-only/LONG-W1435.png,,pass,pass,,True,e6a27947a1b37757fa8e8b0d6d3fd9e916cfd83616ef5d58c109d9fddebfb0d1,389,900,1.0,0.984576,0.985556,0.5,0.499444,1200,1200,1.0
1476,LONG-W1461,Longines,LONGINES Conquest Classic 36MM Black Dial Women's Watch L2.387.0.5,brand-prefix-exact,W1461,watches-only/LONG-W1461.png,product-shots/LONG-W1461/main.jpg,https://raw.githubusercontent.com/AveryArtlife/gembreak-images/main/watches-only/LONG-W1461.png,,pass,pass,,True,36b2e9fd135be758991cbb19bc124bbf44b389011e5fc1416127f56f08b29866,1024,1536,1.0,0.613281,0.880859,0.526367,0.474935,1200,1200,1.0
1477,LONG-WW557,Longines,Longines Conquest Collection V.h.p. 43MM Men's Watch,brand-prefix-exact,WW557,watches-only/LONG-WW557.png,product-shots/LONG-WW557/main.jpg,https://raw.githubusercontent.com/AveryArtlife/gembreak-images/main/watches-only/LONG-WW557.png,,pass,pass,,True,faabbf5d395ca1ebebe39ddb6171712a33f212d26219741d3ce0d49c443c3639,1024,1536,1.0,0.78125,0.852865,0.5,0.5,1200,1200,1.0
1478,LONG-WW756,Longines,Longines Presence 38.5mm White Dial Leather Men's Watch,brand-prefix-exact,WW756,watches-only/LONG-WW756.png,product-shots/LONG-WW756/main.jpg,https://raw.githubusercontent.com/AveryArtlife/gembreak-images/main/watches-only/LONG-WW756.png,,pass,pass,,True,4ae1f51ba80a056a82886379a5dcf63040f08b5a842907a2e3826b1cc19e92c0,559,1000,1.0,0.9839,1.0,0.499106,0.5,1200,1200,1.0
1479,LONG-W1365,Longines,LONGINES DolceVita Automatic 27.7X 43.8 MM Black Leather Men's Wat,brand-prefix-exact,W1365,watches-only/LONG-W1365.png,product-shots/LONG-W1365/main.jpg,https://raw.githubusercontent.com/AveryArtlife/gembreak-images/main/watches-only/LONG-W1365.png,,pass,pass,,True,64baabe964f86e1d81635d80e340f3dfbccff4c8958cf9223616af02eb56f87c,326,900,1.0,0.981595,1.0,0.5,0.5,1200,1200,1.0
1480,LONG-W1497,Longines,LONGINES Record 38.5MM AUTO SS Blue Dial Men's Watch L28204966 / L,brand-prefix-exact,W1497,watches-only/LONG-W1497.png,product-shots/LONG-W1497/main.jpg,https://raw.githubusercontent.com/AveryArtlife/gembreak-images/main/watches-only/LONG-W1497.png,,pass,pass,,True,ddac0b1b7c8718951fb779322851ba0d2efd9952428353c66c312ce2598f979c,1024,1536,1.0,0.673828,0.910156,0.520508,0.48763,1200,1200,1.0
1481,LONG-W1478,Longines,LONGINES Record 38.5MM AUTO SS Blue Dial Men's Watch L28204966 / L,brand-prefix-exact,W1478,watches-only/LONG-W1478.png,product-shots/LONG-W1478/main.jpg,https://raw.githubusercontent.com/AveryArtlife/gembreak-images/main/watches-only/LONG-W1478.png,,pass,pass,,True,b0a81ef6813bb9f3646a84c988252661e349fdf6d2ab617e59375a908824f794,1024,1536,1.0,0.711914,0.934896,0.518066,0.496745,1200,1200,1.0
1482,LONG-W1335,Longines,LONGINES Evidenza Automatic 26MM Grey Dial Leather Women's Watch L,brand-prefix-exact,W1335,watches-only/LONG-W1335.png,product-shots/LONG-W1335/main.jpg,https://raw.githubusercontent.com/AveryArtlife/gembreak-images/main/watches-only/LONG-W1335.png,,pass,pass,,True,23d2aa17228f3679a07074566e08264dbf1526a7b50d3190a8063a698fb2a77c,1024,1536,1.0,0.546875,0.931641,0.519531,0.487956,1200,1200,1.0
1483,LONG-W1264,Longines,LONGINES Elegant Collection Automatic 41MM White Dial Leather Men',brand-prefix-exact,W1264,watches-only/LONG-W1264.png,product-shots/LONG-W1264/main.jpg,https://raw.githubusercontent.com/AveryArtlife/gembreak-images/main/watches-only/LONG-W1264.png,,pass,pass,,True,85e3a9a3d82fff955e593bb8c063170f32697fae42cb4bfbb9eb4e4203bf2235,520,900,1.0,0.944231,1.0,0.522115,0.5,1200,1200,1.0
1484,LONG-W1495,Longines,LONGINES La Grande Automatic SS 37MM Blue Dial Men's Watch L4.810.,brand-prefix-exact,W1495,watches-only/LONG-W1495.png,product-shots/LONG-W1495/main.jpg,https://raw.githubusercontent.com/AveryArtlife/gembreak-images/main/watches-only/LONG-W1495.png,,pass,pass,,True,40cc9e70def4ad90293cda31adf96d30ed1fbd1cd9fb136f53c77217a5cb2e26,1024,1536,1.0,0.648438,0.938802,0.518555,0.494141,1200,1200,1.0
1485,LONG-W1396,Longines,LONGINES Heritage Classic Automatic 38.5MM Tuxedo Men's Watch L2.3,brand-prefix-exact,W1396,watches-only/LONG-W1396.png,product-shots/LONG-W1396/main.jpg,https://raw.githubusercontent.com/AveryArtlife/gembreak-images/main/watches-only/LONG-W1396.png,,pass,pass,,True,4d76fd2b224dca6fc21eee0025f225625630976f5f4ff58314ca3a0b19fad14d,1024,1536,1.0,0.780273,0.882812,0.500488,0.5,1200,1200,1.0
1486,LONG-W1348,Longines,LONGINES Symphonette Quartz 21MM MOP Dial 18K Rose Gold Women's Wa,brand-prefix-exact,W1348,watches-only/LONG-W1348.png,product-shots/LONG-W1348/main.jpg,https://raw.githubusercontent.com/AveryArtlife/gembreak-images/main/watches-only/LONG-W1348.png,,pass,pass,,True,8b112e38c244fc4c0272ff3176af274a9eb76ac6fb665a9824352690ec73489d,1024,1536,1.0,0.78125,0.911458,0.5,0.5,1200,1200,1.0
1487,LONG-W1426,Longines,LONGINES Symphonette Quartz MOP 18K Rose Gold Women's Watch L2.306,brand-prefix-exact,W1426,watches-only/LONG-W1426.png,product-shots/LONG-W1426/main.jpg,https://raw.githubusercontent.com/AveryArtlife/gembreak-images/main/watches-only/LONG-W1426.png,,pass,pass,,True,1da17b5a95877291ebf02f83f820e0145ff12d0775e3c1adf1f0eccd2c829ecb,1024,1536,1.0,0.78125,0.911458,0.500977,0.5,1200,1200,1.0
1488,LONG-W1395,Longines,LONGINES Elegant Collection 13 Diamond 34.5MM Silver Unisex Watch,brand-prefix-exact,W1395,watches-only/LONG-W1395.png,product-shots/LONG-W1395/main.jpg,https://raw.githubusercontent.com/AveryArtlife/gembreak-images/main/watches-only/LONG-W1395.png,,pass,pass,,True,5bae3288aee0e2c32a67397801c8268347f4e58145236efc93bb6b8688398a57,1024,1536,1.0,0.780273,0.911458,0.500488,0.5,1200,1200,1.0
1489,LONG-W1266,Longines,LONGINES Evidenza Automatic 30MM Red Dial Leather Women's Watch L2,brand-prefix-exact,W1266,watches-only/LONG-W1266.png,product-shots/LONG-W1266/main.jpg,https://raw.githubusercontent.com/AveryArtlife/gembreak-images/main/watches-only/LONG-W1266.png,,pass,pass,,True,4c86bbbd134cf2d2f332e8a3905fc2fad796230e72d4ed7ce1f3e91c755375c4,1024,1536,1.0,0.791992,0.911458,0.500488,0.5,1200,1200,1.0
1490,LONG-W1265,Longines,LONGINES Evidenza Automatic 30MM Green Dial Leather Women's Watch,brand-prefix-exact,W1265,watches-only/LONG-W1265.png,product-shots/LONG-W1265/main.jpg,https://raw.githubusercontent.com/AveryArtlife/gembreak-images/main/watches-only/LONG-W1265.png,,pass,pass,,True,f3f402888bddd5907f6159b7e0d88a786d456f035cc9a9c5875091d359031f0a,1024,1536,1.0,0.78125,0.911458,0.5,0.5,1200,1200,1.0
1491,LONG-W1425,Longines,LONGINES Record Automatic 26MM 12 Diamond Leather Women's Watch L2,brand-prefix-exact,W1425,watches-only/LONG-W1425.png,product-shots/LONG-W1425/main.jpg,https://raw.githubusercontent.com/AveryArtlife/gembreak-images/main/watches-only/LONG-W1425.png,,pass,pass,,True,60dfc837892343896aef8de05e9e89c83b6893fe7e7b4b4e9f98d0f91d101376,1024,1536,1.0,0.614258,0.923177,0.52002,0.496745,1200,1200,1.0
1492,LONG-W1270,Longines,LONGINES Presence Automatic SS 38MM White Dial Men's Watch L4.904.,brand-prefix-exact,W1270,watches-only/LONG-W1270.png,product-shots/LONG-W1270/main.jpg,https://raw.githubusercontent.com/AveryArtlife/gembreak-images/main/watches-only/LONG-W1270.png,,pass,pass,,True,cb134802f560042483c9de02afafbe300432d7d2dc5a5990a5c9519d1244eed0,1024,1536,1.0,0.780273,0.911458,0.499512,0.5,1200,1200,1.0
1493,IWC-IW5001-07,IWC,Portugieser — SS PORTUG 7DAY 42.3MM-SLV -STRAP,exact-existing,,watches-only/IWC-IW5001-07.png,product-shots/IWC-IW5001-07/main.jpg,https://raw.githubusercontent.com/AveryArtlife/gembreak-images/main/watches-only/IWC-IW5001-07.png,,pass,pass,,True,f41300653455d0e997eb984eec59df868aa9cb056683c29602884791bd8fb032,2048,2048,1.0,0.614746,0.950195,0.499756,0.5,1200,1200,1.0
1494,IWC-IW3910-31,IWC,Portofino — SS PORTOF CHRONO42-SILV-STRAP,exact-existing,,watches-only/IWC-IW3910-31.png,product-shots/IWC-IW3910-31/main.jpg,https://raw.githubusercontent.com/AveryArtlife/gembreak-images/main/watches-only/IWC-IW3910-31.png,,pass,pass,,True,6a41915654feac50f9f8d8f5d2f12b22afea24047531ae7f1e7040480e6efbaf,2048,2048,1.0,0.564941,0.944824,0.499756,0.499756,1200,1200,1.0
1495,IWC-IW3574-08,IWC,Portofino — SS PORTOF 34-SLV PLAT IXROMDIA-STRAP,exact-existing,,watches-only/IWC-IW3574-08.png,product-shots/IWC-IW3574-08/main.jpg,https://raw.githubusercontent.com/AveryArtlife/gembreak-images/main/watches-only/IWC-IW3574-08.png,,pass,pass,,True,22bdc5f32bf73c43f59e550ef704e899333391174cea5de1b11dc1ad52a866bf,2048,2048,1.0,0.483398,0.945312,0.5,0.5,1200,1200,1.0
1496,IWC-IW3583-10,IWC,Portugieser — SS PORTUG 40-GRN NUM-STRAP,exact-existing,,watches-only/IWC-IW3583-10.png,product-shots/IWC-IW3583-10/main.jpg,https://raw.githubusercontent.com/AveryArtlife/gembreak-images/main/watches-only/IWC-IW3583-10.png,,pass,pass,,True,7737fe185216dfd90df7cdc3e17d27aedd65b1d447b8d39b1867f2dc8fd111b0,2048,2048,1.0,0.526367,0.945312,0.5,0.5,1200,1200,1.0
1497,IWC-IW3583-13,IWC,Portugieser — SS PORTUG AUTO 40-SALM NUM-STRAP,exact-existing,,watches-only/IWC-IW3583-13.png,product-shots/IWC-IW3583-13/main.jpg,https://raw.githubusercontent.com/AveryArtlife/gembreak-images/main/watches-only/IWC-IW3583-13.png,,pass,pass,,True,5ff75d7f53e229344b3a1d9e957804f650668c1c7e4a7802499f4c432367b5de,2048,2048,1.0,0.523926,0.946289,0.499756,0.499512,1200,1200,1.0
1498,IWC-IW3881-20,IWC,Pilots Watches — SS PILOT CHR LPP 31-BLUE NUM-STRAP,exact-existing,,watches-only/IWC-IW3881-20.png,product-shots/IWC-IW3881-20/main.jpg,https://raw.githubusercontent.com/AveryArtlife/gembreak-images/main/watches-only/IWC-IW3881-20.png,,pass,pass,,True,015b9491c65debb7eecbfd22842592e5a1831208d178b62c7b8b66983735ea5f,2048,2048,1.0,0.583008,0.945312,0.5,0.5,1200,1200,1.0
1499,CART-WR000251,Cartier,Ronde — WG RONDE29-SLV ROM-DIAM BEZ-STRAP,exact-existing,,watches-only/CART-WR000251.png,product-shots/CART-WR000251/main.jpg,https://raw.githubusercontent.com/AveryArtlife/gembreak-images/main/watches-only/CART-WR000251.png,,pass,pass,,True,19f16b34838976c579a84369eea81f4ad062f87aa6865bdda3475a835c986cfa,2048,2048,1.0,0.471191,0.945312,0.499756,0.5,1200,1200,1.0
1500,CART-W4BB0015,Cartier,Ballon Bleu — SS B.BLEU 28-SLV ROM-DIA BEZ-BRC,exact-existing,,watches-only/CART-W4BB0015.png,product-shots/CART-W4BB0015/main.jpg,https://raw.githubusercontent.com/AveryArtlife/gembreak-images/main/watches-only/CART-W4BB0015.png,,pass,pass,,True,a9b04fc4d4e288b87b0d964ab75a22bcdc840da5daab34ae228f49a3e3f45858,2048,2048,1.0,0.42334,0.945312,0.499756,0.5,1200,1200,1.0
1501,CART-W1011258,Cartier,Tank — SS TANK BASC36X24-SLV-STRAP,exact-existing,,watches-only/CART-W1011258.png,product-shots/CART-W1011258/main.jpg,https://raw.githubusercontent.com/AveryArtlife/gembreak-images/main/watches-only/CART-W1011258.png,,pass,pass,,True,ce99ba04734a95f5158bf0f37678f49924c367e85a912e9431cd65b0b09df946,2048,2048,1.0,0.375488,0.945312,0.499756,0.5,1200,1200,1.0
1502,CART-W2PA0009,Cartier,Pasha — SYG PASHA 41-SLV-BRC,exact-existing,,watches-only/CART-W2PA0009.png,product-shots/CART-W2PA0009/main.jpg,https://raw.githubusercontent.com/AveryArtlife/gembreak-images/main/watches-only/CART-W2PA0009.png,,pass,pass,,True,389b54569cbb9e349f1f5233dab2d1d5f168a8662f5687a72227578f5803a363,2048,2048,1.0,0.607422,0.945312,0.5,0.5,1200,1200,1.0
1503,CART-W2SA0017,Cartier,Santos — SRG SANTOS DUMONT 46X33-SLV ROM-RG BEZ-STRAP,exact-existing,,watches-only/CART-W2SA0017.png,product-shots/CART-W2SA0017/main.jpg,https://raw.githubusercontent.com/AveryArtlife/gembreak-images/main/watches-only/CART-W2SA0017.png,,pass,pass,,True,ebee45360a26dce639d2241eafdfa38bdf3a2ce6f6cf27ba64350789a462c8ba,2048,2048,1.0,0.486328,0.946289,0.5,0.5,1200,1200,1.0
1504,CART-W5310028,Cartier,Tank — YG TANK ANG 30X22-SLV ROM-STRAP,exact-existing,,watches-only/CART-W5310028.png,product-shots/CART-W5310028/main.jpg,https://raw.githubusercontent.com/AveryArtlife/gembreak-images/main/watches-only/CART-W5310028.png,,pass,pass,,True,e6b41dbb9a706073f325df379467bd3a7312947be36a5c88a3e4ec1d506562f7,2048,2048,1.0,0.395508,0.945312,0.5,0.5,1200,1200,1.0
1505,CART-W6800251,Cartier,Ronde — RG RONDE LC 36-SLV ROM-STRAP,exact-existing,,watches-only/CART-W6800251.png,product-shots/CART-W6800251/main.jpg,https://raw.githubusercontent.com/AveryArtlife/gembreak-images/main/watches-only/CART-W6800251.png,,pass,pass,,True,c0d9565a021538b8277b1e5bd9eadf15d2faeb22b36904d5e219270a4c5e6de9,2048,2048,1.0,0.496582,0.945312,0.499756,0.5,1200,1200,1.0
1506,CART-WGCL0013,Cartier,Cle De Cartier — RG CLE 35-SLV ROM-STRAP,exact-existing,,watches-only/CART-WGCL0013.png,product-shots/CART-WGCL0013/main.jpg,https://raw.githubusercontent.com/AveryArtlife/gembreak-images/main/watches-only/CART-WGCL0013.png,,pass,pass,,True,823dd0b388db4a6b87a59f9e1da1d28f4b2fe88fefaf1f43b3087a7742dea9a4,2048,2048,1.0,0.485352,0.945312,0.499512,0.5,1200,1200,1.0
1507,CART-WJBB0019,Cartier,Ballon Bleu — RG B.BLEU 28-SLV DIAROM-STRAP,exact-existing,,watches-only/CART-WJBB0019.png,product-shots/CART-WJBB0019/main.jpg,https://raw.githubusercontent.com/AveryArtlife/gembreak-images/main/watches-only/CART-WJBB0019.png,,pass,pass,,True,6b2b7ccac542e6e72849d8254f7a9b7f30efd836038b101bb5c607f6dfd4669b,2048,2048,1.0,0.507324,0.945312,0.499756,0.5,1200,1200,1.0
1508,LONG-W1526,Longines,LONGINES HydroConquest 41MM AUTO Green Rubber Strap Men's Watch L3,brand-prefix-exact,W1526,watches-only/LONG-W1526.png,product-shots/LONG-W1526/main.jpg,https://raw.githubusercontent.com/AveryArtlife/gembreak-images/main/watches-only/LONG-W1526.png,,pass,pass,,True,66e70871250d9dbf3691a4220ff712642721fcd7dd70b66740de5379d6544e51,1024,1536,1.0,0.783203,0.925781,0.533203,0.496094,1200,1200,1.0
1509,LONG-W1502,Longines,LONGINES Elegant AUTO 37MM Blue Dial Leather Men's Watch L4.810.4.,brand-prefix-exact,W1502,watches-only/LONG-W1502.png,product-shots/LONG-W1502/main.jpg,https://raw.githubusercontent.com/AveryArtlife/gembreak-images/main/watches-only/LONG-W1502.png,,pass,pass,,True,f88510d8c0f52623d5f55e1066cac54be94f4d1295130c969549a10b854c3341,1024,1536,1.0,0.780273,0.902344,0.500488,0.499349,1200,1200,1.0
1510,LONG-W1377,Longines,LONGINES Record Automatic 40MM Silver Dial Brown Leather Men's Wat,brand-prefix-exact,W1377,watches-only/LONG-W1377.png,product-shots/LONG-W1377/main.jpg,https://raw.githubusercontent.com/AveryArtlife/gembreak-images/main/watches-only/LONG-W1377.png,,pass,pass,,True,9bc2a75e5a9364f4b750adb3c6be4b44054a1369bcdd72d3329bc2c81da354c7,1024,1536,1.0,0.75293,0.940755,0.524902,0.491211,1200,1200,1.0
1511,LONG-W1358,Longines,LONGINES HydroConquest Automatic SS 39MM Black Dial Men's Watch L3,brand-prefix-exact,W1358,watches-only/LONG-W1358.png,product-shots/LONG-W1358/main.jpg,https://raw.githubusercontent.com/AveryArtlife/gembreak-images/main/watches-only/LONG-W1358.png,,pass,pass,,True,676c81525adbdb1bdc128ff5b8784e77e3545e28bf54005a00ce7b01e0a560ba,1024,1536,1.0,0.758789,0.958984,0.51123,0.495768,1200,1200,1.0
1512,LONG-W1532,Longines,LONGINES Conquest Automatic SS 43MM Black Dial Men's Watch L3.782.,brand-prefix-exact,W1532,watches-only/LONG-W1532.png,product-shots/LONG-W1532/main.jpg,https://raw.githubusercontent.com/AveryArtlife/gembreak-images/main/watches-only/LONG-W1532.png,,pass,pass,,True,f921826db244fbe573629714f3197fd651724b83bd466365bb24eabac6d3383c,1024,1536,1.0,0.764648,0.962891,0.522949,0.499023,1200,1200,1.0
1513,LONG-W1455,Longines,LONGINES Silver Arrow Automatic 38.5MM Leather Men's Watch L2.834.,brand-prefix-exact,W1455,watches-only/LONG-W1455.png,product-shots/LONG-W1455/main.jpg,https://raw.githubusercontent.com/AveryArtlife/gembreak-images/main/watches-only/LONG-W1455.png,,pass,pass,,True,cadbf373496bae10978a256fd980e5574c3bf36f6286b12ff712b09ade69f3ed,1024,1536,1.0,0.776367,0.988932,0.51709,0.500326,1200,1200,1.0
1514,LONG-W1363,Longines,LONGINES Record Automatic SS 38.5MM Black Diamond Dial Men's Watch,brand-prefix-exact,W1363,watches-only/LONG-W1363.png,product-shots/LONG-W1363/main.jpg,https://raw.githubusercontent.com/AveryArtlife/gembreak-images/main/watches-only/LONG-W1363.png,,pass,pass,,True,1697034a3ac1c0834b591ca32352420d19610405e6dd28dad9b553cb5a99a3d0,1024,1536,1.0,0.736328,0.951172,0.511719,0.49707,1200,1200,1.0
1515,LONG-W1322,Longines,LONGINES HydroConquest Quartz 32MM MOP 11 Diamond Dial Women's Wat,brand-prefix-exact,W1322,watches-only/LONG-W1322.png,product-shots/LONG-W1322/main.jpg,https://raw.githubusercontent.com/AveryArtlife/gembreak-images/main/watches-only/LONG-W1322.png,,pass,pass,,True,0dfc806e21c4cd60c7606fcf3f3e56a84b67196f28398eb7220b5117e6764812,1024,1536,1.0,0.666016,0.927083,0.516602,0.477214,1200,1200,1.0
1516,LONG-W1334,Longines,LONGINES Evidenza Automatic 26MM Blue Dial Leather Women's Watch L,brand-prefix-exact,W1334,watches-only/LONG-W1334.png,product-shots/LONG-W1334/main.jpg,https://raw.githubusercontent.com/AveryArtlife/gembreak-images/main/watches-only/LONG-W1334.png,,pass,pass,,True,31f1deaa0842f0a36149fe688c3921ab568dde63e4aaaedc9d622e8108eb7f9e,1024,1536,1.0,0.59375,0.951172,0.523438,0.499023,1200,1200,1.0
1517,LONG-W1326,Longines,LONGINES PrimaLuna Automatic 26.5MM Blue MOP Diamond Dial Women's,brand-prefix-exact,W1326,watches-only/LONG-W1326.png,product-shots/LONG-W1326/main.jpg,https://raw.githubusercontent.com/AveryArtlife/gembreak-images/main/watches-only/LONG-W1326.png,,pass,pass,,True,2cef298260ce79e876e014398c11ed0a1c4fcd056e52c3b72d8554a31414f7d7,1024,1536,1.0,0.780273,0.911458,0.499512,0.5,1200,1200,1.0
1518,CART-83784647,Cartier,Panthere — YG PANTH VEND 24-SLV ROM-BRC,exact-existing,,watches-only/CART-83784647.png,product-shots/CART-83784647/main.jpg,https://raw.githubusercontent.com/AveryArtlife/gembreak-images/main/watches-only/CART-83784647.png,,pass,pass,,True,8cd07af16e7b2d23c20b6bc2f97aa53ef20bb21661bd0b1bfe11399d69918a8c,2048,2048,1.0,0.416992,0.945312,0.5,0.5,1200,1200,1.0
1519,CART-W2020067,Cartier,Santos — RG SANTOS-DUMONT38-SLV-DB,exact-existing,,watches-only/CART-W2020067.png,product-shots/CART-W2020067/main.jpg,https://raw.githubusercontent.com/AveryArtlife/gembreak-images/main/watches-only/CART-W2020067.png,,pass,pass,,True,57b8b5ba90e68a76453006cd612e69172517d0639b24ce87c8227ba7aa697563,2048,2048,1.0,0.48877,0.945312,0.499756,0.5,1200,1200,1.0
1520,CART-WB520008,Cartier,Baignoire — WG BAIG 31X24-SLV ROM-DIA BEZ-STRAP,exact-existing,,watches-only/CART-WB520008.png,product-shots/CART-WB520008/main.jpg,https://raw.githubusercontent.com/AveryArtlife/gembreak-images/main/watches-only/CART-WB520008.png,,pass,pass,,True,f40862fd47308a5833508554f07dfb77a07816ce20f437cbf2a9103a3a8e564b,2048,2048,1.0,0.387207,0.945312,0.499756,0.5,1200,1200,1.0
1521,CART-WB7019K2,Cartier,Tank — YG TANK AMERIC 22X41-SLV ROM-DIA BEZ-BRC,exact-existing,,watches-only/CART-WB7019K2.png,product-shots/CART-WB7019K2/main.jpg,https://raw.githubusercontent.com/AveryArtlife/gembreak-images/main/watches-only/CART-WB7019K2.png,,pass,pass,,True,84723f3d06bae9a2140cc0a4b68c5cac027bdccfce4f6d810bb5eea5249599c6,2048,2048,1.0,0.372559,0.945312,0.499756,0.5,1200,1200,1.0
1522,CART-WB7044L1,Cartier,Tank — WG TANK AMER 24X19-SLV ROM-DIA BEZ-BRC,exact-existing,,watches-only/CART-WB7044L1.png,product-shots/CART-WB7044L1/main.jpg,https://raw.githubusercontent.com/AveryArtlife/gembreak-images/main/watches-only/CART-WB7044L1.png,,pass,pass,,True,c0148aa06765d1be0e018f602ff066cf82641b3705a4d6e1433fe6b9a6b81112,2048,2048,1.0,0.38623,0.945312,0.499756,0.5,1200,1200,1.0
1523,CART-WF8001B9,Cartier,Cougar — YG COUGAR 26-SLV ROM-DIA BEZ-BRC,exact-existing,,watches-only/CART-WF8001B9.png,product-shots/CART-WF8001B9/main.jpg,https://raw.githubusercontent.com/AveryArtlife/gembreak-images/main/watches-only/CART-WF8001B9.png,,pass,pass,,True,9b62bb379c9a3d43b9503483f1290595a84f85db0568cbf94de1c2f4232eed55,2048,2048,1.0,0.494141,0.945312,0.5,0.5,1200,1200,1.0
1524,CART-WG40033J,Cartier,Ballerine — WG BALLARINE23X14-SLV-DIA BEZ-BRC,exact-existing,,watches-only/CART-WG40033J.png,product-shots/CART-WG40033J/main.jpg,https://raw.githubusercontent.com/AveryArtlife/gembreak-images/main/watches-only/CART-WG40033J.png,,pass,pass,,True,ea4e0920720097ea134d6af6b93e9ddb2087e40d3bd82286c2886a33359fa98a,2048,2048,1.0,0.341309,0.945312,0.499756,0.5,1200,1200,1.0
1525,CART-WG600010,Cartier,Captive — YG CAPTIVE35-SLV,exact-existing,,watches-only/CART-WG600010.png,product-shots/CART-WG600010/main.jpg,https://raw.githubusercontent.com/AveryArtlife/gembreak-images/main/watches-only/CART-WG600010.png,,pass,pass,,True,426121971574e2bbed049566a1f0c127fa8bdf46f6deba26e683fcfeebd0e743,2048,2048,1.0,0.496582,0.945312,0.499756,0.5,1200,1200,1.0
1526,CART-WG600010-v2,Cartier,Captive — YG CAPTIVE35-SLV,exact-existing,,watches-only/CART-WG600010-v2.png,product-shots/CART-WG600010-v2/main.jpg,https://raw.githubusercontent.com/AveryArtlife/gembreak-images/main/watches-only/CART-WG600010-v2.png,,pass,pass,,True,426fc02a3ccd86e13b9922c66063c83cbc7ca63acb41c7733563101d3f4e36cf,2048,2048,1.0,0.477051,0.945312,0.499756,0.5,1200,1200,1.0
1527,CART-WA50703I,Cartier,Tortue — RG TORTUE28X34-SLV ROM-DIA BEZ-BRC,exact-existing,,watches-only/CART-WA50703I.png,product-shots/CART-WA50703I/main.jpg,https://raw.githubusercontent.com/AveryArtlife/gembreak-images/main/watches-only/CART-WA50703I.png,,pass,pass,,True,7819184db847bad2d5af3a203482bae685684fa96fe5c3ac4124ce0d9fbf9e9a,2048,2048,1.0,0.465332,0.945312,0.499756,0.5,1200,1200,1.0
1528,CART-W2601356,Cartier,Tank — WG TANK AMER 37X27-SLV ROM-STRAP,exact-existing,,watches-only/CART-W2601356.png,product-shots/CART-W2601356/main.jpg,https://raw.githubusercontent.com/AveryArtlife/gembreak-images/main/watches-only/CART-W2601356.png,,pass,pass,,True,d1cbd6e20b1b88664d5a24fffd3a6ecc2be8753f78ed9dfefd4feb56b98b0c00,2048,2048,1.0,0.387207,0.945312,0.499756,0.5,1200,1200,1.0
1529,CART-WA301356,Cartier,Tank — WG TANK DIVAN 39X30-SLV ROM-DIA BEZ-STRAP,exact-existing,,watches-only/CART-WA301356.png,product-shots/CART-WA301356/main.jpg,https://raw.githubusercontent.com/AveryArtlife/gembreak-images/main/watches-only/CART-WA301356.png,,pass,pass,,True,f3f6e40ef0026b1c7d02aa3f9c7b920a5ddb7044accd7bf30d072f073571408c,2048,2048,1.0,0.537598,0.945312,0.500244,0.5,1200,1200,1.0
1530,CART-W15364W3,Cartier,Tank — WG TANK ALLONGEE 21X14-SLV-BRC,exact-existing,,watches-only/CART-W15364W3.png,product-shots/CART-W15364W3/main.jpg,https://raw.githubusercontent.com/AveryArtlife/gembreak-images/main/watches-only/CART-W15364W3.png,,pass,pass,,True,d4948a584b13a48ec7719aecdea9473572178f7bfd748ccc02c17b27d3f9d891,2048,2048,1.0,0.337402,0.945312,0.499756,0.5,1200,1200,1.0
1531,CART-WJ11932G,Cartier,Pasha — WG PASHA32-SLV-DB,exact-existing,,watches-only/CART-WJ11932G.png,product-shots/CART-WJ11932G/main.jpg,https://raw.githubusercontent.com/AveryArtlife/gembreak-images/main/watches-only/CART-WJ11932G.png,,pass,pass,,True,2342b443901d96bd628a9d2cab319a2e36c7bb147d28b89578bda0152b2af54a,2048,2048,1.0,0.519531,0.94873,0.5,0.499268,1200,1200,1.0
1532,CART-WR000651,Cartier,Ronde — RG RONDE 36-SLV ROM-DIA BEZ-STRAP,exact-existing,,watches-only/CART-WR000651.png,product-shots/CART-WR000651/main.jpg,https://raw.githubusercontent.com/AveryArtlife/gembreak-images/main/watches-only/CART-WR000651.png,,pass,pass,,True,969e31be247ed1acfbce31f3cead0ed64e52e97a7635dc46d340e2f97cd28fd4,2048,2048,1.0,0.526367,0.945312,0.5,0.5,1200,1200,1.0
1533,CART-WR000651-v2,Cartier,Ronde — RG RONDE 36-SLV ROM-DIA BEZ-STRAP,exact-existing,,watches-only/CART-WR000651-v2.png,product-shots/CART-WR000651-v2/main.jpg,https://raw.githubusercontent.com/AveryArtlife/gembreak-images/main/watches-only/CART-WR000651-v2.png,,pass,pass,,True,7b22b2fccd2ac87c6f28cba06a822394d3eb5f8cc792d13e4ab8f647210b5a07,2048,2048,1.0,0.540527,0.944824,0.499756,0.499756,1200,1200,1.0
1534,CART-81750353,Cartier,Pasha — YG PASHA 38-SLV IXROM-STRAP,exact-existing,,watches-only/CART-81750353.png,product-shots/CART-81750353/main.jpg,https://raw.githubusercontent.com/AveryArtlife/gembreak-images/main/watches-only/CART-81750353.png,,pass,pass,,True,93e9510c495ba79f2907ccb504b6fa173a6bee596b9e8a3541f18c0d5e11865a,2048,2048,1.0,0.52832,0.945312,0.5,0.5,1200,1200,1.0
1535,CART-WE5002X2,Cartier,Roadster — WG ROAD 36X30-SILV ROM-DIA BEZ-BRC,exact-existing,,watches-only/CART-WE5002X2.png,product-shots/CART-WE5002X2/main.jpg,https://raw.githubusercontent.com/AveryArtlife/gembreak-images/main/watches-only/CART-WE5002X2.png,,pass,pass,,True,b4aef00ac7bf18a7630f34fc01567bbd37180b3e1977b7abd71fd6e4b5d37ab5,2048,2048,1.0,0.530762,0.945312,0.499756,0.5,1200,1200,1.0
1536,CART-WR000351,Cartier,Ronde — RG RONDE 29-SLV ROM-DIA BEZ-STRAP,exact-existing,,watches-only/CART-WR000351.png,product-shots/CART-WR000351/main.jpg,https://raw.githubusercontent.com/AveryArtlife/gembreak-images/main/watches-only/CART-WR000351.png,,pass,pass,,True,8f0d7260ec0c5b66a39b52a72f31c8567b9dfe4be48a5e391496671dbaa1860a,2048,2048,1.0,0.480957,0.945312,0.499756,0.5,1200,1200,1.0
1537,CART-WE902030,Cartier,Ballon Bleu — SRG B.BLEU 28-SLV DI-BRC,exact-existing,,watches-only/CART-WE902030.png,product-shots/CART-WE902030/main.jpg,https://raw.githubusercontent.com/AveryArtlife/gembreak-images/main/watches-only/CART-WE902030.png,,pass,pass,,True,9c5506d639e11d52d9439980ef19af4f1a762dbffc25bff3c04031dec24c4b2f,2048,2048,1.0,0.464355,0.945312,0.499756,0.5,1200,1200,1.0
1538,CART-WSSA0017,Cartier,Santos — SADLC SANTOS CHR43.3-SLV-STRAP,exact-existing,,watches-only/CART-WSSA0017.png,product-shots/CART-WSSA0017/main.jpg,https://raw.githubusercontent.com/AveryArtlife/gembreak-images/main/watches-only/CART-WSSA0017.png,,pass,pass,,True,79fa8ccbbd55cd580c7a55958dfa7799d35f10a1af728ac071cde7c94ae03c30,2048,2048,1.0,0.596191,0.945312,0.500244,0.5,1200,1200,1.0
1539,CART-W1556361,Cartier,Tortue — WG TORTUE SM 30X24-SLV ROM-STRAP,exact-existing,,watches-only/CART-W1556361.png,product-shots/CART-W1556361/main.jpg,https://raw.githubusercontent.com/AveryArtlife/gembreak-images/main/watches-only/CART-W1556361.png,,pass,pass,,True,6b9995d3e3163b3e10926a8ef685055be9f284ccfe30d72c0f2bae391ff1759f,2048,2048,1.0,0.480469,0.945312,0.5,0.5,1200,1200,1.0
1540,CART-WR000151,Cartier,Ronde — YG RONDE LOUIS 29-SLV ROM-DIA BEZ-STRAP,exact-existing,,watches-only/CART-WR000151.png,product-shots/CART-WR000151/main.jpg,https://raw.githubusercontent.com/AveryArtlife/gembreak-images/main/watches-only/CART-WR000151.png,,pass,pass,,True,52d60b8465f75e64e35d8d4344e32103a236ea60bca9006f54a64111a2b50abb,2048,2048,1.0,0.478516,0.945312,0.5,0.5,1200,1200,1.0
1541,CART-W1537238,Cartier,Lanieres — RG LANIERES 16X21-SLV IXROM-STRAP,exact-existing,,watches-only/CART-W1537238.png,product-shots/CART-W1537238/main.jpg,https://raw.githubusercontent.com/AveryArtlife/gembreak-images/main/watches-only/CART-W1537238.png,,pass,pass,,True,e192eaedb1985c6d674ad3c1caef67ece153b903e5bead09e9911536a5f131d0,2048,2048,1.0,0.3125,0.945801,0.5,0.500244,1200,1200,1.0
1542,CART-W6920003,Cartier,Ballon Bleu — SS BB CHR 42-SLV ROM-STRAP,exact-existing,,watches-only/CART-W6920003.png,product-shots/CART-W6920003/main.jpg,https://raw.githubusercontent.com/AveryArtlife/gembreak-images/main/watches-only/CART-W6920003.png,,pass,pass,,True,a8cb09d9c827ebeed6b39df2d5a02a2ffbacf465cfe5889f0d5ff7c7cd26ec17,2048,2048,1.0,0.532715,0.945312,0.499756,0.5,1200,1200,1.0
1543,CART-WA503851,Cartier,Tortue — WG TORTUE LM34.5-SILV ROM-DIA BEZL  LUGS,exact-existing,,watches-only/CART-WA503851.png,product-shots/CART-WA503851/main.jpg,https://raw.githubusercontent.com/AveryArtlife/gembreak-images/main/watches-only/CART-WA503851.png,,pass,pass,,True,1e229fa0776eb23084ecc0b2b5e5d1695fffff2ca686282094fa2ce44c8df17d,2048,2048,1.0,0.490723,0.947266,0.499756,0.5,1200,1200,1.0
1544,CART-WA503851-v2,Cartier,Tortue — WG TORTUE LM34.5-SILV ROM-DIA BEZL  LUGS,exact-existing,,watches-only/CART-WA503851-v2.png,product-shots/CART-WA503851-v2/main.jpg,https://raw.githubusercontent.com/AveryArtlife/gembreak-images/main/watches-only/CART-WA503851-v2.png,,pass,pass,,True,e788224ceb35c07b596931f5592a3f451e84dd51ee72d0f0423814527082cae3,2048,2048,1.0,0.487305,0.947266,0.5,0.5,1200,1200,1.0
1545,CART-WA503851-v3,Cartier,Tortue — WG TORTUE LM34.5-SILV ROM-DIA BEZL  LUGS,exact-existing,,watches-only/CART-WA503851-v3.png,product-shots/CART-WA503851-v3/main.jpg,https://raw.githubusercontent.com/AveryArtlife/gembreak-images/main/watches-only/CART-WA503851-v3.png,,pass,pass,,True,660a388fa62206c96e3754cf1e93e7752794ef4688036faee6062f22e2f9d727,2048,2048,1.0,0.481445,0.947266,0.5,0.5,1200,1200,1.0
1546,CART-WE900151,Cartier,Ballon Bleu — YG B.BLEU 28-SLV ROM-DIA BEZ-STRAP,exact-existing,,watches-only/CART-WE900151.png,product-shots/CART-WE900151/main.jpg,https://raw.githubusercontent.com/AveryArtlife/gembreak-images/main/watches-only/CART-WE900151.png,,pass,pass,,True,2a5e22f56652d8205c9c4f836d8a2791954ea73763bfc8a27d2681121efbdfe2,2048,2048,1.0,0.439941,0.947266,0.499756,0.5,1200,1200,1.0
1547,CART-WE900251,Cartier,Ballon Bleu — RG B.BLEU 29-SLV ROM-DIA BEZ-STRAP,exact-existing,,watches-only/CART-WE900251.png,product-shots/CART-WE900251/main.jpg,https://raw.githubusercontent.com/AveryArtlife/gembreak-images/main/watches-only/CART-WE900251.png,,pass,pass,,True,da2be05a7c0e376c3fe7e9273432cc44fb6e4900649c75581ef28e6d60412d86,2048,2048,1.0,0.432129,0.947266,0.499756,0.5,1200,1200,1.0
1548,CART-WE900251-v2,Cartier,Ballon Bleu — RG B.BLEU 29-SLV ROM-DIA BEZ-STRAP,exact-existing,,watches-only/CART-WE900251-v2.png,product-shots/CART-WE900251-v2/main.jpg,https://raw.githubusercontent.com/AveryArtlife/gembreak-images/main/watches-only/CART-WE900251-v2.png,,pass,pass,,True,b0d41623ce59c3084abc589555b0d73bb4f59d98b3c5e51502b86357e1cb64e2,2048,2048,1.0,0.422852,0.947266,0.5,0.5,1200,1200,1.0
1549,CART-WA301571,Cartier,Tank — WG TANK DIVAN31X20-SLV,exact-existing,,watches-only/CART-WA301571.png,product-shots/CART-WA301571/main.jpg,https://raw.githubusercontent.com/AveryArtlife/gembreak-images/main/watches-only/CART-WA301571.png,,pass,pass,,True,f12841f76d84cc9a279e25e43cc87f8f433c372c6202462d64b417b21bf25512,2048,2048,1.0,0.476562,0.947266,0.5,0.5,1200,1200,1.0
1550,CART-WE900651,Cartier,Ballon Bleu — WG BB 36-SLV ROM-DIA BEZ-STRAP,exact-existing,,watches-only/CART-WE900651.png,product-shots/CART-WE900651/main.jpg,https://raw.githubusercontent.com/AveryArtlife/gembreak-images/main/watches-only/CART-WE900651.png,,pass,pass,,True,92353221abcd75f8bb32268c0e5eefdefb2622d0544216e4f080ccd842da4769,2048,2048,1.0,0.541016,0.947266,0.5,0.5,1200,1200,1.0
1551,CART-WE900651-v2,Cartier,Ballon Bleu — WG BB 36-SLV ROM-DIA BEZ-STRAP,exact-existing,,watches-only/CART-WE900651-v2.png,product-shots/CART-WE900651-v2/main.jpg,https://raw.githubusercontent.com/AveryArtlife/gembreak-images/main/watches-only/CART-WE900651-v2.png,,pass,pass,,True,b28dbca4596fef630a7d1f7b1d834430790d59876813f29f08b6c405a6998442,2048,2048,1.0,0.523438,0.947266,0.5,0.5,1200,1200,1.0
1552,CART-WG800014,Cartier,Delices — WG DELICES 36-SLV ROM-DIA BEZ-STRAP,exact-existing,,watches-only/CART-WG800014.png,product-shots/CART-WG800014/main.jpg,https://raw.githubusercontent.com/AveryArtlife/gembreak-images/main/watches-only/CART-WG800014.png,,pass,pass,,True,2a2bd5ca584a6784cd032afb18205019bd6330e85917b108ba744959334d80d7,2048,2048,1.0,0.396484,0.947266,0.5,0.5,1200,1200,1.0
1553,CART-W6920089,Cartier,Ballon Bleu — RG B.BLEU 40-GREY ROM-STRAP,exact-existing,,watches-only/CART-W6920089.png,product-shots/CART-W6920089/main.jpg,https://raw.githubusercontent.com/AveryArtlife/gembreak-images/main/watches-only/CART-W6920089.png,,pass,pass,,True,ab6dc6385a78cc2bc28cefd365a3d96873d9a5ca0558eb9a5dc601d74b3bc994,2048,2048,1.0,0.499512,0.947266,0.499756,0.5,1200,1200,1.0
1554,CART-W6920089-v2,Cartier,Ballon Bleu — RG B.BLEU 40-GREY ROM-STRAP,exact-existing,,watches-only/CART-W6920089-v2.png,product-shots/CART-W6920089-v2/main.jpg,https://raw.githubusercontent.com/AveryArtlife/gembreak-images/main/watches-only/CART-W6920089-v2.png,,pass,pass,,True,25984835929cc2d5fd11bc6ab942a0a22e2e21d1d207980b9988c9f0ce95125b,2048,2048,1.0,0.508301,0.947266,0.499756,0.5,1200,1200,1.0
1555,CART-WE902063,Cartier,Ballon Bleu — RG B.BLEU 33-SLV DIA-STRAP,exact-existing,,watches-only/CART-WE902063.png,product-shots/CART-WE902063/main.jpg,https://raw.githubusercontent.com/AveryArtlife/gembreak-images/main/watches-only/CART-WE902063.png,,pass,pass,,True,ce382a090f6224aaadf359d7bfed723ec9370b4fca6e2edfc032030a219890d9,2048,2048,1.0,0.421387,0.947266,0.499756,0.5,1200,1200,1.0
1556,CART-WB706131,Cartier,Tank — WG TANK AMERI19X35-PAV SAP-DB,exact-existing,,watches-only/CART-WB706131.png,product-shots/CART-WB706131/main.jpg,https://raw.githubusercontent.com/AveryArtlife/gembreak-images/main/watches-only/CART-WB706131.png,,pass,pass,,True,30653974f08ec5514f9e8c89592fdf36e139154fced1a20ce543664433e305af,2048,2048,1.0,0.342285,0.947266,0.499756,0.5,1200,1200,1.0
1557,CART-WA601051,Cartier,Navette — YG NAVETTE 31X25-SLV ROM-DIA BEZ-STRAP,exact-existing,,watches-only/CART-WA601051.png,product-shots/CART-WA601051/main.jpg,https://raw.githubusercontent.com/AveryArtlife/gembreak-images/main/watches-only/CART-WA601051.png,,pass,pass,,True,f133a03b2ffd7d672bde09957a32875687d1f111921fd59174eabd298b6616c7,2048,2048,1.0,0.373535,0.947266,0.499756,0.5,1200,1200,1.0
