sheet_row,distributor,brand,model,sku,image_url
3,Leo Glore,Richard Mille,Richard Mille RM 11-03 Flyback Chrono Rose Gold,RM1103,https://raw.githubusercontent.com/AveryArtlife/gembreak-images/main/watches-only/RM1103.png
4,Leo Glore,Rolex,Rolex Day-date 40 228396tbr Platinum Arabic Dial Diamond Bezel,G5,https://raw.githubusercontent.com/AveryArtlife/gembreak-images/main/watches-only/G5.png
5,Leo Glore,Patek Philippe,Patek Philippe Aquanaut Chronograph 5968a Black Dial Orange Strap,G3,https://raw.githubusercontent.com/AveryArtlife/gembreak-images/main/watches-only/G3.png
6,Leo Glore,Rolex,Rolex Cosmograph Daytona 116519ln Meteorite Dial White Gold,G2,https://raw.githubusercontent.com/AveryArtlife/gembreak-images/main/watches-only/G2.png
7,Leo Glore,Audemars Piguet,Audemars Piguet Royal Oak Chronograph 26331or Rose Gold Brown Dial,G4,https://raw.githubusercontent.com/AveryArtlife/gembreak-images/main/watches-only/G4.png
8,WatchWarehouse,Rolex,Rolex Cosmograph Daytona Yellow Gold Automatic Green Dial John Mayer Men's Watch 116508-0013,WWN116508-0013,
9,Leo Glore,Rolex,Rolex Day-date 40 228235 Olive Green Dial Everose President,G6,https://raw.githubusercontent.com/AveryArtlife/gembreak-images/main/watches-only/G6.png
10,WatchWarehouse,Breitling,Breitling Navitimer Automatic 41MM Cream Dial 18K Rose Gold Men's,WW196,https://raw.githubusercontent.com/AveryArtlife/gembreak-images/main/watches-only/WW196.png
11,WatchWarehouse,Piaget,Piaget Polo Date 18K Rose Gold Diamond Bezel Women's Watch G0A46020,WWNG0A46020,
12,1916 (pre-owned),IWC,Pilots Watches — CER BP PC TG LAKE TAHOE 46-BLK NUM-STRAP,IWC-IW5030-08,
13,Leo Glore,Rolex,Rolex Cosmograph Daytona 116500ln White Panda Dial Steel Ceramic,G0,https://raw.githubusercontent.com/AveryArtlife/gembreak-images/main/watches-only/G0.png
14,WatchWarehouse,Breitling,Breitling RB0139211G1R1 Navitimer B01 Chronograph 41MM Rose Gold M,W1101,https://raw.githubusercontent.com/AveryArtlife/gembreak-images/main/watches-only/W1101.png
15,Leo Glore,Rolex,Rolex Submariner Hulk 116610lv Green Dial Green Bezel 2017,G1,https://raw.githubusercontent.com/AveryArtlife/gembreak-images/main/watches-only/G1.png
16,WatchWarehouse,Omega,Omega Speedmaster Moonwatch Professional 42MM Green Leather Men's,WW68,https://raw.githubusercontent.com/AveryArtlife/gembreak-images/main/watches-only/WW68.png
17,WatchWarehouse,Bulgari,Bulgari Serpenti Tubogas Quartz White Dial Diamond Bezel 18K Yellow Gold Women's Watch 101924,WWN101924,
18,WatchWarehouse,Piaget,Piaget Polo Date Diamond White Dial 18kt Rose Gold Leather Strap Women's Watch G0A46023,WWNG0A46023,
19,WatchWarehouse,Chopard,Chopard Happy Sport Automatic 33mm Rose Gold Diamond Dial Rose Gold Women's Watch 275378-5008,WWN275378-5008,
20,1916 (Manjos wholesale),Breitling,RG SO AUTO42-BLK IX-BLK CER-BLK DPIV-DB,BREI-R17375211B1S1,
21,WatchWarehouse,Rolex,Rolex GMT Master ll Pepsi Bezel Oyster Bracelet Men's Watch M126710BLRO-0002,WWNM126710BLRO-0002,
22,WatchWarehouse,Bulgari,Bulgari Serpenti Seduttori 18kt Rose Gold Diamond Bezel Women's Watch 103146,WWN103146,
23,WatchWarehouse,Piaget,Piaget Polo Date Automatic White Dial 18K Rose Gold Blue Leather Strap Men's Watch G0A43010,WWNG0A43010,
24,WatchWarehouse,Breitling,BREITLING Navitimer B19 Chronograph Perpetual Calendar 43MM Blue D,W12,https://raw.githubusercontent.com/AveryArtlife/gembreak-images/main/watches-only/W12.png
25,1916 (pre-owned),Cartier,Hypnose — RG HYPNOSE37X33-SLV-DIAM BEZ-STRAP,CART-WJHY0006,
26,WatchWarehouse,Piaget,Piaget Dancer 18K White Gold 31MM Quartz Men's Watch G0a03331,WW965,https://raw.githubusercontent.com/AveryArtlife/gembreak-images/main/watches-only/WW965.png
27,WatchWarehouse,Hublot,Hublot Big Bang 44mm Chronograph Black Dial 18k Rose Gold Rubber Strap Men's Watch 301.PB.131.RX,WWN301.PB.131.RX,
28,1916 (pre-owned),Cartier,Himalia — WG HIMALIA 16-BLK-DIA BEZCASE-STRAP,CART-WJ300570,
29,1916 (pre-owned),Cartier,Ballon Bleu — RG B.BLEU QTZ 28-SLV ROM-BRC,CART-W69002Z2,
30,WatchWarehouse,Chopard,Chopard L.U.C Quattro 18kt White Gold Silver Dial Black Leather Men's Watch 161926-1001,WWN161926-1001,
31,WatchWarehouse,Omega,Omega Speedmaster Moonwatch Professional 42MM Sedna Gold Two-tone,WW65,https://raw.githubusercontent.com/AveryArtlife/gembreak-images/main/watches-only/WW195.png
32,WatchWarehouse,Omega,Omega Speedmaster Moonwatch Professional 42MM Silver Dial,WW66,https://raw.githubusercontent.com/AveryArtlife/gembreak-images/main/watches-only/WW449.png
33,WatchWarehouse,Breitling,Breitling Navitimer B01 Chronograph Automatic 41MM Blue Dial,WW449,https://raw.githubusercontent.com/AveryArtlife/gembreak-images/main/watches-only/WW449.png
34,WatchWarehouse,Piaget,Piaget Polo Date Automatic Blue Dial Diamond Bezel Steel Women's Watch G0A47027,WWNG0A47027,
35,WatchWarehouse,Omega,Omega De Ville Prestige 36.8mm Auto Ss Men's Watch,WW721,https://raw.githubusercontent.com/AveryArtlife/gembreak-images/main/watches-only/WW721.png
36,WatchWarehouse,Chopard,Chopard Alpine Eagle XL Chrono Automatic Blue Dial Rubber Strap Men's Watch 298609-3003,WWN298609-3003,
37,WatchWarehouse,Hublot,Hublot Classic Fusion Aerofusion Limited Edition Skeleton Dial Red Rubber Strap Men's Watch 525.CF.0130.RX.ORL19,WWN525.CF.0130.RX.ORL19,
38,WatchWarehouse,Rolex,Rolex Submariner Black Dial Date Oystersteel Men's Watch M126610LN-0001,WWNM126610LN-0001,
39,1916 (Manjos wholesale),Breitling,TI CHRMT B01 42-GRY IX-BLK SUBS-RLX BRC,BREI-EB0134101M1E1,
40,WatchWarehouse,Rolex,"Rolex Submariner Date ""Starbucks"" Stainless Steel Men's Watch M126610LV-0002",WWNM126610LV-0002,
41,WatchWarehouse,Chopard,Chopard Happy Sport Chronograph Automatic Rose Gold Diamond Dial Leather Strap Women's Watch 278615-6001,WWN278615-6001,
42,1916 (pre-owned),IWC,Pilots Watches — SS BIG PILO ALI LE 46-BLK RED IX-STRAP,IWC-IW5004-33,
43,Leo Glore,Rolex,Rolex Submariner Date 116610ln Black Dial Black Bezel Steel 2011,G7,https://raw.githubusercontent.com/AveryArtlife/gembreak-images/main/watches-only/G7.png
44,WatchWarehouse,Omega,Omega Speedmaster Dark Side of the Moon Meteorite Grey Dial Leather Strap Men's Watch 311.63.44.51.99.001,WWN311.63.44.51.99.001,
45,WatchWarehouse,Chopard,Chopard Happy Sport Automatic 33mm Floating Diamonds 18kt Rose Gold Leather Strap Women's Watch 275378-5005,WWN275378-5005,
46,WatchWarehouse,Omega,Omega Seamaster Diver 300 Co-axial 42MM 18K Ss Men's Watch,WW715,https://raw.githubusercontent.com/AveryArtlife/gembreak-images/main/watches-only/WW715.png
47,WatchWarehouse,Omega,Omega Speedmaster Moonphase Co-Axial Master Chronometer Chronograph  Black Dial Stainless Steel Men's Watch 304.30.43.52.01.001,WWN304.30.43.52.01.001,
48,WatchWarehouse,Omega,OMEGA Seamaster Blue Dial 18K Yellow Gold 42MM Men's Watch 210.20.,W1251,https://raw.githubusercontent.com/AveryArtlife/gembreak-images/main/watches-only/W1251.png
49,WatchWarehouse,Omega,Omega Seamaster Diver 300M 18K Rose Gold 42MM Green Titanium,WW69,https://raw.githubusercontent.com/AveryArtlife/gembreak-images/main/watches-only/WW69.png
50,WatchWarehouse,Rolex,Rolex Datejust 41 Stainless Steel White Dial Men's Watch M126300-0006,WWNM126300-0006,
51,1916 (Manjos wholesale),Breitling,BLKcer SPR AVI B04 CHR F4U 46-BLUE-BLK MIL-DB,BREI-SB04452A1C1X1,
52,1916 (pre-owned),Cartier,Ballon Bleu — RG BALLON BLANC30-SLV-TB,CART-WJBL0008,
53,WatchWarehouse,Omega,Omega Seamaster Diver 300M Co-axial Master 42MM Ss Men's Watch,WW720,https://raw.githubusercontent.com/AveryArtlife/gembreak-images/main/watches-only/WW67.png
54,WatchWarehouse,Bulgari,Bulgari Octo Finissimo Grey Chronograph Dial Ttanium  Men's Watch 103068,WWN103068,
55,1916 (Manjos wholesale),Breitling,SS SPR AVI B04 CHR GMT MOSQ46-BLK-SLV SUB-PILOT BRC,BREI-YB04451A1B1A1,
56,WatchWarehouse,Tudor,"Tudor Black Bay Chrono Yellow and Black ""Bumblebee"" Dial Steel Men's Watch M79310-0001",WWNM79310-0001,
57,1916 (Manjos wholesale),Breitling,SS CLS AVI CHR GMT MUSTANG 45-BLK NUM-PILOT,BREI-AB04453A1B1A1,
58,1916 (pre-owned),IWC,Pilots Watches — BRZ PILOT MR PORTER LE 41-BLK-STRAP,IWC-IW3879-07,
59,1916 (Manjos wholesale),Breitling,SS CHRMT AUTO36-BLUE IX-LAB DIAM BEZ-BLUE ALG-DB,BREI-A17356531C1P1,
60,WatchWarehouse,Omega,Omega Seamaster Diver 300M James Bond 007 Edition 42MM Titanium,WW719,https://raw.githubusercontent.com/AveryArtlife/gembreak-images/main/watches-only/WW719.png
61,1916 (Manjos wholesale),Breitling,SS SPR AVI CHR GMT CORSAIR46-BLUE-BLK LTH-DB,BREI-AB04451A1C1X1,
62,WatchWarehouse,Omega,Omega Speedmaster Moonwatch Professional 42MM Silver Dial Leather,WW67,https://raw.githubusercontent.com/AveryArtlife/gembreak-images/main/watches-only/WW595.png
63,1916 (Manjos wholesale),Breitling,SS CHRMT AUTO36-BLUE IX-LAB DIAM BEZ-BLUE RLX RUB-DB,BREI-A17356531C1S1,
64,1916 (Manjos wholesale),Breitling,TI CHRMT B01 42-GRY IX-BLK SUBS-BLK RLX-DB,BREI-EB0134101M1S1,
65,WatchWarehouse,Omega,OMEGA Moonphase Co-Axial Master 44.25MM Leather Men's Watch 304.33,W1247,https://raw.githubusercontent.com/AveryArtlife/gembreak-images/main/watches-only/W1247.png
66,WatchWarehouse,Piaget,Piaget Polo Field Automatic Green Dial Steel Men's Watch G0A49022,WWNG0A49022,
67,1916 (Manjos wholesale),Breitling,CER AVG B01 CHR NM BLDHDS44-GRY-BLK SUB-BLK MIL-DB,BREI-SB01472A1B1X1,
68,WatchWarehouse,Rolex,Rolex Explorer 40 Black Dial Oystersteel Oyster Bracelet Men's Watch M224270-0001,WWNM224270-0001,
69,WatchWarehouse,Omega,Omega Speedmaster Moonwatch Co-axial Chrono 42MM Ss Men's Watch,WW824,https://raw.githubusercontent.com/AveryArtlife/gembreak-images/main/watches-only/WW824.png
70,WatchWarehouse,Omega,Omega Speedmaster Dark Side of the Moon Chronograph Black Nylon Strap Men's Watch 311.92.44.51.01.005,WWN311.92.44.51.01.005,
71,WatchWarehouse,Chopard,Chopard Alpine Eagle 33 Automatic Blue Dial Steel Women's Watch 298617-3001,WWN298617-3001,
72,1916 (Manjos wholesale),Breitling,BLKcer AVG B01 CHR US NV ACAD 44-BLUE IX-BLK SUBS-BLUE MIL-DB,BREI-SB01474A1C1X1,
73,1916 (Manjos wholesale),Breitling,TI SPR AVG B01 CHR46-BLK IX-PROFIII BRC,BREI-EB0148101B1E1,
74,1916 (Manjos wholesale),Breitling,TI SPR AVG B01 CHR46-BLUE IX-BLK SUB-PRFIII BRC,BREI-EB0148101C1E1,
75,1916 (Manjos wholesale),Breitling,CER AVG B01 CHR NM DEVILS44-BLK-BLK MILT-DB,BREI-SB01473A1B1X1,
76,WatchWarehouse,Piaget,Piaget Polo Date Field Automatic Green Dial Rubber Strap Men's Watch G0A48022,WWNG0A48022,
77,1916 (Manjos wholesale),Breitling,SS PREM B01 CHR42-GRN NUM-NAVI BRC,BREI-AB0145371L1A1,
78,1916 (Manjos wholesale),Breitling,SS CHRMT B01 42-BLU IX-BLK SUBS-RLX BRC,BREI-AB0134101C1A1,
79,WatchWarehouse,Panerai,PANERAI Luminor Quaranta BiTempo Automatic 40MM Green Dial SS Men',WL7,https://raw.githubusercontent.com/AveryArtlife/gembreak-images/main/watches-only/WL7.png
80,WatchWarehouse,Omega,OMEGA Seamaster James Bond 007 Edition 42MM Titanium Men's Watch 2,W1240,https://raw.githubusercontent.com/AveryArtlife/gembreak-images/main/watches-only/W1240.png
81,1916 (Manjos wholesale),Breitling,SS PREM B09 CHR40-CHP NUM-BRW ALG-DB,BREI-AB0930F51H1P1,
82,1916 (Manjos wholesale),Breitling,SS SOH CHR 44-BLK IX-SLV SUBS-BLK CER-OC BRC,BREI-AB0162121B1A1,
83,WatchWarehouse,Piaget,Piaget Possession 18kt Rose Gold Custom Double Row Diamond Bezel Women's Watch G0A43081-CD,WWNG0A43081-CD,
84,1916 (Manjos wholesale),Breitling,CER SPR AVG CHR NM46-BLK CARB-GRN MIL-DB,BREI-SB0148101B1X1,
85,1916 (Manjos wholesale),Breitling,CER AVG B01 CHR NM42-CARB-TAN MIL-DB,BREI-SB0146101B1X1,
86,WatchWarehouse,Chopard,Chopard Happy Sport Automatic 33mm Mother of Pearl Diamond Dial 18K Rose Gold Bezel Blue Leather Strap Women's Watch 278608-6013,WWN278608-6013,
87,1916 (Manjos wholesale),Breitling,SS CHRMT B01 42-SLV-BLK SUBS-RLX BRC,BREI-AB0134101G1A1,
88,WatchWarehouse,Panerai,PANERAI Radiomir 1940 3Days GMT Acciaio 45MM AUTO Men's Watch PAM0,WL12,https://raw.githubusercontent.com/AveryArtlife/gembreak-images/main/watches-only/WL12.png
89,WatchWarehouse,Omega,OMEGA Constellation 18k Yellow Gold 29MM Women's Watch 131.20.29.2,W1252,https://raw.githubusercontent.com/AveryArtlife/gembreak-images/main/watches-only/W1252.png
90,WatchWarehouse,Tag Heuer,Tag Heuer Carrera Chronograph Extreme Sport 44MM Titanium Blue,WW278,https://raw.githubusercontent.com/AveryArtlife/gembreak-images/main/watches-only/WW278.png
91,1916 (Manjos wholesale),Breitling,SS SOH B01 CHR44-SLV IX-BLK SUBS-BLK CER-OC BRC,BREI-AB0162121G1A1,
92,WatchWarehouse,Piaget,Piaget Sixtie Silver Dial 18kt Rose Gold & Steel Women's Watch G0A50301,WWNG0A50301,
93,WatchWarehouse,Omega,Omega Seamaster Planet Ocean 6000M Co-Axial Master Chronometer 45.5 mm Automatic Black Dial Fabric Strap Men's Watch 215.92.46.21.01.001,WWN215.92.46.21.01.001,
94,1916 (Manjos wholesale),Breitling,SS CHRMT B01 42-COPPER IX-BLK SUBS-SS RLX BRC,BREI-AB0134101K1A1,
95,WatchWarehouse,Tag Heuer,Tag Heuer Monaco Chronograph Black Dial Leather Strap Men's Watch CDW2150.FC8360,WWNCDW2150.FC8360,
96,1916 (Manjos wholesale),Breitling,SS PREM B01 CHR 42-BLK NUM-BLK ALG-DB,BREI-AB0145221B1P1,
97,1916 (Manjos wholesale),Breitling,SS PREM B01 CHR42-GRN NUM-GRN ALG-DB,BREI-AB0145371L1P2,
98,1916 (Manjos wholesale),Breitling,SS PREM B01 CHR 42-BLUE NUM-BRW ALG-DB,BREI-AB0145171C1P1,
99,WatchWarehouse,Omega,Omega Seamaster Planet Ocean 600M 42MM Black Dial Rubber Men's,WW70,https://raw.githubusercontent.com/AveryArtlife/gembreak-images/main/watches-only/WW70.png
100,1916 (Manjos wholesale),Breitling,SS CHRMT B01 NFL FALCONS 42-BLK IX-SLV SUBS-RLX BRC,BREI-AB01342B1B3A1,
101,WatchWarehouse,Chopard,Chopard Happy Sport 30mm 18kt Rose Gold Customs Diamond Bezel Women's Watch 274189-5001-CD,WWN274189-5001-CD,
102,WatchWarehouse,Omega,OMEGA De Ville Prestige AUTO SS 36.8MM Men's Watch 424.25.37.20.58,W1243,https://raw.githubusercontent.com/AveryArtlife/gembreak-images/main/watches-only/W1243.png
103,1916 (Manjos wholesale),Breitling,SS CHRMT B01 NFL SAINTS 42-BLK IX-SLV SUBS-RLX BRC,BREI-AB01342B1B4A1,
104,1916 (Manjos wholesale),Breitling,SS CHRMT B01 NFL PANTH 42-BLK IX-SLV SUBS-RLX BRC,BREI-AB01342B1B5A1,
105,WatchWarehouse,Jaeger LeCoultre,Jaeger LeCoultre Master Ultra Thin Moon Silver Dial Leather Strap Women's Watch Q1248420,WWNQ1248420,
106,1916 (Manjos wholesale),Breitling,SS CHRMT NFL BROWNS 42-BRW IX-SLV SUBS-SS RLX BRC,BREI-AB01342B1B6A1,
107,WatchWarehouse,Tag Heuer,Tag Heuer Carrera Chronograph Seafarer Beige Dial Stainless Steel Men's Watch CBS2016.EB0430,WWNCBS2016.EB0430,
108,1916 (Manjos wholesale),Breitling,SS SOH B01 CHR44-BLK IX-SLV SUB-BLK CER-BLK AERO-DB,BREI-AB0162121B1S1,
109,WatchWarehouse,Piaget,Piaget Possession Silver Dial Custom Double Row Diamond Bezel Steel Women's Watch G0A48390-CD2,WWNG0A48390-CD2,
110,1916 (Manjos wholesale),Breitling,SS CHRMT B01 NFL TITANS 42-DK BLUE IX-SLV SUBS-RLX BRC,BREI-AB01342B1C6A1,
111,WatchWarehouse,Omega,Omega De Ville Hour Vision Automatic Ss 41MM Brown Dial Men's,WW374,https://raw.githubusercontent.com/AveryArtlife/gembreak-images/main/watches-only/WW374.png
112,1916 (Manjos wholesale),Breitling,TI SPR AVG B01 CHR46-BLK IX-BLK MIL-DB,BREI-EB0148101B1X1,
113,1916 (Manjos wholesale),Breitling,SS CHRMT B01 42-SLV IX-BLK SUBS-BLK RLX-DB,BREI-AB0134101G1S2,
114,1916 (pre-owned),Cartier,Ronde — YG RONDE 34-SLV ROM-STRAP,CART-W1527951,
115,1916 (pre-owned),Cartier,Diabolo — YG DIABOLO 27-SLV ROM-STRAP,CART-W15X5856,
116,WatchWarehouse,Hublot,Hublot Big Bang 38mm Black Dial Diamond Bezel Rubber Strap Men's Watch 361.SX.1270.RX.1104,WWN361.SX.1270.RX.1104,
117,1916 (Manjos wholesale),Breitling,SS SOH CHR 44-SLV IX-BLK SUBS-BLK CER-BLK AERO RUB-DB,BREI-AB0162121G1S1,
118,1916 (Manjos wholesale),Breitling,SS CHRMT B01 NFL FALCONS 42-BLK IX-SLV SUBS-BLK RLX RUB-DB,BREI-AB01342B1B3S1,
119,WatchWarehouse,Piaget,Piaget Sixtie Silver Dial Diamond Bezel Steel Women's Watch G0A50300,WWNG0A50300,
120,1916 (Manjos wholesale),Breitling,S/RG SOH CHR 44-BLK IX-RG/BLK CER BEZ-OC BRC,BREI-U13313121B1A1,
121,1916 (Manjos wholesale),Breitling,SS CHRMT NFL SAINTS 42-BLK IX-SLV SUBS-BLK RLX RUB-DB,BREI-AB01342B1B4S1,
122,1916 (Manjos wholesale),Breitling,SS CHRMT NFL PANTHERS 42-BLK IX-SLV SUBS-BLK RLX RUB-DB,BREI-AB01342B1B5S1,
123,WatchWarehouse,Panerai,PANERAI Luminor Due 3 Days 45MM Automatic Men's Watch PAM00674,WL11,https://raw.githubusercontent.com/AveryArtlife/gembreak-images/main/watches-only/WL11.png
124,1916 (Manjos wholesale),Breitling,SS CHRMT B01 NFL BROWNS 42-BRWN IX-SLV SUBS-BLK RLX RUB-DB,BREI-AB01342B1B6S1,
125,WatchWarehouse,Bulgari,Bulgari Octo Velocissimo Automatic Black Steel Rubber Strap Men's Watch 103075,WWN103075,
126,WatchWarehouse,Omega,OMEGA De Ville Prestige AUTO 32.7MM MOP Dial Leather Women's Watch,W1238,https://raw.githubusercontent.com/AveryArtlife/gembreak-images/main/watches-only/W1238.png
127,1916 (Manjos wholesale),Breitling,SS CHRMT B01 NFL COLTS 42-BLUE IX-SLV SUBS-BLK RLX RUB-DB,BREI-AB01342B1C2S1,
128,1916 (Manjos wholesale),Breitling,SS CHRMT NFL TITANS 42-DK BLUE-SLV SUBS-BLK RLX RUB-DB,BREI-AB01342B1C6S1,
129,1916 (Manjos wholesale),Breitling,SS SOH B01 CHR44-BLUE-BLK SUB-BLK AERO-DB,BREI-AB0162121C1S1,
130,1916 (Manjos wholesale),Breitling,SS CHRMT B01 NFL CHARGERS 42-BLUE IX-SLV SUBS-BLK RLX RUB-DB,BREI-AB01342B1C8S1,
131,WatchWarehouse,TAG Heuer,TAG HEUER Monaco AUTO 39MM SS Blue Dial Men's Watch CBL2111.BA0644,W2127,https://raw.githubusercontent.com/AveryArtlife/gembreak-images/main/watches-only/W2127.png
132,WatchWarehouse,Omega,Omega Seamaster Aqua Terra Shades Automatic 38MM Men's Watch,WW574,https://raw.githubusercontent.com/AveryArtlife/gembreak-images/main/watches-only/WW574.png
133,1916 (pre-owned),Cartier,Cle De Cartier — SS CLE DE CARTIER31-SLV-DB,CART-W4CL0005,
134,1916 (Manjos wholesale),Breitling,BLKss SOH CHR 44-BLUE IX-BLK CER-BLK AERO RUB-DB,BREI-M13313101C1S1,
135,1916 (Manjos wholesale),Breitling,SS TOP TIME B01 FORD MUSTANG 41-GRN IX-BLK SUBS-OC BRC,BREI-AB01762A1L1A1,
136,WatchWarehouse,Omega,Omega Speedmaster Pilot Chronograph Black Dial Stainless Steel Men's Watch 332.10.41.51.01.002,WWN332.10.41.51.01.002,
137,WatchWarehouse,Tag Heuer,Tag Heuer Monaco Chronograph Blue Dial Leather Strap Men's Watch CDW2181.FC8360,WWNCDW2181.FC8360,
138,WatchWarehouse,Panerai,PANERAI Radiomir 3 Days Acciaio 47MM Special Edition Watch PAM0079,WL8,https://raw.githubusercontent.com/AveryArtlife/gembreak-images/main/watches-only/WL8.png
139,1916 (Manjos wholesale),Breitling,S/RG SOH B20 44-BLK IX-RG/BLK CER-SS OC BRC,BREI-UB2030121B1A1,
140,WatchWarehouse,TAG Heuer,TAG HEUER Carrera AUTO 43MM CHRONO SS Black Dial Men's Watch CV2A1,W2100,https://raw.githubusercontent.com/AveryArtlife/gembreak-images/main/watches-only/W2100.png
141,WatchWarehouse,Panerai,PANERAI Radiomir 1940 47MM SS Limited Edition Brown LTHR Watch PAM,WL10,https://raw.githubusercontent.com/AveryArtlife/gembreak-images/main/watches-only/WL10.png
142,WatchWarehouse,Panerai,Panerai Luminor Chrono Automatic White Dial Leather Strap Men's Watch PAM01218,WWNPAM01218,
143,1916 (Manjos wholesale),Breitling,SS TOP TIME B01 SHELBY COBRA 41-BLUE IX-SLV SUBS-OC BRC,BREI-AB01763A1C1A1,
144,WatchWarehouse,TAG Heuer,TAG HEUER Carrera Porsche Orange Racing AUTO 44MM Leather Men's Wa,W2103,https://raw.githubusercontent.com/AveryArtlife/gembreak-images/main/watches-only/W2103.png
145,1916 (Manjos wholesale),Breitling,SS TOP TIME B01 DEUS 41-BLK IX-SLV SUBS-OC BRC,BREI-AB01765A1B1A1,
146,1916 (Manjos wholesale),Breitling,SS TT B01 DEUS 41-BLK IX-SLV SUB-BLK LTH-DB,BREI-AB01765A1B1X1,
147,WatchWarehouse,TAG Heuer,TAG HEUER Monaco 39MM CHRONO AUTO Men's Watch CBL2113.FC6177,W2128,https://raw.githubusercontent.com/AveryArtlife/gembreak-images/main/watches-only/W2128.png
148,WatchWarehouse,Bulgari,Bulgari Lvcea Automatic Mother of Pearl Diamond Dial 18kt Rose Gold & Steel Women's Watch 102954,WWN102954,
149,1916 (Manjos wholesale),Breitling,SS AVG CHR GMT45-BLK-GRY SUBS-PROFIII BRC,BREI-A24315101B1A1,
150,WatchWarehouse,Omega,Omega Seamaster Diver 300M Automatic 42MM Black Dial Rubber Men's,WW71,https://raw.githubusercontent.com/AveryArtlife/gembreak-images/main/watches-only/WW71.png
151,WatchWarehouse,Omega,OMEGA Seamaster Aqua Terra 38MM SS Summer Blue Dial Men's Watch 22,W1237,https://raw.githubusercontent.com/AveryArtlife/gembreak-images/main/watches-only/W1237.png
152,WatchWarehouse,Omega,OMEGA Seamaster Auto 42 MM Blue Dial SS Men's Watch 210.30.42.20.0,W1256,https://raw.githubusercontent.com/AveryArtlife/gembreak-images/main/watches-only/W1256.png
153,WatchWarehouse,Chopard,Chopard Mille Miglia Classic Chronograph Automatic Silver Dial Black Leather Strap Men's Watch 168619-3005,WWN168619-3005,
154,WatchWarehouse,Chopard,Chopard Happy Sport Medium 36mm White Floating Diamond Dial Steel Women's Watch 278582-3002,WWN278582-3002,
155,WatchWarehouse,TAG Heuer,TAG HEUER Carrera Chronograph SS 39MM Blue Dial Men's Watch CBS221,W268,https://raw.githubusercontent.com/AveryArtlife/gembreak-images/main/watches-only/W268.png
156,1916 (pre-owned),IWC,Pilots Watches — SS PILOT SPITFIRE CHR LAUR 42-BLUE NUM-STRAP,IWC-IW3717-12,
157,1916 (Manjos wholesale),Breitling,TI SO SPR DIVE46-BLK/GRY-BLK CER-PRFIII BRC,BREI-E10379351B1E1,
158,WatchWarehouse,Chopard,Chopard Imperiale Automatic 40mm Custom Diamond Bezel Women's Watch 388531-3003-CD,WWN388531-3003-CD,
159,WatchWarehouse,Omega,Omega Seamaster Planet Ocean 600M GMT Black Dial Rubber & Leather Strap Men's Watch 215.33.44.22.01.001,WWN215.33.44.22.01.001,
160,WatchWarehouse,Omega,Omega Seamaster Olympic Timekeeper 39.5mm Men's Watch,WW375,https://raw.githubusercontent.com/AveryArtlife/gembreak-images/main/watches-only/WW375.png
161,WatchWarehouse,Omega,Omega Seamaster Automatic Ss 42MM Black Dial Men's Watch,WW917,https://raw.githubusercontent.com/AveryArtlife/gembreak-images/main/watches-only/WW917.png
162,WatchWarehouse,Bulgari,Bulgari Lvcea Brown Diamond Dial 18kt Rose Gold & Steel Women's Watch 102691,WWN102691,
163,1916 (Manjos wholesale),Breitling,TI SO SPR DIVER46-GRN/BLK CAMO-TI PRF III BRC,BREI-E10379D31L1E1,
164,WatchWarehouse,Tag Heuer,Tag Heuer Carrera Chronosprint X Porsche Special Edition Automatic Silver Dial Leather Strap Men's Watch CBS2011.FC6529,WWNCBS2011.FC6529,
165,1916 (Manjos wholesale),Breitling,SS AVG B01 CHR42-BLK IX-PROF III BRC,BREI-AB0146101B1A1,
166,1916 (Manjos wholesale),Breitling,SS AVG B01 CHR42-BLUE IX-BLK SUBS-PROFIII BRC,BREI-AB0146101C1A1,
167,WatchWarehouse,Omega,OMEGA Constellation Co-Axial 39MM Gray Dial Men's Watch 131.10.39.,W1258,https://raw.githubusercontent.com/AveryArtlife/gembreak-images/main/watches-only/W1258.png
168,WatchWarehouse,Omega,OMEGA Constellation Co-Axial AUTO 39MM SLVR Dial Men's Watch 131.1,W1253,https://raw.githubusercontent.com/AveryArtlife/gembreak-images/main/watches-only/W1253.png
169,WatchWarehouse,TAG Heuer,TAG HEUER Autavia Chronometer Flyback AUTO 42MM Men's Watch CBE511,W2109,https://raw.githubusercontent.com/AveryArtlife/gembreak-images/main/watches-only/W2109.png
170,1916 (Manjos wholesale),Breitling,SS CHRMT AUTO36-MOP IX/DIA-SS RLX BRC,BREI-A10380101A4A1,
171,WatchWarehouse,TAG Heuer,TAG HEUER Carrera Porsche Special Edition AUTO 44MM SS Men's Watch,W2104,https://raw.githubusercontent.com/AveryArtlife/gembreak-images/main/watches-only/W2104.png
172,1916 (pre-owned),IWC,Pilots Watches — SS PILOTS UTC ST.EXUP LE44-BRWN-STRAP,IWC-IW3261-04,
173,WatchWarehouse,Omega,OMEGA Constellation DOUBLE EAGLE 41MM CHRONO BLK Dial Watch 1519.5,W1259,https://raw.githubusercontent.com/AveryArtlife/gembreak-images/main/watches-only/W1259.png
174,1916 (Manjos wholesale),Breitling,SS AVG B01 CHR 44-BG IX-BLK SUBS-PROF III BRC,BREI-AB0147101A1A1,
175,1916 (Manjos wholesale),Breitling,SS AVG CHR GMT45-BLUE-BLK SUBS-BRC,BREI-A24315101C1A1,
176,WatchWarehouse,Omega,Omega Seamaster Diver 300M Black Dial 18K Rose Gold Rubber Strap Men's Watch 210.22.42.20.01.002,WWN210.22.42.20.01.002,
177,WatchWarehouse,Omega,Omega Seamaster Planet Ocean 600M Chronograph 45.5mm Black Dial Stainless Steel Men's Watch 215.30.46.51.01.002,WWN215.30.46.51.01.002,
178,WatchWarehouse,TAG Heuer,TAG HEUER Aquaracer Professional 1000 Superdiver 45MM Men's Watch,W2117,https://raw.githubusercontent.com/AveryArtlife/gembreak-images/main/watches-only/W2117.png
179,1916 (Manjos wholesale),Breitling,SS SOH CHR44-BLK-BLK CER-OC BRC,BREI-A13313121B1A1,
180,Creation Watches,Omega,Omega Seamaster Planet Ocean Stainless Steel Black Dial Automatic Diver's 215.30.44.21.01.002 600M Men's Watch,CR215.30.44.21.01.002,https://cdn.creationwatches.com/products/images/ebayimages/215.30.44.21.01.002.jpg
181,1916 (Manjos wholesale),Breitling,SS CHRMT 36-MOP IX/LAB DIA-RLX BRC,BREI-A10320101A1A1,
182,1916 (Manjos wholesale),Breitling,SS AVG CHR GMT45-BLK-GRY SUBS-BLK MILIT-TG,BREI-A24315101B1X1,
183,1916 (Manjos wholesale),Breitling,S/RG SOH B20 44-BLK IX-RG/BLK CER-BLK AERO CLS-DB,BREI-UB2030121B1S1,
184,WatchWarehouse,Piaget,Piaget Possession 34mm Silver Diamond Dial Steel Women's Watch G0A48390,WWNG0A48390,
185,WatchWarehouse,Omega,Omega De Ville Tresor Black Dial Leather Strap Men's Watch 435.13.40.22.01.001,WWN435.13.40.22.01.001,
186,WatchWarehouse,Piaget,Piaget Possession 29mm Silver Dial Diamond Bezel Leather Strap Women's Watch G0A48080,WWNG0A48080,
187,1916 (Manjos wholesale),Breitling,S/RG SOH B20 42-BLK IX-RG/BLK CER-BLK AERO RUB-DB,BREI-UB2010121B1S1,
188,1916 (pre-owned),IWC,Pilots Watches — SS PILOT CHR 41-GRN NUM-STRAP,IWC-IW3881-03,
189,WatchWarehouse,Omega,OMEGA Speedmaster Co-Axial CHRONO 38MM Leather Men's Watch 324.32.,W1246,https://raw.githubusercontent.com/AveryArtlife/gembreak-images/main/watches-only/W1246.png
190,WatchWarehouse,Grand Seiko,Grand Seiko Heritage Collection Automatic Blue Dial Stainless Steel Men's Watch SBGH353G,WWNSBGH353G,
191,WatchWarehouse,Bulgari,Bulgari BVLGARI BVLGARI Quartz 26mm 18kt Yellow Gold Leather Strap Women's Watch 103897,WWN103897,
192,WatchWarehouse,TAG Heuer,TAG HEUER Formula 1 Chronograph x Oracle Red Bull Racing 44MM Blue,W264,https://raw.githubusercontent.com/AveryArtlife/gembreak-images/main/watches-only/W264.png
193,WatchWarehouse,Omega,OMEGA Seamaster 42MM Auto Blue Dial Men's Watch 210.32.42.20.03.00,W1261,https://raw.githubusercontent.com/AveryArtlife/gembreak-images/main/watches-only/W1261.png
194,1916 (pre-owned),Cartier,Cle De Cartier — SS CLE DE CARTIER35-SLVrom-DIAM BEZ-STRAP,CART-W4CL0006,
195,1916 (pre-owned),Cartier,Tank — SRG TANK ANG 47X36-SVL ROM-BRC,CART-W5310006,
196,1916 (Manjos wholesale),Breitling,SS AVG CHR GMT45-BLUE-BLK SUB-BLUE MIL-TG,BREI-A24315101C1X1,
197,1916 (Manjos wholesale),Breitling,TI SO SPR DIVER46-GRN/BLK-GRN CER-GRN DPIV-DB,BREI-E10379D31L1S1,
198,1916 (Manjos wholesale),Breitling,SS AVG B01 CHR42-GRN-BLK SUB-GRN MIL-DB,BREI-AB0146101L1X1,
199,1916 (Manjos wholesale),Breitling,SS SOHII CHR44-BLK-BLK CER-BLK AC-DB,BREI-A13313121B1S1,
200,1916 (pre-owned),IWC,Portofino — SS PORTOF MOON37-MOP DIAIX-DIA BEZ-STRAP,IWC-IW4590-01,
201,WatchWarehouse,Chopard,CHOPARD Happy Sport 30MM 7 Floating Diamonds Women's Watch 278496-,WL17,https://raw.githubusercontent.com/AveryArtlife/gembreak-images/main/watches-only/WL17.png
202,1916 (Manjos wholesale),Breitling,SS SOH B31 44-GRN IX-GRN CER-GRN AERO-DB,BREI-AB3112361L1S1,
203,WatchWarehouse,Omega,OMEGA Seamaster 42MM Gray Dial Rubber Men's Watch 210.32.42.20.06.,W1260,https://raw.githubusercontent.com/AveryArtlife/gembreak-images/main/watches-only/W1260.png
204,1916 (Manjos wholesale),Breitling,SS AVG CHR45-BLUE-BLUE MIL-TG,BREI-A13317101C1X1,
205,1916 (Manjos wholesale),Breitling,SS NAVI AUTO35-MOP DIAM-RED ALG-TG,BREI-A17395211A1P5,
206,1916 (Manjos wholesale),Breitling,SS GALACTIC36-MOP DIAM-PILOT BRC,BREI-A37330121A1A1,
207,1916 (Manjos wholesale),Breitling,SS SOH CHR 44-BLUE IX-SS/BLUE CER-BLUE AERO-DB,BREI-A13313161C1S1,
208,1916 (Manjos wholesale),Breitling,SS SOH B20 44-BLK IX-BLK CER-OC BRC,BREI-AB2030121B1A1,
209,1916 (Manjos wholesale),Breitling,SS SOH B20 44-BLUE IX-BLUE CER-OC BRC,BREI-AB2030161C1A1,
210,1916 (Manjos wholesale),Breitling,SS SOH B20 42-BLK IX-BLK CER-OC BRC,BREI-AB2010121B1A1,
211,WatchWarehouse,Hublot,Hublot Classic Fusion Automatic 33mm Black Dial Titanium Women's Watch 585.NX.1170.NX,WWN585.NX.1170.NX,
212,WatchWarehouse,Chopard,Chopard Imperiale Automatic 29mm Silver Dial Leather Strap Women's Watch 388563-3005,WWN388563-3005,
213,1916 (Manjos wholesale),Breitling,SS SOH CHR 44-BLUE IX-SS/BLUE CER-OC BRC,BREI-A13313161C1A1,
214,1916 (pre-owned),Cartier,Ballon Bleu — SS B.BLEU MOON 37-SLV ROM-BRC,CART-WSBB0021,
215,WatchWarehouse,Chopard,Chopard Happy Sport Medium 36mm Floating Diamond Dial Black Satin Strap Women's Watch 278582-3001S,WWN278582-3001S,
216,WatchWarehouse,Tag Heuer,Tag Heuer Monaco Chronograph Automatic Blue Dial Leather Strap Men's Watch CBL2111.FC6453,WWNCBL2111.FC6453,
217,1916 (Manjos wholesale),Breitling,SS SO AUTO46-BLK-BLK CER-PROFIII BRC,BREI-A17378211B1A1,
218,WatchWarehouse,Tag Heuer,Tag Heuer Carrera Chronograph Porsche Special Edition Automatic Grey Dial Steel Men's Watch CBN2A1F.BA0643,WWNCBN2A1F.BA0643,
219,1916 (Manjos wholesale),Breitling,SS SOH B20 46-BLK IX-BLK CER-BLK AERO CLS-DB,BREI-AB2020121B1S1,
220,1916 (Manjos wholesale),Breitling,SS SO AUTO44-BLK-BLK CER-PRFIII BRC,BREI-A17376211B1A1,
221,1916 (Manjos wholesale),Breitling,SS SOH B20 46-GRN IX-BLK CER-BLK AERO RUB-DB,BREI-AB2020121L1S1,
222,1916 (Manjos wholesale),Breitling,SS SOH B20 44-BLK IX-BLK CER-BLK AERO-DB,BREI-AB2030121B1S1,
223,1916 (pre-owned),IWC,Aquatimer — SS AQ CHR COUSTEAU 44-BLUE-STRAP,IWC-IW3768-05,
224,WatchWarehouse,Tudor,TUDOR Black Bay CHRONO AUTO 41MM Fabric Strap Men's Watch M79360N-,WL16,https://raw.githubusercontent.com/AveryArtlife/gembreak-images/main/watches-only/WL16.png
225,1916 (Manjos wholesale),Breitling,SS NAVI AUTO35-MINT GRN-GRN ALG-DP,BREI-A17395361L1P2,
226,WatchWarehouse,Omega,Omega Speedmaster Professional Moonwatch Black Dial Nylon Strap Men's Watch 310.32.42.50.01.001,WWN310.32.42.50.01.001,
227,1916 (Manjos wholesale),Breitling,SS AVG GMT44-BLK-PRFIII BRC,BREI-A32320101B1A1,
228,WatchWarehouse,Omega,Omega Seamaster Planet Ocean 600M 43.5mm Black Dial Leather Strap Men's Watch 215.33.44.21.01.001,WWN215.33.44.21.01.001,
229,WatchWarehouse,Tag Heuer,Tag Heuer Carrera Chronograph Blue Dial Stainless Steel Men's Watch CBS2212.BA0048,WWNCBS2212.BA0048,
230,1916 (Manjos wholesale),Breitling,SS SOH B20 44-BLUE IX-BLUE CER-BLUE AERO-DB,BREI-AB2030161C1S1,
231,1916 (pre-owned),Cartier,Ballon Bleu — SRG B.BLEU28-PINK MOP ROM-BRC,CART-W6920034,
232,1916 (Manjos wholesale),Breitling,BLKti AVG SEA NM45-BLK NUM-BLK MILIT-TG,BREI-V17319101B1X1,
233,1916 (Manjos wholesale),Breitling,SS SO AUTO36-WHT-WHT CER-PROFIII BRC,BREI-A17377211A1A1,
234,WatchWarehouse,Bulgari,Bulgari Octo Roma Automatic Silver Dial 18k Rose Gold Leather Strap Men's Watch 102703,WWN102703,
235,1916 (Manjos wholesale),Breitling,SS SO AUTO46-BLK-BLK CER-BLK DPIV-DB,BREI-A17378211B1S1,
236,1916 (Manjos wholesale),Breitling,SS NAVI AUTO35-MINT GRN-GRN ALG-TG,BREI-A17395361L1P1,
237,1916 (Manjos wholesale),Breitling,SS AVG GMT45-BLUE-BLUE MILIT-DB,BREI-A32395101C1X2,
238,1916 (Manjos wholesale),Breitling,SS AVG B01 CHR 44-GRN IX-BLK SUBS-GRN MIL-DB,BREI-AB0147101L1X1,
239,Creation Watches,Omega,Omega Seamaster Rubber Strap Green Dial Automatic Diver's 210.32.42.20.10.001 300M Men's Watch,CR210.32.42.20.10.001,https://cdn.creationwatches.com/products/images/ebayimages/210.32.42.20.10.001.jpg
240,Creation Watches,Omega,Omega Seamaster Rubber Strap Blue Dial Automatic Diver's 210.32.42.20.03.001 300M Men's Watch,CR210.32.42.20.03.001,https://cdn.creationwatches.com/products/images/ebayimages/210.32.42.20.03.001.jpg
241,WatchWarehouse,Tudor,Tudor Black Bay Chrono Chronograph Black Dial Stainless Steel Men's Watch M79360N-0013,WWNM79360N-0013,
242,WatchWarehouse,Tag Heuer,Tag Heuer Carrera Chronograph Silver Dial Stainless Steel Men's Watch CBS2216.BA0048,WWNCBS2216.BA0048,
243,Creation Watches,Breitling,Breitling Avenger GMT Stainless Steel Blue Dial Automatic Diver's A32320101C1A1 300M Men's Watch,CRA32320101C1A1,https://cdn.creationwatches.com/products/images/ebayimages/A32320101C1A1.jpg
244,1916 (pre-owned),IWC,Portofino — SS PORTOF CHR 42-BLK IXROM-BRC,IWC-IW3910-10,
245,WatchWarehouse,Breitling,Breitling Navitimer 32 18kt Rose Gold Pearl Diamond Dial Leather Strap Women's Watch R77320E61A1P1,WWNR77320E61A1P1,
246,WatchWarehouse,Breitling,BREITLING Superocean Heritage B20 Automatic 42MM Black Rubber Men',W1130,https://raw.githubusercontent.com/AveryArtlife/gembreak-images/main/watches-only/W1130.png
247,WatchWarehouse,Breitling,Breitling Chronomat B01 42 Chronograph Automatic Green Dial Steel Men's Watch AB0134101L2A1,WWNAB0134101L2A1,
248,WatchWarehouse,Breitling,Breitling Chronomat Quartz 32 Diamond Dial & Bezel Steel Women's Watch A77310591A1A1,WWNA77310591A1A1,
249,WatchWarehouse,Tudor,Tudor Black Bay Chrono White Dial Stainless Steel Men's Watch M79360N-0012,WWNM79360N-0012,
250,1916 (pre-owned),IWC,Aquatimer — SS VINT AQ 44-BLK IX-STRAP,IWC-IW3231-01,
251,WatchWarehouse,Breitling,BREITLING Chronomat SS 32MM Diamond MOP Dial Women's Watch A773101,W153,https://raw.githubusercontent.com/AveryArtlife/gembreak-images/main/watches-only/W153.png
252,WatchWarehouse,TAG Heuer,TAG HEUER Formula 1 Chronograph 44MM Black/Pink Dial Titanium Rubb,W262,https://raw.githubusercontent.com/AveryArtlife/gembreak-images/main/watches-only/W262.png
253,WatchWarehouse,Longines,LONGINES Pilot Majetek Pioneer Edition Automatic 43MM Titanium Men,W1368,https://raw.githubusercontent.com/AveryArtlife/gembreak-images/main/watches-only/W1368.png
254,WatchWarehouse,Piaget,Piaget Possession Diamond Dial Blue Leather Strap Women's Watch G0A47090,WWNG0A47090,
255,WatchWarehouse,Breitling,Breitling Avenger Automatic 42MM Anthracite Leather Men's Watch,WW352,https://raw.githubusercontent.com/AveryArtlife/gembreak-images/main/watches-only/WW352.png
256,WatchWarehouse,Breitling,BREITLING Navitimer AUTO 41MM Blue Dial Leather Men's Watch A17329,W1214,https://raw.githubusercontent.com/AveryArtlife/gembreak-images/main/watches-only/W1214.png
257,WatchWarehouse,Chopard,Chopard Happy Sport 30mm Diamond White Dial Leather Strap Women's Watch 278590-3001S-CD,WWN278590-3001S-CD,
258,Creation Watches,Omega,Omega Seamaster Rubber Strap Black Dial Automatic Diver's 210.32.42.20.01.001 300M Men's Watch,CR210.32.42.20.01.001,https://cdn.creationwatches.com/products/images/ebayimages/210.32.42.20.01.001.jpg
259,WatchWarehouse,Omega,Omega Seamaster Diver 300M Automatic Black Dial Rubber Strap Men's Watch 210.32.42.20.01.003,WWN210.32.42.20.01.003,
260,WatchWarehouse,Chopard,Chopard Happy Sport Medium 36mm White Diamond Dial Rubber Strap Women's Watch 278582-3001,WWN278582-3001,
261,WatchWarehouse,Chopard,Chopard Imperiale Automatic 29mm Mother of Pearl Dial Steel Women's Watch 388563-3006,WWN388563-3006,
262,WatchWarehouse,Breitling,BREITLING Superocean AUTO 42MM Green Dial Rubber Men's Watch N1737,W1215,https://raw.githubusercontent.com/AveryArtlife/gembreak-images/main/watches-only/W1215.png
263,WatchWarehouse,Omega,Omega Seamaster Aqua Terra 150m Master Co-Axial Black Dial Stainless Steel Men's Watch 220.10.41.21.01.001,WWN220.10.41.21.01.001,
264,Creation Watches,Oris,Oris ProPilot X Titanium Multicolor Dial Automatic 01-400-7778-7150-07-7-20-01TLC 100M Men's Watch,CR01-400-7778-7150-07-7-20-01TLC,https://cdn.creationwatches.com/products/images/ebayimages/01-400-7778-7150-07-7-20-01TLC.jpg
265,WatchWarehouse,Bulgari,Bulgari Black Chronograph Automatic Men's Watch 102043,WWN102043,
266,WatchWarehouse,Breitling,BREITLING Chronomat Automatic SS 36MM Blue Dial Unisex Watch A1038,W1103,https://raw.githubusercontent.com/AveryArtlife/gembreak-images/main/watches-only/W1103.png
267,WatchWarehouse,Tudor,Tudor Pelagos Left Hand Diver Automatic Black Dial Titanium Men's Watch M25610TNL-0001,WWNM25610TNL-0001,
268,1916 (pre-owned),IWC,Pilots Watches — SS SPITFIRE CHR43-GRY-BRC,IWC-IW3878-04,
269,WatchWarehouse,Breitling,Breitling Avenger Automatic Gmt 44MM Black Dial Men's Watch,WW466,https://raw.githubusercontent.com/AveryArtlife/gembreak-images/main/watches-only/WW61.png
270,WatchWarehouse,Breitling,BREITLING Superocean Automatic 46MM Super Diver Titanium Men's Wat,W117,https://raw.githubusercontent.com/AveryArtlife/gembreak-images/main/watches-only/W117.png
271,WatchWarehouse,Tudor,Tudor Black Bay 36 Automatic Silver Dial Steel and Gold Women's Watch M79643-0002,WWNM79643-0002,
272,WatchWarehouse,Breitling,Breitling Chronomat B31 Automatic 40 Green Dial Stainless Steel Men's Watch AB3114101L1A1,WWNAB3114101L1A1,
273,WatchWarehouse,Breitling,Breitling Chronomat Automatic 36 Mother of Pearl Diamond Dial Stainless Steel Women's Watch A10320101A1A1,WWNA10320101A1A1,
274,WatchWarehouse,Breitling,BREITLING Chronomat Quartz SS 32MM Green Dial Women's Watch A77310,W1133,https://raw.githubusercontent.com/AveryArtlife/gembreak-images/main/watches-only/W1133.png
275,1916 (Manjos wholesale),Breitling,BRTlgt END PRO STANFORD44-BLK-BLK DP III-TG,BREI-X823109C1B1S1,
276,1916 (pre-owned),IWC,Pilots Watches — SS PILOTS MARK XX 40-BLK NUM-STRAP,IWC-IW3282-01,
277,1916 (pre-owned),IWC,Pilots Watches — SS MARK XVIII LPP ED 40-BLUE-STRAP,IWC-IW3270-10,
278,1916 (pre-owned),IWC,Portofino — SS PORTOF CHR42-BLK IXROM-STRAP,IWC-IW3910-08,
279,WatchWarehouse,Omega,Omega Seamaster Diver 300M Blue Dial Rubber Strap Men's Watch 210.32.42.20.03.001,WWN210.32.42.20.03.001,
280,WatchWarehouse,Breitling,Breitling Premier B01 Chronograph 42 Green Dial Stainless Steel Men's Watch AB0145371L1A1,WWNAB0145371L1A1,
281,WatchWarehouse,Breitling,BREITLING Superocean SS Automatic 36MM White Dial Women's Watch A1,W1138,https://raw.githubusercontent.com/AveryArtlife/gembreak-images/main/watches-only/W1138.png
282,WatchWarehouse,Breitling,Breitling Avenger Automatic Gmt 44MM Blue Dial Men's Watch,WW61,https://raw.githubusercontent.com/AveryArtlife/gembreak-images/main/watches-only/WW352.png
283,Creation Watches,Tag Heuer,Tag Heuer Formula 1 Chronograph Rubber Strap Black Dial Automatic Diver's CBZ2084.FT8097 200M Men's Watch,CRCBZ2084.FT8097,https://cdn.creationwatches.com/products/images/ebayimages/CBZ2084.FT8097.jpg
284,WatchWarehouse,Omega,Omega Speedmaster Co-Axial Chronograph 38mm Silver Dial Stainless Steel Men's Watch 324.30.38.50.02.001,WWN324.30.38.50.02.001,
285,WatchWarehouse,Tudor,Tudor Black Bay GMT S&G Automatic Black Dial Leather Strap Men's Watch M79833MN-0003,WWNM79833MN-0003,
286,WatchWarehouse,Breitling,BREITLING Superocean Automatic Stainless Steel 46MM Black Dial Men,W182,https://raw.githubusercontent.com/AveryArtlife/gembreak-images/main/watches-only/W182.png
287,1916 (pre-owned),IWC,Portofino — SS PORTF CHR 41-BLK IX-STRAP,IWC-IW3783-03,
288,WatchWarehouse,Breitling,BREITLING Superocean Automatic Chronometer 44MM Men's Watch A17376,W1191,https://raw.githubusercontent.com/AveryArtlife/gembreak-images/main/watches-only/W1191.png
289,WatchWarehouse,Breitling,BREITLING Chronomat Quartz 28MM Pink MOP Dial SS Women's Watch A72,W183,https://raw.githubusercontent.com/AveryArtlife/gembreak-images/main/watches-only/W183.png
290,WatchWarehouse,TAG Heuer,TAG HEUER Formula 1 Chronograph Automatic 44MM Black/Red Titanium,W258,https://raw.githubusercontent.com/AveryArtlife/gembreak-images/main/watches-only/W258.png
291,WatchWarehouse,Breitling,BREITLING Chronomat Quartz 28MM 12 Diamond Blue MOP Dial Women's W,W189,https://raw.githubusercontent.com/AveryArtlife/gembreak-images/main/watches-only/W189.png
292,WatchWarehouse,Breitling,BREITLING Superocean Automatic 36MM White Unisex Watch A17377211A1,W1184,https://raw.githubusercontent.com/AveryArtlife/gembreak-images/main/watches-only/W1184.png
293,WatchWarehouse,Longines,LONGINES Conquest Automatic 42MM Two-Tone 18K Rose Gold Men's Watc,W1383,https://raw.githubusercontent.com/AveryArtlife/gembreak-images/main/watches-only/W1383.png
294,Creation Watches,Oris,Oris Propilot X Calibre 400 Titanium Salmon Dial Automatic 01-400-7778-7158-07-7-20-01TLC 100M Unisex Watch,CR01-400-7778-7158-07-7-20-01TLC,https://cdn.creationwatches.com/products/images/ebayimages/01-400-7778-7158-07-7-20-01TLC.jpg
295,Creation Watches,Oris,Oris Big Crown Pointer Date Leather Strap Blue Dial Automatic 01-473-7786-4065-07-5-19-22FC Men's Watch,CR01-473-7786-4065-07-5-19-22FC,https://cdn.creationwatches.com/products/images/ebayimages/01-473-7786-4065-07-5-19-22FC.jpg
296,1916 (pre-owned),Cartier,Pasha — SS PASHA SEA CHR37-SLV IXNUM-RUB BRC,CART-W3140005,
297,WatchWarehouse,Chopard,Chopard Happy Sport 30mm White Floating Diamond Dial Satin Strap Women's Watch 278590-3001S,WWN278590-3001S,
298,WatchWarehouse,Bulgari,Bulgari BVLGARI BVLGARI 41mm Black Dial Steel Men's Watch 103540,WWN103540,
299,1916 (Manjos wholesale),Breitling,BRlt ENDUR 44-BLK-RED DP3-TG,BREI-X82310D91B1S1,
300,WatchWarehouse,TAG Heuer,TAG HEUER Aquaracer Professional 300 GMT 42MM Blue Dial Rubber Men,W286,https://raw.githubusercontent.com/AveryArtlife/gembreak-images/main/watches-only/W286.png
301,WatchWarehouse,Longines,LONGINES Spirit Zulu Time Automatic 39MM Anthracite Dial Men's Wat,W1484,https://raw.githubusercontent.com/AveryArtlife/gembreak-images/main/watches-only/W1484.png
302,WatchWarehouse,Tag Heuer,Tag Heuer Carrera Chronograph Automatic Black Dial Leather Strap Men's Watch CV201AP.FC6429,WWNCV201AP.FC6429,
303,WatchWarehouse,Breitling,BREITLING Avenger Automatic SS 42MM Green Dial Men's Watch A173281,W1114,https://raw.githubusercontent.com/AveryArtlife/gembreak-images/main/watches-only/W1114.png
304,WatchWarehouse,Breitling,Breitling Top Time B31 Automatic Blue Dial Stainless Steel Men's Watch AB3113A71C1A1,WWNAB3113A71C1A1,
305,WatchWarehouse,Breitling,BREITLING Superocean Automatic 44MM Green Dial Rubber Men's Watch,W122,https://raw.githubusercontent.com/AveryArtlife/gembreak-images/main/watches-only/W122.png
306,WatchWarehouse,Omega,Omega De Ville Prestige Co-Axial Master Chronometer 40mm Silver Dial Stainless Steel Men's Watch 434.10.40.20.02.001,WWN434.10.40.20.02.001,
307,WatchWarehouse,Breitling,Breitling Top Time B01 Ford Thunderbird Automatic Chronograph White Dial Steel Men's Watch AB01766A1A1A1,WWNAB01766A1A1A1,
308,Creation Watches,Oris,Oris Divers Sixty-Five Chronograph Leather Strap Black Dial Automatic 01-771-7791-4054-07-6-20-01 100M Men's Watch,CR01-771-7791-4054-07-6-20-01,https://cdn.creationwatches.com/products/images/ebayimages/01-771-7791-4054-07-6-20-01.jpg
309,1916 (pre-owned),Cartier,Pasha — SS PASHA C GMT35-WHT MOP-DB,CART-W3107199,
310,WatchWarehouse,Bulgari,Bulgari Lvcea Automatic Blue Diamond Dial Steel Women's Watch 102564,WWN102564,
311,WatchWarehouse,Tudor,Tudor Black Bay 41 Automatic Blue Dial Steel Men's Watch M79680-0002,WWNM79680-0002,
312,WatchWarehouse,Tudor,Tudor Black Bay 68 Automatic Silver Dial Stainless Steel Men's Watch M7943A1A0NU-0002,WWNM7943A1A0NU-0002,
313,Creation Watches,Tag Heuer,Tag Heuer Aquaracer Professional Date Titanium Green Dial Automatic Diver's WBP208B.BF0631 300M Men's Watch,CRWBP208B.BF0631,https://cdn.creationwatches.com/products/images/ebayimages/WBP208B.BF0631.jpg
314,WatchWarehouse,Tag Heuer,Tag Heuer Carrera Calibre 16 Chronograph Automatic Blue Dial Stainless Steel Men's Watch CV201AR.BA0715,WWNCV201AR.BA0715,
315,1916 (pre-owned),Cartier,Cle De Cartier — SS CLE31-SILV ROM-BRC,CART-WSCL0005,
316,WatchWarehouse,Tag Heuer,Tag Heuer Aquaracer Professional 500 Date Limited Edition Black Dial Titanium Men's Watch WBP5182.BF0010,WWNWBP5182.BF0010,
317,WatchWarehouse,Longines,Longines Primaluna Moonphase Automatic Ivory Dial 18k Yellow Gold & Steel Women's Watch L8.126.5.79.7,WWNL8.126.5.79.7,
318,WatchWarehouse,Bulgari,Bulgari Bulgari Aluminum Chronograph Black Dial Rubber Strap Men's Watch 103868,WWN103868,
319,1916 (pre-owned),Cartier,Pasha — SS PASHA SEA CHR 38-SLV-BRC,CART-W31030H3,
320,1916 (pre-owned),Cartier,Ballon Bleu — SS B.BLEU28-SILV-BRAC,CART-W69010Z4,
321,WatchWarehouse,Breitling,Breitling Navitimer Automatic 41 GMT Blue Dial Leather Strap Men's Watch A32310171C1P1,WWNA32310171C1P1,
322,1916 (pre-owned),Cartier,Tank — SS TANK FRANC 25X21-SLV ROM-BRC,CART-WSTA0065,
323,WatchWarehouse,TAG Heuer,TAG HEUER Aquaracer 36MM AUTO Diamond SS Women's Watch WBP231K.BA0,W2106,https://raw.githubusercontent.com/AveryArtlife/gembreak-images/main/watches-only/W2106.png
324,Creation Watches,Tag Heuer,Tag Heuer Formula 1 Chronograph Automatic Tachymeter CAZ2012.BA0876 Men's Watch,CRCAZ2012.BA0876,https://cdn.creationwatches.com/products/images/ebayimages/CAZ2012.BA0876.jpg
325,WatchWarehouse,TAG Heuer,TAG HEUER Aquaracer 32MM MOP Diamond Dial Women's Watch WBD1322.BB,W2132,https://raw.githubusercontent.com/AveryArtlife/gembreak-images/main/watches-only/W2132.png
326,WatchWarehouse,Longines,LONGINES Conquest Chronograph SS 42MM Silver Dial Men's Watch L3.8,W1352,https://raw.githubusercontent.com/AveryArtlife/gembreak-images/main/watches-only/W1352.png
327,WatchWarehouse,Breitling,Breitling Navitimer Automatic 41 Green Dial Stainless Steel Men's Watch A17329371L1A1,WWNA17329371L1A1,
328,WatchWarehouse,Breitling,Breitling Superocean Heritage Automatic 42 Black Dial Rubber Strap Men's Watch AB3111241B1S1,WWNAB3111241B1S1,
329,WatchWarehouse,Breitling,Breitling Navitimer Automatic 41 Red Dial Leather Strap Men's Watch A173265A1K1P2,WWNA173265A1K1P2,
330,WatchWarehouse,Longines,Longines Master Collection Automatic Ss 38.5mm Yellow-gold,WW675,https://raw.githubusercontent.com/AveryArtlife/gembreak-images/main/watches-only/WW675.png
331,WatchWarehouse,Bulgari,Bulgari Aluminium Chronograph Blue Dial Rubber Strap Men's Watch 104234,WWN104234,
332,WatchWarehouse,Longines,LONGINES Conquest Chronograph 42MM Silver Dial Rubber Men's Watch,W1351,https://raw.githubusercontent.com/AveryArtlife/gembreak-images/main/watches-only/W1351.png
333,WatchWarehouse,Breitling,Breitling Superocean Automatic 42 Silver Dial Stainless Steel Men's Watch A17375E71G1A1,WWNA17375E71G1A1,
334,WatchWarehouse,Tag Heuer,Tag Heuer Carrera Chronograph Day-Date Automatic Black Dial Rubber Strap Men's Watch CBN2A1AA.FT6228,WWNCBN2A1AA.FT6228,
335,WatchWarehouse,TAG Heuer,TAG HEUER Aquaracer 300M Automatic 43MM Men's Watch WBP201A.BA0632,W2131,https://raw.githubusercontent.com/AveryArtlife/gembreak-images/main/watches-only/W2131.png
336,Creation Watches,Oris,Oris Divers Sixty Five 12H Leather Strap Black Dial Automatic 01 400 7772 4054-07 5 20 82 100M Men's Watch,CR01-400-7772-4054-07-5-20-82,https://cdn.creationwatches.com/products/images/ebayimages/01-400-7772-4054-07-5-20-82.jpg
337,WatchWarehouse,Breitling,Breitling Endurance Pro 38MM Purple Rubber Unisex Watch,WW341,https://raw.githubusercontent.com/AveryArtlife/gembreak-images/main/watches-only/WW341.png
338,WatchWarehouse,Tag Heuer,Tag Heuer Carrera Date Automatic Diamond Purple Dial Stainless Steel Women's Watch WBN2319.BA0001,WWNWBN2319.BA0001,
339,WatchWarehouse,Omega,Omega De Ville Tresor MinI White Dial Diamond Case Leather Strap Women's Watch 428.17.26.60.04.009,WWN428.17.26.60.04.009,
340,Creation Watches,Tag Heuer,Tag Heuer Aquaracer Professional 300 Grey Dial Automatic Diver's WBP201C.BA0632 300M Men's Watch,TAG-NRCANN,https://cdn.creationwatches.com/products/images/ebayimages/WBP201C.BA0632.jpg
341,WatchWarehouse,Tag Heuer,Tag Heuer Carrera Quartz Grey Dial Diamond Bezel Leather Strap Women's Watch WAR1115.FC6392,WWNWAR1115.FC6392,
342,WatchWarehouse,Tag Heuer,Tag Heuer Carrera Date Automatic Silver Diamond Dial Steel Women's Watch WBN231B.BA0001,WWNWBN231B.BA0001,
343,WatchWarehouse,Tag Heuer,Tag Heuer Carrera Date Twin-Time Automatic Green Dial Stainless Steel Men's Watch WDA2114.BA0043,WWNWDA2114.BA0043,
344,WatchWarehouse,Breitling,Breitling Chronomat Automatic 36 Blue Dial Stainless Steel Women's Watch A10380101C1A1,WWNA10380101C1A1,
345,WatchWarehouse,Breitling,Breitling Navitimer Automatic 41 Blue Dial Leather Strap Men's Watch A17329161C1P1,WWNA17329161C1P1,
346,WatchWarehouse,Longines,Longines Master Collection Moonphase Automatic 40MM Blue Diamond,WW134,https://raw.githubusercontent.com/AveryArtlife/gembreak-images/main/watches-only/WW134.png
347,WatchWarehouse,Longines,Longines Primaluna Custom Diamond  Mother of Pearl Diamond Dial Women's Watch L8.124.4.87.6-CD,WWNL8.124.4.87.6-CD,
348,WatchWarehouse,Tudor,TUDOR Royal Black Diamond Dial 34MM SS Women's Watch M28400-0004,WL15,https://raw.githubusercontent.com/AveryArtlife/gembreak-images/main/watches-only/WL15.png
349,WatchWarehouse,Breitling,Breitling Classic Avi Chronograph 42 P-51 Mustang Black Dial Steel Bracelet Men's Watch A233803A1B1A1,WWNA233803A1B1A1,
350,1916 (pre-owned),Cartier,Santos — SS SANT DEMOIS 26-SLV ROM-BRC,CART-W25065Z5,
351,1916 (pre-owned),Cartier,Roadster — SS ROAD37-SLV ROM-BRC,CART-W62016V3,
352,Creation Watches,Tag Heuer,Tag Heuer Carrera Stainless Steel Black Dial Automatic WBN2113.BA0639 100M Men's Watch,CRWBN2113.BA0639,https://cdn.creationwatches.com/products/images/ebayimages/WBN2113.BA0639.jpg
353,Creation Watches,Tag Heuer,Tag Heuer Carrera Stainless Steel Blue Dial Automatic WBN2012.BA0640 100M Men's Watch,CRWBN2012.BA0640,https://cdn.creationwatches.com/products/images/ebayimages/WBN2012.BA0640.jpg
354,1916 (pre-owned),Cartier,Ronde — SS RONDE SOLO42-SLV ROM-STRAP,CART-W6701010,
355,WatchWarehouse,Longines,Longines Elegant Automatic Ss 37MM White Dial Two-tone Unisex,WW682,https://raw.githubusercontent.com/AveryArtlife/gembreak-images/main/watches-only/WW682.png
356,WatchWarehouse,Breitling,Breitling Superocean Automatic 46 Super Diver Black Dial Titanium Men's Watch E10379351B1E1,WWNE10379351B1E1,
357,1916 (pre-owned),Cartier,Panthere — SS PANTH 25X30-SILV ROM-YG BEZ-STRAP,CART-W250295A,
358,WatchWarehouse,Tag Heuer,Tag Heuer Carrera Day-Date Automatic Black Dial Stainless Steel Men's Watch WDA2111.BA0043,WWNWDA2111.BA0043,
359,WatchWarehouse,Breitling,BREITLING Endurance Pro Chronometer Quartz 44MM Black Rubber Men's,W1104,https://raw.githubusercontent.com/AveryArtlife/gembreak-images/main/watches-only/W1104.png
360,WatchWarehouse,Longines,Longines Spirit Flyback Automatic Chronograph Blue Dial Stainless Steel Men's Watch L3.821.4.93.6,WWNL3.821.4.93.6,
361,WatchWarehouse,Breitling,Breitling Superocean Automatic 44 Green Dial Stainless Steel Men's Watch A17376A31L1A1,WWNA17376A31L1A1,
362,WatchWarehouse,Tag Heuer,Tag Heuer Formula 1 Automatic Chronograph Grey Dial Ceramic & Stainless Steel Men's Watch CAZ2012.BA0970,WWNCAZ2012.BA0970,
363,WatchWarehouse,Tudor,Tudor 1926 36mm Midsize Two-Tone 18K Rose Gold & Steel Women's Watch M91451-0009,WWNM91451-0009,
364,WatchWarehouse,Tag Heuer,Tag Heuer Carrera Day-Date Automatic Green Dial Stainless Steel Men's Watch WDA2115.BA0043,WWNWDA2115.BA0043,
365,WatchWarehouse,Breitling,Breitling Superocean Automatic 44 Black Dial Stainless Steel Men's Watch A17376211B1A1,WWNA17376211B1A1,
366,WatchWarehouse,Omega,Omega De Ville Prestige Co-Axial 39.5mm Automatic Silver Dial Steel Men's Watch 424.10.40.20.02.002,WWN424.10.40.20.02.002,
367,1916 (pre-owned),Cartier,Tank — SS TANK FRANC QTZ 25X30-SLV DIA-BRC,CART-WE110007,
368,WatchWarehouse,Breitling,Breitling Premier Lady 32 Mother of Pearl Dial Stainless Steel Women's Watch A77330121A2A1,WWNA77330121A2A1,
369,WatchWarehouse,Tudor,Tudor Glamour Date Silver Diamond-Set Dial Stainless Steel Unisex Watch M51000-0004,TUDO-W2139,
370,WatchWarehouse,Breitling,Breitling Navitimer 32 Pink Pearl Diamond Dial Leather Strap Women's Watch A77320D91K1P1,WWNA77320D91K1P1,
371,WatchWarehouse,Longines,LONGINES HydroConquest GMT Automatic 41MM Brown Dial Men's Watch L,W1392,https://raw.githubusercontent.com/AveryArtlife/gembreak-images/main/watches-only/W1392.png
372,Creation Watches,Tag Heuer,TAG Heuer Carrera Stainless Steel Turquoise Blue Dial Automatic WBN2316.BA0001 Women's Watch,TAG-A10771,https://cdn.creationwatches.com/products/images/ebayimages/WBN2316.BA0001.jpg
373,WatchWarehouse,Breitling,Breitling Superocean Automatic 36 Turquoise Dial Stainless Steel Unisex Watch A17377211C1A1,WWNA17377211C1A1,
374,WatchWarehouse,Breitling,Breitling Superocean Automatic 46 Blue Dial Rubber Strap Men's Watch A17378E71C1S1,WWNA17378E71C1S1,
375,WatchWarehouse,Longines,LONGINES Record Automatic 40MM White Dial Leather Men's Watch L2.8,W1282,https://raw.githubusercontent.com/AveryArtlife/gembreak-images/main/watches-only/W1282.png
376,WatchWarehouse,Tag Heuer,Tag Heuer Formula 1 43MM Chrono Quartz Men's Watch Caz101ag.ba0842,WW866,https://raw.githubusercontent.com/AveryArtlife/gembreak-images/main/watches-only/WW866.png
377,1916 (pre-owned),Cartier,Pasha — SS  MISS PASHA 27-PNK IXNUM-STRAP,CART-W3140026,
378,WatchWarehouse,Cartier,Cartier Ronde Must De Cartier Silver Dial Leather Strap Women's Watch WSRN0030,CART-N10796,
379,WatchWarehouse,Breitling,BREITLING Endurance Pro IRONMAN Edition Chronometer Quartz 44MM Re,W1112,https://raw.githubusercontent.com/AveryArtlife/gembreak-images/main/watches-only/W1112.png
380,WatchWarehouse,Longines,LONGINES Spirit Zulu Time Chronometer 39MM Black Dial Leather Men',W1355,https://raw.githubusercontent.com/AveryArtlife/gembreak-images/main/watches-only/W1355.png
381,WatchWarehouse,TAG Heuer,TAG HEUER Formula 1 X Red Bull Racing Quartz 43MM SS Men's Watch C,W2113,https://raw.githubusercontent.com/AveryArtlife/gembreak-images/main/watches-only/W2113.png
382,WatchWarehouse,Longines,LONGINES Symphonette Quartz SS Oval MOP 56 Diamond Women's Watch L,W1389,https://raw.githubusercontent.com/AveryArtlife/gembreak-images/main/watches-only/W1389.png
383,WatchWarehouse,Breitling,BREITLING Endurance Pro Chronograph Quartz 38MM White Rubber Women,W1125,https://raw.githubusercontent.com/AveryArtlife/gembreak-images/main/watches-only/W1125.png
384,WatchWarehouse,Tag Heuer,Tag Heuer Aquaracer Lady 300M 35MM White Ceramic Diamond Women's Watch WAY1396.BH0717,WWNWAY1396.BH0717,
385,WatchWarehouse,Breitling,Breitling Superocean Automatic 44 Turquoise Dial Rubber Strap Men's Watch A17376211L2S1,WWNA17376211L2S1,
386,WatchWarehouse,Bulgari,Bulgari Bulgari Aluminum Pepsi GMT White Dial Rubber Strap Men's Watch 103963,WWN103963,
387,WatchWarehouse,Longines,LONGINES Mini DolceVita Quartz 21.5MM White Dial Diamond Women's W,W1292,https://raw.githubusercontent.com/AveryArtlife/gembreak-images/main/watches-only/W1292.png
388,WatchWarehouse,Breitling,BREITLING Endurance Pro 38MM Red Rubber Ladies Watch X83310D91B2S1,W1100,https://raw.githubusercontent.com/AveryArtlife/gembreak-images/main/watches-only/W1100.png
389,WatchWarehouse,Longines,Longines Master Collection Moonphase Automatic 42MM 13 Diamond,WW117,https://raw.githubusercontent.com/AveryArtlife/gembreak-images/main/watches-only/WW714.png
390,WatchWarehouse,Longines,Longines Elegant Automatic Ss 37MM Black Dial Two-tone Unisex,WW683,https://raw.githubusercontent.com/AveryArtlife/gembreak-images/main/watches-only/WW682.png
391,WatchWarehouse,Hamilton,HAMILTON Ventura Edge Dune Limited Edition Men's Watch H24624330,W227,https://raw.githubusercontent.com/AveryArtlife/gembreak-images/main/watches-only/W227.png
392,WatchWarehouse,Tag Heuer,Tag Heuer Autavia Calibre 5 Chronometer Automatic Blue Dial Leather Strap Men's Watch WBE5116.FC8266,WWNWBE5116.FC8266,
393,WatchWarehouse,Longines,LONGINES Symphonette Quartz 34MM Silver Dial 56 Diamond Bezel Leat,W1293,https://raw.githubusercontent.com/AveryArtlife/gembreak-images/main/watches-only/W1293.png
394,WatchWarehouse,Breitling,Breitling Superocean Automatic 42 Black Dial Rubber Strap Men's Watch A17375211B1S1,WWNA17375211B1S1,
395,WatchWarehouse,Longines,Longines DolceVita Quartz Diamond Rose Gold & Steel Women's Watch L5.255.5.89.7,WWNL5.255.5.89.7,
396,WatchWarehouse,Tag Heuer,Tag Heuer Link Automatic Silver Dial Stainless Steel Men's Watch WBC2111.BA0603,WWNWBC2111.BA0603,
397,WatchWarehouse,Longines,Longines Conquest Automatic Chronograph Silver Dial Stainless Steel Men's Watch L3.835.4.72.6,WWNL3.835.4.72.6,
398,WatchWarehouse,Tag Heuer,Tag Heuer Carrera Calibre 5 Day-Date Automatic Blue Dial Stainless Steel Men's Watch WBN2012.BA0640,WWNWBN2012.BA0640,
399,WatchWarehouse,Longines,LONGINES Conquest GMT Automatic SS 42MM Silver Dial Men's Watch L2,W1382,https://raw.githubusercontent.com/AveryArtlife/gembreak-images/main/watches-only/W1382.png
400,WatchWarehouse,Longines,Longines Spirit Flyback Chronograph Black Dial Fabric Strap Men's Watch L3.821.4.53.9,WWNL3.821.4.53.9,
401,WatchWarehouse,Breitling,Breitling Navitimer 32 Blue Mother of Pearl Diamond Dial Leather Strap Women's Watch A77320171C1P1,WWNA77320171C1P1,
402,WatchWarehouse,Tag Heuer,Tag Heuer Connected Calibre E4 Golf Edition 42MM Titanium,WW311,https://raw.githubusercontent.com/AveryArtlife/gembreak-images/main/watches-only/WW311.png
403,WatchWarehouse,Tag Heuer,Tag Heuer Carrera Date Automatic Green Dial Stainless Steel Women's Watch WBN2312.BA0001,WWNWBN2312.BA0001,
404,WatchWarehouse,Tag Heuer,Tag Heuer Carrera Date Automatic Blue Dial Stainless Steel Men's Watch WBN2112.BA0639,WWNWBN2112.BA0639,
405,WatchWarehouse,Longines,LONGINES Bella Arti 19MM Diamond Bezel MOP Dial Leather Band Women,W1308,https://raw.githubusercontent.com/AveryArtlife/gembreak-images/main/watches-only/W1308.png
406,Creation Watches,Tag Heuer,Tag Heuer Formula 1 Automatic WAZ2011.BA0843 Men's Watch,TAG-A10829,https://cdn.creationwatches.com/products/images/ebayimages/WAZ2011.BA0843.jpg
407,WatchWarehouse,Tag Heuer,Tag Heuer Carrera Date Automatic Pink Dial Stainless Steel Women's Watch WBN2313.BA0001,WWNWBN2313.BA0001,
408,WatchWarehouse,Oris,Oris Divers Sixty-Five 12H Calibre 400 Automatic Black Dial Leather Strap Men's Watch 01 400 7772 4054-07 5 20 82,WWN01 400 7772 4054-07 5 20 82,
409,WatchWarehouse,Oris,Oris Aquis Date Calibre 400 Automatic Blue Dial Rubber Strap Men's Watch 01 400 7790 4135-07 4 23 45EB,WWN01 400 7790 4135-07 4 23 45EB,
410,WatchWarehouse,Longines,Longines Legend Diver Automatic White Dial Stainless Steel Men's Watch L3.764.4.16.6,WWNL3.764.4.16.6,
411,WatchWarehouse,Longines,Longines Heritage Classic Chrono Automatic Silver Dial Leather Strap Men's Watch L2.830.4.93.0,WWNL2.830.4.93.0,
412,WatchWarehouse,Hamilton,HAMILTON Jazzmaster Performer 42MM AUTO Leather Men's Watch H36606,W235,https://raw.githubusercontent.com/AveryArtlife/gembreak-images/main/watches-only/W235.png
413,WatchWarehouse,Longines,Longines Hydroconquest Automatic 43MM Green Dial Two-tone Women's,WW138,https://raw.githubusercontent.com/AveryArtlife/gembreak-images/main/watches-only/WW138.png
414,WatchWarehouse,Hamilton,HAMILTON Jazzmaster Performer AutoChrono 42MM Anthracite Dial Leat,W215,https://raw.githubusercontent.com/AveryArtlife/gembreak-images/main/watches-only/W215.png
415,WatchWarehouse,Omega,Omega De Ville Prestige Quartz 30mm Rose Dial Stainless Steel Women's Watch 434.10.30.60.02.001,OMEG-WL42,
416,WatchWarehouse,Longines,LONGINES Conquest V.H.P. 36MM MOP Diamond Women's Watch L3.316.0.8,W1454,https://raw.githubusercontent.com/AveryArtlife/gembreak-images/main/watches-only/W1454.png
417,WatchWarehouse,Breitling,Breitling Endurance Pro 44 Chronograph Black Dial Breitlight Rubber Strap Men's Watch X82310D51B1S2,WWNX82310D51B1S2,
418,WatchWarehouse,Longines,LONGINES Record Chronograph SS 40MM Black Dial Men's Watch L2.921.,W1269,https://raw.githubusercontent.com/AveryArtlife/gembreak-images/main/watches-only/W1269.png
419,WatchWarehouse,Longines,Longines Elegant Automatic 37MM Black Dial Leather Men's Watch,WW684,https://raw.githubusercontent.com/AveryArtlife/gembreak-images/main/watches-only/WW684.png
420,WatchWarehouse,Longines,Longines Equestrian Boucle Diamond Dial Custom Diamond Bezel Steel Women's Watch L6.141.4.77.6-CD,WWNL6.141.4.77.6-CD,
421,WatchWarehouse,Longines,LONGINES Master Moonphase Automatic 40MM Blue Dial Leather Men's W,W1273,https://raw.githubusercontent.com/AveryArtlife/gembreak-images/main/watches-only/W1273.png
422,WatchWarehouse,Longines,Longines 1832 Automatic 40MM Beige Dial Leather Men's Watch,WW746,https://raw.githubusercontent.com/AveryArtlife/gembreak-images/main/watches-only/WW746.png
423,WatchWarehouse,Longines,LONGINES Heritage CHRONO Automatic 40MM Silver Dial Leather Men's,W1511,https://raw.githubusercontent.com/AveryArtlife/gembreak-images/main/watches-only/W1511.png
424,WatchWarehouse,Breitling,Breitling Professional Endurance Pro Chronograph Black Dial Rubber Strap Men's Watch X82310E51B1S2,WWNX82310E51B1S2,
425,WatchWarehouse,Longines,LONGINES Master Collection 42MM Blue Dial Leather Men's Watch L2.9,W1528,https://raw.githubusercontent.com/AveryArtlife/gembreak-images/main/watches-only/W1528.png
426,WatchWarehouse,Longines,LONGINES HydroConquest GMT 41MM AUTO Green Dial Men's Watch L3.790,W1485,https://raw.githubusercontent.com/AveryArtlife/gembreak-images/main/watches-only/W1485.png
427,WatchWarehouse,Longines,Longines Spirit Zulu Time Automatic Grey Dial Stainless Steel Men's Watch L3.812.4.63.6,WWNL3.812.4.63.6,
428,Creation Watches,Hamilton,Hamilton American Classic Intra Matic Chronograph Leather Strap Black Dial Automatic H38446730 100M Men's Watch,CRH38446730,https://cdn.creationwatches.com/products/images/ebayimages/H38446730.jpg
429,WatchWarehouse,Tag Heuer,Tag Heuer Aquaracer 300M 43MM Automatic Blue Dial Fabric Strap Men's Watch WAY208D.FC8221,WWNWAY208D.FC8221,
430,WatchWarehouse,Longines,Longines Spirit Zulu Time Anthracite Dial Steel Men's Watch L3.802.4.60.6,WWNL3.802.4.60.6,
431,WatchWarehouse,Longines,LONGINES Master Collection AUTO Blue Dial Leather Men's Watch L2.9,W1529,https://raw.githubusercontent.com/AveryArtlife/gembreak-images/main/watches-only/W1529.png
432,WatchWarehouse,Longines,Longines Spirit Zulu Time Grey Dial Stainless Steel Men's Watch L3.802.4.63.6,WWNL3.802.4.63.6,
433,Creation Watches,Oris,Oris Divers Sixty-Five Cotton Candy Textile Strap Blue Dial Automatic 01-733-7771-4055-07-3-19-02S 100M Unisex Watch,CR01-733-7771-4055-07-3-19-02S,https://cdn.creationwatches.com/products/images/ebayimages/01-733-7771-4055-07-3-19-02S.jpg
434,WatchWarehouse,Longines,Longines Spirit Zulu Time Blue Dial Leather Strap Men's Watch L3.802.4.93.2,WWNL3.802.4.93.2,
435,WatchWarehouse,Longines,Longines Legend Diver Automatic Green Dial Leather Strap Men's Watch L3.774.1.50.2,WWNL3.774.1.50.2,
436,WatchWarehouse,Tag Heuer,Tag Heuer Carrera Quartz Special Edition Black Dial Leather Strap Women's Watch WAR1113.FC6392,WWNWAR1113.FC6392,
437,WatchWarehouse,Longines,Longines DolceVita Quartz Custom Diamond Mother of Pearl Dial Stainless Steel Women's Watch L5.755.4.87.6-CD,WWNL5.755.4.87.6-CD,
438,WatchWarehouse,Longines,Longines La Grande Classique Quartz 33mm Custom Diamond Mother of Pearl Dial Stainless Steel Women's Watch L4.709.4.88.6-CD,WWNL4.709.4.88.6-CD,
439,WatchWarehouse,Tag Heuer,Tag Heuer Aquaracer Professional 200 Solargraph Green Dial Stainless Steel Men's Watch WBP1118.BA0047,WWNWBP1118.BA0047,
440,WatchWarehouse,Tag Heuer,Tag Heuer Carrera Quartz Mother of Pearl Diamond Dial Women's Watch WBG1312.BA0758,WWNWBG1312.BA0758,
441,Creation Watches,Hamilton,Hamilton Jazzmaster Open Heart Leather Automatic H32205890 Women's Watch,CRH32205890,https://cdn.creationwatches.com/products/images/ebayimages/H32205890.jpg
442,WatchWarehouse,Longines,LONGINES Conquest Automatic 41MM Blue Dial Rubber Men's Watch L3.8,W1360,https://raw.githubusercontent.com/AveryArtlife/gembreak-images/main/watches-only/W1360.png
443,Creation Watches,Hamilton,Hamilton Khaki Aviation Pilot Pioneer Chronograph Leather Strap Black Dial Mechanical H76409530 100M Men's Watch,CRH76409530,https://cdn.creationwatches.com/products/images/ebayimages/H76409530.jpg
444,WatchWarehouse,Longines,LONGINES GMT HydroConquest Automatic 41MM Brown Dial Men's Watch L,W1307,https://raw.githubusercontent.com/AveryArtlife/gembreak-images/main/watches-only/W1307.png
445,WatchWarehouse,Longines,Longines Conquest Heritage Automatic Silver Dial Stainless Steel Men's Watch L1.649.4.72.6,WWNL1.649.4.72.6,
446,WatchWarehouse,Oris,Oris Aquis Depth Gauge Black Dial Rubber Strap Men's Watch 01 733 7755 4154-Set RS,WWN01 733 7755 4154-Set RS,
447,WatchWarehouse,Tag Heuer,Tag Heuer Aquaracer 300M 41MM White Dial Stainless Steel Men's Watch WBD1111.BA0928,WWNWBD1111.BA0928,
448,WatchWarehouse,Longines,Longines Conquest V.h.p. Quartz Ss 42MM Silver Dial Men's Watch,WW745,https://raw.githubusercontent.com/AveryArtlife/gembreak-images/main/watches-only/WW745.png
449,WatchWarehouse,Hamilton,HAMILTON Khaki Aviation X-Wind 44MM Blue Dial Leather Men's Watch,W211,https://raw.githubusercontent.com/AveryArtlife/gembreak-images/main/watches-only/W211.png
450,WatchWarehouse,Tag Heuer,Tag Heuer Formula 1 Indy 500 Chronograph Special Edition Black Dial Stainless Steel Men's Watch CAZ101AW.BA0842,WWNCAZ101AW.BA0842,
451,WatchWarehouse,Longines,Longines Mens La Grande Classique De Longines Automatic 36MM,WW936,https://raw.githubusercontent.com/AveryArtlife/gembreak-images/main/watches-only/WW936.png
452,WatchWarehouse,Longines,LONGINES 1832 Automatic CHRONO 42MM Beige Dial Men's Watch L4.829.,W1463,https://raw.githubusercontent.com/AveryArtlife/gembreak-images/main/watches-only/W1463.png
453,WatchWarehouse,Oris,Oris Aquis Depth Gauge Automatic Black Dial Steel Men's Watch 01 733 7755 4154-Set MB,WWN01 733 7755 4154-Set MB,
454,WatchWarehouse,Tag Heuer,Tag Heuer Formula 1 Automatic Grey Dial Stainless Steel Men's Watch WAZ2011.BA0842,WWNWAZ2011.BA0842,
455,WatchWarehouse,Hamilton,HAMILTON Ventura XXL Bright Dune Limited Edition Men's Watch H2461,W226,https://raw.githubusercontent.com/AveryArtlife/gembreak-images/main/watches-only/W226.png
456,WatchWarehouse,Longines,Longines Legend Diver Automatic Grey Dial Nylon Strap Men's Watch L3.774.4.70.2,WWNL3.774.4.70.2,
457,WatchWarehouse,Longines,Longines Heritage Classic Silver Dial Leather Strap Men's Watch L2.828.4.73.0,WWNL2.828.4.73.0,
458,Creation Watches,Hamilton,Hamilton Intra-Matic H38416711 Tachymeter Automatic Men's Watch,CRH38416711,https://cdn.creationwatches.com/products/images/ebayimages/H38416711.jpg
459,WatchWarehouse,Longines,Longines HydroConquest GMT Blue Dial Rubber Strap Men's Watch L3.790.4.96.9,WWNL3.790.4.96.9,
460,WatchWarehouse,Mido,Mido Multifort Chronograph Special Edition Grey Dial Stainless Steel Men's Watch M049.527.33.081.00,WWNM049.527.33.081.00,
461,WatchWarehouse,Tag Heuer,Tag Heuer Formula 1 X Gulf Special Edition Chronograph Blue Dial Steel Men's Watch CAZ101AT.BA0842,WWNCAZ101AT.BA0842,
462,WatchWarehouse,Longines,LONGINES Evidenza Automatic SS 30MM Petroleum Dial Women's Watch L,W1295,https://raw.githubusercontent.com/AveryArtlife/gembreak-images/main/watches-only/W1295.png
463,Creation Watches,Tag Heuer,Tag Heuer Formula 1 Chronograph Quartz Tachymeter 200M CAZ1010.BA0842 Men's Watch,TAG-011.00,https://cdn.creationwatches.com/products/images/ebayimages/CAZ1010.BA0842.jpg
464,WatchWarehouse,Oris,Oris Aquis Date Automatic Green Dial Ceramic Bezel Steel Men's Watch 01 400 7763 4157-07 8 24 09PEB,WWN01 400 7763 4157-07 8 24 09PEB,
465,WatchWarehouse,Longines,Longines La Grande Classique Quartz Diamond Blue Dial Stainless Steel Women's Watch L4.523.0.97.6,WWNL4.523.0.97.6,
466,WatchWarehouse,Longines,Longines Equestrian Diamond Mother of Pearl Dial Steel Women's Watch L6.141.0.77.6,WWNL6.141.0.77.6,
467,WatchWarehouse,Longines,LONGINES Heritage Skin Diver 42MM AUTO BLK Dial LTHR Men's Watch L,W1525,https://raw.githubusercontent.com/AveryArtlife/gembreak-images/main/watches-only/W1525.png
468,WatchWarehouse,Longines,Longines Primaluna Automatic White Mother of Pearl Diamond Dial Steel Women's Watch L8.124.4.87.6,WWNL8.124.4.87.6,
469,WatchWarehouse,Tag Heuer,Tag Heuer Formula 1 Solargraph X Indy 500 Limited Edition Black Dial Stainless Steel Men's Watch WBY111G.BA0042,WWNWBY111G.BA0042,
470,WatchWarehouse,Longines,Longines Conquest V.h.p Quartz 41MM Silver Dial Men's Watch,WW626,https://raw.githubusercontent.com/AveryArtlife/gembreak-images/main/watches-only/WW626.png
471,WatchWarehouse,Oris,Oris Aquis Aquispro Date Calibre 400 Automatic Blue Dial Rubber Strap Men's Watch 01 400 7769 4125-07 4 22 75FC,WWN01 400 7769 4125-07 4 22 75FC,
472,WatchWarehouse,Longines,LONGINES Record Automatic 40MM Blue Dial SS Men's Watch L2.821.4.9,W1297,https://raw.githubusercontent.com/AveryArtlife/gembreak-images/main/watches-only/W1297.png
473,WatchWarehouse,Longines,Longines Legend Diver Automatic Brown Dial Leather Strap Men's Watch L3.774.4.60.2,LONG-WW877,
474,WatchWarehouse,Longines,Longines Spirit Automatic Ivory Dial Stainless Steel Men's Watch L3.811.4.73.6,LONG-W2216,
475,WatchWarehouse,Oris,Oris Aquis Date Automatic Blue Dial Ceramic Bezel Steel Men's Watch 01 400 7763 4135-07 8 24 09PEB,WWN01 400 7763 4135-07 8 24 09PEB,
476,WatchWarehouse,Longines,Longines Heritage Military Limited Edition Ivory Dial Leather Strap Men's Watch L2.819.4.93.2,WWNL2.819.4.93.2,
477,WatchWarehouse,Longines,Longines Spirit Chronograph 42mm Silver Dial Leather Strap Men's Watch L3.820.4.73.2,WWNL3.820.4.73.2,
478,WatchWarehouse,Longines,Longines Heritage Chronograph Automatic Silver Dial Leather Strap Men's Watch L2.827.4.73.0,LONG-105353,
479,Creation Watches,Hamilton,Hamilton Ventura XXL Automatic H24655331 Men's Watch,CRH24655331,https://cdn.creationwatches.com/products/images/ebayimages/H24655331.jpg
480,Creation Watches,Tag Heuer,Tag Heuer Formula 1 200M WAZ1112.BA0875 Men's Watch,TAG-NBMNIB,https://cdn.creationwatches.com/products/images/ebayimages/WAZ1112.BA0875.jpg
481,WatchWarehouse,Breitling,Breitling Endurance Pro 38 Chronograph Black Dial Rubber Strap Unisex Watch X83310D41B1S1,BREI-W2239,
482,WatchWarehouse,Longines,Longines Spirit Chronograph Automatic Silver Dial Stainless Steel Men's Watch L3.820.4.73.6,WWNL3.820.4.73.6,
483,WatchWarehouse,Oris,Oris Big Crown ProPilot Limited Edition Okavango Air Rescue Automatic Green Dial Fabric Strap Men's Watch 01 751 7761 4187-SET,WWN01 751 7761 4187-SET,
484,WatchWarehouse,Oris,Oris Aquis Date Automatic Grey Dial Rubber Strap Men's Watch 01 400 7769 4154-07 4 22 74FC,WWN01 400 7769 4154-07 4 22 74FC,
485,WatchWarehouse,Oris,Oris Aquis Date Calibre 400 Automatic Green Dial Rubber Strap Men's Watch 01 400 7769 4127-07 4 22 77FC,WWN01 400 7769 4127-07 4 22 77FC,
486,WatchWarehouse,Longines,Longines Conquest Automatic Pink Dial Stainless Steel Women's Watch L3.430.4.99.6,LONG-164153,
487,WatchWarehouse,Mido,Mido Multifort Special Edition Chronograph Black Dial Leather Strap Men's Watch M005.614.36.051.22,WWNM005.614.36.051.22,
488,WatchWarehouse,Longines,Longines Conquest V.h.p Quartz Ss 43MM Blue Dial Men's Watch,WW672,https://raw.githubusercontent.com/AveryArtlife/gembreak-images/main/watches-only/WW672.png
489,WatchWarehouse,Longines,Longines La Grande Classique Quartz 29mm Blue Dial Diamond Bezel Steel  Women's Watch L4.523.0.90.2,WWNL4.523.0.90.2,
490,WatchWarehouse,Longines,Longines La Grande Classique 36MM Silver Dial Unisex Watch,WW480,https://raw.githubusercontent.com/AveryArtlife/gembreak-images/main/watches-only/WW480.png
491,WatchWarehouse,Oris,Oris Divers Sixty-Five Chronograph Automatic Black Dial Leather Strap Men's Watch 01 771 7744 4354-07 5 21 45,WWN01 771 7744 4354-07 5 21 45,
492,WatchWarehouse,Tag Heuer,Tag Heuer Formula 1 Quartz Blue Dial Rubber Strap Men's Watch WAZ1010.FT8024,WWNWAZ1010.FT8024,
493,WatchWarehouse,Hamilton,HAMILTON Jazzmaster Brown Leather Automatic Men's Watch H32635511,W251,https://raw.githubusercontent.com/AveryArtlife/gembreak-images/main/watches-only/W251.png
494,WatchWarehouse,Eterna,Eterna Contessa Mother of Pearl Dial Diamond Bezel Leather Strap Women's Watch 2410.48.67.1199,WWN2410.48.67.1199,
495,WatchWarehouse,Longines,Longines Record Chronometer White Dial Stainless Steel Men's Watch L2.821.4.11.6,WWNL2.821.4.11.6,
496,WatchWarehouse,Longines,Longines Spirit Prestige Edition Automatic Black Dial Stainless Steel Men's Watch L3.811.4.53.9,LONG-WL29,
497,WatchWarehouse,Tag Heuer,Tag Heuer Formula 1 Solargraph Limited Edition Blue Dial Rubber Strap Men's Watch WBY1163.FT8113,WWNWBY1163.FT8113,
498,WatchWarehouse,Longines,Longines Conquest Automatic Silver Dial Stainless Steel Men's Watch L3.720.4.72.6,WWNL3.720.4.72.6,
499,WatchWarehouse,TAG Heuer,TAG HEUER Connected Calibre E4 x Oracle Red Bull Racing Edition 45,W273,https://raw.githubusercontent.com/AveryArtlife/gembreak-images/main/watches-only/W273.png
500,WatchWarehouse,Tag Heuer,Tag Heuer Formula 1 Quartz Chronograph Black Dial Stainless Steel Men's Watch CAZ1010.BA0842,WWNCAZ1010.BA0842,
501,WatchWarehouse,Longines,Longines Flagship Automatic Gold Tone Diamond Dial Yellow Gold PVD Steel Unisex Watch L4.974.3.37.7,WWNL4.974.3.37.7,
502,WatchWarehouse,Tag Heuer,Tag Heuer Formula 1 Quartz Blue Dial Stainless Steel Men's Watch WAZ1010.BA0842,WWNWAZ1010.BA0842,
503,WatchWarehouse,Longines,Longines Conquest Automatic Green Dial Stainless Steel Women's Watch L3.430.4.02.6,WWNL3.430.4.02.6,
504,WatchWarehouse,Tag Heuer,Tag Heuer Connected Calibre E4 Golf Edition 45MM Titanium,WW312,https://raw.githubusercontent.com/AveryArtlife/gembreak-images/main/watches-only/WW902.png
505,WatchWarehouse,Longines,LONGINES Conquest V.H.P. Quartz 42MM Men's Watch L3.717.2.96.9 / L,LONG-WL71,https://raw.githubusercontent.com/AveryArtlife/gembreak-images/main/watches-only/W1436.png
506,WatchWarehouse,Tag Heuer,Tag Heuer Formula 1 Solargraph Blue Dial Stainless Steel Men's Watch WBY1112.BA0042,WWNWBY1112.BA0042,
507,WatchWarehouse,Hamilton,HAMILTON Khaki Aviation X-Wind Automatic 45MM Green Dial Leather M,W20,https://raw.githubusercontent.com/AveryArtlife/gembreak-images/main/watches-only/W20.png
508,WatchWarehouse,Hamilton,HAMILTON Khaki Navy Frogman AUTO SS 42MM Black Dial Watch H7760513,W253,https://raw.githubusercontent.com/AveryArtlife/gembreak-images/main/watches-only/W253.png
509,WatchWarehouse,Longines,LONGINES DolceVita Quartz 20MM Silver Flinque Dial Gray Leather Wo,W1280,https://raw.githubusercontent.com/AveryArtlife/gembreak-images/main/watches-only/W1280.png
510,WatchWarehouse,Longines,Longines Primaluna Automatic 26.5mm White Mother of Pearl Diamond Dial Steel Women's Watch L8.111.4.87.6,WWNL8.111.4.87.6,
511,WatchWarehouse,Longines,Longines Elegant Collection Silver Diamond Dial Steel Women's Watch L4.911.4.77.6,LONG-051.00,
512,WatchWarehouse,Longines,LONGINES PrimaLuna Quartz 26.5MM Blue 11 Diamond Dial Women's Watc,W1343,https://raw.githubusercontent.com/AveryArtlife/gembreak-images/main/watches-only/W1343.png
513,WatchWarehouse,Longines,LONGINES DolceVita Quartz SS 37MM Black 13 Diamond Dial Women's Wa,LONG-000001,https://raw.githubusercontent.com/AveryArtlife/gembreak-images/main/watches-only/W1312.png
514,WatchWarehouse,Hamilton,HAMILTON Jazzmaster Inter-Matic 42MM Brown Dial Men's Watch H38735,W246,https://raw.githubusercontent.com/AveryArtlife/gembreak-images/main/watches-only/W246.png
515,WatchWarehouse,Longines,LONGINES Flagship SS 38.5MM Automatic Men's Watch L48994216 / L4.8,W1534,https://raw.githubusercontent.com/AveryArtlife/gembreak-images/main/watches-only/W1534.png
516,WatchWarehouse,Longines,LONGINES Conquest Classic 36MM MOP Dial Women's Watch L2.387.0.87.,W1462,https://raw.githubusercontent.com/AveryArtlife/gembreak-images/main/watches-only/W1462.png
517,WatchWarehouse,Hamilton,HAMILTON Khaki Field Murph Automatic 42MM Black Leather Men's Watc,W212,https://raw.githubusercontent.com/AveryArtlife/gembreak-images/main/watches-only/W212.png
518,WatchWarehouse,Hamilton,HAMILTON Khaki Navy GMT Automatic 43MM Silver Dial Men's Watch H82,W213,https://raw.githubusercontent.com/AveryArtlife/gembreak-images/main/watches-only/W213.png
519,WatchWarehouse,Longines,LONGINES Flagship Automatic 26MM Women's Watch L4.274.4.52.6 / L42,LONG-W1711,https://raw.githubusercontent.com/AveryArtlife/gembreak-images/main/watches-only/W1543.png
520,WatchWarehouse,Hamilton,HAMILTON Khaki Aviation Converter 42MM AUTO BLK Dial Men's Watch H,W239,https://raw.githubusercontent.com/AveryArtlife/gembreak-images/main/watches-only/W239.png
521,WatchWarehouse,Longines,LONGINES DolceVita Automatic SS 28.2x47MM Silver Dial Men's Watch,LONG-W2182,https://raw.githubusercontent.com/AveryArtlife/gembreak-images/main/watches-only/W1378.png
522,WatchWarehouse,Hamilton,Hamilton Jazzmaster Auto Chrono Black Dial Leather Strap Men's Watch H32506730,WWNH32506730,
523,WatchWarehouse,Oris,Oris Aquis Date Automatic Green Dial Stainless Steel Men's Watch 01 733 7730 4157-07 8 24 05PEB,WWN01 733 7730 4157-07 8 24 05PEB,
524,WatchWarehouse,Longines,LONGINES Elegant Automatic 39MM White Dial Black Leather Men's Wat,LONG-WW725,https://raw.githubusercontent.com/AveryArtlife/gembreak-images/main/watches-only/W1364.png
525,WatchWarehouse,Hamilton,HAMILTON Khaki Field Titanium AUTO 42MM Blue Dial Men's Watch H705,W231,https://raw.githubusercontent.com/AveryArtlife/gembreak-images/main/watches-only/W231.png
526,WatchWarehouse,Longines,LONGINES Elegant Automatic SS 39MM White Dial Men's Watch L4.910.4,W1346,https://raw.githubusercontent.com/AveryArtlife/gembreak-images/main/watches-only/W1346.png
527,WatchWarehouse,Tag Heuer,Tag Heuer Formula 1 Quartz Date Black Dial Rubber Strap Men's Watch WAZ1110.FT8023,WWNWAZ1110.FT8023,
528,WatchWarehouse,Longines,Longines Legend Diver Automatic Beige Dial Fabric Strap Unisex Watch L3.374.4.30.2,LONG-WL80,
529,WatchWarehouse,Oris,Oris Divers Sixty-Five Automatic Grey Dial Leather Strap Men's Watch 01 733 7707 4053-07 5 20 89,WWN01 733 7707 4053-07 5 20 89,
530,WatchWarehouse,Longines,Longines Master Power Reserve Automatic Silver Dial Leather Strap Men's Watch L2.708.4.78.3,WWNL2.708.4.78.3,
531,WatchWarehouse,Longines,Longines Evidenza Automatic Green Dial Stainless Steel Women's Watch L2.142.4.60.6,WWNL2.142.4.60.6,
532,WatchWarehouse,Longines,Longines La Grande Classique Quartz Gold Tone Diamond Dial Yellow Gold PVD Steel Women's Watch L4.512.2.37.8,WWNL4.512.2.37.8,
533,WatchWarehouse,Longines,Longines Record Chronometer Blue Dial Stainless Steel Men's Watch L2.821.4.96.6,WWNL2.821.4.96.6,
534,WatchWarehouse,Longines,LONGINES DolceVita Automatic 47MM Leather Men's Watch L57674730 /,W1366,https://raw.githubusercontent.com/AveryArtlife/gembreak-images/main/watches-only/W1366.png
535,WatchWarehouse,Longines,LONGINES Dolce Vita Quartz 25.8x42MM Women's Watch L5.755.4.57.6 /,W1433,https://raw.githubusercontent.com/AveryArtlife/gembreak-images/main/watches-only/W1433.png
536,Creation Watches,Hamilton,Hamilton American Classic Pan Europ Automatic H35405741 Men's Watch,CRH35405741,https://cdn.creationwatches.com/products/images/ebayimages/H35405741.jpg
537,WatchWarehouse,Hamilton,Hamilton Ventura XXL Automatic Black Dial Rubber Strap Men's Watch H24655331,WWNH24655331,
538,WatchWarehouse,Oris,Oris Aquis Date Automatic Blue Dial Rubber Strap Women's Watch 01 733 7731 4135-07 4 18 64FC,WWN01 733 7731 4135-07 4 18 64FC,
539,WatchWarehouse,Longines,LONGINES Conquest CHRONO SS 44MM Black Dial Men's Watch L3.727.4.6,W1503,https://raw.githubusercontent.com/AveryArtlife/gembreak-images/main/watches-only/W1503.png
540,WatchWarehouse,Tag Heuer,Tag Heuer Formula 1 Quartz Black Dial Stainless Steel Men's Watch WAZ1110.BA0875,WWNWAZ1110.BA0875,
541,WatchWarehouse,Longines,Longines Evidenza Automatic Blue Dial Leather Strap Women's Watch L2.142.4.96.2,WWNL2.142.4.96.2,
542,WatchWarehouse,Longines,Longines Evidenza Automatic Silver Dial Leather Strap Women's Watch L2.142.4.76.2,WWNL2.142.4.76.2,
543,WatchWarehouse,Mido,Mido Multifort 42MM Auto Silver Dial Men's Watch,WW882,https://raw.githubusercontent.com/AveryArtlife/gembreak-images/main/watches-only/WW882.png
544,WatchWarehouse,Hamilton,HAMILTON Jazzmaster Automatic Beige Dial Men's Watch H32635521,W250,https://raw.githubusercontent.com/AveryArtlife/gembreak-images/main/watches-only/W250.png
545,WatchWarehouse,Hamilton,HAMILTON Jazzmaster Open Heart Automatic 42MM Blue Dial Leather Me,W216,https://raw.githubusercontent.com/AveryArtlife/gembreak-images/main/watches-only/W216.png
546,WatchWarehouse,Longines,LONGINES Elegant Collection SS 37MM Grey Dial Unisex Watch L4.810.,LONG-N10329,https://raw.githubusercontent.com/AveryArtlife/gembreak-images/main/watches-only/W1470.png
547,WatchWarehouse,Longines,LONGINES Classic Automatic 40MM Black Dial Leather Men's Watch L4.,W1489,https://raw.githubusercontent.com/AveryArtlife/gembreak-images/main/watches-only/W1489.png
548,WatchWarehouse,Hamilton,HAMILTON Jazzmaster Automatic SS 42MM Silver Dial Men's Watch H425,W255,https://raw.githubusercontent.com/AveryArtlife/gembreak-images/main/watches-only/W255.png
549,Creation Watches,Bulova,Bulova CURV High Precision 10th Anniversary Edition Chronograph Brown Dial Quartz 96K117 Men's Watch With Extra Strap,CR96K117,https://cdn.creationwatches.com/products/images/ebayimages/96K117.jpg
550,WatchWarehouse,Longines,Longines Spirit Automatic Black Dial Leather Strap Men's Watch L3.811.4.53.0,WWNL3.811.4.53.0,
551,WatchWarehouse,Mido,Mido Ocean Star 600 Chronometer Black Dial Steel Men's Watch M026.608.11.051.00,WWNM026.608.11.051.00,
552,WatchWarehouse,Longines,LONGINES DolceVita Quartz SS 27MM Black Diamond Dial Women's Watch,W1311,https://raw.githubusercontent.com/AveryArtlife/gembreak-images/main/watches-only/W1311.png
553,WatchWarehouse,Longines,LONGINES DolceVita Quartz 25MM MOP Dial Women's Watch L5.755.4.87.,W1459,https://raw.githubusercontent.com/AveryArtlife/gembreak-images/main/watches-only/W1459.png
554,WatchWarehouse,Longines,LONGINES DolceVita Automatic 28.2x47MM Silver Dial Blue Leather Me,W1372,https://raw.githubusercontent.com/AveryArtlife/gembreak-images/main/watches-only/W1372.png
555,WatchWarehouse,Longines,LONGINES V.H.P. Chronograph 42MM Men's Watch L3.717.4.96.6 / L3717,W1430,https://raw.githubusercontent.com/AveryArtlife/gembreak-images/main/watches-only/W1430.png
556,WatchWarehouse,Longines,LONGINES DolceVita Quartz 20MM Red Dial Leather Women's Watch L5.2,LONG-W1701,https://raw.githubusercontent.com/AveryArtlife/gembreak-images/main/watches-only/W1329.png
557,WatchWarehouse,Longines,LONGINES DolceVita Quartz 23MM White Dial Women's Watch L5.512.4.1,W1339,https://raw.githubusercontent.com/AveryArtlife/gembreak-images/main/watches-only/W1339.png
558,WatchWarehouse,Longines,Longines Legend Diver Automatic Blue Dial Steel  Unisex Watch L3.374.4.90.2,WWNL3.374.4.90.2,
559,WatchWarehouse,Longines,LONGINES Elegant Automatic SS 34.5MM White Dial Women's Watch L4.8,W1349,https://raw.githubusercontent.com/AveryArtlife/gembreak-images/main/watches-only/W1349.png
560,WatchWarehouse,Longines,LONGINES PrimaLuna Quartz 30MM Blue MOP Dial SS Women's Watch L8.1,W1296,https://raw.githubusercontent.com/AveryArtlife/gembreak-images/main/watches-only/W1296.png
561,WatchWarehouse,Longines,LONGINES Presence Automatic 34.5MM White Dial Two-Tone Women's Wat,W1301,https://raw.githubusercontent.com/AveryArtlife/gembreak-images/main/watches-only/W1301.png
562,WatchWarehouse,Longines,Longines Spirit Automatic Silver Dial Leather Strap Men's Watch L3.811.4.73.2,WWNL3.811.4.73.2,
563,Creation Watches,Seven Friday,Sevenfriday M-Series Urban Explorer Automatic M1B/01M SF-M1B-01M Men's Watch,CRSF-M1B-01M,https://cdn.creationwatches.com/products/images/ebayimages/SF-M1B-01M.jpg
564,WatchWarehouse,Longines,Longines Heritage Classic Tuxedo Automatic Black Dial Leather Strap Men's Watch L2.330.4.93.0,WWNL2.330.4.93.0,
565,WatchWarehouse,Longines,LONGINES Presence Automatic SS 38.5MM Champagne Dial Men's Watch L,LONG-W1659,https://raw.githubusercontent.com/AveryArtlife/gembreak-images/main/watches-only/W1350.png
566,WatchWarehouse,Longines,Longines DolceVita Quartz Mini Silver Dial Black Leather Strap Women's Watch L5.200.4.71.2,LONG-WL73,
567,WatchWarehouse,Longines,Longines Primaluna Automatic 30mm Ivory Dial Stainless Steel Women's Watch L8.113.4.71.6,WWNL8.113.4.71.6,
568,WatchWarehouse,Mido,Mido Ocean Star 600 Chronometer Blue Dial Steel Men's Watch M026.608.11.041.01,WWNM026.608.11.041.01,
569,WatchWarehouse,Longines,LONGINES DolceVita Quartz SS 23MM Blue Dial Women's Watch L5.512.4,LONG-000147,https://raw.githubusercontent.com/AveryArtlife/gembreak-images/main/watches-only/W1278.png
570,WatchWarehouse,Hamilton,HAMILTON Navy Scuba Automatic 43MM Men's Watch H82525160,W225,https://raw.githubusercontent.com/AveryArtlife/gembreak-images/main/watches-only/W225.png
571,WatchWarehouse,TAG Heuer,TAG HEUER Connected Calibre E4 42MM Titanium Smartwatch SBR8081.BT,W274,https://raw.githubusercontent.com/AveryArtlife/gembreak-images/main/watches-only/W274.png
572,Creation Watches,Hamilton,Hamilton Khaki Pilot Automatic H64615735 Men's Watch,HAMI-081.00,https://cdn.creationwatches.com/products/images/ebayimages/H64615735.jpg
573,WatchWarehouse,Longines,LONGINES DolceVita Quartz 23MM Blue Dial Leather Women's Watch L5.,W1277,https://raw.githubusercontent.com/AveryArtlife/gembreak-images/main/watches-only/W1277.png
574,WatchWarehouse,Hamilton,Hamilton Ventura XXL Bright Dune Black Dial Rubber Strap Men's Watch H24614330,WWNH24614330,
575,WatchWarehouse,Oris,Oris Divers Sixty-Five Automatic 42mm Green Dial Leather Strap Men's Watch 01 733 7720 4057-07 5 21 02,WWN01 733 7720 4057-07 5 21 02,
576,WatchWarehouse,Oris,Oris Divers Sixty-Five Automatic Blue Dial Leather Strap Unisex Watch 01 733 7747 4055-07 5 17 45,WWN01 733 7747 4055-07 5 17 45,
577,WatchWarehouse,Oris,Oris Divers Sixty-Five Automatic Green Dial Leather Strap Men's Watch 01 733 7720 4057-07 5 21 45,WWN01 733 7720 4057-07 5 21 45,
578,WatchWarehouse,Longines,LONGINES Presence Automatic 38.5MM White Dial Two-Tone Men's Watch,W1302,https://raw.githubusercontent.com/AveryArtlife/gembreak-images/main/watches-only/W1302.png
579,WatchWarehouse,Longines,LONGINES Conquest Quartz SS 30MM 11 Diamond White MOP Women's Watc,W1357,https://raw.githubusercontent.com/AveryArtlife/gembreak-images/main/watches-only/W1357.png
580,WatchWarehouse,Longines,LONGINES Symphonette Quartz MOP Dial SS Women's Watch L2.305.4.83.,W1514,https://raw.githubusercontent.com/AveryArtlife/gembreak-images/main/watches-only/W1514.png
581,WatchWarehouse,Longines,LONGINES DolceVita Quartz 20MM White Dial Women's Watch L5.255.4.1,W1338,https://raw.githubusercontent.com/AveryArtlife/gembreak-images/main/watches-only/W1338.png
582,WatchWarehouse,Longines,Longines DolceVita Quartz Mother of Pearl Diamond Dial Stainless Steel Women's Watch L5.258.4.87.6,LONG-WL25,
583,WatchWarehouse,Oris,Oris Aquis Date Upcycle Edition Multicolored Dial Steel Unisex Watch 01 733 7770 4150-SET,WWN01 733 7770 4150-SET,
584,WatchWarehouse,Longines,Longines Heritage Skin Diver Black Dial Leather Strap Men's Watch L2.822.4.56.2,WWNL2.822.4.56.2,
585,WatchWarehouse,Longines,LONGINES DolceVita Quartz 20MM Blue Dial Leather Women's Watch L5.,W1276,https://raw.githubusercontent.com/AveryArtlife/gembreak-images/main/watches-only/W1276.png
586,WatchWarehouse,Longines,LONGINES Flagship Automatic SS 36MM Men's Watch L4.774.4.12.6,W1548,https://raw.githubusercontent.com/AveryArtlife/gembreak-images/main/watches-only/W1548.png
587,Creation Watches,Hamilton,Hamilton Khaki Aviation X-Wind Chronograph Quartz GMT H77912335 Men's Watch,HAMI-X009K2,https://cdn.creationwatches.com/products/images/ebayimages/H77912335.jpg
588,WatchWarehouse,Longines,Longines Heritage 1832 Automatic Black Dial Leather Strap Men's Watch L4.826.4.52.0,WWNL4.826.4.52.0,
589,WatchWarehouse,Hamilton,HAMILTON Khaki Field Murph 42MM AUTO Black Dial Men's Watch H70605,W243,https://raw.githubusercontent.com/AveryArtlife/gembreak-images/main/watches-only/W243.png
590,WatchWarehouse,Longines,Longines HydroConquest Automatic Green Dial Two-Tone Yellow Gold PVD Stainless Steel Men's Watch L3.782.3.06.7,WWNL3.782.3.06.7,
591,WatchWarehouse,Hamilton,HAMILTON Khaki Aviation Pilot 42MM AUTO Day Date Men's Watch H6461,W248,https://raw.githubusercontent.com/AveryArtlife/gembreak-images/main/watches-only/W248.png
592,WatchWarehouse,Mido,Mido Ocean Star GMT Automatic Black Dial Rubber Strap Men's Watch M026.629.37.291.00,WWNM026.629.37.291.00,
593,WatchWarehouse,Hamilton,Hamilton Khaki Navy Scuba Auto GMT Black Dial Fabric Strap Men's Watch H82565930,WWNH82565930,
594,Creation Watches,Bulova,Bulova Mil Ships 150th Anniversary Special Edition Blue Dial Automatic Diver's 98A325 200M Men's Watch,CR98A325,https://cdn.creationwatches.com/products/images/ebayimages/98A325.jpg
595,WatchWarehouse,Longines,Longines Primaluna Moonphase Mother of Pearl Diamond Dial Stainless Steel Women's Watch L8.115.4.87.6,LONG-413314,
596,WatchWarehouse,Longines,Longines Dolcevita Quartz Diamond Dial Steel  Women's Watch L5.755.4.87.6,WWNL5.755.4.87.6,
597,WatchWarehouse,Longines,Longines HydroConquest Quartz White Mother of Pearl Diamond Dial Two-Tone Steel Women's Watch L3.370.3.87.6,WWNL3.370.3.87.6,
598,WatchWarehouse,Longines,Longines DolceVita Quartz White Dial Leather Strap Women's Watch L5.255.4.75.2,WWNL5.255.4.75.2,
599,WatchWarehouse,Longines,LONGINES Presence 34.5MM Automatic Two-Tone Women's Watch L4.821.2,W1547,https://raw.githubusercontent.com/AveryArtlife/gembreak-images/main/watches-only/W1547.png
600,WatchWarehouse,Longines,LONGINES Equestrian Quartz SS 22MM Silver Flinque Dial Women's Wat,W1279,https://raw.githubusercontent.com/AveryArtlife/gembreak-images/main/watches-only/W1279.png
601,WatchWarehouse,Hamilton,HAMILTON Jazzmaster Automatic Black Leather Men's Watch H32635731,W249,https://raw.githubusercontent.com/AveryArtlife/gembreak-images/main/watches-only/W249.png
602,WatchWarehouse,Hamilton,HAMILTON American Classic PSR Digital Black SS Men's Watch H524041,W236,https://raw.githubusercontent.com/AveryArtlife/gembreak-images/main/watches-only/W236.png
603,Creation Watches,Invicta,Invicta Racing Chronograph Stainless Steel Red Dial Quartz 47900 Men's Watch,CRINV47900,https://cdn.creationwatches.com/products/images/ebayimages/INV47900.jpg
604,WatchWarehouse,Longines,LONGINES Presence Automatic 40MM White Dial Leather Men's Watch L4,LONG-000141,https://raw.githubusercontent.com/AveryArtlife/gembreak-images/main/watches-only/W1281.png
605,WatchWarehouse,Hamilton,HAMILTON Khaki Pilot 44MM CHRONO Black Dial Men's Watch H76722131,W245,https://raw.githubusercontent.com/AveryArtlife/gembreak-images/main/watches-only/W245.png
606,WatchWarehouse,Longines,LONGINES HydroConquest 41MM Blue Dial 2Tone Men's Watch L3.740.3.9,LONG--45001,https://raw.githubusercontent.com/AveryArtlife/gembreak-images/main/watches-only/W1530.png
607,WatchWarehouse,Oris,Oris Aquis Date Green Mother of Pearl Dial Stainless Steel Unisex Watch 01 733 7770 4157-07 8 18 05P,WWN01 733 7770 4157-07 8 18 05P,
608,WatchWarehouse,Mido,Mido Multifort Automatic Brown Diamond Dial Rose Gold PVD Steel Women's Watch M049.307.33.296.00,WWNM049.307.33.296.00,
609,WatchWarehouse,Longines,Longines Elegant Collection Moonphase White Dial Leather Strap Women's Watch L4.330.4.11.2,WWNL4.330.4.11.2,
610,WatchWarehouse,Longines,Longines La Grande Classique Quartz Blue Mother of Pearl Diamond Dial Leather Strap Women's Watch L4.512.4.81.2,LONG-W1632,
611,WatchWarehouse,Longines,Longines Elegant Automatic White Dial Leather Strap Men's Watch L4.812.4.11.2,WWNL4.812.4.11.2,
612,WatchWarehouse,Mido,Mido Multifort M Chronometer Automatic Black Dial Steel Men's Watch M038.431.11.061.00,WWNM038.431.11.061.00,
613,WatchWarehouse,Longines,Longines HydroConquest Quartz Mother of Pearl Diamond Dial Steel Women's Watch L3.370.4.87.6,WWNL3.370.4.87.6,
614,WatchWarehouse,Longines,Longines Conquest Classic Mother of Pearl Diamond Dial & Bezel 36mm Women's Watch L2.387.0.87.6,WWNL2.387.0.87.6,
615,WatchWarehouse,Hamilton,Hamilton Khaki Aviation Pilot Pioneer Mechanical Small Seconds Black Dial Leather Strap Men's Watch H76719530,WWNH76719530,
616,WatchWarehouse,Mido,Mido Ocean Star GMT Blue Dial Steel Men's Watch M0266291104100,WWNM0266291104100,
617,WatchWarehouse,Longines,Longines HydroConquest Automatic Black Dial Stainless Steel Men's Watch L3.841.4.56.6,WWNL3.841.4.56.6,
618,WatchWarehouse,Longines,Longines Heritage 1832 Automatic Beige Dial Leather Strap Men's Watch L4.827.4.92.2,WWNL4.827.4.92.2,
619,WatchWarehouse,Longines,Longines La Grande Classique Quartz Mother of Pearl Dial Diamond Steel Women's Watch L4.709.4.88.6,LONG-WW517,
620,WatchWarehouse,Tag Heuer,Tag Heuer Connected Calibre E4 - 45mm Digital Dial Black Rubber Strap Men's Watch SBR8A80.BT6261,WWNSBR8A80.BT6261,
621,WatchWarehouse,Longines,Longines DolceVita Automatic Silver Dial Leather Strap Men's Watch L5.767.4.73.0,LONG-W1555,
622,WatchWarehouse,Mido,Mido Multifort M Chronometer 1 Automatic Blue Dial Steel Men's Watch M038.431.11.041.00,WWNM038.431.11.041.00,
623,WatchWarehouse,Mido,Mido Multifort TV Big Date Automatic Brown Dial Rubber Strap Men's Watch M049.526.37.291.00,WWNM049.526.37.291.00,
624,WatchWarehouse,Hamilton,HAMILTON Khaki Field King SS Automatic Men's Watch H64455133,W256,https://raw.githubusercontent.com/AveryArtlife/gembreak-images/main/watches-only/W256.png
625,WatchWarehouse,Hamilton,Hamilton Khaki Navy Scuba Auto GMT Silver Dial Stainless Steel Men's Watch H82555150,WWNH82555150,
626,WatchWarehouse,Mido,Mido Commander Icone Grey Dial Black Steel Men's Watch M031.631.33.061.00,WWNM031.631.33.061.00,
627,WatchWarehouse,Longines,LONGINES Conquest Quartz 43MM Men's Watch L3.760.4.76.5,W1537,https://raw.githubusercontent.com/AveryArtlife/gembreak-images/main/watches-only/W1537.png
628,WatchWarehouse,Longines,Longines La Grande Classique Automatic 38mm White Dial Leather Strap Men's Watch L4.918.4.11.2,LONG-WW705,
629,WatchWarehouse,Longines,Longines Flagship Automatic White Dial Two-Tone Steel Men's Watch L4.899.3.21.7,WWNL4.899.3.21.7,
630,WatchWarehouse,Hamilton,HAMILTON Khaki Field Automatic SS 42MM Green Dial Men's Watch H706,W28,https://raw.githubusercontent.com/AveryArtlife/gembreak-images/main/watches-only/W28.png
631,WatchWarehouse,Longines,LONGINES Presence 23.5MM Silver Dial Women's Watch L4.220.4.72.2,LONG-W1641,https://raw.githubusercontent.com/AveryArtlife/gembreak-images/main/watches-only/W1465.png
632,Creation Watches,Hamilton,Hamilton American Classic Intra-Matic H38455731 Men's Watch,HAMI-241991,https://raw.githubusercontent.com/AveryArtlife/gembreak-images/main/watches-only/CRH38455731.png
633,Creation Watches,Hamilton,Hamilton Jazzmaster Viewmatic Automatic Swiss Made H32455557 Men's,HAMI-05-81E,https://raw.githubusercontent.com/AveryArtlife/gembreak-images/main/watches-only/CRH32455557.png
634,WatchWarehouse,Hamilton,HAMILTON Square Black Dial Stainless Steel Vintage Watch H000032S,W241,https://raw.githubusercontent.com/AveryArtlife/gembreak-images/main/watches-only/W241.png
635,Creation Watches,Hamilton,Hamilton Jazzmaster Automatic Viewmatic Classic H32515535 Men's Wa,CRH32515535,https://raw.githubusercontent.com/AveryArtlife/gembreak-images/main/watches-only/CRH32515535.png
636,Creation Watches,Hamilton,Hamilton Jazzmaster Viematic H32715531 Men's Watch,HAMI-241978,https://raw.githubusercontent.com/AveryArtlife/gembreak-images/main/watches-only/CRH32715531.png
637,Creation Watches,Hamilton,Hamilton Jazzmaster Chronograph Quartz H32612735 Men's Watch,CRH32612735,https://raw.githubusercontent.com/AveryArtlife/gembreak-images/main/watches-only/CRH32612735.png
638,Creation Watches,Hamilton,Hamilton Jazzmaster Quartz Chronograph H32612555 Men's Watch,CRH32612555,https://raw.githubusercontent.com/AveryArtlife/gembreak-images/main/watches-only/CRH32612555.png
639,Creation Watches,Hamilton,Hamilton Khaki Scuba Automatic H64515337 Men's Watch,CRH64515337,https://raw.githubusercontent.com/AveryArtlife/gembreak-images/main/watches-only/CRH64515337.png
640,Creation Watches,Hamilton,Hamilton Khaki Office Automatic Swiss Made H70365983 Men's Watch,HAMI-81.00~,https://raw.githubusercontent.com/AveryArtlife/gembreak-images/main/watches-only/CRH70365983.png
641,Creation Watches,Hamilton,Hamilton Jazzmaster Seaview H37451141 Women's Watch,CRH37451141,https://raw.githubusercontent.com/AveryArtlife/gembreak-images/main/watches-only/CRH37451141.png
642,Creation Watches,Bulova,Bulova Super Seville Gold Tone Stainless Steel White Dial Quartz 9,CR97B223,https://raw.githubusercontent.com/AveryArtlife/gembreak-images/main/watches-only/CR97B223.png
643,Creation Watches,Bulova,Bulova Special Edition Moon Apollo Lunar Pilot Chronograph Black D,CR96B251,https://raw.githubusercontent.com/AveryArtlife/gembreak-images/main/watches-only/CR96B251.png
644,Creation Watches,Bulova,Bulova Classic Super Seville 262kHz Precisionist Stainless Steel G,CR96B439,https://raw.githubusercontent.com/AveryArtlife/gembreak-images/main/watches-only/CR96B439.png
645,Creation Watches,Hamilton,Hamilton American Classic Bagley Quartz H12341555 Women's Watch,HAMI-041.00,https://raw.githubusercontent.com/AveryArtlife/gembreak-images/main/watches-only/CRH12341555.png
646,Creation Watches,Bulova,Bulova Classic Precisionist Jet Star Stainless Steel Red Dial Quar,CR96B401,https://raw.githubusercontent.com/AveryArtlife/gembreak-images/main/watches-only/CR96B401.png
647,Creation Watches,Bulova,Bulova Marine Star Precisionist Stainless Steel Blue Dial Quartz D,CR96B433,https://raw.githubusercontent.com/AveryArtlife/gembreak-images/main/watches-only/CR96B433.png
648,Creation Watches,Bulova,Bulova Marine Star 98A227 Automatic 200M Men's Watch,CR98A227,https://raw.githubusercontent.com/AveryArtlife/gembreak-images/main/watches-only/CR98A227.png
649,Creation Watches,Hamilton,Hamilton Khaki Pilot Pioneer Chronograph H76512133 Men's Watch,HAMI-421.00,https://raw.githubusercontent.com/AveryArtlife/gembreak-images/main/watches-only/CRH76512133.png
650,Creation Watches,Hamilton,Hamilton Jazzmaster Quartz H32451641 Men's Watch,HAMI-251.CB,https://raw.githubusercontent.com/AveryArtlife/gembreak-images/main/watches-only/CRH32451641.png
651,WatchWarehouse,Seiko,Seiko Black Dial Silver Stainless Steel Women's Watch SUJE25,W2261,https://raw.githubusercontent.com/AveryArtlife/gembreak-images/main/watches-only/W2261.png
652,WatchWarehouse,Seiko,Seiko Vivace MOP Dial Silver SS Women's Watch SUJ281,W2262,https://raw.githubusercontent.com/AveryArtlife/gembreak-images/main/watches-only/W2262.png
653,WatchWarehouse,Seiko,Seiko Black Dial Silver-tone SS Women's Watch SUJE79,W2265,https://raw.githubusercontent.com/AveryArtlife/gembreak-images/main/watches-only/W2265.png
654,Creation Watches,Hamilton,Hamilton Khaki H68411133 Men's Watch,CRH68411133,https://raw.githubusercontent.com/AveryArtlife/gembreak-images/main/watches-only/CRH68411133.png
655,Creation Watches,Bulova,Bulova Lunar Pilot Special Edition Chronograph Black Dial Quartz 9,CR96A225,https://raw.githubusercontent.com/AveryArtlife/gembreak-images/main/watches-only/CR96A225.png
656,Creation Watches,Hamilton,Hamilton Khaki Pilot Quartz H64611555 Men's Watch,HAMI-02R00B,https://raw.githubusercontent.com/AveryArtlife/gembreak-images/main/watches-only/CRH64611555.png
657,WatchWarehouse,Tissot,TISSOT PR 100 Quartz 40MM SS Blue Dial Men's Watch T150.410.11.041,W1646,https://raw.githubusercontent.com/AveryArtlife/gembreak-images/main/watches-only/W1646.png
658,WatchWarehouse,Seiko,Seiko Black Dial Two-tone SS Women's Watch SUJF10,W2268,https://raw.githubusercontent.com/AveryArtlife/gembreak-images/main/watches-only/W2268.png
659,WatchWarehouse,Tissot,TISSOT PR 100 Quartz 40MM Gray Dial Stainless Steel Men's Watch T1,W1592,https://raw.githubusercontent.com/AveryArtlife/gembreak-images/main/watches-only/W1592.png
660,WatchWarehouse,Seiko,Seiko 21MM Black Dial S-Steel Bracelet Women's Watch SXGN15,W2259,https://raw.githubusercontent.com/AveryArtlife/gembreak-images/main/watches-only/W2259.png
661,WatchWarehouse,Seiko,Seiko Le Grand Sport 27MM MOP Dial S-Steel Women's Watch SXDE83,W2260,https://raw.githubusercontent.com/AveryArtlife/gembreak-images/main/watches-only/W2260.png
662,WatchWarehouse,Seiko,SEIKO 27MM White MOP Dial SS Women's Watch SXDE22,W2249,https://raw.githubusercontent.com/AveryArtlife/gembreak-images/main/watches-only/W2249.png
663,WatchWarehouse,Tissot,TISSOT Classic Dream 42MM QTZ Brown Leather Men's Watch T129.410.3,W1678,https://raw.githubusercontent.com/AveryArtlife/gembreak-images/main/watches-only/W1678.png
664,WatchWarehouse,Seiko,Seiko 25MM Black Dial S-Steel Bracelet Women's Watch SXDA44,W2258,https://raw.githubusercontent.com/AveryArtlife/gembreak-images/main/watches-only/W2258.png
665,WatchWarehouse,Citizen,CITIZEN Serano Eco Drive MOP Dial SS Women's Watch EP5830-56D,W2310,https://raw.githubusercontent.com/AveryArtlife/gembreak-images/main/watches-only/W2310.png
666,WatchWarehouse,Tissot,TISSOT PR 100 Quartz 34MM SS Blue Dial Women's Watch T150.210.11.0,W1645,https://raw.githubusercontent.com/AveryArtlife/gembreak-images/main/watches-only/W1645.png
667,Creation Watches,Hamilton,Hamilton Khaki Navy H64451533 Men's Watch,HAMI-241916,https://raw.githubusercontent.com/AveryArtlife/gembreak-images/main/watches-only/CRH64451533.png
668,WatchWarehouse,Citizen,CITIZEN Allura Eco-Drive 27mm White Dial Diamond Accent SS Women's,W2304,https://raw.githubusercontent.com/AveryArtlife/gembreak-images/main/watches-only/W2304.png
669,Creation Watches,Bulova,Bulova Classic Sutton Leather Strap Silver Skeleton Dial Automatic,CR98A304,https://raw.githubusercontent.com/AveryArtlife/gembreak-images/main/watches-only/CR98A304.png
670,WatchWarehouse,Tissot,TISSOT Chrono L Quartz 42MM Blue Dial Leather Men's Watch T116.417,W1557,https://raw.githubusercontent.com/AveryArtlife/gembreak-images/main/watches-only/W1557.png
671,WatchWarehouse,Tissot,TISSOT PR 100 QTZ 40MM Silver Dial BRN Leather Men's Watch T150.41,W1649,https://raw.githubusercontent.com/AveryArtlife/gembreak-images/main/watches-only/W1649.png
672,WatchWarehouse,Tissot,TISSOT PR 100 Quartz 40MM White Dial Leather Men's Watch T150.410.,W1593,https://raw.githubusercontent.com/AveryArtlife/gembreak-images/main/watches-only/W1593.png
673,Creation Watches,Bulova,Bulova Marine Star Stainless Steel Open Heart Blue Dial Automatic,CR98A302,https://raw.githubusercontent.com/AveryArtlife/gembreak-images/main/watches-only/CR98A302.png
674,Creation Watches,Hamilton,Hamilton Broadway Quartz H43311735 Men's Watch,HAMI-PF24K1,https://raw.githubusercontent.com/AveryArtlife/gembreak-images/main/watches-only/CRH43311735.png
675,WatchWarehouse,Tissot,TISSOT PR 100 Quartz Jungfraubahn SS 34MM Blue Dial Women's Watch,W1597,https://raw.githubusercontent.com/AveryArtlife/gembreak-images/main/watches-only/W1597.png
676,WatchWarehouse,Tissot,TISSOT Ballade Quartz 40MM SS Blue Dial Men's Watch T156.410.22.04,W1601,https://raw.githubusercontent.com/AveryArtlife/gembreak-images/main/watches-only/W1601.png
677,WatchWarehouse,Seiko,SEIKO Alarm Chronograph Tachymeter 42MM Men's Watch SNA163,W2244,https://raw.githubusercontent.com/AveryArtlife/gembreak-images/main/watches-only/W2244.png
678,Creation Watches,Bulova,Bulova Jet Star Stainless Steel Grey Dial Quartz 96B472 Men's Watc,CR96B472,https://raw.githubusercontent.com/AveryArtlife/gembreak-images/main/watches-only/CR96B472.png
679,WatchWarehouse,Seiko,Seiko Silver Dial Stainless Steel Women's Watch SUJF09,W2267,https://raw.githubusercontent.com/AveryArtlife/gembreak-images/main/watches-only/W2267.png
680,WatchWarehouse,Seiko,Seiko Coutura Collection MOP Dial S-Steel Bracelet Women's Watch S,W2266,https://raw.githubusercontent.com/AveryArtlife/gembreak-images/main/watches-only/W2266.png
681,WatchWarehouse,Tissot,TISSOT Bellissima 26MM Small Lady Pink Leather Strap Women's Watch,W1673,https://raw.githubusercontent.com/AveryArtlife/gembreak-images/main/watches-only/W1673.png
682,WatchWarehouse,Seiko,Seiko Le Grand Sport 25MM MOP Dial S-Steel Bracelet Women's Watch,W2257,https://raw.githubusercontent.com/AveryArtlife/gembreak-images/main/watches-only/W2257.png
683,Creation Watches,Hamilton,Hamilton Khaki H68311133 Men's Watch,HAMI-05004W,https://raw.githubusercontent.com/AveryArtlife/gembreak-images/main/watches-only/CRH68311133.png
684,Creation Watches,Bulova,Bulova Surveyor Gold Tone Stainless Steel Open Heart Champagne Dia,CR97A182,https://raw.githubusercontent.com/AveryArtlife/gembreak-images/main/watches-only/CR97A182.png
685,Creation Watches,Bulova,Bulova Classic Sutton Black Skeleton Dial Automatic 98A283 Men's W,CR98A283,https://raw.githubusercontent.com/AveryArtlife/gembreak-images/main/watches-only/CR98A283.png
686,WatchWarehouse,Tissot,TISSOT Ballade Quartz 40MM Blue Dial SS Men's Watch T156.410.11.04,W1600,https://raw.githubusercontent.com/AveryArtlife/gembreak-images/main/watches-only/W1600.png
687,WatchWarehouse,Tissot,TISSOT Ballade Quartz 40MM Green Dial Men's Watch T156.410.11.091.,W1616,https://raw.githubusercontent.com/AveryArtlife/gembreak-images/main/watches-only/W1616.png
688,Creation Watches,Bulova,Bulova Racer Chronograph Stainless Steel Blue Dial Quartz 98B432 1,CR98B432,https://raw.githubusercontent.com/AveryArtlife/gembreak-images/main/watches-only/CR98B432.png
689,WatchWarehouse,Citizen,Citizen Noblia MOP Dial LTHR Strap Women's Watch 1060098,W2295,https://raw.githubusercontent.com/AveryArtlife/gembreak-images/main/watches-only/W2295.png
690,Creation Watches,Bulova,Bulova Classic 96A187 Automatic Men's Watch,CR96A187,https://raw.githubusercontent.com/AveryArtlife/gembreak-images/main/watches-only/CR96A187.png
691,Creation Watches,Bulova,Bulova Marine Star Open Heart Black Dial Automatic Diver's 98A272,CR98A272,https://raw.githubusercontent.com/AveryArtlife/gembreak-images/main/watches-only/CR98A272.png
692,Creation Watches,Bulova,Bulova Surveyor Stainless Steel Burgundy Dial Automatic 98B422 Men,CR98B422,https://raw.githubusercontent.com/AveryArtlife/gembreak-images/main/watches-only/CR98B422.png
693,Creation Watches,Bulova,Bulova Maquina 98A224 Automatic Men's Watch,CR98A224,https://raw.githubusercontent.com/AveryArtlife/gembreak-images/main/watches-only/CR98A224.png
694,Creation Watches,Bulova,Bulova Classic 98A179 Automatic Men's Watch,CR98A179,https://raw.githubusercontent.com/AveryArtlife/gembreak-images/main/watches-only/CR98A179.png
695,Creation Watches,Hamilton,Hamilton Jazzmaster Quartz H32341975 Women's Watch,HAMI-53.00~,https://raw.githubusercontent.com/AveryArtlife/gembreak-images/main/watches-only/CRH32341975.png
696,Creation Watches,Bulova,Bulova Classic Skeleton Black Dial Stainless Steel Automatic 96A20,CR96A208,https://raw.githubusercontent.com/AveryArtlife/gembreak-images/main/watches-only/CR96A208.png
697,Creation Watches,Hamilton,Hamilton Jazzmaster Thinline Quartz H38541513 Men's Watch,HAMI-P837J1,https://raw.githubusercontent.com/AveryArtlife/gembreak-images/main/watches-only/CRH38541513.png
698,WatchWarehouse,Citizen,Citizen Solar-Tech Silver Dial Stainless Steel Men's Watch AP8120-,W2294,https://raw.githubusercontent.com/AveryArtlife/gembreak-images/main/watches-only/W2294.png
699,WatchWarehouse,Citizen,Citizen MOP Dial Silver-tone Women's Watch EP8090-54D,W2287,https://raw.githubusercontent.com/AveryArtlife/gembreak-images/main/watches-only/W2287.png
700,WatchWarehouse,Citizen,CITIZEN Blue Dial Titanium Women's Watch EU1390-58L,W2293,https://raw.githubusercontent.com/AveryArtlife/gembreak-images/main/watches-only/W2293.png
701,Creation Watches,Bulova,Bulova Marine Star 96B256 Quartz Chronograph Men's Watch,CR96B256,https://raw.githubusercontent.com/AveryArtlife/gembreak-images/main/watches-only/CR96B256.png
702,Creation Watches,Hamilton,Hamilton Khaki H68311533 Men's Watch,HAMI-03L10B,https://raw.githubusercontent.com/AveryArtlife/gembreak-images/main/watches-only/CRH68311533.png
703,WatchWarehouse,Citizen,NOBLIA 24MM MOP Dial LTHR Strap Women's Watch 102545,W2296,https://raw.githubusercontent.com/AveryArtlife/gembreak-images/main/watches-only/W2296.png
704,WatchWarehouse,Seiko,Seiko Chronograph White Dial Stainless Steel Women's Watch SNDZ25,W2264,https://raw.githubusercontent.com/AveryArtlife/gembreak-images/main/watches-only/W2264.png
705,WatchWarehouse,Tissot,TISSOT PR 100 Quartz SS 40MM Black Dial Men's Watch T150.410.11.05,W1610,https://raw.githubusercontent.com/AveryArtlife/gembreak-images/main/watches-only/W1610.png
706,WatchWarehouse,Tissot,TISSOT PR 100 Quartz Stainless Steel 40MM Green Dial Men's Watch T,W1551,https://raw.githubusercontent.com/AveryArtlife/gembreak-images/main/watches-only/W1551.png
707,WatchWarehouse,Tissot,TISSOT Classic Dream 42MM S-Steel Silver Dial Men's Watch T129.410,W1672,https://raw.githubusercontent.com/AveryArtlife/gembreak-images/main/watches-only/W1672.png
708,WatchWarehouse,Seiko,Seiko Chronograph Stainless Steel Black Dial Men's Watch SNAD35,W2263,https://raw.githubusercontent.com/AveryArtlife/gembreak-images/main/watches-only/W2263.png
709,WatchWarehouse,Seiko,Seiko Coutura 28MM Black MOP Dial S-Steel Bracelet Women's Watch S,W2256,https://raw.githubusercontent.com/AveryArtlife/gembreak-images/main/watches-only/W2256.png
710,Creation Watches,Bulova,Bulova Classic 98A177 Automatic Men's Watch,CR98A177,https://raw.githubusercontent.com/AveryArtlife/gembreak-images/main/watches-only/CR98A177.png
711,Creation Watches,Hamilton,Hamilton Jazzmaster Quartz H32441551 Men's Watch,HAMI-CRU617,https://raw.githubusercontent.com/AveryArtlife/gembreak-images/main/watches-only/CRH32441551.png
712,WatchWarehouse,Citizen,CITIZEN Silver Dial Stainless Steel Women's Watch EL1540-53A,W2292,https://raw.githubusercontent.com/AveryArtlife/gembreak-images/main/watches-only/W2292.png
713,WatchWarehouse,Citizen,CITIZEN Silver Dial Titanium Women's Watch EL1550-50A,W2291,https://raw.githubusercontent.com/AveryArtlife/gembreak-images/main/watches-only/W2291.png
714,Creation Watches,Bulova,Bulova Classic Sutton Skeleton White Dial Leather Strap Automatic,CR97A138,https://raw.githubusercontent.com/AveryArtlife/gembreak-images/main/watches-only/CR97A138.png
715,Creation Watches,Hamilton,Hamilton Jazzmaster Thinline Small Second Quartz H38411783 Men's W,CRH38411783,https://raw.githubusercontent.com/AveryArtlife/gembreak-images/main/watches-only/CRH38411783.png
716,Creation Watches,Zeppelin,Zeppelin 100 Years ED.1 Germany Made 7680-2 76802 Men's Watch,CRZ76802,https://raw.githubusercontent.com/AveryArtlife/gembreak-images/main/watches-only/CRZ76802.png
717,Creation Watches,Bulova,Bulova Sutton Open Heart Black Dial Leather Strap Automatic 96A269,CR96A269,https://raw.githubusercontent.com/AveryArtlife/gembreak-images/main/watches-only/CR96A269.png
718,WatchWarehouse,Luminox,Luminox Leatherback Sea Turtle Giant X Volition 44MM Blue Dial,WW229,https://raw.githubusercontent.com/AveryArtlife/gembreak-images/main/watches-only/WW802.png
719,Creation Watches,Hamilton,Hamilton Khaki Filed Quartz Swiss Made H68201193 Men's Watch,HAMI-00-1A3,https://raw.githubusercontent.com/AveryArtlife/gembreak-images/main/watches-only/CRH68201193.png
720,Creation Watches,Bulova,Bulova Classic Surveyor Stainless Steel Blue Open Heart Dial Autom,CR96A275,https://raw.githubusercontent.com/AveryArtlife/gembreak-images/main/watches-only/CR96A275.png
721,WatchWarehouse,Seiko,Seiko White Dial Two-tone SS Women's Watch SUJD34,W2255,https://raw.githubusercontent.com/AveryArtlife/gembreak-images/main/watches-only/W2255.png
722,WatchWarehouse,Seiko,Seiko White Dial Gold-tone Stainless Steel Women's Watch SXDB48,W2254,https://raw.githubusercontent.com/AveryArtlife/gembreak-images/main/watches-only/W2254.png
723,WatchWarehouse,Seiko,SEIKO 26MM White Dial Two-tone SS Women's Watch SXDC21P1,W2248,https://raw.githubusercontent.com/AveryArtlife/gembreak-images/main/watches-only/W2248.png
724,WatchWarehouse,Citizen,Citizen Elegance Gold Dial Stainless Steel Women's Watch EK6764-55,W2288,https://raw.githubusercontent.com/AveryArtlife/gembreak-images/main/watches-only/W2288.png
725,WatchWarehouse,Citizen,CITIZEN Elegance Gold Dial Two-tone SS Men's Watch BI0124-57PZ,W2289,https://raw.githubusercontent.com/AveryArtlife/gembreak-images/main/watches-only/W2289.png
726,WatchWarehouse,Seiko,Seiko VIVACE White Dial 24MM Two-tone Women's Watch SUJ279,W2253,https://raw.githubusercontent.com/AveryArtlife/gembreak-images/main/watches-only/W2253.png
727,Creation Watches,Zeppelin,Zeppelin Series 100 Years ED.1 Germany Made 7690-1 76901 Men's Wat,CRZ76901,https://raw.githubusercontent.com/AveryArtlife/gembreak-images/main/watches-only/CRZ76901.png
728,Creation Watches,Bulova,Bulova Sutton Diamond Accents Stainless Steel Light Blue Dial Quar,CR96P250,https://raw.githubusercontent.com/AveryArtlife/gembreak-images/main/watches-only/CR96P250.png
729,WatchWarehouse,Seiko,Seiko 5 Sports Field Gmt Automatic 39.4mm Men's Watch Ssk025,WW566,https://raw.githubusercontent.com/AveryArtlife/gembreak-images/main/watches-only/WW554.png
730,Creation Watches,Bulova,Bulova Classic Sutton Diamond Accent Stainless Steel Blue Dial Qua,BULO-2006M9,https://raw.githubusercontent.com/AveryArtlife/gembreak-images/main/watches-only/CR96P245.png
731,WatchWarehouse,Seiko,Seiko White Dial Two-tone S-Steel Men's Watch SGE778P1,W2251,https://raw.githubusercontent.com/AveryArtlife/gembreak-images/main/watches-only/W2251.png
732,WatchWarehouse,Seiko,Seiko Coutura Silver Dial Stainless Steel Women's Watch SUJE83,W2252,https://raw.githubusercontent.com/AveryArtlife/gembreak-images/main/watches-only/W2252.png
733,WatchWarehouse,Movado,Movado Museum Classic Quartz Black Dial 0607626,WW953,https://raw.githubusercontent.com/AveryArtlife/gembreak-images/main/watches-only/WW951.png
734,WatchWarehouse,Seiko,Seiko Alarm Chronograph Tachymeter 42MM Men's Watch Sna163,WW554,https://raw.githubusercontent.com/AveryArtlife/gembreak-images/main/watches-only/WW768.png
735,WatchWarehouse,Tissot,Tissot Everytime 40MM Quartz White Dial,WW952,https://raw.githubusercontent.com/AveryArtlife/gembreak-images/main/watches-only/WW950.png
736,Creation Watches,Seiko,Seiko 5 Sports Automatic SRP169K1 SRP169K SRP169 Mens Watch,CRSRP169K1,https://raw.githubusercontent.com/AveryArtlife/gembreak-images/main/watches-only/CRSRP169K1.png
737,Creation Watches,Casio,Casio Edifice Chronograph Analog Solar Powered EQS-940DB-1B EQS940,CREQS-940DB-1B,https://raw.githubusercontent.com/AveryArtlife/gembreak-images/main/watches-only/CREQS-940DB-1B.png
738,Creation Watches,Orient,Orient Bambino Leather Strap Pale Green Dial Solar RA-WK0002E Men',CRRA-WK0002E,https://raw.githubusercontent.com/AveryArtlife/gembreak-images/main/watches-only/CRRA-WK0002E.png
739,Creation Watches,Orient,Orient Bambino Leather Strap Black Dial Solar RA-WK0004L Men's Wat,CRRA-WK0004L,https://raw.githubusercontent.com/AveryArtlife/gembreak-images/main/watches-only/CRRA-WK0004L.png
740,Creation Watches,Seiko,Seiko 5 Sports Automatic SRP355 SRP355K1 SRP355K Men's Watch,CRSRP355K1,https://raw.githubusercontent.com/AveryArtlife/gembreak-images/main/watches-only/CRSRP355K1.png
741,Creation Watches,Seiko,Seiko 5 Sports Automatic SRPB91 SRPB91K1 SRPB91K Men's Watch,CRSRPB91K1,https://raw.githubusercontent.com/AveryArtlife/gembreak-images/main/watches-only/CRSRPB91K1.png
742,Creation Watches,Seiko,Seiko 5 Sports Automatic SNZG83 SNZG83J1 SNZG83J Men's Watch,CRSNZG83J1,https://raw.githubusercontent.com/AveryArtlife/gembreak-images/main/watches-only/CRSNZG83J1.png
743,Creation Watches,Seiko,Seiko 5 Sports Automatic SNZH51K1 SNZH51 SNZH51K Men's Watch,CRSNZH51K1,https://raw.githubusercontent.com/AveryArtlife/gembreak-images/main/watches-only/CRSNZH51K1.png
744,Creation Watches,Seiko,Seiko 5 Sports Automatic Monster SRP483 SRP483K1 SRP483K Men's Wat,CRSRP483K1,https://raw.githubusercontent.com/AveryArtlife/gembreak-images/main/watches-only/CRSRP483K1.png
745,WatchWarehouse,Citizen,Citizen Black Dial SS Women's Watch EK4640-59E,W2286,https://raw.githubusercontent.com/AveryArtlife/gembreak-images/main/watches-only/W2286.png
746,Creation Watches,Seiko,Refurbished Seiko Flightmaster Pilot Slide Rule Chronograph SND253,CRRF273SND253P1,https://raw.githubusercontent.com/AveryArtlife/gembreak-images/main/watches-only/CRRF273SND253P1.png
747,Creation Watches,Seiko,Seiko 5 Sports Automatic SRP601 SRP601K1 SRP601K Men's Watch,CRSRP601K1,https://raw.githubusercontent.com/AveryArtlife/gembreak-images/main/watches-only/CRSRP601K1.png
748,Creation Watches,Festina,Festina Chrono Bike Rubber Strap Blue Dial Quartz F20671-1 100M Me,CRF20671-1,https://raw.githubusercontent.com/AveryArtlife/gembreak-images/main/watches-only/CRF20671-1.png
749,Creation Watches,Seiko,Seiko 5 Sports Automatic SRPB89 SRPB89K1 SRPB89K Men's Watch,CRSRPB89K1,https://raw.githubusercontent.com/AveryArtlife/gembreak-images/main/watches-only/CRSRPB89K1.png
750,Creation Watches,Seiko,Seiko 5 Sports Automatic SRP343 SRP343K1 SRP343K Men's Watch,CRSRP343K1,https://raw.githubusercontent.com/AveryArtlife/gembreak-images/main/watches-only/CRSRP343K1.png
751,Creation Watches,Festina,Festina Chrono Bike Chronograph Stainless Steel Black Dial Quartz,CRF20670-6,https://raw.githubusercontent.com/AveryArtlife/gembreak-images/main/watches-only/CRF20670-6.png
752,WatchWarehouse,Citizen,Citizen Solar-tech Silver Dial Stainless Steel Men's Watch,WW791,https://raw.githubusercontent.com/AveryArtlife/gembreak-images/main/watches-only/E79767927295.png
753,Creation Watches,Seiko,Seiko 5 Sports Automatic SRP629 SRP629K1 SRP629K Men's Watch,CRSRP629K1,https://raw.githubusercontent.com/AveryArtlife/gembreak-images/main/watches-only/CRSRP629K1.png
754,Creation Watches,Seiko,Seiko 5 Sports Automatic SRP625K1 SRP625K Men's Watch,CRSRP625K1,https://raw.githubusercontent.com/AveryArtlife/gembreak-images/main/watches-only/CRSRP625K1.png
755,Creation Watches,Seiko,Seiko 5 Sports Automatic SRP621K1 SRP621K Men's Watch,CRSRP621K1,https://raw.githubusercontent.com/AveryArtlife/gembreak-images/main/watches-only/CRSRP621K1.png
756,Creation Watches,Seiko,Seiko 5 Sports Automatic SRP623 SRP623K1 SRP623K Men's Watch,CRSRP623K1,https://raw.githubusercontent.com/AveryArtlife/gembreak-images/main/watches-only/CRSRP623K1.png
757,Creation Watches,Orient,Orient Altair Three Stars Automatic RA-AK0506S10B Men's Watch,CRRA-AK0506S10B,https://raw.githubusercontent.com/AveryArtlife/gembreak-images/main/watches-only/CRRA-AK0506S10B.png
758,Creation Watches,Citizen,Citizen Promaster Marine Diver's Eco-Drive 200M BN0100-42E Men's W,CRBN0100-42E,https://raw.githubusercontent.com/AveryArtlife/gembreak-images/main/watches-only/CRBN0100-42E.png
759,Creation Watches,Seiko,Seiko 5 Sports Automatic SRP341 SRP341K1 SRP341K Men's Watch,CRSRP341K1,https://raw.githubusercontent.com/AveryArtlife/gembreak-images/main/watches-only/CRSRP341K1.png
760,Creation Watches,Citizen,Citizen Promaster Automatic Diver's NY0040-09W Men's Watch,CRNY0040-09W,https://raw.githubusercontent.com/AveryArtlife/gembreak-images/main/watches-only/CRNY0040-09W.png
761,Creation Watches,Casio,Casio G-Shock G-Squad Mobile link Digital Quartz GBD-200UU-1 GBD20,CRGBD-200UU-1,https://raw.githubusercontent.com/AveryArtlife/gembreak-images/main/watches-only/CRGBD-200UU-1.png
762,Creation Watches,Seiko,Seiko 5 Sports Automatic Japan Made SRP219 SRP219J1 SRP219J Men's,CRSRP219J1,https://raw.githubusercontent.com/AveryArtlife/gembreak-images/main/watches-only/CRSRP219J1.png
763,Creation Watches,Orient,Orient Classic Bambino Automatic RA-AC0002S10B Men's Watch,CRRA-AC0002S10B,https://raw.githubusercontent.com/AveryArtlife/gembreak-images/main/watches-only/CRRA-AC0002S10B.png
764,Creation Watches,Seiko,Seiko 5 Sports Automatic SRPB86 SRPB86K1 SRPB86K Men's Watch,CRSRPB86K1.G,https://raw.githubusercontent.com/AveryArtlife/gembreak-images/main/watches-only/CRSRPB86K1.G.png
765,Creation Watches,Citizen,Citizen Diver Promaster Automatic Gold NY0045-05E 21 Jewels Watch,CRNY0045-05EB,https://raw.githubusercontent.com/AveryArtlife/gembreak-images/main/watches-only/CRNY0045-05EB.png
766,Creation Watches,Seiko,Seiko 5 Sports Automatic SRP357K2,CRSRP357K2,https://raw.githubusercontent.com/AveryArtlife/gembreak-images/main/watches-only/CRSRP357K2.png
767,Creation Watches,Casio,Casio Edifice Stainless Steel White Dial Quartz EFR-S108D-7A EFRS1,CREFR-S108D-7A,https://raw.githubusercontent.com/AveryArtlife/gembreak-images/main/watches-only/CREFR-S108D-7A.png
768,Creation Watches,Seiko,Seiko 5 Sports Automatic SRPB79 SRPB79K1 SRPB79K Men's Watch,CRSRPB79K1,https://raw.githubusercontent.com/AveryArtlife/gembreak-images/main/watches-only/CRSRPB79K1.png
769,Creation Watches,Seiko,Seiko 5 Sports Automatic SRPB81 SRPB81K1 SRPB81K Men's Watch,CRSRPB81K1,https://raw.githubusercontent.com/AveryArtlife/gembreak-images/main/watches-only/CRSRPB81K1.png
770,Creation Watches,Casio,Casio Edifice World Time Mobile Link ECB-10D-2A ECB10D-2 100M Men',CRECB-10D-2A,https://raw.githubusercontent.com/AveryArtlife/gembreak-images/main/watches-only/CRECB-10D-2A.png
771,Creation Watches,Casio,Casio Edifice Analog Chronograph Stainless Steel Blue Dial Quartz,CREFB-730D-2AV,https://raw.githubusercontent.com/AveryArtlife/gembreak-images/main/watches-only/CREFB-730D-2AV.png
772,Creation Watches,Festina,Festina Sport Chronograph Stainless Steel Blue Dial Quartz F20463-,CRF20463-2,https://raw.githubusercontent.com/AveryArtlife/gembreak-images/main/watches-only/CRF20463-2.png
773,WatchWarehouse,Citizen,Citizen Elegance Gold Dial Two-tone Ss Men's Watch Bi0124-57pz,WW790,https://raw.githubusercontent.com/AveryArtlife/gembreak-images/main/watches-only/WW611.png
774,WatchWarehouse,Seiko,Seiko White Dial Two-tone S-steel Men's Watch Sge778p1,WW774,https://raw.githubusercontent.com/AveryArtlife/gembreak-images/main/watches-only/WW610.png
775,Creation Watches,Casio,Casio Edifice Slim Line Black Dial Quartz EFR-S108D-1A 100M Men's,CREFR-S108D-1A,https://raw.githubusercontent.com/AveryArtlife/gembreak-images/main/watches-only/CREFR-S108D-1A.png
776,Creation Watches,Orient,Orient Bambino Collection Black Dial ER24008B Men's Watch,CRER24008B,https://raw.githubusercontent.com/AveryArtlife/gembreak-images/main/watches-only/CRER24008B.png
777,Creation Watches,Orient,Orient Bambino Version 2 Automatic FER2400EW0 ER2400EW Men's Watch,CRER2400EW,https://raw.githubusercontent.com/AveryArtlife/gembreak-images/main/watches-only/CRER2400EW.png
778,Creation Watches,Orient,Orient Mako Automatic Diver EM75003B Men's Watch,CREM75003B,https://raw.githubusercontent.com/AveryArtlife/gembreak-images/main/watches-only/CREM75003B.png
779,Creation Watches,Casio,Casio Vintage Digital Stainless Steel Quartz A1100D-1 Unisex Watch,CRA1100D-1,https://raw.githubusercontent.com/AveryArtlife/gembreak-images/main/watches-only/CRA1100D-1.png
780,Creation Watches,Casio,Casio Edifice Sapphire Crystal Analog Stainless Steel Green Dial Q,CREFR-S108D-3A,https://raw.githubusercontent.com/AveryArtlife/gembreak-images/main/watches-only/CREFR-S108D-3A.png
781,Creation Watches,Seiko,Seiko Solar Chronograph Alarm SSC433 SSC433P1 SSC433P Men's Watch,CRSSC433P1,https://raw.githubusercontent.com/AveryArtlife/gembreak-images/main/watches-only/CRSSC433P1.png
782,Creation Watches,Casio,Casio Pro Trek Analog Digital Smartphone Link Grey Dial Tough Sola,CRPRJ-B001-5,https://raw.githubusercontent.com/AveryArtlife/gembreak-images/main/watches-only/CRPRJ-B001-5.png
783,Creation Watches,Seiko,Seiko 5 Sports Automatic SRP619 SRP619K1 SRP619K Men's Watch,CRSRP619K1,https://raw.githubusercontent.com/AveryArtlife/gembreak-images/main/watches-only/CRSRP619K1.png
784,Creation Watches,Orient,Orient Mako Automatic FEM65001MW EM65001M,CRFEM65001MW,https://raw.githubusercontent.com/AveryArtlife/gembreak-images/main/watches-only/CRFEM65001MW.png
785,Creation Watches,Orient,Orient Mako Automatic FEM65006D EM65006D,CRFEM65006D,https://raw.githubusercontent.com/AveryArtlife/gembreak-images/main/watches-only/CRFEM65006D.png
786,Creation Watches,Casio,Casio G-Shock Carbon Core Guard Digital Analog Black Dial Quartz G,CRGA-2000-1A9,https://raw.githubusercontent.com/AveryArtlife/gembreak-images/main/watches-only/CRGA-2000-1A9.png
787,Creation Watches,Orient,Orient Bambino Collection White Dial ER2400BW Men's Watch,CRER2400BW,https://raw.githubusercontent.com/AveryArtlife/gembreak-images/main/watches-only/CRER2400BW.png
788,Creation Watches,Orient,Orient Bambino Collection Cream Dial ER2400CN Men's Watch,CRER2400CN,https://raw.githubusercontent.com/AveryArtlife/gembreak-images/main/watches-only/CRER2400CN.png
789,Creation Watches,Orient,Orient Mako Automatic Diver's Orange Dial FEM65001MV Men's Watch,CRFEM65001MV,https://raw.githubusercontent.com/AveryArtlife/gembreak-images/main/watches-only/CRFEM65001MV.png
790,Creation Watches,Orient,Orient Mako Automatic Divers 200M FEM65004M EM65004M Men's Watch,CRFEM65004M,https://raw.githubusercontent.com/AveryArtlife/gembreak-images/main/watches-only/CRFEM65004M.png
791,Creation Watches,Seiko,Refurbished Seiko Chronograph Quartz SSB377 SSB377P1 SSB377P 100M,CRRF526SSB377P1,https://raw.githubusercontent.com/AveryArtlife/gembreak-images/main/watches-only/CRRF526SSB377P1.png
792,Creation Watches,Festina,Festina Timeless Chronograph Leather Strap Blue Dial Quartz F20692,CRF20692-2,https://raw.githubusercontent.com/AveryArtlife/gembreak-images/main/watches-only/CRF20692-2.png
793,Creation Watches,Orient,Orient Bambino Automatic FER2400JW0 ER2400JW Men's Watch,CRER2400JW,https://raw.githubusercontent.com/AveryArtlife/gembreak-images/main/watches-only/CRER2400JW.png
794,Eastern (Casio),Casio,Casio Ef-527d-1av,E79767927295,https://raw.githubusercontent.com/AveryArtlife/gembreak-images/main/watches-only/E4971850742333.png
795,Creation Watches,Emporio Armani,Emporio Armani Stainless Steel Mother Of Pearl Dial Quartz AR11723 Women's Watch,CRAR11723,
796,Creation Watches,Citizen,Citizen Eco-Drive  Analog Stainless Steel Pink Dial Solar EM1220-58X Women's Watch,CREM1220-58X,
797,Creation Watches,Orient,Orient Ray Collection Diver Automatic FEM6500AM9 Men's Watch,CRFEM6500AM9,https://raw.githubusercontent.com/AveryArtlife/gembreak-images/main/watches-only/CRFEM6500AM9.png
798,Creation Watches,Seiko,Seiko 5 Sports Limited Edition Automatic Japan Made SRPA93 SRPA93J,CRSRPA93J1,https://raw.githubusercontent.com/AveryArtlife/gembreak-images/main/watches-only/CRSRPA93J1.png
799,Creation Watches,Refurbished,Refurbished Casio Edifice Analog Digital Smartphone Link Stainless Steel Black Dial Quartz ECB-10DC-1A 100M Men's Watch,CRU864,
800,Creation Watches,Seiko,Seiko 5 Sports Automatic 23 Jewels Japan Made SNZ453 SNZ453J1 SNZ4,CRSNZ453J1,https://raw.githubusercontent.com/AveryArtlife/gembreak-images/main/watches-only/CRSNZ453J1.png
801,Creation Watches,RATIO,Ratio FreeDiver Version 02 Helium Safe 1000M Sapphire Quartz White Dial 1038EF102V-WHT-V02 Men's Watch,CR1038EF102V-WHT-V02,
802,Creation Watches,RATIO,Ratio FreeDiver Version 02 Helium Safe 1000M Sapphire Quartz Orange Dial 1038EF102V-ORG-V02 Men's Watch,CR1038EF102V-ORG-V02,
803,Creation Watches,RATIO,Ratio FreeDiver Version 02 Helium Safe 1000M Sapphire Quartz Mint Green Dial 1038EF102V-GRN-V02 Men's Watch,CR1038EF102V-GRN-V02,
804,Creation Watches,RATIO,Ratio FreeDiver Version 02 Helium Safe 1000M Sapphire Quartz Black Dial 1038EF102V-BLK-V02 Men's Watch,CR1038EF102V-BLK-V02,
805,Creation Watches,AVI-8,AVI-8 Hawker Hurricane Classic Chronograph Cream Beige Dial Quartz AV-4011-0C Men's Watch,CRAV-4011-0C,
806,Creation Watches,Casio,Casio G-Shock World Time Analog Digital GA-110-1A GA110-1A Men's W,CRGA-110-1A,https://raw.githubusercontent.com/AveryArtlife/gembreak-images/main/watches-only/CRGA-110-1A.png
807,Creation Watches,Citizen,Citizen Eco-Drive Promaster Diver BN0100-26E Men's Watch,CRBN0100-26E,https://raw.githubusercontent.com/AveryArtlife/gembreak-images/main/watches-only/CRBN0100-26E.png
808,Creation Watches,Citizen,Citizen Elegance Stainless Steel Blue Dial Eco-Drive EW2621-75M 100M Women's Watch,CREW2621-75M,
809,Creation Watches,Citizen,Citizen Elegance Stainless Steel White Dial Eco-Drive EW2621-75A 100M Women's Watch,CREW2621-75A,
810,WatchWarehouse,Seiko,Seiko Quartz 35MM White Dial Ss Women's Watch Srl045p1,WW611,https://raw.githubusercontent.com/AveryArtlife/gembreak-images/main/watches-only/E4971850965169.png
811,Creation Watches,Citizen,Citizen Bullhead Chronograph Stainless Steel Orange Dial Quartz AN3700-89Z Men's Watch,CRAN3700-89Z,
812,Creation Watches,Citizen,Citizen Chronograph Two Tone Stainless Steel Blue Dial Quartz AN8194-51L 100M Men's Watch,CRAN8194-51L,
813,Creation Watches,Casio,Casio Edifice Analog Standard Chronograph Stainless Steel Blue Dial Quartz EFR-539DE-2AV 100M Men's Watch,CREFR-539DE-2AV,
814,Creation Watches,Orient,Orient 2nd Generation Bambino Version 2 Automatic FAC00007W0 Men's,CRFAC00007W0,https://raw.githubusercontent.com/AveryArtlife/gembreak-images/main/watches-only/CRFAC00007W0.png
815,Creation Watches,Citizen,Citizen Eco-Drive Promaster Diver's EP6040-02E Women's Watch,CREP6040-02E,https://raw.githubusercontent.com/AveryArtlife/gembreak-images/main/watches-only/CREP6040-02E.png
816,Creation Watches,Casio,Casio G-Shock Neon Accent Analog Digital Quartz GA-2100-1A2 GA2100,CRGA-2100-1A2,https://raw.githubusercontent.com/AveryArtlife/gembreak-images/main/watches-only/CRGA-2100-1A2.png
817,Creation Watches,Seiko,Seiko 5 Sports Automatic SRP635 SRP635K1 SRP635K Men's Watch,CRSRP635K1,https://raw.githubusercontent.com/AveryArtlife/gembreak-images/main/watches-only/CRSRP635K1.png
818,Creation Watches,Casio,Casio Edifice Nighttime Drive Series Analog Chronograph Black Dial Solar EQS-940NL-1A 100M Men's Watch,CREQS-940NL-1A,
819,Creation Watches,Casio,Casio Baby-G Analog Digital Resin Strap Multicolor Dial Quartz BGA,CRBGA-290FL-7A,https://raw.githubusercontent.com/AveryArtlife/gembreak-images/main/watches-only/CRBGA-290FL-7A.png
820,Creation Watches,Orient,Orient 3 Star SAB0C006B9 Automatic Japan Made Men's Watch,CRSAB0C006B9,https://raw.githubusercontent.com/AveryArtlife/gembreak-images/main/watches-only/CRSAB0C006B9.png
821,Creation Watches,Fossil,Fossil Machine Big Tic Analog Digital Stainless Steel Black Dial Quartz FS6155 Unisex Watch,CRFS6155,
822,Creation Watches,Fossil,Fossil Everett Chronograph Stainless Steel Blue Dial Quartz FS6154 Men's Watch,CRFS6154,
823,Creation Watches,Citizen,Citizen Eco-Drive Stainless Steel Green Dial Solar AW1880-55X 100M Men's Watch,CRAW1880-55X,
824,Creation Watches,Casio,Casio Edifice Analog Digital Stainless Steel Green Dial Quartz ERA-130D-3A 100M Men's Watch,CRERA-130D-3A,
825,Creation Watches,Casio,Casio Edifice Analog Digital Stainless Steel Black Dial Quartz ERA-130D-1A 100M Men's Watch,CRERA-130D-1A,
826,Creation Watches,Citizen,Citizen Eco-Drive Stainless Steel Blue Dial Solar AW1881-52L 100M Men's Watch,CRAW1881-52L,
827,Creation Watches,Refurbished,Refurbished Seiko 5 Date-Day Stainless Steel Blue Dial 21 Jewels Automatic SNKC51J1 Men's Watch,CRRF1670SNKC51J1,
828,Creation Watches,Refurbished,Refurbished Seiko 5 Automatic 21 Jewels Japan Made SNKE57 SNKE57J1 SNKE57J Men's Watch,CRRF1598SNKE57J1,
829,Creation Watches,Citizen,Citizen Elegance Stainless Steel White Dial Eco-Drive EM0411-71A Women's Watch,CREM0411-71A,
830,Creation Watches,Refurbished,Refurbished Seiko 5 Automatic Japan Made SNK563 SNK563J1 SNK563J Men's Watch,CRRF701SNK563J1,
831,Creation Watches,Refurbished,Refurbished Seiko 5 Automatic Japan Made 21 Jewels SNK375 SNK375J1 SNK375J Men's Watch,CRRF446SNK375J1,
832,Creation Watches,Refurbished,Refurbished Seiko Stainless Steel Blue Dial Automatic SNKC51J1 Men's Watch,CRRF210-SNKC51J1,
833,Creation Watches,Fossil,Fossil Raquel Rose Gold Tone Stainless Steel Brown Mother Of Pearl Dial Quartz ES5323 Women's Watch,CRES5323,
834,Creation Watches,Refurbished,Refurbished Michael Kors Runway Rose Gold Tone MK3197 Women's Watch,CRU579,
835,Creation Watches,Seiko,Seiko 5 Date-Day Stainless Steel Blue Dial 21 Jewels Automatic SNKC51J1 Men's Watch,CRSNKC51J1,
836,Creation Watches,Seiko,Seiko 5 Sports Automatic 24 Jewels 100M SRP750 SRP750K1 SRP750K Me,CRSRP750K1,https://raw.githubusercontent.com/AveryArtlife/gembreak-images/main/watches-only/CRSRP750K1.png
837,Creation Watches,Orient,Orient Bambino Classic Automatic ER2400KA Men's Watch,CRER2400KA,https://raw.githubusercontent.com/AveryArtlife/gembreak-images/main/watches-only/CRER2400KA.png
838,Creation Watches,Refurbished,Refurbished Armani Exchange Cayde Grey Dial Quartz AX2722 Men's Watch,CRU578,
839,Creation Watches,Refurbished,Refurbished Casio G-Shock G-Squad Digital Smartphone Link White Bio-Based Resin Quartz GBD-300-7 200M Men's Watch,CRRF1214GBD-300-7,
840,Creation Watches,Refurbished,Refurbished Seiko 5 Automatic 21 SYMK44 SYMK44K1 SYMK44K Women's Watch,CRRF1129SYMK44K1,
841,Creation Watches,Refurbished,Refurbished Orient Automatic NR1Q003W0 NR1Q003W Womens Watch,CRRF1004NR1Q003W0,
842,Creation Watches,Citizen,Citizen Eco-Drive Stainless Steel Blue Dial BM7620-83M 100M Men's Watch,CRBM7620-83M,
843,Creation Watches,Citizen,Citizen Tsuno Bullhead Chronograph Stainless Steel Green Dial Quartz AN3660-73X Men's Watch,CRAN3660-73X,
844,Creation Watches,Festina,Festina Titanium Analog Blue Dial Quartz F20698-2 100M Men's Watch,CRF20698-2,
845,Creation Watches,Orient,Orient 2nd Generation Bambino Classic Automatic FAC0000BW0 AC0000B,CRFAC0000BW0,https://raw.githubusercontent.com/AveryArtlife/gembreak-images/main/watches-only/CRFAC0000BW0.png
846,Creation Watches,Festina,Festina Timeless Chronograph Stainless Steel Black Dial Quartz F16,CRF16820-4,https://raw.githubusercontent.com/AveryArtlife/gembreak-images/main/watches-only/CRF16820-4.png
847,Creation Watches,Casio,Casio Baby-G Analog Digital Quartz BA-110XBE-7A BA110XBE-7 100M Wo,CRBA-110XBE-7A,https://raw.githubusercontent.com/AveryArtlife/gembreak-images/main/watches-only/CRBA-110XBE-7A.png
848,Creation Watches,Orient,Orient 3 Stars EM70004W Mens Watch,CREM70004W,https://raw.githubusercontent.com/AveryArtlife/gembreak-images/main/watches-only/CREM70004W.png
849,Creation Watches,Casio,Casio Edifice Analog Chronograph Stainless Steel Red Dial Quartz EFR-575D-4A 100M Men's Watch,CREFR-575D-4A,
850,WatchWarehouse,Seiko,Seiko Quartz 35MM Black Dial Ss Women's Watch Srl049p1,WW610,https://raw.githubusercontent.com/AveryArtlife/gembreak-images/main/watches-only/E889232374659.png
851,Creation Watches,Casio,Casio G-Shock G-7900-1D G7900-1D Digital Sports Men's Watch,CRG-7900-1D,https://raw.githubusercontent.com/AveryArtlife/gembreak-images/main/watches-only/CRG-7900-1D.png
852,Creation Watches,Fossil,Fossil Harlow Stainless Steel Satin Cream Dial Quartz ES5485 Women's Watch,CRES5485,
853,Creation Watches,Festina,Festina Timeless Chronograph Stainless Steel Blue Dial Quartz F20668-5 100M Men's Watch,CRF20668-5,
854,Creation Watches,Sector,Sector No Limits Stainless Steel Blue Dial Quartz R3253518513 Women's Watch With Git Set,CRR3253518513,
855,Creation Watches,Refurbished,Refurbished Casio Standard Analog Chronograph Stainless Steel Black Dial Quartz MTP-E510D-1A1V Men's Watch,CRRF1398MTP-E510D-1A1V,
856,Creation Watches,Refurbished,Refurbished Casio G-Shock Analog Digital GA-700-1B GA700-1B Men's Watch,CRRF378GA-700-1B,
857,Creation Watches,Casio,Casio Analog Stainless Steel Green Dial Quartz MTP-B195D-3AV Men's Watch,CRMTP-B195D-3AV,
858,Creation Watches,Casio,Casio Analog Stainless Steel Blue Dial Quartz MTP-B195D-2AV Men's Watch,CRMTP-B195D-2AV,
859,Creation Watches,Casio,Casio Analog Stainless Steel Black Dial Quartz MTP-B195D-1AV Men's Watch,CRMTP-B195D-1AV,
860,Creation Watches,Citizen,Citizen Chronograph Stainless Steel Black Dial Quartz AN8230-59E 100M Men's Watch,CRAN8230-59E,
861,Creation Watches,Casio,Casio Standard Analog Stainless Steel White Dial Quartz MTP-B190D-7BV Men's Watch,CRMTP-B190D-7BV,
862,Creation Watches,Casio,Casio Standard Analog Stainless Steel Black Dial Quartz MTP-B190D-1BV Men's Watch,CRMTP-B190D-1BV,
863,Creation Watches,Refurbished,Refurbished Casio G-Shock Standard Analog Digital Quartz GA-2000S-1 GA2000S-1 200M Men's Watch,CRRF1283GA-2000S-1,
864,Creation Watches,Refurbished,Refurbished Invicta Automatic Pro Diver 200M Blue Dial 8930OB Men's Watch,CRRF855INV8930OB,
865,Creation Watches,Casio,Casio G-Shock Analog Digital Black Dial Quartz GA-2100VB-1A GA2100,CRGA-2100VB-1A,https://raw.githubusercontent.com/AveryArtlife/gembreak-images/main/watches-only/CRGA-2100VB-1A.png
866,Creation Watches,Orient,Orient Automatic Three Star FEM7P00CB Men's Watch,CRFEM7P00CB,https://raw.githubusercontent.com/AveryArtlife/gembreak-images/main/watches-only/CRFEM7P00CB.png
867,Creation Watches,Casio,Casio G-Shock Standard Analog Digital Quartz GA-2000S-1 GA2000S-1,CRGA-2000S-1,https://raw.githubusercontent.com/AveryArtlife/gembreak-images/main/watches-only/CRGA-2000S-1.png
868,Creation Watches,Orient,Orient Altair Three Star Automatic RA-AK0505L10B Men's Watch,CRRA-AK0505L10B,https://raw.githubusercontent.com/AveryArtlife/gembreak-images/main/watches-only/CRRA-AK0505L10B.png
869,Creation Watches,Orient,Orient 3 Stars EM70001W Mens Watch,CREM70001W,https://raw.githubusercontent.com/AveryArtlife/gembreak-images/main/watches-only/CREM70001W.png
870,Creation Watches,Orient,Orient 3 Stars EM70002B Mens Watch,CREM70002B,https://raw.githubusercontent.com/AveryArtlife/gembreak-images/main/watches-only/CREM70002B.png
871,Creation Watches,Fossil,Fossil Raquel Mini Stainless Steel White Dial Quartz ES5469 Women's Watch,CRES5469,
872,Creation Watches,Refurbished,Refurbished Seiko 5 Automatic 21 Jewels SNKE54 SNKE54K1 SNKE54K Men's Watch,CRRF1639SNKE54K1,
873,Creation Watches,Fossil,Fossil Harlow Gold Tone Stainless Steel Cream Dial Quartz ES5361 Women's Watch,CRES5361,
874,Creation Watches,Fossil,Fossil Everett Chronograph Stainless Steel Blue Dial Quartz FS6104 Men's Watch,CRFS6104,
875,Creation Watches,Fossil,Fossil Blue GMT Stainless Steel Black Dial Quartz FS6092 100M Men's watch,CRFS6092,
876,Creation Watches,Fossil,Fossil Sport Tourer Chronograph Stainless Steel Black Dial Quartz FS6045 Men's Watch,CRFS6045,
877,Creation Watches,RATIO,Ratio FreeDiver Sapphire Stainless Steel Yellow Dial Quartz RTF034 200M Men's Watch,CRRTF034,
878,Creation Watches,RATIO,Ratio FreeDiver Sapphire Stainless Steel Blue Dial Quartz RTF033 200M Men's Watch,CRRTF033,
879,Creation Watches,Festina,Festina Timeless Chronograph Stainless Steel Black Dial Quartz F20560-5 100M Men's Watch,CRF20560-5,
880,Creation Watches,Orient,Orient 3 Star White Dial Automatic RA-AB0E10S19B 100M Men's Watch,CRRA-AB0E10S19B,https://raw.githubusercontent.com/AveryArtlife/gembreak-images/main/watches-only/CRRA-AB0E10S19B.png
881,Creation Watches,Casio,Casio G-Shock Special Color Shock Resistant Analog Digital GA-110H,CRGA-110HR-1A,https://raw.githubusercontent.com/AveryArtlife/gembreak-images/main/watches-only/CRGA-110HR-1A.png
882,Creation Watches,Casio,Casio Edifice Chronograph Analog Quartz EFV-620D-1A4V EFV620D-1A4,CREFV-620D-1A4V,https://raw.githubusercontent.com/AveryArtlife/gembreak-images/main/watches-only/CREFV-620D-1A4V.png
883,Creation Watches,Refurbished,Refurbished Sector 230 Black Dial Two Tone Stainless Steel Quartz R3253161019 100M Men's Watch,CRU616,
884,Creation Watches,Refurbished,Refurbished Seiko 5 Automatic 21 Jewels SNK621 SNK621K1 SNK621K Men's Watch,CRRF1495SNK621K1,
885,Creation Watches,Casio,Casio G-Shock GA-100-1A1 GA100-1A1 Shock Resistant 200M Men's Watc,CRGA-100-1A1,https://raw.githubusercontent.com/AveryArtlife/gembreak-images/main/watches-only/CRGA-100-1A1.png
886,Creation Watches,Fossil,Fossil Crosby Two Tone Stainless Steel Blue Dial Quartz FS6161 Men's Watch,CRFS6161,
887,Creation Watches,Refurbished,Refurbished Seiko 5 Automatic SNKE51 SNKE51K1 SNKE51K Men's Watch,CRRF1494SNKE51K1,
888,Creation Watches,Refurbished,Refurbished Seiko 5 Sports Automatic SNK615 SNK615K1 SNK615K Men's Watch,CRRF1451SNK615K1,
889,Creation Watches,Refurbished,Refurbished Seiko 5 Automatic SNK623 SNK623K1 SNK623K Men's Watch,CRRF1341SNK623K1,
890,Creation Watches,Fossil,Fossil Harlow Croco Leather Cream Dial Quartz ES5425 Women's Watch,CRES5425,
891,Creation Watches,Fossil,Fossil Crosby Stainless Steel Blue Dial Quartz FS6121 Men's Watch,CRFS6121,
892,Creation Watches,RATIO,Ratio FreeDiver Sapphire Stainless Steel Green Dial Quartz RTF039 200M Men's Watch,CRRTF039,
893,Creation Watches,RATIO,Ratio FreeDiver Sapphire Stainless Steel Orange Dial Quartz RTF035 200M Men's Watch,CRRTF035,
894,Creation Watches,Festina,Festina Timeless Chronograph Stainless Steel Silver Dial Quartz F20560-1 100M Men's Watch,CRF20560-1,
895,Creation Watches,Festina,Festina Ceramic Pink Dial Quartz F20751-2 Women's Watch,CRF20751-2,
896,Creation Watches,Festina,Festina Timeless Chronograph Stainless Steel Black Dial Quartz F20742-3 100M Men's Watch,CRF20742-3,
897,Creation Watches,Refurbished,Refurbished Casio Edifice Sapphire Crystal Analog Stainless Steel Green Dial Quartz EFR-S108D-3A 100M Men's Watch,CRRF1399EFR-S108D-3A,
898,Creation Watches,Casio,Casio Beside Analog Stainless Steel Pink Mother of Pearl Dial Quartz BLS-100DS-4AV Women's Watch,CRBLS-100DS-4AV,
899,Creation Watches,Fossil,Fossil Harlow Rose Gold Tone Stainless Steel Cream Dial Quartz ES5386 Women's Watch,CRES5386,
900,Creation Watches,Fossil,Fossil Blue Dive Stainless Steel Black Dial Quartz FS6032 100M Men's Watch,CRFS6032,
901,Creation Watches,Orient,Orient Automatic Starfish FEM7J00AW9,CRFEM7J00AW9,https://raw.githubusercontent.com/AveryArtlife/gembreak-images/main/watches-only/CRFEM7J00AW9.png
902,Creation Watches,Festina,Festina Boyfriend Stainless Steel Turquoise Dial Quartz F20622-P W,CRF20622-P,https://raw.githubusercontent.com/AveryArtlife/gembreak-images/main/watches-only/CRF20622-P.png
903,Creation Watches,Skagen,Skagen Mellem Lille Stainless Steel Silver Dial Quartz SKW3159 Women's Watch,CRSKW3159,
904,Creation Watches,Orient,Orient 3 Stars EM70005D Men's Watch,CREM70005D,https://raw.githubusercontent.com/AveryArtlife/gembreak-images/main/watches-only/CREM70005D.png
905,Creation Watches,Orient,Orient 3 Star SAB0C005C8 Automatic Japan Made Men's Watch,CRSAB0C005C8,https://raw.githubusercontent.com/AveryArtlife/gembreak-images/main/watches-only/CRSAB0C005C8.png
906,Creation Watches,Orient,Orient 3 Stars EM70005B Mens Watch,CREM70005B,https://raw.githubusercontent.com/AveryArtlife/gembreak-images/main/watches-only/CREM70005B.png
907,Creation Watches,Orient,Orient 3 Stars EM70002D Mens Watch,CREM70002D,https://raw.githubusercontent.com/AveryArtlife/gembreak-images/main/watches-only/CREM70002D.png
908,Creation Watches,Orient,Orient Classic Automatic Three Star EM7P006B Men's Watch,CREM7P006B,https://raw.githubusercontent.com/AveryArtlife/gembreak-images/main/watches-only/CREM7P006B.png
909,Creation Watches,Orient,Orient Deneb Tri Star White Dial Automatic RA-AB0E10S19A Men's Wat,CRRA-AB0E10S19A,https://raw.githubusercontent.com/AveryArtlife/gembreak-images/main/watches-only/CRRA-AB0E10S19A.png
910,Creation Watches,Orient,Orient Automatic Three Star EM7P00EC Men's Watch,CREM7P00EC,https://raw.githubusercontent.com/AveryArtlife/gembreak-images/main/watches-only/CREM7P00EC.png
911,Creation Watches,Orient,Orient 3 Stars EM70002W Mens Watch,CREM70002W,https://raw.githubusercontent.com/AveryArtlife/gembreak-images/main/watches-only/CREM70002W.png
912,Creation Watches,Fossil,Fossil Crosby Stainless Steel Grey Dial Quartz FS6122 Men's Watch,CRFS6122,
913,Creation Watches,Refurbished,Refurbished Casio Standard Analog Stainless Steel Green Dial Quartz MTP-B180D-3AV Men's Watch,CRRF1409MTP-B180D-3AV,
914,Creation Watches,Refurbished,Refurbished Casio W-217HM-7BV Chronograph Quartz Men's Watch,CRRF1405W-217HM-7BV,
915,Creation Watches,Refurbished,Refurbished Casio Standard Analog Gold Tone Stainless Steel Gold Dial Quartz MTP-B145G-9AV Unisex Watch,CRRF1404MTP-B145G-9AV,
916,Creation Watches,Refurbished,Refurbished Casio Standard Analog Stainless Steel Black Dial Solar Powered MTP-RS100D-1A Men's Watch,CRRF1403MTP-RS100D-1A,
917,Creation Watches,Refurbished,Refurbished Casio Analog Quartz MTP-1302D-7A1V MTP1302D-7A1V Men's Watch,CRRF1402MTP-1302D-7A1V,
918,Creation Watches,Refurbished,Refurbished Casio G-Shock GA-140-1A4 Shock Resistance Quartz 200M Men's Watch,CRRF1400GA-140-1A4,
919,Creation Watches,Refurbished,Refurbished Casio Standard Analog Stainless Steel White Dial Quartz MTD-135D-7AV Men's Watch,CRRF1397MTD-135D-7AV,
920,Creation Watches,Citizen,Citizen Stainless Steel Green Dial Quartz BI5110-54X Men's Watch,CRBI5110-54X,
921,Creation Watches,Casio,Casio Standard Analog Stainless Steel Blue Dial Quartz MTP-B146D-2AV Men's Watch,CRMTP-B146D-2AV,
922,Creation Watches,Casio,Casio Standard Analog Stainless Steel Silver Dial Quartz LTP-B170D-7BV Women's Watch,CRLTP-B170D-7BV,
923,Creation Watches,Casio,Casio Standard Analog Stainless Steel Pink Dial Quartz LTP-B170D-4BV Women's Watch,CRLTP-B170D-4BV,
924,Creation Watches,Casio,Casio Standard Analog Stainless Steel Blue Dial Quartz LTP-B170D-2BV Women's Watch,CRLTP-B170D-2BV,
925,Creation Watches,Casio,Casio Standard Analog Stainless Steel Black Dial Quartz LTP-B170D-1BV Women's Watch,CRLTP-B170D-1BV,
926,Creation Watches,Casio,Casio Chronograph Analog Stainless Steel Brown Dial Quartz MTP-E510D-5AV Men's Watch,CRMTP-E510D-5AV,
927,Creation Watches,Casio,Casio Analog Chronograph Stainless Steel Blue Dial Quartz MTP-E510D-2A2V Men's Watch,CRMTP-E510D-2A2V,
928,Creation Watches,Orient,Orient 3 Star SAB0C007W9 Automatic Japan Made Men's Watch,CRSAB0C007W9,https://raw.githubusercontent.com/AveryArtlife/gembreak-images/main/watches-only/CRSAB0C007W9.png
929,Creation Watches,Casio,Casio G-Shock DW-9052-1VDR DW9052-1VDR Men's Watch,CRDW-9052-1VDR,https://raw.githubusercontent.com/AveryArtlife/gembreak-images/main/watches-only/CRDW-9052-1VDR.png
930,Creation Watches,Orient,Orient 3 Star SAB0C004B9 Automatic Japan Made Men's Watch,CRSAB0C004B9,https://raw.githubusercontent.com/AveryArtlife/gembreak-images/main/watches-only/CRSAB0C004B9.png
931,Creation Watches,Orient,Orient 3 Star SAB0C002W9 Automatic Japan Made Men's Watch,CRSAB0C002W9,https://raw.githubusercontent.com/AveryArtlife/gembreak-images/main/watches-only/CRSAB0C002W9.png
932,Creation Watches,Casio,Casio Analog Stainless Steel Silver Dial Quartz MTP-B315D-7AV Men's Watch,CRMTP-B315D-7AV,
933,Creation Watches,Casio,Casio Analog Stainless Steel Black Dial Quartz MTP-B315D-1AV Men's Watch,CRMTP-B315D-1AV,
934,Creation Watches,Festina,Festina Classic Stainless Steel Grey Dial Quartz F20707-3 Men's Wa,CRF20707-3,https://raw.githubusercontent.com/AveryArtlife/gembreak-images/main/watches-only/CRF20707-3.png
935,Creation Watches,Casio,Casio Baby-G Digital Resin Strap Pink Dial Quartz BG-169U-1C 200M,CRBG-169U-1C,https://raw.githubusercontent.com/AveryArtlife/gembreak-images/main/watches-only/CRBG-169U-1C.png
936,Creation Watches,Casio,Casio Baby-G Plus Analog Resin Strap Pastel Pink Dial Quartz BGA-1,CRBGA-15K-4A,https://raw.githubusercontent.com/AveryArtlife/gembreak-images/main/watches-only/CRBGA-15K-4A.png
937,Creation Watches,Casio,Casio Vintage Digital Smartphone Link Stainless Steel Quartz ABL-1,CRABL-100WE-1B,https://raw.githubusercontent.com/AveryArtlife/gembreak-images/main/watches-only/CRABL-100WE-1B.png
938,Creation Watches,Casio,Casio Enticer World Time Telememo Analog Digital AMW-880D-1A AMW88,CRAMW-880D-1A,https://raw.githubusercontent.com/AveryArtlife/gembreak-images/main/watches-only/CRAMW-880D-1A.png
939,Creation Watches,Orient,Orient 3 Star Automatic FAB0000EB Analog Men's Watch,CRFAB0000EB,https://raw.githubusercontent.com/AveryArtlife/gembreak-images/main/watches-only/CRFAB0000EB.png
940,Creation Watches,Casio,Casio Standard Analog Stainless Steel White Dial Quartz MTP-B210D-7AV Men's Watch,CRMTP-B210D-7AV,
941,Creation Watches,Casio,Casio Standard Analog Stainless Steel Navy Blue Dial Quartz MTP-B210D-2A2V Men's Watch,CRMTP-B210D-2A2V,
942,Creation Watches,Casio,Casio Standard Analog Stainless Steel Teal Blue Dial Quartz MTP-B210D-2A1V Men's Watch,CRMTP-B210D-2A1V,
943,Creation Watches,Casio,Casio Standard Analog Stainless Steel Black Dial Quartz MTP-B210D-1AV Men's Watch,CRMTP-B210D-1AV,
944,Creation Watches,Casio,Casio Baby-G Analog Playful Hearts Series Green Dial Quartz BGA-10,CRBGA-10-3A,https://raw.githubusercontent.com/AveryArtlife/gembreak-images/main/watches-only/CRBGA-10-3A.png
945,Creation Watches,Casio,Casio Analog Digital World Time Stainless Steel AMW-870D-1A AMW870,CRAMW-870D-1A,https://raw.githubusercontent.com/AveryArtlife/gembreak-images/main/watches-only/CRAMW-870D-1A.png
946,Creation Watches,Orient,Orient 3 Star Crystal Automatic FAB0000DK9 Men's Watch,CRFAB0000DK9,https://raw.githubusercontent.com/AveryArtlife/gembreak-images/main/watches-only/CRFAB0000DK9.png
947,Creation Watches,Casio,Casio Baby-G Analog Resin Strap Purple Dial Quartz BGA-10D-6A 100M,CRBGA-10D-6A,https://raw.githubusercontent.com/AveryArtlife/gembreak-images/main/watches-only/CRBGA-10D-6A.png
948,Creation Watches,Refurbished,Refurbished Casio Edifice Analog Standard Chronograph Stainless Steel Blue Dial Quartz EFR-552D-2A 100M Men's Watch,CRRF1207EFR-552D-2A,
949,Creation Watches,Casio,Casio Analog Digital Stainless Steel Green Dial Quartz AMW-880D-3A,CRAMW-880D-3AV,https://raw.githubusercontent.com/AveryArtlife/gembreak-images/main/watches-only/CRAMW-880D-3AV.png
950,Creation Watches,Casio,Casio Baby-G Analog Resin Blue Dial Quartz BGA-10D-2A1 100M Women',CRBGA-10D-2A1,https://raw.githubusercontent.com/AveryArtlife/gembreak-images/main/watches-only/CRBGA-10D-2A1.png
951,Creation Watches,Casio,Casio Standard Analog Stainless Steel Green And White Dial Quartz MTP-M307D-3BV Men's Watch,CRMTP-M307D-3BV,
952,Creation Watches,Casio,Casio Standard Analog Stainless Steel Blue And White Dial Quartz MTP-M307D-2BV Men's Watch,CRMTP-M307D-2BV,
953,Creation Watches,Casio,Casio Standard Analog Stainless Steel Blue Dial Quartz MTP-M306D-2AV Men's Watch,CRMTP-M306D-2AV,
954,Creation Watches,Casio,Casio G-Shock Illuminator DW-9052-2VDR DW9052-2VDR 200M Digital Me,CRDW-9052-2VDR,https://raw.githubusercontent.com/AveryArtlife/gembreak-images/main/watches-only/CRDW-9052-2VDR.png
955,Creation Watches,Casio,Casio Vintage Analog Digital Gold Ion Plated Stainless Steel Beige,CRAQ-800EG-9A,https://raw.githubusercontent.com/AveryArtlife/gembreak-images/main/watches-only/CRAQ-800EG-9A.png
956,Creation Watches,Casio,Casio Digital Stainless Steel Data Bank Multi-Lingual DBC-611-1DF,CRDBC-611-1DF,https://raw.githubusercontent.com/AveryArtlife/gembreak-images/main/watches-only/CRDBC-611-1DF.png
957,Creation Watches,Casio,Casio Baby-G Plus Analog Resin White Dial Quartz BGA-15K-7A 100M Women's Watch With Convertible Holder,CRBGA-15K-7A,
958,Creation Watches,Casio,Casio Vintage Alarm Digital A168WEGB-1B Unisex Watch,CRA168WEGB-1B,https://raw.githubusercontent.com/AveryArtlife/gembreak-images/main/watches-only/CRA168WEGB-1B.png
959,Creation Watches,Casio,Casio Edifice Analog Stainless Steel Red Dial Quartz EFV-160D-4AV 100M Men's Watch,CREFV-160D-4AV,
960,Creation Watches,Casio,Casio Analog Stainless Steel Blue Dial Quartz MTP-B215D-2AV Men's Watch,CRMTP-B215D-2AV,
961,Creation Watches,Casio,Casio Baby-G Plus Analog Resin Purple Dial Quartz BGA-15K-6A 100M Women's Watch With Convertible Holder,CRBGA-15K-6A,
962,Creation Watches,Festina,Festina Classic Leather Strap White Dial Quartz F16477-1 Women's W,CRF16477-1,https://raw.githubusercontent.com/AveryArtlife/gembreak-images/main/watches-only/CRF16477-1.png
963,Creation Watches,Casio,Casio Analog Digital Combination Stainless Steel Blue Dial Quartz AMW-880D-2A1V Men's Watch,CRAMW-880D-2A1V,
964,Creation Watches,Refurbished,Refurbished Casio Enticer World Time Telememo Analog Digital AMW-880D-1A AMW880D-1 Men's Watch,CRRF913AMW-880D-1A,
965,Creation Watches,Casio,Casio Standard Analog Stainless Steel Grey Dial Quartz MTS-115D-8AV Men's Watch,CRMTS-115D-8AV,
966,Creation Watches,Casio,Casio Standard Analog Stainless Steel Black Dial Quartz MTS-115D-1AV Men's Watch,CRMTS-115D-1AV,
967,Creation Watches,Casio,Casio Baby-G Analog Resin Blue Dial Quartz BGA-10D-2A2 100M Women's Watch,CRBGA-10D-2A2,
968,Eastern Watch Co,Casio,MDV-106B Duro/Blue,EAMDV-106B-2A,https://raw.githubusercontent.com/AveryArtlife/gembreak-images/main/watches-only/EAMDV-106B-2A.png
969,Eastern Watch Co,Casio,TRT-110H Black,EATRT-110H-1A,https://raw.githubusercontent.com/AveryArtlife/gembreak-images/main/watches-only/EATRT-110H-1A.png
970,Eastern Watch Co,Casio,MDV-106B Duro,EAMDV-106B-1A1,https://raw.githubusercontent.com/AveryArtlife/gembreak-images/main/watches-only/EAMDV-106B-1A1.png
971,Eastern Watch Co,Casio,MDV-106G Duro/Gold,EAMDV-106G-1A,https://raw.githubusercontent.com/AveryArtlife/gembreak-images/main/watches-only/EAMDV-106G-1A.png
972,Eastern Watch Co,Casio,MDV-106DD Duro,EAMDV-106DD-1A2,https://raw.githubusercontent.com/AveryArtlife/gembreak-images/main/watches-only/EAMDV-106DD-1A2.png
973,Eastern Watch Co,Casio,MDV-106 Duro/Black-Silver,EAMDV-106-1A,https://raw.githubusercontent.com/AveryArtlife/gembreak-images/main/watches-only/EAMDV-106-1A.png
974,Creation Watches,Refurbished,Refurbished Casio Standard Analog Stainless Steel Silver Dial Quartz MTD-130D-7AV 100M Men's Watch,CRRF385MTD-130D-7AV,
975,Creation Watches,Refurbished,Refurbished Casio Digital Stainless Steel Alarm Timer LA670WGA-9DF LA670WGA-9 Women's Watch,CRRF1415LA670WGA-9DF,
976,Creation Watches,Refurbished,Refurbished Casio Digital Stainless Steel World Time A500WGA-1DF A500WGA-1 Men's Watch,CRRF1412A500WGA-1DF,
977,Creation Watches,Casio,Casio Vintage Analog Digital Turquoise Blue Dial Quartz AQ-230A-2A1 Unisex Watch,CRAQ-230A-2A1,
978,Eastern Watch Co,Casio,SGW-100B Black,EASGW-100B-3V,https://raw.githubusercontent.com/AveryArtlife/gembreak-images/main/watches-only/EASGW-100B-3V.png
979,Eastern Watch Co,Casio,SGW-100 Black,EASGW-100-1V,https://raw.githubusercontent.com/AveryArtlife/gembreak-images/main/watches-only/EASGW-100-1V.png
980,Creation Watches,Refurbished,Refurbished Casio Vintage Analog Digital Gold Ion Plated Stainless Steel Beige Dial Quartz AQ-800EG-9A Unisex Watch,CRRF1227AQ-800EG-9A,
981,Creation Watches,Westar,Westar Profile Stainless Steel Silver Dial Quartz 50218PPN607 Men's Watch,CR50218PPN607,
982,Creation Watches,Westar,Westar Profile Stainless Steel Silver Dial Quartz 50218SPN607 Men's Watch,CR50218SPN607,
983,Creation Watches,Westar,Westar Zing Crystal Accents Two Tone Stainless Steel White Mother Of Pearl Dial Quartz 00135CBN111 Women's Watch,CR00135CBN111,
984,Creation Watches,Westar,Westar Zing Crystal Accents Rose Gold Tone Stainless Steel White Mother Of Pearl Dial Quartz 00127PPN611 Women's Watch,CR00127PPN611,
985,Creation Watches,Westar,Westar Activ Sports Stainless Steel Black Dial Quartz 90250SBN903 100M Men's Watch,CR90250SBN903,
986,Creation Watches,Refurbished,Refurbished Casio Youth Vintage A700WG-9A Alarm Chronograph Quartz Men's Watch,CRRF1265A700WG-9A,
987,Creation Watches,Refurbished,Refurbished Casio Vintage Youth Digital LA-11WR-5A LA11WR-5A Women's Watch,CRRF1413LA-11WR-5A,
988,Creation Watches,Westar,Westar Profile Gold Tone Stainless Steel White Dial Quartz 40210GPN107 Women's Watch,CR40210GPN107,
989,Creation Watches,Westar,Westar Profile Two Tone Stainless Steel Light Champagne Dial Quartz 40218STN102 Women's Watch,CR40218STN102,
990,Creation Watches,Westar,Westar Profile Two Tone Stainless Steel Silver Dial Quartz 40215SPN607 Women's Watch,CR40215SPN607,
991,Creation Watches,Westar,Westar Profile Rose Gold Tone Stainless Steel Silver Dial Quartz 40215PPN607 Women's Watch,CR40215PPN607,
992,Creation Watches,Westar,Westar Zing Crystal Accents Stainless Steel White Mother Of Pearl Dial Quartz 00127STN111 Women's Watch,CR00127STN111,
993,Creation Watches,Refurbished,Refurbished Casio Youth Quartz Analog Digital AQ-230A-1DHDF AQ230A-1DHDF Unisex Watch,CRRF934AQ-230A-1DHDF,
994,Creation Watches,Refurbished,Refurbished Casio Youth Vintage Daily Alarm Quartz A-700WM-7A A700WM-7A 100M Women's Watch,CRRF921A700WM-7A,
995,Creation Watches,Westar,Westar Profile Gold Tone Stainless Steel Black Dial Quartz 50247BZZ103 Men's Watch,CR50247BZZ103,
996,Eastern Watch Co,Casio,WV-200A,EAWV-200A-1AV,https://raw.githubusercontent.com/AveryArtlife/gembreak-images/main/watches-only/EAWV-200A-1AV.png
997,Creation Watches,Westar,Westar Profile Stainless Steel Blue Dial Quartz 50215STN104 Men's Watch,CR50215STN104,
998,Creation Watches,Westar,Westar Profile Stainless Steel Light Champagne Dial Quartz 50215STN102 Men's Watch,CR50215STN102,
999,Creation Watches,Westar,Westar Profile Stainless Steel Mesh White Dial Quartz 50247STN101 Men's Watch,CR50247STN101,
1000,Eastern Watch Co,Casio,MTP-1170N Silver-Tone,EAMTP-1170N-7A,https://raw.githubusercontent.com/AveryArtlife/gembreak-images/main/watches-only/EAMTP-1170N-7A.png
1001,Eastern Watch Co,Casio,MTP-V002L Gents,EAMTP-V002L-5B3,https://raw.githubusercontent.com/AveryArtlife/gembreak-images/main/watches-only/EAMTP-V002L-5B3.png
1002,Eastern Watch Co,Casio,MTP-4500D,EAMTP-4500D-1AV,https://raw.githubusercontent.com/AveryArtlife/gembreak-images/main/watches-only/EAMTP-4500D-1AV.png
1003,Eastern Watch Co,Casio,MTP-V002GL Gents,EAMTP-V002GL-7B,https://raw.githubusercontent.com/AveryArtlife/gembreak-images/main/watches-only/EAMTP-V002GL-7B.png
1004,Eastern Watch Co,Casio,MTP-VD03D Silver,EAMTP-VD03D-3A1,https://raw.githubusercontent.com/AveryArtlife/gembreak-images/main/watches-only/EAMTP-VD03D-3A1.png
1005,Eastern Watch Co,Casio,MTP-VT01GL Gents,EAMTP-VT01GL-3B,https://raw.githubusercontent.com/AveryArtlife/gembreak-images/main/watches-only/EAMTP-VT01GL-3B.png
1006,Eastern Watch Co,Casio,MTP-VD01BL Gents Enticer,EAMTP-VD01BL-2B,https://raw.githubusercontent.com/AveryArtlife/gembreak-images/main/watches-only/EAMTP-VD01BL-2B.png
1007,Eastern Watch Co,Casio,MTP-V006G Gold-Tone,EAMTP-V006G-7B,https://raw.githubusercontent.com/AveryArtlife/gembreak-images/main/watches-only/EAMTP-V006G-7B.png
1008,Eastern Watch Co,Casio,MTP-1314L Gents Enticer,EAMTP-1314L-8A,https://raw.githubusercontent.com/AveryArtlife/gembreak-images/main/watches-only/EAMTP-1314L-8A.png
1009,Eastern Watch Co,Casio,MTP-V004G Gold-Tone,EAMTP-V004G-9B,https://raw.githubusercontent.com/AveryArtlife/gembreak-images/main/watches-only/EAMTP-V004G-9B.png
1010,Eastern Watch Co,Casio,MTP-1183G Gold-Tone,EAMTP-1183G-7A,https://raw.githubusercontent.com/AveryArtlife/gembreak-images/main/watches-only/EAMTP-1183G-7A.png
1011,Eastern Watch Co,Casio,MTP-VD03L Gents,EAMTP-VD03L-5A,https://raw.githubusercontent.com/AveryArtlife/gembreak-images/main/watches-only/EAMTP-VD03L-5A.png
1012,Eastern Watch Co,Casio,MTP-VT01G Gold-Tone,EAMTP-VT01G-1B,https://raw.githubusercontent.com/AveryArtlife/gembreak-images/main/watches-only/EAMTP-VT01G-1B.png
1013,Eastern Watch Co,Casio,MTP-V005L Gents,EAMTP-V005L-1A,https://raw.githubusercontent.com/AveryArtlife/gembreak-images/main/watches-only/EAMTP-V005L-1A.png
1014,Eastern Watch Co,Casio,MTP-VD01D Silver,EAMTP-VD01D-2B,https://raw.githubusercontent.com/AveryArtlife/gembreak-images/main/watches-only/EAMTP-VD01D-2B.png
1015,Eastern Watch Co,Casio,MTP-V004L Gents,EAMTP-V004L-7A,https://raw.githubusercontent.com/AveryArtlife/gembreak-images/main/watches-only/EAMTP-V004L-7A.png
1016,Eastern Watch Co,Casio,MTP-VD03B Black,EAMTP-VD03B-1A,https://raw.githubusercontent.com/AveryArtlife/gembreak-images/main/watches-only/EAMTP-VD03B-1A.png
1017,Eastern Watch Co,Casio,MTP-VD02D Silver,EAMTP-VD02D-1E,https://raw.githubusercontent.com/AveryArtlife/gembreak-images/main/watches-only/EAMTP-VD02D-1E.png
1018,Eastern Watch Co,Casio,MTP-VD01SG Silver-Gold,EAMTP-VD01SG-9B,https://raw.githubusercontent.com/AveryArtlife/gembreak-images/main/watches-only/EAMTP-VD01SG-9B.png
1019,Eastern Watch Co,Casio,MTP-1303D Silver,EAMTP-1303D-1A,https://raw.githubusercontent.com/AveryArtlife/gembreak-images/main/watches-only/EAMTP-1303D-1A.png
1020,Eastern Watch Co,Casio,MTP-V001GL Gents,EAMTP-V001GL-9B,https://raw.githubusercontent.com/AveryArtlife/gembreak-images/main/watches-only/EAMTP-V001GL-9B.png
1021,Creation Watches,Westar,Westar Zing Crystal Accents Stainless Steel Mesh White Mother Of Pearl Dial Quartz 00128STN11 Women's Watch,CR00128STN111,
1022,Creation Watches,Refurbished,Refurbished Casio Alarm World Time Digital A500WA-7DF Men's Watch,CRRF927A500WA-7DF,
1023,Creation Watches,Refurbished,Refurbished Casio Alarm World Time Digital A500WA-1DF Men's Watch,CRRF922A500WA-1DF,
1024,Eastern Watch Co,Casio,MCW-100H,EAMCW-100H-1A3V,https://raw.githubusercontent.com/AveryArtlife/gembreak-images/main/watches-only/EAMCW-100H-1A3V.png
1025,Eastern Watch Co,Casio,MCW-200H Black,EAMCW-200H-1A,https://raw.githubusercontent.com/AveryArtlife/gembreak-images/main/watches-only/EAMCW-200H-1A.png
1026,Eastern Watch Co,Casio,AQ-S810WC White,EAAQ-S810WC-7BV,https://raw.githubusercontent.com/AveryArtlife/gembreak-images/main/watches-only/EAAQ-S810WC-7BV.png
1027,Eastern Watch Co,Casio,MCW-200H,EAMCW-200H-1AV,https://raw.githubusercontent.com/AveryArtlife/gembreak-images/main/watches-only/EAMCW-200H-1AV.png
1028,Eastern Watch Co,Casio,AQ-S810W,EAAQ-S810W-1A4V,https://raw.githubusercontent.com/AveryArtlife/gembreak-images/main/watches-only/EAAQ-S810W-1A4V.png
1029,Eastern Watch Co,Casio,AQ-230A Black/Analog-Digital,EAAQ-230A-1D,https://raw.githubusercontent.com/AveryArtlife/gembreak-images/main/watches-only/EAAQ-230A-1D.png
1030,Creation Watches,Refurbished,Refurbished Casio Analog Gold Tone Stainless Steel Champagne Dial Quartz MQ-24G-9E Men's Watch,CRRF1223MQ-24G-9E,
1031,Eastern Watch Co,Casio,AE-2000WD White,EAAE-2000WD-1AV,https://raw.githubusercontent.com/AveryArtlife/gembreak-images/main/watches-only/EAAE-2000WD-1AV.png
1032,Eastern Watch Co,Casio,LTP-V004D Gold,EALTP-V004D-7B2,https://raw.githubusercontent.com/AveryArtlife/gembreak-images/main/watches-only/EALTP-V004D-7B2.png
1033,Eastern Watch Co,Casio,AE-1500WHC White,EAAE-1500WHC-1A,https://raw.githubusercontent.com/AveryArtlife/gembreak-images/main/watches-only/EAAE-1500WHC-1A.png
1034,Eastern Watch Co,Casio,AEQ-110W,EAAEQ-110W-2AV,https://raw.githubusercontent.com/AveryArtlife/gembreak-images/main/watches-only/EAAEQ-110W-2AV.png
1035,Eastern Watch Co,Casio,AE-2000W White,EAAE-2000W-1AV,https://raw.githubusercontent.com/AveryArtlife/gembreak-images/main/watches-only/EAAE-2000W-1AV.png
1036,Eastern Watch Co,Casio,LTP-V005L Ladies,EALTP-V005L-1B,https://raw.githubusercontent.com/AveryArtlife/gembreak-images/main/watches-only/EALTP-V005L-1B.png
1037,Eastern Watch Co,Casio,AE-1300WH White,EAAE-1300WH-8AV,https://raw.githubusercontent.com/AveryArtlife/gembreak-images/main/watches-only/EAAE-1300WH-8AV.png
1038,Eastern Watch Co,Casio,LTP-VT01L Ladies,EALTP-VT01L-7B3,https://raw.githubusercontent.com/AveryArtlife/gembreak-images/main/watches-only/EALTP-VT01L-7B3.png
1039,Eastern Watch Co,Casio,LTP-1165N Silver-Tone,EALTP-1165N-1C,https://raw.githubusercontent.com/AveryArtlife/gembreak-images/main/watches-only/EALTP-1165N-1C.png
1040,Eastern Watch Co,Casio,AE-1000W Blue,EAAE-1000W-2AV,https://raw.githubusercontent.com/AveryArtlife/gembreak-images/main/watches-only/EAAE-1000W-2AV.png
1041,Eastern Watch Co,Casio,LTP-VT01G Gold-Tone,EALTP-VT01G-2B,https://raw.githubusercontent.com/AveryArtlife/gembreak-images/main/watches-only/EALTP-VT01G-2B.png
1042,Eastern Watch Co,Casio,LTP-1241D Silver,EALTP-1241D-4A2,https://raw.githubusercontent.com/AveryArtlife/gembreak-images/main/watches-only/EALTP-1241D-4A2.png
1043,Eastern Watch Co,Casio,LTP-V005G Gold-Tone,EALTP-V005G-7A,https://raw.githubusercontent.com/AveryArtlife/gembreak-images/main/watches-only/EALTP-V005G-7A.png
1044,Eastern Watch Co,Casio,AE-1500WH White,EAAE-1500WH-1AV,https://raw.githubusercontent.com/AveryArtlife/gembreak-images/main/watches-only/EAAE-1500WH-1AV.png
1045,Eastern Watch Co,Casio,LTP-V004SG Silver-Gold,EALTP-V004SG-9A,https://raw.githubusercontent.com/AveryArtlife/gembreak-images/main/watches-only/EALTP-V004SG-9A.png
1046,Eastern Watch Co,Casio,AE-1000W Black,EAAE-1000W-1A3,https://raw.githubusercontent.com/AveryArtlife/gembreak-images/main/watches-only/EAAE-1000W-1A3.png
1047,Eastern Watch Co,Casio,LTP-V007L Ladies,EALTP-V007L-1E,https://raw.githubusercontent.com/AveryArtlife/gembreak-images/main/watches-only/EALTP-V007L-1E.png
1048,Eastern Watch Co,Casio,LTP-1094Q Ladies,EALTP-1094Q-7B5,https://raw.githubusercontent.com/AveryArtlife/gembreak-images/main/watches-only/EALTP-1094Q-7B5.png
1049,Eastern Watch Co,Casio,LTP-1128A Gold,EALTP-1128A-7A,https://raw.githubusercontent.com/AveryArtlife/gembreak-images/main/watches-only/EALTP-1128A-7A.png
1050,Eastern Watch Co,Casio,AE-1200WHD White,EAAE-1200WHD-1A,https://raw.githubusercontent.com/AveryArtlife/gembreak-images/main/watches-only/EAAE-1200WHD-1A.png
1051,Eastern Watch Co,Casio,LTP-1129N Silver-Tone,EALTP-1129N-7A,https://raw.githubusercontent.com/AveryArtlife/gembreak-images/main/watches-only/EALTP-1129N-7A.png
1052,Eastern Watch Co,Casio,LTP-1094E Ladies,EALTP-1094E-1A,https://raw.githubusercontent.com/AveryArtlife/gembreak-images/main/watches-only/EALTP-1094E-1A.png
1053,Eastern Watch Co,Casio,AE-1600H White,EAAE-1600H-1A,https://raw.githubusercontent.com/AveryArtlife/gembreak-images/main/watches-only/EAAE-1600H-1A.png
1054,Eastern Watch Co,Casio,AEQ-110W Black,EAAEQ-110W-1AV,https://raw.githubusercontent.com/AveryArtlife/gembreak-images/main/watches-only/EAAEQ-110W-1AV.png
1055,Eastern Watch Co,Casio,AE-1000WD Black,EAAE-1000WD-1A,https://raw.githubusercontent.com/AveryArtlife/gembreak-images/main/watches-only/EAAE-1000WD-1A.png
1056,Eastern Watch Co,Casio,LTP-V001D Silver,EALTP-V001D-1B,https://raw.githubusercontent.com/AveryArtlife/gembreak-images/main/watches-only/EALTP-V001D-1B.png
1057,Eastern Watch Co,Casio,AE-1400WH White,EAAE-1400WH-3A,https://raw.githubusercontent.com/AveryArtlife/gembreak-images/main/watches-only/EAAE-1400WH-3A.png
1058,Eastern Watch Co,Casio,B640WC Black/Digital,EAB640WC-5A,https://raw.githubusercontent.com/AveryArtlife/gembreak-images/main/watches-only/EAB640WC-5A.png
1059,Eastern Watch Co,Casio,AW-90H,EAAW-90H-7B,https://raw.githubusercontent.com/AveryArtlife/gembreak-images/main/watches-only/EAAW-90H-7B.png
1060,Eastern Watch Co,Casio,AW-80V,EAAW-80V-5BV,https://raw.githubusercontent.com/AveryArtlife/gembreak-images/main/watches-only/EAAW-80V-5BV.png
1061,Eastern Watch Co,Casio,AW-81D,EAAW-81D-2AV,https://raw.githubusercontent.com/AveryArtlife/gembreak-images/main/watches-only/EAAW-81D-2AV.png
1062,Eastern Watch Co,Casio,AW-80D,EAAW-80D-1AV,https://raw.githubusercontent.com/AveryArtlife/gembreak-images/main/watches-only/EAAW-80D-1AV.png
1063,Eastern Watch Co,Casio,AW-80,EAAW-80-1AV,https://raw.githubusercontent.com/AveryArtlife/gembreak-images/main/watches-only/EAAW-80-1AV.png
1064,Eastern Watch Co,Casio,B640WD White/Digital,EAB640WD-1A,https://raw.githubusercontent.com/AveryArtlife/gembreak-images/main/watches-only/EAB640WD-1A.png
1065,Creation Watches,Refurbished,Refurbished Casio Digital Stainless Steel Alarm Chrono Dual Time A178WA-1ADF A178WA-1A Men's Watch,CRRF919A178WA-1ADF,
1066,Eastern Watch Co,Casio,MW-240B,EAMW-240B-3B,https://raw.githubusercontent.com/AveryArtlife/gembreak-images/main/watches-only/EAMW-240B-3B.png
1067,Eastern Watch Co,Casio,MWD-100HD Black,EAMWD-100HD-1A,https://raw.githubusercontent.com/AveryArtlife/gembreak-images/main/watches-only/EAMWD-100HD-1A.png
1068,Eastern Watch Co,Casio,MWD-100H Black,EAMWD-100H-1A,https://raw.githubusercontent.com/AveryArtlife/gembreak-images/main/watches-only/EAMWD-100H-1A.png
1069,Eastern Watch Co,Casio,MWA-100HD,EAMWA-100HD-1A,https://raw.githubusercontent.com/AveryArtlife/gembreak-images/main/watches-only/EAMWA-100HD-1A.png
1070,Eastern Watch Co,Casio,MW-620H,EAMW-620H-1A,https://raw.githubusercontent.com/AveryArtlife/gembreak-images/main/watches-only/EAMW-620H-1A.png
1071,Eastern Watch Co,Casio,W-218HC Earth/Camo,EAW-218HC-8A,https://raw.githubusercontent.com/AveryArtlife/gembreak-images/main/watches-only/EAW-218HC-8A.png
1072,Eastern Watch Co,Casio,W-201 White/Analog,EAW-201-1AV,https://raw.githubusercontent.com/AveryArtlife/gembreak-images/main/watches-only/EAW-201-1AV.png
1073,Eastern Watch Co,Casio,W-735H Black,EAW-735H-1A,https://raw.githubusercontent.com/AveryArtlife/gembreak-images/main/watches-only/EAW-735H-1A.png
1074,Eastern Watch Co,Casio,W-217H Camo/Analog,EAW-217H-3B,https://raw.githubusercontent.com/AveryArtlife/gembreak-images/main/watches-only/EAW-217H-3B.png
1075,Eastern Watch Co,Casio,W-212H Black,EAW-212H-1AV,https://raw.githubusercontent.com/AveryArtlife/gembreak-images/main/watches-only/EAW-212H-1AV.png
1076,Eastern Watch Co,Casio,W-218H Black,EAW-218H-1A,https://raw.githubusercontent.com/AveryArtlife/gembreak-images/main/watches-only/EAW-218H-1A.png
1077,Eastern Watch Co,Casio,W-218H White/Analog,EAW-218H-2A,https://raw.githubusercontent.com/AveryArtlife/gembreak-images/main/watches-only/EAW-218H-2A.png
1078,Eastern Watch Co,Casio,W-217HM White/Analog,EAW-217HM-9A,https://raw.githubusercontent.com/AveryArtlife/gembreak-images/main/watches-only/EAW-217HM-9A.png
1079,Eastern Watch Co,Casio,W-218HC Earth/Brown,EAW-218HC-2A,https://raw.githubusercontent.com/AveryArtlife/gembreak-images/main/watches-only/EAW-218HC-2A.png
1080,Eastern Watch Co,Casio,W-218H Camo,EAW-218H-8A,https://raw.githubusercontent.com/AveryArtlife/gembreak-images/main/watches-only/EAW-218H-8A.png
1081,Eastern Watch Co,Casio,W-800H White/Analog,EAW-800H-1AV,https://raw.githubusercontent.com/AveryArtlife/gembreak-images/main/watches-only/EAW-800H-1AV.png
1082,Eastern Watch Co,Casio,W-96H Black/Analog,EAW-96H-1BV,https://raw.githubusercontent.com/AveryArtlife/gembreak-images/main/watches-only/EAW-96H-1BV.png
1083,Eastern Watch Co,Casio,W-219H Black,EAW-219H-1A,https://raw.githubusercontent.com/AveryArtlife/gembreak-images/main/watches-only/EAW-219H-1A.png
1084,Eastern Watch Co,Casio,W-217H White/Analog,EAW-217H-1A,https://raw.githubusercontent.com/AveryArtlife/gembreak-images/main/watches-only/EAW-217H-1A.png
1085,Eastern Watch Co,Casio,W-96H White/Analog,EAW-96H-1AV,https://raw.githubusercontent.com/AveryArtlife/gembreak-images/main/watches-only/EAW-96H-1AV.png
1086,Eastern Watch Co,Casio,W-218HB Black,EAW-218HB-3A,https://raw.githubusercontent.com/AveryArtlife/gembreak-images/main/watches-only/EAW-218HB-3A.png
1087,Eastern Watch Co,Casio,W-218HM Black,EAW-218HM-5B,https://raw.githubusercontent.com/AveryArtlife/gembreak-images/main/watches-only/EAW-218HM-5B.png
1088,Eastern Watch Co,Casio,W-218HD Black,EAW-218HD-1A,https://raw.githubusercontent.com/AveryArtlife/gembreak-images/main/watches-only/EAW-218HD-1A.png
1089,Eastern Watch Co,Casio,W-736H Black,EAW-736H-1A,https://raw.githubusercontent.com/AveryArtlife/gembreak-images/main/watches-only/EAW-736H-1A.png
1090,Eastern Watch Co,Casio,W-219HC Black,EAW-219HC-2B,https://raw.githubusercontent.com/AveryArtlife/gembreak-images/main/watches-only/EAW-219HC-2B.png
1091,Eastern Watch Co,Casio,W-219HD Black,EAW-219HD-1A,https://raw.githubusercontent.com/AveryArtlife/gembreak-images/main/watches-only/EAW-219HD-1A.png
1092,Eastern Watch Co,Casio,W-735H Blue,EAW-735H-1B,https://raw.githubusercontent.com/AveryArtlife/gembreak-images/main/watches-only/EAW-735H-1B.png
1093,Eastern Watch Co,Casio,W-219HB Black,EAW-219HB-3A,https://raw.githubusercontent.com/AveryArtlife/gembreak-images/main/watches-only/EAW-219HB-3A.png
1094,Eastern Watch Co,Casio,F-91W Green/Digital,EAF-91W-3H,https://raw.githubusercontent.com/AveryArtlife/gembreak-images/main/watches-only/EAF-91W-3H.png
1095,Eastern Watch Co,Casio,F-105W White/Digital,EAF-105W-1AV,https://raw.githubusercontent.com/AveryArtlife/gembreak-images/main/watches-only/EAF-105W-1AV.png
1096,Eastern Watch Co,Casio,F-91W White/Digital,EAF-91W-1,https://raw.githubusercontent.com/AveryArtlife/gembreak-images/main/watches-only/EAF-91W-1.png
1097,Eastern Watch Co,Casio,F-94WA White/Digital,EAF-94WA-8,https://raw.githubusercontent.com/AveryArtlife/gembreak-images/main/watches-only/EAF-94WA-8.png
1098,Eastern Watch Co,Casio,F-91WM White/Digital,EAF-91WM-1B,https://raw.githubusercontent.com/AveryArtlife/gembreak-images/main/watches-only/EAF-91WM-1B.png
1099,Eastern Watch Co,Casio,F-201WA White/Digital,EAF-201WA-1AV,https://raw.githubusercontent.com/AveryArtlife/gembreak-images/main/watches-only/EAF-201WA-1AV.png
1100,Eastern Watch Co,Casio,F-91WS White/Digital,EAF-91WS-2C,https://raw.githubusercontent.com/AveryArtlife/gembreak-images/main/watches-only/EAF-91WS-2C.png
1101,Eastern Watch Co,Casio,F-91WG Gold/Digital,EAF-91WG-9Q,https://raw.githubusercontent.com/AveryArtlife/gembreak-images/main/watches-only/EAF-91WG-9Q.png
1102,Eastern Watch Co,Casio,MQ-24,EAMQ-24-1B3,https://raw.githubusercontent.com/AveryArtlife/gembreak-images/main/watches-only/EAMQ-24-1B3.png
1103,Eastern Watch Co,Casio,MQ-76,EAMQ-76-1A,https://raw.githubusercontent.com/AveryArtlife/gembreak-images/main/watches-only/EAMQ-76-1A.png
1104,Eastern Watch Co,Casio,MQ-71,EAMQ-71-2B,https://raw.githubusercontent.com/AveryArtlife/gembreak-images/main/watches-only/EAMQ-71-2B.png
1105,Eastern Watch Co,Casio,MQ-38,EAMQ-38-1A,https://raw.githubusercontent.com/AveryArtlife/gembreak-images/main/watches-only/EAMQ-38-1A.png
1106,AVERY self-source,Rolex,Datejust 31 Oystersteel Silver Diamond,ROLEX-AVERY-278240,
1107,AVERY self-source,Rolex,Lady-Datejust 28 Steel/WG Silver Roman,ROLEX-AVERY-279174,
1108,AVERY self-source,Rolex,Datejust 36 Steel Silver Roman,ROLEX-AVERY-126200,
1109,AVERY self-source,Rolex,Datejust 36 Steel Blue Fluted-Motif,ROLEX-AVERY-126200-Blue,
1110,AVERY self-source,Rolex,Oyster Perpetual 36 Silver,ROLEX-AVERY-126000,
1111,AVERY self-source,Rolex,Oyster Perpetual 41 Silver,ROLEX-AVERY-124300,
1112,AVERY self-source,Rolex,Oyster Perpetual 31 Silver,ROLEX-AVERY-277200,
1113,AVERY self-source,Rolex,Datejust 41 Steel Silver Roman,ROLEX-AVERY-126300,
1114,AVERY self-source,Rolex,Datejust 41 Steel Blue Sunray,ROLEX-AVERY-126300-Blue,
1115,AVERY self-source,Rolex,Datejust 41 Steel/WG Blue Jubilee,ROLEX-AVERY-126334,
1116,AVERY self-source,Rolex,Explorer 36 Steel Black,ROLEX-AVERY-124270,
1117,AVERY self-source,Rolex,Explorer 40 Steel Black,ROLEX-AVERY-224270,
1118,AVERY self-source,Rolex,Air-King 40 Steel Black,ROLEX-AVERY-126900,
1119,AVERY self-source,Rolex,Datejust 41 Steel/YG Champagne,ROLEX-AVERY-116903,
1120,AVERY self-source,Rolex,Datejust 31 Steel/YG Diamond Bezel,ROLEX-AVERY-278344RBR,
1121,AVERY self-source,Rolex,Submariner Date 41 Black Ceramic,ROLEX-AVERY-126610LN,
1122,AVERY self-source,Rolex,Submariner No-Date 41 Steel,ROLEX-AVERY-124060,
1123,AVERY self-source,Rolex,"Submariner ""Starbucks"" Green Bezel",ROLEX-AVERY-126610LV,
1124,AVERY self-source,Rolex,Sea-Dweller 43 Two-Tone,ROLEX-AVERY-126603,
1125,AVERY self-source,Rolex,Sea-Dweller 43 Steel,ROLEX-AVERY-126600,
1126,AVERY self-source,Rolex,"GMT-Master II ""Root Beer"" TT",ROLEX-AVERY-126713GRNR,
1127,AVERY self-source,Rolex,Yacht-Master 40 Rolesium,ROLEX-AVERY-126622,
1128,AVERY self-source,Rolex,"GMT-Master II ""Batman""",ROLEX-AVERY-126710BLNR,
1129,AVERY self-source,Rolex,"GMT-Master II ""Pepsi""",ROLEX-AVERY-126710BLRO,
1130,AVERY self-source,Rolex,Sky-Dweller 42 Two-Tone,ROLEX-AVERY-336934,
1131,1916 PO,IWC,Pilots Watches — CER BP PC TG LAKE TAHOE 46-BLK NUM-STRAP,IWC-IW5030-08-v2,
1132,1916 PO,IWC,Ingenieur — SS INGEN PC 41-BLUE IX-BRC,IWC-IW3449-03,
1133,1916 PO,IWC,Portugieser — RG PORTUG TOURB43-CHP-DB,IWC-IW5463-04,
1134,1916 PO,IWC,Portugieser — RG PORTUG TOURB43-BLK,IWC-IW5447-05,
1135,1916 PO,IWC,Portofino — RG PORTOF PC 40-SLV IXROM-STRAP,IWC-IW3446-02,
1136,1916 PO,IWC,Pilots Watches — RG PILOTS PC 46-GRY-STRAP,IWC-IW3791-05,
1137,WatchWarehouse,Breitling,BREITLING Super Chronomat B01 Automatic 44MM Brown Dial 18K Rose G,BREI-W19,
1138,1916 PO,IWC,Pilots Watches — CER BP PC RODEO46-BLUE-STRAP,IWC-IW5030-01,
1139,1916 PO,IWC,Portugieser — WG PORTUG PC 44-BLUE NUM-STRAP,IWC-IW5032-03,
1140,1916 PO,IWC,Portofino — RG PORTOF MOON 45-SLV IX-STRAP,IWC-IW5164-09,
1141,1916 PO,IWC,Portugieser — WG PORTUG PC44.2-GRY NUM-STRAP,IWC-IW5023-07,
1142,1916 PO,IWC,Portugieser — WG PORTUG PC 42-GREY NUM-STRAP,IWC-IW5022-18,
1143,1916 wholesale,Breitling,RG SO AUTO42-BLK IX-BLK CER-BLK DPIV-DB,BREI-R17375211B1S1-v2,
1144,1916 PO,IWC,Portugieser — RG PORTUG PC 42-SLV NUM-STRAP,IWC-IW5022-13,
1145,1916 PO,IWC,Portugieser — SS PORTG PC SHANGHAI ED 44-SLV NUM-STRAP,IWC-IW5033-07,
1146,1916 PO,IWC,Pilots Watches — WG PILOTS46-BRWN-DB,IWC-IW5004-20,
1147,1916 PO,IWC,Portugieser — SS PORTUG PC 42-SLV NUM-STRAP,IWC-IW3442-03,
1148,1916 PO,IWC,Pilots Watches — SS BP RIGHT HANDER LE 46-GRY NUM-STRAP,IWC-IW5010-12,
1149,1916 PO,IWC,Pilots Watches — CER PILOTS46-GRN-TB,IWC-IW3956-01,
1150,WatchWarehouse,Breitling,Breitling Navitimer Automatic Gmt 41MM Green Dial 18K Rose Gold,BREI-WW195,
1151,1916 PO,IWC,Pilots Watches — CER PILOTS CHR TG MIRAM LE 41.9-BLUE-STRAP,IWC-IW3894-09,
1152,1916 PO,IWC,Ingenieur — TI INGEN AUTO40-GREY IX-BRC,IWC-IW3289-04,
1153,1916 PO,IWC,Pilots Watches — SS BIG PILO ALI LE 46-BLK RED IX-STRAP,IWC-IW5004-33-v2,
1154,WatchWarehouse,Omega,Omega Speedmaster Dark Side of the Moon Meteorite Grey Dial Leather Strap Men's Watch 311.63.44.51.99.001,OMEG-WWN311.63.44.51.99.001,
1155,1916 PO,IWC,Pilots Watches — CERAT PILOT TIMEZONER TG 46-BLK NUM-STRAP,IWC-IW3955-05,
1156,WatchWarehouse,Omega,Omega Speedmaster Moonphase Co-Axial Master Chronometer Chronograph  Black Dial Stainless Steel Men's Watch 304.30.43.52.01.001,OMEG-WWN304.30.43.52.01.001,
1157,1916 PO,IWC,Pilots Watches — SS BIG PILOTS LAS VEGAS46.2-SLV-DB,IWC-IW5010-14,
1158,1916 PO,IWC,Portofino — RG PORTOF HW 8DAY 45-SLV IXROM-STRAP,IWC-IW5101-07,
1159,1916 PO,IWC,GST — TI GST PC43-BLACK DIAL-BRAC,IWC-IW3756-03,
1160,WatchWarehouse,Breitling,Breitling Navitimer Automatic 41 18kt Rose Gold Leather Strap Men's Watch R17329F41G1P1,BREI-WWNR17329F41G1P1,
1161,1916 PO,IWC,Pilots Watches — SS BP LPP 46-BLUE IXNUM-STRAP,IWC-IW5009-08,
1162,1916 wholesale,Breitling,TI CHRMT B01 42-GRY IX-BLK SUBS-RLX BRC,BREI-EB0134101M1E1-v2,
1163,WatchWarehouse,Breitling,BREITLING Chronomat B01 Automatic SS 42MM Blue Dial Men's Watch UB,BREI-W1123,
1164,WatchWarehouse,Tudor,"Tudor Black Bay Chrono Yellow and Black ""Bumblebee"" Dial Steel Men's Watch M79310-0001",TUDR-WWNM79310-0001,
1165,1916 wholesale,Breitling,BLKcer SPR AVI B04 CHR F4U 46-BLUE-BLK MIL-DB,BREI-SB04452A1C1X1-v2,
1166,1916 PO,IWC,Pilots Watches — BRZ PILOT MR PORTER LE 41-BLK-STRAP,IWC-IW3879-07-v2,
1167,WatchWarehouse,Breitling,Breitling Classic Avi Super Avi B04 Chronograph Gmt Ss 46MM P-51,BREI-WW102,
1168,WatchWarehouse,Breitling,BREITLING Super Chronomat 38MM 18K Rose Gold Diamond Bezel Green L,BREI-W135,
1169,WatchWarehouse,Breitling,Breitling Super Avi B04 Gmt 46 Mosquito Ss Leather Men's Watch,BREI-WW595,
1170,1916 wholesale,Breitling,SS SPR AVI B04 CHR GMT MOSQ46-BLK-SLV SUB-PILOT BRC,BREI-YB04451A1B1A1-v2,
1171,WatchWarehouse,Breitling,BREITLING Chronomat Automatic 36MM Diamond Bezel Women's Watch G10,BREI-W126,
1172,WatchWarehouse,Breitling,BREITLING Chronomat Quartz 32MM MOP Diamond Dial Two-Tone Women's,BREI-W112,
1173,1916 wholesale,Breitling,SS CLS AVI CHR GMT MUSTANG 45-BLK NUM-PILOT,BREI-AB04453A1B1A1-v2,
1174,WatchWarehouse,Breitling,BREITLING Super Chronomat B01 44MM Green Dial Rubber Men's Watch U,BREI-W1115,
1175,WatchWarehouse,Omega,Omega Speedmaster Dark Side of the Moon Chronograph Black Nylon Strap Men's Watch 311.92.44.51.01.005,OMEG-WWN311.92.44.51.01.005,
1176,1916 wholesale,Breitling,SS CHRMT AUTO36-BLUE IX-LAB DIAM BEZ-BLUE ALG-DB,BREI-A17356531C1P1-v2,
1177,WatchWarehouse,Breitling,BREITLING Premier B15 Duograph 42MM Blue Dial Leather Men's Watch,BREI-W123,
1178,WatchWarehouse,Breitling,Breitling Avenger B01 Chronograph 44MM Black Leather Men's Watch,BREI-WW416,
1179,1916 wholesale,Breitling,SS SPR AVI CHR GMT CORSAIR46-BLUE-BLK LTH-DB,BREI-AB04451A1C1X1-v2,
1180,WatchWarehouse,Breitling,BREITLING Chronomat B01 42MM 18K Rose Gold Bezel Rubber Men's Watc,BREI-W1156,
1181,WatchWarehouse,Breitling,BREITLING Super Chronomat 38MM Green Rubber Men's Watch U17356531L,BREI-W118,
1182,WatchWarehouse,Breitling,BREITLING Chronomat Quartz 32MM Blue MOP Diamond Bezel Women's Wat,BREI-W111,
1183,WatchWarehouse,Breitling,BREITLING Chronomat B01 Triumph 42MM Leather Men's Watch TB0134101,BREI-W1102,
1184,1916 wholesale,Breitling,SS CHRMT AUTO36-BLUE IX-LAB DIAM BEZ-BLUE RLX RUB-DB,BREI-A17356531C1S1-v2,
1185,WatchWarehouse,Breitling,BREITLING Super Chronomat B01 SS 44MM Black Dial Men's Watch AB013,BREI-W1223,
1186,WatchWarehouse,Breitling,Breitling Avenger B01 Night Mission Chronograph 42MM Leather,BREI-WW231,
1187,WatchWarehouse,Breitling,Breitling Super Avenger B01 Chronograph 46MM Blue Dial Leather,BREI-WW404,
1188,1916 wholesale,Breitling,CER AVG B01 CHR NM BLDHDS44-GRY-BLK SUB-BLK MIL-DB,BREI-SB01472A1B1X1-v2,
1189,WatchWarehouse,Breitling,BREITLING Chronomat 28MM MOP Dial 18K Rose Gold Diamond Bezel Wome,BREI-W191,
1190,WatchWarehouse,Breitling,BREITLING Superocean Heritage B01 Chronograph 42MM Black Rubber Me,BREI-W17,
1191,WatchWarehouse,Omega,Omega Seamaster Planet Ocean 6000M Co-Axial Master Chronometer 45.5 mm Automatic Black Dial Fabric Strap Men's Watch 215.92.46.21.01.001,OMEG-WWN215.92.46.21.01.001,
1192,WatchWarehouse,Breitling,BREITLING Chronomat B01 42MM Green Dial Rubber Men's Watch UB01341,BREI-W1116,
1193,1916 wholesale,Breitling,TI SPR AVG B01 CHR46-BLK IX-PROFIII BRC,BREI-EB0148101B1E1-v2,
1194,1916 wholesale,Breitling,TI SPR AVG B01 CHR46-BLUE IX-BLK SUB-PRFIII BRC,BREI-EB0148101C1E1-v2,
1195,1916 wholesale,Breitling,CER AVG B01 CHR NM DEVILS44-BLK-BLK MILT-DB,BREI-SB01473A1B1X1-v2,
1196,WatchWarehouse,Breitling,BREITLING Navitimer B01 CHRONO SS 46MM Green Dial Men's Watch AB01,BREI-W1216,
1197,WatchWarehouse,Breitling,BREITLING Navitimer B01 CHRONO 46MM SS Blue Dial Men's Watch AB013,BREI-W1200,
1198,WatchWarehouse,Breitling,BREITLING Navitimer B01 Automatic Chronograph 41MM Silver Dial Men,BREI-W1131,
1199,WatchWarehouse,Breitling,BREITLING Navitimer B01 CHRONO 43MM SS Silver Dial Men's Watch AB0,BREI-W1199,
1200,WatchWarehouse,Omega,OMEGA De Ville Prestige AUTO SS 36.8MM Men's Watch 424.25.37.20.58,OMEG-W1221,
1201,1916 wholesale,Breitling,SS PREM B09 CHR40-CHP NUM-BRW ALG-DB,BREI-AB0930F51H1P1-v2,
1202,1916 wholesale,Breitling,CER SPR AVG CHR NM46-BLK CARB-GRN MIL-DB,BREI-SB0148101B1X1-v2,
1203,WatchWarehouse,Breitling,BREITLING Super AVI B04 P-51 Mustang Chronograph 46MM Black Dial L,BREI-W136,
1204,WatchWarehouse,Breitling,BREITLING Super AVI B04 P-51 Mustang Chronograph 46MM Black Dial L,BREI-W125,
1205,WatchWarehouse,Breitling,BREITLING Chronomat B01 AUTO 42MM SS Grey Dial Men's Watch EB01341,BREI-W1206,
1206,1916 wholesale,Breitling,CER AVG B01 CHR NM42-CARB-TAN MIL-DB,BREI-SB0146101B1X1-v2,
1207,1916 wholesale,Breitling,SS CHRMT B01 42-BLU IX-BLK SUBS-RLX BRC,BREI-AB0134101C1A1-v2,
1208,1916 wholesale,Breitling,SS CHRMT B01 42-SLV-BLK SUBS-RLX BRC,BREI-AB0134101G1A1-v2,
1209,1916 wholesale,Breitling,SS CHRMT B01 42-COPPER IX-BLK SUBS-SS RLX BRC,BREI-AB0134101K1A1-v2,
1210,1916 wholesale,Breitling,SS SOH B01 CHR44-SLV IX-BLK SUBS-BLK CER-OC BRC,BREI-AB0162121G1A1-v2,
1211,1916 wholesale,Breitling,SS SOH CHR 44-BLK IX-SLV SUBS-BLK CER-OC BRC,BREI-AB0162121B1A1-v2,
1212,WatchWarehouse,Breitling,BREITLING Chronomat Automatic Diamond 36MM Green Dial Bezel Unisex,BREI-W195,
1213,1916 wholesale,Breitling,TI SPR AVG B01 CHR46-BLK IX-BLK MIL-DB,BREI-EB0148101B1X1-v2,
1214,1916 wholesale,Breitling,SS CHRMT B01 42-SLV IX-BLK SUBS-BLK RLX-DB,BREI-AB0134101G1S2-v2,
1215,1916 wholesale,Breitling,SS CHRMT B01 42-GRN IX-BLK SUBS-GRN RLX-DB,BREI-AB0134101L2S1,
1216,1916 wholesale,Breitling,SS SOH B01 CHR44-BLUE-BLK SUB-BLK AERO-DB,BREI-AB0162121C1S1-v2,
1217,1916 wholesale,Breitling,SS SOH B01 CHR44-BLK IX-SLV SUB-BLK CER-BLK AERO-DB,BREI-AB0162121B1S1-v2,
1218,1916 wholesale,Breitling,SS SOH CHR 44-SLV IX-BLK SUBS-BLK CER-BLK AERO RUB-DB,BREI-AB0162121G1S1-v2,
1219,WatchWarehouse,Breitling,BREITLING Chronomat Quartz 32MM Diamond MOP Dial Women's Watch U77,BREI-W1124,
1220,1916 wholesale,Breitling,SS CHRMT B01 NFL FALCONS 42-BLK IX-SLV SUBS-BLK RLX RUB-DB,BREI-AB01342B1B3S1-v2,
1221,1916 wholesale,Breitling,SS CHRMT NFL SAINTS 42-BLK IX-SLV SUBS-BLK RLX RUB-DB,BREI-AB01342B1B4S1-v2,
1222,1916 wholesale,Breitling,SS CHRMT NFL PANTHERS 42-BLK IX-SLV SUBS-BLK RLX RUB-DB,BREI-AB01342B1B5S1-v2,
1223,1916 wholesale,Breitling,SS CHRMT B01 NFL BROWNS 42-BRWN IX-SLV SUBS-BLK RLX RUB-DB,BREI-AB01342B1B6S1-v2,
1224,1916 wholesale,Breitling,SS CHRMT B01 NFL COLTS 42-BLUE IX-SLV SUBS-BLK RLX RUB-DB,BREI-AB01342B1C2S1-v2,
1225,1916 wholesale,Breitling,SS CHRMT NFL TITANS 42-DK BLUE-SLV SUBS-BLK RLX RUB-DB,BREI-AB01342B1C6S1-v2,
1226,1916 wholesale,Breitling,SS CHRMT B01 NFL CHARGERS 42-BLUE IX-SLV SUBS-BLK RLX RUB-DB,BREI-AB01342B1C8S1-v2,
1227,1916 wholesale,Breitling,SS CHRMT B01 RAMS 42-BLUE IX-SLV SUBS-BLK RLX RUB-DB,BREI-AB01342B1C9S1,
1228,1916 wholesale,Breitling,SS CHRMT NFL TEXANS 42-DK BLUE IX-SLV SUBS-BLK RLX RUB-DB,BREI-AB01342B1CBS1,
1229,1916 wholesale,Breitling,SS CHRMT NFL RAVENS 42-PRP IX-SLV SUBS-BLK RLX RUB-DB,BREI-AB01342B1K2S1,
1230,1916 wholesale,Breitling,SS CHRMT NFL COMMAND 42-BURG IX-SLV SUBS-BLK RLX RUB-DB,BREI-AB01342B1K3S1,
1231,1916 wholesale,Breitling,SS CHRMT NFL CARDINALS 42-RED IX-SLV SUBS-BLK RLX RUB-DB,BREI-AB01342B1K6S1,
1232,1916 wholesale,Breitling,SS CHRMT B01 NFL BUCCAN 42-RED IX-SLV SUBS-BLK RLX RUB-DB,BREI-AB01342B1K7S1,
1233,1916 wholesale,Breitling,SS CHRMT B01 NFL JETS 42-GRN IX-SLV SUBS-BLK RLX RUB-DB,BREI-AB01342B1L5S1,
1234,1916 wholesale,Breitling,SS CHRMT B01 NFL BENGALS 42-ORG IX-SLV SUBS-BLK RLX RUB-DB,BREI-AB01342B1O1S1,
1235,WatchWarehouse,Breitling,BREITLING Top Time B01 Racing Automatic 38MM Black Dial Leather Me,BREI-W159,
1236,1916 wholesale,Breitling,S/RG SOH CHR 44-BLK IX-RG/BLK CER BEZ-OC BRC,BREI-U13313121B1A1-v2,
1237,WatchWarehouse,Breitling,BREITLING Lady Premier Automatic 36MM Green Dial Diamond Bezel Wom,BREI-W128,
1238,WatchWarehouse,Breitling,Breitling Chronomat B01 42 Triumph Limited Edition Chronograph Grey Dial Leather Strap Men's Watch TB0134101M1X1,BREI-WWNTB0134101M1X1,
1239,WatchWarehouse,Breitling,BREITLING Super Avi B04 GMT CHRONO 46 Mosquito Night Fighter Men's,BREI-W1204,
1240,WatchWarehouse,Omega,OMEGA De Ville Prestige AUTO 32.7MM MOP Dial Leather Women's Watch,OMEG-W1178,
1241,WatchWarehouse,Breitling,BREITLING Super Avi B04 Chronograph GMT 46MM Tribute to Vought F4U,BREI-W185,
1242,WatchWarehouse,Breitling,BREITLING Super Avi B04 Chronograph GMT 46MM Tribute to Vought F4U,BREI-W1179,
1243,WatchWarehouse,Breitling,Breitling Superocean Automatic Titanium 46MM Super Diver Men's,BREI-WW381,
1244,WatchWarehouse,Breitling,BREITLING Chronomat Automatic GMT 40MM Blue Dial Rubber Men's Watc,BREI-W127,
1245,WatchWarehouse,Breitling,BREITLING Super Avi B04 CHRONO GMT 46 Mosquito SS Men's Watch YB04,BREI-W1202,
1246,WatchWarehouse,Breitling,BREITLING Super Avi B04 CHRONO GMT 46 Mosquito SS Men's Watch YB04,BREI-W1180,
1247,WatchWarehouse,Omega,Omega Speedmaster Pilot Chronograph Black Dial Stainless Steel Men's Watch 332.10.41.51.01.002,OMEG-WWN332.10.41.51.01.002,
1248,WatchWarehouse,Breitling,BREITLING Superocean AUTO 42MM Rubber Men's Watch U17375211B1S1,BREI-W1203,
1249,WatchWarehouse,Breitling,BREITLING Top Time B01 Ford Mustang Automatic 41MM Green Dial Men',BREI-W1163,
1250,1916 wholesale,Breitling,BLKss SOH CHR 44-BLUE IX-BLK CER-BLK AERO RUB-DB,BREI-M13313101C1S1-v2,
1251,WatchWarehouse,Breitling,BREITLING Premier B09 Chronograph 40MM Champagne Dial Leather Men',BREI-W140,
1252,WatchWarehouse,Breitling,BREITLING Top Time B01 Chevrolet Corvette Automatic 41MM Red Dial,BREI-W1164,
1253,1916 wholesale,Breitling,SS TOP TIME B01 FORD MUSTANG 41-GRN IX-BLK SUBS-OC BRC,BREI-AB01762A1L1A1-v2,
1254,1916 wholesale,Breitling,SS TOP TIME B01 SHELBY COBRA 41-BLUE IX-SLV SUBS-OC BRC,BREI-AB01763A1C1A1-v2,
1255,1916 wholesale,Breitling,SS TOP TIME B01 DEUS 41-BLK IX-SLV SUBS-OC BRC,BREI-AB01765A1B1A1-v2,
1256,WatchWarehouse,Breitling,BREITLING Premier B01 Automatic Chronograph 42MM Peach Dial Men's,BREI-W1167,
1257,WatchWarehouse,Breitling,BREITLING Top Time B01 Triumph Automatic 41MM Blue Dial Men's Watc,BREI-W1162,
1258,1916 wholesale,Breitling,SS AVG CHR GMT45-BLK-GRY SUBS-PROFIII BRC,BREI-A24315101B1A1-v2,
1259,WatchWarehouse,Omega,Omega Seamaster Planet Ocean 600M GMT Black Dial Rubber & Leather Strap Men's Watch 215.33.44.22.01.001,OMEG-WWN215.33.44.22.01.001,
1260,WatchWarehouse,Breitling,BREITLING Top Time B01 Deus Automatic 41MM Black Dial Leather Men',BREI-W10,
1261,1916 wholesale,Breitling,SS TT B01 DEUS 41-BLK IX-SLV SUB-BLK LTH-DB,BREI-AB01765A1B1X1-v2,
1262,1916 wholesale,Breitling,TI SO SPR DIVE46-BLK/GRY-BLK CER-PRFIII BRC,BREI-E10379351B1E1-v2,
1263,1916 wholesale,Breitling,TI SO SPR DIVER46-GRN/BLK CAMO-TI PRF III BRC,BREI-E10379D31L1E1-v2,
1264,WatchWarehouse,Breitling,BREITLING Lady Premier Quartz 32MM Blue Dial Diamond Bezel Women's,BREI-W130,
1265,WatchWarehouse,Breitling,BREITLING Lady Premier Quartz 32MM Blue Dial Diamond Bezel Women's,BREI-WW814,
1266,WatchWarehouse,Breitling,Breitling Super Chronomat B01 44 Automatic UTC Module Black Dial Steel Men's Watch AB0136251B1A2 UTC,BREI-WWNAB0136251B1A2 UTC,
1267,1916 wholesale,Breitling,SS AVG B01 CHR42-BLK IX-PROF III BRC,BREI-AB0146101B1A1-v2,
1268,1916 wholesale,Breitling,SS AVG B01 CHR42-BLUE IX-BLK SUBS-PROFIII BRC,BREI-AB0146101C1A1-v2,
1269,WatchWarehouse,Breitling,Breitling Avenger B01 Chronograph 42MM Green Dial Leather,BREI-WW408,
1270,WatchWarehouse,Breitling,Breitling Avenger B01 Chronograph 42MM Green Dial Leather,BREI-W1245,
1271,WatchWarehouse,Omega,Omega Seamaster Diver 300M Black Dial 18K Rose Gold Rubber Strap Men's Watch 210.22.42.20.01.002,OMEG-WWN210.22.42.20.01.002,
1272,WatchWarehouse,Omega,Omega Seamaster Planet Ocean 600M Chronograph 45.5mm Black Dial Stainless Steel Men's Watch 215.30.46.51.01.002,OMEG-WWN215.30.46.51.01.002,
1273,1916 wholesale,Breitling,SS AVG B01 CHR 44-BG IX-BLK SUBS-PROF III BRC,BREI-AB0147101A1A1-v2,
1274,1916 wholesale,Breitling,SS AVG CHR GMT45-BLUE-BLK SUBS-BRC,BREI-A24315101C1A1-v2,
1275,1916 wholesale,Breitling,SS SOH CHR44-BLK-BLK CER-OC BRC,BREI-A13313121B1A1-v2,
1276,1916 wholesale,Breitling,SS SOH CHR 44-BLUE IX-SS/BLUE CER-OC BRC,BREI-A13313161C1A1-v2,
1277,WatchWarehouse,Breitling,Breitling Chronomat Automatic 36 White Dial Diamond Bezel Steel Women's Watch A10380591A1A1,BREI-WWNA10380591A1A1,
1278,WatchWarehouse,Breitling,BREITLING Chronomat SS 28MM Diamond Black MOP Dial Women's Watch A,BREI-W154,
1279,WatchWarehouse,Breitling,BREITLING Chronomat SS 28MM Diamond Black MOP Dial Women's Watch A,BREI-WW868,
1280,1916 wholesale,Breitling,SS AVG CHR GMT45-BLK-GRY SUBS-BLK MILIT-TG,BREI-A24315101B1X1-v2,
1281,1916 wholesale,Breitling,S/RG SOH B20 44-BLK IX-RG/BLK CER-BLK AERO CLS-DB,BREI-UB2030121B1S1-v2,
1282,WatchWarehouse,Omega,Omega De Ville Tresor Black Dial Leather Strap Men's Watch 435.13.40.22.01.001,OMEG-WWN435.13.40.22.01.001,
1283,WatchWarehouse,Breitling,BREITLING Superocean Heritage CHRONO AUTO 44MM Men's Watch M133132,BREI-W1218,
1284,1916 wholesale,Breitling,S/RG SOH B20 42-BLK IX-RG/BLK CER-BLK AERO RUB-DB,BREI-UB2010121B1S1-v2,
1285,1916 wholesale,Breitling,SS AVG B01 CHR42-GRN-BLK SUB-GRN MIL-DB,BREI-AB0146101L1X1-v2,
1286,1916 wholesale,Breitling,SS AVG B01 CHR 44-GRN IX-BLK SUBS-GRN MIL-DB,BREI-AB0147101L1X1-v2,
1287,1916 wholesale,Breitling,SS GALACTIC36-MOP DIAM-PILOT BRC,BREI-A37330121A1A1-v2,
1288,1916 wholesale,Breitling,SS SOH CHR 44-BLUE IX-SS/BLUE CER-BLUE AERO-DB,BREI-A13313161C1S1-v2,
1289,1916 wholesale,Breitling,SS SOHII CHR44-BLK-BLK CER-BLK AC-DB,BREI-A13313121B1S1-v2,
1290,WatchWarehouse,Omega,OMEGA Seamaster 42MM Auto Blue Dial Men's Watch 210.32.42.20.03.00,OMEG-W1161,
1291,WatchWarehouse,Breitling,BREITLING Premier B01 Chronograph SS 42MM Green Dial Men's Watch A,BREI-W116,
1292,1916 wholesale,Breitling,SS AVG CHR GMT45-BLUE-BLK SUB-BLUE MIL-TG,BREI-A24315101C1X1-v2,
1293,WatchWarehouse,Breitling,Breitling Chronomat Automatic 36 Green Dial Diamond Bezel Steel Women's Watch A10380591L1A1,BREI-WWNA10380591L1A1,
1294,1916 wholesale,Breitling,TI SO SPR DIVER46-GRN/BLK-GRN CER-GRN DPIV-DB,BREI-E10379D31L1S1-v2,
1295,WatchWarehouse,Breitling,BREITLING Superocean Heritage B31 Automatic SS 40MM Black Dial Men,BREI-W16,
1296,WatchWarehouse,Breitling,Breitling Superocean Automatic Ss 44MM Green Dial Men's Watch,BREI-WW388,
1297,WatchWarehouse,Breitling,Breitling Avenger Automatic Gmt 44MM Blue Dial Men's Watch,BREI-WW465,
1298,WatchWarehouse,Breitling,Breitling Navitimer Auto 41MM Black Leather Men's Watch,BREI-WW624,
1299,WatchWarehouse,Breitling,BREITLING Navitimer AUTO GMT 41MM SS Beige Dial Men's Watch A32310,BREI-W1207,
1300,WatchWarehouse,Breitling,Breitling Super Chronomat Automatic 38 Ice Blue Dial Diamond Bezel Steel Women's Watch A17356531C1A1,BREI-WWNA17356531C1A1,
1301,WatchWarehouse,Breitling,BREITLING Chronomat AUTO 36MM SS MOP Dial Women's Watch A10380101A,BREI-W1220,
1302,WatchWarehouse,Breitling,Breitling Navitimer Automatic 36MM Green Dial Unisex Watch,BREI-WW340,
1303,WatchWarehouse,Breitling,Breitling Navitimer Automatic 36MM Green Dial Unisex Watch,BREI-W2102,
1304,1916 wholesale,Breitling,SS NAVI AUTO35-MOP DIAM-RED ALG-TG,BREI-A17395211A1P5-v2,
1305,1916 wholesale,Breitling,SS AVG CHR45-BLUE-BLUE MIL-TG,BREI-A13317101C1X1-v2,
1306,WatchWarehouse,Breitling,BREITLING Classic AVI Chronograph Mosquito 42MM Black Dial Leather,BREI-W14,
1307,WatchWarehouse,Breitling,Breitling AB01762A1L1X1 Top Time B01 Ford Mustang 41mm Green Dial,BREI-W146,
1308,WatchWarehouse,Breitling,Breitling AB01762A1L1X1 Top Time B01 Ford Mustang 41mm Green Dial,BREI-W2133,
1309,1916 wholesale,Breitling,SS SOH B20 44-BLK IX-BLK CER-OC BRC,BREI-AB2030121B1A1-v2,
1310,1916 wholesale,Breitling,SS SOH B20 44-BLUE IX-BLUE CER-OC BRC,BREI-AB2030161C1A1-v2,
1311,WatchWarehouse,Breitling,BREITLING Superocean Heritage II AUTO 44MM CHRONO SS Men's Watch A,BREI-W1219,
1312,WatchWarehouse,Breitling,BREITLING Superocean Heritage II AUTO 44MM CHRONO SS Men's Watch A,BREI-W2101,
1313,WatchWarehouse,Breitling,BREITLING Navitimer AUTO 41MM SS Blue Dial Men's Watch A17329161C1,BREI-W1208,
1314,WatchWarehouse,Omega,Omega Speedmaster Professional Moonwatch Black Dial Nylon Strap Men's Watch 310.32.42.50.01.001,OMEG-WWN310.32.42.50.01.001,
1315,WatchWarehouse,Breitling,BREITLING Avenger Automatic Night Mission 42MM Black Leather Men's,BREI-W193,
1316,1916 wholesale,Breitling,SS SOH B20 42-BLK IX-BLK CER-OC BRC,BREI-AB2010121B1A1-v2,
1317,WatchWarehouse,Omega,Omega Seamaster Planet Ocean 600M 43.5mm Black Dial Leather Strap Men's Watch 215.33.44.21.01.001,OMEG-WWN215.33.44.21.01.001,
1318,WatchWarehouse,Breitling,BREITLING Navitimer Automatic SS 41MM Green Dial Men's Watch A1732,BREI-W1137,
1319,WatchWarehouse,Breitling,Breitling Avenger Auto Chronometer Ss 42MM Men's Watch,BREI-WW512,
1320,WatchWarehouse,Breitling,Breitling Avenger Automatic 42MM Blue Dial Men's Watch,BREI-WW511,
1321,WatchWarehouse,Breitling,BREITLING Avenger B01 CHRONO 44MM Green Dial Men's Watch AB0147101,BREI-W1210,
1322,WatchWarehouse,Breitling,Breitling Navitimer Automatic Gmt 41MM Brown Leather Men's Watch,BREI-WW387,
1323,WatchWarehouse,Breitling,Breitling Navitimer Automatic Gmt 41MM Brown Leather Men's Watch,BREI-W2126,
1324,WatchWarehouse,Breitling,Breitling Premier Lady 32 Diamond Blue Dial Stainless steel Women's Watch A77330671C1A1,BREI-WWNA77330671C1A1,
1325,1916 wholesale,Breitling,SS SO AUTO46-BLK-BLK CER-PROFIII BRC,BREI-A17378211B1A1-v2,
1326,1916 wholesale,Breitling,SS SOH B20 46-BLK IX-BLK CER-BLK AERO CLS-DB,BREI-AB2020121B1S1-v2,
1327,1916 wholesale,Breitling,SS SO AUTO44-BLK-BLK CER-PRFIII BRC,BREI-A17376211B1A1-v2,
1328,1916 wholesale,Breitling,SS SOH B20 46-GRN IX-BLK CER-BLK AERO RUB-DB,BREI-AB2020121L1S1-v2,
1329,WatchWarehouse,Tudor,Tudor Black Bay Chrono Chronograph Black Dial Stainless Steel Men's Watch M79360N-0013,TUDR-WWNM79360N-0013,
1330,WatchWarehouse,Breitling,Breitling Navitimer 32 18kt Rose Gold Pearl Diamond Dial Leather Strap Women's Watch R77320E61A1P1,BREI-WWNR77320E61A1P1,
1331,1916 wholesale,Breitling,SS SOH B20 44-BLK IX-BLK CER-BLK AERO-DB,BREI-AB2030121B1S1-v2,
1332,1916 wholesale,Breitling,SS SOH B20 44-BLUE IX-BLUE CER-BLUE AERO-DB,BREI-AB2030161C1S1-v2,
1333,1916 wholesale,Breitling,SS SO AUTO36-WHT-WHT CER-PROFIII BRC,BREI-A17377211A1A1-v2,
1334,1916 wholesale,Breitling,SS AVG GMT44-BLK-PRFIII BRC,BREI-A32320101B1A1-v2,
1335,1916 PO,IWC,Portofino — SS PORTOF CHR 42-BLK IXROM-BRC,IWC-IW3910-10-v2,
1336,1916 PO,IWC,Pilots Watches — SS PILOTS MARK XX 40-BLK NUM-STRAP,IWC-IW3282-01-v2,
1337,1916 PO,IWC,Portofino — SS PORTF COMME MOI 34-SLV EMB DIAIXROM-STRAP,IWC-IW3574-10,
1338,WatchWarehouse,Breitling,Breitling Chronomat B01 42 Chronograph Automatic Green Dial Steel Men's Watch AB0134101L2A1,BREI-WWNAB0134101L2A1,
1339,WatchWarehouse,Breitling,Breitling Chronomat Quartz 32 Diamond Dial & Bezel Steel Women's Watch A77310591A1A1,BREI-WWNA77310591A1A1,
1340,WatchWarehouse,Tudor,Tudor Black Bay Chrono White Dial Stainless Steel Men's Watch M79360N-0012,TUDR-WWNM79360N-0012,
1341,1916 wholesale,Breitling,SS SO AUTO46-BLK-BLK CER-BLK DPIV-DB,BREI-A17378211B1S1-v2,
1342,1916 wholesale,Breitling,BLKti AVG SEA NM45-BLK NUM-BLK MILIT-TG,BREI-V17319101B1X1-v2,
1343,WatchWarehouse,Breitling,Breitling Avenger Automatic 42MM Anthracite Leather Men's Watch,BREI-W1158,
1344,1916 wholesale,Breitling,SS NAVI AUTO35-MINT GRN-GRN ALG-DP,BREI-A17395361L1P2-v2,
1345,WatchWarehouse,Omega,Omega Seamaster Diver 300M Automatic Black Dial Rubber Strap Men's Watch 210.32.42.20.01.003,OMEG-WWN210.32.42.20.01.003,
1346,WatchWarehouse,Breitling,BREITLING Superocean AUTO 42MM Green Dial Rubber Men's Watch N1737,BREI-W2115,
1347,1916 PO,IWC,Portofino — SS PORTOF CHR42-BLK IXROM-STRAP,IWC-IW3910-08-v2,
1348,1916 PO,IWC,Pilots Watches — SS PILOTS 36-SLV NUM-BRAC,IWC-IW3240-06,
1349,WatchWarehouse,Omega,Omega Seamaster Aqua Terra 150m Master Co-Axial Black Dial Stainless Steel Men's Watch 220.10.41.21.01.001,OMEG-WWN220.10.41.21.01.001,
1350,1916 PO,IWC,Pilots Watches — SS MARK XVIII LPP ED 40-BLUE-STRAP,IWC-IW3270-10-v2,
1351,1916 PO,IWC,Portofino — SS PORTF CHR 41-BLK IX-STRAP,IWC-IW3783-03-v2,
1352,WatchWarehouse,Tudor,Tudor Pelagos Left Hand Diver Automatic Black Dial Titanium Men's Watch M25610TNL-0001,TUDR-WWNM25610TNL-0001,
1353,1916 wholesale,Breitling,SS NAVI AUTO35-MINT GRN-GRN ALG-TG,BREI-A17395361L1P1-v2,
1354,WatchWarehouse,Tudor,Tudor Black Bay 36 Automatic Silver Dial Steel and Gold Women's Watch M79643-0002,TUDR-WWNM79643-0002,
1355,WatchWarehouse,Breitling,Breitling Chronomat B31 Automatic 40 Green Dial Stainless Steel Men's Watch AB3114101L1A1,BREI-WWNAB3114101L1A1,
1356,WatchWarehouse,Breitling,Breitling Chronomat Automatic 36 Mother of Pearl Diamond Dial Stainless Steel Women's Watch A10320101A1A1,BREI-WWNA10320101A1A1,
1357,WatchWarehouse,Breitling,BREITLING Navitimer Quartz SS 32MM MOP Diamond Dial Women's Watch,BREI-W113,
1358,1916 wholesale,Breitling,SS AVG GMT45-BLUE-BLUE MILIT-DB,BREI-A32395101C1X2-v2,
1359,WatchWarehouse,Omega,Omega Seamaster Diver 300M Blue Dial Rubber Strap Men's Watch 210.32.42.20.03.001,OMEG-WWN210.32.42.20.03.001,
1360,WatchWarehouse,Breitling,Breitling Premier B01 Chronograph 42 Green Dial Stainless Steel Men's Watch AB0145371L1A1,BREI-WWNAB0145371L1A1,
1361,WatchWarehouse,Breitling,Breitling Avenger Automatic Gmt 44MM Black Dial Men's Watch,BREI-WW14,
1362,WatchWarehouse,Breitling,Breitling Avenger Automatic Gmt 44MM Blue Dial Men's Watch,BREI-W156,
1363,WatchWarehouse,Tudor,Tudor Black Bay GMT S&G Automatic Black Dial Leather Strap Men's Watch M79833MN-0003,TUDR-WWNM79833MN-0003,
1364,WatchWarehouse,Omega,Omega Speedmaster Co-Axial Chronograph 38mm Silver Dial Stainless Steel Men's Watch 324.30.38.50.02.001,OMEG-WWN324.30.38.50.02.001,
1365,WatchWarehouse,Breitling,BREITLING Chronomat Quartz 28MM 12 Diamond Blue MOP Dial Women's W,BREI-W2119,
1366,WatchWarehouse,Longines,LONGINES Conquest Automatic 42MM Two-Tone 18K Rose Gold Men's Watc,LONG-W141,
1367,WatchWarehouse,Breitling,BREITLING Navitimer Quartz 32MM MOP Diamond Dial Leather Women's W,BREI-W138,
1368,WatchWarehouse,Breitling,Breitling Top Time B31 Automatic Blue Dial Stainless Steel Men's Watch AB3113A71C1A1,BREI-WWNAB3113A71C1A1,
1369,WatchWarehouse,Omega,Omega De Ville Prestige Co-Axial Master Chronometer 40mm Silver Dial Stainless Steel Men's Watch 434.10.40.20.02.001,OMEG-WWN434.10.40.20.02.001,
1370,WatchWarehouse,Breitling,Breitling Top Time B01 Ford Thunderbird Automatic Chronograph White Dial Steel Men's Watch AB01766A1A1A1,BREI-WWNAB01766A1A1A1,
1371,WatchWarehouse,Tudor,Tudor Black Bay 41 Automatic Blue Dial Steel Men's Watch M79680-0002,TUDR-WWNM79680-0002,
1372,WatchWarehouse,Tudor,Tudor Black Bay 68 Automatic Silver Dial Stainless Steel Men's Watch M7943A1A0NU-0002,TUDR-WWNM7943A1A0NU-0002,
1373,WatchWarehouse,Longines,Longines Primaluna Moonphase Automatic Ivory Dial 18k Yellow Gold & Steel Women's Watch L8.126.5.79.7,LONG-WWNL8.126.5.79.7,
1374,WatchWarehouse,Breitling,Breitling Navitimer Automatic 41 GMT Blue Dial Leather Strap Men's Watch A32310171C1P1,BREI-WWNA32310171C1P1,
1375,WatchWarehouse,Breitling,Breitling Navitimer Automatic 41 Green Dial Stainless Steel Men's Watch A17329371L1A1,BREI-WWNA17329371L1A1,
1376,WatchWarehouse,Breitling,Breitling Superocean Heritage Automatic 42 Black Dial Rubber Strap Men's Watch AB3111241B1S1,BREI-WWNAB3111241B1S1,
1377,WatchWarehouse,Breitling,Breitling Navitimer Automatic 41 Red Dial Leather Strap Men's Watch A173265A1K1P2,BREI-WWNA173265A1K1P2,
1378,WatchWarehouse,Breitling,Breitling Superocean Automatic 42 Silver Dial Stainless Steel Men's Watch A17375E71G1A1,BREI-WWNA17375E71G1A1,
1379,WatchWarehouse,Longines,LONGINES Conquest Chronograph 42MM Silver Dial Rubber Men's Watch,LONG-W2118,
1380,WatchWarehouse,Omega,Omega De Ville Tresor MinI White Dial Diamond Case Leather Strap Women's Watch 428.17.26.60.04.009,OMEG-WWN428.17.26.60.04.009,
1381,WatchWarehouse,Breitling,Breitling Chronomat Automatic 36 Blue Dial Stainless Steel Women's Watch A10380101C1A1,BREI-WWNA10380101C1A1,
1382,WatchWarehouse,Breitling,Breitling Navitimer Automatic 41 Blue Dial Leather Strap Men's Watch A17329161C1P1,BREI-WWNA17329161C1P1,
1383,WatchWarehouse,Breitling,Breitling Classic Avi Chronograph 42 P-51 Mustang Black Dial Steel Bracelet Men's Watch A233803A1B1A1,BREI-WWNA233803A1B1A1,
1384,WatchWarehouse,Breitling,Breitling Superocean Automatic 46 Super Diver Black Dial Titanium Men's Watch E10379351B1E1,BREI-WWNE10379351B1E1,
1385,WatchWarehouse,Breitling,Breitling Superocean Automatic 44 Green Dial Stainless Steel Men's Watch A17376A31L1A1,BREI-WWNA17376A31L1A1,
1386,WatchWarehouse,Tudor,Tudor 1926 36mm Midsize Two-Tone 18K Rose Gold & Steel Women's Watch M91451-0009,TUDR-WWNM91451-0009,
1387,WatchWarehouse,Breitling,Breitling Superocean Automatic 44 Black Dial Stainless Steel Men's Watch A17376211B1A1,BREI-WWNA17376211B1A1,
1388,WatchWarehouse,Omega,Omega De Ville Prestige Co-Axial 39.5mm Automatic Silver Dial Steel Men's Watch 424.10.40.20.02.002,OMEG-WWN424.10.40.20.02.002,
1389,WatchWarehouse,Breitling,Breitling Premier Lady 32 Mother of Pearl Dial Stainless Steel Women's Watch A77330121A2A1,BREI-WWNA77330121A2A1,
1390,WatchWarehouse,Breitling,Breitling Navitimer 32 Pink Pearl Diamond Dial Leather Strap Women's Watch A77320D91K1P1,BREI-WWNA77320D91K1P1,
1391,WatchWarehouse,Breitling,Breitling Superocean Automatic 36 Turquoise Dial Stainless Steel Unisex Watch A17377211C1A1,BREI-WWNA17377211C1A1,
1392,WatchWarehouse,Tudor,Tudor Glamour Date Silver Diamond-Set Dial Stainless Steel Unisex Watch M51000-0004,TUDR-WWNM51000-0004,
1393,WatchWarehouse,Breitling,Breitling Superocean Automatic 46 Blue Dial Rubber Strap Men's Watch A17378E71C1S1,BREI-WWNA17378E71C1S1,
1394,WatchWarehouse,Breitling,Breitling Superocean Automatic 44 Turquoise Dial Rubber Strap Men's Watch A17376211L2S1,BREI-WWNA17376211L2S1,
1395,WatchWarehouse,Breitling,Breitling Superocean Automatic 42 Black Dial Rubber Strap Men's Watch A17375211B1S1,BREI-WWNA17375211B1S1,
1396,WatchWarehouse,Longines,Longines DolceVita Quartz Diamond Rose Gold & Steel Women's Watch L5.255.5.89.7,LONG-WWNL5.255.5.89.7,
1397,WatchWarehouse,Longines,Longines Spirit Flyback Chronograph Black Dial Fabric Strap Men's Watch L3.821.4.53.9,LONG-WWNL3.821.4.53.9,
1398,WatchWarehouse,Breitling,Breitling Navitimer 32 Blue Mother of Pearl Diamond Dial Leather Strap Women's Watch A77320171C1P1,BREI-WWNA77320171C1P1,
1399,WatchWarehouse,Breitling,Breitling Endurance Pro 44 Chronograph Black Dial Breitlight Rubber Strap Men's Watch X82310D51B1S2,BREI-WWNX82310D51B1S2,
1400,WatchWarehouse,Longines,Longines Elegant Automatic 37MM Black Dial Leather Men's Watch,LONG-W297,
1401,WatchWarehouse,Longines,Longines 1832 Automatic 40MM Beige Dial Leather Men's Watch,LONG-W2120,
1402,WatchWarehouse,Breitling,Breitling Professional Endurance Pro Chronograph Black Dial Rubber Strap Men's Watch X82310E51B1S2,BREI-WWNX82310E51B1S2,
1403,WatchWarehouse,Longines,Longines Spirit Zulu Time Automatic Grey Dial Stainless Steel Men's Watch L3.812.4.63.6,LONG-WWNL3.812.4.63.6,
1404,WatchWarehouse,Omega,Omega De Ville Prestige Quartz 30mm Rose Dial Stainless Steel Women's Watch 434.10.30.60.02.001,OMEG-WWN434.10.30.60.02.001,
1405,WatchWarehouse,Longines,Longines Conquest Heritage Automatic Silver Dial Stainless Steel Men's Watch L1.649.4.72.6,LONG-WWNL1.649.4.72.6,
1406,WatchWarehouse,Longines,Longines Mens La Grande Classique De Longines Automatic 36MM,LONG-W2121,
1407,WatchWarehouse,Longines,Longines Legend Diver Automatic Grey Dial Nylon Strap Men's Watch L3.774.4.70.2,LONG-WWNL3.774.4.70.2,
1408,WatchWarehouse,Longines,Longines Primaluna Automatic White Mother of Pearl Diamond Dial Steel Women's Watch L8.124.4.87.6,LONG-WWNL8.124.4.87.6,
1409,WatchWarehouse,Longines,Longines Spirit Automatic Ivory Dial Stainless Steel Men's Watch L3.811.4.73.6,LONG-WWNL3.811.4.73.6,
1410,WatchWarehouse,Longines,Longines Heritage Chronograph Automatic Silver Dial Leather Strap Men's Watch L2.827.4.73.0,LONG-WWNL2.827.4.73.0,
1411,WatchWarehouse,Breitling,Breitling Endurance Pro 38 Chronograph Black Dial Rubber Strap Unisex Watch X83310D41B1S1,BREI-WWNX83310D41B1S1,
1412,WatchWarehouse,Longines,Longines Conquest V.h.p Quartz Ss 43MM Blue Dial Men's Watch,LONG-WW672,
1413,WatchWarehouse,Longines,Longines La Grande Classique 36MM Silver Dial Unisex Watch,LONG-WW480,
1414,WatchWarehouse,Longines,Longines Flagship Automatic Gold Tone Diamond Dial Yellow Gold PVD Steel Unisex Watch L4.974.3.37.7,LONG-WWNL4.974.3.37.7,
1415,WatchWarehouse,Longines,Longines Primaluna Automatic 26.5mm White Mother of Pearl Diamond Dial Steel Women's Watch L8.111.4.87.6,LONG-WWNL8.111.4.87.6,
1416,WatchWarehouse,Longines,Longines Elegant Collection Silver Diamond Dial Steel Women's Watch L4.911.4.77.6,LONG-WWNL4.911.4.77.6,
1417,WatchWarehouse,Longines,LONGINES Flagship SS 38.5MM Automatic Men's Watch L48994216 / L4.8,LONG-W1534,
1418,WatchWarehouse,Longines,LONGINES Conquest Classic 36MM MOP Dial Women's Watch L2.387.0.87.,LONG-W1462,
1419,WatchWarehouse,Longines,Longines Legend Diver Automatic Beige Dial Fabric Strap Unisex Watch L3.374.4.30.2,LONG-WWNL3.374.4.30.2,
1420,WatchWarehouse,Longines,Longines Master Power Reserve Automatic Silver Dial Leather Strap Men's Watch L2.708.4.78.3,LONG-WWNL2.708.4.78.3,
1421,WatchWarehouse,Longines,LONGINES Symphonette Quartz Oval Women's Watch L2.306.4.71.6 / L23,LONG-W1427,
1422,WatchWarehouse,Longines,Longines DolceVita Quartz Silver Dial Leather Strap Women's Watch L5.255.4.71.5,LONG-WWNL5.255.4.71.5,
1423,WatchWarehouse,Longines,LONGINES Symphonette Quartz SS 29MM Silver Dial Women's Watch L2.3,LONG-W1313,
1424,WatchWarehouse,Longines,Longines The Longines 1832 Classic Automatic Black Dial Leather Strap Men's Watch L4.825.4.52.0,LONG-WWNL4.825.4.52.0,
1425,WatchWarehouse,Longines,Longines Primaluna Moonphase Ivory Dial Stainless Steel Women's Watch L8.116.4.71.6,LONG-WWNL8.116.4.71.6,
1426,WatchWarehouse,Longines,Longines Equestrian Silver Roman Dial Stainless Steel  Women's Watch L6.141.4.71.6,LONG-WWNL6.141.4.71.6,
1427,WatchWarehouse,Longines,LONGINES Presence 35MM AUTO Stainless Steel Men's Watch L48214116,LONG-W1546,
1428,WatchWarehouse,Longines,Longines Conquest Quartz Ss 43MM Black Lthr Men's Watch,LONG-WW758,
1429,WatchWarehouse,Longines,Longines Conquest Quartz Ss 43MM Black Lthr Men's Watch,LONG-W1474,
1430,1916 PO,Cartier,Roadster — SS ROAD39-SLV ROM-BRC,CART-W62025V3,
1431,1916 PO,Cartier,Calibre De Cartier — SS CALIBRE42-SILV ROMIX-BRAC,CART-W7100015,
1432,WatchWarehouse,Longines,Longines Conquest Automatic Brown Dial Stainless Steel Men's Watch L3.830.4.62.6,LONG-WWNL3.830.4.62.6,
1433,WatchWarehouse,Longines,Longines Spirit Zulu Time Grey Dial Leather Strap Men's Watch L3.812.4.63.2,LONG-WWNL3.812.4.63.2,
1434,WatchWarehouse,Longines,Longines Spirit Automatic 42mm Blue Dial Leather Strap Men's Watch L3.811.4.93.0,LONG-WWNL3.811.4.93.0,
1435,WatchWarehouse,Longines,Longines HydroConquest Automatic 41mm Blue Dial Stainless Steel Men's Watch L3.781.4.96.6,LONG-WWNL3.781.4.96.6,
1436,WatchWarehouse,Longines,Longines Spirit Automatic Blue Dial Leather Strap Men's Watch L3.410.4.93.0,LONG-WWNL3.410.4.93.0,
1437,WatchWarehouse,Longines,Longines Spirit Automatic Green Dial Leather Strap Men's Watch L3.810.4.03.2,LONG-WWNL3.810.4.03.2,
1438,WatchWarehouse,Longines,Longines Spirit Automatic Champagne Dial Leather Strap Men's Watch L3.410.4.63.2,LONG-WWNL3.410.4.63.2,
1439,WatchWarehouse,Longines,Longines Heritage Avigation Big Eye Chronograph Black Dial Leather Strap Men's Watch L2.816.4.53.2,LONG-WWNL2.816.4.53.2,
1440,WatchWarehouse,Longines,Longines Flagship Automatic Mother of Pearl Diamond  Women's Watch L4.274.0.87.6,LONG-WWNL4.274.0.87.6,
1441,WatchWarehouse,Longines,Longines Heritage Classic Black Dial Leather Strap Men's Watch L2.828.4.53.2,LONG-WWNL2.828.4.53.2,
1442,WatchWarehouse,Longines,Longines Legend Diver Automatic Burgundy Dial Fabric Strap Unisex Watch L3.374.4.40.2,LONG-WWNL3.374.4.40.2,
1443,WatchWarehouse,Longines,Longines Symphonette MOP Diamond Dial Women's Watch L2.305.4.87.0,LONG-W1380,
1444,WatchWarehouse,Longines,LONGINES DolceVita Quartz SS 20MM Blue Dial Women's Watch L5.255.4,LONG-W1325,
1445,WatchWarehouse,Longines,LONGINES HydroConquest AUTO 43MM Gray Dial Rubber Men's Watch L3.7,LONG-W1521,
1446,WatchWarehouse,Longines,LONGINES HydroConquest Quartz 41MM Black Dial SS Men's Watch L3.74,LONG-W1541,
1447,WatchWarehouse,Longines,LONGINES Lyre Automatic 38.5MM Champagne Dial Men's Watch L4.960.2,LONG-W1327,
1448,WatchWarehouse,Longines,LONGINES Flagship Automatic 36MM Unisex Watch L4.774.4.57.6,LONG-W1545,
1449,WatchWarehouse,Longines,LONGINES Flagship Automatic SS 38.5MM Black Dial Men's Watch L4.97,LONG-W1309,
1450,WatchWarehouse,Longines,Longines Record Blue Dial Blue Leather Strap Men's Watch L2.821.4.96.4,LONG-WWNL2.821.4.96.4,
1451,WatchWarehouse,Longines,Longines Record Chronometer Automatic Blue Dial Stainless Steel Men's Watch L2.820.4.96.6,LONG-WWNL2.820.4.96.6,
1452,1916 wholesale,Breitling,SS CHRMT B01 NFL TEXANS 42-DK BLUE IX-SLV SUBS-RLX BRC,BREI-AB01342B1CBA1,
1453,1916 wholesale,Breitling,SS CHRMT B01 NFL RAVENS 42-PURP IX-SLV SUBS-RLX BRC,BREI-AB01342B1K2A1,
1454,1916 wholesale,Breitling,SS CHRMT B01 NFL COMMAND 42-BURG IX-SLV SUBS-RLX BRC,BREI-AB01342B1K3A1,
1455,1916 wholesale,Breitling,SS CHRMT B01 NFL CARDINALS 42-RED IX-SLV SUBS-RLX BRC,BREI-AB01342B1K6A1,
1456,1916 wholesale,Breitling,SS CHRMT B01 NFL BRONCOS 42-ORG IX-SLV SUBS-RLX BRC,BREI-AB01342B1O2A1,
1457,1916 PO,IWC,Pilots Watches — SS PILOT TIMEZONER CHR46-BLK-STRAP,IWC-IW3950-01,
1458,1916 PO,IWC,Pilots Watches — TI BP SPITFIRE43-BLK DIAL-STRAP,IWC-IW3297-01,
1459,1916 PO,IWC,Aquatimer — BLKrubSS AQ CHR LA CUMBRE 44-BLK IX-STRAP,IWC-IW3795-05,
1460,1916 PO,IWC,Portofino — SS PORTOF CHR 39-GRN IX-STRAP,IWC-IW3914-05,
1461,1916 PO,IWC,Pilots Watches — SS PILOTS CHR 43-BLK IXNUM-STRAP,IWC-IW3780-01,
1462,1916 PO,IWC,Pilots Watches — BRZ PILOT CHR SPTFIRE 41-GRN NUM-STRAP,IWC-IW3879-02,
1463,1916 PO,IWC,Portugieser — SS PORTUG 40-BLUE NUM-STRAP,IWC-IW3583-05,
1464,1916 PO,IWC,Portofino — SS PORTOF CHR 150YRS 42-BLUE IXROM-STRAP,IWC-IW3910-23,
1465,1916 PO,IWC,Portugieser — SS PORTUG 7DAY-BLK NUM-STRAP,IWC-IW5001-09,
1466,1916 PO,IWC,Portugieser — SS PORTUG 7 DAY 42.3-SLV NUM-STRAP,IWC-IW5001-14,
1467,1916 PO,IWC,Pilots Watches — SS PILOTS ST EXUP43-BRW NUM-SLV SUB-STRAP,IWC-IW3878-06,
1468,1916 PO,IWC,Pilots Watches — SS BIG PILOT 46-BLK IXNUM-STRAP,IWC-IW5004-01,
1469,1916 PO,IWC,Portugieser — SS PORTG YC CHR 44.6-BLUE NUM-BRC,IWC-IW3907-01,
1470,1916 PO,IWC,Pilots Watches — SS PILOTS DBL CHR PS ED46-GRY NUM-STRAP,IWC-IW3778-05,
1471,1916 PO,IWC,Pilots Watches — SS PILOTS CHRONO43-GRN-TB,IWC-IW3777-26,
1472,WatchWarehouse,Longines,LONGINES Lyre Automatic SS 35MM Blue Dial Unisex Watch L4.860.4.92,LONG-W1300,
1473,WatchWarehouse,Longines,LONGINES Lyre Automatic SS 35MM Blue Dial Unisex Watch L4.860.4.92,LONG-WW647,
1474,WatchWarehouse,Longines,LONGINES Flagship Automatic 30MM Women's Watch L4.374.4.92.6 / L43,LONG-W1434,
1475,WatchWarehouse,Longines,LONGINES Flagship Automatic Diamond 30MM Women's Watch L4.374.4.27,LONG-W1435,
1476,WatchWarehouse,Longines,LONGINES Conquest Classic 36MM Black Dial Women's Watch L2.387.0.5,LONG-W1461,
1477,WatchWarehouse,Longines,Longines Conquest Collection V.h.p. 43MM Men's Watch,LONG-WW557,
1478,WatchWarehouse,Longines,Longines Presence 38.5mm White Dial Leather Men's Watch,LONG-WW756,
1479,WatchWarehouse,Longines,LONGINES DolceVita Automatic 27.7X 43.8 MM Black Leather Men's Wat,LONG-W1365,
1480,WatchWarehouse,Longines,LONGINES Record 38.5MM AUTO SS Blue Dial Men's Watch L28204966 / L,LONG-W1497,
1481,WatchWarehouse,Longines,LONGINES Record 38.5MM AUTO SS Blue Dial Men's Watch L28204966 / L,LONG-W1478,
1482,WatchWarehouse,Longines,LONGINES Evidenza Automatic 26MM Grey Dial Leather Women's Watch L,LONG-W1335,
1483,WatchWarehouse,Longines,LONGINES Elegant Collection Automatic 41MM White Dial Leather Men',LONG-W1264,
1484,WatchWarehouse,Longines,LONGINES La Grande Automatic SS 37MM Blue Dial Men's Watch L4.810.,LONG-W1495,
1485,WatchWarehouse,Longines,LONGINES Heritage Classic Automatic 38.5MM Tuxedo Men's Watch L2.3,LONG-W1396,
1486,WatchWarehouse,Longines,LONGINES Symphonette Quartz 21MM MOP Dial 18K Rose Gold Women's Wa,LONG-W1348,
1487,WatchWarehouse,Longines,LONGINES Symphonette Quartz MOP 18K Rose Gold Women's Watch L2.306,LONG-W1426,
1488,WatchWarehouse,Longines,LONGINES Elegant Collection 13 Diamond 34.5MM Silver Unisex Watch,LONG-W1395,
1489,WatchWarehouse,Longines,LONGINES Evidenza Automatic 30MM Red Dial Leather Women's Watch L2,LONG-W1266,
1490,WatchWarehouse,Longines,LONGINES Evidenza Automatic 30MM Green Dial Leather Women's Watch,LONG-W1265,
1491,WatchWarehouse,Longines,LONGINES Record Automatic 26MM 12 Diamond Leather Women's Watch L2,LONG-W1425,
1492,WatchWarehouse,Longines,LONGINES Presence Automatic SS 38MM White Dial Men's Watch L4.904.,LONG-W1270,
1493,1916 PO,IWC,Portugieser — SS PORTUG 7DAY 42.3MM-SLV -STRAP,IWC-IW5001-07,
1494,1916 PO,IWC,Portofino — SS PORTOF CHRONO42-SILV-STRAP,IWC-IW3910-31,
1495,1916 PO,IWC,Portofino — SS PORTOF 34-SLV PLAT IXROMDIA-STRAP,IWC-IW3574-08,
1496,1916 PO,IWC,Portugieser — SS PORTUG 40-GRN NUM-STRAP,IWC-IW3583-10,
1497,1916 PO,IWC,Portugieser — SS PORTUG AUTO 40-SALM NUM-STRAP,IWC-IW3583-13,
1498,1916 PO,IWC,Pilots Watches — SS PILOT CHR LPP 31-BLUE NUM-STRAP,IWC-IW3881-20,
1499,1916 PO,Cartier,Ronde — WG RONDE29-SLV ROM-DIAM BEZ-STRAP,CART-WR000251,
1500,1916 PO,Cartier,Ballon Bleu — SS B.BLEU 28-SLV ROM-DIA BEZ-BRC,CART-W4BB0015,
1501,1916 PO,Cartier,Tank — SS TANK BASC36X24-SLV-STRAP,CART-W1011258,
1502,1916 PO,Cartier,Pasha — SYG PASHA 41-SLV-BRC,CART-W2PA0009,
1503,1916 PO,Cartier,Santos — SRG SANTOS DUMONT 46X33-SLV ROM-RG BEZ-STRAP,CART-W2SA0017,
1504,1916 PO,Cartier,Tank — YG TANK ANG 30X22-SLV ROM-STRAP,CART-W5310028,
1505,1916 PO,Cartier,Ronde — RG RONDE LC 36-SLV ROM-STRAP,CART-W6800251,
1506,1916 PO,Cartier,Cle De Cartier — RG CLE 35-SLV ROM-STRAP,CART-WGCL0013,
1507,1916 PO,Cartier,Ballon Bleu — RG B.BLEU 28-SLV DIAROM-STRAP,CART-WJBB0019,
1508,WatchWarehouse,Longines,LONGINES HydroConquest 41MM AUTO Green Rubber Strap Men's Watch L3,LONG-W1526,
1509,WatchWarehouse,Longines,LONGINES Elegant AUTO 37MM Blue Dial Leather Men's Watch L4.810.4.,LONG-W1502,
1510,WatchWarehouse,Longines,LONGINES Record Automatic 40MM Silver Dial Brown Leather Men's Wat,LONG-W1377,
1511,WatchWarehouse,Longines,LONGINES HydroConquest Automatic SS 39MM Black Dial Men's Watch L3,LONG-W1358,
1512,WatchWarehouse,Longines,LONGINES Conquest Automatic SS 43MM Black Dial Men's Watch L3.782.,LONG-W1532,
1513,WatchWarehouse,Longines,LONGINES Silver Arrow Automatic 38.5MM Leather Men's Watch L2.834.,LONG-W1455,
1514,WatchWarehouse,Longines,LONGINES Record Automatic SS 38.5MM Black Diamond Dial Men's Watch,LONG-W1363,
1515,WatchWarehouse,Longines,LONGINES HydroConquest Quartz 32MM MOP 11 Diamond Dial Women's Wat,LONG-W1322,
1516,WatchWarehouse,Longines,LONGINES Evidenza Automatic 26MM Blue Dial Leather Women's Watch L,LONG-W1334,
1517,WatchWarehouse,Longines,LONGINES PrimaLuna Automatic 26.5MM Blue MOP Diamond Dial Women's,LONG-W1326,
1518,1916 PO,Cartier,Panthere — YG PANTH VEND 24-SLV ROM-BRC,CART-83784647,
1519,1916 PO,Cartier,Santos — RG SANTOS-DUMONT38-SLV-DB,CART-W2020067,
1520,1916 PO,Cartier,Baignoire — WG BAIG 31X24-SLV ROM-DIA BEZ-STRAP,CART-WB520008,
1521,1916 PO,Cartier,Tank — YG TANK AMERIC 22X41-SLV ROM-DIA BEZ-BRC,CART-WB7019K2,
1522,1916 PO,Cartier,Tank — WG TANK AMER 24X19-SLV ROM-DIA BEZ-BRC,CART-WB7044L1,
1523,1916 PO,Cartier,Cougar — YG COUGAR 26-SLV ROM-DIA BEZ-BRC,CART-WF8001B9,
1524,1916 PO,Cartier,Ballerine — WG BALLARINE23X14-SLV-DIA BEZ-BRC,CART-WG40033J,
1525,1916 PO,Cartier,Captive — YG CAPTIVE35-SLV,CART-WG600010,
1526,1916 PO,Cartier,Captive — YG CAPTIVE35-SLV,CART-WG600010-v2,
1527,1916 PO,Cartier,Tortue — RG TORTUE28X34-SLV ROM-DIA BEZ-BRC,CART-WA50703I,
1528,1916 PO,Cartier,Tank — WG TANK AMER 37X27-SLV ROM-STRAP,CART-W2601356,
1529,1916 PO,Cartier,Tank — WG TANK DIVAN 39X30-SLV ROM-DIA BEZ-STRAP,CART-WA301356,
1530,1916 PO,Cartier,Tank — WG TANK ALLONGEE 21X14-SLV-BRC,CART-W15364W3,
1531,1916 PO,Cartier,Pasha — WG PASHA32-SLV-DB,CART-WJ11932G,
1532,1916 PO,Cartier,Ronde — RG RONDE 36-SLV ROM-DIA BEZ-STRAP,CART-WR000651,
1533,1916 PO,Cartier,Ronde — RG RONDE 36-SLV ROM-DIA BEZ-STRAP,CART-WR000651-v2,
1534,1916 PO,Cartier,Pasha — YG PASHA 38-SLV IXROM-STRAP,CART-81750353,
1535,1916 PO,Cartier,Roadster — WG ROAD 36X30-SILV ROM-DIA BEZ-BRC,CART-WE5002X2,
1536,1916 PO,Cartier,Ronde — RG RONDE 29-SLV ROM-DIA BEZ-STRAP,CART-WR000351,
1537,1916 PO,Cartier,Ballon Bleu — SRG B.BLEU 28-SLV DI-BRC,CART-WE902030,
1538,1916 PO,Cartier,Santos — SADLC SANTOS CHR43.3-SLV-STRAP,CART-WSSA0017,
1539,1916 PO,Cartier,Tortue — WG TORTUE SM 30X24-SLV ROM-STRAP,CART-W1556361,
1540,1916 PO,Cartier,Ronde — YG RONDE LOUIS 29-SLV ROM-DIA BEZ-STRAP,CART-WR000151,
1541,1916 PO,Cartier,Lanieres — RG LANIERES 16X21-SLV IXROM-STRAP,CART-W1537238,
1542,1916 PO,Cartier,Ballon Bleu — SS BB CHR 42-SLV ROM-STRAP,CART-W6920003,
1543,1916 PO,Cartier,Tortue — WG TORTUE LM34.5-SILV ROM-DIA BEZL  LUGS,CART-WA503851,
1544,1916 PO,Cartier,Tortue — WG TORTUE LM34.5-SILV ROM-DIA BEZL  LUGS,CART-WA503851-v2,
1545,1916 PO,Cartier,Tortue — WG TORTUE LM34.5-SILV ROM-DIA BEZL  LUGS,CART-WA503851-v3,
1546,1916 PO,Cartier,Ballon Bleu — YG B.BLEU 28-SLV ROM-DIA BEZ-STRAP,CART-WE900151,
1547,1916 PO,Cartier,Ballon Bleu — RG B.BLEU 29-SLV ROM-DIA BEZ-STRAP,CART-WE900251,
1548,1916 PO,Cartier,Ballon Bleu — RG B.BLEU 29-SLV ROM-DIA BEZ-STRAP,CART-WE900251-v2,
1549,1916 PO,Cartier,Tank — WG TANK DIVAN31X20-SLV,CART-WA301571,
1550,1916 PO,Cartier,Ballon Bleu — WG BB 36-SLV ROM-DIA BEZ-STRAP,CART-WE900651,
1551,1916 PO,Cartier,Ballon Bleu — WG BB 36-SLV ROM-DIA BEZ-STRAP,CART-WE900651-v2,
1552,1916 PO,Cartier,Delices — WG DELICES 36-SLV ROM-DIA BEZ-STRAP,CART-WG800014,
1553,1916 PO,Cartier,Ballon Bleu — RG B.BLEU 40-GREY ROM-STRAP,CART-W6920089,
1554,1916 PO,Cartier,Ballon Bleu — RG B.BLEU 40-GREY ROM-STRAP,CART-W6920089-v2,
1555,1916 PO,Cartier,Ballon Bleu — RG B.BLEU 33-SLV DIA-STRAP,CART-WE902063,
1556,1916 PO,Cartier,Tank — WG TANK AMERI19X35-PAV SAP-DB,CART-WB706131,
1557,1916 PO,Cartier,Navette — YG NAVETTE 31X25-SLV ROM-DIA BEZ-STRAP,CART-WA601051,
