sku,caseW,bboxH,cxRatio,cyRatio,canvas,color_mode,extra_chunks,metric_warnings,pass_geometry,pass_content,human_classification,needs_rerender,notes,remediation_status,post_remediation_needs_rerender,post_caseW,post_bboxH,post_cxRatio,post_cyRatio,post_canvas,post_color_mode,post_metric_warnings,post_visual_review,post_sha256
RM1103,0.742358,0.95193,0.527074,0.5,1145x1373,RGBA,,canvas|bboxH-high,False,True,acceptable variation,False,"canvas,bboxH-high; PASS_CONTENT from legacy catalog black-background review",unchanged-protected,False,0.742358,0.95193,0.527074,0.5,1145x1373,RGBA,canvas|bboxH-high,acceptable variation,820699f61205392a1331239333ab5d794391424076f57e4db925c49c5a48cb33
G5,0.964824,0.978137,0.497487,0.499525,597x1052,RGBA,,canvas|caseW-high|bboxH-high,False,True,acceptable variation,False,"canvas,caseW-high,bboxH-high; PASS_CONTENT from legacy catalog black-background review",unchanged-protected,False,0.964824,0.978137,0.497487,0.499525,597x1052,RGBA,canvas|caseW-high|bboxH-high,acceptable variation,6feca5e6fe7c9798ab5515d8f6eabfc9deec1e78f0fb225c61622bb1dc566cea
G3,0.961983,0.978302,0.5,0.500472,605x1060,RGBA,,canvas|caseW-high|bboxH-high,False,True,acceptable variation,False,"canvas,caseW-high,bboxH-high; PASS_CONTENT from legacy catalog black-background review",unchanged-protected,False,0.961983,0.978302,0.5,0.500472,605x1060,RGBA,canvas|caseW-high|bboxH-high,acceptable variation,b907ee7c63a5fd28f12f0a72df418e3cec7b29f5864d2be61f1af7b8de899201
G2,0.978558,1.0,0.500975,0.5,1026x1400,RGBA,,canvas|caseW-high|bboxH-high,False,True,acceptable variation,False,"canvas,caseW-high,bboxH-high; PASS_CONTENT from legacy catalog black-background review; human full-resolution review: human visual review accepted: possible clipping at canvas edge",unchanged-protected,False,0.978558,1.0,0.500975,0.5,1026x1400,RGBA,canvas|caseW-high|bboxH-high,acceptable variation,4fb2592c3cdb9e351a3f7f3a9cb17036897a8fe4c9c9a8edf2dd39626cf55c14
G4,0.992665,0.986425,0.503667,0.500754,409x663,RGBA,,canvas|caseW-high|bboxH-high,False,True,acceptable variation,False,"canvas,caseW-high,bboxH-high; PASS_CONTENT from legacy catalog black-background review",unchanged-protected,False,0.992665,0.986425,0.503667,0.500754,409x663,RGBA,canvas|caseW-high|bboxH-high,acceptable variation,f0bb1141b9a7a2126416a5904e15fdcf2d19cc2a33325425d28a2ec900ab8baa
WWN116508-0013,0.819336,0.906901,0.500488,0.500326,1024x1536,RGBA,,,True,True,approved,False,PASS_CONTENT from 544-watch individual black-background review; pending v2 candidate recheck,unchanged-protected,False,0.819336,0.906901,0.500488,0.500326,1024x1536,RGBA,,approved,861fb3b8e408f4e698428e2cf2fffbc738292c1e0eacc713a785ea04b3479b62
G6,0.966418,0.981853,0.501866,0.501433,536x1047,RGBA,,canvas|caseW-high|bboxH-high,False,True,acceptable variation,False,"canvas,caseW-high,bboxH-high; PASS_CONTENT from legacy catalog black-background review",unchanged-protected,False,0.966418,0.981853,0.501866,0.501433,536x1047,RGBA,canvas|caseW-high|bboxH-high,acceptable variation,1d637e63dedc6e8c3a66864818d12a7cbb9cb780cbf21db9b9c62fe3bd50ba9c
WW196,0.986254,1.0,0.501718,0.5,582x1000,RGBA,,canvas|caseW-high|bboxH-high,False,True,acceptable variation,False,"canvas,caseW-high,bboxH-high; PASS_CONTENT from legacy catalog black-background review",unchanged-protected,False,0.986254,1.0,0.501718,0.5,582x1000,RGBA,canvas|caseW-high|bboxH-high,acceptable variation,5c2301f5af18968e246821de4ba7e68b067cf9ce5dc711b0f312db15e9445ace
WWNG0A46020,0.739258,0.90625,0.500488,0.5,1024x1536,RGBA,,,True,True,approved,False,PASS_CONTENT from 544-watch individual black-background review; pending v2 candidate recheck,unchanged-protected,False,0.739258,0.90625,0.500488,0.5,1024x1536,RGBA,,approved,a33d20a5aafc6f678a2b45b7d0986db5fcdb6bafae0f6f684693d0b9c6e5daef
WW101,0.838571,1.0,0.489286,0.5,700x1000,RGBA,,canvas|caseW-high|bboxH-high,False,False,true failure,True,"canvas,caseW-high,bboxH-high; PASS_CONTENT from legacy catalog black-background review; human full-resolution review: strong perspective with curled strap and visible underside",rerendered-and-approved,False,0.780273,0.856771,0.499512,0.500000,1024x1536,RGBA,,PASS,6b3ad3b9112392d8eaaa07dd27b74db53ef622cc14587634ce2017b095b6dd02
G0,0.969178,0.981783,0.501712,0.499521,584x1043,RGBA,,canvas|caseW-high|bboxH-high,False,True,acceptable variation,False,"canvas,caseW-high,bboxH-high; PASS_CONTENT from legacy catalog black-background review",unchanged-protected,False,0.969178,0.981783,0.501712,0.499521,584x1043,RGBA,canvas|caseW-high|bboxH-high,acceptable variation,dc8021ea98cfb3012173085eb8f5f89bb1cf0cb1252794ab0913efda7e6d0a46
W1101,0.994755,1.0,0.501748,0.5,572x1000,RGBA,,canvas|caseW-high|bboxH-high,False,True,acceptable variation,False,"canvas,caseW-high,bboxH-high; PASS_CONTENT from legacy catalog black-background review",unchanged-protected,False,0.994755,1.0,0.501748,0.5,572x1000,RGBA,canvas|caseW-high|bboxH-high,acceptable variation,b8c6db3116be41e6fc7434ee839abb8529fd103a22d290eb6929ef07ea5e3436
G1,1.0,1.0,0.5,0.5,915x1400,RGBA,,canvas|caseW-high|bboxH-high,False,True,acceptable variation,False,"canvas,caseW-high,bboxH-high; PASS_CONTENT from legacy catalog black-background review",unchanged-protected,False,1.0,1.0,0.5,0.5,915x1400,RGBA,canvas|caseW-high|bboxH-high,acceptable variation,e0a8fb8591a430772365854a2023af4a506e5ade689ec1fa864060ae43e34c76
WW68,0.983022,0.995,0.501698,0.4975,589x1000,RGBA,,canvas|caseW-high|bboxH-high,False,False,true failure,True,"canvas,caseW-high,bboxH-high; PASS_CONTENT from legacy catalog black-background review; human full-resolution review: strong perspective with curled strap",rerendered-and-approved,False,0.779297,0.877604,0.500000,0.500000,1024x1536,RGBA,,PASS,6ecbf3f62038aa4749706cfbb7dcebcb0de2b292671cac895a64601160a1f9e7
WWN101924,0.873047,0.878906,0.5,0.499349,1024x1536,RGBA,,caseW-high,False,True,acceptable variation,False,caseW-high; PASS_CONTENT from 544-watch individual black-background review,unchanged-protected,False,0.873047,0.878906,0.5,0.499349,1024x1536,RGBA,caseW-high,acceptable variation,c55b7f61e023654f2be46e4c8892ab4f97a42b3579a02a4c24f050ec5154cd61
WWNG0A46023,0.741211,0.906901,0.500488,0.499674,1024x1536,RGBA,,,True,True,approved,False,PASS_CONTENT from 544-watch individual black-background review; pending v2 candidate recheck,unchanged-protected,False,0.741211,0.906901,0.500488,0.499674,1024x1536,RGBA,,approved,8d59f637395c1b8b80e758b8c380882be3400e543ffa6351ac84883d0fe6a009
WWN275378-5008,0.693359,0.906901,0.5,0.500326,1024x1536,RGBA,,caseW-low,False,True,acceptable variation,False,caseW-low; PASS_CONTENT from 544-watch individual black-background review,unchanged-protected,False,0.693359,0.906901,0.5,0.500326,1024x1536,RGBA,caseW-low,acceptable variation,c45a34b13631cbebe96ca2e8179a88be3a503cc3dc94e73d2d4d751378a2cd64
W19,0.817383,0.93099,0.526855,0.494792,1024x1536,RGBA,,,True,True,approved,False,PASS_CONTENT from legacy catalog black-background review; pending v2 candidate recheck,unchanged-protected,False,0.817383,0.93099,0.526855,0.494792,1024x1536,RGBA,,approved,88713780ec569a9b33b50ca1dae32d6691a916d173dae0566356085e5f2e6485
WWNM126710BLRO-0002,0.797852,0.906901,0.499512,0.500326,1024x1536,RGBA,,,True,True,approved,False,PASS_CONTENT from 544-watch individual black-background review; pending v2 candidate recheck,unchanged-protected,False,0.797852,0.906901,0.499512,0.500326,1024x1536,RGBA,,approved,d0d79f41e424dd2b604c4d390a69e2af6bab210775dfebd4ee42be15bfca8992
WWN103146,0.586914,0.907552,0.499512,0.5,1024x1536,RGBA,,caseW-low,False,True,acceptable variation,False,caseW-low; PASS_CONTENT from 544-watch individual black-background review,unchanged-protected,False,0.586914,0.907552,0.499512,0.5,1024x1536,RGBA,caseW-low,acceptable variation,bcd083e6c8dc64b67c9102278e29770c078c34a48bb3ad1caa8a5d4a389381e5
WWNG0A43010,0.8125,0.906901,0.5,0.500326,1024x1536,RGBA,,,True,True,approved,False,PASS_CONTENT from 544-watch individual black-background review; pending v2 candidate recheck,unchanged-protected,False,0.8125,0.906901,0.5,0.500326,1024x1536,RGBA,,approved,7620c1c802fa8e6d606aea8ce99545b49ad5ce6523a901ae794b6d936fabab45
W12,0.908273,0.932222,0.499101,0.499444,556x900,RGBA,,canvas|caseW-high,False,False,true failure,True,"canvas,caseW-high; PASS_CONTENT from legacy catalog black-background review; human full-resolution review: strong perspective with visible strap underside",rerendered-and-approved,False,0.778320,0.911458,0.499512,0.500000,1024x1536,RGBA,,PASS,ae63a8dee950e4182a213076a15ed443669a8f648ed858fba45c07ae8448ff8e
WW967,0.932707,0.930812,0.499218,0.499539,639x1084,RGBA,,canvas|caseW-high,False,False,true failure,True,"canvas,caseW-high; PASS_CONTENT from legacy catalog black-background review; human full-resolution review: strong perspective with curled strap",rerendered-and-approved,False,0.780273,0.911458,0.500488,0.500000,1024x1536,RGBA,,PASS,cdcb9a859a321c276c3cad7bdb29103287809185f38dfce727d0e152f3aa4f54
WW965,0.983491,0.992,0.501179,0.504,424x1000,RGBA,,canvas|caseW-high|bboxH-high,False,False,true failure,True,"canvas,caseW-high,bboxH-high; PASS_CONTENT from legacy catalog black-background review; human full-resolution review: strong perspective with looped bracelet",rerendered-and-approved,False,0.780273,0.911458,0.499512,0.500000,1024x1536,RGBA,,PASS,0edc103738ce9dbdc944fa3a6fce7757d3028dde44ddd7184e19be14e8632fc1
WWN301.PB.131.RX,0.869141,0.907552,0.5,0.5,1024x1536,RGBA,,caseW-high,False,True,acceptable variation,False,caseW-high; PASS_CONTENT from 544-watch individual black-background review,unchanged-protected,False,0.869141,0.907552,0.5,0.5,1024x1536,RGBA,caseW-high,acceptable variation,b1becf77c5a5c457b9e5d655a3af487fa471d35c18856c8b933909f68ef13389
WW971,0.932907,0.934366,0.5,0.5,626x1097,RGBA,,canvas|caseW-high,False,True,acceptable variation,False,"canvas,caseW-high; PASS_CONTENT from legacy catalog black-background review",unchanged-protected,False,0.932907,0.934366,0.5,0.5,626x1097,RGBA,canvas|caseW-high,acceptable variation,2c4df2fb71708ea576e62a3441d25f00f4a15adf6b575afa7c75c3585662a1a8
WW972,0.984746,0.985335,0.499153,0.499083,590x1091,RGBA,,canvas|caseW-high|bboxH-high,False,False,true failure,True,"canvas,caseW-high,bboxH-high; PASS_CONTENT from legacy catalog black-background review; human full-resolution review: strong perspective with curled strap",rerendered-and-approved,False,0.780273,0.895182,0.500488,0.499674,1024x1536,RGBA,,PASS,df7596308cd2a0a1ffb39688debfa2c2a2a3ab2def82f47272ba9319be4fa24a
WWN161926-1001,0.833984,0.909505,0.5,0.500977,1024x1536,RGBA,,caseW-high,False,True,acceptable variation,False,caseW-high; PASS_CONTENT from 544-watch individual black-background review,unchanged-protected,False,0.833984,0.909505,0.5,0.500977,1024x1536,RGBA,caseW-high,acceptable variation,90caaa6dd67ceb1d3c9a1cc229ecaf9ad38c9b10647929156f7dd810ee78db0d
WW65,0.981356,1.0,0.499153,0.5,590x1000,RGBA,,canvas|caseW-high|bboxH-high,False,False,true failure,True,"canvas,caseW-high,bboxH-high; PASS_CONTENT from legacy catalog black-background review; human full-resolution review: possible severe bracelet distortion",rerendered-and-approved,False,0.780273,0.869141,0.500488,0.500326,1024x1536,RGBA,,PASS,31145920270662b429a87c721de4dcc8ee326613c2d33f53b2390144e66330af
WW66,0.984615,1.0,0.500855,0.5,585x1000,RGBA,,canvas|caseW-high|bboxH-high,False,False,true failure,True,"canvas,caseW-high,bboxH-high; PASS_CONTENT from legacy catalog black-background review; human full-resolution review: possible severe bracelet distortion",rerendered-and-approved,False,0.780273,0.867839,0.500488,0.499674,1024x1536,RGBA,,PASS,8e32e8aa9ac2f6c58d81a374e4d5dd0b732423dd528bbaa77d30649fdce12d5d
WW449,0.894378,0.933333,0.5,0.5,587x960,RGBA,,canvas|caseW-high,False,True,acceptable variation,False,"canvas,caseW-high; PASS_CONTENT from legacy catalog black-background review",unchanged-protected,False,0.894378,0.933333,0.5,0.5,587x960,RGBA,canvas|caseW-high,acceptable variation,7960273bc469b3f670a75729b177940a7dd097704e3aa6426864dcbe678fa2a9
WWNG0A47027,0.761719,0.906901,0.5,0.499674,1024x1536,RGBA,,,True,True,approved,False,PASS_CONTENT from 544-watch individual black-background review; pending v2 candidate recheck,unchanged-protected,False,0.761719,0.906901,0.5,0.499674,1024x1536,RGBA,,approved,3ced080abb0d3c7231f6266f723bcf12332f889b3d33b361ff889fc65efc6f78
WW721,0.982669,0.914679,0.498267,0.463761,577x1090,RGBA,,canvas|caseW-high|case-centre-y,False,False,true failure,True,"canvas,caseW-high,case-centre-y; PASS_CONTENT from legacy catalog black-background review; human full-resolution review: head-only presentation with bracelet or strap missing",rerendered-and-approved,False,0.780273,0.861979,0.500488,0.500000,1024x1536,RGBA,,PASS,20d1c0e2d81fdfaa666941fc69632297e8d04d52af8050a7328385b78c34cf6f
WWN298609-3003,0.824219,0.905599,0.5,0.500326,1024x1536,RGBA,,,True,True,approved,False,PASS_CONTENT from 544-watch individual black-background review; pending v2 candidate recheck,unchanged-protected,False,0.824219,0.905599,0.5,0.500326,1024x1536,RGBA,,approved,43871c230a44147623fcd208875556474f1e07dea3678ff2633f3dbfc8c04793
WWN525.CF.0130.RX.ORL19,0.814453,0.906901,0.5,0.500326,1024x1536,RGBA,,,True,True,approved,False,PASS_CONTENT from 544-watch individual black-background review; pending v2 candidate recheck,unchanged-protected,False,0.814453,0.906901,0.5,0.500326,1024x1536,RGBA,,approved,cbc06c8232eb2e627334c54e9098472c6a2e71810d36864e30614a1480ab3550
WWNM126610LN-0001,0.763672,0.908854,0.499023,0.501302,1024x1536,RGBA,,,True,True,approved,False,PASS_CONTENT from 544-watch individual black-background review; pending v2 candidate recheck,unchanged-protected,False,0.763672,0.908854,0.499023,0.501302,1024x1536,RGBA,,approved,51a524225e36b021d06ce7c2f4e248f771921327f43e54e5effc9b2bf552081a
WW195,0.952715,0.999,0.501751,0.5005,571x1000,RGBA,,canvas|caseW-high|bboxH-high,False,False,true failure,True,"canvas,caseW-high,bboxH-high; PASS_CONTENT from legacy catalog black-background review; human full-resolution review: strong perspective with visible strap underside",rerendered-and-approved,False,0.779297,0.863281,0.500000,0.500000,1024x1536,RGBA,,PASS,89c201fb9f4c2a2041de3b03631f2371a9220ad76eb5031aa2e576c19bd35037
WWNM126610LV-0002,0.814453,0.906901,0.499512,0.499674,1024x1536,RGBA,,,True,True,approved,False,PASS_CONTENT from 544-watch individual black-background review; pending v2 candidate recheck,unchanged-protected,False,0.814453,0.906901,0.499512,0.499674,1024x1536,RGBA,,approved,6e38bd908fea051072999db9ecd962c303220ba4329a38e539ef6b4c512a8580
WWN278615-6001,0.827148,0.906901,0.499512,0.500326,1024x1536,RGBA,,,True,True,approved,False,PASS_CONTENT from 544-watch individual black-background review; pending v2 candidate recheck,unchanged-protected,False,0.827148,0.906901,0.499512,0.500326,1024x1536,RGBA,,approved,014699974f60abda7d56e973b243c232e3a7358a42ce1348b30041ed6de25f5e
WL14,0.892105,0.937,0.498684,0.4985,760x1000,RGBA,,canvas|caseW-high,False,False,true failure,True,"canvas,caseW-high; PASS_CONTENT from legacy catalog black-background review; human full-resolution review: strong perspective with curled strap",rerendered-and-approved,False,0.779297,0.911458,0.500000,0.500000,1024x1536,RGBA,,PASS,82e42fe50aa06c4815b09e821b01451b4a48ae273bb8c33027fabaffce9164a6
G7,0.967159,0.980989,0.498358,0.501901,609x1052,RGBA,,canvas|caseW-high|bboxH-high,False,True,acceptable variation,False,"canvas,caseW-high,bboxH-high; PASS_CONTENT from legacy catalog black-background review",unchanged-protected,False,0.967159,0.980989,0.498358,0.501901,609x1052,RGBA,canvas|caseW-high|bboxH-high,acceptable variation,7b6a95b43d286830187d83366d8aede0deab1f17c77f632a3c0df414bfe91265
WWN311.63.44.51.99.001,0.860352,0.906901,0.499512,0.500326,1024x1536,RGBA,,caseW-high,False,True,acceptable variation,False,caseW-high; PASS_CONTENT from 544-watch individual black-background review,unchanged-protected,False,0.860352,0.906901,0.499512,0.500326,1024x1536,RGBA,caseW-high,acceptable variation,431ff5dc7a0da267e6f2a8c3ef5f3b4ddb5f0cf43b81dbcc0aa9ae0eaf589c5b
WWN275378-5005,0.704102,0.906901,0.499512,0.500326,1024x1536,RGBA,,caseW-low,False,True,acceptable variation,False,caseW-low; PASS_CONTENT from 544-watch individual black-background review,unchanged-protected,False,0.704102,0.906901,0.499512,0.500326,1024x1536,RGBA,caseW-low,acceptable variation,9770278e3d8d580a2ed31b5664775feb84b7d3f7719c103a53f813b357a2a106
WW715,0.983486,0.994,0.5,0.503,545x1000,RGBA,,canvas|caseW-high|bboxH-high,False,False,true failure,True,"canvas,caseW-high,bboxH-high; PASS_CONTENT from legacy catalog black-background review; human full-resolution review: strong perspective with looped bracelet",rerendered-and-approved,False,0.780273,0.852865,0.500000,0.500000,1024x1536,RGBA,,PASS,5eb35b07897471e5db3dec185712032d90f5851b8c60565b67f90c102faf6054
WWN304.30.43.52.01.001,0.797852,0.90625,0.499512,0.5,1024x1536,RGBA,,,True,True,approved,False,PASS_CONTENT from 544-watch individual black-background review; pending v2 candidate recheck,unchanged-protected,False,0.797852,0.90625,0.499512,0.5,1024x1536,RGBA,,approved,f93472577e28b780d60b00413a5a7cf98ced371bcde53fd1099afa77e51578dc
W1251,0.741211,0.919271,0.519531,0.483073,1024x1536,RGBA,,,True,True,approved,False,PASS_CONTENT from legacy catalog black-background review; pending v2 candidate recheck,unchanged-protected,False,0.741211,0.919271,0.519531,0.483073,1024x1536,RGBA,,approved,562bdb326df7fc3ba4eba38b1a67dd45bd9f8ce9d5edcc646984dbebc7d150b7
WW69,0.979866,1.0,0.499161,0.5,596x1000,RGBA,,canvas|caseW-high|bboxH-high,False,False,true failure,True,"canvas,caseW-high,bboxH-high; PASS_CONTENT from legacy catalog black-background review; human full-resolution review: strong perspective with curled strap",rerendered-and-approved,False,0.780273,0.907552,0.500000,0.500000,1024x1536,RGBA,,PASS,4dc334dc4639ae487558db8056a7e9f677719be7bdc1f9b2ed808bce7322eabf
WWNM126300-0006,0.791016,0.909505,0.5,0.500977,1024x1536,RGBA,,,True,True,approved,False,PASS_CONTENT from 544-watch individual black-background review; pending v2 candidate recheck,unchanged-protected,False,0.791016,0.909505,0.5,0.500977,1024x1536,RGBA,,approved,5e77176432b89046b499bac1d22fcd160630dd50864bb9857c63030c06f340a3
WWNR17329F41G1P1,0.848633,0.907552,0.5,0.5,1024x1536,RGBA,,caseW-high,False,True,acceptable variation,False,caseW-high; PASS_CONTENT from 544-watch individual black-background review,unchanged-protected,False,0.848633,0.907552,0.5,0.5,1024x1536,RGBA,caseW-high,acceptable variation,c865c8522faf6d1403498c452f1ab22ca025b8f40cbf57b5f2dc94e541c3ba2e
WL2,0.695312,0.900391,0.512695,0.481445,1024x1536,RGBA,,caseW-low,False,True,acceptable variation,False,caseW-low; PASS_CONTENT from legacy catalog black-background review,unchanged-protected,False,0.695312,0.900391,0.512695,0.481445,1024x1536,RGBA,caseW-low,acceptable variation,5cd826871e95971564191447b2dd47258b50a7a243560e1dcefd4aa5171ee20c
WW720,0.98524,0.995,0.5,0.5025,542x1000,RGBA,,canvas|caseW-high|bboxH-high,False,False,true failure,True,"canvas,caseW-high,bboxH-high; PASS_CONTENT from legacy catalog black-background review; human full-resolution review: strong perspective with looped bracelet",rerendered-and-approved,False,0.780273,0.872396,0.500000,0.500000,1024x1536,RGBA,,PASS,223023136e62dc769a2e2b2e6b5e37107388dc33cf211635ce1f80f51b3aa235
WWN103068,0.875,0.888672,0.5,0.499674,1024x1536,RGBA,,caseW-high,False,True,acceptable variation,False,caseW-high; PASS_CONTENT from 544-watch individual black-background review,unchanged-protected,False,0.875,0.888672,0.5,0.499674,1024x1536,RGBA,caseW-high,acceptable variation,c77f941064d2fae05f3b43c9729d3fb9e2f022b6538a4145ff5d7a85277eca83
W1123,0.981785,1.0,0.5,0.5,549x900,RGBA,,canvas|caseW-high|bboxH-high,False,True,acceptable variation,False,"canvas,caseW-high,bboxH-high; PASS_CONTENT from legacy catalog black-background review",unchanged-protected,False,0.981785,1.0,0.5,0.5,549x900,RGBA,canvas|caseW-high|bboxH-high,acceptable variation,346892b60a8441c157ad4caba514db3896676590734a575c8dacc3a1a06843ed
WWNM79310-0001,0.708984,0.906901,0.5,0.499674,1024x1536,RGBA,,caseW-low,False,True,acceptable variation,False,caseW-low; PASS_CONTENT from 544-watch individual black-background review,unchanged-protected,False,0.708984,0.906901,0.5,0.499674,1024x1536,RGBA,caseW-low,acceptable variation,2a27c7444949679bb2d4793bfd311fb18734ec1032dd34f73d7bdc1100607b53
WW102,0.887143,1.0,0.512143,0.5,700x1000,RGBA,,canvas|caseW-high|bboxH-high,False,True,acceptable variation,False,"canvas,caseW-high,bboxH-high; PASS_CONTENT from legacy catalog black-background review",unchanged-protected,False,0.887143,1.0,0.512143,0.5,700x1000,RGBA,canvas|caseW-high|bboxH-high,acceptable variation,0718f6517a82ef30b6f3d5bf74e21324da6f94892470c69938943f238f3b6aaf
WWNV 43 SC SKULL LOES VAN DELFT NR BR (NR),0.799805,0.906901,0.499512,0.500326,1024x1536,RGBA,,,True,True,approved,False,PASS_CONTENT from 544-watch individual black-background review; pending v2 candidate recheck,unchanged-protected,False,0.799805,0.906901,0.499512,0.500326,1024x1536,RGBA,,approved,b268c1481338057e2b5a70cbb4ef6d39aa3b80bf3ce88926cbcc3eda15f58f91
W135,0.979675,1.0,0.498984,0.5,492x900,RGBA,,canvas|caseW-high|bboxH-high,False,True,acceptable variation,False,"canvas,caseW-high,bboxH-high; PASS_CONTENT from legacy catalog black-background review",unchanged-protected,False,0.979675,1.0,0.498984,0.5,492x900,RGBA,canvas|caseW-high|bboxH-high,acceptable variation,c5a1c9bbaed4c32dc8711afc77d9baaf8cfdf1d3801c439a6cc973a450836f95
WW719,0.998252,0.978,0.499126,0.498,572x1000,RGBA,,canvas|caseW-high|bboxH-high,False,False,true failure,True,"canvas,caseW-high,bboxH-high; PASS_CONTENT from legacy catalog black-background review; human full-resolution review: angled presentation with looped mesh bracelet",rerendered-and-approved,False,0.780273,0.858724,0.500000,0.500326,1024x1536,RGBA,,PASS,2b8c282f4fc6e493994ef4a90578a9efa4864a42431425a15a8388e222a04e43
WW595,0.938571,1.0,0.479286,0.5,700x1000,RGBA,,canvas|caseW-high|bboxH-high,False,False,true failure,True,"canvas,caseW-high,bboxH-high; PASS_CONTENT from legacy catalog black-background review; human full-resolution review: strap and case presentation appears damaged or heavily distorted",rerendered-and-approved,False,0.779297,0.899740,0.500488,0.500000,1024x1536,RGBA,,PASS,a070ed80f7fd1220b1816a5e1bfe4f87aa6407fbe6a0bffb9b15714e5419ef91
WW67,0.91709,0.934,0.499154,0.5,591x1000,RGBA,,canvas|caseW-high,False,False,true failure,True,"canvas,caseW-high; PASS_CONTENT from legacy catalog black-background review; human full-resolution review: strong perspective with curled strap",rerendered-and-approved,False,0.780273,0.893229,0.500488,0.500000,1024x1536,RGBA,,PASS,ec4bd6d4be07cd12494ede17b3d673e03f4ddea5f040b58cd4038ec096f8d250
W126,0.984881,0.984444,0.49892,0.5,463x900,RGBA,,canvas|caseW-high|bboxH-high,False,True,acceptable variation,False,"canvas,caseW-high,bboxH-high; PASS_CONTENT from legacy catalog black-background review",unchanged-protected,False,0.984881,0.984444,0.49892,0.5,463x900,RGBA,canvas|caseW-high|bboxH-high,acceptable variation,d810efd45dd05391964cda699089d145087918b1e4d8d9fc3b03db4ffae71f2a
W112,0.983373,1.0,0.501188,0.5,421x900,RGBA,,canvas|caseW-high|bboxH-high,False,True,acceptable variation,False,"canvas,caseW-high,bboxH-high; PASS_CONTENT from legacy catalog black-background review",unchanged-protected,False,0.983373,1.0,0.501188,0.5,421x900,RGBA,canvas|caseW-high|bboxH-high,acceptable variation,ecf75c2b36975e64037e4df5e441501543168a27a8df07cde41b153794805b37
W1247,0.983607,1.0,0.5,0.5,549x900,RGBA,,canvas|caseW-high|bboxH-high,False,False,true failure,True,"canvas,caseW-high,bboxH-high; PASS_CONTENT from legacy catalog black-background review; human full-resolution review: strong perspective with curled strap",rerendered-and-approved,False,0.780273,0.911458,0.499512,0.500000,1024x1536,RGBA,,PASS,80b470cd655ee4fe0a919f99946c0710ac75b639ae5dd6359d94891be48a3b05
WWNG0A49022,0.8125,0.906901,0.5,0.500326,1024x1536,RGBA,,,True,True,approved,False,PASS_CONTENT from 544-watch individual black-background review; pending v2 candidate recheck,unchanged-protected,False,0.8125,0.906901,0.5,0.500326,1024x1536,RGBA,,approved,1f763dd285571983993bf73c579b17bc672f3a111d1160b254c2d7d5e432f7b7
W1115,0.794922,0.90625,0.535156,0.496745,1024x1536,RGBA,,case-centre-x,False,True,acceptable variation,False,case-centre-x; PASS_CONTENT from legacy catalog black-background review,unchanged-protected,False,0.794922,0.90625,0.535156,0.496745,1024x1536,RGBA,case-centre-x,acceptable variation,cfa1c5130a71075ba638eba3fcdd5be34fed6dfde4d0197939d155fdfa024ca1
WWNM224270-0001,0.730469,0.907552,0.499023,0.5,1024x1536,RGBA,,,True,True,approved,False,PASS_CONTENT from 544-watch individual black-background review; pending v2 candidate recheck,unchanged-protected,False,0.730469,0.907552,0.499023,0.5,1024x1536,RGBA,,approved,83b9af0339a70038113ab57da066094d916dc084e12ed5dd56364f25aefa1ca2
WW824,0.982922,0.997,0.499051,0.4985,527x1000,RGBA,,canvas|caseW-high|bboxH-high,False,False,true failure,True,"canvas,caseW-high,bboxH-high; PASS_CONTENT from legacy catalog black-background review; human full-resolution review: strong perspective with looped bracelet",rerendered-and-approved,False,0.780273,0.895182,0.500488,0.499674,1024x1536,RGBA,,PASS,c45825c418d40db0fc7b09833fb2f2c25790d78364466085c7051965af121f50
WWN311.92.44.51.01.005,0.855469,0.90625,0.5,0.5,1024x1536,RGBA,,caseW-high,False,True,acceptable variation,False,caseW-high; PASS_CONTENT from 544-watch individual black-background review,unchanged-protected,False,0.855469,0.90625,0.5,0.5,1024x1536,RGBA,caseW-high,acceptable variation,62298ff4ad4cf16131cf7152eee94c5cb6af26f26b195f8d7b03505b945e0415
WWN298617-3001,0.74707,0.906901,0.499512,0.500326,1024x1536,RGBA,,,True,True,approved,False,PASS_CONTENT from 544-watch individual black-background review; pending v2 candidate recheck,unchanged-protected,False,0.74707,0.906901,0.499512,0.500326,1024x1536,RGBA,,approved,dd416a40ed64971fd58a020d2ab2f88c45fb5a8c6e14425401109fa06b43bf9d
W123,0.935606,0.825556,0.5,0.499444,528x900,RGBA,,canvas|caseW-high|bboxH-low,False,True,acceptable variation,False,"canvas,caseW-high,bboxH-low; PASS_CONTENT from legacy catalog black-background review",unchanged-protected,False,0.935606,0.825556,0.5,0.499444,528x900,RGBA,canvas|caseW-high|bboxH-low,acceptable variation,0e3821cf9a86d8a6cff2812ac598ff0e3462ccb137758a2dfa9cb3efc389b35d
WW416,0.983633,1.0,0.498363,0.5,611x1000,RGBA,,canvas|caseW-high|bboxH-high,False,False,true failure,True,"canvas,caseW-high,bboxH-high; PASS_CONTENT from legacy catalog black-background review; human full-resolution review: strong perspective with curled strap and visible underside",rerendered-and-approved,False,0.780273,0.899089,0.499512,0.500326,1024x1536,RGBA,,PASS,efeef22194c14ecaf4e782d75d2c588149ac82dc78fc5bcc6ab99d9b9a3373e5
W1156,0.806641,0.959635,0.523438,0.495443,1024x1536,RGBA,,bboxH-high,False,True,acceptable variation,False,bboxH-high; PASS_CONTENT from legacy catalog black-background review,unchanged-protected,False,0.806641,0.959635,0.523438,0.495443,1024x1536,RGBA,bboxH-high,acceptable variation,adf7779e3b431bb864e7ce945cf054d954855750a72bfd782cff808cd65d4062
W118,0.983806,1.0,0.496964,0.5,494x900,RGBA,,canvas|caseW-high|bboxH-high,False,False,true failure,True,"canvas,caseW-high,bboxH-high; PASS_CONTENT from legacy catalog black-background review; human full-resolution review: strong perspective with curled strap",rerendered-and-approved,False,0.781250,0.884115,0.500000,0.500000,1024x1536,RGBA,,PASS,f3785560d4d51ab2331d1f54fe1c910036238cdbddc9c3bbdee80cc4633fcb6d
WWNG0A48022,0.774414,0.907552,0.499512,0.5,1024x1536,RGBA,,,True,True,approved,False,PASS_CONTENT from 544-watch individual black-background review; pending v2 candidate recheck,unchanged-protected,False,0.774414,0.907552,0.499512,0.5,1024x1536,RGBA,,approved,f627b512ff32476900fc51b92047a69cbd10023e53c245625ef7fb04d4e158b1
W111,0.983645,1.0,0.501168,0.5,428x900,RGBA,,canvas|caseW-high|bboxH-high,False,False,true failure,True,"canvas,caseW-high,bboxH-high; PASS_CONTENT from legacy catalog black-background review; human full-resolution review: strong perspective with looped bracelet",rerendered-and-approved,False,0.779297,0.911458,0.500000,0.500000,1024x1536,RGBA,,PASS,9a181c382fa59c6b4f148bc34db11516cd875f021e6db639700d9c01605e13d0
W1102,0.980702,0.996667,0.5,0.499444,570x900,RGBA,,canvas|caseW-high|bboxH-high,False,False,true failure,True,"canvas,caseW-high,bboxH-high; PASS_CONTENT from legacy catalog black-background review; human full-resolution review: visible strap holes and curled strap underside",rerendered-and-approved,False,0.780273,0.911458,0.500488,0.500000,1024x1536,RGBA,,PASS,d25f41350962921dca43ef805b1349fa7b9924e2b08e1888693519ed23dc4a01
WL7,0.895385,0.986,0.5,0.503,650x1000,RGBA,,canvas|caseW-high|bboxH-high,False,False,true failure,True,"canvas,caseW-high,bboxH-high; PASS_CONTENT from legacy catalog black-background review; human full-resolution review: strong perspective with looped bracelet",rerendered-and-approved,False,0.781250,0.911458,0.500000,0.500000,1024x1536,RGBA,,PASS,eedddeab484347c5c68532d8ee93fe6b6ce18a23b9fd6959ade0fd5bc78317c4
W1240,0.981516,0.956667,0.5,0.521667,541x900,RGBA,,canvas|caseW-high|bboxH-high,False,False,true failure,True,"canvas,caseW-high,bboxH-high; PASS_CONTENT from legacy catalog black-background review; human full-resolution review: exposed NATO keeper hardware",rerendered-and-approved,False,0.780273,0.821615,0.499512,0.500000,1024x1536,RGBA,bboxH-low,PASS,f530f422ecc839c13969681614ee94c0b347067c2e433dad50f6d49e4fa67e5d
W1223,0.98646,0.992222,0.497099,0.500556,517x900,RGBA,,canvas|caseW-high|bboxH-high,False,False,true failure,True,"canvas,caseW-high,bboxH-high; PASS_CONTENT from legacy catalog black-background review; human full-resolution review: possible extra or malformed secondary watch component",rerendered-and-approved,False,0.780273,0.882161,0.500488,0.499674,1024x1536,RGBA,,PASS,6c0ae0bc52d26b89344c026f8e8306ff56a7fb4f363d3f67993f50dc41b052a3
WWN03.3400.3610/39.C910,0.816406,0.90625,0.5,0.5,1024x1536,RGBA,,,True,True,approved,False,PASS_CONTENT from 544-watch individual black-background review; pending v2 candidate recheck,unchanged-protected,False,0.816406,0.90625,0.5,0.5,1024x1536,RGBA,,approved,b404371ee3275a24ac956f6a3023c51f92bde3a2ee23bb60c0559fb2b0a01e86
WWNG0A43081-CD,0.749023,0.907552,0.499512,0.5,1024x1536,RGBA,,,True,True,approved,False,PASS_CONTENT from 544-watch individual black-background review; pending v2 candidate recheck,unchanged-protected,False,0.749023,0.907552,0.499512,0.5,1024x1536,RGBA,,approved,a152e6ca8d787c40d0b0269fde82312be1ce14a7a3df5f6efcc381aaa18b515b
WW231,0.984298,0.987372,0.5,0.499098,1019x1663,RGBA,,canvas|caseW-high|bboxH-high,False,False,true failure,True,"canvas,caseW-high,bboxH-high; PASS_CONTENT from legacy catalog black-background review; human full-resolution review: strong perspective with curled strap",rerendered-and-approved,False,0.780273,0.889974,0.499512,0.500326,1024x1536,RGBA,,PASS,95a9eb7112a04e03c6544eaed2b7f05c5e0e041b908b31b2d734a40cad8a09dc
WW404,0.983582,1.0,0.500746,0.5,670x1000,RGBA,,canvas|caseW-high|bboxH-high,False,False,true failure,True,"canvas,caseW-high,bboxH-high; PASS_CONTENT from legacy catalog black-background review; human full-resolution review: strong perspective with curled strap",rerendered-and-approved,False,0.780273,0.874349,0.500488,0.499674,1024x1536,RGBA,,PASS,25d09b342f1f1a2eff117015d9c27b602538da6697eea0113db87b3db9a3aa64
WWN278608-6013,0.726562,0.907552,0.5,0.5,1024x1536,RGBA,,caseW-low,False,True,acceptable variation,False,caseW-low; PASS_CONTENT from 544-watch individual black-background review,unchanged-protected,False,0.726562,0.907552,0.5,0.5,1024x1536,RGBA,caseW-low,acceptable variation,a79492d698b84b9901e89345834b55ba2f032afd3a33511554d8bdfa52978606
W191,0.644531,0.921224,0.518555,0.495768,1024x1536,RGBA,,caseW-low,False,True,acceptable variation,False,caseW-low; PASS_CONTENT from legacy catalog black-background review,unchanged-protected,False,0.644531,0.921224,0.518555,0.495768,1024x1536,RGBA,caseW-low,acceptable variation,e881e77ad1f682901a2bc9648bbd4b719be948cfa5ecca8acca85c3cb4451b0c
WL12,0.839332,0.934375,0.499357,0.5,778x1280,RGBA,,canvas|caseW-high,False,True,acceptable variation,False,"canvas,caseW-high; PASS_CONTENT from legacy catalog black-background review",unchanged-protected,False,0.839332,0.934375,0.499357,0.5,778x1280,RGBA,canvas|caseW-high,acceptable variation,31c42baf352796eb8ab417f6f844c2ea1c6b93c18889a22dbac528acba7595c2
W1252,0.983452,0.992222,0.501182,0.497222,423x900,RGBA,,canvas|caseW-high|bboxH-high,False,False,true failure,True,"canvas,caseW-high,bboxH-high; PASS_CONTENT from legacy catalog black-background review; human full-resolution review: strong perspective with looped bracelet",rerendered-and-approved,False,0.780273,0.911458,0.500488,0.500000,1024x1536,RGBA,,PASS,369818d426b7e08a751bfa8e36eaa3080b08c49c9adf84de22cf0a16ba1bea9f
WW278,0.987097,1.0,0.501613,0.5,620x1000,RGBA,,canvas|caseW-high|bboxH-high,False,False,true failure,True,"canvas,caseW-high,bboxH-high; PASS_CONTENT from legacy catalog black-background review; human full-resolution review: strong perspective with curled strap",rerendered-and-approved,False,0.779297,0.879557,0.500000,0.500326,1024x1536,RGBA,,PASS,00f3d1d49a4690e9d3b662ac39b3e29bc6b3d34e80ce9aac36ebec7b95534212
W17,0.824219,0.940104,0.520996,0.496094,1024x1536,RGBA,,,True,True,approved,False,PASS_CONTENT from legacy catalog black-background review; pending v2 candidate recheck,unchanged-protected,False,0.824219,0.940104,0.520996,0.496094,1024x1536,RGBA,,approved,e3488d8dda8180f0b31d7c59306f53697f8abce253edfc9d322e0f19c05f889f
WWNG0A50301,0.539062,0.906901,0.499512,0.500326,1024x1536,RGBA,,caseW-low,False,True,acceptable variation,False,caseW-low; PASS_CONTENT from 544-watch individual black-background review,unchanged-protected,False,0.539062,0.906901,0.499512,0.500326,1024x1536,RGBA,caseW-low,acceptable variation,df64c295d57bf2b7bbc7f8815b73d366906c9458873cf9c3b63ff06703dfcd3d
WWN215.92.46.21.01.001,0.862305,0.90625,0.499512,0.5,1024x1536,RGBA,,caseW-high,False,False,true failure,True,caseW-high; PASS_CONTENT from 544-watch individual black-background review; human full-resolution review: exposed NATO keeper hardware,rerendered-and-approved,False,0.780273,0.850911,0.500488,0.499674,1024x1536,RGBA,,PASS,0316ac60b3b2d59b75d3966dd7c865e8541f686c457361b88e434f6b87a15861
W1116,0.776367,0.904297,0.539551,0.487956,1024x1536,RGBA,,case-centre-x,False,True,acceptable variation,False,case-centre-x; PASS_CONTENT from legacy catalog black-background review,unchanged-protected,False,0.776367,0.904297,0.539551,0.487956,1024x1536,RGBA,case-centre-x,acceptable variation,35d5d463fa3e54b5357b8c1d06f42245dc64941aeaad047193eac055d863fa8f
WWNCDW2150.FC8360,0.648438,0.90625,0.5,0.5,1024x1536,RGBA,,caseW-low,False,True,acceptable variation,False,caseW-low; PASS_CONTENT from 544-watch individual black-background review,unchanged-protected,False,0.648438,0.90625,0.5,0.5,1024x1536,RGBA,caseW-low,acceptable variation,cd31d8eb604319b7118d59fb8b51e9fff5dae7b0907dae129d1ddb3a2e9f5336
W1216,0.982503,0.988889,0.5,0.505556,743x900,RGBA,,canvas|caseW-high|bboxH-high,False,True,acceptable variation,False,"canvas,caseW-high,bboxH-high; PASS_CONTENT from legacy catalog black-background review",unchanged-protected,False,0.982503,0.988889,0.5,0.505556,743x900,RGBA,canvas|caseW-high|bboxH-high,acceptable variation,7d9b6e9084b5b75e72d4c7c096b0594b94282d7047f866bbf1fc1e6057dcc297
W1200,0.972857,1.0,0.492143,0.5,700x1000,RGBA,,canvas|caseW-high|bboxH-high,False,True,acceptable variation,False,"canvas,caseW-high,bboxH-high; PASS_CONTENT from legacy catalog black-background review",unchanged-protected,False,0.972857,1.0,0.492143,0.5,700x1000,RGBA,canvas|caseW-high|bboxH-high,acceptable variation,2a45347eec7808d73850cc45cbd8e6fb9b30f79009d32a497c7c68af4d49f8a1
W1131,0.983666,0.788889,0.500907,0.394444,551x900,RGBA,,canvas|caseW-high|bboxH-low|case-centre-y,False,False,true failure,True,"canvas,caseW-high,bboxH-low,case-centre-y; PASS_CONTENT from legacy catalog black-background review; human full-resolution review: head-only presentation with bracelet or strap missing",rerendered-and-approved,False,0.780273,0.911458,0.499512,0.500000,1024x1536,RGBA,,PASS,edb31d02e434d5889055df4e512bfab1ee79045684c1b27ecaeebc92714cca11
WW70,0.981788,1.0,0.5,0.5,604x1000,RGBA,,canvas|caseW-high|bboxH-high,False,False,true failure,True,"canvas,caseW-high,bboxH-high; PASS_CONTENT from legacy catalog black-background review; human full-resolution review: strong perspective with curled strap",rerendered-and-approved,False,0.780273,0.911458,0.499512,0.500000,1024x1536,RGBA,,PASS,0089422c41cfb85619f2d7ffc9b1cb0689468ea2e6b85d983dd781ad80ba571e
W1199,0.842857,1.0,0.495,0.5,700x1000,RGBA,,canvas|caseW-high|bboxH-high,False,False,true failure,True,"canvas,caseW-high,bboxH-high; PASS_CONTENT from legacy catalog black-background review; human full-resolution review: strong perspective with looped bracelet",rerendered-and-approved,False,0.780273,0.911458,0.500000,0.500000,1024x1536,RGBA,,PASS,8a47666f2ff1f42b6b57ca8d9655ee8a7924a25ebb729a8c06d271b6a820218f
WWN274189-5001-CD,0.358398,0.906901,0.499512,0.500326,1024x1536,RGBA,,caseW-low,False,True,acceptable variation,False,caseW-low; PASS_CONTENT from 544-watch individual black-background review,unchanged-protected,False,0.358398,0.906901,0.499512,0.500326,1024x1536,RGBA,caseW-low,acceptable variation,fcb1a85231e868faaedbc9c36f094b121bbf2bcbd03ebe821d506a8d773bf564
W1243,0.877408,0.995,0.507005,0.5005,571x1000,RGBA,,canvas|caseW-high|bboxH-high,False,False,true failure,True,"canvas,caseW-high,bboxH-high; PASS_CONTENT from legacy catalog black-background review; human full-resolution review: strong perspective with looped bracelet",rerendered-and-approved,False,0.780273,0.911458,0.500488,0.500000,1024x1536,RGBA,,PASS,ef595afc61e734e894f7a47309c78cc23b37e89be0c5f505efeba18c26fdad8b
W1221,0.983271,1.0,0.500929,0.5,538x900,RGBA,,canvas|caseW-high|bboxH-high,False,True,acceptable variation,False,"canvas,caseW-high,bboxH-high; PASS_CONTENT from legacy catalog black-background review",unchanged-protected,False,0.983271,1.0,0.500929,0.5,538x900,RGBA,canvas|caseW-high|bboxH-high,acceptable variation,4b52bdf9901cbcb6c3cddc5df6f7df8085ab6e2bb20fb43761b8af821fd1f169
W136,0.985816,0.993333,0.5,0.503333,564x900,RGBA,,canvas|caseW-high|bboxH-high,False,False,true failure,True,"canvas,caseW-high,bboxH-high; PASS_CONTENT from legacy catalog black-background review; human full-resolution review: strong perspective with curled strap and visible underside",rerendered-and-approved,False,0.781250,0.900391,0.500000,0.499674,1024x1536,RGBA,,PASS,2841e54863fdff00d286ff9ea8858db7481bf61c012fa1d461c63b0de4e77c96
W125,0.935872,0.8,0.5,0.5,499x900,RGBA,,canvas|caseW-high|bboxH-low,False,True,acceptable variation,False,"canvas,caseW-high,bboxH-low; PASS_CONTENT from legacy catalog black-background review",unchanged-protected,False,0.935872,0.8,0.5,0.5,499x900,RGBA,canvas|caseW-high|bboxH-low,acceptable variation,99978189f142b4c44a24218070aea1cd6e2dfbcf1e29cdd140e3aabaaf20785b
WWNQ1248420,0.770508,0.906901,0.499512,0.499674,1024x1536,RGBA,,,True,True,approved,False,PASS_CONTENT from 544-watch individual black-background review; pending v2 candidate recheck,unchanged-protected,False,0.770508,0.906901,0.499512,0.499674,1024x1536,RGBA,,approved,80a79c412bd0b06392e21b634cd92f0d18e4c75b0089d2a3555cae6731c0f01b
W1206,0.972727,1.0,0.499091,0.5,550x900,RGBA,,canvas|caseW-high|bboxH-high,False,False,true failure,True,"canvas,caseW-high,bboxH-high; PASS_CONTENT from legacy catalog black-background review; human full-resolution review: strong perspective with looped bracelet",rerendered-and-approved,False,0.780273,0.911458,0.500488,0.500000,1024x1536,RGBA,,PASS,888b1948b99e61de7d7ee4e6bd288ccaa26f02c4fecffa8c462bd75326f3d01f
WWNCBS2016.EB0430,0.763672,0.90625,0.5,0.5,1024x1536,RGBA,,,True,True,approved,False,PASS_CONTENT from 544-watch individual black-background review; pending v2 candidate recheck,unchanged-protected,False,0.763672,0.90625,0.5,0.5,1024x1536,RGBA,,approved,2c79454f2b5b2dffea35bb9c7b72a7154bfd42616f0f809ab547c7a2015857f7
WWN8880 SC DT AC,0.714844,0.906901,0.5,0.499674,1024x1536,RGBA,,caseW-low,False,True,acceptable variation,False,caseW-low; PASS_CONTENT from 544-watch individual black-background review,unchanged-protected,False,0.714844,0.906901,0.5,0.499674,1024x1536,RGBA,caseW-low,acceptable variation,bfd847c1b070b2c72d77751e4cc74adcda318a5d5fabc7e10df065f3affe5c5f
WWNG0A48390-CD2,0.661133,0.906901,0.499512,0.500326,1024x1536,RGBA,,caseW-low,False,True,acceptable variation,False,caseW-low; PASS_CONTENT from 544-watch individual black-background review,unchanged-protected,False,0.661133,0.906901,0.499512,0.500326,1024x1536,RGBA,caseW-low,acceptable variation,b210759771bab3759ac1596166cd3447c44d3f08474df2dc241af1553037482f
W195,0.786133,0.972656,0.48877,0.5,1024x1536,RGBA,,bboxH-high,False,True,acceptable variation,False,bboxH-high; PASS_CONTENT from legacy catalog black-background review,unchanged-protected,False,0.786133,0.972656,0.48877,0.5,1024x1536,RGBA,bboxH-high,acceptable variation,3f054b4a17c99742d82d4f1d05cb131d3f1ec0eb8356bf9e96a4bda4504e50eb
WW374,0.981197,1.0,0.5,0.5,585x1000,RGBA,,canvas|caseW-high|bboxH-high,False,False,true failure,True,"canvas,caseW-high,bboxH-high; PASS_CONTENT from legacy catalog black-background review; human full-resolution review: strong perspective with looped bracelet",rerendered-and-approved,False,0.780273,0.876302,0.500488,0.500000,1024x1536,RGBA,,PASS,c2705d042f6eed50b37b253e81f81cb954dcfe1da892dfd4ef70334ad502455d
WW405,0.985075,1.0,0.498507,0.5,670x1000,RGBA,,canvas|caseW-high|bboxH-high,False,True,acceptable variation,False,"canvas,caseW-high,bboxH-high; PASS_CONTENT from legacy catalog black-background review",unchanged-protected,False,0.985075,1.0,0.498507,0.5,670x1000,RGBA,canvas|caseW-high|bboxH-high,acceptable variation,acfd4e7936f413c551a732e6c7904345c4511c8529ab08c4dd6b5c9cc3c1d492
W1209,0.790039,0.864583,0.531738,0.49349,1024x1536,RGBA,,case-centre-x,False,True,acceptable variation,False,case-centre-x; PASS_CONTENT from legacy catalog black-background review,unchanged-protected,False,0.790039,0.864583,0.531738,0.49349,1024x1536,RGBA,case-centre-x,acceptable variation,7af43b51f7e927ac5757e68fa3e1650dca7b81d91701ad4f9a40e6345794e539
WL1,0.943958,0.985,0.501751,0.5045,571x1000,RGBA,,canvas|caseW-high|bboxH-high,False,False,true failure,True,"canvas,caseW-high,bboxH-high; PASS_CONTENT from legacy catalog black-background review; human full-resolution review: strong perspective with looped bracelet",rerendered-and-approved,False,0.780273,0.911458,0.499512,0.500000,1024x1536,RGBA,,PASS,cb7557b1e1ccd86240ccd8055ee30476e3f825fb1a34b8c8801e8874c3d9cfa0
WL0,0.723633,0.923177,0.509277,0.496094,1024x1536,RGBA,,caseW-low,False,True,acceptable variation,False,caseW-low; PASS_CONTENT from legacy catalog black-background review,unchanged-protected,False,0.723633,0.923177,0.509277,0.496094,1024x1536,RGBA,caseW-low,acceptable variation,4dff8f68145d05fa26d7e769fccde2389123407426d946056bc65287d9dd6de6
WWN361.SX.1270.RX.1104,0.867188,0.907552,0.5,0.5,1024x1536,RGBA,,caseW-high,False,True,acceptable variation,False,caseW-high; PASS_CONTENT from 544-watch individual black-background review,unchanged-protected,False,0.867188,0.907552,0.5,0.5,1024x1536,RGBA,caseW-high,acceptable variation,59f1b1fbf99c0694d825f931c862217cf8f78eb940414033c89930738aeaa443
WWNH6402,0.658203,0.907552,0.499512,0.5,1024x1536,RGBA,,caseW-low,False,True,acceptable variation,False,caseW-low; PASS_CONTENT from 544-watch individual black-background review,unchanged-protected,False,0.658203,0.907552,0.499512,0.5,1024x1536,RGBA,caseW-low,acceptable variation,db193c58d5b8541f5815ee87007d1c2f7aab7eeda94faa0c1f692a8fe9a9cc31
W1124,0.980676,1.0,0.5,0.5,414x900,RGBA,,canvas|caseW-high|bboxH-high,False,True,acceptable variation,False,"canvas,caseW-high,bboxH-high; PASS_CONTENT from legacy catalog black-background review",unchanged-protected,False,0.980676,1.0,0.5,0.5,414x900,RGBA,canvas|caseW-high|bboxH-high,acceptable variation,fcfc5f7909a45e9dd4b48ad9daf311bf0684dd2e7cd1b8ac6f2c81c71831bb5c
WWNG0A50300,0.682617,0.908854,0.5,0.501302,1024x1536,RGBA,,caseW-low,False,True,acceptable variation,False,caseW-low; PASS_CONTENT from 544-watch individual black-background review,unchanged-protected,False,0.682617,0.908854,0.5,0.501302,1024x1536,RGBA,caseW-low,acceptable variation,e043d703496006787d2d962ac2ad0decad2f737e09b947d4a755255bf3532a6b
W159,0.65332,0.940104,0.51709,0.486328,1024x1536,RGBA,,caseW-low,False,False,true failure,True,caseW-low; PASS_CONTENT from legacy catalog black-background review; human full-resolution review: visible strap holes and exposed keeper hardware,rerendered-and-approved,False,0.779297,0.911458,0.500000,0.500000,1024x1536,RGBA,,PASS,3a103e4dc71aeee37e2ee897cad3d754a6e2dc0e371b5937f9c0fc0117f2eaf5
W128,0.985075,0.997778,0.501066,0.501111,469x900,RGBA,,canvas|caseW-high|bboxH-high,False,False,true failure,True,"canvas,caseW-high,bboxH-high; PASS_CONTENT from legacy catalog black-background review; human full-resolution review: strong perspective with curled strap and visible underside",rerendered-and-approved,False,0.779297,0.911458,0.500000,0.500000,1024x1536,RGBA,,PASS,5cf5a8a2247392811355142accfdfe547698cfe47302be05ec5789ea80632bf2
WWNTB0134101M1X1,0.851562,0.907552,0.5,0.5,1024x1536,RGBA,,caseW-high,False,False,true failure,True,caseW-high; PASS_CONTENT from 544-watch individual black-background review; human full-resolution review: visible strap holes,rerendered-and-approved,False,0.780273,0.911458,0.500488,0.500000,1024x1536,RGBA,,PASS,d2c27901ee889a609043ab34e3ab807376fd66f4acef0f0bd5ad1b8f3a8bd969
WL11,0.888889,0.933594,0.499376,0.499609,801x1280,RGBA,,canvas|caseW-high,False,False,true failure,True,"canvas,caseW-high; PASS_CONTENT from legacy catalog black-background review; human full-resolution review: strong perspective with curled strap",rerendered-and-approved,False,0.781250,0.856120,0.500000,0.499674,1024x1536,RGBA,,PASS,be3f967c300075b61f9827aceae3334af2a37e64891ae76b3350b3e7f91e48c8
W1222,0.926655,0.936667,0.499106,0.500556,559x900,RGBA,,canvas|caseW-high,False,True,acceptable variation,False,"canvas,caseW-high; PASS_CONTENT from legacy catalog black-background review",unchanged-protected,False,0.926655,0.936667,0.499106,0.500556,559x900,RGBA,canvas|caseW-high,acceptable variation,eb50c9cb68c12ee9d2f986dbf7e9393187266ef0f0ba52e0b51206a24aa5618c
W1204,0.979136,1.0,0.496274,0.5,671x900,RGBA,,canvas|caseW-high|bboxH-high,False,False,true failure,True,"canvas,caseW-high,bboxH-high; PASS_CONTENT from legacy catalog black-background review; human full-resolution review: strong perspective with curled strap and visible underside",rerendered-and-approved,False,0.779297,0.898438,0.500000,0.500000,1024x1536,RGBA,,PASS,853d2a54b5148e6625ffbd058bb0449bffc76f65b7a0cab353232a2635d5039c
WWN103075,0.798828,0.907552,0.5,0.5,1024x1536,RGBA,,,True,True,approved,False,PASS_CONTENT from 544-watch individual black-background review; pending v2 candidate recheck,unchanged-protected,False,0.798828,0.907552,0.5,0.5,1024x1536,RGBA,,approved,edb2c6fdfce041651ef72fd82007687764544de6792d7b2ac54661a0231bc595
W1238,0.934924,0.832222,0.5,0.499444,461x900,RGBA,,canvas|caseW-high|bboxH-low,False,True,acceptable variation,False,"canvas,caseW-high,bboxH-low; PASS_CONTENT from legacy catalog black-background review",unchanged-protected,False,0.934924,0.832222,0.5,0.499444,461x900,RGBA,canvas|caseW-high|bboxH-low,acceptable variation,12410ad053b91824655b1b8964df9562b42cbf7447f5838370e6ae1ba66ba748
W1178,0.983607,1.0,0.5,0.5,549x900,RGBA,,canvas|caseW-high|bboxH-high,False,False,true failure,True,"canvas,caseW-high,bboxH-high; PASS_CONTENT from legacy catalog black-background review; human full-resolution review: strong perspective with looped bracelet",rerendered-and-approved,False,0.779297,0.911458,0.500000,0.500000,1024x1536,RGBA,,PASS,d747e64757a796e0831a319bd40d6de6483ed015b13bfaced518f103747698d4
W185,0.739258,0.935547,0.518066,0.498372,1024x1536,RGBA,,,True,True,approved,False,PASS_CONTENT from legacy catalog black-background review; pending v2 candidate recheck,unchanged-protected,False,0.739258,0.935547,0.518066,0.498372,1024x1536,RGBA,,approved,140e7e62b6e563d58146246c0e6202398bca8046edfbfa310123fa609eedf3da
W1179,0.982238,1.0,0.499112,0.5,563x900,RGBA,,canvas|caseW-high|bboxH-high,False,True,acceptable variation,False,"canvas,caseW-high,bboxH-high; PASS_CONTENT from legacy catalog black-background review",unchanged-protected,False,0.982238,1.0,0.499112,0.5,563x900,RGBA,canvas|caseW-high|bboxH-high,acceptable variation,e58dd038df64a92f94e7b95dd2cd367b474b236fffe829a956e84d47625ad631
WW381,0.994286,1.0,0.497143,0.5,700x1000,RGBA,,canvas|caseW-high|bboxH-high,False,True,acceptable variation,False,"canvas,caseW-high,bboxH-high; PASS_CONTENT from legacy catalog black-background review",unchanged-protected,False,0.994286,1.0,0.497143,0.5,700x1000,RGBA,canvas|caseW-high|bboxH-high,acceptable variation,af3c5241f7507191746afe289f7fe7aa9af1a36e7cc453fa05b5a7ba8fddb4fb
W127,0.990253,1.0,0.500975,0.5,513x900,RGBA,,canvas|caseW-high|bboxH-high,False,True,acceptable variation,False,"canvas,caseW-high,bboxH-high; PASS_CONTENT from legacy catalog black-background review",unchanged-protected,False,0.990253,1.0,0.500975,0.5,513x900,RGBA,canvas|caseW-high|bboxH-high,acceptable variation,75aa9d6771975e4465e2c7dda25ab99517d02b34461f22d6ff1f17fbedb2aa11
W2127,0.699219,0.921224,0.521484,0.504883,1024x1536,RGBA,,caseW-low,False,True,acceptable variation,False,caseW-low; PASS_CONTENT from legacy catalog black-background review,unchanged-protected,False,0.699219,0.921224,0.521484,0.504883,1024x1536,RGBA,caseW-low,acceptable variation,9bffeb424d93725fd0c493759d9709621a5a748b85ae9508b81e6f16a77e210a
WW574,0.986434,1.0,0.500969,0.5,516x1000,RGBA,,canvas|caseW-high|bboxH-high,False,False,true failure,True,"canvas,caseW-high,bboxH-high; PASS_CONTENT from legacy catalog black-background review; human full-resolution review: strong perspective with looped bracelet",rerendered-and-approved,False,0.780273,0.911458,0.499512,0.500000,1024x1536,RGBA,,PASS,a5844164df6dc2b55cb15fff83588f512390d8ea92a3765d3da02847bfaad470
WWNWSBB0048-CD2,0.654297,0.907552,0.5,0.5,1024x1536,RGBA,,caseW-low,False,True,acceptable variation,False,caseW-low; PASS_CONTENT from 544-watch individual black-background review,unchanged-protected,False,0.654297,0.907552,0.5,0.5,1024x1536,RGBA,caseW-low,acceptable variation,b586f95218d9de013fc501bae250aac63df6a708611c009658f08ef095cfd919
W1202,0.987143,1.0,0.497143,0.5,700x1000,RGBA,,canvas|caseW-high|bboxH-high,False,True,acceptable variation,False,"canvas,caseW-high,bboxH-high; PASS_CONTENT from legacy catalog black-background review",unchanged-protected,False,0.987143,1.0,0.497143,0.5,700x1000,RGBA,canvas|caseW-high|bboxH-high,acceptable variation,bd0fecbf5c6b125fcc818e80095bb097ce3bfe12a8327ceb0a5948eea5a52ba4
W1180,0.985765,1.0,0.5,0.5,562x900,RGBA,,canvas|caseW-high|bboxH-high,False,False,true failure,True,"canvas,caseW-high,bboxH-high; PASS_CONTENT from legacy catalog black-background review; human full-resolution review: strong perspective with curled strap",rerendered-and-approved,False,0.780273,0.905599,0.499512,0.499674,1024x1536,RGBA,,PASS,0381e4531ab8ac3c9e87fb5f42ec9390d686a92222aa794a196bd20dbcdd925b
WWN332.10.41.51.01.002,0.756836,0.906901,0.499512,0.499674,1024x1536,RGBA,,,True,True,approved,False,PASS_CONTENT from 544-watch individual black-background review; pending v2 candidate recheck,unchanged-protected,False,0.756836,0.906901,0.499512,0.499674,1024x1536,RGBA,,approved,8acc9f59b54b121eb68095cc8d7a6ad217d5d521647b646b3cb9fc973e353d4d
WWNCDW2181.FC8360,0.662109,0.90625,0.499023,0.5,1024x1536,RGBA,,caseW-low,False,True,acceptable variation,False,caseW-low; PASS_CONTENT from 544-watch individual black-background review,unchanged-protected,False,0.662109,0.90625,0.499023,0.5,1024x1536,RGBA,caseW-low,acceptable variation,b93b55dc464248962d8c9ccad6d29a142725b9152f10b017d625527e46a173a5
WL8,0.910979,0.966,0.510386,0.501,337x500,RGBA,,canvas|caseW-high|bboxH-high,False,False,true failure,True,"canvas,caseW-high,bboxH-high; PASS_CONTENT from legacy catalog black-background review; human full-resolution review: strong perspective with curled strap and visible underside",rerendered-and-approved,False,0.781250,0.856771,0.500000,0.500000,1024x1536,RGBA,,PASS,e1e87a7b24e86f2eb537f4be095b4615feb48731c7abe138b2435de0db524ca9
W1203,0.985891,0.813333,0.5,0.593333,567x900,RGBA,,canvas|caseW-high|bboxH-low|case-centre-y,False,False,true failure,True,"canvas,caseW-high,bboxH-low,case-centre-y; PASS_CONTENT from legacy catalog black-background review; human full-resolution review: head-only presentation with bracelet or strap substantially missing",rerendered-and-approved,False,0.780273,0.885417,0.500488,0.500000,1024x1536,RGBA,,PASS,1f545b4f8e150ab49693946629cd9bcd321c365e533acb58cc45fecbaa923316
W2100,0.766602,0.942057,0.51416,0.493815,1024x1536,RGBA,,,True,True,approved,False,PASS_CONTENT from legacy catalog black-background review; pending v2 candidate recheck,unchanged-protected,False,0.766602,0.942057,0.51416,0.493815,1024x1536,RGBA,,approved,654e8abae35cabf441fa6e18ae81e511da7e249d138f9a5cb6471795d06259aa
WL10,0.927971,0.971875,0.506002,0.498437,833x1280,RGBA,,canvas|caseW-high|bboxH-high,False,False,true failure,True,"canvas,caseW-high,bboxH-high; PASS_CONTENT from legacy catalog black-background review; human full-resolution review: strong perspective with curled strap and visible underside",rerendered-and-approved,False,0.779297,0.851562,0.500000,0.500000,1024x1536,RGBA,,PASS,791cce4dbdde1d03f8bbd2651784606e558de45c3beb1c572b877220eb884b53
WWNPAM01218,0.853516,0.906901,0.5,0.500326,1024x1536,RGBA,,caseW-high,False,True,acceptable variation,False,caseW-high; PASS_CONTENT from 544-watch individual black-background review,unchanged-protected,False,0.853516,0.906901,0.5,0.500326,1024x1536,RGBA,caseW-high,acceptable variation,78c3341e844b55d9542b9300012602fba76df1f7a950177af6020318eb8b6e5b
W1163,0.983516,1.0,0.499084,0.5,546x900,RGBA,,canvas|caseW-high|bboxH-high,False,False,true failure,True,"canvas,caseW-high,bboxH-high; PASS_CONTENT from legacy catalog black-background review; human full-resolution review: strong perspective with looped mesh bracelet",rerendered-and-approved,False,0.779297,0.911458,0.500000,0.500000,1024x1536,RGBA,,PASS,a78daa705ad60607caa370fe5431e57be0c83a081f518284b53b660fa7e0da91
W2103,0.735352,0.949219,0.520996,0.483724,1024x1536,RGBA,,,True,True,approved,False,PASS_CONTENT from legacy catalog black-background review; pending v2 candidate recheck,unchanged-protected,False,0.735352,0.949219,0.520996,0.483724,1024x1536,RGBA,,approved,808b4da4a87c81fe8c475a7aa2bffffaa33aaeb74b40d4c45479fe4a567a64e8
WW825,0.987037,1.0,0.499074,0.5,540x1000,RGBA,,canvas|caseW-high|bboxH-high,False,False,true failure,True,"canvas,caseW-high,bboxH-high; PASS_CONTENT from legacy catalog black-background review; human full-resolution review: strong perspective with curled strap",rerendered-and-approved,False,0.780273,0.870443,0.499512,0.500326,1024x1536,RGBA,,PASS,63bee2adc2997f737da80d0dd66f342ca9faaa4c2ad573cc5d05d4a3cf8a93ff
W140,0.866211,0.973958,0.483887,0.498698,1024x1536,RGBA,,caseW-high|bboxH-high,False,True,acceptable variation,False,"caseW-high,bboxH-high; PASS_CONTENT from legacy catalog black-background review",unchanged-protected,False,0.866211,0.973958,0.483887,0.498698,1024x1536,RGBA,caseW-high|bboxH-high,acceptable variation,cf079aa5468964eaffdace04d7050fe47b12c646ff58f7f49b6c94e1c4ed2694
W1164,0.983607,1.0,0.499089,0.5,549x900,RGBA,,canvas|caseW-high|bboxH-high,False,False,true failure,True,"canvas,caseW-high,bboxH-high; PASS_CONTENT from legacy catalog black-background review; human full-resolution review: strong perspective with looped mesh bracelet",rerendered-and-approved,False,0.780273,0.911458,0.500488,0.500000,1024x1536,RGBA,,PASS,ecd94d9e5c9dea74b0992938ef2189f12d164a118691e4868c8dbf4aec9ace91
W2128,0.761719,0.990234,0.513672,0.499674,1024x1536,RGBA,,bboxH-high,False,True,acceptable variation,False,bboxH-high; PASS_CONTENT from legacy catalog black-background review,unchanged-protected,False,0.761719,0.990234,0.513672,0.499674,1024x1536,RGBA,bboxH-high,acceptable variation,916a66e3731d3317a9ad068924d49f135f4a53a7f5963e06d3ea6b480667113c
W1150,0.985267,1.0,0.5,0.5,543x900,RGBA,,canvas|caseW-high|bboxH-high,False,False,true failure,True,"canvas,caseW-high,bboxH-high; PASS_CONTENT from legacy catalog black-background review; human full-resolution review: strong perspective with looped bracelet",rerendered-and-approved,False,0.779297,0.911458,0.500000,0.500000,1024x1536,RGBA,,PASS,b3e2d7c20031fb5fc39562d5a0f09392d5deec6d1d784c1901603cf366711980
WWN102954,0.647461,0.90625,0.499512,0.5,1024x1536,RGBA,,caseW-low,False,True,acceptable variation,False,caseW-low; PASS_CONTENT from 544-watch individual black-background review,unchanged-protected,False,0.647461,0.90625,0.499512,0.5,1024x1536,RGBA,caseW-low,acceptable variation,234e72aa7ff6421b0f195b15d52fe1bb0a67ccd745a3e11320533f66fc01d925
W1167,0.981481,1.0,0.498148,0.5,540x900,RGBA,,canvas|caseW-high|bboxH-high,False,False,true failure,True,"canvas,caseW-high,bboxH-high; PASS_CONTENT from legacy catalog black-background review; human full-resolution review: strong perspective with curled strap and visible underside",rerendered-and-approved,False,0.779297,0.878906,0.500000,0.500000,1024x1536,RGBA,,PASS,91c6cbb71fc46bae7e72e6e934d68508b0ba833e92e5006bd1803c2748fce543
WW71,0.981481,1.0,0.498316,0.5,594x1000,RGBA,,canvas|caseW-high|bboxH-high,False,False,true failure,True,"canvas,caseW-high,bboxH-high; PASS_CONTENT from legacy catalog black-background review; human full-resolution review: strong perspective with curled rubber strap",rerendered-and-approved,False,0.779297,0.905599,0.500488,0.500326,1024x1536,RGBA,,PASS,ef6cbd1585b52cb0c265e90113d913e43aba405d6eb7eb45a8c48221005023e8
W1237,0.984914,1.0,0.498922,0.5,464x900,RGBA,,canvas|caseW-high|bboxH-high,False,False,true failure,True,"canvas,caseW-high,bboxH-high; PASS_CONTENT from legacy catalog black-background review; human full-resolution review: strong perspective with looped bracelet",rerendered-and-approved,False,0.780273,0.911458,0.499512,0.500000,1024x1536,RGBA,,PASS,a293ed1ce9651d4b41afc1f7c6e4cb68c7c70b1792af948926de6b7fed1e876d
W1256,0.759766,0.965495,0.519531,0.49707,1024x1536,RGBA,,bboxH-high,False,True,acceptable variation,False,bboxH-high; PASS_CONTENT from legacy catalog black-background review,unchanged-protected,False,0.759766,0.965495,0.519531,0.49707,1024x1536,RGBA,bboxH-high,acceptable variation,84ae3addffe16511e742d0d4703063e768c257c9017c536ffd9070bdd10465d0
WWN168619-3005,0.799805,0.906901,0.499512,0.499674,1024x1536,RGBA,,,True,True,approved,False,PASS_CONTENT from 544-watch individual black-background review; pending v2 candidate recheck,unchanged-protected,False,0.799805,0.906901,0.499512,0.499674,1024x1536,RGBA,,approved,f7e76ab1613959ccc36ef253dc7970d9a95083717dd2ebdd728a45ee855014e8
WWN278582-3002,0.739258,0.907552,0.499512,0.5,1024x1536,RGBA,,,True,True,approved,False,PASS_CONTENT from 544-watch individual black-background review; pending v2 candidate recheck,unchanged-protected,False,0.739258,0.907552,0.499512,0.5,1024x1536,RGBA,,approved,c496f7e4a7a4585e206314e7abfd5040e6f5b88040085a40e03945c6ba15ba5e
W268,0.966783,1.0,0.495629,0.5,572x1000,RGBA,,canvas|caseW-high|bboxH-high,False,False,true failure,True,"canvas,caseW-high,bboxH-high; PASS_CONTENT from legacy catalog black-background review; human full-resolution review: bracelet appears heavily distorted and angled",rerendered-and-approved,False,0.780273,0.868490,0.500488,0.500000,1024x1536,RGBA,,PASS,a372940125f050c4e06a08995c116f9e906332ad269b8e37299dd90aa041f40f
W1151,0.983146,1.0,0.500936,0.5,534x900,RGBA,,canvas|caseW-high|bboxH-high,False,True,acceptable variation,False,"canvas,caseW-high,bboxH-high; PASS_CONTENT from legacy catalog black-background review",unchanged-protected,False,0.983146,1.0,0.500936,0.5,534x900,RGBA,canvas|caseW-high|bboxH-high,acceptable variation,69dfce0e4e75567eca315abead9c52ebeddd07a7e31c7d092d01a0b3beb443a7
WWNIW329303,0.842773,0.906901,0.499512,0.499674,1024x1536,RGBA,,caseW-high,False,True,acceptable variation,False,caseW-high; PASS_CONTENT from 544-watch individual black-background review,unchanged-protected,False,0.842773,0.906901,0.499512,0.499674,1024x1536,RGBA,caseW-high,acceptable variation,7f1ccadf4b16bbc059d7582a789e8aa2175038bf17e6520f1811edfecbec2155
W1162,0.983957,1.0,0.500891,0.5,561x900,RGBA,,canvas|caseW-high|bboxH-high,False,False,true failure,True,"canvas,caseW-high,bboxH-high; PASS_CONTENT from legacy catalog black-background review; human full-resolution review: strong perspective with looped mesh bracelet",rerendered-and-approved,False,0.781250,0.911458,0.500000,0.500000,1024x1536,RGBA,,PASS,19f36732d72b7c92a9097711df3514ec7abda57ad7957b50af84127cccaabbe2
WWN388531-3003-CD,0.739258,0.90625,0.499512,0.5,1024x1536,RGBA,,,True,True,approved,False,PASS_CONTENT from 544-watch individual black-background review; pending v2 candidate recheck,unchanged-protected,False,0.739258,0.90625,0.499512,0.5,1024x1536,RGBA,,approved,deb0f5de7dd1c0c01fc8983ab63cb131c875ff90c77085a7811c63b9fc80902a
WWN215.33.44.22.01.001,0.798828,0.907552,0.5,0.5,1024x1536,RGBA,,,True,True,approved,False,PASS_CONTENT from 544-watch individual black-background review; pending v2 candidate recheck,unchanged-protected,False,0.798828,0.907552,0.5,0.5,1024x1536,RGBA,,approved,2be8403eb2585779e8b6986c0c6478c2198cc8edc150d28354f6e0825d1d25b4
WW375,0.914122,0.933,0.499046,0.4995,524x1000,RGBA,,canvas|caseW-high,False,True,acceptable variation,False,"canvas,caseW-high; PASS_CONTENT from legacy catalog black-background review",unchanged-protected,False,0.914122,0.933,0.499046,0.4995,524x1000,RGBA,canvas|caseW-high,acceptable variation,6c889cbbdce55dfc6d050dd412ee53d8783710ad63d64dfd7a7f463ef60d8d1e
WW917,0.983278,0.999,0.501672,0.4995,598x1000,RGBA,,canvas|caseW-high|bboxH-high,False,False,true failure,True,"canvas,caseW-high,bboxH-high; PASS_CONTENT from legacy catalog black-background review; human full-resolution review: strong perspective with looped bracelet",rerendered-and-approved,False,0.780273,0.906250,0.500000,0.500000,1024x1536,RGBA,,PASS,c91d5c06d84d45faf48fa265114bdb0218e200bff9b2d72216eacce5b66ea881
WWN102691,0.580078,0.906901,0.5,0.500326,1024x1536,RGBA,,caseW-low,False,True,acceptable variation,False,caseW-low; PASS_CONTENT from 544-watch individual black-background review,unchanged-protected,False,0.580078,0.906901,0.5,0.500326,1024x1536,RGBA,caseW-low,acceptable variation,7199f771b88ff41298aa188801675252e9fb2be8f672ec89f0a4c9be26954d9d
W10,0.984496,1.0,0.5,0.5,516x900,RGBA,,canvas|caseW-high|bboxH-high,False,False,true failure,True,"canvas,caseW-high,bboxH-high; PASS_CONTENT from legacy catalog black-background review; human full-resolution review: visible strap holes and curled strap underside",rerendered-and-approved,False,0.779297,0.911458,0.500000,0.500000,1024x1536,RGBA,,PASS,d8d4a7e3dca58c473540b9678c3a68b5bb9d6a1a59e862d3dda43c85c6715015
WWNCBS2011.FC6529,0.756836,0.907552,0.499512,0.5,1024x1536,RGBA,,,True,True,approved,False,PASS_CONTENT from 544-watch individual black-background review; pending v2 candidate recheck,unchanged-protected,False,0.756836,0.907552,0.499512,0.5,1024x1536,RGBA,,approved,dff033791b56901aaf9daffd27b48c879f31b99dec72236d0a0cf6a027bb215c
W130,0.983568,0.688889,0.501174,0.344444,426x900,RGBA,,canvas|caseW-high|bboxH-low|case-centre-y,False,False,true failure,True,"canvas,caseW-high,bboxH-low,case-centre-y; FAIL_CONTENT: incomplete bracelet; lower bracelet is missing; human full-resolution review: incomplete product image; lower bracelet missing",rerendered-and-approved,False,0.780273,0.873047,0.499512,0.499674,1024x1536,RGBA,,PASS,b7e44ef227ca11a971dddd504f416269ba57bfa319e72c8851cc81a321aeab24
WW814,0.984906,1.0,0.5,0.5,530x1000,RGBA,,canvas|caseW-high|bboxH-high,False,False,true failure,True,"canvas,caseW-high,bboxH-high; PASS_CONTENT from legacy catalog black-background review; human full-resolution review: strong perspective with looped bracelet",rerendered-and-approved,False,0.780273,0.888672,0.499512,0.500326,1024x1536,RGBA,,PASS,4a40f084adafb2240d0a24be6a86c0f5ac1cc2015624e906dc03519b5ca8e0d8
W1258,0.987179,0.99,0.5,0.500556,468x900,RGBA,,canvas|caseW-high|bboxH-high,False,True,acceptable variation,False,"canvas,caseW-high,bboxH-high; PASS_CONTENT from legacy catalog black-background review",unchanged-protected,False,0.987179,0.99,0.5,0.500556,468x900,RGBA,canvas|caseW-high|bboxH-high,acceptable variation,fc5040439cb72af835964719aabaf426a2af702e53c3f9d9072a3c5ac2767172
W1253,0.985169,0.995556,0.498941,0.5,472x900,RGBA,,canvas|caseW-high|bboxH-high,False,True,acceptable variation,False,"canvas,caseW-high,bboxH-high; PASS_CONTENT from legacy catalog black-background review",unchanged-protected,False,0.985169,0.995556,0.498941,0.5,472x900,RGBA,canvas|caseW-high|bboxH-high,acceptable variation,41898e6130f0c8f35b7d5ee65039760b15ee443a96b928b83d3e139a4da6b733
W2109,0.805664,0.950521,0.513184,0.489583,1024x1536,RGBA,,bboxH-high,False,True,acceptable variation,False,bboxH-high; PASS_CONTENT from legacy catalog black-background review,unchanged-protected,False,0.805664,0.950521,0.513184,0.489583,1024x1536,RGBA,bboxH-high,acceptable variation,a2d31b75c6a32f062db679f704528f84be813b07e259deec9203f5275408debd
WWNAB0136251B1A2 UTC,0.854492,0.906901,0.499512,0.500326,1024x1536,RGBA,,caseW-high,False,True,acceptable variation,False,caseW-high; PASS_CONTENT from 544-watch individual black-background review,unchanged-protected,False,0.854492,0.906901,0.499512,0.500326,1024x1536,RGBA,caseW-high,acceptable variation,f282073d51f6b69331426ef28471445719d15a2cae48c7460c56f45ab5d2a072
W2104,0.771484,0.973958,0.490234,0.500651,1024x1536,RGBA,,bboxH-high,False,True,acceptable variation,False,bboxH-high; PASS_CONTENT from legacy catalog black-background review,unchanged-protected,False,0.771484,0.973958,0.490234,0.500651,1024x1536,RGBA,bboxH-high,acceptable variation,89ca81256524274044ae1f48d11c7bcf6047f535797bf66ff039b2eebe1c7f3a
WWNIW458101-CD,0.704102,0.907552,0.500488,0.5,1024x1536,RGBA,,caseW-low,False,True,acceptable variation,False,caseW-low; PASS_CONTENT from 544-watch individual black-background review,unchanged-protected,False,0.704102,0.907552,0.500488,0.5,1024x1536,RGBA,caseW-low,acceptable variation,b30880c1233158acb4bcc7ea1ea4f38a79a367190fcb42da817c8a93530f2597
W1259,0.743164,0.916667,0.51123,0.5,1024x1536,RGBA,,,True,True,approved,False,PASS_CONTENT from legacy catalog black-background review; pending v2 candidate recheck,unchanged-protected,False,0.743164,0.916667,0.51123,0.5,1024x1536,RGBA,,approved,6b6dd872ac7857d9479a763f93f4e3a3694855afb890e213c50581c810860a5f
WW408,0.981667,1.0,0.5,0.5,600x1000,RGBA,,canvas|caseW-high|bboxH-high,False,False,true failure,True,"canvas,caseW-high,bboxH-high; PASS_CONTENT from legacy catalog black-background review; human full-resolution review: strong perspective with curled strap and visible underside",rerendered-and-approved,False,0.780273,0.908203,0.500488,0.499674,1024x1536,RGBA,,PASS,3a98e07c5a5558f596753fdfdc4d4e3755c02ab90f90914426ec4075253e7875
W1245,0.981343,1.0,0.5,0.5,536x900,RGBA,,canvas|caseW-high|bboxH-high,False,False,true failure,True,"canvas,caseW-high,bboxH-high; PASS_CONTENT from legacy catalog black-background review; human full-resolution review: strong perspective with looped bracelet",rerendered-and-approved,False,0.780273,0.911458,0.500000,0.500000,1024x1536,RGBA,,PASS,d7ac2e66505d51663691d8e3c322e5c062a09290751b96d5ade20babdd8bfa7c
WWN210.22.42.20.01.002,0.84082,0.907552,0.5,0.500651,1024x1536,RGBA,,caseW-high,False,True,acceptable variation,False,caseW-high; PASS_CONTENT from 544-watch individual black-background review,unchanged-protected,False,0.84082,0.907552,0.5,0.500651,1024x1536,RGBA,caseW-high,acceptable variation,587f34082b28b975c592dde36000228d4cfb586564581665b78c7d4846ca7b86
WWN215.30.46.51.01.002,0.772461,0.907552,0.499512,0.5,1024x1536,RGBA,,,True,True,approved,False,PASS_CONTENT from 544-watch individual black-background review; pending v2 candidate recheck,unchanged-protected,False,0.772461,0.907552,0.499512,0.5,1024x1536,RGBA,,approved,0982e6cf9bc92cd8b874728e73f339526d35f8118a696d13ce0237f378a631c0
W2117,0.723633,0.886068,0.523926,0.496419,1024x1536,RGBA,,caseW-low,False,True,acceptable variation,False,caseW-low; PASS_CONTENT from legacy catalog black-background review,unchanged-protected,False,0.723633,0.886068,0.523926,0.496419,1024x1536,RGBA,caseW-low,acceptable variation,08667fb20f752a093451ae46e270a8bf3beaf1268fe665d6299cc09d996f6108
WW314,0.981419,1.0,0.500845,0.5,592x1000,RGBA,,canvas|caseW-high|bboxH-high,False,True,acceptable variation,False,"canvas,caseW-high,bboxH-high; PASS_CONTENT from legacy catalog black-background review",unchanged-protected,False,0.981419,1.0,0.500845,0.5,592x1000,RGBA,canvas|caseW-high|bboxH-high,acceptable variation,4f8f0b0369084d3ad3bca19c0fae057bf3e9d6ae1709e68e348abcb238ca4c1c
CR215.30.44.21.01.002,0.817383,0.906901,0.500488,0.499674,1024x1536,RGBA,,,True,True,approved,False,PASS_CONTENT from 544-watch individual black-background review; pending v2 candidate recheck,unchanged-protected,False,0.817383,0.906901,0.500488,0.499674,1024x1536,RGBA,,approved,b32968b1f62a8ede9731678ac875462e146c49ca252a7d1fcadbe2c9e9f37d53
WWNA10380591A1A1,0.777344,0.910156,0.5,0.500651,1024x1536,RGBA,,,True,True,approved,False,PASS_CONTENT from 544-watch individual black-background review; pending v2 candidate recheck,unchanged-protected,False,0.777344,0.910156,0.5,0.500651,1024x1536,RGBA,,approved,7499e53bfa2e66a741f6200fe2215e0ca0c0bd71489f8f12b0bdccdec00dbad7
W154,0.663086,0.960286,0.524902,0.498372,1024x1536,RGBA,,caseW-low|bboxH-high,False,True,acceptable variation,False,"caseW-low,bboxH-high; PASS_CONTENT from legacy catalog black-background review",unchanged-protected,False,0.663086,0.960286,0.524902,0.498372,1024x1536,RGBA,caseW-low|bboxH-high,acceptable variation,e55190f04bae687abf73d579cb55fb5bd4bfe343ab1293fc3f8f00d9345310a6
WW868,0.978548,0.995455,0.5,0.502273,606x1100,RGBA,,canvas|caseW-high|bboxH-high,False,False,true failure,True,"canvas,caseW-high,bboxH-high; PASS_CONTENT from legacy catalog black-background review; human full-resolution review: strong perspective with looped bracelet",rerendered-and-approved,False,0.780273,0.851562,0.500000,0.500000,1024x1536,RGBA,,PASS,410be26add4909fb89c429917cb2b70d19cfb60eaef625c1c52de98c7702abea
WWNG0A48390,0.674805,0.906901,0.499512,0.499674,1024x1536,RGBA,,caseW-low,False,True,acceptable variation,False,caseW-low; PASS_CONTENT from 544-watch individual black-background review,unchanged-protected,False,0.674805,0.906901,0.499512,0.499674,1024x1536,RGBA,caseW-low,acceptable variation,880b2e6937b1743c018caf16aa280e0e8900ff12789980c49c385bd69a9e5699
WWN435.13.40.22.01.001,0.819336,0.907552,0.499512,0.5,1024x1536,RGBA,,,True,True,approved,False,PASS_CONTENT from 544-watch individual black-background review; pending v2 candidate recheck,unchanged-protected,False,0.819336,0.907552,0.499512,0.5,1024x1536,RGBA,,approved,b87e3ea567577177808bc8d7360af591dc4c8873382522e43bbe93a40127721a
WWNG0A48080,0.731445,0.907552,0.500488,0.5,1024x1536,RGBA,,,True,True,approved,False,PASS_CONTENT from 544-watch individual black-background review; pending v2 candidate recheck,unchanged-protected,False,0.731445,0.907552,0.500488,0.5,1024x1536,RGBA,,approved,237c544e1e1f044629312264a4747e5af9e92c8de7c685e5e1ad79b189c321b0
W1218,0.983137,1.0,0.5,0.5,593x900,RGBA,,canvas|caseW-high|bboxH-high,False,False,true failure,True,"canvas,caseW-high,bboxH-high; PASS_CONTENT from legacy catalog black-background review; human full-resolution review: exposed NATO keeper hardware and curled strap",rerendered-and-approved,False,0.780273,0.813151,0.499512,0.500326,1024x1536,RGBA,bboxH-low,PASS,c3dadf90510c7f57d6628a18835672f1e386a02d9b6f846cba03335ff658ce4c
CRIW358304,0.807617,0.907552,0.499512,0.5,1024x1536,RGBA,,,True,True,approved,False,PASS_CONTENT from 544-watch individual black-background review; pending v2 candidate recheck,unchanged-protected,False,0.807617,0.907552,0.499512,0.5,1024x1536,RGBA,,approved,3d7bfb0ce4533cf210ae14cfe5d02427b818c2e3e575289b9ee0abee6b866e10
W1246,0.935167,0.927778,0.499018,0.499444,509x900,RGBA,,canvas|caseW-high,False,True,acceptable variation,False,"canvas,caseW-high; PASS_CONTENT from legacy catalog black-background review",unchanged-protected,False,0.935167,0.927778,0.499018,0.499444,509x900,RGBA,canvas|caseW-high,acceptable variation,30327c8623b324fb628dc833afc07e68760d09cbac3aae9a69d5f82f9cbdce37
WWNSBGH353G,0.84375,0.908854,0.5,0.500651,1024x1536,RGBA,,caseW-high,False,True,acceptable variation,False,caseW-high; PASS_CONTENT from 544-watch individual black-background review,unchanged-protected,False,0.84375,0.908854,0.5,0.500651,1024x1536,RGBA,caseW-high,acceptable variation,01cc88dfaa4ddeba4ae464fa510de240fb5bcd10deb9a7556e2daac81cccf673
WWN103897,0.240234,0.906901,0.5,0.500326,1024x1536,RGBA,,caseW-low,False,False,true failure,True,caseW-low; PASS_CONTENT from 544-watch individual black-background review; human full-resolution review: severely zoomed-out full-strap presentation,rerendered-and-approved,False,0.780273,0.911458,0.499512,0.500000,1024x1536,RGBA,,PASS,08c12f7d92780b75db76e036918bc942afea0228dd6dac2452d0b505a4064410
W264,0.852857,0.999,0.497143,0.5005,700x1000,RGBA,,canvas|caseW-high|bboxH-high,False,False,true failure,True,"canvas,caseW-high,bboxH-high; PASS_CONTENT from legacy catalog black-background review; human full-resolution review: strong perspective with looped bracelet",rerendered-and-approved,False,0.779297,0.874349,0.500000,0.500326,1024x1536,RGBA,,PASS,972b0dc34524758b7fca229253f2ab3d995cc0ca1dddfbdb10f062998053c90d
W1261,0.990672,0.982222,0.504664,0.5,536x900,RGBA,,canvas|caseW-high|bboxH-high,False,True,acceptable variation,False,"canvas,caseW-high,bboxH-high; PASS_CONTENT from legacy catalog black-background review",unchanged-protected,False,0.990672,0.982222,0.504664,0.5,536x900,RGBA,canvas|caseW-high|bboxH-high,acceptable variation,19bad7980e8943adad87906df67e41b7fa3af355ae7a316ee99043e4db3fad5a
W1161,0.982175,1.0,0.5,0.5,561x900,RGBA,,canvas|caseW-high|bboxH-high,False,True,acceptable variation,False,"canvas,caseW-high,bboxH-high; PASS_CONTENT from legacy catalog black-background review",unchanged-protected,False,0.982175,1.0,0.5,0.5,561x900,RGBA,canvas|caseW-high|bboxH-high,acceptable variation,fc0188d7b68e3b71941e853c24f9b15205aa61fe2835b6129dd8f1d2be1acdc4
WL3,0.601562,0.924479,0.530273,0.496094,1024x1536,RGBA,,caseW-low|case-centre-x,False,True,acceptable variation,False,"caseW-low,case-centre-x; PASS_CONTENT from legacy catalog black-background review",unchanged-protected,False,0.601562,0.924479,0.530273,0.496094,1024x1536,RGBA,caseW-low|case-centre-x,acceptable variation,0c2d5823cabfa975d1806c1af2caa07b0ec19937e564d524688ddef22a121f06
W11,0.984556,1.0,0.5,0.5,518x900,RGBA,,canvas|caseW-high|bboxH-high,False,False,true failure,True,"canvas,caseW-high,bboxH-high; PASS_CONTENT from legacy catalog black-background review; human full-resolution review: visible strap holes",rerendered-and-approved,False,0.780273,0.876302,0.500488,0.500000,1024x1536,RGBA,,PASS,4ec6cc60416e2041e504cd9af0b76c158588596d912937c1b7ecadcae002bc4c
W116,0.981481,1.0,0.5,0.5,540x900,RGBA,,canvas|caseW-high|bboxH-high,False,False,true failure,True,"canvas,caseW-high,bboxH-high; PASS_CONTENT from legacy catalog black-background review; human full-resolution review: strong perspective with looped bracelet",rerendered-and-approved,False,0.780273,0.880208,0.500488,0.500000,1024x1536,RGBA,,PASS,11516584c63fdd6bb196b919c38f69bd52ed848f69fbcdd66cfd3995406f1cb0
WWNA10380591L1A1,0.726562,0.906901,0.5,0.500326,1024x1536,RGBA,,caseW-low,False,True,acceptable variation,False,caseW-low; PASS_CONTENT from 544-watch individual black-background review,unchanged-protected,False,0.726562,0.906901,0.5,0.500326,1024x1536,RGBA,caseW-low,acceptable variation,f6bb18069de936386ceca8486f64ea3fed6b32a7fb82c4613ae26bcc8ec17325
WW447,0.987654,1.0,0.5,0.5,648x1000,RGBA,,canvas|caseW-high|bboxH-high,False,False,true failure,True,"canvas,caseW-high,bboxH-high; PASS_CONTENT from legacy catalog black-background review; human full-resolution review: strong perspective with looped bracelet",rerendered-and-approved,False,0.780273,0.884766,0.499512,0.500326,1024x1536,RGBA,,PASS,fe0219130b5c35a28460dad83d1d182c0f997dd5c7dd4ec0484c37dbd4f7c9bb
WW573,0.986538,1.0,0.499038,0.5,520x1000,RGBA,,canvas|caseW-high|bboxH-high,False,False,true failure,True,"canvas,caseW-high,bboxH-high; PASS_CONTENT from legacy catalog black-background review; human full-resolution review: strong perspective with looped bracelet",rerendered-and-approved,False,0.781250,0.865885,0.500000,0.500000,1024x1536,RGBA,,PASS,90c65c93fbe2ad72f17569110282f4658aad2b09b17ff6170e5577df01031cab
W16,0.791992,0.945312,0.514648,0.48763,1024x1536,RGBA,,,True,True,approved,False,PASS_CONTENT from legacy catalog black-background review; pending v2 candidate recheck,unchanged-protected,False,0.791992,0.945312,0.514648,0.48763,1024x1536,RGBA,,approved,27b1304d3b41071c41cd7d304f4822846545f3a2a639fa308fff7d039b0be2b8
CRIW391029,0.861328,0.90625,0.5,0.5,1024x1536,RGBA,,caseW-high,False,True,acceptable variation,False,caseW-high; PASS_CONTENT from 544-watch individual black-background review,unchanged-protected,False,0.861328,0.90625,0.5,0.5,1024x1536,RGBA,caseW-high,acceptable variation,d88c01e430d28f08e06eda27a32927936c2f8ae64312c698a3eb89745fa2c633
WL17,0.631836,0.960286,0.501465,0.49707,1024x1536,RGBA,,caseW-low|bboxH-high,False,True,acceptable variation,False,"caseW-low,bboxH-high; PASS_CONTENT from legacy catalog black-background review",unchanged-protected,False,0.631836,0.960286,0.501465,0.49707,1024x1536,RGBA,caseW-low|bboxH-high,acceptable variation,7d5e89d5d4bb3aa53fdd27f098c221a27926748bf46bf9876cb5e7979e2cbc38
WW388,0.984568,1.0,0.500772,0.5,648x1000,RGBA,,canvas|caseW-high|bboxH-high,False,True,acceptable variation,False,"canvas,caseW-high,bboxH-high; PASS_CONTENT from legacy catalog black-background review",unchanged-protected,False,0.984568,1.0,0.500772,0.5,648x1000,RGBA,canvas|caseW-high|bboxH-high,acceptable variation,b958b7cfe7a73796c74fa091ef9f4cc2c3fe3b1f3292aadf9585318d2c3d5507
W1260,0.839844,0.935547,0.521484,0.499674,1024x1536,RGBA,,caseW-high,False,True,acceptable variation,False,caseW-high; PASS_CONTENT from legacy catalog black-background review,unchanged-protected,False,0.839844,0.935547,0.521484,0.499674,1024x1536,RGBA,caseW-high,acceptable variation,82022e4fc092fffc60ab2b4719e08ad75e358fde924a9b2e8c282bc1c0c487ee
WW465,0.984152,1.0,0.498415,0.5,631x1000,RGBA,,canvas|caseW-high|bboxH-high,False,False,true failure,True,"canvas,caseW-high,bboxH-high; PASS_CONTENT from legacy catalog black-background review; human full-resolution review: strong perspective with looped bracelet",rerendered-and-approved,False,0.780273,0.854818,0.500488,0.500326,1024x1536,RGBA,,PASS,b5c04e8a0ceab1237bbbec0187ae62b36764909db582c5bb4a7d93e30a90747d
WW624,0.979933,0.979167,0.5,0.510417,598x816,RGBA,,canvas|caseW-high|bboxH-high,False,False,true failure,True,"canvas,caseW-high,bboxH-high; PASS_CONTENT from legacy catalog black-background review; human full-resolution review: strong perspective with curled strap and visible underside",rerendered-and-approved,False,0.779297,0.911458,0.500000,0.500000,1024x1536,RGBA,,PASS,3597bad23a991d64e825408eb29512be286838a3b9b84f2e98b7bae93b0eda89
W1207,0.84,1.0,0.482857,0.5,700x1000,RGBA,,canvas|caseW-high|bboxH-high,False,False,true failure,True,"canvas,caseW-high,bboxH-high; PASS_CONTENT from legacy catalog black-background review; human full-resolution review: strong perspective with looped bracelet",rerendered-and-approved,False,0.780273,0.851562,0.500488,0.500000,1024x1536,RGBA,,PASS,73563bd7147879d7b5f12f97b81213fa96f5f24c9d60cd80756c2caa0f89fa28
WWNA17356531C1A1,0.78418,0.90625,0.499512,0.5,1024x1536,RGBA,,,True,True,approved,False,PASS_CONTENT from 544-watch individual black-background review; pending v2 candidate recheck,unchanged-protected,False,0.78418,0.90625,0.499512,0.5,1024x1536,RGBA,,approved,f8672c79c2abb65a621a6fbbfee8685d8698ad6dca02b204af4e1b5d6dc74bf6
W1220,0.987013,0.993333,0.5,0.503333,462x900,RGBA,,canvas|caseW-high|bboxH-high,False,False,true failure,True,"canvas,caseW-high,bboxH-high; PASS_CONTENT from legacy catalog black-background review; human full-resolution review: strong perspective with looped bracelet",rerendered-and-approved,False,0.780273,0.853516,0.500488,0.499674,1024x1536,RGBA,,PASS,8bd2c781cf062b7e4d683e2ff80057273dd6f1fdc5510bb33080d19d9c89efbf
WW340,0.956607,1.0,0.515779,0.5,507x1000,RGBA,,canvas|caseW-high|bboxH-high,False,False,true failure,True,"canvas,caseW-high,bboxH-high; PASS_CONTENT from legacy catalog black-background review; human full-resolution review: strong perspective with curled strap and visible underside",rerendered-and-approved,False,0.780273,0.894531,0.500488,0.500000,1024x1536,RGBA,,PASS,116fa23f361d202fd6db09364ee9dc4f3fc175548e0f19fdddc5e2f8059bb893
W2102,0.827148,0.960286,0.515137,0.491211,1024x1536,RGBA,,bboxH-high,False,True,acceptable variation,False,bboxH-high; PASS_CONTENT from legacy catalog black-background review,unchanged-protected,False,0.827148,0.960286,0.515137,0.491211,1024x1536,RGBA,bboxH-high,acceptable variation,025d17d71eec6f3717fce9c1d92e99bcf6d37a45c5f4459b6285f1728ba31f09
WWN585.NX.1170.NX,0.713867,0.906901,0.500488,0.500326,1024x1536,RGBA,,caseW-low,False,True,acceptable variation,False,caseW-low; PASS_CONTENT from 544-watch individual black-background review,unchanged-protected,False,0.713867,0.906901,0.500488,0.500326,1024x1536,RGBA,caseW-low,acceptable variation,87dd5c11d1853d58fb745961058530fb6a2e25e171c4ab9eeb0a6344688cfe3c
WWN388563-3005,0.271484,0.90625,0.5,0.5,1024x1536,RGBA,,caseW-low,False,False,true failure,True,caseW-low; PASS_CONTENT from 544-watch individual black-background review; human full-resolution review: severely zoomed-out full-strap presentation,rerendered-and-approved,False,0.779297,0.911458,0.500000,0.500000,1024x1536,RGBA,,PASS,85e3ce442e949c070d17deaf330dd27106b7b71ab5da507219f13693f4da6394
WWNV 45 SC DT YACHT NR,0.783203,0.907552,0.5,0.5,1024x1536,RGBA,,,True,True,approved,False,PASS_CONTENT from 544-watch individual black-background review; pending v2 candidate recheck,unchanged-protected,False,0.783203,0.907552,0.5,0.5,1024x1536,RGBA,,approved,e2d3cbb6097a85121336b3fe3840ceddad67a935dbd043dd036a1ae605ae81cb
WWNW4TA0031,0.524414,0.90625,0.499512,0.5,1024x1536,RGBA,,caseW-low,False,True,acceptable variation,False,caseW-low; PASS_CONTENT from 544-watch individual black-background review,unchanged-protected,False,0.524414,0.90625,0.499512,0.5,1024x1536,RGBA,caseW-low,acceptable variation,f4d3c6e2f2fb80611081ac9d6cbaa290745c5fd90ae65419d680c2ee8d8978c9
WWN278582-3001S,0.847656,0.907552,0.5,0.5,1024x1536,RGBA,,caseW-high,False,True,acceptable variation,False,caseW-high; PASS_CONTENT from 544-watch individual black-background review,unchanged-protected,False,0.847656,0.907552,0.5,0.5,1024x1536,RGBA,caseW-high,acceptable variation,f777b2a671deacc33820576bf26c8e767c7deb673c572a5b37ea93a93c71e088
WWNCBL2111.FC6453,0.75293,0.906901,0.499512,0.500326,1024x1536,RGBA,,,True,True,approved,False,PASS_CONTENT from 544-watch individual black-background review; pending v2 candidate recheck,unchanged-protected,False,0.75293,0.906901,0.499512,0.500326,1024x1536,RGBA,,approved,c74ec5cca3ccc5998cfddb228114eeaee82ba9db58e552ed7a350ca061b0a493
W14,0.769531,0.957682,0.508789,0.493815,1024x1536,RGBA,,bboxH-high,False,True,acceptable variation,False,bboxH-high; PASS_CONTENT from legacy catalog black-background review,unchanged-protected,False,0.769531,0.957682,0.508789,0.493815,1024x1536,RGBA,bboxH-high,acceptable variation,38a082ce2af863dd9a769735541eee172318e826ed7820a4c0b17fa34039cb8c
WWNCBN2A1F.BA0643,0.774414,0.908854,0.499512,0.501302,1024x1536,RGBA,,,True,True,approved,False,PASS_CONTENT from 544-watch individual black-background review; pending v2 candidate recheck,unchanged-protected,False,0.774414,0.908854,0.499512,0.501302,1024x1536,RGBA,,approved,171554e0df5375791c15ce3583422cf52f8220bbf3e996d134ae433aaa04a6c7
W146,0.775391,0.925781,0.524414,0.494141,1024x1536,RGBA,,,True,True,acceptable variation,False,FAIL_CONTENT: strap perforations are visible in the catalog crop; human full-resolution review accepted current image; metric warnings only,unchanged-protected,False,0.775391,0.925781,0.524414,0.494141,1024x1536,RGBA,,acceptable variation,bb11fe4a465ee2c4ac512d8690586e2f4606b3c1150cd539bb9079ee2119aa51
W2133,0.772461,0.932292,0.532715,0.498698,1024x1536,RGBA,,case-centre-x,False,True,acceptable variation,False,case-centre-x; PASS_CONTENT from legacy catalog black-background review,unchanged-protected,False,0.772461,0.932292,0.532715,0.498698,1024x1536,RGBA,case-centre-x,acceptable variation,1dfecb2e406434410876e039583cafb64d71a13ff8c14f29a4b5a3a7138f51df
W1219,1.0,1.0,0.5,0.5,514x900,RGBA,,canvas|caseW-high|bboxH-high,False,False,true failure,True,"canvas,caseW-high,bboxH-high; PASS_CONTENT from legacy catalog black-background review; human full-resolution review: strong perspective with looped mesh bracelet",rerendered-and-approved,False,0.781250,0.911458,0.500000,0.500000,1024x1536,RGBA,,PASS,c7443f6d5064bb50745e6ae71110b51cd8073d967ecdad3441cbbf512a4cc246
W2101,0.691406,0.893229,0.519531,0.494141,1024x1536,RGBA,,caseW-low,False,True,acceptable variation,False,caseW-low; PASS_CONTENT from legacy catalog black-background review,unchanged-protected,False,0.691406,0.893229,0.519531,0.494141,1024x1536,RGBA,caseW-low,acceptable variation,ffb5b3e70c7765accf2638f02c97c0ece2c48fba0bf19d85699e0d6e4e656824
WWNV 45 SC DT RCG AC JA,0.875,0.878255,0.5,0.499674,1024x1536,RGBA,,caseW-high,False,True,acceptable variation,False,caseW-high; PASS_CONTENT from 544-watch individual black-background review,unchanged-protected,False,0.875,0.878255,0.5,0.499674,1024x1536,RGBA,caseW-high,acceptable variation,c02cb6fd79ba28e74f3c4fc6b84eb940e239852a6bcb1276e34c04b7413366e0
WL16,0.822857,0.995,0.5,0.4995,700x1000,RGBA,,canvas|bboxH-high,False,True,acceptable variation,False,"canvas,bboxH-high; PASS_CONTENT from legacy catalog black-background review",unchanged-protected,False,0.822857,0.995,0.5,0.4995,700x1000,RGBA,canvas|bboxH-high,acceptable variation,fce292c03dfdceee0676fdc3a0f1e1eba875cced8c879fda091c9a4366d81191
W1208,0.865714,1.0,0.472857,0.5,700x1000,RGBA,,canvas|caseW-high|bboxH-high,False,False,true failure,True,"canvas,caseW-high,bboxH-high; PASS_CONTENT from legacy catalog black-background review; human full-resolution review: strong perspective with looped bracelet",rerendered-and-approved,False,0.781250,0.865885,0.500000,0.500000,1024x1536,RGBA,,PASS,8622640162f31a6959e4d7fb1f7729687dbaf73f1e53196f486a00ff88a8154c
WWN310.32.42.50.01.001,0.835938,0.907552,0.5,0.5,1024x1536,RGBA,,caseW-high,False,False,true failure,True,caseW-high; PASS_CONTENT from 544-watch individual black-background review; human full-resolution review: exposed NATO keeper hardware,rerendered-and-approved,False,0.781250,0.876302,0.500000,0.500000,1024x1536,RGBA,,PASS,1b903547248d46d623d2b1bdcc5934a296c737ed8043a11750b4e81e8ba60e53
W193,0.814453,0.923828,0.532227,0.494466,1024x1536,RGBA,,case-centre-x,False,True,acceptable variation,False,case-centre-x; PASS_CONTENT from legacy catalog black-background review,unchanged-protected,False,0.814453,0.923828,0.532227,0.494466,1024x1536,RGBA,case-centre-x,acceptable variation,f40673525585ef4d8dea1dfa2706e9c22631bb869ef4c33ce1108ddc52b0c53a
WWN215.33.44.21.01.001,0.858398,0.891927,0.5,0.5,1024x1536,RGBA,,caseW-high,False,True,acceptable variation,False,caseW-high; PASS_CONTENT from 544-watch individual black-background review,unchanged-protected,False,0.858398,0.891927,0.5,0.5,1024x1536,RGBA,caseW-high,acceptable variation,7fed4b95076b677170d33017fa69c48cbe1e1d7ea15e142917b431144072377c
WWNCBS2212.BA0048,0.75293,0.906901,0.499512,0.500326,1024x1536,RGBA,,,True,True,approved,False,PASS_CONTENT from 544-watch individual black-background review; pending v2 candidate recheck,unchanged-protected,False,0.75293,0.906901,0.499512,0.500326,1024x1536,RGBA,,approved,f88dc14c80d00339a00ee412358bae4ea78ae76bea5aaa803457e88a340e8f61
W1137,0.851429,1.0,0.5,0.5,700x1000,RGBA,,canvas|caseW-high|bboxH-high,False,False,true failure,True,"canvas,caseW-high,bboxH-high; PASS_CONTENT from legacy catalog black-background review; human full-resolution review: bracelet and cutout appear visibly damaged",rerendered-and-approved,False,0.780273,0.887370,0.500488,0.499674,1024x1536,RGBA,,PASS,0c8b9ad2461323072b90c3848dcc0d9c4c5efcd05ccc86dbd0997ba90dd499c1
WWNWSTA0105-CD,0.487305,0.907552,0.499512,0.5,1024x1536,RGBA,,caseW-low,False,True,acceptable variation,False,caseW-low; PASS_CONTENT from 544-watch individual black-background review,unchanged-protected,False,0.487305,0.907552,0.499512,0.5,1024x1536,RGBA,caseW-low,acceptable variation,6bef0a368872450243c66dcd8691570edb2488367a095158e94fa12f384c6558
WW512,0.982114,1.0,0.500813,0.5,615x1000,RGBA,,canvas|caseW-high|bboxH-high,False,False,true failure,True,"canvas,caseW-high,bboxH-high; PASS_CONTENT from legacy catalog black-background review; human full-resolution review: possible excessive bracelet perspective",rerendered-and-approved,False,0.781250,0.873047,0.500000,0.500326,1024x1536,RGBA,,PASS,434a0ff2f6136050f73abacbf50fc54bb0496a49757008cef508a472b74bda96
WW511,0.983471,1.0,0.501653,0.5,605x1000,RGBA,,canvas|caseW-high|bboxH-high,False,False,true failure,True,"canvas,caseW-high,bboxH-high; PASS_CONTENT from legacy catalog black-background review; human full-resolution review: possible excessive bracelet perspective",rerendered-and-approved,False,0.781250,0.911458,0.500000,0.500000,1024x1536,RGBA,,PASS,d9d87010c4f7e6dd0cf6439e08e500989298bebf5ed85afe816c6993d68236e6
WWN102703,0.773438,0.908203,0.5,0.500326,1024x1536,RGBA,,,True,True,approved,False,PASS_CONTENT from 544-watch individual black-background review; pending v2 candidate recheck,unchanged-protected,False,0.773438,0.908203,0.5,0.500326,1024x1536,RGBA,,approved,21c16d449eef042e6a6d760bab93e2c4383a98812b2a4103206bc12440e6a634
W1210,0.853516,0.959635,0.523438,0.495443,1024x1536,RGBA,,caseW-high|bboxH-high,False,True,acceptable variation,False,"caseW-high,bboxH-high; PASS_CONTENT from legacy catalog black-background review",unchanged-protected,False,0.853516,0.959635,0.523438,0.495443,1024x1536,RGBA,caseW-high|bboxH-high,acceptable variation,983e9d7427fb761211ff62c696d02a8de26afc8320ed898e0426ce40669f9cff
WW387,0.91145,0.996,0.535115,0.502,655x1000,RGBA,,canvas|caseW-high|bboxH-high|case-centre-x,False,False,true failure,True,"canvas,caseW-high,bboxH-high,case-centre-x; PASS_CONTENT from legacy catalog black-background review; human full-resolution review: strong perspective with curled strap and visible underside",rerendered-and-approved,False,0.780273,0.911458,0.499512,0.500000,1024x1536,RGBA,,PASS,ec9b19e7f508cc34b99c93bb2a35489e8732042b67fd1069680b75b5e598de04
W2126,0.780273,0.970052,0.500488,0.5,1024x1536,RGBA,,bboxH-high,False,True,acceptable variation,False,bboxH-high; PASS_CONTENT from legacy catalog black-background review,unchanged-protected,False,0.780273,0.970052,0.500488,0.5,1024x1536,RGBA,bboxH-high,acceptable variation,23ac7909e2d628e8f594072df1d1b5b6e6b1d8896d42bad2f4e0d05ba8d32489
WWNA77330671C1A1,0.800781,0.90625,0.5,0.5,1024x1536,RGBA,,,True,True,approved,False,PASS_CONTENT from 544-watch individual black-background review; pending v2 candidate recheck,unchanged-protected,False,0.800781,0.90625,0.5,0.5,1024x1536,RGBA,,approved,0785d74ea116511730adc900ebd8fb7fa101d362c7c2a67bec5c4447d5bb064d
CR210.32.42.20.10.001,0.849609,0.909505,0.499512,0.500977,1024x1536,RGBA,,caseW-high,False,True,acceptable variation,False,caseW-high; PASS_CONTENT from 544-watch individual black-background review,unchanged-protected,False,0.849609,0.909505,0.499512,0.500977,1024x1536,RGBA,caseW-high,acceptable variation,b5a329da263350fe4da61ede4fe94dd4d732c15487060da0f410bba05148ee6d
CR210.32.42.20.03.001,0.855469,0.882161,0.500488,0.499674,1024x1536,RGBA,,caseW-high,False,True,acceptable variation,False,caseW-high; PASS_CONTENT from 544-watch individual black-background review,unchanged-protected,False,0.855469,0.882161,0.500488,0.499674,1024x1536,RGBA,caseW-high,acceptable variation,0651f56e15bbc97accac6e60ed4d4e5191574b50dd2f5210db481e276894cea3
WWNM79360N-0013,0.754883,0.906901,0.499512,0.500326,1024x1536,RGBA,,,True,True,approved,False,PASS_CONTENT from 544-watch individual black-background review; pending v2 candidate recheck,unchanged-protected,False,0.754883,0.906901,0.499512,0.500326,1024x1536,RGBA,,approved,1c5ab8c516589858cca22341bc16feb845ff2386fe21484b7cb48c69168ee60b
WWNCBS2216.BA0048,0.748047,0.906901,0.5,0.500326,1024x1536,RGBA,,,True,True,approved,False,PASS_CONTENT from 544-watch individual black-background review; pending v2 candidate recheck,unchanged-protected,False,0.748047,0.906901,0.5,0.500326,1024x1536,RGBA,,approved,091f40d24ab9931b7f0f16b6a9b784f9c23fc40f1e6796e6f739368c59ed8db3
CRA32320101C1A1,0.830078,0.907552,0.5,0.5,1024x1536,RGBA,,caseW-high,False,True,acceptable variation,False,caseW-high; PASS_CONTENT from 544-watch individual black-background review,unchanged-protected,False,0.830078,0.907552,0.5,0.5,1024x1536,RGBA,caseW-high,acceptable variation,cac30fec5bc125910141774afaada88c17c5609b407369a54bc8ea29f9fe67e8
WWN830.20.101.20,0.875,0.901042,0.5,0.5,1024x1536,RGBA,,caseW-high,False,True,acceptable variation,False,caseW-high; PASS_CONTENT from 544-watch individual black-background review,unchanged-protected,False,0.875,0.901042,0.5,0.5,1024x1536,RGBA,caseW-high,acceptable variation,1f42def1f165388f2462718b7b6116b029ce6e65a713d9732dfbf4a4a9249172
WWNR77320E61A1P1,0.811523,0.907552,0.499512,0.5,1024x1536,RGBA,,,True,True,approved,False,PASS_CONTENT from 544-watch individual black-background review; pending v2 candidate recheck,unchanged-protected,False,0.811523,0.907552,0.499512,0.5,1024x1536,RGBA,,approved,195a3558780b4c1cf05224fed87393d6ac69edae0e49a12567182472c7eab46a
W1130,0.982079,1.0,0.500896,0.5,558x900,RGBA,,canvas|caseW-high|bboxH-high,False,True,acceptable variation,False,"canvas,caseW-high,bboxH-high; PASS_CONTENT from legacy catalog black-background review",unchanged-protected,False,0.982079,1.0,0.500896,0.5,558x900,RGBA,canvas|caseW-high|bboxH-high,acceptable variation,f9f325508d89c3053325e3068d595d9fb0b82e9b25705be724cdbf7e46174741
WWNAB0134101L2A1,0.859375,0.909505,0.5,0.500977,1024x1536,RGBA,,caseW-high,False,True,acceptable variation,False,caseW-high; PASS_CONTENT from 544-watch individual black-background review,unchanged-protected,False,0.859375,0.909505,0.5,0.500977,1024x1536,RGBA,caseW-high,acceptable variation,286b0979852e0a3291bbb2c6f0ff0ad8f8fd81ffec1399abef8720f048d409f0
WWNA77310591A1A1,0.635742,0.906901,0.499512,0.499674,1024x1536,RGBA,,caseW-low,False,True,acceptable variation,False,caseW-low; PASS_CONTENT from 544-watch individual black-background review,unchanged-protected,False,0.635742,0.906901,0.499512,0.499674,1024x1536,RGBA,caseW-low,acceptable variation,281adcd58615c695b72c50681fb2857b21db7db1dfb1ccdeddea0fcd01ec79e5
WWNM79360N-0012,0.822266,0.907552,0.499023,0.5,1024x1536,RGBA,,,True,True,approved,False,PASS_CONTENT from 544-watch individual black-background review; pending v2 candidate recheck,unchanged-protected,False,0.822266,0.907552,0.499023,0.5,1024x1536,RGBA,,approved,afee87c41059acea84bec61f43a0b25781d844284df9eddf23df93fe5d71f0c5
WL18,0.975945,0.928125,0.498282,0.500781,873x1280,RGBA,,canvas|caseW-high,False,True,acceptable variation,False,"canvas,caseW-high; PASS_CONTENT from legacy catalog black-background review",unchanged-protected,False,0.975945,0.928125,0.498282,0.500781,873x1280,RGBA,canvas|caseW-high,acceptable variation,64bcd94770dada2806abb0604b876ace7ecc4c11c7d87bd4f4bc33d51ee59d55
W153,0.701172,0.892578,0.523438,0.495117,1024x1536,RGBA,,caseW-low,False,True,acceptable variation,False,caseW-low; PASS_CONTENT from legacy catalog black-background review,unchanged-protected,False,0.701172,0.892578,0.523438,0.495117,1024x1536,RGBA,caseW-low,acceptable variation,cb18adb0129bcdee25f99e9d3ae1ec9c0c724b501a393aa21f884d92d7ea18af
W262,0.855714,1.0,0.507857,0.5,700x1000,RGBA,,canvas|caseW-high|bboxH-high,False,False,true failure,True,"canvas,caseW-high,bboxH-high; PASS_CONTENT from legacy catalog black-background review; human full-resolution review: strong perspective with curled strap",rerendered-and-approved,False,0.778320,0.855469,0.499512,0.500000,1024x1536,RGBA,,PASS,495ddb0e19654a56c07151a3fae550fc3264cefc2be8c08c07a5188ea3eb3dfc
W1368,0.981413,1.0,0.5,0.5,538x900,RGBA,,canvas|caseW-high|bboxH-high,False,False,true failure,True,"canvas,caseW-high,bboxH-high; PASS_CONTENT from legacy catalog black-background review; human full-resolution review: strong perspective with curled strap",rerendered-and-approved,False,0.781250,0.870443,0.500000,0.499674,1024x1536,RGBA,,PASS,9c20a448ee1aba4620dd8f6b9e188d5eb10fb23c93de9d6340b5a4acfce61f26
WWNG0A47090,0.754883,0.906901,0.500488,0.500326,1024x1536,RGBA,,,True,True,approved,False,PASS_CONTENT from 544-watch individual black-background review; pending v2 candidate recheck,unchanged-protected,False,0.754883,0.906901,0.500488,0.500326,1024x1536,RGBA,,approved,4e04bf8ca9d2db46ddeaa7804cc9b528de78ddd4275e8361b9b8cb2fe528c22a
WW352,0.883683,0.934,0.5,0.5,619x1000,RGBA,,canvas|caseW-high,False,False,true failure,True,"canvas,caseW-high; PASS_CONTENT from legacy catalog black-background review; human full-resolution review: strong perspective with curled strap and visible underside",rerendered-and-approved,False,0.779297,0.854167,0.500000,0.500000,1024x1536,RGBA,,PASS,a0d948b0e13542d7b310359959718c77994e91ca5118a456d019b21975c31844
W1158,0.829749,0.933333,0.499104,0.5,558x900,RGBA,,canvas,False,False,true failure,True,canvas; PASS_CONTENT from legacy catalog black-background review; human full-resolution review: visible strap holes,rerendered-and-approved,False,0.781250,0.856120,0.500000,0.499674,1024x1536,RGBA,,PASS,32b938b54b3138858a70a23f7108e7ca4a888e613a24d368a21f7bec24a83f51
W1214,0.772461,0.942057,0.516113,0.499674,1024x1536,RGBA,,,True,True,approved,False,PASS_CONTENT from legacy catalog black-background review; pending v2 candidate recheck,unchanged-protected,False,0.772461,0.942057,0.516113,0.499674,1024x1536,RGBA,,approved,3e636fffb5fc5114c0269bd09b350875d85ca3b672addbe75eaf749fc2a52541
WWN278590-3001S-CD,0.759766,0.905599,0.5,0.499674,1024x1536,RGBA,,,True,True,approved,False,PASS_CONTENT from 544-watch individual black-background review; pending v2 candidate recheck,unchanged-protected,False,0.759766,0.905599,0.5,0.499674,1024x1536,RGBA,,approved,6852c879f4a90ed44755ca807c3645707bb921c286fd0a3f6616ace1525bfd5d
CR210.32.42.20.01.001,0.855469,0.902344,0.5,0.5,1024x1536,RGBA,,caseW-high,False,True,acceptable variation,False,caseW-high; PASS_CONTENT from 544-watch individual black-background review,unchanged-protected,False,0.855469,0.902344,0.5,0.5,1024x1536,RGBA,caseW-high,acceptable variation,5801fc98c2a99f725ae0d4bef9218a284587587b1adc766ecfa657a77010e3b7
WWN210.32.42.20.01.003,0.834961,0.906901,0.499512,0.500326,1024x1536,RGBA,,caseW-high,False,True,acceptable variation,False,caseW-high; PASS_CONTENT from 544-watch individual black-background review,unchanged-protected,False,0.834961,0.906901,0.499512,0.500326,1024x1536,RGBA,caseW-high,acceptable variation,f26230a2e7f6807886d44a2da2322232cbf3ee8b779488ebc7c04b04856d6131
WWN278582-3001,0.746094,0.906901,0.499023,0.500326,1024x1536,RGBA,,,True,True,approved,False,PASS_CONTENT from 544-watch individual black-background review; pending v2 candidate recheck,unchanged-protected,False,0.746094,0.906901,0.499023,0.500326,1024x1536,RGBA,,approved,700cfa193153e8298534ddf36ccd6572c9ce7ff3b0fcbc59562dfb1804eaafac
WWN388563-3006,0.776367,0.909505,0.499512,0.500977,1024x1536,RGBA,,,True,True,approved,False,PASS_CONTENT from 544-watch individual black-background review; pending v2 candidate recheck,unchanged-protected,False,0.776367,0.909505,0.499512,0.500977,1024x1536,RGBA,,approved,81218c599d337358ddeb6153936f9a4975a9881388e2e1d22221b40e7ce02579
W1215,0.78125,0.955729,0.503906,0.494792,1024x1536,RGBA,,bboxH-high,False,True,acceptable variation,False,bboxH-high; PASS_CONTENT from legacy catalog black-background review,unchanged-protected,False,0.78125,0.955729,0.503906,0.494792,1024x1536,RGBA,bboxH-high,acceptable variation,3cfc533084f2dc3a9a703f94047c71f4e64257d025e5fa6e430aa6b86dd380df
W2115,0.75,0.96224,0.525391,0.498698,1024x1536,RGBA,,bboxH-high,False,True,acceptable variation,False,bboxH-high; PASS_CONTENT from legacy catalog black-background review,unchanged-protected,False,0.75,0.96224,0.525391,0.498698,1024x1536,RGBA,bboxH-high,acceptable variation,084f31716848795efb77b682058b684f6c8e764ad3a53a733e47355912503b0f
WWN220.10.41.21.01.001,0.853516,0.909505,0.5,0.500977,1024x1536,RGBA,,caseW-high,False,True,acceptable variation,False,caseW-high; PASS_CONTENT from 544-watch individual black-background review,unchanged-protected,False,0.853516,0.909505,0.5,0.500977,1024x1536,RGBA,caseW-high,acceptable variation,059d8d37a10659c84cf33791c5b0545e54a73d440113519251d2125a2f4c03d3
CR01-400-7778-7150-07-7-20-01TLC,0.761719,0.906901,0.5,0.499674,1024x1536,RGBA,,,True,True,approved,False,PASS_CONTENT from 544-watch individual black-background review; pending v2 candidate recheck,unchanged-protected,False,0.761719,0.906901,0.5,0.499674,1024x1536,RGBA,,approved,8203159614cf3690284ae411cbbd3403008a6f65d6726bfb1e20b4b75c63abb1
WWN102043,0.803711,0.906901,0.499512,0.499674,1024x1536,RGBA,,,True,True,approved,False,PASS_CONTENT from 544-watch individual black-background review; pending v2 candidate recheck,unchanged-protected,False,0.803711,0.906901,0.499512,0.499674,1024x1536,RGBA,,approved,c5da1703b91c6816b15bcb8b858acede322c8ab987bbed08e45164526a9dd15f
W1103,0.986517,1.0,0.5,0.5,445x900,RGBA,,canvas|caseW-high|bboxH-high,False,False,true failure,True,"canvas,caseW-high,bboxH-high; PASS_CONTENT from legacy catalog black-background review; human full-resolution review: strong perspective with looped bracelet",rerendered-and-approved,False,0.779297,0.891927,0.500000,0.500000,1024x1536,RGBA,,PASS,c635460ac42b2dd29b76f470627c413bf87609b853c8d5836518d7df405938c2
WWNM25610TNL-0001,0.849609,0.907552,0.5,0.5,1024x1536,RGBA,,caseW-high,False,True,acceptable variation,False,caseW-high; PASS_CONTENT from 544-watch individual black-background review,unchanged-protected,False,0.849609,0.907552,0.5,0.5,1024x1536,RGBA,caseW-high,acceptable variation,78299a7131ed248e2ac01d3f281230061ebde74d2c3dc66c39a4d54708b596ba
W2166,0.81543,0.960938,0.521973,0.496745,1024x1536,RGBA,,bboxH-high,False,True,acceptable variation,False,bboxH-high; PASS_CONTENT from legacy catalog black-background review,unchanged-protected,False,0.81543,0.960938,0.521973,0.496745,1024x1536,RGBA,bboxH-high,acceptable variation,ea2b387ffd707f0ea40ed3b296b8d3784062b8b214a738b92a31cd04990f2b6e
WW466,0.985871,1.0,0.500785,0.5,637x1000,RGBA,,canvas|caseW-high|bboxH-high,False,False,true failure,True,"canvas,caseW-high,bboxH-high; PASS_CONTENT from legacy catalog black-background review; human full-resolution review: strong perspective with looped bracelet",rerendered-and-approved,False,0.781250,0.897786,0.500000,0.499674,1024x1536,RGBA,,PASS,cbfa8a6fde61be7ed2e9fee2d5057fa5e647f55b1a6076784838499253f6b911
W117,0.986231,1.0,0.5,0.5,581x900,RGBA,,canvas|caseW-high|bboxH-high,False,False,true failure,True,"canvas,caseW-high,bboxH-high; PASS_CONTENT from legacy catalog black-background review; human full-resolution review: strong perspective with curled strap",rerendered-and-approved,False,0.781250,0.878906,0.500000,0.500000,1024x1536,RGBA,,PASS,eb5463c0c8101138fa5e9a72fad8a5f3e6168bce4c83a85069d17116655efdef
WWNM79643-0002,0.734375,0.906901,0.5,0.500326,1024x1536,RGBA,,,True,True,approved,False,PASS_CONTENT from 544-watch individual black-background review; pending v2 candidate recheck,unchanged-protected,False,0.734375,0.906901,0.5,0.500326,1024x1536,RGBA,,approved,912bcfc35cd392e82fd25c506f31d9c80d34364c4eba6a77acfeb25db51c88d2
WWNAB3114101L1A1,0.824219,0.90625,0.499023,0.5,1024x1536,RGBA,,,True,True,approved,False,PASS_CONTENT from 544-watch individual black-background review; pending v2 candidate recheck,unchanged-protected,False,0.824219,0.90625,0.499023,0.5,1024x1536,RGBA,,approved,a3e1d0a4b88bada64ad5cc1856e148be522f096c997ef618f3c26d9a8f260f28
WWNA10320101A1A1,0.793945,0.90625,0.499512,0.5,1024x1536,RGBA,,,True,True,approved,False,PASS_CONTENT from 544-watch individual black-background review; pending v2 candidate recheck,unchanged-protected,False,0.793945,0.90625,0.499512,0.5,1024x1536,RGBA,,approved,1343e2ab2cde7c403d6d92a72d88a12676b01d29eda4d7e16b49b1f2aea060cc
W1133,0.910515,1.0,0.508949,0.5,447x900,RGBA,,canvas|caseW-high|bboxH-high,False,True,acceptable variation,False,"canvas,caseW-high,bboxH-high; PASS_CONTENT from legacy catalog black-background review",unchanged-protected,False,0.910515,1.0,0.508949,0.5,447x900,RGBA,canvas|caseW-high|bboxH-high,acceptable variation,af60b1ab978142e17ac87ca104e59710a9f1c0685ab6e67a88736e7cba1597aa
W113,0.983491,0.998889,0.498821,0.499444,424x900,RGBA,,canvas|caseW-high|bboxH-high,False,True,acceptable variation,False,"canvas,caseW-high,bboxH-high; PASS_CONTENT from legacy catalog black-background review",unchanged-protected,False,0.983491,0.998889,0.498821,0.499444,424x900,RGBA,canvas|caseW-high|bboxH-high,acceptable variation,be7e3c93222a48703865ecf5b9bc2898ee6228622ed178ccc550a57c9cf80d2c
WL19,0.904509,0.934375,0.5,0.499219,754x1280,RGBA,,canvas|caseW-high,False,False,true failure,True,"canvas,caseW-high; PASS_CONTENT from legacy catalog black-background review; human full-resolution review: strong perspective with curled strap and visible buckle hardware",rerendered-and-approved,False,0.781250,0.889974,0.500000,0.500326,1024x1536,RGBA,,PASS,a702f39e21d8a172665129f89f72f9265fb16e2105656e2de5fd195fc7409d26
CRIW356502,0.794922,0.907552,0.5,0.5,1024x1536,RGBA,,,True,True,approved,False,PASS_CONTENT from 544-watch individual black-background review; pending v2 candidate recheck,unchanged-protected,False,0.794922,0.907552,0.5,0.5,1024x1536,RGBA,,approved,bdbcf25c86e4fe51c18eafa402595a27d43806e7ecd4dc4e3fe72b45706055c3
W2178,0.788086,0.942708,0.515137,0.494141,1024x1536,RGBA,,,True,True,approved,False,PASS_CONTENT from legacy catalog black-background review; pending v2 candidate recheck,unchanged-protected,False,0.788086,0.942708,0.515137,0.494141,1024x1536,RGBA,,approved,170255f5b0be5334d2f7313d51a1dc42d38c172aa0fbca79bbd15214c87304f4
WWN210.32.42.20.03.001,0.84375,0.907552,0.5,0.5,1024x1536,RGBA,,caseW-high,False,True,acceptable variation,False,caseW-high; PASS_CONTENT from 544-watch individual black-background review,unchanged-protected,False,0.84375,0.907552,0.5,0.5,1024x1536,RGBA,caseW-high,acceptable variation,558288aaf99d73be9edd2f7c0d834995bc5892da9551e5a8ce2ff18340a5ea65
WWNAB0145371L1A1,0.77832,0.907552,0.500488,0.5,1024x1536,RGBA,,,True,True,approved,False,PASS_CONTENT from 544-watch individual black-background review; pending v2 candidate recheck,unchanged-protected,False,0.77832,0.907552,0.500488,0.5,1024x1536,RGBA,,approved,675afce7b6aea390a3a8be895153bc1aa589c334ff6b57ff123e7528af4f7cd3
W1138,0.736328,0.9375,0.525391,0.5,1024x1536,RGBA,,,True,True,approved,False,PASS_CONTENT from legacy catalog black-background review; pending v2 candidate recheck,unchanged-protected,False,0.736328,0.9375,0.525391,0.5,1024x1536,RGBA,,approved,f623e2a0ba527a7a52a25d94fb149116624cf55a71c92027eed42d33bd08fb13
WW61,0.985222,0.985873,0.500821,0.5,609x991,RGBA,,canvas|caseW-high|bboxH-high,False,False,true failure,True,"canvas,caseW-high,bboxH-high; PASS_CONTENT from legacy catalog black-background review; human full-resolution review: strong perspective with curled strap and visible underside",rerendered-and-approved,False,0.780273,0.911458,0.500488,0.500000,1024x1536,RGBA,,PASS,e04e2ac431c7e75e79a727062d823cf0ded51b124f829f8b5c2c66b55bad1dfb
WW14,0.847143,0.997,0.497857,0.5005,700x1000,RGBA,,canvas|caseW-high|bboxH-high,False,False,true failure,True,"canvas,caseW-high,bboxH-high; PASS_CONTENT from legacy catalog black-background review; human full-resolution review: strong perspective with curled strap and visible underside",rerendered-and-approved,False,0.779297,0.880859,0.500000,0.499674,1024x1536,RGBA,,PASS,117506b44963549ad31b00c88926acc70cab87b85ecd86cc921175182cc0fe22
W156,0.71582,0.950521,0.520996,0.494792,1024x1536,RGBA,,caseW-low|bboxH-high,False,True,acceptable variation,False,"caseW-low,bboxH-high; PASS_CONTENT from legacy catalog black-background review",unchanged-protected,False,0.71582,0.950521,0.520996,0.494792,1024x1536,RGBA,caseW-low|bboxH-high,acceptable variation,568b0554cb1421641688280d00eed6cd72d83d9f47b30dab4efc87b8b3f4520e
CRCBZ2084.FT8097,0.875,0.860026,0.5,0.500326,1024x1536,RGBA,,caseW-high,False,True,acceptable variation,False,caseW-high; PASS_CONTENT from 544-watch individual black-background review,unchanged-protected,False,0.875,0.860026,0.5,0.500326,1024x1536,RGBA,caseW-high,acceptable variation,733fdd56e7c0756544a425bb9f0dda7de98dfc39e00c82a0a70ddf06d13df900
WWN324.30.38.50.02.001,0.793945,0.907552,0.499512,0.5,1024x1536,RGBA,,,True,True,approved,False,PASS_CONTENT from 544-watch individual black-background review; pending v2 candidate recheck,unchanged-protected,False,0.793945,0.907552,0.499512,0.5,1024x1536,RGBA,,approved,727b7ef7957bddc047ed8e2db02b1c1b0958d57bdab6d7ebb555c9881814e525
WWNM79833MN-0003,0.828125,0.906901,0.5,0.500326,1024x1536,RGBA,,,True,True,approved,False,PASS_CONTENT from 544-watch individual black-background review; pending v2 candidate recheck,unchanged-protected,False,0.828125,0.906901,0.5,0.500326,1024x1536,RGBA,,approved,ce45153cac9c8d01dd563a05012a00c7934f497e165ad652dc3932cd18ff6efe
W182,0.80957,0.936849,0.510254,0.49707,1024x1536,RGBA,,,True,True,approved,False,PASS_CONTENT from legacy catalog black-background review; pending v2 candidate recheck,unchanged-protected,False,0.80957,0.936849,0.510254,0.49707,1024x1536,RGBA,,approved,a941a0c7c31137766328f514ae4c546701cb7907043db4c145959018dd3c751f
W2156,0.518555,0.903646,0.518066,0.496094,1024x1536,RGBA,,caseW-low,False,True,acceptable variation,False,caseW-low; PASS_CONTENT from legacy catalog black-background review,unchanged-protected,False,0.518555,0.903646,0.518066,0.496094,1024x1536,RGBA,caseW-low,acceptable variation,33413546ca2eeb7dc5ac70e3099788e7c13c4b34ecac9ef7ecc35400209a4540
W1191,0.985124,1.0,0.499174,0.5,605x900,RGBA,,canvas|caseW-high|bboxH-high,False,False,true failure,True,"canvas,caseW-high,bboxH-high; PASS_CONTENT from legacy catalog black-background review; human full-resolution review: strong perspective with curled rubber strap",rerendered-and-approved,False,0.779297,0.882812,0.500000,0.500000,1024x1536,RGBA,,PASS,634f853e3835e9a1bbfa4574b44c011b3c0f20fa3863bf9f687ec00b39223e3b
W183,0.637695,0.920573,0.522949,0.490885,1024x1536,RGBA,,caseW-low,False,True,acceptable variation,False,caseW-low; PASS_CONTENT from legacy catalog black-background review,unchanged-protected,False,0.637695,0.920573,0.522949,0.490885,1024x1536,RGBA,caseW-low,acceptable variation,85a1c1873fea2e01f6abbe9d28d74a3d3b8de51d78b808f640630fe0c40d267a
W258,0.894366,0.933333,0.5,0.5,568x900,RGBA,,canvas|caseW-high,False,True,acceptable variation,False,"canvas,caseW-high; PASS_CONTENT from legacy catalog black-background review",unchanged-protected,False,0.894366,0.933333,0.5,0.5,568x900,RGBA,canvas|caseW-high,acceptable variation,1ec0147a2b975f40d5b4bf2ffc0513ffe092865cc74bb04fb0043f80b1b89b01
W280,0.982487,0.988,0.5,0.5,571x1000,RGBA,,canvas|caseW-high|bboxH-high,False,False,true failure,True,"canvas,caseW-high,bboxH-high; PASS_CONTENT from legacy catalog black-background review; human full-resolution review: possible bracelet or cutout damage at upper edge",rerendered-and-approved,False,0.779297,0.870443,0.500000,0.499674,1024x1536,RGBA,,PASS,b49973e72f32342b932413c9c3bb6bac1d9a26d3fe02b71702b3e990080d96a0
W189,0.891501,0.933333,0.5,0.5,553x900,RGBA,,canvas|caseW-high,False,True,acceptable variation,False,"canvas,caseW-high; PASS_CONTENT from legacy catalog black-background review",unchanged-protected,False,0.891501,0.933333,0.5,0.5,553x900,RGBA,canvas|caseW-high,acceptable variation,be76e6a9de6f6e9d6673f3e99f9ec8507ef68f577dd708bb9c711f1d5ee30291
W2119,0.851562,0.985677,0.506836,0.499349,1024x1536,RGBA,,caseW-high|bboxH-high,False,True,acceptable variation,False,"caseW-high,bboxH-high; PASS_CONTENT from legacy catalog black-background review",unchanged-protected,False,0.851562,0.985677,0.506836,0.499349,1024x1536,RGBA,caseW-high|bboxH-high,acceptable variation,ea3fd41d1b2badaaec4867b564e41a744d1e365184154b78f5f756ce46c12922
W1184,0.951768,0.986667,0.483923,0.493333,622x900,RGBA,,canvas|caseW-high|bboxH-high,False,False,true failure,True,"canvas,caseW-high,bboxH-high; PASS_CONTENT from legacy catalog black-background review; human full-resolution review: head-only presentation with severe clipping or missing strap",rerendered-and-approved,False,0.780273,0.901042,0.500488,0.500000,1024x1536,RGBA,,PASS,6c878e33b57970a6b068a01f2912d974bd6d1f941848c9bff0b75edaae3b9b56
W1383,0.980932,0.985556,0.498941,0.499444,472x900,RGBA,,canvas|caseW-high|bboxH-high,False,False,true failure,True,"canvas,caseW-high,bboxH-high; PASS_CONTENT from legacy catalog black-background review; human full-resolution review: strong perspective with looped bracelet",rerendered-and-approved,False,0.779297,0.898438,0.500000,0.500000,1024x1536,RGBA,,PASS,c5972208eb2f14c05e26807fe2e98c1ca258725fb7f0dab9f6c54cd31c383c16
W141,0.676758,0.911458,0.513184,0.486328,1024x1536,RGBA,,caseW-low,False,False,true failure,True,caseW-low; PASS_CONTENT from legacy catalog black-background review; human full-resolution review: visible strap holes,rerendered-and-approved,False,0.779297,0.911458,0.500000,0.500000,1024x1536,RGBA,,PASS,2b425c6a8e5335699e4d5ad2ef83c088d334d62ae8a2e17eb8d2a1240bafc2d7
CR01-400-7778-7158-07-7-20-01TLC,0.792969,0.906901,0.5,0.500326,1024x1536,RGBA,,,True,True,approved,False,PASS_CONTENT from 544-watch individual black-background review; pending v2 candidate recheck,unchanged-protected,False,0.792969,0.906901,0.5,0.500326,1024x1536,RGBA,,approved,e9a8adca4e89e9cdbaa320486f225bd0cbe2a6dab02ea6e7183190c26143dca3
CR01-473-7786-4065-07-5-19-22FC,0.762695,0.906901,0.499512,0.499674,1024x1536,RGBA,,,True,True,approved,False,PASS_CONTENT from 544-watch individual black-background review; pending v2 candidate recheck,unchanged-protected,False,0.762695,0.906901,0.499512,0.499674,1024x1536,RGBA,,approved,d8c2a270b222eb038e2dd6287dd63c8f3a1cb26b2197930b6c7ad1035ecbc9bc
WWN10199,0.756836,0.906901,0.499512,0.500326,1024x1536,RGBA,,,True,True,approved,False,PASS_CONTENT from 544-watch individual black-background review; pending v2 candidate recheck,unchanged-protected,False,0.756836,0.906901,0.499512,0.500326,1024x1536,RGBA,,approved,53633b60972e287d97fe912f2061faa6c254404ef3e5cd51c0ee5878a3b41ff0
WWN278590-3001S,0.77832,0.907552,0.499512,0.5,1024x1536,RGBA,,,True,True,approved,False,PASS_CONTENT from 544-watch individual black-background review; pending v2 candidate recheck,unchanged-protected,False,0.77832,0.907552,0.499512,0.5,1024x1536,RGBA,,approved,2fc4ee8847ed2a965dfba9b21303e7322bd38771e725b3bda79758cc194bea3a
WWN103540,0.74707,0.908203,0.499512,0.499674,1024x1536,RGBA,,,True,True,approved,False,PASS_CONTENT from 544-watch individual black-background review; pending v2 candidate recheck,unchanged-protected,False,0.74707,0.908203,0.499512,0.499674,1024x1536,RGBA,,approved,3766a999b25469e71cf86e238a36ae4b8dfdf5d5cce66dc8094270d23aceae37
W138,0.69043,0.923177,0.520996,0.491536,1024x1536,RGBA,,caseW-low,False,True,acceptable variation,False,caseW-low; PASS_CONTENT from legacy catalog black-background review,unchanged-protected,False,0.69043,0.923177,0.520996,0.491536,1024x1536,RGBA,caseW-low,acceptable variation,0d4f8327001b19ac67f32cb0237b7ca7f11c556a54407a4c6e0f104b98ad87e2
W286,0.848571,1.0,0.512857,0.5,700x1000,RGBA,,canvas|caseW-high|bboxH-high,False,False,true failure,True,"canvas,caseW-high,bboxH-high; PASS_CONTENT from legacy catalog black-background review; human full-resolution review: strong perspective with curled rubber strap",rerendered-and-approved,False,0.780273,0.863281,0.500488,0.500000,1024x1536,RGBA,,PASS,d6ad241b19c6659ce314074d97866df9f4d28c79763be69ac913a87c2204c7fb
W1484,0.606445,0.908203,0.522949,0.49056,1024x1536,RGBA,,caseW-low,False,False,true failure,True,caseW-low; PASS_CONTENT from legacy catalog black-background review; human full-resolution review: exposed NATO keeper hardware,rerendered-and-approved,False,0.781250,0.911458,0.500000,0.500000,1024x1536,RGBA,,PASS,5661c981140ae9eb05b5435b21c6173b575722a27f50b3b82735cd2e4fe98fab
WWNCV201AP.FC6429,0.813477,0.907552,0.499512,0.5,1024x1536,RGBA,,,True,True,acceptable variation,False,FAIL_CONTENT: strap perforations are visible in the catalog crop; human full-resolution review accepted current image; metric warnings only,unchanged-protected,False,0.813477,0.907552,0.499512,0.5,1024x1536,RGBA,,acceptable variation,7b512600767e2ab053414ade5a6f340ae91820d23a8e3809fcdc34fe2618cf3f
W1114,0.983333,1.0,0.500926,0.5,540x900,RGBA,,canvas|caseW-high|bboxH-high,False,False,true failure,True,"canvas,caseW-high,bboxH-high; PASS_CONTENT from legacy catalog black-background review; human full-resolution review: strong perspective with looped bracelet",rerendered-and-approved,False,0.779297,0.871745,0.500000,0.499674,1024x1536,RGBA,,PASS,288c0731e1826b8fd612dabd38ba809544149f39fc747154344eb7f4d8e7e15c
WWNAB3113A71C1A1,0.702148,0.907552,0.500488,0.499349,1024x1536,RGBA,,caseW-low,False,True,acceptable variation,False,caseW-low; PASS_CONTENT from 544-watch individual black-background review,unchanged-protected,False,0.702148,0.907552,0.500488,0.499349,1024x1536,RGBA,caseW-low,acceptable variation,ec92961437293a42b8b176bb65630818e47ff3168fdbff53ef26b32e86643caa
W122,0.985612,1.0,0.5,0.5,556x900,RGBA,,canvas|caseW-high|bboxH-high,False,False,true failure,True,"canvas,caseW-high,bboxH-high; PASS_CONTENT from legacy catalog black-background review; human full-resolution review: strong perspective with curled rubber strap",rerendered-and-approved,False,0.780273,0.855469,0.499512,0.500000,1024x1536,RGBA,,PASS,7bf7f0af2903fe23c53b6294004fd659c4765cdf4af6a5f8f276472333bdbf5f
WWN434.10.40.20.02.001,0.742188,0.909505,0.5,0.500977,1024x1536,RGBA,,,True,True,approved,False,PASS_CONTENT from 544-watch individual black-background review; pending v2 candidate recheck,unchanged-protected,False,0.742188,0.909505,0.5,0.500977,1024x1536,RGBA,,approved,d8aa5b418e50d965f52fe6347c4c7c8b63d9b36c99ab9eae8791edaad4da0435
WWNAB01766A1A1A1,0.81543,0.906901,0.499512,0.500326,1024x1536,RGBA,,,True,True,approved,False,PASS_CONTENT from 544-watch individual black-background review; pending v2 candidate recheck,unchanged-protected,False,0.81543,0.906901,0.499512,0.500326,1024x1536,RGBA,,approved,35ddfa65dda68d4f93acc9bef9f7566b0ad9c1e43907b921d2da6a3997bcff49
CR01-771-7791-4054-07-6-20-01,0.791016,0.906901,0.5,0.499674,1024x1536,RGBA,,,True,True,approved,False,PASS_CONTENT from 544-watch individual black-background review; pending v2 candidate recheck,unchanged-protected,False,0.791016,0.906901,0.5,0.499674,1024x1536,RGBA,,approved,1a594e0607a2e6ff9bd0d76abab2b1a2f83279b6f3c48dae0a25eee4cdc2da8b
W2141,0.736328,0.905599,0.523438,0.489258,1024x1536,RGBA,,,True,True,approved,False,PASS_CONTENT from legacy catalog black-background review; pending v2 candidate recheck,unchanged-protected,False,0.736328,0.905599,0.523438,0.489258,1024x1536,RGBA,,approved,23e28dc63481b8f577ae4682aa8c9676c91ec7d905e3dc28525814ea08badb1a
WWN102564,0.606445,0.907552,0.499512,0.5,1024x1536,RGBA,,caseW-low,False,True,acceptable variation,False,caseW-low; PASS_CONTENT from 544-watch individual black-background review,unchanged-protected,False,0.606445,0.907552,0.499512,0.5,1024x1536,RGBA,caseW-low,acceptable variation,4a5102b17e3870f3c19366a541a4166a3376d04c2e39f1a03d4ad0fd76f47e51
WWNM79680-0002,0.723633,0.906901,0.499512,0.499674,1024x1536,RGBA,,caseW-low,False,True,acceptable variation,False,caseW-low; PASS_CONTENT from 544-watch individual black-background review,unchanged-protected,False,0.723633,0.906901,0.499512,0.499674,1024x1536,RGBA,caseW-low,acceptable variation,583782563cc928613e355ce8339888eaf6f64bc49633a9039b7a23224fdc2809
WWNM7943A1A0NU-0002,0.759766,0.907552,0.5,0.5,1024x1536,RGBA,,,True,True,approved,False,PASS_CONTENT from 544-watch individual black-background review; pending v2 candidate recheck,unchanged-protected,False,0.759766,0.907552,0.5,0.5,1024x1536,RGBA,,approved,cd304f04c1ced2a3dba7ebc6ba10f424119d1651e9872b222404d580e4f7f3da
CRWBP208B.BF0631,0.870117,0.90625,0.499512,0.5,1024x1536,RGBA,,caseW-high,False,True,acceptable variation,False,caseW-high; PASS_CONTENT from 544-watch individual black-background review,unchanged-protected,False,0.870117,0.90625,0.499512,0.5,1024x1536,RGBA,caseW-high,acceptable variation,1456e31837fa917c628dd39bc404b42b18ecfa14a3e1438342cf22032a8cecd6
WWNCV201AR.BA0715,0.849609,0.906901,0.5,0.500326,1024x1536,RGBA,,caseW-high,False,True,acceptable variation,False,caseW-high; PASS_CONTENT from 544-watch individual black-background review,unchanged-protected,False,0.849609,0.906901,0.5,0.500326,1024x1536,RGBA,caseW-high,acceptable variation,d5cd6e2a7def098caff93aecb04375bec0b4a283116dd7aca6a4444fa0ed8740
WWNBR0394-RS20/SRB,0.758789,0.906901,0.499512,0.500326,1024x1536,RGBA,,,True,True,approved,False,PASS_CONTENT from 544-watch individual black-background review; pending v2 candidate recheck,unchanged-protected,False,0.758789,0.906901,0.499512,0.500326,1024x1536,RGBA,,approved,19133363900bf356b09dac56238233ab5101df8491e6b448d7d574ba19a7df62
WWNWBP5182.BF0010,0.797852,0.907552,0.499512,0.5,1024x1536,RGBA,,,True,True,approved,False,PASS_CONTENT from 544-watch individual black-background review; pending v2 candidate recheck,unchanged-protected,False,0.797852,0.907552,0.499512,0.5,1024x1536,RGBA,,approved,db9e4f5d443075419cda5d60a08f248ab82496b32de19c145d653a268a500f40
WWNL8.126.5.79.7,0.705078,0.906901,0.5,0.500326,1024x1536,RGBA,,caseW-low,False,True,acceptable variation,False,caseW-low; PASS_CONTENT from 544-watch individual black-background review,unchanged-protected,False,0.705078,0.906901,0.5,0.500326,1024x1536,RGBA,caseW-low,acceptable variation,c83b0c13f3396b102af570ae9a1d947fc13fac0d9e841026dce09abc3dc37eef
WWN103868,0.837891,0.906901,0.499023,0.500326,1024x1536,RGBA,,caseW-high,False,True,acceptable variation,False,caseW-high; PASS_CONTENT from 544-watch individual black-background review,unchanged-protected,False,0.837891,0.906901,0.499023,0.500326,1024x1536,RGBA,caseW-high,acceptable variation,78358d1f66458fe8dead264fd270fea945950831f784e92db4c4a70e31c8572a
W2181,0.591797,0.959635,0.493164,0.494792,1024x1536,RGBA,,caseW-low|bboxH-high,False,True,acceptable variation,False,"caseW-low,bboxH-high; PASS_CONTENT from legacy catalog black-background review",unchanged-protected,False,0.591797,0.959635,0.493164,0.494792,1024x1536,RGBA,caseW-low|bboxH-high,acceptable variation,b20ca8eed207f14a8ebd7c92c1a32634bc7b0f4c9b1b08931ef140c7c3d13eff
W18,0.84375,0.96224,0.527344,0.498047,1024x1536,RGBA,,caseW-high|bboxH-high,False,True,acceptable variation,False,"caseW-high,bboxH-high; PASS_CONTENT from legacy catalog black-background review",unchanged-protected,False,0.84375,0.96224,0.527344,0.498047,1024x1536,RGBA,caseW-high|bboxH-high,acceptable variation,f3f8f8fce537fd6065bf0bd8a3f2d95e5e51143c4782a944c28d23cdac03c3e9
WWNA32310171C1P1,0.84668,0.90625,0.499512,0.5,1024x1536,RGBA,,caseW-high,False,True,acceptable variation,False,caseW-high; PASS_CONTENT from 544-watch individual black-background review,unchanged-protected,False,0.84668,0.90625,0.499512,0.5,1024x1536,RGBA,caseW-high,acceptable variation,33f7da2ea0d38c3a7b06e8e08734c4e12a0d0153e1ec959179f6db95192e5b6d
WWNWSTA0107,0.432617,0.90625,0.499512,0.5,1024x1536,RGBA,,caseW-low,False,True,acceptable variation,False,caseW-low; PASS_CONTENT from 544-watch individual black-background review,unchanged-protected,False,0.432617,0.90625,0.499512,0.5,1024x1536,RGBA,caseW-low,acceptable variation,52467512d9cda1d8b4071bdc96ab518986225c9e5d5c8ccbcdc96666064d0dc0
W2106,0.759766,0.983073,0.504883,0.498698,1024x1536,RGBA,,bboxH-high,False,True,acceptable variation,False,bboxH-high; PASS_CONTENT from legacy catalog black-background review,unchanged-protected,False,0.759766,0.983073,0.504883,0.498698,1024x1536,RGBA,bboxH-high,acceptable variation,c84cf07ba7711a38b19590dad896ce495f81a412e6e57183a6ef1621ce592f2e
CRCAZ2012.BA0876,0.867188,0.90625,0.5,0.5,1024x1536,RGBA,,caseW-high,False,True,acceptable variation,False,caseW-high; PASS_CONTENT from 544-watch individual black-background review,unchanged-protected,False,0.867188,0.90625,0.5,0.5,1024x1536,RGBA,caseW-high,acceptable variation,708d52218c9c6b8de257bae80872a2220138e1a030fbc312b187eabefdbdf1d6
W2132,0.701172,0.965495,0.521484,0.500326,1024x1536,RGBA,,caseW-low|bboxH-high,False,True,acceptable variation,False,"caseW-low,bboxH-high; PASS_CONTENT from legacy catalog black-background review",unchanged-protected,False,0.701172,0.965495,0.521484,0.500326,1024x1536,RGBA,caseW-low|bboxH-high,acceptable variation,6a80b8fe87dda8a01b34fe831ffc104f89375458a48dfa07a2334a77505aa5e3
W1352,0.983425,1.0,0.500921,0.5,543x900,RGBA,,canvas|caseW-high|bboxH-high,False,False,true failure,True,"canvas,caseW-high,bboxH-high; PASS_CONTENT from legacy catalog black-background review; human full-resolution review: strong perspective with looped bracelet",rerendered-and-approved,False,0.778320,0.869792,0.499512,0.500000,1024x1536,RGBA,,PASS,603021e459120bfe96285fceb2f7f1e959513c7303c0d5834fc3016eceba5815
WWNA17329371L1A1,0.706055,0.907552,0.499512,0.5,1024x1536,RGBA,,caseW-low,False,True,acceptable variation,False,caseW-low; PASS_CONTENT from 544-watch individual black-background review,unchanged-protected,False,0.706055,0.907552,0.499512,0.5,1024x1536,RGBA,caseW-low,acceptable variation,ecbfe43e731ae7568ddd87ef5c8e823b0c2d7b1ae14bf8b2c593cbd7e67acec6
WWNAB3111241B1S1,0.841797,0.910156,0.5,0.500651,1024x1536,RGBA,,caseW-high,False,True,acceptable variation,False,caseW-high; PASS_CONTENT from 544-watch individual black-background review,unchanged-protected,False,0.841797,0.910156,0.5,0.500651,1024x1536,RGBA,caseW-high,acceptable variation,9d814f1267fe09d6ba8bc284d442ba521bf82507641ecc1c8dcddfafd5e80886
WWNA173265A1K1P2,0.757812,0.90625,0.499023,0.5,1024x1536,RGBA,,,True,True,approved,False,PASS_CONTENT from 544-watch individual black-background review; pending v2 candidate recheck,unchanged-protected,False,0.757812,0.90625,0.499023,0.5,1024x1536,RGBA,,approved,aa4491f1481c15f63b225d591e37b299943120d6446f4b8e29545b53cd22f459
WW675,0.930902,0.971,0.473129,0.4975,521x1000,RGBA,,canvas|caseW-high|bboxH-high,False,False,true failure,True,"canvas,caseW-high,bboxH-high; PASS_CONTENT from legacy catalog black-background review; human full-resolution review: strong perspective with looped bracelet",rerendered-and-approved,False,0.781250,0.911458,0.500000,0.500000,1024x1536,RGBA,,PASS,e6948c80f4d99ded4c1e3d3023fb2d5156949de2ce19d994c3f55ee0ce7fcafe
WWN104234,0.795898,0.909505,0.499512,0.500977,1024x1536,RGBA,,,True,True,approved,False,PASS_CONTENT from 544-watch individual black-background review; pending v2 candidate recheck,unchanged-protected,False,0.795898,0.909505,0.499512,0.500977,1024x1536,RGBA,,approved,46ff7662959bfdfe00799c7bb023f7ac19bc1cd9c11f47d7cdfa3d832e324b57
W1351,0.734375,0.891927,0.527344,0.48763,1024x1536,RGBA,,,True,True,approved,False,PASS_CONTENT from legacy catalog black-background review; pending v2 candidate recheck,unchanged-protected,False,0.734375,0.891927,0.527344,0.48763,1024x1536,RGBA,,approved,6ccb13e90ddab3c04bb0a76aab11a9708c2abe4fe3986afa2d17f2f6b0f9d8f2
W2118,0.737305,0.934896,0.525879,0.499349,1024x1536,RGBA,,,True,True,acceptable variation,False,FAIL_CONTENT: strap perforations are visible in the catalog crop; human full-resolution review accepted current image; metric warnings only,unchanged-protected,False,0.737305,0.934896,0.525879,0.499349,1024x1536,RGBA,,acceptable variation,28279e70f91c34d72076bae22ae66bdf4b74ac831830e5470414bc8675c8581b
WWNA17375E71G1A1,0.849609,0.909505,0.5,0.500977,1024x1536,RGBA,,caseW-high,False,True,acceptable variation,False,caseW-high; PASS_CONTENT from 544-watch individual black-background review,unchanged-protected,False,0.849609,0.909505,0.5,0.500977,1024x1536,RGBA,caseW-high,acceptable variation,06e74c3cec0d1c9fa7640f8889c78996182cfb7c1fb553566cb3f8b862431a76
WWNCBN2A1AA.FT6228,0.745117,0.908203,0.499512,0.500326,1024x1536,RGBA,,,True,True,acceptable variation,False,FAIL_CONTENT: strap perforations are visible in the catalog crop; human full-resolution review accepted current image; metric warnings only,unchanged-protected,False,0.745117,0.908203,0.499512,0.500326,1024x1536,RGBA,,acceptable variation,44dad4416e5b0872ccc8c5ed9ae5f19e0bce02a00e3215c046eec607ee962545
W2131,0.736328,0.9375,0.525391,0.488281,1024x1536,RGBA,,,True,True,approved,False,PASS_CONTENT from legacy catalog black-background review; pending v2 candidate recheck,unchanged-protected,False,0.736328,0.9375,0.525391,0.488281,1024x1536,RGBA,,approved,b7e08eca102d900fe3ddcc94baba91cdec2053ac013c99d9b88ee308c115be08
CR01-400-7772-4054-07-5-20-82,0.795898,0.906901,0.499512,0.499674,1024x1536,RGBA,,,True,True,approved,False,PASS_CONTENT from 544-watch individual black-background review; pending v2 candidate recheck,unchanged-protected,False,0.795898,0.906901,0.499512,0.499674,1024x1536,RGBA,,approved,aa2c23ba96e0fb30ea08b334b65cd98470789c7e0c880518d27c53613cc0fe45
WW341,0.992995,1.0,0.501751,0.5,571x1000,RGBA,,canvas|caseW-high|bboxH-high,False,False,true failure,True,"canvas,caseW-high,bboxH-high; PASS_CONTENT from legacy catalog black-background review; human full-resolution review: strong perspective with curled strap",rerendered-and-approved,False,0.780273,0.850911,0.499512,0.499674,1024x1536,RGBA,,PASS,94b17968616f56f3a7f0d57b3eefa9b1fc0b390a09d7a1f42feeab4ee497dbda
WWNWBN2319.BA0001,0.705078,0.90625,0.5,0.5,1024x1536,RGBA,,caseW-low,False,True,acceptable variation,False,caseW-low; PASS_CONTENT from 544-watch individual black-background review,unchanged-protected,False,0.705078,0.90625,0.5,0.5,1024x1536,RGBA,caseW-low,acceptable variation,55fc3766db64d1b68f63310864ce1e7564b18413fd6bd91184a385819da22216
WWN428.17.26.60.04.009,0.410156,0.911458,0.5,0.5,1024x1536,RGBA,,caseW-low,False,False,true failure,True,caseW-low; PASS_CONTENT from 544-watch individual black-background review; human full-resolution review: severely zoomed-out full-strap presentation,rerendered-and-approved,False,0.780273,0.911458,0.500488,0.500000,1024x1536,RGBA,,PASS,e8d4bc29b10b8bebfad46c10e46aae1fcbab28a3fb0688a42cb91545062db2ae
CR011283NRCANN,0.875,0.85026,0.5,0.499349,1024x1536,RGBA,,caseW-high,False,True,acceptable variation,False,caseW-high; PASS_CONTENT from 544-watch individual black-background review,unchanged-protected,False,0.875,0.85026,0.5,0.499349,1024x1536,RGBA,caseW-high,acceptable variation,afceb9e68d3532ef1a48780a120803213eef343d7f8fda8eea499baa0e2aabe2
CR011283NOCABUIDN,0.875,0.886068,0.5,0.500326,1024x1536,RGBA,,caseW-high,False,True,acceptable variation,False,caseW-high; PASS_CONTENT from 544-watch individual black-background review,unchanged-protected,False,0.875,0.886068,0.5,0.500326,1024x1536,RGBA,caseW-high,acceptable variation,4e9b49d460b2eb717179f9b77b8502d2de45e1e1d45da45252656a31832db1ea
WWNWAR1115.FC6392,0.761719,0.907552,0.5,0.5,1024x1536,RGBA,,,True,True,approved,False,PASS_CONTENT from 544-watch individual black-background review; pending v2 candidate recheck,unchanged-protected,False,0.761719,0.907552,0.5,0.5,1024x1536,RGBA,,approved,a9bbea6f8158a8a5f214dba38bb494d1ee16a4c41c1e89a0ecb8eae74b4107c5
WWNWBN231B.BA0001,0.668945,0.907552,0.499512,0.5,1024x1536,RGBA,,caseW-low,False,True,acceptable variation,False,caseW-low; PASS_CONTENT from 544-watch individual black-background review,unchanged-protected,False,0.668945,0.907552,0.499512,0.5,1024x1536,RGBA,caseW-low,acceptable variation,edbaf4b827ff7d0a2c830d8aa989be17275166f25025b65620c8a5376d497351
WWNWDA2114.BA0043,0.762695,0.90625,0.499512,0.5,1024x1536,RGBA,,,True,True,approved,False,PASS_CONTENT from 544-watch individual black-background review; pending v2 candidate recheck,unchanged-protected,False,0.762695,0.90625,0.499512,0.5,1024x1536,RGBA,,approved,d530ece78ed783127bda7402832cd5904c52404787136d70a7d6d0c454338429
WWNA10380101C1A1,0.726562,0.906901,0.5,0.500326,1024x1536,RGBA,,caseW-low,False,True,acceptable variation,False,caseW-low; PASS_CONTENT from 544-watch individual black-background review,unchanged-protected,False,0.726562,0.906901,0.5,0.500326,1024x1536,RGBA,caseW-low,acceptable variation,1aae7c3a61029a5098e63eb6e928939e939f56b3b8847f795f60744b8cdab26a
WWNA17329161C1P1,0.755859,0.907552,0.5,0.5,1024x1536,RGBA,,,True,True,approved,False,PASS_CONTENT from 544-watch individual black-background review; pending v2 candidate recheck,unchanged-protected,False,0.755859,0.907552,0.5,0.5,1024x1536,RGBA,,approved,14ec3fa8ccd090de7ff44b35db8b12600284185ccf6d0d7effa086eaf89def28
WW134,0.889667,0.934,0.499124,0.5,571x1000,RGBA,,canvas|caseW-high,False,True,acceptable variation,False,"canvas,caseW-high; PASS_CONTENT from legacy catalog black-background review",unchanged-protected,False,0.889667,0.934,0.499124,0.5,571x1000,RGBA,canvas|caseW-high,acceptable variation,b8696938677f7a0f35e672822f9401f6d3b794d557c5cb1af15bbd6bf12c232e
WWNL8.124.4.87.6-CD,0.62207,0.907552,0.499512,0.5,1024x1536,RGBA,,caseW-low,False,True,acceptable variation,False,caseW-low; PASS_CONTENT from 544-watch individual black-background review,unchanged-protected,False,0.62207,0.907552,0.499512,0.5,1024x1536,RGBA,caseW-low,acceptable variation,f8e0d4b2e8ae6851598688830178b1e7d9947f183ecd85b0207d975f930ff215
WL15,0.889667,0.979,0.481611,0.5005,571x1000,RGBA,,canvas|caseW-high|bboxH-high,False,False,true failure,True,"canvas,caseW-high,bboxH-high; PASS_CONTENT from legacy catalog black-background review; human full-resolution review: strong perspective with looped bracelet",rerendered-and-approved,False,0.779297,0.911458,0.500000,0.500000,1024x1536,RGBA,,PASS,8782ac6b57dbfd15a20f5e1f1e44a4f19d5c8c06e1fef93c94407ae704604b96
CRWBP201C.BA0632,0.820312,0.907552,0.5,0.5,1024x1536,RGBA,,,True,True,approved,False,PASS_CONTENT from 544-watch individual black-background review; pending v2 candidate recheck,unchanged-protected,False,0.820312,0.907552,0.5,0.5,1024x1536,RGBA,,approved,6afcf16cb540fd5a108e3897fb0f882701b5369b05c4d635eb070c468f129f15
WW714,0.984155,0.984663,0.49912,0.499489,568x978,RGBA,,canvas|caseW-high|bboxH-high,False,False,true failure,True,"canvas,caseW-high,bboxH-high; PASS_CONTENT from legacy catalog black-background review; human full-resolution review: strong perspective with full looped bracelet",rerendered-and-approved,False,0.780273,0.911458,0.499512,0.500000,1024x1536,RGBA,,PASS,7a2c964f116202b46c6215b30c9c7a5722dbbddfc8864ed6f4491d01274e53f6
WWNA233803A1B1A1,0.783203,0.909505,0.499512,0.500977,1024x1536,RGBA,,,True,True,approved,False,PASS_CONTENT from 544-watch individual black-background review; pending v2 candidate recheck,unchanged-protected,False,0.783203,0.909505,0.499512,0.500977,1024x1536,RGBA,,approved,4147478cc815ee4ba1ce1db6abb53a87870545f90beaf5cc638698356374b0d5
WWN10682,0.819336,0.908203,0.499512,0.500326,1024x1536,RGBA,,,True,True,approved,False,PASS_CONTENT from 544-watch individual black-background review; pending v2 candidate recheck,unchanged-protected,False,0.819336,0.908203,0.499512,0.500326,1024x1536,RGBA,,approved,a7c5335cd09961bbce7916f94c59d5be727133828f0a6548d99c1c84ec9d4d65
WWN10761,0.759766,0.90625,0.5,0.5,1024x1536,RGBA,,,True,True,approved,False,PASS_CONTENT from 544-watch individual black-background review; pending v2 candidate recheck,unchanged-protected,False,0.759766,0.90625,0.5,0.5,1024x1536,RGBA,,approved,67fa58b0cb0573ad5c05a514e7c9446d5ce6ada805185c06ae3b446cac563e59
CRWBN2113.BA0639,0.780273,0.90625,0.499512,0.5,1024x1536,RGBA,,,True,True,approved,False,PASS_CONTENT from 544-watch individual black-background review; pending v2 candidate recheck,unchanged-protected,False,0.780273,0.90625,0.499512,0.5,1024x1536,RGBA,,approved,edef96ae6e62351f349d886674ccd06e67c4b4eb7c6e2abe4e6ff6817c841464
CRWBN2012.BA0640,0.776367,0.906901,0.499512,0.500326,1024x1536,RGBA,,,True,True,approved,False,PASS_CONTENT from 544-watch individual black-background review; pending v2 candidate recheck,unchanged-protected,False,0.776367,0.906901,0.499512,0.500326,1024x1536,RGBA,,approved,45514ff0512774236007f5cc90f7a9e9c7fb1e7d6aed11eac3ae2432ca7a1ea6
WWNR10200152,0.423828,0.911458,0.5,0.5,1024x1536,RGBA,,caseW-low,False,True,acceptable variation,False,caseW-low; PASS_CONTENT from 544-watch individual black-background review,unchanged-protected,False,0.423828,0.911458,0.5,0.5,1024x1536,RGBA,caseW-low,acceptable variation,5a54869e513eccb82e579ca879fea965b9fb3e55d0694f6067ff366e85c58910
WW682,0.604492,0.902995,0.521973,0.485352,1024x1536,RGBA,,caseW-low,False,True,acceptable variation,False,caseW-low; PASS_CONTENT from legacy catalog black-background review,unchanged-protected,False,0.604492,0.902995,0.521973,0.485352,1024x1536,RGBA,caseW-low,acceptable variation,5c89ca584921e0e460de08ce8914f02d4802dc82fe29b2b79bb1dc6557d05e43
WWNE10379351B1E1,0.875,0.867839,0.5,0.499674,1024x1536,RGBA,,caseW-high,False,True,acceptable variation,False,caseW-high; PASS_CONTENT from 544-watch individual black-background review,unchanged-protected,False,0.875,0.867839,0.5,0.499674,1024x1536,RGBA,caseW-high,acceptable variation,1af8ccd994d2f30ef49e7fbcb06f654c638c58af405a87380d1149c45ce3a59f
WWNR10201712,0.610352,0.906901,0.499512,0.499674,1024x1536,RGBA,,caseW-low,False,True,acceptable variation,False,caseW-low; PASS_CONTENT from 544-watch individual black-background review,unchanged-protected,False,0.610352,0.906901,0.499512,0.499674,1024x1536,RGBA,caseW-low,acceptable variation,112dfb9124b70e5a2febc4bac6c7d6e3b4fb43aa9b6f4741b902d49c3c237cdb
WWNWDA2111.BA0043,0.758789,0.906901,0.499512,0.499674,1024x1536,RGBA,,,True,True,approved,False,PASS_CONTENT from 544-watch individual black-background review; pending v2 candidate recheck,unchanged-protected,False,0.758789,0.906901,0.499512,0.499674,1024x1536,RGBA,,approved,42d7910ca1f8ed2cd1f3e36df87470a1f1eac4177a0b623d07bcc5d4ee52fc09
W1104,0.980496,1.0,0.5,0.5,564x900,RGBA,,canvas|caseW-high|bboxH-high,False,False,true failure,True,"canvas,caseW-high,bboxH-high; PASS_CONTENT from legacy catalog black-background review; human full-resolution review: strong perspective with curled strap and visible underside",rerendered-and-approved,False,0.779297,0.911458,0.500000,0.500000,1024x1536,RGBA,,PASS,25edf1bdcdab4df08138524d426058a183cf621f201414bbfad110fe20361af5
WWNL3.821.4.93.6,0.801758,0.906901,0.500488,0.499674,1024x1536,RGBA,,,True,True,approved,False,PASS_CONTENT from 544-watch individual black-background review; pending v2 candidate recheck,unchanged-protected,False,0.801758,0.906901,0.500488,0.499674,1024x1536,RGBA,,approved,1643350597418f6a7511dbcfd28901190b598b6298920b7fac5570fbbaab7668
WWNA17376A31L1A1,0.829102,0.90625,0.499512,0.5,1024x1536,RGBA,,,True,True,approved,False,PASS_CONTENT from 544-watch individual black-background review; pending v2 candidate recheck,unchanged-protected,False,0.829102,0.90625,0.499512,0.5,1024x1536,RGBA,,approved,dbef661d2e57ffa0c28f17582fa00803fc75927276d950e5c8901ebe47bc25de
WWNCAZ2012.BA0970,0.775391,0.907552,0.5,0.5,1024x1536,RGBA,,,True,True,approved,False,PASS_CONTENT from 544-watch individual black-background review; pending v2 candidate recheck,unchanged-protected,False,0.775391,0.907552,0.5,0.5,1024x1536,RGBA,,approved,9357b4a9af57fc9bb5edf5968e7c11b8ae70cfca949ac9dcd6b95a8e835e7911
WWNM91451-0009,0.813477,0.90625,0.499512,0.5,1024x1536,RGBA,,,True,True,approved,False,PASS_CONTENT from 544-watch individual black-background review; pending v2 candidate recheck,unchanged-protected,False,0.813477,0.90625,0.499512,0.5,1024x1536,RGBA,,approved,d8c550807ce312e5b368f348c3e7c4fe0d42c0e37a5c0498631ba518569fa1f9
WWNWDA2115.BA0043,0.764648,0.911458,0.500488,0.5,1024x1536,RGBA,,,True,True,approved,False,PASS_CONTENT from 544-watch individual black-background review; pending v2 candidate recheck,unchanged-protected,False,0.764648,0.911458,0.500488,0.5,1024x1536,RGBA,,approved,d3dcc1efec9b3d33e10f09dbfca4b2d29d3d4ceca43dee122b278c5b3a692078
WWNA17376211B1A1,0.875977,0.904297,0.499512,0.499674,1024x1536,RGBA,,caseW-high,False,True,acceptable variation,False,caseW-high; PASS_CONTENT from 544-watch individual black-background review,unchanged-protected,False,0.875977,0.904297,0.499512,0.499674,1024x1536,RGBA,caseW-high,acceptable variation,6af2b5f7099c1354bbf1a0ff168284b57a732bbd310137b99a9518c2465a9dcb
WWN424.10.40.20.02.002,0.78418,0.907552,0.499512,0.5,1024x1536,RGBA,,,True,True,approved,False,PASS_CONTENT from 544-watch individual black-background review; pending v2 candidate recheck,unchanged-protected,False,0.78418,0.907552,0.499512,0.5,1024x1536,RGBA,,approved,a55f83911e253343ac6d61ba949cc55b978984037e6aa10dde80c4c9afdd2f97
W2179,0.539062,0.874349,0.520508,0.489909,1024x1536,RGBA,,caseW-low,False,True,acceptable variation,False,caseW-low; PASS_CONTENT from legacy catalog black-background review,unchanged-protected,False,0.539062,0.874349,0.520508,0.489909,1024x1536,RGBA,caseW-low,acceptable variation,2726b0198917aeccdd8f65106978a551de2adc108843df43c1900a726d993efe
WWNA77330121A2A1,0.783203,0.908854,0.5,0.501302,1024x1536,RGBA,,,True,True,approved,False,PASS_CONTENT from 544-watch individual black-background review; pending v2 candidate recheck,unchanged-protected,False,0.783203,0.908854,0.5,0.501302,1024x1536,RGBA,,approved,22d50ab8b8f36efa44828a73203c8b578bc1cd13eeac7609ad99f37bbdcfdfd7
W2139,0.638672,0.882812,0.514648,0.477214,1024x1536,RGBA,,caseW-low,False,True,acceptable variation,False,caseW-low; PASS_CONTENT from legacy catalog black-background review,unchanged-protected,False,0.638672,0.882812,0.514648,0.477214,1024x1536,RGBA,caseW-low,acceptable variation,d4304736e15434e312d9d3b8342a21613e279aac8db3fa6f2d728ee35610bf55
WWNR32150162,0.780273,0.906901,0.5,0.499674,1024x1536,RGBA,,,True,True,approved,False,PASS_CONTENT from 544-watch individual black-background review; pending v2 candidate recheck,unchanged-protected,False,0.780273,0.906901,0.5,0.499674,1024x1536,RGBA,,approved,7148e994998a35357a4dbae403eb25421fc4b33fb094fec494a2dcbbe9c0bce6
WWNA77320D91K1P1,0.779297,0.907552,0.5,0.5,1024x1536,RGBA,,,True,True,approved,False,PASS_CONTENT from 544-watch individual black-background review; pending v2 candidate recheck,unchanged-protected,False,0.779297,0.907552,0.5,0.5,1024x1536,RGBA,,approved,1583b6d64380b407479e36765865b70ceb98988851a715e754fed80cd92130cf
W1392,0.78418,0.95638,0.51709,0.499674,1024x1536,RGBA,,bboxH-high,False,True,acceptable variation,False,bboxH-high; PASS_CONTENT from legacy catalog black-background review,unchanged-protected,False,0.78418,0.95638,0.51709,0.499674,1024x1536,RGBA,bboxH-high,acceptable variation,e031ccd99e066c30c2bff782a724eb15db4ac919af8505682a0bc2a6626d27b5
W265,0.915,0.994,0.4975,0.5,600x1000,RGBA,,canvas|caseW-high|bboxH-high,False,False,true failure,True,"canvas,caseW-high,bboxH-high; PASS_CONTENT from legacy catalog black-background review; human full-resolution review: strong perspective with looped bracelet",rerendered-and-approved,False,0.781250,0.901042,0.500000,0.500000,1024x1536,RGBA,,PASS,b04132249492a4f719cb2ee486e913510f0470885b8149b428a7573ce3360363
CRM0A10771,0.767578,0.906901,0.5,0.499674,1024x1536,RGBA,,,True,True,approved,False,PASS_CONTENT from 544-watch individual black-background review; pending v2 candidate recheck,unchanged-protected,False,0.767578,0.906901,0.5,0.499674,1024x1536,RGBA,,approved,51b125bb2723c489166bd991c62ed370fc67f90c6bca34cc96828a920dcf0f65
WWNA17377211C1A1,0.807617,0.911458,0.500488,0.5,1024x1536,RGBA,,,True,True,approved,False,PASS_CONTENT from 544-watch individual black-background review; pending v2 candidate recheck,unchanged-protected,False,0.807617,0.911458,0.500488,0.5,1024x1536,RGBA,,approved,954dd2ef4126d9ede8c568cd8a1b5f47809cf0d561c0b385d38b7bfb2ee7973f
WWNM51000-0004,0.587891,0.907552,0.5,0.5,1024x1536,RGBA,,caseW-low,False,True,acceptable variation,False,caseW-low; PASS_CONTENT from 544-watch individual black-background review,unchanged-protected,False,0.587891,0.907552,0.5,0.5,1024x1536,RGBA,caseW-low,acceptable variation,98173bc1b99b18ece686e860c58226efcf2e9d9a687c243676f1a929788f23e9
W2153,0.794922,0.936849,0.51709,0.498372,1024x1536,RGBA,,,True,True,approved,False,PASS_CONTENT from legacy catalog black-background review; pending v2 candidate recheck,unchanged-protected,False,0.794922,0.936849,0.51709,0.498372,1024x1536,RGBA,,approved,5010a444c52708319360a3a0de40c9c595c8c4b684a070848e18f439e62b12bb
WWNA17378E71C1S1,0.875,0.891276,0.5,0.499023,1024x1536,RGBA,,caseW-high,False,True,acceptable variation,False,caseW-high; PASS_CONTENT from 544-watch individual black-background review,unchanged-protected,False,0.875,0.891276,0.5,0.499023,1024x1536,RGBA,caseW-high,acceptable variation,a2d4df78002f4bf94f334e9fa653deaf80be573cd4f3f50748754c542711a6ac
WWN10822,0.831055,0.906901,0.499512,0.499674,1024x1536,RGBA,,caseW-high,False,True,acceptable variation,False,caseW-high; PASS_CONTENT from 544-watch individual black-background review,unchanged-protected,False,0.831055,0.906901,0.499512,0.499674,1024x1536,RGBA,caseW-high,acceptable variation,73a457ccd2dd795d7a942a7e0c5a720f0b1bf96d0a5fb15c2e3195d4333f6178
W1282,0.987448,1.0,0.5,0.5,478x900,RGBA,,canvas|caseW-high|bboxH-high,False,False,true failure,True,"canvas,caseW-high,bboxH-high; PASS_CONTENT from legacy catalog black-background review; human full-resolution review: strong perspective with curled strap and visible underside",rerendered-and-approved,False,0.781250,0.889974,0.500000,0.500326,1024x1536,RGBA,,PASS,2660b58d2053ed9823f433557d2c55cd4074fcfad8ef4aa2bcd07285ad1421f9
WW866,0.989091,0.986882,0.498182,0.501514,550x991,RGBA,,canvas|caseW-high|bboxH-high,False,False,true failure,True,"canvas,caseW-high,bboxH-high; PASS_CONTENT from legacy catalog black-background review; human full-resolution review: strong perspective with looped bracelet",rerendered-and-approved,False,0.779297,0.861328,0.500000,0.500326,1024x1536,RGBA,,PASS,f24b53803fde2ff1df6279e6d7ba8ba924885e9b73083ff462baa48cc6ba44c6
WWNWSRN0030,0.702148,0.906901,0.499512,0.500326,1024x1536,RGBA,,caseW-low,False,True,acceptable variation,False,caseW-low; PASS_CONTENT from 544-watch individual black-background review,unchanged-protected,False,0.702148,0.906901,0.499512,0.500326,1024x1536,RGBA,caseW-low,acceptable variation,5481b99781ef0fc9f4aedde2589cb96919fc3c1a5d57291e57e86d269c262f22
WWN10796,0.675781,0.906901,0.5,0.500326,1024x1536,RGBA,,caseW-low,False,True,acceptable variation,False,caseW-low; PASS_CONTENT from 544-watch individual black-background review,unchanged-protected,False,0.675781,0.906901,0.5,0.500326,1024x1536,RGBA,caseW-low,acceptable variation,95113cda4a3ec27b03f484ce978f48c723f0e5ca6cbb7d7be712a5ed98348e59
W1112,0.982026,0.993333,0.500817,0.503333,612x900,RGBA,,canvas|caseW-high|bboxH-high,False,True,acceptable variation,False,"canvas,caseW-high,bboxH-high; PASS_CONTENT from legacy catalog black-background review",unchanged-protected,False,0.982026,0.993333,0.500817,0.503333,612x900,RGBA,canvas|caseW-high|bboxH-high,acceptable variation,7408866308bfe9740a2642f5585cc7944559f7b3a0504e7cfc4c2dde3db2ef26
W1355,0.75293,0.903646,0.524902,0.486979,1024x1536,RGBA,,,True,True,approved,False,PASS_CONTENT from legacy catalog black-background review; pending v2 candidate recheck,unchanged-protected,False,0.75293,0.903646,0.524902,0.486979,1024x1536,RGBA,,approved,a02c91b1b192dfc589a9371102ad8e7663d900a63016573a34298ec1174babe7
W295,0.793345,0.944,0.47373,0.499,571x1000,RGBA,,canvas,False,False,true failure,True,canvas; PASS_CONTENT from legacy catalog black-background review; human full-resolution review: strong perspective with full looped bracelet,rerendered-and-approved,False,0.780273,0.898438,0.500000,0.500000,1024x1536,RGBA,,PASS,4fca85125cba7cbd5ed4ff4953f67425ebe6193dcc55d433e41a48a58c9ee084
W2113,0.758789,0.932943,0.520996,0.486654,1024x1536,RGBA,,,True,True,approved,False,PASS_CONTENT from legacy catalog black-background review; pending v2 candidate recheck,unchanged-protected,False,0.758789,0.932943,0.520996,0.486654,1024x1536,RGBA,,approved,8e2797990fd9272d1fc875bf21559ca0190171dbb2f5024bb68974445e6dd17e
W1389,0.974638,0.955556,0.501812,0.487778,276x900,RGBA,,canvas|caseW-high|bboxH-high,False,True,acceptable variation,False,"canvas,caseW-high,bboxH-high; PASS_CONTENT from legacy catalog black-background review",unchanged-protected,False,0.974638,0.955556,0.501812,0.487778,276x900,RGBA,canvas|caseW-high|bboxH-high,acceptable variation,493310b029a840fd261550089eb7ff96000c55b3b597d6462f402e45ce399073
W1125,0.984032,1.0,0.500998,0.5,501x900,RGBA,,canvas|caseW-high|bboxH-high,False,True,acceptable variation,False,"canvas,caseW-high,bboxH-high; PASS_CONTENT from legacy catalog black-background review",unchanged-protected,False,0.984032,1.0,0.500998,0.5,501x900,RGBA,canvas|caseW-high|bboxH-high,acceptable variation,cd301a96487de0f5151e53777257cdaee9027066f2cd82bee88279b1e843e9d3
CRWBN2316.BA0001,0.703125,0.90625,0.5,0.5,1024x1536,RGBA,,caseW-low,False,True,acceptable variation,False,caseW-low; PASS_CONTENT from 544-watch individual black-background review,unchanged-protected,False,0.703125,0.90625,0.5,0.5,1024x1536,RGBA,caseW-low,acceptable variation,412cbd2b39a33355812fccc23a6b4fe5556a1e19f90459c296f49ef04dfc0e56
WWNWAY1396.BH0717,0.71875,0.906901,0.5,0.499674,1024x1536,RGBA,,caseW-low,False,True,acceptable variation,False,caseW-low; PASS_CONTENT from 544-watch individual black-background review,unchanged-protected,False,0.71875,0.906901,0.5,0.499674,1024x1536,RGBA,caseW-low,acceptable variation,afa4d45a2dc42d0dda8bd05d6ae04099f2dab6c404ee35f1978107b818cae1e3
WWNA17376211L2S1,0.797852,0.906901,0.500488,0.500326,1024x1536,RGBA,,,True,True,approved,False,PASS_CONTENT from 544-watch individual black-background review; pending v2 candidate recheck,unchanged-protected,False,0.797852,0.906901,0.500488,0.500326,1024x1536,RGBA,,approved,59ae1dd474f7df1640329eac322655bf19bbb5afb4628e0090ab99ab97200a13
WWN103963,0.744141,0.909505,0.5,0.500977,1024x1536,RGBA,,,True,True,approved,False,PASS_CONTENT from 544-watch individual black-background review; pending v2 candidate recheck,unchanged-protected,False,0.744141,0.909505,0.5,0.500977,1024x1536,RGBA,,approved,341c5896c4280f30fe71d3e48711bfd2c022c3767e547291002ae780c071e710
W1292,0.964856,0.987778,0.5,0.500556,313x900,RGBA,,canvas|caseW-high|bboxH-high,False,True,acceptable variation,False,"canvas,caseW-high,bboxH-high; PASS_CONTENT from legacy catalog black-background review",unchanged-protected,False,0.964856,0.987778,0.5,0.500556,313x900,RGBA,canvas|caseW-high|bboxH-high,acceptable variation,a9e3d9371b97dace8ec22762bbead3f76d468f8711431e1be3a443f13620f94c
W1100,0.998051,1.0,0.500975,0.5,513x900,RGBA,,canvas|caseW-high|bboxH-high,False,False,true failure,True,"canvas,caseW-high,bboxH-high; PASS_CONTENT from legacy catalog black-background review; human full-resolution review: strong perspective with curled rubber strap",rerendered-and-approved,False,0.781250,0.852214,0.500000,0.499674,1024x1536,RGBA,,PASS,ccc4e151bdc52cc51807502db24b220f0364168acdfa0331658f0aa0bebe402b
WW117,0.785714,0.989,0.491429,0.5005,700x1000,RGBA,,canvas|bboxH-high,False,False,true failure,True,"canvas,bboxH-high; PASS_CONTENT from legacy catalog black-background review; human full-resolution review: strong perspective with curled strap and visible underside",rerendered-and-approved,False,0.779297,0.911458,0.500000,0.500000,1024x1536,RGBA,,PASS,64aa0a9367253da4bcfcfcc1de28d810e4703c86dab129a97cb411726994868c
WW683,0.694415,0.91918,0.513699,0.481303,949x1658,RGBA,,canvas|caseW-low,False,True,acceptable variation,False,"canvas,caseW-low; PASS_CONTENT from legacy catalog black-background review",unchanged-protected,False,0.694415,0.91918,0.513699,0.481303,949x1658,RGBA,canvas|caseW-low,acceptable variation,77b5acda404bdb5606ca6f1c6ef282f2b32e055293cac3d1d0f430eefea70362
WWNR32145208,0.767578,0.906901,0.5,0.499674,1024x1536,RGBA,,,True,True,approved,False,PASS_CONTENT from 544-watch individual black-background review; pending v2 candidate recheck,unchanged-protected,False,0.767578,0.906901,0.5,0.499674,1024x1536,RGBA,,approved,c9ad6ab198f28c14663c3dcab374b652c3db80e7183d5f8b0948e39d285b3caa
W227,0.783203,0.906901,0.482422,0.49707,1024x1536,RGBA,,,True,True,approved,False,PASS_CONTENT from legacy catalog black-background review; pending v2 candidate recheck,unchanged-protected,False,0.783203,0.906901,0.482422,0.49707,1024x1536,RGBA,,approved,5fd1ebcaa28570c419c432129dcbac04fa2344c835af5f816a28ebe9c6b227dd
WWNWBE5116.FC8266,0.775391,0.906901,0.5,0.499674,1024x1536,RGBA,,,True,True,approved,False,PASS_CONTENT from 544-watch individual black-background review; pending v2 candidate recheck,unchanged-protected,False,0.775391,0.906901,0.5,0.499674,1024x1536,RGBA,,approved,bb775e0a41452ab2b0d7c359d97e1c2b39535d79aff6344e5550d1cba65d1019
WWN10001,0.864258,0.906901,0.499512,0.500326,1024x1536,RGBA,,caseW-high,False,True,acceptable variation,False,caseW-high; PASS_CONTENT from 544-watch individual black-background review,unchanged-protected,False,0.864258,0.906901,0.499512,0.500326,1024x1536,RGBA,caseW-high,acceptable variation,aa2c8013e1d23aa55880e98461203ee1f6a1dcee257e92bde1ba3f6ddae14d91
W1293,0.768448,0.734444,0.394402,0.386111,393x900,RGBA,,canvas|bboxH-low|case-centre-x|case-centre-y,False,False,true failure,True,"canvas,bboxH-low,case-centre-x,case-centre-y; PASS_CONTENT from legacy catalog black-background review; human full-resolution review: head-only or incomplete strap presentation",rerendered-and-approved,False,0.779297,0.911458,0.499512,0.500000,1024x1536,RGBA,,PASS,428d155ff0b047224a7089d6d445c4dcdc8f7a500bc974e0b27bbf54f5e5aedd
CRM0A10524,0.841797,0.906901,0.5,0.500326,1024x1536,RGBA,,caseW-high,False,True,acceptable variation,False,caseW-high; PASS_CONTENT from 544-watch individual black-background review,unchanged-protected,False,0.841797,0.906901,0.5,0.500326,1024x1536,RGBA,caseW-high,acceptable variation,0e05ef5c8af9383a00230b96aded259b2ecdb80f81bc8d087e8a3a890c0e338b
WWNA17375211B1S1,0.819336,0.908203,0.499512,0.500326,1024x1536,RGBA,,,True,True,approved,False,PASS_CONTENT from 544-watch individual black-background review; pending v2 candidate recheck,unchanged-protected,False,0.819336,0.908203,0.499512,0.500326,1024x1536,RGBA,,approved,f4dfc0fa59337f96c5b6b5b8251d228aab8aab9e5758c3bebe6ec09cc709a1c4
WWNR32128202,0.797852,0.906901,0.5,0.499674,1024x1536,RGBA,,,True,True,approved,False,PASS_CONTENT from 544-watch individual black-background review; pending v2 candidate recheck,unchanged-protected,False,0.797852,0.906901,0.5,0.499674,1024x1536,RGBA,,approved,644b3a8d3ab9875f8f655ca2d7af0da04a6bba73ac931f0d432376850e5ac84e
WWNL5.255.5.89.7,0.396484,0.90625,0.5,0.5,1024x1536,RGBA,,caseW-low,False,True,acceptable variation,False,caseW-low; PASS_CONTENT from 544-watch individual black-background review,unchanged-protected,False,0.396484,0.90625,0.5,0.5,1024x1536,RGBA,caseW-low,acceptable variation,deef8f6071e3fe006ef63fd7d5cbded5f5ddef81f19ef4ebae811ce5da37690e
WWN10765,0.709961,0.906901,0.499512,0.499674,1024x1536,RGBA,,caseW-low,False,True,acceptable variation,False,caseW-low; PASS_CONTENT from 544-watch individual black-background review,unchanged-protected,False,0.709961,0.906901,0.499512,0.499674,1024x1536,RGBA,caseW-low,acceptable variation,805da8fb0803b2bc3c96defb8577587180feec795ecebaf4c40882fd6cff5976
WWNWBC2111.BA0603,0.717773,0.906901,0.499512,0.500326,1024x1536,RGBA,,caseW-low,False,True,acceptable variation,False,caseW-low; PASS_CONTENT from 544-watch individual black-background review,unchanged-protected,False,0.717773,0.906901,0.499512,0.500326,1024x1536,RGBA,caseW-low,acceptable variation,31f7f475daaa96c616f5bae16e5db06a997cba83b805c092f7956fefc00c3ad5
W2163,0.675781,0.900391,0.512695,0.483398,1024x1536,RGBA,,caseW-low,False,True,acceptable variation,False,caseW-low; PASS_CONTENT from legacy catalog black-background review,unchanged-protected,False,0.675781,0.900391,0.512695,0.483398,1024x1536,RGBA,caseW-low,acceptable variation,8b6bda0a3dfce489659a41469982255aba61f352d4a38d588f56976af77ece67
WWNL3.835.4.72.6,0.785156,0.909505,0.5,0.500977,1024x1536,RGBA,,,True,True,approved,False,PASS_CONTENT from 544-watch individual black-background review; pending v2 candidate recheck,unchanged-protected,False,0.785156,0.909505,0.5,0.500977,1024x1536,RGBA,,approved,1516d4e1e0073acdfbaf6c9a467bd7b7384827046801ef595559b4c054336170
WWNWBN2012.BA0640,0.742188,0.907552,0.499023,0.5,1024x1536,RGBA,,,True,True,approved,False,PASS_CONTENT from 544-watch individual black-background review; pending v2 candidate recheck,unchanged-protected,False,0.742188,0.907552,0.499023,0.5,1024x1536,RGBA,,approved,aabfc27281bc295afd72da8edabee22845ee038293f562e7e141831c43d5c5dc
WWN10625,0.862305,0.907552,0.499512,0.5,1024x1536,RGBA,,caseW-high,False,True,acceptable variation,False,caseW-high; PASS_CONTENT from 544-watch individual black-background review,unchanged-protected,False,0.862305,0.907552,0.499512,0.5,1024x1536,RGBA,caseW-high,acceptable variation,170b40a3d89329ce3fa34b6876eaa9ac60919be96eb6c371e4285ceb931c662d
W2174,0.686523,0.936849,0.496582,0.489258,1024x1536,RGBA,,caseW-low,False,True,acceptable variation,False,caseW-low; PASS_CONTENT from legacy catalog black-background review,unchanged-protected,False,0.686523,0.936849,0.496582,0.489258,1024x1536,RGBA,caseW-low,acceptable variation,5154b825e9a641f209c7dc65ba58ceec422008e26f600e5b75e556ac2371f0ac
W2175,0.673828,0.989583,0.495117,0.5,1024x1536,RGBA,,caseW-low|bboxH-high,False,True,acceptable variation,False,"caseW-low,bboxH-high; PASS_CONTENT from legacy catalog black-background review",unchanged-protected,False,0.673828,0.989583,0.495117,0.5,1024x1536,RGBA,caseW-low|bboxH-high,acceptable variation,721132e927fe574dd7a6ad30ad169b2c843c3b8d1c0a1445fc96c70ec31391c2
WWNR32127162,0.823242,0.906901,0.499512,0.500326,1024x1536,RGBA,,,True,True,approved,False,PASS_CONTENT from 544-watch individual black-background review; pending v2 candidate recheck,unchanged-protected,False,0.823242,0.906901,0.499512,0.500326,1024x1536,RGBA,,approved,8a941f4780bf37114b5cb340f7a3c581f57ac2a03ccc68f34dec35a210d316c9
W1382,0.983015,0.992222,0.5,0.503889,471x900,RGBA,,canvas|caseW-high|bboxH-high,False,False,true failure,True,"canvas,caseW-high,bboxH-high; PASS_CONTENT from legacy catalog black-background review; human full-resolution review: strong perspective with looped bracelet",rerendered-and-approved,False,0.779297,0.911458,0.500000,0.500000,1024x1536,RGBA,,PASS,68c1737861f23442bf7c03b65a830e9f57fe9ec99ee484398d38961baa59725e
WWNL3.821.4.53.9,0.754883,0.907552,0.499512,0.5,1024x1536,RGBA,,,True,False,true failure,True,FAIL_CONTENT: exposed NATO keeper hardware does not match the approved presentation; human full-resolution review: full NATO strap hardware visible,rerendered-and-approved,False,0.779297,0.858724,0.500000,0.500326,1024x1536,RGBA,,PASS,711ad5528f1e6fd5e1baa82e4274c694ad63aa9b9bf87dfe2520abd30dcbbf44
WWNA77320171C1P1,0.734375,0.906901,0.5,0.499674,1024x1536,RGBA,,,True,True,approved,False,PASS_CONTENT from 544-watch individual black-background review; pending v2 candidate recheck,unchanged-protected,False,0.734375,0.906901,0.5,0.499674,1024x1536,RGBA,,approved,70fc1f59e5d74cc63b2659ced7e7daa111cccf100549280c9817168d454ac3a5
WW311,0.982788,1.0,0.5,0.5,581x1000,RGBA,,canvas|caseW-high|bboxH-high,False,True,acceptable variation,False,"canvas,caseW-high,bboxH-high; PASS_CONTENT from legacy catalog black-background review",unchanged-protected,False,0.982788,1.0,0.5,0.5,581x1000,RGBA,canvas|caseW-high|bboxH-high,acceptable variation,2d400abfe95fdc6eb474db8aa4b3fcfdb215e59f14d799f7da06a3cb833dcddf
W2114,0.75,0.934245,0.49707,0.494466,1024x1536,RGBA,,,True,True,approved,False,PASS_CONTENT from legacy catalog black-background review; pending v2 candidate recheck,unchanged-protected,False,0.75,0.934245,0.49707,0.494466,1024x1536,RGBA,,approved,79be97b516de9a25f435486bf6e0e3d5c802e8e6baed378428117e8a2df74593
CR797.10.101.10,0.764648,0.907552,0.499512,0.5,1024x1536,RGBA,,,True,True,approved,False,PASS_CONTENT from 544-watch individual black-background review; pending v2 candidate recheck,unchanged-protected,False,0.764648,0.907552,0.499512,0.5,1024x1536,RGBA,,approved,0f96e557b32ade7d73b601c2040756d34e9e5859d94249ca6eadbe6ef2e800eb
WWN10715,0.737305,0.907552,0.499512,0.5,1024x1536,RGBA,,,True,True,approved,False,PASS_CONTENT from 544-watch individual black-background review; pending v2 candidate recheck,unchanged-protected,False,0.737305,0.907552,0.499512,0.5,1024x1536,RGBA,,approved,a581b84d93167e57e371ce9f05576270030da13b6236a5e28ea09f17ed269a61
W2173,0.714844,0.878906,0.518555,0.471354,1024x1536,RGBA,,caseW-low,False,True,acceptable variation,False,caseW-low; PASS_CONTENT from legacy catalog black-background review,unchanged-protected,False,0.714844,0.878906,0.518555,0.471354,1024x1536,RGBA,caseW-low,acceptable variation,cb558ceb25ea601911fb40d43d774148f14e8f6763069228462e5ca8541c2376
WWNWBN2312.BA0001,0.686523,0.911458,0.499512,0.5,1024x1536,RGBA,,caseW-low,False,True,acceptable variation,False,caseW-low; PASS_CONTENT from 544-watch individual black-background review,unchanged-protected,False,0.686523,0.911458,0.499512,0.5,1024x1536,RGBA,caseW-low,acceptable variation,8a23a782d9122c2d1f1f07f17e84eccd347cb48a2d095074e725f9ea80a7520d
WWN10735,0.785156,0.906901,0.5,0.500326,1024x1536,RGBA,,,True,True,approved,False,PASS_CONTENT from 544-watch individual black-background review; pending v2 candidate recheck,unchanged-protected,False,0.785156,0.906901,0.5,0.500326,1024x1536,RGBA,,approved,05fcdfc200990121df72a0d4e767e6d7f2a79ce8e52a837dce00f90247c88bc4
WWNWBN2112.BA0639,0.766602,0.908854,0.499512,0.501302,1024x1536,RGBA,,,True,True,approved,False,PASS_CONTENT from 544-watch individual black-background review; pending v2 candidate recheck,unchanged-protected,False,0.766602,0.908854,0.499512,0.501302,1024x1536,RGBA,,approved,8c144920f33266ed3ea2ebc9aa673fc327647d4234199d28e4d73b841b38b32c
W1308,0.930233,0.982202,0.501661,0.5,301x899,RGBA,,canvas|caseW-high|bboxH-high,False,False,true failure,True,"canvas,caseW-high,bboxH-high; PASS_CONTENT from legacy catalog black-background review; human full-resolution review: strong perspective with curled strap and visible underside",rerendered-and-approved,False,0.780273,0.911458,0.499512,0.500000,1024x1536,RGBA,,PASS,d1289bd4745cca17bc8028bbb7228609da60c1077a5cfe3efac1a5485255f546
CRM0A10829,0.823242,0.907552,0.499512,0.5,1024x1536,RGBA,,,True,True,approved,False,PASS_CONTENT from 544-watch individual black-background review; pending v2 candidate recheck,unchanged-protected,False,0.823242,0.907552,0.499512,0.5,1024x1536,RGBA,,approved,ad19203efec41f424e9b5d0c805e0dfb075d3d263f2326c87c8973ccf2425788
WWNR32144202,0.845703,0.907552,0.5,0.5,1024x1536,RGBA,,caseW-high,False,True,acceptable variation,False,caseW-high; PASS_CONTENT from 544-watch individual black-background review,unchanged-protected,False,0.845703,0.907552,0.5,0.5,1024x1536,RGBA,caseW-high,acceptable variation,a02cf6125d85a9c83e94ed58af2e88ccdd86317c47c8a556eafd1fc40e270789
WWNWBN2313.BA0001,0.753906,0.907552,0.5,0.5,1024x1536,RGBA,,,True,True,approved,False,PASS_CONTENT from 544-watch individual black-background review; pending v2 candidate recheck,unchanged-protected,False,0.753906,0.907552,0.5,0.5,1024x1536,RGBA,,approved,d225714fa0a4ac7a9eeb62d0d48bcc6b3a1020359ad29d26aa3cecc8da35b430
WWN01 400 7772 4054-07 5 20 82,0.319336,0.909505,0.500488,0.500977,1024x1536,RGBA,,caseW-low,False,False,true failure,True,caseW-low; PASS_CONTENT from 544-watch individual black-background review; human full-resolution review: severely zoomed-out full-strap presentation,rerendered-and-approved,False,0.780273,0.911458,0.500488,0.500000,1024x1536,RGBA,,PASS,3bbefd1dfc2de258d094e4e59b83ea4c72621eab4d5fe0436c0d3b5861927a23
WWN01 400 7790 4135-07 4 23 45EB,0.608398,0.911458,0.499512,0.5,1024x1536,RGBA,,caseW-low,False,True,acceptable variation,False,caseW-low; PASS_CONTENT from 544-watch individual black-background review,unchanged-protected,False,0.608398,0.911458,0.499512,0.5,1024x1536,RGBA,caseW-low,acceptable variation,ade684c9f8a260e61760057f68d15a555f4e326f4d4188bc9a58a8499ce8ca33
WWNL3.764.4.16.6,0.748047,0.90625,0.499023,0.5,1024x1536,RGBA,,,True,True,approved,False,PASS_CONTENT from 544-watch individual black-background review; pending v2 candidate recheck,unchanged-protected,False,0.748047,0.90625,0.499023,0.5,1024x1536,RGBA,,approved,26374d8b20df08a137f6ab922dc4fa0bfb4710b8c67249253f0c687cb60f14e5
W2142,0.69043,0.908854,0.51123,0.488281,1024x1536,RGBA,,caseW-low,False,True,acceptable variation,False,caseW-low; PASS_CONTENT from legacy catalog black-background review,unchanged-protected,False,0.69043,0.908854,0.51123,0.488281,1024x1536,RGBA,caseW-low,acceptable variation,97793c7bb2698f408871e9530183642427afcfbe64cce935430a52bc35c43f4e
W2164,0.651367,0.970703,0.509277,0.500326,1024x1536,RGBA,,caseW-low|bboxH-high,False,True,acceptable variation,False,"caseW-low,bboxH-high; PASS_CONTENT from legacy catalog black-background review",unchanged-protected,False,0.651367,0.970703,0.509277,0.500326,1024x1536,RGBA,caseW-low|bboxH-high,acceptable variation,f32bfec1c239306d2a031811cea59dfd0a829acf0055174a8b272c7a7ae9375e
WWNL2.830.4.93.0,0.771484,0.906901,0.5,0.499674,1024x1536,RGBA,,,True,True,approved,False,PASS_CONTENT from 544-watch individual black-background review; pending v2 candidate recheck,unchanged-protected,False,0.771484,0.906901,0.5,0.499674,1024x1536,RGBA,,approved,b056f9d465d4a7d854fb3a9ba82c359c32bca427348fe0d7a6aaab74bdcd5000
W235,0.987741,0.99,0.499124,0.501,571x1000,RGBA,,canvas|caseW-high|bboxH-high,False,False,true failure,True,"canvas,caseW-high,bboxH-high; PASS_CONTENT from legacy catalog black-background review; human full-resolution review: visible strap holes and strong perspective",rerendered-and-approved,False,0.779297,0.858724,0.500000,0.499674,1024x1536,RGBA,,PASS,b581cf4bbdbde1bc5f6b661dba5d845eb652f80d61152a9105b9fc2ab65968bf
W261,0.803853,0.987,0.503503,0.5015,571x1000,RGBA,,canvas|bboxH-high,False,False,true failure,True,"canvas,bboxH-high; PASS_CONTENT from legacy catalog black-background review; human full-resolution review: upper bracelet and cutout appear visibly damaged",rerendered-and-approved,False,0.780273,0.893229,0.499512,0.500000,1024x1536,RGBA,,PASS,1ee8e08615f5d92baeef77c4c1a979ee8ce499d151663a32a25776892addb1c9
WW138,0.867143,1.0,0.512857,0.5,700x1000,RGBA,,canvas|caseW-high|bboxH-high,False,True,acceptable variation,False,"canvas,caseW-high,bboxH-high; PASS_CONTENT from legacy catalog black-background review",unchanged-protected,False,0.867143,1.0,0.512857,0.5,700x1000,RGBA,canvas|caseW-high|bboxH-high,acceptable variation,ef9413b2549e6d71613d8e1a13aa93f914b14ceb315bcce2f78a43e54ef426be
W215,0.800781,0.943359,0.491211,0.485352,1024x1536,RGBA,,,True,True,acceptable variation,False,FAIL_CONTENT: strap perforations are visible in the catalog crop; human full-resolution review accepted current image; metric warnings only,unchanged-protected,False,0.800781,0.943359,0.491211,0.485352,1024x1536,RGBA,,acceptable variation,ffc4da059f775870bf7b2eb4c3174e22d9d8e148ab47287d5a3e1995d39659ac
W2112,0.638672,0.895182,0.525391,0.488607,1024x1536,RGBA,,caseW-low,False,True,acceptable variation,False,caseW-low; PASS_CONTENT from legacy catalog black-background review,unchanged-protected,False,0.638672,0.895182,0.525391,0.488607,1024x1536,RGBA,caseW-low,acceptable variation,93c5cbbebfe8f8ebff0fc0628e2a6022a7c74d642a3342e66326035d3bc87481
WL42,0.865714,1.0,0.511429,0.5,700x1000,RGBA,,canvas|caseW-high|bboxH-high,False,True,acceptable variation,False,"canvas,caseW-high,bboxH-high; PASS_CONTENT from legacy catalog black-background review",unchanged-protected,False,0.865714,1.0,0.511429,0.5,700x1000,RGBA,canvas|caseW-high|bboxH-high,acceptable variation,e0da9a6e1e3e85e0751086c982673c91c978f9fa64c1dc5e13d65eedb591a8ee
W1454,0.808594,0.979818,0.52832,0.498372,1024x1536,RGBA,,bboxH-high,False,True,acceptable variation,False,bboxH-high; PASS_CONTENT from legacy catalog black-background review,unchanged-protected,False,0.808594,0.979818,0.52832,0.498372,1024x1536,RGBA,bboxH-high,acceptable variation,216754c891ad8e99b8eca8fa57cd6092184e424986645d350bec6b20403a803b
W299,0.844133,0.993,0.490368,0.4995,571x1000,RGBA,,canvas|caseW-high|bboxH-high,False,False,true failure,True,"canvas,caseW-high,bboxH-high; PASS_CONTENT from legacy catalog black-background review; human full-resolution review: strong perspective with looped bracelet",rerendered-and-approved,False,0.779297,0.911458,0.500000,0.500000,1024x1536,RGBA,,PASS,9ee5f2ae0615b56664f8731ca55b6de50f817cfce332216b4a251fbbaa998421
WWNX82310D51B1S2,0.863281,0.907552,0.499512,0.5,1024x1536,RGBA,,caseW-high,False,True,acceptable variation,False,caseW-high; PASS_CONTENT from 544-watch individual black-background review,unchanged-protected,False,0.863281,0.907552,0.499512,0.5,1024x1536,RGBA,caseW-high,acceptable variation,2bb82f76a3566fdb8ba7fd457a2f977741e7e14bfae7996fd11a2c39bfcddddc
W1269,0.984526,0.984444,0.5,0.501111,517x900,RGBA,,canvas|caseW-high|bboxH-high,False,False,true failure,True,"canvas,caseW-high,bboxH-high; PASS_CONTENT from legacy catalog black-background review; human full-resolution review: strong perspective with looped bracelet",rerendered-and-approved,False,0.780273,0.876953,0.499512,0.500326,1024x1536,RGBA,,PASS,876b363360f9d48895869dd8fb6567686bdf27677f5b8a554283ca9464f88d61
W2107,0.693359,0.93099,0.526367,0.498698,1024x1536,RGBA,,caseW-low,False,True,acceptable variation,False,caseW-low; PASS_CONTENT from legacy catalog black-background review,unchanged-protected,False,0.693359,0.93099,0.526367,0.498698,1024x1536,RGBA,caseW-low,acceptable variation,4103b5ed9393400b4a39e69e1c1bf6c561ccb3dd6a34f18a1ad9b013540b485e
W1684,0.71582,0.900391,0.520996,0.482096,1024x1536,RGBA,,caseW-low,False,True,acceptable variation,False,caseW-low; PASS_CONTENT from legacy catalog black-background review,unchanged-protected,False,0.71582,0.900391,0.520996,0.482096,1024x1536,RGBA,caseW-low,acceptable variation,fef08c83fd7ecdd18fa1d8aa002f5609f482aef5153fefd3b79e0b23f66371ec
W259,0.933333,1.0,0.498333,0.5,600x1000,RGBA,,canvas|caseW-high|bboxH-high,False,False,true failure,True,"canvas,caseW-high,bboxH-high; PASS_CONTENT from legacy catalog black-background review; human full-resolution review: upper bracelet and cutout appear visibly damaged",rerendered-and-approved,False,0.779297,0.880208,0.500000,0.500000,1024x1536,RGBA,,PASS,9ad0b1362cf1aee574fa362ca0f83b439a83ef0c202aef26dea8e9c583201b1c
W2155,0.697266,0.925781,0.513672,0.495443,1024x1536,RGBA,,caseW-low,False,True,acceptable variation,False,caseW-low; PASS_CONTENT from legacy catalog black-background review,unchanged-protected,False,0.697266,0.925781,0.513672,0.495443,1024x1536,RGBA,caseW-low,acceptable variation,cb87b3ec350703f17da896fab337185a55ffbd70320e929bd3afd84ff8e8b76c
W2125,0.712891,0.942057,0.507812,0.487956,1024x1536,RGBA,,caseW-low,False,True,acceptable variation,False,caseW-low; PASS_CONTENT from legacy catalog black-background review,unchanged-protected,False,0.712891,0.942057,0.507812,0.487956,1024x1536,RGBA,caseW-low,acceptable variation,47feb13b46a2d3a93f9218682a88d2e417218325b998c697c6fc141ea87a7e06
WW684,0.912811,0.933,0.49911,0.5005,562x1000,RGBA,,canvas|caseW-high,False,False,true failure,True,"canvas,caseW-high; PASS_CONTENT from legacy catalog black-background review; human full-resolution review: strong perspective with curled strap and visible underside",rerendered-and-approved,False,0.780273,0.911458,0.499512,0.500000,1024x1536,RGBA,,PASS,d506501a293a677ba2152fb1743c662d004682debaad52ed1e4d3185cec18547
W297,0.833625,0.985,0.495622,0.5015,571x1000,RGBA,,canvas|caseW-high|bboxH-high,False,False,true failure,True,"canvas,caseW-high,bboxH-high; PASS_CONTENT from legacy catalog black-background review; human full-resolution review: strong perspective with looped bracelet",rerendered-and-approved,False,0.780273,0.911458,0.499512,0.500000,1024x1536,RGBA,,PASS,04bc9e6ebf5d543b5d8949ae207110b93ff12e10fdaeee532aad565db4087bec
WWN10623,0.789062,0.907552,0.5,0.5,1024x1536,RGBA,,,True,True,approved,False,PASS_CONTENT from 544-watch individual black-background review; pending v2 candidate recheck,unchanged-protected,False,0.789062,0.907552,0.5,0.5,1024x1536,RGBA,,approved,f6b28f4918404ed0709c0f8ea8923952a1f0f4a244980297d839e4796e8971f3
WWNR27174712,0.689453,0.906901,0.5,0.500326,1024x1536,RGBA,,caseW-low,False,True,acceptable variation,False,caseW-low; PASS_CONTENT from 544-watch individual black-background review,unchanged-protected,False,0.689453,0.906901,0.5,0.500326,1024x1536,RGBA,caseW-low,acceptable variation,bb00efc9329e072f4ff1db7b78affe96377a0aea0e7c42cb4b47cf1bfacff73d
WWNL6.141.4.77.6-CD,0.517578,0.906901,0.499023,0.500326,1024x1536,RGBA,,caseW-low,False,True,acceptable variation,False,caseW-low; PASS_CONTENT from 544-watch individual black-background review,unchanged-protected,False,0.517578,0.906901,0.499023,0.500326,1024x1536,RGBA,caseW-low,acceptable variation,ced834c274c9964b58c67c9c419106961527dda95a60be8c14219133a4595ace
W1273,0.976608,0.984444,0.5,0.5,513x900,RGBA,,canvas|caseW-high|bboxH-high,False,True,acceptable variation,False,"canvas,caseW-high,bboxH-high; PASS_CONTENT from legacy catalog black-background review",unchanged-protected,False,0.976608,0.984444,0.5,0.5,513x900,RGBA,canvas|caseW-high|bboxH-high,acceptable variation,8ff0d16d7f5d79df0afde120b3bfb30c4d4496ea58de8ececc325ed164ba57cc
WW746,0.975482,1.0,0.49387,0.5,571x1000,RGBA,,canvas|caseW-high|bboxH-high,False,False,true failure,True,"canvas,caseW-high,bboxH-high; PASS_CONTENT from legacy catalog black-background review; human full-resolution review: strong perspective with curled strap and visible underside",rerendered-and-approved,False,0.779297,0.911458,0.500000,0.500000,1024x1536,RGBA,,PASS,fd02cb188beae616dde69dcd21dfc14645b6dd70b1e55f7f1d2717eef81acb39
W2120,0.739258,0.957031,0.524902,0.489583,1024x1536,RGBA,,bboxH-high,False,True,acceptable variation,False,bboxH-high; PASS_CONTENT from legacy catalog black-background review,unchanged-protected,False,0.739258,0.957031,0.524902,0.489583,1024x1536,RGBA,bboxH-high,acceptable variation,a1fe467241d4f5ead9c6ce377ffd170d16f0d537579ff52467ad08da6c2dc3aa
W2176,0.642578,0.917318,0.507812,0.480794,1024x1536,RGBA,,caseW-low,False,True,acceptable variation,False,caseW-low; PASS_CONTENT from legacy catalog black-background review,unchanged-protected,False,0.642578,0.917318,0.507812,0.480794,1024x1536,RGBA,caseW-low,acceptable variation,22237b662597183268ca92249527abff8c3c5afef58d7c66a9ddd239512007ed
W2105,0.674805,0.947266,0.528809,0.494466,1024x1536,RGBA,,caseW-low,False,True,acceptable variation,False,caseW-low; PASS_CONTENT from legacy catalog black-background review,unchanged-protected,False,0.674805,0.947266,0.528809,0.494466,1024x1536,RGBA,caseW-low,acceptable variation,ad9e17a38c46af883815a1205efdd6494280d9e0e3af34b0d992f3bf65193c58
W1511,0.788086,0.964193,0.508301,0.497721,1024x1536,RGBA,,bboxH-high,False,True,acceptable variation,False,bboxH-high; PASS_CONTENT from legacy catalog black-background review,unchanged-protected,False,0.788086,0.964193,0.508301,0.497721,1024x1536,RGBA,bboxH-high,acceptable variation,3540187d3279946e4042822d829b2a6e1b53e040af5322fe177cbf439043289a
WWNX82310E51B1S2,0.834961,0.905599,0.5,0.500326,1024x1536,RGBA,,caseW-high,False,True,acceptable variation,False,caseW-high; PASS_CONTENT from 544-watch individual black-background review,unchanged-protected,False,0.834961,0.905599,0.5,0.500326,1024x1536,RGBA,caseW-high,acceptable variation,e8c5d1617762d2d47a4a20730e05b74c1aadc4daafce0207dcd3de9744e7be09
W2143,0.53125,0.926432,0.530762,0.488607,1024x1536,RGBA,,caseW-low|case-centre-x,False,True,acceptable variation,False,"caseW-low,case-centre-x; PASS_CONTENT from legacy catalog black-background review",unchanged-protected,False,0.53125,0.926432,0.530762,0.488607,1024x1536,RGBA,caseW-low|case-centre-x,acceptable variation,0be356afa060842f6324e861c3d85126d94c4ca424c77c5ae1b68ecdeb630757
W277,0.84063,0.989,0.50613,0.5005,571x1000,RGBA,,canvas|caseW-high|bboxH-high,False,False,true failure,True,"canvas,caseW-high,bboxH-high; PASS_CONTENT from legacy catalog black-background review; human full-resolution review: strong perspective with looped bracelet",rerendered-and-approved,False,0.779297,0.911458,0.500000,0.500000,1024x1536,RGBA,,PASS,bea1148bf31d89a1bc780e56f0331d63a6c8903eb757a3cea0d83594857184eb
W1528,0.98008,1.0,0.5,0.5,502x900,RGBA,,canvas|caseW-high|bboxH-high,False,False,true failure,True,"canvas,caseW-high,bboxH-high; PASS_CONTENT from legacy catalog black-background review; human full-resolution review: strong perspective with curled strap and visible underside",rerendered-and-approved,False,0.781250,0.891276,0.500000,0.500326,1024x1536,RGBA,,PASS,fbd0ff9f5da3327d01474d47480ca108fd4ef779e5356145c891dba7f1506f4f
W1485,0.725586,0.951823,0.506348,0.491536,1024x1536,RGBA,,caseW-low|bboxH-high,False,False,true failure,True,"caseW-low,bboxH-high; PASS_CONTENT from legacy catalog black-background review; human full-resolution review: exposed NATO keeper hardware",rerendered-and-approved,False,0.780273,0.911458,0.500000,0.500000,1024x1536,RGBA,,PASS,a318b1489cbdca0fa68b3299d671698e39362265fad37fc0514e73e1ef1e49e4
WWNL3.812.4.63.6,0.764648,0.906901,0.499512,0.500326,1024x1536,RGBA,,,True,True,approved,False,PASS_CONTENT from 544-watch individual black-background review; pending v2 candidate recheck,unchanged-protected,False,0.764648,0.906901,0.499512,0.500326,1024x1536,RGBA,,approved,51af19e336504ec147db5f0a7f2805c89163eb7933bdf29193df0b8717499808
CRH38446730,0.844727,0.906901,0.499512,0.499674,1024x1536,RGBA,,caseW-high,False,True,acceptable variation,False,caseW-high; PASS_CONTENT from 544-watch individual black-background review,unchanged-protected,False,0.844727,0.906901,0.499512,0.499674,1024x1536,RGBA,caseW-high,acceptable variation,552d6d8ba04292fa4e5824a2d024439558075ba786859483fd3e84f0b5990d62
WWN10658,0.782227,0.907552,0.499512,0.5,1024x1536,RGBA,,,True,True,approved,False,PASS_CONTENT from 544-watch individual black-background review; pending v2 candidate recheck,unchanged-protected,False,0.782227,0.907552,0.499512,0.5,1024x1536,RGBA,,approved,1e34cae3a9982af2d3dbaac44cec75e744589125043cc97f3f3a8fcaeae21b6e
WWNWAY208D.FC8221,0.767578,0.907552,0.5,0.5,1024x1536,RGBA,,,True,False,true failure,True,FAIL_CONTENT: exposed NATO keeper and buckle hardware does not match the approved presentation; human full-resolution review: full NATO strap hardware visible,rerendered-and-approved,False,0.780273,0.911458,0.500488,0.500000,1024x1536,RGBA,,PASS,4492145c831ed8437c56acfe9ea32c15f6b74c16d94965d06dcf9fba0c3df3ee
WWNL3.802.4.60.6,0.785156,0.906901,0.499023,0.499674,1024x1536,RGBA,,,True,True,approved,False,PASS_CONTENT from 544-watch individual black-background review; pending v2 candidate recheck,unchanged-protected,False,0.785156,0.906901,0.499023,0.499674,1024x1536,RGBA,,approved,807da529d165aad69b949ba013306e1342860225272dcaa1468dee1c17650221
WL35,0.872857,1.0,0.507857,0.5,700x1000,RGBA,,canvas|caseW-high|bboxH-high,False,True,acceptable variation,False,"canvas,caseW-high,bboxH-high; PASS_CONTENT from legacy catalog black-background review",unchanged-protected,False,0.872857,1.0,0.507857,0.5,700x1000,RGBA,canvas|caseW-high|bboxH-high,acceptable variation,c39029cad600d0dfa75a7932bc8ddf791bb89468be7346c5e9e27eab6e28093b
W2122,0.744141,0.965495,0.507812,0.49707,1024x1536,RGBA,,bboxH-high,False,True,acceptable variation,False,bboxH-high; PASS_CONTENT from legacy catalog black-background review,unchanged-protected,False,0.744141,0.965495,0.507812,0.49707,1024x1536,RGBA,bboxH-high,acceptable variation,1c31a13680f29cfddaa3599ee832c12374eb554a1164ba328e127f5c15cc2807
WL37,0.766602,0.943359,0.523926,0.491862,1024x1536,RGBA,,,True,True,approved,False,PASS_CONTENT from legacy catalog black-background review; pending v2 candidate recheck,unchanged-protected,False,0.766602,0.943359,0.523926,0.491862,1024x1536,RGBA,,approved,752b90294a336f42f2ae84c394b2438874ce2e25d4accd4681d8f273a8c675f9
W1675,0.762695,0.955729,0.504395,0.5,1024x1536,RGBA,,bboxH-high,False,True,acceptable variation,False,bboxH-high; PASS_CONTENT from legacy catalog black-background review,unchanged-protected,False,0.762695,0.955729,0.504395,0.5,1024x1536,RGBA,bboxH-high,acceptable variation,f2cc77e296ee4a7e49ad90bb7db21494729b621263907a2169c3e84d84e22759
W2123,0.727539,0.962891,0.503418,0.492513,1024x1536,RGBA,,caseW-low|bboxH-high,False,True,acceptable variation,False,"caseW-low,bboxH-high; PASS_CONTENT from legacy catalog black-background review",unchanged-protected,False,0.727539,0.962891,0.503418,0.492513,1024x1536,RGBA,caseW-low|bboxH-high,acceptable variation,84a5c632eae806832195492b1b299557ac55ccc1992f750852c3e82d4ab4ebd7
WWNR32256712,0.707031,0.906901,0.5,0.499674,1024x1536,RGBA,,caseW-low,False,True,acceptable variation,False,caseW-low; PASS_CONTENT from 544-watch individual black-background review,unchanged-protected,False,0.707031,0.906901,0.5,0.499674,1024x1536,RGBA,caseW-low,acceptable variation,7fdb1486ab1649ea662cd052c73dfc3718471e8f962ee442dc4bc6de2424a43d
W1529,0.984762,0.982222,0.499048,0.5,525x900,RGBA,,canvas|caseW-high|bboxH-high,False,False,true failure,True,"canvas,caseW-high,bboxH-high; PASS_CONTENT from legacy catalog black-background review; human full-resolution review: strong perspective with curled strap and visible underside",rerendered-and-approved,False,0.779297,0.857422,0.500000,0.500326,1024x1536,RGBA,,PASS,158d91da943cdce953a8724140eb68f2d443ea11a0a513b54b784513536e5297
WWNL3.802.4.63.6,0.792969,0.908854,0.5,0.501302,1024x1536,RGBA,,,True,True,approved,False,PASS_CONTENT from 544-watch individual black-background review; pending v2 candidate recheck,unchanged-protected,False,0.792969,0.908854,0.5,0.501302,1024x1536,RGBA,,approved,1b73c4682f3d3a1cdd3ffed5639a829f51dfcf055dd4e2806351770f30d22cf6
WW812,0.981132,0.99,0.5,0.502,530x1000,RGBA,,canvas|caseW-high|bboxH-high,False,False,true failure,True,"canvas,caseW-high,bboxH-high; PASS_CONTENT from legacy catalog black-background review; human full-resolution review: strong perspective with looped bracelet",rerendered-and-approved,False,0.780273,0.879557,0.500488,0.499674,1024x1536,RGBA,,PASS,82a1fd9a1b3eb01aa9e16bdce3fe3ec5d7931b1d7141459c7643a7f1bc06a996
WWN434.10.30.60.02.001,0.677734,0.907552,0.499023,0.5,1024x1536,RGBA,,caseW-low,False,True,acceptable variation,False,caseW-low; PASS_CONTENT from 544-watch individual black-background review,unchanged-protected,False,0.677734,0.907552,0.499023,0.5,1024x1536,RGBA,caseW-low,acceptable variation,3fd7cea1bddb397311e69afc0ea0b15d28dc9ec4f48e94e0f8d7284ac13ec6ed
W1677,0.669922,0.85612,0.519531,0.462565,1024x1536,RGBA,,caseW-low|case-centre-y,False,True,acceptable variation,False,"caseW-low,case-centre-y; PASS_CONTENT from legacy catalog black-background review",unchanged-protected,False,0.669922,0.85612,0.519531,0.462565,1024x1536,RGBA,caseW-low|case-centre-y,acceptable variation,b2ecdd2e6eaff2739e91b5a13cc25004ad23fb2281c5cda83c01213023ee0c92
CR01-733-7771-4055-07-3-19-02S,0.84082,0.906901,0.499512,0.500326,1024x1536,RGBA,,caseW-high,False,True,acceptable variation,False,caseW-high; PASS_CONTENT from 544-watch individual black-background review,unchanged-protected,False,0.84082,0.906901,0.499512,0.500326,1024x1536,RGBA,caseW-high,acceptable variation,cbdfe5b6c88effefe577f78da6ee145b9beb8152e6ba2a988fd3459dc7abc8fd
CRWAZ2011.BA0843,0.782227,0.907552,0.499512,0.5,1024x1536,RGBA,,,True,True,approved,False,PASS_CONTENT from 544-watch individual black-background review; pending v2 candidate recheck,unchanged-protected,False,0.782227,0.907552,0.499512,0.5,1024x1536,RGBA,,approved,3a0aeb1a1033cb5e0fe13f695227bedc7704b129accd67f43b07aefe71fac86c
WWNL3.802.4.93.2,0.825195,0.907552,0.499512,0.5,1024x1536,RGBA,,,True,True,approved,False,PASS_CONTENT from 544-watch individual black-background review; pending v2 candidate recheck,unchanged-protected,False,0.825195,0.907552,0.499512,0.5,1024x1536,RGBA,,approved,62acaaa5e614ceff7d8fd5864458a4eac89b90580425c6fdde6342369465761a
W2138,0.464844,0.886719,0.519043,0.473307,1024x1536,RGBA,,caseW-low,False,True,acceptable variation,False,caseW-low; PASS_CONTENT from legacy catalog black-background review,unchanged-protected,False,0.464844,0.886719,0.519043,0.473307,1024x1536,RGBA,caseW-low,acceptable variation,0726a358e237ceb5ac9ab1c9c5989a97f475150bf7b8b6cb66294ffc2e735bc2
W2169,0.754883,0.955729,0.497559,0.49349,1024x1536,RGBA,,bboxH-high,False,True,acceptable variation,False,bboxH-high; PASS_CONTENT from legacy catalog black-background review,unchanged-protected,False,0.754883,0.955729,0.497559,0.49349,1024x1536,RGBA,bboxH-high,acceptable variation,3c0ba775c202abf96ed2bf8ef77912f05157995aa04e1ca044f903e492283dcf
WWNR32033902,0.708984,0.90625,0.499023,0.5,1024x1536,RGBA,,caseW-low,False,True,acceptable variation,False,caseW-low; PASS_CONTENT from 544-watch individual black-background review,unchanged-protected,False,0.708984,0.90625,0.499023,0.5,1024x1536,RGBA,caseW-low,acceptable variation,a4f3f92a462666aca8b796adf3dff9ed98d99d0756e97cfb1efb214b0022ef29
W1549,0.853516,0.913411,0.542969,0.49056,1024x1536,RGBA,,caseW-high|case-centre-x,False,True,acceptable variation,False,"caseW-high,case-centre-x; PASS_CONTENT from legacy catalog black-background review",unchanged-protected,False,0.853516,0.913411,0.542969,0.49056,1024x1536,RGBA,caseW-high|case-centre-x,acceptable variation,401c72e94cb7b1a0eae33a408dd878394bc833dce194b04ba25cee2c664f7f80
WWNL3.774.1.50.2,0.762695,0.90625,0.5,0.5,1024x1536,RGBA,,,True,True,approved,False,PASS_CONTENT from 544-watch individual black-background review; pending v2 candidate recheck,unchanged-protected,False,0.762695,0.90625,0.5,0.5,1024x1536,RGBA,,approved,f298a9a4bbee9df3cc5f67ce8eaad1fa974d7e98ea68b0f5e0279f80eef49efc
WWNR27073722,0.688477,0.907552,0.499512,0.5,1024x1536,RGBA,,caseW-low,False,True,acceptable variation,False,caseW-low; PASS_CONTENT from 544-watch individual black-background review,unchanged-protected,False,0.688477,0.907552,0.499512,0.5,1024x1536,RGBA,caseW-low,acceptable variation,fb0085c2f7fec0790ecf5aae3da6c46028390920c0d4b23c78f4943a1f9d8e24
WWNWAR1113.FC6392,0.761719,0.906901,0.5,0.499674,1024x1536,RGBA,,,True,True,approved,False,PASS_CONTENT from 544-watch individual black-background review; pending v2 candidate recheck,unchanged-protected,False,0.761719,0.906901,0.5,0.499674,1024x1536,RGBA,,approved,490058aeb8b6f1d08da50d0c763481f9f5b8e1aa5a3ac09f3955fa82768f09bb
WWNMWW06A000777,0.654297,0.904948,0.499512,0.5,1024x1536,RGBA,,caseW-low,False,True,acceptable variation,False,caseW-low; PASS_CONTENT from 544-watch individual black-background review,unchanged-protected,False,0.654297,0.904948,0.499512,0.5,1024x1536,RGBA,caseW-low,acceptable variation,15ad959ca99a3f3809e8e30c06767792de953a0e14d039180646a9fd52add75c
WWNMWW33B000003,0.682617,0.907552,0.499512,0.5,1024x1536,RGBA,,caseW-low,False,True,acceptable variation,False,caseW-low; PASS_CONTENT from 544-watch individual black-background review,unchanged-protected,False,0.682617,0.907552,0.499512,0.5,1024x1536,RGBA,caseW-low,acceptable variation,7a9ebad42ebc5748b517737df5d44feda1c348b63e0a3bc0d8c30ed535659641
WWNL5.755.4.87.6-CD,0.503906,0.907552,0.499512,0.5,1024x1536,RGBA,,caseW-low,False,True,acceptable variation,False,caseW-low; PASS_CONTENT from 544-watch individual black-background review,unchanged-protected,False,0.503906,0.907552,0.499512,0.5,1024x1536,RGBA,caseW-low,acceptable variation,a6e2dac579aa70c3848c4c9d2d507406ed21ad594089c50890e403de56d1dd3e
WWNL4.709.4.88.6-CD,0.597656,0.906901,0.5,0.499674,1024x1536,RGBA,,caseW-low,False,True,acceptable variation,False,caseW-low; PASS_CONTENT from 544-watch individual black-background review,unchanged-protected,False,0.597656,0.906901,0.5,0.499674,1024x1536,RGBA,caseW-low,acceptable variation,bde35717199c40b6b3dbfd344801cabf28b28088539c897dee726a275d2b8b6b
WWNWBP1118.BA0047,0.791016,0.907552,0.5,0.5,1024x1536,RGBA,,,True,True,approved,False,PASS_CONTENT from 544-watch individual black-background review; pending v2 candidate recheck,unchanged-protected,False,0.791016,0.907552,0.5,0.5,1024x1536,RGBA,,approved,8c1eb9e5377ceef26223a19b75c65fba3330ca67b172945bde0af5bd97976578
WWNL3.812.4.63.2,0.771484,0.907552,0.5,0.5,1024x1536,RGBA,,,True,True,approved,False,PASS_CONTENT from 544-watch individual black-background review; pending v2 candidate recheck,unchanged-protected,False,0.771484,0.907552,0.5,0.5,1024x1536,RGBA,,approved,b883ec5301b6a12c13e2a438ab28fd957a731f17db2d65e2d420b83cbee84988
WWNWBG1312.BA0758,0.692383,0.906901,0.499512,0.500326,1024x1536,RGBA,,caseW-low,False,True,acceptable variation,False,caseW-low; PASS_CONTENT from 544-watch individual black-background review,unchanged-protected,False,0.692383,0.906901,0.499512,0.500326,1024x1536,RGBA,caseW-low,acceptable variation,58fca1d7115e9ff497b8ebf7d11fdb4eb11c8cf566e6f1c1970cd12a1bf69f31
CR830.10.351.21,0.788086,0.906901,0.499512,0.500326,1024x1536,RGBA,,,True,True,approved,False,PASS_CONTENT from 544-watch individual black-background review; pending v2 candidate recheck,unchanged-protected,False,0.788086,0.906901,0.499512,0.500326,1024x1536,RGBA,,approved,9b0af6296b4a7d02313e825783ff03decb68d262fa6450f82684522d0c61f7f6
W1523,0.678711,0.921224,0.527832,0.493815,1024x1536,RGBA,,caseW-low,False,True,acceptable variation,False,caseW-low; PASS_CONTENT from legacy catalog black-background review,unchanged-protected,False,0.678711,0.921224,0.527832,0.493815,1024x1536,RGBA,caseW-low,acceptable variation,76ce62b187fae8046cb2cdb38d5dc69927cef6f209250da3ce314374db968205
WWNR27073752,0.716797,0.909505,0.5,0.500977,1024x1536,RGBA,,caseW-low,False,True,acceptable variation,False,caseW-low; PASS_CONTENT from 544-watch individual black-background review,unchanged-protected,False,0.716797,0.909505,0.5,0.500977,1024x1536,RGBA,caseW-low,acceptable variation,f0d393b39f268c1d66178272aaebd28a2cfcd713c4bf8e51e93d924512d857cb
WWNR27073712,0.673828,0.907552,0.5,0.5,1024x1536,RGBA,,caseW-low,False,True,acceptable variation,False,caseW-low; PASS_CONTENT from 544-watch individual black-background review,unchanged-protected,False,0.673828,0.907552,0.5,0.5,1024x1536,RGBA,caseW-low,acceptable variation,66a4f7159efd37056e3f358a0e5ceaad2eadb60de1f673365f26f1ef256b8150
CRH32205890,0.842773,0.907552,0.499512,0.499349,1024x1536,RGBA,,caseW-high,False,True,acceptable variation,False,caseW-high; PASS_CONTENT from 544-watch individual black-background review,unchanged-protected,False,0.842773,0.907552,0.499512,0.499349,1024x1536,RGBA,caseW-high,acceptable variation,c2d85efa644abc731a455d46be857bfd61e6d5fad7741d4f99b3ceaf9551da6e
W1360,0.996109,1.0,0.501946,0.5,514x900,RGBA,,canvas|caseW-high|bboxH-high,False,True,acceptable variation,False,"canvas,caseW-high,bboxH-high; PASS_CONTENT from legacy catalog black-background review",unchanged-protected,False,0.996109,1.0,0.501946,0.5,514x900,RGBA,canvas|caseW-high|bboxH-high,acceptable variation,9fad3b6f21f79dce5ef62b87bc50fe149aafc6e5d4c8a2417693586992bc7f92
WWN10365,0.774414,0.90625,0.499512,0.5,1024x1536,RGBA,,,True,True,approved,False,PASS_CONTENT from 544-watch individual black-background review; pending v2 candidate recheck,unchanged-protected,False,0.774414,0.90625,0.499512,0.5,1024x1536,RGBA,,approved,2d7410ae97e091367b8235538c079fa10316fe5b4dcc3ab4bae5a4246c86fc6c
WWNL4.274.0.87.6,0.642578,0.906901,0.5,0.500326,1024x1536,RGBA,,caseW-low,False,True,acceptable variation,False,caseW-low; PASS_CONTENT from 544-watch individual black-background review,unchanged-protected,False,0.642578,0.906901,0.5,0.500326,1024x1536,RGBA,caseW-low,acceptable variation,ffb488146c42b945b90864e53e835f57938fd57d956368dd84adf989fe4e6585
WL55,0.798571,1.0,0.490714,0.5,700x1000,RGBA,,canvas|bboxH-high,False,False,true failure,True,"canvas,bboxH-high; PASS_CONTENT from legacy catalog black-background review; human full-resolution review: strong perspective with looped bracelet and possible cutout damage",rerendered-and-approved,False,0.780273,0.911458,0.500488,0.500000,1024x1536,RGBA,,PASS,09368406ac3cd140f6e13df850327a034d10cd51237562dbebdfb88af7919248
CRH76409530,0.814453,0.906901,0.499023,0.499674,1024x1536,RGBA,,,True,True,approved,False,PASS_CONTENT from 544-watch individual black-background review; pending v2 candidate recheck,unchanged-protected,False,0.814453,0.906901,0.499023,0.499674,1024x1536,RGBA,,approved,6d74650605961ae35d20250c645c29dcab997e21900abb56e95420b8503e52bb
WWNR32021102,0.730469,0.907552,0.5,0.5,1024x1536,RGBA,,,True,True,approved,False,PASS_CONTENT from 544-watch individual black-background review; pending v2 candidate recheck,unchanged-protected,False,0.730469,0.907552,0.5,0.5,1024x1536,RGBA,,approved,9d8315f15f914ed159c18db69d9e3120b20fac955c1c1fdb3c7c57a1ee9a4597
WWNR27083712,0.698242,0.908854,0.499512,0.501302,1024x1536,RGBA,,caseW-low,False,True,acceptable variation,False,caseW-low; PASS_CONTENT from 544-watch individual black-background review,unchanged-protected,False,0.698242,0.908854,0.499512,0.501302,1024x1536,RGBA,caseW-low,acceptable variation,d16bd81dc8d12927893b485fd6427d2d121cd6292c7aeffd19aa46ae65933e73
W2140,0.685547,0.970052,0.477539,0.501302,1024x1536,RGBA,,caseW-low|bboxH-high,False,True,acceptable variation,False,"caseW-low,bboxH-high; PASS_CONTENT from legacy catalog black-background review",unchanged-protected,False,0.685547,0.970052,0.477539,0.501302,1024x1536,RGBA,caseW-low|bboxH-high,acceptable variation,2b92c90cdc31081a7ddb2b6489da73b41ad9c98d498f70ab61a8b0a0ac019bb2
W1307,0.679688,0.933594,0.522949,0.491536,1024x1536,RGBA,,caseW-low,False,True,acceptable variation,False,caseW-low; PASS_CONTENT from legacy catalog black-background review,unchanged-protected,False,0.679688,0.933594,0.522949,0.491536,1024x1536,RGBA,caseW-low,acceptable variation,0fdd7cbbfbbe6251d0dd04d2afcd32ece978e8c0971619b89fe9a52cd032f9d1
WWNL1.649.4.72.6,0.786133,0.908203,0.499512,0.500326,1024x1536,RGBA,,,True,True,approved,False,PASS_CONTENT from 544-watch individual black-background review; pending v2 candidate recheck,unchanged-protected,False,0.786133,0.908203,0.499512,0.500326,1024x1536,RGBA,,approved,a53f281f13697c49bbca242393be029ced0f366dbe61af07a53a1edc20e0a973
WWN01 733 7755 4154-Set RS,0.874023,0.897135,0.499512,0.5,1024x1536,RGBA,,caseW-high,False,True,acceptable variation,False,caseW-high; PASS_CONTENT from 544-watch individual black-background review,unchanged-protected,False,0.874023,0.897135,0.499512,0.5,1024x1536,RGBA,caseW-high,acceptable variation,63aaa01525b3021208afd45d75800433d66c03f92089cfb57deb679ac88e4037
WWNL2.816.4.53.2,0.749023,0.907552,0.500488,0.5,1024x1536,RGBA,,,True,True,approved,False,PASS_CONTENT from 544-watch individual black-background review; pending v2 candidate recheck,unchanged-protected,False,0.749023,0.907552,0.500488,0.5,1024x1536,RGBA,,approved,dd33015224a914d8aee540578652049686783202248997b8d9f41fe1ae530707
WL40,0.852857,1.0,0.501429,0.5,700x1000,RGBA,,canvas|caseW-high|bboxH-high,False,False,true failure,True,"canvas,caseW-high,bboxH-high; PASS_CONTENT from legacy catalog black-background review; human full-resolution review: upper bracelet and cutout appear visibly damaged",rerendered-and-approved,False,0.779297,0.888672,0.500000,0.500326,1024x1536,RGBA,,PASS,4afde0a27ae7876d74a5dfdb4fda60f7e37e7861b46a2401610096fad9dda2ef
WWNWBD1111.BA0928,0.84375,0.907552,0.5,0.5,1024x1536,RGBA,,caseW-high,False,True,acceptable variation,False,caseW-high; PASS_CONTENT from 544-watch individual black-background review,unchanged-protected,False,0.84375,0.907552,0.5,0.5,1024x1536,RGBA,caseW-high,acceptable variation,cd467adc8e6e6968cd6444d1f9c716eb9a7b83a7ccb6287642bb8c739420c42a
WW745,0.985714,0.994,0.5,0.503,560x1000,RGBA,,canvas|caseW-high|bboxH-high,False,False,true failure,True,"canvas,caseW-high,bboxH-high; PASS_CONTENT from legacy catalog black-background review; human full-resolution review: strong perspective with looped bracelet",rerendered-and-approved,False,0.781250,0.854818,0.500000,0.500326,1024x1536,RGBA,,PASS,13b8b8884d84f08061871557be03ed21f1e684b74c753c81948727651b28c2a5
W211,0.75,0.885417,0.493164,0.477865,1024x1536,RGBA,,,True,True,acceptable variation,False,FAIL_CONTENT: large strap holes or rivets are visible in the catalog crop; human full-resolution review accepted current image; metric warnings only,unchanged-protected,False,0.75,0.885417,0.493164,0.477865,1024x1536,RGBA,,acceptable variation,06cf3de8e70f35388f4230e66d2991b0a7cb01b683be0f2ac568fa6f0fd95e89
WWNCAZ101AW.BA0842,0.8125,0.909505,0.5,0.500977,1024x1536,RGBA,,,True,True,approved,False,PASS_CONTENT from 544-watch individual black-background review; pending v2 candidate recheck,unchanged-protected,False,0.8125,0.909505,0.5,0.500977,1024x1536,RGBA,,approved,b5a342af966410bc262b499bd76f7afd49f421d125b9d62f6c4c97dcef429179
WW936,0.885159,0.956762,0.507951,0.484821,566x1087,RGBA,,canvas|caseW-high|bboxH-high,False,True,acceptable variation,False,"canvas,caseW-high,bboxH-high; PASS_CONTENT from legacy catalog black-background review",unchanged-protected,False,0.885159,0.956762,0.507951,0.484821,566x1087,RGBA,canvas|caseW-high|bboxH-high,acceptable variation,e33a6f53ee24c0f656e26cedd84c8f8d3aa58bc11d4d0babb34b7c25cc00a34f
W2121,0.824219,0.960938,0.524414,0.5,1024x1536,RGBA,,bboxH-high,False,True,acceptable variation,False,bboxH-high; PASS_CONTENT from legacy catalog black-background review,unchanged-protected,False,0.824219,0.960938,0.524414,0.5,1024x1536,RGBA,bboxH-high,acceptable variation,11409862cb6e9dbc9bb0deec67854872f07e88850a485a6e650ab28fecf64073
W1463,0.785156,0.914062,0.529297,0.483724,1024x1536,RGBA,,,True,True,approved,False,PASS_CONTENT from legacy catalog black-background review; pending v2 candidate recheck,unchanged-protected,False,0.785156,0.914062,0.529297,0.483724,1024x1536,RGBA,,approved,a8b67eaa159bb8baa557b0fd22547ab41f65ec157d96886f173b37811b8c667a
WWN10356-CD,0.680664,0.906901,0.500488,0.499674,1024x1536,RGBA,,caseW-low,False,True,acceptable variation,False,caseW-low; PASS_CONTENT from 544-watch individual black-background review,unchanged-protected,False,0.680664,0.906901,0.500488,0.499674,1024x1536,RGBA,caseW-low,acceptable variation,e9b021f2d2c73c08ec14f3eee87bd7c8fe1bfd9a195e418d90210328caa48822
W2159,0.629883,0.916016,0.51416,0.494466,1024x1536,RGBA,,caseW-low,False,True,acceptable variation,False,caseW-low; PASS_CONTENT from legacy catalog black-background review,unchanged-protected,False,0.629883,0.916016,0.51416,0.494466,1024x1536,RGBA,caseW-low,acceptable variation,0838679bb4c446cffa087e623c7691413fe70cd336da167507201483e52d3597
WW572,0.984472,1.0,0.5,0.5,644x1000,RGBA,,canvas|caseW-high|bboxH-high,False,False,true failure,True,"canvas,caseW-high,bboxH-high; PASS_CONTENT from legacy catalog black-background review; human full-resolution review: upper bracelet appears clipped or damaged",rerendered-and-approved,False,0.779297,0.868490,0.500000,0.500000,1024x1536,RGBA,,PASS,ca07104c8fd2ee94b9deb80d9dc385830f9233572088662b78e9410c6ec2df40
WW900,0.727539,0.910807,0.507324,0.484049,1024x1536,RGBA,,caseW-low,False,True,acceptable variation,False,caseW-low; PASS_CONTENT from legacy catalog black-background review,unchanged-protected,False,0.727539,0.910807,0.507324,0.484049,1024x1536,RGBA,caseW-low,acceptable variation,d9d7c7ab81b6bc2eb2e13e92c5a046920c1556a71ce5794660092adaf0d21a9f
WWN01 733 7755 4154-Set MB,0.798828,0.907552,0.5,0.5,1024x1536,RGBA,,,True,True,approved,False,PASS_CONTENT from 544-watch individual black-background review; pending v2 candidate recheck,unchanged-protected,False,0.798828,0.907552,0.5,0.5,1024x1536,RGBA,,approved,335a3e1a794c319901f676b0bb816492f5d5a4fbc2d1e0755b4b397d0138bf43
WWNWAZ2011.BA0842,0.811523,0.907552,0.499512,0.5,1024x1536,RGBA,,,True,True,approved,False,PASS_CONTENT from 544-watch individual black-background review; pending v2 candidate recheck,unchanged-protected,False,0.811523,0.907552,0.499512,0.5,1024x1536,RGBA,,approved,83cbf9380e092b2d9ccd4c58c9070184ef68721faedd63d5769a99edc8ee7766
WL46,0.754286,0.934,0.5,0.5,700x1000,RGBA,,canvas,False,False,true failure,True,canvas; PASS_CONTENT from legacy catalog black-background review; human full-resolution review: exposed NATO keeper and loose-tail hardware,rerendered-and-approved,False,0.779297,0.911458,0.500000,0.500000,1024x1536,RGBA,,PASS,83aa13324b3a938df98a84211b003fbd191600789306c9cc0489aae1d475ff50
WL53,0.855714,1.0,0.507857,0.5,700x1000,RGBA,,canvas|caseW-high|bboxH-high,False,False,true failure,True,"canvas,caseW-high,bboxH-high; PASS_CONTENT from legacy catalog black-background review; human full-resolution review: strong perspective with looped bracelet",rerendered-and-approved,False,0.779297,0.863281,0.500488,0.500000,1024x1536,RGBA,,PASS,7dd3d93643cf45449e2c1d821e6d190e183b97f85b675cf06a82f74f080342ba
W2158,0.533203,0.885417,0.509766,0.478516,1024x1536,RGBA,,caseW-low,False,True,acceptable variation,False,caseW-low; PASS_CONTENT from legacy catalog black-background review,unchanged-protected,False,0.533203,0.885417,0.509766,0.478516,1024x1536,RGBA,caseW-low,acceptable variation,0e579f62c217dc8f8d1ba631f9e54e0f6313669fa95637b5cc182dc37c0a3654
W226,0.758789,0.906901,0.540527,0.497721,1024x1536,RGBA,,case-centre-x,False,True,acceptable variation,False,case-centre-x; PASS_CONTENT from legacy catalog black-background review,unchanged-protected,False,0.758789,0.906901,0.540527,0.497721,1024x1536,RGBA,case-centre-x,acceptable variation,73881a85cb77e2c749e0ce9ad65cd3038d9302fb71b37e055270924d2d22dfc5
WL36,0.86,1.0,0.5,0.5,700x1000,RGBA,,canvas|caseW-high|bboxH-high,False,True,acceptable variation,False,"canvas,caseW-high,bboxH-high; PASS_CONTENT from legacy catalog black-background review",unchanged-protected,False,0.86,1.0,0.5,0.5,700x1000,RGBA,canvas|caseW-high|bboxH-high,acceptable variation,c95b9ba3c2aad5275a8985c67ac03d5b3aeea0e21840aed607a1837abd896697
WWNL3.774.4.70.2,0.697266,0.90625,0.499512,0.5,1024x1536,RGBA,,caseW-low,False,True,acceptable variation,False,caseW-low; PASS_CONTENT from 544-watch individual black-background review,unchanged-protected,False,0.697266,0.90625,0.499512,0.5,1024x1536,RGBA,caseW-low,acceptable variation,3ea7c2cf08980610e673f9e7353cb9282405a63d7a4f7b15b94cbac90081005e
W1358,0.756836,0.957682,0.51123,0.495768,1024x1536,RGBA,,bboxH-high,False,True,acceptable variation,False,bboxH-high; PASS_CONTENT from legacy catalog black-background review,unchanged-protected,False,0.756836,0.957682,0.51123,0.495768,1024x1536,RGBA,bboxH-high,acceptable variation,ee99c751ba4bba5b15ae45af16fd9a516ef23cff232f41e2d1a0b6dd5dcb625e
WWN10468,0.80957,0.906901,0.499512,0.499674,1024x1536,RGBA,,,True,True,approved,False,PASS_CONTENT from 544-watch individual black-background review; pending v2 candidate recheck,unchanged-protected,False,0.80957,0.906901,0.499512,0.499674,1024x1536,RGBA,,approved,6539f2a3d81175b1bf97c7bcc677aaf7ebdd128c4d07dd378ad4078840029a73
WWNL2.828.4.73.0,0.826172,0.906901,0.5,0.499674,1024x1536,RGBA,,,True,True,approved,False,PASS_CONTENT from 544-watch individual black-background review; pending v2 candidate recheck,unchanged-protected,False,0.826172,0.906901,0.5,0.499674,1024x1536,RGBA,,approved,e8e9cc0abea8495baf9f867778ce350af25479ac10f3c5c7b9ba5f48fe9eb3bb
WWNR32139708,0.749023,0.907552,0.499512,0.5,1024x1536,RGBA,,,True,True,approved,False,PASS_CONTENT from 544-watch individual black-background review; pending v2 candidate recheck,unchanged-protected,False,0.749023,0.907552,0.499512,0.5,1024x1536,RGBA,,approved,f894916841939379b743f46bbf956cb7bc9247677b4feb92e4828b010d008033
CRH38416711,0.848633,0.906901,0.499512,0.499674,1024x1536,RGBA,,caseW-high,False,True,acceptable variation,False,caseW-high; PASS_CONTENT from 544-watch individual black-background review,unchanged-protected,False,0.848633,0.906901,0.499512,0.499674,1024x1536,RGBA,caseW-high,acceptable variation,733ac042255826010eb1af4f3b71614430753066b6566789dae0590d9772fcae
WWNL3.790.4.96.9,0.818359,0.906901,0.5,0.500326,1024x1536,RGBA,,,True,True,approved,False,PASS_CONTENT from 544-watch individual black-background review; pending v2 candidate recheck,unchanged-protected,False,0.818359,0.906901,0.5,0.500326,1024x1536,RGBA,,approved,0d66505d713a6c78c34efff870d93d64dae9c32aa53e493b7bc3b35b3b10f719
WL56,0.805714,1.0,0.481429,0.5,700x1000,RGBA,,canvas|bboxH-high,False,False,true failure,True,"canvas,bboxH-high; PASS_CONTENT from legacy catalog black-background review; human full-resolution review: strong perspective with looped bracelet",rerendered-and-approved,False,0.780273,0.908203,0.499512,0.499674,1024x1536,RGBA,,PASS,ece52d9dab829ebbd4e48f5eaf294aee686cbce1edc333273895ed8083e63318
WWNM049.527.33.081.00,0.677734,0.873698,0.399414,0.5,1024x1536,RGBA,,caseW-low|case-centre-x,False,True,acceptable variation,False,"caseW-low,case-centre-x; PASS_CONTENT from 544-watch individual black-background review",unchanged-protected,False,0.677734,0.873698,0.399414,0.5,1024x1536,RGBA,caseW-low|case-centre-x,acceptable variation,202683a2034e25ed5a5425e0fe55c556d2878a6b6d61781d0f029fe32e22e2ae
WL38,0.949384,0.985938,0.50342,0.501563,731x1280,RGBA,,canvas|caseW-high|bboxH-high,False,False,true failure,True,"canvas,caseW-high,bboxH-high; PASS_CONTENT from legacy catalog black-background review; human full-resolution review: strong perspective with looped bracelet",rerendered-and-approved,False,0.780273,0.861328,0.499512,0.499674,1024x1536,RGBA,,PASS,395bd9eb0ebd66e740cbbba39ca5f7bc3394e92556a8d829f302f33e11cbb80a
WWNCAZ101AT.BA0842,0.700195,0.906901,0.499512,0.500326,1024x1536,RGBA,,caseW-low,False,True,acceptable variation,False,caseW-low; PASS_CONTENT from 544-watch individual black-background review,unchanged-protected,False,0.700195,0.906901,0.499512,0.500326,1024x1536,RGBA,caseW-low,acceptable variation,84fd3758dec8cff0340c677d0211c0cc884627ac98ea1d935e2d040311a9f67e
W1295,0.977465,1.0,0.498592,0.5,355x900,RGBA,,canvas|caseW-high|bboxH-high,False,False,true failure,True,"canvas,caseW-high,bboxH-high; PASS_CONTENT from legacy catalog black-background review; human full-resolution review: strong perspective with looped bracelet",rerendered-and-approved,False,0.780273,0.911458,0.499512,0.500000,1024x1536,RGBA,,PASS,bd57fc8129efa21f3a3a7324c57ea68e71412294cb01d887e0b38df2f316ee4e
CRT149.462.11.011.00,0.831055,0.90625,0.500488,0.5,1024x1536,RGBA,,caseW-high,False,True,acceptable variation,False,caseW-high; PASS_CONTENT from 544-watch individual black-background review,unchanged-protected,False,0.831055,0.90625,0.500488,0.5,1024x1536,RGBA,caseW-high,acceptable variation,21db2adea3d2ebae97aeac39f6222e28c723aa3021c3290e01c8b94927b6ab69
CR801313BUCBUICO,0.263672,0.907552,0.5,0.5,1024x1536,RGBA,,caseW-low,False,False,true failure,True,caseW-low; PASS_CONTENT from 544-watch individual black-background review; human full-resolution review: severely zoomed-out full-strap presentation,rerendered-and-approved,False,0.780273,0.911458,0.500488,0.500000,1024x1536,RGBA,,PASS,d98444a7f29d210c9f33e0d0506594d031d660fcabe3d3cd45c98b9f609d0f3c
WWN01 400 7763 4157-07 8 24 09PEB,0.771484,0.906901,0.5,0.499674,1024x1536,RGBA,,,True,True,approved,False,PASS_CONTENT from 544-watch individual black-background review; pending v2 candidate recheck,unchanged-protected,False,0.771484,0.906901,0.5,0.499674,1024x1536,RGBA,,approved,1476d416f886df69a9151f3de164f38cf8af841107a64da0995b86bf3d0097f4
WWNL4.523.0.97.6,0.586914,0.906901,0.499512,0.499674,1024x1536,RGBA,,caseW-low,False,True,acceptable variation,False,caseW-low; PASS_CONTENT from 544-watch individual black-background review,unchanged-protected,False,0.586914,0.906901,0.499512,0.499674,1024x1536,RGBA,caseW-low,acceptable variation,8f418e08331a0490030a043c0f2a37c591959a14b49cab804f86a9e2156a2c02
WWN10829,0.836914,0.906901,0.499512,0.499674,1024x1536,RGBA,,caseW-high,False,True,acceptable variation,False,caseW-high; PASS_CONTENT from 544-watch individual black-background review,unchanged-protected,False,0.836914,0.906901,0.499512,0.499674,1024x1536,RGBA,caseW-high,acceptable variation,bafd49e322ecfa1aecfaf4f66363a45476bbe9741c690544f130985a55faf30e
WWNL6.141.0.77.6,0.511719,0.90625,0.5,0.499349,1024x1536,RGBA,,caseW-low,False,True,acceptable variation,False,caseW-low; PASS_CONTENT from 544-watch individual black-background review,unchanged-protected,False,0.511719,0.90625,0.5,0.499349,1024x1536,RGBA,caseW-low,acceptable variation,4b846d47ba1e071383986135afc8487850534c617efdeff58f93e317309be7af
WWNR27123012,0.683594,0.906901,0.5,0.500326,1024x1536,RGBA,,caseW-low,False,True,acceptable variation,False,caseW-low; PASS_CONTENT from 544-watch individual black-background review,unchanged-protected,False,0.683594,0.906901,0.5,0.500326,1024x1536,RGBA,caseW-low,acceptable variation,850017c59aeed6547650055c31a124e7d26c1e1d5ffe857f96822f629f63c48a
WL54,0.844286,1.0,0.495,0.5,700x1000,RGBA,,canvas|caseW-high|bboxH-high,False,False,true failure,True,"canvas,caseW-high,bboxH-high; PASS_CONTENT from legacy catalog black-background review; human full-resolution review: strong perspective with looped NATO strap",rerendered-and-approved,False,0.781250,0.854167,0.500000,0.500000,1024x1536,RGBA,,PASS,f6abb25be22b30d588beebe4298202b8a4d30b8d1408d8f43748d1d744efd434
W1525,0.813477,0.972656,0.510254,0.5,1024x1536,RGBA,,bboxH-high,False,True,acceptable variation,False,bboxH-high; PASS_CONTENT from legacy catalog black-background review,unchanged-protected,False,0.813477,0.972656,0.510254,0.5,1024x1536,RGBA,bboxH-high,acceptable variation,25112a32dc3188461c783b5119fe3bb6be42b5ffee03d6246b30d2da0bdf1f96
W2172,0.709961,0.978516,0.514648,0.497721,1024x1536,RGBA,,caseW-low|bboxH-high,False,True,acceptable variation,False,"caseW-low,bboxH-high; PASS_CONTENT from legacy catalog black-background review",unchanged-protected,False,0.709961,0.978516,0.514648,0.497721,1024x1536,RGBA,caseW-low|bboxH-high,acceptable variation,ace975883b7cfbacb255a740385d2a3ab235f374e546621afab38ceaa59ac902
WWNL8.124.4.87.6,0.783203,0.907552,0.5,0.5,1024x1536,RGBA,,,True,True,approved,False,PASS_CONTENT from 544-watch individual black-background review; pending v2 candidate recheck,unchanged-protected,False,0.783203,0.907552,0.5,0.5,1024x1536,RGBA,,approved,735d0c258e2cbc029dc49f3db870b0250d09973726a2c07338dc5b2cbeaa0149
WWNWBY111G.BA0042,0.753906,0.90625,0.499023,0.5,1024x1536,RGBA,,,True,True,approved,False,PASS_CONTENT from 544-watch individual black-background review; pending v2 candidate recheck,unchanged-protected,False,0.753906,0.90625,0.499023,0.5,1024x1536,RGBA,,approved,78cb7e6defe37eff87f5283de699707b777490c7b0386385a21e7424834db874
W2151,0.714844,0.951172,0.503906,0.497721,1024x1536,RGBA,,caseW-low|bboxH-high,False,True,acceptable variation,False,"caseW-low,bboxH-high; PASS_CONTENT from legacy catalog black-background review",unchanged-protected,False,0.714844,0.951172,0.503906,0.497721,1024x1536,RGBA,caseW-low|bboxH-high,acceptable variation,d9ac45fb9b50a2bb8a0de1b7e0dc4aaaf2d81826c9caf67c932ef16e307bbfb7
W2110,0.763672,0.938802,0.535156,0.498047,1024x1536,RGBA,,case-centre-x,False,True,acceptable variation,False,case-centre-x; PASS_CONTENT from legacy catalog black-background review,unchanged-protected,False,0.763672,0.938802,0.535156,0.498047,1024x1536,RGBA,case-centre-x,acceptable variation,08ed2f50b7776d1f1101cb849706474c8d48ee48eaabaa51b4298c93e86561ed
WW626,0.867572,0.934,0.5,0.5,589x1000,RGBA,,canvas|caseW-high,False,False,true failure,True,"canvas,caseW-high; PASS_CONTENT from legacy catalog black-background review; human full-resolution review: strong perspective with full looped bracelet",rerendered-and-approved,False,0.781250,0.908203,0.500000,0.499674,1024x1536,RGBA,,PASS,d957444b620c381188bd19c40b5e5a414d66b0553dff1fc2e1e6557059d03ddb
WW678,0.64346,0.812651,0.516878,0.463554,948x1660,RGBA,,canvas|caseW-low|bboxH-low|case-centre-y,False,True,acceptable variation,False,"canvas,caseW-low,bboxH-low,case-centre-y; PASS_CONTENT from legacy catalog black-background review",unchanged-protected,False,0.64346,0.812651,0.516878,0.463554,948x1660,RGBA,canvas|caseW-low|bboxH-low|case-centre-y,acceptable variation,d200d37b752d062d893d5b5e2bc6e95218c8e4afd9cf43146d53c0e88aeb2d24
CR80126357RNMNIRB,0.805664,0.906901,0.499512,0.500326,1024x1536,RGBA,,,True,True,approved,False,PASS_CONTENT from 544-watch individual black-background review; pending v2 candidate recheck,unchanged-protected,False,0.805664,0.906901,0.499512,0.500326,1024x1536,RGBA,,approved,b959c00c1d09668e4d5312b6912488468a93ffccbab13c89a07f8b230eca18d7
WWNMWW06A000776,0.642578,0.906901,0.5,0.500326,1024x1536,RGBA,,caseW-low,False,True,acceptable variation,False,caseW-low; PASS_CONTENT from 544-watch individual black-background review,unchanged-protected,False,0.642578,0.906901,0.5,0.500326,1024x1536,RGBA,caseW-low,acceptable variation,949f0dd4142d14a47b9b38fc91d08024ebd15f57a3755c9ac9b6a4bf6d1255e2
WWNR27083202,0.80957,0.907552,0.499512,0.5,1024x1536,RGBA,,,True,True,approved,False,PASS_CONTENT from 544-watch individual black-background review; pending v2 candidate recheck,unchanged-protected,False,0.80957,0.907552,0.499512,0.5,1024x1536,RGBA,,approved,e2444c7ffd294b4cfbff2c986251785b16f1362bcf9a6b153f70c8d3feb5c511
WL43,0.847143,1.0,0.509286,0.5,700x1000,RGBA,,canvas|caseW-high|bboxH-high,False,True,acceptable variation,False,"canvas,caseW-high,bboxH-high; PASS_CONTENT from legacy catalog black-background review",unchanged-protected,False,0.847143,1.0,0.509286,0.5,700x1000,RGBA,canvas|caseW-high|bboxH-high,acceptable variation,5cacce723e3cdea66278c325a27d363f20c31b3df64ccc9a82dbfbc4fc5ddf01
WL39,0.847143,1.0,0.509286,0.5,700x1000,RGBA,,canvas|caseW-high|bboxH-high,False,True,acceptable variation,False,"canvas,caseW-high,bboxH-high; PASS_CONTENT from legacy catalog black-background review",unchanged-protected,False,0.847143,1.0,0.509286,0.5,700x1000,RGBA,canvas|caseW-high|bboxH-high,acceptable variation,2b0f7805ab3dd135305c093f5043079001f4ece8aec71db9dec11ac82d63dc1e
WWN01 400 7769 4125-07 4 22 75FC,0.84668,0.906901,0.499512,0.499674,1024x1536,RGBA,,caseW-high,False,True,acceptable variation,False,caseW-high; PASS_CONTENT from 544-watch individual black-background review,unchanged-protected,False,0.84668,0.906901,0.499512,0.499674,1024x1536,RGBA,caseW-high,acceptable variation,b26e0b30b0d76a3ee8919845eae454af058865cb51aa2e335c7c57d1a913c3ae
WL32,0.55957,0.962891,0.516113,0.499674,1024x1536,RGBA,,caseW-low|bboxH-high,False,True,acceptable variation,False,"caseW-low,bboxH-high; PASS_CONTENT from legacy catalog black-background review",unchanged-protected,False,0.55957,0.962891,0.516113,0.499674,1024x1536,RGBA,caseW-low|bboxH-high,acceptable variation,d4d7fc891f1995106104287965a0ec263e2e23a3fec26d987bcca044ab27cf5f
W1532,0.762695,0.961589,0.522949,0.499023,1024x1536,RGBA,,bboxH-high,False,True,acceptable variation,False,bboxH-high; PASS_CONTENT from legacy catalog black-background review,unchanged-protected,False,0.762695,0.961589,0.522949,0.499023,1024x1536,RGBA,bboxH-high,acceptable variation,29cf83ab2971f7eeb367bfa174b5f2be3bc3a1350be3bd4f1235dcd791789b22
CRRE-BT0006L,0.786133,0.907552,0.499512,0.5,1024x1536,RGBA,,,True,True,approved,False,PASS_CONTENT from 544-watch individual black-background review; pending v2 candidate recheck,unchanged-protected,False,0.786133,0.907552,0.499512,0.5,1024x1536,RGBA,,approved,a9f3a952e9c9d258c5760ed996e874960512739ecd25874e4aabf5e60a8614e2
CR85303357GNNGN,0.875,0.875651,0.5,0.499674,1024x1536,RGBA,,caseW-high,False,True,acceptable variation,False,caseW-high; PASS_CONTENT from 544-watch individual black-background review,unchanged-protected,False,0.875,0.875651,0.5,0.499674,1024x1536,RGBA,caseW-high,acceptable variation,b8e493527e392a68ddeae6959efd7837d7b6aae4af2fe2706a1ad4f295137c0f
W1266,0.969444,1.0,0.501389,0.5,360x900,RGBA,,canvas|caseW-high|bboxH-high,False,False,true failure,True,"canvas,caseW-high,bboxH-high; PASS_CONTENT from legacy catalog black-background review; human full-resolution review: strong perspective with curled strap and visible underside",rerendered-and-approved,False,0.779297,0.911458,0.500000,0.500000,1024x1536,RGBA,,PASS,10d739dcacbee5e9f91506cfb4ef57a11906356575f10c5361d3ccaaa5dba532
W1265,0.976945,1.0,0.5,0.5,347x900,RGBA,,canvas|caseW-high|bboxH-high,False,False,true failure,True,"canvas,caseW-high,bboxH-high; PASS_CONTENT from legacy catalog black-background review; human full-resolution review: strong perspective with curled strap and visible underside",rerendered-and-approved,False,0.781250,0.911458,0.500000,0.500000,1024x1536,RGBA,,PASS,ec370bc87c0ea56fc161f3623a831b7e42acde23bb3348c379cd8fbf05fbc043
CRRE-BT0005S,0.860352,0.906901,0.499512,0.499674,1024x1536,RGBA,,caseW-high,False,True,acceptable variation,False,caseW-high; PASS_CONTENT from 544-watch individual black-background review,unchanged-protected,False,0.860352,0.906901,0.499512,0.499674,1024x1536,RGBA,caseW-high,acceptable variation,33152f26c336f60c8034a658d099d0f154d1b50f3c6003aca1e64935f3a4ea62
W1297,0.97996,0.982222,0.5,0.5,499x900,RGBA,,canvas|caseW-high|bboxH-high,False,True,acceptable variation,False,"canvas,caseW-high,bboxH-high; PASS_CONTENT from legacy catalog black-background review",unchanged-protected,False,0.97996,0.982222,0.5,0.5,499x900,RGBA,canvas|caseW-high|bboxH-high,acceptable variation,fe07f09c7ef70353dff7300cfa5f14f7a3142d0cee8410ae90926ddd721e6b4e
WWNR32136323,0.734375,0.906901,0.5,0.500326,1024x1536,RGBA,,,True,True,approved,False,PASS_CONTENT from 544-watch individual black-background review; pending v2 candidate recheck,unchanged-protected,False,0.734375,0.906901,0.5,0.500326,1024x1536,RGBA,,approved,20257e2df180dce12c1c6fed5c99f45e784bd235421e90428f87c449e730eac0
WW877,0.982759,0.989091,0.500958,0.499091,522x1100,RGBA,,canvas|caseW-high|bboxH-high,False,False,true failure,True,"canvas,caseW-high,bboxH-high; PASS_CONTENT from legacy catalog black-background review; human full-resolution review: strong perspective with looped bracelet",rerendered-and-approved,False,0.779297,0.911458,0.500000,0.500000,1024x1536,RGBA,,PASS,4404933e4e62f341cec41f046a3764d3a57901f2cd30cbd6d412fe54db3d6a3f
W2177,0.701172,0.961589,0.503906,0.498372,1024x1536,RGBA,,caseW-low|bboxH-high,False,True,acceptable variation,False,"caseW-low,bboxH-high; PASS_CONTENT from legacy catalog black-background review",unchanged-protected,False,0.701172,0.961589,0.503906,0.498372,1024x1536,RGBA,caseW-low|bboxH-high,acceptable variation,641a588e12d0f28fad38ccbbb654aaf92121c49d85394d343515bb92df499030
WWNL3.774.4.60.2,0.789062,0.906901,0.5,0.500326,1024x1536,RGBA,,,True,True,approved,False,PASS_CONTENT from 544-watch individual black-background review; pending v2 candidate recheck,unchanged-protected,False,0.789062,0.906901,0.5,0.500326,1024x1536,RGBA,,approved,9b4b723a218c7a5df1444db562ec5e19a73dc25c3922fdcc4507c50c9cdf28d2
CRCAZ1010.BA0842,0.874023,0.906901,0.499512,0.499674,1024x1536,RGBA,,caseW-high,False,True,acceptable variation,False,caseW-high; PASS_CONTENT from 544-watch individual black-background review,unchanged-protected,False,0.874023,0.906901,0.499512,0.499674,1024x1536,RGBA,caseW-high,acceptable variation,8cbe999d0f058ddb4067536a2ced67fcdb191ad61865877adfb7642b702a2f90
WWNR27073012,0.672852,0.906901,0.499512,0.500326,1024x1536,RGBA,,caseW-low,False,True,acceptable variation,False,caseW-low; PASS_CONTENT from 544-watch individual black-background review,unchanged-protected,False,0.672852,0.906901,0.499512,0.500326,1024x1536,RGBA,caseW-low,acceptable variation,ca80e2dee7d3e8f6f930d66ed58ac1deffab630041134c41c7abd9e0a63a5b77
WL60,0.991243,0.976,0.499124,0.498,571x1000,RGBA,,canvas|caseW-high|bboxH-high,False,False,true failure,True,"canvas,caseW-high,bboxH-high; PASS_CONTENT from legacy catalog black-background review; human full-resolution review: strong perspective with looped NATO strap",rerendered-and-approved,False,0.779297,0.911458,0.500000,0.500000,1024x1536,RGBA,,PASS,6d6dc5a16357e69c62fd15f02622103707b63bb548f60cf27fc5bdcbdefe5532
WWNR30008302,0.740234,0.906901,0.5,0.500326,1024x1536,RGBA,,,True,True,approved,False,PASS_CONTENT from 544-watch individual black-background review; pending v2 candidate recheck,unchanged-protected,False,0.740234,0.906901,0.5,0.500326,1024x1536,RGBA,,approved,3a610d97ec4b649803da88da133b87a485c44f5ec8d102f08b2f82ba931d8012
WWNR30013302,0.714844,0.907552,0.5,0.5,1024x1536,RGBA,,caseW-low,False,True,acceptable variation,False,caseW-low; PASS_CONTENT from 544-watch individual black-background review,unchanged-protected,False,0.714844,0.907552,0.5,0.5,1024x1536,RGBA,caseW-low,acceptable variation,23d9f5a6ab1e50509ee03b234775f94feeebb437f2f2f416f8feebadb374ca0b
WWNR27107742,0.713867,0.908854,0.499512,0.501302,1024x1536,RGBA,,caseW-low,False,True,acceptable variation,False,caseW-low; PASS_CONTENT from 544-watch individual black-background review,unchanged-protected,False,0.713867,0.908854,0.499512,0.501302,1024x1536,RGBA,caseW-low,acceptable variation,b115d2fc4140c86ed8134dae33ea4ffca0c8f5ac6969e122c09194ac7f09be4c
W2216,0.667969,0.955729,0.501953,0.499349,1024x1536,RGBA,,caseW-low|bboxH-high,False,True,acceptable variation,False,"caseW-low,bboxH-high; PASS_CONTENT from legacy catalog black-background review",unchanged-protected,False,0.667969,0.955729,0.501953,0.499349,1024x1536,RGBA,caseW-low|bboxH-high,acceptable variation,5a90022ceb15e935099701662417a174698790f59e2a66ecd9657516a1f7aa0b
WWNR27178205,0.701172,0.911458,0.5,0.5,1024x1536,RGBA,,caseW-low,False,True,acceptable variation,False,caseW-low; PASS_CONTENT from 544-watch individual black-background review,unchanged-protected,False,0.701172,0.911458,0.5,0.5,1024x1536,RGBA,caseW-low,acceptable variation,7eede30bd843d30b0029a3bd1c972fc7fc9de47e1587941462cb44d31dc6adfa
WWNR32137203,0.746094,0.907552,0.5,0.5,1024x1536,RGBA,,,True,True,approved,False,PASS_CONTENT from 544-watch individual black-background review; pending v2 candidate recheck,unchanged-protected,False,0.746094,0.907552,0.5,0.5,1024x1536,RGBA,,approved,910bdaa12c82812b3cb95e733e118dfed6577380e5d21abe7331a036be2a0d54
WWNR32505019,0.788086,0.906901,0.499512,0.500326,1024x1536,RGBA,,,True,True,approved,False,PASS_CONTENT from 544-watch individual black-background review; pending v2 candidate recheck,unchanged-protected,False,0.788086,0.906901,0.499512,0.500326,1024x1536,RGBA,,approved,247a4fe74ed0444ed018dacf7ad30c97a021ec1f5dd59144fd73daf2d67d7ece
WL58,0.83,1.0,0.497143,0.5,700x1000,RGBA,,canvas|bboxH-high,False,False,true failure,True,"canvas,bboxH-high; PASS_CONTENT from legacy catalog black-background review; human full-resolution review: strong perspective with curled strap",rerendered-and-approved,False,0.780273,0.909505,0.499512,0.500326,1024x1536,RGBA,,PASS,706cb3a25ec416a7f82babedeb64b4f6a24e329f6b50f858a0824a8019e70ff0
W298,0.871429,1.0,0.496429,0.5,700x1000,RGBA,,canvas|caseW-high|bboxH-high,False,False,true failure,True,"canvas,caseW-high,bboxH-high; PASS_CONTENT from legacy catalog black-background review; human full-resolution review: upper bracelet and cutout appear visibly damaged",rerendered-and-approved,False,0.780273,0.880208,0.500488,0.500000,1024x1536,RGBA,,PASS,8f92cc940245c3b63e7264fb35481eb97bd01d21bf71c4ca2cc9202ea93623db
WWN01 400 7763 4135-07 8 24 09PEB,0.410156,0.909505,0.5,0.499023,1024x1536,RGBA,,caseW-low,False,False,true failure,True,caseW-low; PASS_CONTENT from 544-watch individual black-background review; human full-resolution review: severely zoomed-out full-bracelet presentation,rerendered-and-approved,False,0.780273,0.911458,0.499512,0.500000,1024x1536,RGBA,,PASS,b70cc8da45b30424122271c821fc730a4433cd4ca29ba937e07254d827d00a5b
CRRE-BT0007L,0.825195,0.90625,0.499512,0.5,1024x1536,RGBA,,,True,True,approved,False,PASS_CONTENT from 544-watch individual black-background review; pending v2 candidate recheck,unchanged-protected,False,0.825195,0.90625,0.499512,0.5,1024x1536,RGBA,,approved,5284c2325651cd15dc02929bc89d8f56b5c8f9bca8dd76e8283fc131194fc337
WWNL3.811.4.73.6,0.805664,0.906901,0.499512,0.500326,1024x1536,RGBA,,,True,True,approved,False,PASS_CONTENT from 544-watch individual black-background review; pending v2 candidate recheck,unchanged-protected,False,0.805664,0.906901,0.499512,0.500326,1024x1536,RGBA,,approved,630c773ed32c472a3f746358c2f239a8195ef817630eb2f2485dee9eb44b7442
W1334,0.591797,0.94987,0.523438,0.499023,1024x1536,RGBA,,caseW-low,False,True,acceptable variation,False,caseW-low; PASS_CONTENT from legacy catalog black-background review,unchanged-protected,False,0.591797,0.94987,0.523438,0.499023,1024x1536,RGBA,caseW-low,acceptable variation,3852c64d1082ed05e276320414643269aaf31637876fce17f3e3bb0b661f1818
WWNR32505318,0.750977,0.906901,0.499512,0.499674,1024x1536,RGBA,,,True,True,approved,False,PASS_CONTENT from 544-watch individual black-background review; pending v2 candidate recheck,unchanged-protected,False,0.750977,0.906901,0.499512,0.499674,1024x1536,RGBA,,approved,1f35b4960fa3a8cf905b40a9bee7efba22c2f4fe13558c78d5435e49e1bf838d
W2149,0.65332,0.914062,0.519043,0.491536,1024x1536,RGBA,,caseW-low,False,True,acceptable variation,False,caseW-low; PASS_CONTENT from legacy catalog black-background review,unchanged-protected,False,0.65332,0.914062,0.519043,0.491536,1024x1536,RGBA,caseW-low,acceptable variation,c9863f8fb5dfe87f5c906b22215e36d60731c81b15d7d2c5fbbc878a0e66a219
W1495,0.646484,0.9375,0.518555,0.494141,1024x1536,RGBA,,caseW-low,False,True,acceptable variation,False,caseW-low; PASS_CONTENT from legacy catalog black-background review,unchanged-protected,False,0.646484,0.9375,0.518555,0.494141,1024x1536,RGBA,caseW-low,acceptable variation,c349f27715524c06a29eea9d841b5dae99475fc96bd562b1f638db52411a38fe
WWNMWW33B000002,0.65332,0.907552,0.499512,0.499349,1024x1536,RGBA,,caseW-low,False,True,acceptable variation,False,caseW-low; PASS_CONTENT from 544-watch individual black-background review,unchanged-protected,False,0.65332,0.907552,0.499512,0.499349,1024x1536,RGBA,caseW-low,acceptable variation,a1a87af9a7795c68ba38869d15d74c0f7aeb58cffa51ab7d111021c583938e95
WWNR27115012,0.704102,0.906901,0.499512,0.499674,1024x1536,RGBA,,caseW-low,False,True,acceptable variation,False,caseW-low; PASS_CONTENT from 544-watch individual black-background review,unchanged-protected,False,0.704102,0.906901,0.499512,0.499674,1024x1536,RGBA,caseW-low,acceptable variation,b2c671882742fec4cc9eed0198fb5f1f7a7fc0a7eab83ae6d646e1d388aa2114
W1455,0.774414,0.98763,0.51709,0.500326,1024x1536,RGBA,,bboxH-high,False,True,acceptable variation,False,bboxH-high; PASS_CONTENT from legacy catalog black-background review,unchanged-protected,False,0.774414,0.98763,0.51709,0.500326,1024x1536,RGBA,bboxH-high,acceptable variation,59224ac0b7c2bdadf740e190d0bb51714eaa1f6311e9389bb378a23d9ee6615f
WW902,0.467773,0.957682,0.486816,0.498372,1024x1536,RGBA,,caseW-low|bboxH-high,False,True,acceptable variation,False,"caseW-low,bboxH-high; PASS_CONTENT from legacy catalog black-background review",unchanged-protected,False,0.467773,0.957682,0.486816,0.498372,1024x1536,RGBA,caseW-low|bboxH-high,acceptable variation,a28ff72e88c1e0ef3cc3357fd2a4b45672cbe5a1414bdf9ff34de8104bf6dc2d
W1363,0.734375,0.94987,0.511719,0.49707,1024x1536,RGBA,,,True,True,approved,False,PASS_CONTENT from legacy catalog black-background review; pending v2 candidate recheck,unchanged-protected,False,0.734375,0.94987,0.511719,0.49707,1024x1536,RGBA,,approved,26f146ed081a0521b0b8d81fa18a650487b779c6c71e4c83a27b27882523578f
CRT149.459.21.051.00,0.824219,0.907552,0.499023,0.5,1024x1536,RGBA,,,True,True,approved,False,PASS_CONTENT from 544-watch individual black-background review; pending v2 candidate recheck,unchanged-protected,False,0.824219,0.907552,0.499023,0.5,1024x1536,RGBA,,approved,4e21b27e92dbffe250d830342493d1744a7a154e9b06c68d8d8093c2fb9a0903
CRH78505330,0.816406,0.906901,0.5,0.500326,1024x1536,RGBA,,,True,True,approved,False,PASS_CONTENT from 544-watch individual black-background review; pending v2 candidate recheck,unchanged-protected,False,0.816406,0.906901,0.5,0.500326,1024x1536,RGBA,,approved,9cbccb8a6865ec8ebebb81b5a56f8537d028b6e3e6ac41a1fd3602206a099f65
WWNL2.819.4.93.2,0.801758,0.906901,0.499512,0.499674,1024x1536,RGBA,,,True,True,approved,False,PASS_CONTENT from 544-watch individual black-background review; pending v2 candidate recheck,unchanged-protected,False,0.801758,0.906901,0.499512,0.499674,1024x1536,RGBA,,approved,7dbf48503990a016fa1e61f900ef78b094efbf40d3d1e2b2559f8427d2e8f000
WWNL3.820.4.73.2,0.762695,0.907552,0.499512,0.499349,1024x1536,RGBA,,,True,True,approved,False,PASS_CONTENT from 544-watch individual black-background review; pending v2 candidate recheck,unchanged-protected,False,0.762695,0.907552,0.499512,0.499349,1024x1536,RGBA,,approved,d73c130fe96a775a25cb7909edfab0c928f08dfe0c84d8f1c43ec973ba75b084
WWNR32138153,0.765625,0.907552,0.5,0.5,1024x1536,RGBA,,,True,True,approved,False,PASS_CONTENT from 544-watch individual black-background review; pending v2 candidate recheck,unchanged-protected,False,0.765625,0.907552,0.5,0.5,1024x1536,RGBA,,approved,c81bb937a41a51ade05eed315d4bb9f62892442e066be12ece90becd880f8cc2
W2165,0.644531,0.902995,0.523438,0.487305,1024x1536,RGBA,,caseW-low,False,True,acceptable variation,False,caseW-low; PASS_CONTENT from legacy catalog black-background review,unchanged-protected,False,0.644531,0.902995,0.523438,0.487305,1024x1536,RGBA,caseW-low,acceptable variation,13abda70b4a530dd6004ac559d20b09cd9aecc5029e02e04389d94fecd90821f
W2198,0.689453,0.94987,0.513672,0.489258,1024x1536,RGBA,,caseW-low,False,True,acceptable variation,False,caseW-low; PASS_CONTENT from legacy catalog black-background review,unchanged-protected,False,0.689453,0.94987,0.513672,0.489258,1024x1536,RGBA,caseW-low,acceptable variation,a880dc737a6296842eb7522cd5d0276b89b5e65db33a44aa75273c7fd2ab793e
WWNR32138303,0.709961,0.907552,0.499512,0.5,1024x1536,RGBA,,caseW-low,False,True,acceptable variation,False,caseW-low; PASS_CONTENT from 544-watch individual black-background review,unchanged-protected,False,0.709961,0.907552,0.499512,0.5,1024x1536,RGBA,caseW-low,acceptable variation,94322b2a3a9787ba5779dd614322fddf5eed5a446a618f3cc5f9d7cdbf768d58
WL76,0.837432,0.996094,0.499317,0.501953,732x1280,RGBA,,canvas|caseW-high|bboxH-high,False,False,true failure,True,"canvas,caseW-high,bboxH-high; PASS_CONTENT from legacy catalog black-background review; human full-resolution review: strong perspective with looped bracelet",rerendered-and-approved,False,0.780273,0.911458,0.499512,0.500000,1024x1536,RGBA,,PASS,085ed23afbb15421ea1dffe9f38fca15d4231145108862553fcacbfc195c80cf
WWNR32105353,0.759766,0.906901,0.499023,0.500326,1024x1536,RGBA,,,True,True,approved,False,PASS_CONTENT from 544-watch individual black-background review; pending v2 candidate recheck,unchanged-protected,False,0.759766,0.906901,0.499023,0.500326,1024x1536,RGBA,,approved,35e9d2dbfc089aceaae9dc892a282bfcf038a1f71818d12e4092d74f0dc0810b
CRNB6060-58X,0.838867,0.907552,0.499512,0.5,1024x1536,RGBA,,caseW-high,False,True,acceptable variation,False,caseW-high; PASS_CONTENT from 544-watch individual black-background review,unchanged-protected,False,0.838867,0.907552,0.499512,0.5,1024x1536,RGBA,caseW-high,acceptable variation,274043743704729130932f223845d9fb68d6e4f19faaa3341ef65ab5bdb41abd
WWNMWW06A000775,0.681641,0.907552,0.5,0.5,1024x1536,RGBA,,caseW-low,False,True,acceptable variation,False,caseW-low; PASS_CONTENT from 544-watch individual black-background review,unchanged-protected,False,0.681641,0.907552,0.5,0.5,1024x1536,RGBA,caseW-low,acceptable variation,a2da57d1e0030354545ed331b3a3888b1db2350fe5ee1d9f03ae32c244c218d3
WWNMWW06V000122,0.616211,0.907552,0.500488,0.5,1024x1536,RGBA,,caseW-low,False,True,acceptable variation,False,caseW-low; PASS_CONTENT from 544-watch individual black-background review,unchanged-protected,False,0.616211,0.907552,0.500488,0.5,1024x1536,RGBA,caseW-low,acceptable variation,7c8051f2c908a1d47a7aafbb6b89b57f6f5d71f07274a25d8bdd2b077770b312
CRH24625330,0.857422,0.906901,0.499512,0.499674,1024x1536,RGBA,,caseW-high,False,True,acceptable variation,False,caseW-high; PASS_CONTENT from 544-watch individual black-background review,unchanged-protected,False,0.857422,0.906901,0.499512,0.499674,1024x1536,RGBA,caseW-high,acceptable variation,1eb536147f77c47178092e6c7624c0e9c60dc4db2fcdd6eeafdfa3c3c2300ccf
WWNR20250712,0.475586,0.911458,0.499512,0.5,1024x1536,RGBA,,caseW-low,False,True,acceptable variation,False,caseW-low; PASS_CONTENT from 544-watch individual black-background review,unchanged-protected,False,0.475586,0.911458,0.499512,0.5,1024x1536,RGBA,caseW-low,acceptable variation,16a09e15ae4f9e9a486de6056b36fe223938afa8dad845592faee9a9deedcaf6
CRH24655331,0.867188,0.90625,0.499023,0.5,1024x1536,RGBA,,caseW-high,False,True,acceptable variation,False,caseW-high; PASS_CONTENT from 544-watch individual black-background review,unchanged-protected,False,0.867188,0.90625,0.499023,0.5,1024x1536,RGBA,caseW-high,acceptable variation,417fdd1cfd79ad01a1d0055395fcb1cf585e47b65bc3010d74415c2194eeecee
WWNMWW21B000138,0.759766,0.906901,0.5,0.500326,1024x1536,RGBA,,,True,True,approved,False,PASS_CONTENT from 544-watch individual black-background review; pending v2 candidate recheck,unchanged-protected,False,0.759766,0.906901,0.5,0.500326,1024x1536,RGBA,,approved,fa55ae332fb49a2fc5e35478ddc2e5e50306ead5fde08e3d46951bd978fc27ea
WWNL2.827.4.73.0,0.822266,0.906901,0.5,0.499674,1024x1536,RGBA,,,True,True,approved,False,PASS_CONTENT from 544-watch individual black-background review; pending v2 candidate recheck,unchanged-protected,False,0.822266,0.906901,0.5,0.499674,1024x1536,RGBA,,approved,84bef43cdd2b2da62bd7d3ddfcf38e720caf8b1debb98bb97e8b7991986df196
W1324,0.526367,0.873698,0.523926,0.494141,1024x1536,RGBA,,caseW-low,False,True,acceptable variation,False,caseW-low; PASS_CONTENT from legacy catalog black-background review,unchanged-protected,False,0.526367,0.873698,0.523926,0.494141,1024x1536,RGBA,caseW-low,acceptable variation,d8441694f2a71afe0305c2fe2f7a5b900118a5d5ec83818acba036f9b8c10bb3
W1326,0.981865,0.661111,0.501295,0.338333,386x900,RGBA,,canvas|caseW-high|bboxH-low|case-centre-y,False,False,true failure,True,"canvas,caseW-high,bboxH-low,case-centre-y; FAIL_CONTENT: incomplete bracelet; lower bracelet is missing; human full-resolution review: incomplete product image; lower bracelet missing",rerendered-and-approved,False,0.780273,0.911458,0.499512,0.500000,1024x1536,RGBA,,PASS,c929d46fa5312d98343437cb23268989b21ccf287ef8bbc61484447c7179d524
WL69,0.910683,0.986,0.495622,0.503,571x1000,RGBA,,canvas|caseW-high|bboxH-high,False,True,acceptable variation,False,"canvas,caseW-high,bboxH-high; PASS_CONTENT from legacy catalog black-background review",unchanged-protected,False,0.910683,0.986,0.495622,0.503,571x1000,RGBA,canvas|caseW-high|bboxH-high,acceptable variation,b7587d75ee4d6241241323493958ca376befdd7866e0a6723a3bb15ec57b136c
CR801283NBMNIB,0.875,0.884766,0.5,0.499674,1024x1536,RGBA,,caseW-high,False,True,acceptable variation,False,caseW-high; PASS_CONTENT from 544-watch individual black-background review,unchanged-protected,False,0.875,0.884766,0.5,0.499674,1024x1536,RGBA,caseW-high,acceptable variation,dc3b39dbe018e4b44f4fbc662fd505d2d5a3569eab9b4863e09f0e7a0fc95c0f
WWN10619,0.775391,0.906901,0.5,0.499674,1024x1536,RGBA,,,True,True,approved,False,PASS_CONTENT from 544-watch individual black-background review; pending v2 candidate recheck,unchanged-protected,False,0.775391,0.906901,0.5,0.499674,1024x1536,RGBA,,approved,829ec6cbd76f6404bf5eeb7f1340608917f962bb4eb9b5c09dd6ff621613d666
W2239,0.556641,0.979167,0.486328,0.497396,1024x1536,RGBA,,caseW-low|bboxH-high,False,True,acceptable variation,False,"caseW-low,bboxH-high; PASS_CONTENT from legacy catalog black-background review",unchanged-protected,False,0.556641,0.979167,0.486328,0.497396,1024x1536,RGBA,caseW-low|bboxH-high,acceptable variation,235c3d0e5407bbf63e98431376fd488bfe55ec435fb38b2ba515ff50b917750f
CRT930.007.46.296.00,0.662109,0.90625,0.5,0.5,1024x1536,RGBA,,caseW-low,False,True,acceptable variation,False,caseW-low; PASS_CONTENT from 544-watch individual black-background review,unchanged-protected,False,0.662109,0.90625,0.5,0.5,1024x1536,RGBA,caseW-low,acceptable variation,f5d2c76471ab4ba79a57e96ceb60e63249587cfefa3e097c3447eca8b1578f6f
CRH77616533,0.84668,0.897135,0.5,0.5,1024x1536,RGBA,,caseW-high,False,False,true failure,True,caseW-high; PASS_CONTENT from 544-watch individual black-background review; human full-resolution review: large exposed strap rivets,rerendered-and-approved,False,0.780273,0.899089,0.500000,0.500326,1024x1536,RGBA,,PASS,877fcbb1ccee3b1b93f6f65adeac76f6764ed35b8eb7c15698cd01f136c4896a
WWNR30211152,0.701172,0.907552,0.5,0.5,1024x1536,RGBA,,caseW-low,False,True,acceptable variation,False,caseW-low; PASS_CONTENT from 544-watch individual black-background review,unchanged-protected,False,0.701172,0.907552,0.5,0.5,1024x1536,RGBA,caseW-low,acceptable variation,ddd633eee2ef1e1f0689b458cb7ea86ae7d92c84d46bf245116024a9b3474c49
WWNX83310D41B1S1,0.861328,0.906901,0.5,0.500326,1024x1536,RGBA,,caseW-high,False,True,acceptable variation,False,caseW-high; PASS_CONTENT from 544-watch individual black-background review,unchanged-protected,False,0.861328,0.906901,0.5,0.500326,1024x1536,RGBA,caseW-high,acceptable variation,7ad5c82f39957e79176d474d630c4ad173713c91094118e538e6198909f97b61
W2195,0.799805,0.951823,0.500488,0.494141,1024x1536,RGBA,,bboxH-high,False,True,acceptable variation,False,bboxH-high; PASS_CONTENT from legacy catalog black-background review,unchanged-protected,False,0.799805,0.951823,0.500488,0.494141,1024x1536,RGBA,bboxH-high,acceptable variation,06cf20e02d6c9c0981ec496d649f6119dbcf445d9b6e65c1dcefd6dc3702bd42
WWNL3.820.4.73.6,0.78125,0.907552,0.499512,0.5,1024x1536,RGBA,,,True,True,approved,False,PASS_CONTENT from 544-watch individual black-background review; pending v2 candidate recheck,unchanged-protected,False,0.78125,0.907552,0.499512,0.5,1024x1536,RGBA,,approved,6ae3328ae8d1487d5d41386406713cb64134f37a7f579544cb3b789fba2696e7
WWNL3.374.4.40.2,0.711914,0.907552,0.5,0.5,1024x1536,RGBA,,caseW-low,False,False,true failure,True,caseW-low; PASS_CONTENT from 544-watch individual black-background review; human full-resolution review: exposed NATO keeper hardware,rerendered-and-approved,False,0.780273,0.911458,0.500000,0.500000,1024x1536,RGBA,,PASS,89c0825b0a32b62fa25ed052d9bd3906b46fa8677fbadadd9a434276e12f97ed
WL70,0.789842,0.988,0.512259,0.5,571x1000,RGBA,,canvas|bboxH-high,False,False,true failure,True,"canvas,bboxH-high; PASS_CONTENT from legacy catalog black-background review; human full-resolution review: strong perspective with looped bracelet",rerendered-and-approved,False,0.779297,0.911458,0.500000,0.500000,1024x1536,RGBA,,PASS,f9a58a8a0a458523cde387a812e47295f8bb74f0caa053785bafa4e5259277a8
W2241,0.757812,0.916667,0.507324,0.496094,1024x1536,RGBA,,,True,True,approved,False,PASS_CONTENT from legacy catalog black-background review; pending v2 candidate recheck,unchanged-protected,False,0.757812,0.916667,0.507324,0.496094,1024x1536,RGBA,,approved,92c9fb1b5bf210192ad7384d510f8d848ed88117c7b1a3526b023b9bdd64600b
W2135,0.743164,0.886068,0.527832,0.484049,1024x1536,RGBA,,,True,True,approved,False,PASS_CONTENT from legacy catalog black-background review; pending v2 candidate recheck,unchanged-protected,False,0.743164,0.886068,0.527832,0.484049,1024x1536,RGBA,,approved,f0a4ddeaec36bc7dc82bc0f9e917b0876517b6144716f23cbfbbe30a2c1f404e
W1264,0.942308,1.0,0.521154,0.5,520x900,RGBA,,canvas|caseW-high|bboxH-high,False,True,acceptable variation,False,"canvas,caseW-high,bboxH-high; PASS_CONTENT from legacy catalog black-background review",unchanged-protected,False,0.942308,1.0,0.521154,0.5,520x900,RGBA,canvas|caseW-high|bboxH-high,acceptable variation,2c97cd57cdb5088f554c57be27a9ae828db5042eee6141fbf0306be5bb08778c
WWNR12169209,0.658203,0.906901,0.5,0.500326,1024x1536,RGBA,,caseW-low,False,True,acceptable variation,False,caseW-low; PASS_CONTENT from 544-watch individual black-background review,unchanged-protected,False,0.658203,0.906901,0.5,0.500326,1024x1536,RGBA,caseW-low,acceptable variation,ceb10776cc84f41dbf487d844de6a101dbb28d413acfb282ba35ff00cfff5bd7
WWNMWW06G000014,0.668945,0.907552,0.499512,0.5,1024x1536,RGBA,,caseW-low,False,True,acceptable variation,False,caseW-low; PASS_CONTENT from 544-watch individual black-background review,unchanged-protected,False,0.668945,0.907552,0.499512,0.5,1024x1536,RGBA,caseW-low,acceptable variation,477dadef521e4235610ae77a7b82fc0d025f28a1fcf40098de00fd0ca0bbbdae
WWNL2.828.4.53.2,0.285156,0.906901,0.5,0.499674,1024x1536,RGBA,,caseW-low,False,False,true failure,True,caseW-low; PASS_CONTENT from 544-watch individual black-background review; human full-resolution review: severely zoomed-out full-strap presentation,rerendered-and-approved,False,0.781250,0.911458,0.500000,0.500000,1024x1536,RGBA,,PASS,ac7273cff6c571d1f45e6e00bd669171ff8d72a5ea06606c5641446b8371a387
W2217,0.631836,0.945964,0.499512,0.493815,1024x1536,RGBA,,caseW-low,False,True,acceptable variation,False,caseW-low; PASS_CONTENT from legacy catalog black-background review,unchanged-protected,False,0.631836,0.945964,0.499512,0.493815,1024x1536,RGBA,caseW-low,acceptable variation,e462e42ccdce18ab2eea448af8b81836f95d7eee414bc1238472e99a029a276f
W1426,0.976471,1.0,0.5,0.5,340x900,RGBA,,canvas|caseW-high|bboxH-high,False,False,true failure,True,"canvas,caseW-high,bboxH-high; PASS_CONTENT from legacy catalog black-background review; human full-resolution review: strong perspective with looped bracelet",rerendered-and-approved,False,0.780273,0.911458,0.500488,0.500000,1024x1536,RGBA,,PASS,1ff5971dcead59515359c913bbaf151317802e593578b63156a5d88d6c832fc0
W1348,0.97619,0.982222,0.5,0.5,252x900,RGBA,,canvas|caseW-high|bboxH-high,False,False,true failure,True,"canvas,caseW-high,bboxH-high; PASS_CONTENT from legacy catalog black-background review; human full-resolution review: strong perspective with looped bracelet",rerendered-and-approved,False,0.781250,0.911458,0.500000,0.500000,1024x1536,RGBA,,PASS,39b5380beddae3f7bf095a65b5622add78d1726cdc6c8d84b8ac0119a907e06c
WL72,0.768827,0.994,0.521016,0.5,571x1000,RGBA,,canvas|bboxH-high,False,False,true failure,True,"canvas,bboxH-high; PASS_CONTENT from legacy catalog black-background review; human full-resolution review: strong perspective with curled strap and visible underside",rerendered-and-approved,False,0.780273,0.911458,0.499512,0.500000,1024x1536,RGBA,,PASS,a7001719b73e857e4366dd1e3f5448325b9ac9e872ba5a96446ba66e5d6c9b1f
WWN01 751 7761 4187-SET,0.804688,0.906901,0.5,0.499674,1024x1536,RGBA,,,True,False,true failure,True,FAIL_CONTENT: exposed NATO keeper hardware does not match the approved presentation; human full-resolution review: full NATO strap hardware visible,rerendered-and-approved,False,0.780273,0.860677,0.499512,0.500000,1024x1536,RGBA,,PASS,5c578aeecea1bb2e6a8db5d0c692113fed8339179e23a1a7d1c222bec2683827
WWN01 400 7769 4154-07 4 22 74FC,0.785156,0.907552,0.5,0.5,1024x1536,RGBA,,,True,True,approved,False,PASS_CONTENT from 544-watch individual black-background review; pending v2 candidate recheck,unchanged-protected,False,0.785156,0.907552,0.5,0.5,1024x1536,RGBA,,approved,69dbd7e87c0d662290bb625d513d95eb498e5284429bcc2f0a2a15b7fd47c168
WWN01 400 7769 4127-07 4 22 77FC,0.848633,0.907552,0.499512,0.5,1024x1536,RGBA,,caseW-high,False,True,acceptable variation,False,caseW-high; PASS_CONTENT from 544-watch individual black-background review,unchanged-protected,False,0.848633,0.907552,0.499512,0.5,1024x1536,RGBA,caseW-high,acceptable variation,bef18a022eceacdb64d9a2be8141bb388f62550801c37c7b7486e4038943fe9d
WWNR12164153,0.65918,0.907552,0.499512,0.5,1024x1536,RGBA,,caseW-low,False,True,acceptable variation,False,caseW-low; PASS_CONTENT from 544-watch individual black-background review,unchanged-protected,False,0.65918,0.907552,0.499512,0.5,1024x1536,RGBA,caseW-low,acceptable variation,8d9a0ea25503c66d11d586684e31a711e6bfa2f3c33be0498eb498efa53c3ab2
WWNR30012202,0.694336,0.906901,0.499512,0.500326,1024x1536,RGBA,,caseW-low,False,True,acceptable variation,False,caseW-low; PASS_CONTENT from 544-watch individual black-background review,unchanged-protected,False,0.694336,0.906901,0.499512,0.500326,1024x1536,RGBA,caseW-low,acceptable variation,02d55777c10ca040c87e5100ab41bdfec76b12c8464a894887f7e2cbcb05e91a
WWNL3.430.4.99.6,0.739258,0.909505,0.499512,0.500977,1024x1536,RGBA,,,True,True,approved,False,PASS_CONTENT from 544-watch individual black-background review; pending v2 candidate recheck,unchanged-protected,False,0.739258,0.909505,0.499512,0.500977,1024x1536,RGBA,,approved,465a2a3c41d3b7d8d960e64b3461b7adaf7d779da1b775a2eabaf7b748645089
WWNM005.614.36.051.22,0.828125,0.907552,0.5,0.5,1024x1536,RGBA,,,True,True,approved,False,PASS_CONTENT from 544-watch individual black-background review; pending v2 candidate recheck,unchanged-protected,False,0.828125,0.907552,0.5,0.5,1024x1536,RGBA,,approved,14c82f42f9ffdb143ee58b394956d0e50ad8bc0f458be224b5202af5b676babc
WW672,0.98574,0.994,0.5,0.503,561x1000,RGBA,,canvas|caseW-high|bboxH-high,False,False,true failure,True,"canvas,caseW-high,bboxH-high; PASS_CONTENT from legacy catalog black-background review; human full-resolution review: strong perspective with looped bracelet",rerendered-and-approved,False,0.780273,0.861328,0.500488,0.499674,1024x1536,RGBA,,PASS,6e69b2b1a5970ad298dfb7036a8ea4a039657d204e6d3a51b22f1e97d79a1e01
CR804.10.131S.26,0.777344,0.90625,0.5,0.5,1024x1536,RGBA,,,True,True,approved,False,PASS_CONTENT from 544-watch individual black-background review; pending v2 candidate recheck,unchanged-protected,False,0.777344,0.90625,0.5,0.5,1024x1536,RGBA,,approved,52b091f15c3e80e96e817821b45bd885272a32affd055849e33030e0a782d656
W1335,0.544922,0.930339,0.519531,0.487956,1024x1536,RGBA,,caseW-low,False,True,acceptable variation,False,caseW-low; PASS_CONTENT from legacy catalog black-background review,unchanged-protected,False,0.544922,0.930339,0.519531,0.487956,1024x1536,RGBA,caseW-low,acceptable variation,705fe336d3bf550c36ca6ae7335c53bf698c28db95c74c144b82aa4261f59425
W1396,0.970315,0.983333,0.5,0.500556,539x900,RGBA,,canvas|caseW-high|bboxH-high,False,False,true failure,True,"canvas,caseW-high,bboxH-high; PASS_CONTENT from legacy catalog black-background review; human full-resolution review: strong perspective with curled strap and visible underside",rerendered-and-approved,False,0.779297,0.882812,0.500000,0.500000,1024x1536,RGBA,,PASS,b81ecdb5d8cc8e397ae903e5c042e0e0f6463a6d12a0d27c8df3e77a18e8f0e3
WWNL4.523.0.90.2,0.603516,0.90625,0.5,0.5,1024x1536,RGBA,,caseW-low,False,True,acceptable variation,False,caseW-low; PASS_CONTENT from 544-watch individual black-background review,unchanged-protected,False,0.603516,0.90625,0.5,0.5,1024x1536,RGBA,caseW-low,acceptable variation,f82f7133fe7f8c725817ec6cbce85a0ff8385f816c698dd2a3aa3f0fed3f1bd1
W1520,0.808594,0.960286,0.523438,0.496419,1024x1536,RGBA,,bboxH-high,False,True,acceptable variation,False,bboxH-high; PASS_CONTENT from legacy catalog black-background review,unchanged-protected,False,0.808594,0.960286,0.523438,0.496419,1024x1536,RGBA,bboxH-high,acceptable variation,b8f3af9193e6684a7d0b585b814d4a6df1aa1d6a257a06d8f069c3a71fb60106
WW483,0.829457,0.933,0.5,0.5005,516x1000,RGBA,,canvas,False,False,true failure,True,canvas; PASS_CONTENT from legacy catalog black-background review; human full-resolution review: strong perspective with curled strap,rerendered-and-approved,False,0.779297,0.911458,0.500000,0.500000,1024x1536,RGBA,,PASS,5714329baffb3a4d57d3eb3bb3927e74bce292a5f0576e91d96489f5268e19a7
WW480,0.985743,0.985075,0.498982,0.498934,491x938,RGBA,,canvas|caseW-high|bboxH-high,False,False,true failure,True,"canvas,caseW-high,bboxH-high; PASS_CONTENT from legacy catalog black-background review; human full-resolution review: strong perspective with curled strap and visible underside",rerendered-and-approved,False,0.779297,0.911458,0.500000,0.500000,1024x1536,RGBA,,PASS,1118dd78e9b07c45522cc82290932d879666e989c4433fcda7cada53898eec78
WW650,0.926692,0.966292,0.527256,0.490296,532x979,RGBA,,canvas|caseW-high|bboxH-high,False,False,true failure,True,"canvas,caseW-high,bboxH-high; PASS_CONTENT from legacy catalog black-background review; human full-resolution review: strong perspective with curled strap and visible underside",rerendered-and-approved,False,0.779297,0.911458,0.500000,0.500000,1024x1536,RGBA,,PASS,995f129d3622633ac6ab446e3a87b5dbe42e6cfb9c0685d11f3d34e22045b068
WWN01 771 7744 4354-07 5 21 45,0.698242,0.911458,0.5,0.5,1024x1536,RGBA,,caseW-low,False,True,acceptable variation,False,caseW-low; PASS_CONTENT from 544-watch individual black-background review,unchanged-protected,False,0.698242,0.911458,0.5,0.5,1024x1536,RGBA,caseW-low,acceptable variation,08b8c5f5b9d397144fbfeabdc68d361c4dd843ad72dc6c33850a10609fdbe51f
WWNWAZ1010.FT8024,0.775391,0.906901,0.5,0.499674,1024x1536,RGBA,,,True,True,acceptable variation,False,FAIL_CONTENT: strap perforations are visible in the catalog crop; human full-resolution review accepted current image; metric warnings only,unchanged-protected,False,0.775391,0.906901,0.5,0.499674,1024x1536,RGBA,,acceptable variation,2acb93a5022c06b6b8d45f1b1904cd9a6e6e3e1150f8e7f994c182cbf4451cc0
W2225,0.521484,0.895833,0.519531,0.490234,1024x1536,RGBA,,caseW-low,False,True,acceptable variation,False,caseW-low; PASS_CONTENT from legacy catalog black-background review,unchanged-protected,False,0.521484,0.895833,0.519531,0.490234,1024x1536,RGBA,caseW-low,acceptable variation,3aeb66d470dbb3690a9baa8ab72fab59c2f35b3bc8cc645d106f2e39f19d5210
WL92,0.933921,0.959375,0.502203,0.501563,908x1280,RGBA,,canvas|caseW-high|bboxH-high,False,False,true failure,True,"canvas,caseW-high,bboxH-high; PASS_CONTENT from legacy catalog black-background review; human full-resolution review: strong perspective with looped bracelet",rerendered-and-approved,False,0.780273,0.911458,0.499512,0.500000,1024x1536,RGBA,,PASS,ebce21fc47afc054eaff0298d5d5d2c04455c2bc89e542e6cba2c31733043cfb
WL78,0.838879,0.981,0.498249,0.5015,571x1000,RGBA,,canvas|caseW-high|bboxH-high,False,False,true failure,True,"canvas,caseW-high,bboxH-high; PASS_CONTENT from legacy catalog black-background review; human full-resolution review: strong perspective with looped bracelet",rerendered-and-approved,False,0.779297,0.911458,0.500000,0.500000,1024x1536,RGBA,,PASS,aa3ec6953b075f426d29b90ade388d53e9183181ef577fcc08d04387057cec8b
CR38003TINBUGNBU,0.864258,0.880859,0.5,0.499674,1024x1536,RGBA,,caseW-high,False,True,acceptable variation,False,caseW-high; PASS_CONTENT from 544-watch individual black-background review,unchanged-protected,False,0.864258,0.880859,0.5,0.499674,1024x1536,RGBA,caseW-high,acceptable variation,6a8c35ff74b366d41c9f6008ba10b159063e7abc01e254cfbfed702ee33dd9c2
CRH24614330,0.854492,0.907552,0.499512,0.5,1024x1536,RGBA,,caseW-high,False,True,acceptable variation,False,caseW-high; PASS_CONTENT from 544-watch individual black-background review,unchanged-protected,False,0.854492,0.907552,0.499512,0.5,1024x1536,RGBA,caseW-high,acceptable variation,9671a4a086bb46d646f9b07228adb8638cdc939fb5022667ba60e8e9c6dc2b10
W251,0.955903,0.983594,0.502134,0.498047,703x1280,RGBA,,canvas|caseW-high|bboxH-high,False,False,true failure,True,"canvas,caseW-high,bboxH-high; PASS_CONTENT from legacy catalog black-background review; human full-resolution review: strong perspective with curled strap and visible underside",rerendered-and-approved,False,0.780273,0.911458,0.499512,0.500000,1024x1536,RGBA,,PASS,bcee536a3ed7cd269ab48ef28281a161d6f1854820adca1e459f18ba85f26129
WWN2410.48.67.1199,0.494141,0.907552,0.5,0.5,1024x1536,RGBA,,caseW-low,False,True,acceptable variation,False,caseW-low; PASS_CONTENT from 544-watch individual black-background review,unchanged-protected,False,0.494141,0.907552,0.5,0.5,1024x1536,RGBA,caseW-low,acceptable variation,e585dd48b392ff5051d9842e0796091d022a71a2ba4fd17e789c274bc5c45644
WWNL2.821.4.11.6,0.767578,0.907552,0.5,0.5,1024x1536,RGBA,,,True,True,approved,False,PASS_CONTENT from 544-watch individual black-background review; pending v2 candidate recheck,unchanged-protected,False,0.767578,0.907552,0.5,0.5,1024x1536,RGBA,,approved,0125b1c412cf56dbe012cc0c9dd3e52217ec2b71b5ac5db9fc405972f1feaaa1
W2167,0.641602,0.953776,0.51416,0.49707,1024x1536,RGBA,,caseW-low|bboxH-high,False,True,acceptable variation,False,"caseW-low,bboxH-high; PASS_CONTENT from legacy catalog black-background review",unchanged-protected,False,0.641602,0.953776,0.51416,0.49707,1024x1536,RGBA,caseW-low|bboxH-high,acceptable variation,d6880fb89fdf53e1fb2e4d1f0a18c1da1467c4e0c1ea7bae1ca0ee18f51395b3
WL29,0.718039,0.99,0.510508,0.501,571x1000,RGBA,,canvas|caseW-low|bboxH-high,False,True,acceptable variation,False,"canvas,caseW-low,bboxH-high; PASS_CONTENT from legacy catalog black-background review",unchanged-protected,False,0.718039,0.99,0.510508,0.501,571x1000,RGBA,canvas|caseW-low|bboxH-high,acceptable variation,2798b35ec2561f0fa80a3e77117bb0d9f93e4524880b6b16a350683a642987bf
WW976,0.980831,0.985714,0.499201,0.499451,626x910,RGBA,,canvas|caseW-high|bboxH-high,False,False,true failure,True,"canvas,caseW-high,bboxH-high; PASS_CONTENT from legacy catalog black-background review; human full-resolution review: strong perspective with curled rubber strap",rerendered-and-approved,False,0.780273,0.863281,0.500488,0.500000,1024x1536,RGBA,,PASS,41efadcf8e8f4b973074fb268411f0553e301213d1bd245c9539acc62d01b357
WWNMWW33B000010,0.609375,0.906901,0.5,0.500326,1024x1536,RGBA,,caseW-low,False,True,acceptable variation,False,caseW-low; PASS_CONTENT from 544-watch individual black-background review,unchanged-protected,False,0.609375,0.906901,0.5,0.500326,1024x1536,RGBA,caseW-low,acceptable variation,419603cbe8ffb38412b5a7227320bd25bc4517612457255ed3c01a0aebfb5d51
WWNWBY1163.FT8113,0.801758,0.907552,0.499512,0.5,1024x1536,RGBA,,,True,True,approved,False,PASS_CONTENT from 544-watch individual black-background review; pending v2 candidate recheck,unchanged-protected,False,0.801758,0.907552,0.499512,0.5,1024x1536,RGBA,,approved,d8f92c99790fc0e0ac942528e9fffae9c46a714225558b126482c4548d6984c2
CRWAZ1112.BA0875,0.823242,0.906901,0.499512,0.500326,1024x1536,RGBA,,,True,True,approved,False,PASS_CONTENT from 544-watch individual black-background review; pending v2 candidate recheck,unchanged-protected,False,0.823242,0.906901,0.499512,0.500326,1024x1536,RGBA,,approved,4702513918fe90d18f79e369ff90e7f241d0af253c4f0bfe70e17a8c4e4309ed
WWN5280-STS-45001,0.717773,0.906901,0.499512,0.500326,1024x1536,RGBA,,caseW-low,False,True,acceptable variation,False,caseW-low; PASS_CONTENT from 544-watch individual black-background review,unchanged-protected,False,0.717773,0.906901,0.499512,0.500326,1024x1536,RGBA,caseW-low,acceptable variation,2b86755f3fe96fbbebe04003d769c61c933b345e371ec48cd91c1239cc8e891e
WWNL3.811.4.53.9,0.766602,0.907552,0.499512,0.5,1024x1536,RGBA,,,True,True,approved,False,PASS_CONTENT from 544-watch individual black-background review; pending v2 candidate recheck,unchanged-protected,False,0.766602,0.907552,0.499512,0.5,1024x1536,RGBA,,approved,ed5bda3acb17b17ac91c02b0c9c56e12b4c2bcc5936ed56a17366ad7d85419bf
WWNMWW30B000001,0.674805,0.907552,0.499512,0.5,1024x1536,RGBA,,caseW-low,False,True,acceptable variation,False,caseW-low; PASS_CONTENT from 544-watch individual black-background review,unchanged-protected,False,0.674805,0.907552,0.499512,0.5,1024x1536,RGBA,caseW-low,acceptable variation,8e9970d0f2eac1cce22865dbd00b8efba7a689879f87f31910cd4ea41e54c4f3
WWNL3.830.4.62.6,0.797852,0.90625,0.499512,0.5,1024x1536,RGBA,,,True,True,approved,False,PASS_CONTENT from 544-watch individual black-background review; pending v2 candidate recheck,unchanged-protected,False,0.797852,0.90625,0.499512,0.5,1024x1536,RGBA,,approved,fe373eac32b2faf7903cfd974a80d2b217ffdca8d12cb84638e445a6d3087222
W2154,0.713867,0.897786,0.527832,0.491211,1024x1536,RGBA,,caseW-low,False,True,acceptable variation,False,caseW-low; PASS_CONTENT from legacy catalog black-background review,unchanged-protected,False,0.713867,0.897786,0.527832,0.491211,1024x1536,RGBA,caseW-low,acceptable variation,2d0a109efc1c4413ce2612b4b13e6d7831cf633f25d8beaaf86ce1028febefb0
W1473,0.741211,0.958333,0.52002,0.501302,1024x1536,RGBA,,bboxH-high,False,True,acceptable variation,False,bboxH-high; PASS_CONTENT from legacy catalog black-background review,unchanged-protected,False,0.741211,0.958333,0.52002,0.501302,1024x1536,RGBA,bboxH-high,acceptable variation,3193f449489452c18153dfe656d15e04d023fddbc4ed4211b5c575533fcb93c2
WWNR27080702,0.646484,0.90625,0.5,0.5,1024x1536,RGBA,,caseW-low,False,True,acceptable variation,False,caseW-low; PASS_CONTENT from 544-watch individual black-background review,unchanged-protected,False,0.646484,0.90625,0.5,0.5,1024x1536,RGBA,caseW-low,acceptable variation,0a4a4f2c3f3dd6962207ce0b54a2c430ebfad4fa874d2bda9c8205137025c2e4
W1425,0.612305,0.921875,0.52002,0.496745,1024x1536,RGBA,,caseW-low,False,True,acceptable variation,False,caseW-low; PASS_CONTENT from legacy catalog black-background review,unchanged-protected,False,0.612305,0.921875,0.52002,0.496745,1024x1536,RGBA,caseW-low,acceptable variation,4e5c00cba29237acb38c56dc88e9d9394ff2793829cc1cdb2404eacf473fed33
WL65,0.886364,0.983,0.493881,0.5015,572x1000,RGBA,,canvas|caseW-high|bboxH-high,False,False,true failure,True,"canvas,caseW-high,bboxH-high; PASS_CONTENT from legacy catalog black-background review; human full-resolution review: strong perspective with curled strap",rerendered-and-approved,False,0.780273,0.911458,0.499512,0.500000,1024x1536,RGBA,,PASS,f3fcf83109660c8e4741bd42fa5f994eb5d8c9d1e295deb52e97460052b40393
W1526,0.78125,0.924479,0.533203,0.496094,1024x1536,RGBA,,case-centre-x,False,True,acceptable variation,False,case-centre-x; PASS_CONTENT from legacy catalog black-background review,unchanged-protected,False,0.78125,0.924479,0.533203,0.496094,1024x1536,RGBA,case-centre-x,acceptable variation,954459836cc40856cab6b05f97a92aefc06ec12e7793af8c0a43c32d8561c795
WWNR27096662,0.670898,0.907552,0.500488,0.5,1024x1536,RGBA,,caseW-low,False,True,acceptable variation,False,caseW-low; PASS_CONTENT from 544-watch individual black-background review,unchanged-protected,False,0.670898,0.907552,0.500488,0.5,1024x1536,RGBA,caseW-low,acceptable variation,01663525903e22b66c2b5cf96c87c28cd8b8b2a9f9f7b0d0b6baf60d9f048568
WWN10708,0.770508,0.907552,0.499512,0.5,1024x1536,RGBA,,,True,True,approved,False,PASS_CONTENT from 544-watch individual black-background review; pending v2 candidate recheck,unchanged-protected,False,0.770508,0.907552,0.499512,0.5,1024x1536,RGBA,,approved,e93be00565d97ac5102b1251ee1b3eb18fd00deb876b30571a6da4ee38e423a4
WW556,0.96355,1.0,0.489699,0.5,631x1000,RGBA,,canvas|caseW-high|bboxH-high,False,False,true failure,True,"canvas,caseW-high,bboxH-high; PASS_CONTENT from legacy catalog black-background review; human full-resolution review: upper bracelet and cutout appear visibly damaged",rerendered-and-approved,False,0.780273,0.856120,0.499512,0.499674,1024x1536,RGBA,,PASS,2bcf7433ef1ef63c91bef54caad85f0a81ba8296f0a655bdfa3732db980fedaa
WWNL3.720.4.72.6,0.753906,0.906901,0.5,0.500326,1024x1536,RGBA,,,True,True,approved,False,PASS_CONTENT from 544-watch individual black-background review; pending v2 candidate recheck,unchanged-protected,False,0.753906,0.906901,0.5,0.500326,1024x1536,RGBA,,approved,e877aa28c44304f3e25bed70ad3fe130d729a346745eb2867faefb04a43c8f8f
WW756,0.982111,1.0,0.498211,0.5,559x1000,RGBA,,canvas|caseW-high|bboxH-high,False,True,acceptable variation,False,"canvas,caseW-high,bboxH-high; PASS_CONTENT from legacy catalog black-background review",unchanged-protected,False,0.982111,1.0,0.498211,0.5,559x1000,RGBA,canvas|caseW-high|bboxH-high,acceptable variation,cea7efdd6044acea3d12e330f7ac4e02c294a93a17c571a3259e9940ac059992
W1461,0.611328,0.879557,0.526367,0.474935,1024x1536,RGBA,,caseW-low,False,True,acceptable variation,False,caseW-low; PASS_CONTENT from legacy catalog black-background review,unchanged-protected,False,0.611328,0.879557,0.526367,0.474935,1024x1536,RGBA,caseW-low,acceptable variation,f9a521aa687c7a7a596a1c65ae6464cd2778305377846c920ae78460976b3fa6
W273,0.710938,0.9875,0.514648,0.5,1024x1280,RGBA,,canvas|caseW-low|bboxH-high,False,True,acceptable variation,False,"canvas,caseW-low,bboxH-high; PASS_CONTENT from legacy catalog black-background review",unchanged-protected,False,0.710938,0.9875,0.514648,0.5,1024x1280,RGBA,canvas|caseW-low|bboxH-high,acceptable variation,8e7dd5da4fb5dfea352c0aca9b156af3a4d01843a72ba60befc0d52daf2c61ab
WWNCAZ1010.BA0842,0.766602,0.907552,0.499512,0.5,1024x1536,RGBA,,,True,True,approved,False,PASS_CONTENT from 544-watch individual black-background review; pending v2 candidate recheck,unchanged-protected,False,0.766602,0.907552,0.499512,0.5,1024x1536,RGBA,,approved,594e80f72d41c94d9079840ae30d3b0cb00694e0f537db3fb811fc05b5f9a958
W2147,0.662109,0.909505,0.514648,0.487956,1024x1536,RGBA,,caseW-low,False,True,acceptable variation,False,caseW-low; PASS_CONTENT from legacy catalog black-background review,unchanged-protected,False,0.662109,0.909505,0.514648,0.487956,1024x1536,RGBA,caseW-low,acceptable variation,0c4134d5d802c989b15ea1e564d83a02effecb32a55aa062c3301aa0fa61bef1
W2148,0.640625,0.876302,0.521484,0.501953,1024x1536,RGBA,,caseW-low,False,True,acceptable variation,False,caseW-low; PASS_CONTENT from legacy catalog black-background review,unchanged-protected,False,0.640625,0.876302,0.521484,0.501953,1024x1536,RGBA,caseW-low,acceptable variation,8af93b1941d6dfc35e7de71c30c8eade14fae01c839223b2d3c4a143ee838691
W1496,0.717773,0.938802,0.515137,0.492188,1024x1536,RGBA,,caseW-low,False,True,acceptable variation,False,caseW-low; PASS_CONTENT from legacy catalog black-background review,unchanged-protected,False,0.717773,0.938802,0.515137,0.492188,1024x1536,RGBA,caseW-low,acceptable variation,d969b7571f743c343195166e05ca3a87a12b9f86aee915ac6c15a8be60d42a07
WWNL4.974.3.37.7,0.662109,0.906901,0.5,0.500326,1024x1536,RGBA,,caseW-low,False,True,acceptable variation,False,caseW-low; PASS_CONTENT from 544-watch individual black-background review,unchanged-protected,False,0.662109,0.906901,0.5,0.500326,1024x1536,RGBA,caseW-low,acceptable variation,496e05f9515bbd0dc589bfad41bc83344acb64f714945a9681a23f3f8c951470
WWNWAZ1010.BA0842,0.837891,0.906901,0.5,0.499674,1024x1536,RGBA,,caseW-high,False,True,acceptable variation,False,caseW-high; PASS_CONTENT from 544-watch individual black-background review,unchanged-protected,False,0.837891,0.906901,0.5,0.499674,1024x1536,RGBA,caseW-high,acceptable variation,9011611ff605ca324c069168ac775c9cb0ba2eefff1d19c70b9acca6ac8e3061
WW885,0.625977,0.923177,0.508301,0.484375,1024x1536,RGBA,,caseW-low,False,True,acceptable variation,False,caseW-low; PASS_CONTENT from legacy catalog black-background review,unchanged-protected,False,0.625977,0.923177,0.508301,0.484375,1024x1536,RGBA,caseW-low,acceptable variation,f9436a9ad751490b611777fc1a7816a05db3862b2d22ebd3dbfaa9d47db9d495
WL84,0.845884,0.977,0.528021,0.5005,571x1000,RGBA,,canvas|caseW-high|bboxH-high,False,False,true failure,True,"canvas,caseW-high,bboxH-high; PASS_CONTENT from legacy catalog black-background review; human full-resolution review: strong perspective with looped mesh bracelet",rerendered-and-approved,False,0.780273,0.911458,0.500488,0.500000,1024x1536,RGBA,,PASS,341349ae082425b23c0bf438465b6fba1594f14e4ff97ac51f761509f546f643
W2146,0.679688,0.940755,0.513672,0.488607,1024x1536,RGBA,,caseW-low,False,True,acceptable variation,False,caseW-low; PASS_CONTENT from legacy catalog black-background review,unchanged-protected,False,0.679688,0.940755,0.513672,0.488607,1024x1536,RGBA,caseW-low,acceptable variation,4b5c915adabdf6aee87d5574b1dcec821f48d06bbe1a1e463a966a16f61f41b0
W1365,0.972393,0.997778,0.498466,0.5,326x900,RGBA,,canvas|caseW-high|bboxH-high,False,True,acceptable variation,False,"canvas,caseW-high,bboxH-high; PASS_CONTENT from legacy catalog black-background review",unchanged-protected,False,0.972393,0.997778,0.498466,0.5,326x900,RGBA,canvas|caseW-high|bboxH-high,acceptable variation,109570594022ce46149b57cdc43adc1fe6709a757d6c2255068e23c6f37ccf56
W1497,0.671875,0.908854,0.520508,0.48763,1024x1536,RGBA,,caseW-low,False,True,acceptable variation,False,caseW-low; PASS_CONTENT from legacy catalog black-background review,unchanged-protected,False,0.671875,0.908854,0.520508,0.48763,1024x1536,RGBA,caseW-low,acceptable variation,3c92962a4746840cde985735ed272e1e08a1acb39c41db28cce630bbc7664c6a
W1478,0.709961,0.933594,0.518066,0.496745,1024x1536,RGBA,,caseW-low,False,True,acceptable variation,False,caseW-low; PASS_CONTENT from legacy catalog black-background review,unchanged-protected,False,0.709961,0.933594,0.518066,0.496745,1024x1536,RGBA,caseW-low,acceptable variation,cdc946c71f3544f07c1859bbb403b0da55b9afcca3e9ed19081442343e765c00
WWNL3.430.4.02.6,0.720703,0.907552,0.5,0.5,1024x1536,RGBA,,caseW-low,False,True,acceptable variation,False,caseW-low; PASS_CONTENT from 544-watch individual black-background review,unchanged-protected,False,0.720703,0.907552,0.5,0.5,1024x1536,RGBA,caseW-low,acceptable variation,456fdf494444105716e70a1a7826ba28bdfeea96ab4be7e7845bf7456057430f
WW312,0.985938,1.0,0.500781,0.5,640x1000,RGBA,,canvas|caseW-high|bboxH-high,False,False,true failure,True,"canvas,caseW-high,bboxH-high; PASS_CONTENT from legacy catalog black-background review; human full-resolution review: strong perspective with curled smartwatch strap",rerendered-and-approved,False,0.779297,0.863281,0.500000,0.500000,1024x1536,RGBA,,PASS,0658a94bb63d34f3ef9682c29e80c947ff55ced1e3ff7c7ff305593a70a6d110
WL71,0.944286,1.0,0.506429,0.5,700x1000,RGBA,,canvas|caseW-high|bboxH-high,False,False,true failure,True,"canvas,caseW-high,bboxH-high; PASS_CONTENT from legacy catalog black-background review; human full-resolution review: strong perspective with curled rubber strap",rerendered-and-approved,False,0.780273,0.911458,0.500488,0.500000,1024x1536,RGBA,,PASS,5eaee753311a6fd3ec60ee294b50da118bda28df1962d67e57ed72b44a3cf5ef
W2144,0.644531,0.922526,0.507812,0.495117,1024x1536,RGBA,,caseW-low,False,True,acceptable variation,False,caseW-low; PASS_CONTENT from legacy catalog black-background review,unchanged-protected,False,0.644531,0.922526,0.507812,0.495117,1024x1536,RGBA,caseW-low,acceptable variation,41c04ca4d0fb45d2bc5ecfca4c76d52dd300e6e0b622896dd3b5b72868f7acab
W2152,0.630859,0.91862,0.513672,0.493164,1024x1536,RGBA,,caseW-low,False,True,acceptable variation,False,caseW-low; PASS_CONTENT from legacy catalog black-background review,unchanged-protected,False,0.630859,0.91862,0.513672,0.493164,1024x1536,RGBA,caseW-low,acceptable variation,fba03d21d96fe251b4accbb609e76e2586fe5380f4a2460d73fa42aa3079a889
WWNR30017302,0.726562,0.911458,0.5,0.5,1024x1536,RGBA,,caseW-low,False,True,acceptable variation,False,caseW-low; PASS_CONTENT from 544-watch individual black-background review,unchanged-protected,False,0.726562,0.911458,0.5,0.5,1024x1536,RGBA,caseW-low,acceptable variation,e69bc321bbc64d295f424e8a0cfb4e74738203beedcb08c7ca0ce0987a6a1ad0
W1436,0.829102,0.936849,0.54248,0.499674,1024x1536,RGBA,,case-centre-x,False,True,acceptable variation,False,case-centre-x; PASS_CONTENT from legacy catalog black-background review,unchanged-protected,False,0.829102,0.936849,0.54248,0.499674,1024x1536,RGBA,case-centre-x,acceptable variation,7b80c52102940cb5f1d90086518d5ae67f84b47924bc76a70da714fc9d14d89d
W1502,0.98583,0.984444,0.501012,0.501111,494x900,RGBA,,canvas|caseW-high|bboxH-high,False,False,true failure,True,"canvas,caseW-high,bboxH-high; PASS_CONTENT from legacy catalog black-background review; human full-resolution review: strong perspective with curled strap and visible underside",rerendered-and-approved,False,0.780273,0.901693,0.500488,0.499674,1024x1536,RGBA,,PASS,84db1ddbf152c7c98146f7a4b10c65653feaf7cc9a0c1baea4f41df96606327d
W1377,0.750977,0.939453,0.524902,0.491211,1024x1536,RGBA,,,True,True,approved,False,PASS_CONTENT from legacy catalog black-background review; pending v2 candidate recheck,unchanged-protected,False,0.750977,0.939453,0.524902,0.491211,1024x1536,RGBA,,approved,17906d6714f469da128cc30796d3a01058301e502c5dff259c04db902a289e43
WWNWBY1112.BA0042,0.821289,0.908854,0.499512,0.501302,1024x1536,RGBA,,,True,True,approved,False,PASS_CONTENT from 544-watch individual black-background review; pending v2 candidate recheck,unchanged-protected,False,0.821289,0.908854,0.499512,0.501302,1024x1536,RGBA,,approved,09565404a847a78a86892ab1527a6dfbcc332034e36c35ce7ed316d7edbea8d9
WL77,0.793434,0.979688,0.4829,0.5,731x1280,RGBA,,canvas|bboxH-high,False,False,true failure,True,"canvas,bboxH-high; PASS_CONTENT from legacy catalog black-background review; human full-resolution review: strong perspective with looped bracelet",rerendered-and-approved,False,0.780273,0.911458,0.499512,0.500000,1024x1536,RGBA,,PASS,c4586e1998bc0d28baa3e7c411c14c29a04382ac1b65c968aa64a2980e532a34
W2221,0.503906,0.92513,0.515625,0.494466,1024x1536,RGBA,,caseW-low,False,True,acceptable variation,False,caseW-low; PASS_CONTENT from legacy catalog black-background review,unchanged-protected,False,0.503906,0.92513,0.515625,0.494466,1024x1536,RGBA,caseW-low,acceptable variation,cafcc37e26e3ddd6d294343eb6291ad94fa6f3604345978e46250dec2734bd5e
WL59,0.865149,1.0,0.516637,0.5,571x1000,RGBA,,canvas|caseW-high|bboxH-high,False,True,acceptable variation,False,"canvas,caseW-high,bboxH-high; PASS_CONTENT from legacy catalog black-background review",unchanged-protected,False,0.865149,1.0,0.516637,0.5,571x1000,RGBA,canvas|caseW-high|bboxH-high,acceptable variation,2c4d25fd85d0d5d2edc5c7809b256e86231a4f0508ec5fd1e75aad40a0ab39a6
WL21,0.711033,0.991,0.507005,0.4995,571x1000,RGBA,,canvas|caseW-low|bboxH-high,False,True,acceptable variation,False,"canvas,caseW-low,bboxH-high; PASS_CONTENT from legacy catalog black-background review",unchanged-protected,False,0.711033,0.991,0.507005,0.4995,571x1000,RGBA,canvas|caseW-low|bboxH-high,acceptable variation,3dd4ca6c4ee4ef65c65550b148f0a42e69bd0d65e5cf8fe3710f32514489ecf0
W1468,0.985401,1.0,0.5,0.5,411x900,RGBA,,canvas|caseW-high|bboxH-high,False,False,true failure,True,"canvas,caseW-high,bboxH-high; PASS_CONTENT from legacy catalog black-background review; human full-resolution review: strong perspective with looped bracelet",rerendered-and-approved,False,0.781250,0.911458,0.500000,0.500000,1024x1536,RGBA,,PASS,638a2107e122b240dfd489de508ce87717b61c34c85943378a1427f1dc270cf2
W20,0.84668,0.979818,0.469238,0.491862,1024x1536,RGBA,,caseW-high|bboxH-high|case-centre-x,False,False,true failure,True,"caseW-high,bboxH-high,case-centre-x; PASS_CONTENT from legacy catalog black-background review; human full-resolution review: large exposed strap rivets",rerendered-and-approved,False,0.780273,0.892578,0.500000,0.499674,1024x1536,RGBA,,PASS,3e44bfe9135315886b44c1f720c2f86fa5ab20f81813af0854fe4b994f86a650
CRH76709530,0.816406,0.906901,0.499023,0.499674,1024x1536,RGBA,,,True,True,approved,False,PASS_CONTENT from 544-watch individual black-background review; pending v2 candidate recheck,unchanged-protected,False,0.816406,0.906901,0.499023,0.499674,1024x1536,RGBA,,approved,bb3299a11aba016bc58180076080fc906838eef2f9912553d73a06e74329ee10
W253,0.916667,0.952344,0.497951,0.501172,732x1280,RGBA,,canvas|caseW-high|bboxH-high,False,True,acceptable variation,False,"canvas,caseW-high,bboxH-high; PASS_CONTENT from legacy catalog black-background review",unchanged-protected,False,0.916667,0.952344,0.497951,0.501172,732x1280,RGBA,canvas|caseW-high|bboxH-high,acceptable variation,b5b98095f99de41abf4fcb4510402fa87daa2267d8030434258c527b59e289a0
W1280,0.964664,0.983333,0.498233,0.500556,283x900,RGBA,,canvas|caseW-high|bboxH-high,False,False,true failure,True,"canvas,caseW-high,bboxH-high; PASS_CONTENT from legacy catalog black-background review; human full-resolution review: strong perspective with curled strap",rerendered-and-approved,False,0.780273,0.911458,0.500000,0.500000,1024x1536,RGBA,,PASS,0242a7ff890eaaa2617fccd3a57b95bec47f37dd6ecf3ac55e3cfc494fd21318
WWNL8.111.4.87.6,0.670898,0.90625,0.499512,0.5,1024x1536,RGBA,,caseW-low,False,True,acceptable variation,False,caseW-low; PASS_CONTENT from 544-watch individual black-background review,unchanged-protected,False,0.670898,0.90625,0.499512,0.5,1024x1536,RGBA,caseW-low,acceptable variation,ae0579dc7e7b6617a6104a9a842ff3d21837dc324f1bb2df923b2586ecacc1e5
WL26,0.590193,0.933,0.531524,0.5035,571x1000,RGBA,,canvas|caseW-low|case-centre-x,False,True,acceptable variation,False,"canvas,caseW-low,case-centre-x; PASS_CONTENT from legacy catalog black-background review",unchanged-protected,False,0.590193,0.933,0.531524,0.5035,571x1000,RGBA,canvas|caseW-low|case-centre-x,acceptable variation,622e26759c2b5499e8331286ea3c30fe7e34fdac8296148bec5a554a927ca5c6
W1521,0.744141,0.940104,0.519531,0.494792,1024x1536,RGBA,,,True,True,approved,False,PASS_CONTENT from legacy catalog black-background review; pending v2 candidate recheck,unchanged-protected,False,0.744141,0.940104,0.519531,0.494792,1024x1536,RGBA,,approved,c29a3c17964778c7a57adb5d33f7b84966463ef8a01b4b911817b75f2df8b57f
WWNT149.459.21.051.00,0.772461,0.907552,0.499512,0.5,1024x1536,RGBA,,,True,True,approved,False,PASS_CONTENT from 544-watch individual black-background review; pending v2 candidate recheck,unchanged-protected,False,0.772461,0.907552,0.499512,0.5,1024x1536,RGBA,,approved,5d0e0f8346aa7651d4cb93cc650c483010955464a9d0a08bc8cc113b1af9b375
WWNL4.911.4.77.6,0.797852,0.90625,0.500488,0.5,1024x1536,RGBA,,,True,True,approved,False,PASS_CONTENT from 544-watch individual black-background review; pending v2 candidate recheck,unchanged-protected,False,0.797852,0.90625,0.500488,0.5,1024x1536,RGBA,,approved,9aa5c1f788490c01bc587264673bb5c8975496a0c80753c554d8be2cabd2953e
W1347,0.911647,0.982222,0.467871,0.5,249x900,RGBA,,canvas|caseW-high|bboxH-high|case-centre-x,False,True,acceptable variation,False,"canvas,caseW-high,bboxH-high,case-centre-x; PASS_CONTENT from legacy catalog black-background review",unchanged-protected,False,0.911647,0.982222,0.467871,0.5,249x900,RGBA,canvas|caseW-high|bboxH-high|case-centre-x,acceptable variation,e2a722b40e59f04d4b296eb83eb8a892c14f6bbc757da9e8e35cf6d33d521023
W1343,0.603516,0.930339,0.520508,0.49707,1024x1536,RGBA,,caseW-low,False,True,acceptable variation,False,caseW-low; PASS_CONTENT from legacy catalog black-background review,unchanged-protected,False,0.603516,0.930339,0.520508,0.49707,1024x1536,RGBA,caseW-low,acceptable variation,c2f9255e9402fbe9b2727e98fc8f2d7b48ed7a45938a12ecebe8724b0a20fdae
W2218,0.614258,0.964844,0.464355,0.492839,1024x1536,RGBA,,caseW-low|bboxH-high|case-centre-x,False,True,acceptable variation,False,"caseW-low,bboxH-high,case-centre-x; PASS_CONTENT from legacy catalog black-background review",unchanged-protected,False,0.614258,0.964844,0.464355,0.492839,1024x1536,RGBA,caseW-low|bboxH-high|case-centre-x,acceptable variation,b391da7699df91b7936e5410b7db38cbfe26839a7b4cdd9c272765d47b6a2fe4
W1312,0.953125,0.995556,0.5,0.502222,320x900,RGBA,,canvas|caseW-high|bboxH-high,False,False,true failure,True,"canvas,caseW-high,bboxH-high; PASS_CONTENT from legacy catalog black-background review; human full-resolution review: strong perspective with looped bracelet",rerendered-and-approved,False,0.780273,0.911458,0.499512,0.500000,1024x1536,RGBA,,PASS,b134e262f75d9d6cdf860204c71184bb189e3c8131a9f366842019b00bd47512
WL31,0.577933,0.934,0.518389,0.504,571x1000,RGBA,,canvas|caseW-low,False,False,true failure,True,"canvas,caseW-low; PASS_CONTENT from legacy catalog black-background review; human full-resolution review: strong perspective with curled strap",rerendered-and-approved,False,0.780273,0.911458,0.500488,0.500000,1024x1536,RGBA,,PASS,7239d2c55b1ce454cf4fc430df24680ee5668cc0bb1a7a321f4530a48425e077
W2193,0.77832,0.926432,0.53125,0.500326,1024x1536,RGBA,,case-centre-x,False,True,acceptable variation,False,case-centre-x; PASS_CONTENT from legacy catalog black-background review,unchanged-protected,False,0.77832,0.926432,0.53125,0.500326,1024x1536,RGBA,case-centre-x,acceptable variation,bde5448314c659a0b91e40dac8d743754a2c5d2fc969759b14d46144eeb0bcd9
WL30,0.28418,0.897135,0.502441,0.484375,1024x1536,RGBA,,caseW-low,False,True,acceptable variation,False,caseW-low; PASS_CONTENT from legacy catalog black-background review,unchanged-protected,False,0.28418,0.897135,0.502441,0.484375,1024x1536,RGBA,caseW-low,acceptable variation,917432fa2556eea36bb5b777013504efafeede287a46b0e933e3d0ea2c6f647a
WWNR12162153,0.714844,0.909505,0.5,0.500977,1024x1536,RGBA,,caseW-low,False,True,acceptable variation,False,caseW-low; PASS_CONTENT from 544-watch individual black-background review,unchanged-protected,False,0.714844,0.909505,0.5,0.500977,1024x1536,RGBA,caseW-low,acceptable variation,a39f83e39ef7f1ff6aab5408f94494de1f8975b9d0075ae9551db41053f9c1d1
WWNMWW06D000171,0.515625,0.907552,0.5,0.5,1024x1536,RGBA,,caseW-low,False,True,acceptable variation,False,caseW-low; PASS_CONTENT from 544-watch individual black-background review,unchanged-protected,False,0.515625,0.907552,0.5,0.5,1024x1536,RGBA,caseW-low,acceptable variation,af22405279c9845d29bd6808bd5a92f198fe61e67de2de285f561ec7cebadd7f
WWNMWW21H000001,0.657227,0.90625,0.500488,0.5,1024x1536,RGBA,,caseW-low,False,True,acceptable variation,False,caseW-low; PASS_CONTENT from 544-watch individual black-background review,unchanged-protected,False,0.657227,0.90625,0.500488,0.5,1024x1536,RGBA,caseW-low,acceptable variation,78683a1e53dd9a2dd789ebb38b5946dd67bef516b06ff8a1360fc1e63fc81ce8
W246,0.892272,0.938281,0.501756,0.498047,854x1280,RGBA,,canvas|caseW-high,False,False,true failure,True,"canvas,caseW-high; PASS_CONTENT from legacy catalog black-background review; human full-resolution review: strong perspective with full looped leather strap",rerendered-and-approved,False,0.780273,0.911458,0.500488,0.500000,1024x1536,RGBA,,PASS,a0f1653711ee29884b119c1a553eb3abbc1f6c46125af7c3d25b7f6d8a916cfa
W1534,0.989224,0.986667,0.503233,0.498889,464x900,RGBA,,canvas|caseW-high|bboxH-high,False,False,true failure,True,"canvas,caseW-high,bboxH-high; PASS_CONTENT from legacy catalog black-background review; human full-resolution review: strong perspective with looped bracelet",rerendered-and-approved,False,0.780273,0.911458,0.500488,0.500000,1024x1536,RGBA,,PASS,fe1c3a887e344b3c7665c44ff7d64f1041a08393da822420c5abab3e5ae1d8db
W1462,0.567383,0.886719,0.52002,0.488932,1024x1536,RGBA,,caseW-low,False,True,acceptable variation,False,caseW-low; PASS_CONTENT from legacy catalog black-background review,unchanged-protected,False,0.567383,0.886719,0.52002,0.488932,1024x1536,RGBA,caseW-low,acceptable variation,a22e60d64da91de315e7b0d4e4b70c581a1394c6eed4822371c2c3fb0be54848
CRXS.3101.H,0.808594,0.906901,0.5,0.500326,1024x1536,RGBA,,,True,True,approved,False,PASS_CONTENT from 544-watch individual black-background review; pending v2 candidate recheck,unchanged-protected,False,0.808594,0.906901,0.5,0.500326,1024x1536,RGBA,,approved,f9944232f56dfa69ddc13a4f81e687762459166b631e7d26b9aab14b5325d706
WWNMWW06A000780,0.729492,0.908854,0.499512,0.501302,1024x1536,RGBA,,caseW-low,False,True,acceptable variation,False,caseW-low; PASS_CONTENT from 544-watch individual black-background review,unchanged-protected,False,0.729492,0.908854,0.499512,0.501302,1024x1536,RGBA,caseW-low,acceptable variation,8174400724564523fff259a5ffa9f94a47ef480c06c922123982710e4acb50be
W212,0.700195,0.922526,0.52832,0.496419,1024x1536,RGBA,,caseW-low,False,True,acceptable variation,False,caseW-low; PASS_CONTENT from legacy catalog black-background review,unchanged-protected,False,0.700195,0.922526,0.52832,0.496419,1024x1536,RGBA,caseW-low,acceptable variation,042a69c7e5b131c6441c9a89a483eca309e69e9c9d7468edb8b0c828847fd32d
WL50,0.728546,1.0,0.496497,0.5,571x1000,RGBA,,canvas|caseW-low|bboxH-high,False,False,true failure,True,"canvas,caseW-low,bboxH-high; PASS_CONTENT from legacy catalog black-background review; human full-resolution review: strong perspective with looped bracelet",rerendered-and-approved,False,0.781250,0.911458,0.500000,0.500000,1024x1536,RGBA,,PASS,401962e71803589f8246b15f440e3bcde1cd63e36d6dd539b61c91cedd271d5e
W213,0.762695,0.957682,0.505371,0.496419,1024x1536,RGBA,,bboxH-high,False,True,acceptable variation,False,bboxH-high; PASS_CONTENT from legacy catalog black-background review,unchanged-protected,False,0.762695,0.957682,0.505371,0.496419,1024x1536,RGBA,bboxH-high,acceptable variation,c21f89806e03f81814e1c46ef63208e59c4e16626dba29c970a28b336c25e65c
W1711,0.657227,0.919922,0.515137,0.488607,1024x1536,RGBA,,caseW-low,False,True,acceptable variation,False,caseW-low; PASS_CONTENT from legacy catalog black-background review,unchanged-protected,False,0.657227,0.919922,0.515137,0.488607,1024x1536,RGBA,caseW-low,acceptable variation,6a53885ab3176c04e39d792976941824a56f20359388235db8ebc8923686a494
W1543,0.975207,1.0,0.498623,0.5,363x900,RGBA,,canvas|caseW-high|bboxH-high,False,False,true failure,True,"canvas,caseW-high,bboxH-high; PASS_CONTENT from legacy catalog black-background review; human full-resolution review: strong perspective with looped bracelet",rerendered-and-approved,False,0.781250,0.911458,0.500000,0.500000,1024x1536,RGBA,,PASS,c85df97a94e528bd11a3d069888be44054c20fb3af3bb944f5397cab631f12d3
WL49,0.628906,0.965495,0.509766,0.502279,1024x1536,RGBA,,caseW-low|bboxH-high,False,True,acceptable variation,False,"caseW-low,bboxH-high; PASS_CONTENT from legacy catalog black-background review",unchanged-protected,False,0.628906,0.965495,0.509766,0.502279,1024x1536,RGBA,caseW-low|bboxH-high,acceptable variation,0c803381c7c0d0ddfc3c10d98bfd463496d5fb4e44e883ab76a1505f0ff8a8a1
WWN10473,0.460938,0.907552,0.5,0.5,1024x1536,RGBA,,caseW-low,False,True,acceptable variation,False,caseW-low; PASS_CONTENT from 544-watch individual black-background review,unchanged-protected,False,0.460938,0.907552,0.5,0.5,1024x1536,RGBA,caseW-low,acceptable variation,0096493f7b21998c5e85bc23cbfc1e2874ce92cc60fd51d404b3b4776961a71e
W1700,0.823242,0.957031,0.513184,0.496094,1024x1536,RGBA,,bboxH-high,False,True,acceptable variation,False,bboxH-high; PASS_CONTENT from legacy catalog black-background review,unchanged-protected,False,0.823242,0.957031,0.513184,0.496094,1024x1536,RGBA,bboxH-high,acceptable variation,7d9735b9844114b15c4389b7feb19923755413343aa7f023a275b7adfdf817c7
CRT930.007.46.261.00,0.765625,0.907552,0.5,0.5,1024x1536,RGBA,,,True,True,approved,False,PASS_CONTENT from 544-watch individual black-background review; pending v2 candidate recheck,unchanged-protected,False,0.765625,0.907552,0.5,0.5,1024x1536,RGBA,,approved,744358579591c9fc78372ec076a09cc483bfac4079ef7e3ba0a3cc89cc830cf0
W239,0.916553,0.983594,0.499316,0.501953,731x1280,RGBA,,canvas|caseW-high|bboxH-high,False,False,true failure,True,"canvas,caseW-high,bboxH-high; PASS_CONTENT from legacy catalog black-background review; human full-resolution review: strong perspective with looped bracelet",rerendered-and-approved,False,0.780273,0.899740,0.499512,0.500000,1024x1536,RGBA,,PASS,604ba98188084129e694e9d77d06ed89ad56e195e068f9e327672b8846ceb241
W1294,0.913725,1.0,0.505882,0.5,510x900,RGBA,,canvas|caseW-high|bboxH-high,False,False,true failure,True,"canvas,caseW-high,bboxH-high; PASS_CONTENT from legacy catalog black-background review; human full-resolution review: strap appears severely distorted",rerendered-and-approved,False,0.779297,0.911458,0.500000,0.500000,1024x1536,RGBA,,PASS,643aa3dbc1d3d52c74b4dc3c6f9de061cc5110211e78a2cbac5c65408a3d9abf
W1395,0.983133,1.0,0.501205,0.5,415x900,RGBA,,canvas|caseW-high|bboxH-high,False,False,true failure,True,"canvas,caseW-high,bboxH-high; PASS_CONTENT from legacy catalog black-background review; human full-resolution review: strong perspective with looped bracelet",rerendered-and-approved,False,0.780273,0.911458,0.500488,0.500000,1024x1536,RGBA,,PASS,b9b295fc39f8024e2c9a877c8d64b6bfb777885ac5c2a790f2e621fb09eb4aff
WW184,0.912434,0.934,0.499124,0.5,571x1000,RGBA,,canvas|caseW-high,False,False,true failure,True,"canvas,caseW-high; PASS_CONTENT from legacy catalog black-background review; human full-resolution review: strong perspective with curled strap",rerendered-and-approved,False,0.780273,0.899740,0.500488,0.500000,1024x1536,RGBA,,PASS,99e5c1818a9180e8a11c149854c04f929dee62f055d35f7c57f6de03e846a379
W2182,0.708984,0.921875,0.514648,0.496094,1024x1536,RGBA,,caseW-low,False,True,acceptable variation,False,caseW-low; PASS_CONTENT from legacy catalog black-background review,unchanged-protected,False,0.708984,0.921875,0.514648,0.496094,1024x1536,RGBA,caseW-low,acceptable variation,8a08f8c15f0798d7d5d26de3cea16ff9cc5353af5a737a168765fe32b1ecf136
W2160,0.535156,0.874349,0.510742,0.480143,1024x1536,RGBA,,caseW-low,False,True,acceptable variation,False,caseW-low; PASS_CONTENT from legacy catalog black-background review,unchanged-protected,False,0.535156,0.874349,0.510742,0.480143,1024x1536,RGBA,caseW-low,acceptable variation,260deb5300de69fae65766c5a463d8358c8ff09bd2dca90c028e2aaebab06836
W1378,0.972222,1.0,0.501543,0.5,324x900,RGBA,,canvas|caseW-high|bboxH-high,False,True,acceptable variation,False,"canvas,caseW-high,bboxH-high; PASS_CONTENT from legacy catalog black-background review",unchanged-protected,False,0.972222,1.0,0.501543,0.5,324x900,RGBA,canvas|caseW-high|bboxH-high,acceptable variation,23eaa8496f141351fdcdf2fd857f6456b11c0b23f634631948d2db9e88378575
WW488,0.980676,0.986,0.502415,0.5,414x1000,RGBA,,canvas|caseW-high|bboxH-high,False,False,true failure,True,"canvas,caseW-high,bboxH-high; PASS_CONTENT from legacy catalog black-background review; human full-resolution review: strong perspective with looped bracelet",rerendered-and-approved,False,0.779297,0.911458,0.500000,0.500000,1024x1536,RGBA,,PASS,e5475f174fad1429f5395fd0ea23ab45aaf71727b9d7aac2209039fab29879ea
W1263,0.983908,1.0,0.498851,0.5,435x900,RGBA,,canvas|caseW-high|bboxH-high,False,False,true failure,True,"canvas,caseW-high,bboxH-high; PASS_CONTENT from legacy catalog black-background review; human full-resolution review: strong perspective with looped bracelet",rerendered-and-approved,False,0.781250,0.911458,0.500000,0.500000,1024x1536,RGBA,,PASS,13c6b32465b018dff63deb49e67ac9069ee2014c3762869e3288fc29626249ab
W1322,0.664062,0.925781,0.516602,0.477214,1024x1536,RGBA,,caseW-low,False,True,acceptable variation,False,caseW-low; PASS_CONTENT from legacy catalog black-background review,unchanged-protected,False,0.664062,0.925781,0.516602,0.477214,1024x1536,RGBA,caseW-low,acceptable variation,b6ba40fdfdcff116a69492f10f5ccbc7d85c41331eef2547f47aec1ec1a2f8b2
WWN01 733 7766 4157-07 8 22 05PEB,0.805664,0.907552,0.499512,0.5,1024x1536,RGBA,,,True,True,approved,False,PASS_CONTENT from 544-watch individual black-background review; pending v2 candidate recheck,unchanged-protected,False,0.805664,0.907552,0.499512,0.5,1024x1536,RGBA,,approved,a336659e2f2c8b16c395f63365c41e5a89e711c3b8dab6fe0b8a7ba1a5752d3e
WWN01 733 7730 4135-07 8 24 05PEB,0.749023,0.906901,0.499512,0.499674,1024x1536,RGBA,,,True,True,approved,False,PASS_CONTENT from 544-watch individual black-background review; pending v2 candidate recheck,unchanged-protected,False,0.749023,0.906901,0.499512,0.499674,1024x1536,RGBA,,approved,b45367de7db125acab6efdcc93e90873e06d0c19f1fad971a28d8dac0ea9e649
WWNH32506730,0.785156,0.906901,0.5,0.500326,1024x1536,RGBA,,,True,False,true failure,True,FAIL_CONTENT: case is not dead-on; visible three-quarter perspective; human full-resolution review: watch shown around a display cushion/support,rerendered-and-approved,False,0.779297,0.856771,0.500000,0.500000,1024x1536,RGBA,,PASS,d275fa17a44a86c421259fb362ed5652f622a567f920c4d32e1fdb34760322c5
CR862.10.351.10,0.698242,0.90625,0.499512,0.5,1024x1536,RGBA,,caseW-low,False,True,acceptable variation,False,caseW-low; PASS_CONTENT from 544-watch individual black-background review,unchanged-protected,False,0.698242,0.90625,0.499512,0.5,1024x1536,RGBA,caseW-low,acceptable variation,e92b09b5ad20a0bcb75dc9f9dbe2c9c9ec6a40c2d5af502c8204e6a0c45c2dd0
WWN01 733 7730 4157-07 8 24 05PEB,0.78418,0.907552,0.499512,0.5,1024x1536,RGBA,,,True,True,approved,False,PASS_CONTENT from 544-watch individual black-background review; pending v2 candidate recheck,unchanged-protected,False,0.78418,0.907552,0.499512,0.5,1024x1536,RGBA,,approved,631a28596e621e9076aece4bb82f6c60cf0015da5cad0fcedd463eeebee0ad0c
CRXS.0921,0.854492,0.90625,0.499512,0.5,1024x1536,RGBA,,caseW-high,False,True,acceptable variation,False,caseW-high; PASS_CONTENT from 544-watch individual black-background review,unchanged-protected,False,0.854492,0.90625,0.499512,0.5,1024x1536,RGBA,caseW-high,acceptable variation,8a152bb5df746da8f6912ae0c664acee194d5f846fb5caa08ea0fc028cdc396e
WWNR30039712,0.664062,0.907552,0.5,0.5,1024x1536,RGBA,,caseW-low,False,True,acceptable variation,False,caseW-low; PASS_CONTENT from 544-watch individual black-background review,unchanged-protected,False,0.664062,0.907552,0.5,0.5,1024x1536,RGBA,caseW-low,acceptable variation,7950ff33ff046f73720116dd1f3a91b0ac7b34858bfebbc13a62f371ac693d95
WWNR12171653,0.641602,0.906901,0.499512,0.500326,1024x1536,RGBA,,caseW-low,False,True,acceptable variation,False,caseW-low; PASS_CONTENT from 544-watch individual black-background review,unchanged-protected,False,0.641602,0.906901,0.499512,0.500326,1024x1536,RGBA,caseW-low,acceptable variation,63fe38cb7b9342d7a3cdde1ae2e41caed55020c9ac94c9bb25144926195c3c74
CRH82555150,0.806641,0.907552,0.5,0.5,1024x1536,RGBA,,,True,True,approved,False,PASS_CONTENT from 544-watch individual black-background review; pending v2 candidate recheck,unchanged-protected,False,0.806641,0.907552,0.5,0.5,1024x1536,RGBA,,approved,2d5014bfaa560e9aed437882d3817f0dbc6068ad89dfe8834d966c3aea05617c
WW725,0.977316,0.812965,0.499055,0.593518,529x941,RGBA,,canvas|caseW-high|bboxH-low|case-centre-y,False,False,true failure,True,"canvas,caseW-high,bboxH-low,case-centre-y; PASS_CONTENT from legacy catalog black-background review; human full-resolution review: strong perspective with looped bracelet",rerendered-and-approved,False,0.779297,0.867188,0.500000,0.500000,1024x1536,RGBA,,PASS,43515972138941f9f8b74ce9db748090e35ae09b668c82145fc7e81d80248c86
W231,0.987741,0.979,0.499124,0.5005,571x1000,RGBA,,canvas|caseW-high|bboxH-high,False,False,true failure,True,"canvas,caseW-high,bboxH-high; PASS_CONTENT from legacy catalog black-background review; human full-resolution review: strong perspective with full looped strap",rerendered-and-approved,False,0.780273,0.861979,0.499512,0.500000,1024x1536,RGBA,,PASS,14f5d6dfdfc29a1ecac2db43145c64a272f408ac77b747396a45242d4ece432c
W1364,0.943026,1.0,0.481336,0.5,509x900,RGBA,,canvas|caseW-high|bboxH-high,False,False,true failure,True,"canvas,caseW-high,bboxH-high; PASS_CONTENT from legacy catalog black-background review; human full-resolution review: strong perspective with full looped strap",rerendered-and-approved,False,0.780273,0.911458,0.499512,0.500000,1024x1536,RGBA,,PASS,285460c278ce39eaeb9e26668330fb738c0649436fec8bd40e929329bd862300
W1346,0.985656,1.0,0.501025,0.5,488x900,RGBA,,canvas|caseW-high|bboxH-high,False,False,true failure,True,"canvas,caseW-high,bboxH-high; PASS_CONTENT from legacy catalog black-background review; human full-resolution review: strong perspective with looped bracelet",rerendered-and-approved,False,0.780273,0.911458,0.499512,0.500000,1024x1536,RGBA,,PASS,0272d2247ab65ae5c7b7b063de991769979fc54c3a07312ae82793cfde1c8420
WL90,0.891419,0.973,0.5,0.5035,571x1000,RGBA,,canvas|caseW-high|bboxH-high,False,False,true failure,True,"canvas,caseW-high,bboxH-high; PASS_CONTENT from legacy catalog black-background review; human full-resolution review: strong perspective with looped bracelet",rerendered-and-approved,False,0.780273,0.911458,0.499512,0.500000,1024x1536,RGBA,,PASS,238c1ba5bc26014dd3c0a6438bc90b819354f5f32cb241036aaca7e5b266f23a
WWNWAZ1110.FT8023,0.742188,0.90625,0.5,0.5,1024x1536,RGBA,,,True,True,acceptable variation,False,FAIL_CONTENT: strap perforations are visible in the catalog crop; human full-resolution review accepted current image; metric warnings only,unchanged-protected,False,0.742188,0.90625,0.5,0.5,1024x1536,RGBA,,acceptable variation,20e63537a0a8894e4a12ef53306f2f39c548e781f58ec898a3573807a761486c
WL80,0.926129,0.979688,0.501368,0.501563,731x1280,RGBA,,canvas|caseW-high|bboxH-high,False,False,true failure,True,"canvas,caseW-high,bboxH-high; PASS_CONTENT from legacy catalog black-background review; human full-resolution review: strong perspective with looped bracelet",rerendered-and-approved,False,0.779297,0.910156,0.500000,0.500000,1024x1536,RGBA,,PASS,885a2251ab09432e490f1c0a4855a339fbad825c76a76e1ba433a551032d7daa
CRRE-AU0502S,0.764648,0.907552,0.499512,0.5,1024x1536,RGBA,,,True,True,approved,False,PASS_CONTENT from 544-watch individual black-background review; pending v2 candidate recheck,unchanged-protected,False,0.764648,0.907552,0.499512,0.5,1024x1536,RGBA,,approved,5f98658b1c6e89f47bb485473319e6ef28838556d2fea3ff6759c7670ab5bb1e
WWN01 733 7707 4053-07 5 20 89,0.853516,0.906901,0.499023,0.500326,1024x1536,RGBA,,caseW-high,False,True,acceptable variation,False,caseW-high; PASS_CONTENT from 544-watch individual black-background review,unchanged-protected,False,0.853516,0.906901,0.499023,0.500326,1024x1536,RGBA,caseW-high,acceptable variation,b87f7778782cae42e98942eeb45a50f55bbf8f027639522f83275c482a62e4af
WWNL3.374.4.30.2,0.702148,0.907552,0.499512,0.5,1024x1536,RGBA,,caseW-low,False,True,acceptable variation,False,caseW-low; PASS_CONTENT from 544-watch individual black-background review,unchanged-protected,False,0.702148,0.907552,0.499512,0.5,1024x1536,RGBA,caseW-low,acceptable variation,a777fb8c8f6e6017706ed6ea03fcb5653da2bc78dbd81ab4b69f3b1d1880eaeb
WWNL2.708.4.78.3,0.740234,0.906901,0.5,0.500326,1024x1536,RGBA,,,True,True,approved,False,PASS_CONTENT from 544-watch individual black-background review; pending v2 candidate recheck,unchanged-protected,False,0.740234,0.906901,0.5,0.500326,1024x1536,RGBA,,approved,fb432998a2b54c2761cc4e02ff9ff711ec8da70aba7c59a698ac2d48901c8352
WWN8070,0.623047,0.907552,0.5,0.5,1024x1536,RGBA,,caseW-low,False,True,acceptable variation,False,caseW-low; PASS_CONTENT from 544-watch individual black-background review,unchanged-protected,False,0.623047,0.907552,0.5,0.5,1024x1536,RGBA,caseW-low,acceptable variation,d228c8f8d406c51477edeecccebf0f109d06c114752f4d16829787c0eabc90d3
WWN10613,0.761719,0.907552,0.5,0.5,1024x1536,RGBA,,,True,True,approved,False,PASS_CONTENT from 544-watch individual black-background review; pending v2 candidate recheck,unchanged-protected,False,0.761719,0.907552,0.5,0.5,1024x1536,RGBA,,approved,c5f6b1c3c01ce4c1f3e46d8af6bb1f450df4fae4468e1000d12f649e2ba95b4f
WWNL2.142.4.60.6,0.643555,0.907552,0.499512,0.5,1024x1536,RGBA,,caseW-low,False,True,acceptable variation,False,caseW-low; PASS_CONTENT from 544-watch individual black-background review,unchanged-protected,False,0.643555,0.907552,0.499512,0.5,1024x1536,RGBA,caseW-low,acceptable variation,8d963c2493fb006f910ac0aa038f4125f11b152dd8ac58a12cca1bb4a6b7af55
WWNL4.512.2.37.8,0.603516,0.90625,0.499023,0.5,1024x1536,RGBA,,caseW-low,False,True,acceptable variation,False,caseW-low; PASS_CONTENT from 544-watch individual black-background review,unchanged-protected,False,0.603516,0.90625,0.499023,0.5,1024x1536,RGBA,caseW-low,acceptable variation,8574e202f5e737f3f3839221472b845b001f25601748e3bf5af8101cd710f16b
WL83,0.758197,0.972656,0.522541,0.499609,732x1280,RGBA,,canvas|bboxH-high,False,False,true failure,True,"canvas,bboxH-high; PASS_CONTENT from legacy catalog black-background review; human full-resolution review: strong perspective with looped mesh bracelet",rerendered-and-approved,False,0.781250,0.911458,0.500000,0.500000,1024x1536,RGBA,,PASS,4f6e968c2a2f63bd20441df9590c226ef93216f37b5f301c125f0c54e32d5e5a
WWNL2.821.4.96.6,0.741211,0.906901,0.499512,0.499674,1024x1536,RGBA,,,True,True,approved,False,PASS_CONTENT from 544-watch individual black-background review; pending v2 candidate recheck,unchanged-protected,False,0.741211,0.906901,0.499512,0.499674,1024x1536,RGBA,,approved,114e9fc67b1e2dd3b41c470e3eebad6ba4a97bf5bcff0bd8e1174666332821ec
WWNR30018152,0.739258,0.907552,0.499512,0.5,1024x1536,RGBA,,,True,True,approved,False,PASS_CONTENT from 544-watch individual black-background review; pending v2 candidate recheck,unchanged-protected,False,0.739258,0.907552,0.499512,0.5,1024x1536,RGBA,,approved,e601affb893ec9bfc7d670745fe5602710ffbaba2311329437e23ef2d6cf1dae
W1366,0.904306,0.933333,0.5,0.5,418x900,RGBA,,canvas|caseW-high,False,False,true failure,True,"canvas,caseW-high; PASS_CONTENT from legacy catalog black-background review; human full-resolution review: strong perspective with curled strap and visible underside",rerendered-and-approved,False,0.780273,0.911458,0.499512,0.500000,1024x1536,RGBA,,PASS,e5dc97ea3912b3ae171c6b6e644e49780a31841dcac90711bbc451118f9ae9b9
W1433,0.973214,1.0,0.497024,0.5,336x900,RGBA,,canvas|caseW-high|bboxH-high,False,False,true failure,True,"canvas,caseW-high,bboxH-high; PASS_CONTENT from legacy catalog black-background review; human full-resolution review: strong perspective with looped bracelet",rerendered-and-approved,False,0.781250,0.911458,0.500000,0.500000,1024x1536,RGBA,,PASS,83339b2107838897ae5a080e726ff9ce281f56a945ff4e1ea8a2d5bc0efb28a9
WL27,0.886165,0.996,0.505254,0.5,571x1000,RGBA,,canvas|caseW-high|bboxH-high,False,False,true failure,True,"canvas,caseW-high,bboxH-high; PASS_CONTENT from legacy catalog black-background review; human full-resolution review: strong perspective with looped bracelet",rerendered-and-approved,False,0.779297,0.911458,0.500488,0.500000,1024x1536,RGBA,,PASS,165e9daf838b88d42975bc2b260836a8284df44f7536a18d024a0c9cb7655faa
CRH35405741,0.858398,0.907552,0.499512,0.5,1024x1536,RGBA,,caseW-high,False,True,acceptable variation,False,caseW-high; PASS_CONTENT from 544-watch individual black-background review,unchanged-protected,False,0.858398,0.907552,0.499512,0.5,1024x1536,RGBA,caseW-high,acceptable variation,537a415eedefeb6a556ce5a7f1c10650f1d158368f761ce6d107e35992368ae2
WWNH24655331,0.347656,0.907552,0.5,0.5,1024x1536,RGBA,,caseW-low,False,False,true failure,True,caseW-low; FAIL_CONTENT: case is not dead-on; visible three-quarter perspective; human full-resolution review: severe zoom-out with full unrolled strap and buckle visible,rerendered-and-approved,False,0.779297,0.911458,0.500000,0.500000,1024x1536,RGBA,,PASS,dad8b54e5a610c9561db0ee9e6e0b2129784aeb43bcf3dd832d1af9f88c70073
WWN01 733 7731 4135-07 4 18 64FC,0.771484,0.908203,0.5,0.499674,1024x1536,RGBA,,,True,True,approved,False,PASS_CONTENT from 544-watch individual black-background review; pending v2 candidate recheck,unchanged-protected,False,0.771484,0.908203,0.5,0.499674,1024x1536,RGBA,,approved,4e2793a82813fe16f29550d41b5cd3d93c2686c7ec9aff3a64cb5fed17c7ced0
WL75,0.801429,1.0,0.493571,0.5,700x1000,RGBA,,canvas|bboxH-high,False,True,acceptable variation,False,"canvas,bboxH-high; PASS_CONTENT from legacy catalog black-background review",unchanged-protected,False,0.801429,1.0,0.493571,0.5,700x1000,RGBA,canvas|bboxH-high,acceptable variation,5ee8646e22edece0e53e83e01f82e3687e4b3294d6b06469be2499ee0a30cbfa
W1541,0.679688,0.85612,0.527344,0.460612,1024x1536,RGBA,,caseW-low|case-centre-y,False,True,acceptable variation,False,"caseW-low,case-centre-y; PASS_CONTENT from legacy catalog black-background review",unchanged-protected,False,0.679688,0.85612,0.527344,0.460612,1024x1536,RGBA,caseW-low|case-centre-y,acceptable variation,6ba970009c39026d4e36b3c0d0ae9c7356806ce8600a1fe8a538457922c6b550
WW121,0.667082,0.98503,0.50187,0.499501,802x1002,RGBA,,canvas|caseW-low|bboxH-high,False,True,acceptable variation,False,"canvas,caseW-low,bboxH-high; PASS_CONTENT from legacy catalog black-background review",unchanged-protected,False,0.667082,0.98503,0.50187,0.499501,802x1002,RGBA,canvas|caseW-low|bboxH-high,acceptable variation,f14c68c45eb5c722ab6de50da0f52d41c23b97937dd639ff97bbfbf18ae0ad1c
WW373,0.984779,0.986,0.498478,0.501,657x1000,RGBA,,canvas|caseW-high|bboxH-high,False,False,true failure,True,"canvas,caseW-high,bboxH-high; PASS_CONTENT from legacy catalog black-background review; human full-resolution review: strong perspective with full looped strap",rerendered-and-approved,False,0.781250,0.863932,0.500000,0.500326,1024x1536,RGBA,,PASS,99e93d93b4b0c1b125cb0f15172cce55c0da9391dcc7abf2d075a45458f0c27b
W1503,0.796875,0.968099,0.522461,0.497721,1024x1536,RGBA,,bboxH-high,False,True,acceptable variation,False,bboxH-high; PASS_CONTENT from legacy catalog black-background review,unchanged-protected,False,0.796875,0.968099,0.522461,0.497721,1024x1536,RGBA,bboxH-high,acceptable variation,3eadbab72073f6edf56c2a1b52e843c52757e82ab0a8bf8daccb4d3470750230
WWNWAZ1110.BA0875,0.875,0.905599,0.5,0.499674,1024x1536,RGBA,,caseW-high,False,True,acceptable variation,False,caseW-high; PASS_CONTENT from 544-watch individual black-background review,unchanged-protected,False,0.875,0.905599,0.5,0.499674,1024x1536,RGBA,caseW-high,acceptable variation,f334c62a9327ef9e566f65f897e10ab9a2120265fccf8190398053244248cc01
WWNL2.142.4.96.2,0.583984,0.906901,0.5,0.500326,1024x1536,RGBA,,caseW-low,False,True,acceptable variation,False,caseW-low; PASS_CONTENT from 544-watch individual black-background review,unchanged-protected,False,0.583984,0.906901,0.5,0.500326,1024x1536,RGBA,caseW-low,acceptable variation,8b54d4493b31d7e8e7d2c16e4915d48b1789b0ee596b86c670b3bfb4b5bd7386
WWNL2.142.4.76.2,0.734375,0.909505,0.5,0.500977,1024x1536,RGBA,,,True,True,approved,False,PASS_CONTENT from 544-watch individual black-background review; pending v2 candidate recheck,unchanged-protected,False,0.734375,0.909505,0.5,0.500977,1024x1536,RGBA,,approved,8f49f94005af86e33259c9bbbe46665b693f6de9a55aab54613c9a962b5316cc
WL87,0.905594,0.974,0.501748,0.501,572x1000,RGBA,,canvas|caseW-high|bboxH-high,False,False,true failure,True,"canvas,caseW-high,bboxH-high; PASS_CONTENT from legacy catalog black-background review; human full-resolution review: upper bracelet and cutout appear visibly damaged",rerendered-and-approved,False,0.780273,0.911458,0.499512,0.500000,1024x1536,RGBA,,PASS,3fa62ebc94c284cbc361cb9c528f707c3084bf286559d6fabbb538e3edb0d758
WW882,0.981278,0.986277,0.499449,0.499105,908x1676,RGBA,,canvas|caseW-high|bboxH-high,False,True,acceptable variation,False,"canvas,caseW-high,bboxH-high; PASS_CONTENT from legacy catalog black-background review",unchanged-protected,False,0.981278,0.986277,0.499449,0.499105,908x1676,RGBA,canvas|caseW-high|bboxH-high,acceptable variation,016a10a2422893d27783efb4e3a585daf2cfe33e2f385b49b685c46c9d1db762
W250,0.931129,0.935156,0.5,0.499609,726x1280,RGBA,,canvas|caseW-high,False,True,acceptable variation,False,"canvas,caseW-high; PASS_CONTENT from legacy catalog black-background review",unchanged-protected,False,0.931129,0.935156,0.5,0.499609,726x1280,RGBA,canvas|caseW-high,acceptable variation,6856748807160a1dfc5aea561b14d9587e24f8f8f82900d680e07008b84a5f50
WL52,0.71979,0.993,0.487741,0.4995,571x1000,RGBA,,canvas|caseW-low|bboxH-high,False,False,true failure,True,"canvas,caseW-low,bboxH-high; PASS_CONTENT from legacy catalog black-background review; human full-resolution review: strong perspective with looped bracelet",rerendered-and-approved,False,0.780273,0.911458,0.499512,0.500000,1024x1536,RGBA,,PASS,18db8bab0a5312ca99473ba4000b47dbb1c3d233872713734f3722cadc97c26b
W216,0.699219,0.951172,0.504883,0.493815,1024x1536,RGBA,,caseW-low|bboxH-high,False,True,acceptable variation,False,"caseW-low,bboxH-high; PASS_CONTENT from legacy catalog black-background review",unchanged-protected,False,0.699219,0.951172,0.504883,0.493815,1024x1536,RGBA,caseW-low|bboxH-high,acceptable variation,01dc8efd74178cd6b5b9ea772efa03754b69657d10254e9c3a866a533a9a80ed
WWN10329,0.774414,0.906901,0.499512,0.500326,1024x1536,RGBA,,,True,True,approved,False,PASS_CONTENT from 544-watch individual black-background review; pending v2 candidate recheck,unchanged-protected,False,0.774414,0.906901,0.499512,0.500326,1024x1536,RGBA,,approved,7d7b1b6d6c1917edadcb23114a2279e2624396e924646a263fb61066428c116e
W1470,0.822957,1.0,0.512646,0.5,514x900,RGBA,,canvas|bboxH-high,False,False,true failure,True,"canvas,bboxH-high; PASS_CONTENT from legacy catalog black-background review; human full-resolution review: strong perspective with looped bracelet",rerendered-and-approved,False,0.780273,0.911458,0.500488,0.500000,1024x1536,RGBA,,PASS,532b616bd8697f172b17aa3fe62ee300235b35c237171a3998977cf15ee8249a
W1489,0.71582,0.89388,0.518066,0.491862,1024x1536,RGBA,,caseW-low,False,True,acceptable variation,False,caseW-low; PASS_CONTENT from legacy catalog black-background review,unchanged-protected,False,0.71582,0.89388,0.518066,0.491862,1024x1536,RGBA,caseW-low,acceptable variation,dffe9125116f27bb105d946c4bc2d86f33f8c831cdfa0bc319a26d76daa70a3d
W255,0.924779,0.963281,0.497788,0.495703,678x1280,RGBA,,canvas|caseW-high|bboxH-high,False,True,acceptable variation,False,"canvas,caseW-high,bboxH-high; PASS_CONTENT from legacy catalog black-background review",unchanged-protected,False,0.924779,0.963281,0.497788,0.495703,678x1280,RGBA,canvas|caseW-high|bboxH-high,acceptable variation,6ac40a008141f465f4e3bca26614a745575b44604d5750bd66f69b824027cde3
WL61,0.816112,0.985,0.511384,0.5045,571x1000,RGBA,,canvas|bboxH-high,False,False,true failure,True,"canvas,bboxH-high; PASS_CONTENT from legacy catalog black-background review; human full-resolution review: strong perspective with looped bracelet and possible cutout damage",rerendered-and-approved,False,0.780273,0.911458,0.499512,0.500000,1024x1536,RGBA,,PASS,005bf2dbec827f42c39526fd2fa60ec738c4e99dbd96150acaa4f41c24d7f2b1
CR96K117,0.766602,0.906901,0.461426,0.499674,1024x1536,RGBA,,case-centre-x,False,True,acceptable variation,False,case-centre-x; PASS_CONTENT from 544-watch individual black-background review,unchanged-protected,False,0.766602,0.906901,0.461426,0.499674,1024x1536,RGBA,case-centre-x,acceptable variation,d8a8e153d432b0474f82baf00d5ee1694e7b6c45f7fa1d9c24068850c7d01fd3
WWNL3.811.4.53.0,0.776367,0.906901,0.500488,0.499674,1024x1536,RGBA,,,True,True,approved,False,PASS_CONTENT from 544-watch individual black-background review; pending v2 candidate recheck,unchanged-protected,False,0.776367,0.906901,0.500488,0.499674,1024x1536,RGBA,,approved,3bc3438819c171df2579aa076e0c90e9d2dc7fc99dff21730223e1d508589956
WWNM026.608.11.051.00,0.74707,0.907552,0.499512,0.5,1024x1536,RGBA,,,True,True,approved,False,PASS_CONTENT from 544-watch individual black-background review; pending v2 candidate recheck,unchanged-protected,False,0.74707,0.907552,0.499512,0.5,1024x1536,RGBA,,approved,569157c580c794f0003c45f844096a09c8307fc91c168225ec4b204f33148abe
W1309,0.983264,1.0,0.5,0.5,478x900,RGBA,,canvas|caseW-high|bboxH-high,False,True,acceptable variation,False,"canvas,caseW-high,bboxH-high; PASS_CONTENT from legacy catalog black-background review",unchanged-protected,False,0.983264,1.0,0.5,0.5,478x900,RGBA,canvas|caseW-high|bboxH-high,acceptable variation,e5593f92c8bf3d6588b6659c0a0ffaa8302799d7ff9bbd0cb6c6a6b128a4dd20
W1311,0.967273,1.0,0.498182,0.5,275x900,RGBA,,canvas|caseW-high|bboxH-high,False,False,true failure,True,"canvas,caseW-high,bboxH-high; PASS_CONTENT from legacy catalog black-background review; human full-resolution review: strong perspective with looped bracelet",rerendered-and-approved,False,0.780273,0.911458,0.499512,0.500000,1024x1536,RGBA,,PASS,ceaa7de07ae0704011ed0b5ddb8674f1645f8e329376a36868e6508839ccb538
W1459,0.969231,0.988889,0.501538,0.502222,325x900,RGBA,,canvas|caseW-high|bboxH-high,False,False,true failure,True,"canvas,caseW-high,bboxH-high; PASS_CONTENT from legacy catalog black-background review; human full-resolution review: strong perspective with looped bracelet",rerendered-and-approved,False,0.779297,0.911458,0.500000,0.500000,1024x1536,RGBA,,PASS,ab6444b96c906d152c011ff32f950e65d7f299228fa47fb51f0a2047ee65e8f2
W1372,0.966767,1.0,0.496979,0.5,331x900,RGBA,,canvas|caseW-high|bboxH-high,False,False,true failure,True,"canvas,caseW-high,bboxH-high; PASS_CONTENT from legacy catalog black-background review; human full-resolution review: strap and cutout appear visibly damaged",rerendered-and-approved,False,0.782227,0.911458,0.499512,0.500000,1024x1536,RGBA,,PASS,ed6a3633d3fa911474be8bd7f165fbcdcdc11a5f3f3cdf7f3cd5f05606934527
W1430,0.805664,0.958333,0.540527,0.5,1024x1536,RGBA,,bboxH-high|case-centre-x,False,True,acceptable variation,False,"bboxH-high,case-centre-x; PASS_CONTENT from legacy catalog black-background review",unchanged-protected,False,0.805664,0.958333,0.540527,0.5,1024x1536,RGBA,bboxH-high|case-centre-x,acceptable variation,5ae39af0fccd0fd739fe70d3655440f34e2209d12e6feaa304b209daa67d3292
W1701,0.745117,0.832031,0.536621,0.490885,1024x1536,RGBA,,bboxH-low|case-centre-x,False,True,acceptable variation,False,"bboxH-low,case-centre-x; PASS_CONTENT from legacy catalog black-background review",unchanged-protected,False,0.745117,0.832031,0.536621,0.490885,1024x1536,RGBA,bboxH-low|case-centre-x,acceptable variation,c0e508589ebf98abde80cfd516ebb2d6ef35a7908676f771e62b61cb4f7a2b69
WWNR48903723,0.734375,0.907552,0.5,0.5,1024x1536,RGBA,,,True,True,approved,False,PASS_CONTENT from 544-watch individual black-background review; pending v2 candidate recheck,unchanged-protected,False,0.734375,0.907552,0.5,0.5,1024x1536,RGBA,,approved,4286b5ccf4132c6a3d77568f5f7f78255be7086523dc0b43a2494a6b51b85a84
W1329,0.932692,0.985556,0.5,0.500556,312x900,RGBA,,canvas|caseW-high|bboxH-high,False,False,true failure,True,"canvas,caseW-high,bboxH-high; PASS_CONTENT from legacy catalog black-background review; human full-resolution review: strong perspective with curled strap and visible underside",rerendered-and-approved,False,0.778320,0.911458,0.500488,0.500000,1024x1536,RGBA,,PASS,c4438881db9e400ddbf3d2e5577c9d3e34f432214dc0b193be584f1adbab468e
W1339,0.97619,1.0,0.498299,0.5,294x900,RGBA,,canvas|caseW-high|bboxH-high,False,False,true failure,True,"canvas,caseW-high,bboxH-high; PASS_CONTENT from legacy catalog black-background review; human full-resolution review: strong perspective with looped bracelet",rerendered-and-approved,False,0.781250,0.911458,0.500000,0.500000,1024x1536,RGBA,,PASS,cebbf6e28f1c6d6534959a507821fe50a2a557513250e8a5d7defa605ef7bced
W1539,0.888889,1.0,0.499025,0.5,513x900,RGBA,,canvas|caseW-high|bboxH-high,False,False,true failure,True,"canvas,caseW-high,bboxH-high; PASS_CONTENT from legacy catalog black-background review; human full-resolution review: strong perspective with curled strap",rerendered-and-approved,False,0.780273,0.911458,0.499512,0.500000,1024x1536,RGBA,,PASS,55d917bc40f49cb0e0047e473f1112821585b5dac08158d346ef3fdd6d2c8a28
WWNL3.374.4.90.2,0.735352,0.906901,0.498535,0.500326,1024x1536,RGBA,,,True,True,approved,False,PASS_CONTENT from 544-watch individual black-background review; pending v2 candidate recheck,unchanged-protected,False,0.735352,0.906901,0.498535,0.500326,1024x1536,RGBA,,approved,a735b9f27d660ee0d8d2618a99bf6f11f6e3b71b55141a788897627ce0fef86b
W1349,0.983015,0.796667,0.502123,0.601667,471x900,RGBA,,canvas|caseW-high|bboxH-low|case-centre-y,False,False,true failure,True,"canvas,caseW-high,bboxH-low,case-centre-y; PASS_CONTENT from legacy catalog black-background review; human full-resolution review: head-only or incomplete bracelet presentation",rerendered-and-approved,False,0.780273,0.910807,0.499512,0.499674,1024x1536,RGBA,,PASS,a6e585b5416ce4ffa729564d1881f2cc60973d530edfdadb8976841d4d1b6459
W1296,0.623047,0.942057,0.515625,0.500326,1024x1536,RGBA,,caseW-low,False,True,acceptable variation,False,caseW-low; PASS_CONTENT from legacy catalog black-background review,unchanged-protected,False,0.623047,0.942057,0.515625,0.500326,1024x1536,RGBA,caseW-low,acceptable variation,c77115ee235e3753cc69aaa0728149972f525358fa69928491f98f110dd639a7
W1301,0.974771,0.981111,0.498853,0.498333,436x900,RGBA,,canvas|caseW-high|bboxH-high,False,False,true failure,True,"canvas,caseW-high,bboxH-high; PASS_CONTENT from legacy catalog black-background review; human full-resolution review: strong perspective with looped bracelet",rerendered-and-approved,False,0.780273,0.911458,0.499512,0.500000,1024x1536,RGBA,,PASS,8ae043fa4199e30ef397d3c0cedb52f0120f790d3321157d8be3aee8b68faf15
WWNL3.811.4.93.0,0.722656,0.90625,0.5,0.5,1024x1536,RGBA,,caseW-low,False,True,acceptable variation,False,caseW-low; PASS_CONTENT from 544-watch individual black-background review,unchanged-protected,False,0.722656,0.90625,0.5,0.5,1024x1536,RGBA,caseW-low,acceptable variation,e0652fbcb5a36cf2e222688d92c68d22269d0545517702cfb01011a0d7b6f9e1
WWNL3.781.4.96.6,0.779297,0.906901,0.499512,0.499674,1024x1536,RGBA,,,True,True,approved,False,PASS_CONTENT from 544-watch individual black-background review; pending v2 candidate recheck,unchanged-protected,False,0.779297,0.906901,0.499512,0.499674,1024x1536,RGBA,,approved,18f5916d7a35d47b88fe97cf82d5ba60fb0667e74040540ecdfdcb37ad159550
WW557,0.984102,1.0,0.49841,0.5,629x1000,RGBA,,canvas|caseW-high|bboxH-high,False,False,true failure,True,"canvas,caseW-high,bboxH-high; PASS_CONTENT from legacy catalog black-background review; human full-resolution review: bracelet and cutout appear visibly damaged",rerendered-and-approved,False,0.781250,0.852865,0.500000,0.500000,1024x1536,RGBA,,PASS,e4d91aef9693c77e4dd5ea3d11db16c84945b23d62e4b1d2dee05b803c60e0d2
W2199,0.700195,0.923828,0.520996,0.492513,1024x1536,RGBA,,caseW-low,False,True,acceptable variation,False,caseW-low; PASS_CONTENT from legacy catalog black-background review,unchanged-protected,False,0.700195,0.923828,0.520996,0.492513,1024x1536,RGBA,caseW-low,acceptable variation,725ead8c1a073a145c6d40dd4f031003fdf025a5d2f160b8ad9f8db9a7fd736f
WWNL3.811.4.73.2,0.767578,0.907552,0.5,0.5,1024x1536,RGBA,,,True,True,approved,False,PASS_CONTENT from 544-watch individual black-background review; pending v2 candidate recheck,unchanged-protected,False,0.767578,0.907552,0.5,0.5,1024x1536,RGBA,,approved,b6215df0b289af03527e2c60617f8646be5c8a2598ffac86b75e4449e29a99ca
CRSF-M1B-01M,0.875,0.880859,0.5,0.500326,1024x1536,RGBA,,caseW-high,False,True,acceptable variation,False,caseW-high; PASS_CONTENT from 544-watch individual black-background review,unchanged-protected,False,0.875,0.880859,0.5,0.500326,1024x1536,RGBA,caseW-high,acceptable variation,34242951a6d62e5989d33943b44764f74db67e12b8be0b55fe27faf75f858c55
WWNL2.330.4.93.0,0.790039,0.907552,0.499512,0.5,1024x1536,RGBA,,,True,True,approved,False,PASS_CONTENT from 544-watch individual black-background review; pending v2 candidate recheck,unchanged-protected,False,0.790039,0.907552,0.499512,0.5,1024x1536,RGBA,,approved,45e78d48b95069d4702bd7c6e3429292fe8015b0cd8806cf1d52240a9411bfcc
WWNR48903733,0.802734,0.907552,0.5,0.5,1024x1536,RGBA,,,True,True,approved,False,PASS_CONTENT from 544-watch individual black-background review; pending v2 candidate recheck,unchanged-protected,False,0.802734,0.907552,0.5,0.5,1024x1536,RGBA,,approved,ede646cc5f6c39e80e361aa3abc947af06155ec03e4879896117d3d4b1eca0db
W1717,0.673828,0.884766,0.52832,0.491211,1024x1536,RGBA,,caseW-low,False,True,acceptable variation,False,caseW-low; PASS_CONTENT from legacy catalog black-background review,unchanged-protected,False,0.673828,0.884766,0.52832,0.491211,1024x1536,RGBA,caseW-low,acceptable variation,6def94c67d8e7f0fc3caa70de18583d831ec93f943c5563d009f7142bd7c5af9
CRH64655941,0.822266,0.90625,0.5,0.5,1024x1536,RGBA,,,True,True,approved,False,PASS_CONTENT from 544-watch individual black-background review; pending v2 candidate recheck,unchanged-protected,False,0.822266,0.90625,0.5,0.5,1024x1536,RGBA,,approved,5afc98aa6af3f11e23bb36b251757439c388dd2b01d3e591e7b4012daa55e0da
CRXS.3104,0.806641,0.906901,0.5,0.500326,1024x1536,RGBA,,,True,True,approved,False,PASS_CONTENT from 544-watch individual black-background review; pending v2 candidate recheck,unchanged-protected,False,0.806641,0.906901,0.5,0.500326,1024x1536,RGBA,,approved,3a976dd23cd9a09d31c851dd71d5307bd5e1cfd38b1c4c6120c1ca456a8e6fcb
WWNMWW06E000146,0.516602,0.906901,0.499512,0.499674,1024x1536,RGBA,,caseW-low,False,True,acceptable variation,False,caseW-low; PASS_CONTENT from 544-watch individual black-background review,unchanged-protected,False,0.516602,0.906901,0.499512,0.499674,1024x1536,RGBA,caseW-low,acceptable variation,446c639309d94cae066501cc2bbada1ffb481ce1afb1de6c48ed39e0612ac943
WWNMWW06V000042,0.595703,0.909505,0.499512,0.500977,1024x1536,RGBA,,caseW-low,False,True,acceptable variation,False,caseW-low; PASS_CONTENT from 544-watch individual black-background review,unchanged-protected,False,0.595703,0.909505,0.499512,0.500977,1024x1536,RGBA,caseW-low,acceptable variation,12b41a1c2eced63fc2e82e1bf6f0a75e3e4fc33a7bf813cf671f1ee3295b37c5
WWNMWW06T000147,0.647461,0.907552,0.5,0.5,1024x1536,RGBA,,caseW-low,False,True,acceptable variation,False,caseW-low; PASS_CONTENT from 544-watch individual black-background review,unchanged-protected,False,0.647461,0.907552,0.5,0.5,1024x1536,RGBA,caseW-low,acceptable variation,7a227ab8475ea2be181d0b5dc815454e8491a79c86c39c5bd9dfcbf0d4eb42e6
W1659,0.798828,0.967448,0.495117,0.5,1024x1536,RGBA,,bboxH-high,False,True,acceptable variation,False,bboxH-high; PASS_CONTENT from legacy catalog black-background review,unchanged-protected,False,0.798828,0.967448,0.495117,0.5,1024x1536,RGBA,bboxH-high,acceptable variation,d2ddb5d92fe2cd13cbacbe057a6a2c617f62d1460348df9fd0f02569237a3482
WL64,0.882662,1.0,0.49387,0.5,571x1000,RGBA,,canvas|caseW-high|bboxH-high,False,False,true failure,True,"canvas,caseW-high,bboxH-high; PASS_CONTENT from legacy catalog black-background review; human full-resolution review: strong perspective with looped strap and visible underside",rerendered-and-approved,False,0.781250,0.911458,0.500000,0.500000,1024x1536,RGBA,,PASS,06add56f4a958e7e3ea16100122124c71fa30d8893c49e431b695e25da07360e
W1350,0.981132,1.0,0.496855,0.5,477x900,RGBA,,canvas|caseW-high|bboxH-high,False,False,true failure,True,"canvas,caseW-high,bboxH-high; PASS_CONTENT from legacy catalog black-background review; human full-resolution review: strong perspective with distorted or looped bracelet",rerendered-and-approved,False,0.779297,0.911458,0.500000,0.500000,1024x1536,RGBA,,PASS,0165b71926ac9290d5714483f04d6bcc8ab8215a0fdbc7d1e62bcab6e3fa6b8d
W1538,0.985981,0.971111,0.5,0.492222,428x900,RGBA,,canvas|caseW-high|bboxH-high,False,True,acceptable variation,False,"canvas,caseW-high,bboxH-high; PASS_CONTENT from legacy catalog black-background review",unchanged-protected,False,0.985981,0.971111,0.5,0.492222,428x900,RGBA,canvas|caseW-high|bboxH-high,acceptable variation,3267b8e6b043c0657dbad99844af9504828c550ee21bd30b463e90556fbe2f69
W1380,0.460039,0.978889,0.460039,0.497222,513x900,RGBA,,canvas|caseW-low|bboxH-high|case-centre-x,False,False,true failure,True,"canvas,caseW-low,bboxH-high,case-centre-x; PASS_CONTENT from legacy catalog black-background review; human full-resolution review: strong perspective with looped strap",rerendered-and-approved,False,0.781250,0.911458,0.500000,0.500000,1024x1536,RGBA,,PASS,9df224a7d3d2baa102c06cd8ffc1dad149569570c90540bdaeeed7b4aecf85b4
W1325,0.898113,0.986667,0.498113,0.5,265x900,RGBA,,canvas|caseW-high|bboxH-high,False,False,true failure,True,"canvas,caseW-high,bboxH-high; PASS_CONTENT from legacy catalog black-background review; human full-resolution review: strong perspective with looped bracelet and visible clasp",rerendered-and-approved,False,0.779297,0.911458,0.500000,0.500000,1024x1536,RGBA,,PASS,fb87eb747961e54a9b69a9be52bdbf7bc2032e373454290e3b5cae8eb7ed8ecd
WL73,0.791594,0.974,0.507881,0.499,571x1000,RGBA,,canvas|bboxH-high,False,True,acceptable variation,False,"canvas,bboxH-high; PASS_CONTENT from legacy catalog black-background review",unchanged-protected,False,0.791594,0.974,0.507881,0.499,571x1000,RGBA,canvas|bboxH-high,acceptable variation,91894ec90e6389ba26b5955aabe5ba5071d1a9c3763b905ca48f6c9616219a77
WWNL5.200.4.71.2,0.56543,0.907552,0.499512,0.5,1024x1536,RGBA,,caseW-low,False,True,acceptable variation,False,caseW-low; PASS_CONTENT from 544-watch individual black-background review,unchanged-protected,False,0.56543,0.907552,0.499512,0.5,1024x1536,RGBA,caseW-low,acceptable variation,175668dccd5cd67f80f6d60de55957b380be7a17ce6b7af69f39aba0f541801d
WWNL8.113.4.71.6,0.773438,0.907552,0.5,0.5,1024x1536,RGBA,,,True,True,approved,False,PASS_CONTENT from 544-watch individual black-background review; pending v2 candidate recheck,unchanged-protected,False,0.773438,0.907552,0.5,0.5,1024x1536,RGBA,,approved,a2422135055123e6d7ebb5be1a8ad7db9879fc023cc6680a244235806a596d2b
WWNR27238712,0.714844,0.90625,0.5,0.5,1024x1536,RGBA,,caseW-low,False,True,acceptable variation,False,caseW-low; PASS_CONTENT from 544-watch individual black-background review,unchanged-protected,False,0.714844,0.90625,0.5,0.5,1024x1536,RGBA,caseW-low,acceptable variation,be33cd25ff379b2d563d4d1a765ebc62768785b9932fa686a2c3fd17b694bf97
WWNR48903703,0.680664,0.906901,0.499512,0.500326,1024x1536,RGBA,,caseW-low,False,True,acceptable variation,False,caseW-low; PASS_CONTENT from 544-watch individual black-background review,unchanged-protected,False,0.680664,0.906901,0.499512,0.500326,1024x1536,RGBA,caseW-low,acceptable variation,0c044195714fdc9545473f9c2f82998114853d27dd51a9e34663a6b4f52a8768
WWNM026.608.11.041.01,0.760742,0.907552,0.499512,0.5,1024x1536,RGBA,,,True,True,approved,False,PASS_CONTENT from 544-watch individual black-background review; pending v2 candidate recheck,unchanged-protected,False,0.760742,0.907552,0.499512,0.5,1024x1536,RGBA,,approved,c3c67653eca35ba681fcfb3a4a6d6980067b2cb6a8cab5dd66ead85c6e4cac1d
WWNMWW06E000147,0.463867,0.906901,0.5,0.499674,1024x1536,RGBA,,caseW-low,False,True,acceptable variation,False,caseW-low; PASS_CONTENT from 544-watch individual black-background review,unchanged-protected,False,0.463867,0.906901,0.5,0.499674,1024x1536,RGBA,caseW-low,acceptable variation,dd0d0f91474163f465a9728d939341f9455e1563cd214dbd7384ce1d28b42cd1
WWN2731-ST-50001,0.791016,0.90625,0.499023,0.5,1024x1536,RGBA,,,True,True,approved,False,PASS_CONTENT from 544-watch individual black-background review; pending v2 candidate recheck,unchanged-protected,False,0.791016,0.90625,0.499023,0.5,1024x1536,RGBA,,approved,71909feb1dea34d6f9b2d2b9df69e8fab473394538796134bebca4613c51f8b6
W1278,0.975439,0.985556,0.501754,0.500556,285x900,RGBA,,canvas|caseW-high|bboxH-high,False,True,acceptable variation,False,"canvas,caseW-high,bboxH-high; PASS_CONTENT from legacy catalog black-background review",unchanged-protected,False,0.975439,0.985556,0.501754,0.500556,285x900,RGBA,canvas|caseW-high|bboxH-high,acceptable variation,92fcd6d56c44402582f81f749b2a8b979e62537004490eac915e589f0600dd04
W225,0.733398,0.928385,0.512207,0.486328,1024x1536,RGBA,,,True,True,approved,False,PASS_CONTENT from legacy catalog black-background review; pending v2 candidate recheck,unchanged-protected,False,0.733398,0.928385,0.512207,0.486328,1024x1536,RGBA,,approved,9f6ee6edafc0909fa66f937d92a4bdbddf0ad6f914251a492f9681eee905c536
W1300,0.984091,1.0,0.498864,0.5,440x900,RGBA,,canvas|caseW-high|bboxH-high,False,True,acceptable variation,False,"canvas,caseW-high,bboxH-high; PASS_CONTENT from legacy catalog black-background review",unchanged-protected,False,0.984091,1.0,0.498864,0.5,440x900,RGBA,canvas|caseW-high|bboxH-high,acceptable variation,78ab93fa1af21bfa31d49e8223378b80ed9b91e091220b4dceada7a14b65fbb2
WL51,0.732049,0.999,0.492119,0.4995,571x1000,RGBA,,canvas|bboxH-high,False,False,true failure,True,"canvas,bboxH-high; PASS_CONTENT from legacy catalog black-background review; human full-resolution review: strong perspective with looped bracelet and visible clasp",rerendered-and-approved,False,0.779297,0.911458,0.500000,0.500000,1024x1536,RGBA,,PASS,f9998e3cfa454fc2aff35950bc1c358bdf9984af688615b1d186a12084ed62d0
WW647,0.902655,0.933,0.5,0.5005,565x1000,RGBA,,canvas|caseW-high,False,False,true failure,True,"canvas,caseW-high; PASS_CONTENT from legacy catalog black-background review; human full-resolution review: strong perspective with looped bracelet",rerendered-and-approved,False,0.780273,0.911458,0.499512,0.500000,1024x1536,RGBA,,PASS,bce944d61d007f4e49d9de19c02bed943df7660424ae8e83b6e4d8d2b171437e
W1635,0.727539,0.939453,0.500488,0.491862,1024x1536,RGBA,,caseW-low,False,True,acceptable variation,False,caseW-low; PASS_CONTENT from legacy catalog black-background review,unchanged-protected,False,0.727539,0.939453,0.500488,0.491862,1024x1536,RGBA,caseW-low,acceptable variation,578385b448e38c695444224aed89c5f91a673c26b88a350875c27113abd4dc00
W274,0.762857,0.934,0.5,0.5,700x1000,RGBA,,canvas,False,True,acceptable variation,False,canvas; PASS_CONTENT from legacy catalog black-background review,unchanged-protected,False,0.762857,0.934,0.5,0.5,700x1000,RGBA,canvas,acceptable variation,c6f3fc7bf6ca6d4e1e1027d3a3d989476d19741e25b5604d579de820fe438eff
W2282,0.544922,0.972656,0.522461,0.497396,1024x1536,RGBA,,caseW-low|bboxH-high,False,True,acceptable variation,False,"caseW-low,bboxH-high; PASS_CONTENT from legacy catalog black-background review",unchanged-protected,False,0.544922,0.972656,0.522461,0.497396,1024x1536,RGBA,caseW-low|bboxH-high,acceptable variation,b37dd71257d9d87c30891ca90474aeeac24c422a823713875ac0b9dd8dc87ed1
WW588,0.983359,1.0,0.499244,0.5,661x1000,RGBA,,canvas|caseW-high|bboxH-high,False,False,true failure,True,"canvas,caseW-high,bboxH-high; PASS_CONTENT from legacy catalog black-background review; human full-resolution review: watch is over-cropped at image bounds",rerendered-and-approved,False,0.779297,0.911458,0.500000,0.500000,1024x1536,RGBA,,PASS,ab80a8d5902b44e58443911f60378a2ccf17d553243a3cd82913270ce0569a8d
WL67,0.818182,0.992,0.505245,0.501,572x1000,RGBA,,canvas|bboxH-high,False,True,acceptable variation,False,"canvas,bboxH-high; PASS_CONTENT from legacy catalog black-background review",unchanged-protected,False,0.818182,0.992,0.505245,0.501,572x1000,RGBA,canvas|bboxH-high,acceptable variation,d72686285f164a07e2f2c6446a271ed87eee6e61c63f120fbd664391c6345db8
CRT127.407.11.081.00,0.779297,0.90625,0.5,0.5,1024x1536,RGBA,,,True,True,approved,False,PASS_CONTENT from 544-watch individual black-background review; pending v2 candidate recheck,unchanged-protected,False,0.779297,0.90625,0.5,0.5,1024x1536,RGBA,,approved,e4966545453db731b6c5acc9f0f3453d7d6d51100b3310e3078ecc42fd0edd9c
W1277,0.95189,1.0,0.498282,0.5,291x900,RGBA,,canvas|caseW-high|bboxH-high,False,False,true failure,True,"canvas,caseW-high,bboxH-high; PASS_CONTENT from legacy catalog black-background review; human full-resolution review: strong perspective with looped strap",rerendered-and-approved,False,0.781250,0.911458,0.499512,0.500000,1024x1536,RGBA,,PASS,8a730f008fc787697a5fb8bccd0de88079ac37a3f249b60f176f686dce252220
WWNH24614330,0.854492,0.907552,0.499512,0.5,1024x1536,RGBA,,caseW-high,False,True,acceptable variation,False,caseW-high; PASS_CONTENT from 544-watch individual black-background review,unchanged-protected,False,0.854492,0.907552,0.499512,0.5,1024x1536,RGBA,caseW-high,acceptable variation,9671a4a086bb46d646f9b07228adb8638cdc939fb5022667ba60e8e9c6dc2b10
CRH64615735,0.800781,0.906901,0.5,0.500326,1024x1536,RGBA,,,True,True,approved,False,PASS_CONTENT from 544-watch individual black-background review; pending v2 candidate recheck,unchanged-protected,False,0.800781,0.906901,0.5,0.500326,1024x1536,RGBA,,approved,8eaef541555d16124cf668ea771ad7658d28eae6ce9619268ba7577777596e18
WWNL3.410.4.93.0,0.772461,0.907552,0.499512,0.5,1024x1536,RGBA,,,True,True,approved,False,PASS_CONTENT from 544-watch individual black-background review; pending v2 candidate recheck,unchanged-protected,False,0.772461,0.907552,0.499512,0.5,1024x1536,RGBA,,approved,133c71829091fddb996f647f6b1d97dd8aa4872679efcf2a75600bf38c2c5e47
WWN01 733 7720 4057-07 5 21 02,0.322266,0.907552,0.499023,0.5,1024x1536,RGBA,,caseW-low,False,False,true failure,True,caseW-low; PASS_CONTENT from 544-watch individual black-background review; human full-resolution review: severely zoomed-out full-strap presentation,rerendered-and-approved,False,0.779297,0.911458,0.500000,0.500000,1024x1536,RGBA,,PASS,4515e07156cac66c2bed182e101c91d33ae8472563c5060fca31fb73b89a847d
WWNL3.810.4.03.2,0.771484,0.906901,0.5,0.499674,1024x1536,RGBA,,,True,True,approved,False,PASS_CONTENT from 544-watch individual black-background review; pending v2 candidate recheck,unchanged-protected,False,0.771484,0.906901,0.5,0.499674,1024x1536,RGBA,,approved,43bf9caf06915a9fbf9b7a44a94590a9714a97a2ef9e60b764d5b69b97364c7f
WWNL3.410.4.63.2,0.764648,0.907552,0.499512,0.5,1024x1536,RGBA,,,True,True,approved,False,PASS_CONTENT from 544-watch individual black-background review; pending v2 candidate recheck,unchanged-protected,False,0.764648,0.907552,0.499512,0.5,1024x1536,RGBA,,approved,7b0b7d60a22ad7efedbf71cfe425081dccd5a540282d5f5c9491e75034c1568c
WWN01 733 7747 4055-07 5 17 45,0.791016,0.906901,0.5,0.499674,1024x1536,RGBA,,,True,True,approved,False,PASS_CONTENT from 544-watch individual black-background review; pending v2 candidate recheck,unchanged-protected,False,0.791016,0.906901,0.5,0.499674,1024x1536,RGBA,,approved,8d48a5cd954f501567f57cdaa82556d726be129f54d9934bced094a5464bbe79
WWN01 733 7720 4057-07 5 21 45,0.875977,0.876302,0.499023,0.5,1024x1536,RGBA,,caseW-high,False,True,acceptable variation,False,caseW-high; PASS_CONTENT from 544-watch individual black-background review,unchanged-protected,False,0.875977,0.876302,0.499023,0.5,1024x1536,RGBA,caseW-high,acceptable variation,8f5f16bf4715ff1f0ee5e23398086c74956f41db24925c8982e12b88dd0682c5
WWN10683,0.768555,0.908203,0.499512,0.499674,1024x1536,RGBA,,,True,True,approved,False,PASS_CONTENT from 544-watch individual black-background review; pending v2 candidate recheck,unchanged-protected,False,0.768555,0.908203,0.499512,0.499674,1024x1536,RGBA,,approved,e9336c96adfab9681816a369ef74d5dfacf459266723594bfbdc86ad41b191d1
W1302,0.655556,0.991111,0.504861,0.501111,720x900,RGBA,,canvas|caseW-low|bboxH-high,False,True,acceptable variation,False,"canvas,caseW-low,bboxH-high; PASS_CONTENT from legacy catalog black-background review",unchanged-protected,False,0.655556,0.991111,0.504861,0.501111,720x900,RGBA,canvas|caseW-low|bboxH-high,acceptable variation,38b1f4718c3f202f3906b3f4e89561a19c0dd473a4bb5d348e77a6953834eecd
W1357,0.980907,0.987778,0.5,0.500556,419x900,RGBA,,canvas|caseW-high|bboxH-high,False,False,true failure,True,"canvas,caseW-high,bboxH-high; PASS_CONTENT from legacy catalog black-background review; human full-resolution review: strong perspective with looped bracelet",rerendered-and-approved,False,0.780273,0.911458,0.499512,0.500000,1024x1536,RGBA,,PASS,73e2542a0b94898f50e0d229670668df2f57dbf6e0e483e5ef9e4f9d17ef1156
WL22,0.819615,0.934,0.499124,0.5,571x1000,RGBA,,canvas,False,True,acceptable variation,False,canvas; PASS_CONTENT from legacy catalog black-background review,unchanged-protected,False,0.819615,0.934,0.499124,0.5,571x1000,RGBA,canvas,acceptable variation,a9e19b5a8130e711dc9df363656002b493a1d118f486b7b0afe21b1fc5a4338b
WWNR27072012,0.574219,0.907552,0.5,0.5,1024x1536,RGBA,,caseW-low,False,True,acceptable variation,False,caseW-low; PASS_CONTENT from 544-watch individual black-background review,unchanged-protected,False,0.574219,0.907552,0.5,0.5,1024x1536,RGBA,caseW-low,acceptable variation,f1cd5bbbdd1acb18a320530e9c423a97339649553c600ee0d9b2f491ae1244bc
W1327,0.915521,1.0,0.465619,0.5,509x900,RGBA,,canvas|caseW-high|bboxH-high|case-centre-x,False,False,true failure,True,"canvas,caseW-high,bboxH-high,case-centre-x; PASS_CONTENT from legacy catalog black-background review; human full-resolution review: strong perspective with looped bracelet",rerendered-and-approved,False,0.781250,0.911458,0.500000,0.500000,1024x1536,RGBA,,PASS,88138a1fb11ec3528d375c2f208a076df826b8956ef4aa3e01d579b19a7078d9
W1545,0.983333,0.983333,0.50119,0.500556,420x900,RGBA,,canvas|caseW-high|bboxH-high,False,True,acceptable variation,False,"canvas,caseW-high,bboxH-high; PASS_CONTENT from legacy catalog black-background review",unchanged-protected,False,0.983333,0.983333,0.50119,0.500556,420x900,RGBA,canvas|caseW-high|bboxH-high,acceptable variation,1569780511225466d3fbc27724b2a3e10c6499b01d8a1614d91fc1592cbeef1d
W1514,0.966777,1.0,0.5,0.5,301x900,RGBA,,canvas|caseW-high|bboxH-high,False,False,true failure,True,"canvas,caseW-high,bboxH-high; PASS_CONTENT from legacy catalog black-background review; human full-resolution review: strong perspective with looped bracelet",rerendered-and-approved,False,0.782227,0.911458,0.499512,0.500000,1024x1536,RGBA,,PASS,d1d740e5385cae5b499c6fe2dd6a0fd02b86c971ac8ad2dcb451a115ec1a6975
W1338,0.974453,0.983333,0.498175,0.499444,274x900,RGBA,,canvas|caseW-high|bboxH-high,False,True,acceptable variation,False,"canvas,caseW-high,bboxH-high; PASS_CONTENT from legacy catalog black-background review",unchanged-protected,False,0.974453,0.983333,0.498175,0.499444,274x900,RGBA,canvas|caseW-high|bboxH-high,acceptable variation,fca3a6595ac49ccc619361568d78eb7a1bef273a6b3a80bcda6e98ea3d5da865
W2196,0.695312,0.951172,0.485352,0.491211,1024x1536,RGBA,,caseW-low|bboxH-high,False,True,acceptable variation,False,"caseW-low,bboxH-high; PASS_CONTENT from legacy catalog black-background review",unchanged-protected,False,0.695312,0.951172,0.485352,0.491211,1024x1536,RGBA,caseW-low|bboxH-high,acceptable variation,37a17e7ce95d090b4322fd8ab80c3648d1638846d738225ce14b7c5fe76e08a6
WL25,0.395797,0.972,0.530648,0.499,571x1000,RGBA,,canvas|caseW-low|bboxH-high|case-centre-x,False,True,acceptable variation,False,"canvas,caseW-low,bboxH-high,case-centre-x; PASS_CONTENT from legacy catalog black-background review",unchanged-protected,False,0.395797,0.972,0.530648,0.499,571x1000,RGBA,canvas|caseW-low|bboxH-high|case-centre-x,acceptable variation,e099ccbc2f6e44b6cab3d6c623121e8e0d4ff842d7b70fd16000aa5c72873316
W1328,0.982578,1.0,0.5,0.5,574x900,RGBA,,canvas|caseW-high|bboxH-high,False,False,true failure,True,"canvas,caseW-high,bboxH-high; PASS_CONTENT from legacy catalog black-background review; human full-resolution review: strong perspective with curved strap",rerendered-and-approved,False,0.780273,0.858073,0.500488,0.500000,1024x1536,RGBA,,PASS,3cf8df18fd4e3f36da4584589db1af3674413a9ded9823795d859aba5a97ecf7
WWNR32259153,0.795898,0.909505,0.499512,0.500977,1024x1536,RGBA,,,True,True,approved,False,PASS_CONTENT from 544-watch individual black-background review; pending v2 candidate recheck,unchanged-protected,False,0.795898,0.909505,0.499512,0.500977,1024x1536,RGBA,,approved,2ebcde483b4de2519655f34cd0e961d6a2d04a460046baba42e821532074524a
CRRE-AV0B08L00B,0.766602,0.906901,0.499512,0.500326,1024x1536,RGBA,,,True,True,approved,False,PASS_CONTENT from 544-watch individual black-background review; pending v2 candidate recheck,unchanged-protected,False,0.766602,0.906901,0.499512,0.500326,1024x1536,RGBA,,approved,cd491558d9deba30389fc3be197cf81c4b5052f3e94fe4a4ba508036bf870e20
WWNL5.258.4.87.6,0.374023,0.907552,0.499512,0.5,1024x1536,RGBA,,caseW-low,False,True,acceptable variation,False,caseW-low; PASS_CONTENT from 544-watch individual black-background review,unchanged-protected,False,0.374023,0.907552,0.499512,0.5,1024x1536,RGBA,caseW-low,acceptable variation,2b5c6f38e598bdb4082153451ecf970725ea108ecc440187f34e91b6591be303
W1713,0.739258,0.89974,0.533691,0.492188,1024x1536,RGBA,,case-centre-x,False,True,acceptable variation,False,case-centre-x; PASS_CONTENT from legacy catalog black-background review,unchanged-protected,False,0.739258,0.89974,0.533691,0.492188,1024x1536,RGBA,case-centre-x,acceptable variation,f3a99fb71bd892a9c8c22b10eefb20ae9f7a253a6b0e7f71e76fb8275bcad477
WWN01 733 7770 4150-SET,0.396484,0.909505,0.5,0.500977,1024x1536,RGBA,,caseW-low,False,False,true failure,True,caseW-low; PASS_CONTENT from 544-watch individual black-background review; human full-resolution review: incomplete or disconnected bracelet presentation,rerendered-and-approved,False,0.780273,0.911458,0.500488,0.500000,1024x1536,RGBA,,PASS,bfd21e95101e9fee7c4cb5a241e5e05b03bad3337e04bfab8edee8c2c4e814c5
CRT120.607.17.441.00,0.874023,0.885417,0.499512,0.5,1024x1536,RGBA,,caseW-high,False,True,acceptable variation,False,caseW-high; PASS_CONTENT from 544-watch individual black-background review,unchanged-protected,False,0.874023,0.885417,0.499512,0.5,1024x1536,RGBA,caseW-high,acceptable variation,9e2df618b381a75fbe628b4b56a87b12b5c0c7f0eae777ab5a2f41fbf9fe9e57
WWN01 733 7732 4135-07 5 21 10FC,0.791016,0.907552,0.499512,0.5,1024x1536,RGBA,,,True,False,true failure,True,FAIL_CONTENT: case is not dead-on; visible three-quarter perspective; human full-resolution review: strong three-quarter perspective,rerendered-and-approved,False,0.780273,0.897135,0.499512,0.500000,1024x1536,RGBA,,PASS,a48fdb7e1f81059ae92dd56986148f3d66c986f3b3daf8f92e32cdcdc930045c
WWN01 733 7732 4157-07 5 21 10FC,0.800781,0.907552,0.499023,0.5,1024x1536,RGBA,,,True,False,true failure,True,FAIL_CONTENT: case is not dead-on; visible three-quarter perspective; human full-resolution review: strong three-quarter perspective,rerendered-and-approved,False,0.779297,0.911458,0.500000,0.500000,1024x1536,RGBA,,PASS,e2a0c76f6dd581afc937e8f765e140d2ac22849c80ab9eadfbe0de09515ce014
WWNL2.822.4.56.2,0.764648,0.906901,0.499512,0.500326,1024x1536,RGBA,,,True,True,approved,False,PASS_CONTENT from 544-watch individual black-background review; pending v2 candidate recheck,unchanged-protected,False,0.764648,0.906901,0.499512,0.500326,1024x1536,RGBA,,approved,150aa00a647ff41f018cf2fc67eaf19059fdcf23a03d2c46597f7acf5edf7900
W1276,0.957746,0.982222,0.501761,0.5,284x900,RGBA,,canvas|caseW-high|bboxH-high,False,False,true failure,True,"canvas,caseW-high,bboxH-high; PASS_CONTENT from legacy catalog black-background review; human full-resolution review: strong perspective with looped strap",rerendered-and-approved,False,0.780273,0.911458,0.500000,0.500000,1024x1536,RGBA,,PASS,0a69be645cbed2f28b96f7b33eb56a19d7c4e66646452a2489c8133897617e84
WWNR12161253,0.673828,0.907552,0.5,0.5,1024x1536,RGBA,,caseW-low,False,True,acceptable variation,False,caseW-low; PASS_CONTENT from 544-watch individual black-background review,unchanged-protected,False,0.673828,0.907552,0.5,0.5,1024x1536,RGBA,caseW-low,acceptable variation,5dee8d3f1ed7efce6b543ddfe9d1cb395d4b446b5648f02c120d9989a9469e11
WL74,0.754816,0.956,0.496497,0.51,571x1000,RGBA,,canvas|bboxH-high,False,True,acceptable variation,False,"canvas,bboxH-high; PASS_CONTENT from legacy catalog black-background review",unchanged-protected,False,0.754816,0.956,0.496497,0.51,571x1000,RGBA,canvas|bboxH-high,acceptable variation,27b69de2803747ece85bb768f11cb6b906795baf2b0ecfbd1dfa5a11c16f51d0
W2211,0.62793,0.932292,0.500488,0.488932,1024x1536,RGBA,,caseW-low,False,True,acceptable variation,False,caseW-low; PASS_CONTENT from legacy catalog black-background review,unchanged-protected,False,0.62793,0.932292,0.500488,0.488932,1024x1536,RGBA,caseW-low,acceptable variation,438ff8cfc7af6ec5a3e5231a98c048e6e7c7e8965d22cc81b5deb8bb2916eed3
W1428,0.753906,0.923828,0.543945,0.493164,1024x1536,RGBA,,case-centre-x,False,True,acceptable variation,False,case-centre-x; PASS_CONTENT from legacy catalog black-background review,unchanged-protected,False,0.753906,0.923828,0.543945,0.493164,1024x1536,RGBA,case-centre-x,acceptable variation,4a45b4677f1b95f0e3bc4524a6980c7cf89eaf2388994dbe36f9c1612a60ff77
W2168,0.643555,0.888672,0.526855,0.487956,1024x1536,RGBA,,caseW-low,False,True,acceptable variation,False,caseW-low; PASS_CONTENT from legacy catalog black-background review,unchanged-protected,False,0.643555,0.888672,0.526855,0.487956,1024x1536,RGBA,caseW-low,acceptable variation,57ed3e661f665f4019ee4827478f4b370bd5903e87ed85b9bffd95669de03ad4
W1488,0.776367,0.923177,0.540527,0.494792,1024x1536,RGBA,,case-centre-x,False,True,acceptable variation,False,case-centre-x; PASS_CONTENT from legacy catalog black-background review,unchanged-protected,False,0.776367,0.923177,0.540527,0.494792,1024x1536,RGBA,case-centre-x,acceptable variation,093b956088d136c2918eac49103819623aa9afd9096fc30996dbad6991c1a80e
W1595,0.648438,0.940104,0.508789,0.490234,1024x1536,RGBA,,caseW-low,False,True,acceptable variation,False,caseW-low; PASS_CONTENT from legacy catalog black-background review,unchanged-protected,False,0.648438,0.940104,0.508789,0.490234,1024x1536,RGBA,caseW-low,acceptable variation,1fd09bb18b6838c20e0ba586ac8fc850e630d04f820f7b65fb1373d25e17d964
WL48,0.661133,0.957031,0.501465,0.501302,1024x1536,RGBA,,caseW-low|bboxH-high,False,True,acceptable variation,False,"caseW-low,bboxH-high; PASS_CONTENT from legacy catalog black-background review",unchanged-protected,False,0.661133,0.957031,0.501465,0.501302,1024x1536,RGBA,caseW-low|bboxH-high,acceptable variation,00a0d98cef307bc3231544554d45595f7faf1867c0616182e645317b330c945b
W1434,0.982097,0.987778,0.501279,0.500556,391x900,RGBA,,canvas|caseW-high|bboxH-high,False,True,acceptable variation,False,"canvas,caseW-high,bboxH-high; PASS_CONTENT from legacy catalog black-background review",unchanged-protected,False,0.982097,0.987778,0.501279,0.500556,391x900,RGBA,canvas|caseW-high|bboxH-high,acceptable variation,03ffe70c3fe6625b48062b9fdeca1a33384906a416b3be2d86a6fcf713060287
W1548,0.985577,0.985556,0.5,0.499444,416x900,RGBA,,canvas|caseW-high|bboxH-high,False,True,acceptable variation,False,"canvas,caseW-high,bboxH-high; PASS_CONTENT from legacy catalog black-background review",unchanged-protected,False,0.985577,0.985556,0.5,0.499444,416x900,RGBA,canvas|caseW-high|bboxH-high,acceptable variation,e784cbcb6056156d4205457aca67cc2f13972f768d36a5856e560310fbd9abbe
CRRF1526SKX009K2,0.851562,0.90625,0.499512,0.5,1024x1536,RGBA,,caseW-high,False,True,acceptable variation,False,caseW-high; PASS_CONTENT from 544-watch individual black-background review,unchanged-protected,False,0.851562,0.90625,0.499512,0.5,1024x1536,RGBA,caseW-high,acceptable variation,f0d7b9c57d2275a2a5226345fc3cd81e13da7cdd591b4b3f217df3caf03c92b7
CRRF540SKX007K2,0.824219,0.907552,0.499512,0.5,1024x1536,RGBA,,,True,True,approved,False,PASS_CONTENT from 544-watch individual black-background review; pending v2 candidate recheck,unchanged-protected,False,0.824219,0.907552,0.499512,0.5,1024x1536,RGBA,,approved,08c0c8011f322c0d1ce363a7aca5ed5f53f36eff9c2f82c24d372c44f126d7c5
CRU1091,0.808594,0.906901,0.499512,0.500326,1024x1536,RGBA,,,True,True,approved,False,PASS_CONTENT from 544-watch individual black-background review; pending v2 candidate recheck,unchanged-protected,False,0.808594,0.906901,0.499512,0.500326,1024x1536,RGBA,,approved,11d93e87493beaf5195f47eac154ecc5160454eebf55f28779cd3350adcd53e4
CRH77912335,0.835938,0.901693,0.5,0.499674,1024x1536,RGBA,,caseW-high,False,True,acceptable variation,False,caseW-high; PASS_CONTENT from 544-watch individual black-background review,unchanged-protected,False,0.835938,0.901693,0.5,0.499674,1024x1536,RGBA,caseW-high,acceptable variation,f1a1ba19762c8fc977f0d473d1d32b6a8d9d5c983a5d239b0daf816f284808a4
CRSKX009K2,0.792969,0.90625,0.5,0.5,1024x1536,RGBA,,,True,True,approved,False,PASS_CONTENT from 544-watch individual black-background review; pending v2 candidate recheck,unchanged-protected,False,0.792969,0.90625,0.5,0.5,1024x1536,RGBA,,approved,bb93cf9fe249f8012cc1b8607fe1edd35a6c35b5af01ce75a988c652a8bf7209
WWN01 733 7770 4155-07 8 18 05P,0.521484,0.911458,0.5,0.5,1024x1536,RGBA,,caseW-low,False,True,acceptable variation,False,caseW-low; PASS_CONTENT from 544-watch individual black-background review,unchanged-protected,False,0.521484,0.911458,0.5,0.5,1024x1536,RGBA,caseW-low,acceptable variation,0ff1bdd9d7d40a39580b9cd79e6d10fef61232a85421ea7a2f2820a6cf4c7963
WWN01 733 7707 4357-07 5 20 45,0.333984,0.906901,0.5,0.500326,1024x1536,RGBA,,caseW-low,False,False,true failure,True,caseW-low; PASS_CONTENT from 544-watch individual black-background review; human full-resolution review: severely zoomed-out full-strap presentation,rerendered-and-approved,False,0.781250,0.911458,0.500000,0.500000,1024x1536,RGBA,,PASS,14c007beb30a84ab1445fda62fe6b8bb012b481ed12823c102c3e9395845322a
WWN01 733 7770 4158-07 8 18 05P,0.783203,0.911458,0.5,0.5,1024x1536,RGBA,,,True,True,approved,False,PASS_CONTENT from 544-watch individual black-background review; pending v2 candidate recheck,unchanged-protected,False,0.783203,0.911458,0.5,0.5,1024x1536,RGBA,,approved,45b5b4eb65dc635ae696b394279d6a633d6dfde7a437a5a46f444659470c7e84
W1435,0.982005,0.983333,0.498715,0.499444,389x900,RGBA,,canvas|caseW-high|bboxH-high,False,True,acceptable variation,False,"canvas,caseW-high,bboxH-high; PASS_CONTENT from legacy catalog black-background review",unchanged-protected,False,0.982005,0.983333,0.498715,0.499444,389x900,RGBA,canvas|caseW-high|bboxH-high,acceptable variation,1948dc092bde7459568d43c67eabab0a0cdad1d5b781a31cffa529082891ebe1
WL23,0.401051,0.966,0.503503,0.499,571x1000,RGBA,,canvas|caseW-low|bboxH-high,False,False,true failure,True,"canvas,caseW-low,bboxH-high; PASS_CONTENT from legacy catalog black-background review; human full-resolution review: strong perspective with looped strap",rerendered-and-approved,False,0.780273,0.911458,0.500488,0.500000,1024x1536,RGBA,,PASS,76bc1a020a8923c335ebed39b8ec7755615c0efcdd71b5ef269daad963cbd7b6
CRXS.3101,0.830078,0.907552,0.5,0.5,1024x1536,RGBA,,caseW-high,False,True,acceptable variation,False,caseW-high; PASS_CONTENT from 544-watch individual black-background review,unchanged-protected,False,0.830078,0.907552,0.5,0.5,1024x1536,RGBA,caseW-high,acceptable variation,2072333d619120e377940f258b10122691d2a0b01133583c1b87a32fa1efb50c
WWNL4.826.4.52.0,0.81543,0.907552,0.499512,0.5,1024x1536,RGBA,,,True,True,approved,False,PASS_CONTENT from 544-watch individual black-background review; pending v2 candidate recheck,unchanged-protected,False,0.81543,0.907552,0.499512,0.5,1024x1536,RGBA,,approved,23d62101028315e136931ce75bb9f03964978ab766de6429c8b991dc199471b4
CR799.10.131.10,0.774414,0.908203,0.500488,0.499674,1024x1536,RGBA,,,True,True,approved,False,PASS_CONTENT from 544-watch individual black-background review; pending v2 candidate recheck,unchanged-protected,False,0.774414,0.908203,0.500488,0.499674,1024x1536,RGBA,,approved,aeffaf665fdd43abf32b7d792fe711b5c70d44306066c2581c1b481f182511da
CR799.10.101.10,0.84375,0.906901,0.5,0.500326,1024x1536,RGBA,,caseW-high,False,True,acceptable variation,False,caseW-high; PASS_CONTENT from 544-watch individual black-background review,unchanged-protected,False,0.84375,0.906901,0.5,0.500326,1024x1536,RGBA,caseW-high,acceptable variation,78f53d9d7e4fe910fe0ffcd2607ccbc95b0449c4e09528c5af03e4ca17ea04e3
CR799.10.351.10,0.753906,0.906901,0.5,0.499674,1024x1536,RGBA,,,True,True,approved,False,PASS_CONTENT from 544-watch individual black-background review; pending v2 candidate recheck,unchanged-protected,False,0.753906,0.906901,0.5,0.499674,1024x1536,RGBA,,approved,12d47cdeec52a1d8c5fe6a7d08545e61b59776b3009babb463ec2daf2d994717
CR799.10.241.10,0.75293,0.907552,0.499512,0.5,1024x1536,RGBA,,,True,True,approved,False,PASS_CONTENT from 544-watch individual black-background review; pending v2 candidate recheck,unchanged-protected,False,0.75293,0.907552,0.499512,0.5,1024x1536,RGBA,,approved,3a4701a29ec107caf5e097a16f3b8a0de37cab48dc5041255eefb8b6bb11fe58
W243,0.822857,0.993,0.500714,0.4965,700x1000,RGBA,,canvas|bboxH-high,False,False,true failure,True,"canvas,bboxH-high; PASS_CONTENT from legacy catalog black-background review; human full-resolution review: strong perspective with looped strap and visible underside",rerendered-and-approved,False,0.780273,0.911458,0.499512,0.500000,1024x1536,RGBA,,PASS,7094591315498cbbd2a8e12a7edab90f8a76f2d54a2ec1432e624b3a5e47226b
WWNL3.782.3.06.7,0.769531,0.907552,0.5,0.5,1024x1536,RGBA,,,True,True,approved,False,PASS_CONTENT from 544-watch individual black-background review; pending v2 candidate recheck,unchanged-protected,False,0.769531,0.907552,0.5,0.5,1024x1536,RGBA,,approved,f9c9dba86c133dfad8eec92859fc505c030370ce32b51b1f64acb7b20ab3130e
WW941,0.952813,0.96286,0.483666,0.488858,551x1077,RGBA,,canvas|caseW-high|bboxH-high,False,True,acceptable variation,False,"canvas,caseW-high,bboxH-high; PASS_CONTENT from legacy catalog black-background review",unchanged-protected,False,0.952813,0.96286,0.483666,0.488858,551x1077,RGBA,canvas|caseW-high|bboxH-high,acceptable variation,86f2609cbbd9c3741b2d24e97820eee105d09fbf4a1c8fa240747e077a39feb5
W2281,0.891419,0.94,0.5,0.5,571x1000,RGBA,,canvas|caseW-high,False,False,true failure,True,"canvas,caseW-high; PASS_CONTENT from legacy catalog black-background review; human full-resolution review: strong perspective with looped bracelet",rerendered-and-approved,False,0.781250,0.908854,0.500000,0.500000,1024x1536,RGBA,,PASS,2f2738751691d55cc622791cb988035205c10240ccd96427a0aa3b0c8748111f
W248,0.97373,0.954,0.495622,0.499,571x1000,RGBA,,canvas|caseW-high|bboxH-high,False,False,true failure,True,"canvas,caseW-high,bboxH-high; PASS_CONTENT from legacy catalog black-background review; human full-resolution review: strong perspective with looped strap and visible underside",rerendered-and-approved,False,0.780273,0.911458,0.499512,0.500000,1024x1536,RGBA,,PASS,ba27bc3dc7d0a29df5b9a73a7b1d6440ca61503ef5791f483298708e0fa85b5d
WWN2280-PC5-80001,0.649414,0.907552,0.499512,0.5,1024x1536,RGBA,,caseW-low,False,True,acceptable variation,False,caseW-low; PASS_CONTENT from 544-watch individual black-background review,unchanged-protected,False,0.649414,0.907552,0.499512,0.5,1024x1536,RGBA,caseW-low,acceptable variation,d98e0c205866671c5fb588339a91e734cf20cd183929080edc56685168d0d432
CRT120.607.11.041.00,0.875,0.86263,0.5,0.500326,1024x1536,RGBA,,caseW-high,False,True,acceptable variation,False,caseW-high; PASS_CONTENT from 544-watch individual black-background review,unchanged-protected,False,0.875,0.86263,0.5,0.500326,1024x1536,RGBA,caseW-high,acceptable variation,a21615169979cf4ac3bf4fed07d90255d6ce923b624cec08c8715307346d1b02
WWNL2.821.4.96.4,0.740234,0.90625,0.499023,0.5,1024x1536,RGBA,,,True,True,approved,False,PASS_CONTENT from 544-watch individual black-background review; pending v2 candidate recheck,unchanged-protected,False,0.740234,0.90625,0.499023,0.5,1024x1536,RGBA,,approved,ad47ca9b7be73c0da8af04b5389c7472a89c6a5a965dbd32917c0b11bf0df965
WWNL2.820.4.96.6,0.758789,0.907552,0.499512,0.5,1024x1536,RGBA,,,True,True,approved,False,PASS_CONTENT from 544-watch individual black-background review; pending v2 candidate recheck,unchanged-protected,False,0.758789,0.907552,0.499512,0.5,1024x1536,RGBA,,approved,4496238db9324049068a01535f8b1221f5a591cc93ac7c2a414cf88ea4de1d0a
WWNM026.629.37.291.00,0.794922,0.908203,0.5,0.500326,1024x1536,RGBA,,,True,True,approved,False,PASS_CONTENT from 544-watch individual black-background review; pending v2 candidate recheck,unchanged-protected,False,0.794922,0.908203,0.5,0.500326,1024x1536,RGBA,,approved,d77af69da0c699409c409e322ba7ada34318cbf37fc2ac4f73739d50354de5ea
CRAV0106-01L,0.789062,0.906901,0.499023,0.499674,1024x1536,RGBA,,,True,True,acceptable variation,False,FAIL_CONTENT: strap perforations are visible in the catalog crop; human full-resolution review accepted current image; metric warnings only,unchanged-protected,False,0.789062,0.906901,0.499023,0.499674,1024x1536,RGBA,,acceptable variation,9f721dfa6a3cd7543446fc1ef9b5a232cfc2e861c41c6ba28351f724a60fe981
WWNH82565930,0.788086,0.907552,0.499512,0.500651,1024x1536,RGBA,,,True,False,true failure,True,FAIL_CONTENT: exposed NATO keeper hardware does not match the approved presentation; human full-resolution review: full NATO strap hardware visible,rerendered-and-approved,False,0.779297,0.911458,0.500000,0.500000,1024x1536,RGBA,,PASS,c2145a1cc38278b50c7403d86986757a505eea1928f47a6674fb9cc580ccfa33
WWNR30021152,0.724609,0.907552,0.5,0.5,1024x1536,RGBA,,caseW-low,False,True,acceptable variation,False,caseW-low; PASS_CONTENT from 544-watch individual black-background review,unchanged-protected,False,0.724609,0.907552,0.5,0.5,1024x1536,RGBA,caseW-low,acceptable variation,a694808f2831045d211016f4d0d3e7bb01ff5b2ebcdcaf6059294a3e243d656c
W1270,0.943205,1.0,0.522312,0.5,493x900,RGBA,,canvas|caseW-high|bboxH-high,False,False,true failure,True,"canvas,caseW-high,bboxH-high; PASS_CONTENT from legacy catalog black-background review; human full-resolution review: strong perspective with looped bracelet and possible cutout damage",rerendered-and-approved,False,0.780273,0.911458,0.499512,0.500000,1024x1536,RGBA,,PASS,a8783864ae65185d9f04f9b01c2934363a44dfa4365e84491a59de173f61a6a7
W1681,0.665039,0.912109,0.523926,0.489258,1024x1536,RGBA,,caseW-low,False,True,acceptable variation,False,caseW-low; PASS_CONTENT from legacy catalog black-background review,unchanged-protected,False,0.665039,0.912109,0.523926,0.489258,1024x1536,RGBA,caseW-low,acceptable variation,61f2ed13f7162426ab0ca47bc965a371e43da2d32670ab86718e1880749486d6
CR799.10.201.32,0.84668,0.90625,0.500488,0.5,1024x1536,RGBA,,caseW-high,False,True,acceptable variation,False,caseW-high; PASS_CONTENT from 544-watch individual black-background review,unchanged-protected,False,0.84668,0.90625,0.500488,0.5,1024x1536,RGBA,caseW-high,acceptable variation,3099e0354c229114e7987af4d87a63e31096081d855a10634335e879187c1186
CR98A325,0.836914,0.907552,0.499512,0.499349,1024x1536,RGBA,,caseW-high,False,True,acceptable variation,False,caseW-high; PASS_CONTENT from 544-watch individual black-background review,unchanged-protected,False,0.836914,0.907552,0.499512,0.499349,1024x1536,RGBA,caseW-high,acceptable variation,c60b8989ff989b1b3ad3abcd064ce48bfa9c581072f254517f307419b0700552
WWNR12413314,0.648438,0.907552,0.5,0.5,1024x1536,RGBA,,caseW-low,False,True,acceptable variation,False,caseW-low; PASS_CONTENT from 544-watch individual black-background review,unchanged-protected,False,0.648438,0.907552,0.5,0.5,1024x1536,RGBA,caseW-low,acceptable variation,b84dcebccd67e3d72d139f9ebb4134d5d4250378937100b0ec3446e3b469eefd
WWNL8.115.4.87.6,0.662109,0.906901,0.5,0.500326,1024x1536,RGBA,,caseW-low,False,True,acceptable variation,False,caseW-low; PASS_CONTENT from 544-watch individual black-background review,unchanged-protected,False,0.662109,0.906901,0.5,0.500326,1024x1536,RGBA,caseW-low,acceptable variation,cad8f38f69eadc4ddad9c8d28eec474d08dde431adc967766bcb5383c242fb2e
WWNL5.755.4.87.6,0.524414,0.907552,0.499512,0.5,1024x1536,RGBA,,caseW-low,False,True,acceptable variation,False,caseW-low; PASS_CONTENT from 544-watch individual black-background review,unchanged-protected,False,0.524414,0.907552,0.499512,0.5,1024x1536,RGBA,caseW-low,acceptable variation,02ebe608ceeb84d74b355202ec2b180adce1f991795ae132df4f3b0b518d99bd
WWNL3.370.3.87.6,0.658203,0.906901,0.5,0.500326,1024x1536,RGBA,,caseW-low,False,True,acceptable variation,False,caseW-low; PASS_CONTENT from 544-watch individual black-background review,unchanged-protected,False,0.658203,0.906901,0.5,0.500326,1024x1536,RGBA,caseW-low,acceptable variation,ed7e23f093bd2e0a24d552f9f5f980f795da1ac019ea129310099ead788194cd
WWNL5.255.4.75.2,0.463867,0.907552,0.499023,0.5,1024x1536,RGBA,,caseW-low,False,True,acceptable variation,False,caseW-low; PASS_CONTENT from 544-watch individual black-background review,unchanged-protected,False,0.463867,0.907552,0.499023,0.5,1024x1536,RGBA,caseW-low,acceptable variation,4df42ad4374e73b01c7fdbc2db557281ba62c62b04df8d0249cbba0e4c3edd29
WWNMWW06G000045,0.592773,0.907552,0.499512,0.5,1024x1536,RGBA,,caseW-low,False,True,acceptable variation,False,caseW-low; PASS_CONTENT from 544-watch individual black-background review,unchanged-protected,False,0.592773,0.907552,0.499512,0.5,1024x1536,RGBA,caseW-low,acceptable variation,274b62d83995fb33c76288c4b67c97ddfd246fd64f244ae2cf95894a310bb9ef
WWNR48903153,0.664062,0.907552,0.5,0.5,1024x1536,RGBA,,caseW-low,False,True,acceptable variation,False,caseW-low; PASS_CONTENT from 544-watch individual black-background review,unchanged-protected,False,0.664062,0.907552,0.5,0.5,1024x1536,RGBA,caseW-low,acceptable variation,d01fd346bcc13db832a617686e4e06be683d28f2ffbf59f752e5bd7bd60ca259
WWNR12160253,0.670898,0.907552,0.499512,0.5,1024x1536,RGBA,,caseW-low,False,True,acceptable variation,False,caseW-low; PASS_CONTENT from 544-watch individual black-background review,unchanged-protected,False,0.670898,0.907552,0.499512,0.5,1024x1536,RGBA,caseW-low,acceptable variation,ac36dbcdc689b5ee5391f1b20725638eb3b2da6d0a1d029d888933f6f615d691
WW701,0.982318,0.987964,0.499018,0.502006,509x997,RGBA,,canvas|caseW-high|bboxH-high,False,False,true failure,True,"canvas,caseW-high,bboxH-high; PASS_CONTENT from legacy catalog black-background review; human full-resolution review: watch is over-cropped at image bounds",rerendered-and-approved,False,0.779297,0.911458,0.500000,0.500000,1024x1536,RGBA,,PASS,32b8d3a7cabd95dbcb4aadb5631111d5cfd87e8675f22bfc81b30bb5a04b9bf0
WW519,0.981324,1.0,0.499151,0.5,589x1000,RGBA,,canvas|caseW-high|bboxH-high,False,False,true failure,True,"canvas,caseW-high,bboxH-high; PASS_CONTENT from legacy catalog black-background review; human full-resolution review: watch is over-cropped at image bounds",rerendered-and-approved,False,0.780273,0.888021,0.499512,0.500000,1024x1536,RGBA,,PASS,2318a6dcdc08ab3ca1b513457e09af893f4429631b50d7422d196713c7036e1b
WW758,0.898424,0.935897,0.5,0.5,571x936,RGBA,,canvas|caseW-high,False,True,acceptable variation,False,"canvas,caseW-high; PASS_CONTENT from legacy catalog black-background review",unchanged-protected,False,0.898424,0.935897,0.5,0.5,571x936,RGBA,canvas|caseW-high,acceptable variation,473e6eadf2807f8ba991996f082c8f1e20ff613371239475f3372adc4ffa5f9c
WW335,0.987762,1.0,0.499126,0.5,572x1000,RGBA,,canvas|caseW-high|bboxH-high,False,False,true failure,True,"canvas,caseW-high,bboxH-high; PASS_CONTENT from legacy catalog black-background review; human full-resolution review: watch is over-cropped at image bounds",rerendered-and-approved,False,0.780273,0.911458,0.500488,0.500000,1024x1536,RGBA,,PASS,43953c6ec7f6774f64509700b5f7803f763a89cafdb1cdddd06e660f5d599c8f
W1379,0.980822,1.0,0.50137,0.5,365x900,RGBA,,canvas|caseW-high|bboxH-high,False,False,true failure,True,"canvas,caseW-high,bboxH-high; PASS_CONTENT from legacy catalog black-background review; human full-resolution review: strong perspective with looped bracelet",rerendered-and-approved,False,0.779297,0.911458,0.500000,0.500000,1024x1536,RGBA,,PASS,98e64c4d60840d0eb7aa4b0351dd78b7e6bf6d11b4e580c905375aa6ed73fe0d
W1508,0.731445,0.907552,0.538574,0.48763,1024x1536,RGBA,,case-centre-x,False,True,acceptable variation,False,case-centre-x; PASS_CONTENT from legacy catalog black-background review,unchanged-protected,False,0.731445,0.907552,0.538574,0.48763,1024x1536,RGBA,case-centre-x,acceptable variation,199525f1377108bb184e36fb8345d95e8d0e34b648906aa985865579de65e672
W1474,0.837891,0.96875,0.509766,0.496745,1024x1536,RGBA,,caseW-high|bboxH-high,False,True,acceptable variation,False,"caseW-high,bboxH-high; PASS_CONTENT from legacy catalog black-background review",unchanged-protected,False,0.837891,0.96875,0.509766,0.496745,1024x1536,RGBA,caseW-high|bboxH-high,acceptable variation,56faf79f9d5576cb3f6773179958fb9c08b04bdca8d85469ad1266b73108bd0b
WWNMWW06A000778,0.628906,0.906901,0.499512,0.500326,1024x1536,RGBA,,caseW-low,False,True,acceptable variation,False,caseW-low; PASS_CONTENT from 544-watch individual black-background review,unchanged-protected,False,0.628906,0.906901,0.499512,0.500326,1024x1536,RGBA,caseW-low,acceptable variation,1bc7195a41aa25b95d6a355a13955c8af4208d551ec4be0718df52b8dfd88d3a
W1547,0.9575,0.963333,0.48375,0.489444,400x900,RGBA,,canvas|caseW-high|bboxH-high,False,True,acceptable variation,False,"canvas,caseW-high,bboxH-high; PASS_CONTENT from legacy catalog black-background review",unchanged-protected,False,0.9575,0.963333,0.48375,0.489444,400x900,RGBA,canvas|caseW-high|bboxH-high,acceptable variation,dffa77d1fa8705d1ce115f47cff25d25935748391c7a0f456c26866c39c1fc9c
W1279,0.684615,0.992222,0.35,0.501667,390x900,RGBA,,canvas|caseW-low|bboxH-high|case-centre-x,False,False,true failure,True,"canvas,caseW-low,bboxH-high,case-centre-x; PASS_CONTENT from legacy catalog black-background review; human full-resolution review: bracelet and cutout appear visibly malformed",rerendered-and-approved,False,0.778320,0.911458,0.499512,0.500000,1024x1536,RGBA,,PASS,404f86f760f7eb92158c6f90e513374e730b5e2323a49a8bc22a6d0fc309f489
W2161,0.610352,0.940104,0.513184,0.495443,1024x1536,RGBA,,caseW-low,False,True,acceptable variation,False,caseW-low; PASS_CONTENT from legacy catalog black-background review,unchanged-protected,False,0.610352,0.940104,0.513184,0.495443,1024x1536,RGBA,caseW-low,acceptable variation,d0d95fb9769fc8705c3417853530c0b8e77fc2ad01ba1bd5a2935b18b9570754
W2162,0.651367,0.947266,0.507324,0.49056,1024x1536,RGBA,,caseW-low,False,True,acceptable variation,False,caseW-low; PASS_CONTENT from legacy catalog black-background review,unchanged-protected,False,0.651367,0.947266,0.507324,0.49056,1024x1536,RGBA,caseW-low,acceptable variation,cd2bc5b46929a208b5300660444df5f382febde19502cd3f820b57b24ed911ba
W249,0.951673,0.975,0.503717,0.5,807x1280,RGBA,,canvas|caseW-high|bboxH-high,False,False,true failure,True,"canvas,caseW-high,bboxH-high; PASS_CONTENT from legacy catalog black-background review; human full-resolution review: strong perspective with looped strap and visible underside",rerendered-and-approved,False,0.781250,0.889974,0.500000,0.500326,1024x1536,RGBA,,PASS,a001cf9f2ca512934d7f6e8a70ff4775a6e1b50ec56c3acd4b76410e4c1d20f7
W236,0.802448,0.996,0.48951,0.502,572x1000,RGBA,,canvas|bboxH-high,False,False,true failure,True,"canvas,bboxH-high; PASS_CONTENT from legacy catalog black-background review; human full-resolution review: strong perspective with looped bracelet",rerendered-and-approved,False,0.780273,0.911458,0.500000,0.500000,1024x1536,RGBA,,PASS,d2216f7092028a33bbd9682c5effbc58622d668b084c9844c9987090d3773ed3
CRNB6044-54L,0.837891,0.906901,0.499512,0.499674,1024x1536,RGBA,,caseW-high,False,True,acceptable variation,False,caseW-high; PASS_CONTENT from 544-watch individual black-background review,unchanged-protected,False,0.837891,0.906901,0.499512,0.499674,1024x1536,RGBA,caseW-high,acceptable variation,796cdffb33da9f3f9f09d18356ea954f27d18207e270b0521cc7a548c43db425
CRSFK001J1,0.797852,0.907552,0.500488,0.5,1024x1536,RGBA,,,True,True,approved,False,PASS_CONTENT from 544-watch individual black-background review; pending v2 candidate recheck,unchanged-protected,False,0.797852,0.907552,0.500488,0.5,1024x1536,RGBA,,approved,965d6ca80310fc195b6b071fb73442add82795103a3790b78f2a6f07c6a4c73e
CRH64615135,0.731445,0.907552,0.499512,0.5,1024x1536,RGBA,,,True,True,approved,False,PASS_CONTENT from 544-watch individual black-background review; pending v2 candidate recheck,unchanged-protected,False,0.731445,0.907552,0.499512,0.5,1024x1536,RGBA,,approved,a3565f73fca806b92e01c46d0832e77ee50c5074775908cc94ecce691aaf206b
CRH70605732,0.87207,0.90625,0.499512,0.5,1024x1536,RGBA,,caseW-high,False,False,true failure,True,caseW-high; PASS_CONTENT from 544-watch individual black-background review; human full-resolution review: head-only or incomplete strap presentation,rerendered-and-approved,False,0.780273,0.856771,0.500488,0.500000,1024x1536,RGBA,,PASS,0809c3fc1ddf42ae2bcf157c4ff99e7e38bd4ed467e2764830a72fd0b39dbb41
CRNB6025-59H,0.771484,0.906901,0.5,0.500326,1024x1536,RGBA,,,True,True,approved,False,PASS_CONTENT from 544-watch individual black-background review; pending v2 candidate recheck,unchanged-protected,False,0.771484,0.906901,0.5,0.500326,1024x1536,RGBA,,approved,8ef799cfaf2733c6ede4553ab65175f1b5e8214fe24fae9da967d97cdcae41c5
CRINV47900,0.866211,0.907552,0.499512,0.5,1024x1536,RGBA,,caseW-high,False,True,acceptable variation,False,caseW-high; PASS_CONTENT from 544-watch individual black-background review,unchanged-protected,False,0.866211,0.907552,0.499512,0.5,1024x1536,RGBA,caseW-high,acceptable variation,1444b4a7f8f826403636954f70a92284957371d51bc5c00a20c10df839391d8b
CRH70545140,0.734375,0.906901,0.499023,0.500326,1024x1536,RGBA,,,True,True,approved,False,PASS_CONTENT from 544-watch individual black-background review; pending v2 candidate recheck,unchanged-protected,False,0.734375,0.906901,0.499023,0.500326,1024x1536,RGBA,,approved,a1b05da428aee9e22d85dc3da107c43863e432a6aea8a7e391f42b454e6f5164
CRXS.3862,0.804688,0.906901,0.499023,0.499674,1024x1536,RGBA,,,True,True,approved,False,PASS_CONTENT from 544-watch individual black-background review; pending v2 candidate recheck,unchanged-protected,False,0.804688,0.906901,0.499023,0.499674,1024x1536,RGBA,,approved,5e24d7a675399a4dc35d4c34be68c782d6f66cd4d8cfcd0869aa2646a23fbf14
CRXS.3875,0.84082,0.907552,0.499512,0.5,1024x1536,RGBA,,caseW-high,False,True,acceptable variation,False,caseW-high; PASS_CONTENT from 544-watch individual black-background review,unchanged-protected,False,0.84082,0.907552,0.499512,0.5,1024x1536,RGBA,caseW-high,acceptable variation,df95e09e819014f7bc14b0d9c88cf94021cbd4fbe305940802ac34064d7da495
CRXS.3863,0.844727,0.907552,0.499512,0.5,1024x1536,RGBA,,caseW-high,False,True,acceptable variation,False,caseW-high; PASS_CONTENT from 544-watch individual black-background review,unchanged-protected,False,0.844727,0.907552,0.499512,0.5,1024x1536,RGBA,caseW-high,acceptable variation,3a9ca493a522a32c823686fc19504b9a29727492a9d324687b1f843870bf8aaa
WWNMWW06T000141,0.615234,0.907552,0.5,0.5,1024x1536,RGBA,,caseW-low,False,True,acceptable variation,False,caseW-low; PASS_CONTENT from 544-watch individual black-background review,unchanged-protected,False,0.615234,0.907552,0.5,0.5,1024x1536,RGBA,caseW-low,acceptable variation,3c6a096b0dd80a9bb367f26341bc42bf804f436231a8d67c868ccef62a227246
W2212,0.503906,0.9375,0.511719,0.501953,1024x1536,RGBA,,caseW-low,False,True,acceptable variation,False,caseW-low; PASS_CONTENT from legacy catalog black-background review,unchanged-protected,False,0.503906,0.9375,0.511719,0.501953,1024x1536,RGBA,caseW-low,acceptable variation,5984b1a0e8aa8b680ba6e4c4bd9576184ccc0154f23ec76f2ff6ed4b138e00ad
W1281,0.985201,1.0,0.498943,0.5,473x900,RGBA,,canvas|caseW-high|bboxH-high,False,False,true failure,True,"canvas,caseW-high,bboxH-high; PASS_CONTENT from legacy catalog black-background review; human full-resolution review: strong perspective with looped strap",rerendered-and-approved,False,0.781250,0.911458,0.500000,0.500000,1024x1536,RGBA,,PASS,2235231073f4057198211dae7de0895573bb481f1af4947f2513b1873e4e804e
W1475,0.80957,0.922526,0.532715,0.489909,1024x1536,RGBA,,case-centre-x,False,True,acceptable variation,False,case-centre-x; PASS_CONTENT from legacy catalog black-background review,unchanged-protected,False,0.80957,0.922526,0.532715,0.489909,1024x1536,RGBA,case-centre-x,acceptable variation,26694dc432deedce836b16d655c52a5c81520b138f74024d15371341ad848645
CRH82515130,0.719727,0.90625,0.499512,0.5,1024x1536,RGBA,,caseW-low,False,True,acceptable variation,False,caseW-low; PASS_CONTENT from 544-watch individual black-background review,unchanged-protected,False,0.719727,0.90625,0.499512,0.5,1024x1536,RGBA,caseW-low,acceptable variation,26f1a8fe74b6ae083a0ca66cd739036c125c7fa0f98b7b946ad26ec0944319df
WWNR48903103,0.750977,0.906901,0.500488,0.500326,1024x1536,RGBA,,,True,True,approved,False,PASS_CONTENT from 544-watch individual black-background review; pending v2 candidate recheck,unchanged-protected,False,0.750977,0.906901,0.500488,0.500326,1024x1536,RGBA,,approved,be291c47b70c781ea03c75be9b7dedfe8e7b6518f57e30c23612bec38e51691f
WWNMWW33B000008,0.651367,0.908203,0.499512,0.499674,1024x1536,RGBA,,caseW-low,False,True,acceptable variation,False,caseW-low; PASS_CONTENT from 544-watch individual black-background review,unchanged-protected,False,0.651367,0.908203,0.499512,0.499674,1024x1536,RGBA,caseW-low,acceptable variation,f6e8dbdb140eadf6445d899cdf340488961478c7d66f6c0e81422cdd468e4fcd
WWNT139.462.11.038.00,0.780273,0.907552,0.499512,0.5,1024x1536,RGBA,,,True,True,approved,False,PASS_CONTENT from 544-watch individual black-background review; pending v2 candidate recheck,unchanged-protected,False,0.780273,0.907552,0.499512,0.5,1024x1536,RGBA,,approved,2b41506d3709108397d756008679142351950fb71c4dadfeb61688c25d76c3df
W245,0.963016,0.971875,0.497155,0.500781,703x1280,RGBA,,canvas|caseW-high|bboxH-high,False,False,true failure,True,"canvas,caseW-high,bboxH-high; PASS_CONTENT from legacy catalog black-background review; human full-resolution review: strong perspective with looped bracelet",rerendered-and-approved,False,0.780273,0.876302,0.499512,0.500000,1024x1536,RGBA,,PASS,cc3ecb94c9bda75e6614cd0b0e0c4be702ae2bd5fa54ac39b5f68b6e59a104c5
W1530,0.673828,0.911458,0.525391,0.484375,1024x1536,RGBA,,caseW-low,False,True,acceptable variation,False,caseW-low; PASS_CONTENT from legacy catalog black-background review,unchanged-protected,False,0.673828,0.911458,0.525391,0.484375,1024x1536,RGBA,caseW-low,acceptable variation,6e990733fe398bd3cbf356ddf8c0efd1471990b1e2147a9eb88e777fe8834e3c
WWN2925-PC5-45001,0.771484,0.90625,0.5,0.499349,1024x1536,RGBA,,,True,True,approved,False,PASS_CONTENT from 544-watch individual black-background review; pending v2 candidate recheck,unchanged-protected,False,0.771484,0.90625,0.5,0.499349,1024x1536,RGBA,,approved,474eac804733be06ee420d57b60ad24c0bcbe7f22cfc0fa9b077d35afe19cf70
WWN01 733 7770 4157-07 8 18 05P,0.798828,0.906901,0.499023,0.500326,1024x1536,RGBA,,,True,True,approved,False,PASS_CONTENT from 544-watch individual black-background review; pending v2 candidate recheck,unchanged-protected,False,0.798828,0.906901,0.499023,0.500326,1024x1536,RGBA,,approved,538fc2fae5272bf92cfd8fbf7bdb61e5eb600caadba6b2f7bd3c4f10f54e2ab7
WWNM049.307.33.296.00,0.695312,0.909505,0.5,0.500977,1024x1536,RGBA,,caseW-low,False,True,acceptable variation,False,caseW-low; PASS_CONTENT from 544-watch individual black-background review,unchanged-protected,False,0.695312,0.909505,0.5,0.500977,1024x1536,RGBA,caseW-low,acceptable variation,995d8ec22899d2e4ba9b7f40e5d9dce75e41a3b3039471a7540190ae28adea05
WWNL4.330.4.11.2,0.731445,0.906901,0.499512,0.500326,1024x1536,RGBA,,,True,True,approved,False,PASS_CONTENT from 544-watch individual black-background review; pending v2 candidate recheck,unchanged-protected,False,0.731445,0.906901,0.499512,0.500326,1024x1536,RGBA,,approved,bd484dac3bfa6540f871367889d52505c28f6afcc3b19cb100533986d7f14e73
WWNL6.141.4.71.6,0.53418,0.907552,0.500488,0.5,1024x1536,RGBA,,caseW-low,False,True,acceptable variation,False,caseW-low; PASS_CONTENT from 544-watch individual black-background review,unchanged-protected,False,0.53418,0.907552,0.500488,0.5,1024x1536,RGBA,caseW-low,acceptable variation,caae4c482e103b884d4d5ea043ebe62e1d215c39ee69ba035e888a2e34dcbed0
W1632,0.740234,0.923828,0.514648,0.49707,1024x1536,RGBA,,,True,True,approved,False,PASS_CONTENT from legacy catalog black-background review; pending v2 candidate recheck,unchanged-protected,False,0.740234,0.923828,0.514648,0.49707,1024x1536,RGBA,,approved,29cd26d00903807113d28078db1f2f1937aa8af40dd9c419315014d71d4520e1
W1619,0.762695,0.994792,0.486328,0.499349,1024x1536,RGBA,,bboxH-high,False,True,acceptable variation,False,bboxH-high; PASS_CONTENT from legacy catalog black-background review,unchanged-protected,False,0.762695,0.994792,0.486328,0.499349,1024x1536,RGBA,bboxH-high,acceptable variation,f374ce76382786bb59a1e8560fc55f65cdc81981a8e8bbbed88325c02e0f94d7
W1709,0.708984,0.961589,0.507812,0.499674,1024x1536,RGBA,,caseW-low|bboxH-high,False,True,acceptable variation,False,"caseW-low,bboxH-high; PASS_CONTENT from legacy catalog black-background review",unchanged-protected,False,0.708984,0.961589,0.507812,0.499674,1024x1536,RGBA,caseW-low|bboxH-high,acceptable variation,65f11976a9d931960ee5b6821e21d089e0ae39dae364399981732a3f72fbb321
W1527,0.988166,0.984444,0.5,0.501111,507x900,RGBA,,canvas|caseW-high|bboxH-high,False,False,true failure,True,"canvas,caseW-high,bboxH-high; PASS_CONTENT from legacy catalog black-background review; human full-resolution review: strong perspective with looped strap and visible underside",rerendered-and-approved,False,0.779297,0.911458,0.500000,0.500000,1024x1536,RGBA,,PASS,521614cf95582a0eb5537124711cd519ef674db092a6f441e6c17a7a0b4e0524
WWN10767,0.77832,0.907552,0.499512,0.5,1024x1536,RGBA,,,True,True,approved,False,PASS_CONTENT from 544-watch individual black-background review; pending v2 candidate recheck,unchanged-protected,False,0.77832,0.907552,0.499512,0.5,1024x1536,RGBA,,approved,1c17b19f25f8e82d7a904ecd474a647ffb35f2fd6c102404be644a6b3e186207
WWNL4.512.4.81.2,0.635742,0.907552,0.499512,0.5,1024x1536,RGBA,,caseW-low,False,True,acceptable variation,False,caseW-low; PASS_CONTENT from 544-watch individual black-background review,unchanged-protected,False,0.635742,0.907552,0.499512,0.5,1024x1536,RGBA,caseW-low,acceptable variation,6b26df4dffa51d188e2e622b8f11f2f2e590155a125ecd129db6da0f7301c41e
WWN10766,0.755859,0.907552,0.5,0.5,1024x1536,RGBA,,,True,True,approved,False,PASS_CONTENT from 544-watch individual black-background review; pending v2 candidate recheck,unchanged-protected,False,0.755859,0.907552,0.5,0.5,1024x1536,RGBA,,approved,445b06c6ce6fd965c11a580fff242f57730a124687fd9ccf22dfd29bc74082d6
WWNL4.812.4.11.2,0.741211,0.907552,0.499512,0.5,1024x1536,RGBA,,,True,True,approved,False,PASS_CONTENT from 544-watch individual black-background review; pending v2 candidate recheck,unchanged-protected,False,0.741211,0.907552,0.499512,0.5,1024x1536,RGBA,,approved,e9a6814e7ac042ac9a832f7fb61f52763f9567b2df455bed7b4db5f2b4f45d0e
WWNMWW06G000012,0.612305,0.906901,0.499512,0.500326,1024x1536,RGBA,,caseW-low,False,True,acceptable variation,False,caseW-low; PASS_CONTENT from 544-watch individual black-background review,unchanged-protected,False,0.612305,0.906901,0.499512,0.500326,1024x1536,RGBA,caseW-low,acceptable variation,9df04b62ab68d8f4496b1809f8f07c56a3b4200a2e5e5a4d22b9b8d071a16048
WWNM038.431.11.061.00,0.768555,0.90625,0.500488,0.5,1024x1536,RGBA,,,True,True,approved,False,PASS_CONTENT from 544-watch individual black-background review; pending v2 candidate recheck,unchanged-protected,False,0.768555,0.90625,0.500488,0.5,1024x1536,RGBA,,approved,c02da0c386dbbcfecf9889dbc7a471368b51b1b7ceea966a3097ffc4db2bd1bf
WWNL3.370.4.87.6,0.716797,0.906901,0.5,0.499674,1024x1536,RGBA,,caseW-low,False,True,acceptable variation,False,caseW-low; PASS_CONTENT from 544-watch individual black-background review,unchanged-protected,False,0.716797,0.906901,0.5,0.499674,1024x1536,RGBA,caseW-low,acceptable variation,7b29bb4c54b18acd104d101000da8d633113cfc9456d841731dd99964361f8ad
WWNL2.387.0.87.6,0.663086,0.909505,0.499512,0.500977,1024x1536,RGBA,,caseW-low,False,True,acceptable variation,False,caseW-low; PASS_CONTENT from 544-watch individual black-background review,unchanged-protected,False,0.663086,0.909505,0.499512,0.500977,1024x1536,RGBA,caseW-low,acceptable variation,d255896e721c33fad0a2fff515f7c3712a9d2a719e645174b9b70f0988bbd71c
W1313,0.97644,0.977778,0.498691,0.488889,382x900,RGBA,,canvas|caseW-high|bboxH-high,False,False,true failure,True,"canvas,caseW-high,bboxH-high; PASS_CONTENT from legacy catalog black-background review; human full-resolution review: head-only or incomplete bracelet presentation",rerendered-and-approved,False,0.781250,0.911458,0.500000,0.500000,1024x1536,RGBA,,PASS,94748df2a1f46451d277483104ae1ea65f796e345206f1978ad1a2153786a1ec
W1683,0.661133,0.854818,0.520996,0.484049,1024x1536,RGBA,,caseW-low,False,True,acceptable variation,False,caseW-low; PASS_CONTENT from legacy catalog black-background review,unchanged-protected,False,0.661133,0.854818,0.520996,0.484049,1024x1536,RGBA,caseW-low,acceptable variation,558fbd45bdd96d32542605c2985f2eaca0c0caf108d19eebc50b026cded8f26b
WWNH76719530,0.780273,0.90625,0.500488,0.5,1024x1536,RGBA,,,True,True,approved,False,PASS_CONTENT from 544-watch individual black-background review; pending v2 candidate recheck,unchanged-protected,False,0.780273,0.90625,0.500488,0.5,1024x1536,RGBA,,approved,46f8fd114a715f5ba7fe347e3a79a1cdc34816147be068633102070f3c4f6509
CRH70205140,0.672852,0.906901,0.499512,0.499674,1024x1536,RGBA,,caseW-low,False,True,acceptable variation,False,caseW-low; PASS_CONTENT from 544-watch individual black-background review,unchanged-protected,False,0.672852,0.906901,0.499512,0.499674,1024x1536,RGBA,caseW-low,acceptable variation,2c8a7a2956dd672a418f0a15a86f501030b3ac10b807cda38b8f7bbfb8a96a9d
WWNL5.255.4.71.5,0.485352,0.907552,0.499512,0.5,1024x1536,RGBA,,caseW-low,False,True,acceptable variation,False,caseW-low; PASS_CONTENT from 544-watch individual black-background review,unchanged-protected,False,0.485352,0.907552,0.499512,0.5,1024x1536,RGBA,caseW-low,acceptable variation,7c90168d306d77d3c74c2e4fb11a61e80cb3295297bf0c27f6beecce1e81e3bb
WWNM0266291104100,0.772461,0.908854,0.499512,0.500651,1024x1536,RGBA,,,True,True,approved,False,PASS_CONTENT from 544-watch individual black-background review; pending v2 candidate recheck,unchanged-protected,False,0.772461,0.908854,0.499512,0.500651,1024x1536,RGBA,,approved,0b8b1f33a971236b61a3be824ef09beda6f368abcc11fa9c445378f28c35a97c
WWNL3.841.4.56.6,0.810547,0.907552,0.5,0.5,1024x1536,RGBA,,,True,True,approved,False,PASS_CONTENT from 544-watch individual black-background review; pending v2 candidate recheck,unchanged-protected,False,0.810547,0.907552,0.5,0.5,1024x1536,RGBA,,approved,1d05d26a44e23878b32d516874fcafa9493b80cbb50c76b0abfeae9564a5815f
W2238,0.482422,0.927083,0.5,0.491536,1024x1536,RGBA,,caseW-low,False,True,acceptable variation,False,caseW-low; PASS_CONTENT from legacy catalog black-background review,unchanged-protected,False,0.482422,0.927083,0.5,0.491536,1024x1536,RGBA,caseW-low,acceptable variation,bd35d0305f436dde071312675553f6ac45d05426d20da38cf408bea5da72426d
W2283,0.972028,0.942,0.5,0.506,572x1000,RGBA,,canvas|caseW-high,False,False,true failure,True,"canvas,caseW-high; PASS_CONTENT from legacy catalog black-background review; human full-resolution review: strong perspective with looped bracelet",rerendered-and-approved,False,0.780273,0.860677,0.499512,0.500000,1024x1536,RGBA,,PASS,b279673b2d533a154085352982ed9e429cf933c20b0e8a94ec2c0459b3fd6bee
WWNYA1264153,0.729492,0.906901,0.499512,0.500326,1024x1536,RGBA,,caseW-low,False,True,acceptable variation,False,caseW-low; PASS_CONTENT from 544-watch individual black-background review,unchanged-protected,False,0.729492,0.906901,0.499512,0.500326,1024x1536,RGBA,caseW-low,acceptable variation,808408010159a5d5844c688f207b096fc567c92bbc2c969e19bc963c31ea0374
WWNR12160303,0.611328,0.906901,0.5,0.500326,1024x1536,RGBA,,caseW-low,False,True,acceptable variation,False,caseW-low; PASS_CONTENT from 544-watch individual black-background review,unchanged-protected,False,0.611328,0.906901,0.5,0.500326,1024x1536,RGBA,caseW-low,acceptable variation,30fcf0c47e1d6e431d039e466c0a90c4eaf89f4d98308597e57905625a0b690c
W2185,0.783203,0.951823,0.492188,0.492839,1024x1536,RGBA,,bboxH-high,False,True,acceptable variation,False,bboxH-high; PASS_CONTENT from legacy catalog black-background review,unchanged-protected,False,0.783203,0.951823,0.492188,0.492839,1024x1536,RGBA,bboxH-high,acceptable variation,53add7037abbe7f84e694f38b9f15277cae0d01fb74e24ee26ea63c4557fc573
W1427,0.975078,0.693333,0.5,0.346667,321x900,RGBA,,canvas|caseW-high|bboxH-low|case-centre-y,False,False,true failure,True,"canvas,caseW-high,bboxH-low,case-centre-y; FAIL_CONTENT: incomplete bracelet; lower bracelet is missing; human full-resolution review: head-only or incomplete bracelet presentation",rerendered-and-approved,False,0.780273,0.911458,0.499512,0.500000,1024x1536,RGBA,,PASS,afc52f8c16fe09b5efdaf2aef460398191dc745b3d84a637f8d64157b693997b
WWNL4.827.4.92.2,0.724609,0.907552,0.5,0.5,1024x1536,RGBA,,caseW-low,False,True,acceptable variation,False,caseW-low; PASS_CONTENT from 544-watch individual black-background review,unchanged-protected,False,0.724609,0.907552,0.5,0.5,1024x1536,RGBA,caseW-low,acceptable variation,7ae19f1e91fa6c802731d544e084fa96ff014da5fa1b8cf6a28b84f7cf477971
W1580,0.739258,0.932292,0.522949,0.497396,1024x1536,RGBA,,,True,True,approved,False,PASS_CONTENT from legacy catalog black-background review; pending v2 candidate recheck,unchanged-protected,False,0.739258,0.932292,0.522949,0.497396,1024x1536,RGBA,,approved,407dad368e474c044bbb612a4de64dc555c7899a0a6ac9179d19ed7f4523a0db
WL28,0.89317,1.0,0.505254,0.5,571x1000,RGBA,,canvas|caseW-high|bboxH-high,False,False,true failure,True,"canvas,caseW-high,bboxH-high; PASS_CONTENT from legacy catalog black-background review; human full-resolution review: strong perspective with looped bracelet",rerendered-and-approved,False,0.779297,0.911458,0.500000,0.500000,1024x1536,RGBA,,PASS,fb4214cd7bd727a16eb0eee533c631991e5ff1600b5ff04af2d8a2062a2a0402
CRSFJ007P1,0.800781,0.907552,0.499023,0.5,1024x1536,RGBA,,,True,True,approved,False,PASS_CONTENT from 544-watch individual black-background review; pending v2 candidate recheck,unchanged-protected,False,0.800781,0.907552,0.499023,0.5,1024x1536,RGBA,,approved,3fc5555629c8a0b9c66708f7a62d761595193b28148d44add05870b15d2d4391
WW517,0.984899,1.0,0.500839,0.5,596x1000,RGBA,,canvas|caseW-high|bboxH-high,False,True,acceptable variation,False,"canvas,caseW-high,bboxH-high; PASS_CONTENT from legacy catalog black-background review",unchanged-protected,False,0.984899,1.0,0.500839,0.5,596x1000,RGBA,canvas|caseW-high|bboxH-high,acceptable variation,933bd11afc629bfebda465a621daf4a14ac8b523980a924bf2895161333a4ede
WW828,0.980392,0.992,0.5,0.504,510x1000,RGBA,,canvas|caseW-high|bboxH-high,False,True,acceptable variation,False,"canvas,caseW-high,bboxH-high; PASS_CONTENT from legacy catalog black-background review",unchanged-protected,False,0.980392,0.992,0.5,0.504,510x1000,RGBA,canvas|caseW-high|bboxH-high,acceptable variation,8936ac2c9d16cd090a92e62cb43cb3dfeaf21c6bd4ad76d4fda5ae0c767c458d
CRH76255810,0.767578,0.907552,0.5,0.5,1024x1536,RGBA,,,True,True,approved,False,PASS_CONTENT from 544-watch individual black-background review; pending v2 candidate recheck,unchanged-protected,False,0.767578,0.907552,0.5,0.5,1024x1536,RGBA,,approved,c24082f0cae10a9a35b38fc7f0bb02b051c01b2e68610ef68114050d6e24ce3c
CRRE-AV0132L,0.791992,0.907552,0.499512,0.5,1024x1536,RGBA,,,True,True,approved,False,PASS_CONTENT from 544-watch individual black-background review; pending v2 candidate recheck,unchanged-protected,False,0.791992,0.907552,0.499512,0.5,1024x1536,RGBA,,approved,1685d9cfeeb0cca78cb4d9d491f14fb39c4ed7e5c438fbc82871afd6f1774aac
WWNL4.709.4.88.6,0.617188,0.906901,0.5,0.500326,1024x1536,RGBA,,caseW-low,False,True,acceptable variation,False,caseW-low; PASS_CONTENT from 544-watch individual black-background review,unchanged-protected,False,0.617188,0.906901,0.5,0.500326,1024x1536,RGBA,caseW-low,acceptable variation,e748e41df7f9f659c76823476aa0f80605b5a42bafa06e64f9f3d0d8b5d46f3b
WL88,0.411133,0.940755,0.507812,0.501628,1024x1536,RGBA,,caseW-low,False,True,acceptable variation,False,caseW-low; PASS_CONTENT from legacy catalog black-background review,unchanged-protected,False,0.411133,0.940755,0.507812,0.501628,1024x1536,RGBA,caseW-low,acceptable variation,30565169a7a9712a1ed6042459b64ba692bb09d425ca62c9748cdc668eab82d7
W2187,0.610352,0.953125,0.502441,0.497396,1024x1536,RGBA,,caseW-low|bboxH-high,False,True,acceptable variation,False,"caseW-low,bboxH-high; PASS_CONTENT from legacy catalog black-background review",unchanged-protected,False,0.610352,0.953125,0.502441,0.497396,1024x1536,RGBA,caseW-low|bboxH-high,acceptable variation,4d9decf4c440b77bcb3e81df1f5b839430f6d212b9975ddbcab9cc310d77c53b
WWNSBR8A80.BT6261,0.849609,0.906901,0.5,0.500326,1024x1536,RGBA,,caseW-high,False,True,acceptable variation,False,caseW-high; PASS_CONTENT from 544-watch individual black-background review,unchanged-protected,False,0.849609,0.906901,0.5,0.500326,1024x1536,RGBA,caseW-high,acceptable variation,f767d0d0920f92d778596f7138c5191ffb11d6c91e080ac2d897215b13de7a2b
WWN10382,0.780273,0.907552,0.499512,0.5,1024x1536,RGBA,,,True,True,approved,False,PASS_CONTENT from 544-watch individual black-background review; pending v2 candidate recheck,unchanged-protected,False,0.780273,0.907552,0.499512,0.5,1024x1536,RGBA,,approved,40e1b067f9f2a714131dd1e4cc3fed2cb0e6eae2d68a67563aab620478f13458
W1643,0.652344,0.938151,0.512695,0.489258,1024x1536,RGBA,,caseW-low,False,True,acceptable variation,False,caseW-low; PASS_CONTENT from legacy catalog black-background review,unchanged-protected,False,0.652344,0.938151,0.512695,0.489258,1024x1536,RGBA,caseW-low,acceptable variation,241c542e44884d5c71b61e30b68ddea597d56c0f994f56a0719ed4242dd6276f
CRH24411142,0.286133,0.906901,0.500488,0.499674,1024x1536,RGBA,,caseW-low,False,False,true failure,True,caseW-low; PASS_CONTENT from 544-watch individual black-background review; human full-resolution review: severely zoomed-out and side-facing presentation,rerendered-and-approved,False,0.781250,0.911458,0.500000,0.500000,1024x1536,RGBA,,PASS,59c05f0ae18771d3bbae41bfaca94b9dd31e528fd2743eb5f389dc333c2e8408
CRH32215170,0.724609,0.908854,0.499023,0.500651,1024x1536,RGBA,,caseW-low,False,True,acceptable variation,False,caseW-low; PASS_CONTENT from 544-watch individual black-background review,unchanged-protected,False,0.724609,0.908854,0.499023,0.500651,1024x1536,RGBA,caseW-low,acceptable variation,798c70bb4b2d0dfc19b7a101abea8f707a2bb345f0e9627152c57d0c32ce5b87
CRH82525160,0.740234,0.906901,0.5,0.499674,1024x1536,RGBA,,,True,True,approved,False,PASS_CONTENT from 544-watch individual black-background review; pending v2 candidate recheck,unchanged-protected,False,0.740234,0.906901,0.5,0.499674,1024x1536,RGBA,,approved,3e809fda01effd00efe07f4fc35c59b120b2b756824549ce6723ed569ac1916c
CRH82505150,0.737305,0.909505,0.499512,0.500977,1024x1536,RGBA,,,True,True,approved,False,PASS_CONTENT from 544-watch individual black-background review; pending v2 candidate recheck,unchanged-protected,False,0.737305,0.909505,0.499512,0.500977,1024x1536,RGBA,,approved,24699ac0929d2bcf145966e0bdea1a4f575edd628bea15b5ff20b03b47657067
CRH82505140,0.729492,0.906901,0.499512,0.499674,1024x1536,RGBA,,caseW-low,False,True,acceptable variation,False,caseW-low; PASS_CONTENT from 544-watch individual black-background review,unchanged-protected,False,0.729492,0.906901,0.499512,0.499674,1024x1536,RGBA,caseW-low,acceptable variation,fbf8a7667de24c425340776a1fdcb8538fe0717467838f7b95c9aad6589a95fe
W1555,0.738281,0.922526,0.525391,0.491862,1024x1536,RGBA,,,True,True,approved,False,PASS_CONTENT from legacy catalog black-background review; pending v2 candidate recheck,unchanged-protected,False,0.738281,0.922526,0.525391,0.491862,1024x1536,RGBA,,approved,cfb27f3c84d75e286f80fb061a5f9da3945fd0bdeac9f33cef113736d5e1c1f6
WWNM038.431.11.041.00,0.798828,0.907552,0.5,0.5,1024x1536,RGBA,,,True,True,approved,False,PASS_CONTENT from 544-watch individual black-background review; pending v2 candidate recheck,unchanged-protected,False,0.798828,0.907552,0.5,0.5,1024x1536,RGBA,,approved,9d22998ce6ee1322b1ed712140cd4107ce84da59b50a3a525550254dc66a752d
W1584,0.785156,0.891276,0.529297,0.474935,1024x1536,RGBA,,,True,True,approved,False,PASS_CONTENT from legacy catalog black-background review; pending v2 candidate recheck,unchanged-protected,False,0.785156,0.891276,0.529297,0.474935,1024x1536,RGBA,,approved,31c1611a371cae3254fd6856d1c6bdf160dc946e7fde27b7732ac1f93fc3dc7c
W1612,0.694336,0.969401,0.492676,0.498372,1024x1536,RGBA,,caseW-low|bboxH-high,False,True,acceptable variation,False,"caseW-low,bboxH-high; PASS_CONTENT from legacy catalog black-background review",unchanged-protected,False,0.694336,0.969401,0.492676,0.498372,1024x1536,RGBA,caseW-low|bboxH-high,acceptable variation,5eb458cc698221b3efeba193269b1a394ca58df599cd61230a6fd3681bde2686
W1685,0.796875,0.950521,0.514648,0.497396,1024x1536,RGBA,,bboxH-high,False,True,acceptable variation,False,bboxH-high; PASS_CONTENT from legacy catalog black-background review,unchanged-protected,False,0.796875,0.950521,0.514648,0.497396,1024x1536,RGBA,bboxH-high,acceptable variation,4e2aec9048b99ea255aeda292aeb4404a5c8e8f688b5fc64eac5fe621cd355bf
WWNM049.526.37.291.00,0.767578,0.907552,0.5,0.5,1024x1536,RGBA,,,True,True,approved,False,PASS_CONTENT from 544-watch individual black-background review; pending v2 candidate recheck,unchanged-protected,False,0.767578,0.907552,0.5,0.5,1024x1536,RGBA,,approved,f999cb5c18fc66c69583722c18477fc12d669bb166eab51368d9d1fd379e0b0e
W256,0.979866,0.98,0.5,0.5,298x500,RGBA,,canvas|caseW-high|bboxH-high,False,False,true failure,True,"canvas,caseW-high,bboxH-high; PASS_CONTENT from legacy catalog black-background review; human full-resolution review: strong perspective with looped bracelet and cutout artifacts",rerendered-and-approved,False,0.781250,0.850911,0.500000,0.500326,1024x1536,RGBA,,PASS,9ae934266eb2661bfbd95825237fc8fa69445588de8be245d78d0d6af900ad77
W1567,0.983573,1.0,0.501027,0.5,487x900,RGBA,,canvas|caseW-high|bboxH-high,False,False,true failure,True,"canvas,caseW-high,bboxH-high; PASS_CONTENT from legacy catalog black-background review; human full-resolution review: strong perspective with looped bracelet",rerendered-and-approved,False,0.779297,0.899740,0.500000,0.500000,1024x1536,RGBA,,PASS,3718e7e75839430be6ace26619925ba33dc6ab32ad6a3ffd8bb0daae4a28fdb0
WWNH82555150,0.719727,0.907552,0.499512,0.5,1024x1536,RGBA,,caseW-low,False,True,acceptable variation,False,caseW-low; PASS_CONTENT from 544-watch individual black-background review,unchanged-protected,False,0.719727,0.907552,0.499512,0.5,1024x1536,RGBA,caseW-low,acceptable variation,de89ae2224f817adc05604dcc92a7ba28d6d3728c88fc18220c7ee1fa06512e0
W2242,0.760742,0.971354,0.500488,0.500651,1024x1536,RGBA,,bboxH-high,False,True,acceptable variation,False,bboxH-high; PASS_CONTENT from legacy catalog black-background review,unchanged-protected,False,0.760742,0.971354,0.500488,0.500651,1024x1536,RGBA,bboxH-high,acceptable variation,731cdb6b49a9774cb996989b0520f825ab87d62b073ea83c31f05072f544e39f
W2243,0.708008,0.973307,0.495605,0.495117,1024x1536,RGBA,,caseW-low|bboxH-high,False,True,acceptable variation,False,"caseW-low,bboxH-high; PASS_CONTENT from legacy catalog black-background review",unchanged-protected,False,0.708008,0.973307,0.495605,0.495117,1024x1536,RGBA,caseW-low|bboxH-high,acceptable variation,92493782773299769cc282998871d15e4adace5b5a045b75ada83707f4fa59ba
W1633,0.696289,0.941406,0.525879,0.495443,1024x1536,RGBA,,caseW-low,False,True,acceptable variation,False,caseW-low; PASS_CONTENT from legacy catalog black-background review,unchanged-protected,False,0.696289,0.941406,0.525879,0.495443,1024x1536,RGBA,caseW-low,acceptable variation,9847730e3043627cad87b773fe04edd504222520fa5774b2edc0e4359fadaa6d
CRH70205830,0.77832,0.90625,0.499512,0.5,1024x1536,RGBA,,,True,True,approved,False,PASS_CONTENT from 544-watch individual black-background review; pending v2 candidate recheck,unchanged-protected,False,0.77832,0.90625,0.499512,0.5,1024x1536,RGBA,,approved,a4c5133bb1852f54c3752afda62a1e89d419335263b4aa25fd1df018d5bee083
WWNL5.767.4.73.0,0.567383,0.910156,0.5,0.500651,1024x1536,RGBA,,caseW-low,False,True,acceptable variation,False,caseW-low; PASS_CONTENT from 544-watch individual black-background review,unchanged-protected,False,0.567383,0.910156,0.5,0.500651,1024x1536,RGBA,caseW-low,acceptable variation,85196e195c472a51009c00776cfbd4899c73550ae21827c203d09c09c7d07aae
WWNM031.631.33.061.00,0.789062,0.909505,0.5,0.500977,1024x1536,RGBA,,,True,True,approved,False,PASS_CONTENT from 544-watch individual black-background review; pending v2 candidate recheck,unchanged-protected,False,0.789062,0.909505,0.5,0.500977,1024x1536,RGBA,,approved,67b9a3b953ff4ccb7b3aaef6f4460e56c9906a92e5a73336a7c0708c5cb8d854
W1537,0.738281,0.929036,0.527344,0.484701,1024x1536,RGBA,,,True,True,approved,False,PASS_CONTENT from legacy catalog black-background review; pending v2 candidate recheck,unchanged-protected,False,0.738281,0.929036,0.527344,0.484701,1024x1536,RGBA,,approved,4039841c8d5a83f7607b20488099048722473a377fd9bb291373092308c355ae
W1429,0.800781,0.965495,0.482422,0.493164,1024x1536,RGBA,,bboxH-high,False,True,acceptable variation,False,bboxH-high; PASS_CONTENT from legacy catalog black-background review,unchanged-protected,False,0.800781,0.965495,0.482422,0.493164,1024x1536,RGBA,bboxH-high,acceptable variation,f1abfc54896cac8cac2d9189681026bb3596e283a2948f52171651b654245594
CRU886,0.870117,0.75,0.5,0.5,1024x1536,RGBA,,caseW-high|bboxH-low,False,True,acceptable variation,False,"caseW-high,bboxH-low; PASS_CONTENT from 544-watch individual black-background review",unchanged-protected,False,0.870117,0.75,0.5,0.5,1024x1536,RGBA,caseW-high|bboxH-low,acceptable variation,60a862ae0c27eca0d97426feaecdeaa9b68cf7ddc64cbdea2ee573832287ff6b
CRGWG-2000-1A1,0.87207,0.863281,0.5,0.5,1024x1536,RGBA,,caseW-high,False,True,acceptable variation,False,caseW-high; PASS_CONTENT from 544-watch individual black-background review,unchanged-protected,False,0.87207,0.863281,0.5,0.5,1024x1536,RGBA,caseW-high,acceptable variation,e4999679fd4ec4239aebb221d177832ede6163540e82c9a892b2756a70f3a9ec
CRH76305140,0.733398,0.907552,0.499512,0.5,1024x1536,RGBA,,,True,True,approved,False,PASS_CONTENT from 544-watch individual black-background review; pending v2 candidate recheck,unchanged-protected,False,0.733398,0.907552,0.499512,0.5,1024x1536,RGBA,,approved,de6fc044fab957c239971b6c5f059810cfa0b9175aa25016bf8223637c9adc1e
CRH36215140,0.729492,0.906901,0.499512,0.500326,1024x1536,RGBA,,caseW-low,False,True,acceptable variation,False,caseW-low; PASS_CONTENT from 544-watch individual black-background review,unchanged-protected,False,0.729492,0.906901,0.499512,0.500326,1024x1536,RGBA,caseW-low,acceptable variation,9bf60b143da1ce293f3eda3c6bd2c881071f87929880e93b8e49c314e3ce65b3
CRH64635140,0.77832,0.907552,0.499512,0.5,1024x1536,RGBA,,,True,True,approved,False,PASS_CONTENT from 544-watch individual black-background review; pending v2 candidate recheck,unchanged-protected,False,0.77832,0.907552,0.499512,0.5,1024x1536,RGBA,,approved,a997eba7a42c941035c5cd895e6d5153ff0d5f9824d09eb05cf30bb0760d744e
CRH36205110,0.71582,0.906901,0.500488,0.499674,1024x1536,RGBA,,caseW-low,False,True,acceptable variation,False,caseW-low; PASS_CONTENT from 544-watch individual black-background review,unchanged-protected,False,0.71582,0.906901,0.500488,0.499674,1024x1536,RGBA,caseW-low,acceptable variation,26e62f3990a6f9dd5fa0e4ce5a969f0570778c407916b87218466b6913f85210
CRH70315130,0.712891,0.907552,0.5,0.5,1024x1536,RGBA,,caseW-low,False,True,acceptable variation,False,caseW-low; PASS_CONTENT from 544-watch individual black-background review,unchanged-protected,False,0.712891,0.907552,0.5,0.5,1024x1536,RGBA,caseW-low,acceptable variation,59ca24443c4e7381ba9f65254460e76e5bba25192c028a7bb8b12d5be538151d
CRH70225130,0.728516,0.907552,0.5,0.5,1024x1536,RGBA,,caseW-low,False,True,acceptable variation,False,caseW-low; PASS_CONTENT from 544-watch individual black-background review,unchanged-protected,False,0.728516,0.907552,0.5,0.5,1024x1536,RGBA,caseW-low,acceptable variation,63eb499e15ce6d89f2d4177058709bc9d1b2c2e10dcf3fd6fe7bebd0e6ce9f56
CRH36205130,0.696289,0.908203,0.499512,0.500326,1024x1536,RGBA,,caseW-low,False,True,acceptable variation,False,caseW-low; PASS_CONTENT from 544-watch individual black-background review,unchanged-protected,False,0.696289,0.908203,0.499512,0.500326,1024x1536,RGBA,caseW-low,acceptable variation,dba4af38c0c83b5f6a1db3f5e0e3961f12103339f44f8bc93233eb8988378716
CRH70545540,0.740234,0.906901,0.5,0.500326,1024x1536,RGBA,,,True,True,approved,False,PASS_CONTENT from 544-watch individual black-background review; pending v2 candidate recheck,unchanged-protected,False,0.740234,0.906901,0.5,0.500326,1024x1536,RGBA,,approved,97da0c3166984a84be78db2126bb143500aca2e760caa3ad50a0168c0c57921a
CRH70215880,0.740234,0.906901,0.499023,0.499674,1024x1536,RGBA,,,True,True,approved,False,PASS_CONTENT from 544-watch individual black-background review; pending v2 candidate recheck,unchanged-protected,False,0.740234,0.906901,0.499023,0.499674,1024x1536,RGBA,,approved,e34a4d829997634f076eacd32e4037cc7b2c1223e192e2a50ebfcd339170cf36
CRRE-AU0601B,0.763672,0.907552,0.5,0.5,1024x1536,RGBA,,,True,True,approved,False,PASS_CONTENT from 544-watch individual black-background review; pending v2 candidate recheck,unchanged-protected,False,0.763672,0.907552,0.5,0.5,1024x1536,RGBA,,approved,48e1438917fc86f028023c8820639b38ada3590e34f1b6444186a002b202f3a3
WWNL4.825.4.52.0,0.753906,0.906901,0.5,0.500326,1024x1536,RGBA,,,True,True,approved,False,PASS_CONTENT from 544-watch individual black-background review; pending v2 candidate recheck,unchanged-protected,False,0.753906,0.906901,0.5,0.500326,1024x1536,RGBA,,approved,dd3360e9a111954ab42a445894e3e909014863051d8c2861b417a34cee9db551
WWNL8.116.4.71.6,0.754883,0.90625,0.499512,0.5,1024x1536,RGBA,,,True,True,approved,False,PASS_CONTENT from 544-watch individual black-background review; pending v2 candidate recheck,unchanged-protected,False,0.754883,0.90625,0.499512,0.5,1024x1536,RGBA,,approved,c089c10908fe4ae1173ad320158f34fccc9c719a1759ec3db918c5d31e3fa57b
W1642,0.734375,0.94401,0.495117,0.492839,1024x1536,RGBA,,,True,True,approved,False,PASS_CONTENT from legacy catalog black-background review; pending v2 candidate recheck,unchanged-protected,False,0.734375,0.94401,0.495117,0.492839,1024x1536,RGBA,,approved,00cbdc4277ff0df46edf44a053140b0077dd5486c76335bdec74fa8298172fdf
CRH32515135,0.823242,0.906901,0.499512,0.499674,1024x1536,RGBA,,,True,True,approved,False,PASS_CONTENT from 544-watch individual black-background review; pending v2 candidate recheck,unchanged-protected,False,0.823242,0.906901,0.499512,0.499674,1024x1536,RGBA,,approved,85302f03818c9da18638e22e9e5a09f95befbb12befe6e0223c54e3703afadb4
W1588,0.695312,0.942708,0.52832,0.500651,1024x1536,RGBA,,caseW-low,False,True,acceptable variation,False,caseW-low; PASS_CONTENT from legacy catalog black-background review,unchanged-protected,False,0.695312,0.942708,0.52832,0.500651,1024x1536,RGBA,caseW-low,acceptable variation,52298b2f43562e0a0a9944ca49006a1d5713a84c5064a92c3d8d4e76d6154402
CRH69459510,0.713867,0.906901,0.499512,0.499674,1024x1536,RGBA,,caseW-low,False,True,acceptable variation,False,caseW-low; PASS_CONTENT from 544-watch individual black-background review,unchanged-protected,False,0.713867,0.906901,0.499512,0.499674,1024x1536,RGBA,caseW-low,acceptable variation,027860d9f018893ec86c7e67ed2f698e5559a7748d3e54f9a77f866bcfbeba23
CRT127.407.11.041.01,0.748047,0.906901,0.5,0.499674,1024x1536,RGBA,,,True,True,approved,False,PASS_CONTENT from 544-watch individual black-background review; pending v2 candidate recheck,unchanged-protected,False,0.748047,0.906901,0.5,0.499674,1024x1536,RGBA,,approved,24dfc0138725ce67db050cb5925a1a35c21794f9868d9f2b912e07d4f56b7c34
WW783,0.97449,0.989,0.5,0.5015,392x1000,RGBA,,canvas|caseW-high|bboxH-high,False,False,true failure,True,"canvas,caseW-high,bboxH-high; PASS_CONTENT from legacy catalog black-background review; human full-resolution review: strong perspective with looped bracelet",rerendered-and-approved,False,0.779297,0.911458,0.500000,0.500000,1024x1536,RGBA,,PASS,d459aafd177bfbfd5708266452816d2b8ba344b72a5e94c649aef2a4933dbcb8
W2311,0.933566,0.982,0.505245,0.503,286x500,RGBA,,canvas|caseW-high|bboxH-high,False,False,true failure,True,"canvas,caseW-high,bboxH-high; PASS_CONTENT from legacy catalog black-background review; human full-resolution review: strong perspective with looped bracelet",rerendered-and-approved,False,0.781250,0.878255,0.500000,0.499674,1024x1536,RGBA,,PASS,43425be2e5fec78e9818721d9539d4821dd0e14944fcf07ebc22b43a39115d8e
W2203,0.746094,0.902995,0.512695,0.484049,1024x1536,RGBA,,,True,True,approved,False,PASS_CONTENT from legacy catalog black-background review; pending v2 candidate recheck,unchanged-protected,False,0.746094,0.902995,0.512695,0.484049,1024x1536,RGBA,,approved,1e883aae430d3b85a8f6d283ecb5644ac6ecbeeb23dab734e76a17ee09ea0273
W1546,0.985294,0.686667,0.5,0.348889,408x900,RGBA,,canvas|caseW-high|bboxH-low|case-centre-y,False,False,true failure,True,"canvas,caseW-high,bboxH-low,case-centre-y; FAIL_CONTENT: incomplete bracelet; lower bracelet is missing; human full-resolution review: head-only or incomplete bracelet presentation",rerendered-and-approved,False,0.781250,0.911458,0.500000,0.500000,1024x1536,RGBA,,PASS,fba5ffa0dc6bb0c7b3b6fa76182c8a70642be6b36ea95f52d5b60cd3811ca1ce
WW693,0.985689,0.991,0.5,0.5035,559x1000,RGBA,,canvas|caseW-high|bboxH-high,False,False,true failure,True,"canvas,caseW-high,bboxH-high; PASS_CONTENT from legacy catalog black-background review; human full-resolution review: strong perspective with looped bracelet",rerendered-and-approved,False,0.780273,0.865885,0.499512,0.500000,1024x1536,RGBA,,PASS,3be700e9620429ae0a019556cc7203658c2cb7280420be704d9d37c3546d8656
W1676,0.845703,0.934896,0.477539,0.480469,1024x1536,RGBA,,caseW-high,False,True,acceptable variation,False,caseW-high; PASS_CONTENT from legacy catalog black-background review,unchanged-protected,False,0.845703,0.934896,0.477539,0.480469,1024x1536,RGBA,caseW-high,acceptable variation,095ec10e6eb70e40bfa79b57e134bced938697ab2907a5f6fd7251aad4093e5a
W1686,0.845703,0.964193,0.499023,0.500977,1024x1536,RGBA,,caseW-high|bboxH-high,False,True,acceptable variation,False,"caseW-high,bboxH-high; PASS_CONTENT from legacy catalog black-background review",unchanged-protected,False,0.845703,0.964193,0.499023,0.500977,1024x1536,RGBA,caseW-high|bboxH-high,acceptable variation,db03c6171e3e56b37ea96587c2cb681285f0c43f079865277506d56411d6dd02
WW705,0.984314,0.994,0.5,0.503,510x1000,RGBA,,canvas|caseW-high|bboxH-high,False,True,acceptable variation,False,"canvas,caseW-high,bboxH-high; PASS_CONTENT from legacy catalog black-background review",unchanged-protected,False,0.984314,0.994,0.5,0.503,510x1000,RGBA,canvas|caseW-high|bboxH-high,acceptable variation,2e71965dc7a12149ee5d063ebe468213962f71fc4fd1bf1e71822ca2673cbba3
W2184,0.601562,0.948568,0.519043,0.500977,1024x1536,RGBA,,caseW-low,False,True,acceptable variation,False,caseW-low; PASS_CONTENT from legacy catalog black-background review,unchanged-protected,False,0.601562,0.948568,0.519043,0.500977,1024x1536,RGBA,caseW-low,acceptable variation,44a97b609b2bb12ac33c81e362c98d8d696b892824542d7e91475baf546aadf1
WWNL4.918.4.11.2,0.706055,0.907552,0.499512,0.500651,1024x1536,RGBA,,caseW-low,False,True,acceptable variation,False,caseW-low; PASS_CONTENT from 544-watch individual black-background review,unchanged-protected,False,0.706055,0.907552,0.499512,0.500651,1024x1536,RGBA,caseW-low,acceptable variation,3dadfb9c95c38b4669151408a06c7d3f1b8bc0c62d53a306fcd6c7dfe80fcfe3
WWNL4.899.3.21.7,0.708984,0.90625,0.5,0.5,1024x1536,RGBA,,caseW-low,False,True,acceptable variation,False,caseW-low; PASS_CONTENT from 544-watch individual black-background review,unchanged-protected,False,0.708984,0.90625,0.5,0.5,1024x1536,RGBA,caseW-low,acceptable variation,3f4e439c9b44293160ee87563c25f3669c4e07d3ccd8e4562ffa96435512d465
W28,0.832857,0.997,0.508571,0.4985,700x1000,RGBA,,canvas|caseW-high|bboxH-high,False,False,true failure,True,"canvas,caseW-high,bboxH-high; PASS_CONTENT from legacy catalog black-background review; human full-resolution review: strong perspective with looped bracelet and visible protective film",rerendered-and-approved,False,0.781250,0.911458,0.500000,0.500000,1024x1536,RGBA,,PASS,064d9264048d03e368e2850548a5ee12817c619bdf8f8890b774270a1d7c4e35
CRSPB467J1,0.753906,0.906901,0.5,0.500326,1024x1536,RGBA,,,True,True,approved,False,PASS_CONTENT from 544-watch individual black-background review; pending v2 candidate recheck,unchanged-protected,False,0.753906,0.906901,0.5,0.500326,1024x1536,RGBA,,approved,cd14ccf47f69d6e30206456d9396e0ab117a2be3b85ecb47fb0766dc630a076d
CRSPB465J1,0.855469,0.906901,0.5,0.499674,1024x1536,RGBA,,caseW-high,False,True,acceptable variation,False,caseW-high; PASS_CONTENT from 544-watch individual black-background review,unchanged-protected,False,0.855469,0.906901,0.5,0.499674,1024x1536,RGBA,caseW-high,acceptable variation,7a9a52ad90a207a98ded21658b86aaf97c05e80ad51bfad3f5415711dbc84c49
CRNB6026-56L,0.749023,0.907552,0.499512,0.5,1024x1536,RGBA,,,True,True,approved,False,PASS_CONTENT from 544-watch individual black-background review; pending v2 candidate recheck,unchanged-protected,False,0.749023,0.907552,0.499512,0.5,1024x1536,RGBA,,approved,6e05c510fbfccabcb7f8043de4ccca8afcd3c78d355ff264a4aa324a093320b4
WL89,0.528897,0.963,0.490368,0.5025,571x1000,RGBA,,canvas|caseW-low|bboxH-high,False,False,true failure,True,"canvas,caseW-low,bboxH-high; PASS_CONTENT from legacy catalog black-background review; human full-resolution review: open-clasp bracelet presentation with hardware dominating frame",rerendered-and-approved,False,0.779297,0.911458,0.500000,0.500000,1024x1536,RGBA,,PASS,4419159d1ea004598f3048820de3e72f2baa880058e22f5e76bf34315bb9daa1
W1639,0.723633,0.88737,0.522949,0.496419,1024x1536,RGBA,,caseW-low,False,True,acceptable variation,False,caseW-low; PASS_CONTENT from legacy catalog black-background review,unchanged-protected,False,0.723633,0.88737,0.522949,0.496419,1024x1536,RGBA,caseW-low,acceptable variation,6d4d93357c88f4c600e6a230fc8932ce418e7aebc2515d26a61d1552e054b554
W2202,0.814453,0.896484,0.517578,0.482096,1024x1536,RGBA,,,True,True,approved,False,PASS_CONTENT from legacy catalog black-background review; pending v2 candidate recheck,unchanged-protected,False,0.814453,0.896484,0.517578,0.482096,1024x1536,RGBA,,approved,4a1abf30917c8e2cfc64a40c4994556a7b2c9d334d43bb6ad6c9697f5a3344dd
W2233,0.573242,0.942708,0.504395,0.500651,1024x1536,RGBA,,caseW-low,False,True,acceptable variation,False,caseW-low; PASS_CONTENT from legacy catalog black-background review,unchanged-protected,False,0.573242,0.942708,0.504395,0.500651,1024x1536,RGBA,caseW-low,acceptable variation,1a953aaab042992fccd98c606ec09345271fd53ac87b87c14ad4940fcc3daf76
W2205,0.804688,0.922526,0.507812,0.481445,1024x1536,RGBA,,,True,True,approved,False,PASS_CONTENT from legacy catalog black-background review; pending v2 candidate recheck,unchanged-protected,False,0.804688,0.922526,0.507812,0.481445,1024x1536,RGBA,,approved,b1f041c9d6356919e55d40cc7e3dca010b48c1de8f6de2f46ad772a092100b91
W234,0.879159,0.987,0.488616,0.5005,571x1000,RGBA,,canvas|caseW-high|bboxH-high,False,False,true failure,True,"canvas,caseW-high,bboxH-high; PASS_CONTENT from legacy catalog black-background review; human full-resolution review: full-strap presentation with buckle and hardware visible",rerendered-and-approved,False,0.780273,0.911458,0.499512,0.500000,1024x1536,RGBA,,PASS,b057b6e4a305eff3ec7df748cdf0a02ad31fb4733e44a4fa9b9d9c819663eeef
W2279,0.924694,0.86,0.5,0.5,571x1000,RGBA,,canvas|caseW-high,False,False,true failure,True,"canvas,caseW-high; PASS_CONTENT from legacy catalog black-background review; human full-resolution review: strong perspective with looped strap",rerendered-and-approved,False,0.780273,0.891927,0.500488,0.500000,1024x1536,RGBA,,PASS,9719c5b28b2533e7d583bf4eda63cef0f724fafa8c5479c4d07fd0624728381d
W2206,0.664062,0.930339,0.50293,0.493164,1024x1536,RGBA,,caseW-low,False,True,acceptable variation,False,caseW-low; PASS_CONTENT from legacy catalog black-background review,unchanged-protected,False,0.664062,0.930339,0.50293,0.493164,1024x1536,RGBA,caseW-low,acceptable variation,926e71490c0f66a65c47ee44698fae99985f7a75e50c6e45659c3282b4412fdd
W2278,0.648438,0.969401,0.490234,0.493815,1024x1536,RGBA,,caseW-low|bboxH-high,False,True,acceptable variation,False,"caseW-low,bboxH-high; PASS_CONTENT from legacy catalog black-background review",unchanged-protected,False,0.648438,0.969401,0.490234,0.493815,1024x1536,RGBA,caseW-low|bboxH-high,acceptable variation,12257088d6e97c11e0fa2ee25f3f4c9f366628cdd18e33d99eef4c1bdd485ed5
W1647,0.629883,0.876953,0.531738,0.483398,1024x1536,RGBA,,caseW-low|case-centre-x,False,True,acceptable variation,False,"caseW-low,case-centre-x; PASS_CONTENT from legacy catalog black-background review",unchanged-protected,False,0.629883,0.876953,0.531738,0.483398,1024x1536,RGBA,caseW-low|case-centre-x,acceptable variation,fac205dfcebbe67d48c74b0d01632e755d41dc0ea5f9d06efb7a00c3a412102f
W2245,0.74707,0.951823,0.523926,0.492188,1024x1536,RGBA,,bboxH-high,False,True,acceptable variation,False,bboxH-high; PASS_CONTENT from legacy catalog black-background review,unchanged-protected,False,0.74707,0.951823,0.523926,0.492188,1024x1536,RGBA,bboxH-high,acceptable variation,fed8b2b689ef0793065b855a55585deea32434ba7b924a4f1c0d357eaf90aa64
W1564,0.737305,0.971354,0.478027,0.494141,1024x1536,RGBA,,bboxH-high,False,True,acceptable variation,False,bboxH-high; PASS_CONTENT from legacy catalog black-background review,unchanged-protected,False,0.737305,0.971354,0.478027,0.494141,1024x1536,RGBA,bboxH-high,acceptable variation,5e2fb1306a57952f851b583a0f2208226b1847506de09a28b8ca99cdb16f98d2
W221,0.635742,0.928385,0.499512,0.5,1024x1536,RGBA,,caseW-low,False,True,acceptable variation,False,caseW-low; PASS_CONTENT from legacy catalog black-background review,unchanged-protected,False,0.635742,0.928385,0.499512,0.5,1024x1536,RGBA,caseW-low,acceptable variation,c64793bc900a439b087d5f9644bf7cb977395014f890e3e970aa97ec43c8ca17
W1679,0.887695,0.944661,0.521973,0.495768,1024x1536,RGBA,,caseW-high,False,True,acceptable variation,False,caseW-high; PASS_CONTENT from legacy catalog black-background review,unchanged-protected,False,0.887695,0.944661,0.521973,0.495768,1024x1536,RGBA,caseW-high,acceptable variation,956ddc581e33370ecd01efd7e15755a59e75a53b1599b589720a724afaed544c
W2277,0.964974,0.925,0.501751,0.4955,571x1000,RGBA,,canvas|caseW-high,False,False,true failure,True,"canvas,caseW-high; PASS_CONTENT from legacy catalog black-background review; human full-resolution review: strong perspective with looped bracelet",rerendered-and-approved,False,0.779297,0.911458,0.500000,0.500000,1024x1536,RGBA,,PASS,d9c704b74acc2029f1941fdc3fa56d602d3f18b9ad3b6f472c67754e0b12f5b8
W2188,0.779297,0.934896,0.492188,0.483073,1024x1536,RGBA,,,True,True,approved,False,PASS_CONTENT from legacy catalog black-background review; pending v2 candidate recheck,unchanged-protected,False,0.779297,0.934896,0.492188,0.483073,1024x1536,RGBA,,approved,91d48f53e4ae7755d2e624ed0e8ba6ed7ad6949ef1c6642ceae6f58221ad9382
W233,0.861646,0.998,0.507005,0.499,571x1000,RGBA,,canvas|caseW-high|bboxH-high,False,False,true failure,True,"canvas,caseW-high,bboxH-high; PASS_CONTENT from legacy catalog black-background review; human full-resolution review: strong perspective with full looped strap",rerendered-and-approved,False,0.780273,0.911458,0.500488,0.500000,1024x1536,RGBA,,PASS,15a6ae5673c12a4d887719a60bf87eb38623c7e92d216b88bff0cb13b7ce8651
W1710,0.750977,0.86849,0.530762,0.488932,1024x1536,RGBA,,case-centre-x,False,True,acceptable variation,False,case-centre-x; PASS_CONTENT from legacy catalog black-background review,unchanged-protected,False,0.750977,0.86849,0.530762,0.488932,1024x1536,RGBA,case-centre-x,acceptable variation,c3cb8fed7c3356cae745907d9c70075d11943a18610c30709846a282fe27962c
W1680,0.763672,0.944661,0.526367,0.497721,1024x1536,RGBA,,,True,True,approved,False,PASS_CONTENT from legacy catalog black-background review; pending v2 candidate recheck,unchanged-protected,False,0.763672,0.944661,0.526367,0.497721,1024x1536,RGBA,,approved,f1e2291066ba9019d11252512956abcd7f98bf3de6cb8c1b1f9c49b021830e64
W2192,0.702148,0.989583,0.509277,0.5,1024x1536,RGBA,,caseW-low|bboxH-high,False,True,acceptable variation,False,"caseW-low,bboxH-high; PASS_CONTENT from legacy catalog black-background review",unchanged-protected,False,0.702148,0.989583,0.509277,0.5,1024x1536,RGBA,caseW-low|bboxH-high,acceptable variation,4fcdd487011e4fac42bafcbffd6b9baeea5ad9f2c32721cea4543704881fd1ba
WW826,0.986641,0.986,0.500954,0.501,524x1000,RGBA,,canvas|caseW-high|bboxH-high,False,False,true failure,True,"canvas,caseW-high,bboxH-high; PASS_CONTENT from legacy catalog black-background review; human full-resolution review: watch is over-cropped at image bounds",rerendered-and-approved,False,0.780273,0.911458,0.500488,0.500000,1024x1536,RGBA,,PASS,4071446e6e7a2cf14aeeb4bc925a602964b6e14530b1ba306beb47345ad70619
W1641,0.787109,0.940104,0.514648,0.494141,1024x1536,RGBA,,,True,True,approved,False,PASS_CONTENT from legacy catalog black-background review; pending v2 candidate recheck,unchanged-protected,False,0.787109,0.940104,0.514648,0.494141,1024x1536,RGBA,,approved,aae18ade496cbfb8ecd1ffcd844598526164e1b0ac4a47f3526cf076348d1b79
W1630,0.703125,0.890625,0.527344,0.475911,1024x1536,RGBA,,caseW-low,False,True,acceptable variation,False,caseW-low; PASS_CONTENT from legacy catalog black-background review,unchanged-protected,False,0.703125,0.890625,0.527344,0.475911,1024x1536,RGBA,caseW-low,acceptable variation,6a700631e0a2c8cca02ab276a3ba8a761608a6a7541bacc75b89549379bfbd30
WW793,0.97006,0.988,0.5,0.502,167x500,RGBA,,canvas|caseW-high|bboxH-high,False,False,true failure,True,"canvas,caseW-high,bboxH-high; PASS_CONTENT from legacy catalog black-background review; human full-resolution review: strong perspective with looped bracelet",rerendered-and-approved,False,0.781250,0.911458,0.500000,0.500000,1024x1536,RGBA,,PASS,e6ea7af1fc58af825942d17258810c1647349adf75e14a8bdf63385aa0e87518
W1569,0.661133,0.891927,0.528809,0.480469,1024x1536,RGBA,,caseW-low,False,True,acceptable variation,False,caseW-low; PASS_CONTENT from legacy catalog black-background review,unchanged-protected,False,0.661133,0.891927,0.528809,0.480469,1024x1536,RGBA,caseW-low,acceptable variation,66c582d7d894370fea7702f7f36cf595446a105aef60403fab597d237879c8a8
W1570,0.712891,0.870443,0.526367,0.482747,1024x1536,RGBA,,caseW-low,False,True,acceptable variation,False,caseW-low; PASS_CONTENT from legacy catalog black-background review,unchanged-protected,False,0.712891,0.870443,0.526367,0.482747,1024x1536,RGBA,caseW-low,acceptable variation,12ceb5061def39f39ce8fbf40fdcdefa10bb10865ab4d643c736fbe629efe397
W1611,0.75,0.91276,0.526367,0.497396,1024x1536,RGBA,,,True,True,approved,False,PASS_CONTENT from legacy catalog black-background review; pending v2 candidate recheck,unchanged-protected,False,0.75,0.91276,0.526367,0.497396,1024x1536,RGBA,,approved,fa6df0aa29f3376b8a24533036afb465a6bf842c4f5f11efd6568b0e5d094cc2
W254,0.908953,0.953906,0.492413,0.497266,659x1280,RGBA,,canvas|caseW-high|bboxH-high,False,True,acceptable variation,False,"canvas,caseW-high,bboxH-high; PASS_CONTENT from legacy catalog black-background review",unchanged-protected,False,0.908953,0.953906,0.492413,0.497266,659x1280,RGBA,canvas|caseW-high|bboxH-high,acceptable variation,1a7e92ea5a280e1bc6053abdf03a20cbc495c0359c4bbf0ad76ff5cded1e51ac
W1702,0.819336,0.952474,0.518066,0.498372,1024x1536,RGBA,,bboxH-high,False,True,acceptable variation,False,bboxH-high; PASS_CONTENT from legacy catalog black-background review,unchanged-protected,False,0.819336,0.952474,0.518066,0.498372,1024x1536,RGBA,bboxH-high,acceptable variation,684bdb821984be0235a6a86f08f67129e70fd5b50d84b504fa6d357faa384a5e
W2228,0.77832,0.972005,0.491211,0.494466,1024x1536,RGBA,,bboxH-high,False,True,acceptable variation,False,bboxH-high; PASS_CONTENT from legacy catalog black-background review,unchanged-protected,False,0.77832,0.972005,0.491211,0.494466,1024x1536,RGBA,bboxH-high,acceptable variation,8510ed2cd461d5f2ba5d736ef3a34581fede569612d01bd379a0cfd171f96ea8
W1552,0.735352,0.930339,0.521973,0.49707,1024x1536,RGBA,,,True,True,approved,False,PASS_CONTENT from legacy catalog black-background review; pending v2 candidate recheck,unchanged-protected,False,0.735352,0.930339,0.521973,0.49707,1024x1536,RGBA,,approved,242899322d6a1e9bf9ac3b858410f1cb0dabc5662b3adb0d64bd81f96bd9c942
W1674,0.745117,0.885417,0.526855,0.479818,1024x1536,RGBA,,,True,True,approved,False,PASS_CONTENT from legacy catalog black-background review; pending v2 candidate recheck,unchanged-protected,False,0.745117,0.885417,0.526855,0.479818,1024x1536,RGBA,,approved,0c8ab1439fafe96252e6758f858e4bb6a4e9670260fcba98e2e8a1b470a771c7
W2276,0.592773,0.964844,0.51123,0.501953,1024x1536,RGBA,,caseW-low|bboxH-high,False,True,acceptable variation,False,"caseW-low,bboxH-high; PASS_CONTENT from legacy catalog black-background review",unchanged-protected,False,0.592773,0.964844,0.51123,0.501953,1024x1536,RGBA,caseW-low|bboxH-high,acceptable variation,7862e85120f8b8e45cf5dd0c26e159946b3a5eb809fae1018c2a15af668c2c33
W1575,0.628906,0.863281,0.515625,0.488281,1024x1536,RGBA,,caseW-low,False,True,acceptable variation,False,caseW-low; PASS_CONTENT from legacy catalog black-background review,unchanged-protected,False,0.628906,0.863281,0.515625,0.488281,1024x1536,RGBA,caseW-low,acceptable variation,96e3e826b7f2a8c2d6864d5606b67688a1d66c28314b4068836fff0419d090a8
W2190,0.75,0.986328,0.501953,0.498372,1024x1536,RGBA,,bboxH-high,False,True,acceptable variation,False,bboxH-high; PASS_CONTENT from legacy catalog black-background review,unchanged-protected,False,0.75,0.986328,0.501953,0.498372,1024x1536,RGBA,bboxH-high,acceptable variation,a188a465caba7e5e0190a46827571a5ec6d0e70fda1e826479f5c9924ce14a4c
W2189,0.705078,0.896484,0.520508,0.480794,1024x1536,RGBA,,caseW-low,False,True,acceptable variation,False,caseW-low; PASS_CONTENT from legacy catalog black-background review,unchanged-protected,False,0.705078,0.896484,0.520508,0.480794,1024x1536,RGBA,caseW-low,acceptable variation,d8c208278769302b63b2f935d7bffeafd043a00980ebfd42f0426f8ce0cee008
W1576,0.646484,0.860026,0.509766,0.475586,1024x1536,RGBA,,caseW-low,False,True,acceptable variation,False,caseW-low; PASS_CONTENT from legacy catalog black-background review,unchanged-protected,False,0.646484,0.860026,0.509766,0.475586,1024x1536,RGBA,caseW-low,acceptable variation,2341f4cf468074a91aa8ede3e83814011d5bf17ebb983da427beb89ace3a2f7a
W2312,0.894921,0.933,0.499124,0.5005,571x1000,RGBA,,canvas|caseW-high,False,False,true failure,True,"canvas,caseW-high; PASS_CONTENT from legacy catalog black-background review; human full-resolution review: strong perspective with looped bracelet",rerendered-and-approved,False,0.780273,0.862630,0.500488,0.499674,1024x1536,RGBA,,PASS,512aa2dcbdd1d4466a16e4b62b3b90ce7882a6e4ed244435551ff584af160278
WW285,0.915315,0.933,0.499099,0.4995,555x1000,RGBA,,canvas|caseW-high,False,False,true failure,True,"canvas,caseW-high; PASS_CONTENT from legacy catalog black-background review; human full-resolution review: strong perspective with looped strap",rerendered-and-approved,False,0.779297,0.911458,0.500000,0.500000,1024x1536,RGBA,,PASS,7755cfa4b62c4ede1dc48361dc98a48cc6682a75f5a6d00f299aff7ee51b3fea
W1465,0.569336,0.855469,0.526855,0.492839,1024x1536,RGBA,,caseW-low,False,True,acceptable variation,False,caseW-low; PASS_CONTENT from legacy catalog black-background review,unchanged-protected,False,0.569336,0.855469,0.526855,0.492839,1024x1536,RGBA,caseW-low,acceptable variation,5ae0595af987d3b13d6d982e1c39868e96716b337532ba977aeae0e495ee6fca
W2302,0.490234,0.960286,0.503906,0.499023,1024x1536,RGBA,,caseW-low|bboxH-high,False,True,acceptable variation,False,"caseW-low,bboxH-high; PASS_CONTENT from legacy catalog black-background review",unchanged-protected,False,0.490234,0.960286,0.503906,0.499023,1024x1536,RGBA,caseW-low|bboxH-high,acceptable variation,2992c65a9e081eacc294ae770f78b63f18bdcc2fbb3b71fe0cc3a91c729ff0f2
W2301,0.587891,0.969401,0.500977,0.498372,1024x1536,RGBA,,caseW-low|bboxH-high,False,True,acceptable variation,False,"caseW-low,bboxH-high; PASS_CONTENT from legacy catalog black-background review",unchanged-protected,False,0.587891,0.969401,0.500977,0.498372,1024x1536,RGBA,caseW-low|bboxH-high,acceptable variation,679ace6657b2e9e012be74d5f5cb1282d2429a9c7bcba43f0502249f6dff11a6
W2234,0.582031,0.904948,0.507812,0.473307,1024x1536,RGBA,,caseW-low,False,True,acceptable variation,False,caseW-low; PASS_CONTENT from legacy catalog black-background review,unchanged-protected,False,0.582031,0.904948,0.507812,0.473307,1024x1536,RGBA,caseW-low,acceptable variation,730c0640d33857522cc29505f0a4f1e6d201c4f4df3a96aaa58a61d0585827d0
W2230,0.574219,0.88151,0.515625,0.491536,1024x1536,RGBA,,caseW-low,False,True,acceptable variation,False,caseW-low; PASS_CONTENT from legacy catalog black-background review,unchanged-protected,False,0.574219,0.88151,0.515625,0.491536,1024x1536,RGBA,caseW-low,acceptable variation,95bde67135bc459de7624659c2058d5d693f565d992aade9228492aef7764f9b
W2275,0.696289,0.945964,0.524902,0.496419,1024x1536,RGBA,,caseW-low,False,True,acceptable variation,False,caseW-low; PASS_CONTENT from legacy catalog black-background review,unchanged-protected,False,0.696289,0.945964,0.524902,0.496419,1024x1536,RGBA,caseW-low,acceptable variation,d2427af8c8163f31fa82a320821dedc046052c230b62559f993354b4572e8d6a
CRVIC241991,0.75,0.859375,0.526367,0.492188,1024x1536,RGBA,,,True,True,approved,False,PASS_CONTENT from legacy catalog black-background review; pending v2 candidate recheck,unchanged-protected,False,0.75,0.859375,0.526367,0.492188,1024x1536,RGBA,,approved,315d1a4928dd09d482ef74bf4ed0e69dc6f37143dcf5892640d40622a65463cc
W2297,0.922942,0.986,0.498249,0.504,571x1000,RGBA,,canvas|caseW-high|bboxH-high,False,False,true failure,True,"canvas,caseW-high,bboxH-high; PASS_CONTENT from legacy catalog black-background review; human full-resolution review: strong perspective with looped bracelet",rerendered-and-approved,False,0.781250,0.911458,0.500000,0.500000,1024x1536,RGBA,,PASS,582b5a712c884e05c6a5de47a8ce7fbec6c1a741bbd137dfbdf6fdbd9d190845
CRH38455731,0.487143,0.981429,0.510714,0.502143,700x700,RGBA,,canvas|caseW-low|bboxH-high,False,True,acceptable variation,False,"canvas,caseW-low,bboxH-high; PASS_CONTENT from legacy catalog black-background review",unchanged-protected,False,0.487143,0.981429,0.510714,0.502143,700x700,RGBA,canvas|caseW-low|bboxH-high,acceptable variation,bc9a5736b02dbb7b7a82c8e253a5e9c2b1a0ffc1a850f41d7523ad09867adad7
W1687,0.833984,0.901693,0.53418,0.484049,1024x1536,RGBA,,caseW-high|case-centre-x,False,True,acceptable variation,False,"caseW-high,case-centre-x; PASS_CONTENT from legacy catalog black-background review",unchanged-protected,False,0.833984,0.901693,0.53418,0.484049,1024x1536,RGBA,caseW-high|case-centre-x,acceptable variation,2341cfa7d155125a0732a4e94483eeb3dbf57936414d20f796db65f47eede9b1
W1670,0.810547,0.954427,0.521484,0.496745,1024x1536,RGBA,,bboxH-high,False,True,acceptable variation,False,bboxH-high; PASS_CONTENT from legacy catalog black-background review,unchanged-protected,False,0.810547,0.954427,0.521484,0.496745,1024x1536,RGBA,bboxH-high,acceptable variation,d4f2af844cf9cd5c588fe0df91e5fbcde9df993bdb3f086f7a337f33312ccc51
CRJV2000-51L,0.63,0.965,0.5,0.5,1200x1200,RGBA,,canvas|caseW-low|bboxH-high,False,True,acceptable variation,False,"canvas,caseW-low,bboxH-high; PASS_CONTENT from legacy catalog black-background review",unchanged-protected,False,0.63,0.965,0.5,0.5,1200x1200,RGBA,canvas|caseW-low|bboxH-high,acceptable variation,ae24b75e7a7032c396955ad54a60a5082b16908fc23e25b1b1a3532cd443f8dd
W1572,0.804688,0.957031,0.523438,0.494792,1024x1536,RGBA,,bboxH-high,False,True,acceptable variation,False,bboxH-high; PASS_CONTENT from legacy catalog black-background review,unchanged-protected,False,0.804688,0.957031,0.523438,0.494792,1024x1536,RGBA,bboxH-high,acceptable variation,cfef6547f0869c48c92cc6c99e1e3d36d6ec295fc65060802e05386a49741d77
W2183,0.657227,0.96875,0.499512,0.496094,1024x1536,RGBA,,caseW-low|bboxH-high,False,True,acceptable variation,False,"caseW-low,bboxH-high; PASS_CONTENT from legacy catalog black-background review",unchanged-protected,False,0.657227,0.96875,0.499512,0.496094,1024x1536,RGBA,caseW-low|bboxH-high,acceptable variation,1e4bbbb2c80818efbf83be25ace10c802810b20402ce53965cd27571a8df4ca0
W1571,0.708008,0.892578,0.525879,0.49056,1024x1536,RGBA,,caseW-low,False,True,acceptable variation,False,caseW-low; PASS_CONTENT from legacy catalog black-background review,unchanged-protected,False,0.708008,0.892578,0.525879,0.49056,1024x1536,RGBA,caseW-low,acceptable variation,4207ce9fd59aef826fe2f722aeba016f34e9c52067805be85b48543fbff84e6a
CRJV1007-07E,0.674167,0.965,0.5,0.5,1200x1200,RGBA,,canvas|caseW-low|bboxH-high,False,True,acceptable variation,False,"canvas,caseW-low,bboxH-high; PASS_CONTENT from legacy catalog black-background review",unchanged-protected,False,0.674167,0.965,0.5,0.5,1200x1200,RGBA,canvas|caseW-low|bboxH-high,acceptable variation,7d9dde681d926d783b33dee560863222b3975c0885b78dab245beb1bcaf40170
CRNY0105-81E,0.6875,0.947266,0.506348,0.493164,1024x1536,RGBA,,caseW-low,False,True,acceptable variation,False,caseW-low; PASS_CONTENT from legacy catalog black-background review,unchanged-protected,False,0.6875,0.947266,0.506348,0.493164,1024x1536,RGBA,caseW-low,acceptable variation,db6f0a2cdd9499330124db1d3536d66b41b88bec821ca51ba6a5353bcc709cf1
CRBN4026-09F,0.856445,0.944661,0.486816,0.49056,1024x1536,RGBA,,caseW-high,False,True,acceptable variation,False,caseW-high; PASS_CONTENT from legacy catalog black-background review,unchanged-protected,False,0.856445,0.944661,0.486816,0.49056,1024x1536,RGBA,caseW-high,acceptable variation,9f926269553fa49e4cc8ee5bf82242ad8acc90d140a856139501d94814affb42
W241,0.478516,0.894531,0.520996,0.484375,1024x1536,RGBA,,caseW-low,False,True,acceptable variation,False,caseW-low; PASS_CONTENT from legacy catalog black-background review,unchanged-protected,False,0.478516,0.894531,0.520996,0.484375,1024x1536,RGBA,caseW-low,acceptable variation,b05d84d3acf7618bf657440d5fa1d3f75c5fc7187e3c2e591bd20f447a60e8ff
CRVIC241843,0.865234,0.942708,0.535156,0.486328,1024x1536,RGBA,,caseW-high|case-centre-x,False,True,acceptable variation,False,"caseW-high,case-centre-x; PASS_CONTENT from legacy catalog black-background review",unchanged-protected,False,0.865234,0.942708,0.535156,0.486328,1024x1536,RGBA,caseW-high|case-centre-x,acceptable variation,b93323641b7a95993f65f5e2c2f1d079c186f6ca74ee30263ce3932cbe3a865e
CRJY0080-62E,0.977853,0.986667,0.500852,0.498889,587x900,RGBA,,canvas|caseW-high|bboxH-high,False,False,true failure,True,"canvas,caseW-high,bboxH-high; PASS_CONTENT from legacy catalog black-background review; human full-resolution review: strong perspective with looped bracelet",rerendered-and-approved,False,0.779297,0.875000,0.500000,0.500000,1024x1536,RGBA,,PASS,22d37b814119b3029e6f2e7480998944209d39382cd8699bb35f338b1fda2adb
CRH907ATNV.-.MT,0.972492,0.984444,0.497573,0.5,618x900,RGBA,,canvas|caseW-high|bboxH-high,False,True,acceptable variation,False,"canvas,caseW-high,bboxH-high; PASS_CONTENT from legacy catalog black-background review",unchanged-protected,False,0.972492,0.984444,0.497573,0.5,618x900,RGBA,canvas|caseW-high|bboxH-high,acceptable variation,205863e40fa47ca2fc41c8f9db31b0572e5fbb01a48a2cf74064ba45ed33a62a
CRH32455557,0.471429,0.994286,0.515714,0.5,700x700,RGBA,,canvas|caseW-low|bboxH-high,False,True,acceptable variation,False,"canvas,caseW-low,bboxH-high; PASS_CONTENT from legacy catalog black-background review",unchanged-protected,False,0.471429,0.994286,0.515714,0.5,700x700,RGBA,canvas|caseW-low|bboxH-high,acceptable variation,6c8173c40e585382fbe35227bfb41f4f241348af12400826c261d87f0be22163
CRRE-AU0307E00B,0.803711,0.898438,0.528809,0.492188,1024x1536,RGBA,,,True,True,approved,False,PASS_CONTENT from legacy catalog black-background review; pending v2 candidate recheck,unchanged-protected,False,0.803711,0.898438,0.528809,0.492188,1024x1536,RGBA,,approved,01bb603e61374760d5966c23f64cdbf788e146727464bb95194ebb790be75e9c
CRH901ATN.-.MT,0.978078,0.983333,0.500843,0.500556,593x900,RGBA,,canvas|caseW-high|bboxH-high,False,True,acceptable variation,False,"canvas,caseW-high,bboxH-high; PASS_CONTENT from legacy catalog black-background review",unchanged-protected,False,0.978078,0.983333,0.500843,0.500556,593x900,RGBA,canvas|caseW-high|bboxH-high,acceptable variation,16948a3de6d9914009217ad3af594ac3ffc57a1e76ddb73d0babff77198dd5d7
W2300,0.589844,0.966797,0.478516,0.495117,1024x1536,RGBA,,caseW-low|bboxH-high,False,True,acceptable variation,False,"caseW-low,bboxH-high; PASS_CONTENT from legacy catalog black-background review",unchanged-protected,False,0.589844,0.966797,0.478516,0.495117,1024x1536,RGBA,caseW-low|bboxH-high,acceptable variation,db306252c32b524e34dc3c9314f82a6dbc65556b6948b3834d29902e5f2698e3
CRH32515535,0.508571,1.0,0.521429,0.5,700x700,RGBA,,canvas|caseW-low|bboxH-high,False,True,acceptable variation,False,"canvas,caseW-low,bboxH-high; PASS_CONTENT from legacy catalog black-background review",unchanged-protected,False,0.508571,1.0,0.521429,0.5,700x700,RGBA,canvas|caseW-low|bboxH-high,acceptable variation,e4a2cecb009b7859a62cf52a14e8ea3c264a21f4ba52db55ce385a4b0a75a2ad
CRJV1005-02W,0.671667,0.965,0.500417,0.5,1200x1200,RGBA,,canvas|caseW-low|bboxH-high,False,True,acceptable variation,False,"canvas,caseW-low,bboxH-high; PASS_CONTENT from legacy catalog black-background review",unchanged-protected,False,0.671667,0.965,0.500417,0.5,1200x1200,RGBA,canvas|caseW-low|bboxH-high,acceptable variation,2c03ddd50d3c07f6ff6e656f3d1f8c4874c30a4de1bfe3fac241a20abbd6051c
CRT120.417.17.041.00,0.619048,0.891667,0.523214,0.499405,1680x1680,RGBA,,canvas|caseW-low,False,True,acceptable variation,False,"canvas,caseW-low; PASS_CONTENT from legacy catalog black-background review",unchanged-protected,False,0.619048,0.891667,0.523214,0.499405,1680x1680,RGBA,canvas|caseW-low,acceptable variation,7d32435b0015bca2767a6e57b87adf588f247cf97bf09421de8e46b756fb82cc
CRVIC242009,0.767578,0.902995,0.525391,0.485352,1024x1536,RGBA,,,True,True,approved,False,PASS_CONTENT from legacy catalog black-background review; pending v2 candidate recheck,unchanged-protected,False,0.767578,0.902995,0.525391,0.485352,1024x1536,RGBA,,approved,40a85abcb83867edf4fb759d6859a7ac579caa3548639aa5b7902892919243c3
CRVIC241978,0.759766,0.895833,0.523438,0.501302,1024x1536,RGBA,,,True,True,approved,False,PASS_CONTENT from legacy catalog black-background review; pending v2 candidate recheck,unchanged-protected,False,0.759766,0.895833,0.523438,0.501302,1024x1536,RGBA,,approved,e2cfe61d06ad62d1e14b57c483142d662da7dc8741ab61691d701bd7f7f26c20
CRT149.417.22.051.01,0.973585,0.984444,0.501887,0.498889,530x900,RGBA,,canvas|caseW-high|bboxH-high,False,True,acceptable variation,False,"canvas,caseW-high,bboxH-high; PASS_CONTENT from legacy catalog black-background review",unchanged-protected,False,0.973585,0.984444,0.501887,0.498889,530x900,RGBA,canvas|caseW-high|bboxH-high,acceptable variation,7b34b8a4288b123ae37e59ecda02604bbacb6174528052a8ddf21bfbd75d97c9
CRBJ2167-03E,0.730833,0.965,0.500417,0.5,1200x1200,RGBA,,canvas|bboxH-high,False,True,acceptable variation,False,"canvas,bboxH-high; PASS_CONTENT from legacy catalog black-background review",unchanged-protected,False,0.730833,0.965,0.500417,0.5,1200x1200,RGBA,canvas|bboxH-high,acceptable variation,859f2ac4cd7b6aac8e4a0a3f75f56b67a7f7a6a69a281c0c106ae1f11fb5bdee
CRH32715531,0.769531,0.965495,0.523438,0.49707,1024x1536,RGBA,,bboxH-high,False,True,acceptable variation,False,bboxH-high; PASS_CONTENT from legacy catalog black-background review,unchanged-protected,False,0.769531,0.965495,0.523438,0.49707,1024x1536,RGBA,bboxH-high,acceptable variation,bb03c492429dae58800d68f39ab7279c224aa7864fa4020d4990fee73ac343f1
CRT41.1.183.33~,0.967302,0.985556,0.5,0.499444,367x900,RGBA,,canvas|caseW-high|bboxH-high,False,True,acceptable variation,False,"canvas,caseW-high,bboxH-high; PASS_CONTENT from legacy catalog black-background review",unchanged-protected,False,0.967302,0.985556,0.5,0.499444,367x900,RGBA,canvas|caseW-high|bboxH-high,acceptable variation,6b4fade75314065540871f421a4f9d73eab42a6b6de93d0d949926397050a44e
CRH32612735,0.554286,1.0,0.527143,0.5,700x700,RGBA,,canvas|caseW-low|bboxH-high,False,True,acceptable variation,False,"canvas,caseW-low,bboxH-high; PASS_CONTENT from legacy catalog black-background review",unchanged-protected,False,0.554286,1.0,0.527143,0.5,700x700,RGBA,canvas|caseW-low|bboxH-high,acceptable variation,2661213d90f0842080fe397e3a02bda4781446d653a05208209a8d2b5f4f48ea
CRH32612555,0.555714,1.0,0.527857,0.5,700x700,RGBA,,canvas|caseW-low|bboxH-high,False,True,acceptable variation,False,"canvas,caseW-low,bboxH-high; PASS_CONTENT from legacy catalog black-background review",unchanged-protected,False,0.555714,1.0,0.527857,0.5,700x700,RGBA,canvas|caseW-low|bboxH-high,acceptable variation,120c9be4e9d1d588d524866432a7d106d1be1aa49bf5c790a614ce5492b8615f
W2204,0.712891,0.892578,0.518555,0.49056,1024x1536,RGBA,,caseW-low,False,True,acceptable variation,False,caseW-low; PASS_CONTENT from legacy catalog black-background review,unchanged-protected,False,0.712891,0.892578,0.518555,0.49056,1024x1536,RGBA,caseW-low,acceptable variation,7dd3e4d278623b9cee06b9b22cc09954b2481646791a13b038442392bcbf4ec3
CRJY8078-01L,0.645,0.966667,0.5,0.5,1200x1200,RGBA,,canvas|caseW-low|bboxH-high,False,True,acceptable variation,False,"canvas,caseW-low,bboxH-high; PASS_CONTENT from legacy catalog black-background review",unchanged-protected,False,0.645,0.966667,0.5,0.5,1200x1200,RGBA,canvas|caseW-low|bboxH-high,acceptable variation,1e7a6664f956047ca30c90b376bb2c7062270bab92a315bb175f32b2fa195654
CRVIC241860,0.779297,0.906901,0.541016,0.482747,1024x1536,RGBA,,case-centre-x,False,True,acceptable variation,False,case-centre-x; PASS_CONTENT from legacy catalog black-background review,unchanged-protected,False,0.779297,0.906901,0.541016,0.482747,1024x1536,RGBA,case-centre-x,acceptable variation,025261f786311ec5e29729fa9ff775fcf0be1101e45c55428545d8dba69bbb97
CRVIC241946,0.71582,0.934245,0.525879,0.495117,1024x1536,RGBA,,caseW-low,False,True,acceptable variation,False,caseW-low; PASS_CONTENT from legacy catalog black-background review,unchanged-protected,False,0.71582,0.934245,0.525879,0.495117,1024x1536,RGBA,caseW-low,acceptable variation,7f36fccedc9fbde9c39cbdff9f44e19917b70d0c50fd4e1917818655cbf75c20
W1628,0.722656,0.89388,0.52832,0.482747,1024x1536,RGBA,,caseW-low,False,True,acceptable variation,False,caseW-low; PASS_CONTENT from legacy catalog black-background review,unchanged-protected,False,0.722656,0.89388,0.52832,0.482747,1024x1536,RGBA,caseW-low,acceptable variation,72ec00e77cf108f84f4d7aa9518ce814ded7485dbb9245e403eb5d7716bab518
CRJV2006-55H,0.626667,0.960833,0.500417,0.497917,1200x1200,RGBA,,canvas|caseW-low|bboxH-high,False,True,acceptable variation,False,"canvas,caseW-low,bboxH-high; PASS_CONTENT from legacy catalog black-background review",unchanged-protected,False,0.626667,0.960833,0.500417,0.497917,1200x1200,RGBA,canvas|caseW-low|bboxH-high,acceptable variation,0fc689c14fdeaffb71aa1db5cfcd6ab59c6cd50071f3832d7cf302ffe44ed652
W1651,0.727539,0.929688,0.522949,0.494792,1024x1536,RGBA,,caseW-low,False,True,acceptable variation,False,caseW-low; PASS_CONTENT from legacy catalog black-background review,unchanged-protected,False,0.727539,0.929688,0.522949,0.494792,1024x1536,RGBA,caseW-low,acceptable variation,4680939a36e67cb4cd31de527680fc8357a3575fd42bfa29104f14a527ca1932
W1671,0.594727,0.945964,0.518066,0.491211,1024x1536,RGBA,,caseW-low,False,True,acceptable variation,False,caseW-low; PASS_CONTENT from legacy catalog black-background review,unchanged-protected,False,0.594727,0.945964,0.518066,0.491211,1024x1536,RGBA,caseW-low,acceptable variation,cbb29766f0233cfa5726f9585af6d879888c219354ac57a2d5032ffd914eb0d4
W1693,0.675781,0.927734,0.520508,0.493164,1024x1536,RGBA,,caseW-low,False,True,acceptable variation,False,caseW-low; PASS_CONTENT from legacy catalog black-background review,unchanged-protected,False,0.675781,0.927734,0.520508,0.493164,1024x1536,RGBA,caseW-low,acceptable variation,7d534be2d6f42acb55414387df0b1e34df258bedb848c267813292b80e19dd3e
CRH64515337,0.770508,0.955729,0.51709,0.499349,1024x1536,RGBA,,bboxH-high,False,True,acceptable variation,False,bboxH-high; PASS_CONTENT from legacy catalog black-background review,unchanged-protected,False,0.770508,0.955729,0.51709,0.499349,1024x1536,RGBA,bboxH-high,acceptable variation,afaae4da5fc82bc1c478b633708fd85028b3e3bf78658464ea7e68b0898f084c
CRRF74-SNE587,0.753906,0.945964,0.522461,0.492513,1024x1536,RGBA,,,True,True,approved,False,PASS_CONTENT from legacy catalog black-background review; pending v2 candidate recheck,unchanged-protected,False,0.753906,0.945964,0.522461,0.492513,1024x1536,RGBA,,approved,7bca7c0d4c3936e62005ce7a6578d48e46abc800ceee4b049a23450c67c7c72b
CRT120.410.22.051.01,0.974308,0.595556,0.500988,0.542222,506x900,RGBA,,canvas|caseW-high|bboxH-low|case-centre-y,False,False,true failure,True,"canvas,caseW-high,bboxH-low,case-centre-y; FAIL_CONTENT: head-only presentation; matching bracelet is missing; human full-resolution review: watch head has no visible strap or bracelet",rerendered-and-approved,False,0.779297,0.873047,0.500000,0.500326,1024x1536,RGBA,,PASS,b3ec89289472df39eed2b278d296ceb72728ae7b926d0f4c04a719c658c28d42
CRH82315931,0.527143,1.0,0.520714,0.5,700x700,RGBA,,canvas|caseW-low|bboxH-high,False,False,true failure,True,"canvas,caseW-low,bboxH-high; PASS_CONTENT from legacy catalog black-background review; human full-resolution review: severely zoomed-out full-strap presentation with hardware visible",rerendered-and-approved,False,0.780273,0.911458,0.499512,0.500000,1024x1536,RGBA,,PASS,ce68e7e945fe6d5bdfc75d243dc23b725b71a379ce9c4c89aa3dc8bc664b8a70
CRCB5004-59W,0.644167,0.965,0.500417,0.5,1200x1200,RGBA,,canvas|caseW-low|bboxH-high,False,True,acceptable variation,False,"canvas,caseW-low,bboxH-high; PASS_CONTENT from legacy catalog black-background review",unchanged-protected,False,0.644167,0.965,0.500417,0.5,1200x1200,RGBA,canvas|caseW-low|bboxH-high,acceptable variation,ce7a1e8ce698f6d61d9a09ed26d49dd4a7ea9840f50a04fcb57d4c176f2d32d6
CRAT8300-58L,0.623333,0.960833,0.5,0.500417,1200x1200,RGBA,,canvas|caseW-low|bboxH-high,False,True,acceptable variation,False,"canvas,caseW-low,bboxH-high; PASS_CONTENT from legacy catalog black-background review",unchanged-protected,False,0.623333,0.960833,0.5,0.500417,1200x1200,RGBA,canvas|caseW-low|bboxH-high,acceptable variation,0a8a4f92ec2866bbd35fe77a4fa782696dd7c5f22f20f47785973625e5da4934
W1578,0.728516,0.938802,0.524414,0.497396,1024x1536,RGBA,,caseW-low,False,True,acceptable variation,False,caseW-low; PASS_CONTENT from legacy catalog black-background review,unchanged-protected,False,0.728516,0.938802,0.524414,0.497396,1024x1536,RGBA,caseW-low,acceptable variation,c61b438fc70ff76fccc5df1d8bab6007db2f187bbcc9f57b4aae0259d58c3ff0
CRH82305931,0.565714,1.0,0.518571,0.5,700x700,RGBA,,canvas|caseW-low|bboxH-high,False,False,true failure,True,"canvas,caseW-low,bboxH-high; PASS_CONTENT from legacy catalog black-background review; human full-resolution review: severely zoomed-out full-strap presentation with hardware visible",rerendered-and-approved,False,0.780273,0.911458,0.499512,0.500000,1024x1536,RGBA,,PASS,b4a6fc6568297956f118cd715d3a4ed30f8ebb6b37d0e32f3d8cbb109718da83
CRJY8085-14H,0.974446,0.985556,0.5,0.499444,587x900,RGBA,,canvas|caseW-high|bboxH-high,False,True,acceptable variation,False,"canvas,caseW-high,bboxH-high; PASS_CONTENT from legacy catalog black-background review",unchanged-protected,False,0.974446,0.985556,0.5,0.499444,587x900,RGBA,canvas|caseW-high|bboxH-high,acceptable variation,23e80090c49c9b1be1f4307ca1c296107dbf063a9b863975dfa9b3d985986e9e
WW820,0.980769,0.994,0.5,0.503,520x1000,RGBA,,canvas|caseW-high|bboxH-high,False,True,acceptable variation,False,"canvas,caseW-high,bboxH-high; PASS_CONTENT from legacy catalog black-background review",unchanged-protected,False,0.980769,0.994,0.5,0.503,520x1000,RGBA,canvas|caseW-high|bboxH-high,acceptable variation,a6992a2c029bceb51425b2dbb8cb1bbde24c78076cbecced61b1eee2890f3a1d
CRH24251391,0.464286,1.0,0.517857,0.5,700x700,RGBA,,canvas|caseW-low|bboxH-high,False,False,true failure,True,"canvas,caseW-low,bboxH-high; PASS_CONTENT from legacy catalog black-background review; human full-resolution review: strong side-facing presentation",rerendered-and-approved,False,0.780273,0.911458,0.499512,0.500000,1024x1536,RGBA,,PASS,17df976dfcc7fecc993dae45dca954247f0bd91bfcaba9d8a6eb4e81ddcbae1b
CRH1810ATAN.-.MT,0.971631,0.98109,0.499113,0.499444,564x899,RGBA,,canvas|caseW-high|bboxH-high,False,True,acceptable variation,False,"canvas,caseW-high,bboxH-high; PASS_CONTENT from legacy catalog black-background review",unchanged-protected,False,0.971631,0.98109,0.499113,0.499444,564x899,RGBA,canvas|caseW-high|bboxH-high,acceptable variation,7d3ddfd6d79937b65419961b57bf071d921ff20d264be6f246817723b3d70eeb
W1573,0.711914,0.951823,0.518066,0.49349,1024x1536,RGBA,,caseW-low|bboxH-high,False,True,acceptable variation,False,"caseW-low,bboxH-high; PASS_CONTENT from legacy catalog black-background review",unchanged-protected,False,0.711914,0.951823,0.518066,0.49349,1024x1536,RGBA,caseW-low|bboxH-high,acceptable variation,1963443a92b32b4df0a6c0cb0d344f29537ed34aa8b6f9513f3785bae67e65fc
CRJY8084-17H,0.975904,0.986667,0.498279,0.498889,581x900,RGBA,,canvas|caseW-high|bboxH-high,False,True,acceptable variation,False,"canvas,caseW-high,bboxH-high; PASS_CONTENT from legacy catalog black-background review",unchanged-protected,False,0.975904,0.986667,0.498279,0.498889,581x900,RGBA,canvas|caseW-high|bboxH-high,acceptable variation,ec024a6b201ec9220a1df23fb61451ab84c2cff8b891579269a496435e8b3dba
CRJY8149-05E,0.684167,0.965,0.500417,0.5,1200x1200,RGBA,,canvas|caseW-low|bboxH-high,False,False,true failure,True,"canvas,caseW-low,bboxH-high; PASS_CONTENT from legacy catalog black-background review; human full-resolution review: head-only or incomplete strap presentation",rerendered-and-approved,False,0.781250,0.911458,0.500000,0.500000,1024x1536,RGBA,,PASS,5f5b40802e1806a732d00efefcdec88d903eba8ccdaed4d3fa505d142750c90e
CRVIC241861,0.717773,0.833984,0.537598,0.484049,1024x1536,RGBA,,caseW-low|bboxH-low|case-centre-x,False,True,acceptable variation,False,"caseW-low,bboxH-low,case-centre-x; PASS_CONTENT from legacy catalog black-background review",unchanged-protected,False,0.717773,0.833984,0.537598,0.484049,1024x1536,RGBA,caseW-low|bboxH-low|case-centre-x,acceptable variation,0576ad78344e1f3a3424a9151ab786a44acbe2723518e229d59203a8e70886e6
CRGPR-H1000-1,0.72,0.945833,0.499583,0.499583,1200x1200,RGBA,,canvas|caseW-low,False,True,acceptable variation,False,"canvas,caseW-low; PASS_CONTENT from legacy catalog black-background review",unchanged-protected,False,0.72,0.945833,0.499583,0.499583,1200x1200,RGBA,canvas|caseW-low,acceptable variation,47c0ed02523f50dcef0ca583e192219790061b06baf72bb21be40b65d0ce89fa
CRSDJ00001B0,0.725586,0.923828,0.519043,0.495117,1024x1536,RGBA,,caseW-low,False,True,acceptable variation,False,caseW-low; PASS_CONTENT from legacy catalog black-background review,unchanged-protected,False,0.725586,0.923828,0.519043,0.495117,1024x1536,RGBA,caseW-low,acceptable variation,158b3ccfde54548e8a8f0fb26568b733ac45570c097d69874bbaab32954b6299
WW627,0.960265,0.992214,0.498896,0.500556,453x899,RGBA,,canvas|caseW-high|bboxH-high,False,True,acceptable variation,False,"canvas,caseW-high,bboxH-high; PASS_CONTENT from legacy catalog black-background review",unchanged-protected,False,0.960265,0.992214,0.498896,0.500556,453x899,RGBA,canvas|caseW-high|bboxH-high,acceptable variation,4a75df5f40c0264f430ef5f065ac7aa6da9bcaa4bc6bd8f78115b41e13d46d7d
CRT127.410.44.081.00~,0.539232,0.881188,0.498331,0.454303,1198x1313,RGBA,,canvas|caseW-low|case-centre-y,False,True,acceptable variation,False,"canvas,caseW-low,case-centre-y; PASS_CONTENT from legacy catalog black-background review",unchanged-protected,False,0.539232,0.881188,0.498331,0.454303,1198x1313,RGBA,canvas|caseW-low|case-centre-y,acceptable variation,219fdbfc8a5e6ef8062895a85a62f01134b1eb0254d8b0c5866dc18758b8ca23
CRBN2037-11E,0.981791,0.983333,0.5,0.499444,659x900,RGBA,,canvas|caseW-high|bboxH-high,False,False,true failure,True,"canvas,caseW-high,bboxH-high; PASS_CONTENT from legacy catalog black-background review; human full-resolution review: strong perspective with looped strap",rerendered-and-approved,False,0.779297,0.909505,0.500488,0.499674,1024x1536,RGBA,,PASS,df43f15fa16f78f11082f804292d573f58cbaab0af6903e249b93f9b66688b10
WW802,0.982524,0.995,0.499029,0.5005,515x1000,RGBA,,canvas|caseW-high|bboxH-high,False,True,acceptable variation,False,"canvas,caseW-high,bboxH-high; PASS_CONTENT from legacy catalog black-background review",unchanged-protected,False,0.982524,0.995,0.499029,0.5005,515x1000,RGBA,canvas|caseW-high|bboxH-high,acceptable variation,87eb90240758fba2963b25dda0b1b65a6ed1e3963638d1b7dacb296d9ab4a8a5
W1654,0.59375,0.914714,0.499023,0.493164,1024x1536,RGBA,,caseW-low,False,True,acceptable variation,False,caseW-low; PASS_CONTENT from legacy catalog black-background review,unchanged-protected,False,0.59375,0.914714,0.499023,0.493164,1024x1536,RGBA,caseW-low,acceptable variation,4643c54a5c39b0168a7532a89b247ec02bdac25ac790cbac6762bca667342361
CRH70365983,0.448571,0.995714,0.516429,0.500714,700x700,RGBA,,canvas|caseW-low|bboxH-high,False,True,acceptable variation,False,"canvas,caseW-low,bboxH-high; PASS_CONTENT from legacy catalog black-background review",unchanged-protected,False,0.448571,0.995714,0.516429,0.500714,700x700,RGBA,canvas|caseW-low|bboxH-high,acceptable variation,ad194a39f866364585bfbf59f71d9dd5461eee063364416be1a22b2f098b931a
CRH37451141,0.495714,0.995714,0.519286,0.499286,700x700,RGBA,,canvas|caseW-low|bboxH-high,False,True,acceptable variation,False,"canvas,caseW-low,bboxH-high; PASS_CONTENT from legacy catalog black-background review",unchanged-protected,False,0.495714,0.995714,0.519286,0.499286,700x700,RGBA,canvas|caseW-low|bboxH-high,acceptable variation,b743e540da56f0e51b7d8c3e66cf40ff74c83302bc03c7389d70bbe4e1fffcd1
CRXS.3001.H,0.532407,0.897222,0.506944,0.500463,1080x1080,RGBA,,canvas|caseW-low,False,True,acceptable variation,False,"canvas,caseW-low; PASS_CONTENT from legacy catalog black-background review",unchanged-protected,False,0.532407,0.897222,0.506944,0.500463,1080x1080,RGBA,canvas|caseW-low,acceptable variation,a988e3086320ba706dcf59204408bd836933e51d3be61056af2157a4f06f7529
W1554,0.707031,0.883464,0.506836,0.476888,1024x1536,RGBA,,caseW-low,False,True,acceptable variation,False,caseW-low; PASS_CONTENT from legacy catalog black-background review,unchanged-protected,False,0.707031,0.883464,0.506836,0.476888,1024x1536,RGBA,caseW-low,acceptable variation,6ae09089b293d9980aa563c49c9e6adf8eca875eace82643e63b9457f3fdb297
W1606,0.748047,0.964193,0.509766,0.500326,1024x1536,RGBA,,bboxH-high,False,True,acceptable variation,False,bboxH-high; PASS_CONTENT from legacy catalog black-background review,unchanged-protected,False,0.748047,0.964193,0.509766,0.500326,1024x1536,RGBA,bboxH-high,acceptable variation,067ade60ce90ce4effd097ca36ea9e382053152f4f1df72aaeb79ec4a37c4a25
CRH76525751,0.562857,1.0,0.518571,0.5,700x700,RGBA,,canvas|caseW-low|bboxH-high,False,True,acceptable variation,False,"canvas,caseW-low,bboxH-high; PASS_CONTENT from legacy catalog black-background review",unchanged-protected,False,0.562857,1.0,0.518571,0.5,700x700,RGBA,canvas|caseW-low|bboxH-high,acceptable variation,8b8a070e0c0d8771af7b538cc73322b2b8a182d0ed7e44027950d4b4d3c70828
CRRF832SRH014P1,0.848633,0.969401,0.526855,0.498372,1024x1536,RGBA,,caseW-high|bboxH-high,False,True,acceptable variation,False,"caseW-high,bboxH-high; PASS_CONTENT from legacy catalog black-background review",unchanged-protected,False,0.848633,0.969401,0.526855,0.498372,1024x1536,RGBA,caseW-high|bboxH-high,acceptable variation,4310d091cb8c102307105cfc71e38aa860aa3a3e16d24171a4ec19c6b0397110
CR97B223,0.526667,0.985,0.5,0.5,1200x1200,RGBA,,canvas|caseW-low|bboxH-high,False,True,acceptable variation,False,"canvas,caseW-low,bboxH-high; PASS_CONTENT from legacy catalog black-background review",unchanged-protected,False,0.526667,0.985,0.5,0.5,1200x1200,RGBA,canvas|caseW-low|bboxH-high,acceptable variation,75fd30afa9d89ead415c7dcb5da4b9670eaa3dc561dfc3d83e73fdfed3e174c4
CRH77612133,0.61,1.0,0.490714,0.5,700x700,RGBA,,canvas|caseW-low|bboxH-high,False,False,true failure,True,"canvas,caseW-low,bboxH-high; PASS_CONTENT from legacy catalog black-background review; human full-resolution review: watch is over-cropped at image bounds",rerendered-and-approved,False,0.780273,0.886068,0.500000,0.499674,1024x1536,RGBA,,PASS,9f9f408c29a16dc0acddc4a0f148feec54e7697074c916a7333267ccdabb2447
W240,0.704028,0.932,0.499124,0.5,571x1000,RGBA,,canvas|caseW-low,False,False,true failure,True,"canvas,caseW-low; PASS_CONTENT from legacy catalog black-background review; human full-resolution review: strong perspective with looped strap",rerendered-and-approved,False,0.779297,0.911458,0.500488,0.500000,1024x1536,RGBA,,PASS,230d613d82a909cf4ab85961795abddfc821b94ada8e74b1d275b2e57771767f
W1622,0.710938,0.913411,0.519531,0.488607,1024x1536,RGBA,,caseW-low,False,True,acceptable variation,False,caseW-low; PASS_CONTENT from legacy catalog black-background review,unchanged-protected,False,0.710938,0.913411,0.519531,0.488607,1024x1536,RGBA,caseW-low,acceptable variation,127544324718837b937464b0d3c6987f5bfce0f80db6da2360e5c4d726215e16
W1586,0.692383,0.960286,0.507324,0.498372,1024x1536,RGBA,,caseW-low|bboxH-high,False,True,acceptable variation,False,"caseW-low,bboxH-high; PASS_CONTENT from legacy catalog black-background review",unchanged-protected,False,0.692383,0.960286,0.507324,0.498372,1024x1536,RGBA,caseW-low|bboxH-high,acceptable variation,86be969160e8ce9884cdbacf69182095b036f2f6fb296ac87c31fa6c91d71f95
CRRE-AT0107S00B,0.744141,0.895833,0.517578,0.49349,1024x1536,RGBA,,,True,True,approved,False,PASS_CONTENT from legacy catalog black-background review; pending v2 candidate recheck,unchanged-protected,False,0.744141,0.895833,0.517578,0.49349,1024x1536,RGBA,,approved,723a572380f285329a08096aaaf51e418bd255bafc7a2663c7eac933ac04cd6b
W2274,0.789062,0.966146,0.506836,0.498698,1024x1536,RGBA,,bboxH-high,False,False,true failure,True,bboxH-high; PASS_CONTENT from legacy catalog black-background review; human full-resolution review: strong perspective with looped bracelet,rerendered-and-approved,False,0.779297,0.910807,0.500000,0.500326,1024x1536,RGBA,,PASS,e86598a0b5aa4f906585b2bc5bd618733c178bc384d1d7f501ce8c040bc64314
CRBJ2105-51E,0.931507,0.931111,0.5,0.5,584x900,RGBA,,canvas|caseW-high,False,False,true failure,True,"canvas,caseW-high; PASS_CONTENT from legacy catalog black-background review; human full-resolution review: strong perspective with looped bracelet",rerendered-and-approved,False,0.778320,0.911458,0.500488,0.500000,1024x1536,RGBA,,PASS,df1c3bd0c0979b93f24a2857745a55c1a65d8b74a44c8999ca636edf1f26fa13
W1585,0.704102,0.969401,0.508301,0.496419,1024x1536,RGBA,,caseW-low|bboxH-high,False,True,acceptable variation,False,"caseW-low,bboxH-high; PASS_CONTENT from legacy catalog black-background review",unchanged-protected,False,0.704102,0.969401,0.508301,0.496419,1024x1536,RGBA,caseW-low|bboxH-high,acceptable variation,3095df35b1f789a41ee29c0739b4a9e35f9c4dafc3c2ddc6660463afc4d04d4b
CRBY3006-53E,0.975652,0.984444,0.5,0.498889,575x900,RGBA,,canvas|caseW-high|bboxH-high,False,False,true failure,True,"canvas,caseW-high,bboxH-high; PASS_CONTENT from legacy catalog black-background review; human full-resolution review: strong perspective with looped bracelet",rerendered-and-approved,False,0.781250,0.856120,0.500000,0.500326,1024x1536,RGBA,,PASS,0b018d77e26861ff3ed6e01839b1dcf1502e342e037874c6708556c5483b5725
CRT120.410.33.091.00,0.911937,0.933333,0.499022,0.5,511x900,RGBA,,canvas|caseW-high,False,True,acceptable variation,False,"canvas,caseW-high; PASS_CONTENT from legacy catalog black-background review",unchanged-protected,False,0.911937,0.933333,0.499022,0.5,511x900,RGBA,canvas|caseW-high,acceptable variation,fce3d2c236f04566afc42441f150c8690e89ed678ba0df4f064cc221dccc0d20
CRH64515133,0.524286,0.997143,0.520714,0.5,700x700,RGBA,,canvas|caseW-low|bboxH-high,False,True,acceptable variation,False,"canvas,caseW-low,bboxH-high; PASS_CONTENT from legacy catalog black-background review",unchanged-protected,False,0.524286,0.997143,0.520714,0.5,700x700,RGBA,canvas|caseW-low|bboxH-high,acceptable variation,2738e37ae2658f359141b4d8877a44b3b055cf2dcf0f4818b851d00ef5207dc3
WW542,0.894155,0.933,0.49921,0.5005,633x1000,RGBA,,canvas|caseW-high,False,False,true failure,True,"canvas,caseW-high; PASS_CONTENT from legacy catalog black-background review; human full-resolution review: strong perspective with looped strap",rerendered-and-approved,False,0.780273,0.911458,0.500000,0.500000,1024x1536,RGBA,,PASS,edb167023f66316fad82f75c705520d3d9575e91de1cfa9d064a727839589e39
W1667,0.744141,0.969401,0.499023,0.499674,1024x1536,RGBA,,bboxH-high,False,True,acceptable variation,False,bboxH-high; PASS_CONTENT from legacy catalog black-background review,unchanged-protected,False,0.744141,0.969401,0.499023,0.499674,1024x1536,RGBA,bboxH-high,acceptable variation,f57b0aa855ab8605a8d1b317d0b91e9ce21843ac7c000300128b314ff29d3b38
WW702,0.983402,0.993,0.5,0.5035,482x1000,RGBA,,canvas|caseW-high|bboxH-high,False,True,acceptable variation,False,"canvas,caseW-high,bboxH-high; PASS_CONTENT from legacy catalog black-background review",unchanged-protected,False,0.983402,0.993,0.5,0.5035,482x1000,RGBA,canvas|caseW-high|bboxH-high,acceptable variation,5b6857a224d8cff33fa00d992054fba7bb7f2e2f8d3dd6c6dc65f1a5404749f9
W2273,0.546875,0.958984,0.500977,0.499674,1024x1536,RGBA,,caseW-low|bboxH-high,False,True,acceptable variation,False,"caseW-low,bboxH-high; PASS_CONTENT from legacy catalog black-background review",unchanged-protected,False,0.546875,0.958984,0.500977,0.499674,1024x1536,RGBA,caseW-low|bboxH-high,acceptable variation,08ff76ebd62f5704784254e04eab4d1ab46ec4817c17887d688674386e730cf7
CRRF1050SUN065P1,0.974359,0.983333,0.500855,0.500556,585x900,RGBA,,canvas|caseW-high|bboxH-high,False,False,true failure,True,"canvas,caseW-high,bboxH-high; PASS_CONTENT from legacy catalog black-background review; human full-resolution review: over-cropped head-dominant presentation",rerendered-and-approved,False,0.779297,0.911458,0.500000,0.500000,1024x1536,RGBA,,PASS,537c272467c8a497695e22ec6c67a65b83f4ecffb518fc325fb7ca132edafce1
W1553,0.828125,0.940104,0.511719,0.494141,1024x1536,RGBA,,,True,True,approved,False,PASS_CONTENT from legacy catalog black-background review; pending v2 candidate recheck,unchanged-protected,False,0.828125,0.940104,0.511719,0.494141,1024x1536,RGBA,,approved,d218051d38eb7694c04c4c6a29016e50e0dcabc4a2b9175377f480df03bc710c
CRXS.3122,0.562963,0.902778,0.511111,0.502315,1080x1080,RGBA,,canvas|caseW-low,False,True,acceptable variation,False,"canvas,caseW-low; PASS_CONTENT from legacy catalog black-background review",unchanged-protected,False,0.562963,0.902778,0.511111,0.502315,1080x1080,RGBA,canvas|caseW-low,acceptable variation,b935b7df0d974678aa1cea352f4263e7d5103b0239cf53c5690d5389f1fd21e6
CRBJ8055-04X,0.974403,0.983333,0.500853,0.500556,586x900,RGBA,,canvas|caseW-high|bboxH-high,False,True,acceptable variation,False,"canvas,caseW-high,bboxH-high; PASS_CONTENT from legacy catalog black-background review",unchanged-protected,False,0.974403,0.983333,0.500853,0.500556,586x900,RGBA,canvas|caseW-high|bboxH-high,acceptable variation,40e7d1cd4887437fc6c53dcbdb4553a7317e239121aab80007312e09b201cdf1
CRXS.3590.NSF.SET,0.583333,0.911111,0.508333,0.501852,1080x1080,RGBA,,canvas|caseW-low,False,False,true failure,True,"canvas,caseW-low; PASS_CONTENT from legacy catalog black-background review; human full-resolution review: head-only or incomplete strap presentation",rerendered-and-approved,False,0.780273,0.911458,0.499512,0.500000,1024x1536,RGBA,,PASS,7a80f9c40892265d1ac26ae05978de2cac05caf2c95a3dab86a1445a5c19d46a
CRVIC241897,0.978339,0.984444,0.5,0.498889,554x900,RGBA,,canvas|caseW-high|bboxH-high,False,True,acceptable variation,False,"canvas,caseW-high,bboxH-high; PASS_CONTENT from legacy catalog black-background review",unchanged-protected,False,0.978339,0.984444,0.5,0.498889,554x900,RGBA,canvas|caseW-high|bboxH-high,acceptable variation,5190099372a61d701477edb7d928bb65a20c6a050c7229912ed832921db23064
CR96B251,0.631667,1.0,0.5,0.5,1200x1200,RGBA,,canvas|caseW-low|bboxH-high,False,False,true failure,True,"canvas,caseW-low,bboxH-high; PASS_CONTENT from legacy catalog black-background review; human full-resolution review: watch is over-cropped at image bounds",rerendered-and-approved,False,0.781250,0.911458,0.500000,0.500000,1024x1536,RGBA,,PASS,e54bbd11d5cd44fea13fa259759f1dd28b0c8cf41eb8c1652883ad2eb429dfd6
CRVIC241778,0.728516,0.948568,0.532227,0.497721,1024x1536,RGBA,,caseW-low|case-centre-x,False,True,acceptable variation,False,"caseW-low,case-centre-x; PASS_CONTENT from legacy catalog black-background review",unchanged-protected,False,0.728516,0.948568,0.532227,0.497721,1024x1536,RGBA,caseW-low|case-centre-x,acceptable variation,d4351c97ed029c645b498a16484462dc260702e43fbc3a414aaec3327475794b
CRT116.617.22.091.00~,0.609375,0.891875,0.525312,0.499688,1600x1600,RGBA,,canvas|caseW-low,False,True,acceptable variation,False,"canvas,caseW-low; PASS_CONTENT from legacy catalog black-background review",unchanged-protected,False,0.609375,0.891875,0.525312,0.499688,1600x1600,RGBA,canvas|caseW-low,acceptable variation,dd1233b0c6bdec4b0dc6cf29a87d610b3675e09c50364c771fb39dbcb9d94a17
CRVIC241869,0.755859,0.904297,0.529297,0.49056,1024x1536,RGBA,,,True,True,approved,False,PASS_CONTENT from legacy catalog black-background review; pending v2 candidate recheck,unchanged-protected,False,0.755859,0.904297,0.529297,0.49056,1024x1536,RGBA,,approved,c97d9c83203b992c05f547eed3a51db1fb6b2da7117626491632f437164f4950
CRBN1025-08L,0.63,0.965,0.500417,0.5,1200x1200,RGBA,,canvas|caseW-low|bboxH-high,False,True,acceptable variation,False,"canvas,caseW-low,bboxH-high; PASS_CONTENT from legacy catalog black-background review",unchanged-protected,False,0.63,0.965,0.500417,0.5,1200x1200,RGBA,canvas|caseW-low|bboxH-high,acceptable variation,fc62f8c42a6165bbaced4894052cbf1f65a8fccd677b021a9a74072736d76ff6
CRAS4050-51E,0.977929,0.985556,0.499151,0.500556,589x900,RGBA,,canvas|caseW-high|bboxH-high,False,False,true failure,True,"canvas,caseW-high,bboxH-high; PASS_CONTENT from legacy catalog black-background review; human full-resolution review: strong perspective with looped bracelet",rerendered-and-approved,False,0.780273,0.897135,0.500488,0.500000,1024x1536,RGBA,,PASS,c65ef37459ab66fa71a98b3cf83b7d4795eff5bc7c5f761ae544fa7b81629afe
W2272,0.580542,0.978469,0.51236,0.499601,1254x1254,RGBA,,canvas|caseW-low|bboxH-high,False,True,acceptable variation,False,"canvas,caseW-low,bboxH-high; PASS_CONTENT from legacy catalog black-background review",unchanged-protected,False,0.580542,0.978469,0.51236,0.499601,1254x1254,RGBA,canvas|caseW-low|bboxH-high,acceptable variation,174b8d0dfb94bb8c4e9b5e3b16391ff5f3e7dbfbb502922746c4dce6a5074b1c
W1708,0.734375,0.953776,0.519531,0.49707,1024x1536,RGBA,,bboxH-high,False,True,acceptable variation,False,bboxH-high; PASS_CONTENT from legacy catalog black-background review,unchanged-protected,False,0.734375,0.953776,0.519531,0.49707,1024x1536,RGBA,bboxH-high,acceptable variation,9b7b6711829989d0b2ca36a02b032b68f5a000967b47db6556c3f820f24f1890
W2307,0.5,0.944661,0.495117,0.487956,1024x1536,RGBA,,caseW-low,False,True,acceptable variation,False,caseW-low; PASS_CONTENT from legacy catalog black-background review,unchanged-protected,False,0.5,0.944661,0.495117,0.487956,1024x1536,RGBA,caseW-low,acceptable variation,ed4eea3a35511436838e3ab7d067ff7667cb960ec1c61e37b27d25968878b7a7
CRXS.3141,0.971857,0.984444,0.499062,0.501111,533x900,RGBA,,canvas|caseW-high|bboxH-high,False,True,acceptable variation,False,"canvas,caseW-high,bboxH-high; PASS_CONTENT from legacy catalog black-background review",unchanged-protected,False,0.971857,0.984444,0.499062,0.501111,533x900,RGBA,canvas|caseW-high|bboxH-high,acceptable variation,a59a904e4464c54e59b00f8a6121aea8da75c5d559480df543d449fa34bc9136
WW268,0.957004,0.990374,0.498613,0.504813,721x935,RGBA,,canvas|caseW-high|bboxH-high,False,False,true failure,True,"canvas,caseW-high,bboxH-high; PASS_CONTENT from legacy catalog black-background review; human full-resolution review: over-cropped head-dominant presentation",rerendered-and-approved,False,0.780273,0.856771,0.499512,0.500000,1024x1536,RGBA,,PASS,46bfe2537cf746d5cb22ed9f60e251ab55bfa5325f0a116d628d8ebbccb62a3a
CRBN0156-56E,0.698242,0.950521,0.50293,0.495443,1024x1536,RGBA,,caseW-low|bboxH-high,False,True,acceptable variation,False,"caseW-low,bboxH-high; PASS_CONTENT from legacy catalog black-background review",unchanged-protected,False,0.698242,0.950521,0.50293,0.495443,1024x1536,RGBA,caseW-low|bboxH-high,acceptable variation,1d12f3f243da267227c6c97166dc90fb801bcdb54a954342c517c7d7664c0ce7
CRCB5009-55E,0.978078,0.988889,0.500843,0.497778,593x900,RGBA,,canvas|caseW-high|bboxH-high,False,False,true failure,True,"canvas,caseW-high,bboxH-high; PASS_CONTENT from legacy catalog black-background review; human full-resolution review: strong perspective with looped bracelet",rerendered-and-approved,False,0.780273,0.894531,0.500488,0.500000,1024x1536,RGBA,,PASS,e5fc7f926831d4b0e846b090411ebe7c16cd5e820d0452abf99108f6f26392c5
W2299,0.503906,0.914714,0.515137,0.498372,1024x1536,RGBA,,caseW-low,False,True,acceptable variation,False,caseW-low; PASS_CONTENT from legacy catalog black-background review,unchanged-protected,False,0.503906,0.914714,0.515137,0.498372,1024x1536,RGBA,caseW-low,acceptable variation,8300a88127538d70152985ec21b596ef131bf6985619155bd2629a368fa29d97
CRVIC242007,0.75293,0.968099,0.519043,0.499023,1024x1536,RGBA,,bboxH-high,False,True,acceptable variation,False,bboxH-high; PASS_CONTENT from legacy catalog black-background review,unchanged-protected,False,0.75293,0.968099,0.519043,0.499023,1024x1536,RGBA,bboxH-high,acceptable variation,f04717d2c9f6f607d688580dbb4267e69ed575d143d88f76af654a7733708551
CRVIC241934,0.789062,0.959635,0.530762,0.501302,1024x1536,RGBA,,bboxH-high|case-centre-x,False,True,acceptable variation,False,"bboxH-high,case-centre-x; PASS_CONTENT from legacy catalog black-background review",unchanged-protected,False,0.789062,0.959635,0.530762,0.501302,1024x1536,RGBA,bboxH-high|case-centre-x,acceptable variation,77f475901143a1110340019b3329e3b6579f81e4d7a601ac2fec4cd773b737bf
CRVIC242014,0.755859,0.914062,0.526367,0.492839,1024x1536,RGBA,,,True,True,approved,False,PASS_CONTENT from legacy catalog black-background review; pending v2 candidate recheck,unchanged-protected,False,0.755859,0.914062,0.526367,0.492839,1024x1536,RGBA,,approved,a6b7e6247e7671173475b8b37c0730b186c6ea8348200e3f001fc9a23fee09d8
CRCB5925-82X,0.977312,0.984444,0.500873,0.5,573x900,RGBA,,canvas|caseW-high|bboxH-high,False,False,true failure,True,"canvas,caseW-high,bboxH-high; PASS_CONTENT from legacy catalog black-background review; human full-resolution review: strong perspective with looped bracelet",rerendered-and-approved,False,0.779297,0.867188,0.500000,0.500000,1024x1536,RGBA,,PASS,0da2088e70ae85775dd82d4025ac5d0a9e2f2e59eae506a510727d84969ef487
CR96B439,0.526667,0.985,0.5,0.5,1200x1200,RGBA,,canvas|caseW-low|bboxH-high,False,True,acceptable variation,False,"canvas,caseW-low,bboxH-high; PASS_CONTENT from legacy catalog black-background review",unchanged-protected,False,0.526667,0.985,0.5,0.5,1200x1200,RGBA,canvas|caseW-low|bboxH-high,acceptable variation,f94e23a235b40da61ed9c21306431ae764b331970fb99af9d36c3567317c68ec
CRVIC241733,0.75293,0.882812,0.530762,0.472656,1024x1536,RGBA,,case-centre-x,False,True,acceptable variation,False,case-centre-x; PASS_CONTENT from legacy catalog black-background review,unchanged-protected,False,0.75293,0.882812,0.530762,0.472656,1024x1536,RGBA,case-centre-x,acceptable variation,d4073734edd02179969d86eb2f9f9b19aa4a84ae22909585bfe5f3111513173c
WW600,0.986817,1.0,0.500942,0.5,531x1000,RGBA,,canvas|caseW-high|bboxH-high,False,False,true failure,True,"canvas,caseW-high,bboxH-high; PASS_CONTENT from legacy catalog black-background review; human full-resolution review: strong perspective with looped bracelet and over-cropping",rerendered-and-approved,False,0.780273,0.911458,0.500488,0.500000,1024x1536,RGBA,,PASS,04dadb5a02c8ec79d7d75f974ab6bb96cd01fcf55f550be77132906c341c5366
CRT149.417.11.041.00,0.541667,0.891667,0.520833,0.5,1680x1680,RGBA,,canvas|caseW-low,False,True,acceptable variation,False,"canvas,caseW-low; PASS_CONTENT from legacy catalog black-background review",unchanged-protected,False,0.541667,0.891667,0.520833,0.5,1680x1680,RGBA,canvas|caseW-low,acceptable variation,738b24623eeb3c5cccff35a7da5aadfd5776013ef6e31586cee1902649bdfa65
CRSDJ00002W0,0.708984,0.968099,0.495605,0.498372,1024x1536,RGBA,,caseW-low|bboxH-high,False,True,acceptable variation,False,"caseW-low,bboxH-high; PASS_CONTENT from legacy catalog black-background review",unchanged-protected,False,0.708984,0.968099,0.495605,0.498372,1024x1536,RGBA,caseW-low|bboxH-high,acceptable variation,8f4eeffd7e1012eb50630b755d06b77eb2c552ec5047a813e4b6b87b3c396341
CRT120.210.22.051.01,0.972222,0.981111,0.498016,0.496111,504x900,RGBA,,canvas|caseW-high|bboxH-high,False,False,true failure,True,"canvas,caseW-high,bboxH-high; PASS_CONTENT from legacy catalog black-background review; human full-resolution review: strong perspective with looped bracelet and over-cropping",rerendered-and-approved,False,0.781250,0.901042,0.500000,0.500000,1024x1536,RGBA,,PASS,1bdc304853e509544369f75beab1260ba647530e58d57abdacdc899ed84cbafe
CRRE-AU0304L00B,0.771484,0.921224,0.523438,0.491211,1024x1536,RGBA,,,True,True,approved,False,PASS_CONTENT from legacy catalog black-background review; pending v2 candidate recheck,unchanged-protected,False,0.771484,0.921224,0.523438,0.491211,1024x1536,RGBA,,approved,02e0c5acda11da4b354017ddc620862ef81dc8ede3cd11aeadf1027fee6cf42f
CRGM-B2100BD-1A,0.6275,0.959167,0.499583,0.500417,1200x1200,RGBA,,canvas|caseW-low|bboxH-high,False,True,acceptable variation,False,"canvas,caseW-low,bboxH-high; PASS_CONTENT from legacy catalog black-background review",unchanged-protected,False,0.6275,0.959167,0.499583,0.500417,1200x1200,RGBA,canvas|caseW-low|bboxH-high,acceptable variation,1ea849313954214bd2ae69389d5292aa66cf235110392dc3f1715d447db5b165
CRCB5860-86E,0.972067,0.985556,0.500931,0.500556,537x900,RGBA,,canvas|caseW-high|bboxH-high,False,True,acceptable variation,False,"canvas,caseW-high,bboxH-high; PASS_CONTENT from legacy catalog black-background review",unchanged-protected,False,0.972067,0.985556,0.500931,0.500556,537x900,RGBA,canvas|caseW-high|bboxH-high,acceptable variation,6ac056fe2e3622ab4556f32a6984a82203c96943ff84718885239e050fc4cd2a
CRH12341555,0.453159,0.928571,0.520697,0.534286,459x700,RGBA,,canvas|caseW-low|case-centre-y,False,True,acceptable variation,False,"canvas,caseW-low,case-centre-y; PASS_CONTENT from legacy catalog black-background review",unchanged-protected,False,0.453159,0.928571,0.520697,0.534286,459x700,RGBA,canvas|caseW-low|case-centre-y,acceptable variation,9e711784feb793d6b579d9aef2aa31c8e22c2bac7ecccbcfb9efc3b31ffb525d
CRVIC242047,0.717773,0.910807,0.522949,0.491862,1024x1536,RGBA,,caseW-low,False,True,acceptable variation,False,caseW-low; PASS_CONTENT from legacy catalog black-background review,unchanged-protected,False,0.717773,0.910807,0.522949,0.491862,1024x1536,RGBA,caseW-low,acceptable variation,c83873279ec235a701395aceff26d49547fb9ece963326bc038e52e58d94fb97
CRVIC241696,0.816406,0.912109,0.526855,0.484701,1024x1536,RGBA,,,True,True,approved,False,PASS_CONTENT from legacy catalog black-background review; pending v2 candidate recheck,unchanged-protected,False,0.816406,0.912109,0.526855,0.484701,1024x1536,RGBA,,approved,89814109709b153a27d43629b4592b7542c46607aeaf2b020d61a853661f08a0
CRCB5848-57L,0.641667,0.968333,0.500833,0.5,1200x1200,RGBA,,canvas|caseW-low|bboxH-high,False,True,acceptable variation,False,"canvas,caseW-low,bboxH-high; PASS_CONTENT from legacy catalog black-background review",unchanged-protected,False,0.641667,0.968333,0.500833,0.5,1200x1200,RGBA,canvas|caseW-low|bboxH-high,acceptable variation,f68ef84270a00b07a247143779876b9cc82ac7c8c3ae17f8873675c7af6572c0
CRH11411115,0.956164,0.986667,0.50274,0.501111,365x900,RGBA,,canvas|caseW-high|bboxH-high,False,False,true failure,True,"canvas,caseW-high,bboxH-high; PASS_CONTENT from legacy catalog black-background review; human full-resolution review: strong perspective with looped bracelet",rerendered-and-approved,False,0.780273,0.911458,0.499512,0.500000,1024x1536,RGBA,,PASS,bd70b36dabce38ff653156cdfa1109c2c1a4677aacdec9e62931ea3d9e148c11
W1591,0.605469,0.906901,0.524414,0.49707,1024x1536,RGBA,,caseW-low,False,True,acceptable variation,False,caseW-low; PASS_CONTENT from legacy catalog black-background review,unchanged-protected,False,0.605469,0.906901,0.524414,0.49707,1024x1536,RGBA,caseW-low,acceptable variation,fee4e2ae02ef4dbdb1162b5a08081ec89ee39df640542711666f7b2760067838
CRBJ8055-04E,0.973109,0.985556,0.5,0.499444,595x900,RGBA,,canvas|caseW-high|bboxH-high,False,True,acceptable variation,False,"canvas,caseW-high,bboxH-high; PASS_CONTENT from legacy catalog black-background review",unchanged-protected,False,0.973109,0.985556,0.5,0.499444,595x900,RGBA,canvas|caseW-high|bboxH-high,acceptable variation,4f2bb371553b91e17bf56ce77bc15316198c8be5ad8386832bdd8a95b5ffae97
W1558,0.722656,0.938802,0.525391,0.491536,1024x1536,RGBA,,caseW-low,False,True,acceptable variation,False,caseW-low; PASS_CONTENT from legacy catalog black-background review,unchanged-protected,False,0.722656,0.938802,0.525391,0.491536,1024x1536,RGBA,caseW-low,acceptable variation,7576ac57d5235669c030e54fc54e7650644a428a31f14a987488a9ef6f4b46ef
CRRE-AU0303B00B,0.823242,0.921224,0.523926,0.493815,1024x1536,RGBA,,,True,True,approved,False,PASS_CONTENT from legacy catalog black-background review; pending v2 candidate recheck,unchanged-protected,False,0.823242,0.921224,0.523926,0.493815,1024x1536,RGBA,,approved,410917dcc212065ae86cdc77b8faf17fd793ad9b166b6b8fa506e284d2db4ef3
W2271,0.533203,0.951823,0.451172,0.485026,1024x1536,RGBA,,caseW-low|bboxH-high|case-centre-x,False,True,acceptable variation,False,"caseW-low,bboxH-high,case-centre-x; PASS_CONTENT from legacy catalog black-background review",unchanged-protected,False,0.533203,0.951823,0.451172,0.485026,1024x1536,RGBA,caseW-low|bboxH-high|case-centre-x,acceptable variation,bdd43638af74cf2b3e5caa954c9f48d0e9363618e2795e0bfb0d21e326ac1a9a
W1560,0.739258,0.89974,0.530762,0.492188,1024x1536,RGBA,,case-centre-x,False,True,acceptable variation,False,case-centre-x; PASS_CONTENT from legacy catalog black-background review,unchanged-protected,False,0.739258,0.89974,0.530762,0.492188,1024x1536,RGBA,case-centre-x,acceptable variation,fcf35a37fce06fb01d51537a459fda72494f983b22cafb5ada8bcfc33614f485
W2270,0.652344,0.971354,0.511719,0.497396,1024x1536,RGBA,,caseW-low|bboxH-high,False,True,acceptable variation,False,"caseW-low,bboxH-high; PASS_CONTENT from legacy catalog black-background review",unchanged-protected,False,0.652344,0.971354,0.511719,0.497396,1024x1536,RGBA,caseW-low|bboxH-high,acceptable variation,1b799a0aea30392a6969d91fa055f3993f1ef3845d87a715adeb881369bff17c
CRXA.6442.H,0.557407,0.897222,0.52037,0.501389,1080x1080,RGBA,,canvas|caseW-low,False,True,acceptable variation,False,"canvas,caseW-low; PASS_CONTENT from legacy catalog black-background review",unchanged-protected,False,0.557407,0.897222,0.52037,0.501389,1080x1080,RGBA,canvas|caseW-low,acceptable variation,db8c38d6bed24e8b8cccea620be4edfbda80e5dcb0bc1c2cae15c0b09dd4a172
CRJR3034-59E,0.649573,0.959108,0.509402,0.489963,1170x1345,RGBA,,canvas|caseW-low|bboxH-high,False,True,acceptable variation,False,"canvas,caseW-low,bboxH-high; PASS_CONTENT from legacy catalog black-background review",unchanged-protected,False,0.649573,0.959108,0.509402,0.489963,1170x1345,RGBA,canvas|caseW-low|bboxH-high,acceptable variation,2b846350bf2e778a22993d1620c593d460bf119c3edba3a91692b8668af7fc7d
CRBN2038-01L,0.675,0.9675,0.500417,0.499583,1200x1200,RGBA,,canvas|caseW-low|bboxH-high,False,True,acceptable variation,False,"canvas,caseW-low,bboxH-high; PASS_CONTENT from legacy catalog black-background review",unchanged-protected,False,0.675,0.9675,0.500417,0.499583,1200x1200,RGBA,canvas|caseW-low|bboxH-high,acceptable variation,b8474a4ba908793b177ded44a4ce2a2c9811304992c47515437d967cbca44e09
CRH64455933,0.708008,0.927083,0.530762,0.495443,1024x1536,RGBA,,caseW-low|case-centre-x,False,False,true failure,True,"caseW-low,case-centre-x; PASS_CONTENT from legacy catalog black-background review; human full-resolution review: full-strap presentation with end hardware visible",rerendered-and-approved,False,0.780273,0.911458,0.499512,0.500000,1024x1536,RGBA,,PASS,3a9c5a9a023ff8e8fad97a249d6b360057b8c492583dc07dd5a5cba51a0be061
CRRA-AC0L07L00B,0.837891,0.848307,0.512695,0.475586,1024x1536,RGBA,,caseW-high|bboxH-low,False,True,acceptable variation,False,"caseW-high,bboxH-low; PASS_CONTENT from legacy catalog black-background review",unchanged-protected,False,0.837891,0.848307,0.512695,0.475586,1024x1536,RGBA,caseW-high|bboxH-low,acceptable variation,cb968b6ce9da38a49503ca442cc51d310088f2a4b2d1ba453f8c522a2fc53600
CRVIC241844,0.777344,0.907552,0.541992,0.496094,1024x1536,RGBA,,case-centre-x,False,True,acceptable variation,False,case-centre-x; PASS_CONTENT from legacy catalog black-background review,unchanged-protected,False,0.777344,0.907552,0.541992,0.496094,1024x1536,RGBA,case-centre-x,acceptable variation,487804f982f8f434c255bb45c110df101fbb04140464143e3dc0d3b36460d8ee
W2191,0.694336,0.958333,0.503418,0.498698,1024x1536,RGBA,,caseW-low|bboxH-high,False,True,acceptable variation,False,"caseW-low,bboxH-high; PASS_CONTENT from legacy catalog black-background review",unchanged-protected,False,0.694336,0.958333,0.503418,0.498698,1024x1536,RGBA,caseW-low|bboxH-high,acceptable variation,f5a41c72e9791e261383eeb819ccea62362d9e76b3e579dd275f889c5912f37d
W1690,0.652344,0.888672,0.520508,0.478841,1024x1536,RGBA,,caseW-low,False,True,acceptable variation,False,caseW-low; PASS_CONTENT from legacy catalog black-background review,unchanged-protected,False,0.652344,0.888672,0.520508,0.478841,1024x1536,RGBA,caseW-low,acceptable variation,0ed287869fd73d876b9712c30550261511602d38d17975cd318ac3e7489312cc
W1598,0.657227,0.934896,0.510254,0.490234,1024x1536,RGBA,,caseW-low,False,True,acceptable variation,False,caseW-low; PASS_CONTENT from legacy catalog black-background review,unchanged-protected,False,0.657227,0.934896,0.510254,0.490234,1024x1536,RGBA,caseW-low,acceptable variation,7388eb4b5a9f97f9d414fe547f692c96db4343a6c64c8c8946745fd3b67047ea
CRRF454SSA421J1,0.974257,0.986667,0.49901,0.501111,505x900,RGBA,,canvas|caseW-high|bboxH-high,False,False,true failure,True,"canvas,caseW-high,bboxH-high; PASS_CONTENT from legacy catalog black-background review; human full-resolution review: strong perspective with looped strap",rerendered-and-approved,False,0.779297,0.911458,0.500000,0.500000,1024x1536,RGBA,,PASS,63d3b2b903011435d007efe370ca1354857a05b174413d91304d3b99fc90e6e9
CRBN1024-01E,0.951473,0.983333,0.501733,0.499444,577x900,RGBA,,canvas|caseW-high|bboxH-high,False,False,true failure,True,"canvas,caseW-high,bboxH-high; PASS_CONTENT from legacy catalog black-background review; human full-resolution review: visible CreationWatches text at bottom and over-cropped presentation",rerendered-and-approved,False,0.780273,0.911458,0.500488,0.500000,1024x1536,RGBA,,PASS,3018fbf402120a9bc5fbb0048ad4e62ee8dc750cdc0c1ac3b4f06b828b02e4b3
W1562,0.743164,0.9375,0.515137,0.48763,1024x1536,RGBA,,,True,True,approved,False,PASS_CONTENT from legacy catalog black-background review; pending v2 candidate recheck,unchanged-protected,False,0.743164,0.9375,0.515137,0.48763,1024x1536,RGBA,,approved,830bca2c33e856a07a685dd144e36783b0784a1dfa5bb8d1b9d9859517de701f
W1650,0.743164,0.936198,0.52002,0.497396,1024x1536,RGBA,,,True,True,approved,False,PASS_CONTENT from legacy catalog black-background review; pending v2 candidate recheck,unchanged-protected,False,0.743164,0.936198,0.52002,0.497396,1024x1536,RGBA,,approved,63faae4ba16679b815cd840009e07b042b0baf1442a84a18635287dff4cb30a2
W1692,0.673828,0.898438,0.515625,0.494792,1024x1536,RGBA,,caseW-low,False,True,acceptable variation,False,caseW-low; PASS_CONTENT from legacy catalog black-background review,unchanged-protected,False,0.673828,0.898438,0.515625,0.494792,1024x1536,RGBA,caseW-low,acceptable variation,a0ae5ca72f9e88c9c22d678d2a1903bcf94c948892cd5b267e7898918c1b4f38
CRRF1577SRPG57K1,0.689453,0.936198,0.52832,0.501302,1024x1536,RGBA,,caseW-low,False,True,acceptable variation,False,caseW-low; PASS_CONTENT from legacy catalog black-background review,unchanged-protected,False,0.689453,0.936198,0.52832,0.501302,1024x1536,RGBA,caseW-low,acceptable variation,f8858a351ed00cba69297a17d63a2212a2a898f18609d8bbea865bc4f343b290
CRVIC241787,0.818359,0.930339,0.519531,0.489258,1024x1536,RGBA,,,True,True,approved,False,PASS_CONTENT from legacy catalog black-background review; pending v2 candidate recheck,unchanged-protected,False,0.818359,0.930339,0.519531,0.489258,1024x1536,RGBA,,approved,7010d7d1fa576e36b9169dcba30ca3099ff66d20f9cd8380ecba76cbd4651ee0
CRH64511133,0.727539,0.904297,0.526855,0.486654,1024x1536,RGBA,,caseW-low,False,True,acceptable variation,False,caseW-low; PASS_CONTENT from legacy catalog black-background review,unchanged-protected,False,0.727539,0.904297,0.526855,0.486654,1024x1536,RGBA,caseW-low,acceptable variation,c60f5ad57da9347b3d6a7a9b8003a1c1cc29eb33f237d6bc511e65232562ae26
CRXB.3717,0.533333,0.891667,0.522222,0.500463,1080x1080,RGBA,,canvas|caseW-low,False,True,acceptable variation,False,"canvas,caseW-low; PASS_CONTENT from legacy catalog black-background review",unchanged-protected,False,0.533333,0.891667,0.522222,0.500463,1080x1080,RGBA,canvas|caseW-low,acceptable variation,5e551d217d2686b28a683d7646fb1ea5a323bc63e530020838681f28eb9c45cd
CR96B401,0.5575,0.985,0.500417,0.5,1200x1200,RGBA,,canvas|caseW-low|bboxH-high,False,True,acceptable variation,False,"canvas,caseW-low,bboxH-high; PASS_CONTENT from legacy catalog black-background review",unchanged-protected,False,0.5575,0.985,0.500417,0.5,1200x1200,RGBA,canvas|caseW-low|bboxH-high,acceptable variation,2d1182968c508ee1514976c4372b07bc8901cfa97935cfe32c3efe2f27e5387d
W1703,0.65332,0.846354,0.52002,0.472656,1024x1536,RGBA,,caseW-low|bboxH-low,False,True,acceptable variation,False,"caseW-low,bboxH-low; PASS_CONTENT from legacy catalog black-background review",unchanged-protected,False,0.65332,0.846354,0.52002,0.472656,1024x1536,RGBA,caseW-low|bboxH-low,acceptable variation,5133a47a39d52cb14c4f84f42654629f6f85b404c207fe1e3e0f3a34f5e6dee7
CRRF375SNP089P1,0.818359,0.938802,0.532227,0.497396,1024x1536,RGBA,,case-centre-x,False,True,acceptable variation,False,case-centre-x; PASS_CONTENT from legacy catalog black-background review,unchanged-protected,False,0.818359,0.938802,0.532227,0.497396,1024x1536,RGBA,case-centre-x,acceptable variation,8a7766bbf7674b524455bd6b2126808987d64ae7d9ef6ee0b5c516e43892b208
CRVIC241928,0.725586,0.943359,0.52002,0.495117,1024x1536,RGBA,,caseW-low,False,True,acceptable variation,False,caseW-low; PASS_CONTENT from legacy catalog black-background review,unchanged-protected,False,0.725586,0.943359,0.52002,0.495117,1024x1536,RGBA,caseW-low,acceptable variation,b41bd8fd03eff9a2af842fed62f7f333627a8f2cd532bd1f3426e0353223548f
CRRF421SRPF77K1,0.651543,0.928312,0.5,0.499546,1102x1102,RGBA,,canvas|caseW-low,False,True,acceptable variation,False,"canvas,caseW-low; PASS_CONTENT from legacy catalog black-background review",unchanged-protected,False,0.651543,0.928312,0.5,0.499546,1102x1102,RGBA,canvas|caseW-low,acceptable variation,d3e2c953642fd58e7e3aa27382cad2d9793f92fed5dab1617e2fdcb4e6fd567b
CRCB5037-17X,0.978571,0.985556,0.5,0.499444,560x900,RGBA,,canvas|caseW-high|bboxH-high,False,False,true failure,True,"canvas,caseW-high,bboxH-high; PASS_CONTENT from legacy catalog black-background review; human full-resolution review: strong perspective with looped strap",rerendered-and-approved,False,0.780273,0.904297,0.500488,0.499674,1024x1536,RGBA,,PASS,0f6f85d98bbdcc72c70c8bb3a93903aa12759403204ce58391b27a93812f2687
CR96B433,0.968872,0.984444,0.5,0.501111,514x900,RGBA,,canvas|caseW-high|bboxH-high,False,True,acceptable variation,False,"canvas,caseW-high,bboxH-high; PASS_CONTENT from legacy catalog black-background review",unchanged-protected,False,0.968872,0.984444,0.5,0.501111,514x900,RGBA,canvas|caseW-high|bboxH-high,acceptable variation,d2d1b7362a41ce82727057215f6afcedb5d0c1c7779af4d78013d39f8daaaf07
CRXS.3581.BO,0.598148,0.919444,0.509259,0.516204,1080x1080,RGBA,,canvas|caseW-low,False,True,acceptable variation,False,"canvas,caseW-low; PASS_CONTENT from legacy catalog black-background review",unchanged-protected,False,0.598148,0.919444,0.509259,0.516204,1080x1080,RGBA,canvas|caseW-low,acceptable variation,b97719def14c91627d7cf226f3cf7b414ff8c3d505ab82e82564ea6ef56bbbe2
W1599,0.703125,0.926432,0.506836,0.484049,1024x1536,RGBA,,caseW-low,False,True,acceptable variation,False,caseW-low; PASS_CONTENT from legacy catalog black-background review,unchanged-protected,False,0.703125,0.926432,0.506836,0.484049,1024x1536,RGBA,caseW-low,acceptable variation,04dda944ff0ff7876a1f721d98a8f6668d61643561d0b2be1590e73e3e2f727f
W1704,0.644531,0.889974,0.522461,0.487305,1024x1536,RGBA,,caseW-low,False,True,acceptable variation,False,caseW-low; PASS_CONTENT from legacy catalog black-background review,unchanged-protected,False,0.644531,0.889974,0.522461,0.487305,1024x1536,RGBA,caseW-low,acceptable variation,2e905a6864514070f01a93ee8d058e874ff291bb4b3a141eb9568380684a899f
CRSEL09004W0,0.976015,0.987778,0.502768,0.500556,542x900,RGBA,,canvas|caseW-high|bboxH-high,False,False,true failure,True,"canvas,caseW-high,bboxH-high; PASS_CONTENT from legacy catalog black-background review; human full-resolution review: strong perspective with looped strap",rerendered-and-approved,False,0.780273,0.881510,0.499512,0.500000,1024x1536,RGBA,,PASS,5ec6ffc081de4e2a38e37a40c9336f0cba172a4fc255cb5f063ca2d4ba571d55
CRMA9004-21E,0.679426,0.964912,0.478469,0.496013,1254x1254,RGBA,,canvas|caseW-low|bboxH-high,False,True,acceptable variation,False,"canvas,caseW-low,bboxH-high; PASS_CONTENT from legacy catalog black-background review",unchanged-protected,False,0.679426,0.964912,0.478469,0.496013,1254x1254,RGBA,canvas|caseW-low|bboxH-high,acceptable variation,b6374fec6fbde209ce774ae805526d48d45fa0a9803874e1498714e92d3f689a
CR98A227,0.645833,0.966667,0.499583,0.5,1200x1200,RGBA,,canvas|caseW-low|bboxH-high,False,True,acceptable variation,False,"canvas,caseW-low,bboxH-high; PASS_CONTENT from legacy catalog black-background review",unchanged-protected,False,0.645833,0.966667,0.499583,0.5,1200x1200,RGBA,canvas|caseW-low|bboxH-high,acceptable variation,43781a7d0c602be0e9b16b85e42a9bd2f4d7289c89885a7a4cd5984be56c16ac
CRH11221550,0.308571,1.0,0.502857,0.5,700x700,RGBA,,canvas|caseW-low|bboxH-high,False,False,true failure,True,"canvas,caseW-low,bboxH-high; PASS_CONTENT from legacy catalog black-background review; human full-resolution review: severely narrow and zoomed-out watch presentation",rerendered-and-approved,False,0.781250,0.911458,0.500000,0.500000,1024x1536,RGBA,,PASS,c940c8882c71bd5f2655cb6b12987b85c5044ec60714db2b690289eff90fa94d
W1565,0.823242,0.969401,0.500488,0.500326,1024x1536,RGBA,,bboxH-high,False,True,acceptable variation,False,bboxH-high; PASS_CONTENT from legacy catalog black-background review,unchanged-protected,False,0.823242,0.969401,0.500488,0.500326,1024x1536,RGBA,bboxH-high,acceptable variation,1ea9ec6cd8fc9d7e142c3761554d812361e270f494fc6a469ce3205dddff36e4
CRT137.410.11.421.00,0.918762,0.932222,0.5,0.500556,517x900,RGBA,,canvas|caseW-high,False,True,acceptable variation,False,"canvas,caseW-high; PASS_CONTENT from legacy catalog black-background review",unchanged-protected,False,0.918762,0.932222,0.5,0.500556,517x900,RGBA,canvas|caseW-high,acceptable variation,f9c1a2a53e03d4270fd3c5d68c246313e041d236741d865e01d7a1a2decb5d1b
CRH76512133,0.542857,1.0,0.517143,0.5,700x700,RGBA,,canvas|caseW-low|bboxH-high,False,False,true failure,True,"canvas,caseW-low,bboxH-high; PASS_CONTENT from legacy catalog black-background review; human full-resolution review: watch is over-cropped at image bounds",rerendered-and-approved,False,0.781250,0.911458,0.500000,0.500000,1024x1536,RGBA,,PASS,3284e232d3d5e4df49d889062adb3861686b2a66b0db0b035e4050179b0988f5
CRXS.3124M,0.560185,0.911111,0.511574,0.5,1080x1080,RGBA,,canvas|caseW-low,False,True,acceptable variation,False,"canvas,caseW-low; PASS_CONTENT from legacy catalog black-background review",unchanged-protected,False,0.560185,0.911111,0.511574,0.5,1080x1080,RGBA,canvas|caseW-low,acceptable variation,337fc9a59701705ef5d21afb14bc695a345f8b02ed1ff03ab2e8e6e3853a5591
W1631,0.71582,0.973307,0.48877,0.49707,1024x1536,RGBA,,caseW-low|bboxH-high,False,True,acceptable variation,False,"caseW-low,bboxH-high; PASS_CONTENT from legacy catalog black-background review",unchanged-protected,False,0.71582,0.973307,0.48877,0.49707,1024x1536,RGBA,caseW-low|bboxH-high,acceptable variation,0f5112024f2262056ae6ad3fa90f5607a3a8ec47cc26c328798b1990d2bf649f
W1561,0.769531,0.942057,0.514648,0.489258,1024x1536,RGBA,,,True,True,approved,False,PASS_CONTENT from legacy catalog black-background review; pending v2 candidate recheck,unchanged-protected,False,0.769531,0.942057,0.514648,0.489258,1024x1536,RGBA,,approved,7635dc992227289b8e62b1a33076fb068733cd715e5881ef1538de497e490085
W2269,0.583984,0.96224,0.507812,0.494141,1024x1536,RGBA,,caseW-low|bboxH-high,False,True,acceptable variation,False,"caseW-low,bboxH-high; PASS_CONTENT from legacy catalog black-background review",unchanged-protected,False,0.583984,0.96224,0.507812,0.494141,1024x1536,RGBA,caseW-low|bboxH-high,acceptable variation,e1ab8b9b0d0a98824bac731713881d50e98419893b28f5cf4641f1392be1b4c4
CRXS.3251.CB,0.979899,0.986667,0.5,0.5,597x900,RGBA,,canvas|caseW-high|bboxH-high,False,True,acceptable variation,False,"canvas,caseW-high,bboxH-high; PASS_CONTENT from legacy catalog black-background review",unchanged-protected,False,0.979899,0.986667,0.5,0.5,597x900,RGBA,canvas|caseW-high|bboxH-high,acceptable variation,d1be88a5ff22b7d607803d1c2900073440893c4f6a66e62abd0b3a4bfff8de25
CRBN2036-14E,0.975422,0.984444,0.499232,0.501111,651x900,RGBA,,canvas|caseW-high|bboxH-high,False,False,true failure,True,"canvas,caseW-high,bboxH-high; PASS_CONTENT from legacy catalog black-background review; human full-resolution review: strong perspective with looped strap",rerendered-and-approved,False,0.780273,0.903646,0.500488,0.500000,1024x1536,RGBA,,PASS,a6183f9500b4e99389aa65f56fb078140273cbaae25bda25a1a91cb06a7d2534
CRVIC241855,0.760742,0.906901,0.522949,0.493164,1024x1536,RGBA,,,True,True,approved,False,PASS_CONTENT from legacy catalog black-background review; pending v2 candidate recheck,unchanged-protected,False,0.760742,0.906901,0.522949,0.493164,1024x1536,RGBA,,approved,34e3bc62ac55204d329e71c81d63caae096506b9bed1d7b830dfb1603d1c9803
CRRA-AA0823L,0.821289,0.817708,0.525391,0.48112,1024x1536,RGBA,,bboxH-low,False,False,true failure,True,bboxH-low; PASS_CONTENT from legacy catalog black-background review; human full-resolution review: strong perspective with looped bracelet,rerendered-and-approved,False,0.780273,0.865234,0.499512,0.500326,1024x1536,RGBA,,PASS,af68a1a43ca1abb1683a1a67ac96760f2c5dcee3467441f3ba94dd3fe5d9c02f
CRRF51-SSC783P1,0.908203,0.967448,0.500977,0.490234,1024x1536,RGBA,,caseW-high|bboxH-high,False,True,acceptable variation,False,"caseW-high,bboxH-high; PASS_CONTENT from legacy catalog black-background review",unchanged-protected,False,0.908203,0.967448,0.500977,0.490234,1024x1536,RGBA,caseW-high|bboxH-high,acceptable variation,8169b7c6e115569d1cfd0ff728d92fbc458877946e46f7f42b79200540029b4d
CRT150.210.11.041.00,0.470238,0.891667,0.517262,0.49881,1680x1680,RGBA,,canvas|caseW-low,False,True,acceptable variation,False,"canvas,caseW-low; PASS_CONTENT from legacy catalog black-background review",unchanged-protected,False,0.470238,0.891667,0.517262,0.49881,1680x1680,RGBA,canvas|caseW-low,acceptable variation,8c134c2313630c15f30e75c1dd1b7ad2f10cca4522b4a671e1cefe7a5df57878
CRXL.1977,0.537037,0.898148,0.52037,0.500926,1080x1080,RGBA,,canvas|caseW-low,False,True,acceptable variation,False,"canvas,caseW-low; PASS_CONTENT from legacy catalog black-background review",unchanged-protected,False,0.537037,0.898148,0.52037,0.500926,1080x1080,RGBA,canvas|caseW-low,acceptable variation,fe05ed030a16b94f8640aba6b44608807bd6242e6ac864897fd507cee46340b7
CRVIC241756,0.734375,0.939453,0.526367,0.500977,1024x1536,RGBA,,,True,True,approved,False,PASS_CONTENT from legacy catalog black-background review; pending v2 candidate recheck,unchanged-protected,False,0.734375,0.939453,0.526367,0.500977,1024x1536,RGBA,,approved,d876ac81a1b97850b8cd4ca5bd8cb4cad8e347f45d5ea8a17648e25145c6a5e9
W2261,0.474609,0.898438,0.517578,0.48112,1024x1536,RGBA,,caseW-low,False,True,acceptable variation,False,caseW-low; PASS_CONTENT from legacy catalog black-background review,unchanged-protected,False,0.474609,0.898438,0.517578,0.48112,1024x1536,RGBA,caseW-low,acceptable variation,29b0571f25e6e38fd87f46b4e6c872c603f8619e3256c3baf41464667337541b
W2262,0.53125,0.958333,0.499023,0.494792,1024x1536,RGBA,,caseW-low|bboxH-high,False,True,acceptable variation,False,"caseW-low,bboxH-high; PASS_CONTENT from legacy catalog black-background review",unchanged-protected,False,0.53125,0.958333,0.499023,0.494792,1024x1536,RGBA,caseW-low|bboxH-high,acceptable variation,b157c104eec6a6d1065e990052035947b4a61533065518e7654586c1cc513226
CRH32451641,0.545714,1.0,0.518571,0.5,700x700,RGBA,,canvas|caseW-low|bboxH-high,False,True,acceptable variation,False,"canvas,caseW-low,bboxH-high; PASS_CONTENT from legacy catalog black-background review",unchanged-protected,False,0.545714,1.0,0.518571,0.5,700x700,RGBA,canvas|caseW-low|bboxH-high,acceptable variation,55705ab1a0640b9c921e3defcbc8f7db396aaf5ab3dc946822fddd4e0a01f66f
CRXL.1961,0.537037,0.898148,0.52037,0.500926,1080x1080,RGBA,,canvas|caseW-low,False,True,acceptable variation,False,"canvas,caseW-low; PASS_CONTENT from legacy catalog black-background review",unchanged-protected,False,0.537037,0.898148,0.52037,0.500926,1080x1080,RGBA,canvas|caseW-low,acceptable variation,8c199602cd0fe15a6db6fbe4c1984e2cf7854d2c20d48eabc8824c22b3ee5d56
W2265,0.428711,0.929036,0.521973,0.497721,1024x1536,RGBA,,caseW-low,False,True,acceptable variation,False,caseW-low; PASS_CONTENT from legacy catalog black-background review,unchanged-protected,False,0.428711,0.929036,0.521973,0.497721,1024x1536,RGBA,caseW-low,acceptable variation,e5baee6859aa9e3174cf1dd57146ae935a3833759486e06abe490de9b53da536
CRSDK05003W,0.916201,0.932222,0.499069,0.500556,537x900,RGBA,,canvas|caseW-high,False,False,true failure,True,"canvas,caseW-high; PASS_CONTENT from legacy catalog black-background review; human full-resolution review: strong perspective with looped strap",rerendered-and-approved,False,0.780273,0.867188,0.499512,0.500000,1024x1536,RGBA,,PASS,c55d34ac0a8acd10403948a7c0f9c57a627f52ec4c3e2c568378175044496917
CRH68411133,0.541429,1.0,0.525,0.5,700x700,RGBA,,canvas|caseW-low|bboxH-high,False,True,acceptable variation,False,"canvas,caseW-low,bboxH-high; PASS_CONTENT from legacy catalog black-background review",unchanged-protected,False,0.541429,1.0,0.525,0.5,700x700,RGBA,canvas|caseW-low|bboxH-high,acceptable variation,15d40b5aec49de63936de14af3b1e4cb12d413962679bb23628b410ad22874c3
CRJR3080-51L,0.870968,0.920625,0.511241,0.485036,1023x1537,RGBA,,canvas|caseW-high,False,True,acceptable variation,False,"canvas,caseW-high; PASS_CONTENT from legacy catalog black-background review",unchanged-protected,False,0.870968,0.920625,0.511241,0.485036,1023x1537,RGBA,canvas|caseW-high,acceptable variation,93ebd32e74b8010e5e27a3db784e9d1b221e2bde1da72cdfe3eeb1be5f130b19
CRH32451731,0.511429,0.995714,0.517143,0.499286,700x700,RGBA,,canvas|caseW-low|bboxH-high,False,True,acceptable variation,False,"canvas,caseW-low,bboxH-high; PASS_CONTENT from legacy catalog black-background review",unchanged-protected,False,0.511429,0.995714,0.517143,0.499286,700x700,RGBA,canvas|caseW-low|bboxH-high,acceptable variation,72b10532421c46b561a8e16b6956ce4c379a33872d28eaed83eb5b9805d99a73
CRRF470SNA411P1,0.889648,0.968099,0.507324,0.49707,1024x1536,RGBA,,caseW-high|bboxH-high,False,True,acceptable variation,False,"caseW-high,bboxH-high; PASS_CONTENT from legacy catalog black-background review",unchanged-protected,False,0.889648,0.968099,0.507324,0.49707,1024x1536,RGBA,caseW-high|bboxH-high,acceptable variation,8b5102fedea64e6cb3767ee9ae689cd6cb7ff7d1b0109e67e3bd55f4cd84f4eb
CR96A225,0.561667,0.971667,0.5,0.5,1200x1200,RGBA,,canvas|caseW-low|bboxH-high,False,True,acceptable variation,False,"canvas,caseW-low,bboxH-high; PASS_CONTENT from legacy catalog black-background review",unchanged-protected,False,0.561667,0.971667,0.5,0.5,1200x1200,RGBA,canvas|caseW-low|bboxH-high,acceptable variation,ea54a4c7dcb9ccdc211ed95f486d623989ff81ab2646227b6b1caf6c560bb174
CRBJ8057-17X,0.973868,0.985556,0.500871,0.500556,574x900,RGBA,,canvas|caseW-high|bboxH-high,False,True,acceptable variation,False,"canvas,caseW-high,bboxH-high; PASS_CONTENT from legacy catalog black-background review",unchanged-protected,False,0.973868,0.985556,0.500871,0.500556,574x900,RGBA,canvas|caseW-high|bboxH-high,acceptable variation,9c6e622f3c6732e6bacb1d1b3227799d8d26b1c917be3f7d992e2eecc45755f0
CRXS.3581,0.981846,0.986667,0.5,0.498889,661x900,RGBA,,canvas|caseW-high|bboxH-high,False,False,true failure,True,"canvas,caseW-high,bboxH-high; PASS_CONTENT from legacy catalog black-background review; human full-resolution review: strong perspective with looped strap",rerendered-and-approved,False,0.780273,0.875000,0.500488,0.500000,1024x1536,RGBA,,PASS,16e6291ca11a87a7a2d947645ace6656c73d9e0e22e9ba286858b6cedff6f130
CRRA-AC0L02R00B,0.916016,0.90625,0.529297,0.498047,1024x1536,RGBA,,caseW-high,False,True,acceptable variation,False,caseW-high; PASS_CONTENT from legacy catalog black-background review,unchanged-protected,False,0.916016,0.90625,0.529297,0.498047,1024x1536,RGBA,caseW-high,acceptable variation,57ba76ff4061755eb8e5382350c86c5f049385cce07d36d4e8fbd6e4eef22d13
CRH64611555,0.55,0.998571,0.517857,0.500714,700x700,RGBA,,canvas|caseW-low|bboxH-high,False,True,acceptable variation,False,"canvas,caseW-low,bboxH-high; PASS_CONTENT from legacy catalog black-background review",unchanged-protected,False,0.55,0.998571,0.517857,0.500714,700x700,RGBA,canvas|caseW-low|bboxH-high,acceptable variation,f0a1cb02c61f8f24d9a8c34e5594c7557ce02ec0dfcbf181f1bd7080bf62a837
W1646,0.664062,0.880208,0.521484,0.483724,1024x1536,RGBA,,caseW-low,False,True,acceptable variation,False,caseW-low; PASS_CONTENT from legacy catalog black-background review,unchanged-protected,False,0.664062,0.880208,0.521484,0.483724,1024x1536,RGBA,caseW-low,acceptable variation,6514b012177c9f95b0df1a9a6017f91f81179429bc009cb1fa4a1d716d1d8bad
W2268,0.514648,0.888021,0.51123,0.490234,1024x1536,RGBA,,caseW-low,False,True,acceptable variation,False,caseW-low; PASS_CONTENT from legacy catalog black-background review,unchanged-protected,False,0.514648,0.888021,0.51123,0.490234,1024x1536,RGBA,caseW-low,acceptable variation,77e734513c58e9731c331872ba1532651b5a07767fefe3e500b28d6f46506181
W1592,0.675781,0.953125,0.503906,0.49349,1024x1536,RGBA,,caseW-low|bboxH-high,False,True,acceptable variation,False,"caseW-low,bboxH-high; PASS_CONTENT from legacy catalog black-background review",unchanged-protected,False,0.675781,0.953125,0.503906,0.49349,1024x1536,RGBA,caseW-low|bboxH-high,acceptable variation,f030c8f28f38f2a80c274545d5d8cefcdb962133485b82da708612960f42a934
W2259,0.571289,0.962891,0.493652,0.497721,1024x1536,RGBA,,caseW-low|bboxH-high,False,True,acceptable variation,False,"caseW-low,bboxH-high; PASS_CONTENT from legacy catalog black-background review",unchanged-protected,False,0.571289,0.962891,0.493652,0.497721,1024x1536,RGBA,caseW-low|bboxH-high,acceptable variation,4743e14ba384e88b1c927f319a6a7ef89d0ee7375fd7a11b721febf5943e0f23
W2260,0.65332,0.955078,0.492676,0.491211,1024x1536,RGBA,,caseW-low|bboxH-high,False,True,acceptable variation,False,"caseW-low,bboxH-high; PASS_CONTENT from legacy catalog black-background review",unchanged-protected,False,0.65332,0.955078,0.492676,0.491211,1024x1536,RGBA,caseW-low|bboxH-high,acceptable variation,241c176d12d685beba803b006c51034ff8d92b58eba0c1973ea1af85c6205bbf
W2249,0.648438,0.916667,0.512207,0.494792,1024x1536,RGBA,,caseW-low,False,True,acceptable variation,False,caseW-low; PASS_CONTENT from legacy catalog black-background review,unchanged-protected,False,0.648438,0.916667,0.512207,0.494792,1024x1536,RGBA,caseW-low,acceptable variation,69b9dbd79edf3c917c3461fe0b7b7890a91423f559a1126f0905cedd88705a15
CRXS.3253.CB,0.59537,0.915741,0.511111,0.506944,1080x1080,RGBA,,canvas|caseW-low,False,True,acceptable variation,False,"canvas,caseW-low; PASS_CONTENT from legacy catalog black-background review",unchanged-protected,False,0.59537,0.915741,0.511111,0.506944,1080x1080,RGBA,canvas|caseW-low,acceptable variation,b17806bf64790080ba212dcc64dbe1e57471305f9995b529cbabafadcf8ea848
CRSRP839J1,0.515426,1.0,0.515426,0.5,1102x1102,RGBA,,canvas|caseW-low|bboxH-high,False,True,acceptable variation,False,"canvas,caseW-low,bboxH-high; PASS_CONTENT from legacy catalog black-background review",unchanged-protected,False,0.515426,1.0,0.515426,0.5,1102x1102,RGBA,canvas|caseW-low|bboxH-high,acceptable variation,bb77252559f6d98c561b7fc9af16f616ed4ae17d9f3830c3e42ff22f11139b2f
W1678,0.774414,0.968099,0.505371,0.498372,1024x1536,RGBA,,bboxH-high,False,True,acceptable variation,False,bboxH-high; PASS_CONTENT from legacy catalog black-background review,unchanged-protected,False,0.774414,0.968099,0.505371,0.498372,1024x1536,RGBA,bboxH-high,acceptable variation,76a5d735d6daf8d52eac8a5fd3b59b998d255198787f01d0f3c496c7a4475a52
CRAL0000-04E,0.650391,0.927083,0.499023,0.498047,1024x1536,RGBA,,caseW-low,False,True,acceptable variation,False,caseW-low; PASS_CONTENT from legacy catalog black-background review,unchanged-protected,False,0.650391,0.927083,0.499023,0.498047,1024x1536,RGBA,caseW-low,acceptable variation,5925f2265cf02d0312aaece26129e706730cefd81bd50f061d28dc4627631595
W2258,0.563477,0.955729,0.508789,0.497396,1024x1536,RGBA,,caseW-low|bboxH-high,False,True,acceptable variation,False,"caseW-low,bboxH-high; PASS_CONTENT from legacy catalog black-background review",unchanged-protected,False,0.563477,0.955729,0.508789,0.497396,1024x1536,RGBA,caseW-low|bboxH-high,acceptable variation,036382914349d19c240a428c7414bd2df549b591d9fce815d51c68b248521eb4
W2310,0.525391,0.931641,0.513672,0.495768,1024x1536,RGBA,,caseW-low,False,True,acceptable variation,False,caseW-low; PASS_CONTENT from legacy catalog black-background review,unchanged-protected,False,0.525391,0.931641,0.513672,0.495768,1024x1536,RGBA,caseW-low,acceptable variation,a9da81115adba1fe404521dbf68ddad6eb0e37e891259dd6e85059cef49f789a
W1645,0.700195,0.921875,0.527832,0.496745,1024x1536,RGBA,,caseW-low,False,True,acceptable variation,False,caseW-low; PASS_CONTENT from legacy catalog black-background review,unchanged-protected,False,0.700195,0.921875,0.527832,0.496745,1024x1536,RGBA,caseW-low,acceptable variation,ec74d4f67f4a328f5ff1582693f1a9b072bdb17aefc401c13618e73faa5154e3
CRH43311985,0.511429,1.0,0.514286,0.5,700x700,RGBA,,canvas|caseW-low|bboxH-high,False,True,acceptable variation,False,"canvas,caseW-low,bboxH-high; PASS_CONTENT from legacy catalog black-background review",unchanged-protected,False,0.511429,1.0,0.514286,0.5,700x700,RGBA,canvas|caseW-low|bboxH-high,acceptable variation,921869b38f04e25d76ecad22c4f7212149e07a2bba2583f4ed6ac09c46df9f32
CRT137.210.11.111.00,0.482738,0.892857,0.51875,0.499405,1680x1680,RGBA,,canvas|caseW-low,False,True,acceptable variation,False,"canvas,caseW-low; PASS_CONTENT from legacy catalog black-background review",unchanged-protected,False,0.482738,0.892857,0.51875,0.499405,1680x1680,RGBA,canvas|caseW-low,acceptable variation,aa0baeb7b00ec9a988ea2c4e84e5f93458946aac85c81d63fafe89ed455a1694
CRRF572SRPB46J1,0.566243,1.0,0.529038,0.5,1102x1102,RGBA,,canvas|caseW-low|bboxH-high,False,True,acceptable variation,False,"canvas,caseW-low,bboxH-high; PASS_CONTENT from legacy catalog black-background review",unchanged-protected,False,0.566243,1.0,0.529038,0.5,1102x1102,RGBA,canvas|caseW-low|bboxH-high,acceptable variation,a2713854ff6f71cd882bfaa0899c0b546bc364217f412c94700a9c15c27deb4f
CRPRW-61D-2,0.975439,0.986667,0.5,0.5,570x900,RGBA,,canvas|caseW-high|bboxH-high,False,True,acceptable variation,False,"canvas,caseW-high,bboxH-high; PASS_CONTENT from legacy catalog black-background review",unchanged-protected,False,0.975439,0.986667,0.5,0.5,570x900,RGBA,canvas|caseW-high|bboxH-high,acceptable variation,6ca81bae212fd91c8c1ae9a9eac2264170dc1ddc80e373dfabf4d6d6043d5b90
CRVIC241916,0.970982,0.983333,0.501116,0.499444,448x900,RGBA,,canvas|caseW-high|bboxH-high,False,False,true failure,True,"canvas,caseW-high,bboxH-high; PASS_CONTENT from legacy catalog black-background review; human full-resolution review: strong perspective with looped bracelet",rerendered-and-approved,False,0.780273,0.911458,0.499512,0.500000,1024x1536,RGBA,,PASS,131fdb87b0149bdf5b7a6322c25b780327ad8c0c10e9e28d0d9deb2458354494
CRJR4065-09E,0.975248,0.984444,0.499175,0.5,606x900,RGBA,,canvas|caseW-high|bboxH-high,False,False,true failure,True,"canvas,caseW-high,bboxH-high; PASS_CONTENT from legacy catalog black-background review; human full-resolution review: strong perspective with looped strap",rerendered-and-approved,False,0.780273,0.852214,0.499512,0.499674,1024x1536,RGBA,,PASS,68eb241f54cc9f893202d95a856cb3c6c355ab3d5403f944ccc924f806303523
CRBN4049-11E,0.965361,0.986667,0.501506,0.5,664x900,RGBA,,canvas|caseW-high|bboxH-high,False,False,true failure,True,"canvas,caseW-high,bboxH-high; PASS_CONTENT from legacy catalog black-background review; human full-resolution review: strong perspective with looped strap",rerendered-and-approved,False,0.780273,0.884766,0.500000,0.500326,1024x1536,RGBA,,PASS,12baa74c4100c5ede423a7904290de86ed1c5cd7247bad5cb01b9ad69597d604
CRCA4660-61A,0.591667,0.965,0.500417,0.5,1200x1200,RGBA,,canvas|caseW-low|bboxH-high,False,True,acceptable variation,False,"canvas,caseW-low,bboxH-high; PASS_CONTENT from legacy catalog black-background review",unchanged-protected,False,0.591667,0.965,0.500417,0.5,1200x1200,RGBA,canvas|caseW-low|bboxH-high,acceptable variation,c7543d1215bf3e42518f080fde261955ac7576844d77fc3abd8db8a1e5ad739e
CRPRW-6900YB-3,0.671667,0.940833,0.5,0.499583,1200x1200,RGBA,,canvas|caseW-low,False,True,acceptable variation,False,"canvas,caseW-low; PASS_CONTENT from legacy catalog black-background review",unchanged-protected,False,0.671667,0.940833,0.5,0.499583,1200x1200,RGBA,canvas|caseW-low,acceptable variation,02fad4836ffd7cee14709132e0b23353c841fa6623aba26a84d96c1a8b8f3950
CRH64451533,0.591429,1.0,0.522857,0.5,700x700,RGBA,,canvas|caseW-low|bboxH-high,False,True,acceptable variation,False,"canvas,caseW-low,bboxH-high; PASS_CONTENT from legacy catalog black-background review",unchanged-protected,False,0.591429,1.0,0.522857,0.5,700x700,RGBA,canvas|caseW-low|bboxH-high,acceptable variation,ef3f36841155f5ea169adbd6faea20bc4cf0aa832a41310d8b5cd43ffb65fc99
W2304,0.621094,0.932943,0.51416,0.498372,1024x1536,RGBA,,caseW-low,False,True,acceptable variation,False,caseW-low; PASS_CONTENT from legacy catalog black-background review,unchanged-protected,False,0.621094,0.932943,0.51416,0.498372,1024x1536,RGBA,caseW-low,acceptable variation,57f36d278fab53dcb2750eea4644e6b65353232455b703d91b25bdd30690a34e
CRXS.3010.EVO.S,0.524167,0.920833,0.505417,0.50125,1200x1200,RGBA,,canvas|caseW-low,False,True,acceptable variation,False,"canvas,caseW-low; PASS_CONTENT from legacy catalog black-background review",unchanged-protected,False,0.524167,0.920833,0.505417,0.50125,1200x1200,RGBA,canvas|caseW-low,acceptable variation,70474c0b15fa4fb9a00a5d811077279a816ed9d872220704afc3d3f15117fbf0
CRXS.3013.EVO.S,0.523333,0.921667,0.505833,0.501667,1200x1200,RGBA,,canvas|caseW-low,False,True,acceptable variation,False,"canvas,caseW-low; PASS_CONTENT from legacy catalog black-background review",unchanged-protected,False,0.523333,0.921667,0.505833,0.501667,1200x1200,RGBA,canvas|caseW-low,acceptable variation,de69aa19cc09a2e6cf97224440c41ff4fa7ee42f245aaa500e0898f7fa2ef75f
CR98A304,0.977819,0.984444,0.5,0.498889,541x900,RGBA,,canvas|caseW-high|bboxH-high,False,False,true failure,True,"canvas,caseW-high,bboxH-high; PASS_CONTENT from legacy catalog black-background review; human full-resolution review: strong perspective with looped strap",rerendered-and-approved,False,0.779297,0.911458,0.500000,0.500000,1024x1536,RGBA,,PASS,d35e9b7e70fcade164f233cbd4f5932e07aad0f216e2520533cf1d9e9d4d60ac
CRRA-AA0822L19B,0.825195,0.869792,0.529785,0.492839,1024x1536,RGBA,,,True,True,approved,False,PASS_CONTENT from legacy catalog black-background review; pending v2 candidate recheck,unchanged-protected,False,0.825195,0.869792,0.529785,0.492839,1024x1536,RGBA,,approved,b9ab80b9655bf585104c8212173e903f6b3b6233725fa1ebbdb65cd5cfc1805f
W1557,0.723633,0.907552,0.527832,0.49349,1024x1536,RGBA,,caseW-low,False,True,acceptable variation,False,caseW-low; PASS_CONTENT from legacy catalog black-background review,unchanged-protected,False,0.723633,0.907552,0.527832,0.49349,1024x1536,RGBA,caseW-low,acceptable variation,0b883356b421b89cd3e6c2f859880019f2c365022ee0940c6714f88facaf46e2
W1649,0.725586,0.970703,0.497559,0.499023,1024x1536,RGBA,,caseW-low|bboxH-high,False,True,acceptable variation,False,"caseW-low,bboxH-high; PASS_CONTENT from legacy catalog black-background review",unchanged-protected,False,0.725586,0.970703,0.497559,0.499023,1024x1536,RGBA,caseW-low|bboxH-high,acceptable variation,f93bdcca033e487ccc2e4f39dd63ca37aef0fc24b284c3a1caca7b07bf815d37
W1593,0.725586,0.942708,0.515137,0.490234,1024x1536,RGBA,,caseW-low,False,True,acceptable variation,False,caseW-low; PASS_CONTENT from legacy catalog black-background review,unchanged-protected,False,0.725586,0.942708,0.515137,0.490234,1024x1536,RGBA,caseW-low,acceptable variation,32a56c31dd435000aecb027fd6f90b968d85ce12ab1959ab26ef0cf19b379b98
CRT127.410.11.051.00,0.551786,0.895833,0.522321,0.499702,1680x1680,RGBA,,canvas|caseW-low,False,True,acceptable variation,False,"canvas,caseW-low; PASS_CONTENT from legacy catalog black-background review",unchanged-protected,False,0.551786,0.895833,0.522321,0.499702,1680x1680,RGBA,canvas|caseW-low,acceptable variation,d5ffeae92d26982db7dbe99145f375ac845bfcf814fb1c34ab68e7b999a51aaa
CR98A302,0.643333,0.985,0.500833,0.5,1200x1200,RGBA,,canvas|caseW-low|bboxH-high,False,True,acceptable variation,False,"canvas,caseW-low,bboxH-high; PASS_CONTENT from legacy catalog black-background review",unchanged-protected,False,0.643333,0.985,0.500833,0.5,1200x1200,RGBA,canvas|caseW-low|bboxH-high,acceptable variation,af1e2acbd952974b9ad37fb644a5fc3868256235ce35b24c2a755a9dac8fabc7
CRVIC241871,0.745117,0.933594,0.525879,0.492839,1024x1536,RGBA,,,True,True,approved,False,PASS_CONTENT from legacy catalog black-background review; pending v2 candidate recheck,unchanged-protected,False,0.745117,0.933594,0.525879,0.492839,1024x1536,RGBA,,approved,c5837272899b4e60520030556d55fbac027b3e391b5692200ddcee85ba4d59f4
CRBJ2127-16E,0.977848,0.984444,0.498418,0.498889,632x900,RGBA,,canvas|caseW-high|bboxH-high,False,False,true failure,True,"canvas,caseW-high,bboxH-high; PASS_CONTENT from legacy catalog black-background review; human full-resolution review: strong perspective with looped strap",rerendered-and-approved,False,0.781250,0.911458,0.500000,0.500000,1024x1536,RGBA,,PASS,90396b3d09aa619bd4eb036540e22cd29c3145ba59f59257b363f5cc4602dc10
CRNY0164-65X,0.672852,0.896484,0.494141,0.492513,1024x1536,RGBA,,caseW-low,False,True,acceptable variation,False,caseW-low; PASS_CONTENT from legacy catalog black-background review,unchanged-protected,False,0.672852,0.896484,0.494141,0.492513,1024x1536,RGBA,caseW-low,acceptable variation,003c6502f820d8acefefddc7180868886f2925f16480086a3eb65722297828c3
CRSRPF24K1,0.967181,0.986667,0.5,0.5,518x900,RGBA,,canvas|caseW-high|bboxH-high,False,False,true failure,True,"canvas,caseW-high,bboxH-high; PASS_CONTENT from legacy catalog black-background review; human full-resolution review: full-strap presentation with end hardware visible",rerendered-and-approved,False,0.779297,0.899089,0.499512,0.500326,1024x1536,RGBA,,PASS,28b9fcb600133bda9a72231d75a20d6f299a1924214841e9025221003db778dd
CRT129.210.11.053.00~,0.39075,0.879585,0.518341,0.488437,1254x1254,RGBA,,canvas|caseW-low,False,True,acceptable variation,False,"canvas,caseW-low; PASS_CONTENT from legacy catalog black-background review",unchanged-protected,False,0.39075,0.879585,0.518341,0.488437,1254x1254,RGBA,canvas|caseW-low,acceptable variation,1c2ce5921b9f17696f8cc7b68c76f7c4c0369a1fd3acdc5ef0830b787e9a0630
CRSRPK89K1,0.536298,0.92559,0.5,0.5,1102x1102,RGBA,,canvas|caseW-low,False,True,acceptable variation,False,"canvas,caseW-low; PASS_CONTENT from legacy catalog black-background review",unchanged-protected,False,0.536298,0.92559,0.5,0.5,1102x1102,RGBA,canvas|caseW-low,acceptable variation,7be82f79d34a6c3f5edd9e41cfd39a05ba78a9a91bba0aaa8cb8e903780f3c84
CRH43311735,0.505714,1.0,0.517143,0.5,700x700,RGBA,,canvas|caseW-low|bboxH-high,False,True,acceptable variation,False,"canvas,caseW-low,bboxH-high; PASS_CONTENT from legacy catalog black-background review",unchanged-protected,False,0.505714,1.0,0.517143,0.5,700x700,RGBA,canvas|caseW-low|bboxH-high,acceptable variation,fa09f5984603b5b0dd5481c6737796f753314bf405f228961a723548690b0704
CRJP1010-00W,0.672249,0.956938,0.47807,0.5,1254x1254,RGBA,,canvas|caseW-low|bboxH-high,False,True,acceptable variation,False,"canvas,caseW-low,bboxH-high; PASS_CONTENT from legacy catalog black-background review",unchanged-protected,False,0.672249,0.956938,0.47807,0.5,1254x1254,RGBA,canvas|caseW-low|bboxH-high,acceptable variation,6c9ddfbf9e1806566ac2ff0f07906197a21d9ec6d69d44dbd1eeeabb84713836
CRH32451581,0.547143,1.0,0.517857,0.5,700x700,RGBA,,canvas|caseW-low|bboxH-high,False,True,acceptable variation,False,"canvas,caseW-low,bboxH-high; PASS_CONTENT from legacy catalog black-background review",unchanged-protected,False,0.547143,1.0,0.517857,0.5,700x700,RGBA,canvas|caseW-low|bboxH-high,acceptable variation,f8723fe440629efe79606e93b12f4f37278008dbfd4c95be02fe1fa1f79f9a41
CRSRPF67K1,0.959847,0.983333,0.5,0.500556,523x900,RGBA,,canvas|caseW-high|bboxH-high,False,False,true failure,True,"canvas,caseW-high,bboxH-high; PASS_CONTENT from legacy catalog black-background review; human full-resolution review: strong perspective with full strap and hardware visible",rerendered-and-approved,False,0.780273,0.858724,0.500488,0.499674,1024x1536,RGBA,,PASS,c5a405496856e1c5fa0a4d6e556e3eafe93a9e258508658ebc6e506a9f1bb3ff
CRVIC241846,0.761848,0.898,0.528494,0.5098,1667x2500,RGBA,,canvas,False,True,acceptable variation,False,canvas; PASS_CONTENT from legacy catalog black-background review,unchanged-protected,False,0.761848,0.898,0.528494,0.5098,1667x2500,RGBA,canvas,acceptable variation,d4fea7434465666aab0a7831bb36914f035fa0f494326b4719884a24629babaa
W1597,0.645508,0.876302,0.51416,0.496094,1024x1536,RGBA,,caseW-low,False,True,acceptable variation,False,caseW-low; PASS_CONTENT from legacy catalog black-background review,unchanged-protected,False,0.645508,0.876302,0.51416,0.496094,1024x1536,RGBA,caseW-low,acceptable variation,fcc0ba8f907d27a22be8944a8470a8c631e0a526515717785cba091a16993f64
CRRA-AA0007A09B,0.785156,0.957682,0.523438,0.495768,1024x1536,RGBA,,bboxH-high,False,True,acceptable variation,False,bboxH-high; PASS_CONTENT from legacy catalog black-background review,unchanged-protected,False,0.785156,0.957682,0.523438,0.495768,1024x1536,RGBA,bboxH-high,acceptable variation,560730d771fe4ea58bfe39a8cfe34ada2d104fb06ba2ca41e14577b9cf3e199a
CRH64451133,0.59,1.0,0.526429,0.5,700x700,RGBA,,canvas|caseW-low|bboxH-high,False,True,acceptable variation,False,"canvas,caseW-low,bboxH-high; PASS_CONTENT from legacy catalog black-background review",unchanged-protected,False,0.59,1.0,0.526429,0.5,700x700,RGBA,canvas|caseW-low|bboxH-high,acceptable variation,014078a1949488477f999592505c20d91308719ccd663f2e2eff3ec1be13891d
W1601,0.722656,0.981771,0.480469,0.5,1024x1536,RGBA,,caseW-low|bboxH-high,False,True,acceptable variation,False,"caseW-low,bboxH-high; PASS_CONTENT from legacy catalog black-background review",unchanged-protected,False,0.722656,0.981771,0.480469,0.5,1024x1536,RGBA,caseW-low|bboxH-high,acceptable variation,71e838724b09b976450971d878900f0cdd2b5aa4c6463ab7cbf5fa633c37f539
CRNY0160-66E,0.705078,0.884766,0.490234,0.485352,1024x1536,RGBA,,caseW-low,False,True,acceptable variation,False,caseW-low; PASS_CONTENT from legacy catalog black-background review,unchanged-protected,False,0.705078,0.884766,0.490234,0.485352,1024x1536,RGBA,caseW-low,acceptable variation,79904d0e4cb96e370e52b51f578059f757b6d3a2a4fb42c03407eb618fc628f1
CRXS.3601.BO.NSF,0.586111,0.887037,0.514352,0.496296,1080x1080,RGBA,,canvas|caseW-low,False,True,acceptable variation,False,"canvas,caseW-low; PASS_CONTENT from legacy catalog black-background review",unchanged-protected,False,0.586111,0.887037,0.514352,0.496296,1080x1080,RGBA,canvas|caseW-low,acceptable variation,acaffc6b11a2dc4a31cd78aa5873510be13da7d70fab456d0aecfe602125a869
CRXA.9521,0.980392,0.984444,0.499109,0.5,561x900,RGBA,,canvas|caseW-high|bboxH-high,False,True,acceptable variation,False,"canvas,caseW-high,bboxH-high; PASS_CONTENT from legacy catalog black-background review",unchanged-protected,False,0.980392,0.984444,0.499109,0.5,561x900,RGBA,canvas|caseW-high|bboxH-high,acceptable variation,d12eb8b433d12cecf4e157e34579e7fb0410787b036f63a63a2f25456d93ab89
W2244,0.717773,0.947917,0.483887,0.486979,1024x1536,RGBA,,caseW-low,False,True,acceptable variation,False,caseW-low; PASS_CONTENT from legacy catalog black-background review,unchanged-protected,False,0.717773,0.947917,0.483887,0.486979,1024x1536,RGBA,caseW-low,acceptable variation,a516481cb4614ff9dadc225bc366fc7f21a129f0eaeeae4a0bb5415096146402
CR96B472,0.5575,0.985,0.500417,0.5,1200x1200,RGBA,,canvas|caseW-low|bboxH-high,False,True,acceptable variation,False,"canvas,caseW-low,bboxH-high; PASS_CONTENT from legacy catalog black-background review",unchanged-protected,False,0.5575,0.985,0.500417,0.5,1200x1200,RGBA,canvas|caseW-low|bboxH-high,acceptable variation,7e58fa7b9d31c199cbd2c377aa27f2163bd194762d0d4897baecebf9616464ae
CRJV0007-02E,0.767578,0.913411,0.501953,0.491862,1024x1536,RGBA,,,True,True,approved,False,PASS_CONTENT from legacy catalog black-background review; pending v2 candidate recheck,unchanged-protected,False,0.767578,0.913411,0.501953,0.491862,1024x1536,RGBA,,approved,f3cf42709426fb4d8c410020717910135e3251938f4d4560e79310519c03d271
CRH38411580,0.511429,1.0,0.513571,0.5,700x700,RGBA,,canvas|caseW-low|bboxH-high,False,True,acceptable variation,False,"canvas,caseW-low,bboxH-high; PASS_CONTENT from legacy catalog black-background review",unchanged-protected,False,0.511429,1.0,0.513571,0.5,700x700,RGBA,canvas|caseW-low|bboxH-high,acceptable variation,7fd5e1cc248f7129d3cf2b2383d483f663d47b957e962af5dafde3e156c1e41b
CRRA-AA0821S19B,0.759766,0.938802,0.526367,0.497396,1024x1536,RGBA,,,True,True,approved,False,PASS_CONTENT from legacy catalog black-background review; pending v2 candidate recheck,unchanged-protected,False,0.759766,0.938802,0.526367,0.497396,1024x1536,RGBA,,approved,a66549feb69599397093be54613ae3201120ba13f85386ac9da30e0a967aaffd
CRJP2000-67L,0.791992,0.945312,0.450195,0.494141,1024x1536,RGBA,,case-centre-x,False,True,acceptable variation,False,case-centre-x; PASS_CONTENT from legacy catalog black-background review,unchanged-protected,False,0.791992,0.945312,0.450195,0.494141,1024x1536,RGBA,case-centre-x,acceptable variation,3bb9ee93b67194453f11d47fc3f0dd6a55359d2581b8f3ad450f6ffadb988ab5
W2267,0.560547,0.953776,0.510742,0.495768,1024x1536,RGBA,,caseW-low|bboxH-high,False,True,acceptable variation,False,"caseW-low,bboxH-high; PASS_CONTENT from legacy catalog black-background review",unchanged-protected,False,0.560547,0.953776,0.510742,0.495768,1024x1536,RGBA,caseW-low|bboxH-high,acceptable variation,e154b61a4a645ab76a5b80dc12b96373065ede3af254685794dac4706a7427fc
W2266,0.614258,0.962891,0.521973,0.492513,1024x1536,RGBA,,caseW-low|bboxH-high,False,True,acceptable variation,False,"caseW-low,bboxH-high; PASS_CONTENT from legacy catalog black-background review",unchanged-protected,False,0.614258,0.962891,0.521973,0.492513,1024x1536,RGBA,caseW-low|bboxH-high,acceptable variation,49dcb1875816eb04f011de241922ec89f4b5d2a280b41bdf176f59b6b4aad9b8
CRNY0129-58L,0.720703,0.935547,0.514648,0.499023,1024x1536,RGBA,,caseW-low,False,True,acceptable variation,False,caseW-low; PASS_CONTENT from legacy catalog black-background review,unchanged-protected,False,0.720703,0.935547,0.514648,0.499023,1024x1536,RGBA,caseW-low,acceptable variation,a3067cf7be611816b803d68fe43525ee0a514284f0de92847041ace9717a7f44
CRRA-AA0813R19B,0.755859,0.939453,0.510742,0.488607,1024x1536,RGBA,,,True,True,approved,False,PASS_CONTENT from legacy catalog black-background review; pending v2 candidate recheck,unchanged-protected,False,0.755859,0.939453,0.510742,0.488607,1024x1536,RGBA,,approved,8a9a466d193cb23eab438e58ff8e09af02d69d767ce7c293673e6e787d89769a
CRSRPK13K1,0.962672,0.984444,0.5,0.501111,509x900,RGBA,,canvas|caseW-high|bboxH-high,False,True,acceptable variation,False,"canvas,caseW-high,bboxH-high; PASS_CONTENT from legacy catalog black-background review",unchanged-protected,False,0.962672,0.984444,0.5,0.501111,509x900,RGBA,canvas|caseW-high|bboxH-high,acceptable variation,b3249cf87191e90170b0612e575d4fcc9fb0465c463a0955725e58c1038279f3
W1673,0.655273,0.90625,0.52002,0.494792,1024x1536,RGBA,,caseW-low,False,True,acceptable variation,False,caseW-low; PASS_CONTENT from legacy catalog black-background review,unchanged-protected,False,0.655273,0.90625,0.52002,0.494792,1024x1536,RGBA,caseW-low,acceptable variation,3295fd34e73c60404a2799a07d88144fc42d3f34520d0558da75a61936be2e8a
CRRA-AA0003R19B,0.860352,0.974609,0.479004,0.497721,1024x1536,RGBA,,caseW-high|bboxH-high,False,True,acceptable variation,False,"caseW-high,bboxH-high; PASS_CONTENT from legacy catalog black-background review",unchanged-protected,False,0.860352,0.974609,0.479004,0.497721,1024x1536,RGBA,caseW-high|bboxH-high,acceptable variation,7f2c45d6af41763b7768086d1ead04dde468f50134c932b942cc4c9a34df34ed
W2257,0.626953,0.922526,0.506836,0.482096,1024x1536,RGBA,,caseW-low,False,True,acceptable variation,False,caseW-low; PASS_CONTENT from legacy catalog black-background review,unchanged-protected,False,0.626953,0.922526,0.506836,0.482096,1024x1536,RGBA,caseW-low,acceptable variation,3f8d34603857e2f4f49b87ce933fa76fc07e6f8cb91c9d8cd599a523b705265c
CREL05004W,0.651185,0.944333,0.519905,0.500335,1055x1491,RGBA,,canvas|caseW-low,False,True,acceptable variation,False,"canvas,caseW-low; PASS_CONTENT from legacy catalog black-background review",unchanged-protected,False,0.651185,0.944333,0.519905,0.500335,1055x1491,RGBA,canvas|caseW-low,acceptable variation,7a6ddb5c2ebec29a3e1192dc30a22e53585765544b645ce3d0271f152c76456e
CR97A182,0.540833,0.985,0.500417,0.5,1200x1200,RGBA,,canvas|caseW-low|bboxH-high,False,True,acceptable variation,False,"canvas,caseW-low,bboxH-high; PASS_CONTENT from legacy catalog black-background review",unchanged-protected,False,0.540833,0.985,0.500417,0.5,1200x1200,RGBA,canvas|caseW-low|bboxH-high,acceptable variation,0caa15e4a21eb46ca4ce385217088d7261018ff6618e084d3195a3e27a57578a
CRH68311133,0.467143,1.0,0.523571,0.5,700x700,RGBA,,canvas|caseW-low|bboxH-high,False,True,acceptable variation,False,"canvas,caseW-low,bboxH-high; PASS_CONTENT from legacy catalog black-background review",unchanged-protected,False,0.467143,1.0,0.523571,0.5,700x700,RGBA,canvas|caseW-low|bboxH-high,acceptable variation,837846784b252f4bade7fd3b8fb7e56cbdc55fc132497a5d6731c938a91150e3
CR98A283,0.981308,0.992222,0.5,0.497222,535x900,RGBA,,canvas|caseW-high|bboxH-high,False,False,true failure,True,"canvas,caseW-high,bboxH-high; PASS_CONTENT from legacy catalog black-background review; human full-resolution review: strong perspective with looped strap",rerendered-and-approved,False,0.780273,0.911458,0.499512,0.500000,1024x1536,RGBA,,PASS,c72831b8797f295921db7334e4829a083fc64922e8f58e4f7df4c6fa8390621a
CRCB5034-91W,0.977966,0.983333,0.498305,0.499444,590x900,RGBA,,canvas|caseW-high|bboxH-high,False,False,true failure,True,"canvas,caseW-high,bboxH-high; PASS_CONTENT from legacy catalog black-background review; human full-resolution review: strong perspective with looped bracelet",rerendered-and-approved,False,0.779297,0.888021,0.500000,0.500000,1024x1536,RGBA,,PASS,309d6f03549012c1d722da962b9bd6b740dea50318197e5bf3723ff0b3318bf4
W1600,0.634766,0.920573,0.521484,0.490234,1024x1536,RGBA,,caseW-low,False,True,acceptable variation,False,caseW-low; PASS_CONTENT from legacy catalog black-background review,unchanged-protected,False,0.634766,0.920573,0.521484,0.490234,1024x1536,RGBA,caseW-low,acceptable variation,f1a0877485d356772187e35627ef192be79390fbf3ff48088fac2b2ad0a6bcbb
W1616,0.696289,0.888672,0.520996,0.476237,1024x1536,RGBA,,caseW-low,False,True,acceptable variation,False,caseW-low; PASS_CONTENT from legacy catalog black-background review,unchanged-protected,False,0.696289,0.888672,0.520996,0.476237,1024x1536,RGBA,caseW-low,acceptable variation,d68166ed8f969ae78d2b389a0f20e230ca342458c8d4876887f8612658e6861e
CR98B432,0.604167,0.985,0.500417,0.5,1200x1200,RGBA,,canvas|caseW-low|bboxH-high,False,True,acceptable variation,False,"canvas,caseW-low,bboxH-high; PASS_CONTENT from legacy catalog black-background review",unchanged-protected,False,0.604167,0.985,0.500417,0.5,1200x1200,RGBA,canvas|caseW-low|bboxH-high,acceptable variation,bd61e572f37d641b66657d833103ea4ccd4b6177798cbdda5c9b5f0e57edbbcf
CRRE-ND0014L00B,0.714844,0.916016,0.515625,0.493164,1024x1536,RGBA,,caseW-low,False,True,acceptable variation,False,caseW-low; PASS_CONTENT from legacy catalog black-background review,unchanged-protected,False,0.714844,0.916016,0.515625,0.493164,1024x1536,RGBA,caseW-low,acceptable variation,2a06df4d2af9c4728a2ac7052509f835b88ff4103fd2b5613c3a5e1b151855a2
CRPRW-6900YL-5,0.671667,0.948333,0.5,0.5,1200x1200,RGBA,,canvas|caseW-low,False,True,acceptable variation,False,"canvas,caseW-low; PASS_CONTENT from legacy catalog black-background review",unchanged-protected,False,0.671667,0.948333,0.5,0.5,1200x1200,RGBA,canvas|caseW-low,acceptable variation,78164826469ae95e9c8a71765bb2ace99366dd248fdf12160e7760eb004629f4
CRSDA02002W,0.748047,0.929688,0.505859,0.494792,1024x1536,RGBA,,,True,False,true failure,True,FAIL_CONTENT: visible retailer or product-tag text overlays the bracelet; human full-resolution review: visible SAPPHIRE CRYSTAL retailer overlay across bracelet,rerendered-and-approved,False,0.781250,0.911458,0.500000,0.500000,1024x1536,RGBA,,PASS,b8c68fa74cf6d2b99eed6db5b021263eac06da2b7a5bef91a3db7287c3d05e9b
CRPRW-6900Y-1,0.977419,0.982222,0.501613,0.5,620x900,RGBA,,canvas|caseW-high|bboxH-high,False,True,acceptable variation,False,"canvas,caseW-high,bboxH-high; PASS_CONTENT from legacy catalog black-background review",unchanged-protected,False,0.977419,0.982222,0.501613,0.5,620x900,RGBA,canvas|caseW-high|bboxH-high,acceptable variation,5160a5fc77211aa6ca9a1fed3af6bb6bc9edb7a61d5ff64a6648d57ae53f1fb1
CRVIC241930,0.708008,0.953125,0.509277,0.498698,1024x1536,RGBA,,caseW-low|bboxH-high,False,True,acceptable variation,False,"caseW-low,bboxH-high; PASS_CONTENT from legacy catalog black-background review",unchanged-protected,False,0.708008,0.953125,0.509277,0.498698,1024x1536,RGBA,caseW-low|bboxH-high,acceptable variation,0fb4d68d4e63ceb97b6779456f2d565ced211c865ca783e3846b4f208030d8f8
CRBJ8058-06L,0.72,0.965,0.5,0.5,1200x1200,RGBA,,canvas|caseW-low|bboxH-high,False,True,acceptable variation,False,"canvas,caseW-low,bboxH-high; PASS_CONTENT from legacy catalog black-background review",unchanged-protected,False,0.72,0.965,0.5,0.5,1200x1200,RGBA,canvas|caseW-low|bboxH-high,acceptable variation,f1b64e73637b7f2e1e7f18e5b17c7b099b353f228231997f609c0b2250688986
CRH82201931,0.508571,1.0,0.500714,0.5,700x700,RGBA,,canvas|caseW-low|bboxH-high,False,False,true failure,True,"canvas,caseW-low,bboxH-high; PASS_CONTENT from legacy catalog black-background review; human full-resolution review: severely narrow full-strap presentation with hardware visible",rerendered-and-approved,False,0.781250,0.911458,0.500000,0.500000,1024x1536,RGBA,,PASS,f7c68305f292f79f282b077a1fbd2d6e35813d9bfd615604ed7c9294d9e4e9a7
CRT122.210.16.033.00~,0.524457,0.995556,0.263587,0.497778,736x900,RGBA,,canvas|caseW-low|bboxH-high|case-centre-x,False,True,acceptable variation,False,"canvas,caseW-low,bboxH-high,case-centre-x; PASS_CONTENT from legacy catalog black-background review",unchanged-protected,False,0.524457,0.995556,0.263587,0.497778,736x900,RGBA,canvas|caseW-low|bboxH-high|case-centre-x,acceptable variation,366e595cc6681a4c043279ec667c742194d9c2cbbd7ce621c091c194d10c7eba
CRH32261197,0.35,0.997143,0.512143,0.5,700x700,RGBA,,canvas|caseW-low|bboxH-high,False,True,acceptable variation,False,"canvas,caseW-low,bboxH-high; PASS_CONTENT from legacy catalog black-background review",unchanged-protected,False,0.35,0.997143,0.512143,0.5,700x700,RGBA,canvas|caseW-low|bboxH-high,acceptable variation,24da1306b28d9994aa42485924ef824260c3199cdbd63725da8929cfeb6d6c1d
CRH64511733,0.753906,0.917318,0.525391,0.491862,1024x1536,RGBA,,,True,True,approved,False,PASS_CONTENT from legacy catalog black-background review; pending v2 candidate recheck,unchanged-protected,False,0.753906,0.917318,0.525391,0.491862,1024x1536,RGBA,,approved,291c6d1b05e0ca3a98dd8cb857fbfcc608b537fcaf5cf8117bb1ae0584d4288e
W2295,0.727273,0.978,0.503497,0.501,286x500,RGBA,,canvas|caseW-low|bboxH-high,False,False,true failure,True,"canvas,caseW-low,bboxH-high; PASS_CONTENT from legacy catalog black-background review; human full-resolution review: strong perspective with looped strap and visible underside",rerendered-and-approved,False,0.781250,0.911458,0.500000,0.500000,1024x1536,RGBA,,PASS,dd5877994cced8804ea76a1ca19ed1936ad70c4866b3cdf0f4c642bc85bb3ae2
CRSRPK65K1,0.96124,0.984444,0.498062,0.498889,516x900,RGBA,,canvas|caseW-high|bboxH-high,False,False,true failure,True,"canvas,caseW-high,bboxH-high; PASS_CONTENT from legacy catalog black-background review; human full-resolution review: strong perspective with looped bracelet",rerendered-and-approved,False,0.780273,0.875651,0.500000,0.499674,1024x1536,RGBA,,PASS,82eeacdba832e0e4fab76896c4e4017b0db00b6241e557b59c86d954a3f9040b
CRRA-AC0Q08S,0.655273,0.849609,0.515137,0.484701,1024x1536,RGBA,,caseW-low|bboxH-low,False,True,acceptable variation,False,"caseW-low,bboxH-low; PASS_CONTENT from legacy catalog black-background review",unchanged-protected,False,0.655273,0.849609,0.515137,0.484701,1024x1536,RGBA,caseW-low|bboxH-low,acceptable variation,889198ab88c8a957b22f1087c3cade40452ae1362f14c9704d03c5996ad0c75b
CRRA-AA0E02E19B,0.828125,0.919271,0.527344,0.5,1024x1536,RGBA,,,True,True,approved,False,PASS_CONTENT from legacy catalog black-background review; pending v2 candidate recheck,unchanged-protected,False,0.828125,0.919271,0.527344,0.5,1024x1536,RGBA,,approved,c206ca6c57862fe0fb7033af6f293d3c72d3d5b38c2a33824b27fbb3dcedbcb9
CR96A187,0.595,0.966667,0.5,0.5,1200x1200,RGBA,,canvas|caseW-low|bboxH-high,False,True,acceptable variation,False,"canvas,caseW-low,bboxH-high; PASS_CONTENT from legacy catalog black-background review",unchanged-protected,False,0.595,0.966667,0.5,0.5,1200x1200,RGBA,canvas|caseW-low|bboxH-high,acceptable variation,59e7d77100b069c28bdc326deff3f0f959ea2342c1bd9729022399fe84c11899
CR98A272,0.643333,0.985,0.5,0.5,1200x1200,RGBA,,canvas|caseW-low|bboxH-high,False,True,acceptable variation,False,"canvas,caseW-low,bboxH-high; PASS_CONTENT from legacy catalog black-background review",unchanged-protected,False,0.643333,0.985,0.5,0.5,1200x1200,RGBA,canvas|caseW-low|bboxH-high,acceptable variation,79a9ffa4a499d80f2b9903c1d0f32efd5b380bf18b6551268f4326f36e06f795
CRJW0149-10L,0.796875,0.879557,0.52832,0.482747,1024x1536,RGBA,,,True,True,approved,False,PASS_CONTENT from legacy catalog black-background review; pending v2 candidate recheck,unchanged-protected,False,0.796875,0.879557,0.52832,0.482747,1024x1536,RGBA,,approved,23c74b32f1892c89b3da1eef3e46ea2d7e03e8529f2e98dae68fb29d93de205d
CRXL.1971.SET,0.537037,0.898148,0.52037,0.500926,1080x1080,RGBA,,canvas|caseW-low,False,True,acceptable variation,False,"canvas,caseW-low; PASS_CONTENT from legacy catalog black-background review",unchanged-protected,False,0.537037,0.898148,0.52037,0.500926,1080x1080,RGBA,canvas|caseW-low,acceptable variation,119beb2be6857fb21a7bb03643380d067fb9c3162751d03a07225bf04f9e7f61
CRRA-AC0Q12L,0.790039,0.934896,0.532715,0.48763,1024x1536,RGBA,,case-centre-x,False,True,acceptable variation,False,case-centre-x; PASS_CONTENT from legacy catalog black-background review,unchanged-protected,False,0.790039,0.934896,0.532715,0.48763,1024x1536,RGBA,case-centre-x,acceptable variation,5e81d452fe0bd8e1d4469c649b3ffe26bdc346dbffe185b0408eccddda55359b
CRRA-AA0810N19B,0.824219,0.872396,0.52832,0.489583,1024x1536,RGBA,,,True,True,approved,False,PASS_CONTENT from legacy catalog black-background review; pending v2 candidate recheck,unchanged-protected,False,0.824219,0.872396,0.52832,0.489583,1024x1536,RGBA,,approved,6934e96e0f679465fdb86548e5201e54730d3e1110e8cf82c624b317f7541491
CRBN0167-50H,0.608333,0.965,0.499583,0.5,1200x1200,RGBA,,canvas|caseW-low|bboxH-high,False,True,acceptable variation,False,"canvas,caseW-low,bboxH-high; PASS_CONTENT from legacy catalog black-background review",unchanged-protected,False,0.608333,0.965,0.499583,0.5,1200x1200,RGBA,canvas|caseW-low|bboxH-high,acceptable variation,f5240d4bdb0599a3ab97bcd155a7f3540f099cbe32f2c0dd4134db4b28221125
CR98B422,0.540833,0.985,0.500417,0.5,1200x1200,RGBA,,canvas|caseW-low|bboxH-high,False,True,acceptable variation,False,"canvas,caseW-low,bboxH-high; PASS_CONTENT from legacy catalog black-background review",unchanged-protected,False,0.540833,0.985,0.500417,0.5,1200x1200,RGBA,canvas|caseW-low|bboxH-high,acceptable variation,43027ceb727526734cfda74ceab1eb6b57cb043a258dec1f07719fa618321292
CR98A224,0.625833,0.968333,0.500417,0.5,1200x1200,RGBA,,canvas|caseW-low|bboxH-high,False,True,acceptable variation,False,"canvas,caseW-low,bboxH-high; PASS_CONTENT from legacy catalog black-background review",unchanged-protected,False,0.625833,0.968333,0.500417,0.5,1200x1200,RGBA,canvas|caseW-low|bboxH-high,acceptable variation,038d845e147c4891723419e1481479cca527b6b957eff37463e3b6b3e9eeea42
CRH32341975,0.464286,1.0,0.516429,0.5,700x700,RGBA,,canvas|caseW-low|bboxH-high,False,True,acceptable variation,False,"canvas,caseW-low,bboxH-high; PASS_CONTENT from legacy catalog black-background review",unchanged-protected,False,0.464286,1.0,0.516429,0.5,700x700,RGBA,canvas|caseW-low|bboxH-high,acceptable variation,1d1a7b87364ac0c1a010a871ecd2d464b04634983bc0eafba6060ab3baa4372e
CRRA-AA0004E19B,0.821289,0.966146,0.508301,0.5,1024x1536,RGBA,,bboxH-high,False,True,acceptable variation,False,bboxH-high; PASS_CONTENT from legacy catalog black-background review,unchanged-protected,False,0.821289,0.966146,0.508301,0.5,1024x1536,RGBA,bboxH-high,acceptable variation,7ef320b5d0f8ff42c544837b8fdf77691a845091abb4e942faf95f32de87517f
CR98A179,0.616667,0.981667,0.500417,0.5,1200x1200,RGBA,,canvas|caseW-low|bboxH-high,False,True,acceptable variation,False,"canvas,caseW-low,bboxH-high; PASS_CONTENT from legacy catalog black-background review",unchanged-protected,False,0.616667,0.981667,0.500417,0.5,1200x1200,RGBA,canvas|caseW-low|bboxH-high,acceptable variation,a630c3ff4d13fdd40c4feacfae1ca22e6dac2cdf35732fa8f80839bf1bb3524c
CRNY0168-64A,0.712891,0.942057,0.461426,0.484701,1024x1536,RGBA,,caseW-low|case-centre-x,False,True,acceptable variation,False,"caseW-low,case-centre-x; PASS_CONTENT from legacy catalog black-background review",unchanged-protected,False,0.712891,0.942057,0.461426,0.484701,1024x1536,RGBA,caseW-low|case-centre-x,acceptable variation,f26ca394fef6bc40904392d05c93cb138844548d4d9e1275c048f2b3739ac09f
CRVIC241749,0.774414,0.900391,0.529785,0.477539,1024x1536,RGBA,,,True,True,approved,False,PASS_CONTENT from legacy catalog black-background review; pending v2 candidate recheck,unchanged-protected,False,0.774414,0.900391,0.529785,0.477539,1024x1536,RGBA,,approved,72520e4f8c80ff780dd86b38903d2abcb4407f8f9afdf77eb11fed4c5f4c8e7f
CRVIC241904,0.975379,0.984444,0.500947,0.5,528x900,RGBA,,canvas|caseW-high|bboxH-high,False,True,acceptable variation,False,"canvas,caseW-high,bboxH-high; PASS_CONTENT from legacy catalog black-background review",unchanged-protected,False,0.975379,0.984444,0.500947,0.5,528x900,RGBA,canvas|caseW-high|bboxH-high,acceptable variation,0d9dc39de2911beef00fe017dd29900e6b56980da0ca6940090eafc87a140c3c
CRT129.410.16.053.00~,0.962025,0.944444,0.481013,0.525556,711x900,RGBA,,canvas|caseW-high,False,False,true failure,True,"canvas,caseW-high; PASS_CONTENT from legacy catalog black-background review; human full-resolution review: over-cropped head-dominant presentation",rerendered-and-approved,False,0.780273,0.862630,0.500488,0.499674,1024x1536,RGBA,,PASS,7b623345b8ec69fee9a0913ae567b2f65a8e159297c375c3ab347786403ab0f8
CR96A208,0.603333,0.966667,0.5,0.5,1200x1200,RGBA,,canvas|caseW-low|bboxH-high,False,True,acceptable variation,False,"canvas,caseW-low,bboxH-high; PASS_CONTENT from legacy catalog black-background review",unchanged-protected,False,0.603333,0.966667,0.5,0.5,1200x1200,RGBA,canvas|caseW-low|bboxH-high,acceptable variation,b696de7cf7e588dd161c55544d439ae879e0febc16d350b4ed0be5535d828593
CRRF733SRP837J1,0.744141,0.923177,0.523438,0.491536,1024x1536,RGBA,,,True,True,approved,False,PASS_CONTENT from legacy catalog black-background review; pending v2 candidate recheck,unchanged-protected,False,0.744141,0.923177,0.523438,0.491536,1024x1536,RGBA,,approved,7fd3fc7bdde7ec6bc7958e170c0257e15794f5431396e59514b09acad941381a
CRVIC241474,0.691406,0.928385,0.517578,0.494141,1024x1536,RGBA,,caseW-low,False,True,acceptable variation,False,caseW-low; PASS_CONTENT from legacy catalog black-background review,unchanged-protected,False,0.691406,0.928385,0.517578,0.494141,1024x1536,RGBA,caseW-low,acceptable variation,c5ceb86f291445c21c4fe119700f9a39a34a0b56335ef59be498b938245c6059
CRH38541513,0.52,0.997143,0.514286,0.501429,700x700,RGBA,,canvas|caseW-low|bboxH-high,False,True,acceptable variation,False,"canvas,caseW-low,bboxH-high; PASS_CONTENT from legacy catalog black-background review",unchanged-protected,False,0.52,0.997143,0.514286,0.501429,700x700,RGBA,canvas|caseW-low|bboxH-high,acceptable variation,0262fb302e1880a3743811e2b6062e75d4fccccb4e36476316d7c337ff9de55d
W2294,0.818182,0.98,0.506993,0.502,286x500,RGBA,,canvas|bboxH-high,False,False,true failure,True,"canvas,bboxH-high; PASS_CONTENT from legacy catalog black-background review; human full-resolution review: strong perspective with looped bracelet",rerendered-and-approved,False,0.780273,0.911458,0.499512,0.500000,1024x1536,RGBA,,PASS,1f867e89a080394a9241de22411ace124e222c77782f951c193797231a280af4
W2287,0.587891,0.962891,0.507812,0.493815,1024x1536,RGBA,,caseW-low|bboxH-high,False,False,true failure,True,"caseW-low,bboxH-high; PASS_CONTENT from legacy catalog black-background review; human full-resolution review: strong perspective with looped bracelet",rerendered-and-approved,False,0.780273,0.911458,0.500488,0.500000,1024x1536,RGBA,,PASS,b169bb7884993c8eddb295ab37aba7508a228d466a85f4fef78f4857881c2a89
W2293,0.797203,0.986,0.51049,0.499,286x500,RGBA,,canvas|bboxH-high,False,False,true failure,True,"canvas,bboxH-high; PASS_CONTENT from legacy catalog black-background review; human full-resolution review: strong perspective with looped bracelet",rerendered-and-approved,False,0.780273,0.911458,0.500488,0.500000,1024x1536,RGBA,,PASS,b3bfe3765d386d3f93df65d3a47e15be195e81b64813c6e584b99bc01e662406
CRSRPF23K1,0.962121,0.984444,0.5,0.501111,528x900,RGBA,,canvas|caseW-high|bboxH-high,False,False,true failure,True,"canvas,caseW-high,bboxH-high; PASS_CONTENT from legacy catalog black-background review; human full-resolution review: strong perspective with full strap and hardware visible",rerendered-and-approved,False,0.780273,0.836589,0.500000,0.500326,1024x1536,RGBA,bboxH-low,PASS,4e16ba1fb35f1c23e8087fbc8c25fe0f175807195c29b6acea34e1b30204dfb1
CR96B256,0.631667,1.0,0.5,0.5,1200x1200,RGBA,,canvas|caseW-low|bboxH-high,False,True,acceptable variation,False,"canvas,caseW-low,bboxH-high; PASS_CONTENT from legacy catalog black-background review",unchanged-protected,False,0.631667,1.0,0.5,0.5,1200x1200,RGBA,canvas|caseW-low|bboxH-high,acceptable variation,1a73c6462a3eaf1f6dd920a7db5cafd70d37a5777dfefa64bdf194ca934404e6
CRRA-AA0812L19B,0.834961,0.877604,0.528809,0.48763,1024x1536,RGBA,,caseW-high,False,True,acceptable variation,False,caseW-high; PASS_CONTENT from legacy catalog black-background review,unchanged-protected,False,0.834961,0.877604,0.528809,0.48763,1024x1536,RGBA,caseW-high,acceptable variation,a15e80cb1d75d9da9bcfa69e771c316e32080171cd273d58d527f3fd45621ca2
CRBJ7006-56L,0.605,0.966667,0.499583,0.5,1200x1200,RGBA,,canvas|caseW-low|bboxH-high,False,True,acceptable variation,False,"canvas,caseW-low,bboxH-high; PASS_CONTENT from legacy catalog black-background review",unchanged-protected,False,0.605,0.966667,0.499583,0.5,1200x1200,RGBA,canvas|caseW-low|bboxH-high,acceptable variation,4ad4cbf1f02fd4ba21e93e96ad8b046833631aad5d1f99c7e10b154c1cd67ba7
CRRA-AC0K03L10B,0.8125,0.902995,0.527832,0.494466,1024x1536,RGBA,,,True,True,approved,False,PASS_CONTENT from legacy catalog black-background review; pending v2 candidate recheck,unchanged-protected,False,0.8125,0.902995,0.527832,0.494466,1024x1536,RGBA,,approved,91f2456cc3c845a203d7035eb245d6f61ced83f9acc4f98551351f7f6898bd37
CRBJ7138-04E,0.625,1.0,0.5,0.5,1200x1200,RGBA,,canvas|caseW-low|bboxH-high,False,True,acceptable variation,False,"canvas,caseW-low,bboxH-high; PASS_CONTENT from legacy catalog black-background review",unchanged-protected,False,0.625,1.0,0.5,0.5,1200x1200,RGBA,canvas|caseW-low|bboxH-high,acceptable variation,96fd396096e9c3e8c5a4786f0ac2e20c44a7294895822c08849552b2a6a8a3f9
CRH68311533,0.468571,0.997143,0.498571,0.5,700x700,RGBA,,canvas|caseW-low|bboxH-high,False,True,acceptable variation,False,"canvas,caseW-low,bboxH-high; PASS_CONTENT from legacy catalog black-background review",unchanged-protected,False,0.468571,0.997143,0.498571,0.5,700x700,RGBA,canvas|caseW-low|bboxH-high,acceptable variation,a7a8cc9a3696b0a232b8a8746992280615b4d4fdcfd0ce3cd8937e62020c8149
CRRA-AA0815L19B,0.766602,0.940755,0.524902,0.499674,1024x1536,RGBA,,,True,True,approved,False,PASS_CONTENT from legacy catalog black-background review; pending v2 candidate recheck,unchanged-protected,False,0.766602,0.940755,0.524902,0.499674,1024x1536,RGBA,,approved,bd607a7aafab27459938b21c8f4be277bb9d99251e8f41f95c6a127c7dbbb7d8
CRRA-AA0E04Y09B,0.851562,0.963542,0.494141,0.494141,1024x1536,RGBA,,caseW-high|bboxH-high,False,True,acceptable variation,False,"caseW-high,bboxH-high; PASS_CONTENT from legacy catalog black-background review",unchanged-protected,False,0.851562,0.963542,0.494141,0.494141,1024x1536,RGBA,caseW-high|bboxH-high,acceptable variation,bec04e50abe9f7b36af0d956ae4e0b1a25445141fccf453567d1ea5ac22891f8
CRRA-AA0002L19B,0.850586,0.951172,0.507324,0.495768,1024x1536,RGBA,,caseW-high|bboxH-high,False,True,acceptable variation,False,"caseW-high,bboxH-high; PASS_CONTENT from legacy catalog black-background review",unchanged-protected,False,0.850586,0.951172,0.507324,0.495768,1024x1536,RGBA,caseW-high|bboxH-high,acceptable variation,1759e4201702f25f9733f248eab79d1cf1b197a0e083e2e08d5e44b936f09f95
CRBL5571-09L,0.606667,0.968333,0.5,0.5,1200x1200,RGBA,,canvas|caseW-low|bboxH-high,False,True,acceptable variation,False,"canvas,caseW-low,bboxH-high; PASS_CONTENT from legacy catalog black-background review",unchanged-protected,False,0.606667,0.968333,0.5,0.5,1200x1200,RGBA,canvas|caseW-low|bboxH-high,acceptable variation,0f3af94335bff626a9690fffbdeefc71fbdda6f164993471be76542a7f7f2afd
CRPRW-61ANS-3,0.976744,0.985556,0.500894,0.500556,559x900,RGBA,,canvas|caseW-high|bboxH-high,False,True,acceptable variation,False,"canvas,caseW-high,bboxH-high; PASS_CONTENT from legacy catalog black-background review",unchanged-protected,False,0.976744,0.985556,0.500894,0.500556,559x900,RGBA,canvas|caseW-high|bboxH-high,acceptable variation,7cb1486d688297febe7021ecab330c321f5bafc9d17fa50ee5f100c77b4ae3e5
CRJP2000-08E,0.797852,0.970703,0.447266,0.500326,1024x1536,RGBA,,bboxH-high|case-centre-x,False,True,acceptable variation,False,"bboxH-high,case-centre-x; PASS_CONTENT from legacy catalog black-background review",unchanged-protected,False,0.797852,0.970703,0.447266,0.500326,1024x1536,RGBA,bboxH-high|case-centre-x,acceptable variation,281971ed8a6123670f56d8df5b65fcc032d3b87d6231bb4bb3bffb775c33f388
W2296,0.744755,0.98,0.494755,0.5,286x500,RGBA,,canvas|bboxH-high,False,False,true failure,True,"canvas,bboxH-high; PASS_CONTENT from legacy catalog black-background review; human full-resolution review: strong perspective with looped strap and visible underside",rerendered-and-approved,False,0.780273,0.911458,0.499512,0.500000,1024x1536,RGBA,,PASS,b56ecdc8872155b300dd14caf98886a98a695637b23ba14ae8f78b2ba49a9769
W2264,0.681641,0.920573,0.486328,0.470703,1024x1536,RGBA,,caseW-low,False,True,acceptable variation,False,caseW-low; PASS_CONTENT from legacy catalog black-background review,unchanged-protected,False,0.681641,0.920573,0.486328,0.470703,1024x1536,RGBA,caseW-low,acceptable variation,e10a56c92c28b5598ef1814bab03d6544b28b11dd0ac20207353fb868e45eb93
W1610,0.71582,0.876953,0.519043,0.495117,1024x1536,RGBA,,caseW-low,False,True,acceptable variation,False,caseW-low; PASS_CONTENT from legacy catalog black-background review,unchanged-protected,False,0.71582,0.876953,0.519043,0.495117,1024x1536,RGBA,caseW-low,acceptable variation,f6cd55d5e8f72069ce34cd22a69a0f3bb38c4cbc9cff4d00b9443ab0536f4801
CRBN0238-02L,0.674167,0.966667,0.500417,0.5,1200x1200,RGBA,,canvas|caseW-low|bboxH-high,False,True,acceptable variation,False,"canvas,caseW-low,bboxH-high; PASS_CONTENT from legacy catalog black-background review",unchanged-protected,False,0.674167,0.966667,0.500417,0.5,1200x1200,RGBA,canvas|caseW-low|bboxH-high,acceptable variation,c750d4159087f958eb49374802ef42abbbf8bbcf84ae3cf288f5f39a06d908ee
W1551,0.734375,0.95638,0.482422,0.488607,1024x1536,RGBA,,bboxH-high,False,True,acceptable variation,False,bboxH-high; PASS_CONTENT from legacy catalog black-background review,unchanged-protected,False,0.734375,0.95638,0.482422,0.488607,1024x1536,RGBA,bboxH-high,acceptable variation,5a23bdde3f6509f95a5a8b3c648c6259ad4600053a56c4d5f07725ae76192978
W1672,0.737305,0.947917,0.509277,0.496094,1024x1536,RGBA,,,True,True,approved,False,PASS_CONTENT from legacy catalog black-background review; pending v2 candidate recheck,unchanged-protected,False,0.737305,0.947917,0.509277,0.496094,1024x1536,RGBA,,approved,9c4bcfb96af8018f6332a1cbb1ec2eb71b67753357e7253af3ed89e047f779d3
W2263,0.71582,0.958333,0.516113,0.496094,1024x1536,RGBA,,caseW-low|bboxH-high,False,True,acceptable variation,False,"caseW-low,bboxH-high; PASS_CONTENT from legacy catalog black-background review",unchanged-protected,False,0.71582,0.958333,0.516113,0.496094,1024x1536,RGBA,caseW-low|bboxH-high,acceptable variation,e032e13c2f0a5f8bc777c58411ed573a40a5b4dd0a75d5e54894e3aaa1ad28b2
W2256,0.549805,0.952474,0.51416,0.494466,1024x1536,RGBA,,caseW-low|bboxH-high,False,True,acceptable variation,False,"caseW-low,bboxH-high; PASS_CONTENT from legacy catalog black-background review",unchanged-protected,False,0.549805,0.952474,0.51416,0.494466,1024x1536,RGBA,caseW-low|bboxH-high,acceptable variation,141b5136deac771810917169d4fabbe4cabfd197e21ca4cac2e5e70d61f28a8d
CRT150.210.11.041.01,0.970894,0.984444,0.497921,0.498889,481x900,RGBA,,canvas|caseW-high|bboxH-high,False,True,acceptable variation,False,"canvas,caseW-high,bboxH-high; PASS_CONTENT from legacy catalog black-background review",unchanged-protected,False,0.970894,0.984444,0.497921,0.498889,481x900,RGBA,canvas|caseW-high|bboxH-high,acceptable variation,9dfda79e9050e18cd313b3bba88af83267caf9b881cb436f64c1f0e02bc65ebd
CRCB5841-05E,0.6675,1.0,0.500417,0.5,1200x1200,RGBA,,canvas|caseW-low|bboxH-high,False,True,acceptable variation,False,"canvas,caseW-low,bboxH-high; PASS_CONTENT from legacy catalog black-background review",unchanged-protected,False,0.6675,1.0,0.500417,0.5,1200x1200,RGBA,canvas|caseW-low|bboxH-high,acceptable variation,5cd83e76a5e40cc9a6ebc1ed898667adb0957896385aa606047cf9a5ecbb3315
CRRA-AA0814R19B,0.837891,0.829427,0.53125,0.473307,1024x1536,RGBA,,caseW-high|bboxH-low|case-centre-x,False,True,acceptable variation,False,"caseW-high,bboxH-low,case-centre-x; PASS_CONTENT from legacy catalog black-background review",unchanged-protected,False,0.837891,0.829427,0.53125,0.473307,1024x1536,RGBA,caseW-high|bboxH-low|case-centre-x,acceptable variation,2eea7a3b37ff3c7536ad07f440a6a8958d8e2fe414c0d476fd2cdc153b636516
CRH32411555,0.492857,1.0,0.517857,0.5,700x700,RGBA,,canvas|caseW-low|bboxH-high,False,True,acceptable variation,False,"canvas,caseW-low,bboxH-high; PASS_CONTENT from legacy catalog black-background review",unchanged-protected,False,0.492857,1.0,0.517857,0.5,700x700,RGBA,canvas|caseW-low|bboxH-high,acceptable variation,5a5e7ff80ddc71edab15ee3b923817fd3190f70d88775881ad999e373b5e260e
CRJP1010-00L,0.8125,0.925781,0.466797,0.496094,1024x1536,RGBA,,case-centre-x,False,True,acceptable variation,False,case-centre-x; PASS_CONTENT from legacy catalog black-background review,unchanged-protected,False,0.8125,0.925781,0.466797,0.496094,1024x1536,RGBA,case-centre-x,acceptable variation,82e5ea88f61d0a0d8a5b593ae116ffd73423d448fe27cafc30136fe39aa46110
CR98A177,0.603333,0.969167,0.500417,0.500417,1200x1200,RGBA,,canvas|caseW-low|bboxH-high,False,True,acceptable variation,False,"canvas,caseW-low,bboxH-high; PASS_CONTENT from legacy catalog black-background review",unchanged-protected,False,0.603333,0.969167,0.500417,0.500417,1200x1200,RGBA,canvas|caseW-low|bboxH-high,acceptable variation,3b9f48b7bfa3b53b1247252bf2e27e4cf8c4be9f8c6cb315c2ba7237dc4bbc64
CRU617,0.761848,0.898,0.528494,0.5098,1667x2500,RGBA,,canvas,False,True,acceptable variation,False,canvas; PASS_CONTENT from legacy catalog black-background review,unchanged-protected,False,0.761848,0.898,0.528494,0.5098,1667x2500,RGBA,canvas,acceptable variation,d4fea7434465666aab0a7831bb36914f035fa0f494326b4719884a24629babaa
CRAL0050-57L,0.783203,0.954427,0.479492,0.494792,1024x1536,RGBA,,bboxH-high,False,True,acceptable variation,False,bboxH-high; PASS_CONTENT from legacy catalog black-background review,unchanged-protected,False,0.783203,0.954427,0.479492,0.494792,1024x1536,RGBA,bboxH-high,acceptable variation,19908b8a64532389bcad1d41b035f3ae7a4104838562acd4bd85e3e6c6e40de5
W2292,0.800699,0.984,0.51049,0.5,286x500,RGBA,,canvas|bboxH-high,False,False,true failure,True,"canvas,bboxH-high; PASS_CONTENT from legacy catalog black-background review; human full-resolution review: strong perspective with looped bracelet",rerendered-and-approved,False,0.778320,0.911458,0.500488,0.500000,1024x1536,RGBA,,PASS,54a06815d7a16cdb91212f0e8300b33ce2f666f32136714044cd4e8231888833
CRAL0050-57A,0.834961,0.891276,0.490723,0.476237,1024x1536,RGBA,,caseW-high,False,True,acceptable variation,False,caseW-high; PASS_CONTENT from legacy catalog black-background review,unchanged-protected,False,0.834961,0.891276,0.490723,0.476237,1024x1536,RGBA,caseW-high,acceptable variation,f8b54c6b5030cdcf0a3f1c7ac078a169e3c426d692e071396f7015bebdf1d90f
W2291,0.55957,0.974609,0.497559,0.499023,1024x1536,RGBA,,caseW-low|bboxH-high,False,True,acceptable variation,False,"caseW-low,bboxH-high; PASS_CONTENT from legacy catalog black-background review",unchanged-protected,False,0.55957,0.974609,0.497559,0.499023,1024x1536,RGBA,caseW-low|bboxH-high,acceptable variation,a598c62a7c60aa74e587d73bc4c5d68a29109a473753fb7b0b773148005f96f0
CR97A138,0.603333,0.966667,0.5,0.5,1200x1200,RGBA,,canvas|caseW-low|bboxH-high,False,True,acceptable variation,False,"canvas,caseW-low,bboxH-high; PASS_CONTENT from legacy catalog black-background review",unchanged-protected,False,0.603333,0.966667,0.5,0.5,1200x1200,RGBA,canvas|caseW-low|bboxH-high,acceptable variation,2a085650a15ce89b06bfe746b6d671ee9be2e90a66e97ce75d86e90bfed4d230
CRAL0050-57E,0.842773,0.947266,0.47998,0.497721,1024x1536,RGBA,,caseW-high,False,True,acceptable variation,False,caseW-high; PASS_CONTENT from legacy catalog black-background review,unchanged-protected,False,0.842773,0.947266,0.47998,0.497721,1024x1536,RGBA,caseW-high,acceptable variation,c7c4a1965064b3d74b7c76db362a066ec127ad330f489652c0f5703671e9846e
CRT122.210.11.033.00~,0.977444,0.717778,0.488722,0.363333,399x900,RGBA,,canvas|caseW-high|bboxH-low|case-centre-y,False,False,true failure,True,"canvas,caseW-high,bboxH-low,case-centre-y; FAIL_CONTENT: incomplete bracelet; lower bracelet is missing; human full-resolution review: watch head has no visible strap or bracelet",rerendered-and-approved,False,0.781250,0.911458,0.500000,0.500000,1024x1536,RGBA,,PASS,5696eaded060dc388680de85da29cd23a0b34800df9f70246cc1aaa0d074bce7
CRH32441551,0.511429,0.997143,0.517143,0.501429,700x700,RGBA,,canvas|caseW-low|bboxH-high,False,True,acceptable variation,False,"canvas,caseW-low,bboxH-high; PASS_CONTENT from legacy catalog black-background review",unchanged-protected,False,0.511429,0.997143,0.517143,0.501429,700x700,RGBA,canvas|caseW-low|bboxH-high,acceptable variation,d51e1937a8a4384a900ba2a9f35092d908c9ec58e04c43a5750bf3153c14eba4
CRH32451181,0.564286,1.0,0.519286,0.5,700x700,RGBA,,canvas|caseW-low|bboxH-high,False,True,acceptable variation,False,"canvas,caseW-low,bboxH-high; PASS_CONTENT from legacy catalog black-background review",unchanged-protected,False,0.564286,1.0,0.519286,0.5,700x700,RGBA,canvas|caseW-low|bboxH-high,acceptable variation,b5f6d6827bff81209377f35bd1a5e1619cb1f9b7c0da4c835bd7ccf74415c798
CRVIC241856,0.78418,0.964844,0.516113,0.498047,1024x1536,RGBA,,bboxH-high,False,True,acceptable variation,False,bboxH-high; PASS_CONTENT from legacy catalog black-background review,unchanged-protected,False,0.78418,0.964844,0.516113,0.498047,1024x1536,RGBA,bboxH-high,acceptable variation,1e5b866b9d648f1d0313a490040ec502f39e9ca50490ba3760f5a494f013e732
CRPRW-61LD-3,0.974955,0.981111,0.5,0.499444,559x900,RGBA,,canvas|caseW-high|bboxH-high,False,True,acceptable variation,False,"canvas,caseW-high,bboxH-high; PASS_CONTENT from legacy catalog black-background review",unchanged-protected,False,0.974955,0.981111,0.5,0.499444,559x900,RGBA,canvas|caseW-high|bboxH-high,acceptable variation,82f0bd40264f255aa082e41f2c7a8eb935a23b81e94d5d9674b59db04bb4bfe4
CRRA-AC0M16S,0.65332,0.859375,0.52002,0.485677,1024x1536,RGBA,,caseW-low,False,True,acceptable variation,False,caseW-low; PASS_CONTENT from legacy catalog black-background review,unchanged-protected,False,0.65332,0.859375,0.52002,0.485677,1024x1536,RGBA,caseW-low,acceptable variation,bf7a30810f5ff5a84485d3b6a1f23802d89b9a0b6fbb52530c15b5d83da9f379
CRRA-AC0Q11E,0.80957,0.929688,0.528809,0.488281,1024x1536,RGBA,,,True,True,approved,False,PASS_CONTENT from legacy catalog black-background review; pending v2 candidate recheck,unchanged-protected,False,0.80957,0.929688,0.528809,0.488281,1024x1536,RGBA,,approved,7182c4f1a7c92cd07b5744df2fa06c74a12c8704947ea6a89768601552e448ef
CRRA-AC0Q09R,0.828125,0.901693,0.526367,0.492513,1024x1536,RGBA,,,True,True,approved,False,PASS_CONTENT from legacy catalog black-background review; pending v2 candidate recheck,unchanged-protected,False,0.828125,0.901693,0.526367,0.492513,1024x1536,RGBA,,approved,f856967f239ac337351c1b0d99b83bfd4408a01d0811d1f27d488290c250e0d9
CRRA-AC0Q10N,0.805664,0.928385,0.525879,0.501953,1024x1536,RGBA,,,True,True,approved,False,PASS_CONTENT from legacy catalog black-background review; pending v2 candidate recheck,unchanged-protected,False,0.805664,0.928385,0.525879,0.501953,1024x1536,RGBA,,approved,3a3cad8275e865dcae15bc90cd3d73f973251ef10dea47638a4f823cd84ae07c
CRH38411783,0.977099,0.987778,0.5,0.499444,524x900,RGBA,,canvas|caseW-high|bboxH-high,False,True,acceptable variation,False,"canvas,caseW-high,bboxH-high; PASS_CONTENT from legacy catalog black-background review",unchanged-protected,False,0.977099,0.987778,0.5,0.499444,524x900,RGBA,canvas|caseW-high|bboxH-high,acceptable variation,de94ed830d1938766d808962b7c5fe7f8c703ba20351f9ed91ee720d8918fbdd
CRRA-AA0820R19B,0.798828,0.92513,0.520508,0.495117,1024x1536,RGBA,,,True,True,approved,False,PASS_CONTENT from legacy catalog black-background review; pending v2 candidate recheck,unchanged-protected,False,0.798828,0.92513,0.520508,0.495117,1024x1536,RGBA,,approved,27cd00de86e4be8e4a2de99407830b60f5a81a31b58cdfec12f68d666acf46f9
CRGST-B400BB-1A,0.696667,0.96,0.5,0.5,1200x1200,RGBA,,canvas|caseW-low|bboxH-high,False,True,acceptable variation,False,"canvas,caseW-low,bboxH-high; PASS_CONTENT from legacy catalog black-background review",unchanged-protected,False,0.696667,0.96,0.5,0.5,1200x1200,RGBA,canvas|caseW-low|bboxH-high,acceptable variation,4664e6ec29acbd509232e2408623bb08328b82f4e073a8a0e36ad58ca11a06ee
CRVIC241698,0.807617,0.977214,0.507324,0.500326,1024x1536,RGBA,,bboxH-high,False,True,acceptable variation,False,bboxH-high; PASS_CONTENT from legacy catalog black-background review,unchanged-protected,False,0.807617,0.977214,0.507324,0.500326,1024x1536,RGBA,bboxH-high,acceptable variation,ce28aa868dfa925b9ca719d342b7320989f4f4abee527a120cea639e583ec462
CRVIC241848,0.762448,0.8992,0.528794,0.5104,1667x2500,RGBA,,canvas,False,True,acceptable variation,False,canvas; PASS_CONTENT from legacy catalog black-background review,unchanged-protected,False,0.762448,0.8992,0.528794,0.5104,1667x2500,RGBA,canvas,acceptable variation,d5ba6008371d2eaa8ddbc1eb574ac1e6f2ead8f4ceb812ce267ba6123c6e1c94
CRJP2007-17W,0.787109,0.864583,0.453125,0.47526,1024x1536,RGBA,,case-centre-x,False,True,acceptable variation,False,case-centre-x; PASS_CONTENT from legacy catalog black-background review,unchanged-protected,False,0.787109,0.864583,0.453125,0.47526,1024x1536,RGBA,case-centre-x,acceptable variation,97a6b24597025ec5380ddc03a0282c483c5017d7f495525b620ed1329b0bbd8e
CRBN0159-15X,0.943327,0.986667,0.498172,0.501111,547x900,RGBA,,canvas|caseW-high|bboxH-high,False,True,acceptable variation,False,"canvas,caseW-high,bboxH-high; PASS_CONTENT from legacy catalog black-background review",unchanged-protected,False,0.943327,0.986667,0.498172,0.501111,547x900,RGBA,canvas|caseW-high|bboxH-high,acceptable variation,2ed0a1691e4db61e49f86b9a40c5a3e06519c09fcffa874b6d46d0a9980d3c44
CRSSC359P1,0.789062,0.91862,0.523438,0.492513,1024x1536,RGBA,,,True,True,approved,False,PASS_CONTENT from legacy catalog black-background review; pending v2 candidate recheck,unchanged-protected,False,0.789062,0.91862,0.523438,0.492513,1024x1536,RGBA,,approved,c8634be1835afa23d9a63e570ab5d781d302c9e50e13ae2335ea37cab6d94bc2
CRRA-AC0Q01B10B,0.813477,0.889974,0.523926,0.485352,1024x1536,RGBA,,,True,True,approved,False,PASS_CONTENT from legacy catalog black-background review; pending v2 candidate recheck,unchanged-protected,False,0.813477,0.889974,0.523926,0.485352,1024x1536,RGBA,,approved,31503dec7847731519fa225ee5bbebd700ddda9b2a128f63189ccddcf934e5e4
CRVIC241847,0.978003,0.985556,0.499154,0.500556,591x900,RGBA,,canvas|caseW-high|bboxH-high,False,False,true failure,True,"canvas,caseW-high,bboxH-high; PASS_CONTENT from legacy catalog black-background review; human full-resolution review: strong perspective with looped strap",rerendered-and-approved,False,0.780273,0.911458,0.499512,0.500000,1024x1536,RGBA,,PASS,664145e130ecf9254c329b60832540ad129e82ac20a1ed4a773aac64250a2d37
CRPRG-340T-7,0.701667,0.938333,0.500417,0.5,1200x1200,RGBA,,canvas|caseW-low,False,True,acceptable variation,False,"canvas,caseW-low; PASS_CONTENT from legacy catalog black-background review",unchanged-protected,False,0.701667,0.938333,0.500417,0.5,1200x1200,RGBA,canvas|caseW-low,acceptable variation,532113a4c0492b7c325c19d7976422180f99de86158b9fe508a35d4f1b42edec
CRBN0195-54E,0.595,0.968333,0.500833,0.5,1200x1200,RGBA,,canvas|caseW-low|bboxH-high,False,True,acceptable variation,False,"canvas,caseW-low,bboxH-high; PASS_CONTENT from legacy catalog black-background review",unchanged-protected,False,0.595,0.968333,0.500833,0.5,1200x1200,RGBA,canvas|caseW-low|bboxH-high,acceptable variation,5c8323cdb587bae1248edff285949297c117de8bd9c1f5bc8cc4f85022e183df
CREO2027-50Z,0.505,0.965,0.500833,0.5,1200x1200,RGBA,,canvas|caseW-low|bboxH-high,False,True,acceptable variation,False,"canvas,caseW-low,bboxH-high; PASS_CONTENT from legacy catalog black-background review",unchanged-protected,False,0.505,0.965,0.500833,0.5,1200x1200,RGBA,canvas|caseW-low|bboxH-high,acceptable variation,9bf30afa35082556810e043c321b937d7048feab73eafb61df32700da835e411
CRZ76802,0.804688,0.953125,0.525879,0.498698,1024x1536,RGBA,,bboxH-high,False,True,acceptable variation,False,bboxH-high; PASS_CONTENT from legacy catalog black-background review,unchanged-protected,False,0.804688,0.953125,0.525879,0.498698,1024x1536,RGBA,bboxH-high,acceptable variation,c207051402adcf9afd9c74a84356718571c8e3acdc235918db4cb1288e1de276
CRBJ2040-55E,0.981481,0.994444,0.499288,0.501667,702x900,RGBA,,canvas|caseW-high|bboxH-high,False,False,true failure,True,"canvas,caseW-high,bboxH-high; PASS_CONTENT from legacy catalog black-background review; human full-resolution review: strong perspective with looped bracelet and over-cropping",rerendered-and-approved,False,0.781250,0.856120,0.500000,0.500326,1024x1536,RGBA,,PASS,56eac9c7b5043042716a83ecead0b9adb8ec3a53c48c06c86a6c25fa79a7e731
CRBJ7135-02E,0.623333,1.0,0.5,0.5,1200x1200,RGBA,,canvas|caseW-low|bboxH-high,False,True,acceptable variation,False,"canvas,caseW-low,bboxH-high; PASS_CONTENT from legacy catalog black-background review",unchanged-protected,False,0.623333,1.0,0.5,0.5,1200x1200,RGBA,canvas|caseW-low|bboxH-high,acceptable variation,8a09ba876ff5e9d0089277a5109b52e233a6049150af57dd82799fca2b896fa3
CR96A269,0.466667,0.985,0.5,0.5,1200x1200,RGBA,,canvas|caseW-low|bboxH-high,False,True,acceptable variation,False,"canvas,caseW-low,bboxH-high; PASS_CONTENT from legacy catalog black-background review",unchanged-protected,False,0.466667,0.985,0.5,0.5,1200x1200,RGBA,canvas|caseW-low|bboxH-high,acceptable variation,89dfdd8b3ba4b0c3b17456d7df37f408bc494a2e658a1d168ffd92ded063573d
WW229,0.98209,1.0,0.5,0.5,670x1100,RGBA,,canvas|caseW-high|bboxH-high,False,True,acceptable variation,False,"canvas,caseW-high,bboxH-high; PASS_CONTENT from legacy catalog black-background review",unchanged-protected,False,0.98209,1.0,0.5,0.5,670x1100,RGBA,canvas|caseW-high|bboxH-high,acceptable variation,452cde6c44501b0ce1e206efbe42dc9aa01a34cc79b136216a99b62370c2ad8b
CRGG-1000-1A3,0.978992,0.986667,0.5007,0.498889,714x900,RGBA,,canvas|caseW-high|bboxH-high,False,False,true failure,True,"canvas,caseW-high,bboxH-high; PASS_CONTENT from legacy catalog black-background review; human full-resolution review: strong perspective with over-cropped strap",rerendered-and-approved,False,0.780273,0.895833,0.499512,0.500000,1024x1536,RGBA,,PASS,88136d0125ecf1d2440483867968ce131f9fc06be2cd45e1c2f75f99e0143a45
CRRA-AC0K05G00B,0.702148,0.945964,0.515625,0.500326,1024x1536,RGBA,,caseW-low,False,False,true failure,True,caseW-low; PASS_CONTENT from legacy catalog black-background review; human full-resolution review: full-strap presentation with end hardware visible,rerendered-and-approved,False,0.779297,0.911458,0.499512,0.500000,1024x1536,RGBA,,PASS,5b497d7948aed75ae204662e54c6779f13fdf342a98bc1bad3b9c142c7145797
CR96A275,0.5825,0.985,0.500417,0.5,1200x1200,RGBA,,canvas|caseW-low|bboxH-high,False,True,acceptable variation,False,"canvas,caseW-low,bboxH-high; PASS_CONTENT from legacy catalog black-background review",unchanged-protected,False,0.5825,0.985,0.500417,0.5,1200x1200,RGBA,canvas|caseW-low|bboxH-high,acceptable variation,9e1139cc38613b9cb913ea6271d0cfca6c1eca4a7700a8c15b509bbde7e1fdf7
CRRA-AC0009S10B,0.75,0.946615,0.510742,0.501953,1024x1536,RGBA,,,True,True,approved,False,PASS_CONTENT from legacy catalog black-background review; pending v2 candidate recheck,unchanged-protected,False,0.75,0.946615,0.510742,0.501953,1024x1536,RGBA,,approved,fad6d0b0b265c3fedd692ecb0df698a71381c176e64f94dd3101d1c0c3edbb09
CRNY0098-84E,0.744141,0.971354,0.491211,0.496745,1024x1536,RGBA,,bboxH-high,False,True,acceptable variation,False,bboxH-high; PASS_CONTENT from legacy catalog black-background review,unchanged-protected,False,0.744141,0.971354,0.491211,0.496745,1024x1536,RGBA,bboxH-high,acceptable variation,2a0fe5e804b89b5704a3cc6a3b9253c55f545f16f2cfdf22c35ac4bc2744eaff
CRRA-AG0028L10B,0.807617,0.955729,0.492676,0.494141,1024x1536,RGBA,,bboxH-high,False,True,acceptable variation,False,bboxH-high; PASS_CONTENT from legacy catalog black-background review,unchanged-protected,False,0.807617,0.955729,0.492676,0.494141,1024x1536,RGBA,bboxH-high,acceptable variation,e274edee1864bd27677e5210e7b085b197b17eaafef2e31cb3e09301eeaa566d
CRNY0120-01E,0.733398,0.882161,0.52002,0.476888,1024x1536,RGBA,,,True,True,approved,False,PASS_CONTENT from legacy catalog black-background review; pending v2 candidate recheck,unchanged-protected,False,0.733398,0.882161,0.52002,0.476888,1024x1536,RGBA,,approved,ecc31cd03f6fc1b482a73808396db844e95d3b06bf15e5c08df5de5e89d92b0a
CRRA-AC0008S10B,0.709961,0.932943,0.51416,0.499023,1024x1536,RGBA,,caseW-low,False,True,acceptable variation,False,caseW-low; PASS_CONTENT from legacy catalog black-background review,unchanged-protected,False,0.709961,0.932943,0.51416,0.499023,1024x1536,RGBA,caseW-low,acceptable variation,bcbb471edbc6efad3750b9c84f9a56a9ab054930f012ffff0d164f09f2aef88e
CRBX1010-53E,0.978369,0.984444,0.499168,0.5,601x900,RGBA,,canvas|caseW-high|bboxH-high,False,False,true failure,True,"canvas,caseW-high,bboxH-high; PASS_CONTENT from legacy catalog black-background review; human full-resolution review: strong perspective with looped bracelet",rerendered-and-approved,False,0.779297,0.911458,0.500000,0.500000,1024x1536,RGBA,,PASS,0b410b4ce14273c6cee837fde79c964e9d8331809ba712542a5fa97d1c9a00ba
CRH68201193,0.525714,0.992857,0.527143,0.499286,700x700,RGBA,,canvas|caseW-low|bboxH-high,False,True,acceptable variation,False,"canvas,caseW-low,bboxH-high; PASS_CONTENT from legacy catalog black-background review",unchanged-protected,False,0.525714,0.992857,0.527143,0.499286,700x700,RGBA,canvas|caseW-low|bboxH-high,acceptable variation,8706021ec2f29da7eb0425309f17e7febc60d200f1ae967972eb224ed3c40a08
CRJP1060-01W,0.808594,0.973958,0.484375,0.5,1024x1536,RGBA,,bboxH-high,False,True,acceptable variation,False,bboxH-high; PASS_CONTENT from legacy catalog black-background review,unchanged-protected,False,0.808594,0.973958,0.484375,0.5,1024x1536,RGBA,bboxH-high,acceptable variation,1cce44b43835b6c33555984889d095ab9ef9bc486a62febc4b4e69c9ead143c5
CRXS.0333,0.563889,0.947222,0.502315,0.499537,1080x1080,RGBA,,canvas|caseW-low,False,True,acceptable variation,False,"canvas,caseW-low; PASS_CONTENT from legacy catalog black-background review",unchanged-protected,False,0.563889,0.947222,0.502315,0.499537,1080x1080,RGBA,canvas|caseW-low,acceptable variation,4a72475664b6c144a88d1a3a574f8b0b0b65f18de5e15bacbdc0a733db438698
CRBN0162-02X,0.6225,0.965,0.5,0.5,1200x1200,RGBA,,canvas|caseW-low|bboxH-high,False,True,acceptable variation,False,"canvas,caseW-low,bboxH-high; PASS_CONTENT from legacy catalog black-background review",unchanged-protected,False,0.6225,0.965,0.5,0.5,1200x1200,RGBA,canvas|caseW-low|bboxH-high,acceptable variation,55abe87ff3252a42c999c0a418ebda6a8b659a3343eaa8104362229f7dcc6a3f
CRRA-AP0106S,0.78125,0.860026,0.523438,0.486654,1024x1536,RGBA,,,True,True,approved,False,PASS_CONTENT from legacy catalog black-background review; pending v2 candidate recheck,unchanged-protected,False,0.78125,0.860026,0.523438,0.486654,1024x1536,RGBA,,approved,1cd1970d309c1f891df51a0dc5e5c917582ecfb75461d63c674fc87ffcea2968
CRRA-WK0003G,0.624023,0.883464,0.519043,0.472331,1024x1536,RGBA,,caseW-low,False,True,acceptable variation,False,caseW-low; PASS_CONTENT from legacy catalog black-background review,unchanged-protected,False,0.624023,0.883464,0.519043,0.472331,1024x1536,RGBA,caseW-low,acceptable variation,436eb23c37bb47252539f65e2571acfc19ac150fc8d3a142da8d81e517697be2
CRRA-AS0101S10B,0.757812,0.904297,0.513672,0.469727,1024x1536,RGBA,,case-centre-y,False,True,acceptable variation,False,case-centre-y; PASS_CONTENT from legacy catalog black-background review,unchanged-protected,False,0.757812,0.904297,0.513672,0.469727,1024x1536,RGBA,case-centre-y,acceptable variation,435d1758d4bd5434bbb288abb69f832e5ddf8f02679ab0d11bf43c4f45748d37
CRXS.0330,0.558333,0.89537,0.506944,0.501389,1080x1080,RGBA,,canvas|caseW-low,False,True,acceptable variation,False,"canvas,caseW-low; PASS_CONTENT from legacy catalog black-background review",unchanged-protected,False,0.558333,0.89537,0.506944,0.501389,1080x1080,RGBA,canvas|caseW-low,acceptable variation,5fa607be7bc5a8811617c0b3a5751604a01388370c86419f4b31d854a4b50c10
CRAB4010-56E,0.972549,0.982222,0.5,0.5,510x900,RGBA,,canvas|caseW-high|bboxH-high,False,False,true failure,True,"canvas,caseW-high,bboxH-high; PASS_CONTENT from legacy catalog black-background review; human full-resolution review: strong perspective with looped bracelet",rerendered-and-approved,False,0.780273,0.896484,0.499512,0.500326,1024x1536,RGBA,,PASS,d1db92e6ddbf0b925574836d1c7a38ea04f4d5923dbd7090029371c55ef072cb
W2255,0.447266,0.945312,0.511719,0.490885,1024x1536,RGBA,,caseW-low,False,True,acceptable variation,False,caseW-low; PASS_CONTENT from legacy catalog black-background review,unchanged-protected,False,0.447266,0.945312,0.511719,0.490885,1024x1536,RGBA,caseW-low,acceptable variation,a1bbba001c3bd68dae1502d01809a1f45b38f46a2c732eee490eff2983641100
W2254,0.637695,0.953125,0.508301,0.498698,1024x1536,RGBA,,caseW-low|bboxH-high,False,True,acceptable variation,False,"caseW-low,bboxH-high; PASS_CONTENT from legacy catalog black-background review",unchanged-protected,False,0.637695,0.953125,0.508301,0.498698,1024x1536,RGBA,caseW-low|bboxH-high,acceptable variation,032dfc1802ec4882f454f4ce1d35ac9bf3929767976f3935ae64bf4d95a4c018
W2248,0.641602,0.946615,0.496582,0.490234,1024x1536,RGBA,,caseW-low,False,True,acceptable variation,False,caseW-low; PASS_CONTENT from legacy catalog black-background review,unchanged-protected,False,0.641602,0.946615,0.496582,0.490234,1024x1536,RGBA,caseW-low,acceptable variation,7a7ab1730c68ceb78791f85becac4c5c7ed8ff08541b07197191cd0610e66aaf
CRRA-TX0206L,0.825195,0.916016,0.52002,0.493164,1024x1536,RGBA,,,True,True,approved,False,PASS_CONTENT from legacy catalog black-background review; pending v2 candidate recheck,unchanged-protected,False,0.825195,0.916016,0.52002,0.493164,1024x1536,RGBA,,approved,fc1177958acc319c4d98d4eefd968a7de189bd59825dc0af5e4dd8618e14eadb
CRNY0129-07L,0.716797,0.90625,0.520508,0.486328,1024x1536,RGBA,,caseW-low,False,True,acceptable variation,False,caseW-low; PASS_CONTENT from legacy catalog black-background review,unchanged-protected,False,0.716797,0.90625,0.520508,0.486328,1024x1536,RGBA,caseW-low,acceptable variation,5b459b2286695e75231e8e0be79e38a1457bf4ff19355257992d68c759566f6b
CRXS.0301.BO.L,0.594444,0.946296,0.505556,0.500926,1080x1080,RGBA,,canvas|caseW-low,False,True,acceptable variation,False,"canvas,caseW-low; PASS_CONTENT from legacy catalog black-background review",unchanged-protected,False,0.594444,0.946296,0.505556,0.500926,1080x1080,RGBA,canvas|caseW-low,acceptable variation,f31dd0f650c496fece81f15c7cad179e66c7422a428c968477edef2881ab1edb
W2288,0.529297,0.95638,0.498047,0.495117,1024x1536,RGBA,,caseW-low|bboxH-high,False,True,acceptable variation,False,"caseW-low,bboxH-high; PASS_CONTENT from legacy catalog black-background review",unchanged-protected,False,0.529297,0.95638,0.498047,0.495117,1024x1536,RGBA,caseW-low|bboxH-high,acceptable variation,1681f16c634cbeda1e6cd5bc7bcc7ef47461c1ea508a993122985f53bb131997
CRCA0715-03E,0.629167,0.966667,0.500417,0.5,1200x1200,RGBA,,canvas|caseW-low|bboxH-high,False,True,acceptable variation,False,"canvas,caseW-low,bboxH-high; PASS_CONTENT from legacy catalog black-background review",unchanged-protected,False,0.629167,0.966667,0.500417,0.5,1200x1200,RGBA,canvas|caseW-low|bboxH-high,acceptable variation,77fd4c6820942209be243c479315c7e602366294befd723e0557eed0b3bc1426
CRH455SK.-.MT,0.973641,0.984444,0.500824,0.5,607x900,RGBA,,canvas|caseW-high|bboxH-high,False,True,acceptable variation,False,"canvas,caseW-high,bboxH-high; PASS_CONTENT from legacy catalog black-background review",unchanged-protected,False,0.973641,0.984444,0.500824,0.5,607x900,RGBA,canvas|caseW-high|bboxH-high,acceptable variation,e6fda47798d274f0ae7d47087e6cafae41f97cb95cef93f88b9b02f10ca44c64
W2289,0.651367,0.926432,0.512207,0.494466,1024x1536,RGBA,,caseW-low,False,True,acceptable variation,False,caseW-low; PASS_CONTENT from legacy catalog black-background review,unchanged-protected,False,0.651367,0.926432,0.512207,0.494466,1024x1536,RGBA,caseW-low,acceptable variation,6ae8254adea5d61e5c365ea271668026c99fb7a1c1d02abee289ee0c56fc6ec4
CRNY0121-09X,0.732422,0.901042,0.515625,0.477214,1024x1536,RGBA,,,True,True,approved,False,PASS_CONTENT from legacy catalog black-background review; pending v2 candidate recheck,unchanged-protected,False,0.732422,0.901042,0.515625,0.477214,1024x1536,RGBA,,approved,6a0e93042f28979b9bf21c40bec65a4b0e7382ac340093b5779cc5629550425f
CRRA-AC0Q07V10B,0.794922,0.917318,0.532227,0.489258,1024x1536,RGBA,,case-centre-x,False,True,acceptable variation,False,case-centre-x; PASS_CONTENT from legacy catalog black-background review,unchanged-protected,False,0.794922,0.917318,0.532227,0.489258,1024x1536,RGBA,case-centre-x,acceptable variation,3e4bd57d5e87fab80dc79d6111283ce5ed940b6f1f4638a2d5b4de370fe53ff2
CRRA-AC0M10L,0.751953,0.894531,0.517578,0.473307,1024x1536,RGBA,,,True,True,approved,False,PASS_CONTENT from legacy catalog black-background review; pending v2 candidate recheck,unchanged-protected,False,0.751953,0.894531,0.517578,0.473307,1024x1536,RGBA,,approved,e7b55d2d0079a1a9262c485926a1a0ca3e1cea8fb84c0941ed067b8706c488d6
CRRA-AP0101B,0.753906,0.927734,0.515625,0.489258,1024x1536,RGBA,,,True,True,approved,False,PASS_CONTENT from legacy catalog black-background review; pending v2 candidate recheck,unchanged-protected,False,0.753906,0.927734,0.515625,0.489258,1024x1536,RGBA,,approved,edbdf265d1d08e389161ff5824141b1f2998a74d7ca0dad9d37a40f694d1d743
CRRF1135SRPE72K1,0.71582,0.919922,0.508301,0.480794,1024x1536,RGBA,,caseW-low,False,True,acceptable variation,False,caseW-low; PASS_CONTENT from legacy catalog black-background review,unchanged-protected,False,0.71582,0.919922,0.508301,0.480794,1024x1536,RGBA,caseW-low,acceptable variation,59f0f9984fe48b335fc00516c4659b54d1c771fb2b1b0eeb73af4cfe9b36b0d7
CRRA-AC0M11Y,0.716797,0.841797,0.517578,0.479492,1024x1536,RGBA,,caseW-low|bboxH-low,False,True,acceptable variation,False,"caseW-low,bboxH-low; PASS_CONTENT from legacy catalog black-background review",unchanged-protected,False,0.716797,0.841797,0.517578,0.479492,1024x1536,RGBA,caseW-low|bboxH-low,acceptable variation,d96c1c54e855663aa4bf4377a3a3e71d877eb463180def120e5c6f58203e830e
CRRA-TX0203S10B,0.793945,0.909505,0.523926,0.498372,1024x1536,RGBA,,,True,True,approved,False,PASS_CONTENT from legacy catalog black-background review; pending v2 candidate recheck,unchanged-protected,False,0.793945,0.909505,0.523926,0.498372,1024x1536,RGBA,,approved,470d2162c634212a069b0d43d8af57ba8f6fdf9b906dc6add58af9c5825bc6e0
CRBX1010-02E,0.634167,0.968333,0.500417,0.5,1200x1200,RGBA,,canvas|caseW-low|bboxH-high,False,True,acceptable variation,False,"canvas,caseW-low,bboxH-high; PASS_CONTENT from legacy catalog black-background review",unchanged-protected,False,0.634167,0.968333,0.500417,0.5,1200x1200,RGBA,canvas|caseW-low|bboxH-high,acceptable variation,727300c921128fc65d0bc0b6053cec1cc40ecdf40e4a183971d690c9141355a8
CRNY0110-13E,0.751953,0.959635,0.492188,0.5,1024x1536,RGBA,,bboxH-high,False,True,acceptable variation,False,bboxH-high; PASS_CONTENT from legacy catalog black-background review,unchanged-protected,False,0.751953,0.959635,0.492188,0.5,1024x1536,RGBA,bboxH-high,acceptable variation,a842e4d8e5481ca2fb98df7dd9f7528f0364681b45a251884cfaef4d947eca60
CRRA-TX0202B10B,0.881836,0.850911,0.534668,0.486003,1024x1536,RGBA,,caseW-high|case-centre-x,False,True,acceptable variation,False,"caseW-high,case-centre-x; PASS_CONTENT from legacy catalog black-background review",unchanged-protected,False,0.881836,0.850911,0.534668,0.486003,1024x1536,RGBA,caseW-high|case-centre-x,acceptable variation,a6575b45f2f76a019043f14172f09f7a7453bdc9f296663bb967e5ca17bb442a
CRRA-AC0M09E,0.801758,0.921875,0.519043,0.486979,1024x1536,RGBA,,,True,True,approved,False,PASS_CONTENT from legacy catalog black-background review; pending v2 candidate recheck,unchanged-protected,False,0.801758,0.921875,0.519043,0.486979,1024x1536,RGBA,,approved,cae4e045ff49846b6d2ba2284c92fd0dabc8c48855016fdf460a1fcbbcfa1178
W2253,0.47168,0.895833,0.505371,0.471354,1024x1536,RGBA,,caseW-low,False,True,acceptable variation,False,caseW-low; PASS_CONTENT from legacy catalog black-background review,unchanged-protected,False,0.47168,0.895833,0.505371,0.471354,1024x1536,RGBA,caseW-low,acceptable variation,e8c11a2f6d38b98521214a0ae1879270d7515a0abdf3abcca445efedc15b5ea9
CRRA-AA0E03L09C,0.837891,0.961589,0.515625,0.497721,1024x1536,RGBA,,caseW-high|bboxH-high,False,True,acceptable variation,False,"caseW-high,bboxH-high; PASS_CONTENT from legacy catalog black-background review",unchanged-protected,False,0.837891,0.961589,0.515625,0.497721,1024x1536,RGBA,caseW-high|bboxH-high,acceptable variation,f782d1bb79d77bba4a4d3efe1bb25ff06655c075b6581e417b47748adc6f7cd3
CRBJ7017-09E,0.966667,0.985556,0.500877,0.500556,570x900,RGBA,,canvas|caseW-high|bboxH-high,False,False,true failure,True,"canvas,caseW-high,bboxH-high; PASS_CONTENT from legacy catalog black-background review; human full-resolution review: strong perspective with looped strap",rerendered-and-approved,False,0.780273,0.911458,0.499512,0.500000,1024x1536,RGBA,,PASS,a0e27d72100826a78b0cb476faca164656c4786b67072fc60ce20ec807679f8b
CRNY0139-11E,0.711914,0.938802,0.483398,0.491536,1024x1536,RGBA,,caseW-low,False,True,acceptable variation,False,caseW-low; PASS_CONTENT from legacy catalog black-background review,unchanged-protected,False,0.711914,0.938802,0.483398,0.491536,1024x1536,RGBA,caseW-low,acceptable variation,38c8d8f9fe9f33d60742a33f8049504482d556905277aa385bae3a54282301d0
CRFAA02004B9,0.829102,0.967448,0.51416,0.501302,1024x1536,RGBA,,bboxH-high,False,True,acceptable variation,False,bboxH-high; PASS_CONTENT from legacy catalog black-background review,unchanged-protected,False,0.829102,0.967448,0.51416,0.501302,1024x1536,RGBA,bboxH-high,acceptable variation,64f825add820a8b64a6636bd456f6312739bd7f32c175a8c27faa6c3e3946488
CRZ76901,0.849609,0.922526,0.53418,0.486654,1024x1536,RGBA,,caseW-high|case-centre-x,False,True,acceptable variation,False,"caseW-high,case-centre-x; PASS_CONTENT from legacy catalog black-background review",unchanged-protected,False,0.849609,0.922526,0.53418,0.486654,1024x1536,RGBA,caseW-high|case-centre-x,acceptable variation,6616afdfdc0c0be5a3de607f06f189c59d48264970c6cd648f6bfc1cb6f3c004
CRNY0084-89E,0.688477,0.912109,0.496094,0.488607,1024x1536,RGBA,,caseW-low,False,True,acceptable variation,False,caseW-low; PASS_CONTENT from legacy catalog black-background review,unchanged-protected,False,0.688477,0.912109,0.496094,0.488607,1024x1536,RGBA,caseW-low,acceptable variation,6adaf2b670d7eccdd615076a705b09521906be5ae886c8c26aef67a6d9268828
CRRF229SRE004K1,0.53418,0.839193,0.51416,0.452148,1024x1536,RGBA,,caseW-low|bboxH-low|case-centre-y,False,True,acceptable variation,False,"caseW-low,bboxH-low,case-centre-y; PASS_CONTENT from legacy catalog black-background review",unchanged-protected,False,0.53418,0.839193,0.51416,0.452148,1024x1536,RGBA,caseW-low|bboxH-low|case-centre-y,acceptable variation,cc71711c9ae6d4d15c3d431d1086e46812a96a5d8e551ec2cf5e9d54d20f986e
CRRF708SNA414P1,0.849609,0.951823,0.527344,0.491536,1024x1536,RGBA,,caseW-high|bboxH-high,False,True,acceptable variation,False,"caseW-high,bboxH-high; PASS_CONTENT from legacy catalog black-background review",unchanged-protected,False,0.849609,0.951823,0.527344,0.491536,1024x1536,RGBA,caseW-high|bboxH-high,acceptable variation,b77b517549397abff48889f38aefc2df8760f598949c2189bc5c16a0fb98fe74
CRGG-1000-1A,0.97724,0.983333,0.499289,0.499444,703x900,RGBA,,canvas|caseW-high|bboxH-high,False,True,acceptable variation,False,"canvas,caseW-high,bboxH-high; PASS_CONTENT from legacy catalog black-background review",unchanged-protected,False,0.97724,0.983333,0.499289,0.499444,703x900,RGBA,canvas|caseW-high|bboxH-high,acceptable variation,2adefaf46c8131b927f490808e5668c7bf9bd26d6e5919dbf0f1d577534886bd
CRRA-AK0702Y,0.899414,0.934896,0.52002,0.496745,1024x1536,RGBA,,caseW-high,False,True,acceptable variation,False,caseW-high; PASS_CONTENT from legacy catalog black-background review,unchanged-protected,False,0.899414,0.934896,0.52002,0.496745,1024x1536,RGBA,caseW-high,acceptable variation,f058c759bd8390902a3d86622292b8ef7d50ff316ffabeb515d92b3bd9dcd60c
CRRA-AC0M03S10B,0.763672,0.823568,0.525391,0.477539,1024x1536,RGBA,,bboxH-low,False,True,acceptable variation,False,bboxH-low; PASS_CONTENT from legacy catalog black-background review,unchanged-protected,False,0.763672,0.823568,0.525391,0.477539,1024x1536,RGBA,bboxH-low,acceptable variation,824580896de90c9829818f168296bfadcbd2cf8092b53e26eef2341d39562598
CRH810PBRI.-.MT,0.97417,0.983333,0.501845,0.500556,542x900,RGBA,,canvas|caseW-high|bboxH-high,False,True,acceptable variation,False,"canvas,caseW-high,bboxH-high; PASS_CONTENT from legacy catalog black-background review",unchanged-protected,False,0.97417,0.983333,0.501845,0.500556,542x900,RGBA,canvas|caseW-high|bboxH-high,acceptable variation,3537c609b019689b1a8ebd9abe30391a827e0a15f78ece0212ba1ab12998cef4
CRSSA317K1,0.977853,0.984444,0.500852,0.5,587x900,RGBA,,canvas|caseW-high|bboxH-high,False,False,true failure,True,"canvas,caseW-high,bboxH-high; PASS_CONTENT from legacy catalog black-background review; human full-resolution review: strong perspective with looped bracelet",rerendered-and-approved,False,0.781250,0.911458,0.500000,0.500000,1024x1536,RGBA,,PASS,caad1a2f47ff16285fde0b140d5d745b06c815b495b49b0dac954c1d350cba4a
CRNY0040-17L,0.709961,0.88737,0.495605,0.486003,1024x1536,RGBA,,caseW-low,False,True,acceptable variation,False,caseW-low; PASS_CONTENT from legacy catalog black-background review,unchanged-protected,False,0.709961,0.88737,0.495605,0.486003,1024x1536,RGBA,caseW-low,acceptable variation,b9b8c7064da0c81e7cd5e49ea683c88cf02be996683ac02a4bbfee0662d070af
CRRA-AK0705R10B,0.792969,0.871094,0.520508,0.489583,1024x1536,RGBA,,,True,True,approved,False,PASS_CONTENT from legacy catalog black-background review; pending v2 candidate recheck,unchanged-protected,False,0.792969,0.871094,0.520508,0.489583,1024x1536,RGBA,,approved,fe16043cfc25e50e8b02e11ea2fcb7bfade57adfa813d8de724854d79cdf0ab8
CRRA-AA0E03L19B,0.836914,0.968099,0.51123,0.497721,1024x1536,RGBA,,caseW-high|bboxH-high,False,True,acceptable variation,False,"caseW-high,bboxH-high; PASS_CONTENT from legacy catalog black-background review",unchanged-protected,False,0.836914,0.968099,0.51123,0.497721,1024x1536,RGBA,caseW-high|bboxH-high,acceptable variation,19db9e8a3967a163c327586d3b63e93ea5ca706adb960bff434899d33c8028d6
CRRA-AK0701S10B,0.787109,0.924479,0.518555,0.49349,1024x1536,RGBA,,,True,True,approved,False,PASS_CONTENT from legacy catalog black-background review; pending v2 candidate recheck,unchanged-protected,False,0.787109,0.924479,0.518555,0.49349,1024x1536,RGBA,,approved,20297e618607087ad51352af57a4882789ec2c28c4313ffab404e43e5af5094d
CRRF803SRPG47K1,0.963303,0.985556,0.500917,0.501667,545x900,RGBA,,canvas|caseW-high|bboxH-high,False,True,acceptable variation,False,"canvas,caseW-high,bboxH-high; PASS_CONTENT from legacy catalog black-background review",unchanged-protected,False,0.963303,0.985556,0.500917,0.501667,545x900,RGBA,canvas|caseW-high|bboxH-high,acceptable variation,935a25492b9c4f11ca83ac103ffcc15def9542425f8f51fd7adaefe46b52bebb
CRSRP307K1,0.652344,0.921875,0.51709,0.491536,1024x1536,RGBA,,caseW-low,False,True,acceptable variation,False,caseW-low; PASS_CONTENT from legacy catalog black-background review,unchanged-protected,False,0.652344,0.921875,0.51709,0.491536,1024x1536,RGBA,caseW-low,acceptable variation,1f01813a2b5bc44009787bc81cfd63a9f9a09e0a610f84cd8005bfc89b272deb
CRFAC08002F0,0.78418,0.935547,0.51709,0.491211,1024x1536,RGBA,,,True,True,approved,False,PASS_CONTENT from legacy catalog black-background review; pending v2 candidate recheck,unchanged-protected,False,0.78418,0.935547,0.51709,0.491211,1024x1536,RGBA,,approved,d623178c94f628e134ff7de09eb466587cba22e1c8fa04ad5ef53451bd9c300c
CRFAA02009D9,0.75293,0.869792,0.529785,0.478516,1024x1536,RGBA,,,True,True,approved,False,PASS_CONTENT from legacy catalog black-background review; pending v2 candidate recheck,unchanged-protected,False,0.75293,0.869792,0.529785,0.478516,1024x1536,RGBA,,approved,facf5c19671e1e0fb3fcf28489d6f176ae3e5a867bbd7ebb2e63e77aa4b002c3
CRBJ7070-57E,0.953368,0.987778,0.499136,0.499444,579x900,RGBA,,canvas|caseW-high|bboxH-high,False,False,true failure,True,"canvas,caseW-high,bboxH-high; PASS_CONTENT from legacy catalog black-background review; human full-resolution review: strong perspective with looped bracelet",rerendered-and-approved,False,0.780273,0.882161,0.500488,0.499674,1024x1536,RGBA,,PASS,1905f2d5216986be344f68ef5948d43b73cad438fedb568fc5f7aec04d2d08a1
CRFAC00002W0,0.756836,0.939453,0.51416,0.49056,1024x1536,RGBA,,,True,True,approved,False,PASS_CONTENT from legacy catalog black-background review; pending v2 candidate recheck,unchanged-protected,False,0.756836,0.939453,0.51416,0.49056,1024x1536,RGBA,,approved,d693acc902bc0112cda28c31bd5be1c3ffe5529bfe33d870f520a3a6ec31e51a
CRRF502SRPH21K1,0.976834,0.985556,0.5,0.500556,518x900,RGBA,,canvas|caseW-high|bboxH-high,False,True,acceptable variation,False,"canvas,caseW-high,bboxH-high; PASS_CONTENT from legacy catalog black-background review",unchanged-protected,False,0.976834,0.985556,0.5,0.500556,518x900,RGBA,canvas|caseW-high|bboxH-high,acceptable variation,fca4c1f5d90cbeb687aff110d020b23305e250394ba451ded32cfe5c57dc2faa
CRRA-AC0024L,0.804688,0.899089,0.519531,0.488607,1024x1536,RGBA,,,True,True,approved,False,PASS_CONTENT from legacy catalog black-background review; pending v2 candidate recheck,unchanged-protected,False,0.804688,0.899089,0.519531,0.488607,1024x1536,RGBA,,approved,3dc7fc73702c080252a67239dac8efa88aba152bfaeeb164e2a88ce3e78b95ee
CRRA-AC0M15Y,0.811523,0.874349,0.530762,0.491862,1024x1536,RGBA,,case-centre-x,False,True,acceptable variation,False,case-centre-x; PASS_CONTENT from legacy catalog black-background review,unchanged-protected,False,0.811523,0.874349,0.530762,0.491862,1024x1536,RGBA,case-centre-x,acceptable variation,e1b5a43a39b9fae7bf53b139ab8cc83cbf103ac31c91c016a22bd3eea96c59bb
CRFAA02008D9,0.712891,0.922526,0.520508,0.494466,1024x1536,RGBA,,caseW-low,False,True,acceptable variation,False,caseW-low; PASS_CONTENT from legacy catalog black-background review,unchanged-protected,False,0.712891,0.922526,0.520508,0.494466,1024x1536,RGBA,caseW-low,acceptable variation,dcc709250af652aec4af16e69327cf59b82890974334dbf4d68417118e97f77e
CRSRP309K1,0.626953,0.942057,0.516602,0.501628,1024x1536,RGBA,,caseW-low,False,True,acceptable variation,False,caseW-low; PASS_CONTENT from legacy catalog black-background review,unchanged-protected,False,0.626953,0.942057,0.516602,0.501628,1024x1536,RGBA,caseW-low,acceptable variation,43c7f6b7e43880f4ef4e2143dd5b9c9cf7caff2701395c9619040c8222045b19
CRSRP313K2,0.469727,0.906901,0.500488,0.499674,1024x1536,RGBA,,caseW-low,False,True,acceptable variation,False,caseW-low; PASS_CONTENT from legacy catalog black-background review,unchanged-protected,False,0.469727,0.906901,0.500488,0.499674,1024x1536,RGBA,caseW-low,acceptable variation,949470a342fbb97a25bfedda6057c5a8393d4261c666d73722e64cfe42351884
CRNY0040-09E,0.685547,0.919922,0.479004,0.499674,1024x1536,RGBA,,caseW-low,False,True,acceptable variation,False,caseW-low; PASS_CONTENT from legacy catalog black-background review,unchanged-protected,False,0.685547,0.919922,0.479004,0.499674,1024x1536,RGBA,caseW-low,acceptable variation,282cb41acb99e6ef1751058fd9df6f31a03d4c002b06c845d502022dfb08d0bf
CRRA-AC0004S10B,0.729492,0.90625,0.51416,0.482422,1024x1536,RGBA,,caseW-low,False,True,acceptable variation,False,caseW-low; PASS_CONTENT from legacy catalog black-background review,unchanged-protected,False,0.729492,0.90625,0.51416,0.482422,1024x1536,RGBA,caseW-low,acceptable variation,fa03b7720d84cdd563298449c46f32f98778c6a59c05cffec24a7da8f631e11b
CRRA-WK0006S,0.972093,0.982222,0.5,0.501111,645x900,RGBA,,canvas|caseW-high|bboxH-high,False,False,true failure,True,"canvas,caseW-high,bboxH-high; PASS_CONTENT from legacy catalog black-background review; human full-resolution review: head-only or incomplete strap presentation",rerendered-and-approved,False,0.781250,0.911458,0.500000,0.500000,1024x1536,RGBA,,PASS,ace9a81614256591493678990faacbaea54e89b815fad3cffcb784d07993af6c
CRRA-AC0M02B10B,0.795898,0.846354,0.516113,0.477214,1024x1536,RGBA,,bboxH-low,False,True,acceptable variation,False,bboxH-low; PASS_CONTENT from legacy catalog black-background review,unchanged-protected,False,0.795898,0.846354,0.516113,0.477214,1024x1536,RGBA,bboxH-low,acceptable variation,56cf4ef32db4f9abfe2af050991447d40a8b835562cc82768d19a5381363e6e2
CRSRP785K1,0.9776,0.985556,0.5016,0.501667,625x900,RGBA,,canvas|caseW-high|bboxH-high,False,False,true failure,True,"canvas,caseW-high,bboxH-high; PASS_CONTENT from legacy catalog black-background review; human full-resolution review: strong perspective with looped strap",rerendered-and-approved,False,0.780273,0.878255,0.499512,0.499674,1024x1536,RGBA,,PASS,6fcc776f32f74b6f96b5fa62b9b75d8816f01ef026aaac8beb77ef24324b511c
CRRF70-SRPG61K1,0.744141,0.921224,0.511719,0.495117,1024x1536,RGBA,,,True,False,true failure,True,FAIL_CONTENT: exposed NATO keeper hardware does not match the approved presentation; human full-resolution review: full-strap presentation with end hardware visible,rerendered-and-approved,False,0.780273,0.911458,0.500488,0.500000,1024x1536,RGBA,,PASS,3651e4a289b2ac16c560b0dd1edd69b89c086f11a36b18c81688b4b0513e9abc
CRRA-AC0022S10B,0.775391,0.940104,0.519531,0.496745,1024x1536,RGBA,,,True,True,approved,False,PASS_CONTENT from legacy catalog black-background review; pending v2 candidate recheck,unchanged-protected,False,0.775391,0.940104,0.519531,0.496745,1024x1536,RGBA,,approved,ea791f0a556e05fc9417e9b740252bb0cdddf6a4727953cc37c16a25d760317b
CRRA-AA0D02R0HC,0.731445,0.927734,0.506348,0.479492,1024x1536,RGBA,,,True,True,approved,False,PASS_CONTENT from legacy catalog black-background review; pending v2 candidate recheck,unchanged-protected,False,0.731445,0.927734,0.506348,0.479492,1024x1536,RGBA,,approved,92ab23a4f884e96adb927a092d21fb7c296a8c2910a3c0679c5aebfd3d9c4d16
CRRA-AA0916L19B,0.820312,0.929688,0.52832,0.497396,1024x1536,RGBA,,,True,True,approved,False,PASS_CONTENT from legacy catalog black-background review; pending v2 candidate recheck,unchanged-protected,False,0.820312,0.929688,0.52832,0.497396,1024x1536,RGBA,,approved,0c8e2107bdd6b269b33ab4c22a5de8feba0a12cf9a17ff185d06fd58e243bb21
CRRA-AC0008S00C,0.75,0.958984,0.498047,0.495768,1024x1536,RGBA,,bboxH-high,False,True,acceptable variation,False,bboxH-high; PASS_CONTENT from legacy catalog black-background review,unchanged-protected,False,0.75,0.958984,0.498047,0.495768,1024x1536,RGBA,bboxH-high,acceptable variation,50b98604ee115c45052af041a57201da24106728c5bb81bf0cb795b787ef9ebf
CR96P250,0.431667,0.984167,0.5,0.500417,1200x1200,RGBA,,canvas|caseW-low|bboxH-high,False,True,acceptable variation,False,"canvas,caseW-low,bboxH-high; PASS_CONTENT from legacy catalog black-background review",unchanged-protected,False,0.431667,0.984167,0.5,0.500417,1200x1200,RGBA,canvas|caseW-low|bboxH-high,acceptable variation,11f0973721e0e24b49bfc8b6f56304a58d6a122735a95801f4566e9bbe7a2fba
CRSRP551J1,0.769153,0.947037,0.514617,0.498739,992x1586,RGBA,,canvas,False,True,acceptable variation,False,canvas; PASS_CONTENT from legacy catalog black-background review,unchanged-protected,False,0.769153,0.947037,0.514617,0.498739,992x1586,RGBA,canvas,acceptable variation,8d09c06255bf46b727c19583555ddb748519537b0f0431154c5bc4afc04073e8
WW566,0.981891,1.0,0.498994,0.5,497x1000,RGBA,,canvas|caseW-high|bboxH-high,False,False,true failure,True,"canvas,caseW-high,bboxH-high; PASS_CONTENT from legacy catalog black-background review; human full-resolution review: full-strap presentation with end hardware visible",rerendered-and-approved,False,0.780273,0.895182,0.500488,0.499674,1024x1536,RGBA,,PASS,2feb21fd799d0dcb6b9e7be20a7f9fa9dc4ff7056f7b2c923836cca228a0f67c
CRFAA02006M9,0.822266,0.966146,0.5,0.497396,1024x1536,RGBA,,bboxH-high,False,True,acceptable variation,False,bboxH-high; PASS_CONTENT from legacy catalog black-background review,unchanged-protected,False,0.822266,0.966146,0.5,0.497396,1024x1536,RGBA,bboxH-high,acceptable variation,92b505f3580ed262e195af1477cf1180c85658019826abe6f9b4c1cb60167c8a
CRRA-AC0P04Y10B,0.816406,0.958333,0.510742,0.492188,1024x1536,RGBA,,bboxH-high,False,True,acceptable variation,False,bboxH-high; PASS_CONTENT from legacy catalog black-background review,unchanged-protected,False,0.816406,0.958333,0.510742,0.492188,1024x1536,RGBA,bboxH-high,acceptable variation,ffb5c0bfbff6a7380c4b765c43078b972ccccb71f43af0e72e2972bd64a40c2a
W2251,0.655273,0.966797,0.501465,0.498372,1024x1536,RGBA,,caseW-low|bboxH-high,False,True,acceptable variation,False,"caseW-low,bboxH-high; PASS_CONTENT from legacy catalog black-background review",unchanged-protected,False,0.655273,0.966797,0.501465,0.498372,1024x1536,RGBA,caseW-low|bboxH-high,acceptable variation,796d464075282cdd02cb370cbf312821e66ecf113acf6f91a266a64c09d5ffdf
CR96P245,0.966851,0.984444,0.5,0.5,362x900,RGBA,,canvas|caseW-high|bboxH-high,False,False,true failure,True,"canvas,caseW-high,bboxH-high; PASS_CONTENT from legacy catalog black-background review; human full-resolution review: strong perspective with looped bracelet",rerendered-and-approved,False,0.780273,0.911458,0.500000,0.500000,1024x1536,RGBA,,PASS,fd1b6f289cc4256d04a9cd4e0cec7c81afc3afabcd4c5874bc5c8f288aee1c2a
CRRA-AA0B03L19B,0.8125,0.923828,0.52832,0.491211,1024x1536,RGBA,,,True,True,approved,False,PASS_CONTENT from legacy catalog black-background review; pending v2 candidate recheck,unchanged-protected,False,0.8125,0.923828,0.52832,0.491211,1024x1536,RGBA,,approved,3aa04763a1f4cdb0638b0af49f88088b307a086b8de1bfc2d640d3a9425b31a8
CRFAA02007B9,0.78418,0.954427,0.52002,0.497396,1024x1536,RGBA,,bboxH-high,False,True,acceptable variation,False,bboxH-high; PASS_CONTENT from legacy catalog black-background review,unchanged-protected,False,0.78418,0.954427,0.52002,0.497396,1024x1536,RGBA,bboxH-high,acceptable variation,46d2ce78be3e890ca511884b5ded0589cd431f3d769446cb17f3a716b15d57d3
W2252,0.508789,0.931641,0.523926,0.496419,1024x1536,RGBA,,caseW-low,False,True,acceptable variation,False,caseW-low; PASS_CONTENT from legacy catalog black-background review,unchanged-protected,False,0.508789,0.931641,0.523926,0.496419,1024x1536,RGBA,caseW-low,acceptable variation,44cfaca813849ad1c160a6147fac6d38d5c8f576cbaea90ad5d8ad0db2b5135c
CRSRP539J1,0.755814,0.962696,0.518499,0.499398,946x1662,RGBA,,canvas|bboxH-high,False,True,acceptable variation,False,"canvas,bboxH-high; PASS_CONTENT from legacy catalog black-background review",unchanged-protected,False,0.755814,0.962696,0.518499,0.499398,946x1662,RGBA,canvas|bboxH-high,acceptable variation,9026dfb6167f7bd12b342de07ef48a16619560444001acb4b874be7152d1608f
WW953,0.977341,0.986667,0.500755,0.500833,662x1200,RGBA,,canvas|caseW-high|bboxH-high,False,False,true failure,True,"canvas,caseW-high,bboxH-high; PASS_CONTENT from legacy catalog black-background review; human full-resolution review: strong perspective with looped bracelet",rerendered-and-approved,False,0.779297,0.891927,0.500000,0.500000,1024x1536,RGBA,,PASS,1029d236654e1ff2c0043741ae0f207c58d854f0991cb35e2c932de2c13524d3
CRRA-AC0021L10B,0.764648,0.909505,0.521973,0.495768,1024x1536,RGBA,,,True,True,approved,False,PASS_CONTENT from legacy catalog black-background review; pending v2 candidate recheck,unchanged-protected,False,0.764648,0.909505,0.521973,0.495768,1024x1536,RGBA,,approved,bf221e70094ba99d7a49a7daebd5abbe16d04b5b7c589c569852b98db32fa930
CRFAC08001T0,0.71582,0.916016,0.51123,0.491862,1024x1536,RGBA,,caseW-low,False,True,acceptable variation,False,caseW-low; PASS_CONTENT from legacy catalog black-background review,unchanged-protected,False,0.71582,0.916016,0.51123,0.491862,1024x1536,RGBA,caseW-low,acceptable variation,c617ac1005036041d2b1dcce157b042e2c9dbf9c9330b7055e40fdb8087099cc
CRBN0100-51E,0.699219,0.876302,0.518555,0.473958,1024x1536,RGBA,,caseW-low,False,True,acceptable variation,False,caseW-low; PASS_CONTENT from legacy catalog black-background review,unchanged-protected,False,0.699219,0.876302,0.518555,0.473958,1024x1536,RGBA,caseW-low,acceptable variation,15351db25a09123224f822e7a16e7c24c312fdb2ce6abb92322d3eb73a8c11bf
CRSRP281J1,0.820312,0.946615,0.506836,0.490885,1024x1536,RGBA,,,True,True,approved,False,PASS_CONTENT from legacy catalog black-background review; pending v2 candidate recheck,unchanged-protected,False,0.820312,0.946615,0.506836,0.490885,1024x1536,RGBA,,approved,44da30bcfdab0c44a1ee33d6de81f3a252ab95c1b1e4e85698563354aea94b04
CRH411AV.-.MT,0.97373,0.984444,0.501751,0.5,571x900,RGBA,,canvas|caseW-high|bboxH-high,False,True,acceptable variation,False,"canvas,caseW-high,bboxH-high; PASS_CONTENT from legacy catalog black-background review",unchanged-protected,False,0.97373,0.984444,0.501751,0.5,571x900,RGBA,canvas|caseW-high|bboxH-high,acceptable variation,f18e1af43847e58559c7d71092f7df5da4e59af7a2102511f91bae7a34a05748
CRSRP555J1,0.696289,0.917969,0.522949,0.492188,1024x1536,RGBA,,caseW-low,False,True,acceptable variation,False,caseW-low; PASS_CONTENT from legacy catalog black-background review,unchanged-protected,False,0.696289,0.917969,0.522949,0.492188,1024x1536,RGBA,caseW-low,acceptable variation,104224ecaac19a541284dfc15fd299ff2549f585b17ae4d7ee188799e6c7f3d0
CRSAA02009D3,0.732422,0.860026,0.520508,0.500977,1024x1536,RGBA,,,True,True,approved,False,PASS_CONTENT from legacy catalog black-background review; pending v2 candidate recheck,unchanged-protected,False,0.732422,0.860026,0.520508,0.500977,1024x1536,RGBA,,approved,32c6368929a689853233f778991337e75c16a6f05019c24ee8bf60149efa7ebf
CRSRP363K1,0.770721,0.971074,0.514532,0.499705,929x1694,RGBA,,canvas|bboxH-high,False,True,acceptable variation,False,"canvas,bboxH-high; PASS_CONTENT from legacy catalog black-background review",unchanged-protected,False,0.770721,0.971074,0.514532,0.499705,929x1694,RGBA,canvas|bboxH-high,acceptable variation,6523d982cb63ce989d009ffb83420b1983658e453f680232381cf5d4913cab5f
CRECB-900GL-1A,0.978328,0.985556,0.498452,0.499444,646x900,RGBA,,canvas|caseW-high|bboxH-high,False,True,acceptable variation,False,"canvas,caseW-high,bboxH-high; PASS_CONTENT from legacy catalog black-background review",unchanged-protected,False,0.978328,0.985556,0.498452,0.499444,646x900,RGBA,canvas|caseW-high|bboxH-high,acceptable variation,e1c5e7361a131783e21016eb798a14eec7355f482b4752b5c87340c410edfacd
CREFS-S570D-1A,0.975952,0.982222,0.502004,0.5,499x900,RGBA,,canvas|caseW-high|bboxH-high,False,True,acceptable variation,False,"canvas,caseW-high,bboxH-high; PASS_CONTENT from legacy catalog black-background review",unchanged-protected,False,0.975952,0.982222,0.502004,0.5,499x900,RGBA,canvas|caseW-high|bboxH-high,acceptable variation,8df3477193fe878ce4e2667ca0b955b87ad4476dce35d49c01b5a3e7e00daa19
CRSNE107P1,0.716797,0.920573,0.529297,0.494792,1024x1536,RGBA,,caseW-low,False,True,acceptable variation,False,caseW-low; PASS_CONTENT from legacy catalog black-background review,unchanged-protected,False,0.716797,0.920573,0.529297,0.494792,1024x1536,RGBA,caseW-low,acceptable variation,62e8bb854340c1e8bac32adbdbf41e91fae6b0b906bee897b8e171a56607adc0
CRFAC09004D0,0.729492,0.914714,0.521973,0.496419,1024x1536,RGBA,,caseW-low,False,True,acceptable variation,False,caseW-low; PASS_CONTENT from legacy catalog black-background review,unchanged-protected,False,0.729492,0.914714,0.521973,0.496419,1024x1536,RGBA,caseW-low,acceptable variation,8b49a7274540c28a207cb5de7bede5933b60d720bf1ae8177e68bbfcd83be661
WW554,0.984848,1.0,0.5,0.5,528x1000,RGBA,,canvas|caseW-high|bboxH-high,False,False,true failure,True,"canvas,caseW-high,bboxH-high; PASS_CONTENT from legacy catalog black-background review; human full-resolution review: strong perspective with looped bracelet",rerendered-and-approved,False,0.780273,0.890625,0.499512,0.500000,1024x1536,RGBA,,PASS,f879903a38dc299a8efedbbb6b7d06e2d077797560f15e4fb2cbb18531df60ef
CRSRP417K1,0.57848,0.946555,0.493583,0.500966,1013x1553,RGBA,,canvas|caseW-low,False,True,acceptable variation,False,"canvas,caseW-low; PASS_CONTENT from legacy catalog black-background review",unchanged-protected,False,0.57848,0.946555,0.493583,0.500966,1013x1553,RGBA,canvas|caseW-low,acceptable variation,0d8312ff98b07b7498d7a00147cdd02766deab7b22adea368648c8e8e3dbcbb0
CRSRP473K1,0.65332,0.942057,0.507812,0.498372,1024x1536,RGBA,,caseW-low,False,True,acceptable variation,False,caseW-low; PASS_CONTENT from legacy catalog black-background review,unchanged-protected,False,0.65332,0.942057,0.507812,0.498372,1024x1536,RGBA,caseW-low,acceptable variation,27a0f8089854eeec3cbc672827098b2d9188daa79200de7f8ceab4e8ec6aa3cd
CRSRP548J1,0.694556,0.942623,0.504536,0.49338,992x1586,RGBA,,canvas|caseW-low,False,True,acceptable variation,False,"canvas,caseW-low; PASS_CONTENT from legacy catalog black-background review",unchanged-protected,False,0.694556,0.942623,0.504536,0.49338,992x1586,RGBA,canvas|caseW-low,acceptable variation,aefbcf5cc54d84300f6648ccadb1f69d52c395c0bfef494eebffe02f487858b8
CRRA-AA0008B09C,0.870117,0.970052,0.505371,0.498698,1024x1536,RGBA,,caseW-high|bboxH-high,False,True,acceptable variation,False,"caseW-high,bboxH-high; PASS_CONTENT from legacy catalog black-background review",unchanged-protected,False,0.870117,0.970052,0.505371,0.498698,1024x1536,RGBA,caseW-high|bboxH-high,acceptable variation,7ec2a25acac561c712c5ad9afff2eff44ac485b5c38e365f540c2105666049eb
CRJP1095-15X,0.90332,0.985026,0.483887,0.50293,1024x1536,RGBA,,caseW-high|bboxH-high,False,True,acceptable variation,False,"caseW-high,bboxH-high; PASS_CONTENT from legacy catalog black-background review",unchanged-protected,False,0.90332,0.985026,0.483887,0.50293,1024x1536,RGBA,caseW-high|bboxH-high,acceptable variation,c96570e764b28d8c8f3068b48cb50089671fb0e11b6eab8ee437dd1e079c7650
CRPRG-340-1,0.705,0.9525,0.499583,0.499583,1200x1200,RGBA,,canvas|caseW-low|bboxH-high,False,True,acceptable variation,False,"canvas,caseW-low,bboxH-high; PASS_CONTENT from legacy catalog black-background review",unchanged-protected,False,0.705,0.9525,0.499583,0.499583,1200x1200,RGBA,canvas|caseW-low|bboxH-high,acceptable variation,45ddbe91d37218548d96ec82f1b5cb766637582b500bdacc609df0064d0264c4
CRSRP215J2,0.731445,0.876302,0.525879,0.488281,1024x1536,RGBA,,,True,True,approved,False,PASS_CONTENT from legacy catalog black-background review; pending v2 candidate recheck,unchanged-protected,False,0.731445,0.876302,0.525879,0.488281,1024x1536,RGBA,,approved,27d94a2647fdadce47c3ce203d43682a8b44748e9dcb12fad385dbcac707f0d0
CRSRP603K1,0.592773,0.959635,0.509277,0.499349,1024x1536,RGBA,,caseW-low|bboxH-high,False,True,acceptable variation,False,"caseW-low,bboxH-high; PASS_CONTENT from legacy catalog black-background review",unchanged-protected,False,0.592773,0.959635,0.509277,0.499349,1024x1536,RGBA,caseW-low|bboxH-high,acceptable variation,4045d9a0086e87e3615e7bc3d3b5450e5e452820ea62503193daed6c5c083300
CRSRP345K1,0.754635,0.962121,0.523446,0.496212,917x1716,RGBA,,canvas|bboxH-high,False,True,acceptable variation,False,"canvas,bboxH-high; PASS_CONTENT from legacy catalog black-background review",unchanged-protected,False,0.754635,0.962121,0.523446,0.496212,917x1716,RGBA,canvas|bboxH-high,acceptable variation,dab89036a58be401278855b889e501f4ec950cbcd36e0a7d36da798f6b223954
CRSAA02002D3,0.758789,0.932943,0.522949,0.487305,1024x1536,RGBA,,,True,True,approved,False,PASS_CONTENT from legacy catalog black-background review; pending v2 candidate recheck,unchanged-protected,False,0.758789,0.932943,0.522949,0.487305,1024x1536,RGBA,,approved,3e9a4108d706249f8e6c4f06fd9cead6a85a99ea2c10d60580e8e0d912e4dbd2
CRRF479SSB413P1,0.80957,0.923177,0.530762,0.491536,1024x1536,RGBA,,case-centre-x,False,True,acceptable variation,False,case-centre-x; PASS_CONTENT from legacy catalog black-background review,unchanged-protected,False,0.80957,0.923177,0.530762,0.491536,1024x1536,RGBA,case-centre-x,acceptable variation,361b6e45d7cbf8a3f01851fd879aba18544a0a1de9164f1317ff76b960dc95cb
CRRA-AA0B03L19A,0.829102,0.930339,0.520996,0.493815,1024x1536,RGBA,,,True,True,approved,False,PASS_CONTENT from legacy catalog black-background review; pending v2 candidate recheck,unchanged-protected,False,0.829102,0.930339,0.520996,0.493815,1024x1536,RGBA,,approved,b90229a9d2d9c21b2b5326dd225ee01455e7d29a67e1396fe0bf3df7e6e8585e
WW952,0.971292,0.9825,0.498405,0.50125,627x1200,RGBA,,canvas|caseW-high|bboxH-high,False,False,true failure,True,"canvas,caseW-high,bboxH-high; PASS_CONTENT from legacy catalog black-background review; human full-resolution review: strong perspective with looped bracelet",rerendered-and-approved,False,0.779297,0.911458,0.500000,0.500000,1024x1536,RGBA,,PASS,92bb295cab9f8e01ff8f316dd2160a3e3e763f5cadec5d1c9766c74cd1b85cd6
CRSRP631K1,0.484051,0.943381,0.513158,0.498804,1254x1254,RGBA,,canvas|caseW-low,False,True,acceptable variation,False,"canvas,caseW-low; PASS_CONTENT from legacy catalog black-background review",unchanged-protected,False,0.484051,0.943381,0.513158,0.498804,1254x1254,RGBA,canvas|caseW-low,acceptable variation,c42f56f33a1bbf4ba1949d780a69a6e63f913c90c8919f56e1ef33fc9835b0a4
CREFS-S570D-5A,0.973523,0.982222,0.501018,0.5,491x900,RGBA,,canvas|caseW-high|bboxH-high,False,True,acceptable variation,False,"canvas,caseW-high,bboxH-high; PASS_CONTENT from legacy catalog black-background review",unchanged-protected,False,0.973523,0.982222,0.501018,0.5,491x900,RGBA,canvas|caseW-high|bboxH-high,acceptable variation,441d3c4069145b0e9291d618e597c8fdfbb0c43bf04463d8e8a000994bf4e183
CRSRP440K1,0.794899,0.916268,0.518066,0.498804,941x1672,RGBA,,canvas,False,True,acceptable variation,False,canvas; PASS_CONTENT from legacy catalog black-background review,unchanged-protected,False,0.794899,0.916268,0.518066,0.498804,941x1672,RGBA,canvas,acceptable variation,d2f753a35b3591ad9b116c2fa3d1b0bdd657c8f960169eca702d22ce0eabe39c
CRSRP475K1,0.594727,0.973307,0.505371,0.499674,1024x1536,RGBA,,caseW-low|bboxH-high,False,True,acceptable variation,False,"caseW-low,bboxH-high; PASS_CONTENT from legacy catalog black-background review",unchanged-protected,False,0.594727,0.973307,0.505371,0.499674,1024x1536,RGBA,caseW-low|bboxH-high,acceptable variation,2733c458081c81346ee3793cb5a82825f117b0774777ed57aeb79f4fd515af4b
CRRA-WK0001S,0.705078,0.941406,0.524414,0.501953,1024x1536,RGBA,,caseW-low,False,True,acceptable variation,False,caseW-low; PASS_CONTENT from legacy catalog black-background review,unchanged-protected,False,0.705078,0.941406,0.524414,0.501953,1024x1536,RGBA,caseW-low,acceptable variation,a62aa0eadbd966fa780dff0a5f474cda9f5eff4f95d1a3100a8346775d707253
CRSRP615K1,0.668347,0.979193,0.521673,0.498424,992x1586,RGBA,,canvas|caseW-low|bboxH-high,False,True,acceptable variation,False,"canvas,caseW-low,bboxH-high; PASS_CONTENT from legacy catalog black-background review",unchanged-protected,False,0.668347,0.979193,0.521673,0.498424,992x1586,RGBA,canvas|caseW-low|bboxH-high,acceptable variation,92e10552e2304db6cac6d161676e4b8090dcfb521d9c9894b3d0d24cc8539628
CRSRP438K1,0.825806,0.939125,0.508602,0.500887,930x1692,RGBA,,canvas,False,True,acceptable variation,False,canvas; PASS_CONTENT from legacy catalog black-background review,unchanged-protected,False,0.825806,0.939125,0.508602,0.500887,930x1692,RGBA,canvas,acceptable variation,6595cd4fd7078ae3076b1774e49561266371311bd32ed1c5f57f23df5faa01a8
CRSRP599K1,0.732615,0.902597,0.515181,0.494156,1021x1540,RGBA,,canvas,False,True,acceptable variation,False,canvas; PASS_CONTENT from legacy catalog black-background review,unchanged-protected,False,0.732615,0.902597,0.515181,0.494156,1021x1540,RGBA,canvas,acceptable variation,4679bb6ed83e83113780ae01078619499b501b9818e5e05786d54140087a9a9e
CRSRP169K1,0.675781,0.936198,0.516113,0.491536,1024x1536,RGBA,,caseW-low,False,True,acceptable variation,False,caseW-low; PASS_CONTENT from legacy catalog black-background review,unchanged-protected,False,0.675781,0.936198,0.516113,0.491536,1024x1536,RGBA,caseW-low,acceptable variation,5d8300cc2ad4516cc644ec97e10cfe7be0bb998ee416fcb4c974cc9b88dfea62
CREQS-940DB-1B,0.976699,0.99,0.5,0.498333,515x900,RGBA,,canvas|caseW-high|bboxH-high,False,True,acceptable variation,False,"canvas,caseW-high,bboxH-high; PASS_CONTENT from legacy catalog black-background review",unchanged-protected,False,0.976699,0.99,0.5,0.498333,515x900,RGBA,canvas|caseW-high|bboxH-high,acceptable variation,004a7fc2811f3ad4f4b42b4ef9012e312e09c5777f3ad4a7551da4f039d125c3
WW950,0.962675,0.983005,0.5,0.500447,643x1118,RGBA,,canvas|caseW-high|bboxH-high,False,False,true failure,True,"canvas,caseW-high,bboxH-high; PASS_CONTENT from legacy catalog black-background review; human full-resolution review: strong perspective with looped bracelet",rerendered-and-approved,False,0.780273,0.868490,0.500488,0.500000,1024x1536,RGBA,,PASS,3b1b2dd9b54dbd975aa1d25c3865631002e0fd0b7fe5dc68fbdf053f1b509589
CRRA-WK0002E,0.638672,0.950521,0.520508,0.497396,1024x1536,RGBA,,caseW-low|bboxH-high,False,True,acceptable variation,False,"caseW-low,bboxH-high; PASS_CONTENT from legacy catalog black-background review",unchanged-protected,False,0.638672,0.950521,0.520508,0.497396,1024x1536,RGBA,caseW-low|bboxH-high,acceptable variation,5f3172c4b7b884ab6c88aa4d70d51dd6c796cc1430f5c6730cf6dced45c5dc73
CRRA-WK0004L,0.745117,0.925781,0.522949,0.486979,1024x1536,RGBA,,,True,True,approved,False,PASS_CONTENT from legacy catalog black-background review; pending v2 candidate recheck,unchanged-protected,False,0.745117,0.925781,0.522949,0.486979,1024x1536,RGBA,,approved,82436808bc1fe584cc943ad5d0364336ddee0c2156145e72ef5440ef3a2acbf2
CRSRP355K1,0.776749,0.919086,0.50823,0.486103,972x1619,RGBA,,canvas,False,True,acceptable variation,False,canvas; PASS_CONTENT from legacy catalog black-background review,unchanged-protected,False,0.776749,0.919086,0.50823,0.486103,972x1619,RGBA,canvas,acceptable variation,b2f76de669929b5990fcc1d0ceb1f41ac2b175ae06f242079f5013c66748072f
CRSRPB91K1,0.975177,0.985556,0.501773,0.500556,564x900,RGBA,,canvas|caseW-high|bboxH-high,False,False,true failure,True,"canvas,caseW-high,bboxH-high; PASS_CONTENT from legacy catalog black-background review; human full-resolution review: strong perspective with looped bracelet",rerendered-and-approved,False,0.780273,0.861979,0.499512,0.500000,1024x1536,RGBA,,PASS,aa2fbffe9556a7ea7cbdd3963268ddcaaecc4060fc29103a22e95a6a9ff881d2
CRSRP201K1,0.87207,0.942057,0.507324,0.489258,1024x1536,RGBA,,caseW-high,False,True,acceptable variation,False,caseW-high; PASS_CONTENT from legacy catalog black-background review,unchanged-protected,False,0.87207,0.942057,0.507324,0.489258,1024x1536,RGBA,caseW-high,acceptable variation,0097f47688259786fb2ce0b328a456c11c9bebe604f4db48496b01b86498fd16
CRSRP607K1,0.484848,0.964115,0.517544,0.500399,1254x1254,RGBA,,canvas|caseW-low|bboxH-high,False,True,acceptable variation,False,"canvas,caseW-low,bboxH-high; PASS_CONTENT from legacy catalog black-background review",unchanged-protected,False,0.484848,0.964115,0.517544,0.500399,1254x1254,RGBA,canvas|caseW-low|bboxH-high,acceptable variation,b17d19bec2887ea20f29d30667d17d5576e75a15ceb03fc8da8d5815fb5ffc76
CRSRPB83K1,0.975652,0.986667,0.5,0.5,575x900,RGBA,,canvas|caseW-high|bboxH-high,False,False,true failure,True,"canvas,caseW-high,bboxH-high; PASS_CONTENT from legacy catalog black-background review; human full-resolution review: strong perspective with looped bracelet",rerendered-and-approved,False,0.779297,0.906250,0.500000,0.500000,1024x1536,RGBA,,PASS,878c7fcc9510d52c862c6518c77e71d5981d1f87ac326fb80f58bed6f0840106
CRSRPB93K1,0.973262,0.982222,0.500891,0.5,561x900,RGBA,,canvas|caseW-high|bboxH-high,False,False,true failure,True,"canvas,caseW-high,bboxH-high; PASS_CONTENT from legacy catalog black-background review; human full-resolution review: strong perspective with looped bracelet",rerendered-and-approved,False,0.780273,0.851562,0.500488,0.500000,1024x1536,RGBA,,PASS,068457f27ec23e39f65246e52f48767438331447de592045839505a017904824
CRSNZG83J1,0.788086,0.947266,0.528809,0.489909,1024x1536,RGBA,,,True,True,approved,False,PASS_CONTENT from legacy catalog black-background review; pending v2 candidate recheck,unchanged-protected,False,0.788086,0.947266,0.528809,0.489909,1024x1536,RGBA,,approved,ae4e7d5a74b7e9aeae1843da81447e35e38a9d4fc182853da740c15d4ee808a7
CRSNZH51K1,0.757812,0.897786,0.506348,0.468424,1024x1536,RGBA,,case-centre-y,False,True,acceptable variation,False,case-centre-y; PASS_CONTENT from legacy catalog black-background review,unchanged-protected,False,0.757812,0.897786,0.506348,0.468424,1024x1536,RGBA,case-centre-y,acceptable variation,df6ab253f6e5556fcff6e1fe8719340749bcb9e562f0736e2a39d886eaba5159
CRSRP279K1,0.728516,0.95638,0.505859,0.495768,1024x1536,RGBA,,caseW-low|bboxH-high,False,True,acceptable variation,False,"caseW-low,bboxH-high; PASS_CONTENT from legacy catalog black-background review",unchanged-protected,False,0.728516,0.95638,0.505859,0.495768,1024x1536,RGBA,caseW-low|bboxH-high,acceptable variation,10c55530fc83e80439527ec5eedcb9e8564959bba6bb27aa2f748e88294335c5
CRSRP483K1,0.751953,0.922526,0.514648,0.505534,1024x1536,RGBA,,,True,True,approved,False,PASS_CONTENT from legacy catalog black-background review; pending v2 candidate recheck,unchanged-protected,False,0.751953,0.922526,0.514648,0.505534,1024x1536,RGBA,,approved,a9614cc50da7ebd932969aa3747392b3d579765072c03538de15939bbcbeaea6
W2286,0.394531,0.966146,0.47168,0.501953,1024x1536,RGBA,,caseW-low|bboxH-high,False,True,acceptable variation,False,"caseW-low,bboxH-high; PASS_CONTENT from legacy catalog black-background review",unchanged-protected,False,0.394531,0.966146,0.47168,0.501953,1024x1536,RGBA,caseW-low|bboxH-high,acceptable variation,72370f738f6140132c9379066adf0db01847a672a1f3759a33f15644483b152b
CRRF273SND253P1,0.760742,0.964844,0.501465,0.498698,1024x1536,RGBA,,bboxH-high,False,True,acceptable variation,False,bboxH-high; PASS_CONTENT from legacy catalog black-background review,unchanged-protected,False,0.760742,0.964844,0.501465,0.498698,1024x1536,RGBA,bboxH-high,acceptable variation,6b4685603f4f27f8e9bdeea7c67823b6fefeade318c9ba993efb4bafa882047f
CRSRP601K1,0.495215,0.944179,0.509968,0.500797,1254x1254,RGBA,,canvas|caseW-low,False,True,acceptable variation,False,"canvas,caseW-low; PASS_CONTENT from legacy catalog black-background review",unchanged-protected,False,0.495215,0.944179,0.509968,0.500797,1254x1254,RGBA,canvas|caseW-low,acceptable variation,dc2746b5c5cc124fc42f7fa7f4f099376b18d915c8e4a2cdd906278898b9f716
CRF20671-1,0.978417,1.0,0.5,0.5,556x900,RGBA,,canvas|caseW-high|bboxH-high,False,False,true failure,True,"canvas,caseW-high,bboxH-high; PASS_CONTENT from legacy catalog black-background review; human full-resolution review: strong perspective with looped strap",rerendered-and-approved,False,0.780273,0.882161,0.500488,0.499674,1024x1536,RGBA,,PASS,2dcedf3d22644c250b5a6a39060f4012184e931fe7bccfa86cb884e395866094
CRSRPB89K1,0.978456,0.983333,0.498205,0.500556,557x900,RGBA,,canvas|caseW-high|bboxH-high,False,False,true failure,True,"canvas,caseW-high,bboxH-high; PASS_CONTENT from legacy catalog black-background review; human full-resolution review: strong perspective with looped bracelet",rerendered-and-approved,False,0.779297,0.854167,0.500000,0.500000,1024x1536,RGBA,,PASS,c8a22b50ea560e6b6c55bc2e4e6f0b9d1bb06629b4d0ac9d3bdf0b4beef66d3a
CRSRP343K1,0.529506,0.947368,0.514354,0.497608,1254x1254,RGBA,,canvas|caseW-low,False,True,acceptable variation,False,"canvas,caseW-low; PASS_CONTENT from legacy catalog black-background review",unchanged-protected,False,0.529506,0.947368,0.514354,0.497608,1254x1254,RGBA,canvas|caseW-low,acceptable variation,050d35ee1e0308ca6e04fecbd178ae562348374e803e132ac45128886640780e
CRF20670-6,0.978417,0.984444,0.5,0.5,556x900,RGBA,,canvas|caseW-high|bboxH-high,False,True,acceptable variation,False,"canvas,caseW-high,bboxH-high; PASS_CONTENT from legacy catalog black-background review",unchanged-protected,False,0.978417,0.984444,0.5,0.5,556x900,RGBA,canvas|caseW-high|bboxH-high,acceptable variation,4b950b02d4224c276bf84fc4981e59d0a1bc6b456e10917336c91af020d0c55c
WW791,0.979167,0.98998,0.502083,0.501002,240x499,RGBA,,canvas|caseW-high|bboxH-high,False,False,true failure,True,"canvas,caseW-high,bboxH-high; PASS_CONTENT from legacy catalog black-background review; human full-resolution review: strong perspective with looped bracelet",rerendered-and-approved,False,0.779297,0.911458,0.500000,0.500000,1024x1536,RGBA,,PASS,7a65b0dc273162491deecf71059ca8604051efaeece6e604d76c3a00c841b477
CRSRP629K1,0.617988,0.932939,0.497582,0.486193,1034x1521,RGBA,,canvas|caseW-low,False,True,acceptable variation,False,"canvas,caseW-low; PASS_CONTENT from legacy catalog black-background review",unchanged-protected,False,0.617988,0.932939,0.497582,0.486193,1034x1521,RGBA,canvas|caseW-low,acceptable variation,7c370c69cd277cc4f572b1dee104a62720d44d1320f76826301fb944bbbeea0a
CRSRP625K1,0.588063,0.935631,0.504403,0.500325,1022x1538,RGBA,,canvas|caseW-low,False,True,acceptable variation,False,"canvas,caseW-low; PASS_CONTENT from legacy catalog black-background review",unchanged-protected,False,0.588063,0.935631,0.504403,0.500325,1022x1538,RGBA,canvas|caseW-low,acceptable variation,2615b70f325f610cf5dad9bd16c8cbbc388e694595f70f5166e98e6de72edac6
CRSRP621K1,0.637695,0.953125,0.513184,0.496094,1024x1536,RGBA,,caseW-low|bboxH-high,False,True,acceptable variation,False,"caseW-low,bboxH-high; PASS_CONTENT from legacy catalog black-background review",unchanged-protected,False,0.637695,0.953125,0.513184,0.496094,1024x1536,RGBA,caseW-low|bboxH-high,acceptable variation,d4781ad6b7197a95ff0cef21a63a3d126d049829a0da8c41a27fb885bfed4e1f
CRSRP623K1,0.62793,0.960286,0.523926,0.499674,1024x1536,RGBA,,caseW-low|bboxH-high,False,True,acceptable variation,False,"caseW-low,bboxH-high; PASS_CONTENT from legacy catalog black-background review",unchanged-protected,False,0.62793,0.960286,0.523926,0.499674,1024x1536,RGBA,caseW-low|bboxH-high,acceptable variation,74b747a67eb70af56e01d462e62547e66c104f9b30905576e39a54fdc7608ccc
CRRA-AK0506S10B,0.750977,0.925781,0.510254,0.490885,1024x1536,RGBA,,,True,True,approved,False,PASS_CONTENT from legacy catalog black-background review; pending v2 candidate recheck,unchanged-protected,False,0.750977,0.925781,0.510254,0.490885,1024x1536,RGBA,,approved,1b2b070319b38974ce371331f181c2a8b93e55f355558699ef7bd08ddd65abc7
CRBN0100-42E,0.978495,0.983333,0.498208,0.499444,558x900,RGBA,,canvas|caseW-high|bboxH-high,False,False,true failure,True,"canvas,caseW-high,bboxH-high; PASS_CONTENT from legacy catalog black-background review; human full-resolution review: strong perspective with looped strap",rerendered-and-approved,False,0.780273,0.911458,0.500488,0.500000,1024x1536,RGBA,,PASS,d9f7dc7090682c5e36a15a0cc223a2ce8b3dfcf7b4aece6cd1a9ed791a6f9660
CRSRP341K1,0.858617,0.962392,0.493292,0.497842,969x1622,RGBA,,canvas|caseW-high|bboxH-high,False,True,acceptable variation,False,"canvas,caseW-high,bboxH-high; PASS_CONTENT from legacy catalog black-background review",unchanged-protected,False,0.858617,0.962392,0.493292,0.497842,969x1622,RGBA,canvas|caseW-high|bboxH-high,acceptable variation,1b45c0234aa087abe868f58c1a4395d07da2f9d0fd5bb46eb6bd3a612aad1dcc
CRNY0040-09W,0.764648,0.912109,0.486816,0.500977,1024x1536,RGBA,,,True,True,approved,False,PASS_CONTENT from legacy catalog black-background review; pending v2 candidate recheck,unchanged-protected,False,0.764648,0.912109,0.486816,0.500977,1024x1536,RGBA,,approved,b78afde5fc4f380ee16c6cb72db1518fb0c8466102b84f52412c307c14a6928d
CRGBD-200UU-1,0.975518,0.983333,0.497175,0.500556,531x900,RGBA,,canvas|caseW-high|bboxH-high,False,True,acceptable variation,False,"canvas,caseW-high,bboxH-high; PASS_CONTENT from legacy catalog black-background review",unchanged-protected,False,0.975518,0.983333,0.497175,0.500556,531x900,RGBA,canvas|caseW-high|bboxH-high,acceptable variation,482b4618684aae0dccbcffb09049bccb959e0507446f36b979dbf26c38589f01
CRSRP219J1,0.977233,0.984444,0.500876,0.501111,571x900,RGBA,,canvas|caseW-high|bboxH-high,False,False,true failure,True,"canvas,caseW-high,bboxH-high; PASS_CONTENT from legacy catalog black-background review; human full-resolution review: strong perspective with looped strap",rerendered-and-approved,False,0.780273,0.911458,0.500488,0.500000,1024x1536,RGBA,,PASS,9e189e9098510cf77aaecd5ab78bbdf8e59f90db19176876b2d7364a0bba319d
CRRA-AC0002S10B,0.792969,0.900391,0.516602,0.499674,1024x1536,RGBA,,,True,True,approved,False,PASS_CONTENT from legacy catalog black-background review; pending v2 candidate recheck,unchanged-protected,False,0.792969,0.900391,0.516602,0.499674,1024x1536,RGBA,,approved,f349ad999ca1fbd2a3cb409022cc0833ec4119ebdbd70e7a69864f50d3ecd194
CRSRPB86K1.G,0.975945,0.984444,0.5,0.501111,582x900,RGBA,,canvas|caseW-high|bboxH-high,False,False,true failure,True,"canvas,caseW-high,bboxH-high; PASS_CONTENT from legacy catalog black-background review; human full-resolution review: strong perspective with looped strap",rerendered-and-approved,False,0.780273,0.906901,0.499512,0.499674,1024x1536,RGBA,,PASS,3d9427464bb56d8f2be3fc6dc4370128549377b4a54bbc3ed29ffd362b0b9bea
CRNY0045-05EB,0.77832,0.960286,0.511719,0.497721,1024x1536,RGBA,,bboxH-high,False,True,acceptable variation,False,bboxH-high; PASS_CONTENT from legacy catalog black-background review,unchanged-protected,False,0.77832,0.960286,0.511719,0.497721,1024x1536,RGBA,bboxH-high,acceptable variation,16a02f2a2b5b1cacefc4357ceb76890be2afc7b0d29b407e9b6e4d5fd4fe46d5
CRSRP357K2,0.712891,0.949219,0.527344,0.494792,1024x1536,RGBA,,caseW-low,False,True,acceptable variation,False,caseW-low; PASS_CONTENT from legacy catalog black-background review,unchanged-protected,False,0.712891,0.949219,0.527344,0.494792,1024x1536,RGBA,caseW-low,acceptable variation,1bcb81a92f393684ed2cc0be3ebdbbc62c34b4f80faa26da1b60eb54ab291e8b
CREFR-S108D-7A,0.972973,0.983333,0.50104,0.499444,481x900,RGBA,,canvas|caseW-high|bboxH-high,False,False,true failure,True,"canvas,caseW-high,bboxH-high; PASS_CONTENT from legacy catalog black-background review; human full-resolution review: strong perspective with looped bracelet",rerendered-and-approved,False,0.779297,0.897135,0.500000,0.500000,1024x1536,RGBA,,PASS,acc242c1c9b9a9e35526a58b09407255f43c87b9f9e8a4c68e23d30144384224
CRSRPB79K1,0.923345,0.933333,0.498258,0.5,574x900,RGBA,,canvas|caseW-high,False,False,true failure,True,"canvas,caseW-high; PASS_CONTENT from legacy catalog black-background review; human full-resolution review: strong perspective with looped bracelet",rerendered-and-approved,False,0.780273,0.911458,0.499512,0.500000,1024x1536,RGBA,,PASS,a932299fdd6a2c5e374c04d1533b141ef47f3a87db977533c35a310d4e9f6f1a
CRSRPB81K1,0.977352,0.985556,0.497387,0.499444,574x900,RGBA,,canvas|caseW-high|bboxH-high,False,False,true failure,True,"canvas,caseW-high,bboxH-high; PASS_CONTENT from legacy catalog black-background review; human full-resolution review: strong perspective with looped bracelet",rerendered-and-approved,False,0.780273,0.911458,0.499512,0.500000,1024x1536,RGBA,,PASS,489170f358f826e28591a19bbd6411ffd3c93815de8c5d35a38208663a69e7b6
CRECB-10D-2A,0.97686,0.986667,0.498347,0.501111,605x900,RGBA,,canvas|caseW-high|bboxH-high,False,False,true failure,True,"canvas,caseW-high,bboxH-high; PASS_CONTENT from legacy catalog black-background review; human full-resolution review: strong perspective with looped bracelet",rerendered-and-approved,False,0.780273,0.906901,0.500488,0.500326,1024x1536,RGBA,,PASS,471b5eddbc33ed5af67dbc68cb1b9434f165fd9c4f9e9a02225a558dc9914b0b
CREFB-730D-2AV,0.57,0.9,0.5,0.5,1200x1200,RGBA,,canvas|caseW-low,False,True,acceptable variation,False,"canvas,caseW-low; PASS_CONTENT from legacy catalog black-background review",unchanged-protected,False,0.57,0.9,0.5,0.5,1200x1200,RGBA,canvas|caseW-low,acceptable variation,3ef84af28469782640c88d574c2ca29f18cb15b395d1430abbb9a0c35f63fea9
CRF20463-2,0.968858,0.985556,0.50173,0.500556,578x900,RGBA,,canvas|caseW-high|bboxH-high,False,False,true failure,True,"canvas,caseW-high,bboxH-high; PASS_CONTENT from legacy catalog black-background review; human full-resolution review: strong perspective with looped bracelet",rerendered-and-approved,False,0.781250,0.865885,0.500000,0.500000,1024x1536,RGBA,,PASS,7a6ad179844548c0bbffb83d9b0aa9961fecfd803eb7a2970228d7c43c03b631
WW790,0.971074,0.986,0.497934,0.501,242x500,RGBA,,canvas|caseW-high|bboxH-high,False,False,true failure,True,"canvas,caseW-high,bboxH-high; PASS_CONTENT from legacy catalog black-background review; human full-resolution review: strong perspective with looped bracelet",rerendered-and-approved,False,0.779297,0.911458,0.500000,0.500000,1024x1536,RGBA,,PASS,cf0a9031c25f4286f628a03f72bda29297012860ab0d81dfbf500a762d08d362
WW774,0.977629,0.987,0.5,0.5015,447x1000,RGBA,,canvas|caseW-high|bboxH-high,False,False,true failure,True,"canvas,caseW-high,bboxH-high; PASS_CONTENT from legacy catalog black-background review; human full-resolution review: strong perspective with looped bracelet",rerendered-and-approved,False,0.780273,0.911458,0.500488,0.500000,1024x1536,RGBA,,PASS,2ad80c7ea1f512f827c1fcb5f6a40dd5d71192ab79abc460f5ca9033a7f4d5a5
CREFR-S108D-1A,0.936681,0.792222,0.498908,0.499444,458x900,RGBA,,canvas|caseW-high|bboxH-low,False,False,true failure,True,"canvas,caseW-high,bboxH-low; PASS_CONTENT from legacy catalog black-background review; human full-resolution review: strong perspective with looped bracelet",rerendered-and-approved,False,0.780273,0.891276,0.500488,0.500326,1024x1536,RGBA,,PASS,97e99e49a96aa25f6d34b0e0ba49e882546548bd034d689ba9e058e3ac63bf0f
CRER24008B,0.810547,0.959635,0.49707,0.496745,1024x1536,RGBA,,bboxH-high,False,True,acceptable variation,False,bboxH-high; PASS_CONTENT from legacy catalog black-background review,unchanged-protected,False,0.810547,0.959635,0.49707,0.496745,1024x1536,RGBA,bboxH-high,acceptable variation,3a16b47ef3515bf227df63aa3bae9ff6759122ed289e1edcc3232742c61f8c33
CRSYMJ45K1,0.703125,0.922526,0.519531,0.493815,1024x1536,RGBA,,caseW-low,False,True,acceptable variation,False,caseW-low; PASS_CONTENT from legacy catalog black-background review,unchanged-protected,False,0.703125,0.922526,0.519531,0.493815,1024x1536,RGBA,caseW-low,acceptable variation,eaab622c796e7dcd3a580e99f59f1d90c50202947824e0c09f59b4d47b99de1c
CRER2400EW,0.792969,0.961589,0.492188,0.491862,1024x1536,RGBA,,bboxH-high,False,True,acceptable variation,False,bboxH-high; PASS_CONTENT from legacy catalog black-background review,unchanged-protected,False,0.792969,0.961589,0.492188,0.491862,1024x1536,RGBA,bboxH-high,acceptable variation,d498388cce0f041f2ba76c8c3c03e08cebac2ca1c8de48960b852d16055c0128
CREM75003B,0.873047,0.970703,0.5,0.500326,1024x1536,RGBA,,caseW-high|bboxH-high,False,True,acceptable variation,False,"caseW-high,bboxH-high; PASS_CONTENT from legacy catalog black-background review",unchanged-protected,False,0.873047,0.970703,0.5,0.500326,1024x1536,RGBA,caseW-high|bboxH-high,acceptable variation,a6751e3db062986ce5152c3afbc4ccc670139d194ae9b64d8a39755f8fdfd022
CRA1100D-1,0.9689,0.984444,0.498804,0.498889,418x900,RGBA,,canvas|caseW-high|bboxH-high,False,True,acceptable variation,False,"canvas,caseW-high,bboxH-high; PASS_CONTENT from legacy catalog black-background review",unchanged-protected,False,0.9689,0.984444,0.498804,0.498889,418x900,RGBA,canvas|caseW-high|bboxH-high,acceptable variation,610acc87cef63aff0bbd339485e9ae69521b819af72c6e1ae29aecb4fe35b8ff
CREFR-S108D-3A,0.968085,0.982222,0.498936,0.5,470x900,RGBA,,canvas|caseW-high|bboxH-high,False,False,true failure,True,"canvas,caseW-high,bboxH-high; PASS_CONTENT from legacy catalog black-background review; human full-resolution review: strong perspective with looped bracelet",rerendered-and-approved,False,0.779297,0.911458,0.500000,0.500000,1024x1536,RGBA,,PASS,ff40bd0bf241c0ed2d8263bb2c43626016ccd23575ce9b4a9a81a09835e26b73
CRSSC433P1,0.800781,0.901693,0.52832,0.487305,1024x1536,RGBA,,,True,True,approved,False,PASS_CONTENT from legacy catalog black-background review; pending v2 candidate recheck,unchanged-protected,False,0.800781,0.901693,0.52832,0.487305,1024x1536,RGBA,,approved,4b7b6462a8e75246d35da9b93ee2079dc30202169e46860c6b2575d9db98ce3e
CRCEM75001BR,0.979967,0.993333,0.498331,0.501111,599x900,RGBA,,canvas|caseW-high|bboxH-high,False,False,true failure,True,"canvas,caseW-high,bboxH-high; PASS_CONTENT from legacy catalog black-background review; human full-resolution review: strong perspective with looped bracelet",rerendered-and-approved,False,0.781250,0.911458,0.500000,0.500000,1024x1536,RGBA,,PASS,811e8aa3fb3749acb8cfa387452f128a478b3a0677ca913120703d42aaf16c2a
CRPRJ-B001-5,0.967241,0.982222,0.5,0.5,580x900,RGBA,,canvas|caseW-high|bboxH-high,False,False,true failure,True,"canvas,caseW-high,bboxH-high; PASS_CONTENT from legacy catalog black-background review; human full-resolution review: strong perspective with looped strap",rerendered-and-approved,False,0.779297,0.903646,0.499512,0.500000,1024x1536,RGBA,,PASS,e02e5e55b4d98f33f290dfe048d4eece02af7803e48e75705fb41845b384a49f
CRSRP619K1,0.687566,0.952751,0.51169,0.500299,941x1672,RGBA,,canvas|caseW-low|bboxH-high,False,True,acceptable variation,False,"canvas,caseW-low,bboxH-high; PASS_CONTENT from legacy catalog black-background review",unchanged-protected,False,0.687566,0.952751,0.51169,0.500299,941x1672,RGBA,canvas|caseW-low|bboxH-high,acceptable variation,1dc62d93be35da3db51cb9271a2d5099f35cf319b0460b731efc04766b29764e
CRFEM65001MW,0.796875,0.9375,0.525391,0.491536,1024x1536,RGBA,,,True,True,approved,False,PASS_CONTENT from legacy catalog black-background review; pending v2 candidate recheck,unchanged-protected,False,0.796875,0.9375,0.525391,0.491536,1024x1536,RGBA,,approved,cbd875cfaafeeae173ee34c1bcb40ae29537e3e51027260b8c2a35d9fd6d4a0c
CRFEM65006D,0.791992,0.970052,0.503418,0.494141,1024x1536,RGBA,,bboxH-high,False,True,acceptable variation,False,bboxH-high; PASS_CONTENT from legacy catalog black-background review,unchanged-protected,False,0.791992,0.970052,0.503418,0.494141,1024x1536,RGBA,bboxH-high,acceptable variation,50d5f4d842b8cbd6465f9775eda5aed6fc6b1e64b086bce77bbad05773e20f87
CRGA-2000-1A9,0.982085,0.995556,0.499186,0.502222,614x900,RGBA,,canvas|caseW-high|bboxH-high,False,True,acceptable variation,False,"canvas,caseW-high,bboxH-high; PASS_CONTENT from legacy catalog black-background review",unchanged-protected,False,0.982085,0.995556,0.499186,0.502222,614x900,RGBA,canvas|caseW-high|bboxH-high,acceptable variation,242e13d091fd1e66cd52613365c638ce10a7c09d9b01f2dfabe498ade59349ed
CRER2400BW,0.68915,0.929733,0.51173,0.497398,1023x1537,RGBA,,canvas|caseW-low,False,True,acceptable variation,False,"canvas,caseW-low; PASS_CONTENT from legacy catalog black-background review",unchanged-protected,False,0.68915,0.929733,0.51173,0.497398,1023x1537,RGBA,canvas|caseW-low,acceptable variation,5cd866bd759cc2a99ba571a29b859f0ae60b48b85117d6feffc065ec99a98524
CRER2400CN,0.771484,0.991536,0.475586,0.499023,1024x1536,RGBA,,bboxH-high,False,True,acceptable variation,False,bboxH-high; PASS_CONTENT from legacy catalog black-background review,unchanged-protected,False,0.771484,0.991536,0.475586,0.499023,1024x1536,RGBA,bboxH-high,acceptable variation,94d1b33523f35663bf38aa5c2261e7b5f237d1ed34dcd728a40cd43b64bdd2a7
CRFEM65001MV,0.798828,0.909505,0.529297,0.49707,1024x1536,RGBA,,,True,True,approved,False,PASS_CONTENT from legacy catalog black-background review; pending v2 candidate recheck,unchanged-protected,False,0.798828,0.909505,0.529297,0.49707,1024x1536,RGBA,,approved,ab62e825a0703f29a5ffaf5da5b8e22d87e6affb28ce78495020b2022d954a4a
CRFEM65004M,0.746094,0.963542,0.514648,0.49349,1024x1536,RGBA,,bboxH-high,False,True,acceptable variation,False,bboxH-high; PASS_CONTENT from legacy catalog black-background review,unchanged-protected,False,0.746094,0.963542,0.514648,0.49349,1024x1536,RGBA,bboxH-high,acceptable variation,8871c21bc7aec1d35b33ef3b34f3840a5ba449cafe424e066076c4671f52ded1
CRRF526SSB377P1,0.732422,0.955078,0.517578,0.494466,1024x1536,RGBA,,bboxH-high,False,True,acceptable variation,False,bboxH-high; PASS_CONTENT from legacy catalog black-background review,unchanged-protected,False,0.732422,0.955078,0.517578,0.494466,1024x1536,RGBA,bboxH-high,acceptable variation,05f9789f05efd0d03d19843c241fada7ea781b9544e7bfbc9e83e8a0aef44fa7
CRF20692-2,0.975288,0.985556,0.499176,0.500556,607x900,RGBA,,canvas|caseW-high|bboxH-high,False,True,acceptable variation,False,"canvas,caseW-high,bboxH-high; PASS_CONTENT from legacy catalog black-background review",unchanged-protected,False,0.975288,0.985556,0.499176,0.500556,607x900,RGBA,canvas|caseW-high|bboxH-high,acceptable variation,80c61ef523c0c5ea072c4fa7e06a6a1004928deb6729f8e2ba660c97b2f1bcbd
CRER2400JW,0.853516,0.965495,0.493164,0.499023,1024x1536,RGBA,,caseW-high|bboxH-high,False,True,acceptable variation,False,"caseW-high,bboxH-high; PASS_CONTENT from legacy catalog black-background review",unchanged-protected,False,0.853516,0.965495,0.493164,0.499023,1024x1536,RGBA,caseW-high|bboxH-high,acceptable variation,0c4e5b29c09b33b460a29f47264820285583baa11d0ec698e3342563749bad69
E79767927295,0.979899,0.983813,0.501256,0.499101,398x556,RGBA,,canvas|caseW-high|bboxH-high,False,False,true failure,True,"canvas,caseW-high,bboxH-high; PASS_CONTENT from legacy catalog black-background review; human full-resolution review: strong perspective with looped bracelet",rerendered-and-approved,False,0.780273,0.873047,0.499512,0.500326,1024x1536,RGBA,,PASS,b0c48385e51d6b626d6a399127fca5040f0b873dcfbfaf77bd0aed0dac4ce7c6
CRAR11723,0.665039,0.897135,0.500488,0.500651,1024x1536,RGBA,,caseW-low,False,True,acceptable variation,False,caseW-low; PASS_CONTENT from 424-watch black-background review,unchanged-protected,False,0.665039,0.897135,0.500488,0.500651,1024x1536,RGBA,caseW-low,acceptable variation,94a7e2882e43d304910982217c46d36398fa3fbf179864f0b9341083da489ef2
CREM1220-58X,0.695312,0.899089,0.499023,0.499674,1024x1536,RGBA,,caseW-low,False,True,acceptable variation,False,caseW-low; PASS_CONTENT from 424-watch black-background review,unchanged-protected,False,0.695312,0.899089,0.499023,0.499674,1024x1536,RGBA,caseW-low,acceptable variation,3c663e05989814cf5d40b3bc55fde9270fcf462300b6138b51a753b9b7b2401e
CRRF600SNKK98K1,0.771484,0.898438,0.499023,0.499349,1024x1536,RGBA,,,True,False,true failure,True,FAIL_CONTENT: watch is shown at a strong angle with a curved bracelet; human full-resolution review: strong perspective with looped bracelet,rerendered-and-approved,False,0.779297,0.911458,0.500000,0.500000,1024x1536,RGBA,,PASS,ddb45708a45bdf2903992eea4e0edc4ca290cb1cce6178fa9b88e0d194a67691
CRRF410SNKL28K1,0.759766,0.898438,0.5,0.5,1024x1536,RGBA,,,True,False,true failure,True,FAIL_CONTENT: watch is shown at a strong angle with a curved bracelet; human full-resolution review: strong perspective with looped bracelet,rerendered-and-approved,False,0.780273,0.911458,0.500488,0.500000,1024x1536,RGBA,,PASS,dbca800b57a440ab5b166d7ba6811bc8b56897bccc3268641d3f0b2e0508b363
CRFEM6500AM9,0.791016,0.943359,0.466797,0.484049,1024x1536,RGBA,,case-centre-x,False,True,acceptable variation,False,case-centre-x; PASS_CONTENT from legacy catalog black-background review,unchanged-protected,False,0.791016,0.943359,0.466797,0.484049,1024x1536,RGBA,case-centre-x,acceptable variation,4dbd936465c9914358b71b501af51845f4cc9677acd5aa2a0c2812604292d604
CRSRPA93J1,0.974403,0.983333,0.499147,0.499444,586x900,RGBA,,canvas|caseW-high|bboxH-high,False,False,true failure,True,"canvas,caseW-high,bboxH-high; PASS_CONTENT from legacy catalog black-background review; human full-resolution review: full-strap presentation with end hardware visible",rerendered-and-approved,False,0.780273,0.820964,0.499512,0.499674,1024x1536,RGBA,bboxH-low,PASS,f5a992979fa410e8f6b2af29455d354fff81d589134386d0f604b3f6b5cb4be4
CRU864,0.875,0.898438,0.500977,0.500651,1024x1536,RGBA,,caseW-high,False,False,true failure,True,caseW-high; PASS_CONTENT from 424-watch black-background review; human full-resolution review: strong perspective with looped bracelet,rerendered-and-approved,False,0.780273,0.908854,0.500488,0.500000,1024x1536,RGBA,,PASS,2026ab97fe505f6d26f3fa50c2a82b19754c688f80f5468a82d63f059e899dff
CRSNZ453J1,0.731445,0.962891,0.508301,0.499023,1024x1536,RGBA,,bboxH-high,False,True,acceptable variation,False,bboxH-high; PASS_CONTENT from legacy catalog black-background review,unchanged-protected,False,0.731445,0.962891,0.508301,0.499023,1024x1536,RGBA,bboxH-high,acceptable variation,b31c01e4a2b0d7abfc61037b311e853ec88dc2fdd120d2e2d35c7dc516418b92
CRGM-5600GC-1,0.728516,0.900391,0.499512,0.500326,1024x1536,RGBA,,caseW-low,False,False,true failure,True,caseW-low; PASS_CONTENT from 424-watch black-background review; human full-resolution review: strong perspective with looped strap,rerendered-and-approved,False,0.779297,0.909505,0.500000,0.500326,1024x1536,RGBA,,PASS,35c1c96078e071fccdb2b3671e0fc65072d662d8585d2898005b66d168fe807d
CR1038EF102V-WHT-V02,0.740234,0.897135,0.518555,0.500651,1024x1536,RGBA,,,True,True,approved,False,PASS_CONTENT from 424-watch black-background review; pending v2 candidate recheck,unchanged-protected,False,0.740234,0.897135,0.518555,0.500651,1024x1536,RGBA,,approved,8acc38858c4f90d26171ecc38f9263bd25e6e6683e5ab639d93f73dc3bd88c71
CR1038EF102V-ORG-V02,0.773438,0.897135,0.499512,0.5,1024x1536,RGBA,,,True,True,approved,False,PASS_CONTENT from 424-watch black-background review; pending v2 candidate recheck,unchanged-protected,False,0.773438,0.897135,0.499512,0.5,1024x1536,RGBA,,approved,a1954096c6f3628a59907424d611562a57f24037e3bac372546c6838e46b60c8
CR1038EF102V-GRN-V02,0.736328,0.897135,0.5,0.5,1024x1536,RGBA,,,True,True,approved,False,PASS_CONTENT from 424-watch black-background review; pending v2 candidate recheck,unchanged-protected,False,0.736328,0.897135,0.5,0.5,1024x1536,RGBA,,approved,e598c9c703d9b80a39bd7e5902823937a616d4148dacf6e3b9e39eb06901772d
CR1038EF102V-BLK-V02,0.769531,0.897786,0.5,0.500326,1024x1536,RGBA,,,True,True,approved,False,PASS_CONTENT from 424-watch black-background review; pending v2 candidate recheck,unchanged-protected,False,0.769531,0.897786,0.5,0.500326,1024x1536,RGBA,,approved,0bcbce76bef96c0050d064f4b120396995d17c631089a68ac9b52ae40a259459
CRAV-4011-0C,0.454102,0.906901,0.500488,0.500326,1024x1536,RGBA,,caseW-low,False,False,true failure,True,caseW-low; PASS_CONTENT from 424-watch black-background review; human full-resolution review: severely zoomed-out full-strap presentation,rerendered-and-approved,False,0.779297,0.885417,0.500000,0.500000,1024x1536,RGBA,,PASS,ee8a32c8a817a13e0133a19919f912aa4e1e6beabc2821a5171ea05274cdfb29
CREFR-574DC-2AV,0.739258,0.897135,0.499512,0.500651,1024x1536,RGBA,,,True,True,approved,False,PASS_CONTENT from 424-watch black-background review; pending v2 candidate recheck,unchanged-protected,False,0.739258,0.897135,0.499512,0.500651,1024x1536,RGBA,,approved,bdb0942a23d5ded64103a1ad0b3416a007f0e27a25d51091f179bcf3fdbc58a4
CRGA-110-1A,0.982812,0.985556,0.499219,0.500556,640x900,RGBA,,canvas|caseW-high|bboxH-high,False,True,acceptable variation,False,"canvas,caseW-high,bboxH-high; PASS_CONTENT from legacy catalog black-background review",unchanged-protected,False,0.982812,0.985556,0.499219,0.500556,640x900,RGBA,canvas|caseW-high|bboxH-high,acceptable variation,93ddb6e4a12066c5401d6b6e69a069f394ddcc36f52bf4a6d4bc79af26b5ac50
CRBN0100-26E,0.777344,0.899089,0.52832,0.495117,1024x1536,RGBA,,,True,True,approved,False,PASS_CONTENT from legacy catalog black-background review; pending v2 candidate recheck,unchanged-protected,False,0.777344,0.899089,0.52832,0.495117,1024x1536,RGBA,,approved,3b2a0966441ca4fdf4abb9d1605c9a9a487d56803e0a56ddd4300678a9e919ad
CREW2621-75M,0.677734,0.894531,0.500977,0.5,1024x1536,RGBA,,caseW-low,False,True,acceptable variation,False,caseW-low; PASS_CONTENT from 424-watch black-background review,unchanged-protected,False,0.677734,0.894531,0.500977,0.5,1024x1536,RGBA,caseW-low,acceptable variation,4aa5e4ba8269bf608de804ac9624d4f747e95606b6935ab981a7c4f94a4bc438
CREW2621-75A,0.681641,0.895833,0.499023,0.5,1024x1536,RGBA,,caseW-low,False,True,acceptable variation,False,caseW-low; PASS_CONTENT from 424-watch black-background review,unchanged-protected,False,0.681641,0.895833,0.499023,0.5,1024x1536,RGBA,caseW-low,acceptable variation,a891bd1eeac6c205fb907322218e2165dceee36a3d413f4ec5149c4578335945
WW611,0.983871,0.993636,0.499104,0.503182,558x1100,RGBA,,canvas|caseW-high|bboxH-high,False,True,acceptable variation,False,"canvas,caseW-high,bboxH-high; PASS_CONTENT from legacy catalog black-background review",unchanged-protected,False,0.983871,0.993636,0.499104,0.503182,558x1100,RGBA,canvas|caseW-high|bboxH-high,acceptable variation,6907cfc1c122c87c3bd046f2a1accd05b1508e586f5b4d8e84630439c0bab32a
CRAN3700-89Z,0.68457,0.897786,0.5,0.500326,1024x1536,RGBA,,caseW-low,False,True,acceptable variation,False,caseW-low; PASS_CONTENT from 424-watch black-background review,unchanged-protected,False,0.68457,0.897786,0.5,0.500326,1024x1536,RGBA,caseW-low,acceptable variation,bd18f235e24a0e45a974a4b9d9e564a698b43a283fe655e945f8e27aa6e6268e
CRAN8194-51L,0.777344,0.895833,0.5,0.5,1024x1536,RGBA,,,True,True,acceptable variation,False,FAIL_CONTENT: case and bracelet are visibly presented in three-quarter perspective; human full-resolution review accepted current image; metric warnings only,unchanged-protected,False,0.777344,0.895833,0.5,0.5,1024x1536,RGBA,,acceptable variation,e2caa58bc293d3905144804c25f06e0c5656a54387fcdcdabf1e82ca53e5ae56
CRRF1730SNZG13J1,0.832031,0.897786,0.500977,0.499023,1024x1536,RGBA,,caseW-high,False,False,true failure,True,caseW-high; PASS_CONTENT from 424-watch black-background review; human full-resolution review: strong perspective with looped bracelet,rerendered-and-approved,False,0.780273,0.902995,0.500488,0.500326,1024x1536,RGBA,,PASS,74b5079406286ce2d5467cfdc846c2344d1908e1ac65fa47b329f37a8d67d4d6
CRRF1688SNKL57K1,0.750977,0.904297,0.5,0.496419,1024x1536,RGBA,,,True,False,true failure,True,FAIL_CONTENT: watch is shown at a strong angle; human full-resolution review: strong perspective with looped bracelet,rerendered-and-approved,False,0.780273,0.911458,0.500488,0.500000,1024x1536,RGBA,,PASS,52e8739ce2e34bec01a7c8f4007b82f955758e111d299d46d3e6e283a4850a6a
CRRF1613SNXS79J1,0.717773,0.894531,0.499512,0.500651,1024x1536,RGBA,,caseW-low,False,False,true failure,True,caseW-low; PASS_CONTENT from 424-watch black-background review; human full-resolution review: strong perspective with looped bracelet,rerendered-and-approved,False,0.780273,0.911458,0.499512,0.500000,1024x1536,RGBA,,PASS,0f8c521286bb84057c3adb20ff35b32a486324c81ad70abbefb52a0d4bb776f3
CRRF1292SNXS80K1,0.689453,0.897135,0.500488,0.5,1024x1536,RGBA,,caseW-low,False,False,true failure,True,caseW-low; PASS_CONTENT from 424-watch black-background review; human full-resolution review: strong perspective with looped bracelet,rerendered-and-approved,False,0.780273,0.911458,0.500000,0.500000,1024x1536,RGBA,,PASS,df329b0edcb23ff7e50482ebff6e6504487b7d4376597bb5e66c89f82d8ba426
CRRF1136SNKN55J1,0.807617,0.895833,0.499512,0.5,1024x1536,RGBA,,,True,False,true failure,True,FAIL_CONTENT: watch is shown at a strong angle; human full-resolution review: strong perspective with looped bracelet,rerendered-and-approved,False,0.781250,0.873047,0.500000,0.500326,1024x1536,RGBA,,PASS,79b67627cf284117409215a38d34de1aa0acb487cacd78e3312f2b907e6206fe
CREFR-539DE-2AV,0.87793,0.895833,0.499512,0.5,1024x1536,RGBA,,caseW-high,False,True,acceptable variation,False,caseW-high; PASS_CONTENT from 424-watch black-background review,unchanged-protected,False,0.87793,0.895833,0.499512,0.5,1024x1536,RGBA,caseW-high,acceptable variation,a063f3d6f2044e2c04f9f2f3803b73f53ed78da817b61c573024779d93d9b020
CRFAC00007W0,0.974775,0.984444,0.498198,0.5,555x900,RGBA,,canvas|caseW-high|bboxH-high,False,False,true failure,True,"canvas,caseW-high,bboxH-high; PASS_CONTENT from legacy catalog black-background review; human full-resolution review: strong perspective with looped strap",rerendered-and-approved,False,0.780273,0.911458,0.500488,0.500000,1024x1536,RGBA,,PASS,2f2d0b4097953fda6e71dab06432581388ed7524a60e8e14c5d794931dfae3ac
CRDW-5000R-1A,0.8125,0.897786,0.499023,0.500977,1024x1536,RGBA,,,True,True,approved,False,PASS_CONTENT from 424-watch black-background review; pending v2 candidate recheck,unchanged-protected,False,0.8125,0.897786,0.499023,0.500977,1024x1536,RGBA,,approved,43a4a3aa1715053703bc8f70e0de4a05bc9d0f67402e08989191669d17d87616
CREP6040-02E,0.760742,0.963542,0.52002,0.498698,1024x1536,RGBA,,bboxH-high,False,True,acceptable variation,False,bboxH-high; PASS_CONTENT from legacy catalog black-background review,unchanged-protected,False,0.760742,0.963542,0.52002,0.498698,1024x1536,RGBA,bboxH-high,acceptable variation,b1e5f32fbd25a1e1d2011d865c30d02bb676a414714f2329d299bee74f2724ff
CRGA-2100-1A2,0.978022,0.986667,0.5,0.498889,546x900,RGBA,,canvas|caseW-high|bboxH-high,False,True,acceptable variation,False,"canvas,caseW-high,bboxH-high; PASS_CONTENT from legacy catalog black-background review",unchanged-protected,False,0.978022,0.986667,0.5,0.498889,546x900,RGBA,canvas|caseW-high|bboxH-high,acceptable variation,be6a9d8a0d51c88a61e471b528c8cb2383bd4db49bc196bdb10d6d1295d77067
CRSRP635K1,0.469758,0.967844,0.491935,0.500315,992x1586,RGBA,,canvas|caseW-low|bboxH-high,False,False,true failure,True,"canvas,caseW-low,bboxH-high; PASS_CONTENT from legacy catalog black-background review; human full-resolution review: severely zoomed-out full-strap presentation",rerendered-and-approved,False,0.780273,0.867188,0.500488,0.500000,1024x1536,RGBA,,PASS,50534aed8e8a17730259c1c9ad83a3e991fba107c07def5c1e388ce41bf21002
CRRF1527SNKL86K1,0.733398,0.897786,0.499512,0.500326,1024x1536,RGBA,,,True,False,true failure,True,FAIL_CONTENT: watch is shown at a strong angle; human full-resolution review: strong perspective with looped bracelet,rerendered-and-approved,False,0.779297,0.911458,0.500000,0.500000,1024x1536,RGBA,,PASS,e48270dca202a3a1db59b1b013d7c81d63767122de9a8b6ea7cec83f456a3bab
CRRF1122SNK366K1,0.759766,0.893229,0.490723,0.503255,1024x1536,RGBA,,,True,False,true failure,True,FAIL_CONTENT: watch is shown at a strong angle; human full-resolution review: strong perspective with looped bracelet,rerendered-and-approved,False,0.780273,0.911458,0.499512,0.500000,1024x1536,RGBA,,PASS,59a27f2280bd56610c557b55fa845371e19c6d8be0bc895773f078868d858ab2
CRRF209-SNKK84K1,0.694336,0.911458,0.5,0.5,1024x1536,RGBA,,caseW-low,False,False,true failure,True,caseW-low; PASS_CONTENT from 424-watch black-background review; human full-resolution review: strong perspective with looped bracelet,rerendered-and-approved,False,0.780273,0.911458,0.500000,0.500000,1024x1536,RGBA,,PASS,8a9a7fb60af0e322a75031918b29d047b3de722de8ba20ff0b95d4f7f1feefc6
CREQS-940NL-1A,0.798828,0.897786,0.499023,0.499023,1024x1536,RGBA,,,True,False,true failure,True,PASS_CONTENT from 424-watch black-background review; pending v2 candidate recheck; human full-resolution review: strong perspective with looped strap,rerendered-and-approved,False,0.780273,0.876953,0.500488,0.499674,1024x1536,RGBA,,PASS,459816788d2e4375d775a4617e0b737dcb097162c74503c20d4852d802fc468d
CRBGA-290FL-7A,0.974315,0.984444,0.500856,0.501111,584x900,RGBA,,canvas|caseW-high|bboxH-high,False,True,acceptable variation,False,"canvas,caseW-high,bboxH-high; PASS_CONTENT from legacy catalog black-background review",unchanged-protected,False,0.974315,0.984444,0.500856,0.501111,584x900,RGBA,canvas|caseW-high|bboxH-high,acceptable variation,ed644a3e0a109ce141e966fb55c6605002e9efb4cf35361fe7588bc5e7e1b63a
CRGA-2100-1A,0.97307,0.985556,0.499102,0.500556,557x900,RGBA,,canvas|caseW-high|bboxH-high,False,True,acceptable variation,False,"canvas,caseW-high,bboxH-high; PASS_CONTENT from legacy catalog black-background review",unchanged-protected,False,0.97307,0.985556,0.499102,0.500556,557x900,RGBA,canvas|caseW-high|bboxH-high,acceptable variation,093efde3d96df3b91df6b80c04620696d1bd711511d34ef8068263390e5ac2a7
CRSAB0C006B9,0.710938,0.951172,0.489258,0.496419,1024x1536,RGBA,,caseW-low|bboxH-high,False,True,acceptable variation,False,"caseW-low,bboxH-high; PASS_CONTENT from legacy catalog black-background review",unchanged-protected,False,0.710938,0.951172,0.489258,0.496419,1024x1536,RGBA,caseW-low|bboxH-high,acceptable variation,2c75c9145dbad6de808422f0a1386d2c8acc64ed247e1792f50129f7d08b952e
CRGA-2100-7A7,0.914591,0.983333,0.50089,0.500556,562x900,RGBA,,canvas|caseW-high|bboxH-high,False,False,true failure,True,"canvas,caseW-high,bboxH-high; PASS_CONTENT from legacy catalog black-background review; human full-resolution review: strong perspective with looped strap",rerendered-and-approved,False,0.780273,0.876953,0.500488,0.500326,1024x1536,RGBA,,PASS,2d3f79986baebddbc82106d1ac4588670d4d685eaf92d07e179cca66097fe8dc
CRGA-2100-1A1,0.76,0.963889,0.5,0.5,1200x1440,RGBA,,canvas|bboxH-high,False,True,acceptable variation,False,"canvas,bboxH-high; PASS_CONTENT from legacy catalog black-background review",unchanged-protected,False,0.76,0.963889,0.5,0.5,1200x1440,RGBA,canvas|bboxH-high,acceptable variation,219dd57f8ca5efdb248dd4bddecb88fbefe4b0c70d782663bff9337689f4a245
CRFS6155,0.783203,0.896484,0.5,0.499674,1024x1536,RGBA,,,True,True,approved,False,PASS_CONTENT from 424-watch black-background review; pending v2 candidate recheck,unchanged-protected,False,0.783203,0.896484,0.5,0.499674,1024x1536,RGBA,,approved,010326ce5f73e00ee84311fe28da6b34b4c5020b36d6fe1781e1acaffee46fb3
CRFS6154,0.775391,0.899089,0.500977,0.499674,1024x1536,RGBA,,,True,True,approved,False,PASS_CONTENT from 424-watch black-background review; pending v2 candidate recheck,unchanged-protected,False,0.775391,0.899089,0.500977,0.499674,1024x1536,RGBA,,approved,543a62b41eef4b1f3dd67957bc8f68e85e3560f42c55c03fa57b79931997853d
CRAW1880-55X,0.791016,0.897135,0.499023,0.499349,1024x1536,RGBA,,,True,True,approved,False,PASS_CONTENT from 424-watch black-background review; pending v2 candidate recheck,unchanged-protected,False,0.791016,0.897135,0.499023,0.499349,1024x1536,RGBA,,approved,3a9d311de8f5fbad67dd7b5c3d2dbd790aff055fc0be3c5603da2c7c76a35d86
CRERA-130D-3A,0.782227,0.897786,0.500488,0.500977,1024x1536,RGBA,,,True,True,approved,False,PASS_CONTENT from 424-watch black-background review; pending v2 candidate recheck,unchanged-protected,False,0.782227,0.897786,0.500488,0.500977,1024x1536,RGBA,,approved,6d0f0d2cb94a3ccb6ac58b5e77b6e27a130ed18ac7c7c76c48fea2805da96abf
CRERA-130D-1A,0.777344,0.896484,0.5,0.500326,1024x1536,RGBA,,,True,True,approved,False,PASS_CONTENT from 424-watch black-background review; pending v2 candidate recheck,unchanged-protected,False,0.777344,0.896484,0.5,0.500326,1024x1536,RGBA,,approved,0878a951da0a6ad6159298e7fe019db88e03f0d4f79a5d7d5b273b2686f91e30
CRAW1881-52L,0.78125,0.897786,0.499023,0.500977,1024x1536,RGBA,,,True,True,approved,False,PASS_CONTENT from 424-watch black-background review; pending v2 candidate recheck,unchanged-protected,False,0.78125,0.897786,0.499023,0.500977,1024x1536,RGBA,,approved,4ba0b37bc1e7c672e8f6a2a68d3f0021816625100a780829f41d4ae09cb825c0
CRRF1740SNXS73K1,0.696289,0.897786,0.500488,0.499674,1024x1536,RGBA,,caseW-low,False,True,acceptable variation,False,caseW-low; PASS_CONTENT from 424-watch black-background review,unchanged-protected,False,0.696289,0.897786,0.500488,0.499674,1024x1536,RGBA,caseW-low,acceptable variation,3c3ae59ee964a14197bc43f928e96dd01cee7a7e5796eff108532c7b46d19980
CRRF1728SNK567J1,0.661133,0.895833,0.500977,0.5,1024x1536,RGBA,,caseW-low,False,False,true failure,True,caseW-low; PASS_CONTENT from 424-watch black-background review; human full-resolution review: strong perspective with looped bracelet,rerendered-and-approved,False,0.779297,0.911458,0.500000,0.500000,1024x1536,RGBA,,PASS,adbffd07a79df4472085eeb1d027d2fc584c261372291c35dd5f3822f3fd2a6b
CRRF1725SNKE01K1,0.682617,0.895833,0.499023,0.5,1024x1536,RGBA,,caseW-low,False,False,true failure,True,caseW-low; PASS_CONTENT from 424-watch black-background review; human full-resolution review: strong perspective with looped bracelet,rerendered-and-approved,False,0.781250,0.911458,0.500000,0.500000,1024x1536,RGBA,,PASS,95fdbbb660042bdf9e3868dc044759daa4342cc86bc4a6098a8f098df9efa758
CRRF1670SNKC51J1,0.616211,0.897135,0.498535,0.5,1024x1536,RGBA,,caseW-low,False,False,true failure,True,caseW-low; PASS_CONTENT from 424-watch black-background review; human full-resolution review: strong perspective with looped bracelet,rerendered-and-approved,False,0.778320,0.911458,0.500000,0.500000,1024x1536,RGBA,,PASS,5bd9fb0f205126fd86033e4b69e790c61d0ecd633ad7dcd7548d7e6178a12de5
CRRF1598SNKE57J1,0.787109,0.897135,0.499023,0.5,1024x1536,RGBA,,,True,False,true failure,True,FAIL_CONTENT: watch is shown at a strong angle; human full-resolution review: strong perspective with looped bracelet,rerendered-and-approved,False,0.781250,0.911458,0.500000,0.500000,1024x1536,RGBA,,PASS,9736339005a7f6196f1378f4e8aacda59aec2f065fc13ddb70ed1bdadc6d66a5
CRRF1533SNKD99K1,0.675781,0.896484,0.5,0.500326,1024x1536,RGBA,,caseW-low,False,False,true failure,True,caseW-low; PASS_CONTENT from 424-watch black-background review; human full-resolution review: strong perspective with looped bracelet,rerendered-and-approved,False,0.780273,0.911458,0.500000,0.500000,1024x1536,RGBA,,PASS,581de074464687eb5334e5667cc25744251e52d7326a9b3722c5b74766ff5822
CREM0411-71A,0.704102,0.895833,0.498535,0.5,1024x1536,RGBA,,caseW-low,False,True,acceptable variation,False,caseW-low; PASS_CONTENT from 424-watch black-background review,unchanged-protected,False,0.704102,0.895833,0.498535,0.5,1024x1536,RGBA,caseW-low,acceptable variation,cbafc6cebc7360f9d6a4f33884f998fe7020f4346311bd8c39db4f78c270ca8f
CRGM-2110SH-7A,0.823242,0.896484,0.499512,0.499674,1024x1536,RGBA,,,True,True,approved,False,PASS_CONTENT from 424-watch black-background review; pending v2 candidate recheck,unchanged-protected,False,0.823242,0.896484,0.499512,0.499674,1024x1536,RGBA,,approved,c8d7a4e90bcb6c8a75dfc5ef658d300497074cd54dbd27413c18b6b2cc1d964a
CRRF701SNK563J1,0.662109,0.895833,0.5,0.5,1024x1536,RGBA,,caseW-low,False,False,true failure,True,caseW-low; PASS_CONTENT from 424-watch black-background review; human full-resolution review: strong perspective with looped bracelet,rerendered-and-approved,False,0.779297,0.911458,0.500000,0.500000,1024x1536,RGBA,,PASS,6843ad3d86360580ac097d3bcd88d652766e12cc578d8a2c2103b7dcd40a954f
CRRF446SNK375J1,0.647461,0.895833,0.500488,0.5,1024x1536,RGBA,,caseW-low,False,False,true failure,True,caseW-low; PASS_CONTENT from 424-watch black-background review; human full-resolution review: strong perspective with looped bracelet,rerendered-and-approved,False,0.780273,0.911458,0.500488,0.500000,1024x1536,RGBA,,PASS,1954851c751a2e83ab82a9552721acf6786b1e9ecc1736a50b3a342cd7a6320e
CRRF210-SNKC51J1,0.616211,0.897135,0.498535,0.5,1024x1536,RGBA,,caseW-low,False,True,acceptable variation,False,caseW-low; PASS_CONTENT from 424-watch black-background review,unchanged-protected,False,0.616211,0.897135,0.498535,0.5,1024x1536,RGBA,caseW-low,acceptable variation,0e8f2f24819ab1820070f9a41a2b51dbd1ef5258e7335911b3aff8a2b76496ff
CRES5323,0.541992,0.897786,0.5,0.500977,1024x1536,RGBA,,caseW-low,False,True,acceptable variation,False,caseW-low; PASS_CONTENT from 424-watch black-background review,unchanged-protected,False,0.541992,0.897786,0.5,0.500977,1024x1536,RGBA,caseW-low,acceptable variation,e338b0ed544e72fbe7b27a9e2b583c9f2b5795f04367dd9862bf0ba9e814a715
CRU579,0.868164,0.897135,0.499512,0.5,1024x1536,RGBA,,caseW-high,False,False,true failure,True,caseW-high; PASS_CONTENT from 424-watch black-background review; human full-resolution review: strong perspective with looped bracelet,rerendered-and-approved,False,0.779297,0.886068,0.500488,0.499674,1024x1536,RGBA,,PASS,16c4d69648b98130e9bf40ca7f0d6e2cff81acb6dff02d263bf93b4d2ae52ec3
CRSNKC51J1,0.616211,0.897135,0.498535,0.5,1024x1536,RGBA,,caseW-low,False,False,true failure,True,caseW-low; PASS_CONTENT from 424-watch black-background review; human full-resolution review: strong perspective with looped bracelet,rerendered-and-approved,False,0.779297,0.911458,0.500000,0.500000,1024x1536,RGBA,,PASS,9728ab54db66d10eb9cb806bae3778b0b224e7f7f4b9903dcf0079e3fc403081
CRSRP750K1,0.813477,0.951172,0.524902,0.497721,1024x1536,RGBA,,bboxH-high,False,True,acceptable variation,False,bboxH-high; PASS_CONTENT from legacy catalog black-background review,unchanged-protected,False,0.813477,0.951172,0.524902,0.497721,1024x1536,RGBA,bboxH-high,acceptable variation,05114330f7766e74f45524746cd7d607d94d87c186553a417796f95f618be7d5
CRER2400KA,0.758789,0.932943,0.513184,0.492513,1024x1536,RGBA,,,True,True,approved,False,PASS_CONTENT from legacy catalog black-background review; pending v2 candidate recheck,unchanged-protected,False,0.758789,0.932943,0.513184,0.492513,1024x1536,RGBA,,approved,684c203a1a5fc3ce7cedc4896a1ef20cc11bfc471841db80b47291cf53f6b101
CRU578,0.799805,0.897786,0.500488,0.500977,1024x1536,RGBA,,,True,False,true failure,True,FAIL_CONTENT: watch is shown at a strong angle; human full-resolution review: strong perspective with looped bracelet,rerendered-and-approved,False,0.780273,0.911458,0.500488,0.500000,1024x1536,RGBA,,PASS,c0f69763f63121f6c24fafb38bd4ad6ca3806e71ba3ece26a9cfefd147244559
CRRF1683SNXS79K1,0.792969,0.898438,0.5,0.500651,1024x1536,RGBA,,,True,False,true failure,True,FAIL_CONTENT: watch is shown at a strong angle; human full-resolution review: strong perspective with looped bracelet,rerendered-and-approved,False,0.779297,0.911458,0.500488,0.500000,1024x1536,RGBA,,PASS,20b24e153213a0db9f91f6217dd04ffb69a3c13883550118bba3ced949b8db5c
CRRF1214GBD-300-7,0.817383,0.898438,0.499512,0.499349,1024x1536,RGBA,,,True,True,approved,False,PASS_CONTENT from 424-watch black-background review; pending v2 candidate recheck,unchanged-protected,False,0.817383,0.898438,0.499512,0.499349,1024x1536,RGBA,,approved,dc9dd643665475f18ae5f9373b41037fef3083d40e02f7f68c875623d21620bf
CRRF1129SYMK44K1,0.573242,0.908203,0.499512,0.499674,1024x1536,RGBA,,caseW-low,False,True,acceptable variation,False,caseW-low; PASS_CONTENT from 424-watch black-background review,unchanged-protected,False,0.573242,0.908203,0.499512,0.499674,1024x1536,RGBA,caseW-low,acceptable variation,1bc6b67e441d967f5e40fdba27e2362cab7b2be573926caaeb79a47c5c76d49c
CRRF1004NR1Q003W0,0.87793,0.852214,0.499512,0.499674,1024x1536,RGBA,,caseW-high,False,False,true failure,True,caseW-high; PASS_CONTENT from 424-watch black-background review; human full-resolution review: strong perspective with full looped strap,rerendered-and-approved,False,0.780273,0.911458,0.499512,0.500000,1024x1536,RGBA,,PASS,987458c6c0ed6f903e8720bdfdd50df12015b7d305c8c3900e69dcc107f4e53a
CRGBD-300-7,0.817383,0.898438,0.499512,0.499349,1024x1536,RGBA,,,True,True,approved,False,PASS_CONTENT from 424-watch black-background review; pending v2 candidate recheck,unchanged-protected,False,0.817383,0.898438,0.499512,0.499349,1024x1536,RGBA,,approved,dc9dd643665475f18ae5f9373b41037fef3083d40e02f7f68c875623d21620bf
CRGBD-300-1,0.818359,0.897135,0.5,0.499349,1024x1536,RGBA,,,True,True,approved,False,PASS_CONTENT from 424-watch black-background review; pending v2 candidate recheck,unchanged-protected,False,0.818359,0.897135,0.5,0.499349,1024x1536,RGBA,,approved,b480f8401d7eabdb04dc6c38105a2a197e25e080b17be00acc7abf4f56526dc5
CRBM7620-83M,0.680664,0.897786,0.499512,0.499023,1024x1536,RGBA,,caseW-low,False,True,acceptable variation,False,caseW-low; PASS_CONTENT from 424-watch black-background review,unchanged-protected,False,0.680664,0.897786,0.499512,0.499023,1024x1536,RGBA,caseW-low,acceptable variation,19bf08a184e5607ecea265ea8c5858ab5739abcb282f48344b6560cbe313ac33
CRAN3660-73X,0.676758,0.898438,0.500488,0.499349,1024x1536,RGBA,,caseW-low,False,True,acceptable variation,False,caseW-low; PASS_CONTENT from 424-watch black-background review,unchanged-protected,False,0.676758,0.898438,0.500488,0.499349,1024x1536,RGBA,caseW-low,acceptable variation,332b01b71f02449022912d0e74fd9da61ecff46c40f7ee0e3091d37151dd59c0
CRF20698-2,0.802734,0.898438,0.499023,0.5,1024x1536,RGBA,,,True,True,approved,False,PASS_CONTENT from 424-watch black-background review; pending v2 candidate recheck,unchanged-protected,False,0.802734,0.898438,0.499023,0.5,1024x1536,RGBA,,approved,3461f7cf5f5990e9c87b6f331d708a9ae506832df9f12e28c45c8214637a4563
CRFAC0000BW0,0.689453,0.891276,0.514648,0.496419,1024x1536,RGBA,,caseW-low,False,True,acceptable variation,False,caseW-low; PASS_CONTENT from legacy catalog black-background review,unchanged-protected,False,0.689453,0.891276,0.514648,0.496419,1024x1536,RGBA,caseW-low,acceptable variation,d3f741e62c422af413c84ca19d764b4d08b25aab22de44eab3b6a56b04a09c31
CRF16820-4,0.975143,0.983333,0.499044,0.500556,523x900,RGBA,,canvas|caseW-high|bboxH-high,False,True,acceptable variation,False,"canvas,caseW-high,bboxH-high; PASS_CONTENT from legacy catalog black-background review",unchanged-protected,False,0.975143,0.983333,0.499044,0.500556,523x900,RGBA,canvas|caseW-high|bboxH-high,acceptable variation,972aaf3fb79940295dffdbed328fa1b1fdfa9820216d4fd785a65e031e2e550b
CRBA-110XBE-7A,0.975567,0.985556,0.5,0.499444,573x900,RGBA,,canvas|caseW-high|bboxH-high,False,True,acceptable variation,False,"canvas,caseW-high,bboxH-high; PASS_CONTENT from legacy catalog black-background review",unchanged-protected,False,0.975567,0.985556,0.5,0.499444,573x900,RGBA,canvas|caseW-high|bboxH-high,acceptable variation,9e449f23a0495493913b116a10167c14b2d0bd9adaac2921c82e5789f634c32a
CREFB-710SG-2AV,0.726562,0.895833,0.499023,0.5,1024x1536,RGBA,,caseW-low,False,True,acceptable variation,False,caseW-low; PASS_CONTENT from 424-watch black-background review,unchanged-protected,False,0.726562,0.895833,0.499023,0.5,1024x1536,RGBA,caseW-low,acceptable variation,42090f831bf7a0caaf906b87b9b5463d79f3524092d963cd5010e5651bf39c7e
CREFB-710SG-1AV,0.730469,0.897786,0.500977,0.500326,1024x1536,RGBA,,,True,True,approved,False,PASS_CONTENT from 424-watch black-background review; pending v2 candidate recheck,unchanged-protected,False,0.730469,0.897786,0.500977,0.500326,1024x1536,RGBA,,approved,03cc21de9bd21570fd04b098032ac0da18da82231fa304428a9a1c82454558cc
CREM70004W,0.766602,0.961589,0.501465,0.496419,1024x1536,RGBA,,bboxH-high,False,True,acceptable variation,False,bboxH-high; PASS_CONTENT from legacy catalog black-background review,unchanged-protected,False,0.766602,0.961589,0.501465,0.496419,1024x1536,RGBA,bboxH-high,acceptable variation,b2589be26243972206daed64f5a4eca6cfa62d51c35e611646807cc3ad7c4621
CREFR-575D-4A,0.724609,0.897786,0.499023,0.499674,1024x1536,RGBA,,caseW-low,False,True,acceptable variation,False,caseW-low; PASS_CONTENT from 424-watch black-background review,unchanged-protected,False,0.724609,0.897786,0.499023,0.499674,1024x1536,RGBA,caseW-low,acceptable variation,3e4374817e958472fd869e3fc796625f25b66c987e0a45260c2c0798ad3cfe18
WW610,0.985401,1.0,0.5,0.5,548x1100,RGBA,,canvas|caseW-high|bboxH-high,False,False,true failure,True,"canvas,caseW-high,bboxH-high; PASS_CONTENT from legacy catalog black-background review; human full-resolution review: strong perspective with looped bracelet",rerendered-and-approved,False,0.780273,0.911458,0.499512,0.500000,1024x1536,RGBA,,PASS,0717bfc7e4a31b47e546be3f68dee3fc9e493842efdf86d3c681e44089131642
CRG-7900-1D,0.979066,0.984444,0.5,0.498889,621x900,RGBA,,canvas|caseW-high|bboxH-high,False,True,acceptable variation,False,"canvas,caseW-high,bboxH-high; PASS_CONTENT from legacy catalog black-background review",unchanged-protected,False,0.979066,0.984444,0.5,0.498889,621x900,RGBA,canvas|caseW-high|bboxH-high,acceptable variation,ec54fe1afd3fa91015812f356473f2c394918340232544b07a207295fe85cf58
CRES5485,0.387695,0.891276,0.510254,0.50293,1024x1536,RGBA,,caseW-low,False,True,acceptable variation,False,caseW-low; PASS_CONTENT from 424-watch black-background review,unchanged-protected,False,0.387695,0.891276,0.510254,0.50293,1024x1536,RGBA,caseW-low,acceptable variation,50fe7ea6558ddbc5ee7686fbe94b9c0914003c626c1825d03422ff1e72dd5961
CRF20668-5,0.87207,0.906901,0.500488,0.499674,1024x1536,RGBA,,caseW-high,False,True,acceptable variation,False,caseW-high; PASS_CONTENT from 424-watch black-background review,unchanged-protected,False,0.87207,0.906901,0.500488,0.499674,1024x1536,RGBA,caseW-high,acceptable variation,feadbfc8e5f2b77e79dea9e9e94e1e7812e1ae912fdae853e1c6cf7cc7444373
CRR3253518513,0.640625,0.904297,0.498047,0.499674,1024x1536,RGBA,,caseW-low,False,False,true failure,True,caseW-low; PASS_CONTENT from 424-watch black-background review; human full-resolution review: strong perspective with looped mesh bracelet,rerendered-and-approved,False,0.780273,0.911458,0.499512,0.500000,1024x1536,RGBA,,PASS,33ba9cc2db0c5da4f1715fbbd4d04bb32d44082b9f7aabec55e6d6df91973ced
CRRF1558SNKK94K1,0.748047,0.73112,0.452148,0.508789,1024x1536,RGBA,,bboxH-low|case-centre-x,False,False,true failure,True,"bboxH-low,case-centre-x; PASS_CONTENT from 424-watch black-background review; human full-resolution review: strong side-facing presentation with looped bracelet",rerendered-and-approved,False,0.779297,0.911458,0.500000,0.500000,1024x1536,RGBA,,PASS,aeb0f5bbcb6d550424c28e0f5dddd054e45e6c1de5dca5be3e81deb384b99ba9
CRRF1438SNKL58K1,0.751953,0.899089,0.499023,0.499674,1024x1536,RGBA,,,True,False,true failure,True,FAIL_CONTENT: watch is shown at a strong angle; human full-resolution review: strong perspective with looped bracelet,rerendered-and-approved,False,0.780273,0.911458,0.500000,0.500000,1024x1536,RGBA,,PASS,ef24df4e6417ef682815c8778d328c6443739eb92ceb7e64ed998bbbdc3caa66
CRRF1398MTP-E510D-1A1V,0.883789,0.890625,0.499512,0.499349,1024x1536,RGBA,,caseW-high,False,True,acceptable variation,False,caseW-high; PASS_CONTENT from 424-watch black-background review,unchanged-protected,False,0.883789,0.890625,0.499512,0.499349,1024x1536,RGBA,caseW-high,acceptable variation,045b293a5724bf1ee79b6bf960e34225ef4a2fc3200e6634b7ebfd5df3552d2e
CRGM-S2110-1A7,0.753906,0.896484,0.5,0.500326,1024x1536,RGBA,,,True,True,approved,False,PASS_CONTENT from 424-watch black-background review; pending v2 candidate recheck,unchanged-protected,False,0.753906,0.896484,0.5,0.500326,1024x1536,RGBA,,approved,1a9b64da9a2a629293af9cd53f278548baa7fb75b8dc3092fdb4009d8dfb6c4c
CRGM-S2110-1A1,0.754883,0.897786,0.499512,0.499023,1024x1536,RGBA,,,True,True,approved,False,PASS_CONTENT from 424-watch black-background review; pending v2 candidate recheck,unchanged-protected,False,0.754883,0.897786,0.499512,0.499023,1024x1536,RGBA,,approved,c901f2398a55b09dd2ed5c5f88be558d118451d35d00fbad506c225a81fc83c5
CRRF378GA-700-1B,0.881836,0.775391,0.500488,0.499674,1024x1536,RGBA,,caseW-high|bboxH-low,False,False,true failure,True,"caseW-high,bboxH-low; PASS_CONTENT from 424-watch black-background review; human full-resolution review: strong perspective with looped strap",rerendered-and-approved,False,0.781250,0.878906,0.500000,0.500000,1024x1536,RGBA,,PASS,c7eb97a44eaff24bebc1908a89c54187f844602ec37d0e3cd9e3e9ab4003d68a
CRMTP-B195D-3AV,0.666992,0.895833,0.499023,0.5,1024x1536,RGBA,,caseW-low,False,True,acceptable variation,False,caseW-low; PASS_CONTENT from 424-watch black-background review,unchanged-protected,False,0.666992,0.895833,0.499023,0.5,1024x1536,RGBA,caseW-low,acceptable variation,f512386858ad2926d9ac8a668d62a8a155a03f617c4a6419eaaac94cc828838a
CRMTP-B195D-2AV,0.669922,0.895833,0.5,0.5,1024x1536,RGBA,,caseW-low,False,True,acceptable variation,False,caseW-low; PASS_CONTENT from 424-watch black-background review,unchanged-protected,False,0.669922,0.895833,0.5,0.5,1024x1536,RGBA,caseW-low,acceptable variation,7e5cbd1df5d25e514ff8350d144b94715d3b0ecddae7e81e4521d1bd03cbddc0
CRMTP-B195D-1AV,0.671875,0.896484,0.5,0.499674,1024x1536,RGBA,,caseW-low,False,True,acceptable variation,False,caseW-low; PASS_CONTENT from 424-watch black-background review,unchanged-protected,False,0.671875,0.896484,0.5,0.499674,1024x1536,RGBA,caseW-low,acceptable variation,34bea086f56dd0658223dd58dd30566790e473645f74e02ec8138fc45d59e9ea
CRAN8230-59E,0.776367,0.897786,0.499512,0.500326,1024x1536,RGBA,,,True,True,approved,False,PASS_CONTENT from 424-watch black-background review; pending v2 candidate recheck,unchanged-protected,False,0.776367,0.897786,0.499512,0.500326,1024x1536,RGBA,,approved,10a6000520d9316d853c2eedfadb73f8eb32bf78b3a2a8de5c8efcdebd0a0ed2
CRMTP-B190D-7BV,0.540039,0.897135,0.499512,0.5,1024x1536,RGBA,,caseW-low,False,True,acceptable variation,False,caseW-low; PASS_CONTENT from 424-watch black-background review,unchanged-protected,False,0.540039,0.897135,0.499512,0.5,1024x1536,RGBA,caseW-low,acceptable variation,0225d9760e77ae9a1bdddd77158f31a9a41db8cd25a0a28732dc4ad87ddccf5b
CRMTP-B190D-1BV,0.540039,0.897135,0.499512,0.499349,1024x1536,RGBA,,caseW-low,False,True,acceptable variation,False,caseW-low; PASS_CONTENT from 424-watch black-background review,unchanged-protected,False,0.540039,0.897135,0.499512,0.499349,1024x1536,RGBA,caseW-low,acceptable variation,da199cbd1e4d0d1855275fb8473ed0a29cfcd3a08b26b8d47f56d1ee0105ed9b
CREFB-730D-7AV,0.664062,0.895833,0.492676,0.5,1024x1536,RGBA,,caseW-low,False,True,acceptable variation,False,caseW-low; PASS_CONTENT from 424-watch black-background review,unchanged-protected,False,0.664062,0.895833,0.492676,0.5,1024x1536,RGBA,caseW-low,acceptable variation,6c3c78681a4f314803b5150fb443ceac1b2ee7664b3ae199df783bdf4a5ff83c
CRRF1283GA-2000S-1,0.870117,0.724609,0.499512,0.499674,1024x1536,RGBA,,caseW-high|bboxH-low,False,False,true failure,True,"caseW-high,bboxH-low; PASS_CONTENT from 424-watch black-background review; human full-resolution review: strong perspective with full looped strap",rerendered-and-approved,False,0.781250,0.876953,0.500000,0.500326,1024x1536,RGBA,,PASS,c9615ec630f1d2ebd64a904f91de9b557c204d9d946ef595bb25b6dcfbe55ca8
CRRF855INV8930OB,0.867188,0.89974,0.499023,0.5,1024x1536,RGBA,,caseW-high,False,False,true failure,True,caseW-high; PASS_CONTENT from 424-watch black-background review; human full-resolution review: strong perspective with looped bracelet,rerendered-and-approved,False,0.780273,0.863932,0.499512,0.500326,1024x1536,RGBA,,PASS,9561e1042586850e6b3cd15b27e2cde8c32bc86d217b329ad42518b58a5b440b
CRGA-2100VB-1A,0.966549,0.985556,0.501761,0.500556,568x900,RGBA,,canvas|caseW-high|bboxH-high,False,False,true failure,True,"canvas,caseW-high,bboxH-high; PASS_CONTENT from legacy catalog black-background review; human full-resolution review: strong perspective with looped strap",rerendered-and-approved,False,0.780273,0.852865,0.500488,0.500000,1024x1536,RGBA,,PASS,39cc7e7f77142b1089d9e5cee0eae9273b07ae5943b8be6bb7541663ed81e323
CRFEM7P00CB,0.833008,0.954427,0.510254,0.489583,1024x1536,RGBA,,caseW-high|bboxH-high,False,True,acceptable variation,False,"caseW-high,bboxH-high; PASS_CONTENT from legacy catalog black-background review",unchanged-protected,False,0.833008,0.954427,0.510254,0.489583,1024x1536,RGBA,caseW-high|bboxH-high,acceptable variation,1f216f623043d29cd137ffe1f900ae4225b0822cedce7f8a4020ed2615947590
CRGA-2000S-1,0.970537,0.987778,0.5026,0.500556,577x900,RGBA,,canvas|caseW-high|bboxH-high,False,True,acceptable variation,False,"canvas,caseW-high,bboxH-high; PASS_CONTENT from legacy catalog black-background review",unchanged-protected,False,0.970537,0.987778,0.5026,0.500556,577x900,RGBA,canvas|caseW-high|bboxH-high,acceptable variation,5b8843c990df68d5483670fd5d2b15bc9bbbc92f1a01a6cb216ab948a3696954
CRRA-AK0505L10B,0.788086,0.963542,0.500488,0.496094,1024x1536,RGBA,,bboxH-high,False,True,acceptable variation,False,bboxH-high; PASS_CONTENT from legacy catalog black-background review,unchanged-protected,False,0.788086,0.963542,0.500488,0.496094,1024x1536,RGBA,bboxH-high,acceptable variation,125099d9d92a62110edf737fe2d9432e4d8368b0f79dcb74e9902c425a6f9066
CREM70001W,0.643555,0.917969,0.512207,0.492839,1024x1536,RGBA,,caseW-low,False,True,acceptable variation,False,caseW-low; PASS_CONTENT from legacy catalog black-background review,unchanged-protected,False,0.643555,0.917969,0.512207,0.492839,1024x1536,RGBA,caseW-low,acceptable variation,769cb483c551e970c6ed92e28535e55fcef206e2bcaf741f6f2b30b0d72cc866
CREM70002B,0.646484,0.939453,0.506836,0.491862,1024x1536,RGBA,,caseW-low,False,True,acceptable variation,False,caseW-low; PASS_CONTENT from legacy catalog black-background review,unchanged-protected,False,0.646484,0.939453,0.506836,0.491862,1024x1536,RGBA,caseW-low,acceptable variation,e616c27dfe5abd901e99effdcbed22aa47141d92eff7ac86c0c26da50ddde36e
CRMTP-M305D-7A,0.916256,0.932222,0.5,0.499444,406x900,RGBA,,canvas|caseW-high,False,True,acceptable variation,False,"canvas,caseW-high; PASS_CONTENT from legacy catalog black-background review",unchanged-protected,False,0.916256,0.932222,0.5,0.499444,406x900,RGBA,canvas|caseW-high,acceptable variation,f6fbe7f8ee3c420b61f72f8989fd1509961b4a32d1b913212d416bd5df265131
CRES5469,0.389648,0.898438,0.499512,0.500651,1024x1536,RGBA,,caseW-low,False,True,acceptable variation,False,caseW-low; PASS_CONTENT from 424-watch black-background review,unchanged-protected,False,0.389648,0.898438,0.499512,0.500651,1024x1536,RGBA,caseW-low,acceptable variation,75483f99ce5024eb0aa20204f4760c5ae392b633eaf73c46ff893851fc22d095
CRRF1639SNKE54K1,0.749023,0.899089,0.500488,0.499023,1024x1536,RGBA,,,True,False,true failure,True,FAIL_CONTENT: watch is shown at a strong angle; human full-resolution review: strong perspective with looped bracelet,rerendered-and-approved,False,0.781250,0.911458,0.500488,0.500000,1024x1536,RGBA,,PASS,a41ecdc8d7ef576b7d8a947ea3ce3458069c6b2cd46b0e040dde853bd090d6d0
CRES5361,0.583008,0.897135,0.500488,0.499349,1024x1536,RGBA,,caseW-low,False,True,acceptable variation,False,caseW-low; PASS_CONTENT from 424-watch black-background review,unchanged-protected,False,0.583008,0.897135,0.500488,0.499349,1024x1536,RGBA,caseW-low,acceptable variation,3f4956b569830adba385f30cf04dab5bf0662250c8fd6417e95c2f71cedad3db
CRFS6104,0.759766,0.897786,0.5,0.499023,1024x1536,RGBA,,,True,True,approved,False,PASS_CONTENT from 424-watch black-background review; pending v2 candidate recheck,unchanged-protected,False,0.759766,0.897786,0.5,0.499023,1024x1536,RGBA,,approved,b9beeb594ec8b5b4f1d51b231018134109cfa7d23ff0c44525b4a501f301cfc6
CRFS6092,0.814453,0.895833,0.5,0.5,1024x1536,RGBA,,,True,True,approved,False,PASS_CONTENT from 424-watch black-background review; pending v2 candidate recheck,unchanged-protected,False,0.814453,0.895833,0.5,0.5,1024x1536,RGBA,,approved,4d8281ea1c0cc9dff3604d6020e21cc348fddbe6ab3a536436886265c5d69db4
CRU1071,0.699219,0.896484,0.5,0.500326,1024x1536,RGBA,,caseW-low,False,True,acceptable variation,False,caseW-low; PASS_CONTENT from 424-watch black-background review,unchanged-protected,False,0.699219,0.896484,0.5,0.500326,1024x1536,RGBA,caseW-low,acceptable variation,9cf181f62ae35780cf1500da96e7226a1531d4daaecaa3b709373fc94e692add
CRFS6045,0.77832,0.898438,0.499512,0.500651,1024x1536,RGBA,,,True,True,approved,False,PASS_CONTENT from 424-watch black-background review; pending v2 candidate recheck,unchanged-protected,False,0.77832,0.898438,0.499512,0.500651,1024x1536,RGBA,,approved,61e6a8bcfc7af35edf9bc96cd1055968133e70276a081ed07e639db276ea8baa
CRRTF034,0.773438,0.906901,0.5,0.499674,1024x1536,RGBA,,,True,True,approved,False,PASS_CONTENT from 424-watch black-background review; pending v2 candidate recheck,unchanged-protected,False,0.773438,0.906901,0.5,0.499674,1024x1536,RGBA,,approved,0e095aff103ecbe27838932c56e1555133dc35314fdcead573aabd5b13a25a3d
CRRTF033,0.765625,0.897786,0.499023,0.500977,1024x1536,RGBA,,,True,True,approved,False,PASS_CONTENT from 424-watch black-background review; pending v2 candidate recheck,unchanged-protected,False,0.765625,0.897786,0.499023,0.500977,1024x1536,RGBA,,approved,09b91cc71c848a7636f69487eb7dff8c1335e86e015cacf108af2081234abf82
CRF20560-5,0.875977,0.907552,0.500488,0.5,1024x1536,RGBA,,caseW-high,False,False,true failure,True,caseW-high; PASS_CONTENT from 424-watch black-background review; human full-resolution review: strong perspective with looped bracelet,rerendered-and-approved,False,0.780273,0.865885,0.500488,0.500000,1024x1536,RGBA,,PASS,c9b16bd763d5783a4f6caca3f85e5e1c921c8576367ac410ee0e7d3b95db9d81
CRRA-AB0E10S19B,0.773438,0.952474,0.5,0.493815,1024x1536,RGBA,,bboxH-high,False,True,acceptable variation,False,bboxH-high; PASS_CONTENT from legacy catalog black-background review,unchanged-protected,False,0.773438,0.952474,0.5,0.493815,1024x1536,RGBA,bboxH-high,acceptable variation,c30717b015a99ac6e2ea847774df8f72c010fb21d64d5478c26f04deaff08642
CRGA-110HR-1A,0.978295,0.986667,0.5,0.5,645x900,RGBA,,canvas|caseW-high|bboxH-high,False,False,true failure,True,"canvas,caseW-high,bboxH-high; PASS_CONTENT from legacy catalog black-background review; human full-resolution review: strong perspective with looped strap",rerendered-and-approved,False,0.780273,0.895182,0.499512,0.500326,1024x1536,RGBA,,PASS,e1902a227be2394baaccf723b913a4fd51b1b0d97efd25ac43268da02c63ba19
CREFV-620D-1A4V,0.977273,0.984444,0.5,0.5,616x900,RGBA,,canvas|caseW-high|bboxH-high,False,False,true failure,True,"canvas,caseW-high,bboxH-high; PASS_CONTENT from legacy catalog black-background review; human full-resolution review: strong perspective with looped bracelet",rerendered-and-approved,False,0.780273,0.893229,0.499512,0.500000,1024x1536,RGBA,,PASS,43b0a4beafb455ead794263299c5c68d314c6a1a816f96ec84c81796126f4648
CRU616,0.776367,0.896484,0.490723,0.500326,1024x1536,RGBA,,,True,False,true failure,True,FAIL_CONTENT: watch is shown at a strong angle with a curved bracelet; human full-resolution review: strong perspective with looped bracelet,rerendered-and-approved,False,0.780273,0.899740,0.500488,0.500000,1024x1536,RGBA,,PASS,0f3f48d335f0aa28be75a9e8dd4b6c79144d2d100a291eac1261582239393d49
CRRF1597SNKL66K1,0.68457,0.897786,0.497559,0.500326,1024x1536,RGBA,,caseW-low,False,False,true failure,True,caseW-low; PASS_CONTENT from 424-watch black-background review; human full-resolution review: strong perspective with looped bracelet,rerendered-and-approved,False,0.780273,0.911458,0.500488,0.500000,1024x1536,RGBA,,PASS,01ea7b9e9f3f80e94ee0ffb881bd16515959a3df4e0971178b051fcf3cb079dc
CRRF1495SNK621K1,0.676758,0.896484,0.500488,0.499674,1024x1536,RGBA,,caseW-low,False,False,true failure,True,caseW-low; PASS_CONTENT from 424-watch black-background review; human full-resolution review: strong perspective with looped bracelet,rerendered-and-approved,False,0.781250,0.911458,0.500000,0.500000,1024x1536,RGBA,,PASS,cbf14974f7d96ccbfc2139fadd09b57a16a825e59d5accb9a1de00456025d55a
CRBMS-300D-7AV,0.699219,0.895833,0.5,0.5,1024x1536,RGBA,,caseW-low,False,True,acceptable variation,False,caseW-low; PASS_CONTENT from 424-watch black-background review,unchanged-protected,False,0.699219,0.895833,0.5,0.5,1024x1536,RGBA,caseW-low,acceptable variation,2b37301eda34b96b9c18ec8a06e1d43803411b760fb0e3eafd1898cb24b5ce59
CRBMS-300D-2AV,0.697266,0.897135,0.5,0.499349,1024x1536,RGBA,,caseW-low,False,True,acceptable variation,False,caseW-low; PASS_CONTENT from 424-watch black-background review,unchanged-protected,False,0.697266,0.897135,0.5,0.499349,1024x1536,RGBA,caseW-low,acceptable variation,c31418b7864cc8f8abaa188e4db5530b1547d7106d24e979778fb080bb285105
CRBMS-300D-1AV,0.697266,0.895833,0.5,0.5,1024x1536,RGBA,,caseW-low,False,True,acceptable variation,False,caseW-low; PASS_CONTENT from 424-watch black-background review,unchanged-protected,False,0.697266,0.895833,0.5,0.5,1024x1536,RGBA,caseW-low,acceptable variation,f60f97f4d636e1e0ec084593c52f1e772cc1aad1b924afb22af008c1af349c2e
CRGMA-S120SA-7A1,0.857422,0.897786,0.500977,0.499023,1024x1536,RGBA,,caseW-high,False,True,acceptable variation,False,caseW-high; PASS_CONTENT from 424-watch black-background review,unchanged-protected,False,0.857422,0.897786,0.500977,0.499023,1024x1536,RGBA,caseW-high,acceptable variation,f8a6721f0c1f063511ba27628a07cfa0d92cf72093ee4feb77fe61c8c0ce4622
CRECB-30DC-1B,0.804688,0.895833,0.499023,0.5,1024x1536,RGBA,,,True,True,approved,False,PASS_CONTENT from 424-watch black-background review; pending v2 candidate recheck,unchanged-protected,False,0.804688,0.895833,0.499023,0.5,1024x1536,RGBA,,approved,7b889f0684b583b0b2a4471e154108c4aa3ce88ec958e26ce557444fe4a05dfc
CRECB-30DB-1A,0.801758,0.896484,0.499512,0.500326,1024x1536,RGBA,,,True,True,approved,False,PASS_CONTENT from 424-watch black-background review; pending v2 candidate recheck,unchanged-protected,False,0.801758,0.896484,0.499512,0.500326,1024x1536,RGBA,,approved,2512104fd7178d8d087107fb1d089e6feebfb2d400a221448087499f221adb01
CRGA-100-1A1,0.971088,0.981111,0.50085,0.498333,588x900,RGBA,,canvas|caseW-high|bboxH-high,False,False,true failure,True,"canvas,caseW-high,bboxH-high; PASS_CONTENT from legacy catalog black-background review; human full-resolution review: strong perspective with looped strap",rerendered-and-approved,False,0.779297,0.865885,0.500000,0.500000,1024x1536,RGBA,,PASS,3d4474195a677f6abfda6f9b27237a4f740d83c0682c85aa497e5b2d80cefa06
CRA1100G-5,0.685547,0.897135,0.500977,0.499349,1024x1536,RGBA,,caseW-low,False,True,acceptable variation,False,caseW-low; PASS_CONTENT from 424-watch black-background review,unchanged-protected,False,0.685547,0.897135,0.500977,0.499349,1024x1536,RGBA,caseW-low,acceptable variation,f0b9e725254ea6153deb2fe85cf813698e065a3a189ab986e13732b989ca1949
CREFR-574DE-7AV,0.733398,0.896484,0.499512,0.499674,1024x1536,RGBA,,,True,True,approved,False,PASS_CONTENT from 424-watch black-background review; pending v2 candidate recheck,unchanged-protected,False,0.733398,0.896484,0.499512,0.499674,1024x1536,RGBA,,approved,16cff7d128a2d5cf533a74e9efa2e90671ea14dac77eb4b2502a4936ded363f3
CRFS6161,0.730469,0.897135,0.5,0.5,1024x1536,RGBA,,,True,True,approved,False,PASS_CONTENT from 424-watch black-background review; pending v2 candidate recheck,unchanged-protected,False,0.730469,0.897135,0.5,0.5,1024x1536,RGBA,,approved,641b08fab9eff1ca942986677812ea372ad56f99ba71296929702bfb55837bbc
CRGBX-100-2A,0.806641,0.897135,0.499023,0.500651,1024x1536,RGBA,,,True,True,approved,False,PASS_CONTENT from 424-watch black-background review; pending v2 candidate recheck,unchanged-protected,False,0.806641,0.897135,0.499023,0.500651,1024x1536,RGBA,,approved,f886649c1b8611d2c6f313e9abe55c3dda4543f89dd8f0bc9bb80c1f7065bc8c
CRRF1494SNKE51K1,0.724609,0.897786,0.500977,0.500977,1024x1536,RGBA,,caseW-low,False,False,true failure,True,caseW-low; PASS_CONTENT from 424-watch black-background review; human full-resolution review: strong perspective with looped bracelet,rerendered-and-approved,False,0.780273,0.911458,0.499512,0.500000,1024x1536,RGBA,,PASS,e077eb4900a5bf3aeced8c884225e729fc830c27fa47a3d4626c68398267d4ca
CRRF1451SNK615K1,0.649414,0.899089,0.500488,0.499023,1024x1536,RGBA,,caseW-low,False,False,true failure,True,caseW-low; PASS_CONTENT from 424-watch black-background review; human full-resolution review: strong perspective with looped bracelet,rerendered-and-approved,False,0.779297,0.911458,0.500000,0.500000,1024x1536,RGBA,,PASS,af7fd212abb839e35263341bb513bdf624a03868fb1f6234285b2098afa6d56f
CRRF1341SNK623K1,0.615234,0.911458,0.5,0.5,1024x1536,RGBA,,caseW-low,False,False,true failure,True,caseW-low; PASS_CONTENT from 424-watch black-background review; human full-resolution review: strong perspective with looped bracelet,rerendered-and-approved,False,0.780273,0.911458,0.500488,0.500000,1024x1536,RGBA,,PASS,e4ae4ae028366368b9b6aecac3798951a9d7e26d3173af6577f0170aa931d775
CRBMS-100D-8AV,0.709961,0.896484,0.499512,0.499674,1024x1536,RGBA,,caseW-low,False,True,acceptable variation,False,caseW-low; PASS_CONTENT from 424-watch black-background review,unchanged-protected,False,0.709961,0.896484,0.499512,0.499674,1024x1536,RGBA,caseW-low,acceptable variation,da74ae244a6bdb0334e31698dded749b2c12bc84156a69fcbf98f709d1300569
CRBMS-100D-7AV,0.709961,0.897786,0.500488,0.499023,1024x1536,RGBA,,caseW-low,False,True,acceptable variation,False,caseW-low; PASS_CONTENT from 424-watch black-background review,unchanged-protected,False,0.709961,0.897786,0.500488,0.499023,1024x1536,RGBA,caseW-low,acceptable variation,a93fb8cc6c80c3b772f0b32699749420a8dcfc4c6a566fb972fe4129407b6573
CRBMS-100D-1AV,0.707031,0.896484,0.5,0.499674,1024x1536,RGBA,,caseW-low,False,True,acceptable variation,False,caseW-low; PASS_CONTENT from 424-watch black-background review,unchanged-protected,False,0.707031,0.896484,0.5,0.499674,1024x1536,RGBA,caseW-low,acceptable variation,2f9c4c618b16dda309af35472308160c01f2f27f07c2e0faa590715bca35694e
CRES5425,0.568359,0.897135,0.5,0.500651,1024x1536,RGBA,,caseW-low,False,True,acceptable variation,False,caseW-low; PASS_CONTENT from 424-watch black-background review,unchanged-protected,False,0.568359,0.897135,0.5,0.500651,1024x1536,RGBA,caseW-low,acceptable variation,8baa0733e97a01cb636b6950c8d875a69f9eabd04e33754ca58c026477f8e71d
CRGA-B010-3A,0.882812,0.89974,0.499512,0.5,1024x1536,RGBA,,caseW-high,False,True,acceptable variation,False,caseW-high; PASS_CONTENT from 424-watch black-background review,unchanged-protected,False,0.882812,0.89974,0.499512,0.5,1024x1536,RGBA,caseW-high,acceptable variation,d04b75f9a0a88232e81f885e38aa1aa8d9cb01ea60c20c3ae8fd7c048acf80ca
CRGA-B010-1A,0.881836,0.878255,0.5,0.500326,1024x1536,RGBA,,caseW-high,False,True,acceptable variation,False,caseW-high; PASS_CONTENT from 424-watch black-background review,unchanged-protected,False,0.881836,0.878255,0.5,0.500326,1024x1536,RGBA,caseW-high,acceptable variation,7e445285f10e654652bc0dc97cf06a5d80eb831373cb005155b5e1b822ce29b0
CRGA-B010-1A1,0.883789,0.891276,0.5,0.499674,1024x1536,RGBA,,caseW-high,False,True,acceptable variation,False,caseW-high; PASS_CONTENT from 424-watch black-background review,unchanged-protected,False,0.883789,0.891276,0.5,0.499674,1024x1536,RGBA,caseW-high,acceptable variation,25dfebcbdce5400f158cd81352d16d32820331bfaeada796f31d29338aa1d370
CRFS6121,0.71875,0.897786,0.5,0.499023,1024x1536,RGBA,,caseW-low,False,True,acceptable variation,False,caseW-low; PASS_CONTENT from 424-watch black-background review,unchanged-protected,False,0.71875,0.897786,0.5,0.499023,1024x1536,RGBA,caseW-low,acceptable variation,594aa7c15f84a5b928456f86284a8bb06e5ad75a0e18217105e239fea47feff6
CRECB-S10D-2A,0.717773,0.895833,0.499512,0.5,1024x1536,RGBA,,caseW-low,False,True,acceptable variation,False,caseW-low; PASS_CONTENT from 424-watch black-background review,unchanged-protected,False,0.717773,0.895833,0.499512,0.5,1024x1536,RGBA,caseW-low,acceptable variation,ae91947cc870c1c694ea35dcad58e3d1f0d5a6db367aca8279d1eeff3af0785e
CRRTF039,0.772461,0.906901,0.499512,0.499674,1024x1536,RGBA,,,True,True,approved,False,PASS_CONTENT from 424-watch black-background review; pending v2 candidate recheck,unchanged-protected,False,0.772461,0.906901,0.499512,0.499674,1024x1536,RGBA,,approved,9cf6b28be297e8f10230682bc985c3cc6c3a046bfaa30a41712603e6f45e4fb8
CRRTF035,0.772461,0.90625,0.500488,0.5,1024x1536,RGBA,,,True,True,approved,False,PASS_CONTENT from 424-watch black-background review; pending v2 candidate recheck,unchanged-protected,False,0.772461,0.90625,0.500488,0.5,1024x1536,RGBA,,approved,2602c28141c46c69f76cd0e8168c19b24b32b2ec0c80064a321f5a3b6e0c0a13
CRRF1153SNKP15K1,0.866211,0.897786,0.496582,0.500326,1024x1536,RGBA,,caseW-high,False,False,true failure,True,caseW-high; PASS_CONTENT from 424-watch black-background review; human full-resolution review: strong perspective with looped bracelet,rerendered-and-approved,False,0.780273,0.851562,0.500488,0.500000,1024x1536,RGBA,,PASS,8afe44e915a252a8b2c0abc75bd84835816245dacb051dcf09559f1c8f6ca842
CREFB-730D-3AV,0.708008,0.897786,0.500488,0.499023,1024x1536,RGBA,,caseW-low,False,True,acceptable variation,False,caseW-low; PASS_CONTENT from 424-watch black-background review,unchanged-protected,False,0.708008,0.897786,0.500488,0.499023,1024x1536,RGBA,caseW-low,acceptable variation,285b6ee8dac3d65c7bfa262b48b1f29f474a09593852a51ff11715887aaf43e2
CREFB-730D-2BV,0.709961,0.89974,0.499512,0.5,1024x1536,RGBA,,caseW-low,False,True,acceptable variation,False,caseW-low; PASS_CONTENT from 424-watch black-background review,unchanged-protected,False,0.709961,0.89974,0.499512,0.5,1024x1536,RGBA,caseW-low,acceptable variation,45c6db3140562dde16988c6103904111814ff9ec23e5e99220032d041dbcabac
CRPRJ-B001-1,0.794922,0.897786,0.5,0.499023,1024x1536,RGBA,,,True,True,approved,False,PASS_CONTENT from 424-watch black-background review; pending v2 candidate recheck,unchanged-protected,False,0.794922,0.897786,0.5,0.499023,1024x1536,RGBA,,approved,29bae633ffb8eca1f22b398fd89244ea1d78fe96d772647783137bbc7cd664ef
CRF20560-1,0.884766,0.911458,0.5,0.5,1024x1536,RGBA,,caseW-high,False,False,true failure,True,caseW-high; PASS_CONTENT from 424-watch black-background review; human full-resolution review: strong perspective with looped bracelet,rerendered-and-approved,False,0.780273,0.850911,0.500488,0.499674,1024x1536,RGBA,,PASS,51a1031e9c722c4bdc20929e711f2f60ed02b732b6e60f3d919fab147c2473e8
CRF20751-2,0.655273,0.895833,0.500488,0.5,1024x1536,RGBA,,caseW-low,False,True,acceptable variation,False,caseW-low; PASS_CONTENT from 424-watch black-background review,unchanged-protected,False,0.655273,0.895833,0.500488,0.5,1024x1536,RGBA,caseW-low,acceptable variation,04b2b7b987c977e46174d95eab4a54f48c65f5aac1b4e2b5df0a950dc349809d
CRF20742-3,0.832031,0.896484,0.5,0.499674,1024x1536,RGBA,,caseW-high,False,True,acceptable variation,False,caseW-high; PASS_CONTENT from 424-watch black-background review,unchanged-protected,False,0.832031,0.896484,0.5,0.499674,1024x1536,RGBA,caseW-high,acceptable variation,d37d4dcdfac906ece69cddb624f0df1b4fb6f58aa62f20b8f8fd3d7afb55a14f
CRRF1399EFR-S108D-3A,0.694336,0.895833,0.498535,0.5,1024x1536,RGBA,,caseW-low,False,True,acceptable variation,False,caseW-low; PASS_CONTENT from 424-watch black-background review,unchanged-protected,False,0.694336,0.895833,0.498535,0.5,1024x1536,RGBA,caseW-low,acceptable variation,47f5c44af741ca68276ca5daddc1f2cdacb34cc47692f915e51ca59f43bb8e50
CRBLS-100DS-4AV,0.563477,0.895833,0.499512,0.5,1024x1536,RGBA,,caseW-low,False,True,acceptable variation,False,caseW-low; PASS_CONTENT from 424-watch black-background review,unchanged-protected,False,0.563477,0.895833,0.499512,0.5,1024x1536,RGBA,caseW-low,acceptable variation,a445bb75d5187f8947891eaf937f9b0734bd4d958dc5833a60ba7d9abaa95df5
CRBLS-100DS-2AV,0.564453,0.897786,0.499023,0.500977,1024x1536,RGBA,,caseW-low,False,True,acceptable variation,False,caseW-low; PASS_CONTENT from 424-watch black-background review,unchanged-protected,False,0.564453,0.897786,0.499023,0.500977,1024x1536,RGBA,caseW-low,acceptable variation,29f66488c6a894d025ce6608b58583e791c90c91148ded530cdc18708a8ac53e
CRES5386,0.581055,0.897786,0.499512,0.499023,1024x1536,RGBA,,caseW-low,False,True,acceptable variation,False,caseW-low; PASS_CONTENT from 424-watch black-background review,unchanged-protected,False,0.581055,0.897786,0.499512,0.499023,1024x1536,RGBA,caseW-low,acceptable variation,c26211170ca1362c345134d70441375b7621c0bbb03f051af4589eeb3c81a6fc
CRFS6032,0.772461,0.896484,0.500488,0.499674,1024x1536,RGBA,,,True,True,approved,False,PASS_CONTENT from 424-watch black-background review; pending v2 candidate recheck,unchanged-protected,False,0.772461,0.896484,0.500488,0.499674,1024x1536,RGBA,,approved,af947afa016bba5308a2b7c74fdd2043a0c51feaa8da9c875f01ffb70c70f391
CREFR-S108D-2A,0.696289,0.897135,0.500488,0.5,1024x1536,RGBA,,caseW-low,False,True,acceptable variation,False,caseW-low; PASS_CONTENT from 424-watch black-background review,unchanged-protected,False,0.696289,0.897135,0.500488,0.5,1024x1536,RGBA,caseW-low,acceptable variation,436371fbc9d2f86f9386b043aef02b86b169127829a24ac9b46261908615efab
CRGA-140-1A4,0.978723,0.984444,0.50152,0.5,658x900,RGBA,,canvas|caseW-high|bboxH-high,False,False,true failure,True,"canvas,caseW-high,bboxH-high; PASS_CONTENT from legacy catalog black-background review; human full-resolution review: strong perspective with looped strap",rerendered-and-approved,False,0.779297,0.871094,0.500000,0.500000,1024x1536,RGBA,,PASS,1a8c72613dc93bbb8553b406152b093a0e082645da62a8de313be48dd566b751
CRFEM7J00AW9,0.757812,0.947917,0.514648,0.5,1024x1536,RGBA,,,True,True,approved,False,PASS_CONTENT from legacy catalog black-background review; pending v2 candidate recheck,unchanged-protected,False,0.757812,0.947917,0.514648,0.5,1024x1536,RGBA,,approved,b39aa89b149be60132460a66209dd2ae210b2457994896f5ed463f5115e5cc42
CREFR-526D-3A,0.971098,0.983333,0.500963,0.498333,519x900,RGBA,,canvas|caseW-high|bboxH-high,False,False,true failure,True,"canvas,caseW-high,bboxH-high; PASS_CONTENT from legacy catalog black-background review; human full-resolution review: strong perspective with overly cropped bracelet",rerendered-and-approved,False,0.779297,0.865885,0.500000,0.500000,1024x1536,RGBA,,PASS,3331c0e723b1a950d0c56b9a659b58b4877d9235513d0a5a6e0f08d90ccdf8c4
CRF20622-P,0.969819,0.986667,0.498994,0.5,497x900,RGBA,,canvas|caseW-high|bboxH-high,False,True,acceptable variation,False,"canvas,caseW-high,bboxH-high; PASS_CONTENT from legacy catalog black-background review",unchanged-protected,False,0.969819,0.986667,0.498994,0.5,497x900,RGBA,canvas|caseW-high|bboxH-high,acceptable variation,12f107dfd171dc9c6113f05144dd6b520d65256853d0c4f8036759f43ed2a6f1
CREFV-640D-1A,0.97551,0.984444,0.5,0.5,490x900,RGBA,,canvas|caseW-high|bboxH-high,False,True,acceptable variation,False,"canvas,caseW-high,bboxH-high; PASS_CONTENT from legacy catalog black-background review",unchanged-protected,False,0.97551,0.984444,0.5,0.5,490x900,RGBA,canvas|caseW-high|bboxH-high,acceptable variation,5236365d06f2de053b2862f4edd2315fa1dfcca6bb34e64a9c25ea9c3aa8a1c0
CREFR-526L-7AV,0.978378,0.984444,0.5,0.498889,555x900,RGBA,,canvas|caseW-high|bboxH-high,False,False,true failure,True,"canvas,caseW-high,bboxH-high; PASS_CONTENT from legacy catalog black-background review; human full-resolution review: strong perspective with looped leather strap",rerendered-and-approved,False,0.780273,0.907552,0.499512,0.500000,1024x1536,RGBA,,PASS,7787d94ab2a6adc33b91feea0abef72efccf73862fd61e259b3706204abf8900
CRGA-100-1A2,0.980328,0.983333,0.5,0.499444,610x900,RGBA,,canvas|caseW-high|bboxH-high,False,False,true failure,True,"canvas,caseW-high,bboxH-high; PASS_CONTENT from legacy catalog black-background review; human full-resolution review: strong perspective with looped strap",rerendered-and-approved,False,0.780273,0.856120,0.499512,0.500326,1024x1536,RGBA,,PASS,a98249d8c60501598d2be24039b46cc36ac41bd819ddbb78c4fce8152209e2bd
CRGA-100-1A4,0.977742,0.983333,0.5,0.500556,629x900,RGBA,,canvas|caseW-high|bboxH-high,False,False,true failure,True,"canvas,caseW-high,bboxH-high; PASS_CONTENT from legacy catalog black-background review; human full-resolution review: strong perspective with looped strap",rerendered-and-approved,False,0.781250,0.862630,0.500000,0.500326,1024x1536,RGBA,,PASS,f13f9438f54eb7b8aad849446ac71b929c3e2ef96e2759e1b8e41e7bb531fce7
CREFV-640L-2A,0.907631,0.934444,0.497992,0.499444,498x900,RGBA,,canvas|caseW-high,False,True,acceptable variation,False,"canvas,caseW-high; PASS_CONTENT from legacy catalog black-background review",unchanged-protected,False,0.907631,0.934444,0.497992,0.499444,498x900,RGBA,canvas|caseW-high,acceptable variation,efbdba54eff96bf477a5292ecfbc431faef41398e295e9a63e234d0618e64bd2
CRGA-B2100BEG-1A,0.857422,0.897786,0.5,0.499023,1024x1536,RGBA,,caseW-high,False,True,acceptable variation,False,caseW-high; PASS_CONTENT from 424-watch black-background review,unchanged-protected,False,0.857422,0.897786,0.5,0.499023,1024x1536,RGBA,caseW-high,acceptable variation,9afc0c26471e26af43e2ea7104e8865231a01e8e063088383891b4e42de2b4a9
CRSKW3159,0.592773,0.895833,0.500488,0.5,1024x1536,RGBA,,caseW-low,False,True,acceptable variation,False,caseW-low; PASS_CONTENT from 424-watch black-background review,unchanged-protected,False,0.592773,0.895833,0.500488,0.5,1024x1536,RGBA,caseW-low,acceptable variation,46e03e504d58059875e2fe06eb5926117c54259c61322fb4db1eac2ee3bb8d4a
CRMTP-B185D-7AV,0.611328,0.897786,0.5,0.500326,1024x1536,RGBA,,caseW-low,False,True,acceptable variation,False,caseW-low; PASS_CONTENT from 424-watch black-background review,unchanged-protected,False,0.611328,0.897786,0.5,0.500326,1024x1536,RGBA,caseW-low,acceptable variation,82c001da39cf74ff309084933eea1e8f476643f4c681a3c13857171f4ecc34bc
CRMTP-B185D-2A1V,0.608398,0.895833,0.500488,0.5,1024x1536,RGBA,,caseW-low,False,True,acceptable variation,False,caseW-low; PASS_CONTENT from 424-watch black-background review,unchanged-protected,False,0.608398,0.895833,0.500488,0.5,1024x1536,RGBA,caseW-low,acceptable variation,5b35756bb2524e724144560cfdd9c846290d0795d8441f58412139457f805f5a
CRMTP-B185D-1AV,0.613281,0.896484,0.5,0.499674,1024x1536,RGBA,,caseW-low,False,True,acceptable variation,False,caseW-low; PASS_CONTENT from 424-watch black-background review,unchanged-protected,False,0.613281,0.896484,0.5,0.499674,1024x1536,RGBA,caseW-low,acceptable variation,17f83a06d30214815b6cc5c2e6da44383e000bb0853ce9390d117e8fbf8488ab
CRMTP-M305D-7A2V,0.730469,0.897786,0.499023,0.499023,1024x1536,RGBA,,,True,True,approved,False,PASS_CONTENT from 424-watch black-background review; pending v2 candidate recheck,unchanged-protected,False,0.730469,0.897786,0.499023,0.499023,1024x1536,RGBA,,approved,428f4c49912a351b6d2af01cf1dd8b7e64a29c1a1a7fb9951cad104bc80ad373
CRMTP-M305D-1A2V,0.591797,0.897786,0.500488,0.500977,1024x1536,RGBA,,caseW-low,False,True,acceptable variation,False,caseW-low; PASS_CONTENT from 424-watch black-background review,unchanged-protected,False,0.591797,0.897786,0.500488,0.500977,1024x1536,RGBA,caseW-low,acceptable variation,6d90ef8be4bdbe0ce80783a8a80a197a24bfffd92625be9e7b2b43efc7713975
CREM70005D,0.644531,0.923177,0.499023,0.477865,1024x1536,RGBA,,caseW-low,False,True,acceptable variation,False,caseW-low; PASS_CONTENT from legacy catalog black-background review,unchanged-protected,False,0.644531,0.923177,0.499023,0.477865,1024x1536,RGBA,caseW-low,acceptable variation,da881a4568ed952e02eb536e13ef7396fa01db87a07d95ae0a425fcd122eeeea
CRG-7900A-4C,0.960443,0.986667,0.502373,0.5,632x900,RGBA,,canvas|caseW-high|bboxH-high,False,False,true failure,True,"canvas,caseW-high,bboxH-high; PASS_CONTENT from legacy catalog black-background review; human full-resolution review: strong perspective with looped strap",rerendered-and-approved,False,0.780273,0.903646,0.499512,0.500000,1024x1536,RGBA,,PASS,837c13e827bb878c6bd44c1925fccce5b20653f61e01526ce83179d2c3dfcbac
CRSAB0C005C8,0.810547,0.964193,0.496094,0.498372,1024x1536,RGBA,,bboxH-high,False,True,acceptable variation,False,bboxH-high; PASS_CONTENT from legacy catalog black-background review,unchanged-protected,False,0.810547,0.964193,0.496094,0.498372,1024x1536,RGBA,bboxH-high,acceptable variation,db83eea59267f6b9d2a82e8230d5d0707ec52574baba5ff20bdb81e647deff64
CRGA-700-4A,0.976574,0.983333,0.499268,0.500556,683x900,RGBA,,canvas|caseW-high|bboxH-high,False,False,true failure,True,"canvas,caseW-high,bboxH-high; PASS_CONTENT from legacy catalog black-background review; human full-resolution review: strong perspective with looped strap",rerendered-and-approved,False,0.780273,0.911458,0.500488,0.500000,1024x1536,RGBA,,PASS,ad48b80839a709aa0398d4bc6b78b6e8928028ad19e6d703bb0dae2360bb722b
CREFB-109D-5AV,0.671875,0.897135,0.5,0.500651,1024x1536,RGBA,,caseW-low,False,True,acceptable variation,False,caseW-low; PASS_CONTENT from 424-watch black-background review,unchanged-protected,False,0.671875,0.897135,0.5,0.500651,1024x1536,RGBA,caseW-low,acceptable variation,e0c2cbe82e5614bb59ae438efcd716b762f40cb259399ab6200161255a0e4446
CREFB-109D-3AV,0.678711,0.897135,0.498535,0.499349,1024x1536,RGBA,,caseW-low,False,True,acceptable variation,False,caseW-low; PASS_CONTENT from 424-watch black-background review,unchanged-protected,False,0.678711,0.897135,0.498535,0.499349,1024x1536,RGBA,caseW-low,acceptable variation,50145b0080f26c849a4de64f86d006477957dcb1f0cc01ee6b4417a98625b854
CRERA-130D-2A,0.783203,0.898438,0.499023,0.5,1024x1536,RGBA,,,True,True,approved,False,PASS_CONTENT from 424-watch black-background review; pending v2 candidate recheck,unchanged-protected,False,0.783203,0.898438,0.499023,0.5,1024x1536,RGBA,,approved,e39e3096b54b0861f91a0da7bd92540ac6ec79653de379120270dd99c6ceb3f9
CRBLS-100D-7AV,0.569336,0.896484,0.499512,0.500326,1024x1536,RGBA,,caseW-low,False,True,acceptable variation,False,caseW-low; PASS_CONTENT from 424-watch black-background review,unchanged-protected,False,0.569336,0.896484,0.499512,0.500326,1024x1536,RGBA,caseW-low,acceptable variation,47c6ae3b538fb0e677f30dedd00502bc907c197c8838b99f53b81ff2b916f50d
CRBLS-100D-1AV,0.563477,0.895833,0.499512,0.5,1024x1536,RGBA,,caseW-low,False,True,acceptable variation,False,caseW-low; PASS_CONTENT from 424-watch black-background review,unchanged-protected,False,0.563477,0.895833,0.499512,0.5,1024x1536,RGBA,caseW-low,acceptable variation,deecb1c42cbda7ed3c445f05f6ac6a74ba6f0475793425d0c9c8bef9d0268235
CRGA-B2100MF-1A,0.790039,0.898438,0.500488,0.499349,1024x1536,RGBA,,,True,False,true failure,True,FAIL_CONTENT: case is not dead-on; visible three-quarter perspective; human full-resolution review: strong perspective with looped strap,rerendered-and-approved,False,0.781250,0.866536,0.500000,0.500326,1024x1536,RGBA,,PASS,c90455952e2e9461c4e9409e8421549f9baeadd1c19dcc7e3239be3ab6f7ebf5
CRGA-B2100FC-3A,0.833008,0.897786,0.500488,0.499674,1024x1536,RGBA,,caseW-high,False,True,acceptable variation,False,caseW-high; PASS_CONTENT from 424-watch black-background review,unchanged-protected,False,0.833008,0.897786,0.500488,0.499674,1024x1536,RGBA,caseW-high,acceptable variation,a1c5f396273ccd72af40e318f7d1774aeea02b1f1d9e0609af1edf44c691aa09
CREM70005B,0.756836,0.957682,0.489746,0.493815,1024x1536,RGBA,,bboxH-high,False,True,acceptable variation,False,bboxH-high; PASS_CONTENT from legacy catalog black-background review,unchanged-protected,False,0.756836,0.957682,0.489746,0.493815,1024x1536,RGBA,bboxH-high,acceptable variation,ab437964f9d325fc860654b97589e2c4576c8c0ac49b019ab038d36df1e40e6e
CRGA-700-1B,0.975362,0.987778,0.5,0.499444,690x900,RGBA,,canvas|caseW-high|bboxH-high,False,False,true failure,True,"canvas,caseW-high,bboxH-high; PASS_CONTENT from legacy catalog black-background review; human full-resolution review: strong perspective with looped strap",rerendered-and-approved,False,0.780273,0.911458,0.499512,0.500000,1024x1536,RGBA,,PASS,81588533f9830c051fcc96785662bc6753b72b646bc4ec6d0e20a14a4ccbc912
CREM70002D,0.688477,0.923177,0.51416,0.494141,1024x1536,RGBA,,caseW-low,False,True,acceptable variation,False,caseW-low; PASS_CONTENT from legacy catalog black-background review,unchanged-protected,False,0.688477,0.923177,0.51416,0.494141,1024x1536,RGBA,caseW-low,acceptable variation,fd04e8148c9be0f194c88fbe887a7695bdc92655b97fdca1e7fc3433190384ee
CREM7P006B,0.791016,0.929688,0.516602,0.491536,1024x1536,RGBA,,,True,True,approved,False,PASS_CONTENT from legacy catalog black-background review; pending v2 candidate recheck,unchanged-protected,False,0.791016,0.929688,0.516602,0.491536,1024x1536,RGBA,,approved,dc02c9d4a8431406eb02feec6ff061cf945dcada299b5e2337ecefe68f13d54a
CRRA-AB0E10S19A,0.91684,0.932222,0.5,0.499444,481x900,RGBA,,canvas|caseW-high,False,True,acceptable variation,False,"canvas,caseW-high; PASS_CONTENT from legacy catalog black-background review",unchanged-protected,False,0.91684,0.932222,0.5,0.499444,481x900,RGBA,canvas|caseW-high,acceptable variation,163caf549a9be6ba4421ab1bcf76cb74e80020a2b60d68f3ca8c1bba20cd48a5
CREM7P00EC,0.799805,0.947917,0.486816,0.490885,1024x1536,RGBA,,,True,True,approved,False,PASS_CONTENT from legacy catalog black-background review; pending v2 candidate recheck,unchanged-protected,False,0.799805,0.947917,0.486816,0.490885,1024x1536,RGBA,,approved,f615956a459e30c7a41c5502d583a4ccbdc2404b9d11f778f686935c63eb34f9
CRGMA-S140-7A,0.845703,0.897135,0.499023,0.499349,1024x1536,RGBA,,caseW-high,False,True,acceptable variation,False,caseW-high; PASS_CONTENT from 424-watch black-background review,unchanged-protected,False,0.845703,0.897135,0.499023,0.499349,1024x1536,RGBA,caseW-high,acceptable variation,def1868bff7b2ade94959cd517ec1066a450b459b425539d3976e8952b7e5c44
CRGMA-S140-2A2,0.84375,0.899089,0.5,0.500326,1024x1536,RGBA,,caseW-high,False,True,acceptable variation,False,caseW-high; PASS_CONTENT from 424-watch black-background review,unchanged-protected,False,0.84375,0.899089,0.5,0.500326,1024x1536,RGBA,caseW-high,acceptable variation,228ca4d657008a267ca260565733270f30792fb3da61d42867e79603fb42b4a6
CREM70002W,0.749023,0.927734,0.51709,0.494466,1024x1536,RGBA,,,True,True,approved,False,PASS_CONTENT from legacy catalog black-background review; pending v2 candidate recheck,unchanged-protected,False,0.749023,0.927734,0.51709,0.494466,1024x1536,RGBA,,approved,13210bdadbc1e53fa3e9cdfecaaca9b7684222b6d258d6f5fd7afd9054fcdafd
CRMTP-M305L-7A,0.968447,0.985556,0.5,0.498333,412x900,RGBA,,canvas|caseW-high|bboxH-high,False,True,acceptable variation,False,"canvas,caseW-high,bboxH-high; PASS_CONTENT from legacy catalog black-background review",unchanged-protected,False,0.968447,0.985556,0.5,0.498333,412x900,RGBA,canvas|caseW-high|bboxH-high,acceptable variation,a6e72722d412a90a68f3bac2f666e0e6436b0c0258b259ecdc6c1aca62f8080a
CRG-7900-2D,0.974832,0.982222,0.500839,0.5,596x900,RGBA,,canvas|caseW-high|bboxH-high,False,False,true failure,True,"canvas,caseW-high,bboxH-high; PASS_CONTENT from legacy catalog black-background review; human full-resolution review: strong perspective with looped strap",rerendered-and-approved,False,0.781250,0.911458,0.500000,0.500000,1024x1536,RGBA,,PASS,a342d99b5bbb32b4b31e68298d23702361dbbc95abf0bcc01ac9eeaac3ca7899
CRFS6122,0.733398,0.895833,0.500488,0.5,1024x1536,RGBA,,,True,True,approved,False,PASS_CONTENT from 424-watch black-background review; pending v2 candidate recheck,unchanged-protected,False,0.733398,0.895833,0.500488,0.5,1024x1536,RGBA,,approved,f963a3f8b153da6f487c50bf636c7a8b07d06dd56a2dd315767d75a58735c7c5
CRBGA-280-1A,0.975728,0.984444,0.500809,0.5,618x900,RGBA,,canvas|caseW-high|bboxH-high,False,False,true failure,True,"canvas,caseW-high,bboxH-high; PASS_CONTENT from legacy catalog black-background review; human full-resolution review: strong perspective with looped strap",rerendered-and-approved,False,0.780273,0.911458,0.499512,0.500000,1024x1536,RGBA,,PASS,4feb24493ad6d0380f85a9398a9fdc7e4a068fef1d68f4c401cf1aceb6c6f080
CRMDV-107D-1A1,0.977099,0.983333,0.5,0.500556,524x900,RGBA,,canvas|caseW-high|bboxH-high,False,True,acceptable variation,False,"canvas,caseW-high,bboxH-high; PASS_CONTENT from legacy catalog black-background review",unchanged-protected,False,0.977099,0.983333,0.5,0.500556,524x900,RGBA,canvas|caseW-high|bboxH-high,acceptable variation,c3a81a70ab79a80e246a7c5d531c747e05b48f9bba79b07e7fb0c0037b669df4
CRDW-6900RL-1,0.979066,0.986667,0.500805,0.5,621x900,RGBA,,canvas|caseW-high|bboxH-high,False,True,acceptable variation,False,"canvas,caseW-high,bboxH-high; PASS_CONTENT from legacy catalog black-background review",unchanged-protected,False,0.979066,0.986667,0.500805,0.5,621x900,RGBA,canvas|caseW-high|bboxH-high,acceptable variation,9b5b17b6529383df60c0bb032a45842cc7fdf3c8eee4bbecf75e318facc937b5
CRRF1409MTP-B180D-3AV,0.879883,0.896484,0.499512,0.500326,1024x1536,RGBA,,caseW-high,False,True,acceptable variation,False,caseW-high; PASS_CONTENT from 424-watch black-background review,unchanged-protected,False,0.879883,0.896484,0.499512,0.500326,1024x1536,RGBA,caseW-high,acceptable variation,f1a32dbf07078711058691ea005088a2bcb705be1dda9542453ac9cba47195f6
CRRF1405W-217HM-7BV,0.755859,0.901693,0.5,0.498372,1024x1536,RGBA,,,True,False,true failure,True,FAIL_CONTENT: watch and strap are shown at a strong angle; human full-resolution review: strong side-facing presentation with looped bracelet,rerendered-and-approved,False,0.781250,0.911458,0.500000,0.500000,1024x1536,RGBA,,PASS,6ce3087092bbe2e8ca9a3b7e450f6f0642d9a8636603bf2a1afbbd7aa17cc6bd
CRRF1404MTP-B145G-9AV,0.737305,0.897135,0.499512,0.500651,1024x1536,RGBA,,,True,True,approved,False,PASS_CONTENT from 424-watch black-background review; pending v2 candidate recheck,unchanged-protected,False,0.737305,0.897135,0.499512,0.500651,1024x1536,RGBA,,approved,e10728c3a46deb092d4fa8f4b121e3b37c74b5f1893947bedb522e970b35488f
CRRF1403MTP-RS100D-1A,0.797852,0.896484,0.499512,0.499674,1024x1536,RGBA,,,True,True,approved,False,PASS_CONTENT from 424-watch black-background review; pending v2 candidate recheck,unchanged-protected,False,0.797852,0.896484,0.499512,0.499674,1024x1536,RGBA,,approved,a9972a9a9f5099de9e4906317599538ed26d9a96d38d96e00d59eaef1aa9f18d
CRRF1402MTP-1302D-7A1V,0.711914,0.898438,0.499512,0.498698,1024x1536,RGBA,,caseW-low,False,True,acceptable variation,False,caseW-low; PASS_CONTENT from 424-watch black-background review,unchanged-protected,False,0.711914,0.898438,0.499512,0.498698,1024x1536,RGBA,caseW-low,acceptable variation,b379dcde5093d54b824d9d11902dd0b5e5f4c0f2110f8d0c1f3262ae7353bd58
CRRF1400GA-140-1A4,0.886719,0.811849,0.5,0.499674,1024x1536,RGBA,,caseW-high|bboxH-low,False,False,true failure,True,"caseW-high,bboxH-low; PASS_CONTENT from 424-watch black-background review; human full-resolution review: strong perspective with looped strap",rerendered-and-approved,False,0.780273,0.898438,0.499512,0.500000,1024x1536,RGBA,,PASS,35a8d054448d59f71fd9dc2ac6082243e17a14cbf4b6697741724edab6070159
CRRF1397MTD-135D-7AV,0.857422,0.895182,0.499512,0.499674,1024x1536,RGBA,,caseW-high,False,True,acceptable variation,False,caseW-high; PASS_CONTENT from 424-watch black-background review,unchanged-protected,False,0.857422,0.895182,0.499512,0.499674,1024x1536,RGBA,caseW-high,acceptable variation,8cfee5f23061aa1357e0c0e28b580c46dfb5bc8faadc3d0b3d3ca0a71ebf2426
CRMTP-B195RG-2AV,0.669922,0.897786,0.499512,0.499023,1024x1536,RGBA,,caseW-low,False,True,acceptable variation,False,caseW-low; PASS_CONTENT from 424-watch black-background review,unchanged-protected,False,0.669922,0.897786,0.499512,0.499023,1024x1536,RGBA,caseW-low,acceptable variation,0a44849a2c73d87dc0415a4a4f601c8afa5c852888a57249055f22247a8f2fc4
CRMTP-B195D-7AV,0.671875,0.898438,0.499512,0.500651,1024x1536,RGBA,,caseW-low,False,True,acceptable variation,False,caseW-low; PASS_CONTENT from 424-watch black-background review,unchanged-protected,False,0.671875,0.898438,0.499512,0.500651,1024x1536,RGBA,caseW-low,acceptable variation,0cbbe109c3c62cc0f57c1f3e7f5f5746fcbfba91055eed07f442a9b0f714ec45
CRBI5110-54X,0.749023,0.898438,0.499512,0.5,1024x1536,RGBA,,,True,True,approved,False,PASS_CONTENT from 424-watch black-background review; pending v2 candidate recheck,unchanged-protected,False,0.749023,0.898438,0.499512,0.5,1024x1536,RGBA,,approved,2dab0a7faa7f135297ef85134d71003513a6fb85a73b3a55ec6a1f90cd11ef58
CRGMA-S140PP-4A,0.84082,0.897135,0.500488,0.5,1024x1536,RGBA,,caseW-high,False,True,acceptable variation,False,caseW-high; PASS_CONTENT from 424-watch black-background review,unchanged-protected,False,0.84082,0.897135,0.500488,0.5,1024x1536,RGBA,caseW-high,acceptable variation,75044a3ccfa6435d0993f33706aece005170f0f6f72315e109bfc6bf5720531f
CRMTP-B146D-2AV,0.614258,0.898438,0.499512,0.5,1024x1536,RGBA,,caseW-low,False,True,acceptable variation,False,caseW-low; PASS_CONTENT from 424-watch black-background review,unchanged-protected,False,0.614258,0.898438,0.499512,0.5,1024x1536,RGBA,caseW-low,acceptable variation,536e7e863725b72293e10b913efc2dcc627bc2f245f5719835f50088adc2bee9
CRMTP-E735D-1AV,0.676758,0.897135,0.499512,0.5,1024x1536,RGBA,,caseW-low,False,True,acceptable variation,False,caseW-low; PASS_CONTENT from 424-watch black-background review,unchanged-protected,False,0.676758,0.897135,0.499512,0.5,1024x1536,RGBA,caseW-low,acceptable variation,dc2bad7d4ac72b549c52f4afc5d7de8b4dbaf3bca2f11da4d3e586d7cf53ae83
CRMTP-E735B-7AV,0.677734,0.896484,0.499023,0.499674,1024x1536,RGBA,,caseW-low,False,True,acceptable variation,False,caseW-low; PASS_CONTENT from 424-watch black-background review,unchanged-protected,False,0.677734,0.896484,0.499023,0.499674,1024x1536,RGBA,caseW-low,acceptable variation,5e448084e21ad5a3ebf9f824ae99c3d6f6b033a65834347d2548068805921aea
CRLTP-B170D-7BV,0.616211,0.897786,0.499512,0.499023,1024x1536,RGBA,,caseW-low,False,True,acceptable variation,False,caseW-low; PASS_CONTENT from 424-watch black-background review,unchanged-protected,False,0.616211,0.897786,0.499512,0.499023,1024x1536,RGBA,caseW-low,acceptable variation,8fc55ab241c1da4d7dde6637735e00dc23f2fd576992140ec9a0dc18bdd16d2e
CRLTP-B170D-4BV,0.625,0.897786,0.5,0.499023,1024x1536,RGBA,,caseW-low,False,True,acceptable variation,False,caseW-low; PASS_CONTENT from 424-watch black-background review,unchanged-protected,False,0.625,0.897786,0.5,0.499023,1024x1536,RGBA,caseW-low,acceptable variation,79a81ff71a75c9de8cf2221baa61d9764eea3572dd17ae444332bf8c17e8bedf
CRLTP-B170D-2BV,0.620117,0.897135,0.499512,0.5,1024x1536,RGBA,,caseW-low,False,True,acceptable variation,False,caseW-low; PASS_CONTENT from 424-watch black-background review,unchanged-protected,False,0.620117,0.897135,0.499512,0.5,1024x1536,RGBA,caseW-low,acceptable variation,ff2abfc302c084f5d7abbdf37ddba866d9727ac607b0d1c8e2b6bac9a02471dc
CRLTP-B170D-1BV,0.616211,0.896484,0.499512,0.499674,1024x1536,RGBA,,caseW-low,False,True,acceptable variation,False,caseW-low; PASS_CONTENT from 424-watch black-background review,unchanged-protected,False,0.616211,0.896484,0.499512,0.499674,1024x1536,RGBA,caseW-low,acceptable variation,b15cd1fac0bd581eec4b976179d55659ab9191040d19a65b86b1df6eebdd1c1e
CREFV-640D-3AV,0.722656,0.897135,0.500977,0.499349,1024x1536,RGBA,,caseW-low,False,True,acceptable variation,False,caseW-low; PASS_CONTENT from 424-watch black-background review,unchanged-protected,False,0.722656,0.897135,0.500977,0.499349,1024x1536,RGBA,caseW-low,acceptable variation,4c3cacb43785360389f9ea2c5721a32a184bf383097a40d3f141baa2096381c1
CREFV-640D-2BV,0.719727,0.895833,0.500488,0.5,1024x1536,RGBA,,caseW-low,False,True,acceptable variation,False,caseW-low; PASS_CONTENT from 424-watch black-background review,unchanged-protected,False,0.719727,0.895833,0.500488,0.5,1024x1536,RGBA,caseW-low,acceptable variation,2e99593720c47b8e43a96cfa0d35642c03469b84d1749beb922033aac7d7865d
CRGMA-S110VW-4A,0.884766,0.839193,0.5,0.499674,1024x1536,RGBA,,caseW-high|bboxH-low,False,False,true failure,True,"caseW-high,bboxH-low; PASS_CONTENT from 424-watch black-background review; human full-resolution review: strong perspective with looped transparent strap",rerendered-and-approved,False,0.780273,0.854167,0.499512,0.500000,1024x1536,RGBA,,PASS,8283ff09d543398961573b66228b5cf7ae4eb2ba46b74a5760ff9d3d3ff6635f
CRGMA-S110VW-2A,0.864258,0.897786,0.500488,0.499023,1024x1536,RGBA,,caseW-high,False,False,true failure,True,caseW-high; PASS_CONTENT from 424-watch black-background review; human full-resolution review: strong perspective with looped transparent strap,rerendered-and-approved,False,0.779297,0.911458,0.500000,0.500000,1024x1536,RGBA,,PASS,f5f93b15f2f9963058eed28c87a0590b69531005a1306f49f403007b0da7502f
CRGA-110AS-5A,0.884766,0.86849,0.500977,0.5,1024x1536,RGBA,,caseW-high,False,True,acceptable variation,False,caseW-high; PASS_CONTENT from 424-watch black-background review,unchanged-protected,False,0.884766,0.86849,0.500977,0.5,1024x1536,RGBA,caseW-high,acceptable variation,83c8b43f1c92437b8238f2ae496ce2515ece793784673fa0d39610bc9cd4bddf
CRGMA-P2110SC-4A,0.773438,0.897786,0.5,0.499023,1024x1536,RGBA,,,True,True,approved,False,PASS_CONTENT from 424-watch black-background review; pending v2 candidate recheck,unchanged-protected,False,0.773438,0.897786,0.5,0.499023,1024x1536,RGBA,,approved,712fc715a735cf181fe39e11c6dc2078f2d535967509a69f34cfb2b2e51b411d
CRGMA-P2110SC-2A,0.773438,0.895833,0.500977,0.5,1024x1536,RGBA,,,True,True,approved,False,PASS_CONTENT from 424-watch black-background review; pending v2 candidate recheck,unchanged-protected,False,0.773438,0.895833,0.500977,0.5,1024x1536,RGBA,,approved,be36550e359d6c81b0dd5f690222a9b10ecede4fbdc15f644f059776690421ea
CRMTP-E510D-5AV,0.735352,0.896484,0.499512,0.500326,1024x1536,RGBA,,,True,True,approved,False,PASS_CONTENT from 424-watch black-background review; pending v2 candidate recheck,unchanged-protected,False,0.735352,0.896484,0.499512,0.500326,1024x1536,RGBA,,approved,4a2e430cdcf776af10bc843081587892697ce1a505b36e18c114c520b750cb8d
CRMTP-E510D-2A2V,0.732422,0.894531,0.5,0.499349,1024x1536,RGBA,,,True,True,approved,False,PASS_CONTENT from 424-watch black-background review; pending v2 candidate recheck,unchanged-protected,False,0.732422,0.894531,0.5,0.499349,1024x1536,RGBA,,approved,4157b1ab6ad65d34a75fe63b037b8cafed99413d9e6706684dcb4484963cc0a3
CRSAB0C007W9,0.705078,0.941406,0.506836,0.492188,1024x1536,RGBA,,caseW-low,False,True,acceptable variation,False,caseW-low; PASS_CONTENT from legacy catalog black-background review,unchanged-protected,False,0.705078,0.941406,0.506836,0.492188,1024x1536,RGBA,caseW-low,acceptable variation,207d6cd46870802b1403ee965db181ac7c541c8849efeab88cb5cb169f39a713
CRDW-9052-1VDR,0.976589,0.985556,0.499164,0.499444,598x900,RGBA,,canvas|caseW-high|bboxH-high,False,False,true failure,True,"canvas,caseW-high,bboxH-high; PASS_CONTENT from legacy catalog black-background review; human full-resolution review: strong perspective with looped strap",rerendered-and-approved,False,0.779297,0.878906,0.500000,0.500000,1024x1536,RGBA,,PASS,f48eb291db5aacfb0c2f6035574cb1dfbdf38ca2359a01de930eaac003165f4e
CRSAB0C004B9,0.735352,0.935547,0.515137,0.498372,1024x1536,RGBA,,,True,True,approved,False,PASS_CONTENT from legacy catalog black-background review; pending v2 candidate recheck,unchanged-protected,False,0.735352,0.935547,0.515137,0.498372,1024x1536,RGBA,,approved,bb062f56bd0c4542a707e663d9a5c670e2ed51147f6dbf87f7d9cfaab015a26f
CRSAB0C002W9,0.75293,0.942057,0.501465,0.493164,1024x1536,RGBA,,,True,True,approved,False,PASS_CONTENT from legacy catalog black-background review; pending v2 candidate recheck,unchanged-protected,False,0.75293,0.942057,0.501465,0.493164,1024x1536,RGBA,,approved,580bb8118a37b8688ab1080f98c1ae5939572724e8dfe4776bd5975dfc7e095d
CRMTP-B315D-7AV,0.704102,0.896484,0.499512,0.499674,1024x1536,RGBA,,caseW-low,False,True,acceptable variation,False,caseW-low; PASS_CONTENT from 424-watch black-background review,unchanged-protected,False,0.704102,0.896484,0.499512,0.499674,1024x1536,RGBA,caseW-low,acceptable variation,c50039bc6e0d4179c29760059b9850c522180f2d87f7215b13c19b278459328e
CRMTP-B315D-1AV,0.702148,0.896484,0.499512,0.499674,1024x1536,RGBA,,caseW-low,False,True,acceptable variation,False,caseW-low; PASS_CONTENT from 424-watch black-background review,unchanged-protected,False,0.702148,0.896484,0.499512,0.499674,1024x1536,RGBA,caseW-low,acceptable variation,c0bfd66e6a0f4f4bb74a79b3f4f4da3efc636a96d82c11595cac94915d5e6555
CREFV-650L-7AV,0.740234,0.897135,0.499023,0.499349,1024x1536,RGBA,,,True,True,approved,False,PASS_CONTENT from 424-watch black-background review; pending v2 candidate recheck,unchanged-protected,False,0.740234,0.897135,0.499023,0.499349,1024x1536,RGBA,,approved,f3a89bab124b040beb891ffe99f573d8bc8243a3e6314fffc1b8622ea21cedac
CRGA-110RL-1A,0.879883,0.895833,0.499512,0.5,1024x1536,RGBA,,caseW-high,False,True,acceptable variation,False,caseW-high; PASS_CONTENT from 424-watch black-background review,unchanged-protected,False,0.879883,0.895833,0.499512,0.5,1024x1536,RGBA,caseW-high,acceptable variation,7a90b1ddccbccdf354e3c282316b26b79a64974872c8ad6e422a8374f4416819
CRABL-100WEGG-1B,0.780273,0.895833,0.499512,0.5,1024x1536,RGBA,,,True,True,approved,False,PASS_CONTENT from 424-watch black-background review; pending v2 candidate recheck,unchanged-protected,False,0.780273,0.895833,0.499512,0.5,1024x1536,RGBA,,approved,f944d29f2f9b5cd4a34e01dda423f9d0786901d8c47c51fc250cfa8d5ae27610
CRGA-2300-1A,0.725586,0.897786,0.500488,0.499674,1024x1536,RGBA,,caseW-low,False,False,true failure,True,caseW-low; PASS_CONTENT from 424-watch black-background review; human full-resolution review: strong perspective with looped strap,rerendered-and-approved,False,0.780273,0.911458,0.499512,0.500000,1024x1536,RGBA,,PASS,1ae2905f112009482a74ffc35630ebc02d4746c80f3997b4c1bef1858a3ec8d6
CRF20707-3,0.970588,0.985556,0.50098,0.499444,510x900,RGBA,,canvas|caseW-high|bboxH-high,False,True,acceptable variation,False,"canvas,caseW-high,bboxH-high; PASS_CONTENT from legacy catalog black-background review",unchanged-protected,False,0.970588,0.985556,0.50098,0.499444,510x900,RGBA,canvas|caseW-high|bboxH-high,acceptable variation,8ffe9291d9918160cbfef279bbf1186d5fd2b23297f03ffedc475a16a643cd5f
CRBG-169U-1C,0.976234,0.983333,0.499086,0.500556,547x900,RGBA,,canvas|caseW-high|bboxH-high,False,True,acceptable variation,False,"canvas,caseW-high,bboxH-high; PASS_CONTENT from legacy catalog black-background review",unchanged-protected,False,0.976234,0.983333,0.499086,0.500556,547x900,RGBA,canvas|caseW-high|bboxH-high,acceptable variation,cba8daaa98d804ddd2c01c708a6ff778189303786a50137c9deca17bb9039dae
CRBGA-15K-4A,0.975221,0.984444,0.5,0.498889,565x900,RGBA,,canvas|caseW-high|bboxH-high,False,True,acceptable variation,False,"canvas,caseW-high,bboxH-high; PASS_CONTENT from legacy catalog black-background review",unchanged-protected,False,0.975221,0.984444,0.5,0.498889,565x900,RGBA,canvas|caseW-high|bboxH-high,acceptable variation,629811bb2bc5ac0c07391548f1589bbdea3027b415f804d72ab525ab56c3e702
CREFB-109D-7AV,0.673828,0.897786,0.5,0.499023,1024x1536,RGBA,,caseW-low,False,True,acceptable variation,False,caseW-low; PASS_CONTENT from 424-watch black-background review,unchanged-protected,False,0.673828,0.897786,0.5,0.499023,1024x1536,RGBA,caseW-low,acceptable variation,e05d22d1e455f653f30f36ab13953133152127d06e964f3541d49fc02e51f1f4
CREFB-109D-1AV,0.673828,0.898438,0.5,0.499349,1024x1536,RGBA,,caseW-low,False,True,acceptable variation,False,caseW-low; PASS_CONTENT from 424-watch black-background review,unchanged-protected,False,0.673828,0.898438,0.5,0.499349,1024x1536,RGBA,caseW-low,acceptable variation,e4c6c7b884fc8bb73b74c9acb0d805ed70ad5beba1399b4fdfb3f2d474156d33
CRABL-100WE-1B,0.973333,0.983333,0.501905,0.499444,525x900,RGBA,,canvas|caseW-high|bboxH-high,False,True,acceptable variation,False,"canvas,caseW-high,bboxH-high; PASS_CONTENT from legacy catalog black-background review",unchanged-protected,False,0.973333,0.983333,0.501905,0.499444,525x900,RGBA,canvas|caseW-high|bboxH-high,acceptable variation,ac82be38d233b800fa3dc2344ade49b290bc58a355410afa4d3f142549c3880d
CRAMW-880D-1A,0.974453,0.987778,0.499088,0.499444,548x900,RGBA,,canvas|caseW-high|bboxH-high,False,False,true failure,True,"canvas,caseW-high,bboxH-high; PASS_CONTENT from legacy catalog black-background review; human full-resolution review: strong perspective with looped bracelet",rerendered-and-approved,False,0.779297,0.908854,0.500000,0.500000,1024x1536,RGBA,,PASS,7263ed757e1989138c63605465e83f0979447f26adb59359a0415f33177ca0b1
CRFAB0000EB,0.719727,0.928385,0.492676,0.496094,1024x1536,RGBA,,caseW-low,False,True,acceptable variation,False,caseW-low; PASS_CONTENT from legacy catalog black-background review,unchanged-protected,False,0.719727,0.928385,0.492676,0.496094,1024x1536,RGBA,caseW-low,acceptable variation,286ffedfdfa1cd5c744236ab66a85bf4bafd21e15c63cbd1473c99845783d8a3
CREFV-160D-2BV,0.719727,0.896484,0.499512,0.500326,1024x1536,RGBA,,caseW-low,False,True,acceptable variation,False,caseW-low; PASS_CONTENT from 424-watch black-background review,unchanged-protected,False,0.719727,0.896484,0.499512,0.500326,1024x1536,RGBA,caseW-low,acceptable variation,e5432d128c5968aca85558af941c2603e1b21910a23b0776d228dec353b9f26c
CRMTP-B210D-7AV,0.672852,0.898438,0.499512,0.498698,1024x1536,RGBA,,caseW-low,False,True,acceptable variation,False,caseW-low; PASS_CONTENT from 424-watch black-background review,unchanged-protected,False,0.672852,0.898438,0.499512,0.498698,1024x1536,RGBA,caseW-low,acceptable variation,55824ac4fbda770f18831ea8e0e063b592de624f9567d3f46ecf86688e75c3cd
CRMTP-B210D-2A2V,0.670898,0.897786,0.500488,0.500326,1024x1536,RGBA,,caseW-low,False,True,acceptable variation,False,caseW-low; PASS_CONTENT from 424-watch black-background review,unchanged-protected,False,0.670898,0.897786,0.500488,0.500326,1024x1536,RGBA,caseW-low,acceptable variation,bfa8d5ec5f7498e85352a5a002a3f4b1026a5dc53195abafdb7883aab27afc22
CRMTP-B210D-2A1V,0.668945,0.896484,0.499512,0.499674,1024x1536,RGBA,,caseW-low,False,True,acceptable variation,False,caseW-low; PASS_CONTENT from 424-watch black-background review,unchanged-protected,False,0.668945,0.896484,0.499512,0.499674,1024x1536,RGBA,caseW-low,acceptable variation,56abc39aeef92e74f38f5f1b718eb69eee99c1722bc1393b9e4d95d31aa8155a
CRMTP-B210D-1AV,0.669922,0.897135,0.5,0.500651,1024x1536,RGBA,,caseW-low,False,True,acceptable variation,False,caseW-low; PASS_CONTENT from 424-watch black-background review,unchanged-protected,False,0.669922,0.897135,0.5,0.500651,1024x1536,RGBA,caseW-low,acceptable variation,817e0cc4bde4cf425e04a6cf983e1ddaaf773f1b18dab58f7d4b1e66cc4bc7a2
CREFV-C120D-1A4,0.772461,0.897135,0.500488,0.499349,1024x1536,RGBA,,,True,True,approved,False,PASS_CONTENT from 424-watch black-background review; pending v2 candidate recheck,unchanged-protected,False,0.772461,0.897135,0.500488,0.499349,1024x1536,RGBA,,approved,c90c5b0883de178fa046fdf728ae2adb21288eca2a9632d3d86b11f86220817d
CREFB-109D-2AV,0.673828,0.895833,0.500977,0.5,1024x1536,RGBA,,caseW-low,False,True,acceptable variation,False,caseW-low; PASS_CONTENT from 424-watch black-background review,unchanged-protected,False,0.673828,0.895833,0.500977,0.5,1024x1536,RGBA,caseW-low,acceptable variation,e16c2b11746c53b66335672dbeaa7f66b1e9afaff898cfdf5f9267ef08a44bb1
CREFV-650D-3A,0.743164,0.897786,0.499512,0.499674,1024x1536,RGBA,,,True,True,approved,False,PASS_CONTENT from 424-watch black-background review; pending v2 candidate recheck,unchanged-protected,False,0.743164,0.897786,0.499512,0.499674,1024x1536,RGBA,,approved,99082f0d9946b2361310b6033bfa0e26b5aaa18e4ba7b8e50e3d418692654f74
CRBGA-10-3A,0.975652,0.985556,0.501739,0.499444,575x900,RGBA,,canvas|caseW-high|bboxH-high,False,True,acceptable variation,False,"canvas,caseW-high,bboxH-high; PASS_CONTENT from legacy catalog black-background review",unchanged-protected,False,0.975652,0.985556,0.501739,0.499444,575x900,RGBA,canvas|caseW-high|bboxH-high,acceptable variation,d53524b909b5a9152b5ce23e088cb6bff24e58e701a11524f06c35612c265b58
CRGMA-P2100PP-4A,0.757812,0.897786,0.5,0.500977,1024x1536,RGBA,,,True,True,approved,False,PASS_CONTENT from 424-watch black-background review; pending v2 candidate recheck,unchanged-protected,False,0.757812,0.897786,0.5,0.500977,1024x1536,RGBA,,approved,89b671ca3b2eee88757db097f9bced72b68ec2fd74e3efc87d036419210f3865
CRMTS-RS100D-3AV,0.701172,0.895833,0.499023,0.5,1024x1536,RGBA,,caseW-low,False,True,acceptable variation,False,caseW-low; PASS_CONTENT from 424-watch black-background review,unchanged-protected,False,0.701172,0.895833,0.499023,0.5,1024x1536,RGBA,caseW-low,acceptable variation,8c079f224b32e95e2abc19fb8dcf35c8f1c05b1f1feccb0b2df6bd8a9c874419
CRMTS-RS100D-2AV,0.698242,0.897135,0.498535,0.5,1024x1536,RGBA,,caseW-low,False,True,acceptable variation,False,caseW-low; PASS_CONTENT from 424-watch black-background review,unchanged-protected,False,0.698242,0.897135,0.498535,0.5,1024x1536,RGBA,caseW-low,acceptable variation,127860f31fc2b3ef614a8e81c7d3ca4d8c3afa7bbb34e0588fa88d51e1747439
CREFV-C120D-1A,0.74707,0.895182,0.499512,0.499674,1024x1536,RGBA,,,True,True,approved,False,PASS_CONTENT from 424-watch black-background review; pending v2 candidate recheck,unchanged-protected,False,0.74707,0.895182,0.499512,0.499674,1024x1536,RGBA,,approved,2e235d85ca90bbf6e6bbecc1218b0a71e1f5d85a58f7d7ad49ebbefcc2a48764
CRAMW-870D-1A,0.966229,0.984444,0.501876,0.501111,533x900,RGBA,,canvas|caseW-high|bboxH-high,False,False,true failure,True,"canvas,caseW-high,bboxH-high; PASS_CONTENT from legacy catalog black-background review; human full-resolution review: strong perspective with looped bracelet",rerendered-and-approved,False,0.779297,0.881510,0.499512,0.500000,1024x1536,RGBA,,PASS,9c32310a2fea71849fc2ad901efdeb80ecbad90f0c3fe7acd55a262c1d3e694f
CRFAB0000DK9,0.666016,0.90625,0.510742,0.490234,1024x1536,RGBA,,caseW-low,False,True,acceptable variation,False,caseW-low; PASS_CONTENT from legacy catalog black-background review,unchanged-protected,False,0.666016,0.90625,0.510742,0.490234,1024x1536,RGBA,caseW-low,acceptable variation,d9c24f9e43918310879aa5bafd795ccf315fba9d9054374b0e16ee48d2655d13
CRBGA-10D-6A,0.974138,0.985556,0.500862,0.500556,580x900,RGBA,,canvas|caseW-high|bboxH-high,False,True,acceptable variation,False,"canvas,caseW-high,bboxH-high; PASS_CONTENT from legacy catalog black-background review",unchanged-protected,False,0.974138,0.985556,0.500862,0.500556,580x900,RGBA,canvas|caseW-high|bboxH-high,acceptable variation,95e90679a44683a4c811be9e717126e12ce2bc9dc171ef117a9b6cdd96d4f0cb
CRRF1207EFR-552D-2A,0.777344,0.897135,0.499023,0.5,1024x1536,RGBA,,,True,True,approved,False,PASS_CONTENT from 424-watch black-background review; pending v2 candidate recheck,unchanged-protected,False,0.777344,0.897135,0.499023,0.5,1024x1536,RGBA,,approved,307dda4a3e92db76f7aa2e761dd416981fdc707b1815a2d48d54da26e0832cce
CREFR-552D-2A,0.777344,0.897135,0.499023,0.5,1024x1536,RGBA,,,True,True,approved,False,PASS_CONTENT from 424-watch black-background review; pending v2 candidate recheck,unchanged-protected,False,0.777344,0.897135,0.499023,0.5,1024x1536,RGBA,,approved,307dda4a3e92db76f7aa2e761dd416981fdc707b1815a2d48d54da26e0832cce
CREFR-526D-2A,0.763672,0.898438,0.5,0.500651,1024x1536,RGBA,,,True,True,approved,False,PASS_CONTENT from 424-watch black-background review; pending v2 candidate recheck,unchanged-protected,False,0.763672,0.898438,0.5,0.500651,1024x1536,RGBA,,approved,11aca258bbd282f433cf58cf69c8382f03661620361dee9668c079666bf37ed3
CRAMW-880D-3AV,0.976415,0.984444,0.499214,0.501111,636x900,RGBA,,canvas|caseW-high|bboxH-high,False,True,acceptable variation,False,"canvas,caseW-high,bboxH-high; PASS_CONTENT from legacy catalog black-background review; human full-resolution review: human visual review accepted: oversized crop with bracelet largely outside frame",unchanged-protected,False,0.976415,0.984444,0.499214,0.501111,636x900,RGBA,canvas|caseW-high|bboxH-high,acceptable variation,e7c119e0d4b9945c24d9437d746a9baab0eb4f7e3d5945aa4546b93eff3426d6
CRBGA-10D-2A1,0.974138,0.982222,0.499138,0.5,580x900,RGBA,,canvas|caseW-high|bboxH-high,False,True,acceptable variation,False,"canvas,caseW-high,bboxH-high; PASS_CONTENT from legacy catalog black-background review",unchanged-protected,False,0.974138,0.982222,0.499138,0.5,580x900,RGBA,canvas|caseW-high|bboxH-high,acceptable variation,d2bdd22b4dbf0513682bc7e87b134bdcea5dd49d34017c141d51b7a21b468558
CRMTP-M307D-3BV,0.592773,0.897786,0.499023,0.500326,1024x1536,RGBA,,caseW-low,False,True,acceptable variation,False,caseW-low; PASS_CONTENT from 424-watch black-background review,unchanged-protected,False,0.592773,0.897786,0.499023,0.500326,1024x1536,RGBA,caseW-low,acceptable variation,5d5f3a93b6b24fa1ee3ced75a37cf373eede9dd8c076f8e515aaa6b8c331571a
CRMTP-M307D-2BV,0.591797,0.897786,0.5,0.499674,1024x1536,RGBA,,caseW-low,False,True,acceptable variation,False,caseW-low; PASS_CONTENT from 424-watch black-background review,unchanged-protected,False,0.591797,0.897786,0.5,0.499674,1024x1536,RGBA,caseW-low,acceptable variation,ccee39cf73de555a1825c73fd1fdb986ab0842dba7ae45878db75071bd3dc5dd
CRMTP-M307D-1BV,0.59375,0.895833,0.5,0.5,1024x1536,RGBA,,caseW-low,False,True,acceptable variation,False,caseW-low; PASS_CONTENT from 424-watch black-background review,unchanged-protected,False,0.59375,0.895833,0.5,0.5,1024x1536,RGBA,caseW-low,acceptable variation,cb50864639cd46a9e15541de0c971e7dd4123080374530f37b7013bc9546be94
CRMTP-M306M-8AV,0.746094,0.895182,0.500488,0.499674,1024x1536,RGBA,,,True,True,approved,False,PASS_CONTENT from 424-watch black-background review; pending v2 candidate recheck,unchanged-protected,False,0.746094,0.895182,0.500488,0.499674,1024x1536,RGBA,,approved,13a5b2432dce61ec06a3f413392ba059dd1319ca046150a782e4f213dd00bc88
CRMTP-M306M-1AV,0.750977,0.895833,0.5,0.500651,1024x1536,RGBA,,,True,True,approved,False,PASS_CONTENT from 424-watch black-background review; pending v2 candidate recheck,unchanged-protected,False,0.750977,0.895833,0.5,0.500651,1024x1536,RGBA,,approved,d438a389bf42a007a071c6a4161bc0e6c22b26be0dbb7ab1746140f7dad2dcbf
CRMTP-M306D-7AV,0.597656,0.897786,0.5,0.499023,1024x1536,RGBA,,caseW-low,False,True,acceptable variation,False,caseW-low; PASS_CONTENT from 424-watch black-background review,unchanged-protected,False,0.597656,0.897786,0.5,0.499023,1024x1536,RGBA,caseW-low,acceptable variation,3e8e88b934d9c222835d3d72ab8ec9a68b3578721b0113b922f4f4544211be46
CRMTP-M306D-2AV,0.59375,0.897786,0.498535,0.500977,1024x1536,RGBA,,caseW-low,False,True,acceptable variation,False,caseW-low; PASS_CONTENT from 424-watch black-background review,unchanged-protected,False,0.59375,0.897786,0.498535,0.500977,1024x1536,RGBA,caseW-low,acceptable variation,8acd132ee600ab652f0e222fa6e4cc7d33a32d9a4773bb4b3d72b2ddfeea517a
CRMTP-M306D-1AV,0.595703,0.895833,0.499023,0.5,1024x1536,RGBA,,caseW-low,False,True,acceptable variation,False,caseW-low; PASS_CONTENT from 424-watch black-background review,unchanged-protected,False,0.595703,0.895833,0.499023,0.5,1024x1536,RGBA,caseW-low,acceptable variation,dc66f715f4406b07891cba6c587842ec0da8fa220b2b35bd7543f59b7e3d0c42
CRDW-9052-2VDR,0.978648,0.984444,0.5,0.498889,562x900,RGBA,,canvas|caseW-high|bboxH-high,False,True,acceptable variation,False,"canvas,caseW-high,bboxH-high; PASS_CONTENT from legacy catalog black-background review",unchanged-protected,False,0.978648,0.984444,0.5,0.498889,562x900,RGBA,canvas|caseW-high|bboxH-high,acceptable variation,2c19e2d74aa3d01f366557b583944614135a4dcdf3251da6a6b7c90a5b809b30
CRGMA-S140PG-1A,0.883789,0.899089,0.498535,0.499674,1024x1536,RGBA,,caseW-high,False,True,acceptable variation,False,caseW-high; PASS_CONTENT from 424-watch black-background review,unchanged-protected,False,0.883789,0.899089,0.498535,0.499674,1024x1536,RGBA,caseW-high,acceptable variation,4793122b72f90ad5031d51b2a5e6e60b528215861770942d9a2915129ae27c40
CRAQ-800EG-9A,0.962306,0.986667,0.5,0.5,451x900,RGBA,,canvas|caseW-high|bboxH-high,False,True,acceptable variation,False,"canvas,caseW-high,bboxH-high; PASS_CONTENT from legacy catalog black-background review",unchanged-protected,False,0.962306,0.986667,0.5,0.5,451x900,RGBA,canvas|caseW-high|bboxH-high,acceptable variation,61446e2a635e342edf0ef844f5be32a41d76ef288c3b0999c6ab202e6d57de82
CRDBC-611-1DF,0.96319,0.983333,0.501022,0.500556,489x900,RGBA,,canvas|caseW-high|bboxH-high,False,False,true failure,True,"canvas,caseW-high,bboxH-high; PASS_CONTENT from legacy catalog black-background review; human full-resolution review: strong perspective with looped bracelet",rerendered-and-approved,False,0.780273,0.911458,0.499512,0.500000,1024x1536,RGBA,,PASS,c9b602b684c1d1a016e64fa08719dd9366408d2c9c1a9f2c19f998898586c84c
CRBGA-15K-7A,0.850586,0.896484,0.500488,0.499674,1024x1536,RGBA,,caseW-high,False,True,acceptable variation,False,caseW-high; PASS_CONTENT from 424-watch black-background review,unchanged-protected,False,0.850586,0.896484,0.500488,0.499674,1024x1536,RGBA,caseW-high,acceptable variation,2b90da389ffd01b9a7399d5ef19df6001b2b241d8e9f51b511b8d829fc70a2e7
CRA168WEGB-1B,0.953629,0.98,0.5,0.498889,496x900,RGBA,,canvas|caseW-high|bboxH-high,False,False,true failure,True,"canvas,caseW-high,bboxH-high; PASS_CONTENT from legacy catalog black-background review; human full-resolution review: strong perspective with looped bracelet",rerendered-and-approved,False,0.780273,0.911458,0.500000,0.500000,1024x1536,RGBA,,PASS,82f545e468885e4a052d6fd1fb4a82bbd67966bba7c1bb03a4eb08fbdcf06e0c
CREFV-160D-4AV,0.71582,0.897786,0.498535,0.499674,1024x1536,RGBA,,caseW-low,False,True,acceptable variation,False,caseW-low; PASS_CONTENT from 424-watch black-background review,unchanged-protected,False,0.71582,0.897786,0.498535,0.499674,1024x1536,RGBA,caseW-low,acceptable variation,404c891689f6d70dc20627ec77319f6c98e80b0d3c3d65467c0e3b0dd47df92f
CRGA-100BEG-1A,0.881836,0.880859,0.499512,0.500977,1024x1536,RGBA,,caseW-high,False,True,acceptable variation,False,caseW-high; PASS_CONTENT from 424-watch black-background review,unchanged-protected,False,0.881836,0.880859,0.499512,0.500977,1024x1536,RGBA,caseW-high,acceptable variation,4e761dd9cc9fed589136519ddad475946b0a7dad9945853185103786077ff910
CRMTP-B215D-2AV,0.478516,0.899089,0.498535,0.499674,1024x1536,RGBA,,caseW-low,False,True,acceptable variation,False,caseW-low; PASS_CONTENT from 424-watch black-background review,unchanged-protected,False,0.478516,0.899089,0.498535,0.499674,1024x1536,RGBA,caseW-low,acceptable variation,0398d87e8bc29f43aed8a22a0fdf05776da3ee7ffd84f58489944298a4797723
CRMTP-B190G-9BV,0.544922,0.898438,0.499023,0.5,1024x1536,RGBA,,caseW-low,False,True,acceptable variation,False,caseW-low; PASS_CONTENT from 424-watch black-background review,unchanged-protected,False,0.544922,0.898438,0.499023,0.5,1024x1536,RGBA,caseW-low,acceptable variation,6a0533051d4edeaf6f218c97d159fe448f8e097d3174e491d44f63671255b163
CREFV-160D-2A,0.700195,0.896484,0.499512,0.499674,1024x1536,RGBA,,caseW-low,False,True,acceptable variation,False,caseW-low; PASS_CONTENT from 424-watch black-background review,unchanged-protected,False,0.700195,0.896484,0.499512,0.499674,1024x1536,RGBA,caseW-low,acceptable variation,efce16380b8461720dfb70cb84e9b6afb8623b704a773f67afc486b7df1e8324
CREFV-160D-1A,0.699219,0.896484,0.5,0.499674,1024x1536,RGBA,,caseW-low,False,True,acceptable variation,False,caseW-low; PASS_CONTENT from 424-watch black-background review,unchanged-protected,False,0.699219,0.896484,0.5,0.499674,1024x1536,RGBA,caseW-low,acceptable variation,60ca6336b23c39672f360532555ff1782eeabc5d96d5717b0ab67990b66a7093
CRGMD-B300SC-4,0.84668,0.895833,0.5,0.5,1024x1536,RGBA,,caseW-high,False,True,acceptable variation,False,caseW-high; PASS_CONTENT from 424-watch black-background review,unchanged-protected,False,0.84668,0.895833,0.5,0.5,1024x1536,RGBA,caseW-high,acceptable variation,54117d73d5e75f101c700aff2820b9c9c7bae7eb3e68d30dc63774f484e9d0f0
CRGMD-B300-4,0.871094,0.89974,0.5,0.5,1024x1536,RGBA,,caseW-high,False,True,acceptable variation,False,caseW-high; PASS_CONTENT from 424-watch black-background review,unchanged-protected,False,0.871094,0.89974,0.5,0.5,1024x1536,RGBA,caseW-high,acceptable variation,2bbfbf0bd4f0001ad3a8c169233e0e9e02baf8df9ab3ca55d599642e422a8682
CRGMD-S5600NC-9,0.837891,0.899089,0.500977,0.499674,1024x1536,RGBA,,caseW-high,False,False,true failure,True,caseW-high; PASS_CONTENT from 424-watch black-background review; human full-resolution review: strong perspective with looped strap,rerendered-and-approved,False,0.779297,0.911458,0.500000,0.500000,1024x1536,RGBA,,PASS,559fb34a1a8e7aa3292b404435e0747415ce42f93e15c583f12fb33d8fc1b18b
CRGMA-S2100NC-4A,0.794922,0.897786,0.5,0.499023,1024x1536,RGBA,,,True,False,true failure,True,PASS_CONTENT from 424-watch black-background review; pending v2 candidate recheck; human full-resolution review: strong perspective with looped strap,rerendered-and-approved,False,0.779297,0.911458,0.500000,0.500000,1024x1536,RGBA,,PASS,609d9ceb7e1ec186b112f65aa2928c7b927f4c865d81077853e508ad55ad6e54
CREFV-650D-1A,0.751953,0.897786,0.499023,0.500977,1024x1536,RGBA,,,True,True,approved,False,PASS_CONTENT from 424-watch black-background review; pending v2 candidate recheck,unchanged-protected,False,0.751953,0.897786,0.499023,0.500977,1024x1536,RGBA,,approved,f887272f3eaf7da00c2cf52fd688247d07c4b0570799ba9507b5d09550b9ce0f
CRBGA-15K-6A,0.822266,0.895833,0.5,0.5,1024x1536,RGBA,,,True,True,approved,False,PASS_CONTENT from 424-watch black-background review; pending v2 candidate recheck,unchanged-protected,False,0.822266,0.895833,0.5,0.5,1024x1536,RGBA,,approved,e10998a7901d5c04d0b3275abd7e333da333f611b92181f66fa9dc4b05eae176
CRGMA-S140PG-7A,0.893555,0.895833,0.499512,0.498698,1024x1536,RGBA,,caseW-high,False,True,acceptable variation,False,caseW-high; PASS_CONTENT from 424-watch black-background review,unchanged-protected,False,0.893555,0.895833,0.499512,0.498698,1024x1536,RGBA,caseW-high,acceptable variation,c5171da985e4eb367eae89afa7ea420650b8bd982719079526e5a99678d7ebcb
CREFV-160D-7A,0.698242,0.897786,0.499512,0.499023,1024x1536,RGBA,,caseW-low,False,True,acceptable variation,False,caseW-low; PASS_CONTENT from 424-watch black-background review,unchanged-protected,False,0.698242,0.897786,0.499512,0.499023,1024x1536,RGBA,caseW-low,acceptable variation,de15135e92d7510cf73e57af4e41e59909301c8f0ed82169d7bae7169b44f5e6
CREFV-160D-3A,0.697266,0.896484,0.5,0.499674,1024x1536,RGBA,,caseW-low,False,True,acceptable variation,False,caseW-low; PASS_CONTENT from 424-watch black-background review,unchanged-protected,False,0.697266,0.896484,0.5,0.499674,1024x1536,RGBA,caseW-low,acceptable variation,ddd5992d45aef4219bfaa7eb651336f0e9a5e3c2fe6834f75ec60781a34d52d5
CRABL-100WEG-9A,0.780273,0.895833,0.500977,0.5,1024x1536,RGBA,,,True,True,approved,False,PASS_CONTENT from 424-watch black-background review; pending v2 candidate recheck,unchanged-protected,False,0.780273,0.895833,0.500977,0.5,1024x1536,RGBA,,approved,17a0af3487c2bb9f2d858bd666ca655157dcbf0980412ca2464a3837bb84f93d
CRF16477-1,0.969957,0.986667,0.502146,0.5,466x900,RGBA,,canvas|caseW-high|bboxH-high,False,True,acceptable variation,False,"canvas,caseW-high,bboxH-high; PASS_CONTENT from legacy catalog black-background review",unchanged-protected,False,0.969957,0.986667,0.502146,0.5,466x900,RGBA,canvas|caseW-high|bboxH-high,acceptable variation,e9d5ed86acd67b558fe2ecfe54b1a5170a14154d9bd54fd028ef4b7fa68a1509
CRA130WEG-9A,0.655273,0.897135,0.500488,0.499349,1024x1536,RGBA,,caseW-low,False,True,acceptable variation,False,caseW-low; PASS_CONTENT from 424-watch black-background review,unchanged-protected,False,0.655273,0.897135,0.500488,0.499349,1024x1536,RGBA,caseW-low,acceptable variation,e6b05b27210dc06d21280397b0d7ef3b2309e1a071b5c04683a7d275411c8547
CRAMW-880D-9AV,0.884766,0.839844,0.500977,0.500651,1024x1536,RGBA,,caseW-high|bboxH-low,False,True,acceptable variation,False,"caseW-high,bboxH-low; PASS_CONTENT from 424-watch black-background review; human full-resolution review: human visual review accepted: oversized crop with bracelet largely outside frame",unchanged-protected,False,0.884766,0.839844,0.500977,0.500651,1024x1536,RGBA,caseW-high|bboxH-low,acceptable variation,f131a3f19dcc3a5bead4e5db5c8dd38c5e1db372f8abd58d3e49f165e8d57b06
CRAMW-880D-2A1V,0.881836,0.838542,0.500488,0.500651,1024x1536,RGBA,,caseW-high|bboxH-low,False,True,acceptable variation,False,"caseW-high,bboxH-low; PASS_CONTENT from 424-watch black-background review; human full-resolution review: human visual review accepted: oversized crop with bracelet largely outside frame",unchanged-protected,False,0.881836,0.838542,0.500488,0.500651,1024x1536,RGBA,caseW-high|bboxH-low,acceptable variation,c357e7e8bcfe544f349c3f919b4e9b8bc32dc288a695d6aed136713638d3bde7
CRMTD-125D-3AV,0.885742,0.852214,0.500488,0.499674,1024x1536,RGBA,,caseW-high,False,True,acceptable variation,False,caseW-high; PASS_CONTENT from 424-watch black-background review,unchanged-protected,False,0.885742,0.852214,0.500488,0.499674,1024x1536,RGBA,caseW-high,acceptable variation,33d81e90a975e6a26b1e7d3cef212abe9cb5f804c474e58352f569c9c3bfa96b
CRGD-010BEG-1,0.882812,0.85612,0.5,0.499674,1024x1536,RGBA,,caseW-high,False,True,acceptable variation,False,caseW-high; PASS_CONTENT from 424-watch black-background review,unchanged-protected,False,0.882812,0.85612,0.5,0.499674,1024x1536,RGBA,caseW-high,acceptable variation,7cd5d347e11fa1b20f344e6d92280e8d267cd83be8f55cdf9c91b998e842c18e
CRGA-700BEG-1A,0.883789,0.826172,0.498535,0.499023,1024x1536,RGBA,,caseW-high|bboxH-low,False,True,acceptable variation,False,"caseW-high,bboxH-low; PASS_CONTENT from 424-watch black-background review",unchanged-protected,False,0.883789,0.826172,0.498535,0.499023,1024x1536,RGBA,caseW-high|bboxH-low,acceptable variation,f9e8e5486735670b0567d9d6b48ae6de95f0d97eb273a46d1116c54f1a1f7fbe
CRMTP-B190SG-9BV,0.527344,0.890625,0.476562,0.494792,1024x1536,RGBA,,caseW-low,False,True,acceptable variation,False,caseW-low; PASS_CONTENT from 424-watch black-background review,unchanged-protected,False,0.527344,0.890625,0.476562,0.494792,1024x1536,RGBA,caseW-low,acceptable variation,97d64d167be8792e8675f155f1a8868018f5f8d68717121d221e60d3de4647fd
CRRF913AMW-880D-1A,0.808594,0.896484,0.499023,0.500326,1024x1536,RGBA,,,True,False,true failure,True,PASS_CONTENT from 424-watch black-background review; pending v2 candidate recheck; human full-resolution review: strong perspective with looped bracelet,rerendered-and-approved,False,0.778320,0.874349,0.500488,0.500326,1024x1536,RGBA,,PASS,8d74f09814d7bc3ee614b66bf40a8845fdc09f7ee0f795b737f339f1d359ab29
CRMTS-115D-8AV,0.69043,0.895833,0.498535,0.5,1024x1536,RGBA,,caseW-low,False,True,acceptable variation,False,caseW-low; PASS_CONTENT from 424-watch black-background review,unchanged-protected,False,0.69043,0.895833,0.498535,0.5,1024x1536,RGBA,caseW-low,acceptable variation,95a8515cf6e83133c3ac770d30bb9fc786f22ac135b96e887987cbfa17208ac1
CRMTS-115D-7AV,0.697266,0.896484,0.499023,0.499674,1024x1536,RGBA,,caseW-low,False,True,acceptable variation,False,caseW-low; PASS_CONTENT from 424-watch black-background review,unchanged-protected,False,0.697266,0.896484,0.499023,0.499674,1024x1536,RGBA,caseW-low,acceptable variation,727e8ad076c2c909c35ddb6ea1b77d95196bfcae046274008d3f05776df93c94
CRMTS-115D-1AV,0.689453,0.895833,0.5,0.5,1024x1536,RGBA,,caseW-low,False,True,acceptable variation,False,caseW-low; PASS_CONTENT from 424-watch black-background review,unchanged-protected,False,0.689453,0.895833,0.5,0.5,1024x1536,RGBA,caseW-low,acceptable variation,bd151664823d01ffa02ce76bb00bea4ab8fec3dc5bfc667186b2fed5711512b5
CRMTP-B185B-7AV,0.615234,0.897135,0.5,0.499349,1024x1536,RGBA,,caseW-low,False,True,acceptable variation,False,caseW-low; PASS_CONTENT from 424-watch black-background review,unchanged-protected,False,0.615234,0.897135,0.5,0.499349,1024x1536,RGBA,caseW-low,acceptable variation,47c1a2d1c36f783de248235c1b9a89bb7236c717e5e1b1ec546239f0058b499a
CRMTD-125D-7AV,0.764648,0.897786,0.501465,0.499023,1024x1536,RGBA,,,True,True,approved,False,PASS_CONTENT from 424-watch black-background review; pending v2 candidate recheck,unchanged-protected,False,0.764648,0.897786,0.501465,0.499023,1024x1536,RGBA,,approved,5ad286c88859cf0cde45d71f4ef7c67d45810bd4a3472447cf20de26fc0b2fa2
CRMTD-125D-2A3V,0.768555,0.897786,0.499512,0.500977,1024x1536,RGBA,,,True,True,approved,False,PASS_CONTENT from 424-watch black-background review; pending v2 candidate recheck,unchanged-protected,False,0.768555,0.897786,0.499512,0.500977,1024x1536,RGBA,,approved,13b5d2231ecba61969dc1a30af1f65f588d37c37e0d3b935e92deab81ca80cd0
CRMTD-125D-1A3V,0.772461,0.897786,0.500488,0.499674,1024x1536,RGBA,,,True,True,approved,False,PASS_CONTENT from 424-watch black-background review; pending v2 candidate recheck,unchanged-protected,False,0.772461,0.897786,0.500488,0.499674,1024x1536,RGBA,,approved,424e2ce023facd2effa5c63a9948896f2102447bc9ec921f3f9c2ef378dd5665
CRMDV-107D-8AV,0.882812,0.813802,0.5,0.5,1024x1536,RGBA,,caseW-high|bboxH-low,False,True,acceptable variation,False,"caseW-high,bboxH-low; PASS_CONTENT from 424-watch black-background review; human full-resolution review: human visual review accepted: strong perspective with bracelet largely outside frame",unchanged-protected,False,0.882812,0.813802,0.5,0.5,1024x1536,RGBA,caseW-high|bboxH-low,acceptable variation,7da414192d88b3ba401401b454ad7b2c96eab632f711e33a1c8f81c3c5dd3dd1
CRGMA-P2100BB-1A,0.824219,0.895833,0.5,0.5,1024x1536,RGBA,,,True,True,approved,False,PASS_CONTENT from 424-watch black-background review; pending v2 candidate recheck,unchanged-protected,False,0.824219,0.895833,0.5,0.5,1024x1536,RGBA,,approved,cc28035c4980ba81a28ed86ac421309ea304fc079011abecca6bafc8403e02ee
CRBGA-10D-2A2,0.854492,0.897786,0.499512,0.500326,1024x1536,RGBA,,caseW-high,False,True,acceptable variation,False,caseW-high; PASS_CONTENT from 424-watch black-background review,unchanged-protected,False,0.854492,0.897786,0.499512,0.500326,1024x1536,RGBA,caseW-high,acceptable variation,3b304ddf9c3eb2a62a805fa323834a7e4afd1f98bc98b0bafb1ae18c78384398
CRMDV-107D-1A2,0.884766,0.817708,0.5,0.5,1024x1536,RGBA,,caseW-high|bboxH-low,False,True,acceptable variation,False,"caseW-high,bboxH-low; PASS_CONTENT from 424-watch black-background review; human full-resolution review: human visual review accepted: strong perspective with bracelet largely outside frame",unchanged-protected,False,0.884766,0.817708,0.5,0.5,1024x1536,RGBA,caseW-high|bboxH-low,acceptable variation,e4e9aab99ed6c39d3ef347e379e2c720f49073ddc68aaa64b5243b5b22e4c0da
EAMDV-106B-2A,0.973886,0.98,0.499232,0.5,651x900,RGBA,,canvas|caseW-high|bboxH-high,False,True,acceptable variation,False,"canvas,caseW-high,bboxH-high; PASS_CONTENT from legacy catalog black-background review; human full-resolution review: human visual review accepted: strong perspective with strap largely outside frame",unchanged-protected,False,0.973886,0.98,0.499232,0.5,651x900,RGBA,canvas|caseW-high|bboxH-high,acceptable variation,6f235faadb14a4a76949b67907264268b3b34c602584df45bfb5669b5ab0cbc9
EATRT-110H-1A,0.970769,0.985556,0.500769,0.500556,650x900,RGBA,,canvas|caseW-high|bboxH-high,False,True,acceptable variation,False,"canvas,caseW-high,bboxH-high; PASS_CONTENT from legacy catalog black-background review",unchanged-protected,False,0.970769,0.985556,0.500769,0.500556,650x900,RGBA,canvas|caseW-high|bboxH-high,acceptable variation,bb1e671e2ba865fa65ad4df8d6c0e17d5989f675f70f0064ca935a9180ff731e
EAMDV-106B-1A1,0.975498,0.987778,0.5,0.499444,653x900,RGBA,,canvas|caseW-high|bboxH-high,False,True,acceptable variation,False,"canvas,caseW-high,bboxH-high; PASS_CONTENT from legacy catalog black-background review; human full-resolution review: human visual review accepted: strong perspective with strap largely outside frame",unchanged-protected,False,0.975498,0.987778,0.5,0.499444,653x900,RGBA,canvas|caseW-high|bboxH-high,acceptable variation,122710835acf5868e7f6c2b00c42f407052b30bb7d878877170d1ddb322b6059
EAMDV-106G-1A,0.976923,0.981111,0.499231,0.498333,650x900,RGBA,,canvas|caseW-high|bboxH-high,False,True,acceptable variation,False,"canvas,caseW-high,bboxH-high; PASS_CONTENT from legacy catalog black-background review; human full-resolution review: human visual review accepted: strong perspective with strap largely outside frame",unchanged-protected,False,0.976923,0.981111,0.499231,0.498333,650x900,RGBA,canvas|caseW-high|bboxH-high,acceptable variation,98f890b3a3519850dc80a0cebe43e42d7c10b7a46b225dfb5681039c827b4fae
EAMDV-106DD-1A2,0.995313,0.996667,0.497656,0.501667,640x900,RGBA,,canvas|caseW-high|bboxH-high,False,True,acceptable variation,False,"canvas,caseW-high,bboxH-high; PASS_CONTENT from legacy catalog black-background review; human full-resolution review: human visual review accepted: strong perspective with bracelet largely outside frame",unchanged-protected,False,0.995313,0.996667,0.497656,0.501667,640x900,RGBA,canvas|caseW-high|bboxH-high,acceptable variation,181f10b040443c659b01d3fec2081c9a91879b16f8febe20ec082e8217850ffc
EAMDV-106-1A,0.97561,0.982222,0.5,0.498889,656x900,RGBA,,canvas|caseW-high|bboxH-high,False,True,acceptable variation,False,"canvas,caseW-high,bboxH-high; PASS_CONTENT from legacy catalog black-background review; human full-resolution review: human visual review accepted: strong perspective with strap largely outside frame",unchanged-protected,False,0.97561,0.982222,0.5,0.498889,656x900,RGBA,canvas|caseW-high|bboxH-high,acceptable variation,3451c4b82053fa44e0c3083184da49ab421b9eb9531400fd9cbaf484463e67a1
CRRF385MTD-130D-7AV,0.726562,0.896484,0.499512,0.500326,1024x1536,RGBA,,caseW-low,False,True,acceptable variation,False,caseW-low; PASS_CONTENT from 424-watch black-background review,unchanged-protected,False,0.726562,0.896484,0.499512,0.500326,1024x1536,RGBA,caseW-low,acceptable variation,434b7124906065d66b6f56f92b81b108c38ed8620e2b4f030d0d6bfb5b16ea1a
CRMTP-E515D-8AV,0.87793,0.894531,0.500488,0.5,1024x1536,RGBA,,caseW-high,False,True,acceptable variation,False,caseW-high; PASS_CONTENT from 424-watch black-background review; human full-resolution review: human visual review accepted: strong perspective with looped bracelet,unchanged-protected,False,0.87793,0.894531,0.500488,0.5,1024x1536,RGBA,caseW-high,acceptable variation,2d69a78336480caff396d7e02cd56efa9aae7757738be9fa8329b6aef54e8261
CRMTP-E515D-2A1V,0.878906,0.894531,0.5,0.5,1024x1536,RGBA,,caseW-high,False,True,acceptable variation,False,caseW-high; PASS_CONTENT from 424-watch black-background review; human full-resolution review: human visual review accepted: strong perspective with looped bracelet,unchanged-protected,False,0.878906,0.894531,0.5,0.5,1024x1536,RGBA,caseW-high,acceptable variation,2d92943528da7d98c5fafe238b7328096fa2887135bf4cacbe780153ed375e6d
CRMTP-E510D-7AV,0.885742,0.891276,0.500488,0.499023,1024x1536,RGBA,,caseW-high,False,True,acceptable variation,False,caseW-high; PASS_CONTENT from 424-watch black-background review; human full-resolution review: human visual review accepted: strong perspective with looped bracelet,unchanged-protected,False,0.885742,0.891276,0.500488,0.499023,1024x1536,RGBA,caseW-high,acceptable variation,5a2e7149eb2583eacb52ca40fdfe73013852855b65cbaacd2b53e01b3e834343
CRMTP-E510D-1A1V,0.883789,0.890625,0.499512,0.499349,1024x1536,RGBA,,caseW-high,False,True,acceptable variation,False,caseW-high; PASS_CONTENT from 424-watch black-background review; human full-resolution review: human visual review accepted: strong perspective with looped bracelet,unchanged-protected,False,0.883789,0.890625,0.499512,0.499349,1024x1536,RGBA,caseW-high,acceptable variation,045b293a5724bf1ee79b6bf960e34225ef4a2fc3200e6634b7ebfd5df3552d2e
CRMDV-10D-1A2,0.793945,0.897135,0.500488,0.5,1024x1536,RGBA,,,True,True,acceptable variation,False,PASS_CONTENT from 424-watch black-background review; pending v2 candidate recheck; human full-resolution review: human visual review accepted: strong perspective with looped bracelet,unchanged-protected,False,0.793945,0.897135,0.500488,0.5,1024x1536,RGBA,,acceptable variation,b10ae2b5a9d21b89155ae17d353f49a98fa187c54a997fa17a3c438f3a61ebfd
E4971850742333,0.998447,1.0,0.5,0.5,644x1200,RGBA,,canvas|caseW-high|bboxH-high,False,False,true failure,True,"canvas,caseW-high,bboxH-high; PASS_CONTENT from legacy catalog black-background review; human full-resolution review: strong perspective with looped bracelet",rerendered-and-approved,False,0.779297,0.911458,0.500488,0.500000,1024x1536,RGBA,,PASS,9b3d83dcd03da3f9b87973fe4367981716cd7715f4c7f748f1e591fda0f1b2e9
CRRF1415LA670WGA-9DF,0.535156,0.897786,0.5,0.500326,1024x1536,RGBA,,caseW-low,False,False,true failure,True,caseW-low; PASS_CONTENT from 424-watch black-background review; human full-resolution review: strong side-facing presentation with looped bracelet,rerendered-and-approved,False,0.780273,0.911458,0.500000,0.500000,1024x1536,RGBA,,PASS,411736e560c5fbd7151e0d629443756ec89a95811f3e3e3b9a885c17c96d15e5
CRRF1412A500WGA-1DF,0.6875,0.896484,0.498535,0.499674,1024x1536,RGBA,,caseW-low,False,True,acceptable variation,False,caseW-low; PASS_CONTENT from 424-watch black-background review,unchanged-protected,False,0.6875,0.896484,0.498535,0.499674,1024x1536,RGBA,caseW-low,acceptable variation,e6625ee5db9af6c6cc6d45ad6c60c48dc66126714124960efa2d4c27b35aec14
CRMTP-1303DD-7AV,0.691406,0.897135,0.499023,0.500651,1024x1536,RGBA,,caseW-low,False,True,acceptable variation,False,caseW-low; PASS_CONTENT from 424-watch black-background review,unchanged-protected,False,0.691406,0.897135,0.499023,0.500651,1024x1536,RGBA,caseW-low,acceptable variation,62df918c5bb1b68fd61a3ed31e88bb62a200cb18e2193cb983f9d6b0310c9334
CRBGA-10-6A,0.844727,0.895833,0.499512,0.5,1024x1536,RGBA,,caseW-high,False,True,acceptable variation,False,caseW-high; PASS_CONTENT from 424-watch black-background review,unchanged-protected,False,0.844727,0.895833,0.499512,0.5,1024x1536,RGBA,caseW-high,acceptable variation,9e516be693ba5a93f7cb7829c923ea154a96e628fa035372d5a1e65bc181635d
CRMTD-140D-2AV,0.751953,0.895833,0.5,0.5,1024x1536,RGBA,,,True,True,approved,False,PASS_CONTENT from 424-watch black-background review; pending v2 candidate recheck,unchanged-protected,False,0.751953,0.895833,0.5,0.5,1024x1536,RGBA,,approved,d22907515d37d242871399d2bfd8fe0ab51216cdac89b0d55afcb42a8d1890f5
CRMTD-140D-1AV,0.750977,0.895833,0.500488,0.5,1024x1536,RGBA,,,True,True,approved,False,PASS_CONTENT from 424-watch black-background review; pending v2 candidate recheck,unchanged-protected,False,0.750977,0.895833,0.500488,0.5,1024x1536,RGBA,,approved,a9a617829b3246b1a66d599d8ce917107d354c0f703d14dd47539b7edf289f13
CRMTP-E735D-7AV,0.676758,0.896484,0.499512,0.499674,1024x1536,RGBA,,caseW-low,False,True,acceptable variation,False,caseW-low; PASS_CONTENT from 424-watch black-background review,unchanged-protected,False,0.676758,0.896484,0.499512,0.499674,1024x1536,RGBA,caseW-low,acceptable variation,99c1aca92950619b531ad3b9957d7197280e4001d1235d87a19dee08e4372c20
CRAMW-870DA-2A2V,0.880859,0.872396,0.499512,0.499349,1024x1536,RGBA,,caseW-high,False,True,acceptable variation,False,caseW-high; PASS_CONTENT from 424-watch black-background review; human full-resolution review: human visual review accepted: strong perspective with looped bracelet,unchanged-protected,False,0.880859,0.872396,0.499512,0.499349,1024x1536,RGBA,caseW-high,acceptable variation,55d9e717b640cc34dcb95104fedcdbfc98f473614b05633464ff33dcf002335f
CRABL-100WE-1A,0.77832,0.897135,0.499512,0.5,1024x1536,RGBA,,,True,True,approved,False,PASS_CONTENT from 424-watch black-background review; pending v2 candidate recheck,unchanged-protected,False,0.77832,0.897135,0.499512,0.5,1024x1536,RGBA,,approved,8817b541d91e17c35e3084fa07ddbff1d6a68d3ed9b9be310099b4ed2b88a87d
CRMTP-B145G-9AV,0.737305,0.897135,0.499512,0.500651,1024x1536,RGBA,,,True,True,acceptable variation,False,PASS_CONTENT from 424-watch black-background review; pending v2 candidate recheck; human full-resolution review: human visual review accepted: strong perspective with looped bracelet,unchanged-protected,False,0.737305,0.897135,0.499512,0.500651,1024x1536,RGBA,,acceptable variation,e10728c3a46deb092d4fa8f4b121e3b37c74b5f1893947bedb522e970b35488f
CRAQ-230A-2A1,0.635742,0.897786,0.499512,0.499023,1024x1536,RGBA,,caseW-low,False,True,acceptable variation,False,caseW-low; PASS_CONTENT from 424-watch black-background review,unchanged-protected,False,0.635742,0.897786,0.499512,0.499023,1024x1536,RGBA,caseW-low,acceptable variation,6886566c1696369dce3e74862925e022a7c0df29d80db9ccd4c8e235176c2814
CRDW-5600RL-1,0.793945,0.897135,0.500488,0.500651,1024x1536,RGBA,,,True,True,approved,False,PASS_CONTENT from 424-watch black-background review; pending v2 candidate recheck,unchanged-protected,False,0.793945,0.897135,0.500488,0.500651,1024x1536,RGBA,,approved,21d85260e9a7afa333bbf0b5a3f47b8e4c6454c9a7a35454569c4dbf26297ee4
CRGMD-S5610PP-4,0.774414,0.897135,0.500488,0.499349,1024x1536,RGBA,,,True,True,approved,False,PASS_CONTENT from 424-watch black-background review; pending v2 candidate recheck,unchanged-protected,False,0.774414,0.897135,0.500488,0.499349,1024x1536,RGBA,,approved,eff998b99d5b291e5f8076ab5e18b4855972a6e92bd9e736f9c9dd485c99d6bd
CRMTP-B146D-7AV,0.610352,0.897786,0.499512,0.500326,1024x1536,RGBA,,caseW-low,False,True,acceptable variation,False,caseW-low; PASS_CONTENT from 424-watch black-background review,unchanged-protected,False,0.610352,0.897786,0.499512,0.500326,1024x1536,RGBA,caseW-low,acceptable variation,65f7239727e82a057d5c2a41274086b458bc42c59190bf59a07b61e333850380
CRMTP-B146D-1AV,0.612305,0.897786,0.499512,0.499023,1024x1536,RGBA,,caseW-low,False,True,acceptable variation,False,caseW-low; PASS_CONTENT from 424-watch black-background review,unchanged-protected,False,0.612305,0.897786,0.499512,0.499023,1024x1536,RGBA,caseW-low,acceptable variation,ce5efdd4b6a7bb40ff9a67b46505c438b5e19cd1e829e0a22690f74081f62cee
CRMDV-10D-1A1,0.746094,0.896484,0.5,0.499674,1024x1536,RGBA,,,True,True,approved,False,PASS_CONTENT from 424-watch black-background review; pending v2 candidate recheck,unchanged-protected,False,0.746094,0.896484,0.5,0.499674,1024x1536,RGBA,,approved,7ea86820216f16461d50294f6e3ba5fd408de0897bea9ec6707832159d726f67
CRCA-500WE-1A,0.670898,0.898438,0.5,0.500651,1024x1536,RGBA,,caseW-low,False,True,acceptable variation,False,caseW-low; PASS_CONTENT from 424-watch black-background review,unchanged-protected,False,0.670898,0.898438,0.5,0.500651,1024x1536,RGBA,caseW-low,acceptable variation,acdd7a1b5cf8e0844995c4b3d26ff2ee7ad14678a157a0d9d99d62c39f1980ba
CRMTD-135D-2AV,0.856445,0.895833,0.5,0.5,1024x1536,RGBA,,caseW-high,False,True,acceptable variation,False,caseW-high; PASS_CONTENT from 424-watch black-background review; human full-resolution review: human visual review accepted: strong perspective with bracelet largely outside frame,unchanged-protected,False,0.856445,0.895833,0.5,0.5,1024x1536,RGBA,caseW-high,acceptable variation,2e7b14378d7f958088650b64637604feea6e6d89a8834b4a7a0430413afe5700
CRMDV-107D-3,0.884766,0.817708,0.5,0.499349,1024x1536,RGBA,,caseW-high|bboxH-low,False,True,acceptable variation,False,"caseW-high,bboxH-low; PASS_CONTENT from 424-watch black-background review; human full-resolution review: human visual review accepted: strong perspective with bracelet largely outside frame",unchanged-protected,False,0.884766,0.817708,0.5,0.499349,1024x1536,RGBA,caseW-high|bboxH-low,acceptable variation,4fd8fa2fa1662e172f6dbf56ebbb64400c9c8c2b161dbff6e2d77f9e24062998
E4971850965169,0.965377,0.985537,0.497963,0.501033,491x968,RGBA,,canvas|caseW-high|bboxH-high,False,False,true failure,True,"canvas,caseW-high,bboxH-high; PASS_CONTENT from legacy catalog black-background review; human full-resolution review: strong perspective with looped bracelet",rerendered-and-approved,False,0.780273,0.911458,0.500488,0.500000,1024x1536,RGBA,,PASS,5c040866ed97eca9b9b06a4f73107d9708e7030a540aeaab9bc91eb9d1de9af1
CRMTP-B145SG-7AV,0.616211,0.896484,0.499512,0.500326,1024x1536,RGBA,,caseW-low,False,True,acceptable variation,False,caseW-low; PASS_CONTENT from 424-watch black-background review,unchanged-protected,False,0.616211,0.896484,0.499512,0.500326,1024x1536,RGBA,caseW-low,acceptable variation,055e62d4ddcb2b433d6d253072bc9d914f12e7a094fac142d2d6d1114b563b10
CRMTP-B145SG-1AV,0.613281,0.898438,0.499023,0.5,1024x1536,RGBA,,caseW-low,False,True,acceptable variation,False,caseW-low; PASS_CONTENT from 424-watch black-background review,unchanged-protected,False,0.613281,0.898438,0.499023,0.5,1024x1536,RGBA,caseW-low,acceptable variation,ac3fdeaca77a3523db8055783f2bf5d0dfa692d7f21def2dceb9b326de21ed0f
CRAQ-240EG-9A,0.662109,0.897786,0.5,0.500326,1024x1536,RGBA,,caseW-low,False,True,acceptable variation,False,caseW-low; PASS_CONTENT from 424-watch black-background review,unchanged-protected,False,0.662109,0.897786,0.5,0.500326,1024x1536,RGBA,caseW-low,acceptable variation,627860d05429b746cc4c2feaae881dcf53fbf31b6185f59c6956ad28e10138e7
CRMTP-1370G-1AV,0.671875,0.898438,0.5,0.499349,1024x1536,RGBA,,caseW-low,False,True,acceptable variation,False,caseW-low; PASS_CONTENT from 424-watch black-background review; human full-resolution review: human visual review accepted: strong perspective with looped bracelet,unchanged-protected,False,0.671875,0.898438,0.5,0.499349,1024x1536,RGBA,caseW-low,acceptable variation,4c95b14ae75af391e43593ab2cdda4e12be2c71f5ca6a877730a49464bb0bd61
CRMDV-107D-7AV,0.884766,0.817057,0.500977,0.499674,1024x1536,RGBA,,caseW-high|bboxH-low,False,True,acceptable variation,False,"caseW-high,bboxH-low; PASS_CONTENT from 424-watch black-background review",unchanged-protected,False,0.884766,0.817057,0.500977,0.499674,1024x1536,RGBA,caseW-high|bboxH-low,acceptable variation,97ecb01056cce736bf4e0d809dd93e64edf095e3357383f631f6ab3fdc17570a
EASGW-100B-3V,0.977636,0.983333,0.501597,0.498333,626x900,RGBA,,canvas|caseW-high|bboxH-high,False,True,acceptable variation,False,"canvas,caseW-high,bboxH-high; PASS_CONTENT from legacy catalog black-background review",unchanged-protected,False,0.977636,0.983333,0.501597,0.498333,626x900,RGBA,canvas|caseW-high|bboxH-high,acceptable variation,4c7f07d0d0b2195fac64a19b03c705f82a0a6389343da2eac95bc72f1a347747
EASGW-100-1V,0.982229,0.984444,0.499192,0.5,619x900,RGBA,,canvas|caseW-high|bboxH-high,False,True,acceptable variation,False,"canvas,caseW-high,bboxH-high; PASS_CONTENT from legacy catalog black-background review",unchanged-protected,False,0.982229,0.984444,0.499192,0.5,619x900,RGBA,canvas|caseW-high|bboxH-high,acceptable variation,9d62603d70785283178e931b203fad54880c0cc0cd2e55306fa79e5281c8c445
CRA130WE-7A,0.649414,0.899089,0.500488,0.500326,1024x1536,RGBA,,caseW-low,False,True,acceptable variation,False,caseW-low; PASS_CONTENT from 424-watch black-background review,unchanged-protected,False,0.649414,0.899089,0.500488,0.500326,1024x1536,RGBA,caseW-low,acceptable variation,0cf7054abb610907094da624abaf7c93cfdc4292b0e170223a7dda1c2b541a1c
CRA159WEVJ-7,0.717773,0.896484,0.5,0.499674,1024x1536,RGBA,,caseW-low,False,True,acceptable variation,False,caseW-low; PASS_CONTENT from 424-watch black-background review,unchanged-protected,False,0.717773,0.896484,0.5,0.499674,1024x1536,RGBA,caseW-low,acceptable variation,0e79a0ba38fb9d41f5b42dbbd7aa2e584dde2ed84f23c494d3cdeeaf54781e5a
CRA159WEVJ-2,0.71875,0.897135,0.500977,0.5,1024x1536,RGBA,,caseW-low,False,True,acceptable variation,False,caseW-low; PASS_CONTENT from 424-watch black-background review,unchanged-protected,False,0.71875,0.897135,0.500977,0.5,1024x1536,RGBA,caseW-low,acceptable variation,3a81f4a6449e92dcf6b846b333730391283de1450b42bbbca324edc6ff2a9782
CRMTP-VT05D-7E,0.665039,0.897786,0.499512,0.499023,1024x1536,RGBA,,caseW-low,False,True,acceptable variation,False,caseW-low; PASS_CONTENT from 424-watch black-background review,unchanged-protected,False,0.665039,0.897786,0.499512,0.499023,1024x1536,RGBA,caseW-low,acceptable variation,6bcbb7e7a9409eb34b0140746e48aeb1dff62ea5e2dffc6968ec261e19ae7b22
CRMTP-VT05D-2E,0.664062,0.896484,0.5,0.499674,1024x1536,RGBA,,caseW-low,False,True,acceptable variation,False,caseW-low; PASS_CONTENT from 424-watch black-background review,unchanged-protected,False,0.664062,0.896484,0.5,0.499674,1024x1536,RGBA,caseW-low,acceptable variation,0054083319787ff8a9f835c944db1116142bbab0c7dacb2124add83e122c65c6
CRMTP-VT05D-1E,0.661133,0.897135,0.499512,0.5,1024x1536,RGBA,,caseW-low,False,True,acceptable variation,False,caseW-low; PASS_CONTENT from 424-watch black-background review; human full-resolution review: human visual review accepted: strong perspective with looped bracelet,unchanged-protected,False,0.661133,0.897135,0.499512,0.5,1024x1536,RGBA,caseW-low,acceptable variation,60ce83643def349933bfe5b83965bbde24ea3568a6745300c3916ecd2a7b1980
CRAQ-230EGG-3A,0.671875,0.897786,0.500488,0.500977,1024x1536,RGBA,,caseW-low,False,True,acceptable variation,False,caseW-low; PASS_CONTENT from 424-watch black-background review; human full-resolution review: human visual review accepted: full curved strap presentation contrary to straight catalog crop,unchanged-protected,False,0.671875,0.897786,0.500488,0.500977,1024x1536,RGBA,caseW-low,acceptable variation,9b121c11c70cbd70edd88a947ffc52a3853721516d24ab14be871727a00b80de
CRBGA-10-7A,0.859375,0.895182,0.5,0.499674,1024x1536,RGBA,,caseW-high,False,True,acceptable variation,False,caseW-high; PASS_CONTENT from 424-watch black-background review; human full-resolution review: human visual review accepted: full curved strap presentation contrary to straight catalog crop,unchanged-protected,False,0.859375,0.895182,0.5,0.499674,1024x1536,RGBA,caseW-high,acceptable variation,a2d6449d05f5e990eea8e758c5e5d09fa4f481682daf0428a519a0d6483c8ccc
CRBGA-10-4A,0.851562,0.895833,0.5,0.5,1024x1536,RGBA,,caseW-high,False,True,acceptable variation,False,caseW-high; PASS_CONTENT from 424-watch black-background review,unchanged-protected,False,0.851562,0.895833,0.5,0.5,1024x1536,RGBA,caseW-high,acceptable variation,e06f50890d81c978f17c5410bc07af05624184c5c026a5abcf854d8cb9d80d06
CRLTP-B166D-2AV,0.630859,0.895833,0.5,0.5,1024x1536,RGBA,,caseW-low,False,True,acceptable variation,False,caseW-low; PASS_CONTENT from 424-watch black-background review,unchanged-protected,False,0.630859,0.895833,0.5,0.5,1024x1536,RGBA,caseW-low,acceptable variation,f18bf32066abe08a52dd98f70fb575da6ec83bf5b61ebc659df5d8f83b14c573
CRA130WE-1A,0.657227,0.897135,0.499512,0.500651,1024x1536,RGBA,,caseW-low,False,True,acceptable variation,False,caseW-low; PASS_CONTENT from 424-watch black-background review,unchanged-protected,False,0.657227,0.897135,0.499512,0.500651,1024x1536,RGBA,caseW-low,acceptable variation,d4413701fe450ab4969326d9382cd2ec185c7da80a07d6b3a0a41e698ddd394d
CRAMW-870DA-3AV,0.763672,0.897135,0.500488,0.499349,1024x1536,RGBA,,,True,True,approved,False,PASS_CONTENT from 424-watch black-background review; pending v2 candidate recheck,unchanged-protected,False,0.763672,0.897135,0.500488,0.499349,1024x1536,RGBA,,approved,4f93f121cd85fffb56fbeedd7147e5afa0641b1a3fe44124b12a42ed7b508015
CRAMW-870DA-2A1V,0.879883,0.871745,0.500488,0.499674,1024x1536,RGBA,,caseW-high,False,True,acceptable variation,False,caseW-high; PASS_CONTENT from 424-watch black-background review; human full-resolution review: human visual review accepted: strong perspective with looped bracelet,unchanged-protected,False,0.879883,0.871745,0.500488,0.499674,1024x1536,RGBA,caseW-high,acceptable variation,03ee5a3c0c74295084df9423a01187a7f89bc15d856ae516adee2a2304c0af84
CRMDV-107D-3A2V,0.883789,0.815104,0.499512,0.5,1024x1536,RGBA,,caseW-high|bboxH-low,False,True,acceptable variation,False,"caseW-high,bboxH-low; PASS_CONTENT from 424-watch black-background review; human full-resolution review: human visual review accepted: strong perspective with looped bracelet",unchanged-protected,False,0.883789,0.815104,0.499512,0.5,1024x1536,RGBA,caseW-high|bboxH-low,acceptable variation,da40b78347faa33182f0d7af2f60945a274c4af64c35f92cd995a70741b29297
CRMTP-B180D-7AV,0.878906,0.895833,0.5,0.5,1024x1536,RGBA,,caseW-high,False,True,acceptable variation,False,caseW-high; PASS_CONTENT from 424-watch black-background review,unchanged-protected,False,0.878906,0.895833,0.5,0.5,1024x1536,RGBA,caseW-high,acceptable variation,fab97cc8450f228f0a1d8e0bbd4c9d0c00893974267a558897f6725243dce006
CRMTP-B180D-3AV,0.879883,0.896484,0.499512,0.500326,1024x1536,RGBA,,caseW-high,False,True,acceptable variation,False,caseW-high; PASS_CONTENT from 424-watch black-background review,unchanged-protected,False,0.879883,0.896484,0.499512,0.500326,1024x1536,RGBA,caseW-high,acceptable variation,f1a32dbf07078711058691ea005088a2bcb705be1dda9542453ac9cba47195f6
CRMTP-1374D-7A2V,0.881836,0.886068,0.499512,0.499674,1024x1536,RGBA,,caseW-high,False,True,acceptable variation,False,caseW-high; PASS_CONTENT from 424-watch black-background review; human full-resolution review: human visual review accepted: strong perspective with looped bracelet,unchanged-protected,False,0.881836,0.886068,0.499512,0.499674,1024x1536,RGBA,caseW-high,acceptable variation,47e0f1e95aca3addaa7effa765e5e4ceecf71f1cf0e73f1ed39b930869c5d44e
CRMTP-1374D-2A3V,0.883789,0.886719,0.500488,0.499349,1024x1536,RGBA,,caseW-high,False,True,acceptable variation,False,caseW-high; PASS_CONTENT from 424-watch black-background review; human full-resolution review: human visual review accepted: strong perspective with looped bracelet,unchanged-protected,False,0.883789,0.886719,0.500488,0.499349,1024x1536,RGBA,caseW-high,acceptable variation,68f653d025a9242e70c433d76305dcc6cc9bb279365b87d980863580ea356081
CRMTP-1374D-1A3V,0.883789,0.888021,0.501465,0.499349,1024x1536,RGBA,,caseW-high,False,True,acceptable variation,False,caseW-high; PASS_CONTENT from 424-watch black-background review; human full-resolution review: human visual review accepted: strong perspective with looped bracelet,unchanged-protected,False,0.883789,0.888021,0.501465,0.499349,1024x1536,RGBA,caseW-high,acceptable variation,965d3873b2f40bf84f7005844386d9614f3e7d1ccf8d986d320f3b2593176dda
CRRF1227AQ-800EG-9A,0.660156,0.897786,0.499512,0.500977,1024x1536,RGBA,,caseW-low,False,True,acceptable variation,False,caseW-low; PASS_CONTENT from 424-watch black-background review,unchanged-protected,False,0.660156,0.897786,0.499512,0.500977,1024x1536,RGBA,caseW-low,acceptable variation,ed4fbf16703f2998e0cc1dbd94ea8e80fa1632a80d696ba6b237f7bd73f7e6e7
CRMTP-VT03D-1B,0.703125,0.897786,0.500977,0.500326,1024x1536,RGBA,,caseW-low,False,True,acceptable variation,False,caseW-low; PASS_CONTENT from 424-watch black-background review,unchanged-protected,False,0.703125,0.897786,0.500977,0.500326,1024x1536,RGBA,caseW-low,acceptable variation,985ad98a0e3f73fd35f0ef27f68c6a38c7438fa6d27905e284fbdd9819411c52
CRMTP-1370D-7A2,0.802734,0.895182,0.498047,0.499674,1024x1536,RGBA,,,True,False,true failure,True,PASS_CONTENT from 424-watch black-background review; pending v2 candidate recheck; human full-resolution review: strong perspective with looped bracelet,rerendered-and-approved,False,0.779297,0.909505,0.500000,0.499674,1024x1536,RGBA,,PASS,a4f55cf007524c7de2233e340e997ed5843c93101abdede18fb4a14532741ace
CR50218PPN607,0.702148,0.906901,0.499512,0.500326,1024x1536,RGBA,,caseW-low,False,True,acceptable variation,False,caseW-low; PASS_CONTENT from 424-watch black-background review,unchanged-protected,False,0.702148,0.906901,0.499512,0.500326,1024x1536,RGBA,caseW-low,acceptable variation,af235ecea721c8407b060fdf0d21fb7e59fe39e21b1af7aad547dd105106bf2f
CRMTP-B140D-7A,0.754883,0.897135,0.499512,0.499349,1024x1536,RGBA,,,True,True,approved,False,PASS_CONTENT from 424-watch black-background review; pending v2 candidate recheck,unchanged-protected,False,0.754883,0.897135,0.499512,0.499349,1024x1536,RGBA,,approved,c6692488594e58a79172aac132019a32fcc0e818bf3d7c9a438101281bd96cbb
CRMTP-B140D-2A,0.748047,0.895833,0.5,0.5,1024x1536,RGBA,,,True,True,approved,False,PASS_CONTENT from 424-watch black-background review; pending v2 candidate recheck,unchanged-protected,False,0.748047,0.895833,0.5,0.5,1024x1536,RGBA,,approved,751bfc7b3d8b16e6e063bae946a4947bdc33bfcee26aa015b58833fbb71a0e56
CRMTP-B140D-1A,0.766602,0.897786,0.499512,0.499023,1024x1536,RGBA,,,True,True,approved,False,PASS_CONTENT from 424-watch black-background review; pending v2 candidate recheck,unchanged-protected,False,0.766602,0.897786,0.499512,0.499023,1024x1536,RGBA,,approved,dc9c90fee633992408ec7967603c3ed92132ec4bcd609cade96fc76d1e9a22b2
CR50218SPN607,0.702148,0.907552,0.499512,0.5,1024x1536,RGBA,,caseW-low,False,True,acceptable variation,False,caseW-low; PASS_CONTENT from 424-watch black-background review,unchanged-protected,False,0.702148,0.907552,0.499512,0.5,1024x1536,RGBA,caseW-low,acceptable variation,baf339e225ca54da991c4079ac8ddaba5e75f083871998ee0ffc406d4478c096
CRMTP-1303DD-1AV,0.691406,0.897786,0.5,0.500977,1024x1536,RGBA,,caseW-low,False,True,acceptable variation,False,caseW-low; PASS_CONTENT from 424-watch black-background review,unchanged-protected,False,0.691406,0.897786,0.5,0.500977,1024x1536,RGBA,caseW-low,acceptable variation,a1e20b4c07bbd042c4b899acea70f5d56bb827ce2be72bd3ecec722bcafadecc
CRA168WEPC-7A,0.720703,0.896484,0.5,0.500326,1024x1536,RGBA,,caseW-low,False,True,acceptable variation,False,caseW-low; PASS_CONTENT from 424-watch black-background review; human full-resolution review: human visual review accepted: strong perspective with looped bracelet,unchanged-protected,False,0.720703,0.896484,0.5,0.500326,1024x1536,RGBA,caseW-low,acceptable variation,3f4c3206fb86cffac5b83cb8c0f9ce95c293415d1af65f17751ad384e0bfc51b
CRMTP-B180D-2AV,0.879883,0.895833,0.499023,0.5,1024x1536,RGBA,,caseW-high,False,True,acceptable variation,False,caseW-high; PASS_CONTENT from 424-watch black-background review; human full-resolution review: human visual review accepted: strong perspective with looped bracelet,unchanged-protected,False,0.879883,0.895833,0.499023,0.5,1024x1536,RGBA,caseW-high,acceptable variation,9465e26b9efbc1c8896d6b2165757f3fb0faacdebbc8da79350ecb871bae6566
CRMTP-B180D-1A2V,0.878906,0.895833,0.500977,0.499349,1024x1536,RGBA,,caseW-high,False,True,acceptable variation,False,caseW-high; PASS_CONTENT from 424-watch black-background review; human full-resolution review: human visual review accepted: strong perspective with looped bracelet,unchanged-protected,False,0.878906,0.895833,0.500977,0.499349,1024x1536,RGBA,caseW-high,acceptable variation,5ebe14e05ec630b9f38cf058b566eb4bce2d05bafad853fe595bb74a03642bfe
CRMTP-B180D-1A1V,0.881836,0.897786,0.499512,0.499023,1024x1536,RGBA,,caseW-high,False,True,acceptable variation,False,caseW-high; PASS_CONTENT from 424-watch black-background review; human full-resolution review: human visual review accepted: strong perspective with looped bracelet,unchanged-protected,False,0.881836,0.897786,0.499512,0.499023,1024x1536,RGBA,caseW-high,acceptable variation,e42912a9dd4a2321e51e5bd4c7b9ac7d21680f31fac0ee0a73dddf1b04fc093c
CR40218CBN107,0.706055,0.90625,0.499512,0.5,1024x1536,RGBA,,caseW-low,False,True,acceptable variation,False,caseW-low; PASS_CONTENT from 424-watch black-background review; human full-resolution review: human visual review accepted: strong perspective with looped bracelet,unchanged-protected,False,0.706055,0.90625,0.499512,0.5,1024x1536,RGBA,caseW-low,acceptable variation,9fa7a7e75f1d3ab3b3a2c7c9a7bce5ab9b5e5ed6512e4557ff4697fcf7cb9ab6
CR40218SPN607,0.707031,0.907552,0.5,0.5,1024x1536,RGBA,,caseW-low,False,True,acceptable variation,False,caseW-low; PASS_CONTENT from 424-watch black-background review; human full-resolution review: human visual review accepted: strong perspective with looped bracelet,unchanged-protected,False,0.707031,0.907552,0.5,0.5,1024x1536,RGBA,caseW-low,acceptable variation,4c17d8a75c9ab9ffb0d629424da45322714eed95c4591df50180bfa8cd6ac9b2
CR50218CBN107,0.703125,0.907552,0.5,0.499349,1024x1536,RGBA,,caseW-low,False,True,acceptable variation,False,caseW-low; PASS_CONTENT from 424-watch black-background review; human full-resolution review: human visual review accepted: strong perspective with looped bracelet,unchanged-protected,False,0.703125,0.907552,0.5,0.499349,1024x1536,RGBA,caseW-low,acceptable variation,6c8c6f713cd90e57626a18bc69e6f63efe59dd09a58c3d50c46917bcc156dbc1
CR00135CBN111,0.705078,0.907552,0.5,0.5,1024x1536,RGBA,,caseW-low,False,True,acceptable variation,False,caseW-low; PASS_CONTENT from 424-watch black-background review,unchanged-protected,False,0.705078,0.907552,0.5,0.5,1024x1536,RGBA,caseW-low,acceptable variation,d24c1815c8c12950de8da5bfa46c333f2c523b646f7bbb41d375b58db109d21d
CRMTP-B145D-4AV,0.738281,0.896484,0.499023,0.499674,1024x1536,RGBA,,,True,True,approved,False,PASS_CONTENT from 424-watch black-background review; pending v2 candidate recheck,unchanged-protected,False,0.738281,0.896484,0.499023,0.499674,1024x1536,RGBA,,approved,64ab95337460224f09eb3c1e4d114556fe16b0b82d6e4518ea8d6586ac5183dd
CRMTP-B145D-4A2V,0.618164,0.896484,0.499512,0.500326,1024x1536,RGBA,,caseW-low,False,True,acceptable variation,False,caseW-low; PASS_CONTENT from 424-watch black-background review,unchanged-protected,False,0.618164,0.896484,0.499512,0.500326,1024x1536,RGBA,caseW-low,acceptable variation,b369d55b5e8afe6884595fb80bde4a7ae8bbf9102ddfff26bb51a7a8f181a18f
CRMTP-B145D-3AV,0.735352,0.896484,0.500488,0.499674,1024x1536,RGBA,,,True,True,approved,False,PASS_CONTENT from 424-watch black-background review; pending v2 candidate recheck,unchanged-protected,False,0.735352,0.896484,0.500488,0.499674,1024x1536,RGBA,,approved,60992f6211057aaf726239b98c33fe628e4abe56d7b2e230987c6030860b2aa7
CR00127PPN611,0.75293,0.896484,0.500488,0.499674,1024x1536,RGBA,,,True,True,approved,False,PASS_CONTENT from 424-watch black-background review; pending v2 candidate recheck,unchanged-protected,False,0.75293,0.896484,0.500488,0.499674,1024x1536,RGBA,,approved,a7586fba237b4c1583d0ddeea47dfd3b1ff0875a9ccdfb44ca1d05874c23b05a
CRMTP-VD03B-3A,0.726562,0.898438,0.499023,0.500651,1024x1536,RGBA,,caseW-low,False,True,acceptable variation,False,caseW-low; PASS_CONTENT from 424-watch black-background review,unchanged-protected,False,0.726562,0.898438,0.499023,0.500651,1024x1536,RGBA,caseW-low,acceptable variation,982ea9581541262b17fffe94bff431d76c861e2927a8033cf1125e6338906c0b
CRMTP-B145D-7B,0.613281,0.896484,0.5,0.500326,1024x1536,RGBA,,caseW-low,False,True,acceptable variation,False,caseW-low; PASS_CONTENT from 424-watch black-background review,unchanged-protected,False,0.613281,0.896484,0.5,0.500326,1024x1536,RGBA,caseW-low,acceptable variation,307cb344eaea82fc2f95c2f9d1491e7c147a310a7721711b23c65c013a34a3e3
CRAQ-240E-7A,0.664062,0.896484,0.499512,0.499674,1024x1536,RGBA,,caseW-low,False,True,acceptable variation,False,caseW-low; PASS_CONTENT from 424-watch black-background review,unchanged-protected,False,0.664062,0.896484,0.499512,0.499674,1024x1536,RGBA,caseW-low,acceptable variation,2c3f7466e9ec39440e24af141216b8dd6890a8831685f27a0546c2412e524e70
CRAQ-230GA-5A,0.633789,0.895833,0.498535,0.500651,1024x1536,RGBA,,caseW-low,False,True,acceptable variation,False,caseW-low; PASS_CONTENT from 424-watch black-background review,unchanged-protected,False,0.633789,0.895833,0.498535,0.500651,1024x1536,RGBA,caseW-low,acceptable variation,19a25d23d4fabfe98d2645f109577925e4d858160b1d0430f879aa33b051e257
CRA700WEVG-9A,0.707031,0.897135,0.499512,0.5,1024x1536,RGBA,,caseW-low,False,True,acceptable variation,False,caseW-low; PASS_CONTENT from 424-watch black-background review,unchanged-protected,False,0.707031,0.897135,0.499512,0.5,1024x1536,RGBA,caseW-low,acceptable variation,3c9701c64ce6c4b3300238e54a8983e0d8038d572b1273a71cf3bdf454b9ef01
CRMTP-1375D-1AV,0.880859,0.889323,0.500977,0.501302,1024x1536,RGBA,,caseW-high,False,False,true failure,True,caseW-high; PASS_CONTENT from 424-watch black-background review; human full-resolution review: strong perspective with looped bracelet,rerendered-and-approved,False,0.779297,0.854818,0.500000,0.500326,1024x1536,RGBA,,PASS,35d9adc17b72f98bc3bf2a4051d0185d45a1ffeff2f07c6876e18e49d33e9534
CRMTP-B145D-2A2,0.611328,0.896484,0.5,0.499674,1024x1536,RGBA,,caseW-low,False,True,acceptable variation,False,caseW-low; PASS_CONTENT from 424-watch black-background review,unchanged-protected,False,0.611328,0.896484,0.5,0.499674,1024x1536,RGBA,caseW-low,acceptable variation,044df602d6ab9360cdaa9b1683420b0315eef9bfc873fa84246ea6672805f3a7
CR90250SBN903,0.731445,0.895833,0.497559,0.5,1024x1536,RGBA,,,True,False,true failure,True,FAIL_CONTENT: case and bracelet are visibly presented in three-quarter perspective; human full-resolution review: strong perspective with full looped bracelet,rerendered-and-approved,False,0.781250,0.893880,0.500000,0.500326,1024x1536,RGBA,,PASS,18b3b672fefceded028872f31e85aa763a62a4c0a595129f3c72fc07cba9f646
CRRF1265A700WG-9A,0.695312,0.898438,0.499023,0.498698,1024x1536,RGBA,,caseW-low,False,False,true failure,True,caseW-low; PASS_CONTENT from 424-watch black-background review; human full-resolution review: strong perspective with looped bracelet,rerendered-and-approved,False,0.781250,0.911458,0.500000,0.500000,1024x1536,RGBA,,PASS,8cd7cced0a78d2fc5d5f07a93a181f6098ae9b20efded4c0863a6b746f1d1ca9
CR50218STN104,0.697266,0.897786,0.5,0.500326,1024x1536,RGBA,,caseW-low,False,True,acceptable variation,False,caseW-low; PASS_CONTENT from 424-watch black-background review,unchanged-protected,False,0.697266,0.897786,0.5,0.500326,1024x1536,RGBA,caseW-low,acceptable variation,1842128eb7d4e9c7c74cda3ca8bd7f38c0c56d29d5ae312df9e7a053ab59b2a6
CR50218STN102,0.69043,0.888672,0.516113,0.506836,1024x1536,RGBA,,caseW-low,False,True,acceptable variation,False,caseW-low; PASS_CONTENT from 424-watch black-background review,unchanged-protected,False,0.69043,0.888672,0.516113,0.506836,1024x1536,RGBA,caseW-low,acceptable variation,51d406d6c37fc6be228d592fa25199d62a202a6b4448089c96d709e619fc6e21
CRRF1413LA-11WR-5A,0.560547,0.897135,0.499023,0.5,1024x1536,RGBA,,caseW-low,False,True,acceptable variation,False,caseW-low; PASS_CONTENT from 424-watch black-background review,unchanged-protected,False,0.560547,0.897135,0.499023,0.5,1024x1536,RGBA,caseW-low,acceptable variation,3b2364875d5ccc548d1818fc54e4e5be702eedb3cda5888a76f15063fbada447
CR40210GPN107,0.618164,0.876302,0.477051,0.48763,1024x1536,RGBA,,caseW-low,False,False,true failure,True,caseW-low; PASS_CONTENT from 424-watch black-background review; human full-resolution review: strong perspective with full looped bracelet,rerendered-and-approved,False,0.780273,0.911458,0.500488,0.500000,1024x1536,RGBA,,PASS,74f76466b377e3f8493cc774b79c55917f41f7847e15a5b8109adfbcaa668475
CRUTP-1302PD-1AV,0.631836,0.897786,0.499512,0.500977,1024x1536,RGBA,,caseW-low,False,True,acceptable variation,False,caseW-low; PASS_CONTENT from 424-watch black-background review,unchanged-protected,False,0.631836,0.897786,0.499512,0.500977,1024x1536,RGBA,caseW-low,acceptable variation,6d8a36169141ac114bba4c224375d2d5b011e963309784dd76bb1d86363ec907
CRAQ-240E-3A,0.663086,0.897135,0.5,0.499349,1024x1536,RGBA,,caseW-low,False,True,acceptable variation,False,caseW-low; PASS_CONTENT from 424-watch black-background review,unchanged-protected,False,0.663086,0.897135,0.5,0.499349,1024x1536,RGBA,caseW-low,acceptable variation,5253ea4d1f1c66d23ba9082dd6395c2af04e735d65925a351ef8eb7fd4fc6125
CRLTP-1234DS-4A,0.53125,0.896484,0.5,0.499023,1024x1536,RGBA,,caseW-low,False,True,acceptable variation,False,caseW-low; PASS_CONTENT from 424-watch black-background review,unchanged-protected,False,0.53125,0.896484,0.5,0.499023,1024x1536,RGBA,caseW-low,acceptable variation,f9e375b5e78d384978c99932f13e96f3c05b22c35b55b9dc042afacd5abb7b1f
CRLTP-1234DS-2A,0.448242,0.898438,0.500488,0.5,1024x1536,RGBA,,caseW-low,False,True,acceptable variation,False,caseW-low; PASS_CONTENT from 424-watch black-background review,unchanged-protected,False,0.448242,0.898438,0.500488,0.5,1024x1536,RGBA,caseW-low,acceptable variation,e5541123c6259801c8734efc0803f7b4002ad17974d342b270ef6a303e31eda6
CRLTP-1302DS-2AV,0.723633,0.897135,0.500488,0.500651,1024x1536,RGBA,,caseW-low,False,True,acceptable variation,False,caseW-low; PASS_CONTENT from 424-watch black-background review; human full-resolution review: human visual review accepted: strong perspective with looped bracelet,unchanged-protected,False,0.723633,0.897135,0.500488,0.500651,1024x1536,RGBA,caseW-low,acceptable variation,ea603f06400f1d7c20a4954018d1a6ad5c28363622975647ed492920a538dc82
CR40218STN102,0.705078,0.907552,0.499023,0.5,1024x1536,RGBA,,caseW-low,False,True,acceptable variation,False,caseW-low; PASS_CONTENT from 424-watch black-background review,unchanged-protected,False,0.705078,0.907552,0.499023,0.5,1024x1536,RGBA,caseW-low,acceptable variation,26ab4aaebf507d7ef5ff5c152255a93211282c9719726b5b0973df584d332f0a
CR40215SPN607,0.639648,0.889323,0.51709,0.504557,1024x1536,RGBA,,caseW-low,False,True,acceptable variation,False,caseW-low; PASS_CONTENT from 424-watch black-background review,unchanged-protected,False,0.639648,0.889323,0.51709,0.504557,1024x1536,RGBA,caseW-low,acceptable variation,456907b7a342f0ca7422c06faf9f931b9c9528db9f0598236b66c862c5e1d35b
CR40215PPN607,0.647461,0.897135,0.498535,0.5,1024x1536,RGBA,,caseW-low,False,True,acceptable variation,False,caseW-low; PASS_CONTENT from 424-watch black-background review,unchanged-protected,False,0.647461,0.897135,0.498535,0.5,1024x1536,RGBA,caseW-low,acceptable variation,a140b84adfeb495c0142203be47b199a8381ec575073fc671221c09baec837cf
CR50220PPN607,0.823242,0.899089,0.499512,0.499674,1024x1536,RGBA,,,True,True,approved,False,PASS_CONTENT from 424-watch black-background review; pending v2 candidate recheck,unchanged-protected,False,0.823242,0.899089,0.499512,0.499674,1024x1536,RGBA,,approved,e2aa01b6d849d2e29f7808e8e903e83849b48ecd5ddefdba996fe13d09bf74f8
CR50215SPN607,0.731445,0.897786,0.499512,0.500977,1024x1536,RGBA,,,True,True,approved,False,PASS_CONTENT from 424-watch black-background review; pending v2 candidate recheck,unchanged-protected,False,0.731445,0.897786,0.499512,0.500977,1024x1536,RGBA,,approved,f73fbb0a777051c34bb33a9823f21938942b5aec319c1d438f7f9f0d061ac496
CR50215PPN607,0.732422,0.897786,0.5,0.499023,1024x1536,RGBA,,,True,True,approved,False,PASS_CONTENT from 424-watch black-background review; pending v2 candidate recheck,unchanged-protected,False,0.732422,0.897786,0.5,0.499023,1024x1536,RGBA,,approved,8cf94078261907f18c0515fbb79acaa06e3494d5011c8dc3174b1caade62d1e1
CR50215PPN601,0.732422,0.897135,0.499023,0.499349,1024x1536,RGBA,,,True,True,approved,False,PASS_CONTENT from 424-watch black-background review; pending v2 candidate recheck,unchanged-protected,False,0.732422,0.897135,0.499023,0.499349,1024x1536,RGBA,,approved,e450bbdf63f2e6b341f102f77b260f4f7355a5c9b53fe60d7d9b39c73b954649
CR40220PPN607,0.740234,0.897786,0.499512,0.500977,1024x1536,RGBA,,,True,True,approved,False,PASS_CONTENT from 424-watch black-background review; pending v2 candidate recheck,unchanged-protected,False,0.740234,0.897786,0.499512,0.500977,1024x1536,RGBA,,approved,3cc6839b42805147fa378ee62cdc871479d7a3b316cb3e85ccfd8d045618247f
CR40218STN104,0.702148,0.897786,0.501465,0.500977,1024x1536,RGBA,,caseW-low,False,True,acceptable variation,False,caseW-low; PASS_CONTENT from 424-watch black-background review,unchanged-protected,False,0.702148,0.897786,0.501465,0.500977,1024x1536,RGBA,caseW-low,acceptable variation,4b49071160be934e658cb4409e9d7ed4764cac709682741f3693eee4718e3ec0
CRMTP-VT04D-1E,0.702148,0.897135,0.500488,0.5,1024x1536,RGBA,,caseW-low,False,True,acceptable variation,False,caseW-low; PASS_CONTENT from 424-watch black-background review,unchanged-protected,False,0.702148,0.897135,0.500488,0.5,1024x1536,RGBA,caseW-low,acceptable variation,ff0f81c519af7b1c1e608bd9908e42d805fb705ad3e6753db4f7c1e097f4541d
CRMTP-VD03B-2A,0.729492,0.895833,0.499512,0.5,1024x1536,RGBA,,caseW-low,False,True,acceptable variation,False,caseW-low; PASS_CONTENT from 424-watch black-background review; human full-resolution review: human visual review accepted: strong perspective with looped bracelet,unchanged-protected,False,0.729492,0.895833,0.499512,0.5,1024x1536,RGBA,caseW-low,acceptable variation,bfcac4976903b59aa5c8e0a32603d376b58dcdfecba2485ee6a1ab3bcebed3a0
CRMTP-VD03D-2A,0.882812,0.895833,0.499023,0.501302,1024x1536,RGBA,,caseW-high,False,True,acceptable variation,False,caseW-high; PASS_CONTENT from 424-watch black-background review; human full-resolution review: human visual review accepted: strong perspective with looped bracelet,unchanged-protected,False,0.882812,0.895833,0.499023,0.501302,1024x1536,RGBA,caseW-high,acceptable variation,ca04b5a8539eb19d8ab757a457752a067c0654d2a1f2570c49fe65acf7fa0cab
CRMTP-1375D-2A1,0.885742,0.889974,0.501465,0.499674,1024x1536,RGBA,,caseW-high,False,True,acceptable variation,False,caseW-high; PASS_CONTENT from 424-watch black-background review; human full-resolution review: human visual review accepted: strong perspective with looped bracelet,unchanged-protected,False,0.885742,0.889974,0.501465,0.499674,1024x1536,RGBA,caseW-high,acceptable variation,a6eabdd6b056ac05c3d5a0bcaf1b32e55fe4cda03c7c78d439ff519881890c7a
CR50229STN803,0.837891,0.897135,0.499512,0.499349,1024x1536,RGBA,,caseW-high,False,True,acceptable variation,False,caseW-high; PASS_CONTENT from 424-watch black-background review,unchanged-protected,False,0.837891,0.897135,0.499512,0.499349,1024x1536,RGBA,caseW-high,acceptable variation,f8eda04d1cc243d08d36425e5faab738cbddd035058d9813f0c4ca0f50b27ed0
E889232374659,0.976331,0.985477,0.5,0.501037,676x964,RGBA,,canvas|caseW-high|bboxH-high,False,True,acceptable variation,False,"canvas,caseW-high,bboxH-high; PASS_CONTENT from legacy catalog black-background review; human full-resolution review: human visual review accepted: oversized crop with curved strap largely outside frame",unchanged-protected,False,0.976331,0.985477,0.5,0.501037,676x964,RGBA,canvas|caseW-high|bboxH-high,acceptable variation,94fb07582e01592c2feeb5c59ddb99734d9e15fecdefd01ea53141c1c8c151eb
CR00127STN111,0.755859,0.898438,0.5,0.499349,1024x1536,RGBA,,,True,True,approved,False,PASS_CONTENT from 424-watch black-background review; pending v2 candidate recheck,unchanged-protected,False,0.755859,0.898438,0.5,0.499349,1024x1536,RGBA,,approved,b3a982e4f85e49f93c2d9b7bfcb5ab300f8eb5b2e650186a9c4264c5af65f8a7
E79767442149,0.99689,1.0,0.498445,0.5,643x922,RGBA,,canvas|caseW-high|bboxH-high,False,True,acceptable variation,False,"canvas,caseW-high,bboxH-high; PASS_CONTENT from legacy catalog black-background review; human full-resolution review: human visual review accepted: oversized crop with curved strap largely outside frame",unchanged-protected,False,0.99689,1.0,0.498445,0.5,643x922,RGBA,canvas|caseW-high|bboxH-high,acceptable variation,d2b699401b66a9c2c24e0fdd00156e113118f9179cbafdcb792b78584812a4be
E889232376592,0.97541,0.983968,0.49918,0.5,610x998,RGBA,,canvas|caseW-high|bboxH-high,False,True,acceptable variation,False,"canvas,caseW-high,bboxH-high; PASS_CONTENT from legacy catalog black-background review; human full-resolution review: human visual review accepted: oversized crop with curved strap largely outside frame",unchanged-protected,False,0.97541,0.983968,0.49918,0.5,610x998,RGBA,canvas|caseW-high|bboxH-high,acceptable variation,18b38fbca7cb62db279cccc75ef7915d5e53c162f700bf1a1aae756c5496413e
E79767766085,0.979798,0.986653,0.5,0.499487,594x974,RGBA,,canvas|caseW-high|bboxH-high,False,False,true failure,True,"canvas,caseW-high,bboxH-high; PASS_CONTENT from legacy catalog black-background review; human full-resolution review: strong perspective with strap largely outside frame",rerendered-and-approved,False,0.780273,0.911458,0.499512,0.500000,1024x1536,RGBA,,PASS,911c90affb5d5fbff998d196227363c537fd4b8c6aec6f0a414783558ef376dc
CRMTP-VT06D-7B,0.647461,0.897135,0.499512,0.5,1024x1536,RGBA,,caseW-low,False,True,acceptable variation,False,caseW-low; PASS_CONTENT from 424-watch black-background review,unchanged-protected,False,0.647461,0.897135,0.499512,0.5,1024x1536,RGBA,caseW-low,acceptable variation,811e68f9e3b30787e676d7f0c99dc6c3e80d5947205d4b86b0fdf7c4589c9169
CRMTP-VT05G-7E,0.655273,0.897135,0.499512,0.499349,1024x1536,RGBA,,caseW-low,False,True,acceptable variation,False,caseW-low; PASS_CONTENT from 424-watch black-background review,unchanged-protected,False,0.655273,0.897135,0.499512,0.499349,1024x1536,RGBA,caseW-low,acceptable variation,bacf8311675d9c0f66802f63248f1bf73b5926812f7cc86369ec3d20fbdd2c64
CRMTP-VT05G-1E,0.666016,0.895833,0.5,0.5,1024x1536,RGBA,,caseW-low,False,True,acceptable variation,False,caseW-low; PASS_CONTENT from 424-watch black-background review,unchanged-protected,False,0.666016,0.895833,0.5,0.5,1024x1536,RGBA,caseW-low,acceptable variation,a6728c1b6f48d87525c587580b3f12787f26f3299c66dfa13d6bb328170e9106
CRAQ-240E-7A2,0.664062,0.896484,0.5,0.499674,1024x1536,RGBA,,caseW-low,False,True,acceptable variation,False,caseW-low; PASS_CONTENT from 424-watch black-background review,unchanged-protected,False,0.664062,0.896484,0.5,0.499674,1024x1536,RGBA,caseW-low,acceptable variation,96c4714c89c691b5f140bc90526cebbbc1754bc15b568b0e385c65d6260eb7ec
CRAQ-240E-4A,0.665039,0.896484,0.5,0.500326,1024x1536,RGBA,,caseW-low,False,True,acceptable variation,False,caseW-low; PASS_CONTENT from 424-watch black-background review,unchanged-protected,False,0.665039,0.896484,0.5,0.500326,1024x1536,RGBA,caseW-low,acceptable variation,6ed4621015a685689c945f5eef53a1ae85ca8ae6ed43233739538f4f4b19a5dc
CRAQ-240E-2A,0.672852,0.897135,0.500488,0.499349,1024x1536,RGBA,,caseW-low,False,True,acceptable variation,False,caseW-low; PASS_CONTENT from 424-watch black-background review,unchanged-protected,False,0.672852,0.897135,0.500488,0.499349,1024x1536,RGBA,caseW-low,acceptable variation,5aff94515ea5168dfa554829082cc54ccac407abaeb5c04f3c35ad6e04e363a5
CRRF934AQ-230A-1DHDF,0.632812,0.898438,0.498535,0.5,1024x1536,RGBA,,caseW-low,False,True,acceptable variation,False,caseW-low; PASS_CONTENT from 424-watch black-background review,unchanged-protected,False,0.632812,0.898438,0.498535,0.5,1024x1536,RGBA,caseW-low,acceptable variation,74aee6329b3fa78332bb7eb6c5bc5d5c9baefb288bd517db57495485c37f1732
CRRF921A700WM-7A,0.688477,0.896484,0.5,0.500326,1024x1536,RGBA,,caseW-low,False,False,true failure,True,caseW-low; PASS_CONTENT from 424-watch black-background review; human full-resolution review: strong perspective with looped mesh bracelet,rerendered-and-approved,False,0.780273,0.911458,0.499512,0.500000,1024x1536,RGBA,,PASS,488293700079756498ed7381a290daac0ae05020e0c99e4849c7a3e0326f54d9
CRLTP-1303DD-4AV,0.634766,0.895833,0.499023,0.5,1024x1536,RGBA,,caseW-low,False,True,acceptable variation,False,caseW-low; PASS_CONTENT from 424-watch black-background review,unchanged-protected,False,0.634766,0.895833,0.499023,0.5,1024x1536,RGBA,caseW-low,acceptable variation,ecefc96bd3129aed00b560c4b2ca31fa3d0ad76e598d8295f83e38930c1579d8
CRLTP-1303DD-2AV,0.636719,0.897786,0.499023,0.499674,1024x1536,RGBA,,caseW-low,False,True,acceptable variation,False,caseW-low; PASS_CONTENT from 424-watch black-background review,unchanged-protected,False,0.636719,0.897786,0.499023,0.499674,1024x1536,RGBA,caseW-low,acceptable variation,a6a754c1c6e08ccf6c55a7cfe543b9c27a3551b622ced6f96ce59dc985f62fd7
CRLTP-1303DD-1AV,0.630859,0.897135,0.499023,0.500651,1024x1536,RGBA,,caseW-low,False,True,acceptable variation,False,caseW-low; PASS_CONTENT from 424-watch black-background review,unchanged-protected,False,0.630859,0.897135,0.499023,0.500651,1024x1536,RGBA,caseW-low,acceptable variation,71feb6008568acb1569cf1053e6d809737e4ab0d310b4456b106d91b6f8b6ee6
CRAQ-230A-3AMQY,0.620117,0.897786,0.5,0.499023,1024x1536,RGBA,,caseW-low,False,True,acceptable variation,False,caseW-low; PASS_CONTENT from 424-watch black-background review,unchanged-protected,False,0.620117,0.897786,0.5,0.499023,1024x1536,RGBA,caseW-low,acceptable variation,dd41f97aaa0b8f227a188bd9fe40a0fa591e675dd0fca7b581282b1dcfd9eed4
CRA700WEV-7A,0.708008,0.897135,0.500488,0.500651,1024x1536,RGBA,,caseW-low,False,True,acceptable variation,False,caseW-low; PASS_CONTENT from 424-watch black-background review,unchanged-protected,False,0.708008,0.897135,0.500488,0.500651,1024x1536,RGBA,caseW-low,acceptable variation,504ecbb2f6dfc94cd216de8280583d2a7ff6866eb352601d90cf64e63165a03f
CRMTP-VD03D-2A2,0.87793,0.895833,0.499512,0.5,1024x1536,RGBA,,caseW-high,False,True,acceptable variation,False,caseW-high; PASS_CONTENT from 424-watch black-background review,unchanged-protected,False,0.87793,0.895833,0.499512,0.5,1024x1536,RGBA,caseW-high,acceptable variation,aaaf681aa9bad1c7f6d856dc7614818c842969808b624f31dc94a4be6f14cb83
CRAQ-230A-7A,0.636719,0.897135,0.5,0.500651,1024x1536,RGBA,,caseW-low,False,True,acceptable variation,False,caseW-low; PASS_CONTENT from 424-watch black-background review,unchanged-protected,False,0.636719,0.897135,0.5,0.500651,1024x1536,RGBA,caseW-low,acceptable variation,c855cfe32bd2332775eb79c1ca626ad23c20d671ba09b8bc6932ecc6cabfa335
CR50247GGN107,0.796875,0.899089,0.5,0.499674,1024x1536,RGBA,,,True,True,approved,False,PASS_CONTENT from 424-watch black-background review; pending v2 candidate recheck,unchanged-protected,False,0.796875,0.899089,0.5,0.499674,1024x1536,RGBA,,approved,3c7cc80d932c377bb3f730400bd39c487267f418b20e25bc489282fad8a6d36b
CR50247BZZ106,0.792969,0.894531,0.5,0.500651,1024x1536,RGBA,,,True,True,approved,False,PASS_CONTENT from 424-watch black-background review; pending v2 candidate recheck,unchanged-protected,False,0.792969,0.894531,0.5,0.500651,1024x1536,RGBA,,approved,35aa3aeb32aa15fad7f41f13a1f5ed01097f443809c3c4262ddb9ce861819f8d
CR50247BZZ103,0.794922,0.897786,0.499023,0.499674,1024x1536,RGBA,,,True,True,approved,False,PASS_CONTENT from 424-watch black-background review; pending v2 candidate recheck,unchanged-protected,False,0.794922,0.897786,0.499023,0.499674,1024x1536,RGBA,,approved,908b25bb601210e6cea1924775ba6a5f88ab4cf0dd7624d46d89fee798897988
CR50247BBN306,0.791992,0.892578,0.499512,0.502279,1024x1536,RGBA,,,True,True,approved,False,PASS_CONTENT from 424-watch black-background review; pending v2 candidate recheck,unchanged-protected,False,0.791992,0.892578,0.499512,0.502279,1024x1536,RGBA,,approved,b5efe8b4eac6ec7029ab4729ed5fde15d731daba3a41c5936f26b13ee0911e5e
CRMTP-1381D-8AV,0.678711,0.895833,0.499512,0.5,1024x1536,RGBA,,caseW-low,False,True,acceptable variation,False,caseW-low; PASS_CONTENT from 424-watch black-background review,unchanged-protected,False,0.678711,0.895833,0.499512,0.5,1024x1536,RGBA,caseW-low,acceptable variation,37e6e9decd8db7ccfcfb908882576be8b0b2ef6c42414c6f03c457b2f8da554b
CRMTP-1381D-2AV,0.677734,0.897135,0.5,0.499349,1024x1536,RGBA,,caseW-low,False,True,acceptable variation,False,caseW-low; PASS_CONTENT from 424-watch black-background review,unchanged-protected,False,0.677734,0.897135,0.5,0.499349,1024x1536,RGBA,caseW-low,acceptable variation,6f1b43d7eca4a6bf71629cf774a2bf76c649eebe0cb074a87a4f4297c3fb007a
CRMTP-1302DS-1AV,0.666016,0.897135,0.5,0.5,1024x1536,RGBA,,caseW-low,False,True,acceptable variation,False,caseW-low; PASS_CONTENT from 424-watch black-background review,unchanged-protected,False,0.666016,0.897135,0.5,0.5,1024x1536,RGBA,caseW-low,acceptable variation,54b7e9b3e2f30f81b78ea95a84b4c0cfa3ac2a8bc473da9eacff231d43f188a0
CRLTP-1302DD-4A2V,0.724609,0.897786,0.499023,0.500326,1024x1536,RGBA,,caseW-low,False,True,acceptable variation,False,caseW-low; PASS_CONTENT from 424-watch black-background review,unchanged-protected,False,0.724609,0.897786,0.499023,0.500326,1024x1536,RGBA,caseW-low,acceptable variation,c0c8644e8d27bb4fdd0a643081ff30d66deac6a0db131c317bc550cd0a286bd8
CRLTP-1234DD-7A,0.525391,0.895182,0.5,0.500326,1024x1536,RGBA,,caseW-low,False,True,acceptable variation,False,caseW-low; PASS_CONTENT from 424-watch black-background review; human full-resolution review: human visual review accepted: strong perspective with looped bracelet,unchanged-protected,False,0.525391,0.895182,0.5,0.500326,1024x1536,RGBA,caseW-low,acceptable variation,626de485b4cc9d623dfee3d5018402fdd9aea9664e9957762c71ca19b9623d5f
CRLTP-1234DD-5A,0.52832,0.897786,0.5,0.499674,1024x1536,RGBA,,caseW-low,False,True,acceptable variation,False,caseW-low; PASS_CONTENT from 424-watch black-background review; human full-resolution review: human visual review accepted: strong perspective with looped bracelet,unchanged-protected,False,0.52832,0.897786,0.5,0.499674,1024x1536,RGBA,caseW-low,acceptable variation,feee4fa4e59e9a0c084d60c2c8af52ee52f566b650a6be9ee41f5226ec9628d8
CRLTP-1234DD-4A,0.52832,0.895833,0.5,0.5,1024x1536,RGBA,,caseW-low,False,True,acceptable variation,False,caseW-low; PASS_CONTENT from 424-watch black-background review,unchanged-protected,False,0.52832,0.895833,0.5,0.5,1024x1536,RGBA,caseW-low,acceptable variation,9ac92bf783187b9ca0cde4719ec6c6e0166b15a78a65b3d0bc61bdabd029bd81
CRLTP-1234DD-2A,0.529297,0.897135,0.5,0.500651,1024x1536,RGBA,,caseW-low,False,True,acceptable variation,False,caseW-low; PASS_CONTENT from 424-watch black-background review,unchanged-protected,False,0.529297,0.897135,0.5,0.500651,1024x1536,RGBA,caseW-low,acceptable variation,e8646acaa0477ecd46b87f70890573dc1492b8fc038e52bbeb5d1b2e90c97b1c
CRLTP-1234DD-1A,0.52832,0.897135,0.500488,0.500651,1024x1536,RGBA,,caseW-low,False,True,acceptable variation,False,caseW-low; PASS_CONTENT from 424-watch black-background review,unchanged-protected,False,0.52832,0.897135,0.500488,0.500651,1024x1536,RGBA,caseW-low,acceptable variation,127b95e1c84db8c039d65031dc988c054e44c78fd3d25a2ec75a8aa398067336
CRMTP-1302DD-9AV,0.817383,0.897135,0.500488,0.500651,1024x1536,RGBA,,,True,True,approved,False,PASS_CONTENT from 424-watch black-background review; pending v2 candidate recheck,unchanged-protected,False,0.817383,0.897135,0.500488,0.500651,1024x1536,RGBA,,approved,ef2d165029861510a7c7afc0ec99a7c3aa7824c1cbf79f5a7c9af260bbdd0dc3
CRMTP-1302DD-5AV,0.820312,0.897135,0.499023,0.500651,1024x1536,RGBA,,,True,True,approved,False,PASS_CONTENT from 424-watch black-background review; pending v2 candidate recheck,unchanged-protected,False,0.820312,0.897135,0.499023,0.500651,1024x1536,RGBA,,approved,e1011cd05ed11b25c107511ae698f19f5345bbf0ecf97a183bd1c6a22d954756
EAWV-200A-1AV,0.973354,0.984444,0.500784,0.5,638x900,RGBA,,canvas|caseW-high|bboxH-high,False,True,acceptable variation,False,"canvas,caseW-high,bboxH-high; PASS_CONTENT from legacy catalog black-background review",unchanged-protected,False,0.973354,0.984444,0.500784,0.5,638x900,RGBA,canvas|caseW-high|bboxH-high,acceptable variation,261751096034338177fd87459f0f22178eb35928554825c6601a46f23d269fa6
EAWV-58A-1AV,0.967051,0.983333,0.499176,0.501667,607x900,RGBA,,canvas|caseW-high|bboxH-high,False,False,true failure,True,"canvas,caseW-high,bboxH-high; PASS_CONTENT from legacy catalog black-background review; human full-resolution review: strong perspective with looped strap",rerendered-and-approved,False,0.780273,0.908203,0.499512,0.500326,1024x1536,RGBA,,PASS,2656297ffd3ba10ab4f0327946a2d1eea17de0642b11f445b7edab14097d3864
EACA-53WF-2B,0.973306,0.984444,0.50616,0.5,487x900,RGBA,,canvas|caseW-high|bboxH-high,False,True,acceptable variation,False,"canvas,caseW-high,bboxH-high; PASS_CONTENT from legacy catalog black-background review; human full-resolution review: human visual review accepted: strong perspective with curved strap",unchanged-protected,False,0.973306,0.984444,0.50616,0.5,487x900,RGBA,canvas|caseW-high|bboxH-high,acceptable variation,193cefb43df8907836354328c111b2ca3b15263059d723dbde02a3ddb76b2671
EAWV-58DA-1AV,0.971808,0.988889,0.498342,0.501111,603x900,RGBA,,canvas|caseW-high|bboxH-high,False,False,true failure,True,"canvas,caseW-high,bboxH-high; PASS_CONTENT from legacy catalog black-background review; human full-resolution review: strong perspective with looped bracelet",rerendered-and-approved,False,0.779297,0.911458,0.500000,0.500000,1024x1536,RGBA,,PASS,fff61b05cbd80071992ee2648f74b36e3a2d82a83b88fa44560f4a0cb8c8eccb
EACA-53W-1,0.969136,0.98,0.496914,0.5,486x900,RGBA,,canvas|caseW-high|bboxH-high,False,True,acceptable variation,False,"canvas,caseW-high,bboxH-high; PASS_CONTENT from legacy catalog black-background review; human full-resolution review: human visual review accepted: strong perspective with curved strap",unchanged-protected,False,0.969136,0.98,0.496914,0.5,486x900,RGBA,canvas|caseW-high|bboxH-high,acceptable variation,fc84b8c801605d95838766ed5c2dd7f5dabebdd3282b79436152f1351bc1d6dd
CRMTP-VT04D-8E,0.705078,0.898438,0.5,0.500651,1024x1536,RGBA,,caseW-low,False,True,acceptable variation,False,caseW-low; PASS_CONTENT from 424-watch black-background review,unchanged-protected,False,0.705078,0.898438,0.5,0.500651,1024x1536,RGBA,caseW-low,acceptable variation,8bdc13953cc3ba82398b02030dc5544c606e1608f84d11a596028b9fbc8db6c0
CRMTP-VT03D-7B,0.706055,0.897135,0.499512,0.5,1024x1536,RGBA,,caseW-low,False,True,acceptable variation,False,caseW-low; PASS_CONTENT from 424-watch black-background review,unchanged-protected,False,0.706055,0.897135,0.499512,0.5,1024x1536,RGBA,caseW-low,acceptable variation,04616f42aee78ae6169756225162842432237c4daa49cf026c3ca77323e33f73
CR50215STN104,0.729492,0.897135,0.500488,0.500651,1024x1536,RGBA,,caseW-low,False,True,acceptable variation,False,caseW-low; PASS_CONTENT from 424-watch black-background review,unchanged-protected,False,0.729492,0.897135,0.500488,0.500651,1024x1536,RGBA,caseW-low,acceptable variation,551952610d6b2704d33cec085c5bf9e373efe82fe928c15ee5c95d69f109f8b6
CR50215STN102,0.730469,0.898438,0.500977,0.501302,1024x1536,RGBA,,,True,True,approved,False,PASS_CONTENT from 424-watch black-background review; pending v2 candidate recheck,unchanged-protected,False,0.730469,0.898438,0.500977,0.501302,1024x1536,RGBA,,approved,75255f8a428565d7bfd7a3278c5f655421fd0dcaf5b6492b804aa545627f0570
CR50247STN101,0.794922,0.897786,0.5,0.500977,1024x1536,RGBA,,,True,True,approved,False,PASS_CONTENT from 424-watch black-background review; pending v2 candidate recheck,unchanged-protected,False,0.794922,0.897786,0.5,0.500977,1024x1536,RGBA,,approved,42ed2b2c49b436f7de2f1139216efd4d479024619e15284782dd06cd1a4368ec
CRUTP-1302PD-7AV,0.629883,0.897135,0.499512,0.5,1024x1536,RGBA,,caseW-low,False,True,acceptable variation,False,caseW-low; PASS_CONTENT from 424-watch black-background review,unchanged-protected,False,0.629883,0.897135,0.499512,0.5,1024x1536,RGBA,caseW-low,acceptable variation,b03cf31d7b12599254e71ef30d82e013881fd0f0b8511623cedb0e84189cad2f
CRUTP-1302PD-3A1V,0.626953,0.896484,0.499023,0.500326,1024x1536,RGBA,,caseW-low,False,True,acceptable variation,False,caseW-low; PASS_CONTENT from 424-watch black-background review,unchanged-protected,False,0.626953,0.896484,0.499023,0.500326,1024x1536,RGBA,caseW-low,acceptable variation,6f4d98d8ab9182be64d50a73dcbd57963b78d62056767119366bb2c14eed5668
CRUTP-1302PD-2A2V,0.625977,0.895833,0.499512,0.5,1024x1536,RGBA,,caseW-low,False,True,acceptable variation,False,caseW-low; PASS_CONTENT from 424-watch black-background review,unchanged-protected,False,0.625977,0.895833,0.499512,0.5,1024x1536,RGBA,caseW-low,acceptable variation,d93327332a3a87f71cd78e5589fb715e835e09ab79b38720c6bf2f0155fb813a
CRUTP-1302PD-2A1V,0.62793,0.897135,0.498535,0.500651,1024x1536,RGBA,,caseW-low,False,True,acceptable variation,False,caseW-low; PASS_CONTENT from 424-watch black-background review,unchanged-protected,False,0.62793,0.897135,0.498535,0.500651,1024x1536,RGBA,caseW-low,acceptable variation,76b1675d5a57bc6995f2258801897310442feb163315f49c9cf9bf6d14cbf8bb
CRLTP-VT04D-4A,0.671875,0.898438,0.5,0.5,1024x1536,RGBA,,caseW-low,False,True,acceptable variation,False,caseW-low; PASS_CONTENT from 424-watch black-background review,unchanged-protected,False,0.671875,0.898438,0.5,0.5,1024x1536,RGBA,caseW-low,acceptable variation,08c4e44762af465852d6d0c8523c0176ff3e406df5d4f38efe8c288e17f15b25
CRLTP-VT04D-1A,0.674805,0.89974,0.499512,0.5,1024x1536,RGBA,,caseW-low,False,True,acceptable variation,False,caseW-low; PASS_CONTENT from 424-watch black-background review,unchanged-protected,False,0.674805,0.89974,0.499512,0.5,1024x1536,RGBA,caseW-low,acceptable variation,3809a804c05954a091e80fd7db45f8db4417571d20146a1219861f929f74dc4a
CR50215STN101,0.729492,0.895833,0.499512,0.5,1024x1536,RGBA,,caseW-low,False,True,acceptable variation,False,caseW-low; PASS_CONTENT from 424-watch black-background review,unchanged-protected,False,0.729492,0.895833,0.499512,0.5,1024x1536,RGBA,caseW-low,acceptable variation,b8eeaa538ab295e16875a93af3bf6a72d989d8b950f096adaac5f4d81044e01f
CRMTP-1370D-7A3V,0.674805,0.897786,0.499512,0.499674,1024x1536,RGBA,,caseW-low,False,True,acceptable variation,False,caseW-low; PASS_CONTENT from 424-watch black-background review,unchanged-protected,False,0.674805,0.897786,0.499512,0.499674,1024x1536,RGBA,caseW-low,acceptable variation,1dc15ac14db14cacceb75c6972bf9233b582475a8e6cb17139249909f9734e9a
CRMTP-1370D-2A2V,0.667969,0.896484,0.5,0.499674,1024x1536,RGBA,,caseW-low,False,True,acceptable variation,False,caseW-low; PASS_CONTENT from 424-watch black-background review,unchanged-protected,False,0.667969,0.896484,0.5,0.499674,1024x1536,RGBA,caseW-low,acceptable variation,cffdf0f4751d624a05794e3088f33f6a148394ff5600b1eaa04d5ec82a88a422
CRMTP-1302DA-7AV,0.700195,0.897135,0.499512,0.500651,1024x1536,RGBA,,caseW-low,False,True,acceptable variation,False,caseW-low; PASS_CONTENT from 424-watch black-background review,unchanged-protected,False,0.700195,0.897135,0.499512,0.500651,1024x1536,RGBA,caseW-low,acceptable variation,91881aea49f3302c1c64a34f464001aee0149ff613987c31e7a94ebcb847f9b4
CRMTP-1302DA-3AV,0.666992,0.897786,0.5,0.500977,1024x1536,RGBA,,caseW-low,False,True,acceptable variation,False,caseW-low; PASS_CONTENT from 424-watch black-background review,unchanged-protected,False,0.666992,0.897786,0.5,0.500977,1024x1536,RGBA,caseW-low,acceptable variation,c39505d48a43be916d464932a92990ab6bde162e6690caec5afbf9ce10b9a43d
CRMTP-1302DA-2A1V,0.662109,0.895833,0.500977,0.5,1024x1536,RGBA,,caseW-low,False,True,acceptable variation,False,caseW-low; PASS_CONTENT from 424-watch black-background review,unchanged-protected,False,0.662109,0.895833,0.500977,0.5,1024x1536,RGBA,caseW-low,acceptable variation,a975ba154b213152ecf72e4455fa1a29a7582c845cd28921a84485a18c9e00f2
CRLTP-V009G-7E,0.523438,0.895833,0.5,0.5,1024x1536,RGBA,,caseW-low,False,True,acceptable variation,False,caseW-low; PASS_CONTENT from 424-watch black-background review,unchanged-protected,False,0.523438,0.895833,0.5,0.5,1024x1536,RGBA,caseW-low,acceptable variation,532dc457fe87eb4ecf4e0ce7490d7cde057a54b068112e7a8eff51f833d11ea8
CRAQ-230GG-9A,0.692383,0.89974,0.5,0.5,1024x1536,RGBA,,caseW-low,False,True,acceptable variation,False,caseW-low; PASS_CONTENT from 424-watch black-background review,unchanged-protected,False,0.692383,0.89974,0.5,0.5,1024x1536,RGBA,caseW-low,acceptable variation,05f5b8b0433342cf85ecde5607f2515684611bfccad410179b4effc24de96561
CRMTP-1302D-1A1,0.691406,0.897135,0.5,0.500651,1024x1536,RGBA,,caseW-low,False,True,acceptable variation,False,caseW-low; PASS_CONTENT from 424-watch black-background review,unchanged-protected,False,0.691406,0.897135,0.5,0.500651,1024x1536,RGBA,caseW-low,acceptable variation,968f6f29a75910f393bed2cf660757e7d82b48932e905dc58999fc35b05d02b9
EAMTP-1170N-7A,0.968165,0.984444,0.500936,0.5,534x900,RGBA,,canvas|caseW-high|bboxH-high,False,False,true failure,True,"canvas,caseW-high,bboxH-high; PASS_CONTENT from legacy catalog black-background review; human full-resolution review: strong perspective with looped bracelet",rerendered-and-approved,False,0.780273,0.911458,0.500488,0.500000,1024x1536,RGBA,,PASS,2e9fee1e12e685bda038fe09f742042e6ca78afe03e11413696bba9b5ce9e116
EAMTP-V002L-5B3,0.972067,0.983333,0.499069,0.498333,537x900,RGBA,,canvas|caseW-high|bboxH-high,False,True,acceptable variation,False,"canvas,caseW-high,bboxH-high; PASS_CONTENT from legacy catalog black-background review",unchanged-protected,False,0.972067,0.983333,0.499069,0.498333,537x900,RGBA,canvas|caseW-high|bboxH-high,acceptable variation,64aec62d7f422568b0a81294209ab9ac9401959b1969155ac616ff16018cd914
EAMTP-4500D-1AV,0.971667,0.98,0.500833,0.5,600x900,RGBA,,canvas|caseW-high|bboxH-high,False,False,true failure,True,"canvas,caseW-high,bboxH-high; PASS_CONTENT from legacy catalog black-background review; human full-resolution review: strong perspective with bracelet largely outside frame",rerendered-and-approved,False,0.781250,0.910156,0.500000,0.500000,1024x1536,RGBA,,PASS,49fe1ef6a4cfbb056994758f3ff225038bf0897a2f70a35521029975e2bbfa62
EAMTP-V002GL-7B,0.972527,0.98,0.497253,0.5,546x900,RGBA,,canvas|caseW-high|bboxH-high,False,True,acceptable variation,False,"canvas,caseW-high,bboxH-high; PASS_CONTENT from legacy catalog black-background review",unchanged-protected,False,0.972527,0.98,0.497253,0.5,546x900,RGBA,canvas|caseW-high|bboxH-high,acceptable variation,83fced29846ee4f21e7bf988e4e0777307ae793a99dda8f8048c729336e91b1b
EAMTP-VD03D-3A1,0.973199,0.984444,0.501675,0.5,597x900,RGBA,,canvas|caseW-high|bboxH-high,False,True,acceptable variation,False,"canvas,caseW-high,bboxH-high; PASS_CONTENT from legacy catalog black-background review; human full-resolution review: human visual review accepted: strong perspective with bracelet largely outside frame",unchanged-protected,False,0.973199,0.984444,0.501675,0.5,597x900,RGBA,canvas|caseW-high|bboxH-high,acceptable variation,13f7cb7c029247d4cfd537577a5c1dfca3d54964802023d1330d32bc98bb66f5
EAMTP-VT01GL-3B,0.972077,0.978889,0.501745,0.500556,573x900,RGBA,,canvas|caseW-high|bboxH-high,False,True,acceptable variation,False,"canvas,caseW-high,bboxH-high; PASS_CONTENT from legacy catalog black-background review",unchanged-protected,False,0.972077,0.978889,0.501745,0.500556,573x900,RGBA,canvas|caseW-high|bboxH-high,acceptable variation,347398a0ee5bf79e9ccaae499c27168594ea4a2b65622d13589b411a679f06d5
EAMTP-VD01BL-2B,0.973984,0.982222,0.501626,0.498889,615x900,RGBA,,canvas|caseW-high|bboxH-high,False,True,acceptable variation,False,"canvas,caseW-high,bboxH-high; PASS_CONTENT from legacy catalog black-background review",unchanged-protected,False,0.973984,0.982222,0.501626,0.498889,615x900,RGBA,canvas|caseW-high|bboxH-high,acceptable variation,8129d5f255dd5ca24adbf81a391b80c1f3a8c6a54df2c5a68d5342dadefce705
EAMTP-V006G-7B,0.969314,0.983333,0.500903,0.498333,554x900,RGBA,,canvas|caseW-high|bboxH-high,False,True,acceptable variation,False,"canvas,caseW-high,bboxH-high; PASS_CONTENT from legacy catalog black-background review; human full-resolution review: human visual review accepted: strong perspective with looped bracelet",unchanged-protected,False,0.969314,0.983333,0.500903,0.498333,554x900,RGBA,canvas|caseW-high|bboxH-high,acceptable variation,d4bebdf303f6b6360cbb003a69b9875ff134854f199638d4962c73be7e3765ff
EAMTP-1314L-8A,0.973228,0.98,0.500787,0.5,635x900,RGBA,,canvas|caseW-high|bboxH-high,False,True,acceptable variation,False,"canvas,caseW-high,bboxH-high; PASS_CONTENT from legacy catalog black-background review",unchanged-protected,False,0.973228,0.98,0.500787,0.5,635x900,RGBA,canvas|caseW-high|bboxH-high,acceptable variation,f52003e965757de518c384dbea13e50d634ae2ab28b9e58d370f3b39006c1de7
EAMTP-VT01L-7B2,0.972222,0.983333,0.498264,0.500556,576x900,RGBA,,canvas|caseW-high|bboxH-high,False,True,acceptable variation,False,"canvas,caseW-high,bboxH-high; PASS_CONTENT from legacy catalog black-background review",unchanged-protected,False,0.972222,0.983333,0.498264,0.500556,576x900,RGBA,canvas|caseW-high|bboxH-high,acceptable variation,7514ee61c7f76a7e2354363fa56af0cdcd32075f59c5595215a20a3d2f616aa1
EAMTP-V004G-9B,0.97079,0.983333,0.500859,0.501667,582x900,RGBA,,canvas|caseW-high|bboxH-high,False,True,acceptable variation,False,"canvas,caseW-high,bboxH-high; PASS_CONTENT from legacy catalog black-background review; human full-resolution review: human visual review accepted: strong perspective with looped bracelet",unchanged-protected,False,0.97079,0.983333,0.500859,0.501667,582x900,RGBA,canvas|caseW-high|bboxH-high,acceptable variation,02f47a51d8fad71dbd73f54a1ba2becf414a5f0c3d975180869adc5f69e73808
EAMTP-1183G-7A,0.974265,0.982222,0.498162,0.501111,544x900,RGBA,,canvas|caseW-high|bboxH-high,False,True,acceptable variation,False,"canvas,caseW-high,bboxH-high; PASS_CONTENT from legacy catalog black-background review; human full-resolution review: human visual review accepted: strong perspective with looped bracelet",unchanged-protected,False,0.974265,0.982222,0.498162,0.501111,544x900,RGBA,canvas|caseW-high|bboxH-high,acceptable variation,6f6745f830fe5be8e70b9156bcdcf063c64472317e8c68ab7f0b91789466115c
EAMTP-VD03L-5A,0.973109,0.98,0.5,0.5,595x900,RGBA,,canvas|caseW-high|bboxH-high,False,True,acceptable variation,False,"canvas,caseW-high,bboxH-high; PASS_CONTENT from legacy catalog black-background review",unchanged-protected,False,0.973109,0.98,0.5,0.5,595x900,RGBA,canvas|caseW-high|bboxH-high,acceptable variation,cee8e109b7f989d20732a9d8bc166013fce0e06cb42e57e0496807bb482ffbe0
EAMTP-VT01G-1B,0.977431,0.982222,0.499132,0.498889,576x900,RGBA,,canvas|caseW-high|bboxH-high,False,True,acceptable variation,False,"canvas,caseW-high,bboxH-high; PASS_CONTENT from legacy catalog black-background review; human full-resolution review: human visual review accepted: strong perspective with looped bracelet",unchanged-protected,False,0.977431,0.982222,0.499132,0.498889,576x900,RGBA,canvas|caseW-high|bboxH-high,acceptable variation,0a6ea0e08e9b264d7471d5d4411a8e520c52d6a61ccef7c08940d5da14b6bb26
EAMTP-V005L-1A,0.967687,0.984444,0.49915,0.501111,588x900,RGBA,,canvas|caseW-high|bboxH-high,False,True,acceptable variation,False,"canvas,caseW-high,bboxH-high; PASS_CONTENT from legacy catalog black-background review",unchanged-protected,False,0.967687,0.984444,0.49915,0.501111,588x900,RGBA,canvas|caseW-high|bboxH-high,acceptable variation,79d3809a09b07d9f5fb6edd023891e7c8b1dd05990517805a74dc9a6c5d747e3
EAMTP-VD01D-2B,0.973186,0.988889,0.499211,0.502222,634x900,RGBA,,canvas|caseW-high|bboxH-high,False,True,acceptable variation,False,"canvas,caseW-high,bboxH-high; PASS_CONTENT from legacy catalog black-background review; human full-resolution review: human visual review accepted: strong perspective with bracelet largely outside frame",unchanged-protected,False,0.973186,0.988889,0.499211,0.502222,634x900,RGBA,canvas|caseW-high|bboxH-high,acceptable variation,62a7c1256ebcb7d86f6f59445262dd2a500bcf003bdcd88427ed37a3319dcc08
EAMTP-V004L-7A,0.97089,0.984444,0.500856,0.498889,584x900,RGBA,,canvas|caseW-high|bboxH-high,False,True,acceptable variation,False,"canvas,caseW-high,bboxH-high; PASS_CONTENT from legacy catalog black-background review",unchanged-protected,False,0.97089,0.984444,0.500856,0.498889,584x900,RGBA,canvas|caseW-high|bboxH-high,acceptable variation,ba2c880a599136e1897453c69229c3371504af6a2130adf7f78c8ad0d46814ea
EAMTP-VD03B-1A,0.97005,0.982222,0.5,0.501111,601x900,RGBA,,canvas|caseW-high|bboxH-high,False,True,acceptable variation,False,"canvas,caseW-high,bboxH-high; PASS_CONTENT from legacy catalog black-background review; human full-resolution review: human visual review accepted: strong perspective with looped bracelet",unchanged-protected,False,0.97005,0.982222,0.5,0.501111,601x900,RGBA,canvas|caseW-high|bboxH-high,acceptable variation,338942a466d423e8ce02633a891550b6ed0b83bf250835fb020fbc756be467b2
EAMTP-VD02D-1E,0.973333,0.982222,0.5,0.498889,600x900,RGBA,,canvas|caseW-high|bboxH-high,False,True,acceptable variation,False,"canvas,caseW-high,bboxH-high; PASS_CONTENT from legacy catalog black-background review; human full-resolution review: human visual review accepted: strong perspective with bracelet largely outside frame",unchanged-protected,False,0.973333,0.982222,0.5,0.498889,600x900,RGBA,canvas|caseW-high|bboxH-high,acceptable variation,6e34dc99109b234fcdcf49e587d8999e0d72df0461601218dbab89b781e15b09
EAMTP-VD01SG-9B,0.974359,0.981111,0.498397,0.501667,624x900,RGBA,,canvas|caseW-high|bboxH-high,False,True,acceptable variation,False,"canvas,caseW-high,bboxH-high; PASS_CONTENT from legacy catalog black-background review; human full-resolution review: human visual review accepted: strong perspective with bracelet largely outside frame",unchanged-protected,False,0.974359,0.981111,0.498397,0.501667,624x900,RGBA,canvas|caseW-high|bboxH-high,acceptable variation,5ace727700bc891723dbdb7d60f7da12745d5a497bf60b15fbb6aada5ee5e2a2
EAMTP-1303D-1A,0.97227,0.982222,0.498267,0.5,577x900,RGBA,,canvas|caseW-high|bboxH-high,False,False,true failure,True,"canvas,caseW-high,bboxH-high; PASS_CONTENT from legacy catalog black-background review; human full-resolution review: strong perspective with looped bracelet",rerendered-and-approved,False,0.780273,0.911458,0.500488,0.500000,1024x1536,RGBA,,PASS,0456a2bd28a149274eff505af22f5867146ff6d374925a445f79e27674eea652
EAMTP-V001GL-9B,0.969314,0.986667,0.499097,0.5,554x900,RGBA,,canvas|caseW-high|bboxH-high,False,True,acceptable variation,False,"canvas,caseW-high,bboxH-high; PASS_CONTENT from legacy catalog black-background review",unchanged-protected,False,0.969314,0.986667,0.499097,0.5,554x900,RGBA,canvas|caseW-high|bboxH-high,acceptable variation,6e674db0774fd02387892dac82aa54e8e15c292e55a8862cfe7203bbab1eb98e
CR40215STN102,0.831055,0.876953,0.499512,0.508789,1024x1536,RGBA,,caseW-high,False,True,acceptable variation,False,caseW-high; PASS_CONTENT from 424-watch black-background review,unchanged-protected,False,0.831055,0.876953,0.499512,0.508789,1024x1536,RGBA,caseW-high,acceptable variation,17ce4e32461074e570d70757381cf3a634bad955eb511d2c8c7b1a810ef295b8
CR50247STN104,0.794922,0.898438,0.499023,0.499349,1024x1536,RGBA,,,True,True,approved,False,PASS_CONTENT from 424-watch black-background review; pending v2 candidate recheck,unchanged-protected,False,0.794922,0.898438,0.499023,0.499349,1024x1536,RGBA,,approved,862ca43cb69bf09addde7f640bc091db32a5906e9c2dfdce6cd0c34042cf7d96
CR00128STN111,0.743164,0.897135,0.498535,0.499349,1024x1536,RGBA,,,True,True,approved,False,PASS_CONTENT from 424-watch black-background review; pending v2 candidate recheck,unchanged-protected,False,0.743164,0.897135,0.498535,0.499349,1024x1536,RGBA,,approved,e674e076d282d33a1a80f2b0574d796dae90a47c2383fe0fb0231738e9492073
E4971850930778,0.976642,0.985582,0.5,0.5,685x971,RGBA,,canvas|caseW-high|bboxH-high,False,False,true failure,True,"canvas,caseW-high,bboxH-high; PASS_CONTENT from legacy catalog black-background review; human full-resolution review: strong perspective with looped bracelet",rerendered-and-approved,False,0.780273,0.911458,0.500488,0.500000,1024x1536,RGBA,,PASS,8fe7c3af60e9f116ea7ab2e03e812f0792410d5a743d02f60c90f6750c828a26
E889232341903,0.976228,0.983301,0.5,0.499509,631x1018,RGBA,,canvas|caseW-high|bboxH-high,False,True,acceptable variation,False,"canvas,caseW-high,bboxH-high; PASS_CONTENT from legacy catalog black-background review",unchanged-protected,False,0.976228,0.983301,0.5,0.499509,631x1018,RGBA,canvas|caseW-high|bboxH-high,acceptable variation,1a6ccf2bb9ab80375306f060269f59a4c87abccb59655d7a8d26256365d342d8
E79767968786,0.994941,0.996571,0.501686,0.498286,593x875,RGBA,,canvas|caseW-high|bboxH-high,False,False,true failure,True,"canvas,caseW-high,bboxH-high; PASS_CONTENT from legacy catalog black-background review; human full-resolution review: strong perspective with looped bracelet",rerendered-and-approved,False,0.780273,0.911458,0.499512,0.500000,1024x1536,RGBA,,PASS,8928b0211522537d5d96801edb6aa2dc3771bbf16a04ddeaba3a72a864bce759
E889232317731,0.980539,0.986908,0.499251,0.500504,668x993,RGBA,,canvas|caseW-high|bboxH-high,False,True,acceptable variation,False,"canvas,caseW-high,bboxH-high; PASS_CONTENT from legacy catalog black-background review",unchanged-protected,False,0.980539,0.986908,0.499251,0.500504,668x993,RGBA,canvas|caseW-high|bboxH-high,acceptable variation,d8bc2e80158d280801d307fd889c67abd1390bd400b56cad52346f0a41bdb03a
E889232341873,0.975649,0.986125,0.499188,0.499009,616x1009,RGBA,,canvas|caseW-high|bboxH-high,False,True,acceptable variation,False,"canvas,caseW-high,bboxH-high; PASS_CONTENT from legacy catalog black-background review",unchanged-protected,False,0.975649,0.986125,0.499188,0.499009,616x1009,RGBA,canvas|caseW-high|bboxH-high,acceptable variation,c2e24621c185c0ebf4941c9ace08c3232e63acbbd2e69b4115675972b0da7d9d
E889232112275,0.975422,0.986,0.5,0.5,651x1000,RGBA,,canvas|caseW-high|bboxH-high,False,True,acceptable variation,False,"canvas,caseW-high,bboxH-high; PASS_CONTENT from legacy catalog black-background review",unchanged-protected,False,0.975422,0.986,0.5,0.5,651x1000,RGBA,canvas|caseW-high|bboxH-high,acceptable variation,a0fdf03aed758b5587ffed7e8dc1c068ea9cb4c90f6a19e1febe923eefb0231a
E889232251257,0.978134,0.984894,0.5,0.499496,686x993,RGBA,,canvas|caseW-high|bboxH-high,False,True,acceptable variation,False,"canvas,caseW-high,bboxH-high; PASS_CONTENT from legacy catalog black-background review",unchanged-protected,False,0.978134,0.984894,0.5,0.499496,686x993,RGBA,canvas|caseW-high|bboxH-high,acceptable variation,d92bb73c825de514a6a6acd9505d254016acbcfe30e42b1fa0a447395f815814
CRMTP-VT06D-1B,0.649414,0.897786,0.499512,0.500326,1024x1536,RGBA,,caseW-low,False,True,acceptable variation,False,caseW-low; PASS_CONTENT from 424-watch black-background review,unchanged-protected,False,0.649414,0.897786,0.499512,0.500326,1024x1536,RGBA,caseW-low,acceptable variation,e83a0ef31392a827f6df907b659b4d6c94a726ac936762546d6d6cb90e2ce394
CRRF927A500WA-7DF,0.664062,0.896484,0.497559,0.500326,1024x1536,RGBA,,caseW-low,False,True,acceptable variation,False,caseW-low; PASS_CONTENT from 424-watch black-background review,unchanged-protected,False,0.664062,0.896484,0.497559,0.500326,1024x1536,RGBA,caseW-low,acceptable variation,7a802440d94a2e282862c7dce97ed559a339ffc9891de2cf343e908079847aa4
CRRF922A500WA-1DF,0.645508,0.897135,0.504883,0.499349,1024x1536,RGBA,,caseW-low,False,True,acceptable variation,False,caseW-low; PASS_CONTENT from 424-watch black-background review,unchanged-protected,False,0.645508,0.897135,0.504883,0.499349,1024x1536,RGBA,caseW-low,acceptable variation,aa0a63a562158d61caa7d6a2dd69581bbb88f79465b94c87eaf3b74ac849e30d
CRAQ-230A-4AMQY,0.633789,0.895833,0.5,0.499349,1024x1536,RGBA,,caseW-low,False,True,acceptable variation,False,caseW-low; PASS_CONTENT from 424-watch black-background review,unchanged-protected,False,0.633789,0.895833,0.5,0.499349,1024x1536,RGBA,caseW-low,acceptable variation,9b407179eb6648a44ee1bad5047c548cf84d529c8801c5c43006ed62ea0b7dee
CRMTP-VT01DM-1A,0.854492,0.895833,0.499512,0.5,1024x1536,RGBA,,caseW-high,False,True,acceptable variation,False,caseW-high; PASS_CONTENT from 424-watch black-background review; human full-resolution review: human visual review accepted: strong perspective with bracelet largely outside frame,unchanged-protected,False,0.854492,0.895833,0.499512,0.5,1024x1536,RGBA,caseW-high,acceptable variation,518883138e81fb8955cd0b5e3fdbc19f117add8801f1e7c312b5a64430f21183
CRMTP-VD01D-3E2V,0.883789,0.861328,0.499512,0.499674,1024x1536,RGBA,,caseW-high,False,True,acceptable variation,False,caseW-high; PASS_CONTENT from 424-watch black-background review,unchanged-protected,False,0.883789,0.861328,0.499512,0.499674,1024x1536,RGBA,caseW-high,acceptable variation,f69ae5f8fb2d6283cb0d701bc6d64391c713f5bedb7395e5222e15250af542a8
CRMTP-VD01D-3BV,0.883789,0.861328,0.499512,0.499674,1024x1536,RGBA,,caseW-high,False,True,acceptable variation,False,caseW-high; PASS_CONTENT from 424-watch black-background review,unchanged-protected,False,0.883789,0.861328,0.499512,0.499674,1024x1536,RGBA,caseW-high,acceptable variation,f98967ee895a5ea6e540c1c46575411b2f1502cea9a265889128b4ac4e5d9f07
CRMTP-1302D-7B,0.680664,0.895833,0.500488,0.5,1024x1536,RGBA,,caseW-low,False,True,acceptable variation,False,caseW-low; PASS_CONTENT from 424-watch black-background review,unchanged-protected,False,0.680664,0.895833,0.500488,0.5,1024x1536,RGBA,caseW-low,acceptable variation,5f32e8393611cd7a0003ad02f25295e02f192fa4b51d5e28220e2a2751c98ad6
CRLTP-V009D-7E,0.524414,0.895833,0.499023,0.5,1024x1536,RGBA,,caseW-low,False,True,acceptable variation,False,caseW-low; PASS_CONTENT from 424-watch black-background review,unchanged-protected,False,0.524414,0.895833,0.499023,0.5,1024x1536,RGBA,caseW-low,acceptable variation,a63dcbc3dd3906b74241bc4353b65f85c1c3e8f812137ea0de3d3aa9fbaf0b55
CRLTP-V009D-2E,0.43457,0.873698,0.549805,0.488932,1024x1536,RGBA,,caseW-low|case-centre-x,False,True,acceptable variation,False,"caseW-low,case-centre-x; PASS_CONTENT from 424-watch black-background review",unchanged-protected,False,0.43457,0.873698,0.549805,0.488932,1024x1536,RGBA,caseW-low|case-centre-x,acceptable variation,ba4ae2663cd08718f753f6e5ee0dc26e8eab096915982174e2864ac9f6510aa5
EAMCW-100H-1A3V,0.973529,1.0,0.5,0.5,680x900,RGBA,,canvas|caseW-high|bboxH-high,False,True,acceptable variation,False,"canvas,caseW-high,bboxH-high; PASS_CONTENT from legacy catalog black-background review",unchanged-protected,False,0.973529,1.0,0.5,0.5,680x900,RGBA,canvas|caseW-high|bboxH-high,acceptable variation,a7d3ad3b751ce6ae309bcc7e4e6d7ab0bbd19f66d90db166048a5100b7cc50d9
EAMCW-200H-1A,0.965909,0.983333,0.5,0.500556,704x900,RGBA,,canvas|caseW-high|bboxH-high,False,True,acceptable variation,False,"canvas,caseW-high,bboxH-high; PASS_CONTENT from legacy catalog black-background review",unchanged-protected,False,0.965909,0.983333,0.5,0.500556,704x900,RGBA,canvas|caseW-high|bboxH-high,acceptable variation,8b5f810b4e2210cc859fa245575da08fe4a3596f9becb09a53d81928ce3dbb2d
EAAQ-230GA-9B,0.938462,0.982222,0.503297,0.501111,455x900,RGBA,,canvas|caseW-high|bboxH-high,False,True,acceptable variation,False,"canvas,caseW-high,bboxH-high; PASS_CONTENT from legacy catalog black-background review",unchanged-protected,False,0.938462,0.982222,0.503297,0.501111,455x900,RGBA,canvas|caseW-high|bboxH-high,acceptable variation,8dc5a97ff3460f9f1660983b145c2d93a82c073a8366fab5632159ae2c438615
EAAQ-S810WC-7BV,0.975078,0.983333,0.502336,0.499444,642x900,RGBA,,canvas|caseW-high|bboxH-high,False,True,acceptable variation,False,"canvas,caseW-high,bboxH-high; PASS_CONTENT from legacy catalog black-background review",unchanged-protected,False,0.975078,0.983333,0.502336,0.499444,642x900,RGBA,canvas|caseW-high|bboxH-high,acceptable variation,23f8a72d205a267a7317b9534c0e045daa89ccf28c01950a1f90d723693e740e
EAMCW-200H-1AV,0.967697,0.997778,0.502107,0.5,712x900,RGBA,,canvas|caseW-high|bboxH-high,False,True,acceptable variation,False,"canvas,caseW-high,bboxH-high; PASS_CONTENT from legacy catalog black-background review",unchanged-protected,False,0.967697,0.997778,0.502107,0.5,712x900,RGBA,canvas|caseW-high|bboxH-high,acceptable variation,e66f986a2a8ad80c50fcbfa6b821d2cfe6f0b4171b759f6613941c26bed648ad
EAAQ-S810W-1A4V,0.969984,0.983333,0.49921,0.501667,633x900,RGBA,,canvas|caseW-high|bboxH-high,False,True,acceptable variation,False,"canvas,caseW-high,bboxH-high; PASS_CONTENT from legacy catalog black-background review",unchanged-protected,False,0.969984,0.983333,0.49921,0.501667,633x900,RGBA,canvas|caseW-high|bboxH-high,acceptable variation,363cb704a6b80ca4c4c511d6fea27beb811b51197330c0b40d9873afcc90491b
E4971850906537,0.97377,1.0,0.5,0.5,610x1024,RGBA,,canvas|caseW-high|bboxH-high,False,False,true failure,True,"canvas,caseW-high,bboxH-high; PASS_CONTENT from legacy catalog black-background review; human full-resolution review: full fabric strap and hardware presentation contrary to catalog crop",rerendered-and-approved,False,0.779297,0.841146,0.500000,0.500000,1024x1536,RGBA,,PASS,60a4f61b42dc7b99a6e2d9c17f8ab9902a5ae43c8e30f0daf3e2f2213e763dfe
EAAQ-230A-1D,0.94,0.98,0.5,0.501111,450x900,RGBA,,canvas|caseW-high|bboxH-high,False,True,acceptable variation,False,"canvas,caseW-high,bboxH-high; PASS_CONTENT from legacy catalog black-background review",unchanged-protected,False,0.94,0.98,0.5,0.501111,450x900,RGBA,canvas|caseW-high|bboxH-high,acceptable variation,0b703273bb792c6c04861901162b4ca70ddd4a7b826cb9d67396a88184036ef8
CRMQ-24DA-3A,0.703125,0.898438,0.500488,0.500651,1024x1536,RGBA,,caseW-low,False,True,acceptable variation,False,caseW-low; PASS_CONTENT from 424-watch black-background review,unchanged-protected,False,0.703125,0.898438,0.500488,0.500651,1024x1536,RGBA,caseW-low,acceptable variation,9f9e7448b1b1783aa26f4432bf62a8beeacb5904e825054dfadfb93b546946a9
CRMQ-24DA-2A,0.703125,0.896484,0.499023,0.500326,1024x1536,RGBA,,caseW-low,False,True,acceptable variation,False,caseW-low; PASS_CONTENT from 424-watch black-background review,unchanged-protected,False,0.703125,0.896484,0.499023,0.500326,1024x1536,RGBA,caseW-low,acceptable variation,dbe0f042d73cb30a388e88bc90748888f260e23aa5a3c5bd3693a369d15ba006
CRMQ-24DA-1A,0.702148,0.897786,0.500488,0.500326,1024x1536,RGBA,,caseW-low,False,True,acceptable variation,False,caseW-low; PASS_CONTENT from 424-watch black-background review,unchanged-protected,False,0.702148,0.897786,0.500488,0.500326,1024x1536,RGBA,caseW-low,acceptable variation,1ff08e49eb23b62e39be83e3465b4038f1e903c0dab0df2eeb12773dfef58028
CRRF1223MQ-24G-9E,0.72168,0.895833,0.500488,0.500651,1024x1536,RGBA,,caseW-low,False,True,acceptable variation,False,caseW-low; PASS_CONTENT from 424-watch black-background review,unchanged-protected,False,0.72168,0.895833,0.500488,0.500651,1024x1536,RGBA,caseW-low,acceptable variation,bc0aa18f2533fae1e6e55b47150742bf54608be39324cfda72f6b48e29af550f
CRAQ-230A-9AMQY,0.634766,0.896484,0.5,0.499674,1024x1536,RGBA,,caseW-low,False,True,acceptable variation,False,caseW-low; PASS_CONTENT from 424-watch black-background review,unchanged-protected,False,0.634766,0.896484,0.5,0.499674,1024x1536,RGBA,caseW-low,acceptable variation,ff66725fe26f5eaa9ec0f85450ded9dd5c7cfe4c0802871af32e492f1ced9b47
CRMQ-24G-9E,0.72168,0.895833,0.500488,0.500651,1024x1536,RGBA,,caseW-low,False,True,acceptable variation,False,caseW-low; PASS_CONTENT from 424-watch black-background review,unchanged-protected,False,0.72168,0.895833,0.500488,0.500651,1024x1536,RGBA,caseW-low,acceptable variation,bc0aa18f2533fae1e6e55b47150742bf54608be39324cfda72f6b48e29af550f
EAAE-2000WD-1AV,0.971564,0.982222,0.50158,0.497778,633x900,RGBA,,canvas|caseW-high|bboxH-high,False,False,true failure,True,"canvas,caseW-high,bboxH-high; PASS_CONTENT from legacy catalog black-background review; human full-resolution review: strong perspective with curved strap",rerendered-and-approved,False,0.781250,0.893880,0.500000,0.500326,1024x1536,RGBA,,PASS,3421719bd224d2d533d5394dc4058b2b950c4b922c9a019cb48d2818e0d6af0c
EALTP-V004D-7B2,0.964361,0.981111,0.503145,0.501667,477x900,RGBA,,canvas|caseW-high|bboxH-high,False,True,acceptable variation,False,"canvas,caseW-high,bboxH-high; PASS_CONTENT from legacy catalog black-background review",unchanged-protected,False,0.964361,0.981111,0.503145,0.501667,477x900,RGBA,canvas|caseW-high|bboxH-high,acceptable variation,d158276012790e983ca348b0a9639a97ff77f7416bb577a465e1067811a2a599
EAAE-1500WHC-1A,0.975887,0.981111,0.498582,0.501667,705x900,RGBA,,canvas|caseW-high|bboxH-high,False,True,acceptable variation,False,"canvas,caseW-high,bboxH-high; PASS_CONTENT from legacy catalog black-background review; human full-resolution review: human visual review accepted: oversized crop with curved strap largely outside frame",unchanged-protected,False,0.975887,0.981111,0.498582,0.501667,705x900,RGBA,canvas|caseW-high|bboxH-high,acceptable variation,4a65ca2ba35e8c34e667ffdaddf790af15d980abd8dcee2d116be5910b7e15d6
EAAEQ-110W-2AV,0.971471,1.0,0.498498,0.5,666x900,RGBA,,canvas|caseW-high|bboxH-high,False,True,acceptable variation,False,"canvas,caseW-high,bboxH-high; PASS_CONTENT from legacy catalog black-background review; human full-resolution review: human visual review accepted: oversized crop with curved strap largely outside frame",unchanged-protected,False,0.971471,1.0,0.498498,0.5,666x900,RGBA,canvas|caseW-high|bboxH-high,acceptable variation,42e45e5675c60d8dc9df5448517c75d1f9e9324961b1d50e0e2753620598464b
EAAE-2000W-1AV,0.969889,0.976667,0.500792,0.499444,631x900,RGBA,,canvas|caseW-high|bboxH-high,False,True,acceptable variation,False,"canvas,caseW-high,bboxH-high; PASS_CONTENT from legacy catalog black-background review; human full-resolution review: human visual review accepted: strong perspective with curved strap",unchanged-protected,False,0.969889,0.976667,0.500792,0.499444,631x900,RGBA,canvas|caseW-high|bboxH-high,acceptable variation,aa7e2898a9bec0ea19e7e20ddeba3cdba557f11f31589801c4e86f599ade4fa6
EALTP-V005L-1B,0.956803,0.981111,0.50216,0.500556,463x900,RGBA,,canvas|caseW-high|bboxH-high,False,True,acceptable variation,False,"canvas,caseW-high,bboxH-high; PASS_CONTENT from legacy catalog black-background review",unchanged-protected,False,0.956803,0.981111,0.50216,0.500556,463x900,RGBA,canvas|caseW-high|bboxH-high,acceptable variation,8c1b5e221cbac97e4462aeb4b4a563d841ab46d003675da27ed4981155b2ea9b
EAAE-1300WH-8AV,0.973641,0.994444,0.5,0.500556,607x900,RGBA,,canvas|caseW-high|bboxH-high,False,True,acceptable variation,False,"canvas,caseW-high,bboxH-high; PASS_CONTENT from legacy catalog black-background review",unchanged-protected,False,0.973641,0.994444,0.5,0.500556,607x900,RGBA,canvas|caseW-high|bboxH-high,acceptable variation,0069f41db5d6d2ae9452382e01c6cc349ab2bb24496facd5796b9e61719ceec8
EALTP-VT01L-7B3,0.974312,0.98,0.5,0.5,545x900,RGBA,,canvas|caseW-high|bboxH-high,False,True,acceptable variation,False,"canvas,caseW-high,bboxH-high; PASS_CONTENT from legacy catalog black-background review",unchanged-protected,False,0.974312,0.98,0.5,0.5,545x900,RGBA,canvas|caseW-high|bboxH-high,acceptable variation,d885779d4a51c9ceaafffbd920170f9b7ee21a3eb0a460eab7c4de669cccf56f
EALTP-1165N-1C,0.948787,0.981111,0.501348,0.499444,371x900,RGBA,,canvas|caseW-high|bboxH-high,False,True,acceptable variation,False,"canvas,caseW-high,bboxH-high; PASS_CONTENT from legacy catalog black-background review",unchanged-protected,False,0.948787,0.981111,0.501348,0.499444,371x900,RGBA,canvas|caseW-high|bboxH-high,acceptable variation,547204e78d602b140fc0ecbad695017ac628f133e95b34d15d52052b10eefa07
EAAE-1000W-2AV,0.972085,0.982222,0.498358,0.5,609x900,RGBA,,canvas|caseW-high|bboxH-high,False,True,acceptable variation,False,"canvas,caseW-high,bboxH-high; PASS_CONTENT from legacy catalog black-background review; human full-resolution review: human visual review accepted: oversized crop with curved strap largely outside frame",unchanged-protected,False,0.972085,0.982222,0.498358,0.5,609x900,RGBA,canvas|caseW-high|bboxH-high,acceptable variation,fccd9a6f226bbbd85d80f630c6aeb2735db62f1b7a34a14e2587494f34c83064
EAAE-1500WHX-1A,0.974138,0.982222,0.499282,0.498889,696x900,RGBA,,canvas|caseW-high|bboxH-high,False,True,acceptable variation,False,"canvas,caseW-high,bboxH-high; PASS_CONTENT from legacy catalog black-background review; human full-resolution review: human visual review accepted: oversized crop with curved strap largely outside frame",unchanged-protected,False,0.974138,0.982222,0.499282,0.498889,696x900,RGBA,canvas|caseW-high|bboxH-high,acceptable variation,7ed1a20adc76d04edd1a07065c238ea5b60e4a554a8f23b8ffbbbaaf8b172cc4
EALTP-VT01G-2B,0.974217,0.981111,0.5,0.498333,543x900,RGBA,,canvas|caseW-high|bboxH-high,False,True,acceptable variation,False,"canvas,caseW-high,bboxH-high; PASS_CONTENT from legacy catalog black-background review",unchanged-protected,False,0.974217,0.981111,0.5,0.498333,543x900,RGBA,canvas|caseW-high|bboxH-high,acceptable variation,76c81ea3c875b3baf92a588d2c1847ebc566df468b6197b78a50c519633459c0
EALTP-1241D-4A2,0.962704,0.977778,0.502331,0.5,429x900,RGBA,,canvas|caseW-high|bboxH-high,False,True,acceptable variation,False,"canvas,caseW-high,bboxH-high; PASS_CONTENT from legacy catalog black-background review",unchanged-protected,False,0.962704,0.977778,0.502331,0.5,429x900,RGBA,canvas|caseW-high|bboxH-high,acceptable variation,5053498608c0cf17c731f3df7054e626394b48588f32870235f35dbee4f96dca
EALTP-V005G-7A,0.971861,0.982222,0.501082,0.498889,462x900,RGBA,,canvas|caseW-high|bboxH-high,False,True,acceptable variation,False,"canvas,caseW-high,bboxH-high; PASS_CONTENT from legacy catalog black-background review",unchanged-protected,False,0.971861,0.982222,0.501082,0.498889,462x900,RGBA,canvas|caseW-high|bboxH-high,acceptable variation,3090e0a4c2101b1d369d01883762c6abf2c11d78b804d05175ee33f4bc70bc1f
EAAE-1500WH-1AV,0.974359,0.984444,0.498575,0.5,702x900,RGBA,,canvas|caseW-high|bboxH-high,False,True,acceptable variation,False,"canvas,caseW-high,bboxH-high; PASS_CONTENT from legacy catalog black-background review",unchanged-protected,False,0.974359,0.984444,0.498575,0.5,702x900,RGBA,canvas|caseW-high|bboxH-high,acceptable variation,b15e6364332952ba3e74af88aed4dc76b93cd9433518b03116852386a3d8b870
EALTP-V004SG-9A,0.962105,0.978889,0.5,0.499444,475x900,RGBA,,canvas|caseW-high|bboxH-high,False,True,acceptable variation,False,"canvas,caseW-high,bboxH-high; PASS_CONTENT from legacy catalog black-background review",unchanged-protected,False,0.962105,0.978889,0.5,0.499444,475x900,RGBA,canvas|caseW-high|bboxH-high,acceptable variation,d98043411c30c40013b4afebd8dc9d2e57a96107fd3c6334e48bdfa9dffa8420
EAAE-1000W-1A3,0.976783,0.981111,0.5,0.499444,603x900,RGBA,,canvas|caseW-high|bboxH-high,False,True,acceptable variation,False,"canvas,caseW-high,bboxH-high; PASS_CONTENT from legacy catalog black-background review; human full-resolution review: human visual review accepted: strong perspective with curved strap",unchanged-protected,False,0.976783,0.981111,0.5,0.499444,603x900,RGBA,canvas|caseW-high|bboxH-high,acceptable variation,6e2f83e237553d4b41c71d851fc024cbd248ed832070e4d08364191f7aae9a08
EALTP-V007L-1E,0.962567,0.982222,0.5,0.5,374x900,RGBA,,canvas|caseW-high|bboxH-high,False,True,acceptable variation,False,"canvas,caseW-high,bboxH-high; PASS_CONTENT from legacy catalog black-background review",unchanged-protected,False,0.962567,0.982222,0.5,0.5,374x900,RGBA,canvas|caseW-high|bboxH-high,acceptable variation,684134ee6fce85d53a208b6f2ddde558b4e2d43ebf8705a6c4c43cc0dccfbd6f
EALTP-1094Q-7B5,0.959596,0.981111,0.502525,0.499444,396x900,RGBA,,canvas|caseW-high|bboxH-high,False,True,acceptable variation,False,"canvas,caseW-high,bboxH-high; PASS_CONTENT from legacy catalog black-background review",unchanged-protected,False,0.959596,0.981111,0.502525,0.499444,396x900,RGBA,canvas|caseW-high|bboxH-high,acceptable variation,86e25d2acdf85c0fdaa1a2f19b4c55a3621ea8e1dc66b25ee52d40591a54640f
EALTP-1128A-7A,0.968889,0.985556,0.5,0.499444,450x900,RGBA,,canvas|caseW-high|bboxH-high,False,False,true failure,True,"canvas,caseW-high,bboxH-high; PASS_CONTENT from legacy catalog black-background review; human full-resolution review: strong perspective with looped bracelet",rerendered-and-approved,False,0.780273,0.911458,0.499512,0.500000,1024x1536,RGBA,,PASS,959f6fbfb38092d71f4902685100dec78e7e407984f57706139aa7ad94bd6ae6
EAAE-1200WHD-1A,0.973856,0.978889,0.501634,0.499444,612x900,RGBA,,canvas|caseW-high|bboxH-high,False,True,acceptable variation,False,"canvas,caseW-high,bboxH-high; PASS_CONTENT from legacy catalog black-background review; human full-resolution review: human visual review accepted: strong perspective with looped bracelet",unchanged-protected,False,0.973856,0.978889,0.501634,0.499444,612x900,RGBA,canvas|caseW-high|bboxH-high,acceptable variation,380ba7323916ef6939259858a31862d9241d41fa347d34f50e35eb6309b50dd3
EALTP-1129N-7A,0.959716,0.982222,0.498815,0.497778,422x900,RGBA,,canvas|caseW-high|bboxH-high,False,True,acceptable variation,False,"canvas,caseW-high,bboxH-high; PASS_CONTENT from legacy catalog black-background review",unchanged-protected,False,0.959716,0.982222,0.498815,0.497778,422x900,RGBA,canvas|caseW-high|bboxH-high,acceptable variation,d62360bd3299fac3d4dd68a7e76f6f49fd0eb99b422c268595f3646b7b764c60
EALTP-1094E-1A,0.960836,0.981111,0.503916,0.500556,383x900,RGBA,,canvas|caseW-high|bboxH-high,False,True,acceptable variation,False,"canvas,caseW-high,bboxH-high; PASS_CONTENT from legacy catalog black-background review",unchanged-protected,False,0.960836,0.981111,0.503916,0.500556,383x900,RGBA,canvas|caseW-high|bboxH-high,acceptable variation,b707e969f172a55a9002691772501120beee7a6d7e6e7b9f66859514d3207a1f
EAAE-1600H-1A,0.975309,0.982222,0.5,0.501111,648x900,RGBA,,canvas|caseW-high|bboxH-high,False,True,acceptable variation,False,"canvas,caseW-high,bboxH-high; PASS_CONTENT from legacy catalog black-background review; human full-resolution review: human visual review accepted: oversized crop with curved strap largely outside frame",unchanged-protected,False,0.975309,0.982222,0.5,0.501111,648x900,RGBA,canvas|caseW-high|bboxH-high,acceptable variation,080838ef2c2e9f43cc3a248ebd581a17d4494d5c244617bb9ea1b1fbef1965ee
EAAEQ-110W-1AV,0.968085,0.982222,0.50228,0.497778,658x900,RGBA,,canvas|caseW-high|bboxH-high,False,True,acceptable variation,False,"canvas,caseW-high,bboxH-high; PASS_CONTENT from legacy catalog black-background review; human full-resolution review: human visual review accepted: oversized crop with curved strap largely outside frame",unchanged-protected,False,0.968085,0.982222,0.50228,0.497778,658x900,RGBA,canvas|caseW-high|bboxH-high,acceptable variation,e17f3b7982d1ae3ebff583b488e88942e665d61551a3ba6ac8b68b6853635fb5
EAAE-1000WD-1A,0.97545,0.978889,0.499182,0.499444,611x900,RGBA,,canvas|caseW-high|bboxH-high,False,True,acceptable variation,False,"canvas,caseW-high,bboxH-high; PASS_CONTENT from legacy catalog black-background review; human full-resolution review: human visual review accepted: strong perspective with looped bracelet",unchanged-protected,False,0.97545,0.978889,0.499182,0.499444,611x900,RGBA,canvas|caseW-high|bboxH-high,acceptable variation,81caa27810aeb2dce16e6452735a6117b8148126b06650ff9e389c55cc61582d
EALTP-V001D-1B,0.95338,0.982222,0.5,0.498889,429x900,RGBA,,canvas|caseW-high|bboxH-high,False,True,acceptable variation,False,"canvas,caseW-high,bboxH-high; PASS_CONTENT from legacy catalog black-background review",unchanged-protected,False,0.95338,0.982222,0.5,0.498889,429x900,RGBA,canvas|caseW-high|bboxH-high,acceptable variation,753a3f8be3562e51601217ac35734555a013d6acafcc725c7617efe48c86e499
EAAE-1400WH-3A,0.975309,0.984444,0.501543,0.5,648x900,RGBA,,canvas|caseW-high|bboxH-high,False,True,acceptable variation,False,"canvas,caseW-high,bboxH-high; PASS_CONTENT from legacy catalog black-background review; human full-resolution review: human visual review accepted: oversized crop with curved strap largely outside frame",unchanged-protected,False,0.975309,0.984444,0.501543,0.5,648x900,RGBA,canvas|caseW-high|bboxH-high,acceptable variation,25152d5be2d5c0fbc834b9a4c290730ce1a11db1693e0785467122da78300720
EALTP-V002D-1A,0.966981,0.982222,0.5,0.502222,424x900,RGBA,,canvas|caseW-high|bboxH-high,False,True,acceptable variation,False,"canvas,caseW-high,bboxH-high; PASS_CONTENT from legacy catalog black-background review",unchanged-protected,False,0.966981,0.982222,0.5,0.502222,424x900,RGBA,canvas|caseW-high|bboxH-high,acceptable variation,c61fe336345f9e5c2e3b6b83fa05f26adb5d2ae9e66199d9f24cfab981a8f7c9
EAAEQ-100W-1AV,0.97352,0.983333,0.502336,0.499444,642x900,RGBA,,canvas|caseW-high|bboxH-high,False,True,acceptable variation,False,"canvas,caseW-high,bboxH-high; PASS_CONTENT from legacy catalog black-background review; human full-resolution review: human visual review accepted: oversized crop with curved strap largely outside frame",unchanged-protected,False,0.97352,0.983333,0.502336,0.499444,642x900,RGBA,canvas|caseW-high|bboxH-high,acceptable variation,1d9640379f4df6f0873f737224c8f187f45cc1644fc80302cb6312226cd2faac
EAAEQ-120W-1A,0.976642,0.983333,0.5,0.500556,685x900,RGBA,,canvas|caseW-high|bboxH-high,False,True,acceptable variation,False,"canvas,caseW-high,bboxH-high; PASS_CONTENT from legacy catalog black-background review; human full-resolution review: human visual review accepted: oversized crop with curved strap largely outside frame",unchanged-protected,False,0.976642,0.983333,0.5,0.500556,685x900,RGBA,canvas|caseW-high|bboxH-high,acceptable variation,d346eb0d6eafa38044478bfc181107f3824d8c9f98994b5017a61b197cf803c0
EAAE-1200WH-1A,0.967051,0.984444,0.5,0.501111,607x900,RGBA,,canvas|caseW-high|bboxH-high,False,True,acceptable variation,False,"canvas,caseW-high,bboxH-high; PASS_CONTENT from legacy catalog black-background review; human full-resolution review: human visual review accepted: oversized crop with curved strap largely outside frame",unchanged-protected,False,0.967051,0.984444,0.5,0.501111,607x900,RGBA,canvas|caseW-high|bboxH-high,acceptable variation,e20d8bd6707af678b7866223ee718dfa3cd203c6d3bdbc30b1d42c0528c0cb50
EALTP-1275D-7B,0.962529,0.984444,0.502342,0.5,427x900,RGBA,,canvas|caseW-high|bboxH-high,False,True,acceptable variation,False,"canvas,caseW-high,bboxH-high; PASS_CONTENT from legacy catalog black-background review",unchanged-protected,False,0.962529,0.984444,0.502342,0.5,427x900,RGBA,canvas|caseW-high|bboxH-high,acceptable variation,4ded009d5ecd2db3bf746ed68637684b503a14f9aa4554846aac74628fd087b2
EALTP-1215A-1A,0.970085,0.984444,0.5,0.5,468x900,RGBA,,canvas|caseW-high|bboxH-high,False,True,acceptable variation,False,"canvas,caseW-high,bboxH-high; PASS_CONTENT from legacy catalog black-background review",unchanged-protected,False,0.970085,0.984444,0.5,0.5,468x900,RGBA,canvas|caseW-high|bboxH-high,acceptable variation,75fded337aa5bc24be4ec01f3bea32722c5dbd34ced2bd7cc1a3bc7d632c4742
EALTP-V007D-1B,0.957784,0.983333,0.497361,0.499444,379x900,RGBA,,canvas|caseW-high|bboxH-high,False,True,acceptable variation,False,"canvas,caseW-high,bboxH-high; PASS_CONTENT from legacy catalog black-background review",unchanged-protected,False,0.957784,0.983333,0.497361,0.499444,379x900,RGBA,canvas|caseW-high|bboxH-high,acceptable variation,0f3f26d15b85ba86dc9dbd7da08f150cb73019bf25d9d67fee47b0571d1ef612
EAAE-1700H-1A,0.975831,0.981111,0.5,0.500556,662x900,RGBA,,canvas|caseW-high|bboxH-high,False,True,acceptable variation,False,"canvas,caseW-high,bboxH-high; PASS_CONTENT from legacy catalog black-background review; human full-resolution review: human visual review accepted: oversized crop with curved strap largely outside frame",unchanged-protected,False,0.975831,0.981111,0.5,0.500556,662x900,RGBA,canvas|caseW-high|bboxH-high,acceptable variation,9ef45afc3893852fecca12b3d0460fd0f57262992231350f0f49b2718d3c5bca
EAAE-1000W-3AV,0.964111,0.976667,0.498369,0.499444,613x900,RGBA,,canvas|caseW-high|bboxH-high,False,True,acceptable variation,False,"canvas,caseW-high,bboxH-high; PASS_CONTENT from legacy catalog black-background review; human full-resolution review: human visual review accepted: oversized crop with curved strap largely outside frame",unchanged-protected,False,0.964111,0.976667,0.498369,0.499444,613x900,RGBA,canvas|caseW-high|bboxH-high,acceptable variation,f0a2920e00bd1f7c63d8d2d241ae03c5da495182cd007d04dcb1d31188ac9114
EAAE-1000W-4BV,0.966887,0.98,0.499172,0.501111,604x900,RGBA,,canvas|caseW-high|bboxH-high,False,True,acceptable variation,False,"canvas,caseW-high,bboxH-high; PASS_CONTENT from legacy catalog black-background review; human full-resolution review: human visual review accepted: oversized crop with curved strap largely outside frame",unchanged-protected,False,0.966887,0.98,0.499172,0.501111,604x900,RGBA,canvas|caseW-high|bboxH-high,acceptable variation,49be450e75e8b811351f306dc66f94077f0633a1aea6e678f5a593140e861c4e
EALTP-VT01GL-9B2,0.96357,0.981111,0.5,0.497222,549x900,RGBA,,canvas|caseW-high|bboxH-high,False,True,acceptable variation,False,"canvas,caseW-high,bboxH-high; PASS_CONTENT from legacy catalog black-background review",unchanged-protected,False,0.96357,0.981111,0.5,0.497222,549x900,RGBA,canvas|caseW-high|bboxH-high,acceptable variation,d556ef3f8b2277c439f896bf12f909624cab351dc564717dabdcc2abf501afda
EALTP-1170G-7A,0.955607,0.98,0.498832,0.5,428x900,RGBA,,canvas|caseW-high|bboxH-high,False,True,acceptable variation,False,"canvas,caseW-high,bboxH-high; PASS_CONTENT from legacy catalog black-background review",unchanged-protected,False,0.955607,0.98,0.498832,0.5,428x900,RGBA,canvas|caseW-high|bboxH-high,acceptable variation,20a9fd3ac4fcc7f05c89ffc45ae78011c1a9a004ec115dec4cc45d18962344c7
EALTP-V006G-9B,0.953162,0.984444,0.5,0.501111,427x900,RGBA,,canvas|caseW-high|bboxH-high,False,True,acceptable variation,False,"canvas,caseW-high,bboxH-high; PASS_CONTENT from legacy catalog black-background review",unchanged-protected,False,0.953162,0.984444,0.5,0.501111,427x900,RGBA,canvas|caseW-high|bboxH-high,acceptable variation,de3769ea5436eab4cea0591ae3c6271a17c6c41520358a81926016cf6b2c8895
EALTP-V007SG-9E,0.950392,0.983333,0.498695,0.500556,383x900,RGBA,,canvas|caseW-high|bboxH-high,False,True,acceptable variation,False,"canvas,caseW-high,bboxH-high; PASS_CONTENT from legacy catalog black-background review",unchanged-protected,False,0.950392,0.983333,0.498695,0.500556,383x900,RGBA,canvas|caseW-high|bboxH-high,acceptable variation,9ba7a7e81689945cca0d72f2c0851d1158cce8569837d214008d03d9c2729d51
EALTP-1314D-1A,0.967308,0.978889,0.500962,0.499444,520x900,RGBA,,canvas|caseW-high|bboxH-high,False,True,acceptable variation,False,"canvas,caseW-high,bboxH-high; PASS_CONTENT from legacy catalog black-background review",unchanged-protected,False,0.967308,0.978889,0.500962,0.499444,520x900,RGBA,canvas|caseW-high|bboxH-high,acceptable variation,231e624f1e27179e9cf8557c57a38072992b35638a07fc1ab18b2792d38a6402
EALTP-V002L-7B,0.962085,0.982222,0.50237,0.501111,422x900,RGBA,,canvas|caseW-high|bboxH-high,False,True,acceptable variation,False,"canvas,caseW-high,bboxH-high; PASS_CONTENT from legacy catalog black-background review",unchanged-protected,False,0.962085,0.982222,0.50237,0.501111,422x900,RGBA,canvas|caseW-high|bboxH-high,acceptable variation,f340872d4ca2c404b0c265a86e7f5bf089cc20513225fbca593f9eba4ce040d5
EALTP-V002G-9A,0.962353,0.983333,0.504706,0.499444,425x900,RGBA,,canvas|caseW-high|bboxH-high,False,True,acceptable variation,False,"canvas,caseW-high,bboxH-high; PASS_CONTENT from legacy catalog black-background review",unchanged-protected,False,0.962353,0.983333,0.504706,0.499444,425x900,RGBA,canvas|caseW-high|bboxH-high,acceptable variation,f2eb3cd587cd5327e453afc9033d619aed9fc0a9040c20f55b2cf68dd1f939f2
EAB640WC-5A,0.965657,0.982222,0.5,0.501111,495x900,RGBA,,canvas|caseW-high|bboxH-high,False,True,acceptable variation,False,"canvas,caseW-high,bboxH-high; PASS_CONTENT from legacy catalog black-background review",unchanged-protected,False,0.965657,0.982222,0.5,0.501111,495x900,RGBA,canvas|caseW-high|bboxH-high,acceptable variation,9be9bc4e787d917a3ca5d365c5b7b3e47c7923d55cbe5f991375f4fa9c6fe884
EAAW-90H-7B,0.943182,0.981111,0.497159,0.498333,528x900,RGBA,,canvas|caseW-high|bboxH-high,False,True,acceptable variation,False,"canvas,caseW-high,bboxH-high; PASS_CONTENT from legacy catalog black-background review; human full-resolution review: human visual review accepted: full curved strap presentation contrary to straight catalog crop",unchanged-protected,False,0.943182,0.981111,0.497159,0.498333,528x900,RGBA,canvas|caseW-high|bboxH-high,acceptable variation,2d3e157180cea1eb5b92c8fd09ed6f6c1e4fce306e22978c5b757b2067d40ba5
EAAW-80V-5BV,0.969589,0.983333,0.502683,0.500556,559x900,RGBA,,canvas|caseW-high|bboxH-high,False,False,true failure,True,"canvas,caseW-high,bboxH-high; PASS_CONTENT from legacy catalog black-background review; human full-resolution review: strong perspective with full strap and buckle hardware visible",rerendered-and-approved,False,0.781250,0.911458,0.500000,0.500000,1024x1536,RGBA,,PASS,ee910fe3a02e22d5198727cbb10d29e798bd09beeac010cbe835b1fd14a79642
EAB650WD-1A,0.968421,0.981111,0.5,0.498333,570x900,RGBA,,canvas|caseW-high|bboxH-high,False,True,acceptable variation,False,"canvas,caseW-high,bboxH-high; PASS_CONTENT from legacy catalog black-background review",unchanged-protected,False,0.968421,0.981111,0.5,0.498333,570x900,RGBA,canvas|caseW-high|bboxH-high,acceptable variation,c6d93edb2403bfe52819a9ec70edd82ac004a98dd9c178effc2696b1fcb11d63
EAAW-81D-2AV,0.967985,0.978889,0.502825,0.499444,531x900,RGBA,,canvas|caseW-high|bboxH-high,False,True,acceptable variation,False,"canvas,caseW-high,bboxH-high; PASS_CONTENT from legacy catalog black-background review; human full-resolution review: human visual review accepted: strong perspective with looped bracelet",unchanged-protected,False,0.967985,0.978889,0.502825,0.499444,531x900,RGBA,canvas|caseW-high|bboxH-high,acceptable variation,f782a5567c71885216853ed8ad5dcfadfab7e9684b40fabd78ae92cad13bfe59
EAAW-80D-1AV,0.974312,0.978889,0.499083,0.499444,545x900,RGBA,,canvas|caseW-high|bboxH-high,False,True,acceptable variation,False,"canvas,caseW-high,bboxH-high; PASS_CONTENT from legacy catalog black-background review; human full-resolution review: human visual review accepted: strong perspective with looped bracelet",unchanged-protected,False,0.974312,0.978889,0.499083,0.499444,545x900,RGBA,canvas|caseW-high|bboxH-high,acceptable variation,8b271cf94774bd334efbb2bca536b2b8201dbb5ebe5558025e6bd1a2549fbed3
EAAW-80-1AV,0.967391,0.977778,0.5,0.5,552x900,RGBA,,canvas|caseW-high|bboxH-high,False,True,acceptable variation,False,"canvas,caseW-high,bboxH-high; PASS_CONTENT from legacy catalog black-background review; human full-resolution review: human visual review accepted: strong perspective with curved strap",unchanged-protected,False,0.967391,0.977778,0.5,0.5,552x900,RGBA,canvas|caseW-high|bboxH-high,acceptable variation,48ca4cd3f9bd18e5b60e2e6ad65500fcd86ceed42b596ca0b56604d9488e2c06
EAB640WD-1A,0.961924,0.982222,0.501002,0.5,499x900,RGBA,,canvas|caseW-high|bboxH-high,False,True,acceptable variation,False,"canvas,caseW-high,bboxH-high; PASS_CONTENT from legacy catalog black-background review; human full-resolution review: human visual review accepted: strong perspective with looped bracelet",unchanged-protected,False,0.961924,0.982222,0.501002,0.5,499x900,RGBA,canvas|caseW-high|bboxH-high,acceptable variation,5c8d6417ff9f18ca59a0697f6ae7e116e7f82df13fdc6955bf132c355b2f91b7
E4971850906506,0.984709,0.998972,0.501529,0.499486,654x973,RGBA,,canvas|caseW-high|bboxH-high,False,False,true failure,True,"canvas,caseW-high,bboxH-high; PASS_CONTENT from legacy catalog black-background review; human full-resolution review: full fabric strap and buckle presentation contrary to catalog crop",rerendered-and-approved,False,0.781250,0.911458,0.500000,0.500000,1024x1536,RGBA,,PASS,b7cf3ddac1d6e4bfb4dcc1262af66ad825fa9001b96de69ca7c836ffcf2d72a1
CRA158WEA-7,0.762695,0.895182,0.498535,0.499674,1024x1536,RGBA,,,True,True,approved,False,PASS_CONTENT from 424-watch black-background review; pending v2 candidate recheck,unchanged-protected,False,0.762695,0.895182,0.498535,0.499674,1024x1536,RGBA,,approved,ddb1eb015c32271085f175314831063b9895472e1d9ecc531146b726f543b2d9
CRA158WEA-2,0.760742,0.895833,0.5,0.5,1024x1536,RGBA,,,True,True,approved,False,PASS_CONTENT from 424-watch black-background review; pending v2 candidate recheck,unchanged-protected,False,0.760742,0.895833,0.5,0.5,1024x1536,RGBA,,approved,b570cd98400ebe69a4d97c3f8d518546b3cdb5ec4745fb5e82f8e3fb0df140bf
CRA158WEA-1,0.734375,0.896484,0.499512,0.499674,1024x1536,RGBA,,,True,True,approved,False,PASS_CONTENT from 424-watch black-background review; pending v2 candidate recheck,unchanged-protected,False,0.734375,0.896484,0.499512,0.499674,1024x1536,RGBA,,approved,08c67c2208433b760f1ae0874a0b1d7a9c5eae08b02d34907b063a6ab25cd931
CRW-218HD-3AV,0.706055,0.896484,0.500488,0.499674,1024x1536,RGBA,,caseW-low,False,True,acceptable variation,False,caseW-low; PASS_CONTENT from 424-watch black-background review,unchanged-protected,False,0.706055,0.896484,0.500488,0.499674,1024x1536,RGBA,caseW-low,acceptable variation,14ef807497db6c3069aef94358268e131b24e000795bcd8ba3659b0fe67eac16
CRRF919A178WA-1ADF,0.774414,0.898438,0.5,0.5,1024x1536,RGBA,,,True,True,approved,False,PASS_CONTENT from 424-watch black-background review; pending v2 candidate recheck,unchanged-protected,False,0.774414,0.898438,0.5,0.5,1024x1536,RGBA,,approved,5501f187f975e47781b7099b6d6cff97ad5986bb012d126cff6485110af54852
CRMTP-VD01D-2BV,0.788086,0.897135,0.499512,0.5,1024x1536,RGBA,,,True,True,acceptable variation,False,PASS_CONTENT from 424-watch black-background review; pending v2 candidate recheck; human full-resolution review: human visual review accepted: strong perspective with bracelet largely outside frame,unchanged-protected,False,0.788086,0.897135,0.499512,0.5,1024x1536,RGBA,,acceptable variation,a5a927b967e0a413ebcadd6ad754c141c7c66a0303c2fffcc2ff787c06e736b0
EAHDC-700-1A,0.97882,0.984444,0.5,0.5,661x900,RGBA,,canvas|caseW-high|bboxH-high,False,True,acceptable variation,False,"canvas,caseW-high,bboxH-high; PASS_CONTENT from legacy catalog black-background review; human full-resolution review: human visual review accepted: oversized crop with curved strap largely outside frame",unchanged-protected,False,0.97882,0.984444,0.5,0.5,661x900,RGBA,canvas|caseW-high|bboxH-high,acceptable variation,bca5208d06558d91a371e4b9aea2fe69aefd2428b0374e180d8b1d101446561a
EADB-36-1AV,0.962963,0.982222,0.500975,0.502222,513x900,RGBA,,canvas|caseW-high|bboxH-high,False,False,true failure,True,"canvas,caseW-high,bboxH-high; PASS_CONTENT from legacy catalog black-background review; human full-resolution review: strong perspective with full curved strap",rerendered-and-approved,False,0.779297,0.911458,0.500000,0.500000,1024x1536,RGBA,,PASS,87ad412e8695197575b3722f1d65fa33bf15303da98e5d7bda385b865ba88651
EALA-11WL-4A,0.9642,0.733333,0.502387,0.374444,419x900,RGBA,,canvas|caseW-high|bboxH-low|case-centre-y,False,False,true failure,True,"canvas,caseW-high,bboxH-low,case-centre-y; PASS_CONTENT from legacy catalog black-background review; human full-resolution review: incomplete product image with lower strap missing",rerendered-and-approved,False,0.781250,0.911458,0.500000,0.500000,1024x1536,RGBA,,PASS,1e4c37604cac621830142f45a9f87f469c2933a1c070ce37321a06b62fa1647c
EALA-670WA-1,0.935401,0.991111,0.50646,0.495556,387x900,RGBA,,canvas|caseW-high|bboxH-high,False,True,acceptable variation,False,"canvas,caseW-high,bboxH-high; PASS_CONTENT from legacy catalog black-background review; human full-resolution review: human visual review accepted: strong perspective with looped bracelet",unchanged-protected,False,0.935401,0.991111,0.50646,0.495556,387x900,RGBA,canvas|caseW-high|bboxH-high,acceptable variation,28fd49b73830375aa4b7d5109f4444b77225865c8cfa0190a563230ec02f81d9
EALA-11WB-1,0.954545,0.986667,0.5,0.5,396x900,RGBA,,canvas|caseW-high|bboxH-high,False,False,true failure,True,"canvas,caseW-high,bboxH-high; PASS_CONTENT from legacy catalog black-background review; human full-resolution review: strong perspective with full curved strap",rerendered-and-approved,False,0.779297,0.911458,0.500000,0.500000,1024x1536,RGBA,,PASS,3955b9fabccd35aed314d64e5c31a64f7cac9a38a2587ded294f8bd7249c3a03
EAHS-3V-1R,0.96119,0.982222,0.498706,0.498889,773x900,RGBA,,canvas|caseW-high|bboxH-high,False,False,unrenderable,False,"canvas,caseW-high,bboxH-high; PASS_CONTENT from legacy catalog black-background review; human full-resolution review: non-watch stopwatch image; remove from watch inventory, do not rerender",unchanged-protected,False,0.96119,0.982222,0.498706,0.498889,773x900,RGBA,canvas|caseW-high|bboxH-high,unrenderable,1df59c64b14ee9822b16159c6433fb4b36a9e5fc59152d53e2dddb13831a2c41
EAFT-500WC-1BV,0.969314,0.981111,0.501805,0.499444,554x900,RGBA,,canvas|caseW-high|bboxH-high,False,False,true failure,True,"canvas,caseW-high,bboxH-high; PASS_CONTENT from legacy catalog black-background review; human full-resolution review: strong perspective with full curved strap",rerendered-and-approved,False,0.779297,0.904948,0.499512,0.500000,1024x1536,RGBA,,PASS,60d10424f58ffcc95401b3cf13666268ae1f1e14c99677b35e6cfbacd638241e
EALA-670WG-1,0.961637,0.978889,0.497442,0.500556,391x900,RGBA,,canvas|caseW-high|bboxH-high,False,True,acceptable variation,False,"canvas,caseW-high,bboxH-high; PASS_CONTENT from legacy catalog black-background review",unchanged-protected,False,0.961637,0.978889,0.497442,0.500556,391x900,RGBA,canvas|caseW-high|bboxH-high,acceptable variation,cab84607e57831f32d67881c21f59512676dd03bd78e27963e0f98c049f9da1f
EAFT-500WV-3BV,0.962003,0.981111,0.5,0.499444,579x900,RGBA,,canvas|caseW-high|bboxH-high,False,False,true failure,True,"canvas,caseW-high,bboxH-high; PASS_CONTENT from legacy catalog black-background review; human full-resolution review: strong perspective with full curved strap",rerendered-and-approved,False,0.780273,0.911458,0.499512,0.500000,1024x1536,RGBA,,PASS,e5972f245fa94e9936bae855eb951d4a7b7c96fa7fa086fc106b0c8a117dcc00
EADBC-32-1A,0.966469,0.98,0.499014,0.498889,507x900,RGBA,,canvas|caseW-high|bboxH-high,False,False,true failure,True,"canvas,caseW-high,bboxH-high; PASS_CONTENT from legacy catalog black-background review; human full-resolution review: strong perspective with curved strap",rerendered-and-approved,False,0.780273,0.911458,0.500488,0.500000,1024x1536,RGBA,,PASS,7fb5687fa5e0dc83d2cef82d306a808241a7ca8df2e6eecb978452dc431a02c6
EALA-20WH-1A,0.968153,0.98,0.496815,0.5,471x900,RGBA,,canvas|caseW-high|bboxH-high,False,True,acceptable variation,False,"canvas,caseW-high,bboxH-high; PASS_CONTENT from legacy catalog black-background review",unchanged-protected,False,0.968153,0.98,0.496815,0.5,471x900,RGBA,canvas|caseW-high|bboxH-high,acceptable variation,5619e9f4b35821b7b7ed765d592cde89ffb52412b8270ba39f3af194968e7563
EADBC-32D-1A,0.964981,0.98,0.5,0.501111,514x900,RGBA,,canvas|caseW-high|bboxH-high,False,True,acceptable variation,False,"canvas,caseW-high,bboxH-high; PASS_CONTENT from legacy catalog black-background review; human full-resolution review: human visual review accepted: strong perspective with looped bracelet",unchanged-protected,False,0.964981,0.98,0.5,0.501111,514x900,RGBA,canvas|caseW-high|bboxH-high,acceptable variation,d9450c1865371eba7854081709fc2b78c7191c451b4cde6f282afee8efe50272
EAHDA-600B-1BV,0.973592,0.98,0.50088,0.5,568x900,RGBA,,canvas|caseW-high|bboxH-high,False,False,true failure,True,"canvas,caseW-high,bboxH-high; PASS_CONTENT from legacy catalog black-background review; human full-resolution review: strong perspective with curved strap",rerendered-and-approved,False,0.780273,0.911458,0.499512,0.500000,1024x1536,RGBA,,PASS,47e76dd883e8f8340e24d6151d2d481cf74c1e7d2256407aa2babef88db079f2
EAEF-305-1AV,0.976027,0.985556,0.501712,0.500556,584x900,RGBA,,canvas|caseW-high|bboxH-high,False,False,true failure,True,"canvas,caseW-high,bboxH-high; PASS_CONTENT from legacy catalog black-background review; human full-resolution review: strong perspective with curved strap",rerendered-and-approved,False,0.781250,0.911458,0.500000,0.500000,1024x1536,RGBA,,PASS,74daf49fe02351117dcb9b720133cfe8d477dc8f13d533b9774b2f97aa7c04a3
EASRT-300C-1V,0.965385,0.981111,0.498077,0.499444,520x900,RGBA,,canvas|caseW-high|bboxH-high,False,True,acceptable variation,False,"canvas,caseW-high,bboxH-high; PASS_CONTENT from legacy catalog black-background review; human full-resolution review: human visual review accepted: full curved strap presentation contrary to straight catalog crop",unchanged-protected,False,0.965385,0.981111,0.498077,0.499444,520x900,RGBA,canvas|caseW-high|bboxH-high,acceptable variation,4d6456d2c2dc2deb32ba91774641d41bad102ed8752963d618d6fd4268c193a0
EASTR-300-1C,0.954183,0.982222,0.497012,0.497778,502x900,RGBA,,canvas|caseW-high|bboxH-high,False,True,acceptable variation,False,"canvas,caseW-high,bboxH-high; PASS_CONTENT from legacy catalog black-background review; human full-resolution review: human visual review accepted: full curved strap presentation contrary to straight catalog crop",unchanged-protected,False,0.954183,0.982222,0.497012,0.497778,502x900,RGBA,canvas|caseW-high|bboxH-high,acceptable variation,d2efa18408ba4acd7091593c97ebbc868b96c694ebea0fb584a9a9436d0b1c9e
E889232221786,0.968603,1.0,0.515699,0.5,637x1200,RGBA,,canvas|caseW-high|bboxH-high,False,True,acceptable variation,False,"canvas,caseW-high,bboxH-high; PASS_CONTENT from legacy catalog black-background review",unchanged-protected,False,0.968603,1.0,0.515699,0.5,637x1200,RGBA,canvas|caseW-high|bboxH-high,acceptable variation,28a82a07d976c914a939160932e4eb53e7fbf8f54c6fba7af48733ccddf0ff15
E889232300764,1.0,1.0,0.5,0.5,509x900,RGBA,,canvas|caseW-high|bboxH-high,False,True,acceptable variation,False,"canvas,caseW-high,bboxH-high; PASS_CONTENT from legacy catalog black-background review",unchanged-protected,False,1.0,1.0,0.5,0.5,509x900,RGBA,canvas|caseW-high|bboxH-high,acceptable variation,7244e7f23b448662d2589c1b02aabaf729ea2f5184994dca20afefd7fe128a3a
EADW-291H-9A,0.972393,0.981111,0.501534,0.498333,652x900,RGBA,,canvas|caseW-high|bboxH-high,False,True,acceptable variation,False,"canvas,caseW-high,bboxH-high; PASS_CONTENT from legacy catalog black-background review; human full-resolution review: human visual review accepted: oversized crop with curved strap largely outside frame",unchanged-protected,False,0.972393,0.981111,0.501534,0.498333,652x900,RGBA,canvas|caseW-high|bboxH-high,acceptable variation,ea6b2e5537061db6d5b363c1a85fcbaaf2b2b85b699e95a4282bc008fbae63ea
EAA500WGA-1D,0.961924,0.98,0.5,0.5,499x900,RGBA,,canvas|caseW-high|bboxH-high,False,True,acceptable variation,False,"canvas,caseW-high,bboxH-high; PASS_CONTENT from legacy catalog black-background review",unchanged-protected,False,0.961924,0.98,0.5,0.5,499x900,RGBA,canvas|caseW-high|bboxH-high,acceptable variation,19efe8bf2e4b39ac9b37b0e75ce6844c3bfe3cbc89a932f14155a4e3d9e1c54f
EAA-159WA-N1,0.961694,0.988889,0.501008,0.502222,496x900,RGBA,,canvas|caseW-high|bboxH-high,False,True,acceptable variation,False,"canvas,caseW-high,bboxH-high; PASS_CONTENT from legacy catalog black-background review",unchanged-protected,False,0.961694,0.988889,0.501008,0.502222,496x900,RGBA,canvas|caseW-high|bboxH-high,acceptable variation,daa08745f0009f31296686c5c69d437b8699f6785549d71c95a3fba047fa00f4
EALF-30W-1A,0.973535,0.983333,0.499055,0.501667,529x900,RGBA,,canvas|caseW-high|bboxH-high,False,True,acceptable variation,False,"canvas,caseW-high,bboxH-high; PASS_CONTENT from legacy catalog black-background review",unchanged-protected,False,0.973535,0.983333,0.499055,0.501667,529x900,RGBA,canvas|caseW-high|bboxH-high,acceptable variation,bd62fdd66e633175636a5ea9322204fc5970d2fb9244dce7de90b449e79c0a66
EALRW-200H-1BV,0.975045,0.984444,0.5,0.5,561x900,RGBA,,canvas|caseW-high|bboxH-high,False,False,true failure,True,"canvas,caseW-high,bboxH-high; PASS_CONTENT from legacy catalog black-background review; human full-resolution review: strong perspective with curved strap",rerendered-and-approved,False,0.780273,0.911458,0.499512,0.500000,1024x1536,RGBA,,PASS,2598c271673ed0dbed41930537096ecbf8200aa8fbfa2a5cbd18662cdb82c699
EADW-291HX-1A,0.966514,0.984444,0.501522,0.501111,657x900,RGBA,,canvas|caseW-high|bboxH-high,False,True,acceptable variation,False,"canvas,caseW-high,bboxH-high; PASS_CONTENT from legacy catalog black-background review; human full-resolution review: human visual review accepted: oversized crop with curved strap largely outside frame",unchanged-protected,False,0.966514,0.984444,0.501522,0.501111,657x900,RGBA,canvas|caseW-high|bboxH-high,acceptable variation,0f78d657762eaff1b7963eb119803ca9f5f461b2a254ab1b35b426ddd9b2d04a
EAA-158WA-1,0.968627,1.0,0.50098,0.5,510x900,RGBA,,canvas|caseW-high|bboxH-high,False,True,acceptable variation,False,"canvas,caseW-high,bboxH-high; PASS_CONTENT from legacy catalog black-background review; human full-resolution review: human visual review accepted: strong perspective with looped bracelet",unchanged-protected,False,0.968627,1.0,0.50098,0.5,510x900,RGBA,canvas|caseW-high|bboxH-high,acceptable variation,1b3881b7fb425e472fb48974fb098c7dbd169a44db9eb08aea29768f3bc9e551
EAA-171WE-1A,0.967118,0.982222,0.499033,0.5,517x900,RGBA,,canvas|caseW-high|bboxH-high,False,False,true failure,True,"canvas,caseW-high,bboxH-high; PASS_CONTENT from legacy catalog black-background review; human full-resolution review: strong perspective with looped bracelet",rerendered-and-approved,False,0.780273,0.911458,0.499512,0.500000,1024x1536,RGBA,,PASS,c74a3314a50b9c8572bb838499bcddf19b904a4f42e9e7684849ac6e00f82b9b
EAA-158WEA-9,0.972056,0.977778,0.5,0.5,501x900,RGBA,,canvas|caseW-high|bboxH-high,False,False,true failure,True,"canvas,caseW-high,bboxH-high; PASS_CONTENT from legacy catalog black-background review; human full-resolution review: strong perspective with looped bracelet",rerendered-and-approved,False,0.779297,0.911458,0.499512,0.500000,1024x1536,RGBA,,PASS,fe34b33cc4108dd4d9d0f332193d1ba9cd547082fb5f5d545f37a0e56ff5a4dc
EALF-30W-2A,0.973635,0.983333,0.498117,0.499444,531x900,RGBA,,canvas|caseW-high|bboxH-high,False,True,acceptable variation,False,"canvas,caseW-high,bboxH-high; PASS_CONTENT from legacy catalog black-background review",unchanged-protected,False,0.973635,0.983333,0.498117,0.499444,531x900,RGBA,canvas|caseW-high|bboxH-high,acceptable variation,79569930e609762dbd3f28cb82a59735a66b727af9738e133b0d91861a86810c
EALF20W-8A,0.968635,0.992222,0.499077,0.496111,542x900,RGBA,,canvas|caseW-high|bboxH-high,False,False,true failure,True,"canvas,caseW-high,bboxH-high; PASS_CONTENT from legacy catalog black-background review; human full-resolution review: strong perspective with full curved strap",rerendered-and-approved,False,0.780273,0.911458,0.499512,0.500000,1024x1536,RGBA,,PASS,db06cd3f78d94546a6bc0bab0e6ec4a49d66b20ba159859916b986db39247e5a
EALF-20W-1A,0.971805,0.986667,0.5,0.495556,532x900,RGBA,,canvas|caseW-high|bboxH-high,False,True,acceptable variation,False,"canvas,caseW-high,bboxH-high; PASS_CONTENT from legacy catalog black-background review",unchanged-protected,False,0.971805,0.986667,0.5,0.495556,532x900,RGBA,canvas|caseW-high|bboxH-high,acceptable variation,deb9f9169ebbb28818f7f1c533d52fdf6fcae2ab85662ba782f69481252b3d91
EALRW-200H-4E3V,0.512759,0.938596,0.51555,0.498006,1254x1254,RGBA,,canvas|caseW-low,False,True,acceptable variation,False,"canvas,caseW-low; PASS_CONTENT from legacy catalog black-background review",unchanged-protected,False,0.512759,0.938596,0.51555,0.498006,1254x1254,RGBA,canvas|caseW-low,acceptable variation,feb3e460bf08ff8c83764f8b3d5caf227d96b5949852f477d87bf1e483eb789d
EAA-700WE-1A,0.989339,0.98,0.50533,0.5,469x900,RGBA,,canvas|caseW-high|bboxH-high,False,False,true failure,True,"canvas,caseW-high,bboxH-high; PASS_CONTENT from legacy catalog black-background review; human full-resolution review: strong perspective with looped bracelet",rerendered-and-approved,False,0.779297,0.911458,0.499512,0.500000,1024x1536,RGBA,,PASS,94e15cbe460e278c46fbff6066987255892b1915e1f6a43bb31a4db6b77281dd
EALW-204-1B,0.969868,0.98,0.501883,0.5,531x900,RGBA,,canvas|caseW-high|bboxH-high,False,True,acceptable variation,False,"canvas,caseW-high,bboxH-high; PASS_CONTENT from legacy catalog black-background review",unchanged-protected,False,0.969868,0.98,0.501883,0.5,531x900,RGBA,canvas|caseW-high|bboxH-high,acceptable variation,e70cd74e5701efcd0a4125695a5ef855dd7fbce65803590a3a39fff6abbc99f0
EAA-178WA-1A,0.965385,0.99,0.497115,0.495,520x900,RGBA,,canvas|caseW-high|bboxH-high,False,False,true failure,True,"canvas,caseW-high,bboxH-high; PASS_CONTENT from legacy catalog black-background review; human full-resolution review: strong perspective with looped bracelet",rerendered-and-approved,False,0.780273,0.911458,0.499512,0.500000,1024x1536,RGBA,,PASS,b23e9fb59b1be43103dbb411283cbd907ac8a3f583422830e70d15c160ed5e34
EAA-178WGA-1A,0.96699,0.978889,0.496117,0.499444,515x900,RGBA,,canvas|caseW-high|bboxH-high,False,False,true failure,True,"canvas,caseW-high,bboxH-high; PASS_CONTENT from legacy catalog black-background review; human full-resolution review: strong perspective with looped bracelet",rerendered-and-approved,False,0.779297,0.899740,0.500000,0.500000,1024x1536,RGBA,,PASS,d3c58667489c5fc93236dab3722103a4d4857b742ff835e48f4dbca1e3cd5f2e
EAA-168WA-1,0.952562,1.0,0.497154,0.5,527x900,RGBA,,canvas|caseW-high|bboxH-high,False,False,true failure,True,"canvas,caseW-high,bboxH-high; PASS_CONTENT from legacy catalog black-background review; human full-resolution review: strong perspective with looped bracelet",rerendered-and-approved,False,0.781250,0.868490,0.500000,0.500000,1024x1536,RGBA,,PASS,0c50b19d1bc4f09d9b0d8bbe75b39e80d11f7b7fac0378a0e56d01f8f1eccf80
EAA-168WG-9,0.968224,0.98,0.497196,0.5,535x900,RGBA,,canvas|caseW-high|bboxH-high,False,False,true failure,True,"canvas,caseW-high,bboxH-high; PASS_CONTENT from legacy catalog black-background review; human full-resolution review: strong perspective with looped bracelet",rerendered-and-approved,False,0.779297,0.911458,0.499512,0.500000,1024x1536,RGBA,,PASS,10bb41177a9ada76311610b9c8e26fae520386760b9671dba83c3c7595424486
EALRW-200HS-2E,0.998113,0.997778,0.499057,0.498889,530x900,RGBA,,canvas|caseW-high|bboxH-high,False,False,true failure,True,"canvas,caseW-high,bboxH-high; PASS_CONTENT from legacy catalog black-background review; human full-resolution review: strong perspective with looped transparent bracelet",rerendered-and-approved,False,0.780273,0.874349,0.499512,0.500326,1024x1536,RGBA,,PASS,49d9f2855a01bba24587377fbab67a60f1e5b96c2fee9d413d4be8e356bf4a7a
EALW-204-4A,0.964684,0.982222,0.499071,0.501111,538x900,RGBA,,canvas|caseW-high|bboxH-high,False,True,acceptable variation,False,"canvas,caseW-high,bboxH-high; PASS_CONTENT from legacy catalog black-background review",unchanged-protected,False,0.964684,0.982222,0.499071,0.501111,538x900,RGBA,canvas|caseW-high|bboxH-high,acceptable variation,18dca4401a0070b8f1961cf943dbaec971869213bc02a6a3b59a90e6d4364428
EALW-204-1A,0.962963,0.984444,0.502778,0.5,540x900,RGBA,,canvas|caseW-high|bboxH-high,False,True,acceptable variation,False,"canvas,caseW-high,bboxH-high; PASS_CONTENT from legacy catalog black-background review",unchanged-protected,False,0.962963,0.984444,0.502778,0.5,540x900,RGBA,canvas|caseW-high|bboxH-high,acceptable variation,aee0f58e5b398468bd8fb8f010c6cce70fd57d27f7f9736b0d5dfde5713dd3fc
CRLTP-V007D-7B,0.450195,0.896484,0.5,0.499674,1024x1536,RGBA,,caseW-low,False,True,acceptable variation,False,caseW-low; PASS_CONTENT from 424-watch black-background review,unchanged-protected,False,0.450195,0.896484,0.5,0.499674,1024x1536,RGBA,caseW-low,acceptable variation,88994adf50e9b728cae963a9002643843b0c2165989d3c84588f49a3f44f8dfc
CRMTP-V004D-7C,0.732422,0.898438,0.5,0.5,1024x1536,RGBA,,,True,True,acceptable variation,False,PASS_CONTENT from 424-watch black-background review; pending v2 candidate recheck; human full-resolution review: human visual review accepted: strong perspective with looped bracelet,unchanged-protected,False,0.732422,0.898438,0.5,0.5,1024x1536,RGBA,,acceptable variation,35d6d02e0720463c5c52844890a10ad3d332fe4e730b2f706e5f69f5c529bf82
CRMTP-V004D-1C,0.850586,0.895833,0.499512,0.5,1024x1536,RGBA,,caseW-high,False,True,acceptable variation,False,caseW-high; PASS_CONTENT from 424-watch black-background review; human full-resolution review: human visual review accepted: strong perspective with looped bracelet,unchanged-protected,False,0.850586,0.895833,0.499512,0.5,1024x1536,RGBA,caseW-high,acceptable variation,be7cfb156884c671658eea3b11af5daa4e10a582b8b3ea89afeff544cc80ca65
E4971850965138,0.955166,0.985944,0.502924,0.498996,513x996,RGBA,,canvas|caseW-high|bboxH-high,False,False,true failure,True,"canvas,caseW-high,bboxH-high; PASS_CONTENT from legacy catalog black-background review; human full-resolution review: strong perspective with looped bracelet",rerendered-and-approved,False,0.780273,0.911458,0.500488,0.500000,1024x1536,RGBA,,PASS,d6ccfe9ddbbe8b79f92efca5263b142bca8a249a09d5dd64034e79bc4fd8a2ac
EALWS-2200H-1A,0.973199,0.982222,0.5,0.498889,597x900,RGBA,,canvas|caseW-high|bboxH-high,False,False,true failure,True,"canvas,caseW-high,bboxH-high; PASS_CONTENT from legacy catalog black-background review; human full-resolution review: full curved strap presentation contrary to straight catalog crop",rerendered-and-approved,False,0.781250,0.911458,0.500000,0.500000,1024x1536,RGBA,,PASS,a0359a99108e72a6635e382b50da10cb2dd27ce44fefd298912125ed50b2a890
EAMRW-230H-1E1,0.972268,0.984444,0.502447,0.501111,613x900,RGBA,,canvas|caseW-high|bboxH-high,False,False,true failure,True,"canvas,caseW-high,bboxH-high; PASS_CONTENT from legacy catalog black-background review; human full-resolution review: full curved strap presentation contrary to straight catalog crop",rerendered-and-approved,False,0.781250,0.911458,0.500000,0.500000,1024x1536,RGBA,,PASS,63ad7e090419500433d9fa8bb3f5d2045cea586a9e7655b560a651ee9c728bbd
EAMRW-210HB-5B,0.977685,0.983333,0.5,0.499444,717x900,RGBA,,canvas|caseW-high|bboxH-high,False,False,true failure,True,"canvas,caseW-high,bboxH-high; PASS_CONTENT from legacy catalog black-background review; human full-resolution review: full strap and buckle presentation contrary to catalog crop",rerendered-and-approved,False,0.781250,0.911458,0.500000,0.500000,1024x1536,RGBA,,PASS,51b81407b4634a34aaa3d1d2daf93b4d2db01d7c198a32f5ac8b2c6b299564eb
EAWS-1600H-1A,0.972835,0.984444,0.5,0.5,589x900,RGBA,,canvas|caseW-high|bboxH-high,False,True,acceptable variation,False,"canvas,caseW-high,bboxH-high; PASS_CONTENT from legacy catalog black-background review; human full-resolution review: human visual review accepted: full curved strap presentation contrary to straight catalog crop",unchanged-protected,False,0.972835,0.984444,0.5,0.5,589x900,RGBA,canvas|caseW-high|bboxH-high,acceptable variation,b7d890437f33559c975fbada379e647610539762876ea5a0eca2227dcd1b9b4a
EAWS-2000H-2AV,0.966555,0.983333,0.498328,0.499444,598x900,RGBA,,canvas|caseW-high|bboxH-high,False,False,true failure,True,"canvas,caseW-high,bboxH-high; PASS_CONTENT from legacy catalog black-background review; human full-resolution review: full curved strap presentation contrary to straight catalog crop",rerendered-and-approved,False,0.780273,0.910807,0.500488,0.499674,1024x1536,RGBA,,PASS,5944f245cfc371d72527739f90027bf09f9bb69c20b8496d1d0b1e77b5bdcd92
EAWS-1200H-1A,0.9712,0.981111,0.5,0.499444,625x900,RGBA,,canvas|caseW-high|bboxH-high,False,True,acceptable variation,False,"canvas,caseW-high,bboxH-high; PASS_CONTENT from legacy catalog black-background review; human full-resolution review: human visual review accepted: full curved strap presentation contrary to straight catalog crop",unchanged-protected,False,0.9712,0.981111,0.5,0.499444,625x900,RGBA,canvas|caseW-high|bboxH-high,acceptable variation,b3eba62d6965199ec4dafe69d8f49a10ca79144a1fc0b4fc9cd5e7a22b164bb6
EAWS-1000H-1AV,0.973776,0.981111,0.497378,0.498333,572x900,RGBA,,canvas|caseW-high|bboxH-high,False,True,acceptable variation,False,"canvas,caseW-high,bboxH-high; PASS_CONTENT from legacy catalog black-background review; human full-resolution review: human visual review accepted: full curved strap presentation contrary to straight catalog crop",unchanged-protected,False,0.973776,0.981111,0.497378,0.498333,572x900,RGBA,canvas|caseW-high|bboxH-high,acceptable variation,23f784a4dae3e5d010777bea0d63ea2cb81ff88d8ba1705b53b82f8204aa9b3d
EAMRW-210HB-1B,0.977839,0.985556,0.5,0.500556,722x900,RGBA,,canvas|caseW-high|bboxH-high,False,False,true failure,True,"canvas,caseW-high,bboxH-high; PASS_CONTENT from legacy catalog black-background review; human full-resolution review: full strap and buckle presentation contrary to catalog crop",rerendered-and-approved,False,0.780273,0.869792,0.499512,0.500000,1024x1536,RGBA,,PASS,9682b2b48ed11f3fe4263a29e117ba70621bc6a316008d07bbe6024ab901bdb2
EAWS-1400H-1A,0.968121,0.98,0.499161,0.5,596x900,RGBA,,canvas|caseW-high|bboxH-high,False,True,acceptable variation,False,"canvas,caseW-high,bboxH-high; PASS_CONTENT from legacy catalog black-background review; human full-resolution review: human visual review accepted: full curved strap presentation contrary to straight catalog crop",unchanged-protected,False,0.968121,0.98,0.499161,0.5,596x900,RGBA,canvas|caseW-high|bboxH-high,acceptable variation,1b78edd2c5e4d72300965edc5a5827dca3e2f0174e4d24a3a8c9900e5b642e42
EAWS-1700H-1A,0.967442,0.982222,0.5,0.501111,645x900,RGBA,,canvas|caseW-high|bboxH-high,False,True,acceptable variation,False,"canvas,caseW-high,bboxH-high; PASS_CONTENT from legacy catalog black-background review; human full-resolution review: human visual review accepted: full curved strap presentation contrary to straight catalog crop",unchanged-protected,False,0.967442,0.982222,0.5,0.501111,645x900,RGBA,canvas|caseW-high|bboxH-high,acceptable variation,ecd228ce0324df2c1e1a804173618c7aab0b4f686bebae0d9d79d3f9d48a8dc1
EAWS-B1000-1AV,0.996337,0.996667,0.500916,0.499444,546x900,RGBA,,canvas|caseW-high|bboxH-high,False,True,acceptable variation,False,"canvas,caseW-high,bboxH-high; PASS_CONTENT from legacy catalog black-background review; human full-resolution review: human visual review accepted: full curved strap presentation contrary to straight catalog crop",unchanged-protected,False,0.996337,0.996667,0.500916,0.499444,546x900,RGBA,canvas|caseW-high|bboxH-high,acceptable variation,a1ed4faa3c4e9444ee6f5c0d8485509aceec8e1ac6c2c23aebac27cef7b6befe
EAMRW-200HD-1B,0.972843,0.986667,0.500799,0.501111,626x900,RGBA,,canvas|caseW-high|bboxH-high,False,False,true failure,True,"canvas,caseW-high,bboxH-high; PASS_CONTENT from legacy catalog black-background review; human full-resolution review: strong perspective with looped bracelet",rerendered-and-approved,False,0.779297,0.910807,0.500000,0.500326,1024x1536,RGBA,,PASS,4bd2f324d6f07a784db2074d780b1830130b9e07742fb7836d4d5fcb9f182401
EAWS-1300H-1A,0.9721,0.978889,0.500734,0.500556,681x900,RGBA,,canvas|caseW-high|bboxH-high,False,True,acceptable variation,False,"canvas,caseW-high,bboxH-high; PASS_CONTENT from legacy catalog black-background review; human full-resolution review: human visual review accepted: full curved strap presentation contrary to straight catalog crop",unchanged-protected,False,0.9721,0.978889,0.500734,0.500556,681x900,RGBA,canvas|caseW-high|bboxH-high,acceptable variation,b2c83f3de097bb759705a61090e180f551dd923cce2da4d5e90e6b3ef26406c7
EALQ-139A-1B3,0.957647,0.98,0.502353,0.5,425x900,RGBA,,canvas|caseW-high|bboxH-high,False,True,acceptable variation,False,"canvas,caseW-high,bboxH-high; PASS_CONTENT from legacy catalog black-background review",unchanged-protected,False,0.957647,0.98,0.502353,0.5,425x900,RGBA,canvas|caseW-high|bboxH-high,acceptable variation,f5d006f6799b4657158b161cf093dcf18b834d7246f25ff8c87da68bf4cf8044
EALQ-142E-1A,0.95288,0.995556,0.5,0.502222,382x900,RGBA,,canvas|caseW-high|bboxH-high,False,True,acceptable variation,False,"canvas,caseW-high,bboxH-high; PASS_CONTENT from legacy catalog black-background review",unchanged-protected,False,0.95288,0.995556,0.5,0.502222,382x900,RGBA,canvas|caseW-high|bboxH-high,acceptable variation,6c0f85b0e38e6f8c8a313e5cb65f6dd1e035b4dc2eb0f8a2fd15fb4787277594
EAMRW-210H-1A,0.980609,0.982222,0.5,0.5,722x900,RGBA,,canvas|caseW-high|bboxH-high,False,False,true failure,True,"canvas,caseW-high,bboxH-high; PASS_CONTENT from legacy catalog black-background review; human full-resolution review: full curved strap presentation contrary to straight catalog crop",rerendered-and-approved,False,0.779297,0.878255,0.500000,0.500326,1024x1536,RGBA,,PASS,9a9d048eaf83231e674c3a330845ddd1fbbf159bf46acf9ce1881edcde4ae7d5
EALWS-1200H-7A2,0.976852,0.983333,0.499228,0.497222,648x900,RGBA,,canvas|caseW-high|bboxH-high,False,True,acceptable variation,False,"canvas,caseW-high,bboxH-high; PASS_CONTENT from legacy catalog black-background review; human full-resolution review: human visual review accepted: full curved strap presentation contrary to straight catalog crop",unchanged-protected,False,0.976852,0.983333,0.499228,0.497222,648x900,RGBA,canvas|caseW-high|bboxH-high,acceptable variation,fe39e2ec8eaffdee53f57fd06664779b42fa97cbb81a43c57cd4f8d34dcc0406
EAWS-1500H-1A,0.978788,0.983333,0.499242,0.502778,660x900,RGBA,,canvas|caseW-high|bboxH-high,False,True,acceptable variation,False,"canvas,caseW-high,bboxH-high; PASS_CONTENT from legacy catalog black-background review; human full-resolution review: human visual review accepted: full curved strap presentation contrary to straight catalog crop",unchanged-protected,False,0.978788,0.983333,0.499242,0.502778,660x900,RGBA,canvas|caseW-high|bboxH-high,acceptable variation,4faf7f14ec3ba76011a19d7367cc23c41a2610c0a16b3bbf6799fade1bb1f3f5
EALQ-139E-7A,0.597403,0.988889,0.675325,0.497778,616x900,RGBA,,canvas|caseW-low|bboxH-high|case-centre-x,False,False,true failure,True,"canvas,caseW-low,bboxH-high,case-centre-x; PASS_CONTENT from legacy catalog black-background review; human full-resolution review: severe zoom-out with undersized product",rerendered-and-approved,False,0.778320,0.911458,0.500488,0.500000,1024x1536,RGBA,,PASS,f6d2b928f3b3925b91914869e1fec20035fb2d0c999c34c5e5f76ff788e2615d
EALQ-139B-1B,0.424737,0.975556,0.467911,0.497778,857x900,RGBA,,canvas|caseW-low|bboxH-high|case-centre-x,False,False,true failure,True,"canvas,caseW-low,bboxH-high,case-centre-x; PASS_CONTENT from legacy catalog black-background review; human full-resolution review: severe zoom-out with undersized product",rerendered-and-approved,False,0.780273,0.911458,0.499512,0.500000,1024x1536,RGBA,,PASS,8545f0d34f1f0c7c1db39ca5e7ef34f0bbf8d7504b5f38845e9be2ae5f015453
EAMRW-200H-1BV,0.974441,0.982222,0.498403,0.5,626x900,RGBA,,canvas|caseW-high|bboxH-high,False,False,true failure,True,"canvas,caseW-high,bboxH-high; PASS_CONTENT from legacy catalog black-background review; human full-resolution review: full curved strap presentation contrary to straight catalog crop",rerendered-and-approved,False,0.781250,0.911458,0.500000,0.500000,1024x1536,RGBA,,PASS,d73b053e1468bbeefab7070f013c8dc40ee29f9150732ffdfca60c603d125112
EAWS-1800-1A,0.967105,0.982222,0.5,0.498889,608x900,RGBA,,canvas|caseW-high|bboxH-high,False,True,acceptable variation,False,"canvas,caseW-high,bboxH-high; PASS_CONTENT from legacy catalog black-background review; human full-resolution review: human visual review accepted: full curved strap presentation contrary to straight catalog crop",unchanged-protected,False,0.967105,0.982222,0.5,0.498889,608x900,RGBA,canvas|caseW-high|bboxH-high,acceptable variation,c8a3813e29553fdb5b4fd0dd2ed1061c01c6256cdae8ade3857d7eb0f4eafcb1
E889232261041,0.971332,0.996094,0.500843,0.498047,593x1024,RGBA,,canvas|caseW-high|bboxH-high,False,True,acceptable variation,False,"canvas,caseW-high,bboxH-high; PASS_CONTENT from legacy catalog black-background review",unchanged-protected,False,0.971332,0.996094,0.500843,0.498047,593x1024,RGBA,canvas|caseW-high|bboxH-high,acceptable variation,068e96b80f82aafcd65524cdc0b0dae834a180d18ab31fc2d50b50f334b1147c
E889232368535,0.979452,0.987718,0.5,0.5,584x977,RGBA,,canvas|caseW-high|bboxH-high,False,False,true failure,True,"canvas,caseW-high,bboxH-high; PASS_CONTENT from legacy catalog black-background review; human full-resolution review: full strap and buckle presentation contrary to catalog crop",rerendered-and-approved,False,0.780273,0.893229,0.500488,0.500000,1024x1536,RGBA,,PASS,af5ae27c09a6404318e562dd77d7fdd04d62b2df7a2e7fc1d248426cca7f0b89
E889232261072,0.967153,0.983887,0.499088,0.5,548x993,RGBA,,canvas|caseW-high|bboxH-high,False,False,true failure,True,"canvas,caseW-high,bboxH-high; PASS_CONTENT from legacy catalog black-background review; human full-resolution review: strong perspective with looped transparent bracelet",rerendered-and-approved,False,0.780273,0.911458,0.500000,0.500000,1024x1536,RGBA,,PASS,b582128c0034ba5964f859b32b784e5d016060c58ce38e4ca4d1a35fe5c6fde5
E79767759384,0.992424,1.0,0.498485,0.5,660x1200,RGBA,,canvas|caseW-high|bboxH-high,False,False,true failure,True,"canvas,caseW-high,bboxH-high; PASS_CONTENT from legacy catalog black-background review; human full-resolution review: strong perspective with looped bracelet",rerendered-and-approved,False,0.780273,0.853516,0.500488,0.499674,1024x1536,RGBA,,PASS,97f6fabd2eb16980a7d312ceebd52a80e0626b89e7f8eeb4fd96d40adb54234c
E889232261102,0.974922,0.995117,0.5,0.497559,638x1024,RGBA,,canvas|caseW-high|bboxH-high,False,True,acceptable variation,False,"canvas,caseW-high,bboxH-high; PASS_CONTENT from legacy catalog black-background review",unchanged-protected,False,0.974922,0.995117,0.5,0.497559,638x1024,RGBA,canvas|caseW-high|bboxH-high,acceptable variation,cb01938775ce24ba0f4981fe4fed70117bd1b0e2edd6d0bc23c57c2569f829ac
E79767944391,0.974592,0.982811,0.498185,0.499494,551x989,RGBA,,canvas|caseW-high|bboxH-high,False,True,acceptable variation,False,"canvas,caseW-high,bboxH-high; PASS_CONTENT from legacy catalog black-background review",unchanged-protected,False,0.974592,0.982811,0.498185,0.499494,551x989,RGBA,canvas|caseW-high|bboxH-high,acceptable variation,1b52719509bb289471a76eaae8d9c4608203855d2e1812da1320ad0e62c8c2a3
E889232102375,0.97411,0.9846,0.5,0.500513,618x974,RGBA,,canvas|caseW-high|bboxH-high,False,True,acceptable variation,False,"canvas,caseW-high,bboxH-high; PASS_CONTENT from legacy catalog black-background review; human full-resolution review: human visual review accepted: full curved strap presentation contrary to straight catalog crop",unchanged-protected,False,0.97411,0.9846,0.5,0.500513,618x974,RGBA,canvas|caseW-high|bboxH-high,acceptable variation,36a54b63bd5cf3c4c65a0cb677ce67d3a5a6298862616bb55fc38bff3613dbb5
E79767541255,0.991111,1.0,0.500741,0.5,675x1144,RGBA,,canvas|caseW-high|bboxH-high,False,False,true failure,True,"canvas,caseW-high,bboxH-high; PASS_CONTENT from legacy catalog black-background review; human full-resolution review: strong perspective with looped bracelet",rerendered-and-approved,False,0.779297,0.876953,0.500000,0.499674,1024x1536,RGBA,,PASS,1166cca852eedc1351ceb0cca996765e715da68767da51d4482e5af30f439bb7
E889232267838,1.0,1.0,0.5,0.5,729x1102,RGBA,,canvas|caseW-high|bboxH-high,False,True,acceptable variation,False,"canvas,caseW-high,bboxH-high; PASS_CONTENT from legacy catalog black-background review; human full-resolution review: human visual review accepted: full curved strap presentation contrary to straight catalog crop",unchanged-protected,False,1.0,1.0,0.5,0.5,729x1102,RGBA,canvas|caseW-high|bboxH-high,acceptable variation,05a565fb9465986a4d8b0a6296457250563a6f113a5ea54f57da683dfdececb2
E79767968724,0.979769,1.0,0.5,0.5,692x1024,RGBA,,canvas|caseW-high|bboxH-high,False,True,acceptable variation,False,"canvas,caseW-high,bboxH-high; PASS_CONTENT from legacy catalog black-background review; human full-resolution review: human visual review accepted: full curved strap presentation contrary to straight catalog crop",unchanged-protected,False,0.979769,1.0,0.5,0.5,692x1024,RGBA,canvas|caseW-high|bboxH-high,acceptable variation,a0758beff4b197d95de3daf4eabf61ce7ba4e1c9f006b090af68c8c6ebb382cf
E889232213002,0.978395,0.983749,0.5,0.500542,648x923,RGBA,,canvas|caseW-high|bboxH-high,False,True,acceptable variation,False,"canvas,caseW-high,bboxH-high; PASS_CONTENT from legacy catalog black-background review; human full-resolution review: human visual review accepted: full curved strap presentation contrary to straight catalog crop",unchanged-protected,False,0.978395,0.983749,0.5,0.500542,648x923,RGBA,canvas|caseW-high|bboxH-high,acceptable variation,8d524429343d80bfd44501c05683f8676b9e80b82c6dd3b63f5844f7258cb195
EAMW-240B-3B,0.971761,0.982222,0.500831,0.5,602x900,RGBA,,canvas|caseW-high|bboxH-high,False,False,true failure,True,"canvas,caseW-high,bboxH-high; PASS_CONTENT from legacy catalog black-background review; human full-resolution review: full strap and buckle presentation contrary to catalog crop",rerendered-and-approved,False,0.779297,0.911458,0.500000,0.500000,1024x1536,RGBA,,PASS,1a73bffbaebd93c6014fd7c5ecbd71cbb117ec32eb183e8fca454883475e4412
EAMWD-100HD-1A,0.995461,0.998889,0.498487,0.499444,661x900,RGBA,,canvas|caseW-high|bboxH-high,False,False,true failure,True,"canvas,caseW-high,bboxH-high; PASS_CONTENT from legacy catalog black-background review; human full-resolution review: strong perspective with looped bracelet",rerendered-and-approved,False,0.780273,0.911458,0.499512,0.500000,1024x1536,RGBA,,PASS,b9339458fd7d86fdb243cdb5170a80e6924ef0ad08c21aa529e3a5bbf5b585b7
EAMW-240-1BV,0.970684,0.983333,0.498371,0.499444,614x900,RGBA,,canvas|caseW-high|bboxH-high,False,True,acceptable variation,False,"canvas,caseW-high,bboxH-high; PASS_CONTENT from legacy catalog black-background review",unchanged-protected,False,0.970684,0.983333,0.498371,0.499444,614x900,RGBA,canvas|caseW-high|bboxH-high,acceptable variation,cde3a390a700db4799a03474af1b49a818b4210d4469191020b6fe77ad826ee0
EAMWD-100H-1A,0.996937,0.995556,0.498469,0.5,653x900,RGBA,,canvas|caseW-high|bboxH-high,False,True,acceptable variation,False,"canvas,caseW-high,bboxH-high; PASS_CONTENT from legacy catalog black-background review; human full-resolution review: human visual review accepted: full curved strap presentation contrary to straight catalog crop",unchanged-protected,False,0.996937,0.995556,0.498469,0.5,653x900,RGBA,canvas|caseW-high|bboxH-high,acceptable variation,cdb992ede1d933efaff42dd7e5d8d1679f61e6f7f2c218c7cbeba09b7a94c5fe
EAMWA-100HD-1A,0.989521,0.997778,0.502246,0.498889,668x900,RGBA,,canvas|caseW-high|bboxH-high,False,False,true failure,True,"canvas,caseW-high,bboxH-high; PASS_CONTENT from legacy catalog black-background review; human full-resolution review: strong perspective with looped bracelet",rerendered-and-approved,False,0.780273,0.899089,0.500000,0.500326,1024x1536,RGBA,,PASS,21f98688a3c5f970ea7a10d217cd2a1e92383c66a2197b9a9aff18d7e489e02d
EAMW-620H-1A,0.996928,0.997778,0.501536,0.498889,651x900,RGBA,,canvas|caseW-high|bboxH-high,False,True,acceptable variation,False,"canvas,caseW-high,bboxH-high; PASS_CONTENT from legacy catalog black-background review; human full-resolution review: human visual review accepted: full curved strap presentation contrary to straight catalog crop",unchanged-protected,False,0.996928,0.997778,0.501536,0.498889,651x900,RGBA,canvas|caseW-high|bboxH-high,acceptable variation,643da91c59fbcccf57627926ca0d8932a73a0ca98cf5620b2d91ddc26329c02d
EAMWA-100H-1A2,0.991031,0.997778,0.500747,0.501111,669x900,RGBA,,canvas|caseW-high|bboxH-high,False,True,acceptable variation,False,"canvas,caseW-high,bboxH-high; PASS_CONTENT from legacy catalog black-background review; human full-resolution review: human visual review accepted: full curved strap presentation contrary to straight catalog crop",unchanged-protected,False,0.991031,0.997778,0.500747,0.501111,669x900,RGBA,canvas|caseW-high|bboxH-high,acceptable variation,c43a3e42aae3ab69f7fa3b2cdbf63c7d2db8e2bf434b1a45cad0f4924914fa28
EAMWQ-100-1A,1.0,0.997778,0.5,0.498889,670x900,RGBA,,canvas|caseW-high|bboxH-high,False,True,acceptable variation,False,"canvas,caseW-high,bboxH-high; PASS_CONTENT from legacy catalog black-background review",unchanged-protected,False,1.0,0.997778,0.5,0.498889,670x900,RGBA,canvas|caseW-high|bboxH-high,acceptable variation,3a2bddd9b940d5971394d6999a68c3c508893573adf37cc0c91ac86ada4c9d68
EAW-218HC-8A,0.968699,0.978889,0.5,0.499444,607x900,RGBA,,canvas|caseW-high|bboxH-high,False,True,acceptable variation,False,"canvas,caseW-high,bboxH-high; PASS_CONTENT from legacy catalog black-background review",unchanged-protected,False,0.968699,0.978889,0.5,0.499444,607x900,RGBA,canvas|caseW-high|bboxH-high,acceptable variation,25dbf5716461900d505f85b3296f16c23cedbebcee2743bd1c3180f0b12101a1
EAW-201-1AV,0.96627,0.984444,0.497024,0.5,504x900,RGBA,,canvas|caseW-high|bboxH-high,False,False,true failure,True,"canvas,caseW-high,bboxH-high; PASS_CONTENT from legacy catalog black-background review; human full-resolution review: strong side-facing presentation with curved strap",rerendered-and-approved,False,0.780273,0.911458,0.499512,0.500000,1024x1536,RGBA,,PASS,fc38e1ca4fb12aa6ff8f441516adbd0641c94787a2ab18e022a4a9f9238e9012
EAW-218HC-4A,0.971761,0.984444,0.498339,0.498889,602x900,RGBA,,canvas|caseW-high|bboxH-high,False,True,acceptable variation,False,"canvas,caseW-high,bboxH-high; PASS_CONTENT from legacy catalog black-background review",unchanged-protected,False,0.971761,0.984444,0.498339,0.498889,602x900,RGBA,canvas|caseW-high|bboxH-high,acceptable variation,7469f31d911cb7306e04efa282599f7a0b37218ab492043454e9e8c1761a94a1
EAW-735H-1A,0.969404,0.982222,0.502415,0.498889,621x900,RGBA,,canvas|caseW-high|bboxH-high,False,True,acceptable variation,False,"canvas,caseW-high,bboxH-high; PASS_CONTENT from legacy catalog black-background review",unchanged-protected,False,0.969404,0.982222,0.502415,0.498889,621x900,RGBA,canvas|caseW-high|bboxH-high,acceptable variation,18dfd869220167591df4e2d7e2159e360d2a7fb1414cb6d415df76740c0af9b7
EAW-217H-3B,0.973214,0.985556,0.500893,0.500556,560x900,RGBA,,canvas|caseW-high|bboxH-high,False,True,acceptable variation,False,"canvas,caseW-high,bboxH-high; PASS_CONTENT from legacy catalog black-background review",unchanged-protected,False,0.973214,0.985556,0.500893,0.500556,560x900,RGBA,canvas|caseW-high|bboxH-high,acceptable variation,d06c7c0caa89c8660fed2395c96cbdab0dcae6e03e7be905ef3de819313dfc81
EAW-212H-1AV,0.955595,0.978889,0.5,0.500556,563x900,RGBA,,canvas|caseW-high|bboxH-high,False,False,true failure,True,"canvas,caseW-high,bboxH-high; PASS_CONTENT from legacy catalog black-background review; human full-resolution review: strong perspective with curved strap",rerendered-and-approved,False,0.780273,0.887370,0.500488,0.499674,1024x1536,RGBA,,PASS,5ab03e15f0cffaf1de0830a08fa35d12b1361ae54d604ffae40e643134e22a9b
EAW-218H-1A,0.972222,0.98,0.501736,0.5,576x900,RGBA,,canvas|caseW-high|bboxH-high,False,True,acceptable variation,False,"canvas,caseW-high,bboxH-high; PASS_CONTENT from legacy catalog black-background review",unchanged-protected,False,0.972222,0.98,0.501736,0.5,576x900,RGBA,canvas|caseW-high|bboxH-high,acceptable variation,974c404ba413ff5cb7a456c160f5783b03000d9124bd0bbe48fc926138477b1e
EAW-218H-2A,0.967185,0.978889,0.5,0.499444,579x900,RGBA,,canvas|caseW-high|bboxH-high,False,True,acceptable variation,False,"canvas,caseW-high,bboxH-high; PASS_CONTENT from legacy catalog black-background review",unchanged-protected,False,0.967185,0.978889,0.5,0.499444,579x900,RGBA,canvas|caseW-high|bboxH-high,acceptable variation,713ccccc8c33d69c7dccc23c6970ece4f85dd9ea087ef7aa11f65f6740e44011
EAW-217HM-9A,0.974638,0.981111,0.5,0.498333,552x900,RGBA,,canvas|caseW-high|bboxH-high,False,True,acceptable variation,False,"canvas,caseW-high,bboxH-high; PASS_CONTENT from legacy catalog black-background review",unchanged-protected,False,0.974638,0.981111,0.5,0.498333,552x900,RGBA,canvas|caseW-high|bboxH-high,acceptable variation,c66953e369f6ae54e8c616d633cda99a95492ab01bee00e3f1623a59c7d8287d
EAW-218HC-2A,0.968699,0.983333,0.501647,0.501667,607x900,RGBA,,canvas|caseW-high|bboxH-high,False,True,acceptable variation,False,"canvas,caseW-high,bboxH-high; PASS_CONTENT from legacy catalog black-background review",unchanged-protected,False,0.968699,0.983333,0.501647,0.501667,607x900,RGBA,canvas|caseW-high|bboxH-high,acceptable variation,c9072882c0d988c29a142e6d81021fda3a740643c7d99c59268d4a1fed3acde6
EAW-218H-8A,0.975904,0.983333,0.501721,0.499444,581x900,RGBA,,canvas|caseW-high|bboxH-high,False,True,acceptable variation,False,"canvas,caseW-high,bboxH-high; PASS_CONTENT from legacy catalog black-background review",unchanged-protected,False,0.975904,0.983333,0.501721,0.499444,581x900,RGBA,canvas|caseW-high|bboxH-high,acceptable variation,f0e165bfc134f1485ae6bc755d4061b010e0a25804222e44548b276c45d7785a
EAW-800H-1AV,0.966192,0.977778,0.501779,0.501111,562x900,RGBA,,canvas|caseW-high|bboxH-high,False,False,true failure,True,"canvas,caseW-high,bboxH-high; PASS_CONTENT from legacy catalog black-background review; human full-resolution review: strong perspective with curved strap",rerendered-and-approved,False,0.780273,0.872396,0.499512,0.500000,1024x1536,RGBA,,PASS,74ff3202b0a286d7590d27a2ebe304c1aa751fb57d77939e770130d4ada3ca58
EAW-96H-1BV,0.971645,0.982222,0.500945,0.502222,529x900,RGBA,,canvas|caseW-high|bboxH-high,False,False,true failure,True,"canvas,caseW-high,bboxH-high; PASS_CONTENT from legacy catalog black-background review; human full-resolution review: strong perspective with curved strap",rerendered-and-approved,False,0.780273,0.876302,0.500488,0.500000,1024x1536,RGBA,,PASS,823d05dd6f9efe272d1f19af467c94f4ca5beaec45589a56a21b218549b079b8
EAW-219H-1A,0.973186,0.977778,0.500789,0.5,634x900,RGBA,,canvas|caseW-high|bboxH-high,False,True,acceptable variation,False,"canvas,caseW-high,bboxH-high; PASS_CONTENT from legacy catalog black-background review",unchanged-protected,False,0.973186,0.977778,0.500789,0.5,634x900,RGBA,canvas|caseW-high|bboxH-high,acceptable variation,f36ba845471385495dad9f0a183d18372876194d539125a74297d7c11a183dd7
EAW-217H-1A,0.992767,0.995556,0.5,0.5,553x900,RGBA,,canvas|caseW-high|bboxH-high,False,True,acceptable variation,False,"canvas,caseW-high,bboxH-high; PASS_CONTENT from legacy catalog black-background review",unchanged-protected,False,0.992767,0.995556,0.5,0.5,553x900,RGBA,canvas|caseW-high|bboxH-high,acceptable variation,fc2c877760763fbad2323fedb8059f1b54a3c3904b674c394fe2a3c15f749391
EAW-96H-1AV,0.973978,1.0,0.5,0.5,538x900,RGBA,,canvas|caseW-high|bboxH-high,False,True,acceptable variation,False,"canvas,caseW-high,bboxH-high; PASS_CONTENT from legacy catalog black-background review",unchanged-protected,False,0.973978,1.0,0.5,0.5,538x900,RGBA,canvas|caseW-high|bboxH-high,acceptable variation,1a216fecdde5c055aca8ac2c7edee28512a40047db07781d16efb3d7d9cbc779
EAW-218HB-3A,0.967354,0.981111,0.499141,0.498333,582x900,RGBA,,canvas|caseW-high|bboxH-high,False,False,true failure,True,"canvas,caseW-high,bboxH-high; PASS_CONTENT from legacy catalog black-background review; human full-resolution review: full fabric strap presentation contrary to catalog crop",rerendered-and-approved,False,0.779297,0.911458,0.500000,0.500000,1024x1536,RGBA,,PASS,f66f3eef638a88b1df66a7a10e3d98126c7ea31d980cb734bd1052cb0a06be01
EAW-218HM-5B,0.968333,0.982222,0.499167,0.501111,600x900,RGBA,,canvas|caseW-high|bboxH-high,False,True,acceptable variation,False,"canvas,caseW-high,bboxH-high; PASS_CONTENT from legacy catalog black-background review",unchanged-protected,False,0.968333,0.982222,0.499167,0.501111,600x900,RGBA,canvas|caseW-high|bboxH-high,acceptable variation,42aec7e299df377c0438318e4b3ac15444b7986ba28fe1dc50cb0691c8eb7257
EAW-218HD-1A,0.972927,0.981111,0.501692,0.500556,591x900,RGBA,,canvas|caseW-high|bboxH-high,False,True,acceptable variation,False,"canvas,caseW-high,bboxH-high; PASS_CONTENT from legacy catalog black-background review; human full-resolution review: human visual review accepted: strong perspective with looped bracelet",unchanged-protected,False,0.972927,0.981111,0.501692,0.500556,591x900,RGBA,canvas|caseW-high|bboxH-high,acceptable variation,3ad9a668807eb860170dd0036525cde4b87968a711a162579cb0a978fcee401c
EAW-736H-1A,0.976415,0.977778,0.499214,0.5,636x900,RGBA,,canvas|caseW-high|bboxH-high,False,True,acceptable variation,False,"canvas,caseW-high,bboxH-high; PASS_CONTENT from legacy catalog black-background review",unchanged-protected,False,0.976415,0.977778,0.499214,0.5,636x900,RGBA,canvas|caseW-high|bboxH-high,acceptable variation,6cf084bb59ef367d8e0cbfd64a6b7925b6a0eaca8f730c3d8f610b67974def02
EAW-219HC-2B,0.971963,0.981111,0.498442,0.500556,642x900,RGBA,,canvas|caseW-high|bboxH-high,False,True,acceptable variation,False,"canvas,caseW-high,bboxH-high; PASS_CONTENT from legacy catalog black-background review",unchanged-protected,False,0.971963,0.981111,0.498442,0.500556,642x900,RGBA,canvas|caseW-high|bboxH-high,acceptable variation,3cb96c278bfa57ad71e5f6e987ad415528c0ea517f9378b09080587a1e87203e
EAW-219HD-1A,0.973765,0.983333,0.497685,0.500556,648x900,RGBA,,canvas|caseW-high|bboxH-high,False,True,acceptable variation,False,"canvas,caseW-high,bboxH-high; PASS_CONTENT from legacy catalog black-background review; human full-resolution review: human visual review accepted: strong perspective with looped bracelet",unchanged-protected,False,0.973765,0.983333,0.497685,0.500556,648x900,RGBA,canvas|caseW-high|bboxH-high,acceptable variation,a660d5af297ab2d9899ff1ea3715ac00006df380bde7fd707811d5b82e2229a3
EAW-735H-1B,0.974684,0.978889,0.498418,0.499444,632x900,RGBA,,canvas|caseW-high|bboxH-high,False,True,acceptable variation,False,"canvas,caseW-high,bboxH-high; PASS_CONTENT from legacy catalog black-background review",unchanged-protected,False,0.974684,0.978889,0.498418,0.499444,632x900,RGBA,canvas|caseW-high|bboxH-high,acceptable variation,5854e8459c210cebfb95ef2e5a2b27bc93e366fd5a2721adb41769c2ba0471a7
EAW-219HB-3A,0.970968,0.98,0.5,0.5,620x900,RGBA,,canvas|caseW-high|bboxH-high,False,False,true failure,True,"canvas,caseW-high,bboxH-high; PASS_CONTENT from legacy catalog black-background review; human full-resolution review: full fabric strap presentation contrary to catalog crop",rerendered-and-approved,False,0.781250,0.911458,0.500000,0.500000,1024x1536,RGBA,,PASS,209790627472f78815288856c3dcc9bbe07049160fb0b091e4f87e765138b263
E889232373201,0.976027,0.981132,0.5,0.5,584x954,RGBA,,canvas|caseW-high|bboxH-high,False,True,acceptable variation,False,"canvas,caseW-high,bboxH-high; PASS_CONTENT from legacy catalog black-background review",unchanged-protected,False,0.976027,0.981132,0.5,0.5,584x954,RGBA,canvas|caseW-high|bboxH-high,acceptable variation,a165d6e2f6379014f0eb5eb46e3bf1f44fe6a574204dcdeeb2df645034c4825f
E79767433994,0.991071,1.0,0.499107,0.5,560x1200,RGBA,,canvas|caseW-high|bboxH-high,False,True,acceptable variation,False,"canvas,caseW-high,bboxH-high; PASS_CONTENT from legacy catalog black-background review; human full-resolution review: human visual review accepted: full curved strap presentation contrary to straight catalog crop",unchanged-protected,False,0.991071,1.0,0.499107,0.5,560x1200,RGBA,canvas|caseW-high|bboxH-high,acceptable variation,ebac104541d2496c374079cd2cd6cb7a0c1d463a21fa66cfa8c2fde6d921926f
E889232140810,0.968254,0.984909,0.499118,0.500503,567x994,RGBA,,canvas|caseW-high|bboxH-high,False,False,true failure,True,"canvas,caseW-high,bboxH-high; PASS_CONTENT from legacy catalog black-background review; human full-resolution review: strong side-facing presentation with full looped strap",rerendered-and-approved,False,0.779297,0.898438,0.500000,0.500000,1024x1536,RGBA,,PASS,496436a7420088812a2b198adb585be5905988f0a25a8159424b52f4610dedfb
E889232192789,0.994755,0.995595,0.501748,0.5,572x908,RGBA,,canvas|caseW-high|bboxH-high,False,True,acceptable variation,False,"canvas,caseW-high,bboxH-high; PASS_CONTENT from legacy catalog black-background review; human full-resolution review: human visual review accepted: full curved strap presentation contrary to straight catalog crop",unchanged-protected,False,0.994755,0.995595,0.501748,0.5,572x908,RGBA,canvas|caseW-high|bboxH-high,acceptable variation,b63a24a3a42d776a2a93ae1c912d4386c8cac3ebe4ef1e9e6f8378665a39c5bc
E79767542085,0.994012,1.0,0.499002,0.5,501x901,RGBA,,canvas|caseW-high|bboxH-high,False,True,acceptable variation,False,"canvas,caseW-high,bboxH-high; PASS_CONTENT from legacy catalog black-background review",unchanged-protected,False,0.994012,1.0,0.499002,0.5,501x901,RGBA,canvas|caseW-high|bboxH-high,acceptable variation,cf7c69a7123bca42070527796f4027ff4ab154385a38b09eb8b3177810af085d
E889232192819,0.968476,0.985089,0.502627,0.498509,571x1006,RGBA,,canvas|caseW-high|bboxH-high,False,True,acceptable variation,False,"canvas,caseW-high,bboxH-high; PASS_CONTENT from legacy catalog black-background review; human full-resolution review: human visual review accepted: full curved strap presentation contrary to straight catalog crop",unchanged-protected,False,0.968476,0.985089,0.502627,0.498509,571x1006,RGBA,canvas|caseW-high|bboxH-high,acceptable variation,981521bcecd172922f08888f3702beab47b6944a2df255ae746dd05cf864da69
E889232382340,0.976,0.987179,0.5008,0.5,625x936,RGBA,,canvas|caseW-high|bboxH-high,False,False,true failure,True,"canvas,caseW-high,bboxH-high; PASS_CONTENT from legacy catalog black-background review; human full-resolution review: strong perspective with looped bracelet",rerendered-and-approved,False,0.779297,0.911458,0.500000,0.500000,1024x1536,RGBA,,PASS,cfdf93be69f0d1f3a5050ddf64eaa21da0fccfc37c48147de2a5fc19f6c4add5
E889232317038,0.972477,0.983871,0.502752,0.5,545x992,RGBA,,canvas|caseW-high|bboxH-high,False,True,acceptable variation,False,"canvas,caseW-high,bboxH-high; PASS_CONTENT from legacy catalog black-background review",unchanged-protected,False,0.972477,0.983871,0.502752,0.5,545x992,RGBA,canvas|caseW-high|bboxH-high,acceptable variation,46ef769a91c49e6263dece43a77e7b6aede0cd9b8b28dc74b412539a5786d372
E79767246402,0.996904,1.0,0.500774,0.5,646x1200,RGBA,,canvas|caseW-high|bboxH-high,False,False,true failure,True,"canvas,caseW-high,bboxH-high; PASS_CONTENT from legacy catalog black-background review; human full-resolution review: strong perspective with looped bracelet",rerendered-and-approved,False,0.781250,0.911458,0.500000,0.500000,1024x1536,RGBA,,PASS,5040dd4b8989f9d4cf3ba82e5224fbc428b74be21b8ff0220619b34c779d284a
E889232373232,0.97099,0.984127,0.499147,0.501587,586x945,RGBA,,canvas|caseW-high|bboxH-high,False,True,acceptable variation,False,"canvas,caseW-high,bboxH-high; PASS_CONTENT from legacy catalog black-background review",unchanged-protected,False,0.97099,0.984127,0.499147,0.501587,586x945,RGBA,canvas|caseW-high|bboxH-high,acceptable variation,2d038284c0e93ef273cb0ff335318958a6d5b9b98d7b5a80fe0d371910499d3c
E889232187587,0.974312,0.986248,0.499083,0.499018,545x1018,RGBA,,canvas|caseW-high|bboxH-high,False,False,true failure,True,"canvas,caseW-high,bboxH-high; PASS_CONTENT from legacy catalog black-background review; human full-resolution review: strong side-facing presentation with full looped strap",rerendered-and-approved,False,0.780273,0.911458,0.500488,0.500000,1024x1536,RGBA,,PASS,8c32ee5c3d97fc0b8a8da0479a6cdf5c712dae77bab4a5565686b85dac61a1fc
E889232382319,0.976,0.983015,0.5008,0.5,625x942,RGBA,,canvas|caseW-high|bboxH-high,False,True,acceptable variation,False,"canvas,caseW-high,bboxH-high; PASS_CONTENT from legacy catalog black-background review",unchanged-protected,False,0.976,0.983015,0.5008,0.5,625x942,RGBA,canvas|caseW-high|bboxH-high,acceptable variation,284bf24d5081e59840a3a3f01bba549369bf16974ef2e4b2721890081c858c76
E889232192727,0.966725,0.983051,0.499124,0.499501,571x1003,RGBA,,canvas|caseW-high|bboxH-high,False,True,acceptable variation,False,"canvas,caseW-high,bboxH-high; PASS_CONTENT from legacy catalog black-background review",unchanged-protected,False,0.966725,0.983051,0.499124,0.499501,571x1003,RGBA,canvas|caseW-high|bboxH-high,acceptable variation,0bb23aee3b6e73256e4faa7a32dfc4fda20d3c698eb8a7894b1c8840ff6b297c
E889232187525,0.955854,0.9826,0.501919,0.499488,521x977,RGBA,,canvas|caseW-high|bboxH-high,False,True,acceptable variation,False,"canvas,caseW-high,bboxH-high; PASS_CONTENT from legacy catalog black-background review",unchanged-protected,False,0.955854,0.9826,0.501919,0.499488,521x977,RGBA,canvas|caseW-high|bboxH-high,acceptable variation,8395e504124ad27503cd73b5e4fa8dc2fda9fb5938c6031dcba445c55dae2ff4
E889232140780,0.924138,0.985134,0.5,0.501487,580x1009,RGBA,,canvas|caseW-high|bboxH-high,False,False,true failure,True,"canvas,caseW-high,bboxH-high; PASS_CONTENT from legacy catalog black-background review; human full-resolution review: strong side-facing presentation with full looped strap",rerendered-and-approved,False,0.780273,0.911458,0.499512,0.500000,1024x1536,RGBA,,PASS,aa7a0e4cddc14455c6d0369313f6e0aa402ee3c68ba1172bc0d5c3ae874c4307
EAF-91W-3H,0.966862,0.982222,0.497076,0.5,513x900,RGBA,,canvas|caseW-high|bboxH-high,False,True,acceptable variation,False,"canvas,caseW-high,bboxH-high; PASS_CONTENT from legacy catalog black-background review",unchanged-protected,False,0.966862,0.982222,0.497076,0.5,513x900,RGBA,canvas|caseW-high|bboxH-high,acceptable variation,a7c30f256a1033df94438cb64b6e2f8a00b2f82e101950a9dc1d881f1aca460d
EAF-105W-1AV,0.971537,0.987778,0.501898,0.499444,527x900,RGBA,,canvas|caseW-high|bboxH-high,False,True,acceptable variation,False,"canvas,caseW-high,bboxH-high; PASS_CONTENT from legacy catalog black-background review",unchanged-protected,False,0.971537,0.987778,0.501898,0.499444,527x900,RGBA,canvas|caseW-high|bboxH-high,acceptable variation,8010f898776383a488baa9e45af8fae4594a23bc7099a960bb3c6017d05c1044
EAF-91W-1,0.965184,1.0,0.500967,0.5,517x900,RGBA,,canvas|caseW-high|bboxH-high,False,True,acceptable variation,False,"canvas,caseW-high,bboxH-high; PASS_CONTENT from legacy catalog black-background review",unchanged-protected,False,0.965184,1.0,0.500967,0.5,517x900,RGBA,canvas|caseW-high|bboxH-high,acceptable variation,f3a27aefbdbaafb2d7b0a88242ab035b488a654339abc8776f89608d2dacf044
EAF-94WA-8,0.959184,0.981111,0.5,0.501667,490x900,RGBA,,canvas|caseW-high|bboxH-high,False,True,acceptable variation,False,"canvas,caseW-high,bboxH-high; PASS_CONTENT from legacy catalog black-background review",unchanged-protected,False,0.959184,0.981111,0.5,0.501667,490x900,RGBA,canvas|caseW-high|bboxH-high,acceptable variation,9965259e7b9b05df1f465501ebc95060a7c151cf7a9c35b20c897503e05feff4
E4971850798682,0.962085,1.0,0.515008,0.5,633x1200,RGBA,,canvas|caseW-high|bboxH-high,False,False,true failure,True,"canvas,caseW-high,bboxH-high; PASS_CONTENT from legacy catalog black-background review; human full-resolution review: strong perspective with full looped strap",rerendered-and-approved,False,0.779297,0.911458,0.500488,0.500000,1024x1536,RGBA,,PASS,75759f1779872cee4a81d6c9b42048d3467af094a98a2098f44c9a4f6d8a72bc
EAF-91WM-1B,0.966535,0.985556,0.497047,0.500556,508x900,RGBA,,canvas|caseW-high|bboxH-high,False,True,acceptable variation,False,"canvas,caseW-high,bboxH-high; PASS_CONTENT from legacy catalog black-background review",unchanged-protected,False,0.966535,0.985556,0.497047,0.500556,508x900,RGBA,canvas|caseW-high|bboxH-high,acceptable variation,c7908c59281b57d9da82c2919af3bf39baa29fdd69b3b11b72a27f079ec5041b
EAF-201WA-1AV,0.968627,1.0,0.501961,0.5,510x900,RGBA,,canvas|caseW-high|bboxH-high,False,True,acceptable variation,False,"canvas,caseW-high,bboxH-high; PASS_CONTENT from legacy catalog black-background review; human full-resolution review: human visual review accepted: full curved strap presentation contrary to straight catalog crop",unchanged-protected,False,0.968627,1.0,0.501961,0.5,510x900,RGBA,canvas|caseW-high|bboxH-high,acceptable variation,7acf5c78df75fec4478bf5fcc0b14593d92207b7e609f6dd523f5a0e7b661c2c
EAF-91WS-2C,0.96994,0.986667,0.501002,0.503333,499x900,RGBA,,canvas|caseW-high|bboxH-high,False,True,acceptable variation,False,"canvas,caseW-high,bboxH-high; PASS_CONTENT from legacy catalog black-background review",unchanged-protected,False,0.96994,0.986667,0.501002,0.503333,499x900,RGBA,canvas|caseW-high|bboxH-high,acceptable variation,be60e47936aa1dfd8ebbf4a9d6ddaf175475af4983a8a72ab5f944886b936505
EAF-91WG-9Q,0.969574,0.981111,0.492901,0.499444,493x900,RGBA,,canvas|caseW-high|bboxH-high,False,True,acceptable variation,False,"canvas,caseW-high,bboxH-high; PASS_CONTENT from legacy catalog black-background review",unchanged-protected,False,0.969574,0.981111,0.492901,0.499444,493x900,RGBA,canvas|caseW-high|bboxH-high,acceptable variation,01ffe462d4872d75796092a40107ba80a5e1ea3875d953085cf27b2e5c24c881
E4971850565895,0.988235,0.991713,0.502521,0.50046,595x1086,RGBA,,canvas|caseW-high|bboxH-high,False,True,acceptable variation,False,"canvas,caseW-high,bboxH-high; PASS_CONTENT from legacy catalog black-background review",unchanged-protected,False,0.988235,0.991713,0.502521,0.50046,595x1086,RGBA,canvas|caseW-high|bboxH-high,acceptable variation,a0b09e7e837e6c7e4d8a1abc7c159c6288fb6485589e6ae968b6cbdc23b40684
E79767949082,0.99389,0.99887,0.501018,0.499435,491x885,RGBA,,canvas|caseW-high|bboxH-high,False,True,acceptable variation,False,"canvas,caseW-high,bboxH-high; PASS_CONTENT from legacy catalog black-background review",unchanged-protected,False,0.99389,0.99887,0.501018,0.499435,491x885,RGBA,canvas|caseW-high|bboxH-high,acceptable variation,df4f4e819decc1f8559a41551f971601950ee24664d3e722e81db718bee1e3b4
E79767246280,0.969811,0.995943,0.499057,0.497972,530x986,RGBA,,canvas|caseW-high|bboxH-high,False,False,true failure,True,"canvas,caseW-high,bboxH-high; PASS_CONTENT from legacy catalog black-background review; human full-resolution review: strong side-facing presentation with full looped strap",rerendered-and-approved,False,0.780273,0.911458,0.500488,0.500000,1024x1536,RGBA,,PASS,424d0dac8dc7e59f4cec29e078b36af45306b0bc07bbda3bb2ffeb838cd7b2b5
EAMQ-24-1B3,0.966,0.98,0.501,0.501111,500x900,RGBA,,canvas|caseW-high|bboxH-high,False,True,acceptable variation,False,"canvas,caseW-high,bboxH-high; PASS_CONTENT from legacy catalog black-background review",unchanged-protected,False,0.966,0.98,0.501,0.501111,500x900,RGBA,canvas|caseW-high|bboxH-high,acceptable variation,483291d5fc61c7137097afd93195b9e483324373a2fe4584661e36e316d3744d
EAMQ-76-1A,0.970472,0.981111,0.497047,0.500556,508x900,RGBA,,canvas|caseW-high|bboxH-high,False,True,acceptable variation,False,"canvas,caseW-high,bboxH-high; PASS_CONTENT from legacy catalog black-background review",unchanged-protected,False,0.970472,0.981111,0.497047,0.500556,508x900,RGBA,canvas|caseW-high|bboxH-high,acceptable variation,35c4181ad0f5ff72f2ff00309c8528e67c3492943217dcacea8aa46059a4515f
EAMQ-71-2B,0.967546,0.982222,0.5,0.501111,493x900,RGBA,,canvas|caseW-high|bboxH-high,False,True,acceptable variation,False,"canvas,caseW-high,bboxH-high; PASS_CONTENT from legacy catalog black-background review",unchanged-protected,False,0.967546,0.982222,0.5,0.501111,493x900,RGBA,canvas|caseW-high|bboxH-high,acceptable variation,676b651df855468a385c62180199cb254debb99dda1f60f2c2e98395c466ecce
EAMQ-38-1A,0.953964,0.993333,0.498721,0.496667,391x900,RGBA,,canvas|caseW-high|bboxH-high,False,True,acceptable variation,False,"canvas,caseW-high,bboxH-high; PASS_CONTENT from legacy catalog black-background review",unchanged-protected,False,0.953964,0.993333,0.498721,0.496667,391x900,RGBA,canvas|caseW-high|bboxH-high,acceptable variation,1ccf464662106df26b9eb38c100e2f95f06ceacc3018d141e2d8c2cd1da8df2e
