sku,human_classification,caseW,bboxH,cxRatio,cyRatio,canvas,color_mode,extra_chunks,metric_warnings,notes
WW101,true failure,0.838571,1.0,0.489286,0.5,700x1000,RGBA,,canvas|caseW-high|bboxH-high,"canvas,caseW-high,bboxH-high; PASS_CONTENT from legacy catalog black-background review; human full-resolution review: strong perspective with curled strap and visible underside"
WW68,true failure,0.983022,0.995,0.501698,0.4975,589x1000,RGBA,,canvas|caseW-high|bboxH-high,"canvas,caseW-high,bboxH-high; PASS_CONTENT from legacy catalog black-background review; human full-resolution review: strong perspective with curled strap"
W12,true failure,0.908273,0.932222,0.499101,0.499444,556x900,RGBA,,canvas|caseW-high,"canvas,caseW-high; PASS_CONTENT from legacy catalog black-background review; human full-resolution review: strong perspective with visible strap underside"
WW967,true failure,0.932707,0.930812,0.499218,0.499539,639x1084,RGBA,,canvas|caseW-high,"canvas,caseW-high; PASS_CONTENT from legacy catalog black-background review; human full-resolution review: strong perspective with curled strap"
WW965,true failure,0.983491,0.992,0.501179,0.504,424x1000,RGBA,,canvas|caseW-high|bboxH-high,"canvas,caseW-high,bboxH-high; PASS_CONTENT from legacy catalog black-background review; human full-resolution review: strong perspective with looped bracelet"
WW972,true failure,0.984746,0.985335,0.499153,0.499083,590x1091,RGBA,,canvas|caseW-high|bboxH-high,"canvas,caseW-high,bboxH-high; PASS_CONTENT from legacy catalog black-background review; human full-resolution review: strong perspective with curled strap"
WW65,true failure,0.981356,1.0,0.499153,0.5,590x1000,RGBA,,canvas|caseW-high|bboxH-high,"canvas,caseW-high,bboxH-high; PASS_CONTENT from legacy catalog black-background review; human full-resolution review: possible severe bracelet distortion"
WW66,true failure,0.984615,1.0,0.500855,0.5,585x1000,RGBA,,canvas|caseW-high|bboxH-high,"canvas,caseW-high,bboxH-high; PASS_CONTENT from legacy catalog black-background review; human full-resolution review: possible severe bracelet distortion"
WW721,true failure,0.982669,0.914679,0.498267,0.463761,577x1090,RGBA,,canvas|caseW-high|case-centre-y,"canvas,caseW-high,case-centre-y; PASS_CONTENT from legacy catalog black-background review; human full-resolution review: head-only presentation with bracelet or strap missing"
WW195,true failure,0.952715,0.999,0.501751,0.5005,571x1000,RGBA,,canvas|caseW-high|bboxH-high,"canvas,caseW-high,bboxH-high; PASS_CONTENT from legacy catalog black-background review; human full-resolution review: strong perspective with visible strap underside"
WL14,true failure,0.892105,0.937,0.498684,0.4985,760x1000,RGBA,,canvas|caseW-high,"canvas,caseW-high; PASS_CONTENT from legacy catalog black-background review; human full-resolution review: strong perspective with curled strap"
WW715,true failure,0.983486,0.994,0.5,0.503,545x1000,RGBA,,canvas|caseW-high|bboxH-high,"canvas,caseW-high,bboxH-high; PASS_CONTENT from legacy catalog black-background review; human full-resolution review: strong perspective with looped bracelet"
WW69,true failure,0.979866,1.0,0.499161,0.5,596x1000,RGBA,,canvas|caseW-high|bboxH-high,"canvas,caseW-high,bboxH-high; PASS_CONTENT from legacy catalog black-background review; human full-resolution review: strong perspective with curled strap"
WW720,true failure,0.98524,0.995,0.5,0.5025,542x1000,RGBA,,canvas|caseW-high|bboxH-high,"canvas,caseW-high,bboxH-high; PASS_CONTENT from legacy catalog black-background review; human full-resolution review: strong perspective with looped bracelet"
WW719,true failure,0.998252,0.978,0.499126,0.498,572x1000,RGBA,,canvas|caseW-high|bboxH-high,"canvas,caseW-high,bboxH-high; PASS_CONTENT from legacy catalog black-background review; human full-resolution review: angled presentation with looped mesh bracelet"
WW595,true failure,0.938571,1.0,0.479286,0.5,700x1000,RGBA,,canvas|caseW-high|bboxH-high,"canvas,caseW-high,bboxH-high; PASS_CONTENT from legacy catalog black-background review; human full-resolution review: strap and case presentation appears damaged or heavily distorted"
WW67,true failure,0.91709,0.934,0.499154,0.5,591x1000,RGBA,,canvas|caseW-high,"canvas,caseW-high; PASS_CONTENT from legacy catalog black-background review; human full-resolution review: strong perspective with curled strap"
W1247,true failure,0.983607,1.0,0.5,0.5,549x900,RGBA,,canvas|caseW-high|bboxH-high,"canvas,caseW-high,bboxH-high; PASS_CONTENT from legacy catalog black-background review; human full-resolution review: strong perspective with curled strap"
WW824,true failure,0.982922,0.997,0.499051,0.4985,527x1000,RGBA,,canvas|caseW-high|bboxH-high,"canvas,caseW-high,bboxH-high; PASS_CONTENT from legacy catalog black-background review; human full-resolution review: strong perspective with looped bracelet"
WW416,true failure,0.983633,1.0,0.498363,0.5,611x1000,RGBA,,canvas|caseW-high|bboxH-high,"canvas,caseW-high,bboxH-high; PASS_CONTENT from legacy catalog black-background review; human full-resolution review: strong perspective with curled strap and visible underside"
W118,true failure,0.983806,1.0,0.496964,0.5,494x900,RGBA,,canvas|caseW-high|bboxH-high,"canvas,caseW-high,bboxH-high; PASS_CONTENT from legacy catalog black-background review; human full-resolution review: strong perspective with curled strap"
W111,true failure,0.983645,1.0,0.501168,0.5,428x900,RGBA,,canvas|caseW-high|bboxH-high,"canvas,caseW-high,bboxH-high; PASS_CONTENT from legacy catalog black-background review; human full-resolution review: strong perspective with looped bracelet"
W1102,true failure,0.980702,0.996667,0.5,0.499444,570x900,RGBA,,canvas|caseW-high|bboxH-high,"canvas,caseW-high,bboxH-high; PASS_CONTENT from legacy catalog black-background review; human full-resolution review: visible strap holes and curled strap underside"
WL7,true failure,0.895385,0.986,0.5,0.503,650x1000,RGBA,,canvas|caseW-high|bboxH-high,"canvas,caseW-high,bboxH-high; PASS_CONTENT from legacy catalog black-background review; human full-resolution review: strong perspective with looped bracelet"
W1240,true failure,0.981516,0.956667,0.5,0.521667,541x900,RGBA,,canvas|caseW-high|bboxH-high,"canvas,caseW-high,bboxH-high; PASS_CONTENT from legacy catalog black-background review; human full-resolution review: exposed NATO keeper hardware"
W1223,true failure,0.98646,0.992222,0.497099,0.500556,517x900,RGBA,,canvas|caseW-high|bboxH-high,"canvas,caseW-high,bboxH-high; PASS_CONTENT from legacy catalog black-background review; human full-resolution review: possible extra or malformed secondary watch component"
WW231,true failure,0.984298,0.987372,0.5,0.499098,1019x1663,RGBA,,canvas|caseW-high|bboxH-high,"canvas,caseW-high,bboxH-high; PASS_CONTENT from legacy catalog black-background review; human full-resolution review: strong perspective with curled strap"
WW404,true failure,0.983582,1.0,0.500746,0.5,670x1000,RGBA,,canvas|caseW-high|bboxH-high,"canvas,caseW-high,bboxH-high; PASS_CONTENT from legacy catalog black-background review; human full-resolution review: strong perspective with curled strap"
W1252,true failure,0.983452,0.992222,0.501182,0.497222,423x900,RGBA,,canvas|caseW-high|bboxH-high,"canvas,caseW-high,bboxH-high; PASS_CONTENT from legacy catalog black-background review; human full-resolution review: strong perspective with looped bracelet"
WW278,true failure,0.987097,1.0,0.501613,0.5,620x1000,RGBA,,canvas|caseW-high|bboxH-high,"canvas,caseW-high,bboxH-high; PASS_CONTENT from legacy catalog black-background review; human full-resolution review: strong perspective with curled strap"
WWN215.92.46.21.01.001,true failure,0.862305,0.90625,0.499512,0.5,1024x1536,RGBA,,caseW-high,caseW-high; PASS_CONTENT from 544-watch individual black-background review; human full-resolution review: exposed NATO keeper hardware
W1131,true failure,0.983666,0.788889,0.500907,0.394444,551x900,RGBA,,canvas|caseW-high|bboxH-low|case-centre-y,"canvas,caseW-high,bboxH-low,case-centre-y; PASS_CONTENT from legacy catalog black-background review; human full-resolution review: head-only presentation with bracelet or strap missing"
WW70,true failure,0.981788,1.0,0.5,0.5,604x1000,RGBA,,canvas|caseW-high|bboxH-high,"canvas,caseW-high,bboxH-high; PASS_CONTENT from legacy catalog black-background review; human full-resolution review: strong perspective with curled strap"
W1199,true failure,0.842857,1.0,0.495,0.5,700x1000,RGBA,,canvas|caseW-high|bboxH-high,"canvas,caseW-high,bboxH-high; PASS_CONTENT from legacy catalog black-background review; human full-resolution review: strong perspective with looped bracelet"
W1243,true failure,0.877408,0.995,0.507005,0.5005,571x1000,RGBA,,canvas|caseW-high|bboxH-high,"canvas,caseW-high,bboxH-high; PASS_CONTENT from legacy catalog black-background review; human full-resolution review: strong perspective with looped bracelet"
W136,true failure,0.985816,0.993333,0.5,0.503333,564x900,RGBA,,canvas|caseW-high|bboxH-high,"canvas,caseW-high,bboxH-high; PASS_CONTENT from legacy catalog black-background review; human full-resolution review: strong perspective with curled strap and visible underside"
W1206,true failure,0.972727,1.0,0.499091,0.5,550x900,RGBA,,canvas|caseW-high|bboxH-high,"canvas,caseW-high,bboxH-high; PASS_CONTENT from legacy catalog black-background review; human full-resolution review: strong perspective with looped bracelet"
WW374,true failure,0.981197,1.0,0.5,0.5,585x1000,RGBA,,canvas|caseW-high|bboxH-high,"canvas,caseW-high,bboxH-high; PASS_CONTENT from legacy catalog black-background review; human full-resolution review: strong perspective with looped bracelet"
WL1,true failure,0.943958,0.985,0.501751,0.5045,571x1000,RGBA,,canvas|caseW-high|bboxH-high,"canvas,caseW-high,bboxH-high; PASS_CONTENT from legacy catalog black-background review; human full-resolution review: strong perspective with looped bracelet"
W159,true failure,0.65332,0.940104,0.51709,0.486328,1024x1536,RGBA,,caseW-low,caseW-low; PASS_CONTENT from legacy catalog black-background review; human full-resolution review: visible strap holes and exposed keeper hardware
W128,true failure,0.985075,0.997778,0.501066,0.501111,469x900,RGBA,,canvas|caseW-high|bboxH-high,"canvas,caseW-high,bboxH-high; PASS_CONTENT from legacy catalog black-background review; human full-resolution review: strong perspective with curled strap and visible underside"
WWNTB0134101M1X1,true failure,0.851562,0.907552,0.5,0.5,1024x1536,RGBA,,caseW-high,caseW-high; PASS_CONTENT from 544-watch individual black-background review; human full-resolution review: visible strap holes
WL11,true failure,0.888889,0.933594,0.499376,0.499609,801x1280,RGBA,,canvas|caseW-high,"canvas,caseW-high; PASS_CONTENT from legacy catalog black-background review; human full-resolution review: strong perspective with curled strap"
W1204,true failure,0.979136,1.0,0.496274,0.5,671x900,RGBA,,canvas|caseW-high|bboxH-high,"canvas,caseW-high,bboxH-high; PASS_CONTENT from legacy catalog black-background review; human full-resolution review: strong perspective with curled strap and visible underside"
W1178,true failure,0.983607,1.0,0.5,0.5,549x900,RGBA,,canvas|caseW-high|bboxH-high,"canvas,caseW-high,bboxH-high; PASS_CONTENT from legacy catalog black-background review; human full-resolution review: strong perspective with looped bracelet"
WW574,true failure,0.986434,1.0,0.500969,0.5,516x1000,RGBA,,canvas|caseW-high|bboxH-high,"canvas,caseW-high,bboxH-high; PASS_CONTENT from legacy catalog black-background review; human full-resolution review: strong perspective with looped bracelet"
W1180,true failure,0.985765,1.0,0.5,0.5,562x900,RGBA,,canvas|caseW-high|bboxH-high,"canvas,caseW-high,bboxH-high; PASS_CONTENT from legacy catalog black-background review; human full-resolution review: strong perspective with curled strap"
WL8,true failure,0.910979,0.966,0.510386,0.501,337x500,RGBA,,canvas|caseW-high|bboxH-high,"canvas,caseW-high,bboxH-high; PASS_CONTENT from legacy catalog black-background review; human full-resolution review: strong perspective with curled strap and visible underside"
W1203,true failure,0.985891,0.813333,0.5,0.593333,567x900,RGBA,,canvas|caseW-high|bboxH-low|case-centre-y,"canvas,caseW-high,bboxH-low,case-centre-y; PASS_CONTENT from legacy catalog black-background review; human full-resolution review: head-only presentation with bracelet or strap substantially missing"
WL10,true failure,0.927971,0.971875,0.506002,0.498437,833x1280,RGBA,,canvas|caseW-high|bboxH-high,"canvas,caseW-high,bboxH-high; PASS_CONTENT from legacy catalog black-background review; human full-resolution review: strong perspective with curled strap and visible underside"
W1163,true failure,0.983516,1.0,0.499084,0.5,546x900,RGBA,,canvas|caseW-high|bboxH-high,"canvas,caseW-high,bboxH-high; PASS_CONTENT from legacy catalog black-background review; human full-resolution review: strong perspective with looped mesh bracelet"
WW825,true failure,0.987037,1.0,0.499074,0.5,540x1000,RGBA,,canvas|caseW-high|bboxH-high,"canvas,caseW-high,bboxH-high; PASS_CONTENT from legacy catalog black-background review; human full-resolution review: strong perspective with curled strap"
W1164,true failure,0.983607,1.0,0.499089,0.5,549x900,RGBA,,canvas|caseW-high|bboxH-high,"canvas,caseW-high,bboxH-high; PASS_CONTENT from legacy catalog black-background review; human full-resolution review: strong perspective with looped mesh bracelet"
W1150,true failure,0.985267,1.0,0.5,0.5,543x900,RGBA,,canvas|caseW-high|bboxH-high,"canvas,caseW-high,bboxH-high; PASS_CONTENT from legacy catalog black-background review; human full-resolution review: strong perspective with looped bracelet"
W1167,true failure,0.981481,1.0,0.498148,0.5,540x900,RGBA,,canvas|caseW-high|bboxH-high,"canvas,caseW-high,bboxH-high; PASS_CONTENT from legacy catalog black-background review; human full-resolution review: strong perspective with curled strap and visible underside"
WW71,true failure,0.981481,1.0,0.498316,0.5,594x1000,RGBA,,canvas|caseW-high|bboxH-high,"canvas,caseW-high,bboxH-high; PASS_CONTENT from legacy catalog black-background review; human full-resolution review: strong perspective with curled rubber strap"
W1237,true failure,0.984914,1.0,0.498922,0.5,464x900,RGBA,,canvas|caseW-high|bboxH-high,"canvas,caseW-high,bboxH-high; PASS_CONTENT from legacy catalog black-background review; human full-resolution review: strong perspective with looped bracelet"
W268,true failure,0.966783,1.0,0.495629,0.5,572x1000,RGBA,,canvas|caseW-high|bboxH-high,"canvas,caseW-high,bboxH-high; PASS_CONTENT from legacy catalog black-background review; human full-resolution review: bracelet appears heavily distorted and angled"
W1162,true failure,0.983957,1.0,0.500891,0.5,561x900,RGBA,,canvas|caseW-high|bboxH-high,"canvas,caseW-high,bboxH-high; PASS_CONTENT from legacy catalog black-background review; human full-resolution review: strong perspective with looped mesh bracelet"
WW917,true failure,0.983278,0.999,0.501672,0.4995,598x1000,RGBA,,canvas|caseW-high|bboxH-high,"canvas,caseW-high,bboxH-high; PASS_CONTENT from legacy catalog black-background review; human full-resolution review: strong perspective with looped bracelet"
W10,true failure,0.984496,1.0,0.5,0.5,516x900,RGBA,,canvas|caseW-high|bboxH-high,"canvas,caseW-high,bboxH-high; PASS_CONTENT from legacy catalog black-background review; human full-resolution review: visible strap holes and curled strap underside"
W130,true failure,0.983568,0.688889,0.501174,0.344444,426x900,RGBA,,canvas|caseW-high|bboxH-low|case-centre-y,"canvas,caseW-high,bboxH-low,case-centre-y; FAIL_CONTENT: incomplete bracelet; lower bracelet is missing; human full-resolution review: incomplete product image; lower bracelet missing"
WW814,true failure,0.984906,1.0,0.5,0.5,530x1000,RGBA,,canvas|caseW-high|bboxH-high,"canvas,caseW-high,bboxH-high; PASS_CONTENT from legacy catalog black-background review; human full-resolution review: strong perspective with looped bracelet"
WW408,true failure,0.981667,1.0,0.5,0.5,600x1000,RGBA,,canvas|caseW-high|bboxH-high,"canvas,caseW-high,bboxH-high; PASS_CONTENT from legacy catalog black-background review; human full-resolution review: strong perspective with curled strap and visible underside"
W1245,true failure,0.981343,1.0,0.5,0.5,536x900,RGBA,,canvas|caseW-high|bboxH-high,"canvas,caseW-high,bboxH-high; PASS_CONTENT from legacy catalog black-background review; human full-resolution review: strong perspective with looped bracelet"
WW868,true failure,0.978548,0.995455,0.5,0.502273,606x1100,RGBA,,canvas|caseW-high|bboxH-high,"canvas,caseW-high,bboxH-high; PASS_CONTENT from legacy catalog black-background review; human full-resolution review: strong perspective with looped bracelet"
W1218,true failure,0.983137,1.0,0.5,0.5,593x900,RGBA,,canvas|caseW-high|bboxH-high,"canvas,caseW-high,bboxH-high; PASS_CONTENT from legacy catalog black-background review; human full-resolution review: exposed NATO keeper hardware and curled strap"
WWN103897,true failure,0.240234,0.906901,0.5,0.500326,1024x1536,RGBA,,caseW-low,caseW-low; PASS_CONTENT from 544-watch individual black-background review; human full-resolution review: severely zoomed-out full-strap presentation
W264,true failure,0.852857,0.999,0.497143,0.5005,700x1000,RGBA,,canvas|caseW-high|bboxH-high,"canvas,caseW-high,bboxH-high; PASS_CONTENT from legacy catalog black-background review; human full-resolution review: strong perspective with looped bracelet"
W11,true failure,0.984556,1.0,0.5,0.5,518x900,RGBA,,canvas|caseW-high|bboxH-high,"canvas,caseW-high,bboxH-high; PASS_CONTENT from legacy catalog black-background review; human full-resolution review: visible strap holes"
W116,true failure,0.981481,1.0,0.5,0.5,540x900,RGBA,,canvas|caseW-high|bboxH-high,"canvas,caseW-high,bboxH-high; PASS_CONTENT from legacy catalog black-background review; human full-resolution review: strong perspective with looped bracelet"
WW447,true failure,0.987654,1.0,0.5,0.5,648x1000,RGBA,,canvas|caseW-high|bboxH-high,"canvas,caseW-high,bboxH-high; PASS_CONTENT from legacy catalog black-background review; human full-resolution review: strong perspective with looped bracelet"
WW573,true failure,0.986538,1.0,0.499038,0.5,520x1000,RGBA,,canvas|caseW-high|bboxH-high,"canvas,caseW-high,bboxH-high; PASS_CONTENT from legacy catalog black-background review; human full-resolution review: strong perspective with looped bracelet"
WW465,true failure,0.984152,1.0,0.498415,0.5,631x1000,RGBA,,canvas|caseW-high|bboxH-high,"canvas,caseW-high,bboxH-high; PASS_CONTENT from legacy catalog black-background review; human full-resolution review: strong perspective with looped bracelet"
WW624,true failure,0.979933,0.979167,0.5,0.510417,598x816,RGBA,,canvas|caseW-high|bboxH-high,"canvas,caseW-high,bboxH-high; PASS_CONTENT from legacy catalog black-background review; human full-resolution review: strong perspective with curled strap and visible underside"
W1207,true failure,0.84,1.0,0.482857,0.5,700x1000,RGBA,,canvas|caseW-high|bboxH-high,"canvas,caseW-high,bboxH-high; PASS_CONTENT from legacy catalog black-background review; human full-resolution review: strong perspective with looped bracelet"
W1220,true failure,0.987013,0.993333,0.5,0.503333,462x900,RGBA,,canvas|caseW-high|bboxH-high,"canvas,caseW-high,bboxH-high; PASS_CONTENT from legacy catalog black-background review; human full-resolution review: strong perspective with looped bracelet"
WW340,true failure,0.956607,1.0,0.515779,0.5,507x1000,RGBA,,canvas|caseW-high|bboxH-high,"canvas,caseW-high,bboxH-high; PASS_CONTENT from legacy catalog black-background review; human full-resolution review: strong perspective with curled strap and visible underside"
WWN388563-3005,true failure,0.271484,0.90625,0.5,0.5,1024x1536,RGBA,,caseW-low,caseW-low; PASS_CONTENT from 544-watch individual black-background review; human full-resolution review: severely zoomed-out full-strap presentation
W1219,true failure,1.0,1.0,0.5,0.5,514x900,RGBA,,canvas|caseW-high|bboxH-high,"canvas,caseW-high,bboxH-high; PASS_CONTENT from legacy catalog black-background review; human full-resolution review: strong perspective with looped mesh bracelet"
W1208,true failure,0.865714,1.0,0.472857,0.5,700x1000,RGBA,,canvas|caseW-high|bboxH-high,"canvas,caseW-high,bboxH-high; PASS_CONTENT from legacy catalog black-background review; human full-resolution review: strong perspective with looped bracelet"
WWN310.32.42.50.01.001,true failure,0.835938,0.907552,0.5,0.5,1024x1536,RGBA,,caseW-high,caseW-high; PASS_CONTENT from 544-watch individual black-background review; human full-resolution review: exposed NATO keeper hardware
W1137,true failure,0.851429,1.0,0.5,0.5,700x1000,RGBA,,canvas|caseW-high|bboxH-high,"canvas,caseW-high,bboxH-high; PASS_CONTENT from legacy catalog black-background review; human full-resolution review: bracelet and cutout appear visibly damaged"
WW512,true failure,0.982114,1.0,0.500813,0.5,615x1000,RGBA,,canvas|caseW-high|bboxH-high,"canvas,caseW-high,bboxH-high; PASS_CONTENT from legacy catalog black-background review; human full-resolution review: possible excessive bracelet perspective"
WW511,true failure,0.983471,1.0,0.501653,0.5,605x1000,RGBA,,canvas|caseW-high|bboxH-high,"canvas,caseW-high,bboxH-high; PASS_CONTENT from legacy catalog black-background review; human full-resolution review: possible excessive bracelet perspective"
WW387,true failure,0.91145,0.996,0.535115,0.502,655x1000,RGBA,,canvas|caseW-high|bboxH-high|case-centre-x,"canvas,caseW-high,bboxH-high,case-centre-x; PASS_CONTENT from legacy catalog black-background review; human full-resolution review: strong perspective with curled strap and visible underside"
W262,true failure,0.855714,1.0,0.507857,0.5,700x1000,RGBA,,canvas|caseW-high|bboxH-high,"canvas,caseW-high,bboxH-high; PASS_CONTENT from legacy catalog black-background review; human full-resolution review: strong perspective with curled strap"
W1368,true failure,0.981413,1.0,0.5,0.5,538x900,RGBA,,canvas|caseW-high|bboxH-high,"canvas,caseW-high,bboxH-high; PASS_CONTENT from legacy catalog black-background review; human full-resolution review: strong perspective with curled strap"
WW352,true failure,0.883683,0.934,0.5,0.5,619x1000,RGBA,,canvas|caseW-high,"canvas,caseW-high; PASS_CONTENT from legacy catalog black-background review; human full-resolution review: strong perspective with curled strap and visible underside"
W1158,true failure,0.829749,0.933333,0.499104,0.5,558x900,RGBA,,canvas,canvas; PASS_CONTENT from legacy catalog black-background review; human full-resolution review: visible strap holes
W1103,true failure,0.986517,1.0,0.5,0.5,445x900,RGBA,,canvas|caseW-high|bboxH-high,"canvas,caseW-high,bboxH-high; PASS_CONTENT from legacy catalog black-background review; human full-resolution review: strong perspective with looped bracelet"
WW466,true failure,0.985871,1.0,0.500785,0.5,637x1000,RGBA,,canvas|caseW-high|bboxH-high,"canvas,caseW-high,bboxH-high; PASS_CONTENT from legacy catalog black-background review; human full-resolution review: strong perspective with looped bracelet"
W117,true failure,0.986231,1.0,0.5,0.5,581x900,RGBA,,canvas|caseW-high|bboxH-high,"canvas,caseW-high,bboxH-high; PASS_CONTENT from legacy catalog black-background review; human full-resolution review: strong perspective with curled strap"
WL19,true failure,0.904509,0.934375,0.5,0.499219,754x1280,RGBA,,canvas|caseW-high,"canvas,caseW-high; PASS_CONTENT from legacy catalog black-background review; human full-resolution review: strong perspective with curled strap and visible buckle hardware"
WW61,true failure,0.985222,0.985873,0.500821,0.5,609x991,RGBA,,canvas|caseW-high|bboxH-high,"canvas,caseW-high,bboxH-high; PASS_CONTENT from legacy catalog black-background review; human full-resolution review: strong perspective with curled strap and visible underside"
WW14,true failure,0.847143,0.997,0.497857,0.5005,700x1000,RGBA,,canvas|caseW-high|bboxH-high,"canvas,caseW-high,bboxH-high; PASS_CONTENT from legacy catalog black-background review; human full-resolution review: strong perspective with curled strap and visible underside"
W1191,true failure,0.985124,1.0,0.499174,0.5,605x900,RGBA,,canvas|caseW-high|bboxH-high,"canvas,caseW-high,bboxH-high; PASS_CONTENT from legacy catalog black-background review; human full-resolution review: strong perspective with curled rubber strap"
W280,true failure,0.982487,0.988,0.5,0.5,571x1000,RGBA,,canvas|caseW-high|bboxH-high,"canvas,caseW-high,bboxH-high; PASS_CONTENT from legacy catalog black-background review; human full-resolution review: possible bracelet or cutout damage at upper edge"
W1184,true failure,0.951768,0.986667,0.483923,0.493333,622x900,RGBA,,canvas|caseW-high|bboxH-high,"canvas,caseW-high,bboxH-high; PASS_CONTENT from legacy catalog black-background review; human full-resolution review: head-only presentation with severe clipping or missing strap"
W1383,true failure,0.980932,0.985556,0.498941,0.499444,472x900,RGBA,,canvas|caseW-high|bboxH-high,"canvas,caseW-high,bboxH-high; PASS_CONTENT from legacy catalog black-background review; human full-resolution review: strong perspective with looped bracelet"
W141,true failure,0.676758,0.911458,0.513184,0.486328,1024x1536,RGBA,,caseW-low,caseW-low; PASS_CONTENT from legacy catalog black-background review; human full-resolution review: visible strap holes
W286,true failure,0.848571,1.0,0.512857,0.5,700x1000,RGBA,,canvas|caseW-high|bboxH-high,"canvas,caseW-high,bboxH-high; PASS_CONTENT from legacy catalog black-background review; human full-resolution review: strong perspective with curled rubber strap"
W1484,true failure,0.606445,0.908203,0.522949,0.49056,1024x1536,RGBA,,caseW-low,caseW-low; PASS_CONTENT from legacy catalog black-background review; human full-resolution review: exposed NATO keeper hardware
W1114,true failure,0.983333,1.0,0.500926,0.5,540x900,RGBA,,canvas|caseW-high|bboxH-high,"canvas,caseW-high,bboxH-high; PASS_CONTENT from legacy catalog black-background review; human full-resolution review: strong perspective with looped bracelet"
W122,true failure,0.985612,1.0,0.5,0.5,556x900,RGBA,,canvas|caseW-high|bboxH-high,"canvas,caseW-high,bboxH-high; PASS_CONTENT from legacy catalog black-background review; human full-resolution review: strong perspective with curled rubber strap"
W1352,true failure,0.983425,1.0,0.500921,0.5,543x900,RGBA,,canvas|caseW-high|bboxH-high,"canvas,caseW-high,bboxH-high; PASS_CONTENT from legacy catalog black-background review; human full-resolution review: strong perspective with looped bracelet"
WW675,true failure,0.930902,0.971,0.473129,0.4975,521x1000,RGBA,,canvas|caseW-high|bboxH-high,"canvas,caseW-high,bboxH-high; PASS_CONTENT from legacy catalog black-background review; human full-resolution review: strong perspective with looped bracelet"
WW341,true failure,0.992995,1.0,0.501751,0.5,571x1000,RGBA,,canvas|caseW-high|bboxH-high,"canvas,caseW-high,bboxH-high; PASS_CONTENT from legacy catalog black-background review; human full-resolution review: strong perspective with curled strap"
WWN428.17.26.60.04.009,true failure,0.410156,0.911458,0.5,0.5,1024x1536,RGBA,,caseW-low,caseW-low; PASS_CONTENT from 544-watch individual black-background review; human full-resolution review: severely zoomed-out full-strap presentation
WL15,true failure,0.889667,0.979,0.481611,0.5005,571x1000,RGBA,,canvas|caseW-high|bboxH-high,"canvas,caseW-high,bboxH-high; PASS_CONTENT from legacy catalog black-background review; human full-resolution review: strong perspective with looped bracelet"
WW714,true failure,0.984155,0.984663,0.49912,0.499489,568x978,RGBA,,canvas|caseW-high|bboxH-high,"canvas,caseW-high,bboxH-high; PASS_CONTENT from legacy catalog black-background review; human full-resolution review: strong perspective with full looped bracelet"
W1104,true failure,0.980496,1.0,0.5,0.5,564x900,RGBA,,canvas|caseW-high|bboxH-high,"canvas,caseW-high,bboxH-high; PASS_CONTENT from legacy catalog black-background review; human full-resolution review: strong perspective with curled strap and visible underside"
W265,true failure,0.915,0.994,0.4975,0.5,600x1000,RGBA,,canvas|caseW-high|bboxH-high,"canvas,caseW-high,bboxH-high; PASS_CONTENT from legacy catalog black-background review; human full-resolution review: strong perspective with looped bracelet"
W1282,true failure,0.987448,1.0,0.5,0.5,478x900,RGBA,,canvas|caseW-high|bboxH-high,"canvas,caseW-high,bboxH-high; PASS_CONTENT from legacy catalog black-background review; human full-resolution review: strong perspective with curled strap and visible underside"
WW866,true failure,0.989091,0.986882,0.498182,0.501514,550x991,RGBA,,canvas|caseW-high|bboxH-high,"canvas,caseW-high,bboxH-high; PASS_CONTENT from legacy catalog black-background review; human full-resolution review: strong perspective with looped bracelet"
W295,true failure,0.793345,0.944,0.47373,0.499,571x1000,RGBA,,canvas,canvas; PASS_CONTENT from legacy catalog black-background review; human full-resolution review: strong perspective with full looped bracelet
W1100,true failure,0.998051,1.0,0.500975,0.5,513x900,RGBA,,canvas|caseW-high|bboxH-high,"canvas,caseW-high,bboxH-high; PASS_CONTENT from legacy catalog black-background review; human full-resolution review: strong perspective with curled rubber strap"
WW117,true failure,0.785714,0.989,0.491429,0.5005,700x1000,RGBA,,canvas|bboxH-high,"canvas,bboxH-high; PASS_CONTENT from legacy catalog black-background review; human full-resolution review: strong perspective with curled strap and visible underside"
W1293,true failure,0.768448,0.734444,0.394402,0.386111,393x900,RGBA,,canvas|bboxH-low|case-centre-x|case-centre-y,"canvas,bboxH-low,case-centre-x,case-centre-y; PASS_CONTENT from legacy catalog black-background review; human full-resolution review: head-only or incomplete strap presentation"
W1382,true failure,0.983015,0.992222,0.5,0.503889,471x900,RGBA,,canvas|caseW-high|bboxH-high,"canvas,caseW-high,bboxH-high; PASS_CONTENT from legacy catalog black-background review; human full-resolution review: strong perspective with looped bracelet"
WWNL3.821.4.53.9,true failure,0.754883,0.907552,0.499512,0.5,1024x1536,RGBA,,,FAIL_CONTENT: exposed NATO keeper hardware does not match the approved presentation; human full-resolution review: full NATO strap hardware visible
W1308,true failure,0.930233,0.982202,0.501661,0.5,301x899,RGBA,,canvas|caseW-high|bboxH-high,"canvas,caseW-high,bboxH-high; PASS_CONTENT from legacy catalog black-background review; human full-resolution review: strong perspective with curled strap and visible underside"
WWN01 400 7772 4054-07 5 20 82,true failure,0.319336,0.909505,0.500488,0.500977,1024x1536,RGBA,,caseW-low,caseW-low; PASS_CONTENT from 544-watch individual black-background review; human full-resolution review: severely zoomed-out full-strap presentation
W235,true failure,0.987741,0.99,0.499124,0.501,571x1000,RGBA,,canvas|caseW-high|bboxH-high,"canvas,caseW-high,bboxH-high; PASS_CONTENT from legacy catalog black-background review; human full-resolution review: visible strap holes and strong perspective"
W261,true failure,0.803853,0.987,0.503503,0.5015,571x1000,RGBA,,canvas|bboxH-high,"canvas,bboxH-high; PASS_CONTENT from legacy catalog black-background review; human full-resolution review: upper bracelet and cutout appear visibly damaged"
W299,true failure,0.844133,0.993,0.490368,0.4995,571x1000,RGBA,,canvas|caseW-high|bboxH-high,"canvas,caseW-high,bboxH-high; PASS_CONTENT from legacy catalog black-background review; human full-resolution review: strong perspective with looped bracelet"
W1269,true failure,0.984526,0.984444,0.5,0.501111,517x900,RGBA,,canvas|caseW-high|bboxH-high,"canvas,caseW-high,bboxH-high; PASS_CONTENT from legacy catalog black-background review; human full-resolution review: strong perspective with looped bracelet"
W259,true failure,0.933333,1.0,0.498333,0.5,600x1000,RGBA,,canvas|caseW-high|bboxH-high,"canvas,caseW-high,bboxH-high; PASS_CONTENT from legacy catalog black-background review; human full-resolution review: upper bracelet and cutout appear visibly damaged"
WW684,true failure,0.912811,0.933,0.49911,0.5005,562x1000,RGBA,,canvas|caseW-high,"canvas,caseW-high; PASS_CONTENT from legacy catalog black-background review; human full-resolution review: strong perspective with curled strap and visible underside"
W297,true failure,0.833625,0.985,0.495622,0.5015,571x1000,RGBA,,canvas|caseW-high|bboxH-high,"canvas,caseW-high,bboxH-high; PASS_CONTENT from legacy catalog black-background review; human full-resolution review: strong perspective with looped bracelet"
WW746,true failure,0.975482,1.0,0.49387,0.5,571x1000,RGBA,,canvas|caseW-high|bboxH-high,"canvas,caseW-high,bboxH-high; PASS_CONTENT from legacy catalog black-background review; human full-resolution review: strong perspective with curled strap and visible underside"
W277,true failure,0.84063,0.989,0.50613,0.5005,571x1000,RGBA,,canvas|caseW-high|bboxH-high,"canvas,caseW-high,bboxH-high; PASS_CONTENT from legacy catalog black-background review; human full-resolution review: strong perspective with looped bracelet"
W1528,true failure,0.98008,1.0,0.5,0.5,502x900,RGBA,,canvas|caseW-high|bboxH-high,"canvas,caseW-high,bboxH-high; PASS_CONTENT from legacy catalog black-background review; human full-resolution review: strong perspective with curled strap and visible underside"
W1485,true failure,0.725586,0.951823,0.506348,0.491536,1024x1536,RGBA,,caseW-low|bboxH-high,"caseW-low,bboxH-high; PASS_CONTENT from legacy catalog black-background review; human full-resolution review: exposed NATO keeper hardware"
WWNWAY208D.FC8221,true failure,0.767578,0.907552,0.5,0.5,1024x1536,RGBA,,,FAIL_CONTENT: exposed NATO keeper and buckle hardware does not match the approved presentation; human full-resolution review: full NATO strap hardware visible
W1529,true failure,0.984762,0.982222,0.499048,0.5,525x900,RGBA,,canvas|caseW-high|bboxH-high,"canvas,caseW-high,bboxH-high; PASS_CONTENT from legacy catalog black-background review; human full-resolution review: strong perspective with curled strap and visible underside"
WW812,true failure,0.981132,0.99,0.5,0.502,530x1000,RGBA,,canvas|caseW-high|bboxH-high,"canvas,caseW-high,bboxH-high; PASS_CONTENT from legacy catalog black-background review; human full-resolution review: strong perspective with looped bracelet"
WL55,true failure,0.798571,1.0,0.490714,0.5,700x1000,RGBA,,canvas|bboxH-high,"canvas,bboxH-high; PASS_CONTENT from legacy catalog black-background review; human full-resolution review: strong perspective with looped bracelet and possible cutout damage"
WL40,true failure,0.852857,1.0,0.501429,0.5,700x1000,RGBA,,canvas|caseW-high|bboxH-high,"canvas,caseW-high,bboxH-high; PASS_CONTENT from legacy catalog black-background review; human full-resolution review: upper bracelet and cutout appear visibly damaged"
WW745,true failure,0.985714,0.994,0.5,0.503,560x1000,RGBA,,canvas|caseW-high|bboxH-high,"canvas,caseW-high,bboxH-high; PASS_CONTENT from legacy catalog black-background review; human full-resolution review: strong perspective with looped bracelet"
WW572,true failure,0.984472,1.0,0.5,0.5,644x1000,RGBA,,canvas|caseW-high|bboxH-high,"canvas,caseW-high,bboxH-high; PASS_CONTENT from legacy catalog black-background review; human full-resolution review: upper bracelet appears clipped or damaged"
WL46,true failure,0.754286,0.934,0.5,0.5,700x1000,RGBA,,canvas,canvas; PASS_CONTENT from legacy catalog black-background review; human full-resolution review: exposed NATO keeper and loose-tail hardware
WL53,true failure,0.855714,1.0,0.507857,0.5,700x1000,RGBA,,canvas|caseW-high|bboxH-high,"canvas,caseW-high,bboxH-high; PASS_CONTENT from legacy catalog black-background review; human full-resolution review: strong perspective with looped bracelet"
WL56,true failure,0.805714,1.0,0.481429,0.5,700x1000,RGBA,,canvas|bboxH-high,"canvas,bboxH-high; PASS_CONTENT from legacy catalog black-background review; human full-resolution review: strong perspective with looped bracelet"
WL38,true failure,0.949384,0.985938,0.50342,0.501563,731x1280,RGBA,,canvas|caseW-high|bboxH-high,"canvas,caseW-high,bboxH-high; PASS_CONTENT from legacy catalog black-background review; human full-resolution review: strong perspective with looped bracelet"
W1295,true failure,0.977465,1.0,0.498592,0.5,355x900,RGBA,,canvas|caseW-high|bboxH-high,"canvas,caseW-high,bboxH-high; PASS_CONTENT from legacy catalog black-background review; human full-resolution review: strong perspective with looped bracelet"
CR801313BUCBUICO,true failure,0.263672,0.907552,0.5,0.5,1024x1536,RGBA,,caseW-low,caseW-low; PASS_CONTENT from 544-watch individual black-background review; human full-resolution review: severely zoomed-out full-strap presentation
WL54,true failure,0.844286,1.0,0.495,0.5,700x1000,RGBA,,canvas|caseW-high|bboxH-high,"canvas,caseW-high,bboxH-high; PASS_CONTENT from legacy catalog black-background review; human full-resolution review: strong perspective with looped NATO strap"
WW626,true failure,0.867572,0.934,0.5,0.5,589x1000,RGBA,,canvas|caseW-high,"canvas,caseW-high; PASS_CONTENT from legacy catalog black-background review; human full-resolution review: strong perspective with full looped bracelet"
W1266,true failure,0.969444,1.0,0.501389,0.5,360x900,RGBA,,canvas|caseW-high|bboxH-high,"canvas,caseW-high,bboxH-high; PASS_CONTENT from legacy catalog black-background review; human full-resolution review: strong perspective with curled strap and visible underside"
W1265,true failure,0.976945,1.0,0.5,0.5,347x900,RGBA,,canvas|caseW-high|bboxH-high,"canvas,caseW-high,bboxH-high; PASS_CONTENT from legacy catalog black-background review; human full-resolution review: strong perspective with curled strap and visible underside"
WW877,true failure,0.982759,0.989091,0.500958,0.499091,522x1100,RGBA,,canvas|caseW-high|bboxH-high,"canvas,caseW-high,bboxH-high; PASS_CONTENT from legacy catalog black-background review; human full-resolution review: strong perspective with looped bracelet"
WL60,true failure,0.991243,0.976,0.499124,0.498,571x1000,RGBA,,canvas|caseW-high|bboxH-high,"canvas,caseW-high,bboxH-high; PASS_CONTENT from legacy catalog black-background review; human full-resolution review: strong perspective with looped NATO strap"
WL58,true failure,0.83,1.0,0.497143,0.5,700x1000,RGBA,,canvas|bboxH-high,"canvas,bboxH-high; PASS_CONTENT from legacy catalog black-background review; human full-resolution review: strong perspective with curled strap"
W298,true failure,0.871429,1.0,0.496429,0.5,700x1000,RGBA,,canvas|caseW-high|bboxH-high,"canvas,caseW-high,bboxH-high; PASS_CONTENT from legacy catalog black-background review; human full-resolution review: upper bracelet and cutout appear visibly damaged"
WWN01 400 7763 4135-07 8 24 09PEB,true failure,0.410156,0.909505,0.5,0.499023,1024x1536,RGBA,,caseW-low,caseW-low; PASS_CONTENT from 544-watch individual black-background review; human full-resolution review: severely zoomed-out full-bracelet presentation
WL76,true failure,0.837432,0.996094,0.499317,0.501953,732x1280,RGBA,,canvas|caseW-high|bboxH-high,"canvas,caseW-high,bboxH-high; PASS_CONTENT from legacy catalog black-background review; human full-resolution review: strong perspective with looped bracelet"
W1326,true failure,0.981865,0.661111,0.501295,0.338333,386x900,RGBA,,canvas|caseW-high|bboxH-low|case-centre-y,"canvas,caseW-high,bboxH-low,case-centre-y; FAIL_CONTENT: incomplete bracelet; lower bracelet is missing; human full-resolution review: incomplete product image; lower bracelet missing"
CRH77616533,true failure,0.84668,0.897135,0.5,0.5,1024x1536,RGBA,,caseW-high,caseW-high; PASS_CONTENT from 544-watch individual black-background review; human full-resolution review: large exposed strap rivets
WWNL3.374.4.40.2,true failure,0.711914,0.907552,0.5,0.5,1024x1536,RGBA,,caseW-low,caseW-low; PASS_CONTENT from 544-watch individual black-background review; human full-resolution review: exposed NATO keeper hardware
WL70,true failure,0.789842,0.988,0.512259,0.5,571x1000,RGBA,,canvas|bboxH-high,"canvas,bboxH-high; PASS_CONTENT from legacy catalog black-background review; human full-resolution review: strong perspective with looped bracelet"
WWNL2.828.4.53.2,true failure,0.285156,0.906901,0.5,0.499674,1024x1536,RGBA,,caseW-low,caseW-low; PASS_CONTENT from 544-watch individual black-background review; human full-resolution review: severely zoomed-out full-strap presentation
W1426,true failure,0.976471,1.0,0.5,0.5,340x900,RGBA,,canvas|caseW-high|bboxH-high,"canvas,caseW-high,bboxH-high; PASS_CONTENT from legacy catalog black-background review; human full-resolution review: strong perspective with looped bracelet"
W1348,true failure,0.97619,0.982222,0.5,0.5,252x900,RGBA,,canvas|caseW-high|bboxH-high,"canvas,caseW-high,bboxH-high; PASS_CONTENT from legacy catalog black-background review; human full-resolution review: strong perspective with looped bracelet"
WL72,true failure,0.768827,0.994,0.521016,0.5,571x1000,RGBA,,canvas|bboxH-high,"canvas,bboxH-high; PASS_CONTENT from legacy catalog black-background review; human full-resolution review: strong perspective with curled strap and visible underside"
WWN01 751 7761 4187-SET,true failure,0.804688,0.906901,0.5,0.499674,1024x1536,RGBA,,,FAIL_CONTENT: exposed NATO keeper hardware does not match the approved presentation; human full-resolution review: full NATO strap hardware visible
WW672,true failure,0.98574,0.994,0.5,0.503,561x1000,RGBA,,canvas|caseW-high|bboxH-high,"canvas,caseW-high,bboxH-high; PASS_CONTENT from legacy catalog black-background review; human full-resolution review: strong perspective with looped bracelet"
W1396,true failure,0.970315,0.983333,0.5,0.500556,539x900,RGBA,,canvas|caseW-high|bboxH-high,"canvas,caseW-high,bboxH-high; PASS_CONTENT from legacy catalog black-background review; human full-resolution review: strong perspective with curled strap and visible underside"
WW483,true failure,0.829457,0.933,0.5,0.5005,516x1000,RGBA,,canvas,canvas; PASS_CONTENT from legacy catalog black-background review; human full-resolution review: strong perspective with curled strap
WW480,true failure,0.985743,0.985075,0.498982,0.498934,491x938,RGBA,,canvas|caseW-high|bboxH-high,"canvas,caseW-high,bboxH-high; PASS_CONTENT from legacy catalog black-background review; human full-resolution review: strong perspective with curled strap and visible underside"
WW650,true failure,0.926692,0.966292,0.527256,0.490296,532x979,RGBA,,canvas|caseW-high|bboxH-high,"canvas,caseW-high,bboxH-high; PASS_CONTENT from legacy catalog black-background review; human full-resolution review: strong perspective with curled strap and visible underside"
WL92,true failure,0.933921,0.959375,0.502203,0.501563,908x1280,RGBA,,canvas|caseW-high|bboxH-high,"canvas,caseW-high,bboxH-high; PASS_CONTENT from legacy catalog black-background review; human full-resolution review: strong perspective with looped bracelet"
WL78,true failure,0.838879,0.981,0.498249,0.5015,571x1000,RGBA,,canvas|caseW-high|bboxH-high,"canvas,caseW-high,bboxH-high; PASS_CONTENT from legacy catalog black-background review; human full-resolution review: strong perspective with looped bracelet"
W251,true failure,0.955903,0.983594,0.502134,0.498047,703x1280,RGBA,,canvas|caseW-high|bboxH-high,"canvas,caseW-high,bboxH-high; PASS_CONTENT from legacy catalog black-background review; human full-resolution review: strong perspective with curled strap and visible underside"
WW976,true failure,0.980831,0.985714,0.499201,0.499451,626x910,RGBA,,canvas|caseW-high|bboxH-high,"canvas,caseW-high,bboxH-high; PASS_CONTENT from legacy catalog black-background review; human full-resolution review: strong perspective with curled rubber strap"
WL65,true failure,0.886364,0.983,0.493881,0.5015,572x1000,RGBA,,canvas|caseW-high|bboxH-high,"canvas,caseW-high,bboxH-high; PASS_CONTENT from legacy catalog black-background review; human full-resolution review: strong perspective with curled strap"
WW556,true failure,0.96355,1.0,0.489699,0.5,631x1000,RGBA,,canvas|caseW-high|bboxH-high,"canvas,caseW-high,bboxH-high; PASS_CONTENT from legacy catalog black-background review; human full-resolution review: upper bracelet and cutout appear visibly damaged"
WL84,true failure,0.845884,0.977,0.528021,0.5005,571x1000,RGBA,,canvas|caseW-high|bboxH-high,"canvas,caseW-high,bboxH-high; PASS_CONTENT from legacy catalog black-background review; human full-resolution review: strong perspective with looped mesh bracelet"
WW312,true failure,0.985938,1.0,0.500781,0.5,640x1000,RGBA,,canvas|caseW-high|bboxH-high,"canvas,caseW-high,bboxH-high; PASS_CONTENT from legacy catalog black-background review; human full-resolution review: strong perspective with curled smartwatch strap"
WL71,true failure,0.944286,1.0,0.506429,0.5,700x1000,RGBA,,canvas|caseW-high|bboxH-high,"canvas,caseW-high,bboxH-high; PASS_CONTENT from legacy catalog black-background review; human full-resolution review: strong perspective with curled rubber strap"
W1502,true failure,0.98583,0.984444,0.501012,0.501111,494x900,RGBA,,canvas|caseW-high|bboxH-high,"canvas,caseW-high,bboxH-high; PASS_CONTENT from legacy catalog black-background review; human full-resolution review: strong perspective with curled strap and visible underside"
WL77,true failure,0.793434,0.979688,0.4829,0.5,731x1280,RGBA,,canvas|bboxH-high,"canvas,bboxH-high; PASS_CONTENT from legacy catalog black-background review; human full-resolution review: strong perspective with looped bracelet"
W1468,true failure,0.985401,1.0,0.5,0.5,411x900,RGBA,,canvas|caseW-high|bboxH-high,"canvas,caseW-high,bboxH-high; PASS_CONTENT from legacy catalog black-background review; human full-resolution review: strong perspective with looped bracelet"
W20,true failure,0.84668,0.979818,0.469238,0.491862,1024x1536,RGBA,,caseW-high|bboxH-high|case-centre-x,"caseW-high,bboxH-high,case-centre-x; PASS_CONTENT from legacy catalog black-background review; human full-resolution review: large exposed strap rivets"
W1280,true failure,0.964664,0.983333,0.498233,0.500556,283x900,RGBA,,canvas|caseW-high|bboxH-high,"canvas,caseW-high,bboxH-high; PASS_CONTENT from legacy catalog black-background review; human full-resolution review: strong perspective with curled strap"
W1312,true failure,0.953125,0.995556,0.5,0.502222,320x900,RGBA,,canvas|caseW-high|bboxH-high,"canvas,caseW-high,bboxH-high; PASS_CONTENT from legacy catalog black-background review; human full-resolution review: strong perspective with looped bracelet"
WL31,true failure,0.577933,0.934,0.518389,0.504,571x1000,RGBA,,canvas|caseW-low,"canvas,caseW-low; PASS_CONTENT from legacy catalog black-background review; human full-resolution review: strong perspective with curled strap"
W246,true failure,0.892272,0.938281,0.501756,0.498047,854x1280,RGBA,,canvas|caseW-high,"canvas,caseW-high; PASS_CONTENT from legacy catalog black-background review; human full-resolution review: strong perspective with full looped leather strap"
W1534,true failure,0.989224,0.986667,0.503233,0.498889,464x900,RGBA,,canvas|caseW-high|bboxH-high,"canvas,caseW-high,bboxH-high; PASS_CONTENT from legacy catalog black-background review; human full-resolution review: strong perspective with looped bracelet"
WL50,true failure,0.728546,1.0,0.496497,0.5,571x1000,RGBA,,canvas|caseW-low|bboxH-high,"canvas,caseW-low,bboxH-high; PASS_CONTENT from legacy catalog black-background review; human full-resolution review: strong perspective with looped bracelet"
W1543,true failure,0.975207,1.0,0.498623,0.5,363x900,RGBA,,canvas|caseW-high|bboxH-high,"canvas,caseW-high,bboxH-high; PASS_CONTENT from legacy catalog black-background review; human full-resolution review: strong perspective with looped bracelet"
W239,true failure,0.916553,0.983594,0.499316,0.501953,731x1280,RGBA,,canvas|caseW-high|bboxH-high,"canvas,caseW-high,bboxH-high; PASS_CONTENT from legacy catalog black-background review; human full-resolution review: strong perspective with looped bracelet"
W1294,true failure,0.913725,1.0,0.505882,0.5,510x900,RGBA,,canvas|caseW-high|bboxH-high,"canvas,caseW-high,bboxH-high; PASS_CONTENT from legacy catalog black-background review; human full-resolution review: strap appears severely distorted"
W1395,true failure,0.983133,1.0,0.501205,0.5,415x900,RGBA,,canvas|caseW-high|bboxH-high,"canvas,caseW-high,bboxH-high; PASS_CONTENT from legacy catalog black-background review; human full-resolution review: strong perspective with looped bracelet"
WW184,true failure,0.912434,0.934,0.499124,0.5,571x1000,RGBA,,canvas|caseW-high,"canvas,caseW-high; PASS_CONTENT from legacy catalog black-background review; human full-resolution review: strong perspective with curled strap"
WW488,true failure,0.980676,0.986,0.502415,0.5,414x1000,RGBA,,canvas|caseW-high|bboxH-high,"canvas,caseW-high,bboxH-high; PASS_CONTENT from legacy catalog black-background review; human full-resolution review: strong perspective with looped bracelet"
W1263,true failure,0.983908,1.0,0.498851,0.5,435x900,RGBA,,canvas|caseW-high|bboxH-high,"canvas,caseW-high,bboxH-high; PASS_CONTENT from legacy catalog black-background review; human full-resolution review: strong perspective with looped bracelet"
WWNH32506730,true failure,0.785156,0.906901,0.5,0.500326,1024x1536,RGBA,,,FAIL_CONTENT: case is not dead-on; visible three-quarter perspective; human full-resolution review: watch shown around a display cushion/support
WW725,true failure,0.977316,0.812965,0.499055,0.593518,529x941,RGBA,,canvas|caseW-high|bboxH-low|case-centre-y,"canvas,caseW-high,bboxH-low,case-centre-y; PASS_CONTENT from legacy catalog black-background review; human full-resolution review: strong perspective with looped bracelet"
W231,true failure,0.987741,0.979,0.499124,0.5005,571x1000,RGBA,,canvas|caseW-high|bboxH-high,"canvas,caseW-high,bboxH-high; PASS_CONTENT from legacy catalog black-background review; human full-resolution review: strong perspective with full looped strap"
W1364,true failure,0.943026,1.0,0.481336,0.5,509x900,RGBA,,canvas|caseW-high|bboxH-high,"canvas,caseW-high,bboxH-high; PASS_CONTENT from legacy catalog black-background review; human full-resolution review: strong perspective with full looped strap"
W1346,true failure,0.985656,1.0,0.501025,0.5,488x900,RGBA,,canvas|caseW-high|bboxH-high,"canvas,caseW-high,bboxH-high; PASS_CONTENT from legacy catalog black-background review; human full-resolution review: strong perspective with looped bracelet"
WL90,true failure,0.891419,0.973,0.5,0.5035,571x1000,RGBA,,canvas|caseW-high|bboxH-high,"canvas,caseW-high,bboxH-high; PASS_CONTENT from legacy catalog black-background review; human full-resolution review: strong perspective with looped bracelet"
WL80,true failure,0.926129,0.979688,0.501368,0.501563,731x1280,RGBA,,canvas|caseW-high|bboxH-high,"canvas,caseW-high,bboxH-high; PASS_CONTENT from legacy catalog black-background review; human full-resolution review: strong perspective with looped bracelet"
WL83,true failure,0.758197,0.972656,0.522541,0.499609,732x1280,RGBA,,canvas|bboxH-high,"canvas,bboxH-high; PASS_CONTENT from legacy catalog black-background review; human full-resolution review: strong perspective with looped mesh bracelet"
W1366,true failure,0.904306,0.933333,0.5,0.5,418x900,RGBA,,canvas|caseW-high,"canvas,caseW-high; PASS_CONTENT from legacy catalog black-background review; human full-resolution review: strong perspective with curled strap and visible underside"
W1433,true failure,0.973214,1.0,0.497024,0.5,336x900,RGBA,,canvas|caseW-high|bboxH-high,"canvas,caseW-high,bboxH-high; PASS_CONTENT from legacy catalog black-background review; human full-resolution review: strong perspective with looped bracelet"
WL27,true failure,0.886165,0.996,0.505254,0.5,571x1000,RGBA,,canvas|caseW-high|bboxH-high,"canvas,caseW-high,bboxH-high; PASS_CONTENT from legacy catalog black-background review; human full-resolution review: strong perspective with looped bracelet"
WWNH24655331,true failure,0.347656,0.907552,0.5,0.5,1024x1536,RGBA,,caseW-low,caseW-low; FAIL_CONTENT: case is not dead-on; visible three-quarter perspective; human full-resolution review: severe zoom-out with full unrolled strap and buckle visible
WW373,true failure,0.984779,0.986,0.498478,0.501,657x1000,RGBA,,canvas|caseW-high|bboxH-high,"canvas,caseW-high,bboxH-high; PASS_CONTENT from legacy catalog black-background review; human full-resolution review: strong perspective with full looped strap"
WL87,true failure,0.905594,0.974,0.501748,0.501,572x1000,RGBA,,canvas|caseW-high|bboxH-high,"canvas,caseW-high,bboxH-high; PASS_CONTENT from legacy catalog black-background review; human full-resolution review: upper bracelet and cutout appear visibly damaged"
WL52,true failure,0.71979,0.993,0.487741,0.4995,571x1000,RGBA,,canvas|caseW-low|bboxH-high,"canvas,caseW-low,bboxH-high; PASS_CONTENT from legacy catalog black-background review; human full-resolution review: strong perspective with looped bracelet"
W1470,true failure,0.822957,1.0,0.512646,0.5,514x900,RGBA,,canvas|bboxH-high,"canvas,bboxH-high; PASS_CONTENT from legacy catalog black-background review; human full-resolution review: strong perspective with looped bracelet"
WL61,true failure,0.816112,0.985,0.511384,0.5045,571x1000,RGBA,,canvas|bboxH-high,"canvas,bboxH-high; PASS_CONTENT from legacy catalog black-background review; human full-resolution review: strong perspective with looped bracelet and possible cutout damage"
W1311,true failure,0.967273,1.0,0.498182,0.5,275x900,RGBA,,canvas|caseW-high|bboxH-high,"canvas,caseW-high,bboxH-high; PASS_CONTENT from legacy catalog black-background review; human full-resolution review: strong perspective with looped bracelet"
W1459,true failure,0.969231,0.988889,0.501538,0.502222,325x900,RGBA,,canvas|caseW-high|bboxH-high,"canvas,caseW-high,bboxH-high; PASS_CONTENT from legacy catalog black-background review; human full-resolution review: strong perspective with looped bracelet"
W1372,true failure,0.966767,1.0,0.496979,0.5,331x900,RGBA,,canvas|caseW-high|bboxH-high,"canvas,caseW-high,bboxH-high; PASS_CONTENT from legacy catalog black-background review; human full-resolution review: strap and cutout appear visibly damaged"
W1329,true failure,0.932692,0.985556,0.5,0.500556,312x900,RGBA,,canvas|caseW-high|bboxH-high,"canvas,caseW-high,bboxH-high; PASS_CONTENT from legacy catalog black-background review; human full-resolution review: strong perspective with curled strap and visible underside"
W1339,true failure,0.97619,1.0,0.498299,0.5,294x900,RGBA,,canvas|caseW-high|bboxH-high,"canvas,caseW-high,bboxH-high; PASS_CONTENT from legacy catalog black-background review; human full-resolution review: strong perspective with looped bracelet"
W1539,true failure,0.888889,1.0,0.499025,0.5,513x900,RGBA,,canvas|caseW-high|bboxH-high,"canvas,caseW-high,bboxH-high; PASS_CONTENT from legacy catalog black-background review; human full-resolution review: strong perspective with curled strap"
W1349,true failure,0.983015,0.796667,0.502123,0.601667,471x900,RGBA,,canvas|caseW-high|bboxH-low|case-centre-y,"canvas,caseW-high,bboxH-low,case-centre-y; PASS_CONTENT from legacy catalog black-background review; human full-resolution review: head-only or incomplete bracelet presentation"
W1301,true failure,0.974771,0.981111,0.498853,0.498333,436x900,RGBA,,canvas|caseW-high|bboxH-high,"canvas,caseW-high,bboxH-high; PASS_CONTENT from legacy catalog black-background review; human full-resolution review: strong perspective with looped bracelet"
WW557,true failure,0.984102,1.0,0.49841,0.5,629x1000,RGBA,,canvas|caseW-high|bboxH-high,"canvas,caseW-high,bboxH-high; PASS_CONTENT from legacy catalog black-background review; human full-resolution review: bracelet and cutout appear visibly damaged"
WL64,true failure,0.882662,1.0,0.49387,0.5,571x1000,RGBA,,canvas|caseW-high|bboxH-high,"canvas,caseW-high,bboxH-high; PASS_CONTENT from legacy catalog black-background review; human full-resolution review: strong perspective with looped strap and visible underside"
W1350,true failure,0.981132,1.0,0.496855,0.5,477x900,RGBA,,canvas|caseW-high|bboxH-high,"canvas,caseW-high,bboxH-high; PASS_CONTENT from legacy catalog black-background review; human full-resolution review: strong perspective with distorted or looped bracelet"
W1380,true failure,0.460039,0.978889,0.460039,0.497222,513x900,RGBA,,canvas|caseW-low|bboxH-high|case-centre-x,"canvas,caseW-low,bboxH-high,case-centre-x; PASS_CONTENT from legacy catalog black-background review; human full-resolution review: strong perspective with looped strap"
W1325,true failure,0.898113,0.986667,0.498113,0.5,265x900,RGBA,,canvas|caseW-high|bboxH-high,"canvas,caseW-high,bboxH-high; PASS_CONTENT from legacy catalog black-background review; human full-resolution review: strong perspective with looped bracelet and visible clasp"
WL51,true failure,0.732049,0.999,0.492119,0.4995,571x1000,RGBA,,canvas|bboxH-high,"canvas,bboxH-high; PASS_CONTENT from legacy catalog black-background review; human full-resolution review: strong perspective with looped bracelet and visible clasp"
WW647,true failure,0.902655,0.933,0.5,0.5005,565x1000,RGBA,,canvas|caseW-high,"canvas,caseW-high; PASS_CONTENT from legacy catalog black-background review; human full-resolution review: strong perspective with looped bracelet"
WW588,true failure,0.983359,1.0,0.499244,0.5,661x1000,RGBA,,canvas|caseW-high|bboxH-high,"canvas,caseW-high,bboxH-high; PASS_CONTENT from legacy catalog black-background review; human full-resolution review: watch is over-cropped at image bounds"
W1277,true failure,0.95189,1.0,0.498282,0.5,291x900,RGBA,,canvas|caseW-high|bboxH-high,"canvas,caseW-high,bboxH-high; PASS_CONTENT from legacy catalog black-background review; human full-resolution review: strong perspective with looped strap"
WWN01 733 7720 4057-07 5 21 02,true failure,0.322266,0.907552,0.499023,0.5,1024x1536,RGBA,,caseW-low,caseW-low; PASS_CONTENT from 544-watch individual black-background review; human full-resolution review: severely zoomed-out full-strap presentation
W1357,true failure,0.980907,0.987778,0.5,0.500556,419x900,RGBA,,canvas|caseW-high|bboxH-high,"canvas,caseW-high,bboxH-high; PASS_CONTENT from legacy catalog black-background review; human full-resolution review: strong perspective with looped bracelet"
W1327,true failure,0.915521,1.0,0.465619,0.5,509x900,RGBA,,canvas|caseW-high|bboxH-high|case-centre-x,"canvas,caseW-high,bboxH-high,case-centre-x; PASS_CONTENT from legacy catalog black-background review; human full-resolution review: strong perspective with looped bracelet"
W1514,true failure,0.966777,1.0,0.5,0.5,301x900,RGBA,,canvas|caseW-high|bboxH-high,"canvas,caseW-high,bboxH-high; PASS_CONTENT from legacy catalog black-background review; human full-resolution review: strong perspective with looped bracelet"
W1328,true failure,0.982578,1.0,0.5,0.5,574x900,RGBA,,canvas|caseW-high|bboxH-high,"canvas,caseW-high,bboxH-high; PASS_CONTENT from legacy catalog black-background review; human full-resolution review: strong perspective with curved strap"
WWN01 733 7770 4150-SET,true failure,0.396484,0.909505,0.5,0.500977,1024x1536,RGBA,,caseW-low,caseW-low; PASS_CONTENT from 544-watch individual black-background review; human full-resolution review: incomplete or disconnected bracelet presentation
WWN01 733 7732 4135-07 5 21 10FC,true failure,0.791016,0.907552,0.499512,0.5,1024x1536,RGBA,,,FAIL_CONTENT: case is not dead-on; visible three-quarter perspective; human full-resolution review: strong three-quarter perspective
WWN01 733 7732 4157-07 5 21 10FC,true failure,0.800781,0.907552,0.499023,0.5,1024x1536,RGBA,,,FAIL_CONTENT: case is not dead-on; visible three-quarter perspective; human full-resolution review: strong three-quarter perspective
W1276,true failure,0.957746,0.982222,0.501761,0.5,284x900,RGBA,,canvas|caseW-high|bboxH-high,"canvas,caseW-high,bboxH-high; PASS_CONTENT from legacy catalog black-background review; human full-resolution review: strong perspective with looped strap"
WWN01 733 7707 4357-07 5 20 45,true failure,0.333984,0.906901,0.5,0.500326,1024x1536,RGBA,,caseW-low,caseW-low; PASS_CONTENT from 544-watch individual black-background review; human full-resolution review: severely zoomed-out full-strap presentation
WL23,true failure,0.401051,0.966,0.503503,0.499,571x1000,RGBA,,canvas|caseW-low|bboxH-high,"canvas,caseW-low,bboxH-high; PASS_CONTENT from legacy catalog black-background review; human full-resolution review: strong perspective with looped strap"
W243,true failure,0.822857,0.993,0.500714,0.4965,700x1000,RGBA,,canvas|bboxH-high,"canvas,bboxH-high; PASS_CONTENT from legacy catalog black-background review; human full-resolution review: strong perspective with looped strap and visible underside"
W2281,true failure,0.891419,0.94,0.5,0.5,571x1000,RGBA,,canvas|caseW-high,"canvas,caseW-high; PASS_CONTENT from legacy catalog black-background review; human full-resolution review: strong perspective with looped bracelet"
W248,true failure,0.97373,0.954,0.495622,0.499,571x1000,RGBA,,canvas|caseW-high|bboxH-high,"canvas,caseW-high,bboxH-high; PASS_CONTENT from legacy catalog black-background review; human full-resolution review: strong perspective with looped strap and visible underside"
WWNH82565930,true failure,0.788086,0.907552,0.499512,0.500651,1024x1536,RGBA,,,FAIL_CONTENT: exposed NATO keeper hardware does not match the approved presentation; human full-resolution review: full NATO strap hardware visible
W1270,true failure,0.943205,1.0,0.522312,0.5,493x900,RGBA,,canvas|caseW-high|bboxH-high,"canvas,caseW-high,bboxH-high; PASS_CONTENT from legacy catalog black-background review; human full-resolution review: strong perspective with looped bracelet and possible cutout damage"
WW701,true failure,0.982318,0.987964,0.499018,0.502006,509x997,RGBA,,canvas|caseW-high|bboxH-high,"canvas,caseW-high,bboxH-high; PASS_CONTENT from legacy catalog black-background review; human full-resolution review: watch is over-cropped at image bounds"
WW519,true failure,0.981324,1.0,0.499151,0.5,589x1000,RGBA,,canvas|caseW-high|bboxH-high,"canvas,caseW-high,bboxH-high; PASS_CONTENT from legacy catalog black-background review; human full-resolution review: watch is over-cropped at image bounds"
WW335,true failure,0.987762,1.0,0.499126,0.5,572x1000,RGBA,,canvas|caseW-high|bboxH-high,"canvas,caseW-high,bboxH-high; PASS_CONTENT from legacy catalog black-background review; human full-resolution review: watch is over-cropped at image bounds"
W1379,true failure,0.980822,1.0,0.50137,0.5,365x900,RGBA,,canvas|caseW-high|bboxH-high,"canvas,caseW-high,bboxH-high; PASS_CONTENT from legacy catalog black-background review; human full-resolution review: strong perspective with looped bracelet"
W1279,true failure,0.684615,0.992222,0.35,0.501667,390x900,RGBA,,canvas|caseW-low|bboxH-high|case-centre-x,"canvas,caseW-low,bboxH-high,case-centre-x; PASS_CONTENT from legacy catalog black-background review; human full-resolution review: bracelet and cutout appear visibly malformed"
W249,true failure,0.951673,0.975,0.503717,0.5,807x1280,RGBA,,canvas|caseW-high|bboxH-high,"canvas,caseW-high,bboxH-high; PASS_CONTENT from legacy catalog black-background review; human full-resolution review: strong perspective with looped strap and visible underside"
W236,true failure,0.802448,0.996,0.48951,0.502,572x1000,RGBA,,canvas|bboxH-high,"canvas,bboxH-high; PASS_CONTENT from legacy catalog black-background review; human full-resolution review: strong perspective with looped bracelet"
CRH70605732,true failure,0.87207,0.90625,0.499512,0.5,1024x1536,RGBA,,caseW-high,caseW-high; PASS_CONTENT from 544-watch individual black-background review; human full-resolution review: head-only or incomplete strap presentation
W1281,true failure,0.985201,1.0,0.498943,0.5,473x900,RGBA,,canvas|caseW-high|bboxH-high,"canvas,caseW-high,bboxH-high; PASS_CONTENT from legacy catalog black-background review; human full-resolution review: strong perspective with looped strap"
W245,true failure,0.963016,0.971875,0.497155,0.500781,703x1280,RGBA,,canvas|caseW-high|bboxH-high,"canvas,caseW-high,bboxH-high; PASS_CONTENT from legacy catalog black-background review; human full-resolution review: strong perspective with looped bracelet"
W1527,true failure,0.988166,0.984444,0.5,0.501111,507x900,RGBA,,canvas|caseW-high|bboxH-high,"canvas,caseW-high,bboxH-high; PASS_CONTENT from legacy catalog black-background review; human full-resolution review: strong perspective with looped strap and visible underside"
W1313,true failure,0.97644,0.977778,0.498691,0.488889,382x900,RGBA,,canvas|caseW-high|bboxH-high,"canvas,caseW-high,bboxH-high; PASS_CONTENT from legacy catalog black-background review; human full-resolution review: head-only or incomplete bracelet presentation"
W2283,true failure,0.972028,0.942,0.5,0.506,572x1000,RGBA,,canvas|caseW-high,"canvas,caseW-high; PASS_CONTENT from legacy catalog black-background review; human full-resolution review: strong perspective with looped bracelet"
W1427,true failure,0.975078,0.693333,0.5,0.346667,321x900,RGBA,,canvas|caseW-high|bboxH-low|case-centre-y,"canvas,caseW-high,bboxH-low,case-centre-y; FAIL_CONTENT: incomplete bracelet; lower bracelet is missing; human full-resolution review: head-only or incomplete bracelet presentation"
WL28,true failure,0.89317,1.0,0.505254,0.5,571x1000,RGBA,,canvas|caseW-high|bboxH-high,"canvas,caseW-high,bboxH-high; PASS_CONTENT from legacy catalog black-background review; human full-resolution review: strong perspective with looped bracelet"
CRH24411142,true failure,0.286133,0.906901,0.500488,0.499674,1024x1536,RGBA,,caseW-low,caseW-low; PASS_CONTENT from 544-watch individual black-background review; human full-resolution review: severely zoomed-out and side-facing presentation
W256,true failure,0.979866,0.98,0.5,0.5,298x500,RGBA,,canvas|caseW-high|bboxH-high,"canvas,caseW-high,bboxH-high; PASS_CONTENT from legacy catalog black-background review; human full-resolution review: strong perspective with looped bracelet and cutout artifacts"
W1567,true failure,0.983573,1.0,0.501027,0.5,487x900,RGBA,,canvas|caseW-high|bboxH-high,"canvas,caseW-high,bboxH-high; PASS_CONTENT from legacy catalog black-background review; human full-resolution review: strong perspective with looped bracelet"
WW783,true failure,0.97449,0.989,0.5,0.5015,392x1000,RGBA,,canvas|caseW-high|bboxH-high,"canvas,caseW-high,bboxH-high; PASS_CONTENT from legacy catalog black-background review; human full-resolution review: strong perspective with looped bracelet"
W2311,true failure,0.933566,0.982,0.505245,0.503,286x500,RGBA,,canvas|caseW-high|bboxH-high,"canvas,caseW-high,bboxH-high; PASS_CONTENT from legacy catalog black-background review; human full-resolution review: strong perspective with looped bracelet"
W1546,true failure,0.985294,0.686667,0.5,0.348889,408x900,RGBA,,canvas|caseW-high|bboxH-low|case-centre-y,"canvas,caseW-high,bboxH-low,case-centre-y; FAIL_CONTENT: incomplete bracelet; lower bracelet is missing; human full-resolution review: head-only or incomplete bracelet presentation"
WW693,true failure,0.985689,0.991,0.5,0.5035,559x1000,RGBA,,canvas|caseW-high|bboxH-high,"canvas,caseW-high,bboxH-high; PASS_CONTENT from legacy catalog black-background review; human full-resolution review: strong perspective with looped bracelet"
W28,true failure,0.832857,0.997,0.508571,0.4985,700x1000,RGBA,,canvas|caseW-high|bboxH-high,"canvas,caseW-high,bboxH-high; PASS_CONTENT from legacy catalog black-background review; human full-resolution review: strong perspective with looped bracelet and visible protective film"
WL89,true failure,0.528897,0.963,0.490368,0.5025,571x1000,RGBA,,canvas|caseW-low|bboxH-high,"canvas,caseW-low,bboxH-high; PASS_CONTENT from legacy catalog black-background review; human full-resolution review: open-clasp bracelet presentation with hardware dominating frame"
W234,true failure,0.879159,0.987,0.488616,0.5005,571x1000,RGBA,,canvas|caseW-high|bboxH-high,"canvas,caseW-high,bboxH-high; PASS_CONTENT from legacy catalog black-background review; human full-resolution review: full-strap presentation with buckle and hardware visible"
W2279,true failure,0.924694,0.86,0.5,0.5,571x1000,RGBA,,canvas|caseW-high,"canvas,caseW-high; PASS_CONTENT from legacy catalog black-background review; human full-resolution review: strong perspective with looped strap"
W2277,true failure,0.964974,0.925,0.501751,0.4955,571x1000,RGBA,,canvas|caseW-high,"canvas,caseW-high; PASS_CONTENT from legacy catalog black-background review; human full-resolution review: strong perspective with looped bracelet"
W233,true failure,0.861646,0.998,0.507005,0.499,571x1000,RGBA,,canvas|caseW-high|bboxH-high,"canvas,caseW-high,bboxH-high; PASS_CONTENT from legacy catalog black-background review; human full-resolution review: strong perspective with full looped strap"
WW826,true failure,0.986641,0.986,0.500954,0.501,524x1000,RGBA,,canvas|caseW-high|bboxH-high,"canvas,caseW-high,bboxH-high; PASS_CONTENT from legacy catalog black-background review; human full-resolution review: watch is over-cropped at image bounds"
WW793,true failure,0.97006,0.988,0.5,0.502,167x500,RGBA,,canvas|caseW-high|bboxH-high,"canvas,caseW-high,bboxH-high; PASS_CONTENT from legacy catalog black-background review; human full-resolution review: strong perspective with looped bracelet"
W2312,true failure,0.894921,0.933,0.499124,0.5005,571x1000,RGBA,,canvas|caseW-high,"canvas,caseW-high; PASS_CONTENT from legacy catalog black-background review; human full-resolution review: strong perspective with looped bracelet"
WW285,true failure,0.915315,0.933,0.499099,0.4995,555x1000,RGBA,,canvas|caseW-high,"canvas,caseW-high; PASS_CONTENT from legacy catalog black-background review; human full-resolution review: strong perspective with looped strap"
W2297,true failure,0.922942,0.986,0.498249,0.504,571x1000,RGBA,,canvas|caseW-high|bboxH-high,"canvas,caseW-high,bboxH-high; PASS_CONTENT from legacy catalog black-background review; human full-resolution review: strong perspective with looped bracelet"
CRJY0080-62E,true failure,0.977853,0.986667,0.500852,0.498889,587x900,RGBA,,canvas|caseW-high|bboxH-high,"canvas,caseW-high,bboxH-high; PASS_CONTENT from legacy catalog black-background review; human full-resolution review: strong perspective with looped bracelet"
CRT120.410.22.051.01,true failure,0.974308,0.595556,0.500988,0.542222,506x900,RGBA,,canvas|caseW-high|bboxH-low|case-centre-y,"canvas,caseW-high,bboxH-low,case-centre-y; FAIL_CONTENT: head-only presentation; matching bracelet is missing; human full-resolution review: watch head has no visible strap or bracelet"
CRH82315931,true failure,0.527143,1.0,0.520714,0.5,700x700,RGBA,,canvas|caseW-low|bboxH-high,"canvas,caseW-low,bboxH-high; PASS_CONTENT from legacy catalog black-background review; human full-resolution review: severely zoomed-out full-strap presentation with hardware visible"
CRH82305931,true failure,0.565714,1.0,0.518571,0.5,700x700,RGBA,,canvas|caseW-low|bboxH-high,"canvas,caseW-low,bboxH-high; PASS_CONTENT from legacy catalog black-background review; human full-resolution review: severely zoomed-out full-strap presentation with hardware visible"
CRH24251391,true failure,0.464286,1.0,0.517857,0.5,700x700,RGBA,,canvas|caseW-low|bboxH-high,"canvas,caseW-low,bboxH-high; PASS_CONTENT from legacy catalog black-background review; human full-resolution review: strong side-facing presentation"
CRJY8149-05E,true failure,0.684167,0.965,0.500417,0.5,1200x1200,RGBA,,canvas|caseW-low|bboxH-high,"canvas,caseW-low,bboxH-high; PASS_CONTENT from legacy catalog black-background review; human full-resolution review: head-only or incomplete strap presentation"
CRBN2037-11E,true failure,0.981791,0.983333,0.5,0.499444,659x900,RGBA,,canvas|caseW-high|bboxH-high,"canvas,caseW-high,bboxH-high; PASS_CONTENT from legacy catalog black-background review; human full-resolution review: strong perspective with looped strap"
CRH77612133,true failure,0.61,1.0,0.490714,0.5,700x700,RGBA,,canvas|caseW-low|bboxH-high,"canvas,caseW-low,bboxH-high; PASS_CONTENT from legacy catalog black-background review; human full-resolution review: watch is over-cropped at image bounds"
W240,true failure,0.704028,0.932,0.499124,0.5,571x1000,RGBA,,canvas|caseW-low,"canvas,caseW-low; PASS_CONTENT from legacy catalog black-background review; human full-resolution review: strong perspective with looped strap"
W2274,true failure,0.789062,0.966146,0.506836,0.498698,1024x1536,RGBA,,bboxH-high,bboxH-high; PASS_CONTENT from legacy catalog black-background review; human full-resolution review: strong perspective with looped bracelet
CRBJ2105-51E,true failure,0.931507,0.931111,0.5,0.5,584x900,RGBA,,canvas|caseW-high,"canvas,caseW-high; PASS_CONTENT from legacy catalog black-background review; human full-resolution review: strong perspective with looped bracelet"
CRBY3006-53E,true failure,0.975652,0.984444,0.5,0.498889,575x900,RGBA,,canvas|caseW-high|bboxH-high,"canvas,caseW-high,bboxH-high; PASS_CONTENT from legacy catalog black-background review; human full-resolution review: strong perspective with looped bracelet"
WW542,true failure,0.894155,0.933,0.49921,0.5005,633x1000,RGBA,,canvas|caseW-high,"canvas,caseW-high; PASS_CONTENT from legacy catalog black-background review; human full-resolution review: strong perspective with looped strap"
CRRF1050SUN065P1,true failure,0.974359,0.983333,0.500855,0.500556,585x900,RGBA,,canvas|caseW-high|bboxH-high,"canvas,caseW-high,bboxH-high; PASS_CONTENT from legacy catalog black-background review; human full-resolution review: over-cropped head-dominant presentation"
CRXS.3590.NSF.SET,true failure,0.583333,0.911111,0.508333,0.501852,1080x1080,RGBA,,canvas|caseW-low,"canvas,caseW-low; PASS_CONTENT from legacy catalog black-background review; human full-resolution review: head-only or incomplete strap presentation"
CR96B251,true failure,0.631667,1.0,0.5,0.5,1200x1200,RGBA,,canvas|caseW-low|bboxH-high,"canvas,caseW-low,bboxH-high; PASS_CONTENT from legacy catalog black-background review; human full-resolution review: watch is over-cropped at image bounds"
CRAS4050-51E,true failure,0.977929,0.985556,0.499151,0.500556,589x900,RGBA,,canvas|caseW-high|bboxH-high,"canvas,caseW-high,bboxH-high; PASS_CONTENT from legacy catalog black-background review; human full-resolution review: strong perspective with looped bracelet"
WW268,true failure,0.957004,0.990374,0.498613,0.504813,721x935,RGBA,,canvas|caseW-high|bboxH-high,"canvas,caseW-high,bboxH-high; PASS_CONTENT from legacy catalog black-background review; human full-resolution review: over-cropped head-dominant presentation"
CRCB5009-55E,true failure,0.978078,0.988889,0.500843,0.497778,593x900,RGBA,,canvas|caseW-high|bboxH-high,"canvas,caseW-high,bboxH-high; PASS_CONTENT from legacy catalog black-background review; human full-resolution review: strong perspective with looped bracelet"
CRCB5925-82X,true failure,0.977312,0.984444,0.500873,0.5,573x900,RGBA,,canvas|caseW-high|bboxH-high,"canvas,caseW-high,bboxH-high; PASS_CONTENT from legacy catalog black-background review; human full-resolution review: strong perspective with looped bracelet"
WW600,true failure,0.986817,1.0,0.500942,0.5,531x1000,RGBA,,canvas|caseW-high|bboxH-high,"canvas,caseW-high,bboxH-high; PASS_CONTENT from legacy catalog black-background review; human full-resolution review: strong perspective with looped bracelet and over-cropping"
CRT120.210.22.051.01,true failure,0.972222,0.981111,0.498016,0.496111,504x900,RGBA,,canvas|caseW-high|bboxH-high,"canvas,caseW-high,bboxH-high; PASS_CONTENT from legacy catalog black-background review; human full-resolution review: strong perspective with looped bracelet and over-cropping"
CRH11411115,true failure,0.956164,0.986667,0.50274,0.501111,365x900,RGBA,,canvas|caseW-high|bboxH-high,"canvas,caseW-high,bboxH-high; PASS_CONTENT from legacy catalog black-background review; human full-resolution review: strong perspective with looped bracelet"
CRH64455933,true failure,0.708008,0.927083,0.530762,0.495443,1024x1536,RGBA,,caseW-low|case-centre-x,"caseW-low,case-centre-x; PASS_CONTENT from legacy catalog black-background review; human full-resolution review: full-strap presentation with end hardware visible"
CRRF454SSA421J1,true failure,0.974257,0.986667,0.49901,0.501111,505x900,RGBA,,canvas|caseW-high|bboxH-high,"canvas,caseW-high,bboxH-high; PASS_CONTENT from legacy catalog black-background review; human full-resolution review: strong perspective with looped strap"
CRBN1024-01E,true failure,0.951473,0.983333,0.501733,0.499444,577x900,RGBA,,canvas|caseW-high|bboxH-high,"canvas,caseW-high,bboxH-high; PASS_CONTENT from legacy catalog black-background review; human full-resolution review: visible CreationWatches text at bottom and over-cropped presentation"
CRCB5037-17X,true failure,0.978571,0.985556,0.5,0.499444,560x900,RGBA,,canvas|caseW-high|bboxH-high,"canvas,caseW-high,bboxH-high; PASS_CONTENT from legacy catalog black-background review; human full-resolution review: strong perspective with looped strap"
CRSEL09004W0,true failure,0.976015,0.987778,0.502768,0.500556,542x900,RGBA,,canvas|caseW-high|bboxH-high,"canvas,caseW-high,bboxH-high; PASS_CONTENT from legacy catalog black-background review; human full-resolution review: strong perspective with looped strap"
CRH11221550,true failure,0.308571,1.0,0.502857,0.5,700x700,RGBA,,canvas|caseW-low|bboxH-high,"canvas,caseW-low,bboxH-high; PASS_CONTENT from legacy catalog black-background review; human full-resolution review: severely narrow and zoomed-out watch presentation"
CRH76512133,true failure,0.542857,1.0,0.517143,0.5,700x700,RGBA,,canvas|caseW-low|bboxH-high,"canvas,caseW-low,bboxH-high; PASS_CONTENT from legacy catalog black-background review; human full-resolution review: watch is over-cropped at image bounds"
CRBN2036-14E,true failure,0.975422,0.984444,0.499232,0.501111,651x900,RGBA,,canvas|caseW-high|bboxH-high,"canvas,caseW-high,bboxH-high; PASS_CONTENT from legacy catalog black-background review; human full-resolution review: strong perspective with looped strap"
CRRA-AA0823L,true failure,0.821289,0.817708,0.525391,0.48112,1024x1536,RGBA,,bboxH-low,bboxH-low; PASS_CONTENT from legacy catalog black-background review; human full-resolution review: strong perspective with looped bracelet
CRSDK05003W,true failure,0.916201,0.932222,0.499069,0.500556,537x900,RGBA,,canvas|caseW-high,"canvas,caseW-high; PASS_CONTENT from legacy catalog black-background review; human full-resolution review: strong perspective with looped strap"
CRXS.3581,true failure,0.981846,0.986667,0.5,0.498889,661x900,RGBA,,canvas|caseW-high|bboxH-high,"canvas,caseW-high,bboxH-high; PASS_CONTENT from legacy catalog black-background review; human full-resolution review: strong perspective with looped strap"
CRVIC241916,true failure,0.970982,0.983333,0.501116,0.499444,448x900,RGBA,,canvas|caseW-high|bboxH-high,"canvas,caseW-high,bboxH-high; PASS_CONTENT from legacy catalog black-background review; human full-resolution review: strong perspective with looped bracelet"
CRJR4065-09E,true failure,0.975248,0.984444,0.499175,0.5,606x900,RGBA,,canvas|caseW-high|bboxH-high,"canvas,caseW-high,bboxH-high; PASS_CONTENT from legacy catalog black-background review; human full-resolution review: strong perspective with looped strap"
CRBN4049-11E,true failure,0.965361,0.986667,0.501506,0.5,664x900,RGBA,,canvas|caseW-high|bboxH-high,"canvas,caseW-high,bboxH-high; PASS_CONTENT from legacy catalog black-background review; human full-resolution review: strong perspective with looped strap"
CR98A304,true failure,0.977819,0.984444,0.5,0.498889,541x900,RGBA,,canvas|caseW-high|bboxH-high,"canvas,caseW-high,bboxH-high; PASS_CONTENT from legacy catalog black-background review; human full-resolution review: strong perspective with looped strap"
CRBJ2127-16E,true failure,0.977848,0.984444,0.498418,0.498889,632x900,RGBA,,canvas|caseW-high|bboxH-high,"canvas,caseW-high,bboxH-high; PASS_CONTENT from legacy catalog black-background review; human full-resolution review: strong perspective with looped strap"
CRSRPF24K1,true failure,0.967181,0.986667,0.5,0.5,518x900,RGBA,,canvas|caseW-high|bboxH-high,"canvas,caseW-high,bboxH-high; PASS_CONTENT from legacy catalog black-background review; human full-resolution review: full-strap presentation with end hardware visible"
CRSRPF67K1,true failure,0.959847,0.983333,0.5,0.500556,523x900,RGBA,,canvas|caseW-high|bboxH-high,"canvas,caseW-high,bboxH-high; PASS_CONTENT from legacy catalog black-background review; human full-resolution review: strong perspective with full strap and hardware visible"
CR98A283,true failure,0.981308,0.992222,0.5,0.497222,535x900,RGBA,,canvas|caseW-high|bboxH-high,"canvas,caseW-high,bboxH-high; PASS_CONTENT from legacy catalog black-background review; human full-resolution review: strong perspective with looped strap"
CRCB5034-91W,true failure,0.977966,0.983333,0.498305,0.499444,590x900,RGBA,,canvas|caseW-high|bboxH-high,"canvas,caseW-high,bboxH-high; PASS_CONTENT from legacy catalog black-background review; human full-resolution review: strong perspective with looped bracelet"
CRSDA02002W,true failure,0.748047,0.929688,0.505859,0.494792,1024x1536,RGBA,,,FAIL_CONTENT: visible retailer or product-tag text overlays the bracelet; human full-resolution review: visible SAPPHIRE CRYSTAL retailer overlay across bracelet
CRH82201931,true failure,0.508571,1.0,0.500714,0.5,700x700,RGBA,,canvas|caseW-low|bboxH-high,"canvas,caseW-low,bboxH-high; PASS_CONTENT from legacy catalog black-background review; human full-resolution review: severely narrow full-strap presentation with hardware visible"
W2295,true failure,0.727273,0.978,0.503497,0.501,286x500,RGBA,,canvas|caseW-low|bboxH-high,"canvas,caseW-low,bboxH-high; PASS_CONTENT from legacy catalog black-background review; human full-resolution review: strong perspective with looped strap and visible underside"
CRSRPK65K1,true failure,0.96124,0.984444,0.498062,0.498889,516x900,RGBA,,canvas|caseW-high|bboxH-high,"canvas,caseW-high,bboxH-high; PASS_CONTENT from legacy catalog black-background review; human full-resolution review: strong perspective with looped bracelet"
CRT129.410.16.053.00~,true failure,0.962025,0.944444,0.481013,0.525556,711x900,RGBA,,canvas|caseW-high,"canvas,caseW-high; PASS_CONTENT from legacy catalog black-background review; human full-resolution review: over-cropped head-dominant presentation"
W2294,true failure,0.818182,0.98,0.506993,0.502,286x500,RGBA,,canvas|bboxH-high,"canvas,bboxH-high; PASS_CONTENT from legacy catalog black-background review; human full-resolution review: strong perspective with looped bracelet"
W2287,true failure,0.587891,0.962891,0.507812,0.493815,1024x1536,RGBA,,caseW-low|bboxH-high,"caseW-low,bboxH-high; PASS_CONTENT from legacy catalog black-background review; human full-resolution review: strong perspective with looped bracelet"
W2293,true failure,0.797203,0.986,0.51049,0.499,286x500,RGBA,,canvas|bboxH-high,"canvas,bboxH-high; PASS_CONTENT from legacy catalog black-background review; human full-resolution review: strong perspective with looped bracelet"
CRSRPF23K1,true failure,0.962121,0.984444,0.5,0.501111,528x900,RGBA,,canvas|caseW-high|bboxH-high,"canvas,caseW-high,bboxH-high; PASS_CONTENT from legacy catalog black-background review; human full-resolution review: strong perspective with full strap and hardware visible"
W2296,true failure,0.744755,0.98,0.494755,0.5,286x500,RGBA,,canvas|bboxH-high,"canvas,bboxH-high; PASS_CONTENT from legacy catalog black-background review; human full-resolution review: strong perspective with looped strap and visible underside"
W2292,true failure,0.800699,0.984,0.51049,0.5,286x500,RGBA,,canvas|bboxH-high,"canvas,bboxH-high; PASS_CONTENT from legacy catalog black-background review; human full-resolution review: strong perspective with looped bracelet"
CRT122.210.11.033.00~,true failure,0.977444,0.717778,0.488722,0.363333,399x900,RGBA,,canvas|caseW-high|bboxH-low|case-centre-y,"canvas,caseW-high,bboxH-low,case-centre-y; FAIL_CONTENT: incomplete bracelet; lower bracelet is missing; human full-resolution review: watch head has no visible strap or bracelet"
CRVIC241847,true failure,0.978003,0.985556,0.499154,0.500556,591x900,RGBA,,canvas|caseW-high|bboxH-high,"canvas,caseW-high,bboxH-high; PASS_CONTENT from legacy catalog black-background review; human full-resolution review: strong perspective with looped strap"
CRBJ2040-55E,true failure,0.981481,0.994444,0.499288,0.501667,702x900,RGBA,,canvas|caseW-high|bboxH-high,"canvas,caseW-high,bboxH-high; PASS_CONTENT from legacy catalog black-background review; human full-resolution review: strong perspective with looped bracelet and over-cropping"
CRGG-1000-1A3,true failure,0.978992,0.986667,0.5007,0.498889,714x900,RGBA,,canvas|caseW-high|bboxH-high,"canvas,caseW-high,bboxH-high; PASS_CONTENT from legacy catalog black-background review; human full-resolution review: strong perspective with over-cropped strap"
CRRA-AC0K05G00B,true failure,0.702148,0.945964,0.515625,0.500326,1024x1536,RGBA,,caseW-low,caseW-low; PASS_CONTENT from legacy catalog black-background review; human full-resolution review: full-strap presentation with end hardware visible
CRBX1010-53E,true failure,0.978369,0.984444,0.499168,0.5,601x900,RGBA,,canvas|caseW-high|bboxH-high,"canvas,caseW-high,bboxH-high; PASS_CONTENT from legacy catalog black-background review; human full-resolution review: strong perspective with looped bracelet"
CRAB4010-56E,true failure,0.972549,0.982222,0.5,0.5,510x900,RGBA,,canvas|caseW-high|bboxH-high,"canvas,caseW-high,bboxH-high; PASS_CONTENT from legacy catalog black-background review; human full-resolution review: strong perspective with looped bracelet"
CRBJ7017-09E,true failure,0.966667,0.985556,0.500877,0.500556,570x900,RGBA,,canvas|caseW-high|bboxH-high,"canvas,caseW-high,bboxH-high; PASS_CONTENT from legacy catalog black-background review; human full-resolution review: strong perspective with looped strap"
CRSSA317K1,true failure,0.977853,0.984444,0.500852,0.5,587x900,RGBA,,canvas|caseW-high|bboxH-high,"canvas,caseW-high,bboxH-high; PASS_CONTENT from legacy catalog black-background review; human full-resolution review: strong perspective with looped bracelet"
CRBJ7070-57E,true failure,0.953368,0.987778,0.499136,0.499444,579x900,RGBA,,canvas|caseW-high|bboxH-high,"canvas,caseW-high,bboxH-high; PASS_CONTENT from legacy catalog black-background review; human full-resolution review: strong perspective with looped bracelet"
CRRA-WK0006S,true failure,0.972093,0.982222,0.5,0.501111,645x900,RGBA,,canvas|caseW-high|bboxH-high,"canvas,caseW-high,bboxH-high; PASS_CONTENT from legacy catalog black-background review; human full-resolution review: head-only or incomplete strap presentation"
CRSRP785K1,true failure,0.9776,0.985556,0.5016,0.501667,625x900,RGBA,,canvas|caseW-high|bboxH-high,"canvas,caseW-high,bboxH-high; PASS_CONTENT from legacy catalog black-background review; human full-resolution review: strong perspective with looped strap"
CRRF70-SRPG61K1,true failure,0.744141,0.921224,0.511719,0.495117,1024x1536,RGBA,,,FAIL_CONTENT: exposed NATO keeper hardware does not match the approved presentation; human full-resolution review: full-strap presentation with end hardware visible
WW566,true failure,0.981891,1.0,0.498994,0.5,497x1000,RGBA,,canvas|caseW-high|bboxH-high,"canvas,caseW-high,bboxH-high; PASS_CONTENT from legacy catalog black-background review; human full-resolution review: full-strap presentation with end hardware visible"
CR96P245,true failure,0.966851,0.984444,0.5,0.5,362x900,RGBA,,canvas|caseW-high|bboxH-high,"canvas,caseW-high,bboxH-high; PASS_CONTENT from legacy catalog black-background review; human full-resolution review: strong perspective with looped bracelet"
WW953,true failure,0.977341,0.986667,0.500755,0.500833,662x1200,RGBA,,canvas|caseW-high|bboxH-high,"canvas,caseW-high,bboxH-high; PASS_CONTENT from legacy catalog black-background review; human full-resolution review: strong perspective with looped bracelet"
WW554,true failure,0.984848,1.0,0.5,0.5,528x1000,RGBA,,canvas|caseW-high|bboxH-high,"canvas,caseW-high,bboxH-high; PASS_CONTENT from legacy catalog black-background review; human full-resolution review: strong perspective with looped bracelet"
WW952,true failure,0.971292,0.9825,0.498405,0.50125,627x1200,RGBA,,canvas|caseW-high|bboxH-high,"canvas,caseW-high,bboxH-high; PASS_CONTENT from legacy catalog black-background review; human full-resolution review: strong perspective with looped bracelet"
WW950,true failure,0.962675,0.983005,0.5,0.500447,643x1118,RGBA,,canvas|caseW-high|bboxH-high,"canvas,caseW-high,bboxH-high; PASS_CONTENT from legacy catalog black-background review; human full-resolution review: strong perspective with looped bracelet"
CRSRPB91K1,true failure,0.975177,0.985556,0.501773,0.500556,564x900,RGBA,,canvas|caseW-high|bboxH-high,"canvas,caseW-high,bboxH-high; PASS_CONTENT from legacy catalog black-background review; human full-resolution review: strong perspective with looped bracelet"
CRSRPB83K1,true failure,0.975652,0.986667,0.5,0.5,575x900,RGBA,,canvas|caseW-high|bboxH-high,"canvas,caseW-high,bboxH-high; PASS_CONTENT from legacy catalog black-background review; human full-resolution review: strong perspective with looped bracelet"
CRSRPB93K1,true failure,0.973262,0.982222,0.500891,0.5,561x900,RGBA,,canvas|caseW-high|bboxH-high,"canvas,caseW-high,bboxH-high; PASS_CONTENT from legacy catalog black-background review; human full-resolution review: strong perspective with looped bracelet"
CRF20671-1,true failure,0.978417,1.0,0.5,0.5,556x900,RGBA,,canvas|caseW-high|bboxH-high,"canvas,caseW-high,bboxH-high; PASS_CONTENT from legacy catalog black-background review; human full-resolution review: strong perspective with looped strap"
CRSRPB89K1,true failure,0.978456,0.983333,0.498205,0.500556,557x900,RGBA,,canvas|caseW-high|bboxH-high,"canvas,caseW-high,bboxH-high; PASS_CONTENT from legacy catalog black-background review; human full-resolution review: strong perspective with looped bracelet"
WW791,true failure,0.979167,0.98998,0.502083,0.501002,240x499,RGBA,,canvas|caseW-high|bboxH-high,"canvas,caseW-high,bboxH-high; PASS_CONTENT from legacy catalog black-background review; human full-resolution review: strong perspective with looped bracelet"
CRBN0100-42E,true failure,0.978495,0.983333,0.498208,0.499444,558x900,RGBA,,canvas|caseW-high|bboxH-high,"canvas,caseW-high,bboxH-high; PASS_CONTENT from legacy catalog black-background review; human full-resolution review: strong perspective with looped strap"
CRSRP219J1,true failure,0.977233,0.984444,0.500876,0.501111,571x900,RGBA,,canvas|caseW-high|bboxH-high,"canvas,caseW-high,bboxH-high; PASS_CONTENT from legacy catalog black-background review; human full-resolution review: strong perspective with looped strap"
CRSRPB86K1.G,true failure,0.975945,0.984444,0.5,0.501111,582x900,RGBA,,canvas|caseW-high|bboxH-high,"canvas,caseW-high,bboxH-high; PASS_CONTENT from legacy catalog black-background review; human full-resolution review: strong perspective with looped strap"
CREFR-S108D-7A,true failure,0.972973,0.983333,0.50104,0.499444,481x900,RGBA,,canvas|caseW-high|bboxH-high,"canvas,caseW-high,bboxH-high; PASS_CONTENT from legacy catalog black-background review; human full-resolution review: strong perspective with looped bracelet"
CRSRPB79K1,true failure,0.923345,0.933333,0.498258,0.5,574x900,RGBA,,canvas|caseW-high,"canvas,caseW-high; PASS_CONTENT from legacy catalog black-background review; human full-resolution review: strong perspective with looped bracelet"
CRSRPB81K1,true failure,0.977352,0.985556,0.497387,0.499444,574x900,RGBA,,canvas|caseW-high|bboxH-high,"canvas,caseW-high,bboxH-high; PASS_CONTENT from legacy catalog black-background review; human full-resolution review: strong perspective with looped bracelet"
CRECB-10D-2A,true failure,0.97686,0.986667,0.498347,0.501111,605x900,RGBA,,canvas|caseW-high|bboxH-high,"canvas,caseW-high,bboxH-high; PASS_CONTENT from legacy catalog black-background review; human full-resolution review: strong perspective with looped bracelet"
CRF20463-2,true failure,0.968858,0.985556,0.50173,0.500556,578x900,RGBA,,canvas|caseW-high|bboxH-high,"canvas,caseW-high,bboxH-high; PASS_CONTENT from legacy catalog black-background review; human full-resolution review: strong perspective with looped bracelet"
WW790,true failure,0.971074,0.986,0.497934,0.501,242x500,RGBA,,canvas|caseW-high|bboxH-high,"canvas,caseW-high,bboxH-high; PASS_CONTENT from legacy catalog black-background review; human full-resolution review: strong perspective with looped bracelet"
WW774,true failure,0.977629,0.987,0.5,0.5015,447x1000,RGBA,,canvas|caseW-high|bboxH-high,"canvas,caseW-high,bboxH-high; PASS_CONTENT from legacy catalog black-background review; human full-resolution review: strong perspective with looped bracelet"
CREFR-S108D-1A,true failure,0.936681,0.792222,0.498908,0.499444,458x900,RGBA,,canvas|caseW-high|bboxH-low,"canvas,caseW-high,bboxH-low; PASS_CONTENT from legacy catalog black-background review; human full-resolution review: strong perspective with looped bracelet"
CREFR-S108D-3A,true failure,0.968085,0.982222,0.498936,0.5,470x900,RGBA,,canvas|caseW-high|bboxH-high,"canvas,caseW-high,bboxH-high; PASS_CONTENT from legacy catalog black-background review; human full-resolution review: strong perspective with looped bracelet"
CRCEM75001BR,true failure,0.979967,0.993333,0.498331,0.501111,599x900,RGBA,,canvas|caseW-high|bboxH-high,"canvas,caseW-high,bboxH-high; PASS_CONTENT from legacy catalog black-background review; human full-resolution review: strong perspective with looped bracelet"
CRPRJ-B001-5,true failure,0.967241,0.982222,0.5,0.5,580x900,RGBA,,canvas|caseW-high|bboxH-high,"canvas,caseW-high,bboxH-high; PASS_CONTENT from legacy catalog black-background review; human full-resolution review: strong perspective with looped strap"
E79767927295,true failure,0.979899,0.983813,0.501256,0.499101,398x556,RGBA,,canvas|caseW-high|bboxH-high,"canvas,caseW-high,bboxH-high; PASS_CONTENT from legacy catalog black-background review; human full-resolution review: strong perspective with looped bracelet"
CRRF600SNKK98K1,true failure,0.771484,0.898438,0.499023,0.499349,1024x1536,RGBA,,,FAIL_CONTENT: watch is shown at a strong angle with a curved bracelet; human full-resolution review: strong perspective with looped bracelet
CRRF410SNKL28K1,true failure,0.759766,0.898438,0.5,0.5,1024x1536,RGBA,,,FAIL_CONTENT: watch is shown at a strong angle with a curved bracelet; human full-resolution review: strong perspective with looped bracelet
CRSRPA93J1,true failure,0.974403,0.983333,0.499147,0.499444,586x900,RGBA,,canvas|caseW-high|bboxH-high,"canvas,caseW-high,bboxH-high; PASS_CONTENT from legacy catalog black-background review; human full-resolution review: full-strap presentation with end hardware visible"
CRU864,true failure,0.875,0.898438,0.500977,0.500651,1024x1536,RGBA,,caseW-high,caseW-high; PASS_CONTENT from 424-watch black-background review; human full-resolution review: strong perspective with looped bracelet
CRGM-5600GC-1,true failure,0.728516,0.900391,0.499512,0.500326,1024x1536,RGBA,,caseW-low,caseW-low; PASS_CONTENT from 424-watch black-background review; human full-resolution review: strong perspective with looped strap
CRAV-4011-0C,true failure,0.454102,0.906901,0.500488,0.500326,1024x1536,RGBA,,caseW-low,caseW-low; PASS_CONTENT from 424-watch black-background review; human full-resolution review: severely zoomed-out full-strap presentation
CRRF1730SNZG13J1,true failure,0.832031,0.897786,0.500977,0.499023,1024x1536,RGBA,,caseW-high,caseW-high; PASS_CONTENT from 424-watch black-background review; human full-resolution review: strong perspective with looped bracelet
CRRF1688SNKL57K1,true failure,0.750977,0.904297,0.5,0.496419,1024x1536,RGBA,,,FAIL_CONTENT: watch is shown at a strong angle; human full-resolution review: strong perspective with looped bracelet
CRRF1613SNXS79J1,true failure,0.717773,0.894531,0.499512,0.500651,1024x1536,RGBA,,caseW-low,caseW-low; PASS_CONTENT from 424-watch black-background review; human full-resolution review: strong perspective with looped bracelet
CRRF1292SNXS80K1,true failure,0.689453,0.897135,0.500488,0.5,1024x1536,RGBA,,caseW-low,caseW-low; PASS_CONTENT from 424-watch black-background review; human full-resolution review: strong perspective with looped bracelet
CRRF1136SNKN55J1,true failure,0.807617,0.895833,0.499512,0.5,1024x1536,RGBA,,,FAIL_CONTENT: watch is shown at a strong angle; human full-resolution review: strong perspective with looped bracelet
CRFAC00007W0,true failure,0.974775,0.984444,0.498198,0.5,555x900,RGBA,,canvas|caseW-high|bboxH-high,"canvas,caseW-high,bboxH-high; PASS_CONTENT from legacy catalog black-background review; human full-resolution review: strong perspective with looped strap"
CRSRP635K1,true failure,0.469758,0.967844,0.491935,0.500315,992x1586,RGBA,,canvas|caseW-low|bboxH-high,"canvas,caseW-low,bboxH-high; PASS_CONTENT from legacy catalog black-background review; human full-resolution review: severely zoomed-out full-strap presentation"
CRRF1527SNKL86K1,true failure,0.733398,0.897786,0.499512,0.500326,1024x1536,RGBA,,,FAIL_CONTENT: watch is shown at a strong angle; human full-resolution review: strong perspective with looped bracelet
CRRF1122SNK366K1,true failure,0.759766,0.893229,0.490723,0.503255,1024x1536,RGBA,,,FAIL_CONTENT: watch is shown at a strong angle; human full-resolution review: strong perspective with looped bracelet
CRRF209-SNKK84K1,true failure,0.694336,0.911458,0.5,0.5,1024x1536,RGBA,,caseW-low,caseW-low; PASS_CONTENT from 424-watch black-background review; human full-resolution review: strong perspective with looped bracelet
CREQS-940NL-1A,true failure,0.798828,0.897786,0.499023,0.499023,1024x1536,RGBA,,,PASS_CONTENT from 424-watch black-background review; pending v2 candidate recheck; human full-resolution review: strong perspective with looped strap
CRGA-2100-7A7,true failure,0.914591,0.983333,0.50089,0.500556,562x900,RGBA,,canvas|caseW-high|bboxH-high,"canvas,caseW-high,bboxH-high; PASS_CONTENT from legacy catalog black-background review; human full-resolution review: strong perspective with looped strap"
CRRF1728SNK567J1,true failure,0.661133,0.895833,0.500977,0.5,1024x1536,RGBA,,caseW-low,caseW-low; PASS_CONTENT from 424-watch black-background review; human full-resolution review: strong perspective with looped bracelet
CRRF1725SNKE01K1,true failure,0.682617,0.895833,0.499023,0.5,1024x1536,RGBA,,caseW-low,caseW-low; PASS_CONTENT from 424-watch black-background review; human full-resolution review: strong perspective with looped bracelet
CRRF1670SNKC51J1,true failure,0.616211,0.897135,0.498535,0.5,1024x1536,RGBA,,caseW-low,caseW-low; PASS_CONTENT from 424-watch black-background review; human full-resolution review: strong perspective with looped bracelet
CRRF1598SNKE57J1,true failure,0.787109,0.897135,0.499023,0.5,1024x1536,RGBA,,,FAIL_CONTENT: watch is shown at a strong angle; human full-resolution review: strong perspective with looped bracelet
CRRF1533SNKD99K1,true failure,0.675781,0.896484,0.5,0.500326,1024x1536,RGBA,,caseW-low,caseW-low; PASS_CONTENT from 424-watch black-background review; human full-resolution review: strong perspective with looped bracelet
CRRF701SNK563J1,true failure,0.662109,0.895833,0.5,0.5,1024x1536,RGBA,,caseW-low,caseW-low; PASS_CONTENT from 424-watch black-background review; human full-resolution review: strong perspective with looped bracelet
CRRF446SNK375J1,true failure,0.647461,0.895833,0.500488,0.5,1024x1536,RGBA,,caseW-low,caseW-low; PASS_CONTENT from 424-watch black-background review; human full-resolution review: strong perspective with looped bracelet
CRU579,true failure,0.868164,0.897135,0.499512,0.5,1024x1536,RGBA,,caseW-high,caseW-high; PASS_CONTENT from 424-watch black-background review; human full-resolution review: strong perspective with looped bracelet
CRSNKC51J1,true failure,0.616211,0.897135,0.498535,0.5,1024x1536,RGBA,,caseW-low,caseW-low; PASS_CONTENT from 424-watch black-background review; human full-resolution review: strong perspective with looped bracelet
CRU578,true failure,0.799805,0.897786,0.500488,0.500977,1024x1536,RGBA,,,FAIL_CONTENT: watch is shown at a strong angle; human full-resolution review: strong perspective with looped bracelet
CRRF1683SNXS79K1,true failure,0.792969,0.898438,0.5,0.500651,1024x1536,RGBA,,,FAIL_CONTENT: watch is shown at a strong angle; human full-resolution review: strong perspective with looped bracelet
CRRF1004NR1Q003W0,true failure,0.87793,0.852214,0.499512,0.499674,1024x1536,RGBA,,caseW-high,caseW-high; PASS_CONTENT from 424-watch black-background review; human full-resolution review: strong perspective with full looped strap
WW610,true failure,0.985401,1.0,0.5,0.5,548x1100,RGBA,,canvas|caseW-high|bboxH-high,"canvas,caseW-high,bboxH-high; PASS_CONTENT from legacy catalog black-background review; human full-resolution review: strong perspective with looped bracelet"
CRR3253518513,true failure,0.640625,0.904297,0.498047,0.499674,1024x1536,RGBA,,caseW-low,caseW-low; PASS_CONTENT from 424-watch black-background review; human full-resolution review: strong perspective with looped mesh bracelet
CRRF1558SNKK94K1,true failure,0.748047,0.73112,0.452148,0.508789,1024x1536,RGBA,,bboxH-low|case-centre-x,"bboxH-low,case-centre-x; PASS_CONTENT from 424-watch black-background review; human full-resolution review: strong side-facing presentation with looped bracelet"
CRRF1438SNKL58K1,true failure,0.751953,0.899089,0.499023,0.499674,1024x1536,RGBA,,,FAIL_CONTENT: watch is shown at a strong angle; human full-resolution review: strong perspective with looped bracelet
CRRF378GA-700-1B,true failure,0.881836,0.775391,0.500488,0.499674,1024x1536,RGBA,,caseW-high|bboxH-low,"caseW-high,bboxH-low; PASS_CONTENT from 424-watch black-background review; human full-resolution review: strong perspective with looped strap"
CRRF1283GA-2000S-1,true failure,0.870117,0.724609,0.499512,0.499674,1024x1536,RGBA,,caseW-high|bboxH-low,"caseW-high,bboxH-low; PASS_CONTENT from 424-watch black-background review; human full-resolution review: strong perspective with full looped strap"
CRRF855INV8930OB,true failure,0.867188,0.89974,0.499023,0.5,1024x1536,RGBA,,caseW-high,caseW-high; PASS_CONTENT from 424-watch black-background review; human full-resolution review: strong perspective with looped bracelet
CRGA-2100VB-1A,true failure,0.966549,0.985556,0.501761,0.500556,568x900,RGBA,,canvas|caseW-high|bboxH-high,"canvas,caseW-high,bboxH-high; PASS_CONTENT from legacy catalog black-background review; human full-resolution review: strong perspective with looped strap"
CRRF1639SNKE54K1,true failure,0.749023,0.899089,0.500488,0.499023,1024x1536,RGBA,,,FAIL_CONTENT: watch is shown at a strong angle; human full-resolution review: strong perspective with looped bracelet
CRF20560-5,true failure,0.875977,0.907552,0.500488,0.5,1024x1536,RGBA,,caseW-high,caseW-high; PASS_CONTENT from 424-watch black-background review; human full-resolution review: strong perspective with looped bracelet
CRGA-110HR-1A,true failure,0.978295,0.986667,0.5,0.5,645x900,RGBA,,canvas|caseW-high|bboxH-high,"canvas,caseW-high,bboxH-high; PASS_CONTENT from legacy catalog black-background review; human full-resolution review: strong perspective with looped strap"
CREFV-620D-1A4V,true failure,0.977273,0.984444,0.5,0.5,616x900,RGBA,,canvas|caseW-high|bboxH-high,"canvas,caseW-high,bboxH-high; PASS_CONTENT from legacy catalog black-background review; human full-resolution review: strong perspective with looped bracelet"
CRU616,true failure,0.776367,0.896484,0.490723,0.500326,1024x1536,RGBA,,,FAIL_CONTENT: watch is shown at a strong angle with a curved bracelet; human full-resolution review: strong perspective with looped bracelet
CRRF1597SNKL66K1,true failure,0.68457,0.897786,0.497559,0.500326,1024x1536,RGBA,,caseW-low,caseW-low; PASS_CONTENT from 424-watch black-background review; human full-resolution review: strong perspective with looped bracelet
CRRF1495SNK621K1,true failure,0.676758,0.896484,0.500488,0.499674,1024x1536,RGBA,,caseW-low,caseW-low; PASS_CONTENT from 424-watch black-background review; human full-resolution review: strong perspective with looped bracelet
CRGA-100-1A1,true failure,0.971088,0.981111,0.50085,0.498333,588x900,RGBA,,canvas|caseW-high|bboxH-high,"canvas,caseW-high,bboxH-high; PASS_CONTENT from legacy catalog black-background review; human full-resolution review: strong perspective with looped strap"
CRRF1494SNKE51K1,true failure,0.724609,0.897786,0.500977,0.500977,1024x1536,RGBA,,caseW-low,caseW-low; PASS_CONTENT from 424-watch black-background review; human full-resolution review: strong perspective with looped bracelet
CRRF1451SNK615K1,true failure,0.649414,0.899089,0.500488,0.499023,1024x1536,RGBA,,caseW-low,caseW-low; PASS_CONTENT from 424-watch black-background review; human full-resolution review: strong perspective with looped bracelet
CRRF1341SNK623K1,true failure,0.615234,0.911458,0.5,0.5,1024x1536,RGBA,,caseW-low,caseW-low; PASS_CONTENT from 424-watch black-background review; human full-resolution review: strong perspective with looped bracelet
CRRF1153SNKP15K1,true failure,0.866211,0.897786,0.496582,0.500326,1024x1536,RGBA,,caseW-high,caseW-high; PASS_CONTENT from 424-watch black-background review; human full-resolution review: strong perspective with looped bracelet
CRF20560-1,true failure,0.884766,0.911458,0.5,0.5,1024x1536,RGBA,,caseW-high,caseW-high; PASS_CONTENT from 424-watch black-background review; human full-resolution review: strong perspective with looped bracelet
CRGA-140-1A4,true failure,0.978723,0.984444,0.50152,0.5,658x900,RGBA,,canvas|caseW-high|bboxH-high,"canvas,caseW-high,bboxH-high; PASS_CONTENT from legacy catalog black-background review; human full-resolution review: strong perspective with looped strap"
CREFR-526D-3A,true failure,0.971098,0.983333,0.500963,0.498333,519x900,RGBA,,canvas|caseW-high|bboxH-high,"canvas,caseW-high,bboxH-high; PASS_CONTENT from legacy catalog black-background review; human full-resolution review: strong perspective with overly cropped bracelet"
CREFR-526L-7AV,true failure,0.978378,0.984444,0.5,0.498889,555x900,RGBA,,canvas|caseW-high|bboxH-high,"canvas,caseW-high,bboxH-high; PASS_CONTENT from legacy catalog black-background review; human full-resolution review: strong perspective with looped leather strap"
CRGA-100-1A2,true failure,0.980328,0.983333,0.5,0.499444,610x900,RGBA,,canvas|caseW-high|bboxH-high,"canvas,caseW-high,bboxH-high; PASS_CONTENT from legacy catalog black-background review; human full-resolution review: strong perspective with looped strap"
CRGA-100-1A4,true failure,0.977742,0.983333,0.5,0.500556,629x900,RGBA,,canvas|caseW-high|bboxH-high,"canvas,caseW-high,bboxH-high; PASS_CONTENT from legacy catalog black-background review; human full-resolution review: strong perspective with looped strap"
CRG-7900A-4C,true failure,0.960443,0.986667,0.502373,0.5,632x900,RGBA,,canvas|caseW-high|bboxH-high,"canvas,caseW-high,bboxH-high; PASS_CONTENT from legacy catalog black-background review; human full-resolution review: strong perspective with looped strap"
CRGA-700-4A,true failure,0.976574,0.983333,0.499268,0.500556,683x900,RGBA,,canvas|caseW-high|bboxH-high,"canvas,caseW-high,bboxH-high; PASS_CONTENT from legacy catalog black-background review; human full-resolution review: strong perspective with looped strap"
CRGA-B2100MF-1A,true failure,0.790039,0.898438,0.500488,0.499349,1024x1536,RGBA,,,FAIL_CONTENT: case is not dead-on; visible three-quarter perspective; human full-resolution review: strong perspective with looped strap
CRGA-700-1B,true failure,0.975362,0.987778,0.5,0.499444,690x900,RGBA,,canvas|caseW-high|bboxH-high,"canvas,caseW-high,bboxH-high; PASS_CONTENT from legacy catalog black-background review; human full-resolution review: strong perspective with looped strap"
CRG-7900-2D,true failure,0.974832,0.982222,0.500839,0.5,596x900,RGBA,,canvas|caseW-high|bboxH-high,"canvas,caseW-high,bboxH-high; PASS_CONTENT from legacy catalog black-background review; human full-resolution review: strong perspective with looped strap"
CRBGA-280-1A,true failure,0.975728,0.984444,0.500809,0.5,618x900,RGBA,,canvas|caseW-high|bboxH-high,"canvas,caseW-high,bboxH-high; PASS_CONTENT from legacy catalog black-background review; human full-resolution review: strong perspective with looped strap"
CRRF1405W-217HM-7BV,true failure,0.755859,0.901693,0.5,0.498372,1024x1536,RGBA,,,FAIL_CONTENT: watch and strap are shown at a strong angle; human full-resolution review: strong side-facing presentation with looped bracelet
CRRF1400GA-140-1A4,true failure,0.886719,0.811849,0.5,0.499674,1024x1536,RGBA,,caseW-high|bboxH-low,"caseW-high,bboxH-low; PASS_CONTENT from 424-watch black-background review; human full-resolution review: strong perspective with looped strap"
CRGMA-S110VW-4A,true failure,0.884766,0.839193,0.5,0.499674,1024x1536,RGBA,,caseW-high|bboxH-low,"caseW-high,bboxH-low; PASS_CONTENT from 424-watch black-background review; human full-resolution review: strong perspective with looped transparent strap"
CRGMA-S110VW-2A,true failure,0.864258,0.897786,0.500488,0.499023,1024x1536,RGBA,,caseW-high,caseW-high; PASS_CONTENT from 424-watch black-background review; human full-resolution review: strong perspective with looped transparent strap
CRDW-9052-1VDR,true failure,0.976589,0.985556,0.499164,0.499444,598x900,RGBA,,canvas|caseW-high|bboxH-high,"canvas,caseW-high,bboxH-high; PASS_CONTENT from legacy catalog black-background review; human full-resolution review: strong perspective with looped strap"
CRGA-2300-1A,true failure,0.725586,0.897786,0.500488,0.499674,1024x1536,RGBA,,caseW-low,caseW-low; PASS_CONTENT from 424-watch black-background review; human full-resolution review: strong perspective with looped strap
CRAMW-880D-1A,true failure,0.974453,0.987778,0.499088,0.499444,548x900,RGBA,,canvas|caseW-high|bboxH-high,"canvas,caseW-high,bboxH-high; PASS_CONTENT from legacy catalog black-background review; human full-resolution review: strong perspective with looped bracelet"
CRAMW-870D-1A,true failure,0.966229,0.984444,0.501876,0.501111,533x900,RGBA,,canvas|caseW-high|bboxH-high,"canvas,caseW-high,bboxH-high; PASS_CONTENT from legacy catalog black-background review; human full-resolution review: strong perspective with looped bracelet"
CRDBC-611-1DF,true failure,0.96319,0.983333,0.501022,0.500556,489x900,RGBA,,canvas|caseW-high|bboxH-high,"canvas,caseW-high,bboxH-high; PASS_CONTENT from legacy catalog black-background review; human full-resolution review: strong perspective with looped bracelet"
CRA168WEGB-1B,true failure,0.953629,0.98,0.5,0.498889,496x900,RGBA,,canvas|caseW-high|bboxH-high,"canvas,caseW-high,bboxH-high; PASS_CONTENT from legacy catalog black-background review; human full-resolution review: strong perspective with looped bracelet"
CRGMD-S5600NC-9,true failure,0.837891,0.899089,0.500977,0.499674,1024x1536,RGBA,,caseW-high,caseW-high; PASS_CONTENT from 424-watch black-background review; human full-resolution review: strong perspective with looped strap
CRGMA-S2100NC-4A,true failure,0.794922,0.897786,0.5,0.499023,1024x1536,RGBA,,,PASS_CONTENT from 424-watch black-background review; pending v2 candidate recheck; human full-resolution review: strong perspective with looped strap
CRRF913AMW-880D-1A,true failure,0.808594,0.896484,0.499023,0.500326,1024x1536,RGBA,,,PASS_CONTENT from 424-watch black-background review; pending v2 candidate recheck; human full-resolution review: strong perspective with looped bracelet
E4971850742333,true failure,0.998447,1.0,0.5,0.5,644x1200,RGBA,,canvas|caseW-high|bboxH-high,"canvas,caseW-high,bboxH-high; PASS_CONTENT from legacy catalog black-background review; human full-resolution review: strong perspective with looped bracelet"
CRRF1415LA670WGA-9DF,true failure,0.535156,0.897786,0.5,0.500326,1024x1536,RGBA,,caseW-low,caseW-low; PASS_CONTENT from 424-watch black-background review; human full-resolution review: strong side-facing presentation with looped bracelet
E4971850965169,true failure,0.965377,0.985537,0.497963,0.501033,491x968,RGBA,,canvas|caseW-high|bboxH-high,"canvas,caseW-high,bboxH-high; PASS_CONTENT from legacy catalog black-background review; human full-resolution review: strong perspective with looped bracelet"
CRMTP-1370D-7A2,true failure,0.802734,0.895182,0.498047,0.499674,1024x1536,RGBA,,,PASS_CONTENT from 424-watch black-background review; pending v2 candidate recheck; human full-resolution review: strong perspective with looped bracelet
CRMTP-1375D-1AV,true failure,0.880859,0.889323,0.500977,0.501302,1024x1536,RGBA,,caseW-high,caseW-high; PASS_CONTENT from 424-watch black-background review; human full-resolution review: strong perspective with looped bracelet
CR90250SBN903,true failure,0.731445,0.895833,0.497559,0.5,1024x1536,RGBA,,,FAIL_CONTENT: case and bracelet are visibly presented in three-quarter perspective; human full-resolution review: strong perspective with full looped bracelet
CRRF1265A700WG-9A,true failure,0.695312,0.898438,0.499023,0.498698,1024x1536,RGBA,,caseW-low,caseW-low; PASS_CONTENT from 424-watch black-background review; human full-resolution review: strong perspective with looped bracelet
CR40210GPN107,true failure,0.618164,0.876302,0.477051,0.48763,1024x1536,RGBA,,caseW-low,caseW-low; PASS_CONTENT from 424-watch black-background review; human full-resolution review: strong perspective with full looped bracelet
E79767766085,true failure,0.979798,0.986653,0.5,0.499487,594x974,RGBA,,canvas|caseW-high|bboxH-high,"canvas,caseW-high,bboxH-high; PASS_CONTENT from legacy catalog black-background review; human full-resolution review: strong perspective with strap largely outside frame"
CRRF921A700WM-7A,true failure,0.688477,0.896484,0.5,0.500326,1024x1536,RGBA,,caseW-low,caseW-low; PASS_CONTENT from 424-watch black-background review; human full-resolution review: strong perspective with looped mesh bracelet
EAWV-58A-1AV,true failure,0.967051,0.983333,0.499176,0.501667,607x900,RGBA,,canvas|caseW-high|bboxH-high,"canvas,caseW-high,bboxH-high; PASS_CONTENT from legacy catalog black-background review; human full-resolution review: strong perspective with looped strap"
EAWV-58DA-1AV,true failure,0.971808,0.988889,0.498342,0.501111,603x900,RGBA,,canvas|caseW-high|bboxH-high,"canvas,caseW-high,bboxH-high; PASS_CONTENT from legacy catalog black-background review; human full-resolution review: strong perspective with looped bracelet"
EAMTP-1170N-7A,true failure,0.968165,0.984444,0.500936,0.5,534x900,RGBA,,canvas|caseW-high|bboxH-high,"canvas,caseW-high,bboxH-high; PASS_CONTENT from legacy catalog black-background review; human full-resolution review: strong perspective with looped bracelet"
EAMTP-4500D-1AV,true failure,0.971667,0.98,0.500833,0.5,600x900,RGBA,,canvas|caseW-high|bboxH-high,"canvas,caseW-high,bboxH-high; PASS_CONTENT from legacy catalog black-background review; human full-resolution review: strong perspective with bracelet largely outside frame"
EAMTP-1303D-1A,true failure,0.97227,0.982222,0.498267,0.5,577x900,RGBA,,canvas|caseW-high|bboxH-high,"canvas,caseW-high,bboxH-high; PASS_CONTENT from legacy catalog black-background review; human full-resolution review: strong perspective with looped bracelet"
E4971850930778,true failure,0.976642,0.985582,0.5,0.5,685x971,RGBA,,canvas|caseW-high|bboxH-high,"canvas,caseW-high,bboxH-high; PASS_CONTENT from legacy catalog black-background review; human full-resolution review: strong perspective with looped bracelet"
E79767968786,true failure,0.994941,0.996571,0.501686,0.498286,593x875,RGBA,,canvas|caseW-high|bboxH-high,"canvas,caseW-high,bboxH-high; PASS_CONTENT from legacy catalog black-background review; human full-resolution review: strong perspective with looped bracelet"
E4971850906537,true failure,0.97377,1.0,0.5,0.5,610x1024,RGBA,,canvas|caseW-high|bboxH-high,"canvas,caseW-high,bboxH-high; PASS_CONTENT from legacy catalog black-background review; human full-resolution review: full fabric strap and hardware presentation contrary to catalog crop"
EAAE-2000WD-1AV,true failure,0.971564,0.982222,0.50158,0.497778,633x900,RGBA,,canvas|caseW-high|bboxH-high,"canvas,caseW-high,bboxH-high; PASS_CONTENT from legacy catalog black-background review; human full-resolution review: strong perspective with curved strap"
EALTP-1128A-7A,true failure,0.968889,0.985556,0.5,0.499444,450x900,RGBA,,canvas|caseW-high|bboxH-high,"canvas,caseW-high,bboxH-high; PASS_CONTENT from legacy catalog black-background review; human full-resolution review: strong perspective with looped bracelet"
EAAW-80V-5BV,true failure,0.969589,0.983333,0.502683,0.500556,559x900,RGBA,,canvas|caseW-high|bboxH-high,"canvas,caseW-high,bboxH-high; PASS_CONTENT from legacy catalog black-background review; human full-resolution review: strong perspective with full strap and buckle hardware visible"
E4971850906506,true failure,0.984709,0.998972,0.501529,0.499486,654x973,RGBA,,canvas|caseW-high|bboxH-high,"canvas,caseW-high,bboxH-high; PASS_CONTENT from legacy catalog black-background review; human full-resolution review: full fabric strap and buckle presentation contrary to catalog crop"
EADB-36-1AV,true failure,0.962963,0.982222,0.500975,0.502222,513x900,RGBA,,canvas|caseW-high|bboxH-high,"canvas,caseW-high,bboxH-high; PASS_CONTENT from legacy catalog black-background review; human full-resolution review: strong perspective with full curved strap"
EALA-11WL-4A,true failure,0.9642,0.733333,0.502387,0.374444,419x900,RGBA,,canvas|caseW-high|bboxH-low|case-centre-y,"canvas,caseW-high,bboxH-low,case-centre-y; PASS_CONTENT from legacy catalog black-background review; human full-resolution review: incomplete product image with lower strap missing"
EALA-11WB-1,true failure,0.954545,0.986667,0.5,0.5,396x900,RGBA,,canvas|caseW-high|bboxH-high,"canvas,caseW-high,bboxH-high; PASS_CONTENT from legacy catalog black-background review; human full-resolution review: strong perspective with full curved strap"
EAFT-500WC-1BV,true failure,0.969314,0.981111,0.501805,0.499444,554x900,RGBA,,canvas|caseW-high|bboxH-high,"canvas,caseW-high,bboxH-high; PASS_CONTENT from legacy catalog black-background review; human full-resolution review: strong perspective with full curved strap"
EAFT-500WV-3BV,true failure,0.962003,0.981111,0.5,0.499444,579x900,RGBA,,canvas|caseW-high|bboxH-high,"canvas,caseW-high,bboxH-high; PASS_CONTENT from legacy catalog black-background review; human full-resolution review: strong perspective with full curved strap"
EADBC-32-1A,true failure,0.966469,0.98,0.499014,0.498889,507x900,RGBA,,canvas|caseW-high|bboxH-high,"canvas,caseW-high,bboxH-high; PASS_CONTENT from legacy catalog black-background review; human full-resolution review: strong perspective with curved strap"
EAHDA-600B-1BV,true failure,0.973592,0.98,0.50088,0.5,568x900,RGBA,,canvas|caseW-high|bboxH-high,"canvas,caseW-high,bboxH-high; PASS_CONTENT from legacy catalog black-background review; human full-resolution review: strong perspective with curved strap"
EAEF-305-1AV,true failure,0.976027,0.985556,0.501712,0.500556,584x900,RGBA,,canvas|caseW-high|bboxH-high,"canvas,caseW-high,bboxH-high; PASS_CONTENT from legacy catalog black-background review; human full-resolution review: strong perspective with curved strap"
EALRW-200H-1BV,true failure,0.975045,0.984444,0.5,0.5,561x900,RGBA,,canvas|caseW-high|bboxH-high,"canvas,caseW-high,bboxH-high; PASS_CONTENT from legacy catalog black-background review; human full-resolution review: strong perspective with curved strap"
EAA-171WE-1A,true failure,0.967118,0.982222,0.499033,0.5,517x900,RGBA,,canvas|caseW-high|bboxH-high,"canvas,caseW-high,bboxH-high; PASS_CONTENT from legacy catalog black-background review; human full-resolution review: strong perspective with looped bracelet"
EAA-158WEA-9,true failure,0.972056,0.977778,0.5,0.5,501x900,RGBA,,canvas|caseW-high|bboxH-high,"canvas,caseW-high,bboxH-high; PASS_CONTENT from legacy catalog black-background review; human full-resolution review: strong perspective with looped bracelet"
EALF20W-8A,true failure,0.968635,0.992222,0.499077,0.496111,542x900,RGBA,,canvas|caseW-high|bboxH-high,"canvas,caseW-high,bboxH-high; PASS_CONTENT from legacy catalog black-background review; human full-resolution review: strong perspective with full curved strap"
EAA-700WE-1A,true failure,0.989339,0.98,0.50533,0.5,469x900,RGBA,,canvas|caseW-high|bboxH-high,"canvas,caseW-high,bboxH-high; PASS_CONTENT from legacy catalog black-background review; human full-resolution review: strong perspective with looped bracelet"
EAA-178WA-1A,true failure,0.965385,0.99,0.497115,0.495,520x900,RGBA,,canvas|caseW-high|bboxH-high,"canvas,caseW-high,bboxH-high; PASS_CONTENT from legacy catalog black-background review; human full-resolution review: strong perspective with looped bracelet"
EAA-178WGA-1A,true failure,0.96699,0.978889,0.496117,0.499444,515x900,RGBA,,canvas|caseW-high|bboxH-high,"canvas,caseW-high,bboxH-high; PASS_CONTENT from legacy catalog black-background review; human full-resolution review: strong perspective with looped bracelet"
EAA-168WA-1,true failure,0.952562,1.0,0.497154,0.5,527x900,RGBA,,canvas|caseW-high|bboxH-high,"canvas,caseW-high,bboxH-high; PASS_CONTENT from legacy catalog black-background review; human full-resolution review: strong perspective with looped bracelet"
EAA-168WG-9,true failure,0.968224,0.98,0.497196,0.5,535x900,RGBA,,canvas|caseW-high|bboxH-high,"canvas,caseW-high,bboxH-high; PASS_CONTENT from legacy catalog black-background review; human full-resolution review: strong perspective with looped bracelet"
EALRW-200HS-2E,true failure,0.998113,0.997778,0.499057,0.498889,530x900,RGBA,,canvas|caseW-high|bboxH-high,"canvas,caseW-high,bboxH-high; PASS_CONTENT from legacy catalog black-background review; human full-resolution review: strong perspective with looped transparent bracelet"
E4971850965138,true failure,0.955166,0.985944,0.502924,0.498996,513x996,RGBA,,canvas|caseW-high|bboxH-high,"canvas,caseW-high,bboxH-high; PASS_CONTENT from legacy catalog black-background review; human full-resolution review: strong perspective with looped bracelet"
EALWS-2200H-1A,true failure,0.973199,0.982222,0.5,0.498889,597x900,RGBA,,canvas|caseW-high|bboxH-high,"canvas,caseW-high,bboxH-high; PASS_CONTENT from legacy catalog black-background review; human full-resolution review: full curved strap presentation contrary to straight catalog crop"
EAMRW-230H-1E1,true failure,0.972268,0.984444,0.502447,0.501111,613x900,RGBA,,canvas|caseW-high|bboxH-high,"canvas,caseW-high,bboxH-high; PASS_CONTENT from legacy catalog black-background review; human full-resolution review: full curved strap presentation contrary to straight catalog crop"
EAMRW-210HB-5B,true failure,0.977685,0.983333,0.5,0.499444,717x900,RGBA,,canvas|caseW-high|bboxH-high,"canvas,caseW-high,bboxH-high; PASS_CONTENT from legacy catalog black-background review; human full-resolution review: full strap and buckle presentation contrary to catalog crop"
EAWS-2000H-2AV,true failure,0.966555,0.983333,0.498328,0.499444,598x900,RGBA,,canvas|caseW-high|bboxH-high,"canvas,caseW-high,bboxH-high; PASS_CONTENT from legacy catalog black-background review; human full-resolution review: full curved strap presentation contrary to straight catalog crop"
EAMRW-210HB-1B,true failure,0.977839,0.985556,0.5,0.500556,722x900,RGBA,,canvas|caseW-high|bboxH-high,"canvas,caseW-high,bboxH-high; PASS_CONTENT from legacy catalog black-background review; human full-resolution review: full strap and buckle presentation contrary to catalog crop"
EAMRW-200HD-1B,true failure,0.972843,0.986667,0.500799,0.501111,626x900,RGBA,,canvas|caseW-high|bboxH-high,"canvas,caseW-high,bboxH-high; PASS_CONTENT from legacy catalog black-background review; human full-resolution review: strong perspective with looped bracelet"
EAMRW-210H-1A,true failure,0.980609,0.982222,0.5,0.5,722x900,RGBA,,canvas|caseW-high|bboxH-high,"canvas,caseW-high,bboxH-high; PASS_CONTENT from legacy catalog black-background review; human full-resolution review: full curved strap presentation contrary to straight catalog crop"
EALQ-139E-7A,true failure,0.597403,0.988889,0.675325,0.497778,616x900,RGBA,,canvas|caseW-low|bboxH-high|case-centre-x,"canvas,caseW-low,bboxH-high,case-centre-x; PASS_CONTENT from legacy catalog black-background review; human full-resolution review: severe zoom-out with undersized product"
EALQ-139B-1B,true failure,0.424737,0.975556,0.467911,0.497778,857x900,RGBA,,canvas|caseW-low|bboxH-high|case-centre-x,"canvas,caseW-low,bboxH-high,case-centre-x; PASS_CONTENT from legacy catalog black-background review; human full-resolution review: severe zoom-out with undersized product"
EAMRW-200H-1BV,true failure,0.974441,0.982222,0.498403,0.5,626x900,RGBA,,canvas|caseW-high|bboxH-high,"canvas,caseW-high,bboxH-high; PASS_CONTENT from legacy catalog black-background review; human full-resolution review: full curved strap presentation contrary to straight catalog crop"
E889232368535,true failure,0.979452,0.987718,0.5,0.5,584x977,RGBA,,canvas|caseW-high|bboxH-high,"canvas,caseW-high,bboxH-high; PASS_CONTENT from legacy catalog black-background review; human full-resolution review: full strap and buckle presentation contrary to catalog crop"
E889232261072,true failure,0.967153,0.983887,0.499088,0.5,548x993,RGBA,,canvas|caseW-high|bboxH-high,"canvas,caseW-high,bboxH-high; PASS_CONTENT from legacy catalog black-background review; human full-resolution review: strong perspective with looped transparent bracelet"
E79767759384,true failure,0.992424,1.0,0.498485,0.5,660x1200,RGBA,,canvas|caseW-high|bboxH-high,"canvas,caseW-high,bboxH-high; PASS_CONTENT from legacy catalog black-background review; human full-resolution review: strong perspective with looped bracelet"
E79767541255,true failure,0.991111,1.0,0.500741,0.5,675x1144,RGBA,,canvas|caseW-high|bboxH-high,"canvas,caseW-high,bboxH-high; PASS_CONTENT from legacy catalog black-background review; human full-resolution review: strong perspective with looped bracelet"
EAMW-240B-3B,true failure,0.971761,0.982222,0.500831,0.5,602x900,RGBA,,canvas|caseW-high|bboxH-high,"canvas,caseW-high,bboxH-high; PASS_CONTENT from legacy catalog black-background review; human full-resolution review: full strap and buckle presentation contrary to catalog crop"
EAMWD-100HD-1A,true failure,0.995461,0.998889,0.498487,0.499444,661x900,RGBA,,canvas|caseW-high|bboxH-high,"canvas,caseW-high,bboxH-high; PASS_CONTENT from legacy catalog black-background review; human full-resolution review: strong perspective with looped bracelet"
EAMWA-100HD-1A,true failure,0.989521,0.997778,0.502246,0.498889,668x900,RGBA,,canvas|caseW-high|bboxH-high,"canvas,caseW-high,bboxH-high; PASS_CONTENT from legacy catalog black-background review; human full-resolution review: strong perspective with looped bracelet"
EAW-201-1AV,true failure,0.96627,0.984444,0.497024,0.5,504x900,RGBA,,canvas|caseW-high|bboxH-high,"canvas,caseW-high,bboxH-high; PASS_CONTENT from legacy catalog black-background review; human full-resolution review: strong side-facing presentation with curved strap"
EAW-212H-1AV,true failure,0.955595,0.978889,0.5,0.500556,563x900,RGBA,,canvas|caseW-high|bboxH-high,"canvas,caseW-high,bboxH-high; PASS_CONTENT from legacy catalog black-background review; human full-resolution review: strong perspective with curved strap"
EAW-800H-1AV,true failure,0.966192,0.977778,0.501779,0.501111,562x900,RGBA,,canvas|caseW-high|bboxH-high,"canvas,caseW-high,bboxH-high; PASS_CONTENT from legacy catalog black-background review; human full-resolution review: strong perspective with curved strap"
EAW-96H-1BV,true failure,0.971645,0.982222,0.500945,0.502222,529x900,RGBA,,canvas|caseW-high|bboxH-high,"canvas,caseW-high,bboxH-high; PASS_CONTENT from legacy catalog black-background review; human full-resolution review: strong perspective with curved strap"
EAW-218HB-3A,true failure,0.967354,0.981111,0.499141,0.498333,582x900,RGBA,,canvas|caseW-high|bboxH-high,"canvas,caseW-high,bboxH-high; PASS_CONTENT from legacy catalog black-background review; human full-resolution review: full fabric strap presentation contrary to catalog crop"
EAW-219HB-3A,true failure,0.970968,0.98,0.5,0.5,620x900,RGBA,,canvas|caseW-high|bboxH-high,"canvas,caseW-high,bboxH-high; PASS_CONTENT from legacy catalog black-background review; human full-resolution review: full fabric strap presentation contrary to catalog crop"
E889232140810,true failure,0.968254,0.984909,0.499118,0.500503,567x994,RGBA,,canvas|caseW-high|bboxH-high,"canvas,caseW-high,bboxH-high; PASS_CONTENT from legacy catalog black-background review; human full-resolution review: strong side-facing presentation with full looped strap"
E889232382340,true failure,0.976,0.987179,0.5008,0.5,625x936,RGBA,,canvas|caseW-high|bboxH-high,"canvas,caseW-high,bboxH-high; PASS_CONTENT from legacy catalog black-background review; human full-resolution review: strong perspective with looped bracelet"
E79767246402,true failure,0.996904,1.0,0.500774,0.5,646x1200,RGBA,,canvas|caseW-high|bboxH-high,"canvas,caseW-high,bboxH-high; PASS_CONTENT from legacy catalog black-background review; human full-resolution review: strong perspective with looped bracelet"
E889232187587,true failure,0.974312,0.986248,0.499083,0.499018,545x1018,RGBA,,canvas|caseW-high|bboxH-high,"canvas,caseW-high,bboxH-high; PASS_CONTENT from legacy catalog black-background review; human full-resolution review: strong side-facing presentation with full looped strap"
E889232140780,true failure,0.924138,0.985134,0.5,0.501487,580x1009,RGBA,,canvas|caseW-high|bboxH-high,"canvas,caseW-high,bboxH-high; PASS_CONTENT from legacy catalog black-background review; human full-resolution review: strong side-facing presentation with full looped strap"
E4971850798682,true failure,0.962085,1.0,0.515008,0.5,633x1200,RGBA,,canvas|caseW-high|bboxH-high,"canvas,caseW-high,bboxH-high; PASS_CONTENT from legacy catalog black-background review; human full-resolution review: strong perspective with full looped strap"
E79767246280,true failure,0.969811,0.995943,0.499057,0.497972,530x986,RGBA,,canvas|caseW-high|bboxH-high,"canvas,caseW-high,bboxH-high; PASS_CONTENT from legacy catalog black-background review; human full-resolution review: strong side-facing presentation with full looped strap"
